file,district,election_year,content_kind,stage,pages,bytes,sha256,text_bytes,source_url,archive_url,container,archive_member,manual_entry_status,duplicate_of,notes
2023/alipurduar/alipurduar_i_form_a_banchukamari_pdf_734_30kb_2023030222.pdf,Alipurduar,2023,gp_ward,final,1,751932,4785be07ec0033f88e2f9db08b4e3bcffdbe5de4355f8c5fabd58da4e86c1aa6,0,https://cdn.s3waas.gov.in/s33636638817772e42b59d74cff571fbb3/uploads/2023/03/2023030222.pdf,,,,ready_for_manual_review,,
2023/alipurduar/alipurduar_i_form_a_chakowakheti_pdf_682_62kb_2023030251.pdf,Alipurduar,2023,gp_ward,final,1,699004,40249c2301e00c3bd740b20951cff85e9a8b5850e67f7f33fc755cb121c3400d,0,https://cdn.s3waas.gov.in/s33636638817772e42b59d74cff571fbb3/uploads/2023/03/2023030251.pdf,,,,ready_for_manual_review,,
2023/alipurduar/alipurduar_i_form_a_mathura_pdf_622_29kb_2023030228-1.pdf,Alipurduar,2023,gp_ward,final,1,637229,1bba7a82057a49804252e965a73859f243d47c6a2f2f5742a9e860c899e8b580,0,https://cdn.s3waas.gov.in/s33636638817772e42b59d74cff571fbb3/uploads/2023/03/2023030228-1.pdf,,,,ready_for_manual_review,,
2023/alipurduar/alipurduar_i_form_a_parorpar_pdf_700_38kb_2023030299.pdf,Alipurduar,2023,gp_ward,final,1,717194,49230c56833f18b9d70099b718abd70fe2f49a3bad67c7b9772bb20f4ad55eb7,0,https://cdn.s3waas.gov.in/s33636638817772e42b59d74cff571fbb3/uploads/2023/03/2023030299.pdf,,,,ready_for_manual_review,,
2023/alipurduar/alipurduar_i_form_a_patlakhawa_pdf_643_87kb_2023030246.pdf,Alipurduar,2023,gp_ward,final,1,659332,3d02f5e0466a842b67d0f9421c4f083451e51f3ee47cd5eb313d27d32636e680,0,https://cdn.s3waas.gov.in/s33636638817772e42b59d74cff571fbb3/uploads/2023/03/2023030246.pdf,,,,ready_for_manual_review,,
2023/alipurduar/alipurduar_i_form_a_purba_kathalbari_pdf_742_90kb_2023030222-1.pdf,Alipurduar,2023,gp_ward,final,1,760734,9de76dcdf0c21d5e2fdb9d845a0838af5cfdb247e50091c2a527e964f5dd1f4d,0,https://cdn.s3waas.gov.in/s33636638817772e42b59d74cff571fbb3/uploads/2023/03/2023030222-1.pdf,,,,ready_for_manual_review,,
2023/alipurduar/alipurduar_i_form_a_salkumar_i_pdf_700_98kb_2023030273-1.pdf,Alipurduar,2023,gp_ward,final,1,717810,b2582a5dcf1491d6b419acc2aeb4df8ad64c67335b7c3f22d0d8ee86346182a7,0,https://cdn.s3waas.gov.in/s33636638817772e42b59d74cff571fbb3/uploads/2023/03/2023030273-1.pdf,,,,ready_for_manual_review,,
2023/alipurduar/alipurduar_i_form_a_salkumar_ii_pdf_667_04kb_2023030244.pdf,Alipurduar,2023,gp_ward,final,1,683050,28c0cf29205dc1ac6e202ba866984f1959169136871e94427000a72781ef8144,0,https://cdn.s3waas.gov.in/s33636638817772e42b59d74cff571fbb3/uploads/2023/03/2023030244.pdf,,,,ready_for_manual_review,,
2023/alipurduar/alipurduar_i_form_a_tapshikhata_pdf_701_33kb_2023030225.pdf,Alipurduar,2023,gp_ward,final,1,718167,a5bdfae04ed429c37692d638ac22a6b15db3e8279e323dee0bcc7d1f35877177,0,https://cdn.s3waas.gov.in/s33636638817772e42b59d74cff571fbb3/uploads/2023/03/2023030225.pdf,,,,ready_for_manual_review,,
2023/alipurduar/alipurduar_i_form_a_vivekananda_i_pdf_694_70kb_2023030242.pdf,Alipurduar,2023,gp_ward,final,1,711378,bd320388cf435ef3768f806dcc60be3f5853f720cf29fd68188a5828c9862114,0,https://cdn.s3waas.gov.in/s33636638817772e42b59d74cff571fbb3/uploads/2023/03/2023030242.pdf,,,,ready_for_manual_review,,
2023/alipurduar/alipurduar_i_form_a_vivekananda_ii_pdf_753_19_2023030263-1.pdf,Alipurduar,2023,gp_ward,final,1,771270,16bdfe9959fd7b834980dc8697b867d8dee23d09d127f74dbd33b0ee5698920a,0,https://cdn.s3waas.gov.in/s33636638817772e42b59d74cff571fbb3/uploads/2023/03/2023030263-1.pdf,,,,ready_for_manual_review,,
2023/alipurduar/alipurduar_i_form_b_alipurduar_i_ps_pdf_3_28mb_2023030261.pdf,Alipurduar,2023,block_member,final,6,3447980,54d865158720155dd65567b47d979b795380bc285929b4c36d8a22a2ba273d1e,0,https://cdn.s3waas.gov.in/s33636638817772e42b59d74cff571fbb3/uploads/2023/03/2023030261.pdf,,,,ready_for_manual_review,,
2023/alipurduar/alipurduar_ii_form_a_bhatibari_pdf_1_27mb_2023030217.pdf,Alipurduar,2023,gp_ward,final,3,1333230,60caafae458952ec1c8b5752524ac7705f2f0ba7a1f82ed7b4d264b85c558509,0,https://cdn.s3waas.gov.in/s33636638817772e42b59d74cff571fbb3/uploads/2023/03/2023030217.pdf,,,,ready_for_manual_review,,
2023/alipurduar/alipurduar_ii_form_a_chaporerpar_i_pdf_0_98mb_2023030285.pdf,Alipurduar,2023,gp_ward,final,2,1035189,00f2e4ee7d90b6fb3de7f2f2562f402eae055a4eaec5e28dc8f722d7278c7ecb,0,https://cdn.s3waas.gov.in/s33636638817772e42b59d74cff571fbb3/uploads/2023/03/2023030285.pdf,,,,ready_for_manual_review,,
2023/alipurduar/alipurduar_ii_form_a_chaporerpar_ii_pdf_965_15kb_2023030216.pdf,Alipurduar,2023,gp_ward,final,2,988321,3f6e808b771e3a95f318119310c5db9b68e7624110bac4e380117c1d56caef43,0,https://cdn.s3waas.gov.in/s33636638817772e42b59d74cff571fbb3/uploads/2023/03/2023030216.pdf,,,,ready_for_manual_review,,
2023/alipurduar/alipurduar_ii_form_a_kohinoor_pdf_880_15kb_2023030213-1.pdf,Alipurduar,2023,gp_ward,final,2,901278,e048ac2a538548d787687b2930a73b02b9d28397be25bac4df1f67f48e9c1cf3,0,https://cdn.s3waas.gov.in/s33636638817772e42b59d74cff571fbb3/uploads/2023/03/2023030213-1.pdf,,,,ready_for_manual_review,,
2023/alipurduar/alipurduar_ii_form_a_mahakalguri_pdf_1_25mb_2023030241.pdf,Alipurduar,2023,gp_ward,final,3,1312840,030ca654009bebed7e91f42f29aeef4bc8c31b9352235c0a894c7c32f85a46b6,0,https://cdn.s3waas.gov.in/s33636638817772e42b59d74cff571fbb3/uploads/2023/03/2023030241.pdf,,,,ready_for_manual_review,,
2023/alipurduar/alipurduar_ii_form_a_majherdabri_pdf_1_34mb_2023030294.pdf,Alipurduar,2023,gp_ward,final,3,1407538,a4a8377a536464b4399a23e39b8014132e738cd23aed0aee1f845e4d7d4bbdeb,0,https://cdn.s3waas.gov.in/s33636638817772e42b59d74cff571fbb3/uploads/2023/03/2023030294.pdf,,,,ready_for_manual_review,,
2023/alipurduar/alipurduar_ii_form_a_parokata_pdf_1_28mb_2023030226.pdf,Alipurduar,2023,gp_ward,final,3,1349789,19612a217ffa56fff35cb1966a744f8fe1b319a7bcf4acf6d5226e897ba53f06,0,https://cdn.s3waas.gov.in/s33636638817772e42b59d74cff571fbb3/uploads/2023/03/2023030226.pdf,,,,ready_for_manual_review,,
2023/alipurduar/alipurduar_ii_form_a_samuktola_pdf_1_27mb_2023030223.pdf,Alipurduar,2023,gp_ward,final,3,1339912,15d3ab2ac6b3ef1810923d9520fd82bd25035f14dae94c94511d398ac44ac84d,0,https://cdn.s3waas.gov.in/s33636638817772e42b59d74cff571fbb3/uploads/2023/03/2023030223.pdf,,,,ready_for_manual_review,,
2023/alipurduar/alipurduar_ii_form_a_tatpara_i_pdf_950_51kb_2023030247.pdf,Alipurduar,2023,gp_ward,final,2,973329,8274b20419abe1b2d03c2eb3f45693bb541794f1b87b121482718deba3580bfc,0,https://cdn.s3waas.gov.in/s33636638817772e42b59d74cff571fbb3/uploads/2023/03/2023030247.pdf,,,,ready_for_manual_review,,
2023/alipurduar/alipurduar_ii_form_a_tatpara_ii_pdf_967_06kb_2023030262.pdf,Alipurduar,2023,gp_ward,final,2,990277,b579456050b3ab6f672a46ffbde380541590e4aea1c20960a08d7c6a6c33fd6f,0,https://cdn.s3waas.gov.in/s33636638817772e42b59d74cff571fbb3/uploads/2023/03/2023030262.pdf,,,,ready_for_manual_review,,
2023/alipurduar/alipurduar_ii_form_a_turturi_pdf_926_24kb_2023030250.pdf,Alipurduar,2023,gp_ward,final,2,948473,1d0128cf56d16a6ca6528d3ce50291b2f7a6ab0fae60668d452fb2e157e0ab30,0,https://cdn.s3waas.gov.in/s33636638817772e42b59d74cff571fbb3/uploads/2023/03/2023030250.pdf,,,,ready_for_manual_review,,
2023/alipurduar/alipurduar_ii_form_b_alipurduar_ii_ps_pdf_2_16mb_2023030261-1.pdf,Alipurduar,2023,block_member,final,6,2271018,0836ca2fdb6fbb505f04d4b548786bf4ec7f25bb191ee0580cf5aad60f849725,0,https://cdn.s3waas.gov.in/s33636638817772e42b59d74cff571fbb3/uploads/2023/03/2023030261-1.pdf,,,,ready_for_manual_review,,
2023/alipurduar/falakata_form_a_dalgaon_pdf_1_17mb_2023030253.pdf,Alipurduar,2023,gp_ward,final,2,1233112,8f4e20f4444a199a77a07cb6b611a5434a5f2ab85f275d7ccc6e3774520c64ab,0,https://cdn.s3waas.gov.in/s33636638817772e42b59d74cff571fbb3/uploads/2023/03/2023030253.pdf,,,,ready_for_manual_review,,
2023/alipurduar/falakata_form_a_deogaon_pdf_1_75mb_2023030298.pdf,Alipurduar,2023,gp_ward,final,3,1839821,74d5ce8fa43717ba471159de4bc1f49988798b5d44b1afd50693a55c05b8b3e0,0,https://cdn.s3waas.gov.in/s33636638817772e42b59d74cff571fbb3/uploads/2023/03/2023030298.pdf,,,,ready_for_manual_review,,
2023/alipurduar/falakata_form_a_dhanirampur_i_pdf_1_77mb_2023030213-2.pdf,Alipurduar,2023,gp_ward,final,3,1858708,a93e855eb79cd1ab6a35d795f93ea3249a27b4d38c3de39708bbb76bc31cbbdd,0,https://cdn.s3waas.gov.in/s33636638817772e42b59d74cff571fbb3/uploads/2023/03/2023030213-2.pdf,,,,ready_for_manual_review,,
2023/alipurduar/falakata_form_a_dhanirampur_ii_pdf_1_84mb_2023030273-2.pdf,Alipurduar,2023,gp_ward,final,3,1934148,f980a1367b699c4277f3c4209fa339de71a0f79b0702e40d8481b18e09a45a53,0,https://cdn.s3waas.gov.in/s33636638817772e42b59d74cff571fbb3/uploads/2023/03/2023030273-2.pdf,,,,ready_for_manual_review,,
2023/alipurduar/falakata_form_a_falakata_ii_pdf_1_28mb_2023030274.pdf,Alipurduar,2023,gp_ward,final,2,1346710,8dcc73335e435569b65f56586a0ed419a2544257f38bfe493b46a58eebb0f8a8,0,https://cdn.s3waas.gov.in/s33636638817772e42b59d74cff571fbb3/uploads/2023/03/2023030274.pdf,,,,ready_for_manual_review,,
2023/alipurduar/falakata_form_a_guabarnagar_pdf_1_36mb_2023030270.pdf,Alipurduar,2023,gp_ward,final,3,1427510,50a39b80f8ae30211dfdacd368c44176523275dadd89cb89107a7c2824dc2bff,0,https://cdn.s3waas.gov.in/s33636638817772e42b59d74cff571fbb3/uploads/2023/03/2023030270.pdf,,,,ready_for_manual_review,,
2023/alipurduar/falakata_form_a_jateswar_i_pdf_1_29mb_2023030253-1.pdf,Alipurduar,2023,gp_ward,final,2,1356724,8896ae183159a835130e724fc638b90f4a8bcb0707b4282d26413f75564ac005,0,https://cdn.s3waas.gov.in/s33636638817772e42b59d74cff571fbb3/uploads/2023/03/2023030253-1.pdf,,,,ready_for_manual_review,,
2023/alipurduar/falakata_form_a_jateswar_ii_pdf_1_29mb_2023030246-1.pdf,Alipurduar,2023,gp_ward,final,2,1362687,3e4d8a4d9355e35734ed1838c691e187510d7eaaaeb49eb2319958265c2e7567,0,https://cdn.s3waas.gov.in/s33636638817772e42b59d74cff571fbb3/uploads/2023/03/2023030246-1.pdf,,,,ready_for_manual_review,,
2023/alipurduar/falakata_form_a_mairadanga_pdf_1_27mb_2023030229.pdf,Alipurduar,2023,gp_ward,final,3,1967127,3246cc8ca896369667bcbc1b1b3046e237f64245bbf4f1f2c6f0aa7d6f93c5db,0,https://cdn.s3waas.gov.in/s33636638817772e42b59d74cff571fbb3/uploads/2023/03/2023030229.pdf,,,,ready_for_manual_review,,
2023/alipurduar/falakata_form_a_salkumar_pdf_1_83mb_2023030297-1.pdf,Alipurduar,2023,gp_ward,final,3,1925756,2904b66ccbcba7061cbc3078b6ed9970fb139dcaf5d2f50b2857967fb21d01c7,0,https://cdn.s3waas.gov.in/s33636638817772e42b59d74cff571fbb3/uploads/2023/03/2023030297-1.pdf,,,,ready_for_manual_review,,
2023/alipurduar/falakata_form_b_falakata_ps_pdf_3_09mb_2023030275-1.pdf,Alipurduar,2023,block_member,final,5,3248744,ae1aff5c1204cb9edc3282795f61dd1b01d14e201d63a948b6eceaee7c33933f,0,https://cdn.s3waas.gov.in/s33636638817772e42b59d74cff571fbb3/uploads/2023/03/2023030275-1.pdf,,,,ready_for_manual_review,,
2023/alipurduar/final_order_for_reservation_of_office_bearer_icw_zilla_parishad_view_pdf_2_mb_2023030243.pdf,Alipurduar,2023,office_or_zp,final,4,2109508,e832905b97b1a389c628e510abfc927981763be13e1b0864bdcf8a06ded80651,0,https://cdn.s3waas.gov.in/s33636638817772e42b59d74cff571fbb3/uploads/2023/03/2023030243.pdf,,,,ready_for_manual_review,,
2023/alipurduar/form1b_pradhan_view_pdf_914_kb_2023030228.pdf,Alipurduar,2023,gp_head,final,3,935728,4c6f94270d610059c90b650646b82d200067bfdddd9993c3087c2ef5a9e93899,0,https://cdn.s3waas.gov.in/s33636638817772e42b59d74cff571fbb3/uploads/2023/03/2023030228.pdf,,,,ready_for_manual_review,,
2023/alipurduar/form1b_sabhapati_view_pdf_508_kb_2023030213.pdf,Alipurduar,2023,office_or_zp,final,2,520515,d95d88ab6414b9ba10c818165f350d2fb881189c8d2f5a2edd102c1299e8d1e9,0,https://cdn.s3waas.gov.in/s33636638817772e42b59d74cff571fbb3/uploads/2023/03/2023030213.pdf,,,,ready_for_manual_review,,
2023/alipurduar/form1b_sahakari_sabhapati_view_pdf_486_kb_2023030255.pdf,Alipurduar,2023,office_or_zp,final,2,498000,050451281ac4ff997842d0999d42344f99886a323d9f367152028d00ae5f57bb,0,https://cdn.s3waas.gov.in/s33636638817772e42b59d74cff571fbb3/uploads/2023/03/2023030255.pdf,,,,ready_for_manual_review,,
2023/alipurduar/form1b_upa_pradhan_view_pdf_590_kb_2023030278.pdf,Alipurduar,2023,gp_deputy,final,2,604050,bbd210aed7e3b06d6339440eb52b3e638dd76c020bb640c458addef5523f7ae5,0,https://cdn.s3waas.gov.in/s33636638817772e42b59d74cff571fbb3/uploads/2023/03/2023030278.pdf,,,,ready_for_manual_review,,
2023/alipurduar/form_1a_pradhan_view_pdf_1_mb_2023030211.pdf,Alipurduar,2023,gp_head,draft,3,1147282,103f216a2639fd1d114f26e87ed846966ca61d8756623d85fdb86088ea32a5a1,0,https://cdn.s3waas.gov.in/s33636638817772e42b59d74cff571fbb3/uploads/2023/03/2023030211.pdf,,,,ready_for_manual_review,,
2023/alipurduar/form_1a_sabhapati_view_pdf_628_kb_2023030297.pdf,Alipurduar,2023,office_or_zp,draft,2,642650,905fe1f58a347fc95973bcae468d16871f8a04eb116461b63ede602707b3b6ce,0,https://cdn.s3waas.gov.in/s33636638817772e42b59d74cff571fbb3/uploads/2023/03/2023030297.pdf,,,,ready_for_manual_review,,
2023/alipurduar/form_1a_sahakari_sabhapati_view_pdf_611_kb_2023030273.pdf,Alipurduar,2023,office_or_zp,draft,2,625613,535bb0e14f8cc7fc02760873bd41b7a720425bb8c4a325c0ca7a60fefb143c18,0,https://cdn.s3waas.gov.in/s33636638817772e42b59d74cff571fbb3/uploads/2023/03/2023030273.pdf,,,,ready_for_manual_review,,
2023/alipurduar/form_1a_upa_pradhan_view_pdf_737_kb_2023030292.pdf,Alipurduar,2023,gp_deputy,draft,2,754812,c94f363f20effead613bd74ad5c6885fd2b4bd2904641a1740653c2a5880f706,0,https://cdn.s3waas.gov.in/s33636638817772e42b59d74cff571fbb3/uploads/2023/03/2023030292.pdf,,,,ready_for_manual_review,,
2023/alipurduar/kalchini_form_a_chuapara_pdf_1_45mb_2023030298-1.pdf,Alipurduar,2023,gp_ward,final,3,1529658,0daf268b65ee34263ff1c196dadfa98ca9a88a0026daab0b414616c991d4dbac,0,https://cdn.s3waas.gov.in/s33636638817772e42b59d74cff571fbb3/uploads/2023/03/2023030298-1.pdf,,,,ready_for_manual_review,,
2023/alipurduar/kalchini_form_a_dalsingpara_pdf_1_33mb_2023030280.pdf,Alipurduar,2023,gp_ward,final,3,1399234,dd1dcdea236be8b1c453ab02d9909860b0ceed0daa2300c6ca124c5b64ebd2b8,0,https://cdn.s3waas.gov.in/s33636638817772e42b59d74cff571fbb3/uploads/2023/03/2023030280.pdf,,,,ready_for_manual_review,,
2023/alipurduar/kalchini_form_a_garopara_pdf_1_79mb_2023030241-1.pdf,Alipurduar,2023,gp_ward,final,4,1878082,4df1175dced4e5a2e83ae1ec8b572a382b1920596f7e30d12cbb74eba5625da9,0,https://cdn.s3waas.gov.in/s33636638817772e42b59d74cff571fbb3/uploads/2023/03/2023030241-1.pdf,,,,ready_for_manual_review,,
2023/alipurduar/kalchini_form_a_jaigaon_i_pdf_2_21mb_2023030252.pdf,Alipurduar,2023,gp_ward,final,5,2323244,15d86f75088c2147ab7907b26404fff1ea4cb1a81d9c01cf3fac0b842e7760ed,0,https://cdn.s3waas.gov.in/s33636638817772e42b59d74cff571fbb3/uploads/2023/03/2023030252.pdf,,,,ready_for_manual_review,,
2023/alipurduar/kalchini_form_a_jaigaon_ii_pdf_2_39mb_2023030265.pdf,Alipurduar,2023,gp_ward,final,5,2516819,8068b7e2eb37e4c50b9210ee68a804c7bc0f8306978733c5ffd84267da814887,0,https://cdn.s3waas.gov.in/s33636638817772e42b59d74cff571fbb3/uploads/2023/03/2023030265.pdf,,,,ready_for_manual_review,,
2023/alipurduar/kalchini_form_a_kalchini_pdf_2_13mb_2023030254.pdf,Alipurduar,2023,gp_ward,final,5,2244389,75c0906e98e128480178676b039e3e69cdaeefbeaae9c0b104ade02843149d00,0,https://cdn.s3waas.gov.in/s33636638817772e42b59d74cff571fbb3/uploads/2023/03/2023030254.pdf,,,,ready_for_manual_review,,
2023/alipurduar/kalchini_form_a_latabari_pdf_1_70mb_2023030222-2.pdf,Alipurduar,2023,gp_ward,final,4,1788275,ee3ab2fb96c0754e7b993bb7128d6eace6e023242c9a498616d3845260c71cb6,0,https://cdn.s3waas.gov.in/s33636638817772e42b59d74cff571fbb3/uploads/2023/03/2023030222-2.pdf,,,,ready_for_manual_review,,
2023/alipurduar/kalchini_form_a_malangi_pdf_1_82mb_2023030240.pdf,Alipurduar,2023,gp_ward,final,4,1914642,f15b86b8763121f09ff3eb19c764418cc53071373d0504118e2ea9348d878701,0,https://cdn.s3waas.gov.in/s33636638817772e42b59d74cff571fbb3/uploads/2023/03/2023030240.pdf,,,,ready_for_manual_review,,
2023/alipurduar/kalchini_form_a_mendabari_pdf_1_30mb_2023030254-1.pdf,Alipurduar,2023,gp_ward,final,3,1366956,5342cb823021d58a996727ff5b1b6ccfb4e98a390a28804209a79b88f68f44a2,0,https://cdn.s3waas.gov.in/s33636638817772e42b59d74cff571fbb3/uploads/2023/03/2023030254-1.pdf,,,,ready_for_manual_review,,
2023/alipurduar/kalchini_form_a_rajabhatkhawa_pdf_1_34mb_2023030225-1.pdf,Alipurduar,2023,gp_ward,final,3,1410123,4b05c164447ebb093057eb8d9ee384354df330199275d0c5b9fed06ec72cba5e,0,https://cdn.s3waas.gov.in/s33636638817772e42b59d74cff571fbb3/uploads/2023/03/2023030225-1.pdf,,,,ready_for_manual_review,,
2023/alipurduar/kalchini_form_a_satali_pdf_1_41mb_2023030277.pdf,Alipurduar,2023,gp_ward,final,3,1489512,fd5a3b7aa6f793a7ac622c06a71d861a3083e0f77d47a05cfbeb76f611c310e3,0,https://cdn.s3waas.gov.in/s33636638817772e42b59d74cff571fbb3/uploads/2023/03/2023030277.pdf,,,,ready_for_manual_review,,
2023/alipurduar/kalchini_form_b_kalchini_ps_pdf_3_67mb_2023030243-1.pdf,Alipurduar,2023,block_member,final,8,3857853,b108ce3a9346fbc3d16aa246d8a55725c8416769a1a5a9ce736d86c0c5b97048,0,https://cdn.s3waas.gov.in/s33636638817772e42b59d74cff571fbb3/uploads/2023/03/2023030243-1.pdf,,,,ready_for_manual_review,,
2023/alipurduar/kumargram_form_a_chengmari_pdf_1_17mb_2023030237-1.pdf,Alipurduar,2023,gp_ward,final,2,1235219,17aecb25bdaa236dee6f4eda5c363d9e4aa5060dc668b5d2215d0e2490976d7d,0,https://cdn.s3waas.gov.in/s33636638817772e42b59d74cff571fbb3/uploads/2023/03/2023030237-1.pdf,,,,ready_for_manual_review,,
2023/alipurduar/kumargram_form_a_kamakhyaguri_i_pdf_1_17mb_2023030293.pdf,Alipurduar,2023,gp_ward,final,2,1231891,dfe53610dd7b11150305318eb363498dce67acd5f3f5a15906a0bfba83940957,0,https://cdn.s3waas.gov.in/s33636638817772e42b59d74cff571fbb3/uploads/2023/03/2023030293.pdf,,,,ready_for_manual_review,,
2023/alipurduar/kumargram_form_a_kamakhyaguri_ii_pdf_1_23mb_2023030231.pdf,Alipurduar,2023,gp_ward,final,2,1300226,d5c2b5472c7cc94c0484db61a18b0fb2655e011f6c1efd484689d2546b472263,0,https://cdn.s3waas.gov.in/s33636638817772e42b59d74cff571fbb3/uploads/2023/03/2023030231.pdf,,,,ready_for_manual_review,,
2023/alipurduar/kumargram_form_a_khoardanga_i_pdf_1_16mb_2023030241-2.pdf,Alipurduar,2023,gp_ward,final,2,1226565,39b635244b3d836733c8e1970f8c03b5b6aa1b1cbffc3a1883c64344cb8ab3ff,0,https://cdn.s3waas.gov.in/s33636638817772e42b59d74cff571fbb3/uploads/2023/03/2023030241-2.pdf,,,,ready_for_manual_review,,
2023/alipurduar/kumargram_form_a_khoardanga_ii_pdf_1_12mb_2023030272.pdf,Alipurduar,2023,gp_ward,final,2,1178894,50f4cd6eb99e8d002c64a76bc8bc8326eaa7d8b4765c0d2c8b3df2079c655739,0,https://cdn.s3waas.gov.in/s33636638817772e42b59d74cff571fbb3/uploads/2023/03/2023030272.pdf,,,,ready_for_manual_review,,
2023/alipurduar/kumargram_form_a_kumargram_pdf_1_74mb_2023030255-1.pdf,Alipurduar,2023,gp_ward,final,3,1828497,b622b7c5ce924c7918f22123288c6c77085c81ab079d373fbacacd25f18792a2,0,https://cdn.s3waas.gov.in/s33636638817772e42b59d74cff571fbb3/uploads/2023/03/2023030255-1.pdf,,,,ready_for_manual_review,,
2023/alipurduar/kumargram_form_a_nks_gp_pdf_1_68mb_2023030298-2.pdf,Alipurduar,2023,gp_ward,final,3,1767282,cabc59921bf5bb762c9247a211c1361b635bcf79c8ca143957d3bb409d2555eb,0,https://cdn.s3waas.gov.in/s33636638817772e42b59d74cff571fbb3/uploads/2023/03/2023030298-2.pdf,,,,ready_for_manual_review,,
2023/alipurduar/kumargram_form_a_rydak_gp_pdf_1_71mb_2023030280-1.pdf,Alipurduar,2023,gp_ward,final,3,1797294,2db58a87965de29139baa648ac2c01c8910a867e4b5cc05b6304c0c482d04217,0,https://cdn.s3waas.gov.in/s33636638817772e42b59d74cff571fbb3/uploads/2023/03/2023030280-1.pdf,,,,ready_for_manual_review,,
2023/alipurduar/kumargram_form_a_turturikhanda_pdf_1_73mb_2023030234.pdf,Alipurduar,2023,gp_ward,final,3,1821930,6d8b4c5c08e57a8c15c50f79ba89643fe383f21b697ba98b15f5c6afb44d7344,0,https://cdn.s3waas.gov.in/s33636638817772e42b59d74cff571fbb3/uploads/2023/03/2023030234.pdf,,,,ready_for_manual_review,,
2023/alipurduar/kumargram_form_a_volka_barobisha_i_pdf_1_20mb_2023030254-2.pdf,Alipurduar,2023,gp_ward,final,2,1268784,fab63efc73332bec4dbf1e96aa4eba26111e63ec6da28363350a62f86609b19b,0,https://cdn.s3waas.gov.in/s33636638817772e42b59d74cff571fbb3/uploads/2023/03/2023030254-2.pdf,,,,ready_for_manual_review,,
2023/alipurduar/kumargram_form_a_volka_barobisha_ii_pdf_1_15mb_2023030260.pdf,Alipurduar,2023,gp_ward,final,2,1207500,bfb7282d49bdbf8c74fa30d60b7fd2ae5cd904d6cbf5cfda05159ca50562ca65,0,https://cdn.s3waas.gov.in/s33636638817772e42b59d74cff571fbb3/uploads/2023/03/2023030260.pdf,,,,ready_for_manual_review,,
2023/alipurduar/kumargram_form_b_kumargram_ps_pdf_3_35mb_2023030252-1.pdf,Alipurduar,2023,block_member,final,6,3517411,e302cfa47f7583622f52c20ecfd5726d35448d598171ed9820d37aaaebb04139,0,https://cdn.s3waas.gov.in/s33636638817772e42b59d74cff571fbb3/uploads/2023/03/2023030252-1.pdf,,,,ready_for_manual_review,,
2023/alipurduar/madarihat_form_a_bandapani_pdf_1_03mb_2023030288.pdf,Alipurduar,2023,gp_ward,final,2,1087230,6745e79e208790f1574db489ed5ef0912db0adfdee391d559c38638e4baaa17c,0,https://cdn.s3waas.gov.in/s33636638817772e42b59d74cff571fbb3/uploads/2023/03/2023030288.pdf,,,,ready_for_manual_review,,
2023/alipurduar/madarihat_form_a_birpara_i_pdf_1_30mb_2023030235.pdf,Alipurduar,2023,gp_ward,final,3,1371527,c1a01197d5db0a797113eb3bcf486a64f7ede8bf83f42a1973e606897168371f,0,https://cdn.s3waas.gov.in/s33636638817772e42b59d74cff571fbb3/uploads/2023/03/2023030235.pdf,,,,ready_for_manual_review,,
2023/alipurduar/madarihat_form_a_birpara_ii_pdf_1_02mb_2023030255-2.pdf,Alipurduar,2023,gp_ward,final,2,1075038,5092b4f06881279fabd0c56aa7b5aded1333d8ef50c73091db951bfd9b516db6,0,https://cdn.s3waas.gov.in/s33636638817772e42b59d74cff571fbb3/uploads/2023/03/2023030255-2.pdf,,,,ready_for_manual_review,,
2023/alipurduar/madarihat_form_a_hantapara_pdf_930_23kb_2023030275-2.pdf,Alipurduar,2023,gp_ward,final,2,952563,197258879b537251f8e291fb4a0406861a2674e9b2fbd5853f3d50477d454a9a,0,https://cdn.s3waas.gov.in/s33636638817772e42b59d74cff571fbb3/uploads/2023/03/2023030275-2.pdf,,,,ready_for_manual_review,,
2023/alipurduar/madarihat_form_a_khairbari_pdf_1_03mb_2023030264.pdf,Alipurduar,2023,gp_ward,final,2,1085499,bfbdfd4cd2ea6e2faf50c3e8a2284299b2d0b856dbee5e6ce72d06d5edf05841,0,https://cdn.s3waas.gov.in/s33636638817772e42b59d74cff571fbb3/uploads/2023/03/2023030264.pdf,,,,ready_for_manual_review,,
2023/alipurduar/madarihat_form_a_lankapara_pdf_846_86kb_2023030289.pdf,Alipurduar,2023,gp_ward,final,2,867194,903a706c3136fcb57a21618ae5289da9349d002da6e235089f272495f0225ed5,0,https://cdn.s3waas.gov.in/s33636638817772e42b59d74cff571fbb3/uploads/2023/03/2023030289.pdf,,,,ready_for_manual_review,,
2023/alipurduar/madarihat_form_a_madarihat_pdf_854_76kb_2023030275-3.pdf,Alipurduar,2023,gp_ward,final,2,875280,dddc11fa0983c7ff430d2444b6dbc4260704d0b6d512b0f2052605f2df8c9718,0,https://cdn.s3waas.gov.in/s33636638817772e42b59d74cff571fbb3/uploads/2023/03/2023030275-3.pdf,,,,ready_for_manual_review,,
2023/alipurduar/madarihat_form_a_rangalibazna_pdf_875_46kb_2023030236.pdf,Alipurduar,2023,gp_ward,final,2,896477,b486b859f4651038bd63ff7de073e2a8088705a6384d165aaf5d438c8b1526fb,0,https://cdn.s3waas.gov.in/s33636638817772e42b59d74cff571fbb3/uploads/2023/03/2023030236.pdf,,,,ready_for_manual_review,,
2023/alipurduar/madarihat_form_a_sishujhumra_pdf_1_58mb_2023030282-1.pdf,Alipurduar,2023,gp_ward,final,3,1666193,c11b669df482fcf05b374e3ca044c8bbac4b0579ba79c8481bf242cee2fe947f,0,https://cdn.s3waas.gov.in/s33636638817772e42b59d74cff571fbb3/uploads/2023/03/2023030282-1.pdf,,,,ready_for_manual_review,,
2023/alipurduar/madarihat_form_a_totopara_ballalguri_pdf_477_56kb_2023030259.pdf,Alipurduar,2023,gp_ward,final,1,489023,6541c2a69b739fc48ed23998537e711d0faa0da504f59904ff79d2f7c7580e54,0,https://cdn.s3waas.gov.in/s33636638817772e42b59d74cff571fbb3/uploads/2023/03/2023030259.pdf,,,,ready_for_manual_review,,
2023/alipurduar/madarihat_form_b_madarihat_birpara_ps_pdf_1_58mb_2023030267.pdf,Alipurduar,2023,block_member,final,3,1663227,5b5657be1a61683f784ac72aba2957d36f174201879ecd5d913f8e23bd23b1be,0,https://cdn.s3waas.gov.in/s33636638817772e42b59d74cff571fbb3/uploads/2023/03/2023030267.pdf,,,,ready_for_manual_review,,
2023/alipurduar/office_landing.html,,,landing_page,unclassified,,123477,247619df86fa8868d97408d0c14d9842db87067b6c25ea9d540f8ec6dcd0b0ad,,https://alipurduar.gov.in/information-window-pge-2023-2/,,,,reference_only,,
2023/alipurduar/publication_of_draft_order_showing_the_delimitation_of_constituencies_and_reservation_of_seats_for_the_alipurd_2023022874.pdf,Alipurduar,2023,office_or_zp,draft,3,962877,cce318186a4ceb534c0eb6df9088f81f488776bb93ebd2fce3f68e52dd178004,0,https://cdn.s3waas.gov.in/s33636638817772e42b59d74cff571fbb3/uploads/2023/02/2023022874.pdf,,,,ready_for_manual_review,,
2023/alipurduar/publication_of_final_order_showing_the_delimitation_of_constituencies_and_reservation_of_seats_for_the_zilla_p_2023030137.pdf,Alipurduar,2023,office_or_zp,final,3,483611,7575b42aaab72a3b77784e6df30ef45d81d68db188a196449fce3a4f0892258f,4417,https://cdn.s3waas.gov.in/s33636638817772e42b59d74cff571fbb3/uploads/2023/03/2023030137.pdf,,,,ready_for_manual_review,,
2023/alipurduar/ward_landing.html,,,landing_page,unclassified,,131004,d4b303bd3594221e3f3ab09a0be256f93eb5af17c9b73c04e55ce2f275f9e7ea,,https://alipurduar.gov.in/information-window-pge-2023-form-a-form-b/,,,,reference_only,,
2023/alipurduar/west_bengal_stat_election_commission_draft_order_for_reservation_of_office_bearer_icw_zilla_parishad_2023_view_2023030237.pdf,Alipurduar,2023,office_or_zp,draft,2,606228,e6e6140ef80b5998ce7dc02385ef014f3ddeb67ce154133f62ff060dd94b609d,0,https://cdn.s3waas.gov.in/s33636638817772e42b59d74cff571fbb3/uploads/2023/03/2023030237.pdf,,,,ready_for_manual_review,,
2023/cooch_behar/extracted/CBR FINAL ORDER  FORM A1 B1/Cooch Behar-I/ZP FINAL ORDER.pdf,Cooch Behar,2023,gp_ward_ps_zp_orders,final,4,489041,d315f43a4878095e7e8da11c56ad894cc4ef123ba6d4382cf874443335d46d94,6143,https://drive.google.com/file/d/1Q3YxcYKOnbFIoqI4RfEWFgse1M8rJ3NF/view,,2023/cooch_behar/final_form_a1_b1.rar,CBR FINAL ORDER  FORM A1 B1/Cooch Behar-I/ZP FINAL ORDER.pdf,ready_for_manual_review,,
2023/cooch_behar/extracted/CBR FINAL ORDER  FORM A1 B1/Cooch Behar-I/form B1@Ps Coochbehar l.pdf,Cooch Behar,2023,gp_ward_ps_zp_orders,final,6,4973489,c780887dc2a7aa4c70511a93dd0581d5a1c77790ba71507c8a37748bbfa221c4,0,https://drive.google.com/file/d/1Q3YxcYKOnbFIoqI4RfEWFgse1M8rJ3NF/view,,2023/cooch_behar/final_form_a1_b1.rar,CBR FINAL ORDER  FORM A1 B1/Cooch Behar-I/form B1@Ps Coochbehar l.pdf,ready_for_manual_review,,
2023/cooch_behar/extracted/CBR FINAL ORDER  FORM A1 B1/Cooch Behar-I/formA1Gp All Gp Coochbehar l_compressed.pdf,Cooch Behar,2023,gp_ward_ps_zp_orders,final,45,10271971,bbb2f6385e040fd5b065d89ff2f67287e8b25dd7e3bbbc76afb950f8f1cabd10,0,https://drive.google.com/file/d/1Q3YxcYKOnbFIoqI4RfEWFgse1M8rJ3NF/view,,2023/cooch_behar/final_form_a1_b1.rar,CBR FINAL ORDER  FORM A1 B1/Cooch Behar-I/formA1Gp All Gp Coochbehar l_compressed.pdf,ready_for_manual_review,,
2023/cooch_behar/extracted/CBR FINAL ORDER  FORM A1 B1/Cooch Behar-II/Form A1@Gp Madhupur Coochbehar ll.pdf,Cooch Behar,2023,gp_ward_ps_zp_orders,final,2,1597963,c8774804ce86446c12b4e267eaa3922a519ac69ba9281d4e9f79bea7a7c8a7f8,0,https://drive.google.com/file/d/1Q3YxcYKOnbFIoqI4RfEWFgse1M8rJ3NF/view,,2023/cooch_behar/final_form_a1_b1.rar,CBR FINAL ORDER  FORM A1 B1/Cooch Behar-II/Form A1@Gp Madhupur Coochbehar ll.pdf,ready_for_manual_review,,
2023/cooch_behar/extracted/CBR FINAL ORDER  FORM A1 B1/Cooch Behar-II/ZP FINAL ORDER.pdf,Cooch Behar,2023,gp_ward_ps_zp_orders,final,4,489041,d315f43a4878095e7e8da11c56ad894cc4ef123ba6d4382cf874443335d46d94,6143,https://drive.google.com/file/d/1Q3YxcYKOnbFIoqI4RfEWFgse1M8rJ3NF/view,,2023/cooch_behar/final_form_a1_b1.rar,CBR FINAL ORDER  FORM A1 B1/Cooch Behar-II/ZP FINAL ORDER.pdf,ready_for_manual_review,2023/cooch_behar/extracted/CBR FINAL ORDER  FORM A1 B1/Cooch Behar-I/ZP FINAL ORDER.pdf,
2023/cooch_behar/extracted/CBR FINAL ORDER  FORM A1 B1/Cooch Behar-II/form A1@ Gp Marichbari kholta coochbehar ll.pdf,Cooch Behar,2023,gp_ward_ps_zp_orders,final,3,2363484,71f6b30c52f343e654346e7cd50717090baed990678cecc3388df4bbb0b69b48,0,https://drive.google.com/file/d/1Q3YxcYKOnbFIoqI4RfEWFgse1M8rJ3NF/view,,2023/cooch_behar/final_form_a1_b1.rar,CBR FINAL ORDER  FORM A1 B1/Cooch Behar-II/form A1@ Gp Marichbari kholta coochbehar ll.pdf,ready_for_manual_review,,
2023/cooch_behar/extracted/CBR FINAL ORDER  FORM A1 B1/Cooch Behar-II/form A1@ Gp Pundibari coochbehar ll.pdf,Cooch Behar,2023,gp_ward_ps_zp_orders,final,3,2174866,5747f2d0371f453e483f926502bfa0fde6b0ca3e0f4eac070858dc8976a8e623,0,https://drive.google.com/file/d/1Q3YxcYKOnbFIoqI4RfEWFgse1M8rJ3NF/view,,2023/cooch_behar/final_form_a1_b1.rar,CBR FINAL ORDER  FORM A1 B1/Cooch Behar-II/form A1@ Gp Pundibari coochbehar ll.pdf,ready_for_manual_review,,
2023/cooch_behar/extracted/CBR FINAL ORDER  FORM A1 B1/Cooch Behar-II/form A1@Gp Ambari coochbehar ll.pdf,Cooch Behar,2023,gp_ward_ps_zp_orders,final,2,1713977,288d12820c07925c4b4f6d6552ee64d217c8da7bf5fa92bee66d2a0b5dae2088,0,https://drive.google.com/file/d/1Q3YxcYKOnbFIoqI4RfEWFgse1M8rJ3NF/view,,2023/cooch_behar/final_form_a1_b1.rar,CBR FINAL ORDER  FORM A1 B1/Cooch Behar-II/form A1@Gp Ambari coochbehar ll.pdf,ready_for_manual_review,,
2023/cooch_behar/extracted/CBR FINAL ORDER  FORM A1 B1/Cooch Behar-II/form A1@Gp Baneswar coochbehar ll.pdf,Cooch Behar,2023,gp_ward_ps_zp_orders,final,2,1510489,f9632b7065e0bd5faa380976335ffeaecf216bd6ab765d02f137979e507565c1,0,https://drive.google.com/file/d/1Q3YxcYKOnbFIoqI4RfEWFgse1M8rJ3NF/view,,2023/cooch_behar/final_form_a1_b1.rar,CBR FINAL ORDER  FORM A1 B1/Cooch Behar-II/form A1@Gp Baneswar coochbehar ll.pdf,ready_for_manual_review,,
2023/cooch_behar/extracted/CBR FINAL ORDER  FORM A1 B1/Cooch Behar-II/form A1@Gp Dhandhinggri coochbehar ll.pdf,Cooch Behar,2023,gp_ward_ps_zp_orders,final,2,1489664,98b9e16643c33ede98ee27dd82bbc4a49749fa41af0d5873f43d4309ca7dfdee,0,https://drive.google.com/file/d/1Q3YxcYKOnbFIoqI4RfEWFgse1M8rJ3NF/view,,2023/cooch_behar/final_form_a1_b1.rar,CBR FINAL ORDER  FORM A1 B1/Cooch Behar-II/form A1@Gp Dhandhinggri coochbehar ll.pdf,ready_for_manual_review,,
2023/cooch_behar/extracted/CBR FINAL ORDER  FORM A1 B1/Cooch Behar-II/form A1@Gp Khagrabari coochbehar ll.pdf,Cooch Behar,2023,gp_ward_ps_zp_orders,final,3,2294107,e33e66de6b672a6bf9d63da1e0ec3ee14070820cc2d29c5c56a0c1026259ed6d,0,https://drive.google.com/file/d/1Q3YxcYKOnbFIoqI4RfEWFgse1M8rJ3NF/view,,2023/cooch_behar/final_form_a1_b1.rar,CBR FINAL ORDER  FORM A1 B1/Cooch Behar-II/form A1@Gp Khagrabari coochbehar ll.pdf,ready_for_manual_review,,
2023/cooch_behar/extracted/CBR FINAL ORDER  FORM A1 B1/Cooch Behar-II/form A1@Gp Takagach Rajarhat coochbehar Ii.pdf,Cooch Behar,2023,gp_ward_ps_zp_orders,final,3,1807759,43fc238b10d7bcbd97b9d17b08321fdb6d5c76b7783ae3c076c46652d0d53e89,0,https://drive.google.com/file/d/1Q3YxcYKOnbFIoqI4RfEWFgse1M8rJ3NF/view,,2023/cooch_behar/final_form_a1_b1.rar,CBR FINAL ORDER  FORM A1 B1/Cooch Behar-II/form A1@Gp Takagach Rajarhat coochbehar Ii.pdf,ready_for_manual_review,,
2023/cooch_behar/extracted/CBR FINAL ORDER  FORM A1 B1/Cooch Behar-II/form A1@Gp chakchaka Coochbehar ll.pdf,Cooch Behar,2023,gp_ward_ps_zp_orders,final,3,2120011,287e6e0a26f2b46c14a56d099f22eb51f5c1fbfe58aca3c02ce26fde2e887a56,0,https://drive.google.com/file/d/1Q3YxcYKOnbFIoqI4RfEWFgse1M8rJ3NF/view,,2023/cooch_behar/final_form_a1_b1.rar,CBR FINAL ORDER  FORM A1 B1/Cooch Behar-II/form A1@Gp chakchaka Coochbehar ll.pdf,ready_for_manual_review,,
2023/cooch_behar/extracted/CBR FINAL ORDER  FORM A1 B1/Cooch Behar-II/form A1@Gp khapaidanga Coochbehar ll.pdf,Cooch Behar,2023,gp_ward_ps_zp_orders,final,2,1343775,9f5bfaed3eb6ee5389ed2d394af1ca233932efe530f7d3c0fae6cbbf5ef1f913,0,https://drive.google.com/file/d/1Q3YxcYKOnbFIoqI4RfEWFgse1M8rJ3NF/view,,2023/cooch_behar/final_form_a1_b1.rar,CBR FINAL ORDER  FORM A1 B1/Cooch Behar-II/form A1@Gp khapaidanga Coochbehar ll.pdf,ready_for_manual_review,,
2023/cooch_behar/extracted/CBR FINAL ORDER  FORM A1 B1/Cooch Behar-II/form A1@GpPatlakhawa coochbehar ll.pdf,Cooch Behar,2023,gp_ward_ps_zp_orders,final,3,2244519,fbc7e5d86cf51a6f874ab0a05f5703a22cd572defa1587721e94b2c26fce8491,0,https://drive.google.com/file/d/1Q3YxcYKOnbFIoqI4RfEWFgse1M8rJ3NF/view,,2023/cooch_behar/final_form_a1_b1.rar,CBR FINAL ORDER  FORM A1 B1/Cooch Behar-II/form A1@GpPatlakhawa coochbehar ll.pdf,ready_for_manual_review,,
2023/cooch_behar/extracted/CBR FINAL ORDER  FORM A1 B1/Cooch Behar-II/form B1@Ps cooch Behar ll.pdf,Cooch Behar,2023,gp_ward_ps_zp_orders,final,4,2774477,a3d3aa18b2554ebd0fb44f3d7f8e83a52d9291bb4a978e685d5148c992a33a71,0,https://drive.google.com/file/d/1Q3YxcYKOnbFIoqI4RfEWFgse1M8rJ3NF/view,,2023/cooch_behar/final_form_a1_b1.rar,CBR FINAL ORDER  FORM A1 B1/Cooch Behar-II/form B1@Ps cooch Behar ll.pdf,ready_for_manual_review,,
2023/cooch_behar/extracted/CBR FINAL ORDER  FORM A1 B1/Cooch Behar-II/formA1@Gp Bararangrash Coochbehar ll.pdf,Cooch Behar,2023,gp_ward_ps_zp_orders,final,2,1620763,56f75e5bec401d192e279d68229742f5446dbcd044d43277ecf4ce256c5120cc,0,https://drive.google.com/file/d/1Q3YxcYKOnbFIoqI4RfEWFgse1M8rJ3NF/view,,2023/cooch_behar/final_form_a1_b1.rar,CBR FINAL ORDER  FORM A1 B1/Cooch Behar-II/formA1@Gp Bararangrash Coochbehar ll.pdf,ready_for_manual_review,,
2023/cooch_behar/extracted/CBR FINAL ORDER  FORM A1 B1/Cooch Behar-II/formA1@Gp Gopalpur coochbehar ll.pdf,Cooch Behar,2023,gp_ward_ps_zp_orders,final,2,1781754,2ff1e82e77bed405bf9fee798377cbe68efb9de41fb972171b826d37cc37c861,0,https://drive.google.com/file/d/1Q3YxcYKOnbFIoqI4RfEWFgse1M8rJ3NF/view,,2023/cooch_behar/final_form_a1_b1.rar,CBR FINAL ORDER  FORM A1 B1/Cooch Behar-II/formA1@Gp Gopalpur coochbehar ll.pdf,ready_for_manual_review,,
2023/cooch_behar/extracted/CBR FINAL ORDER  FORM A1 B1/Dinhat 1 from A&B/ZP FINAL ORDER.pdf,Cooch Behar,2023,gp_ward_ps_zp_orders,final,4,489041,d315f43a4878095e7e8da11c56ad894cc4ef123ba6d4382cf874443335d46d94,6143,https://drive.google.com/file/d/1Q3YxcYKOnbFIoqI4RfEWFgse1M8rJ3NF/view,,2023/cooch_behar/final_form_a1_b1.rar,CBR FINAL ORDER  FORM A1 B1/Dinhat 1 from A&B/ZP FINAL ORDER.pdf,ready_for_manual_review,2023/cooch_behar/extracted/CBR FINAL ORDER  FORM A1 B1/Cooch Behar-I/ZP FINAL ORDER.pdf,
2023/cooch_behar/extracted/CBR FINAL ORDER  FORM A1 B1/Dinhat 1 from A&B/from_A_BaraAtiyabari 2_DIN1.pdf,Cooch Behar,2023,gp_ward_ps_zp_orders,final,2,364370,baac9f930badd4fb27cffe76b83096f32d87333fa36884f6559a24172d271835,0,https://drive.google.com/file/d/1Q3YxcYKOnbFIoqI4RfEWFgse1M8rJ3NF/view,,2023/cooch_behar/final_form_a1_b1.rar,CBR FINAL ORDER  FORM A1 B1/Dinhat 1 from A&B/from_A_BaraAtiyabari 2_DIN1.pdf,ready_for_manual_review,,
2023/cooch_behar/extracted/CBR FINAL ORDER  FORM A1 B1/Dinhat 1 from A&B/from_A_BaraSulmari_DIN1.pdf,Cooch Behar,2023,gp_ward_ps_zp_orders,final,3,481155,2db0117062f2104f1f112cd49bc690b6efb5f1afdc6e0cf5093e39e8d3e3ad2a,0,https://drive.google.com/file/d/1Q3YxcYKOnbFIoqI4RfEWFgse1M8rJ3NF/view,,2023/cooch_behar/final_form_a1_b1.rar,CBR FINAL ORDER  FORM A1 B1/Dinhat 1 from A&B/from_A_BaraSulmari_DIN1.pdf,ready_for_manual_review,,
2023/cooch_behar/extracted/CBR FINAL ORDER  FORM A1 B1/Dinhat 1 from A&B/from_A_Baraatiyabari 1_DIN1.pdf,Cooch Behar,2023,gp_ward_ps_zp_orders,final,2,347491,a5017d59c44afa91c18eae9554bd3f9e0b2dfb3628a8a031fbbdcec784398ea9,0,https://drive.google.com/file/d/1Q3YxcYKOnbFIoqI4RfEWFgse1M8rJ3NF/view,,2023/cooch_behar/final_form_a1_b1.rar,CBR FINAL ORDER  FORM A1 B1/Dinhat 1 from A&B/from_A_Baraatiyabari 1_DIN1.pdf,ready_for_manual_review,,
2023/cooch_behar/extracted/CBR FINAL ORDER  FORM A1 B1/Dinhat 1 from A&B/from_A_Bhetaguri 1_DIN1.pdf,Cooch Behar,2023,gp_ward_ps_zp_orders,final,2,333494,3c9feb67b080aefb89445ed599825340df43e1522fbb169518c953222ce45997,0,https://drive.google.com/file/d/1Q3YxcYKOnbFIoqI4RfEWFgse1M8rJ3NF/view,,2023/cooch_behar/final_form_a1_b1.rar,CBR FINAL ORDER  FORM A1 B1/Dinhat 1 from A&B/from_A_Bhetaguri 1_DIN1.pdf,ready_for_manual_review,,
2023/cooch_behar/extracted/CBR FINAL ORDER  FORM A1 B1/Dinhat 1 from A&B/from_A_Bhetaguri 2_DIN1.pdf,Cooch Behar,2023,gp_ward_ps_zp_orders,final,3,456648,cacef2c26afdf7e04828b53a6e6de7b81237aef861a9cd07624fd5477c1f1771,0,https://drive.google.com/file/d/1Q3YxcYKOnbFIoqI4RfEWFgse1M8rJ3NF/view,,2023/cooch_behar/final_form_a1_b1.rar,CBR FINAL ORDER  FORM A1 B1/Dinhat 1 from A&B/from_A_Bhetaguri 2_DIN1.pdf,ready_for_manual_review,,
2023/cooch_behar/extracted/CBR FINAL ORDER  FORM A1 B1/Dinhat 1 from A&B/from_A_DinVIllage 2_DIN1.pdf,Cooch Behar,2023,gp_ward_ps_zp_orders,final,3,459350,0a20bec77d8a78ef74e3d0f0a189f74e494088706857a79d03b4e3495822b343,0,https://drive.google.com/file/d/1Q3YxcYKOnbFIoqI4RfEWFgse1M8rJ3NF/view,,2023/cooch_behar/final_form_a1_b1.rar,CBR FINAL ORDER  FORM A1 B1/Dinhat 1 from A&B/from_A_DinVIllage 2_DIN1.pdf,ready_for_manual_review,,
2023/cooch_behar/extracted/CBR FINAL ORDER  FORM A1 B1/Dinhat 1 from A&B/from_A_DinVillage 1_DIN1.pdf,Cooch Behar,2023,gp_ward_ps_zp_orders,final,2,321650,17069a64148606fec7b28fa2ba9137412ce88ea0da95d71324b7e08fcf7e5739,0,https://drive.google.com/file/d/1Q3YxcYKOnbFIoqI4RfEWFgse1M8rJ3NF/view,,2023/cooch_behar/final_form_a1_b1.rar,CBR FINAL ORDER  FORM A1 B1/Dinhat 1 from A&B/from_A_DinVillage 1_DIN1.pdf,ready_for_manual_review,,
2023/cooch_behar/extracted/CBR FINAL ORDER  FORM A1 B1/Dinhat 1 from A&B/from_A_Gitaldaha 1_DIN1.pdf,Cooch Behar,2023,gp_ward_ps_zp_orders,final,2,335257,a7ac9a637308d02d1377771764c7365089ac69996262541b60e6bc47b2bfb7ee,0,https://drive.google.com/file/d/1Q3YxcYKOnbFIoqI4RfEWFgse1M8rJ3NF/view,,2023/cooch_behar/final_form_a1_b1.rar,CBR FINAL ORDER  FORM A1 B1/Dinhat 1 from A&B/from_A_Gitaldaha 1_DIN1.pdf,ready_for_manual_review,,
2023/cooch_behar/extracted/CBR FINAL ORDER  FORM A1 B1/Dinhat 1 from A&B/from_A_Gitaldaha 2_DIN1.pdf,Cooch Behar,2023,gp_ward_ps_zp_orders,final,2,320556,fbbc5277a8a4e8207862abfca77859302ab4cd2c089aeb5e79b90067df053b85,0,https://drive.google.com/file/d/1Q3YxcYKOnbFIoqI4RfEWFgse1M8rJ3NF/view,,2023/cooch_behar/final_form_a1_b1.rar,CBR FINAL ORDER  FORM A1 B1/Dinhat 1 from A&B/from_A_Gitaldaha 2_DIN1.pdf,ready_for_manual_review,,
2023/cooch_behar/extracted/CBR FINAL ORDER  FORM A1 B1/Dinhat 1 from A&B/from_A_Gosanimari1_DIN1.pdf,Cooch Behar,2023,gp_ward_ps_zp_orders,final,3,473289,4786eac796acaa1c3faa9ef570c3219d1364a9699fa8c3a2a0374fb35022615e,0,https://drive.google.com/file/d/1Q3YxcYKOnbFIoqI4RfEWFgse1M8rJ3NF/view,,2023/cooch_behar/final_form_a1_b1.rar,CBR FINAL ORDER  FORM A1 B1/Dinhat 1 from A&B/from_A_Gosanimari1_DIN1.pdf,ready_for_manual_review,,
2023/cooch_behar/extracted/CBR FINAL ORDER  FORM A1 B1/Dinhat 1 from A&B/from_A_Gosanimari2_DIN1.pdf,Cooch Behar,2023,gp_ward_ps_zp_orders,final,2,362887,3349d62059d515e5822539198ebec7d1da985d3831b5145b55b05e9afdc89895,0,https://drive.google.com/file/d/1Q3YxcYKOnbFIoqI4RfEWFgse1M8rJ3NF/view,,2023/cooch_behar/final_form_a1_b1.rar,CBR FINAL ORDER  FORM A1 B1/Dinhat 1 from A&B/from_A_Gosanimari2_DIN1.pdf,ready_for_manual_review,,
2023/cooch_behar/extracted/CBR FINAL ORDER  FORM A1 B1/Dinhat 1 from A&B/from_A_Matalhat_DIN1.pdf,Cooch Behar,2023,gp_ward_ps_zp_orders,final,3,509533,3d49fda69ef5d97bc32e8ea34b5fcd5da8f8038f17a0da8106d8b2c24f07414b,0,https://drive.google.com/file/d/1Q3YxcYKOnbFIoqI4RfEWFgse1M8rJ3NF/view,,2023/cooch_behar/final_form_a1_b1.rar,CBR FINAL ORDER  FORM A1 B1/Dinhat 1 from A&B/from_A_Matalhat_DIN1.pdf,ready_for_manual_review,,
2023/cooch_behar/extracted/CBR FINAL ORDER  FORM A1 B1/Dinhat 1 from A&B/from_A_Okrabari_DIN1.pdf,Cooch Behar,2023,gp_ward_ps_zp_orders,final,3,526493,09967ce7fce48f02d715213388f65af243d221f3e4f828674d742a24943babbf,0,https://drive.google.com/file/d/1Q3YxcYKOnbFIoqI4RfEWFgse1M8rJ3NF/view,,2023/cooch_behar/final_form_a1_b1.rar,CBR FINAL ORDER  FORM A1 B1/Dinhat 1 from A&B/from_A_Okrabari_DIN1.pdf,ready_for_manual_review,,
2023/cooch_behar/extracted/CBR FINAL ORDER  FORM A1 B1/Dinhat 1 from A&B/from_A_Petla_DIN1.pdf,Cooch Behar,2023,gp_ward_ps_zp_orders,final,3,497404,b5d30f2f4056cfcf40d2bf23be4a10ebb8ceb5ab5eab4db2c8286948cca8bd9f,0,https://drive.google.com/file/d/1Q3YxcYKOnbFIoqI4RfEWFgse1M8rJ3NF/view,,2023/cooch_behar/final_form_a1_b1.rar,CBR FINAL ORDER  FORM A1 B1/Dinhat 1 from A&B/from_A_Petla_DIN1.pdf,ready_for_manual_review,,
2023/cooch_behar/extracted/CBR FINAL ORDER  FORM A1 B1/Dinhat 1 from A&B/from_A_Putimari 1_DIN1.pdf,Cooch Behar,2023,gp_ward_ps_zp_orders,final,3,470224,f0e312cade5a60abbddbcbc4605dcc91706221a1f77c0a55a4d51088fbd32d6c,0,https://drive.google.com/file/d/1Q3YxcYKOnbFIoqI4RfEWFgse1M8rJ3NF/view,,2023/cooch_behar/final_form_a1_b1.rar,CBR FINAL ORDER  FORM A1 B1/Dinhat 1 from A&B/from_A_Putimari 1_DIN1.pdf,ready_for_manual_review,,
2023/cooch_behar/extracted/CBR FINAL ORDER  FORM A1 B1/Dinhat 1 from A&B/from_A_Putimari 2_DIN1.pdf,Cooch Behar,2023,gp_ward_ps_zp_orders,final,2,308527,b5c3266d5447dc495d35fc272d4cefb6e54d6e2d1a6ec289793733d3aad23555,0,https://drive.google.com/file/d/1Q3YxcYKOnbFIoqI4RfEWFgse1M8rJ3NF/view,,2023/cooch_behar/final_form_a1_b1.rar,CBR FINAL ORDER  FORM A1 B1/Dinhat 1 from A&B/from_A_Putimari 2_DIN1.pdf,ready_for_manual_review,,
2023/cooch_behar/extracted/CBR FINAL ORDER  FORM A1 B1/Dinhat 1 from A&B/from_B_Dinhata1_Block.pdf,Cooch Behar,2023,gp_ward_ps_zp_orders,final,6,1144533,802a36beb68957a4a47c741943fc1540dddde42a82b20fc826e055db40747372,0,https://drive.google.com/file/d/1Q3YxcYKOnbFIoqI4RfEWFgse1M8rJ3NF/view,,2023/cooch_behar/final_form_a1_b1.rar,CBR FINAL ORDER  FORM A1 B1/Dinhat 1 from A&B/from_B_Dinhata1_Block.pdf,ready_for_manual_review,,
2023/cooch_behar/extracted/CBR FINAL ORDER  FORM A1 B1/Dinhata 2 from A&B/ZP FINAL ORDER.pdf,Cooch Behar,2023,gp_ward_ps_zp_orders,final,4,489041,d315f43a4878095e7e8da11c56ad894cc4ef123ba6d4382cf874443335d46d94,6143,https://drive.google.com/file/d/1Q3YxcYKOnbFIoqI4RfEWFgse1M8rJ3NF/view,,2023/cooch_behar/final_form_a1_b1.rar,CBR FINAL ORDER  FORM A1 B1/Dinhata 2 from A&B/ZP FINAL ORDER.pdf,ready_for_manual_review,2023/cooch_behar/extracted/CBR FINAL ORDER  FORM A1 B1/Cooch Behar-I/ZP FINAL ORDER.pdf,
2023/cooch_behar/extracted/CBR FINAL ORDER  FORM A1 B1/Dinhata 2 from A&B/from_A_Bamanhat 1_DIN2.pdf,Cooch Behar,2023,gp_ward_ps_zp_orders,final,2,316949,c1c64007c1e1d53493669c658f41c540c18e9877e229850734f94b830193fa71,0,https://drive.google.com/file/d/1Q3YxcYKOnbFIoqI4RfEWFgse1M8rJ3NF/view,,2023/cooch_behar/final_form_a1_b1.rar,CBR FINAL ORDER  FORM A1 B1/Dinhata 2 from A&B/from_A_Bamanhat 1_DIN2.pdf,ready_for_manual_review,,
2023/cooch_behar/extracted/CBR FINAL ORDER  FORM A1 B1/Dinhata 2 from A&B/from_A_Bamanhat 2_DIN2.pdf,Cooch Behar,2023,gp_ward_ps_zp_orders,final,2,295612,75b94272d4ae9545c0ad02bbfcf1e9541e25090748445f873402c0d57ededafe,0,https://drive.google.com/file/d/1Q3YxcYKOnbFIoqI4RfEWFgse1M8rJ3NF/view,,2023/cooch_behar/final_form_a1_b1.rar,CBR FINAL ORDER  FORM A1 B1/Dinhata 2 from A&B/from_A_Bamanhat 2_DIN2.pdf,ready_for_manual_review,,
2023/cooch_behar/extracted/CBR FINAL ORDER  FORM A1 B1/Dinhata 2 from A&B/from_A_Barasakdal_DIN2.pdf,Cooch Behar,2023,gp_ward_ps_zp_orders,final,2,345494,e84eec1d258a904526ec88af8b730aa1a16e1a4acbec377ff01deebd96636490,0,https://drive.google.com/file/d/1Q3YxcYKOnbFIoqI4RfEWFgse1M8rJ3NF/view,,2023/cooch_behar/final_form_a1_b1.rar,CBR FINAL ORDER  FORM A1 B1/Dinhata 2 from A&B/from_A_Barasakdal_DIN2.pdf,ready_for_manual_review,,
2023/cooch_behar/extracted/CBR FINAL ORDER  FORM A1 B1/Dinhata 2 from A&B/from_A_Burirhat 1_DIN2.pdf,Cooch Behar,2023,gp_ward_ps_zp_orders,final,2,291874,de22c8e5cf8c68d106fbe6b92f9c53176ce0c0d7a0f37e78bdb556c6ac877e2b,0,https://drive.google.com/file/d/1Q3YxcYKOnbFIoqI4RfEWFgse1M8rJ3NF/view,,2023/cooch_behar/final_form_a1_b1.rar,CBR FINAL ORDER  FORM A1 B1/Dinhata 2 from A&B/from_A_Burirhat 1_DIN2.pdf,ready_for_manual_review,,
2023/cooch_behar/extracted/CBR FINAL ORDER  FORM A1 B1/Dinhata 2 from A&B/from_A_Burirhat 2_DIN2.pdf,Cooch Behar,2023,gp_ward_ps_zp_orders,final,2,305382,8fac428664f7eb13ab082127e3e555e0535456448e41cf845e1fd479fd98c0d7,0,https://drive.google.com/file/d/1Q3YxcYKOnbFIoqI4RfEWFgse1M8rJ3NF/view,,2023/cooch_behar/final_form_a1_b1.rar,CBR FINAL ORDER  FORM A1 B1/Dinhata 2 from A&B/from_A_Burirhat 2_DIN2.pdf,ready_for_manual_review,,
2023/cooch_behar/extracted/CBR FINAL ORDER  FORM A1 B1/Dinhata 2 from A&B/from_A_Choudhurirhat_DIN2.pdf,Cooch Behar,2023,gp_ward_ps_zp_orders,final,2,367814,482f2a6540ba454409123a2075898e2ef4e7e13975ee191ec311485481f1693e,0,https://drive.google.com/file/d/1Q3YxcYKOnbFIoqI4RfEWFgse1M8rJ3NF/view,,2023/cooch_behar/final_form_a1_b1.rar,CBR FINAL ORDER  FORM A1 B1/Dinhata 2 from A&B/from_A_Choudhurirhat_DIN2.pdf,ready_for_manual_review,,
2023/cooch_behar/extracted/CBR FINAL ORDER  FORM A1 B1/Dinhata 2 from A&B/from_A_G Nayarhat_DIN2.pdf,Cooch Behar,2023,gp_ward_ps_zp_orders,final,2,364703,0d48af1edc36e669f70b3660122dd0bcd3db52cd016cc318a475540cb0673d54,0,https://drive.google.com/file/d/1Q3YxcYKOnbFIoqI4RfEWFgse1M8rJ3NF/view,,2023/cooch_behar/final_form_a1_b1.rar,CBR FINAL ORDER  FORM A1 B1/Dinhata 2 from A&B/from_A_G Nayarhat_DIN2.pdf,ready_for_manual_review,,
2023/cooch_behar/extracted/CBR FINAL ORDER  FORM A1 B1/Dinhata 2 from A&B/from_A_Nazirhat 2_DIN2.pdf,Cooch Behar,2023,gp_ward_ps_zp_orders,final,2,318590,5ff24b445e0da1a0296e8ae7703ff3f1ba8558073c8484dc236af3131722074a,0,https://drive.google.com/file/d/1Q3YxcYKOnbFIoqI4RfEWFgse1M8rJ3NF/view,,2023/cooch_behar/final_form_a1_b1.rar,CBR FINAL ORDER  FORM A1 B1/Dinhata 2 from A&B/from_A_Nazirhat 2_DIN2.pdf,ready_for_manual_review,,
2023/cooch_behar/extracted/CBR FINAL ORDER  FORM A1 B1/Dinhata 2 from A&B/from_A_Nazirhat1_DIN2.pdf,Cooch Behar,2023,gp_ward_ps_zp_orders,final,2,307030,686f6965dea53673284cdcd5257b1ac033a6066b889760cee30a96243c727002,0,https://drive.google.com/file/d/1Q3YxcYKOnbFIoqI4RfEWFgse1M8rJ3NF/view,,2023/cooch_behar/final_form_a1_b1.rar,CBR FINAL ORDER  FORM A1 B1/Dinhata 2 from A&B/from_A_Nazirhat1_DIN2.pdf,ready_for_manual_review,,
2023/cooch_behar/extracted/CBR FINAL ORDER  FORM A1 B1/Dinhata 2 from A&B/from_A_Sahebganj_DIN2.pdf,Cooch Behar,2023,gp_ward_ps_zp_orders,final,2,337888,7b3f41c4349cb21f1adb0b120c110835b59b46b540f048cc6af1640ba87c344f,0,https://drive.google.com/file/d/1Q3YxcYKOnbFIoqI4RfEWFgse1M8rJ3NF/view,,2023/cooch_behar/final_form_a1_b1.rar,CBR FINAL ORDER  FORM A1 B1/Dinhata 2 from A&B/from_A_Sahebganj_DIN2.pdf,ready_for_manual_review,,
2023/cooch_behar/extracted/CBR FINAL ORDER  FORM A1 B1/Dinhata 2 from A&B/from_A_Sukarukuti_DIN2.pdf,Cooch Behar,2023,gp_ward_ps_zp_orders,final,2,383192,0671230fe42da17987f90e83ad570bc6c5813634891e65805976b2c24ac5a4e7,0,https://drive.google.com/file/d/1Q3YxcYKOnbFIoqI4RfEWFgse1M8rJ3NF/view,,2023/cooch_behar/final_form_a1_b1.rar,CBR FINAL ORDER  FORM A1 B1/Dinhata 2 from A&B/from_A_Sukarukuti_DIN2.pdf,ready_for_manual_review,,
2023/cooch_behar/extracted/CBR FINAL ORDER  FORM A1 B1/Dinhata 2 from A&B/from_A_kismat Dasgram_DIN2.pdf,Cooch Behar,2023,gp_ward_ps_zp_orders,final,2,314974,47a277707afbdb33e46909e617b85eba78aa31c59c27b97dc9d60869688cb23d,0,https://drive.google.com/file/d/1Q3YxcYKOnbFIoqI4RfEWFgse1M8rJ3NF/view,,2023/cooch_behar/final_form_a1_b1.rar,CBR FINAL ORDER  FORM A1 B1/Dinhata 2 from A&B/from_A_kismat Dasgram_DIN2.pdf,ready_for_manual_review,,
2023/cooch_behar/extracted/CBR FINAL ORDER  FORM A1 B1/Dinhata 2 from A&B/from_B_Dinhat 2_block.pdf,Cooch Behar,2023,gp_ward_ps_zp_orders,final,3,458661,4bbe415a56a8d32bfa003cb9989d121f05b93d8736c23fdf593becc248e6eb7f,0,https://drive.google.com/file/d/1Q3YxcYKOnbFIoqI4RfEWFgse1M8rJ3NF/view,,2023/cooch_behar/final_form_a1_b1.rar,CBR FINAL ORDER  FORM A1 B1/Dinhata 2 from A&B/from_B_Dinhat 2_block.pdf,ready_for_manual_review,,
2023/cooch_behar/extracted/CBR FINAL ORDER  FORM A1 B1/Haldibari/Form A1@GP BOXIGANJ HALDIBARI.pdf,Cooch Behar,2023,gp_ward_ps_zp_orders,final,4,570229,26342507d98ad4151b6a6bdb9a6626725e7379366fac1ef06e2132dd193aa138,0,https://drive.google.com/file/d/1Q3YxcYKOnbFIoqI4RfEWFgse1M8rJ3NF/view,,2023/cooch_behar/final_form_a1_b1.rar,CBR FINAL ORDER  FORM A1 B1/Haldibari/Form A1@GP BOXIGANJ HALDIBARI.pdf,ready_for_manual_review,,
2023/cooch_behar/extracted/CBR FINAL ORDER  FORM A1 B1/Haldibari/ZP FINAL ORDER.pdf,Cooch Behar,2023,gp_ward_ps_zp_orders,final,4,489041,d315f43a4878095e7e8da11c56ad894cc4ef123ba6d4382cf874443335d46d94,6143,https://drive.google.com/file/d/1Q3YxcYKOnbFIoqI4RfEWFgse1M8rJ3NF/view,,2023/cooch_behar/final_form_a1_b1.rar,CBR FINAL ORDER  FORM A1 B1/Haldibari/ZP FINAL ORDER.pdf,ready_for_manual_review,2023/cooch_behar/extracted/CBR FINAL ORDER  FORM A1 B1/Cooch Behar-I/ZP FINAL ORDER.pdf,
2023/cooch_behar/extracted/CBR FINAL ORDER  FORM A1 B1/Haldibari/form A1@ Hemkumari Gp Haldibari.pdf,Cooch Behar,2023,gp_ward_ps_zp_orders,final,4,2479302,438c156a7a5d2026ebb736fd5d04cde009863a7278bd8996220e179f74c149d0,0,https://drive.google.com/file/d/1Q3YxcYKOnbFIoqI4RfEWFgse1M8rJ3NF/view,,2023/cooch_behar/final_form_a1_b1.rar,CBR FINAL ORDER  FORM A1 B1/Haldibari/form A1@ Hemkumari Gp Haldibari.pdf,ready_for_manual_review,,
2023/cooch_behar/extracted/CBR FINAL ORDER  FORM A1 B1/Haldibari/form A1@Gp Daksin bara haldibari.pdf,Cooch Behar,2023,gp_ward_ps_zp_orders,final,3,1962080,2ce33f4e02afc3484116c8679690c71ae67936b188abc323751ddde57c8c5176,0,https://drive.google.com/file/d/1Q3YxcYKOnbFIoqI4RfEWFgse1M8rJ3NF/view,,2023/cooch_behar/final_form_a1_b1.rar,CBR FINAL ORDER  FORM A1 B1/Haldibari/form A1@Gp Daksin bara haldibari.pdf,ready_for_manual_review,,
2023/cooch_behar/extracted/CBR FINAL ORDER  FORM A1 B1/Haldibari/form A1@Gp Dewanganj Haldibari.pdf,Cooch Behar,2023,gp_ward_ps_zp_orders,final,3,1481874,c6d9d67da1c3c0121e341a9499433447a44343acb6d87996aee63cf30db62d22,0,https://drive.google.com/file/d/1Q3YxcYKOnbFIoqI4RfEWFgse1M8rJ3NF/view,,2023/cooch_behar/final_form_a1_b1.rar,CBR FINAL ORDER  FORM A1 B1/Haldibari/form A1@Gp Dewanganj Haldibari.pdf,ready_for_manual_review,,
2023/cooch_behar/extracted/CBR FINAL ORDER  FORM A1 B1/Haldibari/form A1@Gp Per Mekhliganj Haldibari.pdf,Cooch Behar,2023,gp_ward_ps_zp_orders,final,3,1805474,6edefacd383c5ba3a515b632c4f2f8f49bc00522aa00c09eb8d6be8b367b5ec2,0,https://drive.google.com/file/d/1Q3YxcYKOnbFIoqI4RfEWFgse1M8rJ3NF/view,,2023/cooch_behar/final_form_a1_b1.rar,CBR FINAL ORDER  FORM A1 B1/Haldibari/form A1@Gp Per Mekhliganj Haldibari.pdf,ready_for_manual_review,,
2023/cooch_behar/extracted/CBR FINAL ORDER  FORM A1 B1/Haldibari/form A1@Gp Uttar bara Haldibari.pdf,Cooch Behar,2023,gp_ward_ps_zp_orders,final,3,1620469,d95045db0a665a387595056f86343de82d46c0ed1d6417936e3e3329ced95d0d,0,https://drive.google.com/file/d/1Q3YxcYKOnbFIoqI4RfEWFgse1M8rJ3NF/view,,2023/cooch_behar/final_form_a1_b1.rar,CBR FINAL ORDER  FORM A1 B1/Haldibari/form A1@Gp Uttar bara Haldibari.pdf,ready_for_manual_review,,
2023/cooch_behar/extracted/CBR FINAL ORDER  FORM A1 B1/Haldibari/form B1 @PS Haldibari.pdf,Cooch Behar,2023,gp_ward_ps_zp_orders,final,3,2306643,496308ba7106965bdf0f42a9c3e0597cfbee3f190db43288edf3dfd3fea456cb,0,https://drive.google.com/file/d/1Q3YxcYKOnbFIoqI4RfEWFgse1M8rJ3NF/view,,2023/cooch_behar/final_form_a1_b1.rar,CBR FINAL ORDER  FORM A1 B1/Haldibari/form B1 @PS Haldibari.pdf,ready_for_manual_review,,
2023/cooch_behar/extracted/CBR FINAL ORDER  FORM A1 B1/Mtb 1_from A&B/ZP FINAL ORDER.pdf,Cooch Behar,2023,gp_ward_ps_zp_orders,final,4,489041,d315f43a4878095e7e8da11c56ad894cc4ef123ba6d4382cf874443335d46d94,6143,https://drive.google.com/file/d/1Q3YxcYKOnbFIoqI4RfEWFgse1M8rJ3NF/view,,2023/cooch_behar/final_form_a1_b1.rar,CBR FINAL ORDER  FORM A1 B1/Mtb 1_from A&B/ZP FINAL ORDER.pdf,ready_for_manual_review,2023/cooch_behar/extracted/CBR FINAL ORDER  FORM A1 B1/Cooch Behar-I/ZP FINAL ORDER.pdf,
2023/cooch_behar/extracted/CBR FINAL ORDER  FORM A1 B1/Mtb 1_from A&B/from _A_Hazrahat I_MTB1.pdf,Cooch Behar,2023,gp_ward_ps_zp_orders,final,3,445620,3cdc651b3945be072b9f16a5f7e6be078a1568e6721b9b12aad8fe7183088c61,0,https://drive.google.com/file/d/1Q3YxcYKOnbFIoqI4RfEWFgse1M8rJ3NF/view,,2023/cooch_behar/final_form_a1_b1.rar,CBR FINAL ORDER  FORM A1 B1/Mtb 1_from A&B/from _A_Hazrahat I_MTB1.pdf,ready_for_manual_review,,
2023/cooch_behar/extracted/CBR FINAL ORDER  FORM A1 B1/Mtb 1_from A&B/from_A_Boiragirhat_MTB1.pdf,Cooch Behar,2023,gp_ward_ps_zp_orders,final,3,542569,23aeede515f8477abe56ed952b17eafcec13545d443dd21d9906633b55e0f8d5,0,https://drive.google.com/file/d/1Q3YxcYKOnbFIoqI4RfEWFgse1M8rJ3NF/view,,2023/cooch_behar/final_form_a1_b1.rar,CBR FINAL ORDER  FORM A1 B1/Mtb 1_from A&B/from_A_Boiragirhat_MTB1.pdf,ready_for_manual_review,,
2023/cooch_behar/extracted/CBR FINAL ORDER  FORM A1 B1/Mtb 1_from A&B/from_A_Gopalpur_MTB1.pdf,Cooch Behar,2023,gp_ward_ps_zp_orders,final,3,558344,a62cf6a3734673afbba1e91084183a0f6fee68e7405d4969b05002fd97759ef5,0,https://drive.google.com/file/d/1Q3YxcYKOnbFIoqI4RfEWFgse1M8rJ3NF/view,,2023/cooch_behar/final_form_a1_b1.rar,CBR FINAL ORDER  FORM A1 B1/Mtb 1_from A&B/from_A_Gopalpur_MTB1.pdf,ready_for_manual_review,,
2023/cooch_behar/extracted/CBR FINAL ORDER  FORM A1 B1/Mtb 1_from A&B/from_A_Hazrahat II_MTB1.pdf,Cooch Behar,2023,gp_ward_ps_zp_orders,final,3,413428,56ae7f2dc29fec60cb58eaef9928ee0dbc63cb9d970e1678b420923faf27bdc0,0,https://drive.google.com/file/d/1Q3YxcYKOnbFIoqI4RfEWFgse1M8rJ3NF/view,,2023/cooch_behar/final_form_a1_b1.rar,CBR FINAL ORDER  FORM A1 B1/Mtb 1_from A&B/from_A_Hazrahat II_MTB1.pdf,ready_for_manual_review,,
2023/cooch_behar/extracted/CBR FINAL ORDER  FORM A1 B1/Mtb 1_from A&B/from_A_Jorpatki_MTB1.pdf,Cooch Behar,2023,gp_ward_ps_zp_orders,final,3,518475,a1d8b25a78917ec7ccdc5cfa15f25dbd5f5c38a8896f7cfb744eaeb97274e2e0,0,https://drive.google.com/file/d/1Q3YxcYKOnbFIoqI4RfEWFgse1M8rJ3NF/view,,2023/cooch_behar/final_form_a1_b1.rar,CBR FINAL ORDER  FORM A1 B1/Mtb 1_from A&B/from_A_Jorpatki_MTB1.pdf,ready_for_manual_review,,
2023/cooch_behar/extracted/CBR FINAL ORDER  FORM A1 B1/Mtb 1_from A&B/from_A_Kedarhat_MTB1.pdf,Cooch Behar,2023,gp_ward_ps_zp_orders,final,3,552220,196069c35e58c94db04d498df04e93099f35b2485aed4bcbaf6d6ff5ab0e986f,0,https://drive.google.com/file/d/1Q3YxcYKOnbFIoqI4RfEWFgse1M8rJ3NF/view,,2023/cooch_behar/final_form_a1_b1.rar,CBR FINAL ORDER  FORM A1 B1/Mtb 1_from A&B/from_A_Kedarhat_MTB1.pdf,ready_for_manual_review,,
2023/cooch_behar/extracted/CBR FINAL ORDER  FORM A1 B1/Mtb 1_from A&B/from_A_Khurshamari_MTB1.pdf,Cooch Behar,2023,gp_ward_ps_zp_orders,final,3,428651,92d3a2f009fcd5011545aa5fce85645de14ca9e15322d4b42b5ddf2282e09697,0,https://drive.google.com/file/d/1Q3YxcYKOnbFIoqI4RfEWFgse1M8rJ3NF/view,,2023/cooch_behar/final_form_a1_b1.rar,CBR FINAL ORDER  FORM A1 B1/Mtb 1_from A&B/from_A_Khurshamari_MTB1.pdf,ready_for_manual_review,,
2023/cooch_behar/extracted/CBR FINAL ORDER  FORM A1 B1/Mtb 1_from A&B/from_A_Nayathat_MTB1.pdf,Cooch Behar,2023,gp_ward_ps_zp_orders,final,3,517521,aad546b0b4b440dc3b2c106a473ede4b1ae47e582162ac9e16e91135933ff21c,0,https://drive.google.com/file/d/1Q3YxcYKOnbFIoqI4RfEWFgse1M8rJ3NF/view,,2023/cooch_behar/final_form_a1_b1.rar,CBR FINAL ORDER  FORM A1 B1/Mtb 1_from A&B/from_A_Nayathat_MTB1.pdf,ready_for_manual_review,,
2023/cooch_behar/extracted/CBR FINAL ORDER  FORM A1 B1/Mtb 1_from A&B/from_A_Pachagar_MTB1.pdf,Cooch Behar,2023,gp_ward_ps_zp_orders,final,3,483273,2cc525d7779ea9e91dd99dd8c79a6ef29673c2c4364a0f129559b79158342740,0,https://drive.google.com/file/d/1Q3YxcYKOnbFIoqI4RfEWFgse1M8rJ3NF/view,,2023/cooch_behar/final_form_a1_b1.rar,CBR FINAL ORDER  FORM A1 B1/Mtb 1_from A&B/from_A_Pachagar_MTB1.pdf,ready_for_manual_review,,
2023/cooch_behar/extracted/CBR FINAL ORDER  FORM A1 B1/Mtb 1_from A&B/from_A_Shikarpur_MTB1.pdf,Cooch Behar,2023,gp_ward_ps_zp_orders,final,3,499427,3de250da61e1ee367cee76d21f79ff1ccf2fe9960c3e5f34118f66eb9df44a9b,0,https://drive.google.com/file/d/1Q3YxcYKOnbFIoqI4RfEWFgse1M8rJ3NF/view,,2023/cooch_behar/final_form_a1_b1.rar,CBR FINAL ORDER  FORM A1 B1/Mtb 1_from A&B/from_A_Shikarpur_MTB1.pdf,ready_for_manual_review,,
2023/cooch_behar/extracted/CBR FINAL ORDER  FORM A1 B1/Mtb 1_from A&B/from_B_Mtb_1_Block.pdf,Cooch Behar,2023,gp_ward_ps_zp_orders,final,4,828385,ca85e0bbf0d1df0a2daad8e7d2e6bdc2e969c473f7215747a35ccc83a4c56b73,0,https://drive.google.com/file/d/1Q3YxcYKOnbFIoqI4RfEWFgse1M8rJ3NF/view,,2023/cooch_behar/final_form_a1_b1.rar,CBR FINAL ORDER  FORM A1 B1/Mtb 1_from A&B/from_B_Mtb_1_Block.pdf,ready_for_manual_review,,
2023/cooch_behar/extracted/CBR FINAL ORDER  FORM A1 B1/Mtb 2 _from A&B/ZP FINAL ORDER.pdf,Cooch Behar,2023,gp_ward_ps_zp_orders,final,4,489041,d315f43a4878095e7e8da11c56ad894cc4ef123ba6d4382cf874443335d46d94,6143,https://drive.google.com/file/d/1Q3YxcYKOnbFIoqI4RfEWFgse1M8rJ3NF/view,,2023/cooch_behar/final_form_a1_b1.rar,CBR FINAL ORDER  FORM A1 B1/Mtb 2 _from A&B/ZP FINAL ORDER.pdf,ready_for_manual_review,2023/cooch_behar/extracted/CBR FINAL ORDER  FORM A1 B1/Cooch Behar-I/ZP FINAL ORDER.pdf,
2023/cooch_behar/extracted/CBR FINAL ORDER  FORM A1 B1/Mtb 2 _from A&B/from_A_AK Paradubi_MTB 2.pdf,Cooch Behar,2023,gp_ward_ps_zp_orders,final,3,1241779,3b78d1034e93fa4cd469c4ffdc74d1b09c1f9751df84071f90e4bc3384f556da,0,https://drive.google.com/file/d/1Q3YxcYKOnbFIoqI4RfEWFgse1M8rJ3NF/view,,2023/cooch_behar/final_form_a1_b1.rar,CBR FINAL ORDER  FORM A1 B1/Mtb 2 _from A&B/from_A_AK Paradubi_MTB 2.pdf,ready_for_manual_review,,
2023/cooch_behar/extracted/CBR FINAL ORDER  FORM A1 B1/Mtb 2 _from A&B/from_A_Barasulmari_MTB 2.pdf,Cooch Behar,2023,gp_ward_ps_zp_orders,final,3,1091064,dda3f6f845a6d05c94444be9102461bc3ae048781f88b5644c4651f2cf61e1e8,0,https://drive.google.com/file/d/1Q3YxcYKOnbFIoqI4RfEWFgse1M8rJ3NF/view,,2023/cooch_behar/final_form_a1_b1.rar,CBR FINAL ORDER  FORM A1 B1/Mtb 2 _from A&B/from_A_Barasulmari_MTB 2.pdf,ready_for_manual_review,,
2023/cooch_behar/extracted/CBR FINAL ORDER  FORM A1 B1/Mtb 2 _from A&B/from_A_Fulbari_MTB 2.pdf,Cooch Behar,2023,gp_ward_ps_zp_orders,final,3,1025520,16d94635f82960217780c2f68ec2af78274e9496a50235372504f91dc39f6bff,0,https://drive.google.com/file/d/1Q3YxcYKOnbFIoqI4RfEWFgse1M8rJ3NF/view,,2023/cooch_behar/final_form_a1_b1.rar,CBR FINAL ORDER  FORM A1 B1/Mtb 2 _from A&B/from_A_Fulbari_MTB 2.pdf,ready_for_manual_review,,
2023/cooch_behar/extracted/CBR FINAL ORDER  FORM A1 B1/Mtb 2 _from A&B/from_A_Goksadanga_MTB 2.pdf,Cooch Behar,2023,gp_ward_ps_zp_orders,final,3,987530,146af8933b2e251c48a9fad4a1480d86c7912903e895e3ad8ba0229202937f6d,0,https://drive.google.com/file/d/1Q3YxcYKOnbFIoqI4RfEWFgse1M8rJ3NF/view,,2023/cooch_behar/final_form_a1_b1.rar,CBR FINAL ORDER  FORM A1 B1/Mtb 2 _from A&B/from_A_Goksadanga_MTB 2.pdf,ready_for_manual_review,,
2023/cooch_behar/extracted/CBR FINAL ORDER  FORM A1 B1/Mtb 2 _from A&B/from_A_Latapota_MTB 2.pdf,Cooch Behar,2023,gp_ward_ps_zp_orders,final,3,1104480,7cac9939af318f1b2b2292eb7fb374c9c2978ec777d7233ae92d428c2c951e27,0,https://drive.google.com/file/d/1Q3YxcYKOnbFIoqI4RfEWFgse1M8rJ3NF/view,,2023/cooch_behar/final_form_a1_b1.rar,CBR FINAL ORDER  FORM A1 B1/Mtb 2 _from A&B/from_A_Latapota_MTB 2.pdf,ready_for_manual_review,,
2023/cooch_behar/extracted/CBR FINAL ORDER  FORM A1 B1/Mtb 2 _from A&B/from_A_Nishiganj 1_MTB 2.pdf,Cooch Behar,2023,gp_ward_ps_zp_orders,final,2,969831,c34649d5c9e7dab7934c509e54b9e162ab02513aee9803b0dc73f3569f53954f,0,https://drive.google.com/file/d/1Q3YxcYKOnbFIoqI4RfEWFgse1M8rJ3NF/view,,2023/cooch_behar/final_form_a1_b1.rar,CBR FINAL ORDER  FORM A1 B1/Mtb 2 _from A&B/from_A_Nishiganj 1_MTB 2.pdf,ready_for_manual_review,,
2023/cooch_behar/extracted/CBR FINAL ORDER  FORM A1 B1/Mtb 2 _from A&B/from_A_Nishiganj 2_MTB 2.pdf,Cooch Behar,2023,gp_ward_ps_zp_orders,final,2,750062,ea52e2ebada50d886de582de18bfaf889b44920e92a822163b5b7442eadcf695,0,https://drive.google.com/file/d/1Q3YxcYKOnbFIoqI4RfEWFgse1M8rJ3NF/view,,2023/cooch_behar/final_form_a1_b1.rar,CBR FINAL ORDER  FORM A1 B1/Mtb 2 _from A&B/from_A_Nishiganj 2_MTB 2.pdf,ready_for_manual_review,,
2023/cooch_behar/extracted/CBR FINAL ORDER  FORM A1 B1/Mtb 2 _from A&B/from_A_Premerdanga_MTB 2.pdf,Cooch Behar,2023,gp_ward_ps_zp_orders,final,3,1000296,0e9b85696b166b481192fe032b44c98e1abd1a964377c8ecdbe1e2c6fabd5c30,0,https://drive.google.com/file/d/1Q3YxcYKOnbFIoqI4RfEWFgse1M8rJ3NF/view,,2023/cooch_behar/final_form_a1_b1.rar,CBR FINAL ORDER  FORM A1 B1/Mtb 2 _from A&B/from_A_Premerdanga_MTB 2.pdf,ready_for_manual_review,,
2023/cooch_behar/extracted/CBR FINAL ORDER  FORM A1 B1/Mtb 2 _from A&B/from_A_Ruidanga_MTB 2.pdf,Cooch Behar,2023,gp_ward_ps_zp_orders,final,2,688722,b6b216132c0a93bfdedf1b8f886acb42ba445a441fbba533783c946a941a5a8c,0,https://drive.google.com/file/d/1Q3YxcYKOnbFIoqI4RfEWFgse1M8rJ3NF/view,,2023/cooch_behar/final_form_a1_b1.rar,CBR FINAL ORDER  FORM A1 B1/Mtb 2 _from A&B/from_A_Ruidanga_MTB 2.pdf,ready_for_manual_review,,
2023/cooch_behar/extracted/CBR FINAL ORDER  FORM A1 B1/Mtb 2 _from A&B/from_A_Unishbisha _MTB 2.pdf,Cooch Behar,2023,gp_ward_ps_zp_orders,final,3,1204626,35e95ff6287fba02f5cbc8824f91de09339d366e3be12139efa801d088d70ee2,0,https://drive.google.com/file/d/1Q3YxcYKOnbFIoqI4RfEWFgse1M8rJ3NF/view,,2023/cooch_behar/final_form_a1_b1.rar,CBR FINAL ORDER  FORM A1 B1/Mtb 2 _from A&B/from_A_Unishbisha _MTB 2.pdf,ready_for_manual_review,,
2023/cooch_behar/extracted/CBR FINAL ORDER  FORM A1 B1/Mtb 2 _from A&B/from_B_MTB 2 block.pdf,Cooch Behar,2023,gp_ward_ps_zp_orders,final,1,658798,47b22e117c42c82133e296d35a20f42a59599040566d026d749bd7931e758102,0,https://drive.google.com/file/d/1Q3YxcYKOnbFIoqI4RfEWFgse1M8rJ3NF/view,,2023/cooch_behar/final_form_a1_b1.rar,CBR FINAL ORDER  FORM A1 B1/Mtb 2 _from A&B/from_B_MTB 2 block.pdf,ready_for_manual_review,,
2023/cooch_behar/extracted/CBR FINAL ORDER  FORM A1 B1/Sitai/Form A 1_ADABARI.pdf,Cooch Behar,2023,gp_ward_ps_zp_orders,final,4,1204979,fdedee461774678fa719f665ec9775f346a043a9782fe4c780e6fb1f6ac174af,0,https://drive.google.com/file/d/1Q3YxcYKOnbFIoqI4RfEWFgse1M8rJ3NF/view,,2023/cooch_behar/final_form_a1_b1.rar,CBR FINAL ORDER  FORM A1 B1/Sitai/Form A 1_ADABARI.pdf,ready_for_manual_review,,
2023/cooch_behar/extracted/CBR FINAL ORDER  FORM A1 B1/Sitai/Form A 1_BR.CHATRA.pdf,Cooch Behar,2023,gp_ward_ps_zp_orders,final,5,945662,4b9e87bc7bc5ad4419debfbbd06784bd6529b413def2f037b42cc04db2d246c9,0,https://drive.google.com/file/d/1Q3YxcYKOnbFIoqI4RfEWFgse1M8rJ3NF/view,,2023/cooch_behar/final_form_a1_b1.rar,CBR FINAL ORDER  FORM A1 B1/Sitai/Form A 1_BR.CHATRA.pdf,ready_for_manual_review,,
2023/cooch_behar/extracted/CBR FINAL ORDER  FORM A1 B1/Sitai/Form A 1_CHAMTA.pdf,Cooch Behar,2023,gp_ward_ps_zp_orders,final,5,974457,3cb717999049e530c340ecf96e31ea0f73bba2c8872508cb486ca7e3e273bde9,0,https://drive.google.com/file/d/1Q3YxcYKOnbFIoqI4RfEWFgse1M8rJ3NF/view,,2023/cooch_behar/final_form_a1_b1.rar,CBR FINAL ORDER  FORM A1 B1/Sitai/Form A 1_CHAMTA.pdf,ready_for_manual_review,,
2023/cooch_behar/extracted/CBR FINAL ORDER  FORM A1 B1/Sitai/Form A1_SITAI II.pdf,Cooch Behar,2023,gp_ward_ps_zp_orders,final,4,700550,2246afbeeda9b9093e34db3cd80c4f976e2c14a4ba161d09d27ac354d065b5b9,0,https://drive.google.com/file/d/1Q3YxcYKOnbFIoqI4RfEWFgse1M8rJ3NF/view,,2023/cooch_behar/final_form_a1_b1.rar,CBR FINAL ORDER  FORM A1 B1/Sitai/Form A1_SITAI II.pdf,ready_for_manual_review,,
2023/cooch_behar/extracted/CBR FINAL ORDER  FORM A1 B1/Sitai/Form A1_Sitai I.pdf,Cooch Behar,2023,gp_ward_ps_zp_orders,final,4,755220,d6d34fbb73a45e829f4403d65579b974f1bd4858f3e22df814d8c0fe3b1ab428,0,https://drive.google.com/file/d/1Q3YxcYKOnbFIoqI4RfEWFgse1M8rJ3NF/view,,2023/cooch_behar/final_form_a1_b1.rar,CBR FINAL ORDER  FORM A1 B1/Sitai/Form A1_Sitai I.pdf,ready_for_manual_review,,
2023/cooch_behar/extracted/CBR FINAL ORDER  FORM A1 B1/Sitai/Form B1_SITAI.pdf,Cooch Behar,2023,gp_ward_ps_zp_orders,final,4,1065837,45ca294543ec487f6b3e687a0b31020b33af29c9f152e3499c461cff775024ea,0,https://drive.google.com/file/d/1Q3YxcYKOnbFIoqI4RfEWFgse1M8rJ3NF/view,,2023/cooch_behar/final_form_a1_b1.rar,CBR FINAL ORDER  FORM A1 B1/Sitai/Form B1_SITAI.pdf,ready_for_manual_review,,
2023/cooch_behar/extracted/CBR FINAL ORDER  FORM A1 B1/Sitai/ZP FINAL ORDER.pdf,Cooch Behar,2023,gp_ward_ps_zp_orders,final,4,489041,d315f43a4878095e7e8da11c56ad894cc4ef123ba6d4382cf874443335d46d94,6143,https://drive.google.com/file/d/1Q3YxcYKOnbFIoqI4RfEWFgse1M8rJ3NF/view,,2023/cooch_behar/final_form_a1_b1.rar,CBR FINAL ORDER  FORM A1 B1/Sitai/ZP FINAL ORDER.pdf,ready_for_manual_review,2023/cooch_behar/extracted/CBR FINAL ORDER  FORM A1 B1/Cooch Behar-I/ZP FINAL ORDER.pdf,
2023/cooch_behar/extracted/CBR FINAL ORDER  FORM A1 B1/Sitalkuchi/Form A1-Barikaimari.pdf,Cooch Behar,2023,gp_ward_ps_zp_orders,final,3,1048790,9af51ba477f353618f5d2a934107ef78c0dc4601e3790f7b8b3d77a289c3633e,69,https://drive.google.com/file/d/1Q3YxcYKOnbFIoqI4RfEWFgse1M8rJ3NF/view,,2023/cooch_behar/final_form_a1_b1.rar,CBR FINAL ORDER  FORM A1 B1/Sitalkuchi/Form A1-Barikaimari.pdf,ready_for_manual_review,,
2023/cooch_behar/extracted/CBR FINAL ORDER  FORM A1 B1/Sitalkuchi/Form A1-Bhawarthana.pdf,Cooch Behar,2023,gp_ward_ps_zp_orders,final,3,1000637,64d7608375bc2b9256a0e52f240d0d11de3bf4c4ebdad59d5531361359bbbcad,69,https://drive.google.com/file/d/1Q3YxcYKOnbFIoqI4RfEWFgse1M8rJ3NF/view,,2023/cooch_behar/final_form_a1_b1.rar,CBR FINAL ORDER  FORM A1 B1/Sitalkuchi/Form A1-Bhawarthana.pdf,ready_for_manual_review,,
2023/cooch_behar/extracted/CBR FINAL ORDER  FORM A1 B1/Sitalkuchi/Form A1-Burirhat 1.pdf,Cooch Behar,2023,gp_ward_ps_zp_orders,final,2,622180,548d6f0a47afe21c126ba8babf46af0205277f050fa9c8ce206dc2b51abeeacf,45,https://drive.google.com/file/d/1Q3YxcYKOnbFIoqI4RfEWFgse1M8rJ3NF/view,,2023/cooch_behar/final_form_a1_b1.rar,CBR FINAL ORDER  FORM A1 B1/Sitalkuchi/Form A1-Burirhat 1.pdf,ready_for_manual_review,,
2023/cooch_behar/extracted/CBR FINAL ORDER  FORM A1 B1/Sitalkuchi/Form A1-ChottoSalbari.pdf,Cooch Behar,2023,gp_ward_ps_zp_orders,final,3,1068837,5095354c360067c5e435ba563c940cd1a6c4466b82ff7ea8b12ce6b52e628b30,69,https://drive.google.com/file/d/1Q3YxcYKOnbFIoqI4RfEWFgse1M8rJ3NF/view,,2023/cooch_behar/final_form_a1_b1.rar,CBR FINAL ORDER  FORM A1 B1/Sitalkuchi/Form A1-ChottoSalbari.pdf,ready_for_manual_review,,
2023/cooch_behar/extracted/CBR FINAL ORDER  FORM A1 B1/Sitalkuchi/Form A1-Golenowhati.pdf,Cooch Behar,2023,gp_ward_ps_zp_orders,final,2,700706,f51d3160912d897cc5495c6fe07b96c71033f0987d344c679daae50defbd1871,45,https://drive.google.com/file/d/1Q3YxcYKOnbFIoqI4RfEWFgse1M8rJ3NF/view,,2023/cooch_behar/final_form_a1_b1.rar,CBR FINAL ORDER  FORM A1 B1/Sitalkuchi/Form A1-Golenowhati.pdf,ready_for_manual_review,,
2023/cooch_behar/extracted/CBR FINAL ORDER  FORM A1 B1/Sitalkuchi/Form A1-Gosarihat.pdf,Cooch Behar,2023,gp_ward_ps_zp_orders,final,2,726287,03f2e99e5ef951fde59270eddfb022d8cb02fb4a310b9a7c7691b39f12229986,45,https://drive.google.com/file/d/1Q3YxcYKOnbFIoqI4RfEWFgse1M8rJ3NF/view,,2023/cooch_behar/final_form_a1_b1.rar,CBR FINAL ORDER  FORM A1 B1/Sitalkuchi/Form A1-Gosarihat.pdf,ready_for_manual_review,,
2023/cooch_behar/extracted/CBR FINAL ORDER  FORM A1 B1/Sitalkuchi/Form A1-Khalisamari.pdf,Cooch Behar,2023,gp_ward_ps_zp_orders,final,3,927311,e5d3289333d2f22943bd122ac78099c272ddc35e2d1754b41a7d7c869f61b367,69,https://drive.google.com/file/d/1Q3YxcYKOnbFIoqI4RfEWFgse1M8rJ3NF/view,,2023/cooch_behar/final_form_a1_b1.rar,CBR FINAL ORDER  FORM A1 B1/Sitalkuchi/Form A1-Khalisamari.pdf,ready_for_manual_review,,
2023/cooch_behar/extracted/CBR FINAL ORDER  FORM A1 B1/Sitalkuchi/Form A1-Lalbazar.pdf,Cooch Behar,2023,gp_ward_ps_zp_orders,final,3,955021,819b16bb2423679e74bf8cce5946c1a753f5258d17108f740921f6f3904ece57,69,https://drive.google.com/file/d/1Q3YxcYKOnbFIoqI4RfEWFgse1M8rJ3NF/view,,2023/cooch_behar/final_form_a1_b1.rar,CBR FINAL ORDER  FORM A1 B1/Sitalkuchi/Form A1-Lalbazar.pdf,ready_for_manual_review,,
2023/cooch_behar/extracted/CBR FINAL ORDER  FORM A1 B1/Sitalkuchi/Form A1-Sitalkuchi.pdf,Cooch Behar,2023,gp_ward_ps_zp_orders,final,3,1046973,22820323627bc062f8282f051a6fd44592e1901ddb7b7cc5669ca25521d18eba,69,https://drive.google.com/file/d/1Q3YxcYKOnbFIoqI4RfEWFgse1M8rJ3NF/view,,2023/cooch_behar/final_form_a1_b1.rar,CBR FINAL ORDER  FORM A1 B1/Sitalkuchi/Form A1-Sitalkuchi.pdf,ready_for_manual_review,,
2023/cooch_behar/extracted/CBR FINAL ORDER  FORM A1 B1/Sitalkuchi/Form B1-Sitalkuchi.pdf,Cooch Behar,2023,gp_ward_ps_zp_orders,final,2,772312,d8d12aee8712fa87c11912b296c17530d40e4f0f3115ebdeb9860eb13d102fbe,45,https://drive.google.com/file/d/1Q3YxcYKOnbFIoqI4RfEWFgse1M8rJ3NF/view,,2023/cooch_behar/final_form_a1_b1.rar,CBR FINAL ORDER  FORM A1 B1/Sitalkuchi/Form B1-Sitalkuchi.pdf,ready_for_manual_review,,
2023/cooch_behar/extracted/CBR FINAL ORDER  FORM A1 B1/Sitalkuchi/ZP FINAL ORDER.pdf,Cooch Behar,2023,gp_ward_ps_zp_orders,final,4,489041,d315f43a4878095e7e8da11c56ad894cc4ef123ba6d4382cf874443335d46d94,6143,https://drive.google.com/file/d/1Q3YxcYKOnbFIoqI4RfEWFgse1M8rJ3NF/view,,2023/cooch_behar/final_form_a1_b1.rar,CBR FINAL ORDER  FORM A1 B1/Sitalkuchi/ZP FINAL ORDER.pdf,ready_for_manual_review,2023/cooch_behar/extracted/CBR FINAL ORDER  FORM A1 B1/Cooch Behar-I/ZP FINAL ORDER.pdf,
2023/cooch_behar/extracted/CBR FINAL ORDER  FORM A1 B1/Tfg-I/FORM B1_TUFAN-1.pdf,Cooch Behar,2023,gp_ward_ps_zp_orders,final,6,2368131,0c7ae4e758cb33b1fe452b436ce37d261013f252aee302cc4d57c0f6c5334fba,11325,https://drive.google.com/file/d/1Q3YxcYKOnbFIoqI4RfEWFgse1M8rJ3NF/view,,2023/cooch_behar/final_form_a1_b1.rar,CBR FINAL ORDER  FORM A1 B1/Tfg-I/FORM B1_TUFAN-1.pdf,ready_for_manual_review,,
2023/cooch_behar/extracted/CBR FINAL ORDER  FORM A1 B1/Tfg-I/FORM_A_TUFANGANJ-1.pdf,Cooch Behar,2023,gp_ward_ps_zp_orders,final,22,9749806,2bd4acd0fa82f39a838e66b9a8b3a70bf6a2777137a03dec5332721e4afa43d7,7848,https://drive.google.com/file/d/1Q3YxcYKOnbFIoqI4RfEWFgse1M8rJ3NF/view,,2023/cooch_behar/final_form_a1_b1.rar,CBR FINAL ORDER  FORM A1 B1/Tfg-I/FORM_A_TUFANGANJ-1.pdf,ready_for_manual_review,,
2023/cooch_behar/extracted/CBR FINAL ORDER  FORM A1 B1/Tfg-I/ZP FINAL ORDER.pdf,Cooch Behar,2023,gp_ward_ps_zp_orders,final,4,489041,d315f43a4878095e7e8da11c56ad894cc4ef123ba6d4382cf874443335d46d94,6143,https://drive.google.com/file/d/1Q3YxcYKOnbFIoqI4RfEWFgse1M8rJ3NF/view,,2023/cooch_behar/final_form_a1_b1.rar,CBR FINAL ORDER  FORM A1 B1/Tfg-I/ZP FINAL ORDER.pdf,ready_for_manual_review,2023/cooch_behar/extracted/CBR FINAL ORDER  FORM A1 B1/Cooch Behar-I/ZP FINAL ORDER.pdf,
2023/cooch_behar/extracted/CBR FINAL ORDER  FORM A1 B1/Tufanganj-II/ZP FINAL ORDER.pdf,Cooch Behar,2023,gp_ward_ps_zp_orders,final,4,489041,d315f43a4878095e7e8da11c56ad894cc4ef123ba6d4382cf874443335d46d94,6143,https://drive.google.com/file/d/1Q3YxcYKOnbFIoqI4RfEWFgse1M8rJ3NF/view,,2023/cooch_behar/final_form_a1_b1.rar,CBR FINAL ORDER  FORM A1 B1/Tufanganj-II/ZP FINAL ORDER.pdf,ready_for_manual_review,2023/cooch_behar/extracted/CBR FINAL ORDER  FORM A1 B1/Cooch Behar-I/ZP FINAL ORDER.pdf,
2023/cooch_behar/extracted/CBR FINAL ORDER  FORM A1 B1/Tufanganj-II/form A1@Gp Barokodali l Tufanganj ll.pdf,Cooch Behar,2023,gp_ward_ps_zp_orders,final,3,1826295,d1eb9bcfc3a0b2181be7680ab79f603499eb35c8b980930e5b229f9bbb3772e7,0,https://drive.google.com/file/d/1Q3YxcYKOnbFIoqI4RfEWFgse1M8rJ3NF/view,,2023/cooch_behar/final_form_a1_b1.rar,CBR FINAL ORDER  FORM A1 B1/Tufanganj-II/form A1@Gp Barokodali l Tufanganj ll.pdf,ready_for_manual_review,,
2023/cooch_behar/extracted/CBR FINAL ORDER  FORM A1 B1/Tufanganj-II/form A1@Gp Barokodali ll Tufanganj ll.pdf,Cooch Behar,2023,gp_ward_ps_zp_orders,final,2,1594717,8668eb7661bf07686a454e68e8b3dd16af6dea9086d2e1de7aa1ba21139bb3db,0,https://drive.google.com/file/d/1Q3YxcYKOnbFIoqI4RfEWFgse1M8rJ3NF/view,,2023/cooch_behar/final_form_a1_b1.rar,CBR FINAL ORDER  FORM A1 B1/Tufanganj-II/form A1@Gp Barokodali ll Tufanganj ll.pdf,ready_for_manual_review,,
2023/cooch_behar/extracted/CBR FINAL ORDER  FORM A1 B1/Tufanganj-II/form A1@Gp Bhanukumari ll Tufanganj ll.pdf,Cooch Behar,2023,gp_ward_ps_zp_orders,final,2,1453904,749ebaf776afb147196efc9090a21f33b41de9b4a7dd265f73e39539d59479ce,0,https://drive.google.com/file/d/1Q3YxcYKOnbFIoqI4RfEWFgse1M8rJ3NF/view,,2023/cooch_behar/final_form_a1_b1.rar,CBR FINAL ORDER  FORM A1 B1/Tufanganj-II/form A1@Gp Bhanukumari ll Tufanganj ll.pdf,ready_for_manual_review,,
2023/cooch_behar/extracted/CBR FINAL ORDER  FORM A1 B1/Tufanganj-II/form A1@Gp Falimari Tufanganj ll.pdf,Cooch Behar,2023,gp_ward_ps_zp_orders,final,2,1362357,83cf6dacfc19ccb50d74e3fb23bf1e67d3ff6ef4544ac1dedafe8207e9a28d0c,0,https://drive.google.com/file/d/1Q3YxcYKOnbFIoqI4RfEWFgse1M8rJ3NF/view,,2023/cooch_behar/final_form_a1_b1.rar,CBR FINAL ORDER  FORM A1 B1/Tufanganj-II/form A1@Gp Falimari Tufanganj ll.pdf,ready_for_manual_review,,
2023/cooch_behar/extracted/CBR FINAL ORDER  FORM A1 B1/Tufanganj-II/form A1@Gp Rampur l Tufanganj ll.pdf,Cooch Behar,2023,gp_ward_ps_zp_orders,final,3,1925150,36365748e9cf8fd7075aae6b36a5a3bf2481bb24463452d4a561301a8cd6fc2e,0,https://drive.google.com/file/d/1Q3YxcYKOnbFIoqI4RfEWFgse1M8rJ3NF/view,,2023/cooch_behar/final_form_a1_b1.rar,CBR FINAL ORDER  FORM A1 B1/Tufanganj-II/form A1@Gp Rampur l Tufanganj ll.pdf,ready_for_manual_review,,
2023/cooch_behar/extracted/CBR FINAL ORDER  FORM A1 B1/Tufanganj-II/form A1@Gp Rampur ll Tufanganj ll.pdf,Cooch Behar,2023,gp_ward_ps_zp_orders,final,3,2359269,6c2d1b41a90c0477ea24fec1a9a661eacc9478ad967b4803db38de30cf1e0115,0,https://drive.google.com/file/d/1Q3YxcYKOnbFIoqI4RfEWFgse1M8rJ3NF/view,,2023/cooch_behar/final_form_a1_b1.rar,CBR FINAL ORDER  FORM A1 B1/Tufanganj-II/form A1@Gp Rampur ll Tufanganj ll.pdf,ready_for_manual_review,,
2023/cooch_behar/extracted/CBR FINAL ORDER  FORM A1 B1/Tufanganj-II/form A1@Gp Salbari l Tufanganj ll.pdf,Cooch Behar,2023,gp_ward_ps_zp_orders,final,2,2291458,c7b54bc6f91b3453f9a4bbb7ab0e8aeef9d31cd4c6df3cdafc7a617abb79ea90,0,https://drive.google.com/file/d/1Q3YxcYKOnbFIoqI4RfEWFgse1M8rJ3NF/view,,2023/cooch_behar/final_form_a1_b1.rar,CBR FINAL ORDER  FORM A1 B1/Tufanganj-II/form A1@Gp Salbari l Tufanganj ll.pdf,ready_for_manual_review,,
2023/cooch_behar/extracted/CBR FINAL ORDER  FORM A1 B1/Tufanganj-II/form A1@Gp Salbari ll Tufanganj ll.pdf,Cooch Behar,2023,gp_ward_ps_zp_orders,final,2,1507348,2d7eb0b069c3c543142e878728f39348844c6ed3d821dc6a109ed3886c6c178d,0,https://drive.google.com/file/d/1Q3YxcYKOnbFIoqI4RfEWFgse1M8rJ3NF/view,,2023/cooch_behar/final_form_a1_b1.rar,CBR FINAL ORDER  FORM A1 B1/Tufanganj-II/form A1@Gp Salbari ll Tufanganj ll.pdf,ready_for_manual_review,,
2023/cooch_behar/extracted/CBR FINAL ORDER  FORM A1 B1/Tufanganj-II/form B1@PsTufanganj ll.pdf,Cooch Behar,2023,gp_ward_ps_zp_orders,final,2,1627414,87ce09d6b28eb976a94d38d7ad6f99736d068880cb502436a4f88485a13dfe69,0,https://drive.google.com/file/d/1Q3YxcYKOnbFIoqI4RfEWFgse1M8rJ3NF/view,,2023/cooch_behar/final_form_a1_b1.rar,CBR FINAL ORDER  FORM A1 B1/Tufanganj-II/form B1@PsTufanganj ll.pdf,ready_for_manual_review,,
2023/cooch_behar/extracted/CBR FINAL ORDER  FORM A1 B1/Tufanganj-II/formA1@Gp Bhanukumari l Tufanganj ll.pdf,Cooch Behar,2023,gp_ward_ps_zp_orders,final,3,2024174,13ae9fa0ba9ada5959d0ee87388a65235b106664f327da0d293a5d99d68195ba,0,https://drive.google.com/file/d/1Q3YxcYKOnbFIoqI4RfEWFgse1M8rJ3NF/view,,2023/cooch_behar/final_form_a1_b1.rar,CBR FINAL ORDER  FORM A1 B1/Tufanganj-II/formA1@Gp Bhanukumari l Tufanganj ll.pdf,ready_for_manual_review,,
2023/cooch_behar/extracted/CBR FINAL ORDER  FORM A1 B1/Tufanganj-II/formA1@Gp Mahiskuchi l Tufanganj ll.pdf,Cooch Behar,2023,gp_ward_ps_zp_orders,final,2,1414864,739ee4ab409864efee1318d5b6da535c2c2d5bddeaeb0ec3cc79cfa459128c1b,0,https://drive.google.com/file/d/1Q3YxcYKOnbFIoqI4RfEWFgse1M8rJ3NF/view,,2023/cooch_behar/final_form_a1_b1.rar,CBR FINAL ORDER  FORM A1 B1/Tufanganj-II/formA1@Gp Mahiskuchi l Tufanganj ll.pdf,ready_for_manual_review,,
2023/cooch_behar/extracted/CBR FINAL ORDER  FORM A1 B1/Tufanganj-II/formA1@Gp Mahiskuchi ll Tufanganj ll.pdf,Cooch Behar,2023,gp_ward_ps_zp_orders,final,2,1568156,eb6e111f31a1283b18e9171d4b97dda14dc5d78812400bf23b75a2f3c42d4943,0,https://drive.google.com/file/d/1Q3YxcYKOnbFIoqI4RfEWFgse1M8rJ3NF/view,,2023/cooch_behar/final_form_a1_b1.rar,CBR FINAL ORDER  FORM A1 B1/Tufanganj-II/formA1@Gp Mahiskuchi ll Tufanganj ll.pdf,ready_for_manual_review,,
2023/cooch_behar/extracted/CBR FINAL ORDER  FORM A1 B1/from A & B Mekliganj block/Foom-B1_ Mekliganj block.pdf,Cooch Behar,2023,gp_ward_ps_zp_orders,final,2,522310,26c27bd1f05366df048b14cfbd67ca40229390fdd55c42fa18e1e02df4183ad1,0,https://drive.google.com/file/d/1Q3YxcYKOnbFIoqI4RfEWFgse1M8rJ3NF/view,,2023/cooch_behar/final_form_a1_b1.rar,CBR FINAL ORDER  FORM A1 B1/from A & B Mekliganj block/Foom-B1_ Mekliganj block.pdf,ready_for_manual_review,,
2023/cooch_behar/extracted/CBR FINAL ORDER  FORM A1 B1/from A & B Mekliganj block/ZP FINAL ORDER.pdf,Cooch Behar,2023,gp_ward_ps_zp_orders,final,4,489041,d315f43a4878095e7e8da11c56ad894cc4ef123ba6d4382cf874443335d46d94,6143,https://drive.google.com/file/d/1Q3YxcYKOnbFIoqI4RfEWFgse1M8rJ3NF/view,,2023/cooch_behar/final_form_a1_b1.rar,CBR FINAL ORDER  FORM A1 B1/from A & B Mekliganj block/ZP FINAL ORDER.pdf,ready_for_manual_review,2023/cooch_behar/extracted/CBR FINAL ORDER  FORM A1 B1/Cooch Behar-I/ZP FINAL ORDER.pdf,
2023/cooch_behar/extracted/CBR FINAL ORDER  FORM A1 B1/from A & B Mekliganj block/from _A_ Kuchilibari_Makliganj.pdf,Cooch Behar,2023,gp_ward_ps_zp_orders,final,3,499953,3660646cabd01b29b1a3a5eb3139c1833bff32965a2db21248626a4e00ee7e76,0,https://drive.google.com/file/d/1Q3YxcYKOnbFIoqI4RfEWFgse1M8rJ3NF/view,,2023/cooch_behar/final_form_a1_b1.rar,CBR FINAL ORDER  FORM A1 B1/from A & B Mekliganj block/from _A_ Kuchilibari_Makliganj.pdf,ready_for_manual_review,,
2023/cooch_behar/extracted/CBR FINAL ORDER  FORM A1 B1/from A & B Mekliganj block/from_A_ Bag FulkaDabri_Mekliganj.pdf,Cooch Behar,2023,gp_ward_ps_zp_orders,final,2,386234,ee92b02f1a970f31fb6c5525e14f35b5629ac1f0403c675195896a466ec3038a,0,https://drive.google.com/file/d/1Q3YxcYKOnbFIoqI4RfEWFgse1M8rJ3NF/view,,2023/cooch_behar/final_form_a1_b1.rar,CBR FINAL ORDER  FORM A1 B1/from A & B Mekliganj block/from_A_ Bag FulkaDabri_Mekliganj.pdf,ready_for_manual_review,,
2023/cooch_behar/extracted/CBR FINAL ORDER  FORM A1 B1/from A & B Mekliganj block/from_A_ Changrabandha_Mekliganj.pdf,Cooch Behar,2023,gp_ward_ps_zp_orders,final,4,1966015,b56a366bca3e10e34c9ce722bd9d859ea571e5da76c4a253d2d2db1c61e66ab2,0,https://drive.google.com/file/d/1Q3YxcYKOnbFIoqI4RfEWFgse1M8rJ3NF/view,,2023/cooch_behar/final_form_a1_b1.rar,CBR FINAL ORDER  FORM A1 B1/from A & B Mekliganj block/from_A_ Changrabandha_Mekliganj.pdf,ready_for_manual_review,,
2023/cooch_behar/extracted/CBR FINAL ORDER  FORM A1 B1/from A & B Mekliganj block/from_A_ Niztraf_Mekliganj.pdf,Cooch Behar,2023,gp_ward_ps_zp_orders,final,2,358952,696643250956df55eaeb082feb83034d5b84470868a71af58218fb2ff453a586,0,https://drive.google.com/file/d/1Q3YxcYKOnbFIoqI4RfEWFgse1M8rJ3NF/view,,2023/cooch_behar/final_form_a1_b1.rar,CBR FINAL ORDER  FORM A1 B1/from A & B Mekliganj block/from_A_ Niztraf_Mekliganj.pdf,ready_for_manual_review,,
2023/cooch_behar/extracted/CBR FINAL ORDER  FORM A1 B1/from A & B Mekliganj block/from_A_Bhotbari_Mekliganj.pdf,Cooch Behar,2023,gp_ward_ps_zp_orders,final,2,351814,8acfdfe2bf48ff8df356bc74ecc2e6c5b7b437a56dc3e4a4e96a231930b8deea,0,https://drive.google.com/file/d/1Q3YxcYKOnbFIoqI4RfEWFgse1M8rJ3NF/view,,2023/cooch_behar/final_form_a1_b1.rar,CBR FINAL ORDER  FORM A1 B1/from A & B Mekliganj block/from_A_Bhotbari_Mekliganj.pdf,ready_for_manual_review,,
2023/cooch_behar/extracted/CBR FINAL ORDER  FORM A1 B1/from A & B Mekliganj block/from_A_Jamaldaha_Mekliganj.pdf,Cooch Behar,2023,gp_ward_ps_zp_orders,final,3,494293,cd83c4bb575bc6b3639601a7ac176832d83e3323c9dfdba96ca9e7b5111978e0,0,https://drive.google.com/file/d/1Q3YxcYKOnbFIoqI4RfEWFgse1M8rJ3NF/view,,2023/cooch_behar/final_form_a1_b1.rar,CBR FINAL ORDER  FORM A1 B1/from A & B Mekliganj block/from_A_Jamaldaha_Mekliganj.pdf,ready_for_manual_review,,
2023/cooch_behar/extracted/CBR FINAL ORDER  FORM A1 B1/from A & B Mekliganj block/from_A_Ranirhat_Mekliganj.pdf,Cooch Behar,2023,gp_ward_ps_zp_orders,final,3,484369,d31f64adb0c0340864c3572c6848825c249000e168c93bef42a231e32e51da4a,0,https://drive.google.com/file/d/1Q3YxcYKOnbFIoqI4RfEWFgse1M8rJ3NF/view,,2023/cooch_behar/final_form_a1_b1.rar,CBR FINAL ORDER  FORM A1 B1/from A & B Mekliganj block/from_A_Ranirhat_Mekliganj.pdf,ready_for_manual_review,,
2023/cooch_behar/extracted/CBR FINAL ORDER  FORM A1 B1/from A & B Mekliganj block/from_A_Uchilpukuri_Mekliganj.pdf,Cooch Behar,2023,gp_ward_ps_zp_orders,final,4,629097,cd5d40059734f123f2b4855fae9046754819c9c0c1afb511ebeab2907c54168e,0,https://drive.google.com/file/d/1Q3YxcYKOnbFIoqI4RfEWFgse1M8rJ3NF/view,,2023/cooch_behar/final_form_a1_b1.rar,CBR FINAL ORDER  FORM A1 B1/from A & B Mekliganj block/from_A_Uchilpukuri_Mekliganj.pdf,ready_for_manual_review,,
2023/gp_sources/birbhum_bolpur_sriniketan_form_a1_5_mb.pdf,Birbhum,2023,gp_ward,final,15,5564943,b02635e0f17d89ee7ab7fb54a295c6d1747a788d6a22a5b909dd295208c7aaaa,0,https://cdn.s3waas.gov.in/s3fc3cf452d3da8402bebb765225ce8c0e/uploads/2022/11/2022112643.pdf,,,,ready_for_manual_review,,
2023/gp_sources/birbhum_dubrajpur_form_a1_4_mb.pdf,Birbhum,2023,gp_ward,final,10,4568953,f548e9f2496967e40984522811e56c991aeebd11d52c62359c63cdbf2751b109,0,https://cdn.s3waas.gov.in/s3fc3cf452d3da8402bebb765225ce8c0e/uploads/2022/11/2022112683.pdf,,,,ready_for_manual_review,,
2023/gp_sources/birbhum_form_1b_prodhan_2_mb.pdf,Birbhum,2023,gp_head,final,6,1851805,3d2bcfd846d98b2e0b02fa2d644686bcecbe023e9014577d3349a9c877497250,0,https://cdn.s3waas.gov.in/s3fc3cf452d3da8402bebb765225ce8c0e/uploads/2022/12/2022123081.pdf,,,,ready_for_manual_review,,
2023/gp_sources/birbhum_form_1b_upa_pradhan_723_kb.pdf,Birbhum,2023,gp_deputy,final,2,739961,1c238d8a73dbbc4083f4bcea8dbc3ccca1e4ded7100f7e9d88cbaf0d5eee8fef,0,https://cdn.s3waas.gov.in/s3fc3cf452d3da8402bebb765225ce8c0e/uploads/2022/12/2022123021.pdf,,,,ready_for_manual_review,,
2023/gp_sources/birbhum_illambazar_form_a1_4_mb.pdf,Birbhum,2023,gp_ward,final,10,4674153,cb738c343fdccb5bc3241324e7ccf659d6efb053d2769476843eb9534c922938,0,https://cdn.s3waas.gov.in/s3fc3cf452d3da8402bebb765225ce8c0e/uploads/2022/11/2022112658.pdf,,,,ready_for_manual_review,,
2023/gp_sources/birbhum_khoyrasole_form_a1_5_mb.pdf,Birbhum,2023,gp_ward,final,11,5003042,0cc387ba3020f2a017335a1b29fa0614be4fcd1d42010f845b8c6983cc6e5edc,0,https://cdn.s3waas.gov.in/s3fc3cf452d3da8402bebb765225ce8c0e/uploads/2022/11/2022112664.pdf,,,,ready_for_manual_review,,
2023/gp_sources/birbhum_labpur_form_a1_5_mb.pdf,Birbhum,2023,gp_ward,final,12,5492690,06e6de0bdb1c09e3230ac1c0c85236da78de6555027b49729eb1715a3ee61d78,0,https://cdn.s3waas.gov.in/s3fc3cf452d3da8402bebb765225ce8c0e/uploads/2022/11/2022112680.pdf,,,,ready_for_manual_review,,
2023/gp_sources/birbhum_mayuresawar_i_form_a1_5_mb.pdf,Birbhum,2023,gp_ward,final,16,5686964,15070a7eeaf012f35855a87d06b679aafda9afd773a8caa82031bdca687eb9e3,0,https://cdn.s3waas.gov.in/s3fc3cf452d3da8402bebb765225ce8c0e/uploads/2022/11/2022112612.pdf,,,,ready_for_manual_review,,
2023/gp_sources/birbhum_mayureswar_ii_form_a1_4_mb.pdf,Birbhum,2023,gp_ward,final,12,4367957,b0077327cb698fba4e7f0d8ba70003bd31194749b149061c762acdaec51ed192,0,https://cdn.s3waas.gov.in/s3fc3cf452d3da8402bebb765225ce8c0e/uploads/2022/11/2022112682.pdf,,,,ready_for_manual_review,,
2023/gp_sources/birbhum_md_bazar_form_a1_5_mb.pdf,Birbhum,2023,gp_ward,final,13,5269195,5fa1fdfcf73dedbfc5a6c621ef9f9c86fe33a0000975811b98402666c83d6245,0,https://cdn.s3waas.gov.in/s3fc3cf452d3da8402bebb765225ce8c0e/uploads/2022/11/2022112698.pdf,,,,ready_for_manual_review,,
2023/gp_sources/birbhum_murarai_i_form_a1_5_mb.pdf,Birbhum,2023,gp_ward,final,14,5328571,9b197d0d8a901d7e97d13371857b4202a9e17f2ba9159db10a748dfcac5d0f27,0,https://cdn.s3waas.gov.in/s3fc3cf452d3da8402bebb765225ce8c0e/uploads/2022/11/2022112681.pdf,,,,ready_for_manual_review,,
2023/gp_sources/birbhum_murarai_ii_form_a1_6_mb.pdf,Birbhum,2023,gp_ward,final,17,6365471,4440b007a39f5177529cca52afbbd43695651ed5a00b98e77b7154ec9c39a9da,0,https://cdn.s3waas.gov.in/s3fc3cf452d3da8402bebb765225ce8c0e/uploads/2022/11/2022112697.pdf,,,,ready_for_manual_review,,
2023/gp_sources/birbhum_nalhati_i_form_a1_6_mb.pdf,Birbhum,2023,gp_ward,final,17,6107339,fd1ebf4c6c4aae09268c4c00140626ec7d4d778610511dfcee504b4db34e95ac,0,https://cdn.s3waas.gov.in/s3fc3cf452d3da8402bebb765225ce8c0e/uploads/2022/11/2022112670.pdf,,,,ready_for_manual_review,,
2023/gp_sources/birbhum_nalhati_ii_form_a1_4_mb.pdf,Birbhum,2023,gp_ward,final,11,3913129,f7e2537927d0ee5eb78c9175ca45940270a993d92f03128afc8771d4d2907ad2,0,https://cdn.s3waas.gov.in/s3fc3cf452d3da8402bebb765225ce8c0e/uploads/2022/11/2022112640.pdf,,,,ready_for_manual_review,,
2023/gp_sources/birbhum_nanoor_form_a1_7_mb.pdf,Birbhum,2023,gp_ward,final,19,6971053,4a0e05e97bbc83f8741c554ec002ff3647c1e7deebb8ad91b8f62cc155e9201b,0,https://cdn.s3waas.gov.in/s3fc3cf452d3da8402bebb765225ce8c0e/uploads/2022/11/2022112616-2.pdf,,,,ready_for_manual_review,,
2023/gp_sources/birbhum_rajnagar_form_a1_2_mb.pdf,Birbhum,2023,gp_ward,final,5,2439759,eb1a401dbf09128747eb0f70037f6d48e68e627fbe3705a05e70b4819da61689,0,https://cdn.s3waas.gov.in/s3fc3cf452d3da8402bebb765225ce8c0e/uploads/2022/11/2022112616-3.pdf,,,,ready_for_manual_review,,
2023/gp_sources/birbhum_rampurhat_i_form_a1_5_mb.pdf,Birbhum,2023,gp_ward,final,15,5625554,36d357d51cf4da042c08f4deaaf3c6fae9643c0a00c79fb4a0abe34ee483428e,0,https://cdn.s3waas.gov.in/s3fc3cf452d3da8402bebb765225ce8c0e/uploads/2022/11/2022112660.pdf,,,,ready_for_manual_review,,
2023/gp_sources/birbhum_rampurhat_ii_form_a1_5_mb.pdf,Birbhum,2023,gp_ward,final,14,5410160,603f90abc87da9ce70a64cbac30a66549e67e63b865d081916a27f939d775b21,0,https://cdn.s3waas.gov.in/s3fc3cf452d3da8402bebb765225ce8c0e/uploads/2022/11/2022112654.pdf,,,,ready_for_manual_review,,
2023/gp_sources/birbhum_sainthia_form_a1_6_mb.pdf,Birbhum,2023,gp_ward,final,16,6647652,faf7b83821354847502782c6ea4306035effdc33e077928f2934b05d6bd42595,0,https://cdn.s3waas.gov.in/s3fc3cf452d3da8402bebb765225ce8c0e/uploads/2022/11/2022112675.pdf,,,,ready_for_manual_review,,
2023/gp_sources/birbhum_suri_1_form_a1_3_mb.pdf,Birbhum,2023,gp_ward,final,7,3071064,5190ec489da53c0ec755491b5e1d63028e3289ab4ef1cb46df1b708cbc76bf9b,0,https://cdn.s3waas.gov.in/s3fc3cf452d3da8402bebb765225ce8c0e/uploads/2022/11/2022112681-1.pdf,,,,ready_for_manual_review,,
2023/gp_sources/birbhum_suri_ii_form_a1_3_mb.pdf,Birbhum,2023,gp_ward,final,6,2627178,b81b2a0ddffec8869f7f5a7b1e5e0817a7683b3cd0e2276d7d3638d4afa3c8e7,0,https://cdn.s3waas.gov.in/s3fc3cf452d3da8402bebb765225ce8c0e/uploads/2022/11/2022112696-1.pdf,,,,ready_for_manual_review,,
2023/gp_sources/cooch_behar_final_office_reservations.pdf,Cooch Behar,2023,gp_head;gp_deputy;block_head;block_deputy,final,9,3525755,322ba5a0cfee1abe610e3d00a16966e20ae1b72e6b113746705c81d34a2baea1,0,https://cdn.s3waas.gov.in/s3fbd7939d674997cdb4692d34de8633c4/uploads/2023/01/2023010217.pdf,,,,ready_for_manual_review,,
2023/gp_sources/jalpaiguri_final_office_reservations.pdf,Jalpaiguri,2023,gp_head;gp_deputy;block_head;block_deputy,final,5,3769102,9e759adbc650c67a542622d15113f4a9c55b8296a31e6714b019d6a6aa719d1e,11543,https://cdn.s3waas.gov.in/s3fccb60fb512d13df5083790d64c4d5dd/uploads/2022/12/2022123049.pdf,,,,ready_for_manual_review,,
2023/gp_sources/jalpaiguri_form_a_all_gp_banarhat_2_mb.pdf,Jalpaiguri,2023,gp_ward,draft,15,1652706,6cb6adc734efd26995a47b9c470b69b27b71ee2b4c7f587d0f8480d81b28695d,0,https://cdn.s3waas.gov.in/s3fccb60fb512d13df5083790d64c4d5dd/uploads/2022/10/2022102048.pdf,,,,ready_for_manual_review,,
2023/gp_sources/jalpaiguri_form_a_all_gp_dhupguri_2_mb.pdf,Jalpaiguri,2023,gp_ward,draft,18,2365128,5292ed724a4b15b4ef6fa6c782290d3dffd7dc2aa920c6c97f42b8585490bcac,0,https://cdn.s3waas.gov.in/s3fccb60fb512d13df5083790d64c4d5dd/uploads/2022/10/2022102080.pdf,,,,ready_for_manual_review,,
2023/gp_sources/jalpaiguri_form_a_all_gp_kranti.pdf,Jalpaiguri,2023,gp_ward,draft,16,1308443,12ed42cbd44e08c3df61ebd2c2b9ffefa75a506a05e92c8314a8a9c5bef9ec95,0,https://cdn.s3waas.gov.in/s3fccb60fb512d13df5083790d64c4d5dd/uploads/2022/10/2022102089.pdf,,,,ready_for_manual_review,,
2023/gp_sources/jalpaiguri_form_a_all_gp_mal_2_mb.pdf,Jalpaiguri,2023,gp_ward,draft,19,2009469,e5af6a062a44cb9abbbc7156e536d8e61a3bbc4dc1505d3c40b5df478cd2f3e8,0,https://cdn.s3waas.gov.in/s3fccb60fb512d13df5083790d64c4d5dd/uploads/2022/10/2022102070.pdf,,,,ready_for_manual_review,,
2023/gp_sources/jalpaiguri_form_a_all_gp_matiali_2_mb.pdf,Jalpaiguri,2023,gp_ward,draft,31,2055978,b5cbc1d3becf5eb1dcd714b1e5354d7290ceb6977dfefa1a666dbfe19c3c7a13,0,https://cdn.s3waas.gov.in/s3fccb60fb512d13df5083790d64c4d5dd/uploads/2022/10/2022102094.pdf,,,,ready_for_manual_review,,
2023/gp_sources/jalpaiguri_form_a_all_gp_maynaguri_3_mb.pdf,Jalpaiguri,2023,gp_ward,draft,32,3180780,78f5e97a7f1f3aeaff376cd994c3c6ccd200249594bc580e7cd692562ad24768,0,https://cdn.s3waas.gov.in/s3fccb60fb512d13df5083790d64c4d5dd/uploads/2022/10/2022102063.pdf,,,,ready_for_manual_review,,
2023/gp_sources/jalpaiguri_form_a_all_gp_nagrakata_2_mb.pdf,Jalpaiguri,2023,gp_ward,draft,23,1750465,5abe46f24a9f0f87931764bad967d04412698675a96bdec08d41e17e376c0cd6,0,https://cdn.s3waas.gov.in/s3fccb60fb512d13df5083790d64c4d5dd/uploads/2022/10/2022102014.pdf,,,,ready_for_manual_review,,
2023/gp_sources/jalpaiguri_form_a_all_gp_rajganj_3_mb.pdf,Jalpaiguri,2023,gp_ward,draft,22,2953485,6ac8dcf8fc896e18c6dbda1f9312a1c5db9438334d5803bff123c549b999e9fb,0,https://cdn.s3waas.gov.in/s3fccb60fb512d13df5083790d64c4d5dd/uploads/2022/10/2022102078.pdf,,,,ready_for_manual_review,,
2023/gp_sources/jalpaiguri_form_a_all_gp_sadar_3_mb.pdf,Jalpaiguri,2023,gp_ward,draft,28,3003208,0b039d54d8a3362929e240e17d370fc1e585c5958426cae95a69da5881639b54,0,https://cdn.s3waas.gov.in/s3fccb60fb512d13df5083790d64c4d5dd/uploads/2022/10/2022102096.pdf,,,,ready_for_manual_review,,
gp_source_search/alipurduar_2018_results/extracted/FinalResultofPGE2018/ALL GP PS ZP IA TO IIC/APD-I/ANX-IB.PDF,Alipurduar,2018,gp_ps_zp_results,results,12,915256,b75ee19efec3b1dace3b31f485950ddd1bcc21ada6a9cdba29638bae3c484eb3,10317,http://alipurduar.gov.in/PanchayatGeneralElection2018/FinalResultofPGE2018.zip,http://web.archive.org/web/20220703131738id_/http://alipurduar.gov.in/PanchayatGeneralElection2018/FinalResultofPGE2018.zip,gp_source_search/alipurduar_2018_results/FinalResultofPGE2018.zip,FinalResultofPGE2018/ALL GP PS ZP IA TO IIC/APD-I/ANX-IB.PDF,ready_for_manual_review,,"Annexure IIA has GP constituency reservations, candidates, votes and winners; other annexures include summaries and PS/ZP results."
gp_source_search/alipurduar_2018_results/extracted/FinalResultofPGE2018/ALL GP PS ZP IA TO IIC/APD-I/ANX-IC.PDF,Alipurduar,2018,gp_ps_zp_results,results,1,56461,f9396ea88fce0541ca8b22b7446af076cf05fcdee5a015d8326cacd0730ff9eb,703,http://alipurduar.gov.in/PanchayatGeneralElection2018/FinalResultofPGE2018.zip,http://web.archive.org/web/20220703131738id_/http://alipurduar.gov.in/PanchayatGeneralElection2018/FinalResultofPGE2018.zip,gp_source_search/alipurduar_2018_results/FinalResultofPGE2018.zip,FinalResultofPGE2018/ALL GP PS ZP IA TO IIC/APD-I/ANX-IC.PDF,ready_for_manual_review,,"Annexure IIA has GP constituency reservations, candidates, votes and winners; other annexures include summaries and PS/ZP results."
gp_source_search/alipurduar_2018_results/extracted/FinalResultofPGE2018/ALL GP PS ZP IA TO IIC/APD-I/ANX-IIC.PDF,Alipurduar,2018,gp_ps_zp_results,results,2,145370,67ee53224520e436b764e4f2500fe38bda8fae4da115433bcc5202c1dd8ac73a,1670,http://alipurduar.gov.in/PanchayatGeneralElection2018/FinalResultofPGE2018.zip,http://web.archive.org/web/20220703131738id_/http://alipurduar.gov.in/PanchayatGeneralElection2018/FinalResultofPGE2018.zip,gp_source_search/alipurduar_2018_results/FinalResultofPGE2018.zip,FinalResultofPGE2018/ALL GP PS ZP IA TO IIC/APD-I/ANX-IIC.PDF,ready_for_manual_review,,"Annexure IIA has GP constituency reservations, candidates, votes and winners; other annexures include summaries and PS/ZP results."
gp_source_search/alipurduar_2018_results/extracted/FinalResultofPGE2018/ALL GP PS ZP IA TO IIC/APD-I/APD-I IA.PDF,Alipurduar,2018,gp_ps_zp_results,results,1,64099,223116f5e34c72d88739a00aa548eac0cc57e1f08216558f4fc9e2dcb9b86a1c,864,http://alipurduar.gov.in/PanchayatGeneralElection2018/FinalResultofPGE2018.zip,http://web.archive.org/web/20220703131738id_/http://alipurduar.gov.in/PanchayatGeneralElection2018/FinalResultofPGE2018.zip,gp_source_search/alipurduar_2018_results/FinalResultofPGE2018.zip,FinalResultofPGE2018/ALL GP PS ZP IA TO IIC/APD-I/APD-I IA.PDF,ready_for_manual_review,,"Annexure IIA has GP constituency reservations, candidates, votes and winners; other annexures include summaries and PS/ZP results."
gp_source_search/alipurduar_2018_results/extracted/FinalResultofPGE2018/ALL GP PS ZP IA TO IIC/APD-I/APD-I IIA.PDF,Alipurduar,2018,gp_ps_zp_results,results,20,2456353,b1c7dd2fbdbb46365231f387536f364fc3b2f5b99b4c7c241867ddc593382b50,23041,http://alipurduar.gov.in/PanchayatGeneralElection2018/FinalResultofPGE2018.zip,http://web.archive.org/web/20220703131738id_/http://alipurduar.gov.in/PanchayatGeneralElection2018/FinalResultofPGE2018.zip,gp_source_search/alipurduar_2018_results/FinalResultofPGE2018.zip,FinalResultofPGE2018/ALL GP PS ZP IA TO IIC/APD-I/APD-I IIA.PDF,ready_for_manual_review,,"Annexure IIA has GP constituency reservations, candidates, votes and winners; other annexures include summaries and PS/ZP results."
gp_source_search/alipurduar_2018_results/extracted/FinalResultofPGE2018/ALL GP PS ZP IA TO IIC/APD-II/APD-II GP IA.PDF,Alipurduar,2018,gp_ps_zp_results,results,1,124354,cee41439672bb0c03c7c714df12080642bb1cc5003d9d3e207d6d22e0dfd8ce9,1569,http://alipurduar.gov.in/PanchayatGeneralElection2018/FinalResultofPGE2018.zip,http://web.archive.org/web/20220703131738id_/http://alipurduar.gov.in/PanchayatGeneralElection2018/FinalResultofPGE2018.zip,gp_source_search/alipurduar_2018_results/FinalResultofPGE2018.zip,FinalResultofPGE2018/ALL GP PS ZP IA TO IIC/APD-II/APD-II GP IA.PDF,ready_for_manual_review,,"Annexure IIA has GP constituency reservations, candidates, votes and winners; other annexures include summaries and PS/ZP results."
gp_source_search/alipurduar_2018_results/extracted/FinalResultofPGE2018/ALL GP PS ZP IA TO IIC/APD-II/APD-II GP IIA.PDF,Alipurduar,2018,gp_ps_zp_results,results,15,1957342,c23e10bbe9da55bd5c660dbb34a4587cbeed72e927a9e0a4819b95487c5736cf,18997,http://alipurduar.gov.in/PanchayatGeneralElection2018/FinalResultofPGE2018.zip,http://web.archive.org/web/20220703131738id_/http://alipurduar.gov.in/PanchayatGeneralElection2018/FinalResultofPGE2018.zip,gp_source_search/alipurduar_2018_results/FinalResultofPGE2018.zip,FinalResultofPGE2018/ALL GP PS ZP IA TO IIC/APD-II/APD-II GP IIA.PDF,ready_for_manual_review,,"Annexure IIA has GP constituency reservations, candidates, votes and winners; other annexures include summaries and PS/ZP results."
gp_source_search/alipurduar_2018_results/extracted/FinalResultofPGE2018/ALL GP PS ZP IA TO IIC/APD-II/APD-II PS IB AND IIB.PDF,Alipurduar,2018,gp_ps_zp_results,results,5,745531,3e827a794ed7edd4a6b8353b180aca93c63af471cdb8a9294842d222e1d65e90,8128,http://alipurduar.gov.in/PanchayatGeneralElection2018/FinalResultofPGE2018.zip,http://web.archive.org/web/20220703131738id_/http://alipurduar.gov.in/PanchayatGeneralElection2018/FinalResultofPGE2018.zip,gp_source_search/alipurduar_2018_results/FinalResultofPGE2018.zip,FinalResultofPGE2018/ALL GP PS ZP IA TO IIC/APD-II/APD-II PS IB AND IIB.PDF,ready_for_manual_review,,"Annexure IIA has GP constituency reservations, candidates, votes and winners; other annexures include summaries and PS/ZP results."
gp_source_search/alipurduar_2018_results/extracted/FinalResultofPGE2018/ALL GP PS ZP IA TO IIC/APD-II/APD-II ZP IC AND IIC.PDF,Alipurduar,2018,gp_ps_zp_results,results,2,184416,52b709015ea77896a9b85d7eee1d776c71c8bd9b31a97e7982a20196dd9397f2,2271,http://alipurduar.gov.in/PanchayatGeneralElection2018/FinalResultofPGE2018.zip,http://web.archive.org/web/20220703131738id_/http://alipurduar.gov.in/PanchayatGeneralElection2018/FinalResultofPGE2018.zip,gp_source_search/alipurduar_2018_results/FinalResultofPGE2018.zip,FinalResultofPGE2018/ALL GP PS ZP IA TO IIC/APD-II/APD-II ZP IC AND IIC.PDF,ready_for_manual_review,,"Annexure IIA has GP constituency reservations, candidates, votes and winners; other annexures include summaries and PS/ZP results."
gp_source_search/alipurduar_2018_results/extracted/FinalResultofPGE2018/ALL GP PS ZP IA TO IIC/District IC IIC/Anex_II_C.PDF,Alipurduar,2018,gp_ps_zp_results,results,4,433682,0a9bb716d21cd45071252fdb330930e9bb2faed70c3ef12a3e8927e91e4a7372,4228,http://alipurduar.gov.in/PanchayatGeneralElection2018/FinalResultofPGE2018.zip,http://web.archive.org/web/20220703131738id_/http://alipurduar.gov.in/PanchayatGeneralElection2018/FinalResultofPGE2018.zip,gp_source_search/alipurduar_2018_results/FinalResultofPGE2018.zip,FinalResultofPGE2018/ALL GP PS ZP IA TO IIC/District IC IIC/Anex_II_C.PDF,ready_for_manual_review,,"Annexure IIA has GP constituency reservations, candidates, votes and winners; other annexures include summaries and PS/ZP results."
gp_source_search/alipurduar_2018_results/extracted/FinalResultofPGE2018/ALL GP PS ZP IA TO IIC/District IC IIC/Anex_I_C.PDF,Alipurduar,2018,gp_ps_zp_results,results,1,71601,6f736d144430a877eb022ccc35adc523d47c101b28d8624add9703d7e91dd75a,752,http://alipurduar.gov.in/PanchayatGeneralElection2018/FinalResultofPGE2018.zip,http://web.archive.org/web/20220703131738id_/http://alipurduar.gov.in/PanchayatGeneralElection2018/FinalResultofPGE2018.zip,gp_source_search/alipurduar_2018_results/FinalResultofPGE2018.zip,FinalResultofPGE2018/ALL GP PS ZP IA TO IIC/District IC IIC/Anex_I_C.PDF,ready_for_manual_review,,"Annexure IIA has GP constituency reservations, candidates, votes and winners; other annexures include summaries and PS/ZP results."
gp_source_search/alipurduar_2018_results/extracted/FinalResultofPGE2018/ALL GP PS ZP IA TO IIC/FALAKATA/FALAKATA GP IIA.PDF,Alipurduar,2018,gp_ps_zp_results,results,29,3411810,de4a5b9cce211c608d8f46496192a5a1deefa67c179db581b994b9683467bd5c,32830,http://alipurduar.gov.in/PanchayatGeneralElection2018/FinalResultofPGE2018.zip,http://web.archive.org/web/20220703131738id_/http://alipurduar.gov.in/PanchayatGeneralElection2018/FinalResultofPGE2018.zip,gp_source_search/alipurduar_2018_results/FinalResultofPGE2018.zip,FinalResultofPGE2018/ALL GP PS ZP IA TO IIC/FALAKATA/FALAKATA GP IIA.PDF,ready_for_manual_review,,"Annexure IIA has GP constituency reservations, candidates, votes and winners; other annexures include summaries and PS/ZP results."
gp_source_search/alipurduar_2018_results/extracted/FinalResultofPGE2018/ALL GP PS ZP IA TO IIC/FALAKATA/FALAKATA GP PS ZP IA IB AND IC.PDF,Alipurduar,2018,gp_ps_zp_results,results,3,247271,31728b90ddaae450a322e7dc0d82c586d0a20d24641091e98690650077f183ce,2575,http://alipurduar.gov.in/PanchayatGeneralElection2018/FinalResultofPGE2018.zip,http://web.archive.org/web/20220703131738id_/http://alipurduar.gov.in/PanchayatGeneralElection2018/FinalResultofPGE2018.zip,gp_source_search/alipurduar_2018_results/FinalResultofPGE2018.zip,FinalResultofPGE2018/ALL GP PS ZP IA TO IIC/FALAKATA/FALAKATA GP PS ZP IA IB AND IC.PDF,ready_for_manual_review,,"Annexure IIA has GP constituency reservations, candidates, votes and winners; other annexures include summaries and PS/ZP results."
gp_source_search/alipurduar_2018_results/extracted/FinalResultofPGE2018/ALL GP PS ZP IA TO IIC/FALAKATA/FALAKATA ZP IIC.PDF,Alipurduar,2018,gp_ps_zp_results,results,1,118002,59cbce79552cfc9f63e32afff46c730054ff509f4fe6258354a5ed16d17c5b91,1192,http://alipurduar.gov.in/PanchayatGeneralElection2018/FinalResultofPGE2018.zip,http://web.archive.org/web/20220703131738id_/http://alipurduar.gov.in/PanchayatGeneralElection2018/FinalResultofPGE2018.zip,gp_source_search/alipurduar_2018_results/FinalResultofPGE2018.zip,FinalResultofPGE2018/ALL GP PS ZP IA TO IIC/FALAKATA/FALAKATA ZP IIC.PDF,ready_for_manual_review,,"Annexure IIA has GP constituency reservations, candidates, votes and winners; other annexures include summaries and PS/ZP results."
gp_source_search/alipurduar_2018_results/extracted/FinalResultofPGE2018/ALL GP PS ZP IA TO IIC/FALAKATA/Falakata IIB.PDF,Alipurduar,2018,gp_ps_zp_results,results,5,664888,9cfdc984ce03e6daa5424ee3d0a18c0d46049b8d3369792d2e4268a78b534112,6711,http://alipurduar.gov.in/PanchayatGeneralElection2018/FinalResultofPGE2018.zip,http://web.archive.org/web/20220703131738id_/http://alipurduar.gov.in/PanchayatGeneralElection2018/FinalResultofPGE2018.zip,gp_source_search/alipurduar_2018_results/FinalResultofPGE2018.zip,FinalResultofPGE2018/ALL GP PS ZP IA TO IIC/FALAKATA/Falakata IIB.PDF,ready_for_manual_review,,"Annexure IIA has GP constituency reservations, candidates, votes and winners; other annexures include summaries and PS/ZP results."
gp_source_search/alipurduar_2018_results/extracted/FinalResultofPGE2018/ALL GP PS ZP IA TO IIC/FALAKATA/Falakata Rectified IB.PDF,Alipurduar,2018,gp_ps_zp_results,results,1,77625,7ade25e0a8649a51f42f97aad4eba4768b832661a591eee0a2255932f3942c32,561,http://alipurduar.gov.in/PanchayatGeneralElection2018/FinalResultofPGE2018.zip,http://web.archive.org/web/20220703131738id_/http://alipurduar.gov.in/PanchayatGeneralElection2018/FinalResultofPGE2018.zip,gp_source_search/alipurduar_2018_results/FinalResultofPGE2018.zip,FinalResultofPGE2018/ALL GP PS ZP IA TO IIC/FALAKATA/Falakata Rectified IB.PDF,ready_for_manual_review,,"Annexure IIA has GP constituency reservations, candidates, votes and winners; other annexures include summaries and PS/ZP results."
gp_source_search/alipurduar_2018_results/extracted/FinalResultofPGE2018/ALL GP PS ZP IA TO IIC/KALCHINI/KAL ZP IIC.PDF,Alipurduar,2018,gp_ps_zp_results,results,1,96829,aa9aa2350273ba015b41ef657f64f20c8ba579accc296535bdc057c5bace1b98,1175,http://alipurduar.gov.in/PanchayatGeneralElection2018/FinalResultofPGE2018.zip,http://web.archive.org/web/20220703131738id_/http://alipurduar.gov.in/PanchayatGeneralElection2018/FinalResultofPGE2018.zip,gp_source_search/alipurduar_2018_results/FinalResultofPGE2018.zip,FinalResultofPGE2018/ALL GP PS ZP IA TO IIC/KALCHINI/KAL ZP IIC.PDF,ready_for_manual_review,,"Annexure IIA has GP constituency reservations, candidates, votes and winners; other annexures include summaries and PS/ZP results."
gp_source_search/alipurduar_2018_results/extracted/FinalResultofPGE2018/ALL GP PS ZP IA TO IIC/KALCHINI/KALCHINI GP  IA AND IIA.PDF,Alipurduar,2018,gp_ps_zp_results,results,18,2940761,2b464310bd66efa39b8cbe583ef26c837305507395a5cbbd0a8944715da41874,34137,http://alipurduar.gov.in/PanchayatGeneralElection2018/FinalResultofPGE2018.zip,http://web.archive.org/web/20220703131738id_/http://alipurduar.gov.in/PanchayatGeneralElection2018/FinalResultofPGE2018.zip,gp_source_search/alipurduar_2018_results/FinalResultofPGE2018.zip,FinalResultofPGE2018/ALL GP PS ZP IA TO IIC/KALCHINI/KALCHINI GP  IA AND IIA.PDF,ready_for_manual_review,,"Annexure IIA has GP constituency reservations, candidates, votes and winners; other annexures include summaries and PS/ZP results."
gp_source_search/alipurduar_2018_results/extracted/FinalResultofPGE2018/ALL GP PS ZP IA TO IIC/KALCHINI/KALCHINI PS IB AND IIB.PDF,Alipurduar,2018,gp_ps_zp_results,results,4,492523,280e1e3d6167a47db52178b0b2fd082d318771a07d3fc78f8ae05715ce8922c9,4855,http://alipurduar.gov.in/PanchayatGeneralElection2018/FinalResultofPGE2018.zip,http://web.archive.org/web/20220703131738id_/http://alipurduar.gov.in/PanchayatGeneralElection2018/FinalResultofPGE2018.zip,gp_source_search/alipurduar_2018_results/FinalResultofPGE2018.zip,FinalResultofPGE2018/ALL GP PS ZP IA TO IIC/KALCHINI/KALCHINI PS IB AND IIB.PDF,ready_for_manual_review,,"Annexure IIA has GP constituency reservations, candidates, votes and winners; other annexures include summaries and PS/ZP results."
gp_source_search/alipurduar_2018_results/extracted/FinalResultofPGE2018/ALL GP PS ZP IA TO IIC/KALCHINI/KALCHINI ZP IC AND IIC.PDF,Alipurduar,2018,gp_ps_zp_results,results,2,152329,333268e99c74a91f6a8d1c6c6e50ec7a8411a9e10f96bc749c815b891a3f717d,1713,http://alipurduar.gov.in/PanchayatGeneralElection2018/FinalResultofPGE2018.zip,http://web.archive.org/web/20220703131738id_/http://alipurduar.gov.in/PanchayatGeneralElection2018/FinalResultofPGE2018.zip,gp_source_search/alipurduar_2018_results/FinalResultofPGE2018.zip,FinalResultofPGE2018/ALL GP PS ZP IA TO IIC/KALCHINI/KALCHINI ZP IC AND IIC.PDF,ready_for_manual_review,,"Annexure IIA has GP constituency reservations, candidates, votes and winners; other annexures include summaries and PS/ZP results."
gp_source_search/alipurduar_2018_results/extracted/FinalResultofPGE2018/ALL GP PS ZP IA TO IIC/KUMARGRAM/KUMAR GP IA AND IIA.PDF,Alipurduar,2018,gp_ps_zp_results,results,15,2683455,d5929eff785447c72aa3f6c2299a29bb195dedf9d31822c6461c0e64a16360d6,23229,http://alipurduar.gov.in/PanchayatGeneralElection2018/FinalResultofPGE2018.zip,http://web.archive.org/web/20220703131738id_/http://alipurduar.gov.in/PanchayatGeneralElection2018/FinalResultofPGE2018.zip,gp_source_search/alipurduar_2018_results/FinalResultofPGE2018.zip,FinalResultofPGE2018/ALL GP PS ZP IA TO IIC/KUMARGRAM/KUMAR GP IA AND IIA.PDF,ready_for_manual_review,,"Annexure IIA has GP constituency reservations, candidates, votes and winners; other annexures include summaries and PS/ZP results."
gp_source_search/alipurduar_2018_results/extracted/FinalResultofPGE2018/ALL GP PS ZP IA TO IIC/KUMARGRAM/KUMAR PS IB AND IIB PART1.PDF,Alipurduar,2018,gp_ps_zp_results,results,2,266244,c4c410742823792623b4ec4ee0b0dd8af42aea09e7f84fd5960ef321603cb033,2693,http://alipurduar.gov.in/PanchayatGeneralElection2018/FinalResultofPGE2018.zip,http://web.archive.org/web/20220703131738id_/http://alipurduar.gov.in/PanchayatGeneralElection2018/FinalResultofPGE2018.zip,gp_source_search/alipurduar_2018_results/FinalResultofPGE2018.zip,FinalResultofPGE2018/ALL GP PS ZP IA TO IIC/KUMARGRAM/KUMAR PS IB AND IIB PART1.PDF,ready_for_manual_review,,"Annexure IIA has GP constituency reservations, candidates, votes and winners; other annexures include summaries and PS/ZP results."
gp_source_search/alipurduar_2018_results/extracted/FinalResultofPGE2018/ALL GP PS ZP IA TO IIC/KUMARGRAM/KUMAR PS IB AND IIB PART2.PDF,Alipurduar,2018,gp_ps_zp_results,results,2,280529,571f3c5bd4a47c4057b029f1c26f0dd043a82d2b3f7c8c4978fb8ccb48762695,2875,http://alipurduar.gov.in/PanchayatGeneralElection2018/FinalResultofPGE2018.zip,http://web.archive.org/web/20220703131738id_/http://alipurduar.gov.in/PanchayatGeneralElection2018/FinalResultofPGE2018.zip,gp_source_search/alipurduar_2018_results/FinalResultofPGE2018.zip,FinalResultofPGE2018/ALL GP PS ZP IA TO IIC/KUMARGRAM/KUMAR PS IB AND IIB PART2.PDF,ready_for_manual_review,,"Annexure IIA has GP constituency reservations, candidates, votes and winners; other annexures include summaries and PS/ZP results."
gp_source_search/alipurduar_2018_results/extracted/FinalResultofPGE2018/ALL GP PS ZP IA TO IIC/KUMARGRAM/KUMAR PS IB AND IIB PART3.PDF,Alipurduar,2018,gp_ps_zp_results,results,1,131972,4589ce4995003666aed53d552a56b91078feb7b162c1206c6e6b97295c7208d5,1154,http://alipurduar.gov.in/PanchayatGeneralElection2018/FinalResultofPGE2018.zip,http://web.archive.org/web/20220703131738id_/http://alipurduar.gov.in/PanchayatGeneralElection2018/FinalResultofPGE2018.zip,gp_source_search/alipurduar_2018_results/FinalResultofPGE2018.zip,FinalResultofPGE2018/ALL GP PS ZP IA TO IIC/KUMARGRAM/KUMAR PS IB AND IIB PART3.PDF,ready_for_manual_review,,"Annexure IIA has GP constituency reservations, candidates, votes and winners; other annexures include summaries and PS/ZP results."
gp_source_search/alipurduar_2018_results/extracted/FinalResultofPGE2018/ALL GP PS ZP IA TO IIC/KUMARGRAM/KUMAR PS IB AND IIB.PDF,Alipurduar,2018,gp_ps_zp_results,results,2,212025,975c9b245ea0187c326d4274b3750d5f66ac26d2b64fc81277db5df28039b0d3,2078,http://alipurduar.gov.in/PanchayatGeneralElection2018/FinalResultofPGE2018.zip,http://web.archive.org/web/20220703131738id_/http://alipurduar.gov.in/PanchayatGeneralElection2018/FinalResultofPGE2018.zip,gp_source_search/alipurduar_2018_results/FinalResultofPGE2018.zip,FinalResultofPGE2018/ALL GP PS ZP IA TO IIC/KUMARGRAM/KUMAR PS IB AND IIB.PDF,ready_for_manual_review,,"Annexure IIA has GP constituency reservations, candidates, votes and winners; other annexures include summaries and PS/ZP results."
gp_source_search/alipurduar_2018_results/extracted/FinalResultofPGE2018/ALL GP PS ZP IA TO IIC/KUMARGRAM/KUMAR ZP IC AND IIC.PDF,Alipurduar,2018,gp_ps_zp_results,results,2,185115,2b93cfcbbcadd2f3c86b20710e3ab6430d54ef1f0bee017bee043c09c5ccea75,1402,http://alipurduar.gov.in/PanchayatGeneralElection2018/FinalResultofPGE2018.zip,http://web.archive.org/web/20220703131738id_/http://alipurduar.gov.in/PanchayatGeneralElection2018/FinalResultofPGE2018.zip,gp_source_search/alipurduar_2018_results/FinalResultofPGE2018.zip,FinalResultofPGE2018/ALL GP PS ZP IA TO IIC/KUMARGRAM/KUMAR ZP IC AND IIC.PDF,ready_for_manual_review,,"Annexure IIA has GP constituency reservations, candidates, votes and winners; other annexures include summaries and PS/ZP results."
gp_source_search/alipurduar_2018_results/extracted/FinalResultofPGE2018/ALL GP PS ZP IA TO IIC/MDT/A1B1C1A2B2C2.PDF,Alipurduar,2018,gp_ps_zp_results,results,24,27596483,bdee20d0b659b47ee0c5e0794ee4173ed4569f2b7e1ac1a32bed1ec439ecdf77,27185,http://alipurduar.gov.in/PanchayatGeneralElection2018/FinalResultofPGE2018.zip,http://web.archive.org/web/20220703131738id_/http://alipurduar.gov.in/PanchayatGeneralElection2018/FinalResultofPGE2018.zip,gp_source_search/alipurduar_2018_results/FinalResultofPGE2018.zip,FinalResultofPGE2018/ALL GP PS ZP IA TO IIC/MDT/A1B1C1A2B2C2.PDF,ready_for_manual_review,,"Annexure IIA has GP constituency reservations, candidates, votes and winners; other annexures include summaries and PS/ZP results."
gp_source_search/archived_district_files/bankura_Panch_elec.htm,Bankura,,source_to_review,unclassified,,25357,c22f02764fbc9db91b2364ba1056c55feaecc5361ae7348d733bf28773887fe4,,http://www.bankura.nic.in:80/Panch_elec.htm,http://web.archive.org/web/20130627105314id_/http://www.bankura.nic.in/Panch_elec.htm,,,ready_for_manual_review,,Year and form stage require document-level review unless stated elsewhere in the search report.
gp_source_search/archived_district_files/bankura_panchayat_report.htm,Bankura,,source_to_review,unclassified,,316912,4f82b28c381b72645021cc01d36cd8cb0f5879fa90fb5dbe5939ef21f609f426,,http://bankura.nic.in/bankura1/report/panchayat_report.htm,http://web.archive.org/web/20090410004739id_/http://bankura.nic.in/bankura1/report/panchayat_report.htm,,,ready_for_manual_review,,Year and form stage require document-level review unless stated elsewhere in the search report.
gp_source_search/archived_district_files/extracted/1B_Pradhan/1B_Pradhan_Arsha.pdf,Purulia,2018,gp_head,final,1,681039,af827949bd338cf1cc36a7fb2bcf305580a72407e60b34e84401f2c815c4fdda,2116,http://purulia.gov.in/services/notice/general/1B_Pradhan.zip,https://web.archive.org/web/20190404175359id_/http://purulia.gov.in/services/notice/general/1B_Pradhan.zip,gp_source_search/archived_district_files/purulia_1B_Pradhan.zip,1B_Pradhan/1B_Pradhan_Arsha.pdf,ready_for_manual_review,,
gp_source_search/archived_district_files/extracted/1B_Pradhan/1B_Pradhan_Baghmundi.pdf,Purulia,2018,gp_head,final,1,684038,98661ff133719a2aac53af02075e9047092b6f1fe947d4ba77d067537ff285c0,2063,http://purulia.gov.in/services/notice/general/1B_Pradhan.zip,https://web.archive.org/web/20190404175359id_/http://purulia.gov.in/services/notice/general/1B_Pradhan.zip,gp_source_search/archived_district_files/purulia_1B_Pradhan.zip,1B_Pradhan/1B_Pradhan_Baghmundi.pdf,ready_for_manual_review,,
gp_source_search/archived_district_files/extracted/1B_Pradhan/1B_Pradhan_Balarampur.pdf,Purulia,2018,gp_head,final,1,681811,9f28a3b99dcae4e1b0b519a714bc0eebd1e6ab0dd91319e38205240e80df5b02,2000,http://purulia.gov.in/services/notice/general/1B_Pradhan.zip,https://web.archive.org/web/20190404175359id_/http://purulia.gov.in/services/notice/general/1B_Pradhan.zip,gp_source_search/archived_district_files/purulia_1B_Pradhan.zip,1B_Pradhan/1B_Pradhan_Balarampur.pdf,ready_for_manual_review,,
gp_source_search/archived_district_files/extracted/1B_Pradhan/1B_Pradhan_Bandwan.pdf,Purulia,2018,gp_head,final,1,678491,770d44ae0818307cd876953f6ee9d602e86df07628853f9ae04f11434cc16cc6,2005,http://purulia.gov.in/services/notice/general/1B_Pradhan.zip,https://web.archive.org/web/20190404175359id_/http://purulia.gov.in/services/notice/general/1B_Pradhan.zip,gp_source_search/archived_district_files/purulia_1B_Pradhan.zip,1B_Pradhan/1B_Pradhan_Bandwan.pdf,ready_for_manual_review,,
gp_source_search/archived_district_files/extracted/1B_Pradhan/1B_Pradhan_Barabazar.pdf,Purulia,2018,gp_head,final,1,690713,60800840e9d943858ca2ab41312973c6bb42e623069a875032a0d3e553efba85,2138,http://purulia.gov.in/services/notice/general/1B_Pradhan.zip,https://web.archive.org/web/20190404175359id_/http://purulia.gov.in/services/notice/general/1B_Pradhan.zip,gp_source_search/archived_district_files/purulia_1B_Pradhan.zip,1B_Pradhan/1B_Pradhan_Barabazar.pdf,ready_for_manual_review,,
gp_source_search/archived_district_files/extracted/1B_Pradhan/1B_Pradhan_Hura.pdf,Purulia,2018,gp_head,final,1,691241,da676f63c655adf4727db80e2d05a6f9cd7bd495fdff061c531c226ba83a1a15,2142,http://purulia.gov.in/services/notice/general/1B_Pradhan.zip,https://web.archive.org/web/20190404175359id_/http://purulia.gov.in/services/notice/general/1B_Pradhan.zip,gp_source_search/archived_district_files/purulia_1B_Pradhan.zip,1B_Pradhan/1B_Pradhan_Hura.pdf,ready_for_manual_review,,
gp_source_search/archived_district_files/extracted/1B_Pradhan/1B_Pradhan_Jhalda-I.pdf,Purulia,2018,gp_head,final,1,680374,1c0af239799e0b72efd4f6c75c0247358281db873a07db2d22caff1d461c28c3,2074,http://purulia.gov.in/services/notice/general/1B_Pradhan.zip,https://web.archive.org/web/20190404175359id_/http://purulia.gov.in/services/notice/general/1B_Pradhan.zip,gp_source_search/archived_district_files/purulia_1B_Pradhan.zip,1B_Pradhan/1B_Pradhan_Jhalda-I.pdf,ready_for_manual_review,,
gp_source_search/archived_district_files/extracted/1B_Pradhan/1B_Pradhan_Jhalda-II.pdf,Purulia,2018,gp_head,final,1,711672,4e836670e255412fe147f96258f7f241b12ae1c620cc43651dc7f59e716e84a9,2186,http://purulia.gov.in/services/notice/general/1B_Pradhan.zip,https://web.archive.org/web/20190404175359id_/http://purulia.gov.in/services/notice/general/1B_Pradhan.zip,gp_source_search/archived_district_files/purulia_1B_Pradhan.zip,1B_Pradhan/1B_Pradhan_Jhalda-II.pdf,ready_for_manual_review,,
gp_source_search/archived_district_files/extracted/1B_Pradhan/1B_Pradhan_Joypur.pdf,Purulia,2018,gp_head,final,1,681231,f08ec747baa252d5ed2aa86888661dcb546c5d7468ccfc51e8cbf6bfbc35f247,2114,http://purulia.gov.in/services/notice/general/1B_Pradhan.zip,https://web.archive.org/web/20190404175359id_/http://purulia.gov.in/services/notice/general/1B_Pradhan.zip,gp_source_search/archived_district_files/purulia_1B_Pradhan.zip,1B_Pradhan/1B_Pradhan_Joypur.pdf,ready_for_manual_review,,
gp_source_search/archived_district_files/extracted/1B_Pradhan/1B_Pradhan_Kashipur.pdf,Purulia,2018,gp_head,final,1,722062,0e0c7cd9988bcb47b3f70aefaad591dc886d44e373d1d79f2182826fb20846d0,2223,http://purulia.gov.in/services/notice/general/1B_Pradhan.zip,https://web.archive.org/web/20190404175359id_/http://purulia.gov.in/services/notice/general/1B_Pradhan.zip,gp_source_search/archived_district_files/purulia_1B_Pradhan.zip,1B_Pradhan/1B_Pradhan_Kashipur.pdf,ready_for_manual_review,,
gp_source_search/archived_district_files/extracted/1B_Pradhan/1B_Pradhan_Manbazar-I.pdf,Purulia,2018,gp_head,final,1,718147,57cc4b307dee750d43185fd6107888d7c377beaefcf8c35d457e7b44e140c04b,2259,http://purulia.gov.in/services/notice/general/1B_Pradhan.zip,https://web.archive.org/web/20190404175359id_/http://purulia.gov.in/services/notice/general/1B_Pradhan.zip,gp_source_search/archived_district_files/purulia_1B_Pradhan.zip,1B_Pradhan/1B_Pradhan_Manbazar-I.pdf,ready_for_manual_review,,
gp_source_search/archived_district_files/extracted/1B_Pradhan/1B_Pradhan_Manbazar-II.pdf,Purulia,2018,gp_head,final,1,677091,17c5bc08541132df60f4aa97b202dbd253529ea9637a0065a984d107e92f8aa4,2121,http://purulia.gov.in/services/notice/general/1B_Pradhan.zip,https://web.archive.org/web/20190404175359id_/http://purulia.gov.in/services/notice/general/1B_Pradhan.zip,gp_source_search/archived_district_files/purulia_1B_Pradhan.zip,1B_Pradhan/1B_Pradhan_Manbazar-II.pdf,ready_for_manual_review,,
gp_source_search/archived_district_files/extracted/1B_Pradhan/1B_Pradhan_Neturia.pdf,Purulia,2018,gp_head,final,1,676915,b8212d4c31794e14f24bfc2da93af90f7c093f6f2d19fe9819112a3d3238c16e,2115,http://purulia.gov.in/services/notice/general/1B_Pradhan.zip,https://web.archive.org/web/20190404175359id_/http://purulia.gov.in/services/notice/general/1B_Pradhan.zip,gp_source_search/archived_district_files/purulia_1B_Pradhan.zip,1B_Pradhan/1B_Pradhan_Neturia.pdf,ready_for_manual_review,,
gp_source_search/archived_district_files/extracted/1B_Pradhan/1B_Pradhan_Para.pdf,Purulia,2018,gp_head,final,1,686121,fa6fdace562a43f290da44a74046ccd479b808dbc9ff334ae6904957ab1dde49,2128,http://purulia.gov.in/services/notice/general/1B_Pradhan.zip,https://web.archive.org/web/20190404175359id_/http://purulia.gov.in/services/notice/general/1B_Pradhan.zip,gp_source_search/archived_district_files/purulia_1B_Pradhan.zip,1B_Pradhan/1B_Pradhan_Para.pdf,ready_for_manual_review,,
gp_source_search/archived_district_files/extracted/1B_Pradhan/1B_Pradhan_Puncha.pdf,Purulia,2018,gp_head,final,1,685445,a8e3f07d43f4841247270dd89f43ee2e7e81e7157d3b6cf40cdb26828b32769c,2128,http://purulia.gov.in/services/notice/general/1B_Pradhan.zip,https://web.archive.org/web/20190404175359id_/http://purulia.gov.in/services/notice/general/1B_Pradhan.zip,gp_source_search/archived_district_files/purulia_1B_Pradhan.zip,1B_Pradhan/1B_Pradhan_Puncha.pdf,ready_for_manual_review,,
gp_source_search/archived_district_files/extracted/1B_Pradhan/1B_Pradhan_Purulia-I.pdf,Purulia,2018,gp_head,final,1,689756,4e16de611616da317c64c13d00737c98b879de960bd0391d061688f3a2f9bf99,2223,http://purulia.gov.in/services/notice/general/1B_Pradhan.zip,https://web.archive.org/web/20190404175359id_/http://purulia.gov.in/services/notice/general/1B_Pradhan.zip,gp_source_search/archived_district_files/purulia_1B_Pradhan.zip,1B_Pradhan/1B_Pradhan_Purulia-I.pdf,ready_for_manual_review,,
gp_source_search/archived_district_files/extracted/1B_Pradhan/1B_Pradhan_Purulia-II.pdf,Purulia,2018,gp_head,final,1,673374,368de826306b52e861ac1a79b4f2ca84bef21e1a4a720f1914f7c12f59d696d8,2132,http://purulia.gov.in/services/notice/general/1B_Pradhan.zip,https://web.archive.org/web/20190404175359id_/http://purulia.gov.in/services/notice/general/1B_Pradhan.zip,gp_source_search/archived_district_files/purulia_1B_Pradhan.zip,1B_Pradhan/1B_Pradhan_Purulia-II.pdf,ready_for_manual_review,,
gp_source_search/archived_district_files/extracted/1B_Pradhan/1B_Pradhan_Raghunathpur-I.pdf,Purulia,2018,gp_head,final,1,666229,28bbcbcec8c616779bc8df1b75208e1c0d48e8d809ed42628c9be87697dfd52d,1966,http://purulia.gov.in/services/notice/general/1B_Pradhan.zip,https://web.archive.org/web/20190404175359id_/http://purulia.gov.in/services/notice/general/1B_Pradhan.zip,gp_source_search/archived_district_files/purulia_1B_Pradhan.zip,1B_Pradhan/1B_Pradhan_Raghunathpur-I.pdf,ready_for_manual_review,,
gp_source_search/archived_district_files/extracted/1B_Pradhan/1B_Pradhan_Raghunathpur-II.pdf,Purulia,2018,gp_head,final,1,667003,272831139ec149626cb7c45811545b32c00bf3e5e7ba92bd2fb34a6f4c301fae,2033,http://purulia.gov.in/services/notice/general/1B_Pradhan.zip,https://web.archive.org/web/20190404175359id_/http://purulia.gov.in/services/notice/general/1B_Pradhan.zip,gp_source_search/archived_district_files/purulia_1B_Pradhan.zip,1B_Pradhan/1B_Pradhan_Raghunathpur-II.pdf,ready_for_manual_review,,
gp_source_search/archived_district_files/extracted/1B_Pradhan/1B_Pradhan_Santuri.pdf,Purulia,2018,gp_head,final,1,660626,1918603942e9afd413f8eadbd7681885da42ea7324f3ca767674c77c14087a9c,2059,http://purulia.gov.in/services/notice/general/1B_Pradhan.zip,https://web.archive.org/web/20190404175359id_/http://purulia.gov.in/services/notice/general/1B_Pradhan.zip,gp_source_search/archived_district_files/purulia_1B_Pradhan.zip,1B_Pradhan/1B_Pradhan_Santuri.pdf,ready_for_manual_review,,
gp_source_search/archived_district_files/extracted/1B_Upa-Pradhan/1B_Upa-Pradhan_Arsha.pdf,Purulia,2018,gp_deputy,final,1,654834,318fe8e2272ac224c380b3b2cd322531cf6fd8eace410a67a1626a1f4535b2c5,2068,http://purulia.gov.in/services/notice/general/1B_Upa-Pradhan.zip,https://web.archive.org/web/20190404211110id_/http://purulia.gov.in/services/notice/general/1B_Upa-Pradhan.zip,gp_source_search/archived_district_files/purulia_1B_Upa-Pradhan.zip,1B_Upa-Pradhan/1B_Upa-Pradhan_Arsha.pdf,ready_for_manual_review,,
gp_source_search/archived_district_files/extracted/1B_Upa-Pradhan/1B_Upa-Pradhan_Baghmundi.pdf,Purulia,2018,gp_deputy,final,1,648211,fa3344f75a9928225d95b0a02e1d6ef94f4253a3dd7665aab4f594fcc2cdc2fa,2093,http://purulia.gov.in/services/notice/general/1B_Upa-Pradhan.zip,https://web.archive.org/web/20190404211110id_/http://purulia.gov.in/services/notice/general/1B_Upa-Pradhan.zip,gp_source_search/archived_district_files/purulia_1B_Upa-Pradhan.zip,1B_Upa-Pradhan/1B_Upa-Pradhan_Baghmundi.pdf,ready_for_manual_review,,
gp_source_search/archived_district_files/extracted/1B_Upa-Pradhan/1B_Upa-Pradhan_Balarampur.pdf,Purulia,2018,gp_deputy,final,1,641621,78f3a0d22b4855b51b97c6eaa42fe5e6d39992e936f6f0307768d7a1919276d2,2070,http://purulia.gov.in/services/notice/general/1B_Upa-Pradhan.zip,https://web.archive.org/web/20190404211110id_/http://purulia.gov.in/services/notice/general/1B_Upa-Pradhan.zip,gp_source_search/archived_district_files/purulia_1B_Upa-Pradhan.zip,1B_Upa-Pradhan/1B_Upa-Pradhan_Balarampur.pdf,ready_for_manual_review,,
gp_source_search/archived_district_files/extracted/1B_Upa-Pradhan/1B_Upa-Pradhan_Bandwan.pdf,Purulia,2018,gp_deputy,final,1,651228,2d8ec6d056085bcb0e44c963f55107308023497eaf2ddc830b7a8467fe8b6135,2090,http://purulia.gov.in/services/notice/general/1B_Upa-Pradhan.zip,https://web.archive.org/web/20190404211110id_/http://purulia.gov.in/services/notice/general/1B_Upa-Pradhan.zip,gp_source_search/archived_district_files/purulia_1B_Upa-Pradhan.zip,1B_Upa-Pradhan/1B_Upa-Pradhan_Bandwan.pdf,ready_for_manual_review,,
gp_source_search/archived_district_files/extracted/1B_Upa-Pradhan/1B_Upa-Pradhan_Barabazar.pdf,Purulia,2018,gp_deputy,final,1,644188,b28a4e5c95d5f383506577ac10e0a203d6e23531f2b8e286293db4a9c81e09ff,2105,http://purulia.gov.in/services/notice/general/1B_Upa-Pradhan.zip,https://web.archive.org/web/20190404211110id_/http://purulia.gov.in/services/notice/general/1B_Upa-Pradhan.zip,gp_source_search/archived_district_files/purulia_1B_Upa-Pradhan.zip,1B_Upa-Pradhan/1B_Upa-Pradhan_Barabazar.pdf,ready_for_manual_review,,
gp_source_search/archived_district_files/extracted/1B_Upa-Pradhan/1B_Upa-Pradhan_Hura.pdf,Purulia,2018,gp_deputy,final,1,653260,91c7b4cce9929a1ba8765e21c91086d20465df1338783e8b9a43217742d1dbc1,2079,http://purulia.gov.in/services/notice/general/1B_Upa-Pradhan.zip,https://web.archive.org/web/20190404211110id_/http://purulia.gov.in/services/notice/general/1B_Upa-Pradhan.zip,gp_source_search/archived_district_files/purulia_1B_Upa-Pradhan.zip,1B_Upa-Pradhan/1B_Upa-Pradhan_Hura.pdf,ready_for_manual_review,,
gp_source_search/archived_district_files/extracted/1B_Upa-Pradhan/1B_Upa-Pradhan_Jhalda-I.pdf,Purulia,2018,gp_deputy,final,1,658708,cac852734ff55453a4c66e1a33fd9f76c4df55d506bbffb2050cb790050ca561,2112,http://purulia.gov.in/services/notice/general/1B_Upa-Pradhan.zip,https://web.archive.org/web/20190404211110id_/http://purulia.gov.in/services/notice/general/1B_Upa-Pradhan.zip,gp_source_search/archived_district_files/purulia_1B_Upa-Pradhan.zip,1B_Upa-Pradhan/1B_Upa-Pradhan_Jhalda-I.pdf,ready_for_manual_review,,
gp_source_search/archived_district_files/extracted/1B_Upa-Pradhan/1B_Upa-Pradhan_Jhalda-II.pdf,Purulia,2018,gp_deputy,final,1,639035,1513c2ed770c4c97455dd024458565c6ad009beb89422be02b8f00bb869a2b64,2084,http://purulia.gov.in/services/notice/general/1B_Upa-Pradhan.zip,https://web.archive.org/web/20190404211110id_/http://purulia.gov.in/services/notice/general/1B_Upa-Pradhan.zip,gp_source_search/archived_district_files/purulia_1B_Upa-Pradhan.zip,1B_Upa-Pradhan/1B_Upa-Pradhan_Jhalda-II.pdf,ready_for_manual_review,,
gp_source_search/archived_district_files/extracted/1B_Upa-Pradhan/1B_Upa-Pradhan_Joypur.pdf,Purulia,2018,gp_deputy,final,1,641032,30e9edb92459085fcc368dbbd5bece4758ffe5a3373fa20a02513a9946cc6f88,2022,http://purulia.gov.in/services/notice/general/1B_Upa-Pradhan.zip,https://web.archive.org/web/20190404211110id_/http://purulia.gov.in/services/notice/general/1B_Upa-Pradhan.zip,gp_source_search/archived_district_files/purulia_1B_Upa-Pradhan.zip,1B_Upa-Pradhan/1B_Upa-Pradhan_Joypur.pdf,ready_for_manual_review,,
gp_source_search/archived_district_files/extracted/1B_Upa-Pradhan/1B_Upa-Pradhan_Kashipur.pdf,Purulia,2018,gp_deputy,final,1,650750,63eea96148e205712a5015d5160ba0b43284111f11b951ec0ccc8013b15b07db,2079,http://purulia.gov.in/services/notice/general/1B_Upa-Pradhan.zip,https://web.archive.org/web/20190404211110id_/http://purulia.gov.in/services/notice/general/1B_Upa-Pradhan.zip,gp_source_search/archived_district_files/purulia_1B_Upa-Pradhan.zip,1B_Upa-Pradhan/1B_Upa-Pradhan_Kashipur.pdf,ready_for_manual_review,,
gp_source_search/archived_district_files/extracted/1B_Upa-Pradhan/1B_Upa-Pradhan_Manbazar-I.pdf,Purulia,2018,gp_deputy,final,1,657242,a3f907c3efe0e54d2f78c0c2e9c4de673192b4ad13052e809ec820616805ce28,2076,http://purulia.gov.in/services/notice/general/1B_Upa-Pradhan.zip,https://web.archive.org/web/20190404211110id_/http://purulia.gov.in/services/notice/general/1B_Upa-Pradhan.zip,gp_source_search/archived_district_files/purulia_1B_Upa-Pradhan.zip,1B_Upa-Pradhan/1B_Upa-Pradhan_Manbazar-I.pdf,ready_for_manual_review,,
gp_source_search/archived_district_files/extracted/1B_Upa-Pradhan/1B_Upa-Pradhan_Manbazar-II.pdf,Purulia,2018,gp_deputy,final,1,647116,112184f5bb077cb216d80bce9dadf83b43e763cc91c24d6f9c8907b0b0604d91,2091,http://purulia.gov.in/services/notice/general/1B_Upa-Pradhan.zip,https://web.archive.org/web/20190404211110id_/http://purulia.gov.in/services/notice/general/1B_Upa-Pradhan.zip,gp_source_search/archived_district_files/purulia_1B_Upa-Pradhan.zip,1B_Upa-Pradhan/1B_Upa-Pradhan_Manbazar-II.pdf,ready_for_manual_review,,
gp_source_search/archived_district_files/extracted/1B_Upa-Pradhan/1B_Upa-Pradhan_Neturia.pdf,Purulia,2018,gp_deputy,final,1,640109,5b1a2877fd976ed960b3ecd14908d63c1ac9e21b9b595d56265ebe88eba2d289,2029,http://purulia.gov.in/services/notice/general/1B_Upa-Pradhan.zip,https://web.archive.org/web/20190404211110id_/http://purulia.gov.in/services/notice/general/1B_Upa-Pradhan.zip,gp_source_search/archived_district_files/purulia_1B_Upa-Pradhan.zip,1B_Upa-Pradhan/1B_Upa-Pradhan_Neturia.pdf,ready_for_manual_review,,
gp_source_search/archived_district_files/extracted/1B_Upa-Pradhan/1B_Upa-Pradhan_Para.pdf,Purulia,2018,gp_deputy,final,1,666716,39bb3ab0b7ca05a9030dca67cdce7ee16e5228fb93dad9df08a6f1981ee450ad,2127,http://purulia.gov.in/services/notice/general/1B_Upa-Pradhan.zip,https://web.archive.org/web/20190404211110id_/http://purulia.gov.in/services/notice/general/1B_Upa-Pradhan.zip,gp_source_search/archived_district_files/purulia_1B_Upa-Pradhan.zip,1B_Upa-Pradhan/1B_Upa-Pradhan_Para.pdf,ready_for_manual_review,,
gp_source_search/archived_district_files/extracted/1B_Upa-Pradhan/1B_Upa-Pradhan_Puncha.pdf,Purulia,2018,gp_deputy,final,1,647430,a25462f948c7739b43da57281c2b4d9cc3d1847b7ac19f962791e0ff8f0e72b5,2077,http://purulia.gov.in/services/notice/general/1B_Upa-Pradhan.zip,https://web.archive.org/web/20190404211110id_/http://purulia.gov.in/services/notice/general/1B_Upa-Pradhan.zip,gp_source_search/archived_district_files/purulia_1B_Upa-Pradhan.zip,1B_Upa-Pradhan/1B_Upa-Pradhan_Puncha.pdf,ready_for_manual_review,,
gp_source_search/archived_district_files/extracted/1B_Upa-Pradhan/1B_Upa-Pradhan_Purulia-I.pdf,Purulia,2018,gp_deputy,final,1,644799,0f53ed43f261a010c010260fbd0441394eb3a34627cc199fce6f896c2eb31568,2110,http://purulia.gov.in/services/notice/general/1B_Upa-Pradhan.zip,https://web.archive.org/web/20190404211110id_/http://purulia.gov.in/services/notice/general/1B_Upa-Pradhan.zip,gp_source_search/archived_district_files/purulia_1B_Upa-Pradhan.zip,1B_Upa-Pradhan/1B_Upa-Pradhan_Purulia-I.pdf,ready_for_manual_review,,
gp_source_search/archived_district_files/extracted/1B_Upa-Pradhan/1B_Upa-Pradhan_Purulia-II.pdf,Purulia,2018,gp_deputy,final,1,679095,259d0de8b3cebc7ffe302434b92e005eaff1447f6339d1b58886e613bd4936c1,2175,http://purulia.gov.in/services/notice/general/1B_Upa-Pradhan.zip,https://web.archive.org/web/20190404211110id_/http://purulia.gov.in/services/notice/general/1B_Upa-Pradhan.zip,gp_source_search/archived_district_files/purulia_1B_Upa-Pradhan.zip,1B_Upa-Pradhan/1B_Upa-Pradhan_Purulia-II.pdf,ready_for_manual_review,,
gp_source_search/archived_district_files/extracted/1B_Upa-Pradhan/1B_Upa-Pradhan_Raghunathpur-I.pdf,Purulia,2018,gp_deputy,final,1,647374,622baf98c4406989badb3fb9ebdd34b5ddba2853825fa1e2c679bfa7ba4fa1e5,2092,http://purulia.gov.in/services/notice/general/1B_Upa-Pradhan.zip,https://web.archive.org/web/20190404211110id_/http://purulia.gov.in/services/notice/general/1B_Upa-Pradhan.zip,gp_source_search/archived_district_files/purulia_1B_Upa-Pradhan.zip,1B_Upa-Pradhan/1B_Upa-Pradhan_Raghunathpur-I.pdf,ready_for_manual_review,,
gp_source_search/archived_district_files/extracted/1B_Upa-Pradhan/1B_Upa-Pradhan_Raghunathpur-II.pdf,Purulia,2018,gp_deputy,final,1,651183,f505b250611f3e5e83b9a016b4356228be62f5fe97165834373d777c488161b6,2138,http://purulia.gov.in/services/notice/general/1B_Upa-Pradhan.zip,https://web.archive.org/web/20190404211110id_/http://purulia.gov.in/services/notice/general/1B_Upa-Pradhan.zip,gp_source_search/archived_district_files/purulia_1B_Upa-Pradhan.zip,1B_Upa-Pradhan/1B_Upa-Pradhan_Raghunathpur-II.pdf,ready_for_manual_review,,
gp_source_search/archived_district_files/extracted/1B_Upa-Pradhan/1B_Upa-Pradhan_Santuri.pdf,Purulia,2018,gp_deputy,final,1,668964,ad2aff428ec7ae4ce3264d0b899e49a3dc31f58370ac45570a7334c7a1c67f9b,2156,http://purulia.gov.in/services/notice/general/1B_Upa-Pradhan.zip,https://web.archive.org/web/20190404211110id_/http://purulia.gov.in/services/notice/general/1B_Upa-Pradhan.zip,gp_source_search/archived_district_files/purulia_1B_Upa-Pradhan.zip,1B_Upa-Pradhan/1B_Upa-Pradhan_Santuri.pdf,ready_for_manual_review,,
gp_source_search/archived_district_files/malda_Bamongola.pdf,Malda,2013,source_to_review,unclassified,14,6603842,a1311dabd26cf077177a83bed3f32e8665bea1d84413d5c4b460ba6ddbe267df,0,http://malda.nic.in/panchayat2013/Bamongola.pdf,https://web.archive.org/web/20140421055939id_/http://malda.nic.in/panchayat2013/Bamongola.pdf,,,ready_for_manual_review,,Year and form stage require document-level review unless stated elsewhere in the search report.
gp_source_search/archived_district_files/malda_Chanchal-I.pdf,Malda,2013,source_to_review,unclassified,34,15674601,6f8d3ba72cbd20e3f8c8121d16f46d5d9613235d37b6c69c179ecbbff7c9db44,0,http://malda.nic.in/panchayat2013/Chanchal-I.pdf,https://web.archive.org/web/20140706021349id_/http://malda.nic.in/panchayat2013/Chanchal-I.pdf,,,ready_for_manual_review,,Year and form stage require document-level review unless stated elsewhere in the search report.
gp_source_search/archived_district_files/malda_Chanchal-II.pdf,Malda,2013,source_to_review,unclassified,19,8627916,ca5a0aa78e77eba6d81c53a75cb59cddb51a5eaae6b76cf345346db1ab248495,0,http://malda.nic.in/panchayat2013/Chanchal-II.pdf,https://web.archive.org/web/20140421052704id_/http://malda.nic.in/panchayat2013/Chanchal-II.pdf,,,ready_for_manual_review,,Year and form stage require document-level review unless stated elsewhere in the search report.
gp_source_search/archived_district_files/malda_English-Bazar.pdf,Malda,2013,source_to_review,unclassified,33,15956978,e15d6220de0a84d28e87b90c4fa9e24a449a38face609a3605b8691de4c6a48c,0,http://malda.nic.in/panchayat2013/English-Bazar.pdf,http://web.archive.org/web/20140706034911id_/http://malda.nic.in/panchayat2013/English-Bazar.pdf,,,ready_for_manual_review,,Year and form stage require document-level review unless stated elsewhere in the search report.
gp_source_search/archived_district_files/malda_Gazole.pdf,Malda,2013,source_to_review,unclassified,48,19667243,51c85e144ecf93bab44597781ec47bd81263b28c2162486f86ac33e1819423c3,0,http://malda.nic.in/panchayat2013/Gazole.pdf,http://web.archive.org/web/20140706024249id_/http://malda.nic.in/panchayat2013/Gazole.pdf,,,ready_for_manual_review,,Year and form stage require document-level review unless stated elsewhere in the search report.
gp_source_search/archived_district_files/malda_Habibpur.pdf,Malda,2013,source_to_review,unclassified,29,14225769,a003a84344775cf869a174a98a14ba3642deb1664b84ef02c1893ec96789af46,0,http://malda.nic.in/panchayat2013/Habibpur.pdf,http://web.archive.org/web/20140421054125id_/http://malda.nic.in/panchayat2013/Habibpur.pdf,,,ready_for_manual_review,,Year and form stage require document-level review unless stated elsewhere in the search report.
gp_source_search/archived_district_files/malda_Harishchandrapur-I.pdf,Malda,2013,source_to_review,unclassified,23,4753857,1debed752e11004181897ad1b3258b9e73b3980dbb194a2d143c040a9b8f5eb5,0,http://malda.nic.in/panchayat2013/Harishchandrapur-I.pdf,http://web.archive.org/web/20140706025001id_/http://malda.nic.in/panchayat2013/Harishchandrapur-I.pdf,,,ready_for_manual_review,,Year and form stage require document-level review unless stated elsewhere in the search report.
gp_source_search/archived_district_files/malda_Harishchandrapur-II.pdf,Malda,2013,source_to_review,unclassified,19,4409143,d39e135d40c5ed343d4a9b7f48a8cd317d86c71b568b07f92e317dbc16212b44,0,http://malda.nic.in/panchayat2013/Harishchandrapur-II.pdf,http://web.archive.org/web/20140421053158id_/http://malda.nic.in/panchayat2013/Harishchandrapur-II.pdf,,,ready_for_manual_review,,Year and form stage require document-level review unless stated elsewhere in the search report.
gp_source_search/archived_district_files/malda_Kaliachak-I.pdf,Malda,2013,source_to_review,unclassified,44,19850095,bedf78f758f56bd83e8caec8d61d43f0e21ee5c02b1956f3ab6f390d8b240af6,0,http://malda.nic.in/panchayat2013/Kaliachak-I.pdf,https://web.archive.org/web/20140706014346id_/http://malda.nic.in/panchayat2013/Kaliachak-I.pdf,,,ready_for_manual_review,,Year and form stage require document-level review unless stated elsewhere in the search report.
gp_source_search/archived_district_files/malda_Kaliachak-II.pdf,Malda,2013,source_to_review,unclassified,23,10423987,bcc295a285052827d6c6a6f4c0e79fcbca4e958e9b2ea0df42517551424808c4,0,http://malda.nic.in/panchayat2013/Kaliachak-II.pdf,http://web.archive.org/web/20140421054148id_/http://malda.nic.in/panchayat2013/Kaliachak-II.pdf,,,ready_for_manual_review,,Year and form stage require document-level review unless stated elsewhere in the search report.
gp_source_search/archived_district_files/malda_Kaliachak-III.pdf,Malda,2013,source_to_review,unclassified,27,12918685,b2cadcc3904978cc02bbe4242b34f7b50574c7645a760392c039e3f84df066a3,0,http://malda.nic.in/panchayat2013/Kaliachak-III.pdf,http://web.archive.org/web/20140706050112id_/http://malda.nic.in/panchayat2013/Kaliachak-III.pdf,,,ready_for_manual_review,,Year and form stage require document-level review unless stated elsewhere in the search report.
gp_source_search/archived_district_files/malda_Manikchak.pdf,Malda,2013,source_to_review,unclassified,28,10535703,5ef9a2d4956e16fdd3dccfba18a10cb8ab9638a09aebb839dbd198c72c7277b0,0,http://malda.nic.in/panchayat2013/Manikchak.pdf,https://web.archive.org/web/20140421053044id_/http://malda.nic.in/panchayat2013/Manikchak.pdf,,,ready_for_manual_review,,Year and form stage require document-level review unless stated elsewhere in the search report.
gp_source_search/archived_district_files/malda_Ratua-I.pdf,Malda,2013,source_to_review,unclassified,24,11659058,2b774e20bfb70695a997a5716b6be1767099894d62f4885ce5060be92d06db7c,0,http://malda.nic.in/panchayat2013/Ratua-I.pdf,https://web.archive.org/web/20140421052921id_/http://malda.nic.in/panchayat2013/Ratua-I.pdf,,,ready_for_manual_review,,Year and form stage require document-level review unless stated elsewhere in the search report.
gp_source_search/archived_district_files/malda_ZP-Seat-Reservation.pdf,Malda,2013,source_to_review,unclassified,5,2989005,7fb073df78fee76554d9079a396d938706046eb66b52a8a1fdaee9f450ce138e,0,http://malda.nic.in/panchayat2013/ZP-Seat-Reservation.pdf,https://web.archive.org/web/20140421055218id_/http://malda.nic.in/panchayat2013/ZP-Seat-Reservation.pdf,,,ready_for_manual_review,,Year and form stage require document-level review unless stated elsewhere in the search report.
gp_source_search/archived_district_files/purbamedinipur_Members_20of_20Three_20Tier_20Panchayati_20Raj_20Bodies_202014.pdf,Purbamedinipur,,source_to_review,unclassified,1,76181,458b1d4636905b5f02e469f162b096a0dc350ff185984a490fd0245ea4beb4e5,256,http://purbamedinipur.gov.in:80/ZP/ZP-page/Members%20of%20Three%20Tier%20Panchayati%20Raj%20Bodies%202014.pdf,https://web.archive.org/web/20140512102155id_/http://purbamedinipur.gov.in/ZP/ZP-page/Members%20of%20Three%20Tier%20Panchayati%20Raj%20Bodies%202014.pdf,,,ready_for_manual_review,,Year and form stage require document-level review unless stated elsewhere in the search report.
gp_source_search/archived_district_files/purulia_PanchElec_1.pdf,Purulia,2013,election_administration_notice,unclassified,2,669016,38ce86c0341b47fb55891dfdcf14115362392f2bd42f9b99e038a3baaf98bde6,0,http://www.purulia.gov.in:80/services/notice/general/PanchElec_1.pdf,https://web.archive.org/web/20131204135539id_/http://www.purulia.gov.in:80/services/notice/general/PanchElec_1.pdf,,,reference_only,,"Administrative notice, not a reservation or winner schedule; PanchElec_1 concerns observer accommodation."
gp_source_search/archived_district_files/purulia_PanchElec_2.pdf,Purulia,2013,election_administration_notice,unclassified,3,553818,f56d0981d67cfc180cf85a8abab6f3d6a4be5b5c8f0324a76678aa0489844c2e,0,http://www.purulia.gov.in:80/services/notice/general/PanchElec_2.pdf,https://web.archive.org/web/20140211050011id_/http://www.purulia.gov.in:80/services/notice/general/PanchElec_2.pdf,,,reference_only,,"Administrative notice, not a reservation or winner schedule; PanchElec_1 concerns observer accommodation."
gp_source_search/archived_district_files/purulia_PanchElec_3.pdf,Purulia,2013,election_administration_notice,unclassified,1,25355,5baca16e908addd6c705f89ff6151534990a04b1a48c5b3688c37187899746e1,605,http://www.purulia.gov.in:80/services/notice/general/PanchElec_3.pdf,https://web.archive.org/web/20131204135541id_/http://www.purulia.gov.in:80/services/notice/general/PanchElec_3.pdf,,,reference_only,,"Administrative notice, not a reservation or winner schedule; PanchElec_1 concerns observer accommodation."
gp_source_search/archived_district_files/purulia_pge2018.html,Purulia,,source_to_review,unclassified,,9782,7c9c720430b3bace332e3eac4e4e284459f1edd483ba559a609b77a01c5adcab,,http://purulia.gov.in:80/distAdmin/collectorate/prd/pge2018.html,https://web.archive.org/web/20180309011208id_/http://purulia.gov.in:80/distAdmin/collectorate/prd/pge2018.html,,,ready_for_manual_review,,Year and form stage require document-level review unless stated elsewhere in the search report.
gp_source_search/bardhaman/paninfo_book08_20110722093353.pdf,Bardhaman,2008,block_reservation_totals_and_2003_results,pre_election,107,10063787,f4d24d35ceb90bdc93bc06ef9db800c0413f0b5a001fb1087598fc244798907b,113623,http://bardhaman.gov.in/election/paninfo_book08.pdf,https://web.archive.org/web/20110722093353id_/http://bardhaman.gov.in/election/paninfo_book08.pdf,,,ready_for_manual_review,,"107-page 2008 election planning book; block reservation totals and historical 2003 district results, not a 2008 winner list."
gp_source_search/birbhum_2003.pdf,Birbhum,2003,district_results,results,1,15527,d2cdee262e55e9c7ee8825a8d41f955f1948c7fb221904ebf790c89eb6504a5d,961,http://birbhum.nic.in/DPRDO/Panchayat%20Election-2003.pdf,https://web.archive.org/web/20090410094326id_/http://birbhum.nic.in/DPRDO/Panchayat%20Election-2003.pdf,,,ready_for_manual_review,,
gp_source_search/cooch_behar_2018_gp_results.pdf,Cooch Behar,2018,aggregate_results,results,1,105721,9084e88feda8537a1d991cad2f8ce735e4a26c8710fd6817ae84dbe6ec6e76ce,806,https://cdn.s3waas.gov.in/s3fbd7939d674997cdb4692d34de8633c4/uploads/2023/02/2023020714.pdf,https://cdn.s3waas.gov.in/s3fbd7939d674997cdb4692d34de8633c4/uploads/2023/02/2023020714.pdf,,,ready_for_manual_review,,
gp_source_search/followed_links/malda_696e786383.pdf,Malda,2013,gp_ps_reservation_orders,verify_per_document,25,10212429,b056d8882717e8ac47cc5b365a45ca9084c96a34d874a77fa9bcfa2bff42ef43,0,http://malda.nic.in/panchayat2013/Old-Malda.pdf,https://web.archive.org/web/20140706035712if_/http://malda.nic.in/panchayat2013/Old-Malda.pdf,,,ready_for_manual_review,,Old Malda block; recovered through an alternate archive rendition.
gp_source_search/historical_expansion/alipurduar_AT_A_GLANCE_a5fb489b.pdf,Alipurduar,2018,reservation_or_election_source,verify_per_document,1,37326,b49d17531e69ad192a9c0cd0548b6126fb64a2741a68444e72d663840f066501,741,http://alipurduar.gov.in:80/PanchayatGeneralElection2018/AT_A_GLANCE.pdf,http://web.archive.org/web/20180412191627id_/http://alipurduar.gov.in:80/PanchayatGeneralElection2018/AT_A_GLANCE.pdf,,,ready_for_manual_review,,
gp_source_search/historical_expansion/alipurduar_CONSTITUENCY_5fe98655.pdf,Alipurduar,2018,reservation_or_election_source,verify_per_document,56,335724,fd2063117af535c39b67f049573eb3ff1a8fcea3df4ba8c56deb6f6979cdba59,154033,http://alipurduar.gov.in:80/PanchayatGeneralElection2018/CONSTITUENCY.pdf,https://web.archive.org/web/20180412191631id_/http://alipurduar.gov.in/PanchayatGeneralElection2018/CONSTITUENCY.pdf,,,ready_for_manual_review,,
gp_source_search/historical_expansion/alipurduar_ContestingCandidate_786d71d9.pdf,Alipurduar,2018,reservation_or_election_source,verify_per_document,1,87438,a437b52f4a809130e0a936420da7dd7e0c4e10ce794126732b11ef54cccd3265,1011,http://alipurduar.gov.in/PanchayatGeneralElection2018/ContestingCandidate.pdf,http://web.archive.org/web/20220703131818id_/http://alipurduar.gov.in/PanchayatGeneralElection2018/ContestingCandidate.pdf,,,ready_for_manual_review,,
gp_source_search/historical_expansion/alipurduar_OfficeBearer_a3ef850d.pdf,Alipurduar,2018,office_reservation_orders,final,12,6046395,0e5a4e266527973820c56229f712cc7f093670ef61179177f61face3369fa734,12234,http://alipurduar.gov.in:80/PanchayatGeneralElection2018/OfficeBearer.pdf,https://web.archive.org/web/20180412195129id_/http://alipurduar.gov.in/PanchayatGeneralElection2018/OfficeBearer.pdf,,,ready_for_manual_review,,12 pages: state ZP office gazette plus final Alipurduar GP Pradhan/Upa-Pradhan and other office schedules; PDF pages 4-5 contain GP Pradhan order and named GPs.
gp_source_search/historical_expansion/alipurduar_Reort_20on_20Single_20or_20No_20valid_20Nominations25042018_a6c525a7.pdf,Alipurduar,2018,reservation_or_election_source,verify_per_document,1,152031,6033e8192d72e9570c4e8d2db3250f3be58c46ad6394d82bb4284b13af5e537c,2115,http://alipurduar.gov.in/PanchayatGeneralElection2018/Reort%20on%20Single%20or%20No%20valid%20Nominations25042018.pdf,https://web.archive.org/web/20220703131838id_/http://alipurduar.gov.in/PanchayatGeneralElection2018/Reort%20on%20Single%20or%20No%20valid%20Nominations25042018.pdf,,,ready_for_manual_review,,
gp_source_search/historical_expansion/alipurduar_ReportonSingleNIL_ValidNominations_5e34b1f4.pdf,Alipurduar,2018,reservation_or_election_source,verify_per_document,1,147659,666b011e1453bd19b6b2a341a82c2497bd1521811464381758e10de2636556f0,2060,http://alipurduar.gov.in/PanchayatGeneralElection2018/ReportonSingleNIL_ValidNominations.pdf,https://web.archive.org/web/20220703131841id_/http://alipurduar.gov.in/PanchayatGeneralElection2018/ReportonSingleNIL_ValidNominations.pdf,,,ready_for_manual_review,,
gp_source_search/historical_expansion/alipurduar_SeatReservation_6ec10e5a.pdf,Alipurduar,2018,reservation_orders_mixed_tiers,final,104,14485572,a17cf038a2e41d4afebf1724f19c90656dfc4eec40eccece3a3d3ced00ba795f,209594,http://alipurduar.gov.in/PanchayatGeneralElection2018/SeatReservation.pdf,https://web.archive.org/web/20220703131903id_/http://alipurduar.gov.in/PanchayatGeneralElection2018/SeatReservation.pdf,,,ready_for_manual_review,,104 pages of final GP/PS reservations dated 28 December 2017; PDF page 104 has Sishujhumra GP ward reservations.
gp_source_search/historical_expansion/alipurduar_TotalUncontestedSeats_398a668c.pdf,Alipurduar,2018,reservation_or_election_source,verify_per_document,1,66776,f18b8e40f352bbc5cc47c5ed94edbfe99aa7d9ae2ae9fd9c5b30f8e6c1c65067,459,http://alipurduar.gov.in/PanchayatGeneralElection2018/TotalUncontestedSeats.pdf,https://web.archive.org/web/20220703131823id_/http://alipurduar.gov.in/PanchayatGeneralElection2018/TotalUncontestedSeats.pdf,,,ready_for_manual_review,,
gp_source_search/historical_expansion/alipurduar_WithdrawalReport28042018_a3ac0d4f.pdf,Alipurduar,2018,reservation_or_election_source,verify_per_document,1,109122,ba5cf1446850e70efdd1f0e47480a24b70dfdddc6aa5da7b818b3dd9cb017b7b,1123,http://alipurduar.gov.in/PanchayatGeneralElection2018/WithdrawalReport28042018.pdf,https://web.archive.org/web/20220703131826id_/http://alipurduar.gov.in/PanchayatGeneralElection2018/WithdrawalReport28042018.pdf,,,ready_for_manual_review,,
gp_source_search/historical_expansion/alipurduar_finalnomination23042018_c98e1aad.pdf,Alipurduar,2018,reservation_or_election_source,verify_per_document,1,552261,40d7fe1809b78a570ac7d2892ab462b6181fa6f36cc0a4e0952574b3ff12db58,0,http://alipurduar.gov.in/PanchayatGeneralElection2018/finalnomination23042018.pdf,http://web.archive.org/web/20220703131830id_/http://alipurduar.gov.in/PanchayatGeneralElection2018/finalnomination23042018.pdf,,,ready_for_manual_review,,
gp_source_search/historical_expansion/coochbehar_FormACOB1_521a5f82.pdf,Cooch Behar,2018,reservation_or_election_source,draft,16,262602,8db07ee59dedcb67080b617e46804f6a10f4e7958a4ba9ea940e8c2ebed105b7,25682,http://coochbehar.nic.in:80/PanchayatElection2018/FormACOB1.pdf,http://web.archive.org/web/20180403132643id_/http://coochbehar.nic.in:80/PanchayatElection2018/FormACOB1.pdf,,,ready_for_manual_review,,2018 election archive. Inspected Form A explicitly publishes a draft dated 15 November 2017; check each order before treating as final.
gp_source_search/historical_expansion/coochbehar_FormACOB2_97d57c3b.pdf,Cooch Behar,2018,reservation_or_election_source,draft,14,772628,9ad7c5ef82ff484a9cd992a4443572f48bd534d17ac69aed7436ddd451adf80b,26516,http://coochbehar.nic.in:80/PanchayatElection2018/FormACOB2.pdf,http://web.archive.org/web/20180403132647id_/http://coochbehar.nic.in:80/PanchayatElection2018/FormACOB2.pdf,,,ready_for_manual_review,,2018 election archive. Inspected Form A explicitly publishes a draft dated 15 November 2017; check each order before treating as final.
gp_source_search/historical_expansion/coochbehar_FormADHT1_d5ee1d8b.pdf,Cooch Behar,2018,reservation_or_election_source,draft,16,448597,51432df183127099c76e9ec10096c6b2bc1fe32fa593a7e30fc0f1e499cdbeff,59353,http://coochbehar.nic.in:80/PanchayatElection2018/FormADHT1.pdf,http://web.archive.org/web/20180403132653id_/http://coochbehar.nic.in:80/PanchayatElection2018/FormADHT1.pdf,,,ready_for_manual_review,,2018 election archive. Inspected Form A explicitly publishes a draft dated 15 November 2017; check each order before treating as final.
gp_source_search/historical_expansion/coochbehar_FormADHT2_1cde43a9.pdf,Cooch Behar,2018,reservation_or_election_source,draft,12,165365,1e7d46f761b8c7f96722aaaf8f05024668ef711e3410d16f5b1398853529cec9,35518,http://coochbehar.nic.in:80/PanchayatElection2018/FormADHT2.pdf,http://web.archive.org/web/20180403132856id_/http://coochbehar.nic.in:80/PanchayatElection2018/FormADHT2.pdf,,,ready_for_manual_review,,2018 election archive. Inspected Form A explicitly publishes a draft dated 15 November 2017; check each order before treating as final.
gp_source_search/historical_expansion/coochbehar_FormAHLD_11814a4c.pdf,Cooch Behar,2018,reservation_or_election_source,draft,6,672101,322dc67452dd45e56c29ff2c3cccda261d7dc9e249953a222382152572c5e816,20514,http://coochbehar.nic.in:80/PanchayatElection2018/FormAHLD.pdf,http://web.archive.org/web/20180403132657id_/http://coochbehar.nic.in:80/PanchayatElection2018/FormAHLD.pdf,,,ready_for_manual_review,,2018 election archive. Inspected Form A explicitly publishes a draft dated 15 November 2017; check each order before treating as final.
gp_source_search/historical_expansion/coochbehar_FormAMKG_df37960f.pdf,Cooch Behar,2018,reservation_or_election_source,draft,9,167073,260c92b19330c502965235c0c499166be83561afac8c25f0a604078f89e0acbb,27493,http://coochbehar.nic.in:80/PanchayatElection2018/FormAMKG.pdf,https://web.archive.org/web/20180403132702id_/http://coochbehar.nic.in/PanchayatElection2018/FormAMKG.pdf,,,ready_for_manual_review,,2018 election archive. Inspected Form A explicitly publishes a draft dated 15 November 2017; check each order before treating as final.
gp_source_search/historical_expansion/coochbehar_FormAMTB1_a8f9d10f.pdf,Cooch Behar,2018,reservation_or_election_source,draft,10,586479,6b9a81d854f091d10b65a91bc9fa94a194d1738b7d350ca922cf1f2bf002f61d,35782,http://coochbehar.nic.in:80/PanchayatElection2018/FormAMTB1.pdf,https://web.archive.org/web/20180403132708id_/http://coochbehar.nic.in/PanchayatElection2018/FormAMTB1.pdf,,,ready_for_manual_review,,2018 election archive. Inspected Form A explicitly publishes a draft dated 15 November 2017; check each order before treating as final.
gp_source_search/historical_expansion/coochbehar_FormAMTB2_7ab2f256.pdf,Cooch Behar,2018,reservation_or_election_source,draft,10,285776,67e4bb03d66351d13588444fcfce63de5529162f79061376acdcc66f152527be,43010,http://coochbehar.nic.in:80/PanchayatElection2018/FormAMTB2.pdf,https://web.archive.org/web/20180403132902id_/http://coochbehar.nic.in/PanchayatElection2018/FormAMTB2.pdf,,,ready_for_manual_review,,2018 election archive. Inspected Form A explicitly publishes a draft dated 15 November 2017; check each order before treating as final.
gp_source_search/historical_expansion/coochbehar_FormASLK_1e04d64c.pdf,Cooch Behar,2018,reservation_or_election_source,draft,8,172314,69e956c460d14bfbe957a8209d869610fffbd70736f1810f50734968bc669bd7,29986,http://coochbehar.nic.in:80/PanchayatElection2018/FormASLK.pdf,https://web.archive.org/web/20180403132712id_/http://coochbehar.nic.in/PanchayatElection2018/FormASLK.pdf,,,ready_for_manual_review,,2018 election archive. Inspected Form A explicitly publishes a draft dated 15 November 2017; check each order before treating as final.
gp_source_search/historical_expansion/coochbehar_FormASitai_04f4d948.pdf,Cooch Behar,2018,reservation_or_election_source,draft,5,679408,ae19f4dc5dba4c457410819518c121a5aec1992ba6d99388d9aa98cdba9d6d37,17888,http://coochbehar.nic.in:80/PanchayatElection2018/FormASitai.pdf,https://web.archive.org/web/20180403132908id_/http://coochbehar.nic.in/PanchayatElection2018/FormASitai.pdf,,,ready_for_manual_review,,2018 election archive. Inspected Form A explicitly publishes a draft dated 15 November 2017; check each order before treating as final.
gp_source_search/historical_expansion/coochbehar_FormATFG1_ed110f26.pdf,Cooch Behar,2018,reservation_or_election_source,draft,14,213206,afc0fdd4502936e9861d2df42d581ba5cfc13250cae443c7ba50861b9f2c957f,47005,http://coochbehar.nic.in:80/PanchayatElection2018/FormATFG1.pdf,https://web.archive.org/web/20180403132717id_/http://coochbehar.nic.in/PanchayatElection2018/FormATFG1.pdf,,,ready_for_manual_review,,2018 election archive. Inspected Form A explicitly publishes a draft dated 15 November 2017; check each order before treating as final.
gp_source_search/historical_expansion/coochbehar_FormATFG2_372686b0.pdf,Cooch Behar,2018,reservation_or_election_source,draft,11,314305,3db16d0964230d72e3e93bb9c014a31de56a1816429cdbacede59105ddaf0f1d,38530,http://coochbehar.nic.in:80/PanchayatElection2018/FormATFG2.pdf,https://web.archive.org/web/20180403132723id_/http://coochbehar.nic.in/PanchayatElection2018/FormATFG2.pdf,,,ready_for_manual_review,,2018 election archive. Inspected Form A explicitly publishes a draft dated 15 November 2017; check each order before treating as final.
gp_source_search/historical_expansion/coochbehar_FormBCOB1_6d5aedcd.pdf,Cooch Behar,2018,reservation_or_election_source,draft,16,358097,7ad8f4b1d88effc2ab1ec8f56bdf23a7b96d2d14f8691dddb6d4a13f294c7e15,14916,http://coochbehar.nic.in:80/PanchayatElection2018/FormBCOB1.pdf,https://web.archive.org/web/20180403132728id_/http://coochbehar.nic.in/PanchayatElection2018/FormBCOB1.pdf,,,ready_for_manual_review,,2018 election archive. Inspected Form A explicitly publishes a draft dated 15 November 2017; check each order before treating as final.
gp_source_search/historical_expansion/coochbehar_FormBCOB2_dcb6371b.pdf,Cooch Behar,2018,reservation_or_election_source,draft,14,517903,959b10bf3293cd4904556db000ee8d1fdb7043ec7acf2513331bb26c44ac49a9,17973,http://coochbehar.nic.in:80/PanchayatElection2018/FormBCOB2.pdf,https://web.archive.org/web/20180403132912id_/http://coochbehar.nic.in/PanchayatElection2018/FormBCOB2.pdf,,,ready_for_manual_review,,2018 election archive. Inspected Form A explicitly publishes a draft dated 15 November 2017; check each order before treating as final.
gp_source_search/historical_expansion/coochbehar_FormBDHT1_73ad0791.pdf,Cooch Behar,2018,reservation_or_election_source,draft,11,176354,bc9ff0f153074cadd6d02b2f73f4bdd0f4d84c2c4bfbece64cda23dcc82d5b2b,14861,http://coochbehar.nic.in:80/PanchayatElection2018/FormBDHT1.pdf,https://web.archive.org/web/20180403132917id_/http://coochbehar.nic.in/PanchayatElection2018/FormBDHT1.pdf,,,ready_for_manual_review,,2018 election archive. Inspected Form A explicitly publishes a draft dated 15 November 2017; check each order before treating as final.
gp_source_search/historical_expansion/coochbehar_FormBDHT2_12a8d5c9.pdf,Cooch Behar,2018,reservation_or_election_source,draft,2,76498,474d41a821254f4c61c48dc3d4bb482f4f6834011d44e5818531f95c4303013c,5046,http://coochbehar.nic.in:80/PanchayatElection2018/FormBDHT2.pdf,https://web.archive.org/web/20180403132921id_/http://coochbehar.nic.in/PanchayatElection2018/FormBDHT2.pdf,,,ready_for_manual_review,,2018 election archive. Inspected Form A explicitly publishes a draft dated 15 November 2017; check each order before treating as final.
gp_source_search/historical_expansion/coochbehar_FormBHLD_86668c52.pdf,Cooch Behar,2018,reservation_or_election_source,draft,7,126816,6ef443e83c85ece9eed5c46ac452a90b901e195cb6332c4fe9a86a4a35a72088,8045,http://coochbehar.nic.in:80/PanchayatElection2018/FormBHLD.pdf,https://web.archive.org/web/20180403132927id_/http://coochbehar.nic.in/PanchayatElection2018/FormBHLD.pdf,,,ready_for_manual_review,,2018 election archive. Inspected Form A explicitly publishes a draft dated 15 November 2017; check each order before treating as final.
gp_source_search/historical_expansion/coochbehar_FormBMKG_22ccf1ed.pdf,Cooch Behar,2018,reservation_or_election_source,draft,1,49855,ca3d59494ad072850b4d1da51d0b772b25f731c8109431e33c6d069978cb2de3,3728,http://coochbehar.nic.in:80/PanchayatElection2018/FormBMKG.pdf,https://web.archive.org/web/20180403132933id_/http://coochbehar.nic.in/PanchayatElection2018/FormBMKG.pdf,,,ready_for_manual_review,,2018 election archive. Inspected Form A explicitly publishes a draft dated 15 November 2017; check each order before treating as final.
gp_source_search/historical_expansion/coochbehar_FormBMTB1_e6cdd7ad.pdf,Cooch Behar,2018,reservation_or_election_source,draft,2,60648,739fa06b3cf56237039b4ef5dbbb5b851a5d1df602a1858f3e866e529c79df85,5992,http://coochbehar.nic.in:80/PanchayatElection2018/FormBMTB1.pdf,https://web.archive.org/web/20180403132937id_/http://coochbehar.nic.in/PanchayatElection2018/FormBMTB1.pdf,,,ready_for_manual_review,,2018 election archive. Inspected Form A explicitly publishes a draft dated 15 November 2017; check each order before treating as final.
gp_source_search/historical_expansion/coochbehar_FormBMTB2_9bb48a39.pdf,Cooch Behar,2018,reservation_or_election_source,draft,2,53616,8c34e22257a4393b7f33f275ee3af0ba981b840ceac90b318e4a967211bad7a1,6075,http://coochbehar.nic.in:80/PanchayatElection2018/FormBMTB2.pdf,https://web.archive.org/web/20180403132733id_/http://coochbehar.nic.in/PanchayatElection2018/FormBMTB2.pdf,,,ready_for_manual_review,,2018 election archive. Inspected Form A explicitly publishes a draft dated 15 November 2017; check each order before treating as final.
gp_source_search/historical_expansion/coochbehar_FormBSLK_4200cdad.pdf,Cooch Behar,2018,reservation_or_election_source,draft,5,257160,3f3a690cd0aeb7b2b7880489a8bf6ce25d0f3811f6195b467ed8b63174f18e3d,7816,http://coochbehar.nic.in:80/PanchayatElection2018/FormBSLK.pdf,https://web.archive.org/web/20180403132737id_/http://coochbehar.nic.in/PanchayatElection2018/FormBSLK.pdf,,,ready_for_manual_review,,2018 election archive. Inspected Form A explicitly publishes a draft dated 15 November 2017; check each order before treating as final.
gp_source_search/historical_expansion/coochbehar_FormBSitai_0eda5b25.pdf,Cooch Behar,2018,reservation_or_election_source,draft,2,147701,68ca8d2e993415d0b1c0fcd72930fb2f68721fa113f1cbc24842d0015ac64c3f,4324,http://coochbehar.nic.in:80/PanchayatElection2018/FormBSitai.pdf,https://web.archive.org/web/20180403132744id_/http://coochbehar.nic.in/PanchayatElection2018/FormBSitai.pdf,,,ready_for_manual_review,,2018 election archive. Inspected Form A explicitly publishes a draft dated 15 November 2017; check each order before treating as final.
gp_source_search/historical_expansion/coochbehar_FormBTFG1_3be72cef.pdf,Cooch Behar,2018,reservation_or_election_source,draft,8,420071,03a43d88e6a1545e035b50a97acbfa62383bfab88ffad8832fcea06aa82d8e14,12020,http://coochbehar.nic.in:80/PanchayatElection2018/FormBTFG1.pdf,https://web.archive.org/web/20180403132750id_/http://coochbehar.nic.in/PanchayatElection2018/FormBTFG1.pdf,,,ready_for_manual_review,,2018 election archive. Inspected Form A explicitly publishes a draft dated 15 November 2017; check each order before treating as final.
gp_source_search/historical_expansion/coochbehar_FormBTFG2_ffc2ecd6.pdf,Cooch Behar,2018,reservation_or_election_source,draft,6,162850,85c0a1559afec3fc1f1b25c5483e4c7a34d706724e435e1d85c0c40f1ca31e2e,10053,http://coochbehar.nic.in:80/PanchayatElection2018/FormBTFG2.pdf,https://web.archive.org/web/20180403133041id_/http://coochbehar.nic.in/PanchayatElection2018/FormBTFG2.pdf,,,ready_for_manual_review,,2018 election archive. Inspected Form A explicitly publishes a draft dated 15 November 2017; check each order before treating as final.
gp_source_search/historical_expansion/coochbehar_GP_Result170518_5bf9951d.pdf,Cooch Behar,2018,reservation_or_election_source,verify_per_document,1,105721,9084e88feda8537a1d991cad2f8ce735e4a26c8710fd6817ae84dbe6ec6e76ce,806,http://coochbehar.nic.in/PanchayatElection2018/GP_Result170518.pdf,https://web.archive.org/web/20220619005645id_/http://coochbehar.nic.in/PanchayatElection2018/GP_Result170518.pdf,,,ready_for_manual_review,gp_source_search/cooch_behar_2018_gp_results.pdf,
gp_source_search/historical_expansion/coochbehar_PS_Result170518_a318f84f.pdf,Cooch Behar,2018,reservation_or_election_source,verify_per_document,1,105502,244123b2defca821890e0fcdfe22f850878651807cbbf76e6c714214ea1fc0fb,729,http://coochbehar.nic.in/PanchayatElection2018/PS_Result170518.pdf,https://web.archive.org/web/20220619010758id_/http://coochbehar.nic.in/PanchayatElection2018/PS_Result170518.pdf,,,ready_for_manual_review,,
gp_source_search/historical_expansion/coochbehar_ZP_Result170518_8d55d0b7.pdf,Cooch Behar,2018,reservation_or_election_source,verify_per_document,1,104443,70735151967b0d420a8c7508a9c22bfe2f9be3ba0042fac510a4d073b363017f,655,http://coochbehar.nic.in/PanchayatElection2018/ZP_Result170518.pdf,https://web.archive.org/web/20220619021437id_/http://coochbehar.nic.in/PanchayatElection2018/ZP_Result170518.pdf,,,ready_for_manual_review,,
gp_source_search/historical_expansion/nadia_Anismali_78392ea1.pdf,Nadia,2008,reservation_or_election_source,verify_per_document,3,38836,92fc19b4f40618e0981365a144a1139c4f7132665bc3e29a6e83cd069293f537,4078,http://nadia.nic.in/PanchayatElection08/Delimitation/Ranaghat-II/Anismali.pdf,https://web.archive.org/web/20090410073517id_/http://nadia.nic.in/PanchayatElection08/Delimitation/Ranaghat-II/Anismali.pdf,,,ready_for_manual_review,,
gp_source_search/historical_expansion/nadia_Anulia_96fda9db.pdf,Nadia,2008,reservation_or_election_source,verify_per_document,3,77797,995c7814db06c229d51b8f771b83a2a2b3b2c638d7bd9cc9429a5f22d79a0485,3099,http://nadia.nic.in/PanchayatElection08/Delimitation/Ranaghat-I/Anulia.pdf,https://web.archive.org/web/20090410073606id_/http://nadia.nic.in/PanchayatElection08/Delimitation/Ranaghat-I/Anulia.pdf,,,ready_for_manual_review,,
gp_source_search/historical_expansion/nadia_BIROHI-II_ae6e8535.pdf,Nadia,2008,reservation_or_election_source,verify_per_document,4,78207,21659cc8a653c77a18b55818cdc7f4e4a7c07fe9b5e224c6be463b438d6cd7af,3864,http://nadia.nic.in/PanchayatElection08/Delimitation/Haringhata/BIROHI-II.pdf,https://web.archive.org/web/20090410074602id_/http://nadia.nic.in/PanchayatElection08/Delimitation/Haringhata/BIROHI-II.pdf,,,ready_for_manual_review,,
gp_source_search/historical_expansion/nadia_BIROHI-I_3e158079.pdf,Nadia,2008,reservation_or_election_source,verify_per_document,4,71143,49611057b2633562f9db4083175d3508cb25554c6b6571edfd862459e99324f5,3599,http://nadia.nic.in/PanchayatElection08/Delimitation/Haringhata/BIROHI-I.pdf,https://web.archive.org/web/20090410074332id_/http://nadia.nic.in/PanchayatElection08/Delimitation/Haringhata/BIROHI-I.pdf,,,ready_for_manual_review,,
gp_source_search/historical_expansion/nadia_Badkulla-II_70f5688a.pdf,Nadia,2008,reservation_or_election_source,verify_per_document,2,41567,6f8772297be42efab47975930c49981d2d78c6f2ceff63454f083fd50397c555,2791,http://nadia.nic.in/PanchayatElection08/Delimitation/Hanskhali/Badkulla-II.pdf,https://web.archive.org/web/20090410074013id_/http://nadia.nic.in/PanchayatElection08/Delimitation/Hanskhali/Badkulla-II.pdf,,,ready_for_manual_review,,
gp_source_search/historical_expansion/nadia_Badkulla-I_75f86c99.pdf,Nadia,2008,reservation_or_election_source,verify_per_document,2,42297,794536ec88fb9b84c9bb749e316a1df3ad78596ecae031028e76a5b24b79843d,2836,http://nadia.nic.in/PanchayatElection08/Delimitation/Hanskhali/Badkulla-I.pdf,https://web.archive.org/web/20090410072901id_/http://nadia.nic.in/PanchayatElection08/Delimitation/Hanskhali/Badkulla-I.pdf,,,ready_for_manual_review,,
gp_source_search/historical_expansion/nadia_Bagula-II_44d04588.pdf,Nadia,2008,reservation_or_election_source,verify_per_document,3,44335,428daf18e3d613a594b87ada5aab0f3c73d41e32c065552f84225fcf9e0e7de8,4330,http://nadia.nic.in/PanchayatElection08/Delimitation/Hanskhali/Bagula-II.pdf,https://web.archive.org/web/20090410072350id_/http://nadia.nic.in/PanchayatElection08/Delimitation/Hanskhali/Bagula-II.pdf,,,ready_for_manual_review,,
gp_source_search/historical_expansion/nadia_Bagula-I_7133108e.pdf,Nadia,2008,reservation_or_election_source,verify_per_document,3,43445,1809fae5f2d6a7fe0b751d974ca23388147b970c4d8b2bc92add94044df1480d,3443,http://nadia.nic.in/PanchayatElection08/Delimitation/Hanskhali/Bagula-I.pdf,https://web.archive.org/web/20090410074652id_/http://nadia.nic.in/PanchayatElection08/Delimitation/Hanskhali/Bagula-I.pdf,,,ready_for_manual_review,,
gp_source_search/historical_expansion/nadia_Bahirgachhi_32f30d2c.pdf,Nadia,2008,reservation_or_election_source,verify_per_document,3,39091,fee517313a3b152870853067d8e2c5b7615591d850a5661c46a106e172aa5a0b,4472,http://nadia.nic.in/PanchayatElection08/Delimitation/Ranaghat-II/Bahirgachhi.pdf,https://web.archive.org/web/20090410073632id_/http://nadia.nic.in/PanchayatElection08/Delimitation/Ranaghat-II/Bahirgachhi.pdf,,,ready_for_manual_review,,
gp_source_search/historical_expansion/nadia_Baidyapur-II_e86ebeb3.pdf,Nadia,2008,reservation_or_election_source,verify_per_document,3,39008,14036bd8770da7a605a6546e6d6b434cec3e60f22d0ddc9fe1b481174fe5672b,3959,http://nadia.nic.in/PanchayatElection08/Delimitation/Ranaghat-II/Baidyapur-II.pdf,https://web.archive.org/web/20090410072230id_/http://nadia.nic.in/PanchayatElection08/Delimitation/Ranaghat-II/Baidyapur-II.pdf,,,ready_for_manual_review,,
gp_source_search/historical_expansion/nadia_Baidyapur-I_1fae5b52.pdf,Nadia,2008,reservation_or_election_source,verify_per_document,3,38942,9cc37a5481a4bc0e6a992d83cb7f57ad737c8045515cae8fccc990233bf4e3ad,3602,http://nadia.nic.in/PanchayatElection08/Delimitation/Ranaghat-II/Baidyapur-I.pdf,http://web.archive.org/web/20090410073146id_/http://nadia.nic.in/PanchayatElection08/Delimitation/Ranaghat-II/Baidyapur-I.pdf,,,ready_for_manual_review,,
gp_source_search/historical_expansion/nadia_Barasat_0ccb3c74.pdf,Nadia,2008,reservation_or_election_source,verify_per_document,3,77589,af42a1a57b46963ad9994bcd963ca94622c5abb56f1be2773351570fbf458071,3674,http://nadia.nic.in/PanchayatElection08/Delimitation/Ranaghat-I/Barasat.pdf,http://web.archive.org/web/20090410072640id_/http://nadia.nic.in/PanchayatElection08/Delimitation/Ranaghat-I/Barasat.pdf,,,ready_for_manual_review,,
gp_source_search/historical_expansion/nadia_Betai-II_c3a98bcd.pdf,Nadia,2008,reservation_or_election_source,verify_per_document,1,37370,60878684c5f53a6d1a85d81c5cd3080dc30258d917a289b75070b42f1cc66812,1742,http://nadia.nic.in/PanchayatElection08/Delimitation/Tehatta-I/Betai-II.pdf,https://web.archive.org/web/20090410073534id_/http://nadia.nic.in/PanchayatElection08/Delimitation/Tehatta-I/Betai-II.pdf,,,ready_for_manual_review,,
gp_source_search/historical_expansion/nadia_Betai-I_646cd5d0.pdf,Nadia,2008,reservation_or_election_source,verify_per_document,2,38175,5a55fd96a4f41c475e10dadc105d96056d9f6a9888d8b3dce9892d97e2bb65eb,2109,http://nadia.nic.in/PanchayatElection08/Delimitation/Tehatta-I/Betai-I.pdf,https://web.archive.org/web/20090410073428id_/http://nadia.nic.in/PanchayatElection08/Delimitation/Tehatta-I/Betai-I.pdf,,,ready_for_manual_review,,
gp_source_search/historical_expansion/nadia_Bethuadahari-II_1022ffa7.pdf,Nadia,2008,reservation_or_election_source,verify_per_document,2,49647,626562ef989c347f967741a1bfb9d55826f8ffac5281c42550c88045666558c8,3074,http://nadia.nic.in/PanchayatElection08/Delimitation/Nakashipara/Bethuadahari-II.pdf,https://web.archive.org/web/20090410074828id_/http://nadia.nic.in/PanchayatElection08/Delimitation/Nakashipara/Bethuadahari-II.pdf,,,ready_for_manual_review,,
gp_source_search/historical_expansion/nadia_Bethuadahari-I_9c297286.pdf,Nadia,2008,reservation_or_election_source,verify_per_document,2,49032,3e795d2394bc78fa9f13ceffa2ed347ef3df3120c7cf7bd2e3d4b9fff77035f9,3348,http://nadia.nic.in/PanchayatElection08/Delimitation/Nakashipara/Bethuadahari-I.pdf,https://web.archive.org/web/20090410074414id_/http://nadia.nic.in/PanchayatElection08/Delimitation/Nakashipara/Bethuadahari-I.pdf,,,ready_for_manual_review,,
gp_source_search/historical_expansion/nadia_BetnaGobindapur_428786c3.pdf,Nadia,2008,reservation_or_election_source,verify_per_document,4,47578,49449f1517f69615b15d3da5b5c88e271995a84a1c1baf80e4a7272acd678490,5106,http://nadia.nic.in/PanchayatElection08/Delimitation/Hanskhali/BetnaGobindapur.pdf,https://web.archive.org/web/20090410073247id_/http://nadia.nic.in/PanchayatElection08/Delimitation/Hanskhali/BetnaGobindapur.pdf,,,ready_for_manual_review,,
gp_source_search/historical_expansion/nadia_Bikrampur_07c43b86.pdf,Nadia,2008,reservation_or_election_source,verify_per_document,3,51232,56b7e42df7cec0867cd2f71c0b850cf33cc3996bb23a9b4d30eb9314cf65bd67,3815,http://nadia.nic.in/PanchayatElection08/Delimitation/Nakashipara/Bikrampur.pdf,https://web.archive.org/web/20090410075619id_/http://nadia.nic.in/PanchayatElection08/Delimitation/Nakashipara/Bikrampur.pdf,,,ready_for_manual_review,,
gp_source_search/historical_expansion/nadia_Bilkumari_d559629b.pdf,Nadia,2008,reservation_or_election_source,verify_per_document,2,48425,266f366123f471b5e70ebe41f4ab1d585ae5c0150f9f202130101b4c3f0efe6a,3293,http://nadia.nic.in/PanchayatElection08/Delimitation/Nakashipara/Bilkumari.pdf,https://web.archive.org/web/20090410075252id_/http://nadia.nic.in/PanchayatElection08/Delimitation/Nakashipara/Bilkumari.pdf,,,ready_for_manual_review,,
gp_source_search/historical_expansion/nadia_Billwagram_2f0531ce.pdf,Nadia,2008,reservation_or_election_source,verify_per_document,3,50533,305f95e9f35246d8c0aa71e2be8e84ce3bddf79aea54da96e70b8d933e04bb46,3843,http://nadia.nic.in/PanchayatElection08/Delimitation/Nakashipara/Billwagram.pdf,https://web.archive.org/web/20090410075138id_/http://nadia.nic.in/PanchayatElection08/Delimitation/Nakashipara/Billwagram.pdf,,,ready_for_manual_review,,
gp_source_search/historical_expansion/nadia_Birpur-I_fc8073f4.pdf,Nadia,2008,reservation_or_election_source,verify_per_document,2,45749,6c38fd544633d8d4c0ad089b3cf368a116b520cfb1735e9dfef36ce1b78c4d80,2209,http://nadia.nic.in/PanchayatElection08/Delimitation/Nakashipara/Birpur-I.pdf,http://web.archive.org/web/20090410075200id_/http://nadia.nic.in/PanchayatElection08/Delimitation/Nakashipara/Birpur-I.pdf,,,ready_for_manual_review,,
gp_source_search/historical_expansion/nadia_Chanderghat_c1e11ea3.pdf,Nadia,2008,reservation_or_election_source,verify_per_document,2,37085,40c23f9259fa83244c08b68ff7c7ba57a5bddfafc5632b4caf608aeabcd1c8c6,2215,http://nadia.nic.in/PanchayatElection08/Delimitation/Tehatta-I/Chanderghat.pdf,https://web.archive.org/web/20090410073103id_/http://nadia.nic.in/PanchayatElection08/Delimitation/Tehatta-I/Chanderghat.pdf,,,ready_for_manual_review,,
gp_source_search/historical_expansion/nadia_Chanduria-II_61a7353a.pdf,Nadia,2008,reservation_or_election_source,verify_per_document,1,37732,6e995525d640d1e97ca96b417f1d6c895c1b42fca753b8a98ff042276afdd851,1124,http://nadia.nic.in/PanchayatElection08/Delimitation/Chakdaha/Chanduria-II.pdf,http://web.archive.org/web/20090410073550id_/http://nadia.nic.in/PanchayatElection08/Delimitation/Chakdaha/Chanduria-II.pdf,,,ready_for_manual_review,,
gp_source_search/historical_expansion/nadia_Chanduria-I_6c2262a2.pdf,Nadia,2008,reservation_or_election_source,verify_per_document,3,41178,0fbaa23f7a456cc3bcf3f008e94523007a718c81fb4d2116d8aa6f6fb9902ec3,2885,http://nadia.nic.in/PanchayatElection08/Delimitation/Chakdaha/Chanduria-I.pdf,http://web.archive.org/web/20090410075027id_/http://nadia.nic.in/PanchayatElection08/Delimitation/Chakdaha/Chanduria-I.pdf,,,ready_for_manual_review,,
gp_source_search/historical_expansion/nadia_Chhitka_8ef41e1e.pdf,Nadia,2008,reservation_or_election_source,verify_per_document,2,41245,78e19c196a80da5cb3a709a0d8b98bce096d26755a40109d28a907f377089593,3021,http://nadia.nic.in/PanchayatElection08/Delimitation/Tehatta-I/Chhitka.pdf,http://web.archive.org/web/20090410075354id_/http://nadia.nic.in/PanchayatElection08/Delimitation/Tehatta-I/Chhitka.pdf,,,ready_for_manual_review,,
gp_source_search/historical_expansion/nadia_Dakshinpara-II_2ab64782.pdf,Nadia,2008,reservation_or_election_source,verify_per_document,2,41629,21a7c150b832dd0fb312f69e55fbf255598bc7efbec1983ea8cb4528976d4b78,2674,http://nadia.nic.in/PanchayatElection08/Delimitation/Hanskhali/Dakshinpara-II.pdf,http://web.archive.org/web/20090410074051id_/http://nadia.nic.in/PanchayatElection08/Delimitation/Hanskhali/Dakshinpara-II.pdf,,,ready_for_manual_review,,
gp_source_search/historical_expansion/nadia_Dakshinpara-I_1f01c697.pdf,Nadia,2008,reservation_or_election_source,verify_per_document,2,40826,d4c58b412c96ccd1a596d7687f2fc6785b0ad1549b29a535f087768af95baf44,2272,http://nadia.nic.in/PanchayatElection08/Delimitation/Hanskhali/Dakshinpara-I.pdf,https://web.archive.org/web/20090410073337id_/http://nadia.nic.in/PanchayatElection08/Delimitation/Hanskhali/Dakshinpara-I.pdf,,,ready_for_manual_review,,
gp_source_search/historical_expansion/nadia_Debagram_ca21d926.pdf,Nadia,2008,reservation_or_election_source,verify_per_document,3,39601,4ba8911f307359abee66736d8cbf0f38f22bd9acbf6ab92e383c8f2657cb4d7a,4486,http://nadia.nic.in/PanchayatElection08/Delimitation/Ranaghat-II/Debagram.pdf,http://web.archive.org/web/20090410073739id_/http://nadia.nic.in/PanchayatElection08/Delimitation/Ranaghat-II/Debagram.pdf,,,ready_for_manual_review,,
gp_source_search/historical_expansion/nadia_Dewli_273789c8.pdf,Nadia,2008,reservation_or_election_source,verify_per_document,2,40561,22b2bb47d74728b9eee949c8471b5bf2be6e9b65e1b458606945111e587e9ac5,2848,http://nadia.nic.in/PanchayatElection08/Delimitation/Chakdaha/Dewli.pdf,http://web.archive.org/web/20090410072118id_/http://nadia.nic.in/PanchayatElection08/Delimitation/Chakdaha/Dewli.pdf,,,ready_for_manual_review,,
gp_source_search/historical_expansion/nadia_Dh-II_caeeb1b6.pdf,Nadia,2008,reservation_or_election_source,verify_per_document,2,71726,7e975d0b13e5d3411333e6ffce17cb92e20edde68e47d1db8e3f09d45d9895f0,2002,http://nadia.nic.in/PanchayatElection08/Delimitation/Karimpur-II/Dh-II.pdf,https://web.archive.org/web/20090410072306id_/http://nadia.nic.in/PanchayatElection08/Delimitation/Karimpur-II/Dh-II.pdf,,,ready_for_manual_review,,
gp_source_search/historical_expansion/nadia_Dhananjoypur_9961a614.pdf,Nadia,2008,reservation_or_election_source,verify_per_document,3,50158,635f1f07483a730926a10e3ddda48a8a03d6fa2277aea5931c1b57ccecf8b7a8,4047,http://nadia.nic.in/PanchayatElection08/Delimitation/Nakashipara/Dhananjoypur.pdf,https://web.archive.org/web/20090410073137id_/http://nadia.nic.in/PanchayatElection08/Delimitation/Nakashipara/Dhananjoypur.pdf,,,ready_for_manual_review,,
gp_source_search/historical_expansion/nadia_Dharmada_46870934.pdf,Nadia,2008,reservation_or_election_source,verify_per_document,4,52199,2678a8a36a1761bd50457dd7e1c73a66eaf98e199dfd76191ef176a06a805cbf,4634,http://nadia.nic.in/PanchayatElection08/Delimitation/Nakashipara/Dharmada.pdf,https://web.archive.org/web/20090410074513id_/http://nadia.nic.in/PanchayatElection08/Delimitation/Nakashipara/Dharmada.pdf,,,ready_for_manual_review,,
gp_source_search/historical_expansion/nadia_Digh_50a98dda.pdf,Nadia,2008,reservation_or_election_source,verify_per_document,2,72981,233b187b68983d81217b65fba76de2d582badf9cd99128583347f545c3d5074d,2895,http://nadia.nic.in/PanchayatElection08/Delimitation/Karimpur-II/Digh.pdf,http://web.archive.org/web/20090410074153id_/http://nadia.nic.in/PanchayatElection08/Delimitation/Karimpur-II/Digh.pdf,,,ready_for_manual_review,,
gp_source_search/historical_expansion/nadia_Dogachhia_ebe0c6ed.pdf,Nadia,2008,reservation_or_election_source,verify_per_document,4,51728,9d663481a09f5ce7c5303300efc0d1474391ddeb1f9d5497052d53afab4b296f,4333,http://nadia.nic.in/PanchayatElection08/Delimitation/Nakashipara/Dogachhia.pdf,https://web.archive.org/web/20090410072806id_/http://nadia.nic.in/PanchayatElection08/Delimitation/Nakashipara/Dogachhia.pdf,,,ready_for_manual_review,,
gp_source_search/historical_expansion/nadia_Dubra_32235c0c.pdf,Nadia,2008,reservation_or_election_source,verify_per_document,3,41591,637ddc11aacc65695a08b2b0e7ca10a17e6a8f0995ab4d022a9d6211e3aea8c5,3329,http://nadia.nic.in/PanchayatElection08/Delimitation/Chakdaha/Dubra.pdf,http://web.archive.org/web/20090410074102id_/http://nadia.nic.in/PanchayatElection08/Delimitation/Chakdaha/Dubra.pdf,,,ready_for_manual_review,,
gp_source_search/historical_expansion/nadia_Duttapulia_ca44390b.pdf,Nadia,2008,reservation_or_election_source,verify_per_document,4,40706,c7600efc0b6d37af596235dd31aee062dbffe0ebfbfb84447c8d9f9f85635f05,5180,http://nadia.nic.in/PanchayatElection08/Delimitation/Ranaghat-II/Duttapulia.pdf,https://web.archive.org/web/20090410072052id_/http://nadia.nic.in/PanchayatElection08/Delimitation/Ranaghat-II/Duttapulia.pdf,,,ready_for_manual_review,,
gp_source_search/historical_expansion/nadia_FORM-A1_4727e380.pdf,Nadia,2008,reservation_or_election_source,verify_per_document,1,56224,6b5ab1bd5af1b64c226411b99306a941dc659b5f9c6ec9962caa64c5d7247b7d,1496,http://nadia.nic.in/PanchayatElection08/Delimitation/Ranaghat-I/FORM-A1.pdf,https://web.archive.org/web/20090410075407id_/http://nadia.nic.in/PanchayatElection08/Delimitation/Ranaghat-I/FORM-A1.pdf,,,ready_for_manual_review,,
gp_source_search/historical_expansion/nadia_FORM-A_Belpukur_161bcf81.pdf,Nadia,2008,reservation_or_election_source,verify_per_document,4,79459,b3d00c8ccb5fd59e694f9fe5ff4ee297f5aebb1650a861c2a4d70d24d7563fd5,5046,http://nadia.nic.in/PanchayatElection08/Delimitation/Krishnagar-II/FORM-A_Belpukur.pdf,http://web.archive.org/web/20090410074526id_/http://nadia.nic.in/PanchayatElection08/Delimitation/Krishnagar-II/FORM-A_Belpukur.pdf,,,ready_for_manual_review,,
gp_source_search/historical_expansion/nadia_FORM-A_Dhubulia-II_128ab232.pdf,Nadia,2008,reservation_or_election_source,verify_per_document,3,78079,3c522396c697c5819f284f28c055bbe957e3bcac3646e00b537e3b504e0c2375,4262,http://nadia.nic.in/PanchayatElection08/Delimitation/Krishnagar-II/FORM-A_Dhubulia-II.pdf,https://web.archive.org/web/20090410074343id_/http://nadia.nic.in/PanchayatElection08/Delimitation/Krishnagar-II/FORM-A_Dhubulia-II.pdf,,,ready_for_manual_review,,
gp_source_search/historical_expansion/nadia_FORM-A_Dhubulia-I_7f4056af.pdf,Nadia,2008,reservation_or_election_source,verify_per_document,4,80642,2170abe160fa902e8021e93bd4c4394c67be197132487be8252fd190da32287a,4364,http://nadia.nic.in/PanchayatElection08/Delimitation/Krishnagar-II/FORM-A_Dhubulia-I.pdf,https://web.archive.org/web/20090410075453id_/http://nadia.nic.in/PanchayatElection08/Delimitation/Krishnagar-II/FORM-A_Dhubulia-I.pdf,,,ready_for_manual_review,,
gp_source_search/historical_expansion/nadia_FORM-A_Nawpara-II_550f8e44.pdf,Nadia,2008,reservation_or_election_source,verify_per_document,3,76939,33dae8eeab176b345fcb0809dc63e86d02d85778e4a983e14c3e62cb42cc0731,3748,http://nadia.nic.in/PanchayatElection08/Delimitation/Krishnagar-II/FORM-A_Nawpara-II.pdf,https://web.archive.org/web/20090410075417id_/http://nadia.nic.in/PanchayatElection08/Delimitation/Krishnagar-II/FORM-A_Nawpara-II.pdf,,,ready_for_manual_review,,
gp_source_search/historical_expansion/nadia_FORM-A_Nawpara-I_09c10d0a.pdf,Nadia,2008,reservation_or_election_source,verify_per_document,4,80599,2238be788015349cceb11c9fe300c58a663bb6353cc36f1f82e63f0f06932344,4599,http://nadia.nic.in/PanchayatElection08/Delimitation/Krishnagar-II/FORM-A_Nawpara-I.pdf,https://web.archive.org/web/20090410073834id_/http://nadia.nic.in/PanchayatElection08/Delimitation/Krishnagar-II/FORM-A_Nawpara-I.pdf,,,ready_for_manual_review,,
gp_source_search/historical_expansion/nadia_FORM-A_Sadhanpara-II_0939c266.pdf,Nadia,2008,reservation_or_election_source,verify_per_document,3,77322,0b581aeb108ebc6d713581072f6858ec756540b9cd522a3ed0fd21e797aee7fe,3496,http://nadia.nic.in/PanchayatElection08/Delimitation/Krishnagar-II/FORM-A_Sadhanpara-II.pdf,https://web.archive.org/web/20090410075315id_/http://nadia.nic.in/PanchayatElection08/Delimitation/Krishnagar-II/FORM-A_Sadhanpara-II.pdf,,,ready_for_manual_review,,
gp_source_search/historical_expansion/nadia_FORM-A_Sadhanpara-I_291a8549.pdf,Nadia,2008,reservation_or_election_source,verify_per_document,3,77628,36a2ee601f0f0cd4b3351d2fcaa0773090c34d8917ef5bd24b77d397184a867c,4013,http://nadia.nic.in/PanchayatElection08/Delimitation/Krishnagar-II/FORM-A_Sadhanpara-I.pdf,https://web.archive.org/web/20090410073449id_/http://nadia.nic.in/PanchayatElection08/Delimitation/Krishnagar-II/FORM-A_Sadhanpara-I.pdf,,,ready_for_manual_review,,
gp_source_search/historical_expansion/nadia_FORM-B1_175ed1dc.pdf,Nadia,2008,reservation_or_election_source,verify_per_document,3,95801,623124a3ce5a7c636c6edfbe7d1320bc09c0c2cf37d4ad3170948f13fc7adcf9,5279,http://nadia.nic.in/PanchayatElection08/Delimitation/Chapra/FORM-B1.pdf,https://web.archive.org/web/20090410073114id_/http://nadia.nic.in/PanchayatElection08/Delimitation/Chapra/FORM-B1.pdf,,,ready_for_manual_review,,
gp_source_search/historical_expansion/nadia_FORM-B1_24cd840f.pdf,Nadia,2008,reservation_or_election_source,verify_per_document,2,44178,db5041a10ee61253da26951396b9c09054bf2b580018d17b73a6f4e5503e8a4e,2637,http://nadia.nic.in/PanchayatElection08/Delimitation/Tehatta-II/FORM-B1.pdf,http://web.archive.org/web/20090410073223id_/http://nadia.nic.in/PanchayatElection08/Delimitation/Tehatta-II/FORM-B1.pdf,,,ready_for_manual_review,,
gp_source_search/historical_expansion/nadia_FORMA-BARNIA_1dc50808.pdf,Nadia,2008,reservation_or_election_source,verify_per_document,4,47789,9b8df947f54cf14b8d5e82ba7c6faa7ed510f532fa1658c829254fc1a03fcac4,3012,http://nadia.nic.in/PanchayatElection08/Delimitation/Tehatta-II/FORMA-BARNIA.pdf,http://web.archive.org/web/20090410075102id_/http://nadia.nic.in/PanchayatElection08/Delimitation/Tehatta-II/FORMA-BARNIA.pdf,,,ready_for_manual_review,,
gp_source_search/historical_expansion/nadia_FORMA-HANSPUKURIA_def437c4.pdf,Nadia,2008,reservation_or_election_source,verify_per_document,2,47577,c026c892a062afa8bc50c1f44512c83c4a677df8e7c10953e3144171b6bc659f,2986,http://nadia.nic.in/PanchayatElection08/Delimitation/Tehatta-II/FORMA-HANSPUKURIA.pdf,http://web.archive.org/web/20090410072829id_/http://nadia.nic.in/PanchayatElection08/Delimitation/Tehatta-II/FORMA-HANSPUKURIA.pdf,,,ready_for_manual_review,,
gp_source_search/historical_expansion/nadia_FORMA-PALASHIPARA_980e8c8c.pdf,Nadia,2008,reservation_or_election_source,verify_per_document,3,50325,52046c8af6e3cbd8bf33e3d589eef24d23f27140f0ce6107a94d48d025f59aa5,4671,http://nadia.nic.in/PanchayatElection08/Delimitation/Tehatta-II/FORMA-PALASHIPARA.pdf,http://web.archive.org/web/20090410071943id_/http://nadia.nic.in/PanchayatElection08/Delimitation/Tehatta-II/FORMA-PALASHIPARA.pdf,,,ready_for_manual_review,,
gp_source_search/historical_expansion/nadia_FORMA-PALSUNDA-I_60ce942a.pdf,Nadia,2008,reservation_or_election_source,verify_per_document,1,44782,97900fea0ac486e7cb4f73cd08fed4fc4b243c8e601143d2eacf81241c37c3f6,1796,http://nadia.nic.in/PanchayatElection08/Delimitation/Tehatta-II/FORMA-PALSUNDA-I.pdf,https://web.archive.org/web/20090410074931id_/http://nadia.nic.in/PanchayatElection08/Delimitation/Tehatta-II/FORMA-PALSUNDA-I.pdf,,,ready_for_manual_review,,
gp_source_search/historical_expansion/nadia_FORMA-SAHEBNAGAR_63bf3341.pdf,Nadia,2008,reservation_or_election_source,verify_per_document,3,50508,1dad5bfe02f59da575c63336a601e42c40ebff2482b9237f7cc93bf7b96d0c05,4720,http://nadia.nic.in/PanchayatElection08/Delimitation/Tehatta-II/FORMA-SAHEBNAGAR.pdf,http://web.archive.org/web/20090410075240id_/http://nadia.nic.in/PanchayatElection08/Delimitation/Tehatta-II/FORMA-SAHEBNAGAR.pdf,,,ready_for_manual_review,,
gp_source_search/historical_expansion/nadia_FORMA-palsunda-II_f39c35b3.pdf,Nadia,2008,reservation_or_election_source,verify_per_document,3,45597,1da8291e9ca16f2d733b78358f288cdad36f571c10531adf5636910100766f73,2609,http://nadia.nic.in/PanchayatElection08/Delimitation/Tehatta-II/FORMA-palsunda-II.pdf,http://web.archive.org/web/20090410074747id_/http://nadia.nic.in/PanchayatElection08/Delimitation/Tehatta-II/FORMA-palsunda-II.pdf,,,ready_for_manual_review,,
gp_source_search/historical_expansion/nadia_Fatepur_59ae9e3a.pdf,Nadia,2008,reservation_or_election_source,verify_per_document,5,77533,629833cb10626518b3911f794680be2c12ccb4a8bc6c60fb80efa7d2fd9d1405,4957,http://nadia.nic.in/PanchayatElection08/Delimitation/Haringhata/Fatepur.pdf,https://web.archive.org/web/20090410074126id_/http://nadia.nic.in/PanchayatElection08/Delimitation/Haringhata/Fatepur.pdf,,,ready_for_manual_review,,
gp_source_search/historical_expansion/nadia_Form-A1-Order_045e6a68.pdf,Nadia,2008,reservation_or_election_source,verify_per_document,1,45102,982de56ef9ea8e1fcfaa1a24dfe834599c00cb11713c438d1581391edfb458d1,1367,http://nadia.nic.in/PanchayatElection08/Delimitation/Hanskhali/Form-A1-Order.pdf,https://web.archive.org/web/20090410073727id_/http://nadia.nic.in/PanchayatElection08/Delimitation/Hanskhali/Form-A1-Order.pdf,,,ready_for_manual_review,,
gp_source_search/historical_expansion/nadia_Form-A1_bc959e7a.pdf,Nadia,2008,reservation_or_election_source,verify_per_document,36,243731,71169a79a0271658d7f62250b648fa96b124745f7996b3f694112c702894a5ae,46397,http://nadia.nic.in/PanchayatElection08/Delimitation/Chapra/Form-A1.pdf,http://web.archive.org/web/20090410072532id_/http://nadia.nic.in/PanchayatElection08/Delimitation/Chapra/Form-A1.pdf,,,ready_for_manual_review,,
gp_source_search/historical_expansion/nadia_Form-A1_c16eed1b.pdf,Nadia,2008,reservation_or_election_source,verify_per_document,25,160946,7a19d0120c13e46a304d1b393ae6445b065ace66675fa08a7a3f4e6c45178130,32515,http://nadia.nic.in/PanchayatElection08/Delimitation/Krishnagar-I/Form-A1.pdf,https://web.archive.org/web/20090410073945id_/http://nadia.nic.in/PanchayatElection08/Delimitation/Krishnagar-I/Form-A1.pdf,,,ready_for_manual_review,,
gp_source_search/historical_expansion/nadia_Form-B1_38a4fa5d.pdf,Nadia,2008,reservation_or_election_source,verify_per_document,4,80555,f5d695f7b04ca4044944bdad5eed7593989a04e43c0909f1eaf86f59ea22e979,4813,http://nadia.nic.in/PanchayatElection08/Delimitation/Nabadwip/Form-B1.pdf,http://web.archive.org/web/20090410075523id_/http://nadia.nic.in/PanchayatElection08/Delimitation/Nabadwip/Form-B1.pdf,,,ready_for_manual_review,,
gp_source_search/historical_expansion/nadia_Form-B1_3b3350d2.pdf,Nadia,2008,reservation_or_election_source,verify_per_document,7,56203,10ba4df134e50b5a13dd275fe6500abbfed193ca8bb20287190492cacd172dd6,6719,http://nadia.nic.in/PanchayatElection08/Delimitation/Kaliganj/Form-B1.pdf,https://web.archive.org/web/20090410072007id_/http://nadia.nic.in/PanchayatElection08/Delimitation/Kaliganj/Form-B1.pdf,,,ready_for_manual_review,,
gp_source_search/historical_expansion/nadia_Form-B1_81f7918c.pdf,Nadia,2008,reservation_or_election_source,verify_per_document,4,81451,3687ac2e52cee62ff915df4d33658c9f145feaaf006f90e301f87d020303d326,6296,http://nadia.nic.in/PanchayatElection08/Delimitation/Haringhata/Form-B1.pdf,https://web.archive.org/web/20090410074203id_/http://nadia.nic.in/PanchayatElection08/Delimitation/Haringhata/Form-B1.pdf,,,ready_for_manual_review,,
gp_source_search/historical_expansion/nadia_Form-B1_c07fd23e.pdf,Nadia,2008,reservation_or_election_source,verify_per_document,3,46819,7316ffebdf8fbccdfde1cefcd0a93073e10048d03d3cccdda7a21c25fc04d036,5401,http://nadia.nic.in/PanchayatElection08/Delimitation/Nakashipara/Form-B1.pdf,http://web.archive.org/web/20090410075213id_/http://nadia.nic.in/PanchayatElection08/Delimitation/Nakashipara/Form-B1.pdf,,,ready_for_manual_review,,
gp_source_search/historical_expansion/nadia_Form-B1_c7646eff.pdf,Nadia,2008,reservation_or_election_source,verify_per_document,1,50412,202099fe23fb07f5e4fc0afba9002eb6682801f2c2b1224a45c5cc3a838bfb75,1318,http://nadia.nic.in/PanchayatElection08/Delimitation/Ranaghat-I/Form-B1.pdf,https://web.archive.org/web/20090410075429id_/http://nadia.nic.in/PanchayatElection08/Delimitation/Ranaghat-I/Form-B1.pdf,,,ready_for_manual_review,,
gp_source_search/historical_expansion/nadia_FormA-GOPINATHPUR_f6ebf3a9.pdf,Nadia,2008,reservation_or_election_source,verify_per_document,4,46870,565d2a2ba006bd9cdec0f1a9e309515eccb698ff2506e9b5e33da8dd5f503d85,3092,http://nadia.nic.in/PanchayatElection08/Delimitation/Tehatta-II/FormA-GOPINATHPUR.pdf,http://web.archive.org/web/20090410075547id_/http://nadia.nic.in/PanchayatElection08/Delimitation/Tehatta-II/FormA-GOPINATHPUR.pdf,,,ready_for_manual_review,,
gp_source_search/historical_expansion/nadia_FormABTGP_bbf62a34.pdf,Nadia,2008,reservation_or_election_source,verify_per_document,2,45939,57aefe792049dc5b74455d1123acaa2fc674d97fb6809b125f44f37bf6fe7646,2607,http://nadia.nic.in/PanchayatElection08/Delimitation/Krishnaganj/FormABTGP.pdf,http://web.archive.org/web/20090410075004id_/http://nadia.nic.in/PanchayatElection08/Delimitation/Krishnaganj/FormABTGP.pdf,,,ready_for_manual_review,,
gp_source_search/historical_expansion/nadia_FormAGOBGP_d6401c99.pdf,Nadia,2008,reservation_or_election_source,verify_per_document,2,45478,0ac887d43e52ae60f17d1a063a67e30479d7e69b289656296db87646602de254,2552,http://nadia.nic.in/PanchayatElection08/Delimitation/Krishnaganj/FormAGOBGP.pdf,http://web.archive.org/web/20090410072730id_/http://nadia.nic.in/PanchayatElection08/Delimitation/Krishnaganj/FormAGOBGP.pdf,,,ready_for_manual_review,,
gp_source_search/historical_expansion/nadia_FormAJOYGP_808c9836.pdf,Nadia,2008,reservation_or_election_source,verify_per_document,3,49571,32b5eac6ab339b307facc5e059ab2d2de05b97bb9af6fea7798e1626026d24f9,3194,http://nadia.nic.in/PanchayatElection08/Delimitation/Krishnaganj/FormAJOYGP.pdf,https://web.archive.org/web/20090410072254id_/http://nadia.nic.in/PanchayatElection08/Delimitation/Krishnaganj/FormAJOYGP.pdf,,,ready_for_manual_review,,
gp_source_search/historical_expansion/nadia_FormAKNJGP_d68f1ead.pdf,Nadia,2008,reservation_or_election_source,verify_per_document,3,50296,332c1e127c8e4a81fdee9a66e93e67a55384c9329989bf6d8cec7f4a4db59f40,3682,http://nadia.nic.in/PanchayatElection08/Delimitation/Krishnaganj/FormAKNJGP.pdf,https://web.archive.org/web/20090410072850id_/http://nadia.nic.in/PanchayatElection08/Delimitation/Krishnaganj/FormAKNJGP.pdf,,,ready_for_manual_review,,
gp_source_search/historical_expansion/nadia_FormAMBGP_637807a4.pdf,Nadia,2008,reservation_or_election_source,verify_per_document,3,50131,6e413a97c84f20c3cf9751aa92ea29883c980bc3fb8bae6dcaf2ad694fb459bb,3473,http://nadia.nic.in/PanchayatElection08/Delimitation/Krishnaganj/FormAMBGP.pdf,https://web.archive.org/web/20090410073159id_/http://nadia.nic.in/PanchayatElection08/Delimitation/Krishnaganj/FormAMBGP.pdf,,,ready_for_manual_review,,
gp_source_search/historical_expansion/nadia_FormASHIBGP_e587eac1.pdf,Nadia,2008,reservation_or_election_source,verify_per_document,2,45183,2316bd70e37d0e5b45f7ec20fd493fc15b5be28812f8f20d3cb7d7c5ce62e731,2213,http://nadia.nic.in/PanchayatElection08/Delimitation/Krishnaganj/FormASHIBGP.pdf,http://web.archive.org/web/20090410073003id_/http://nadia.nic.in/PanchayatElection08/Delimitation/Krishnaganj/FormASHIBGP.pdf,,,ready_for_manual_review,,
gp_source_search/historical_expansion/nadia_FormATMGP_e1dd3845.pdf,Nadia,2008,reservation_or_election_source,verify_per_document,3,49529,c4d339c74818803804f4ab0d6afbb84cc135f5ca02a8181bcb699def61f8ef86,3206,http://nadia.nic.in/PanchayatElection08/Delimitation/Krishnaganj/FormATMGP.pdf,http://web.archive.org/web/20090410072130id_/http://nadia.nic.in/PanchayatElection08/Delimitation/Krishnaganj/FormATMGP.pdf,,,ready_for_manual_review,,
gp_source_search/historical_expansion/nadia_FormB1_f7386ca2.pdf,Nadia,2008,reservation_or_election_source,verify_per_document,3,81663,e89b88243e09bf76fa9e0c5921c5088246e62001cb6a3d61de7c2549eb315cf4,3534,http://nadia.nic.in/PanchayatElection08/Delimitation/Krishnaganj/FormB1.pdf,https://web.archive.org/web/20090410074426id_/http://nadia.nic.in/PanchayatElection08/Delimitation/Krishnaganj/FormB1.pdf,,,ready_for_manual_review,,
gp_source_search/historical_expansion/nadia_Form_20A1_37b1730e.pdf,Nadia,2008,reservation_or_election_source,verify_per_document,26,209159,e5a749cd04b80ada822983e5805c8b76ac97eb083739de0842a618e6f93ce3e6,39902,http://nadia.nic.in/PanchayatElection08/Delimitation/Nabadwip/Form%20A1.pdf,https://web.archive.org/web/20090410072027id_/http://nadia.nic.in/PanchayatElection08/Delimitation/Nabadwip/Form%20A1.pdf,,,ready_for_manual_review,,
gp_source_search/historical_expansion/nadia_Gazna_79f8fca5.pdf,Nadia,2008,reservation_or_election_source,verify_per_document,3,45462,c5576be1e41fa0a710c0db68b6a866522c26ce39bb70d73cdc6d0fb5fa95e285,3840,http://nadia.nic.in/PanchayatElection08/Delimitation/Hanskhali/Gazna.pdf,https://web.archive.org/web/20090410073210id_/http://nadia.nic.in/PanchayatElection08/Delimitation/Hanskhali/Gazna.pdf,,,ready_for_manual_review,,
gp_source_search/historical_expansion/nadia_Ghetugachi_1418c9e2.pdf,Nadia,2008,reservation_or_election_source,verify_per_document,2,41863,2708c44c3e04cd6d9efa03c89c3a5e488a693ff934813967d794dd89979221c3,3452,http://nadia.nic.in/PanchayatElection08/Delimitation/Chakdaha/Ghetugachi.pdf,http://web.archive.org/web/20090410074456id_/http://nadia.nic.in/PanchayatElection08/Delimitation/Chakdaha/Ghetugachi.pdf,,,ready_for_manual_review,,
gp_source_search/historical_expansion/nadia_Habibpur_c262795e.pdf,Nadia,2008,reservation_or_election_source,verify_per_document,3,76149,327d8b8ca6b1bc5b04523f1267948b830d308013aaa2d6fc87bd9ee4d4429db5,3051,http://nadia.nic.in/PanchayatElection08/Delimitation/Ranaghat-I/Habibpur.pdf,https://web.archive.org/web/20090410075304id_/http://nadia.nic.in/PanchayatElection08/Delimitation/Ranaghat-I/Habibpur.pdf,,,ready_for_manual_review,,
gp_source_search/historical_expansion/nadia_Haranagar_0dd258bf.pdf,Nadia,2008,reservation_or_election_source,verify_per_document,2,47347,38402adb2abd6c386fd8782ccc16a57fe3b04eb73febdee8dabbf63103156d29,2784,http://nadia.nic.in/PanchayatElection08/Delimitation/Nakashipara/Haranagar.pdf,http://web.archive.org/web/20090410073028id_/http://nadia.nic.in/PanchayatElection08/Delimitation/Nakashipara/Haranagar.pdf,,,ready_for_manual_review,,
gp_source_search/historical_expansion/nadia_Harekrishnapur_14c1cd77.pdf,Nadia,2008,reservation_or_election_source,verify_per_document,1,90592,7701874f166475797c0bf184abf52a92400f743c25af3779de2df2f38e70ff27,2077,http://nadia.nic.in/PanchayatElection08/Delimitation/Karimpur-I/Harekrishnapur.pdf,https://web.archive.org/web/20090410073911id_/http://nadia.nic.in/PanchayatElection08/Delimitation/Karimpur-I/Harekrishnapur.pdf,,,ready_for_manual_review,,
gp_source_search/historical_expansion/nadia_Haringhata-II_076006f3.pdf,Nadia,2008,reservation_or_election_source,verify_per_document,4,73551,69151e4e94cf9ef191128800c935d719b1f328297f149f9249896d29dff2949d,4197,http://nadia.nic.in/PanchayatElection08/Delimitation/Haringhata/Haringhata-II.pdf,https://web.archive.org/web/20090410073959id_/http://nadia.nic.in/PanchayatElection08/Delimitation/Haringhata/Haringhata-II.pdf,,,ready_for_manual_review,,
gp_source_search/historical_expansion/nadia_Haringhata-I_ef14eb12.pdf,Nadia,2008,reservation_or_election_source,verify_per_document,5,77375,ff77cedad3a1144dad6095d2227e7c2da72143fcfcc060b483f22d12c4aa75bf,4819,http://nadia.nic.in/PanchayatElection08/Delimitation/Haringhata/Haringhata-I.pdf,http://web.archive.org/web/20090410072240id_/http://nadia.nic.in/PanchayatElection08/Delimitation/Haringhata/Haringhata-I.pdf,,,ready_for_manual_review,,
gp_source_search/historical_expansion/nadia_Hingnara_f740e87d.pdf,Nadia,2008,reservation_or_election_source,verify_per_document,2,40979,a7f5f574319afd2ecee51408dd9e37c053bcda937f72c6b3059122a9e8f540bd,3388,http://nadia.nic.in/PanchayatElection08/Delimitation/Chakdaha/Hingnara.pdf,http://web.archive.org/web/20090410074817id_/http://nadia.nic.in/PanchayatElection08/Delimitation/Chakdaha/Hingnara.pdf,,,ready_for_manual_review,,
gp_source_search/historical_expansion/nadia_Jamsherpur_6a11d54f.pdf,Nadia,2008,reservation_or_election_source,verify_per_document,1,91476,35e66cbf9a77a8530cd5ee393d1b74aae1849b724ffe93a69c94d6f03aadec72,2937,http://nadia.nic.in/PanchayatElection08/Delimitation/Karimpur-I/Jamsherpur.pdf,https://web.archive.org/web/20090410072416id_/http://nadia.nic.in/PanchayatElection08/Delimitation/Karimpur-I/Jamsherpur.pdf,,,ready_for_manual_review,,
gp_source_search/historical_expansion/nadia_Jugalkishore_ad648d2e.pdf,Nadia,2008,reservation_or_election_source,verify_per_document,3,38978,8e753c41d5bf8a06a9a91cceb9e3c828411920154357f8f5c2b3f4fe8ee5f778,4070,http://nadia.nic.in/PanchayatElection08/Delimitation/Ranaghat-II/Jugalkishore.pdf,https://web.archive.org/web/20090410073352id_/http://nadia.nic.in/PanchayatElection08/Delimitation/Ranaghat-II/Jugalkishore.pdf,,,ready_for_manual_review,,
gp_source_search/historical_expansion/nadia_Kamalpur_6444cbc2.pdf,Nadia,2008,reservation_or_election_source,verify_per_document,3,39426,1878c34342752182347d44dff75fd0e9ceb21d16b53beed7f026366082520439,4559,http://nadia.nic.in/PanchayatElection08/Delimitation/Ranaghat-II/Kamalpur.pdf,https://web.archive.org/web/20090410075052id_/http://nadia.nic.in/PanchayatElection08/Delimitation/Ranaghat-II/Kamalpur.pdf,,,ready_for_manual_review,,
gp_source_search/historical_expansion/nadia_Kanainagar_42eb2ed1.pdf,Nadia,2008,reservation_or_election_source,verify_per_document,3,39687,d6deba152707b2177983cbefad8dc94a641b809db18ba4fe1b7b188d7d3568c3,2648,http://nadia.nic.in/PanchayatElection08/Delimitation/Tehatta-I/Kanainagar.pdf,https://web.archive.org/web/20090410073804id_/http://nadia.nic.in/PanchayatElection08/Delimitation/Tehatta-I/Kanainagar.pdf,,,ready_for_manual_review,,
gp_source_search/historical_expansion/nadia_Kanchrapara_ab361d0d.pdf,Nadia,2008,reservation_or_election_source,verify_per_document,2,41084,9ce1eb1406132084f2c4d9ddf827b1918a1c4d8bece5816bcccd0a86d8177bef,2859,http://nadia.nic.in/PanchayatElection08/Delimitation/Chakdaha/Kanchrapara.pdf,http://web.archive.org/web/20090410074031id_/http://nadia.nic.in/PanchayatElection08/Delimitation/Chakdaha/Kanchrapara.pdf,,,ready_for_manual_review,,
gp_source_search/historical_expansion/nadia_Karimpur-II_86bd8352.pdf,Nadia,2008,reservation_or_election_source,verify_per_document,1,87212,06c438f1dd52737cd3dd7cb8a410051897fa008871c627ce21bc0bddacf32902,2109,http://nadia.nic.in/PanchayatElection08/Delimitation/Karimpur-I/Karimpur-II.pdf,http://web.archive.org/web/20090410073017id_/http://nadia.nic.in/PanchayatElection08/Delimitation/Karimpur-I/Karimpur-II.pdf,,,ready_for_manual_review,,
gp_source_search/historical_expansion/nadia_Karimpur-I_0d2827c6.pdf,Nadia,2008,reservation_or_election_source,verify_per_document,1,88091,8d63f561ba866e95548a8742a9de1cd86bad2d4c0507add278a990c2321005f4,2233,http://nadia.nic.in/PanchayatElection08/Delimitation/Karimpur-I/Karimpur-I.pdf,https://web.archive.org/web/20090410072929id_/http://nadia.nic.in/PanchayatElection08/Delimitation/Karimpur-I/Karimpur-I.pdf,,,ready_for_manual_review,,
gp_source_search/historical_expansion/nadia_Madanpur-II_724c533d.pdf,Nadia,2008,reservation_or_election_source,verify_per_document,2,40623,60f6bc4b015f72b20d0ce767e41369bea54315271b8ea23b988023549a1444a3,2228,http://nadia.nic.in/PanchayatElection08/Delimitation/Chakdaha/Madanpur-II.pdf,http://web.archive.org/web/20090410073126id_/http://nadia.nic.in/PanchayatElection08/Delimitation/Chakdaha/Madanpur-II.pdf,,,ready_for_manual_review,,
gp_source_search/historical_expansion/nadia_Madanpur-I_aaeda938.pdf,Nadia,2008,reservation_or_election_source,verify_per_document,2,41223,d09edd9c0b18a50a691abbbb5861aa15854029983181f907425dd4602ea80bf2,2946,http://nadia.nic.in/PanchayatElection08/Delimitation/Chakdaha/Madanpur-I.pdf,http://web.archive.org/web/20090410073934id_/http://nadia.nic.in/PanchayatElection08/Delimitation/Chakdaha/Madanpur-I.pdf,,,ready_for_manual_review,,
gp_source_search/historical_expansion/nadia_Majhergram_25ee0055.pdf,Nadia,2008,reservation_or_election_source,verify_per_document,2,49250,f54f6b4c32f711d152b5163d3bc836aec450e5a7f29b2b7b2a6cc6b41c194e03,3080,http://nadia.nic.in/PanchayatElection08/Delimitation/Nakashipara/Majhergram.pdf,http://web.archive.org/web/20090410074316id_/http://nadia.nic.in/PanchayatElection08/Delimitation/Nakashipara/Majhergram.pdf,,,ready_for_manual_review,,
gp_source_search/historical_expansion/nadia_Majhergram_9d390213.pdf,Nadia,2008,reservation_or_election_source,verify_per_document,3,39417,c1047b0288b2b1e2cebde05ed89787a221a5f820d6add576db11667acf310796,4531,http://nadia.nic.in/PanchayatElection08/Delimitation/Ranaghat-II/Majhergram.pdf,https://web.archive.org/web/20090410073644id_/http://nadia.nic.in/PanchayatElection08/Delimitation/Ranaghat-II/Majhergram.pdf,,,ready_for_manual_review,,
gp_source_search/historical_expansion/nadia_Mamjoan_7f58bbb9.pdf,Nadia,2008,reservation_or_election_source,verify_per_document,4,46460,fd9445999f3f0a841f220753e6b329823e49de9977e1223f4ee0585e1948c2f4,4253,http://nadia.nic.in/PanchayatElection08/Delimitation/Hanskhali/Mamjoan.pdf,https://web.archive.org/web/20090410072432id_/http://nadia.nic.in/PanchayatElection08/Delimitation/Hanskhali/Mamjoan.pdf,,,ready_for_manual_review,,
gp_source_search/historical_expansion/nadia_Mayurhat-II_d9fd6980.pdf,Nadia,2008,reservation_or_election_source,verify_per_document,2,43031,8b2d9d57eb2c6d187ab72628c0eda071788ff3487c3905c1881c96abc2bf8e82,2807,http://nadia.nic.in/PanchayatElection08/Delimitation/Hanskhali/Mayurhat-II.pdf,https://web.archive.org/web/20090410073924id_/http://nadia.nic.in/PanchayatElection08/Delimitation/Hanskhali/Mayurhat-II.pdf,,,ready_for_manual_review,,
gp_source_search/historical_expansion/nadia_Muru_2ec52bfa.pdf,Nadia,2008,reservation_or_election_source,verify_per_document,2,68027,45fa5bc552f71ff9de30793a29c76f30cffb6efcf81d3a3d9cc8f687756e188e,1988,http://nadia.nic.in/PanchayatElection08/Delimitation/Karimpur-II/Muru.pdf,http://web.archive.org/web/20090410074618id_/http://nadia.nic.in/PanchayatElection08/Delimitation/Karimpur-II/Muru.pdf,,,ready_for_manual_review,,
gp_source_search/historical_expansion/nadia_Nagarukhra-I_70b54b9c.pdf,Nadia,2008,reservation_or_election_source,verify_per_document,4,74002,c685f17d97b978b45d02e02cead572879939fe4ef74229de5590cf7de0f24463,4208,http://nadia.nic.in/PanchayatElection08/Delimitation/Haringhata/Nagarukhra-I.pdf,https://web.archive.org/web/20090410074139id_/http://nadia.nic.in/PanchayatElection08/Delimitation/Haringhata/Nagarukhra-I.pdf,,,ready_for_manual_review,,
gp_source_search/historical_expansion/nadia_NakashiparaGP_60d11eab.pdf,Nadia,2008,reservation_or_election_source,verify_per_document,2,49149,560818d6ed50b02c0ba275d0ff35aaf7adc2b0e5da4348eb8c3d40dea5c4c38e,3203,http://nadia.nic.in/PanchayatElection08/Delimitation/Nakashipara/NakashiparaGP.pdf,https://web.archive.org/web/20090410074240id_/http://nadia.nic.in/PanchayatElection08/Delimitation/Nakashipara/NakashiparaGP.pdf,,,ready_for_manual_review,,
gp_source_search/historical_expansion/nadia_Nand_810c5005.pdf,Nadia,2008,reservation_or_election_source,verify_per_document,2,73632,0f1db5454b0061e6358b7f25348c986eaa2944e12aa99df6d4e44165f3643ac2,3199,http://nadia.nic.in/PanchayatElection08/Delimitation/Karimpur-II/Nand.pdf,http://web.archive.org/web/20090410075609id_/http://nadia.nic.in/PanchayatElection08/Delimitation/Karimpur-II/Nand.pdf,,,ready_for_manual_review,,
gp_source_search/historical_expansion/nadia_Nara-II_cdd1cab4.pdf,Nadia,2008,reservation_or_election_source,verify_per_document,1,69877,89a28401c7c0aed0d750457307b31e0bc1a6482750b1ddd9b7d716bc5ed97a10,1705,http://nadia.nic.in/PanchayatElection08/Delimitation/Karimpur-II/Nara-II.pdf,http://web.archive.org/web/20090410074854id_/http://nadia.nic.in/PanchayatElection08/Delimitation/Karimpur-II/Nara-II.pdf,,,ready_for_manual_review,,
gp_source_search/historical_expansion/nadia_Nara-I_8b24736b.pdf,Nadia,2008,reservation_or_election_source,verify_per_document,2,70848,ba7273c42279c52ac89fd76a70795cc7c55ba090cf536e5882e0ab34051c6618,2079,http://nadia.nic.in/PanchayatElection08/Delimitation/Karimpur-II/Nara-I.pdf,https://web.archive.org/web/20090410075558id_/http://nadia.nic.in/PanchayatElection08/Delimitation/Karimpur-II/Nara-I.pdf,,,ready_for_manual_review,,
gp_source_search/historical_expansion/nadia_Nati-II_84283aee.pdf,Nadia,2008,reservation_or_election_source,verify_per_document,2,71737,b1f8693e2d947d6779d2490d97857346ba6a1b8cab0e0c562ea3d94373eb5f7d,2106,http://nadia.nic.in/PanchayatElection08/Delimitation/Karimpur-II/Nati-II.pdf,http://web.archive.org/web/20090410072517id_/http://nadia.nic.in/PanchayatElection08/Delimitation/Karimpur-II/Nati-II.pdf,,,ready_for_manual_review,,
gp_source_search/historical_expansion/nadia_Nati-I_80756371.pdf,Nadia,2008,reservation_or_election_source,verify_per_document,2,71100,62a01bd5357717e134a584dc75e13e50004ee72eeecffc3ec378c86c98b1cb9c,1857,http://nadia.nic.in/PanchayatElection08/Delimitation/Karimpur-II/Nati-I.pdf,https://web.archive.org/web/20090410073406id_/http://nadia.nic.in/PanchayatElection08/Delimitation/Karimpur-II/Nati-I.pdf,,,ready_for_manual_review,,
gp_source_search/historical_expansion/nadia_Natna_1ae6f7bd.pdf,Nadia,2008,reservation_or_election_source,verify_per_document,2,38111,d931888ec948c2df4550ca16261c33b8c72c5e257ca27d3a07dc080fe4fb522c,2282,http://nadia.nic.in/PanchayatElection08/Delimitation/Tehatta-I/Natna.pdf,http://web.archive.org/web/20090410073039id_/http://nadia.nic.in/PanchayatElection08/Delimitation/Tehatta-I/Natna.pdf,,,ready_for_manual_review,,
gp_source_search/historical_expansion/nadia_Nokari_7d8a2a12.pdf,Nadia,2008,reservation_or_election_source,verify_per_document,3,38907,d952474e6435348f19cfd9984385af4d848e4a41a5cc9e81e7dc01ca42473f31,4172,http://nadia.nic.in/PanchayatElection08/Delimitation/Ranaghat-II/Nokari.pdf,https://web.archive.org/web/20090410072753id_/http://nadia.nic.in/PanchayatElection08/Delimitation/Ranaghat-II/Nokari.pdf,,,ready_for_manual_review,,
gp_source_search/historical_expansion/nadia_ORDER-A1_cbbf8640.pdf,Nadia,2008,reservation_or_election_source,verify_per_document,1,59480,674c7cabc4a4bdbbc6854e033fa7f1bf33352ec9689e1befea8ba491e3b0eb5e,1490,http://nadia.nic.in/PanchayatElection08/Delimitation/Karimpur-I/ORDER-A1.pdf,http://web.archive.org/web/20090410073234id_/http://nadia.nic.in/PanchayatElection08/Delimitation/Karimpur-I/ORDER-A1.pdf,,,ready_for_manual_review,,
gp_source_search/historical_expansion/nadia_ORDER-_20A1_d59db5cc.pdf,Nadia,2008,reservation_or_election_source,verify_per_document,1,46486,0999ebe057007d49b3d495441cb408525e08efcd1f5101364d4df4184df14e3c,1487,http://nadia.nic.in/PanchayatElection08/Delimitation/Chakdaha/ORDER-%20A1.pdf,http://web.archive.org/web/20090410073259id_/http://nadia.nic.in/PanchayatElection08/Delimitation/Chakdaha/ORDER-%20A1.pdf,,,ready_for_manual_review,,
gp_source_search/historical_expansion/nadia_ORDER-_20B1_6ffab169.pdf,Nadia,2008,reservation_or_election_source,verify_per_document,1,51562,845f879abccd540b8f0b77097b829e7613e6a6e4b7c113c4c090a99f2c90a09f,1311,http://nadia.nic.in/PanchayatElection08/Delimitation/Chakdaha/ORDER-%20B1.pdf,http://web.archive.org/web/20090410073713id_/http://nadia.nic.in/PanchayatElection08/Delimitation/Chakdaha/ORDER-%20B1.pdf,,,ready_for_manual_review,,
gp_source_search/historical_expansion/nadia_ORDER_3c53400c.pdf,Nadia,2008,reservation_or_election_source,verify_per_document,1,59281,87a4d3febb9b466b9c2bc72a7d79b7716ec09872ff3b335fba4619f5574b10c9,1312,http://nadia.nic.in/PanchayatElection08/Delimitation/Karimpur-I/ORDER.pdf,https://web.archive.org/web/20090410073620id_/http://nadia.nic.in/PanchayatElection08/Delimitation/Karimpur-I/ORDER.pdf,,,ready_for_manual_review,,
gp_source_search/historical_expansion/nadia_ORDER_A1_89e10d5b.pdf,Nadia,2008,reservation_or_election_source,verify_per_document,1,51570,42ccb061bd5af5f6b48cb252cefd97901261cf5f4cc1865bfdcfc331058c11d2,1488,http://nadia.nic.in/PanchayatElection08/Delimitation/Santipur/ORDER_A1.pdf,https://web.archive.org/web/20090410073318id_/http://nadia.nic.in/PanchayatElection08/Delimitation/Santipur/ORDER_A1.pdf,,,ready_for_manual_review,,
gp_source_search/historical_expansion/nadia_ORDER_B1_cd327206.pdf,Nadia,2008,reservation_or_election_source,verify_per_document,1,46240,877d45ec4752a4a2fed8a9e7a030a21071e3fef412c04c937ebb8bafa2e7278a,1314,http://nadia.nic.in/PanchayatElection08/Delimitation/Santipur/ORDER_B1.pdf,http://web.archive.org/web/20090410072839id_/http://nadia.nic.in/PanchayatElection08/Delimitation/Santipur/ORDER_B1.pdf,,,ready_for_manual_review,,
gp_source_search/historical_expansion/nadia_Order-A1_40c0337b.pdf,Nadia,2008,reservation_or_election_source,verify_per_document,1,60032,a053032d669b1217c45ff7b13237fb884a3c879022285f940dae4093430fbace,1678,http://nadia.nic.in/PanchayatElection08/Delimitation/Tehatta-II/Order-A1.pdf,http://web.archive.org/web/20090410072557id_/http://nadia.nic.in/PanchayatElection08/Delimitation/Tehatta-II/Order-A1.pdf,,,ready_for_manual_review,,
gp_source_search/historical_expansion/nadia_Order-B1_336eee9f.pdf,Nadia,2008,reservation_or_election_source,verify_per_document,2,71959,bd46d0a286778d9e7841830b3152cd7f8b6cda2894c018f9411866daeebda075,1528,http://nadia.nic.in/PanchayatElection08/Delimitation/Nakashipara/Order-B1.pdf,http://web.archive.org/web/20090410072145id_/http://nadia.nic.in/PanchayatElection08/Delimitation/Nakashipara/Order-B1.pdf,,,ready_for_manual_review,,
gp_source_search/historical_expansion/nadia_Order-B1_87526c06.pdf,Nadia,2008,reservation_or_election_source,verify_per_document,2,74015,d38eb9dc2e5577b0d1651410f5d7565acd2a61f5f58cebebc75e3126d0ca4734,1509,http://nadia.nic.in/PanchayatElection08/Delimitation/Krishnaganj/Order-B1.pdf,https://web.archive.org/web/20090410072612id_/http://nadia.nic.in/PanchayatElection08/Delimitation/Krishnaganj/Order-B1.pdf,,,ready_for_manual_review,,
gp_source_search/historical_expansion/nadia_Order-B1_b72de417.pdf,Nadia,2008,reservation_or_election_source,verify_per_document,2,76873,72ec4fd39164e00b40221f99b53ae06953572e2ac5602cc9327fc979538fe3d4,1693,http://nadia.nic.in/PanchayatElection08/Delimitation/Tehatta-II/Order-B1.pdf,http://web.archive.org/web/20090410074302id_/http://nadia.nic.in/PanchayatElection08/Delimitation/Tehatta-II/Order-B1.pdf,,,ready_for_manual_review,,
gp_source_search/historical_expansion/nadia_OrderA1_7df1ac2f.pdf,Nadia,2008,reservation_or_election_source,verify_per_document,1,59548,f3c74ab20929eaccb055cf9a58028b5b925b8d005341e2744e19c4bf2a89f7b6,1596,http://nadia.nic.in/PanchayatElection08/Delimitation/Nakashipara/OrderA1.pdf,https://web.archive.org/web/20090410073502id_/http://nadia.nic.in/PanchayatElection08/Delimitation/Nakashipara/OrderA1.pdf,,,ready_for_manual_review,,
gp_source_search/historical_expansion/nadia_Order_20A1_3950681b.pdf,Nadia,2008,reservation_or_election_source,verify_per_document,1,59845,2ccf8ebe5684fc8a44aea5792dac38d0a27d0454fd53ab4df0a3142e4ee9ea86,1585,http://nadia.nic.in/PanchayatElection08/Delimitation/Karimpur-II/Order%20A1.pdf,https://web.archive.org/web/20090410073821id_/http://nadia.nic.in/PanchayatElection08/Delimitation/Karimpur-II/Order%20A1.pdf,,,ready_for_manual_review,,
gp_source_search/historical_expansion/nadia_Order_20A1_3d01c8a0.pdf,Nadia,2008,reservation_or_election_source,verify_per_document,1,58924,3958b53374c9b8faa5dd3eb5b2ac26d2a75eb989242d3a6d7c03fc7c5e3b02f3,1569,http://nadia.nic.in/PanchayatElection08/Delimitation/Tehatta-I/Order%20A1.pdf,https://web.archive.org/web/20090410075634id_/http://nadia.nic.in/PanchayatElection08/Delimitation/Tehatta-I/Order%20A1.pdf,,,ready_for_manual_review,,
gp_source_search/historical_expansion/nadia_Order_20B1_55cae479.pdf,Nadia,2008,reservation_or_election_source,verify_per_document,2,72254,7beb7250477a8a4bf342861b0a7e47709cd0d573fa4be9899f7c358c0a379e65,1471,http://nadia.nic.in/PanchayatElection08/Delimitation/Tehatta-I/Order%20B1.pdf,https://web.archive.org/web/20090410074439id_/http://nadia.nic.in/PanchayatElection08/Delimitation/Tehatta-I/Order%20B1.pdf,,,ready_for_manual_review,,
gp_source_search/historical_expansion/nadia_PanchayatSamity_2781e82c.pdf,Nadia,2008,reservation_or_election_source,verify_per_document,3,48212,58f0bfbe020acc035d55e3df2ae279a7db6e3086ec3dfdd5aefb6c60a641fdea,5772,http://nadia.nic.in/PanchayatElection08/Delimitation/Tehatta-I/PanchayatSamity.pdf,http://web.archive.org/web/20090410073845id_/http://nadia.nic.in/PanchayatElection08/Delimitation/Tehatta-I/PanchayatSamity.pdf,,,ready_for_manual_review,,
gp_source_search/historical_expansion/nadia_Panchayat_20General_20Election_20-_20final_20book_election_202013__cf50563e.pdf,Nadia,2013,gp_reservation_and_election_handbook,mixed,152,10067095,238810badd4a39a733192c9c269ae3cea0171701253e159de32ae912c1211c43,161448,http://nadia.nic.in/Election/Panchayat%20General%20Election%20-%20final%20book(election%202013).pdf,https://web.archive.org/web/20140703205812id_/http://nadia.nic.in/Election/Panchayat%20General%20Election%20-%20final%20book(election%202013).pdf,,,ready_for_manual_review,,Nadia 2013 handbook: GP reservation tables and 2008 election controls; printed page and PDF page differ.
gp_source_search/historical_expansion/nadia_Patharghata-II_0e8021f1.pdf,Nadia,2008,reservation_or_election_source,verify_per_document,2,37850,57af08e3978d3ea9bb58b4dbfd47154dab921629fa0b3dc68bd88dff99685b1b,2245,http://nadia.nic.in/PanchayatElection08/Delimitation/Tehatta-I/Patharghata-II.pdf,https://web.archive.org/web/20090410072042id_/http://nadia.nic.in/PanchayatElection08/Delimitation/Tehatta-I/Patharghata-II.pdf,,,ready_for_manual_review,,
gp_source_search/historical_expansion/nadia_Patharghata-I_88e201b1.pdf,Nadia,2008,reservation_or_election_source,verify_per_document,2,36019,0b26755f32d3bd6efca1251ba47d224ca1f33a8ac76cc25dad7e4841b9652270,1547,http://nadia.nic.in/PanchayatElection08/Delimitation/Tehatta-I/Patharghata-I.pdf,http://web.archive.org/web/20090410074228id_/http://nadia.nic.in/PanchayatElection08/Delimitation/Tehatta-I/Patharghata-I.pdf,,,ready_for_manual_review,,
gp_source_search/historical_expansion/nadia_Patikabari_50152de2.pdf,Nadia,2008,reservation_or_election_source,verify_per_document,2,49168,e70ce1d0ec98f7c0aa1b025f2cbe3dd154c6bf4d15a02c45ee5f8c38db0ae6c9,2937,http://nadia.nic.in/PanchayatElection08/Delimitation/Nakashipara/Patikabari.pdf,http://web.archive.org/web/20090410072947id_/http://nadia.nic.in/PanchayatElection08/Delimitation/Nakashipara/Patikabari.pdf,,,ready_for_manual_review,,
gp_source_search/historical_expansion/nadia_Payradanga_0af226ef.pdf,Nadia,2008,reservation_or_election_source,verify_per_document,3,75658,ccbaa055b105c8d43d7bfd352e1a9416b3a782c1842621189df001324624cf05,3288,http://nadia.nic.in/PanchayatElection08/Delimitation/Ranaghat-I/Payradanga.pdf,https://web.archive.org/web/20090410072318id_/http://nadia.nic.in/PanchayatElection08/Delimitation/Ranaghat-I/Payradanga.pdf,,,ready_for_manual_review,,
gp_source_search/historical_expansion/nadia_Pradhan_20_20Upa-Pradhan_025b28f9.pdf,Nadia,2013,gp_head_and_deputy,final,7,3806260,79149d93b415487624be4a476a3d59c1877b9db25f6c60243caf9583bffb5339,0,http://nadia.nic.in/Election/Pradhan%20&%20Upa-Pradhan.pdf,https://web.archive.org/web/20140703221117id_/http://nadia.nic.in/Election/Pradhan%20&%20Upa-Pradhan.pdf,,,ready_for_manual_review,,"Form 1B dated 15 March 2013, visually checked."
gp_source_search/historical_expansion/nadia_R-HIjuli-II_f1e36aa3.pdf,Nadia,2008,reservation_or_election_source,verify_per_document,2,38030,fb971c8efc16fc1f46557f3b940200b7cddbe25b156a64b8b017002f48e185ff,3633,http://nadia.nic.in/PanchayatElection08/Delimitation/Ranaghat-II/R-HIjuli-II.pdf,http://web.archive.org/web/20090410072202id_/http://nadia.nic.in/PanchayatElection08/Delimitation/Ranaghat-II/R-HIjuli-II.pdf,,,ready_for_manual_review,,
gp_source_search/historical_expansion/nadia_R-Hijuli-I_cdaddaad.pdf,Nadia,2008,reservation_or_election_source,verify_per_document,3,39077,cb81edf6eddf091071c83332da85ee4afd0047a8049f9da9c09c93f6827cde0b,4124,http://nadia.nic.in/PanchayatElection08/Delimitation/Ranaghat-II/R-Hijuli-I.pdf,https://web.archive.org/web/20090410074115id_/http://nadia.nic.in/PanchayatElection08/Delimitation/Ranaghat-II/R-Hijuli-I.pdf,,,ready_for_manual_review,,
gp_source_search/historical_expansion/nadia_Raghunathpur_76aa3d98.pdf,Nadia,2008,reservation_or_election_source,verify_per_document,2,37981,cb151b3ec1b54ece333862a681b3c6f9e7ca2f038fb0fdef5423dfcd9b5e08a1,2280,http://nadia.nic.in/PanchayatElection08/Delimitation/Tehatta-I/Raghunathpur.pdf,http://web.archive.org/web/20090410072405id_/http://nadia.nic.in/PanchayatElection08/Delimitation/Tehatta-I/Raghunathpur.pdf,,,ready_for_manual_review,,
gp_source_search/historical_expansion/nadia_Raha_3f3eef56.pdf,Nadia,2008,reservation_or_election_source,verify_per_document,2,72207,fec88af52b6f8e98a609ff9af2a85a280e61cefed722c00dfdf1a9df99cc3c12,2793,http://nadia.nic.in/PanchayatElection08/Delimitation/Karimpur-II/Raha.pdf,https://web.archive.org/web/20090410074734id_/http://nadia.nic.in/PanchayatElection08/Delimitation/Karimpur-II/Raha.pdf,,,ready_for_manual_review,,
gp_source_search/historical_expansion/nadia_Ramnagar-II_de95b7b3.pdf,Nadia,2008,reservation_or_election_source,verify_per_document,2,56304,a2d109f3242c4cbafc5028a6734465a07809d0f52adb67b940db2073ffc4001b,2300,http://nadia.nic.in/PanchayatElection08/Delimitation/Ranaghat-I/Ramnagar-II.pdf,http://web.archive.org/web/20090410072332id_/http://nadia.nic.in/PanchayatElection08/Delimitation/Ranaghat-I/Ramnagar-II.pdf,,,ready_for_manual_review,,
gp_source_search/historical_expansion/nadia_Ramnagar-I_27a1c6cd.pdf,Nadia,2008,reservation_or_election_source,verify_per_document,2,74355,26fcdcfb2cc1375539ca9f4f582e4f95d9c012fb731611d8d8fbbe55d60c7997,2945,http://nadia.nic.in/PanchayatElection08/Delimitation/Ranaghat-I/Ramnagar-I.pdf,https://web.archive.org/web/20090410072449id_/http://nadia.nic.in/PanchayatElection08/Delimitation/Ranaghat-I/Ramnagar-I.pdf,,,ready_for_manual_review,,
gp_source_search/historical_expansion/nadia_Ramnagar-I_373a0017.pdf,Nadia,2008,reservation_or_election_source,verify_per_document,2,42471,0cc9b6f465c45c66a23dc89b3e3011bf2c62af313aecfad046a1f8e01720ee5b,2614,http://nadia.nic.in/PanchayatElection08/Delimitation/Hanskhali/Ramnagar-I.pdf,https://web.archive.org/web/20090410074942id_/http://nadia.nic.in/PanchayatElection08/Delimitation/Hanskhali/Ramnagar-I.pdf,,,ready_for_manual_review,,
gp_source_search/historical_expansion/nadia_Rautari_845ce850.pdf,Nadia,2008,reservation_or_election_source,verify_per_document,2,39351,86cc57181c15d93393988c8089bd4cf026e5687321b7857391fcc3348e03ce40,2066,http://nadia.nic.in/PanchayatElection08/Delimitation/Chakdaha/Rautari.pdf,http://web.archive.org/web/20090410072626id_/http://nadia.nic.in/PanchayatElection08/Delimitation/Chakdaha/Rautari.pdf,,,ready_for_manual_review,,
gp_source_search/historical_expansion/nadia_Saguna_77c14419.pdf,Nadia,2008,reservation_or_election_source,verify_per_document,3,42517,dc9a5c71b7c77e7327d075f926219623babd14379a18a724a21c7c29b5be6f49,3119,http://nadia.nic.in/PanchayatElection08/Delimitation/Chakdaha/Saguna.pdf,https://web.archive.org/web/20090410072102id_/http://nadia.nic.in/PanchayatElection08/Delimitation/Chakdaha/Saguna.pdf,,,ready_for_manual_review,,
gp_source_search/historical_expansion/nadia_Schedule-A1_72e4ab9c.pdf,Nadia,2008,reservation_or_election_source,verify_per_document,28,191835,369cbe36fc9ffd771126a5e71171b210664c8a9925fc28ea267b2677e139ee13,31918,http://nadia.nic.in/PanchayatElection08/Delimitation/Santipur/Schedule-A1.pdf,https://web.archive.org/web/20090410072651id_/http://nadia.nic.in/PanchayatElection08/Delimitation/Santipur/Schedule-A1.pdf,,,ready_for_manual_review,,
gp_source_search/historical_expansion/nadia_Schedule-B1_83189d27.pdf,Nadia,2008,reservation_or_election_source,verify_per_document,4,76476,a042a305b5b4ffbeaf05aa781d2105e562807af63f70f9e34a44c00263f4d300,5695,http://nadia.nic.in/PanchayatElection08/Delimitation/Santipur/Schedule-B1.pdf,http://web.archive.org/web/20090410072816id_/http://nadia.nic.in/PanchayatElection08/Delimitation/Santipur/Schedule-B1.pdf,,,ready_for_manual_review,,
gp_source_search/historical_expansion/nadia_ScheduleB1_ea11276a.pdf,Nadia,2008,reservation_or_election_source,verify_per_document,4,74102,2b8c24da0e5d1df68ed8163b88827ac3680f2e68411fa2b0a314519e2f507d84,3098,http://nadia.nic.in/PanchayatElection08/Delimitation/Ranaghat-I/ScheduleB1.pdf,https://web.archive.org/web/20090410075126id_/http://nadia.nic.in/PanchayatElection08/Delimitation/Ranaghat-I/ScheduleB1.pdf,,,ready_for_manual_review,,
gp_source_search/historical_expansion/nadia_Shikarpur_43495071.pdf,Nadia,2008,reservation_or_election_source,verify_per_document,1,91026,554c4d2bac5b52f2122227164a589097051f1c84abd6209e90c2abaea99fd9e7,2709,http://nadia.nic.in/PanchayatElection08/Delimitation/Karimpur-I/Shikarpur.pdf,https://web.archive.org/web/20090410075342id_/http://nadia.nic.in/PanchayatElection08/Delimitation/Karimpur-I/Shikarpur.pdf,,,ready_for_manual_review,,
gp_source_search/historical_expansion/nadia_Shyamnagar_01ae09b5.pdf,Nadia,2008,reservation_or_election_source,verify_per_document,2,38974,64c3f7ae34d4eb25fd19c10e830bf8ffbb9be4d04f95ba14ce1d64f30cf84939,2332,http://nadia.nic.in/PanchayatElection08/Delimitation/Tehatta-I/Shyamnagar.pdf,http://web.archive.org/web/20090410074217id_/http://nadia.nic.in/PanchayatElection08/Delimitation/Tehatta-I/Shyamnagar.pdf,,,ready_for_manual_review,,
gp_source_search/historical_expansion/nadia_Shyamnagar_6ec2319a.pdf,Nadia,2008,reservation_or_election_source,verify_per_document,3,38948,b83bf95c6400d00af4f957800a2c8084a02aba7d15dad047f1f72b60ca66b319,3412,http://nadia.nic.in/PanchayatElection08/Delimitation/Ranaghat-II/Shyamnagar.pdf,http://web.archive.org/web/20090410074707id_/http://nadia.nic.in/PanchayatElection08/Delimitation/Ranaghat-II/Shyamnagar.pdf,,,ready_for_manual_review,,
gp_source_search/historical_expansion/nadia_Silinda-I_7d8fc466.pdf,Nadia,2008,reservation_or_election_source,verify_per_document,2,40071,8b7ab9c412f8ee47fd244bda3f72c9298c9f60b5c58a82d00443b64466e5033d,2200,http://nadia.nic.in/PanchayatElection08/Delimitation/Chakdaha/Silinda-I.pdf,http://web.archive.org/web/20090410074636id_/http://nadia.nic.in/PanchayatElection08/Delimitation/Chakdaha/Silinda-I.pdf,,,ready_for_manual_review,,
gp_source_search/historical_expansion/nadia_Tarapur_d8d660c2.pdf,Nadia,2008,reservation_or_election_source,verify_per_document,2,72399,a400cbf6201e85a51890710a810aec406aa7065854836c13591cd05bc883ead8,2130,http://nadia.nic.in/PanchayatElection08/Delimitation/Ranaghat-I/Tarapur.pdf,https://web.archive.org/web/20090410075329id_/http://nadia.nic.in/PanchayatElection08/Delimitation/Ranaghat-I/Tarapur.pdf,,,ready_for_manual_review,,
gp_source_search/historical_expansion/nadia_Tatla-II_93e73760.pdf,Nadia,2008,reservation_or_election_source,verify_per_document,2,39894,773c5da77f461df392ed8da2a434d7ab7538fc7062ef79680414a21bfb304c79,2420,http://nadia.nic.in/PanchayatElection08/Delimitation/Chakdaha/Tatla-II.pdf,http://web.archive.org/web/20090410075015id_/http://nadia.nic.in/PanchayatElection08/Delimitation/Chakdaha/Tatla-II.pdf,,,ready_for_manual_review,,
gp_source_search/historical_expansion/nadia_Tatla-I_702c0ed1.pdf,Nadia,2008,reservation_or_election_source,verify_per_document,2,40895,34a6a76d72f5bcbd889ad30bb194f23a5d2cf496063a3842a300721fbd348eea,2531,http://nadia.nic.in/PanchayatElection08/Delimitation/Chakdaha/Tatla-I.pdf,http://web.archive.org/web/20090410074953id_/http://nadia.nic.in/PanchayatElection08/Delimitation/Chakdaha/Tatla-I.pdf,,,ready_for_manual_review,,
gp_source_search/historical_expansion/nadia_Tehatta_d0cc01dc.pdf,Nadia,2008,reservation_or_election_source,verify_per_document,2,38093,e83f6349be62f5e8315abdc7622a948d994393383ee377e3a825808e141a4cbc,2461,http://nadia.nic.in/PanchayatElection08/Delimitation/Tehatta-I/Tehatta.pdf,http://web.archive.org/web/20090410075536id_/http://nadia.nic.in/PanchayatElection08/Delimitation/Tehatta-I/Tehatta.pdf,,,ready_for_manual_review,,
gp_source_search/historical_expansion/s24pgs_1680-SEC-Gazette_Notification-Delimitation_reservation-South24Pgs_44754cc1.pdf,South 24 Parganas,2018,reservation_or_election_source,verify_per_document,7,1824057,739fee6fff3de5ebc440f87ceb40e70e13abda3859653a8c30822d5bdf41b9d9,0,http://s24pgs.gov.in:80/s24p/pelec2018/1680-SEC-Gazette_Notification-Delimitation_reservation-South24Pgs.pdf,http://web.archive.org/web/20180417015435id_/http://s24pgs.gov.in/s24p/pelec2018/1680-SEC-Gazette_Notification-Delimitation_reservation-South24Pgs.pdf,,,ready_for_manual_review,,
gp_source_search/historical_expansion/s24pgs_267-SEC-Form1D-Sabhadhipati_ReservationFO_834b6a56.pdf,South 24 Parganas,2018,reservation_or_election_source,verify_per_document,2,471420,08d7b1fb879fc3799edbf725f8b7023e9f9c8e203b04e44de7d3d44c6954abbb,0,http://s24pgs.gov.in:80/s24p/pelec2018/267-SEC-Form1D-Sabhadhipati_ReservationFO.pdf,http://web.archive.org/web/20180508182127id_/http://s24pgs.gov.in/s24p/pelec2018/267-SEC-Form1D-Sabhadhipati_ReservationFO.pdf,,,ready_for_manual_review,,
gp_source_search/historical_expansion/s24pgs_642_Form-1B_Pradhan_1_e6a3bc68.pdf,South 24 Parganas,2018,gp_head,final,12,4105662,6fa2911868350033e421c3ec257144a9618feb0fe27c07c5116d6763be056973,12185,http://s24pgs.gov.in:80/s24p/pelec2018/642_Form-1B_Pradhan_1.pdf,https://web.archive.org/web/20180508055743id_/http://s24pgs.gov.in/s24p/pelec2018/642_Form-1B_Pradhan_1.pdf,,,ready_for_manual_review,,
gp_source_search/historical_expansion/s24pgs_643_Form-1B_Upa-Pradhan_1_752bf64d.pdf,South 24 Parganas,2018,gp_deputy,final,6,2162854,2270d40b82f79fb05c96fc7a6b75205d2387407f6364ab0670604be7e2209c33,6786,http://s24pgs.gov.in:80/s24p/pelec2018/643_Form-1B_Upa-Pradhan_1.pdf,https://web.archive.org/web/20180508184043id_/http://s24pgs.gov.in/s24p/pelec2018/643_Form-1B_Upa-Pradhan_1.pdf,,,ready_for_manual_review,,
gp_source_search/historical_expansion/s24pgs_Form-1A_Pradhan_1_2ca5b798.pdf,South 24 Parganas,2018,gp_head_or_deputy,draft,12,4058799,aa876d838a4cb51d18cacb6c9c144e01856ecc6e8886c8be08b9bcae4b73ae2b,12730,http://s24pgs.gov.in:80/s24p/pelec2018/Form-1A_Pradhan_1.pdf,http://web.archive.org/web/20180508184050id_/http://s24pgs.gov.in/s24p/pelec2018/Form-1A_Pradhan_1.pdf,,,ready_for_manual_review,,
gp_source_search/historical_expansion/s24pgs_Form-1A_Upa_Pradhan_1_50f5d7f2.pdf,South 24 Parganas,2018,gp_head_or_deputy,draft,6,2184136,38b4d02632b217adabd34f14c77445628d402221452990726e41e8cc743c68ba,6902,http://s24pgs.gov.in:80/s24p/pelec2018/Form-1A_Upa_Pradhan_1.pdf,http://web.archive.org/web/20180508182139id_/http://s24pgs.gov.in/s24p/pelec2018/Form-1A_Upa_Pradhan_1.pdf,,,ready_for_manual_review,,
gp_source_search/hooghly_2003_total.htm,Hooghly,2003,gp_party_seats,results,,649685,9eb22ad17c307bc2a0683c7d68a5e2969a7b1ed170d4489545f66f8e06a24c21,,http://hooghly.nic.in:80/hzp/Panch_election1/total.htm,https://web.archive.org/web/20041117101744id_/http://hooghly.nic.in:80/hzp/Panch_election1/total.htm,,,ready_for_manual_review,,
gp_source_search/summaries/cooch_behar_2018_landing.html,Cooch Behar,2018,landing_page,results,,137120,67304da699be5f3acae5623c3e2ed4900247b46cdc02f57a8bc5bd9a108c53a7,,https://coochbehar.gov.in/pge-2018/,,,,reference_only,,
gp_source_search/summaries/cooch_behar_2023020711.pdf,Cooch Behar,2018,aggregate_results,results,1,105502,244123b2defca821890e0fcdfe22f850878651807cbbf76e6c714214ea1fc0fb,729,https://cdn.s3waas.gov.in/s3fbd7939d674997cdb4692d34de8633c4/uploads/2023/02/2023020711.pdf,,,,ready_for_manual_review,gp_source_search/historical_expansion/coochbehar_PS_Result170518_a318f84f.pdf,
gp_source_search/summaries/cooch_behar_2023020713.pdf,Cooch Behar,2018,aggregate_results,results,1,104443,70735151967b0d420a8c7508a9c22bfe2f9be3ba0042fac510a4d073b363017f,655,https://cdn.s3waas.gov.in/s3fbd7939d674997cdb4692d34de8633c4/uploads/2023/02/2023020713.pdf,,,,ready_for_manual_review,gp_source_search/historical_expansion/coochbehar_ZP_Result170518_8d55d0b7.pdf,
gp_source_search/summaries/cooch_behar_2023020714.pdf,Cooch Behar,2018,aggregate_results,results,1,105721,9084e88feda8537a1d991cad2f8ce735e4a26c8710fd6817ae84dbe6ec6e76ce,806,https://cdn.s3waas.gov.in/s3fbd7939d674997cdb4692d34de8633c4/uploads/2023/02/2023020714.pdf,,,,ready_for_manual_review,gp_source_search/cooch_behar_2018_gp_results.pdf,
gp_source_search/summaries/hooghly_2003_aniva.htm,Hooghly,2003,aggregate_results,results,,63938,90dc0eb614800519895152a8c48754f39574b7672a7e2b626874fb4df1f381a9,,https://web.archive.org/web/20041117101744id_/http://hooghly.nic.in:80/hzp/Panch_election1/aniva.htm,,,,ready_for_manual_review,,
gp_source_search/summaries/hooghly_2003_anvb.htm,Hooghly,2003,aggregate_results,results,,53317,a43fc8688264ba7c2574eb85cb678fd4224fffb1cde61ad97b1086bb70f5b85e,,https://web.archive.org/web/20041117101744id_/http://hooghly.nic.in:80/hzp/Panch_election1/anvb.htm,,,,ready_for_manual_review,,
gp_source_search/summaries/hooghly_2003_anvib.htm,Hooghly,2003,aggregate_results,results,,16977,4b3bfc6301ed1f96ea7f2740fa092f5702872c8e800ef119d09256b7c0eb58c7,,https://web.archive.org/web/20041117101744id_/http://hooghly.nic.in:80/hzp/Panch_election1/anvib.htm,,,,ready_for_manual_review,,
gp_source_search/summaries/sec_detail.html,Statewide,,empty_result_form,conflicting_metadata,,12319,32cd42969f82aeb8d7995d17f8f5249636f04468a2950e3e284722c359bdf423,,https://wbsec.org/PublicPages/VotingResult2018.aspx,,,,reference_only,,"Detail page has conflicting 2018 header / 2022 Siliguri selector, with no candidate rows."
gp_source_search/summaries/sec_district.html,Statewide,2018,district_result_summary,results,,150295,0621550a46a0419698bbcd8ec1063edba293b22536d843b11c7f294e187d2f01,,https://wbsec.org/PublicPages/DistrictwiseResult.aspx,,,,ready_for_manual_review,,
gp_source_search/summaries/sec_home.html,Statewide,2018,district_result_summary,results,,35601,9a71e0be7c9aec7fcf1724f5fbcedaaaeaa0845e57b1b67cff961713b1b0f9d0,,https://wbsec.org/PublicPages/Home.aspx,,,,ready_for_manual_review,,
