mnrega_file_year,district,block,gram_panchayat,source
2013,JALPAIGURI,ALIPURDUAR-I,BANCHUKAMARI,"doi:10.7910/DVN/ZHF9WC datafile 10396541 (r3-all-2013.csv.gz, md5 e6950bd317dabe3b41bf7738c248e7ee)"
2013,JALPAIGURI,ALIPURDUAR-I,CHAKOWAKHETI,"doi:10.7910/DVN/ZHF9WC datafile 10396541 (r3-all-2013.csv.gz, md5 e6950bd317dabe3b41bf7738c248e7ee)"
2013,JALPAIGURI,ALIPURDUAR-I,MATHURA,"doi:10.7910/DVN/ZHF9WC datafile 10396541 (r3-all-2013.csv.gz, md5 e6950bd317dabe3b41bf7738c248e7ee)"
2013,JALPAIGURI,ALIPURDUAR-I,PARORPAR,"doi:10.7910/DVN/ZHF9WC datafile 10396541 (r3-all-2013.csv.gz, md5 e6950bd317dabe3b41bf7738c248e7ee)"
2013,JALPAIGURI,ALIPURDUAR-I,PATLAKHAWA,"doi:10.7910/DVN/ZHF9WC datafile 10396541 (r3-all-2013.csv.gz, md5 e6950bd317dabe3b41bf7738c248e7ee)"
2013,JALPAIGURI,ALIPURDUAR-I,PURBA KANTHALBARI,"doi:10.7910/DVN/ZHF9WC datafile 10396541 (r3-all-2013.csv.gz, md5 e6950bd317dabe3b41bf7738c248e7ee)"
2013,JALPAIGURI,ALIPURDUAR-I,SALKUMAR-I,"doi:10.7910/DVN/ZHF9WC datafile 10396541 (r3-all-2013.csv.gz, md5 e6950bd317dabe3b41bf7738c248e7ee)"
2013,JALPAIGURI,ALIPURDUAR-I,SALKUMAR-II,"doi:10.7910/DVN/ZHF9WC datafile 10396541 (r3-all-2013.csv.gz, md5 e6950bd317dabe3b41bf7738c248e7ee)"
2013,JALPAIGURI,ALIPURDUAR-I,TAPSIKHATA,"doi:10.7910/DVN/ZHF9WC datafile 10396541 (r3-all-2013.csv.gz, md5 e6950bd317dabe3b41bf7738c248e7ee)"
2013,JALPAIGURI,ALIPURDUAR-I,VIVEKANADA-I,"doi:10.7910/DVN/ZHF9WC datafile 10396541 (r3-all-2013.csv.gz, md5 e6950bd317dabe3b41bf7738c248e7ee)"
2013,JALPAIGURI,ALIPURDUAR-I,VIVEKANADA-II,"doi:10.7910/DVN/ZHF9WC datafile 10396541 (r3-all-2013.csv.gz, md5 e6950bd317dabe3b41bf7738c248e7ee)"
2013,JALPAIGURI,ALIPURDUAR-II,BHATIBARI,"doi:10.7910/DVN/ZHF9WC datafile 10396541 (r3-all-2013.csv.gz, md5 e6950bd317dabe3b41bf7738c248e7ee)"
2013,JALPAIGURI,ALIPURDUAR-II,CHAPORER PAR-I,"doi:10.7910/DVN/ZHF9WC datafile 10396541 (r3-all-2013.csv.gz, md5 e6950bd317dabe3b41bf7738c248e7ee)"
2013,JALPAIGURI,ALIPURDUAR-II,CHAPORER PAR-II,"doi:10.7910/DVN/ZHF9WC datafile 10396541 (r3-all-2013.csv.gz, md5 e6950bd317dabe3b41bf7738c248e7ee)"
2013,JALPAIGURI,ALIPURDUAR-II,KOHINOOR,"doi:10.7910/DVN/ZHF9WC datafile 10396541 (r3-all-2013.csv.gz, md5 e6950bd317dabe3b41bf7738c248e7ee)"
2013,JALPAIGURI,ALIPURDUAR-II,MAHAKALGURI,"doi:10.7910/DVN/ZHF9WC datafile 10396541 (r3-all-2013.csv.gz, md5 e6950bd317dabe3b41bf7738c248e7ee)"
2013,JALPAIGURI,ALIPURDUAR-II,MAJHERDABRI,"doi:10.7910/DVN/ZHF9WC datafile 10396541 (r3-all-2013.csv.gz, md5 e6950bd317dabe3b41bf7738c248e7ee)"
2013,JALPAIGURI,ALIPURDUAR-II,PAROKATA,"doi:10.7910/DVN/ZHF9WC datafile 10396541 (r3-all-2013.csv.gz, md5 e6950bd317dabe3b41bf7738c248e7ee)"
2013,JALPAIGURI,ALIPURDUAR-II,SAMUKTALA,"doi:10.7910/DVN/ZHF9WC datafile 10396541 (r3-all-2013.csv.gz, md5 e6950bd317dabe3b41bf7738c248e7ee)"
2013,JALPAIGURI,ALIPURDUAR-II,TATPARA-I,"doi:10.7910/DVN/ZHF9WC datafile 10396541 (r3-all-2013.csv.gz, md5 e6950bd317dabe3b41bf7738c248e7ee)"
2013,JALPAIGURI,ALIPURDUAR-II,TATPARA-II,"doi:10.7910/DVN/ZHF9WC datafile 10396541 (r3-all-2013.csv.gz, md5 e6950bd317dabe3b41bf7738c248e7ee)"
2013,JALPAIGURI,ALIPURDUAR-II,TURTURI,"doi:10.7910/DVN/ZHF9WC datafile 10396541 (r3-all-2013.csv.gz, md5 e6950bd317dabe3b41bf7738c248e7ee)"
2013,24 PARGANAS (NORTH),AMDANGA,ADHATA,"doi:10.7910/DVN/ZHF9WC datafile 10396541 (r3-all-2013.csv.gz, md5 e6950bd317dabe3b41bf7738c248e7ee)"
2013,24 PARGANAS (NORTH),AMDANGA,AMDANGA,"doi:10.7910/DVN/ZHF9WC datafile 10396541 (r3-all-2013.csv.gz, md5 e6950bd317dabe3b41bf7738c248e7ee)"
2013,24 PARGANAS (NORTH),AMDANGA,BERABERIA,"doi:10.7910/DVN/ZHF9WC datafile 10396541 (r3-all-2013.csv.gz, md5 e6950bd317dabe3b41bf7738c248e7ee)"
2013,24 PARGANAS (NORTH),AMDANGA,BODAI,"doi:10.7910/DVN/ZHF9WC datafile 10396541 (r3-all-2013.csv.gz, md5 e6950bd317dabe3b41bf7738c248e7ee)"
2013,24 PARGANAS (NORTH),AMDANGA,CHANDIGARH,"doi:10.7910/DVN/ZHF9WC datafile 10396541 (r3-all-2013.csv.gz, md5 e6950bd317dabe3b41bf7738c248e7ee)"
2013,24 PARGANAS (NORTH),AMDANGA,MARICHA,"doi:10.7910/DVN/ZHF9WC datafile 10396541 (r3-all-2013.csv.gz, md5 e6950bd317dabe3b41bf7738c248e7ee)"
2013,24 PARGANAS (NORTH),AMDANGA,SADHANPUR,"doi:10.7910/DVN/ZHF9WC datafile 10396541 (r3-all-2013.csv.gz, md5 e6950bd317dabe3b41bf7738c248e7ee)"
2013,24 PARGANAS (NORTH),AMDANGA,TARABERIA,"doi:10.7910/DVN/ZHF9WC datafile 10396541 (r3-all-2013.csv.gz, md5 e6950bd317dabe3b41bf7738c248e7ee)"
2013,HOWRAH,AMTA-I,AMTA,"doi:10.7910/DVN/ZHF9WC datafile 10396541 (r3-all-2013.csv.gz, md5 e6950bd317dabe3b41bf7738c248e7ee)"
2013,HOWRAH,AMTA-I,ANULIA,"doi:10.7910/DVN/ZHF9WC datafile 10396541 (r3-all-2013.csv.gz, md5 e6950bd317dabe3b41bf7738c248e7ee)"
2013,HOWRAH,AMTA-I,BALICHAK,"doi:10.7910/DVN/ZHF9WC datafile 10396541 (r3-all-2013.csv.gz, md5 e6950bd317dabe3b41bf7738c248e7ee)"
2013,HOWRAH,AMTA-I,BASANTAPUR,"doi:10.7910/DVN/ZHF9WC datafile 10396541 (r3-all-2013.csv.gz, md5 e6950bd317dabe3b41bf7738c248e7ee)"
2013,HOWRAH,AMTA-I,BHANDARGACHHA,"doi:10.7910/DVN/ZHF9WC datafile 10396541 (r3-all-2013.csv.gz, md5 e6950bd317dabe3b41bf7738c248e7ee)"
2013,HOWRAH,AMTA-I,CHANDRAPUR,"doi:10.7910/DVN/ZHF9WC datafile 10396541 (r3-all-2013.csv.gz, md5 e6950bd317dabe3b41bf7738c248e7ee)"
2013,HOWRAH,AMTA-I,KANPUR,"doi:10.7910/DVN/ZHF9WC datafile 10396541 (r3-all-2013.csv.gz, md5 e6950bd317dabe3b41bf7738c248e7ee)"
2013,HOWRAH,AMTA-I,KHARDAH,"doi:10.7910/DVN/ZHF9WC datafile 10396541 (r3-all-2013.csv.gz, md5 e6950bd317dabe3b41bf7738c248e7ee)"
2013,HOWRAH,AMTA-I,KHOSALPUR,"doi:10.7910/DVN/ZHF9WC datafile 10396541 (r3-all-2013.csv.gz, md5 e6950bd317dabe3b41bf7738c248e7ee)"
2013,HOWRAH,AMTA-I,RASPUR,"doi:10.7910/DVN/ZHF9WC datafile 10396541 (r3-all-2013.csv.gz, md5 e6950bd317dabe3b41bf7738c248e7ee)"
2013,HOWRAH,AMTA-I,SIRAJBATI,"doi:10.7910/DVN/ZHF9WC datafile 10396541 (r3-all-2013.csv.gz, md5 e6950bd317dabe3b41bf7738c248e7ee)"
2013,HOWRAH,AMTA-I,UDANG-I,"doi:10.7910/DVN/ZHF9WC datafile 10396541 (r3-all-2013.csv.gz, md5 e6950bd317dabe3b41bf7738c248e7ee)"
2013,HOWRAH,AMTA-I,UDANG-II,"doi:10.7910/DVN/ZHF9WC datafile 10396541 (r3-all-2013.csv.gz, md5 e6950bd317dabe3b41bf7738c248e7ee)"
2013,HOWRAH,AMTA-II,AMRAGORI,"doi:10.7910/DVN/ZHF9WC datafile 10396541 (r3-all-2013.csv.gz, md5 e6950bd317dabe3b41bf7738c248e7ee)"
2013,HOWRAH,AMTA-II,BHATORA,"doi:10.7910/DVN/ZHF9WC datafile 10396541 (r3-all-2013.csv.gz, md5 e6950bd317dabe3b41bf7738c248e7ee)"
2013,HOWRAH,AMTA-II,BINLA KRISHNABATI,"doi:10.7910/DVN/ZHF9WC datafile 10396541 (r3-all-2013.csv.gz, md5 e6950bd317dabe3b41bf7738c248e7ee)"
2013,HOWRAH,AMTA-II,GAZIPUR,"doi:10.7910/DVN/ZHF9WC datafile 10396541 (r3-all-2013.csv.gz, md5 e6950bd317dabe3b41bf7738c248e7ee)"
2013,HOWRAH,AMTA-II,GHORABERIA CHITNAN,"doi:10.7910/DVN/ZHF9WC datafile 10396541 (r3-all-2013.csv.gz, md5 e6950bd317dabe3b41bf7738c248e7ee)"
2013,HOWRAH,AMTA-II,JAYPUR,"doi:10.7910/DVN/ZHF9WC datafile 10396541 (r3-all-2013.csv.gz, md5 e6950bd317dabe3b41bf7738c248e7ee)"
2013,HOWRAH,AMTA-II,JHAMTIA,"doi:10.7910/DVN/ZHF9WC datafile 10396541 (r3-all-2013.csv.gz, md5 e6950bd317dabe3b41bf7738c248e7ee)"
2013,HOWRAH,AMTA-II,JHIKIRA,"doi:10.7910/DVN/ZHF9WC datafile 10396541 (r3-all-2013.csv.gz, md5 e6950bd317dabe3b41bf7738c248e7ee)"
2013,HOWRAH,AMTA-II,KALNA,"doi:10.7910/DVN/ZHF9WC datafile 10396541 (r3-all-2013.csv.gz, md5 e6950bd317dabe3b41bf7738c248e7ee)"
2013,HOWRAH,AMTA-II,KASMOLI,"doi:10.7910/DVN/ZHF9WC datafile 10396541 (r3-all-2013.csv.gz, md5 e6950bd317dabe3b41bf7738c248e7ee)"
2013,HOWRAH,AMTA-II,KUSBERIA,"doi:10.7910/DVN/ZHF9WC datafile 10396541 (r3-all-2013.csv.gz, md5 e6950bd317dabe3b41bf7738c248e7ee)"
2013,HOWRAH,AMTA-II,NOYAPARA,"doi:10.7910/DVN/ZHF9WC datafile 10396541 (r3-all-2013.csv.gz, md5 e6950bd317dabe3b41bf7738c248e7ee)"
2013,HOWRAH,AMTA-II,TAJPUR,"doi:10.7910/DVN/ZHF9WC datafile 10396541 (r3-all-2013.csv.gz, md5 e6950bd317dabe3b41bf7738c248e7ee)"
2013,HOWRAH,AMTA-II,THALIA,"doi:10.7910/DVN/ZHF9WC datafile 10396541 (r3-all-2013.csv.gz, md5 e6950bd317dabe3b41bf7738c248e7ee)"
2013,PASCHIM BARDHAMAN,ANDAL,ANDAL,"doi:10.7910/DVN/ZHF9WC datafile 10396541 (r3-all-2013.csv.gz, md5 e6950bd317dabe3b41bf7738c248e7ee)"
2013,PASCHIM BARDHAMAN,ANDAL,DAKSHIN-KHANDA,"doi:10.7910/DVN/ZHF9WC datafile 10396541 (r3-all-2013.csv.gz, md5 e6950bd317dabe3b41bf7738c248e7ee)"
2013,PASCHIM BARDHAMAN,ANDAL,KAJORA,"doi:10.7910/DVN/ZHF9WC datafile 10396541 (r3-all-2013.csv.gz, md5 e6950bd317dabe3b41bf7738c248e7ee)"
2013,PASCHIM BARDHAMAN,ANDAL,KHANDRA,"doi:10.7910/DVN/ZHF9WC datafile 10396541 (r3-all-2013.csv.gz, md5 e6950bd317dabe3b41bf7738c248e7ee)"
2013,PASCHIM BARDHAMAN,ANDAL,MADANPUR,"doi:10.7910/DVN/ZHF9WC datafile 10396541 (r3-all-2013.csv.gz, md5 e6950bd317dabe3b41bf7738c248e7ee)"
2013,PASCHIM BARDHAMAN,ANDAL,RAMPROSADPUR,"doi:10.7910/DVN/ZHF9WC datafile 10396541 (r3-all-2013.csv.gz, md5 e6950bd317dabe3b41bf7738c248e7ee)"
2013,PASCHIM BARDHAMAN,ANDAL,SRIRAMPUR,"doi:10.7910/DVN/ZHF9WC datafile 10396541 (r3-all-2013.csv.gz, md5 e6950bd317dabe3b41bf7738c248e7ee)"
2013,PASCHIM BARDHAMAN,ANDAL,UKHRA,"doi:10.7910/DVN/ZHF9WC datafile 10396541 (r3-all-2013.csv.gz, md5 e6950bd317dabe3b41bf7738c248e7ee)"
2013,HOOGHLY,ARAMBAGH,ARANDI-I,"doi:10.7910/DVN/ZHF9WC datafile 10396541 (r3-all-2013.csv.gz, md5 e6950bd317dabe3b41bf7738c248e7ee)"
2013,HOOGHLY,ARAMBAGH,ARANDI-II,"doi:10.7910/DVN/ZHF9WC datafile 10396541 (r3-all-2013.csv.gz, md5 e6950bd317dabe3b41bf7738c248e7ee)"
2013,HOOGHLY,ARAMBAGH,BATANAL,"doi:10.7910/DVN/ZHF9WC datafile 10396541 (r3-all-2013.csv.gz, md5 e6950bd317dabe3b41bf7738c248e7ee)"
2013,HOOGHLY,ARAMBAGH,GOURHATI-I,"doi:10.7910/DVN/ZHF9WC datafile 10396541 (r3-all-2013.csv.gz, md5 e6950bd317dabe3b41bf7738c248e7ee)"
2013,HOOGHLY,ARAMBAGH,GOURHATI-II,"doi:10.7910/DVN/ZHF9WC datafile 10396541 (r3-all-2013.csv.gz, md5 e6950bd317dabe3b41bf7738c248e7ee)"
2013,HOOGHLY,ARAMBAGH,HARINKHOLA-I,"doi:10.7910/DVN/ZHF9WC datafile 10396541 (r3-all-2013.csv.gz, md5 e6950bd317dabe3b41bf7738c248e7ee)"
2013,HOOGHLY,ARAMBAGH,HARINKHOLA-II,"doi:10.7910/DVN/ZHF9WC datafile 10396541 (r3-all-2013.csv.gz, md5 e6950bd317dabe3b41bf7738c248e7ee)"
2013,HOOGHLY,ARAMBAGH,MADHABPUR,"doi:10.7910/DVN/ZHF9WC datafile 10396541 (r3-all-2013.csv.gz, md5 e6950bd317dabe3b41bf7738c248e7ee)"
2013,HOOGHLY,ARAMBAGH,MALAYPUR-I,"doi:10.7910/DVN/ZHF9WC datafile 10396541 (r3-all-2013.csv.gz, md5 e6950bd317dabe3b41bf7738c248e7ee)"
2013,HOOGHLY,ARAMBAGH,MALAYPUR-II,"doi:10.7910/DVN/ZHF9WC datafile 10396541 (r3-all-2013.csv.gz, md5 e6950bd317dabe3b41bf7738c248e7ee)"
2013,HOOGHLY,ARAMBAGH,MAYAPUR-I,"doi:10.7910/DVN/ZHF9WC datafile 10396541 (r3-all-2013.csv.gz, md5 e6950bd317dabe3b41bf7738c248e7ee)"
2013,HOOGHLY,ARAMBAGH,MAYAPUR-II,"doi:10.7910/DVN/ZHF9WC datafile 10396541 (r3-all-2013.csv.gz, md5 e6950bd317dabe3b41bf7738c248e7ee)"
2013,HOOGHLY,ARAMBAGH,SALEPUR-I,"doi:10.7910/DVN/ZHF9WC datafile 10396541 (r3-all-2013.csv.gz, md5 e6950bd317dabe3b41bf7738c248e7ee)"
2013,HOOGHLY,ARAMBAGH,SALEPUR-II,"doi:10.7910/DVN/ZHF9WC datafile 10396541 (r3-all-2013.csv.gz, md5 e6950bd317dabe3b41bf7738c248e7ee)"
2013,HOOGHLY,ARAMBAGH,TIROLE,"doi:10.7910/DVN/ZHF9WC datafile 10396541 (r3-all-2013.csv.gz, md5 e6950bd317dabe3b41bf7738c248e7ee)"
2013,PURULIA,ARSHA,ARSHA,"doi:10.7910/DVN/ZHF9WC datafile 10396541 (r3-all-2013.csv.gz, md5 e6950bd317dabe3b41bf7738c248e7ee)"
2013,PURULIA,ARSHA,BELDIH,"doi:10.7910/DVN/ZHF9WC datafile 10396541 (r3-all-2013.csv.gz, md5 e6950bd317dabe3b41bf7738c248e7ee)"
2013,PURULIA,ARSHA,CHATUHANSA,"doi:10.7910/DVN/ZHF9WC datafile 10396541 (r3-all-2013.csv.gz, md5 e6950bd317dabe3b41bf7738c248e7ee)"
2013,PURULIA,ARSHA,HENSLA,"doi:10.7910/DVN/ZHF9WC datafile 10396541 (r3-all-2013.csv.gz, md5 e6950bd317dabe3b41bf7738c248e7ee)"
2013,PURULIA,ARSHA,HETGUGUI,"doi:10.7910/DVN/ZHF9WC datafile 10396541 (r3-all-2013.csv.gz, md5 e6950bd317dabe3b41bf7738c248e7ee)"
2013,PURULIA,ARSHA,MANKIARY,"doi:10.7910/DVN/ZHF9WC datafile 10396541 (r3-all-2013.csv.gz, md5 e6950bd317dabe3b41bf7738c248e7ee)"
2013,PURULIA,ARSHA,PUARA,"doi:10.7910/DVN/ZHF9WC datafile 10396541 (r3-all-2013.csv.gz, md5 e6950bd317dabe3b41bf7738c248e7ee)"
2013,PURULIA,ARSHA,SIRKABAD,"doi:10.7910/DVN/ZHF9WC datafile 10396541 (r3-all-2013.csv.gz, md5 e6950bd317dabe3b41bf7738c248e7ee)"
2013,PASCHIM BARDHAMAN,AUSGRAM-I,AUSGRAM,"doi:10.7910/DVN/ZHF9WC datafile 10396541 (r3-all-2013.csv.gz, md5 e6950bd317dabe3b41bf7738c248e7ee)"
2013,PASCHIM BARDHAMAN,AUSGRAM-I,BERENDA,"doi:10.7910/DVN/ZHF9WC datafile 10396541 (r3-all-2013.csv.gz, md5 e6950bd317dabe3b41bf7738c248e7ee)"
2013,PASCHIM BARDHAMAN,AUSGRAM-I,BILLAGRAM,"doi:10.7910/DVN/ZHF9WC datafile 10396541 (r3-all-2013.csv.gz, md5 e6950bd317dabe3b41bf7738c248e7ee)"
2013,PASCHIM BARDHAMAN,AUSGRAM-I,DIGNAGAR-I,"doi:10.7910/DVN/ZHF9WC datafile 10396541 (r3-all-2013.csv.gz, md5 e6950bd317dabe3b41bf7738c248e7ee)"
2013,PASCHIM BARDHAMAN,AUSGRAM-I,DIGNAGAR-II,"doi:10.7910/DVN/ZHF9WC datafile 10396541 (r3-all-2013.csv.gz, md5 e6950bd317dabe3b41bf7738c248e7ee)"
2013,PASCHIM BARDHAMAN,AUSGRAM-I,GUSKARA-II,"doi:10.7910/DVN/ZHF9WC datafile 10396541 (r3-all-2013.csv.gz, md5 e6950bd317dabe3b41bf7738c248e7ee)"
2013,PASCHIM BARDHAMAN,AUSGRAM-I,UKTA,"doi:10.7910/DVN/ZHF9WC datafile 10396541 (r3-all-2013.csv.gz, md5 e6950bd317dabe3b41bf7738c248e7ee)"
2013,PASCHIM BARDHAMAN,AUSGRAM-II,AMARPUR,"doi:10.7910/DVN/ZHF9WC datafile 10396541 (r3-all-2013.csv.gz, md5 e6950bd317dabe3b41bf7738c248e7ee)"
2013,PASCHIM BARDHAMAN,AUSGRAM-II,BHALKI,"doi:10.7910/DVN/ZHF9WC datafile 10396541 (r3-all-2013.csv.gz, md5 e6950bd317dabe3b41bf7738c248e7ee)"
2013,PASCHIM BARDHAMAN,AUSGRAM-II,BHEDIA,"doi:10.7910/DVN/ZHF9WC datafile 10396541 (r3-all-2013.csv.gz, md5 e6950bd317dabe3b41bf7738c248e7ee)"
2013,PASCHIM BARDHAMAN,AUSGRAM-II,DEBSALA,"doi:10.7910/DVN/ZHF9WC datafile 10396541 (r3-all-2013.csv.gz, md5 e6950bd317dabe3b41bf7738c248e7ee)"
2013,PASCHIM BARDHAMAN,AUSGRAM-II,ERAL,"doi:10.7910/DVN/ZHF9WC datafile 10396541 (r3-all-2013.csv.gz, md5 e6950bd317dabe3b41bf7738c248e7ee)"
2013,PASCHIM BARDHAMAN,AUSGRAM-II,KOTA,"doi:10.7910/DVN/ZHF9WC datafile 10396541 (r3-all-2013.csv.gz, md5 e6950bd317dabe3b41bf7738c248e7ee)"
2013,PASCHIM BARDHAMAN,AUSGRAM-II,RAMNAGAR,"doi:10.7910/DVN/ZHF9WC datafile 10396541 (r3-all-2013.csv.gz, md5 e6950bd317dabe3b41bf7738c248e7ee)"
2013,24 PARGANAS (NORTH),BADURIA,ATURIA,"doi:10.7910/DVN/ZHF9WC datafile 10396541 (r3-all-2013.csv.gz, md5 e6950bd317dabe3b41bf7738c248e7ee)"
2013,24 PARGANAS (NORTH),BADURIA,BAGJOLA,"doi:10.7910/DVN/ZHF9WC datafile 10396541 (r3-all-2013.csv.gz, md5 e6950bd317dabe3b41bf7738c248e7ee)"
2013,24 PARGANAS (NORTH),BADURIA,BAJITPUR,"doi:10.7910/DVN/ZHF9WC datafile 10396541 (r3-all-2013.csv.gz, md5 e6950bd317dabe3b41bf7738c248e7ee)"
2013,24 PARGANAS (NORTH),BADURIA,CHANDIPUR,"doi:10.7910/DVN/ZHF9WC datafile 10396541 (r3-all-2013.csv.gz, md5 e6950bd317dabe3b41bf7738c248e7ee)"
2013,24 PARGANAS (NORTH),BADURIA,CHATRA,"doi:10.7910/DVN/ZHF9WC datafile 10396541 (r3-all-2013.csv.gz, md5 e6950bd317dabe3b41bf7738c248e7ee)"
2013,24 PARGANAS (NORTH),BADURIA,JADURHATI DAKSHIN,"doi:10.7910/DVN/ZHF9WC datafile 10396541 (r3-all-2013.csv.gz, md5 e6950bd317dabe3b41bf7738c248e7ee)"
2013,24 PARGANAS (NORTH),BADURIA,JADURHATI UTTAR,"doi:10.7910/DVN/ZHF9WC datafile 10396541 (r3-all-2013.csv.gz, md5 e6950bd317dabe3b41bf7738c248e7ee)"
2013,24 PARGANAS (NORTH),BADURIA,JAGANNATHPUR,"doi:10.7910/DVN/ZHF9WC datafile 10396541 (r3-all-2013.csv.gz, md5 e6950bd317dabe3b41bf7738c248e7ee)"
2013,24 PARGANAS (NORTH),BADURIA,JASIKATI ATGHARA,"doi:10.7910/DVN/ZHF9WC datafile 10396541 (r3-all-2013.csv.gz, md5 e6950bd317dabe3b41bf7738c248e7ee)"
2013,24 PARGANAS (NORTH),BADURIA,NAYABASTIA MILANI,"doi:10.7910/DVN/ZHF9WC datafile 10396541 (r3-all-2013.csv.gz, md5 e6950bd317dabe3b41bf7738c248e7ee)"
2013,24 PARGANAS (NORTH),BADURIA,RAGHUNATHPUR,"doi:10.7910/DVN/ZHF9WC datafile 10396541 (r3-all-2013.csv.gz, md5 e6950bd317dabe3b41bf7738c248e7ee)"
2013,24 PARGANAS (NORTH),BADURIA,RAMCHANDRAPUR UDAY,"doi:10.7910/DVN/ZHF9WC datafile 10396541 (r3-all-2013.csv.gz, md5 e6950bd317dabe3b41bf7738c248e7ee)"
2013,24 PARGANAS (NORTH),BADURIA,SAYESTANAGAR-I,"doi:10.7910/DVN/ZHF9WC datafile 10396541 (r3-all-2013.csv.gz, md5 e6950bd317dabe3b41bf7738c248e7ee)"
2013,24 PARGANAS (NORTH),BADURIA,SAYESTANAGAR-II,"doi:10.7910/DVN/ZHF9WC datafile 10396541 (r3-all-2013.csv.gz, md5 e6950bd317dabe3b41bf7738c248e7ee)"
2013,24 PARGANAS (NORTH),BAGDAH,ASHARU,"doi:10.7910/DVN/ZHF9WC datafile 10396541 (r3-all-2013.csv.gz, md5 e6950bd317dabe3b41bf7738c248e7ee)"
2013,24 PARGANAS (NORTH),BAGDAH,BAGDA,"doi:10.7910/DVN/ZHF9WC datafile 10396541 (r3-all-2013.csv.gz, md5 e6950bd317dabe3b41bf7738c248e7ee)"
2013,24 PARGANAS (NORTH),BAGDAH,BAYRA,"doi:10.7910/DVN/ZHF9WC datafile 10396541 (r3-all-2013.csv.gz, md5 e6950bd317dabe3b41bf7738c248e7ee)"
2013,24 PARGANAS (NORTH),BAGDAH,HELENCHA,"doi:10.7910/DVN/ZHF9WC datafile 10396541 (r3-all-2013.csv.gz, md5 e6950bd317dabe3b41bf7738c248e7ee)"
2013,24 PARGANAS (NORTH),BAGDAH,KONIARA-I,"doi:10.7910/DVN/ZHF9WC datafile 10396541 (r3-all-2013.csv.gz, md5 e6950bd317dabe3b41bf7738c248e7ee)"
2013,24 PARGANAS (NORTH),BAGDAH,KONIARA-II,"doi:10.7910/DVN/ZHF9WC datafile 10396541 (r3-all-2013.csv.gz, md5 e6950bd317dabe3b41bf7738c248e7ee)"
2013,24 PARGANAS (NORTH),BAGDAH,MALIPOTA,"doi:10.7910/DVN/ZHF9WC datafile 10396541 (r3-all-2013.csv.gz, md5 e6950bd317dabe3b41bf7738c248e7ee)"
2013,24 PARGANAS (NORTH),BAGDAH,RANGHAT,"doi:10.7910/DVN/ZHF9WC datafile 10396541 (r3-all-2013.csv.gz, md5 e6950bd317dabe3b41bf7738c248e7ee)"
2013,24 PARGANAS (NORTH),BAGDAH,SINDRANI,"doi:10.7910/DVN/ZHF9WC datafile 10396541 (r3-all-2013.csv.gz, md5 e6950bd317dabe3b41bf7738c248e7ee)"
2013,PURULIA,BAGMUNDI,AJODHYA,"doi:10.7910/DVN/ZHF9WC datafile 10396541 (r3-all-2013.csv.gz, md5 e6950bd317dabe3b41bf7738c248e7ee)"
2013,PURULIA,BAGMUNDI,BAGHMUNDI,"doi:10.7910/DVN/ZHF9WC datafile 10396541 (r3-all-2013.csv.gz, md5 e6950bd317dabe3b41bf7738c248e7ee)"
2013,PURULIA,BAGMUNDI,BEERGRAM,"doi:10.7910/DVN/ZHF9WC datafile 10396541 (r3-all-2013.csv.gz, md5 e6950bd317dabe3b41bf7738c248e7ee)"
2013,PURULIA,BAGMUNDI,BURDA-KALIMATI,"doi:10.7910/DVN/ZHF9WC datafile 10396541 (r3-all-2013.csv.gz, md5 e6950bd317dabe3b41bf7738c248e7ee)"
2013,PURULIA,BAGMUNDI,MATHA,"doi:10.7910/DVN/ZHF9WC datafile 10396541 (r3-all-2013.csv.gz, md5 e6950bd317dabe3b41bf7738c248e7ee)"
2013,PURULIA,BAGMUNDI,SERENGDIH,"doi:10.7910/DVN/ZHF9WC datafile 10396541 (r3-all-2013.csv.gz, md5 e6950bd317dabe3b41bf7738c248e7ee)"
2013,PURULIA,BAGMUNDI,SINDRI,"doi:10.7910/DVN/ZHF9WC datafile 10396541 (r3-all-2013.csv.gz, md5 e6950bd317dabe3b41bf7738c248e7ee)"
2013,PURULIA,BAGMUNDI,TUNTURI-SUISA,"doi:10.7910/DVN/ZHF9WC datafile 10396541 (r3-all-2013.csv.gz, md5 e6950bd317dabe3b41bf7738c248e7ee)"
2013,HOWRAH,BAGNAN-I,BAGNAN-I,"doi:10.7910/DVN/ZHF9WC datafile 10396541 (r3-all-2013.csv.gz, md5 e6950bd317dabe3b41bf7738c248e7ee)"
2013,HOWRAH,BAGNAN-I,BAGNAN-II,"doi:10.7910/DVN/ZHF9WC datafile 10396541 (r3-all-2013.csv.gz, md5 e6950bd317dabe3b41bf7738c248e7ee)"
2013,HOWRAH,BAGNAN-I,BAINAN,"doi:10.7910/DVN/ZHF9WC datafile 10396541 (r3-all-2013.csv.gz, md5 e6950bd317dabe3b41bf7738c248e7ee)"
2013,HOWRAH,BAGNAN-I,BAKSIHAT,"doi:10.7910/DVN/ZHF9WC datafile 10396541 (r3-all-2013.csv.gz, md5 e6950bd317dabe3b41bf7738c248e7ee)"
2013,HOWRAH,BAGNAN-I,BANGALPUR,"doi:10.7910/DVN/ZHF9WC datafile 10396541 (r3-all-2013.csv.gz, md5 e6950bd317dabe3b41bf7738c248e7ee)"
2013,HOWRAH,BAGNAN-I,HATURIA-I,"doi:10.7910/DVN/ZHF9WC datafile 10396541 (r3-all-2013.csv.gz, md5 e6950bd317dabe3b41bf7738c248e7ee)"
2013,HOWRAH,BAGNAN-I,HATURIA-II,"doi:10.7910/DVN/ZHF9WC datafile 10396541 (r3-all-2013.csv.gz, md5 e6950bd317dabe3b41bf7738c248e7ee)"
2013,HOWRAH,BAGNAN-I,KALYANPUR,"doi:10.7910/DVN/ZHF9WC datafile 10396541 (r3-all-2013.csv.gz, md5 e6950bd317dabe3b41bf7738c248e7ee)"
2013,HOWRAH,BAGNAN-I,KHALORE,"doi:10.7910/DVN/ZHF9WC datafile 10396541 (r3-all-2013.csv.gz, md5 e6950bd317dabe3b41bf7738c248e7ee)"
2013,HOWRAH,BAGNAN-I,SABSIT,"doi:10.7910/DVN/ZHF9WC datafile 10396541 (r3-all-2013.csv.gz, md5 e6950bd317dabe3b41bf7738c248e7ee)"
2013,HOWRAH,BAGNAN-II,ANTILA,"doi:10.7910/DVN/ZHF9WC datafile 10396541 (r3-all-2013.csv.gz, md5 e6950bd317dabe3b41bf7738c248e7ee)"
2013,HOWRAH,BAGNAN-II,BANTUL-BAIDYANATHPUR,"doi:10.7910/DVN/ZHF9WC datafile 10396541 (r3-all-2013.csv.gz, md5 e6950bd317dabe3b41bf7738c248e7ee)"
2013,HOWRAH,BAGNAN-II,CHANDRABHAG,"doi:10.7910/DVN/ZHF9WC datafile 10396541 (r3-all-2013.csv.gz, md5 e6950bd317dabe3b41bf7738c248e7ee)"
2013,HOWRAH,BAGNAN-II,HALYAN,"doi:10.7910/DVN/ZHF9WC datafile 10396541 (r3-all-2013.csv.gz, md5 e6950bd317dabe3b41bf7738c248e7ee)"
2013,HOWRAH,BAGNAN-II,MUALYAN BENAPUR,"doi:10.7910/DVN/ZHF9WC datafile 10396541 (r3-all-2013.csv.gz, md5 e6950bd317dabe3b41bf7738c248e7ee)"
2013,HOWRAH,BAGNAN-II,ORPHOOLI,"doi:10.7910/DVN/ZHF9WC datafile 10396541 (r3-all-2013.csv.gz, md5 e6950bd317dabe3b41bf7738c248e7ee)"
2013,HOWRAH,BAGNAN-II,SARATCHANDRA,"doi:10.7910/DVN/ZHF9WC datafile 10396541 (r3-all-2013.csv.gz, md5 e6950bd317dabe3b41bf7738c248e7ee)"
2013,HOOGHLY,BALAGARH,BAKLIADHOBAPARA,"doi:10.7910/DVN/ZHF9WC datafile 10396541 (r3-all-2013.csv.gz, md5 e6950bd317dabe3b41bf7738c248e7ee)"
2013,HOOGHLY,BALAGARH,CHARKRISHNABATI,"doi:10.7910/DVN/ZHF9WC datafile 10396541 (r3-all-2013.csv.gz, md5 e6950bd317dabe3b41bf7738c248e7ee)"
2013,HOOGHLY,BALAGARH,DUMURDAHANITYANANDAPUR-I,"doi:10.7910/DVN/ZHF9WC datafile 10396541 (r3-all-2013.csv.gz, md5 e6950bd317dabe3b41bf7738c248e7ee)"
2013,HOOGHLY,BALAGARH,DUMURDAHANITYANANDAPUR-II,"doi:10.7910/DVN/ZHF9WC datafile 10396541 (r3-all-2013.csv.gz, md5 e6950bd317dabe3b41bf7738c248e7ee)"
2013,HOOGHLY,BALAGARH,EKTARPUR,"doi:10.7910/DVN/ZHF9WC datafile 10396541 (r3-all-2013.csv.gz, md5 e6950bd317dabe3b41bf7738c248e7ee)"
2013,HOOGHLY,BALAGARH,GUPTIPARA-I,"doi:10.7910/DVN/ZHF9WC datafile 10396541 (r3-all-2013.csv.gz, md5 e6950bd317dabe3b41bf7738c248e7ee)"
2013,HOOGHLY,BALAGARH,GUPTIPARA-II,"doi:10.7910/DVN/ZHF9WC datafile 10396541 (r3-all-2013.csv.gz, md5 e6950bd317dabe3b41bf7738c248e7ee)"
2013,HOOGHLY,BALAGARH,JIRAT,"doi:10.7910/DVN/ZHF9WC datafile 10396541 (r3-all-2013.csv.gz, md5 e6950bd317dabe3b41bf7738c248e7ee)"
2013,HOOGHLY,BALAGARH,MOHIPALPUR,"doi:10.7910/DVN/ZHF9WC datafile 10396541 (r3-all-2013.csv.gz, md5 e6950bd317dabe3b41bf7738c248e7ee)"
2013,HOOGHLY,BALAGARH,SIJAKAMALPUR,"doi:10.7910/DVN/ZHF9WC datafile 10396541 (r3-all-2013.csv.gz, md5 e6950bd317dabe3b41bf7738c248e7ee)"
2013,HOOGHLY,BALAGARH,SOMRA-I,"doi:10.7910/DVN/ZHF9WC datafile 10396541 (r3-all-2013.csv.gz, md5 e6950bd317dabe3b41bf7738c248e7ee)"
2013,HOOGHLY,BALAGARH,SOMRA-II,"doi:10.7910/DVN/ZHF9WC datafile 10396541 (r3-all-2013.csv.gz, md5 e6950bd317dabe3b41bf7738c248e7ee)"
2013,HOOGHLY,BALAGARH,SRIPUR-BALAGARH,"doi:10.7910/DVN/ZHF9WC datafile 10396541 (r3-all-2013.csv.gz, md5 e6950bd317dabe3b41bf7738c248e7ee)"
2013,PURULIA,BALARAMPUR,BALARAMPUR,"doi:10.7910/DVN/ZHF9WC datafile 10396541 (r3-all-2013.csv.gz, md5 e6950bd317dabe3b41bf7738c248e7ee)"
2013,PURULIA,BALARAMPUR,BARAURMA,"doi:10.7910/DVN/ZHF9WC datafile 10396541 (r3-all-2013.csv.gz, md5 e6950bd317dabe3b41bf7738c248e7ee)"
2013,PURULIA,BALARAMPUR,BELA,"doi:10.7910/DVN/ZHF9WC datafile 10396541 (r3-all-2013.csv.gz, md5 e6950bd317dabe3b41bf7738c248e7ee)"
2013,PURULIA,BALARAMPUR,DARDA,"doi:10.7910/DVN/ZHF9WC datafile 10396541 (r3-all-2013.csv.gz, md5 e6950bd317dabe3b41bf7738c248e7ee)"
2013,PURULIA,BALARAMPUR,GENRUA,"doi:10.7910/DVN/ZHF9WC datafile 10396541 (r3-all-2013.csv.gz, md5 e6950bd317dabe3b41bf7738c248e7ee)"
2013,PURULIA,BALARAMPUR,GHATBERA-KEROWA,"doi:10.7910/DVN/ZHF9WC datafile 10396541 (r3-all-2013.csv.gz, md5 e6950bd317dabe3b41bf7738c248e7ee)"
2013,PURULIA,BALARAMPUR,TENTLOW,"doi:10.7910/DVN/ZHF9WC datafile 10396541 (r3-all-2013.csv.gz, md5 e6950bd317dabe3b41bf7738c248e7ee)"
2013,HOWRAH,BALLY-JAGACHA,BALI,"doi:10.7910/DVN/ZHF9WC datafile 10396541 (r3-all-2013.csv.gz, md5 e6950bd317dabe3b41bf7738c248e7ee)"
2013,HOWRAH,BALLY-JAGACHA,CHAKPARA ANANDANAGAR,"doi:10.7910/DVN/ZHF9WC datafile 10396541 (r3-all-2013.csv.gz, md5 e6950bd317dabe3b41bf7738c248e7ee)"
2013,HOWRAH,BALLY-JAGACHA,CHAMRAIL,"doi:10.7910/DVN/ZHF9WC datafile 10396541 (r3-all-2013.csv.gz, md5 e6950bd317dabe3b41bf7738c248e7ee)"
2013,HOWRAH,BALLY-JAGACHA,DURGAPUR ABHAYNAGAR-I,"doi:10.7910/DVN/ZHF9WC datafile 10396541 (r3-all-2013.csv.gz, md5 e6950bd317dabe3b41bf7738c248e7ee)"
2013,HOWRAH,BALLY-JAGACHA,DURGAPUR ABHAYNAGAR-II,"doi:10.7910/DVN/ZHF9WC datafile 10396541 (r3-all-2013.csv.gz, md5 e6950bd317dabe3b41bf7738c248e7ee)"
2013,HOWRAH,BALLY-JAGACHA,JAGADISHPUR,"doi:10.7910/DVN/ZHF9WC datafile 10396541 (r3-all-2013.csv.gz, md5 e6950bd317dabe3b41bf7738c248e7ee)"
2013,HOWRAH,BALLY-JAGACHA,NISCHINDA,"doi:10.7910/DVN/ZHF9WC datafile 10396541 (r3-all-2013.csv.gz, md5 e6950bd317dabe3b41bf7738c248e7ee)"
2013,HOWRAH,BALLY-JAGACHA,SANPUIPARA BASUKAI,"doi:10.7910/DVN/ZHF9WC datafile 10396541 (r3-all-2013.csv.gz, md5 e6950bd317dabe3b41bf7738c248e7ee)"
2013,MALDAH,BAMONGOLA,BAMONGOLA,"doi:10.7910/DVN/ZHF9WC datafile 10396541 (r3-all-2013.csv.gz, md5 e6950bd317dabe3b41bf7738c248e7ee)"
2013,MALDAH,BAMONGOLA,CHANDPUR,"doi:10.7910/DVN/ZHF9WC datafile 10396541 (r3-all-2013.csv.gz, md5 e6950bd317dabe3b41bf7738c248e7ee)"
2013,MALDAH,BAMONGOLA,GOBINDAPUR-MAHESHPUR,"doi:10.7910/DVN/ZHF9WC datafile 10396541 (r3-all-2013.csv.gz, md5 e6950bd317dabe3b41bf7738c248e7ee)"
2013,MALDAH,BAMONGOLA,JAGDALA,"doi:10.7910/DVN/ZHF9WC datafile 10396541 (r3-all-2013.csv.gz, md5 e6950bd317dabe3b41bf7738c248e7ee)"
2013,MALDAH,BAMONGOLA,MADNABATI,"doi:10.7910/DVN/ZHF9WC datafile 10396541 (r3-all-2013.csv.gz, md5 e6950bd317dabe3b41bf7738c248e7ee)"
2013,MALDAH,BAMONGOLA,PAKUAHAT,"doi:10.7910/DVN/ZHF9WC datafile 10396541 (r3-all-2013.csv.gz, md5 e6950bd317dabe3b41bf7738c248e7ee)"
2013,24 PARGANAS (NORTH),BANGAON,AKAIPUR,"doi:10.7910/DVN/ZHF9WC datafile 10396541 (r3-all-2013.csv.gz, md5 e6950bd317dabe3b41bf7738c248e7ee)"
2013,24 PARGANAS (NORTH),BANGAON,BAIRAMPUR,"doi:10.7910/DVN/ZHF9WC datafile 10396541 (r3-all-2013.csv.gz, md5 e6950bd317dabe3b41bf7738c248e7ee)"
2013,24 PARGANAS (NORTH),BANGAON,CHAWBERIA-I,"doi:10.7910/DVN/ZHF9WC datafile 10396541 (r3-all-2013.csv.gz, md5 e6950bd317dabe3b41bf7738c248e7ee)"
2013,24 PARGANAS (NORTH),BANGAON,CHAWBERIA-II,"doi:10.7910/DVN/ZHF9WC datafile 10396541 (r3-all-2013.csv.gz, md5 e6950bd317dabe3b41bf7738c248e7ee)"
2013,24 PARGANAS (NORTH),BANGAON,CHHAIGHORIA,"doi:10.7910/DVN/ZHF9WC datafile 10396541 (r3-all-2013.csv.gz, md5 e6950bd317dabe3b41bf7738c248e7ee)"
2013,24 PARGANAS (NORTH),BANGAON,DHARMAPUKURIA,"doi:10.7910/DVN/ZHF9WC datafile 10396541 (r3-all-2013.csv.gz, md5 e6950bd317dabe3b41bf7738c248e7ee)"
2013,24 PARGANAS (NORTH),BANGAON,DIGHARI,"doi:10.7910/DVN/ZHF9WC datafile 10396541 (r3-all-2013.csv.gz, md5 e6950bd317dabe3b41bf7738c248e7ee)"
2013,24 PARGANAS (NORTH),BANGAON,GANGANANDAPUR,"doi:10.7910/DVN/ZHF9WC datafile 10396541 (r3-all-2013.csv.gz, md5 e6950bd317dabe3b41bf7738c248e7ee)"
2013,24 PARGANAS (NORTH),BANGAON,GANRAPOTA,"doi:10.7910/DVN/ZHF9WC datafile 10396541 (r3-all-2013.csv.gz, md5 e6950bd317dabe3b41bf7738c248e7ee)"
2013,24 PARGANAS (NORTH),BANGAON,GHATBOUR,"doi:10.7910/DVN/ZHF9WC datafile 10396541 (r3-all-2013.csv.gz, md5 e6950bd317dabe3b41bf7738c248e7ee)"
2013,24 PARGANAS (NORTH),BANGAON,GOPALNAGAR-I,"doi:10.7910/DVN/ZHF9WC datafile 10396541 (r3-all-2013.csv.gz, md5 e6950bd317dabe3b41bf7738c248e7ee)"
2013,24 PARGANAS (NORTH),BANGAON,GOPALNAGAR-II,"doi:10.7910/DVN/ZHF9WC datafile 10396541 (r3-all-2013.csv.gz, md5 e6950bd317dabe3b41bf7738c248e7ee)"
2013,24 PARGANAS (NORTH),BANGAON,KALUPUR,"doi:10.7910/DVN/ZHF9WC datafile 10396541 (r3-all-2013.csv.gz, md5 e6950bd317dabe3b41bf7738c248e7ee)"
2013,24 PARGANAS (NORTH),BANGAON,PALLA,"doi:10.7910/DVN/ZHF9WC datafile 10396541 (r3-all-2013.csv.gz, md5 e6950bd317dabe3b41bf7738c248e7ee)"
2013,24 PARGANAS (NORTH),BANGAON,SUNDARPUR,"doi:10.7910/DVN/ZHF9WC datafile 10396541 (r3-all-2013.csv.gz, md5 e6950bd317dabe3b41bf7738c248e7ee)"
2013,24 PARGANAS (NORTH),BANGAON,TANGRA,"doi:10.7910/DVN/ZHF9WC datafile 10396541 (r3-all-2013.csv.gz, md5 e6950bd317dabe3b41bf7738c248e7ee)"
2013,BANKURA,BANKURA-I,ANCHURI,"doi:10.7910/DVN/ZHF9WC datafile 10396541 (r3-all-2013.csv.gz, md5 e6950bd317dabe3b41bf7738c248e7ee)"
2013,BANKURA,BANKURA-I,ANDHARTHOLE,"doi:10.7910/DVN/ZHF9WC datafile 10396541 (r3-all-2013.csv.gz, md5 e6950bd317dabe3b41bf7738c248e7ee)"
2013,BANKURA,BANKURA-I,JAGADALLA-I,"doi:10.7910/DVN/ZHF9WC datafile 10396541 (r3-all-2013.csv.gz, md5 e6950bd317dabe3b41bf7738c248e7ee)"
2013,BANKURA,BANKURA-I,JAGADALLA-II,"doi:10.7910/DVN/ZHF9WC datafile 10396541 (r3-all-2013.csv.gz, md5 e6950bd317dabe3b41bf7738c248e7ee)"
2013,BANKURA,BANKURA-I,KALAPATHAR,"doi:10.7910/DVN/ZHF9WC datafile 10396541 (r3-all-2013.csv.gz, md5 e6950bd317dabe3b41bf7738c248e7ee)"
2013,BANKURA,BANKURA-I,KENJAKURA,"doi:10.7910/DVN/ZHF9WC datafile 10396541 (r3-all-2013.csv.gz, md5 e6950bd317dabe3b41bf7738c248e7ee)"
2013,BANKURA,BANKURA-II,BIKNA,"doi:10.7910/DVN/ZHF9WC datafile 10396541 (r3-all-2013.csv.gz, md5 e6950bd317dabe3b41bf7738c248e7ee)"
2013,BANKURA,BANKURA-II,JUNBEDIA,"doi:10.7910/DVN/ZHF9WC datafile 10396541 (r3-all-2013.csv.gz, md5 e6950bd317dabe3b41bf7738c248e7ee)"
2013,BANKURA,BANKURA-II,KOSTHIA,"doi:10.7910/DVN/ZHF9WC datafile 10396541 (r3-all-2013.csv.gz, md5 e6950bd317dabe3b41bf7738c248e7ee)"
2013,BANKURA,BANKURA-II,MANKANALI,"doi:10.7910/DVN/ZHF9WC datafile 10396541 (r3-all-2013.csv.gz, md5 e6950bd317dabe3b41bf7738c248e7ee)"
2013,BANKURA,BANKURA-II,NARRAH,"doi:10.7910/DVN/ZHF9WC datafile 10396541 (r3-all-2013.csv.gz, md5 e6950bd317dabe3b41bf7738c248e7ee)"
2013,BANKURA,BANKURA-II,PURANDARPUR,"doi:10.7910/DVN/ZHF9WC datafile 10396541 (r3-all-2013.csv.gz, md5 e6950bd317dabe3b41bf7738c248e7ee)"
2013,BANKURA,BANKURA-II,SANBANDHA,"doi:10.7910/DVN/ZHF9WC datafile 10396541 (r3-all-2013.csv.gz, md5 e6950bd317dabe3b41bf7738c248e7ee)"
2013,PASCHIM BARDHAMAN,BARABANI,BARABANI,"doi:10.7910/DVN/ZHF9WC datafile 10396541 (r3-all-2013.csv.gz, md5 e6950bd317dabe3b41bf7738c248e7ee)"
2013,PASCHIM BARDHAMAN,BARABANI,DOMOHANI,"doi:10.7910/DVN/ZHF9WC datafile 10396541 (r3-all-2013.csv.gz, md5 e6950bd317dabe3b41bf7738c248e7ee)"
2013,PASCHIM BARDHAMAN,BARABANI,ITAPARA,"doi:10.7910/DVN/ZHF9WC datafile 10396541 (r3-all-2013.csv.gz, md5 e6950bd317dabe3b41bf7738c248e7ee)"
2013,PASCHIM BARDHAMAN,BARABANI,JAMGRAM,"doi:10.7910/DVN/ZHF9WC datafile 10396541 (r3-all-2013.csv.gz, md5 e6950bd317dabe3b41bf7738c248e7ee)"
2013,PASCHIM BARDHAMAN,BARABANI,NUNI,"doi:10.7910/DVN/ZHF9WC datafile 10396541 (r3-all-2013.csv.gz, md5 e6950bd317dabe3b41bf7738c248e7ee)"
2013,PASCHIM BARDHAMAN,BARABANI,PANCHGECHIA,"doi:10.7910/DVN/ZHF9WC datafile 10396541 (r3-all-2013.csv.gz, md5 e6950bd317dabe3b41bf7738c248e7ee)"
2013,PASCHIM BARDHAMAN,BARABANI,PANURIA,"doi:10.7910/DVN/ZHF9WC datafile 10396541 (r3-all-2013.csv.gz, md5 e6950bd317dabe3b41bf7738c248e7ee)"
2013,PASCHIM BARDHAMAN,BARABANI,PUNCHRA,"doi:10.7910/DVN/ZHF9WC datafile 10396541 (r3-all-2013.csv.gz, md5 e6950bd317dabe3b41bf7738c248e7ee)"
2013,PURULIA,BARABAZAR,BANJORA,"doi:10.7910/DVN/ZHF9WC datafile 10396541 (r3-all-2013.csv.gz, md5 e6950bd317dabe3b41bf7738c248e7ee)"
2013,PURULIA,BARABAZAR,BANSBERA,"doi:10.7910/DVN/ZHF9WC datafile 10396541 (r3-all-2013.csv.gz, md5 e6950bd317dabe3b41bf7738c248e7ee)"
2013,PURULIA,BARABAZAR,BARABAZAR,"doi:10.7910/DVN/ZHF9WC datafile 10396541 (r3-all-2013.csv.gz, md5 e6950bd317dabe3b41bf7738c248e7ee)"
2013,PURULIA,BARABAZAR,BERADA,"doi:10.7910/DVN/ZHF9WC datafile 10396541 (r3-all-2013.csv.gz, md5 e6950bd317dabe3b41bf7738c248e7ee)"
2013,PURULIA,BARABAZAR,BHAGABANDH,"doi:10.7910/DVN/ZHF9WC datafile 10396541 (r3-all-2013.csv.gz, md5 e6950bd317dabe3b41bf7738c248e7ee)"
2013,PURULIA,BARABAZAR,DHELATBAMU,"doi:10.7910/DVN/ZHF9WC datafile 10396541 (r3-all-2013.csv.gz, md5 e6950bd317dabe3b41bf7738c248e7ee)"
2013,PURULIA,BARABAZAR,LATPADA,"doi:10.7910/DVN/ZHF9WC datafile 10396541 (r3-all-2013.csv.gz, md5 e6950bd317dabe3b41bf7738c248e7ee)"
2013,PURULIA,BARABAZAR,SINDRI,"doi:10.7910/DVN/ZHF9WC datafile 10396541 (r3-all-2013.csv.gz, md5 e6950bd317dabe3b41bf7738c248e7ee)"
2013,PURULIA,BARABAZAR,SUKURHUTU,"doi:10.7910/DVN/ZHF9WC datafile 10396541 (r3-all-2013.csv.gz, md5 e6950bd317dabe3b41bf7738c248e7ee)"
2013,PURULIA,BARABAZAR,TUMRASOLE,"doi:10.7910/DVN/ZHF9WC datafile 10396541 (r3-all-2013.csv.gz, md5 e6950bd317dabe3b41bf7738c248e7ee)"
2013,24 PARGANAS (NORTH),BARASAT-I,CHHOTO JAGULIA,"doi:10.7910/DVN/ZHF9WC datafile 10396541 (r3-all-2013.csv.gz, md5 e6950bd317dabe3b41bf7738c248e7ee)"
2013,24 PARGANAS (NORTH),BARASAT-I,DATTAPUKUR-I,"doi:10.7910/DVN/ZHF9WC datafile 10396541 (r3-all-2013.csv.gz, md5 e6950bd317dabe3b41bf7738c248e7ee)"
2013,24 PARGANAS (NORTH),BARASAT-I,DATTAPUKUR-II,"doi:10.7910/DVN/ZHF9WC datafile 10396541 (r3-all-2013.csv.gz, md5 e6950bd317dabe3b41bf7738c248e7ee)"
2013,24 PARGANAS (NORTH),BARASAT-I,ICHHAPUR-NILGANJ,"doi:10.7910/DVN/ZHF9WC datafile 10396541 (r3-all-2013.csv.gz, md5 e6950bd317dabe3b41bf7738c248e7ee)"
2013,24 PARGANAS (NORTH),BARASAT-I,KADAMBAGACHHI,"doi:10.7910/DVN/ZHF9WC datafile 10396541 (r3-all-2013.csv.gz, md5 e6950bd317dabe3b41bf7738c248e7ee)"
2013,24 PARGANAS (NORTH),BARASAT-I,KASHIMPUR,"doi:10.7910/DVN/ZHF9WC datafile 10396541 (r3-all-2013.csv.gz, md5 e6950bd317dabe3b41bf7738c248e7ee)"
2013,24 PARGANAS (NORTH),BARASAT-I,KOTRA,"doi:10.7910/DVN/ZHF9WC datafile 10396541 (r3-all-2013.csv.gz, md5 e6950bd317dabe3b41bf7738c248e7ee)"
2013,24 PARGANAS (NORTH),BARASAT-I,PASCHIM KHILKAPUR,"doi:10.7910/DVN/ZHF9WC datafile 10396541 (r3-all-2013.csv.gz, md5 e6950bd317dabe3b41bf7738c248e7ee)"
2013,24 PARGANAS (NORTH),BARASAT-I,PURBA KHILKAPUR,"doi:10.7910/DVN/ZHF9WC datafile 10396541 (r3-all-2013.csv.gz, md5 e6950bd317dabe3b41bf7738c248e7ee)"
2013,24 PARGANAS (NORTH),BARASAT-II,CHANDIGARH-ROHANDA,"doi:10.7910/DVN/ZHF9WC datafile 10396541 (r3-all-2013.csv.gz, md5 e6950bd317dabe3b41bf7738c248e7ee)"
2013,24 PARGANAS (NORTH),BARASAT-II,DADPUR,"doi:10.7910/DVN/ZHF9WC datafile 10396541 (r3-all-2013.csv.gz, md5 e6950bd317dabe3b41bf7738c248e7ee)"
2013,24 PARGANAS (NORTH),BARASAT-II,FALTI BELIAGHATA,"doi:10.7910/DVN/ZHF9WC datafile 10396541 (r3-all-2013.csv.gz, md5 e6950bd317dabe3b41bf7738c248e7ee)"
2013,24 PARGANAS (NORTH),BARASAT-II,KEMIA KHAMARPARA,"doi:10.7910/DVN/ZHF9WC datafile 10396541 (r3-all-2013.csv.gz, md5 e6950bd317dabe3b41bf7738c248e7ee)"
2013,24 PARGANAS (NORTH),BARASAT-II,KIRTIPUR-I,"doi:10.7910/DVN/ZHF9WC datafile 10396541 (r3-all-2013.csv.gz, md5 e6950bd317dabe3b41bf7738c248e7ee)"
2013,24 PARGANAS (NORTH),BARASAT-II,KIRTIPUR-II,"doi:10.7910/DVN/ZHF9WC datafile 10396541 (r3-all-2013.csv.gz, md5 e6950bd317dabe3b41bf7738c248e7ee)"
2013,24 PARGANAS (NORTH),BARASAT-II,SHASAN,"doi:10.7910/DVN/ZHF9WC datafile 10396541 (r3-all-2013.csv.gz, md5 e6950bd317dabe3b41bf7738c248e7ee)"
2013,BANKURA,BARJORA,BARJORA,"doi:10.7910/DVN/ZHF9WC datafile 10396541 (r3-all-2013.csv.gz, md5 e6950bd317dabe3b41bf7738c248e7ee)"
2013,BANKURA,BARJORA,BELIATOR,"doi:10.7910/DVN/ZHF9WC datafile 10396541 (r3-all-2013.csv.gz, md5 e6950bd317dabe3b41bf7738c248e7ee)"
2013,BANKURA,BARJORA,BRINDABANPUR,"doi:10.7910/DVN/ZHF9WC datafile 10396541 (r3-all-2013.csv.gz, md5 e6950bd317dabe3b41bf7738c248e7ee)"
2013,BANKURA,BARJORA,CHHANDAR,"doi:10.7910/DVN/ZHF9WC datafile 10396541 (r3-all-2013.csv.gz, md5 e6950bd317dabe3b41bf7738c248e7ee)"
2013,BANKURA,BARJORA,GHUTGORIA,"doi:10.7910/DVN/ZHF9WC datafile 10396541 (r3-all-2013.csv.gz, md5 e6950bd317dabe3b41bf7738c248e7ee)"
2013,BANKURA,BARJORA,GODARDIHI,"doi:10.7910/DVN/ZHF9WC datafile 10396541 (r3-all-2013.csv.gz, md5 e6950bd317dabe3b41bf7738c248e7ee)"
2013,BANKURA,BARJORA,HATASURIA,"doi:10.7910/DVN/ZHF9WC datafile 10396541 (r3-all-2013.csv.gz, md5 e6950bd317dabe3b41bf7738c248e7ee)"
2013,BANKURA,BARJORA,KHANRARI,"doi:10.7910/DVN/ZHF9WC datafile 10396541 (r3-all-2013.csv.gz, md5 e6950bd317dabe3b41bf7738c248e7ee)"
2013,BANKURA,BARJORA,MALIYARA,"doi:10.7910/DVN/ZHF9WC datafile 10396541 (r3-all-2013.csv.gz, md5 e6950bd317dabe3b41bf7738c248e7ee)"
2013,BANKURA,BARJORA,POKHONNA,"doi:10.7910/DVN/ZHF9WC datafile 10396541 (r3-all-2013.csv.gz, md5 e6950bd317dabe3b41bf7738c248e7ee)"
2013,BANKURA,BARJORA,SHAHARJORA,"doi:10.7910/DVN/ZHF9WC datafile 10396541 (r3-all-2013.csv.gz, md5 e6950bd317dabe3b41bf7738c248e7ee)"
2013,24 PARGANAS (NORTH),BARRACKPORE-I,JETIA,"doi:10.7910/DVN/ZHF9WC datafile 10396541 (r3-all-2013.csv.gz, md5 e6950bd317dabe3b41bf7738c248e7ee)"
2013,24 PARGANAS (NORTH),BARRACKPORE-I,KAMPA-CHAKLA,"doi:10.7910/DVN/ZHF9WC datafile 10396541 (r3-all-2013.csv.gz, md5 e6950bd317dabe3b41bf7738c248e7ee)"
2013,24 PARGANAS (NORTH),BARRACKPORE-I,KOWGACHHI-I,"doi:10.7910/DVN/ZHF9WC datafile 10396541 (r3-all-2013.csv.gz, md5 e6950bd317dabe3b41bf7738c248e7ee)"
2013,24 PARGANAS (NORTH),BARRACKPORE-I,KOWGACHHI-II,"doi:10.7910/DVN/ZHF9WC datafile 10396541 (r3-all-2013.csv.gz, md5 e6950bd317dabe3b41bf7738c248e7ee)"
2013,24 PARGANAS (NORTH),BARRACKPORE-I,MAJHIPARA-PALASI,"doi:10.7910/DVN/ZHF9WC datafile 10396541 (r3-all-2013.csv.gz, md5 e6950bd317dabe3b41bf7738c248e7ee)"
2013,24 PARGANAS (NORTH),BARRACKPORE-I,MAMUDPUR,"doi:10.7910/DVN/ZHF9WC datafile 10396541 (r3-all-2013.csv.gz, md5 e6950bd317dabe3b41bf7738c248e7ee)"
2013,24 PARGANAS (NORTH),BARRACKPORE-I,PANPUR-KEUTIA,"doi:10.7910/DVN/ZHF9WC datafile 10396541 (r3-all-2013.csv.gz, md5 e6950bd317dabe3b41bf7738c248e7ee)"
2013,24 PARGANAS (NORTH),BARRACKPORE-I,SHIBDASPUR,"doi:10.7910/DVN/ZHF9WC datafile 10396541 (r3-all-2013.csv.gz, md5 e6950bd317dabe3b41bf7738c248e7ee)"
2013,24 PARGANAS (NORTH),BARRACKPORE-II,BANDIPUR,"doi:10.7910/DVN/ZHF9WC datafile 10396541 (r3-all-2013.csv.gz, md5 e6950bd317dabe3b41bf7738c248e7ee)"
2013,24 PARGANAS (NORTH),BARRACKPORE-II,BILKANDA-I,"doi:10.7910/DVN/ZHF9WC datafile 10396541 (r3-all-2013.csv.gz, md5 e6950bd317dabe3b41bf7738c248e7ee)"
2013,24 PARGANAS (NORTH),BARRACKPORE-II,BILKANDA-II,"doi:10.7910/DVN/ZHF9WC datafile 10396541 (r3-all-2013.csv.gz, md5 e6950bd317dabe3b41bf7738c248e7ee)"
2013,24 PARGANAS (NORTH),BARRACKPORE-II,MOHANPUR,"doi:10.7910/DVN/ZHF9WC datafile 10396541 (r3-all-2013.csv.gz, md5 e6950bd317dabe3b41bf7738c248e7ee)"
2013,24 PARGANAS (NORTH),BARRACKPORE-II,PATULIA,"doi:10.7910/DVN/ZHF9WC datafile 10396541 (r3-all-2013.csv.gz, md5 e6950bd317dabe3b41bf7738c248e7ee)"
2013,24 PARGANAS (NORTH),BARRACKPORE-II,SEWLI,"doi:10.7910/DVN/ZHF9WC datafile 10396541 (r3-all-2013.csv.gz, md5 e6950bd317dabe3b41bf7738c248e7ee)"
2013,24 PARGANAS SOUTH,BARUIPUR,BEGUMPUR,"doi:10.7910/DVN/ZHF9WC datafile 10396541 (r3-all-2013.csv.gz, md5 e6950bd317dabe3b41bf7738c248e7ee)"
2013,24 PARGANAS SOUTH,BARUIPUR,BELEGACHHIA,"doi:10.7910/DVN/ZHF9WC datafile 10396541 (r3-all-2013.csv.gz, md5 e6950bd317dabe3b41bf7738c248e7ee)"
2013,24 PARGANAS SOUTH,BARUIPUR,BRINDAKHALI,"doi:10.7910/DVN/ZHF9WC datafile 10396541 (r3-all-2013.csv.gz, md5 e6950bd317dabe3b41bf7738c248e7ee)"
2013,24 PARGANAS SOUTH,BARUIPUR,CHAMPAHATI,"doi:10.7910/DVN/ZHF9WC datafile 10396541 (r3-all-2013.csv.gz, md5 e6950bd317dabe3b41bf7738c248e7ee)"
2013,24 PARGANAS SOUTH,BARUIPUR,DHAPDHAPI-I,"doi:10.7910/DVN/ZHF9WC datafile 10396541 (r3-all-2013.csv.gz, md5 e6950bd317dabe3b41bf7738c248e7ee)"
2013,24 PARGANAS SOUTH,BARUIPUR,DHAPDHAPI-II,"doi:10.7910/DVN/ZHF9WC datafile 10396541 (r3-all-2013.csv.gz, md5 e6950bd317dabe3b41bf7738c248e7ee)"
2013,24 PARGANAS SOUTH,BARUIPUR,HARDHAH,"doi:10.7910/DVN/ZHF9WC datafile 10396541 (r3-all-2013.csv.gz, md5 e6950bd317dabe3b41bf7738c248e7ee)"
2013,24 PARGANAS SOUTH,BARUIPUR,HARIHARPUR,"doi:10.7910/DVN/ZHF9WC datafile 10396541 (r3-all-2013.csv.gz, md5 e6950bd317dabe3b41bf7738c248e7ee)"
2013,24 PARGANAS SOUTH,BARUIPUR,KALYANPUR,"doi:10.7910/DVN/ZHF9WC datafile 10396541 (r3-all-2013.csv.gz, md5 e6950bd317dabe3b41bf7738c248e7ee)"
2013,24 PARGANAS SOUTH,BARUIPUR,MADARAT,"doi:10.7910/DVN/ZHF9WC datafile 10396541 (r3-all-2013.csv.gz, md5 e6950bd317dabe3b41bf7738c248e7ee)"
2013,24 PARGANAS SOUTH,BARUIPUR,MALLIKPUR,"doi:10.7910/DVN/ZHF9WC datafile 10396541 (r3-all-2013.csv.gz, md5 e6950bd317dabe3b41bf7738c248e7ee)"
2013,24 PARGANAS SOUTH,BARUIPUR,NABAGRAM,"doi:10.7910/DVN/ZHF9WC datafile 10396541 (r3-all-2013.csv.gz, md5 e6950bd317dabe3b41bf7738c248e7ee)"
2013,24 PARGANAS SOUTH,BARUIPUR,RAMNAGAR-I,"doi:10.7910/DVN/ZHF9WC datafile 10396541 (r3-all-2013.csv.gz, md5 e6950bd317dabe3b41bf7738c248e7ee)"
2013,24 PARGANAS SOUTH,BARUIPUR,RAMNAGAR-II,"doi:10.7910/DVN/ZHF9WC datafile 10396541 (r3-all-2013.csv.gz, md5 e6950bd317dabe3b41bf7738c248e7ee)"
2013,24 PARGANAS SOUTH,BARUIPUR,SHANKARPUR-I,"doi:10.7910/DVN/ZHF9WC datafile 10396541 (r3-all-2013.csv.gz, md5 e6950bd317dabe3b41bf7738c248e7ee)"
2013,24 PARGANAS SOUTH,BARUIPUR,SHANKARPUR-II,"doi:10.7910/DVN/ZHF9WC datafile 10396541 (r3-all-2013.csv.gz, md5 e6950bd317dabe3b41bf7738c248e7ee)"
2013,24 PARGANAS SOUTH,BARUIPUR,SHIKHARBALI-I,"doi:10.7910/DVN/ZHF9WC datafile 10396541 (r3-all-2013.csv.gz, md5 e6950bd317dabe3b41bf7738c248e7ee)"
2013,24 PARGANAS SOUTH,BARUIPUR,SHIKHARBALI-II,"doi:10.7910/DVN/ZHF9WC datafile 10396541 (r3-all-2013.csv.gz, md5 e6950bd317dabe3b41bf7738c248e7ee)"
2013,24 PARGANAS SOUTH,BARUIPUR,SOUTH GARIA,"doi:10.7910/DVN/ZHF9WC datafile 10396541 (r3-all-2013.csv.gz, md5 e6950bd317dabe3b41bf7738c248e7ee)"
2013,24 PARGANAS SOUTH,BASANTI,AMJHARA,"doi:10.7910/DVN/ZHF9WC datafile 10396541 (r3-all-2013.csv.gz, md5 e6950bd317dabe3b41bf7738c248e7ee)"
2013,24 PARGANAS SOUTH,BASANTI,BASANTI,"doi:10.7910/DVN/ZHF9WC datafile 10396541 (r3-all-2013.csv.gz, md5 e6950bd317dabe3b41bf7738c248e7ee)"
2013,24 PARGANAS SOUTH,BASANTI,BHARATGARH,"doi:10.7910/DVN/ZHF9WC datafile 10396541 (r3-all-2013.csv.gz, md5 e6950bd317dabe3b41bf7738c248e7ee)"
2013,24 PARGANAS SOUTH,BASANTI,CHARABIDYA,"doi:10.7910/DVN/ZHF9WC datafile 10396541 (r3-all-2013.csv.gz, md5 e6950bd317dabe3b41bf7738c248e7ee)"
2013,24 PARGANAS SOUTH,BASANTI,CHUNAKHALI,"doi:10.7910/DVN/ZHF9WC datafile 10396541 (r3-all-2013.csv.gz, md5 e6950bd317dabe3b41bf7738c248e7ee)"
2013,24 PARGANAS SOUTH,BASANTI,FOOLMALANCHA,"doi:10.7910/DVN/ZHF9WC datafile 10396541 (r3-all-2013.csv.gz, md5 e6950bd317dabe3b41bf7738c248e7ee)"
2013,24 PARGANAS SOUTH,BASANTI,JHARKHALI,"doi:10.7910/DVN/ZHF9WC datafile 10396541 (r3-all-2013.csv.gz, md5 e6950bd317dabe3b41bf7738c248e7ee)"
2013,24 PARGANAS SOUTH,BASANTI,JYOTISHPUR,"doi:10.7910/DVN/ZHF9WC datafile 10396541 (r3-all-2013.csv.gz, md5 e6950bd317dabe3b41bf7738c248e7ee)"
2013,24 PARGANAS SOUTH,BASANTI,KANTHALBERIA,"doi:10.7910/DVN/ZHF9WC datafile 10396541 (r3-all-2013.csv.gz, md5 e6950bd317dabe3b41bf7738c248e7ee)"
2013,24 PARGANAS SOUTH,BASANTI,MASZIDBATI,"doi:10.7910/DVN/ZHF9WC datafile 10396541 (r3-all-2013.csv.gz, md5 e6950bd317dabe3b41bf7738c248e7ee)"
2013,24 PARGANAS SOUTH,BASANTI,NAFARGANJ,"doi:10.7910/DVN/ZHF9WC datafile 10396541 (r3-all-2013.csv.gz, md5 e6950bd317dabe3b41bf7738c248e7ee)"
2013,24 PARGANAS SOUTH,BASANTI,RAMCHANDRAKHALI,"doi:10.7910/DVN/ZHF9WC datafile 10396541 (r3-all-2013.csv.gz, md5 e6950bd317dabe3b41bf7738c248e7ee)"
2013,24 PARGANAS SOUTH,BASANTI,UTTAR MOKAMBERIA,"doi:10.7910/DVN/ZHF9WC datafile 10396541 (r3-all-2013.csv.gz, md5 e6950bd317dabe3b41bf7738c248e7ee)"
2013,24 PARGANAS (NORTH),BASIRHAT-I,GACHHA AKHARPUR,"doi:10.7910/DVN/ZHF9WC datafile 10396541 (r3-all-2013.csv.gz, md5 e6950bd317dabe3b41bf7738c248e7ee)"
2013,24 PARGANAS (NORTH),BASIRHAT-I,GOTRA,"doi:10.7910/DVN/ZHF9WC datafile 10396541 (r3-all-2013.csv.gz, md5 e6950bd317dabe3b41bf7738c248e7ee)"
2013,24 PARGANAS (NORTH),BASIRHAT-I,ITINDA PANITORE,"doi:10.7910/DVN/ZHF9WC datafile 10396541 (r3-all-2013.csv.gz, md5 e6950bd317dabe3b41bf7738c248e7ee)"
2013,24 PARGANAS (NORTH),BASIRHAT-I,NIMDARIA KODALIA,"doi:10.7910/DVN/ZHF9WC datafile 10396541 (r3-all-2013.csv.gz, md5 e6950bd317dabe3b41bf7738c248e7ee)"
2013,24 PARGANAS (NORTH),BASIRHAT-I,PIFA,"doi:10.7910/DVN/ZHF9WC datafile 10396541 (r3-all-2013.csv.gz, md5 e6950bd317dabe3b41bf7738c248e7ee)"
2013,24 PARGANAS (NORTH),BASIRHAT-I,SANGRAMPUR SHIBHATI,"doi:10.7910/DVN/ZHF9WC datafile 10396541 (r3-all-2013.csv.gz, md5 e6950bd317dabe3b41bf7738c248e7ee)"
2013,24 PARGANAS (NORTH),BASIRHAT-I,SANKCHURA BAGUNDI,"doi:10.7910/DVN/ZHF9WC datafile 10396541 (r3-all-2013.csv.gz, md5 e6950bd317dabe3b41bf7738c248e7ee)"
2013,24 PARGANAS (NORTH),BASIRHAT-II,BEGAMPUR BIBIPUR,"doi:10.7910/DVN/ZHF9WC datafile 10396541 (r3-all-2013.csv.gz, md5 e6950bd317dabe3b41bf7738c248e7ee)"
2013,24 PARGANAS (NORTH),BASIRHAT-II,CHAITA,"doi:10.7910/DVN/ZHF9WC datafile 10396541 (r3-all-2013.csv.gz, md5 e6950bd317dabe3b41bf7738c248e7ee)"
2013,24 PARGANAS (NORTH),BASIRHAT-II,CHAMPAPUKUR,"doi:10.7910/DVN/ZHF9WC datafile 10396541 (r3-all-2013.csv.gz, md5 e6950bd317dabe3b41bf7738c248e7ee)"
2013,24 PARGANAS (NORTH),BASIRHAT-II,DHANYAKURIA,"doi:10.7910/DVN/ZHF9WC datafile 10396541 (r3-all-2013.csv.gz, md5 e6950bd317dabe3b41bf7738c248e7ee)"
2013,24 PARGANAS (NORTH),BASIRHAT-II,GHORARASH KULINGRAM,"doi:10.7910/DVN/ZHF9WC datafile 10396541 (r3-all-2013.csv.gz, md5 e6950bd317dabe3b41bf7738c248e7ee)"
2013,24 PARGANAS (NORTH),BASIRHAT-II,KACHUA,"doi:10.7910/DVN/ZHF9WC datafile 10396541 (r3-all-2013.csv.gz, md5 e6950bd317dabe3b41bf7738c248e7ee)"
2013,24 PARGANAS (NORTH),BASIRHAT-II,KHOLAPOTA,"doi:10.7910/DVN/ZHF9WC datafile 10396541 (r3-all-2013.csv.gz, md5 e6950bd317dabe3b41bf7738c248e7ee)"
2013,24 PARGANAS (NORTH),BASIRHAT-II,RAJENDRAPUR,"doi:10.7910/DVN/ZHF9WC datafile 10396541 (r3-all-2013.csv.gz, md5 e6950bd317dabe3b41bf7738c248e7ee)"
2013,24 PARGANAS (NORTH),BASIRHAT-II,SHRINAGAR METIA,"doi:10.7910/DVN/ZHF9WC datafile 10396541 (r3-all-2013.csv.gz, md5 e6950bd317dabe3b41bf7738c248e7ee)"
2013,MURSHIDABAD,BELDANGA- I,BEGUNBARI,"doi:10.7910/DVN/ZHF9WC datafile 10396541 (r3-all-2013.csv.gz, md5 e6950bd317dabe3b41bf7738c248e7ee)"
2013,MURSHIDABAD,BELDANGA- I,BHABTA-I,"doi:10.7910/DVN/ZHF9WC datafile 10396541 (r3-all-2013.csv.gz, md5 e6950bd317dabe3b41bf7738c248e7ee)"
2013,MURSHIDABAD,BELDANGA- I,BHABTA-II,"doi:10.7910/DVN/ZHF9WC datafile 10396541 (r3-all-2013.csv.gz, md5 e6950bd317dabe3b41bf7738c248e7ee)"
2013,MURSHIDABAD,BELDANGA- I,CHAITANNAPUR-I,"doi:10.7910/DVN/ZHF9WC datafile 10396541 (r3-all-2013.csv.gz, md5 e6950bd317dabe3b41bf7738c248e7ee)"
2013,MURSHIDABAD,BELDANGA- I,CHAITANNAPUR-II,"doi:10.7910/DVN/ZHF9WC datafile 10396541 (r3-all-2013.csv.gz, md5 e6950bd317dabe3b41bf7738c248e7ee)"
2013,MURSHIDABAD,BELDANGA- I,DEBKUNDU,"doi:10.7910/DVN/ZHF9WC datafile 10396541 (r3-all-2013.csv.gz, md5 e6950bd317dabe3b41bf7738c248e7ee)"
2013,MURSHIDABAD,BELDANGA- I,KAPASDANGA,"doi:10.7910/DVN/ZHF9WC datafile 10396541 (r3-all-2013.csv.gz, md5 e6950bd317dabe3b41bf7738c248e7ee)"
2013,MURSHIDABAD,BELDANGA- I,MADDA,"doi:10.7910/DVN/ZHF9WC datafile 10396541 (r3-all-2013.csv.gz, md5 e6950bd317dabe3b41bf7738c248e7ee)"
2013,MURSHIDABAD,BELDANGA- I,MAHULA-I,"doi:10.7910/DVN/ZHF9WC datafile 10396541 (r3-all-2013.csv.gz, md5 e6950bd317dabe3b41bf7738c248e7ee)"
2013,MURSHIDABAD,BELDANGA- I,MAHULA-II,"doi:10.7910/DVN/ZHF9WC datafile 10396541 (r3-all-2013.csv.gz, md5 e6950bd317dabe3b41bf7738c248e7ee)"
2013,MURSHIDABAD,BELDANGA- I,MIRJAPUR-I,"doi:10.7910/DVN/ZHF9WC datafile 10396541 (r3-all-2013.csv.gz, md5 e6950bd317dabe3b41bf7738c248e7ee)"
2013,MURSHIDABAD,BELDANGA- I,MIRJAPUR-II,"doi:10.7910/DVN/ZHF9WC datafile 10396541 (r3-all-2013.csv.gz, md5 e6950bd317dabe3b41bf7738c248e7ee)"
2013,MURSHIDABAD,BELDANGA- I,SUJAPUR-KUMARPUR,"doi:10.7910/DVN/ZHF9WC datafile 10396541 (r3-all-2013.csv.gz, md5 e6950bd317dabe3b41bf7738c248e7ee)"
2013,MURSHIDABAD,BELDANGA-II,ANDULBERIA-I,"doi:10.7910/DVN/ZHF9WC datafile 10396541 (r3-all-2013.csv.gz, md5 e6950bd317dabe3b41bf7738c248e7ee)"
2013,MURSHIDABAD,BELDANGA-II,ANDULBERIA-II,"doi:10.7910/DVN/ZHF9WC datafile 10396541 (r3-all-2013.csv.gz, md5 e6950bd317dabe3b41bf7738c248e7ee)"
2013,MURSHIDABAD,BELDANGA-II,DADPUR,"doi:10.7910/DVN/ZHF9WC datafile 10396541 (r3-all-2013.csv.gz, md5 e6950bd317dabe3b41bf7738c248e7ee)"
2013,MURSHIDABAD,BELDANGA-II,KAMNAGAR,"doi:10.7910/DVN/ZHF9WC datafile 10396541 (r3-all-2013.csv.gz, md5 e6950bd317dabe3b41bf7738c248e7ee)"
2013,MURSHIDABAD,BELDANGA-II,KASHIPUR,"doi:10.7910/DVN/ZHF9WC datafile 10396541 (r3-all-2013.csv.gz, md5 e6950bd317dabe3b41bf7738c248e7ee)"
2013,MURSHIDABAD,BELDANGA-II,RAMNAGAR BACHHRA,"doi:10.7910/DVN/ZHF9WC datafile 10396541 (r3-all-2013.csv.gz, md5 e6950bd317dabe3b41bf7738c248e7ee)"
2013,MURSHIDABAD,BELDANGA-II,RAMPARA-I,"doi:10.7910/DVN/ZHF9WC datafile 10396541 (r3-all-2013.csv.gz, md5 e6950bd317dabe3b41bf7738c248e7ee)"
2013,MURSHIDABAD,BELDANGA-II,RAMPARA-II,"doi:10.7910/DVN/ZHF9WC datafile 10396541 (r3-all-2013.csv.gz, md5 e6950bd317dabe3b41bf7738c248e7ee)"
2013,MURSHIDABAD,BELDANGA-II,SHAKTIPUR,"doi:10.7910/DVN/ZHF9WC datafile 10396541 (r3-all-2013.csv.gz, md5 e6950bd317dabe3b41bf7738c248e7ee)"
2013,MURSHIDABAD,BELDANGA-II,SOMEPARA-I,"doi:10.7910/DVN/ZHF9WC datafile 10396541 (r3-all-2013.csv.gz, md5 e6950bd317dabe3b41bf7738c248e7ee)"
2013,MURSHIDABAD,BELDANGA-II,SOMEPARA-II,"doi:10.7910/DVN/ZHF9WC datafile 10396541 (r3-all-2013.csv.gz, md5 e6950bd317dabe3b41bf7738c248e7ee)"
2013,MURSHIDABAD,BERHAMPORE,BHAKURI-I,"doi:10.7910/DVN/ZHF9WC datafile 10396541 (r3-all-2013.csv.gz, md5 e6950bd317dabe3b41bf7738c248e7ee)"
2013,MURSHIDABAD,BERHAMPORE,BHAKURI-II,"doi:10.7910/DVN/ZHF9WC datafile 10396541 (r3-all-2013.csv.gz, md5 e6950bd317dabe3b41bf7738c248e7ee)"
2013,MURSHIDABAD,BERHAMPORE,CHHAIGHARI,"doi:10.7910/DVN/ZHF9WC datafile 10396541 (r3-all-2013.csv.gz, md5 e6950bd317dabe3b41bf7738c248e7ee)"
2013,MURSHIDABAD,BERHAMPORE,DAULATABAD,"doi:10.7910/DVN/ZHF9WC datafile 10396541 (r3-all-2013.csv.gz, md5 e6950bd317dabe3b41bf7738c248e7ee)"
2013,MURSHIDABAD,BERHAMPORE,GURUDASPUR,"doi:10.7910/DVN/ZHF9WC datafile 10396541 (r3-all-2013.csv.gz, md5 e6950bd317dabe3b41bf7738c248e7ee)"
2013,MURSHIDABAD,BERHAMPORE,HARIDASMATI,"doi:10.7910/DVN/ZHF9WC datafile 10396541 (r3-all-2013.csv.gz, md5 e6950bd317dabe3b41bf7738c248e7ee)"
2013,MURSHIDABAD,BERHAMPORE,HATINAGAR,"doi:10.7910/DVN/ZHF9WC datafile 10396541 (r3-all-2013.csv.gz, md5 e6950bd317dabe3b41bf7738c248e7ee)"
2013,MURSHIDABAD,BERHAMPORE,MADANPUR,"doi:10.7910/DVN/ZHF9WC datafile 10396541 (r3-all-2013.csv.gz, md5 e6950bd317dabe3b41bf7738c248e7ee)"
2013,MURSHIDABAD,BERHAMPORE,MANINDRANAGAR,"doi:10.7910/DVN/ZHF9WC datafile 10396541 (r3-all-2013.csv.gz, md5 e6950bd317dabe3b41bf7738c248e7ee)"
2013,MURSHIDABAD,BERHAMPORE,NAODAPANUR,"doi:10.7910/DVN/ZHF9WC datafile 10396541 (r3-all-2013.csv.gz, md5 e6950bd317dabe3b41bf7738c248e7ee)"
2013,MURSHIDABAD,BERHAMPORE,NIYALLISPARA GOALJAN,"doi:10.7910/DVN/ZHF9WC datafile 10396541 (r3-all-2013.csv.gz, md5 e6950bd317dabe3b41bf7738c248e7ee)"
2013,MURSHIDABAD,BERHAMPORE,RADHARGHAT-I,"doi:10.7910/DVN/ZHF9WC datafile 10396541 (r3-all-2013.csv.gz, md5 e6950bd317dabe3b41bf7738c248e7ee)"
2013,MURSHIDABAD,BERHAMPORE,RADHARGHAT-II,"doi:10.7910/DVN/ZHF9WC datafile 10396541 (r3-all-2013.csv.gz, md5 e6950bd317dabe3b41bf7738c248e7ee)"
2013,MURSHIDABAD,BERHAMPORE,RAJDHARPARA,"doi:10.7910/DVN/ZHF9WC datafile 10396541 (r3-all-2013.csv.gz, md5 e6950bd317dabe3b41bf7738c248e7ee)"
2013,MURSHIDABAD,BERHAMPORE,RANGAMATI CHANDPARA,"doi:10.7910/DVN/ZHF9WC datafile 10396541 (r3-all-2013.csv.gz, md5 e6950bd317dabe3b41bf7738c248e7ee)"
2013,MURSHIDABAD,BERHAMPORE,SAHAJADPUR,"doi:10.7910/DVN/ZHF9WC datafile 10396541 (r3-all-2013.csv.gz, md5 e6950bd317dabe3b41bf7738c248e7ee)"
2013,MURSHIDABAD,BERHAMPORE,SATUI CHAURIGACHHA,"doi:10.7910/DVN/ZHF9WC datafile 10396541 (r3-all-2013.csv.gz, md5 e6950bd317dabe3b41bf7738c248e7ee)"
2013,MURSHIDABAD,BHAGAWANGOLA-II,AKHERIGANJ,"doi:10.7910/DVN/ZHF9WC datafile 10396541 (r3-all-2013.csv.gz, md5 e6950bd317dabe3b41bf7738c248e7ee)"
2013,MURSHIDABAD,BHAGAWANGOLA-II,AMDAHARA,"doi:10.7910/DVN/ZHF9WC datafile 10396541 (r3-all-2013.csv.gz, md5 e6950bd317dabe3b41bf7738c248e7ee)"
2013,MURSHIDABAD,BHAGAWANGOLA-II,BALIGRAM,"doi:10.7910/DVN/ZHF9WC datafile 10396541 (r3-all-2013.csv.gz, md5 e6950bd317dabe3b41bf7738c248e7ee)"
2013,MURSHIDABAD,BHAGAWANGOLA-II,KHARIBONA,"doi:10.7910/DVN/ZHF9WC datafile 10396541 (r3-all-2013.csv.gz, md5 e6950bd317dabe3b41bf7738c248e7ee)"
2013,MURSHIDABAD,BHAGAWANGOLA-II,NASHIPUR,"doi:10.7910/DVN/ZHF9WC datafile 10396541 (r3-all-2013.csv.gz, md5 e6950bd317dabe3b41bf7738c248e7ee)"
2013,MURSHIDABAD,BHAGAWANGOLA-II,SARALPUR,"doi:10.7910/DVN/ZHF9WC datafile 10396541 (r3-all-2013.csv.gz, md5 e6950bd317dabe3b41bf7738c248e7ee)"
2013,MURSHIDABAD,BHAGOBANGOLA- I,BHAGAWANGOLA,"doi:10.7910/DVN/ZHF9WC datafile 10396541 (r3-all-2013.csv.gz, md5 e6950bd317dabe3b41bf7738c248e7ee)"
2013,MURSHIDABAD,BHAGOBANGOLA- I,HABASPUR,"doi:10.7910/DVN/ZHF9WC datafile 10396541 (r3-all-2013.csv.gz, md5 e6950bd317dabe3b41bf7738c248e7ee)"
2013,MURSHIDABAD,BHAGOBANGOLA- I,HANUMANTANAGAR,"doi:10.7910/DVN/ZHF9WC datafile 10396541 (r3-all-2013.csv.gz, md5 e6950bd317dabe3b41bf7738c248e7ee)"
2013,MURSHIDABAD,BHAGOBANGOLA- I,KAHISASTHALI,"doi:10.7910/DVN/ZHF9WC datafile 10396541 (r3-all-2013.csv.gz, md5 e6950bd317dabe3b41bf7738c248e7ee)"
2013,MURSHIDABAD,BHAGOBANGOLA- I,KANTANAGAR,"doi:10.7910/DVN/ZHF9WC datafile 10396541 (r3-all-2013.csv.gz, md5 e6950bd317dabe3b41bf7738c248e7ee)"
2013,MURSHIDABAD,BHAGOBANGOLA- I,KUTHIRAMPUR,"doi:10.7910/DVN/ZHF9WC datafile 10396541 (r3-all-2013.csv.gz, md5 e6950bd317dabe3b41bf7738c248e7ee)"
2013,MURSHIDABAD,BHAGOBANGOLA- I,MAHAMMADPUR,"doi:10.7910/DVN/ZHF9WC datafile 10396541 (r3-all-2013.csv.gz, md5 e6950bd317dabe3b41bf7738c248e7ee)"
2013,MURSHIDABAD,BHAGOBANGOLA- I,SUNDARPUR,"doi:10.7910/DVN/ZHF9WC datafile 10396541 (r3-all-2013.csv.gz, md5 e6950bd317dabe3b41bf7738c248e7ee)"
2013,PURBA MEDINIPUR,BHAGWANPUR-I,BENUDIA,"doi:10.7910/DVN/ZHF9WC datafile 10396541 (r3-all-2013.csv.gz, md5 e6950bd317dabe3b41bf7738c248e7ee)"
2013,PURBA MEDINIPUR,BHAGWANPUR-I,BHAGWANPUR,"doi:10.7910/DVN/ZHF9WC datafile 10396541 (r3-all-2013.csv.gz, md5 e6950bd317dabe3b41bf7738c248e7ee)"
2013,PURBA MEDINIPUR,BHAGWANPUR-I,BIBHISANPUR,"doi:10.7910/DVN/ZHF9WC datafile 10396541 (r3-all-2013.csv.gz, md5 e6950bd317dabe3b41bf7738c248e7ee)"
2013,PURBA MEDINIPUR,BHAGWANPUR-I,GURGRAM,"doi:10.7910/DVN/ZHF9WC datafile 10396541 (r3-all-2013.csv.gz, md5 e6950bd317dabe3b41bf7738c248e7ee)"
2013,PURBA MEDINIPUR,BHAGWANPUR-I,KAJLAGARH,"doi:10.7910/DVN/ZHF9WC datafile 10396541 (r3-all-2013.csv.gz, md5 e6950bd317dabe3b41bf7738c248e7ee)"
2013,PURBA MEDINIPUR,BHAGWANPUR-I,KAKRA,"doi:10.7910/DVN/ZHF9WC datafile 10396541 (r3-all-2013.csv.gz, md5 e6950bd317dabe3b41bf7738c248e7ee)"
2013,PURBA MEDINIPUR,BHAGWANPUR-I,KOTHBARH,"doi:10.7910/DVN/ZHF9WC datafile 10396541 (r3-all-2013.csv.gz, md5 e6950bd317dabe3b41bf7738c248e7ee)"
2013,PURBA MEDINIPUR,BHAGWANPUR-I,MAHAMMADPUR-I,"doi:10.7910/DVN/ZHF9WC datafile 10396541 (r3-all-2013.csv.gz, md5 e6950bd317dabe3b41bf7738c248e7ee)"
2013,PURBA MEDINIPUR,BHAGWANPUR-I,MAHAMMADPUR-II,"doi:10.7910/DVN/ZHF9WC datafile 10396541 (r3-all-2013.csv.gz, md5 e6950bd317dabe3b41bf7738c248e7ee)"
2013,PURBA MEDINIPUR,BHAGWANPUR-I,SIMULIA,"doi:10.7910/DVN/ZHF9WC datafile 10396541 (r3-all-2013.csv.gz, md5 e6950bd317dabe3b41bf7738c248e7ee)"
2013,PURBA MEDINIPUR,BHAGWANPUR-II,ARJUNNAGAR,"doi:10.7910/DVN/ZHF9WC datafile 10396541 (r3-all-2013.csv.gz, md5 e6950bd317dabe3b41bf7738c248e7ee)"
2013,PURBA MEDINIPUR,BHAGWANPUR-II,BAROJ,"doi:10.7910/DVN/ZHF9WC datafile 10396541 (r3-all-2013.csv.gz, md5 e6950bd317dabe3b41bf7738c248e7ee)"
2013,PURBA MEDINIPUR,BHAGWANPUR-II,BASUDEBBERIA,"doi:10.7910/DVN/ZHF9WC datafile 10396541 (r3-all-2013.csv.gz, md5 e6950bd317dabe3b41bf7738c248e7ee)"
2013,PURBA MEDINIPUR,BHAGWANPUR-II,GARBARI-I,"doi:10.7910/DVN/ZHF9WC datafile 10396541 (r3-all-2013.csv.gz, md5 e6950bd317dabe3b41bf7738c248e7ee)"
2013,PURBA MEDINIPUR,BHAGWANPUR-II,GARBARI-II,"doi:10.7910/DVN/ZHF9WC datafile 10396541 (r3-all-2013.csv.gz, md5 e6950bd317dabe3b41bf7738c248e7ee)"
2013,PURBA MEDINIPUR,BHAGWANPUR-II,ITABERIA,"doi:10.7910/DVN/ZHF9WC datafile 10396541 (r3-all-2013.csv.gz, md5 e6950bd317dabe3b41bf7738c248e7ee)"
2013,PURBA MEDINIPUR,BHAGWANPUR-II,JUKHIA,"doi:10.7910/DVN/ZHF9WC datafile 10396541 (r3-all-2013.csv.gz, md5 e6950bd317dabe3b41bf7738c248e7ee)"
2013,PURBA MEDINIPUR,BHAGWANPUR-II,MUGBERIA,"doi:10.7910/DVN/ZHF9WC datafile 10396541 (r3-all-2013.csv.gz, md5 e6950bd317dabe3b41bf7738c248e7ee)"
2013,PURBA MEDINIPUR,BHAGWANPUR-II,RADHAPUR,"doi:10.7910/DVN/ZHF9WC datafile 10396541 (r3-all-2013.csv.gz, md5 e6950bd317dabe3b41bf7738c248e7ee)"
2013,24 PARGANAS SOUTH,BHANGAR-I,BODRA,"doi:10.7910/DVN/ZHF9WC datafile 10396541 (r3-all-2013.csv.gz, md5 e6950bd317dabe3b41bf7738c248e7ee)"
2013,24 PARGANAS SOUTH,BHANGAR-I,CHANDANESWAR-I,"doi:10.7910/DVN/ZHF9WC datafile 10396541 (r3-all-2013.csv.gz, md5 e6950bd317dabe3b41bf7738c248e7ee)"
2013,24 PARGANAS SOUTH,BHANGAR-I,CHANDANESWAR-II,"doi:10.7910/DVN/ZHF9WC datafile 10396541 (r3-all-2013.csv.gz, md5 e6950bd317dabe3b41bf7738c248e7ee)"
2013,24 PARGANAS SOUTH,BHANGAR-I,DURGAPUR,"doi:10.7910/DVN/ZHF9WC datafile 10396541 (r3-all-2013.csv.gz, md5 e6950bd317dabe3b41bf7738c248e7ee)"
2013,24 PARGANAS SOUTH,BHANGAR-I,JAGULGACHHI,"doi:10.7910/DVN/ZHF9WC datafile 10396541 (r3-all-2013.csv.gz, md5 e6950bd317dabe3b41bf7738c248e7ee)"
2013,24 PARGANAS SOUTH,BHANGAR-I,NARAYANPUR,"doi:10.7910/DVN/ZHF9WC datafile 10396541 (r3-all-2013.csv.gz, md5 e6950bd317dabe3b41bf7738c248e7ee)"
2013,24 PARGANAS SOUTH,BHANGAR-I,PRANGANJ,"doi:10.7910/DVN/ZHF9WC datafile 10396541 (r3-all-2013.csv.gz, md5 e6950bd317dabe3b41bf7738c248e7ee)"
2013,24 PARGANAS SOUTH,BHANGAR-I,SHANKSAHAR,"doi:10.7910/DVN/ZHF9WC datafile 10396541 (r3-all-2013.csv.gz, md5 e6950bd317dabe3b41bf7738c248e7ee)"
2013,24 PARGANAS SOUTH,BHANGAR-I,TARDA,"doi:10.7910/DVN/ZHF9WC datafile 10396541 (r3-all-2013.csv.gz, md5 e6950bd317dabe3b41bf7738c248e7ee)"
2013,24 PARGANAS SOUTH,BHANGAR-II,BAMANGHATA,"doi:10.7910/DVN/ZHF9WC datafile 10396541 (r3-all-2013.csv.gz, md5 e6950bd317dabe3b41bf7738c248e7ee)"
2013,24 PARGANAS SOUTH,BHANGAR-II,BENTTATA-I,"doi:10.7910/DVN/ZHF9WC datafile 10396541 (r3-all-2013.csv.gz, md5 e6950bd317dabe3b41bf7738c248e7ee)"
2013,24 PARGANAS SOUTH,BHANGAR-II,BENTTATA-II,"doi:10.7910/DVN/ZHF9WC datafile 10396541 (r3-all-2013.csv.gz, md5 e6950bd317dabe3b41bf7738c248e7ee)"
2013,24 PARGANAS SOUTH,BHANGAR-II,BHAGAWANPUR,"doi:10.7910/DVN/ZHF9WC datafile 10396541 (r3-all-2013.csv.gz, md5 e6950bd317dabe3b41bf7738c248e7ee)"
2013,24 PARGANAS SOUTH,BHANGAR-II,BHOGALI-I,"doi:10.7910/DVN/ZHF9WC datafile 10396541 (r3-all-2013.csv.gz, md5 e6950bd317dabe3b41bf7738c248e7ee)"
2013,24 PARGANAS SOUTH,BHANGAR-II,BHOGALI-II,"doi:10.7910/DVN/ZHF9WC datafile 10396541 (r3-all-2013.csv.gz, md5 e6950bd317dabe3b41bf7738c248e7ee)"
2013,24 PARGANAS SOUTH,BHANGAR-II,CHALTABERIA,"doi:10.7910/DVN/ZHF9WC datafile 10396541 (r3-all-2013.csv.gz, md5 e6950bd317dabe3b41bf7738c248e7ee)"
2013,24 PARGANAS SOUTH,BHANGAR-II,CHANPUKUR,"doi:10.7910/DVN/ZHF9WC datafile 10396541 (r3-all-2013.csv.gz, md5 e6950bd317dabe3b41bf7738c248e7ee)"
2013,24 PARGANAS SOUTH,BHANGAR-II,POLERHAT-I,"doi:10.7910/DVN/ZHF9WC datafile 10396541 (r3-all-2013.csv.gz, md5 e6950bd317dabe3b41bf7738c248e7ee)"
2013,24 PARGANAS SOUTH,BHANGAR-II,POLERHAT-II,"doi:10.7910/DVN/ZHF9WC datafile 10396541 (r3-all-2013.csv.gz, md5 e6950bd317dabe3b41bf7738c248e7ee)"
2013,MURSHIDABAD,BHARATPUR-I,ALUGRAM,"doi:10.7910/DVN/ZHF9WC datafile 10396541 (r3-all-2013.csv.gz, md5 e6950bd317dabe3b41bf7738c248e7ee)"
2013,MURSHIDABAD,BHARATPUR-I,AMLAI,"doi:10.7910/DVN/ZHF9WC datafile 10396541 (r3-all-2013.csv.gz, md5 e6950bd317dabe3b41bf7738c248e7ee)"
2013,MURSHIDABAD,BHARATPUR-I,BHARATPUR,"doi:10.7910/DVN/ZHF9WC datafile 10396541 (r3-all-2013.csv.gz, md5 e6950bd317dabe3b41bf7738c248e7ee)"
2013,MURSHIDABAD,BHARATPUR-I,GADDA,"doi:10.7910/DVN/ZHF9WC datafile 10396541 (r3-all-2013.csv.gz, md5 e6950bd317dabe3b41bf7738c248e7ee)"
2013,MURSHIDABAD,BHARATPUR-I,GUNDIRIA,"doi:10.7910/DVN/ZHF9WC datafile 10396541 (r3-all-2013.csv.gz, md5 e6950bd317dabe3b41bf7738c248e7ee)"
2013,MURSHIDABAD,BHARATPUR-I,JAJAN,"doi:10.7910/DVN/ZHF9WC datafile 10396541 (r3-all-2013.csv.gz, md5 e6950bd317dabe3b41bf7738c248e7ee)"
2013,MURSHIDABAD,BHARATPUR-I,SIJGRAM,"doi:10.7910/DVN/ZHF9WC datafile 10396541 (r3-all-2013.csv.gz, md5 e6950bd317dabe3b41bf7738c248e7ee)"
2013,MURSHIDABAD,BHARATPUR-I,TALGRAM,"doi:10.7910/DVN/ZHF9WC datafile 10396541 (r3-all-2013.csv.gz, md5 e6950bd317dabe3b41bf7738c248e7ee)"
2013,MURSHIDABAD,BHARATPUR-II,KAGRAM,"doi:10.7910/DVN/ZHF9WC datafile 10396541 (r3-all-2013.csv.gz, md5 e6950bd317dabe3b41bf7738c248e7ee)"
2013,MURSHIDABAD,BHARATPUR-II,MALIHATI,"doi:10.7910/DVN/ZHF9WC datafile 10396541 (r3-all-2013.csv.gz, md5 e6950bd317dabe3b41bf7738c248e7ee)"
2013,MURSHIDABAD,BHARATPUR-II,SALAR,"doi:10.7910/DVN/ZHF9WC datafile 10396541 (r3-all-2013.csv.gz, md5 e6950bd317dabe3b41bf7738c248e7ee)"
2013,MURSHIDABAD,BHARATPUR-II,SALU,"doi:10.7910/DVN/ZHF9WC datafile 10396541 (r3-all-2013.csv.gz, md5 e6950bd317dabe3b41bf7738c248e7ee)"
2013,MURSHIDABAD,BHARATPUR-II,SIMULIA,"doi:10.7910/DVN/ZHF9WC datafile 10396541 (r3-all-2013.csv.gz, md5 e6950bd317dabe3b41bf7738c248e7ee)"
2013,MURSHIDABAD,BHARATPUR-II,TALIBPUR,"doi:10.7910/DVN/ZHF9WC datafile 10396541 (r3-all-2013.csv.gz, md5 e6950bd317dabe3b41bf7738c248e7ee)"
2013,MURSHIDABAD,BHARATPUR-II,TENYA-BAIDYAPUR,"doi:10.7910/DVN/ZHF9WC datafile 10396541 (r3-all-2013.csv.gz, md5 e6950bd317dabe3b41bf7738c248e7ee)"
2013,PASCHIM BARDHAMAN,BHATAR,AMARUN-I,"doi:10.7910/DVN/ZHF9WC datafile 10396541 (r3-all-2013.csv.gz, md5 e6950bd317dabe3b41bf7738c248e7ee)"
2013,PASCHIM BARDHAMAN,BHATAR,AMARUN-II,"doi:10.7910/DVN/ZHF9WC datafile 10396541 (r3-all-2013.csv.gz, md5 e6950bd317dabe3b41bf7738c248e7ee)"
2013,PASCHIM BARDHAMAN,BHATAR,BALGONA,"doi:10.7910/DVN/ZHF9WC datafile 10396541 (r3-all-2013.csv.gz, md5 e6950bd317dabe3b41bf7738c248e7ee)"
2013,PASCHIM BARDHAMAN,BHATAR,BAMUNARA,"doi:10.7910/DVN/ZHF9WC datafile 10396541 (r3-all-2013.csv.gz, md5 e6950bd317dabe3b41bf7738c248e7ee)"
2013,PASCHIM BARDHAMAN,BHATAR,BARABELUN-I,"doi:10.7910/DVN/ZHF9WC datafile 10396541 (r3-all-2013.csv.gz, md5 e6950bd317dabe3b41bf7738c248e7ee)"
2013,PASCHIM BARDHAMAN,BHATAR,BARABELUN-II,"doi:10.7910/DVN/ZHF9WC datafile 10396541 (r3-all-2013.csv.gz, md5 e6950bd317dabe3b41bf7738c248e7ee)"
2013,PASCHIM BARDHAMAN,BHATAR,BHATAR,"doi:10.7910/DVN/ZHF9WC datafile 10396541 (r3-all-2013.csv.gz, md5 e6950bd317dabe3b41bf7738c248e7ee)"
2013,PASCHIM BARDHAMAN,BHATAR,BONPAS,"doi:10.7910/DVN/ZHF9WC datafile 10396541 (r3-all-2013.csv.gz, md5 e6950bd317dabe3b41bf7738c248e7ee)"
2013,PASCHIM BARDHAMAN,BHATAR,ERUAR,"doi:10.7910/DVN/ZHF9WC datafile 10396541 (r3-all-2013.csv.gz, md5 e6950bd317dabe3b41bf7738c248e7ee)"
2013,PASCHIM BARDHAMAN,BHATAR,MAHACHANDA,"doi:10.7910/DVN/ZHF9WC datafile 10396541 (r3-all-2013.csv.gz, md5 e6950bd317dabe3b41bf7738c248e7ee)"
2013,PASCHIM BARDHAMAN,BHATAR,MAHATA,"doi:10.7910/DVN/ZHF9WC datafile 10396541 (r3-all-2013.csv.gz, md5 e6950bd317dabe3b41bf7738c248e7ee)"
2013,PASCHIM BARDHAMAN,BHATAR,NITYANANDAPUR,"doi:10.7910/DVN/ZHF9WC datafile 10396541 (r3-all-2013.csv.gz, md5 e6950bd317dabe3b41bf7738c248e7ee)"
2013,PASCHIM BARDHAMAN,BHATAR,SAHEBGANJ-I,"doi:10.7910/DVN/ZHF9WC datafile 10396541 (r3-all-2013.csv.gz, md5 e6950bd317dabe3b41bf7738c248e7ee)"
2013,PASCHIM BARDHAMAN,BHATAR,SAHEBGANJ-II,"doi:10.7910/DVN/ZHF9WC datafile 10396541 (r3-all-2013.csv.gz, md5 e6950bd317dabe3b41bf7738c248e7ee)"
2013,PASCHIM MEDINIPUR,BINPUR-I,ANDHARIA,"doi:10.7910/DVN/ZHF9WC datafile 10396541 (r3-all-2013.csv.gz, md5 e6950bd317dabe3b41bf7738c248e7ee)"
2013,PASCHIM MEDINIPUR,BINPUR-I,BAITA,"doi:10.7910/DVN/ZHF9WC datafile 10396541 (r3-all-2013.csv.gz, md5 e6950bd317dabe3b41bf7738c248e7ee)"
2013,PASCHIM MEDINIPUR,BINPUR-I,BELATIKRI,"doi:10.7910/DVN/ZHF9WC datafile 10396541 (r3-all-2013.csv.gz, md5 e6950bd317dabe3b41bf7738c248e7ee)"
2013,PASCHIM MEDINIPUR,BINPUR-I,BINPUR,"doi:10.7910/DVN/ZHF9WC datafile 10396541 (r3-all-2013.csv.gz, md5 e6950bd317dabe3b41bf7738c248e7ee)"
2013,PASCHIM MEDINIPUR,BINPUR-I,DAHIJURI,"doi:10.7910/DVN/ZHF9WC datafile 10396541 (r3-all-2013.csv.gz, md5 e6950bd317dabe3b41bf7738c248e7ee)"
2013,PASCHIM MEDINIPUR,BINPUR-I,DHARAMPUR,"doi:10.7910/DVN/ZHF9WC datafile 10396541 (r3-all-2013.csv.gz, md5 e6950bd317dabe3b41bf7738c248e7ee)"
2013,PASCHIM MEDINIPUR,BINPUR-I,LALGARH,"doi:10.7910/DVN/ZHF9WC datafile 10396541 (r3-all-2013.csv.gz, md5 e6950bd317dabe3b41bf7738c248e7ee)"
2013,PASCHIM MEDINIPUR,BINPUR-I,NEPURA,"doi:10.7910/DVN/ZHF9WC datafile 10396541 (r3-all-2013.csv.gz, md5 e6950bd317dabe3b41bf7738c248e7ee)"
2013,PASCHIM MEDINIPUR,BINPUR-I,RAMGARH,"doi:10.7910/DVN/ZHF9WC datafile 10396541 (r3-all-2013.csv.gz, md5 e6950bd317dabe3b41bf7738c248e7ee)"
2013,PASCHIM MEDINIPUR,BINPUR-I,SIJUA,"doi:10.7910/DVN/ZHF9WC datafile 10396541 (r3-all-2013.csv.gz, md5 e6950bd317dabe3b41bf7738c248e7ee)"
2013,PASCHIM MEDINIPUR,BINPUR-II,BELPAHARI,"doi:10.7910/DVN/ZHF9WC datafile 10396541 (r3-all-2013.csv.gz, md5 e6950bd317dabe3b41bf7738c248e7ee)"
2013,PASCHIM MEDINIPUR,BINPUR-II,BHELAIDIHA,"doi:10.7910/DVN/ZHF9WC datafile 10396541 (r3-all-2013.csv.gz, md5 e6950bd317dabe3b41bf7738c248e7ee)"
2013,PASCHIM MEDINIPUR,BINPUR-II,BHULAVEDA,"doi:10.7910/DVN/ZHF9WC datafile 10396541 (r3-all-2013.csv.gz, md5 e6950bd317dabe3b41bf7738c248e7ee)"
2013,PASCHIM MEDINIPUR,BINPUR-II,BOSHPAHARI,"doi:10.7910/DVN/ZHF9WC datafile 10396541 (r3-all-2013.csv.gz, md5 e6950bd317dabe3b41bf7738c248e7ee)"
2013,PASCHIM MEDINIPUR,BINPUR-II,ERGODA,"doi:10.7910/DVN/ZHF9WC datafile 10396541 (r3-all-2013.csv.gz, md5 e6950bd317dabe3b41bf7738c248e7ee)"
2013,PASCHIM MEDINIPUR,BINPUR-II,HARDA,"doi:10.7910/DVN/ZHF9WC datafile 10396541 (r3-all-2013.csv.gz, md5 e6950bd317dabe3b41bf7738c248e7ee)"
2013,PASCHIM MEDINIPUR,BINPUR-II,KANKO,"doi:10.7910/DVN/ZHF9WC datafile 10396541 (r3-all-2013.csv.gz, md5 e6950bd317dabe3b41bf7738c248e7ee)"
2013,PASCHIM MEDINIPUR,BINPUR-II,SANDAPARA,"doi:10.7910/DVN/ZHF9WC datafile 10396541 (r3-all-2013.csv.gz, md5 e6950bd317dabe3b41bf7738c248e7ee)"
2013,PASCHIM MEDINIPUR,BINPUR-II,SHILDA,"doi:10.7910/DVN/ZHF9WC datafile 10396541 (r3-all-2013.csv.gz, md5 e6950bd317dabe3b41bf7738c248e7ee)"
2013,PASCHIM MEDINIPUR,BINPUR-II,SHIMULPAL,"doi:10.7910/DVN/ZHF9WC datafile 10396541 (r3-all-2013.csv.gz, md5 e6950bd317dabe3b41bf7738c248e7ee)"
2013,24 PARGANAS SOUTH,BISHNUPUR-I,AMGACHHIA,"doi:10.7910/DVN/ZHF9WC datafile 10396541 (r3-all-2013.csv.gz, md5 e6950bd317dabe3b41bf7738c248e7ee)"
2013,24 PARGANAS SOUTH,BISHNUPUR-I,ANDHAR MANIK,"doi:10.7910/DVN/ZHF9WC datafile 10396541 (r3-all-2013.csv.gz, md5 e6950bd317dabe3b41bf7738c248e7ee)"
2013,24 PARGANAS SOUTH,BISHNUPUR-I,BHANDARIA KASTEKUMARI,"doi:10.7910/DVN/ZHF9WC datafile 10396541 (r3-all-2013.csv.gz, md5 e6950bd317dabe3b41bf7738c248e7ee)"
2013,24 PARGANAS SOUTH,BISHNUPUR-I,DAKSHIN GAURIPUR CHAKDHIR,"doi:10.7910/DVN/ZHF9WC datafile 10396541 (r3-all-2013.csv.gz, md5 e6950bd317dabe3b41bf7738c248e7ee)"
2013,24 PARGANAS SOUTH,BISHNUPUR-I,JULPIA,"doi:10.7910/DVN/ZHF9WC datafile 10396541 (r3-all-2013.csv.gz, md5 e6950bd317dabe3b41bf7738c248e7ee)"
2013,24 PARGANAS SOUTH,BISHNUPUR-I,KEORADANGA,"doi:10.7910/DVN/ZHF9WC datafile 10396541 (r3-all-2013.csv.gz, md5 e6950bd317dabe3b41bf7738c248e7ee)"
2013,24 PARGANAS SOUTH,BISHNUPUR-I,KULERDARI,"doi:10.7910/DVN/ZHF9WC datafile 10396541 (r3-all-2013.csv.gz, md5 e6950bd317dabe3b41bf7738c248e7ee)"
2013,24 PARGANAS SOUTH,BISHNUPUR-I,PANAKUA,"doi:10.7910/DVN/ZHF9WC datafile 10396541 (r3-all-2013.csv.gz, md5 e6950bd317dabe3b41bf7738c248e7ee)"
2013,24 PARGANAS SOUTH,BISHNUPUR-I,PASCHIM BISHNUPUR,"doi:10.7910/DVN/ZHF9WC datafile 10396541 (r3-all-2013.csv.gz, md5 e6950bd317dabe3b41bf7738c248e7ee)"
2013,24 PARGANAS SOUTH,BISHNUPUR-I,PURBA BISHNUPUR,"doi:10.7910/DVN/ZHF9WC datafile 10396541 (r3-all-2013.csv.gz, md5 e6950bd317dabe3b41bf7738c248e7ee)"
2013,24 PARGANAS SOUTH,BISHNUPUR-I,RAKHALI,"doi:10.7910/DVN/ZHF9WC datafile 10396541 (r3-all-2013.csv.gz, md5 e6950bd317dabe3b41bf7738c248e7ee)"
2013,24 PARGANAS SOUTH,BISHNUPUR-II,BAKHRAHAT,"doi:10.7910/DVN/ZHF9WC datafile 10396541 (r3-all-2013.csv.gz, md5 e6950bd317dabe3b41bf7738c248e7ee)"
2013,24 PARGANAS SOUTH,BISHNUPUR-II,CHAK ENAYETNAGAR,"doi:10.7910/DVN/ZHF9WC datafile 10396541 (r3-all-2013.csv.gz, md5 e6950bd317dabe3b41bf7738c248e7ee)"
2013,24 PARGANAS SOUTH,BISHNUPUR-II,CHANDI,"doi:10.7910/DVN/ZHF9WC datafile 10396541 (r3-all-2013.csv.gz, md5 e6950bd317dabe3b41bf7738c248e7ee)"
2013,24 PARGANAS SOUTH,BISHNUPUR-II,GOBINDAPUR KALICHARANPUR,"doi:10.7910/DVN/ZHF9WC datafile 10396541 (r3-all-2013.csv.gz, md5 e6950bd317dabe3b41bf7738c248e7ee)"
2013,24 PARGANAS SOUTH,BISHNUPUR-II,KANGANBERIA,"doi:10.7910/DVN/ZHF9WC datafile 10396541 (r3-all-2013.csv.gz, md5 e6950bd317dabe3b41bf7738c248e7ee)"
2013,24 PARGANAS SOUTH,BISHNUPUR-II,KHAGRAMURI,"doi:10.7910/DVN/ZHF9WC datafile 10396541 (r3-all-2013.csv.gz, md5 e6950bd317dabe3b41bf7738c248e7ee)"
2013,24 PARGANAS SOUTH,BISHNUPUR-II,MAUKHALI,"doi:10.7910/DVN/ZHF9WC datafile 10396541 (r3-all-2013.csv.gz, md5 e6950bd317dabe3b41bf7738c248e7ee)"
2013,24 PARGANAS SOUTH,BISHNUPUR-II,NAHAJARI,"doi:10.7910/DVN/ZHF9WC datafile 10396541 (r3-all-2013.csv.gz, md5 e6950bd317dabe3b41bf7738c248e7ee)"
2013,24 PARGANAS SOUTH,BISHNUPUR-II,PANCHANAN,"doi:10.7910/DVN/ZHF9WC datafile 10396541 (r3-all-2013.csv.gz, md5 e6950bd317dabe3b41bf7738c248e7ee)"
2013,24 PARGANAS SOUTH,BISHNUPUR-II,PATHARBERIA JAYCHANDIPUR,"doi:10.7910/DVN/ZHF9WC datafile 10396541 (r3-all-2013.csv.gz, md5 e6950bd317dabe3b41bf7738c248e7ee)"
2013,24 PARGANAS SOUTH,BISHNUPUR-II,RAMKRISHNAPUR BORHANPUR,"doi:10.7910/DVN/ZHF9WC datafile 10396541 (r3-all-2013.csv.gz, md5 e6950bd317dabe3b41bf7738c248e7ee)"
2013,BIRBHUM,BOLPUR-SRINIKETAN,BAHIRI-PANCHSHOWA,"doi:10.7910/DVN/ZHF9WC datafile 10396541 (r3-all-2013.csv.gz, md5 e6950bd317dabe3b41bf7738c248e7ee)"
2013,BIRBHUM,BOLPUR-SRINIKETAN,KANKALITALA,"doi:10.7910/DVN/ZHF9WC datafile 10396541 (r3-all-2013.csv.gz, md5 e6950bd317dabe3b41bf7738c248e7ee)"
2013,BIRBHUM,BOLPUR-SRINIKETAN,KASBA,"doi:10.7910/DVN/ZHF9WC datafile 10396541 (r3-all-2013.csv.gz, md5 e6950bd317dabe3b41bf7738c248e7ee)"
2013,BIRBHUM,BOLPUR-SRINIKETAN,RAIPUR-SUPUR,"doi:10.7910/DVN/ZHF9WC datafile 10396541 (r3-all-2013.csv.gz, md5 e6950bd317dabe3b41bf7738c248e7ee)"
2013,BIRBHUM,BOLPUR-SRINIKETAN,RUPPUR,"doi:10.7910/DVN/ZHF9WC datafile 10396541 (r3-all-2013.csv.gz, md5 e6950bd317dabe3b41bf7738c248e7ee)"
2013,BIRBHUM,BOLPUR-SRINIKETAN,SARPALEHANA-ALBANDHA,"doi:10.7910/DVN/ZHF9WC datafile 10396541 (r3-all-2013.csv.gz, md5 e6950bd317dabe3b41bf7738c248e7ee)"
2013,BIRBHUM,BOLPUR-SRINIKETAN,SATTOR,"doi:10.7910/DVN/ZHF9WC datafile 10396541 (r3-all-2013.csv.gz, md5 e6950bd317dabe3b41bf7738c248e7ee)"
2013,BIRBHUM,BOLPUR-SRINIKETAN,SIANMULUK,"doi:10.7910/DVN/ZHF9WC datafile 10396541 (r3-all-2013.csv.gz, md5 e6950bd317dabe3b41bf7738c248e7ee)"
2013,BIRBHUM,BOLPUR-SRINIKETAN,SINGHEE,"doi:10.7910/DVN/ZHF9WC datafile 10396541 (r3-all-2013.csv.gz, md5 e6950bd317dabe3b41bf7738c248e7ee)"
2013,24 PARGANAS SOUTH,BUDGE BUDGE-I,BUTA,"doi:10.7910/DVN/ZHF9WC datafile 10396541 (r3-all-2013.csv.gz, md5 e6950bd317dabe3b41bf7738c248e7ee)"
2013,24 PARGANAS SOUTH,BUDGE BUDGE-I,CHINGRIPOTA,"doi:10.7910/DVN/ZHF9WC datafile 10396541 (r3-all-2013.csv.gz, md5 e6950bd317dabe3b41bf7738c248e7ee)"
2013,24 PARGANAS SOUTH,BUDGE BUDGE-I,MAYAPUR,"doi:10.7910/DVN/ZHF9WC datafile 10396541 (r3-all-2013.csv.gz, md5 e6950bd317dabe3b41bf7738c248e7ee)"
2013,24 PARGANAS SOUTH,BUDGE BUDGE-I,NISCHINTAPUR,"doi:10.7910/DVN/ZHF9WC datafile 10396541 (r3-all-2013.csv.gz, md5 e6950bd317dabe3b41bf7738c248e7ee)"
2013,24 PARGANAS SOUTH,BUDGE BUDGE-I,RAJIBPUR,"doi:10.7910/DVN/ZHF9WC datafile 10396541 (r3-all-2013.csv.gz, md5 e6950bd317dabe3b41bf7738c248e7ee)"
2013,24 PARGANAS SOUTH,BUDGE BUDGE-I,UTTAR RAIPUR,"doi:10.7910/DVN/ZHF9WC datafile 10396541 (r3-all-2013.csv.gz, md5 e6950bd317dabe3b41bf7738c248e7ee)"
2013,24 PARGANAS SOUTH,BUDGE BUDGE-II,BURUL,"doi:10.7910/DVN/ZHF9WC datafile 10396541 (r3-all-2013.csv.gz, md5 e6950bd317dabe3b41bf7738c248e7ee)"
2013,24 PARGANAS SOUTH,BUDGE BUDGE-II,CHAKMANIK,"doi:10.7910/DVN/ZHF9WC datafile 10396541 (r3-all-2013.csv.gz, md5 e6950bd317dabe3b41bf7738c248e7ee)"
2013,24 PARGANAS SOUTH,BUDGE BUDGE-II,DONGARIA RAIPUR,"doi:10.7910/DVN/ZHF9WC datafile 10396541 (r3-all-2013.csv.gz, md5 e6950bd317dabe3b41bf7738c248e7ee)"
2013,24 PARGANAS SOUTH,BUDGE BUDGE-II,GAJA POYALI,"doi:10.7910/DVN/ZHF9WC datafile 10396541 (r3-all-2013.csv.gz, md5 e6950bd317dabe3b41bf7738c248e7ee)"
2013,24 PARGANAS SOUTH,BUDGE BUDGE-II,KAMRABAD,"doi:10.7910/DVN/ZHF9WC datafile 10396541 (r3-all-2013.csv.gz, md5 e6950bd317dabe3b41bf7738c248e7ee)"
2013,24 PARGANAS SOUTH,BUDGE BUDGE-II,KASIPUR ALAMPUR,"doi:10.7910/DVN/ZHF9WC datafile 10396541 (r3-all-2013.csv.gz, md5 e6950bd317dabe3b41bf7738c248e7ee)"
2013,24 PARGANAS SOUTH,BUDGE BUDGE-II,NASKARPUR,"doi:10.7910/DVN/ZHF9WC datafile 10396541 (r3-all-2013.csv.gz, md5 e6950bd317dabe3b41bf7738c248e7ee)"
2013,24 PARGANAS SOUTH,BUDGE BUDGE-II,NORTH BAOYALI,"doi:10.7910/DVN/ZHF9WC datafile 10396541 (r3-all-2013.csv.gz, md5 e6950bd317dabe3b41bf7738c248e7ee)"
2013,24 PARGANAS SOUTH,BUDGE BUDGE-II,RANIA,"doi:10.7910/DVN/ZHF9WC datafile 10396541 (r3-all-2013.csv.gz, md5 e6950bd317dabe3b41bf7738c248e7ee)"
2013,24 PARGANAS SOUTH,BUDGE BUDGE-II,SATGACHHIA,"doi:10.7910/DVN/ZHF9WC datafile 10396541 (r3-all-2013.csv.gz, md5 e6950bd317dabe3b41bf7738c248e7ee)"
2013,24 PARGANAS SOUTH,BUDGE BUDGE-II,SOUTH BAOYALI,"doi:10.7910/DVN/ZHF9WC datafile 10396541 (r3-all-2013.csv.gz, md5 e6950bd317dabe3b41bf7738c248e7ee)"
2013,PURULIA,BUNDWAN,BANDWAN,"doi:10.7910/DVN/ZHF9WC datafile 10396541 (r3-all-2013.csv.gz, md5 e6950bd317dabe3b41bf7738c248e7ee)"
2013,PURULIA,BUNDWAN,CHIRUDIH,"doi:10.7910/DVN/ZHF9WC datafile 10396541 (r3-all-2013.csv.gz, md5 e6950bd317dabe3b41bf7738c248e7ee)"
2013,PURULIA,BUNDWAN,DHADKA,"doi:10.7910/DVN/ZHF9WC datafile 10396541 (r3-all-2013.csv.gz, md5 e6950bd317dabe3b41bf7738c248e7ee)"
2013,PURULIA,BUNDWAN,GURUR,"doi:10.7910/DVN/ZHF9WC datafile 10396541 (r3-all-2013.csv.gz, md5 e6950bd317dabe3b41bf7738c248e7ee)"
2013,PURULIA,BUNDWAN,KUCHIA,"doi:10.7910/DVN/ZHF9WC datafile 10396541 (r3-all-2013.csv.gz, md5 e6950bd317dabe3b41bf7738c248e7ee)"
2013,PURULIA,BUNDWAN,KUILAPAL,"doi:10.7910/DVN/ZHF9WC datafile 10396541 (r3-all-2013.csv.gz, md5 e6950bd317dabe3b41bf7738c248e7ee)"
2013,PURULIA,BUNDWAN,KUMRA,"doi:10.7910/DVN/ZHF9WC datafile 10396541 (r3-all-2013.csv.gz, md5 e6950bd317dabe3b41bf7738c248e7ee)"
2013,PURULIA,BUNDWAN,SUPUDIH,"doi:10.7910/DVN/ZHF9WC datafile 10396541 (r3-all-2013.csv.gz, md5 e6950bd317dabe3b41bf7738c248e7ee)"
2013,PASCHIM BARDHAMAN,BURDWAN-I,BAGHAR-I,"doi:10.7910/DVN/ZHF9WC datafile 10396541 (r3-all-2013.csv.gz, md5 e6950bd317dabe3b41bf7738c248e7ee)"
2013,PASCHIM BARDHAMAN,BURDWAN-I,BAGHAR-II,"doi:10.7910/DVN/ZHF9WC datafile 10396541 (r3-all-2013.csv.gz, md5 e6950bd317dabe3b41bf7738c248e7ee)"
2013,PASCHIM BARDHAMAN,BURDWAN-I,BELKASH,"doi:10.7910/DVN/ZHF9WC datafile 10396541 (r3-all-2013.csv.gz, md5 e6950bd317dabe3b41bf7738c248e7ee)"
2013,PASCHIM BARDHAMAN,BURDWAN-I,BONDUL-I,"doi:10.7910/DVN/ZHF9WC datafile 10396541 (r3-all-2013.csv.gz, md5 e6950bd317dabe3b41bf7738c248e7ee)"
2013,PASCHIM BARDHAMAN,BURDWAN-I,KSHETIA,"doi:10.7910/DVN/ZHF9WC datafile 10396541 (r3-all-2013.csv.gz, md5 e6950bd317dabe3b41bf7738c248e7ee)"
2013,PASCHIM BARDHAMAN,BURDWAN-I,KURMUN-I,"doi:10.7910/DVN/ZHF9WC datafile 10396541 (r3-all-2013.csv.gz, md5 e6950bd317dabe3b41bf7738c248e7ee)"
2013,PASCHIM BARDHAMAN,BURDWAN-I,RAYAN-I,"doi:10.7910/DVN/ZHF9WC datafile 10396541 (r3-all-2013.csv.gz, md5 e6950bd317dabe3b41bf7738c248e7ee)"
2013,PASCHIM BARDHAMAN,BURDWAN-I,RAYAN-II,"doi:10.7910/DVN/ZHF9WC datafile 10396541 (r3-all-2013.csv.gz, md5 e6950bd317dabe3b41bf7738c248e7ee)"
2013,PASCHIM BARDHAMAN,BURDWAN-I,SARAITIKAR,"doi:10.7910/DVN/ZHF9WC datafile 10396541 (r3-all-2013.csv.gz, md5 e6950bd317dabe3b41bf7738c248e7ee)"
2013,PASCHIM BARDHAMAN,BURDWAN-II,BAIKUNTHAPUR-I,"doi:10.7910/DVN/ZHF9WC datafile 10396541 (r3-all-2013.csv.gz, md5 e6950bd317dabe3b41bf7738c248e7ee)"
2013,PASCHIM BARDHAMAN,BURDWAN-II,BAIKUNTHAPUR-II,"doi:10.7910/DVN/ZHF9WC datafile 10396541 (r3-all-2013.csv.gz, md5 e6950bd317dabe3b41bf7738c248e7ee)"
2013,PASCHIM BARDHAMAN,BURDWAN-II,BARSUL-I,"doi:10.7910/DVN/ZHF9WC datafile 10396541 (r3-all-2013.csv.gz, md5 e6950bd317dabe3b41bf7738c248e7ee)"
2013,PASCHIM BARDHAMAN,BURDWAN-II,BARSUL-II,"doi:10.7910/DVN/ZHF9WC datafile 10396541 (r3-all-2013.csv.gz, md5 e6950bd317dabe3b41bf7738c248e7ee)"
2013,PASCHIM BARDHAMAN,BURDWAN-II,BONDUL-II,"doi:10.7910/DVN/ZHF9WC datafile 10396541 (r3-all-2013.csv.gz, md5 e6950bd317dabe3b41bf7738c248e7ee)"
2013,PASCHIM BARDHAMAN,BURDWAN-II,GOBINDAPUR,"doi:10.7910/DVN/ZHF9WC datafile 10396541 (r3-all-2013.csv.gz, md5 e6950bd317dabe3b41bf7738c248e7ee)"
2013,PASCHIM BARDHAMAN,BURDWAN-II,KURMUN-II,"doi:10.7910/DVN/ZHF9WC datafile 10396541 (r3-all-2013.csv.gz, md5 e6950bd317dabe3b41bf7738c248e7ee)"
2013,PASCHIM BARDHAMAN,BURDWAN-II,NABASTHA-I,"doi:10.7910/DVN/ZHF9WC datafile 10396541 (r3-all-2013.csv.gz, md5 e6950bd317dabe3b41bf7738c248e7ee)"
2013,PASCHIM BARDHAMAN,BURDWAN-II,NABASTHA-II,"doi:10.7910/DVN/ZHF9WC datafile 10396541 (r3-all-2013.csv.gz, md5 e6950bd317dabe3b41bf7738c248e7ee)"
2013,MURSHIDABAD,BURWAN,BIPRASEKHAR,"doi:10.7910/DVN/ZHF9WC datafile 10396541 (r3-all-2013.csv.gz, md5 e6950bd317dabe3b41bf7738c248e7ee)"
2013,MURSHIDABAD,BURWAN,BURWAN-I,"doi:10.7910/DVN/ZHF9WC datafile 10396541 (r3-all-2013.csv.gz, md5 e6950bd317dabe3b41bf7738c248e7ee)"
2013,MURSHIDABAD,BURWAN,BURWAN-II,"doi:10.7910/DVN/ZHF9WC datafile 10396541 (r3-all-2013.csv.gz, md5 e6950bd317dabe3b41bf7738c248e7ee)"
2013,MURSHIDABAD,BURWAN,KALYANPUR-I,"doi:10.7910/DVN/ZHF9WC datafile 10396541 (r3-all-2013.csv.gz, md5 e6950bd317dabe3b41bf7738c248e7ee)"
2013,MURSHIDABAD,BURWAN,KALYANPUR-II,"doi:10.7910/DVN/ZHF9WC datafile 10396541 (r3-all-2013.csv.gz, md5 e6950bd317dabe3b41bf7738c248e7ee)"
2013,MURSHIDABAD,BURWAN,KHARJUNA,"doi:10.7910/DVN/ZHF9WC datafile 10396541 (r3-all-2013.csv.gz, md5 e6950bd317dabe3b41bf7738c248e7ee)"
2013,MURSHIDABAD,BURWAN,KULI,"doi:10.7910/DVN/ZHF9WC datafile 10396541 (r3-all-2013.csv.gz, md5 e6950bd317dabe3b41bf7738c248e7ee)"
2013,MURSHIDABAD,BURWAN,KURUNNORUN,"doi:10.7910/DVN/ZHF9WC datafile 10396541 (r3-all-2013.csv.gz, md5 e6950bd317dabe3b41bf7738c248e7ee)"
2013,MURSHIDABAD,BURWAN,PANCHTHUPI,"doi:10.7910/DVN/ZHF9WC datafile 10396541 (r3-all-2013.csv.gz, md5 e6950bd317dabe3b41bf7738c248e7ee)"
2013,MURSHIDABAD,BURWAN,SABALDAHA,"doi:10.7910/DVN/ZHF9WC datafile 10396541 (r3-all-2013.csv.gz, md5 e6950bd317dabe3b41bf7738c248e7ee)"
2013,MURSHIDABAD,BURWAN,SABALPUR,"doi:10.7910/DVN/ZHF9WC datafile 10396541 (r3-all-2013.csv.gz, md5 e6950bd317dabe3b41bf7738c248e7ee)"
2013,MURSHIDABAD,BURWAN,SAHORA,"doi:10.7910/DVN/ZHF9WC datafile 10396541 (r3-all-2013.csv.gz, md5 e6950bd317dabe3b41bf7738c248e7ee)"
2013,MURSHIDABAD,BURWAN,SUNDARPUR,"doi:10.7910/DVN/ZHF9WC datafile 10396541 (r3-all-2013.csv.gz, md5 e6950bd317dabe3b41bf7738c248e7ee)"
2013,DINAJPUR DAKSHIN,Balurghat,AMRITAKHAND,"doi:10.7910/DVN/ZHF9WC datafile 10396541 (r3-all-2013.csv.gz, md5 e6950bd317dabe3b41bf7738c248e7ee)"
2013,DINAJPUR DAKSHIN,Balurghat,BOALDAR,"doi:10.7910/DVN/ZHF9WC datafile 10396541 (r3-all-2013.csv.gz, md5 e6950bd317dabe3b41bf7738c248e7ee)"
2013,DINAJPUR DAKSHIN,Balurghat,BOLLA,"doi:10.7910/DVN/ZHF9WC datafile 10396541 (r3-all-2013.csv.gz, md5 e6950bd317dabe3b41bf7738c248e7ee)"
2013,DINAJPUR DAKSHIN,Balurghat,CHAKVRIGU,"doi:10.7910/DVN/ZHF9WC datafile 10396541 (r3-all-2013.csv.gz, md5 e6950bd317dabe3b41bf7738c248e7ee)"
2013,DINAJPUR DAKSHIN,Balurghat,CHINGISHPUR,"doi:10.7910/DVN/ZHF9WC datafile 10396541 (r3-all-2013.csv.gz, md5 e6950bd317dabe3b41bf7738c248e7ee)"
2013,DINAJPUR DAKSHIN,Balurghat,DANGA,"doi:10.7910/DVN/ZHF9WC datafile 10396541 (r3-all-2013.csv.gz, md5 e6950bd317dabe3b41bf7738c248e7ee)"
2013,DINAJPUR DAKSHIN,Balurghat,GOPALBATI,"doi:10.7910/DVN/ZHF9WC datafile 10396541 (r3-all-2013.csv.gz, md5 e6950bd317dabe3b41bf7738c248e7ee)"
2013,DINAJPUR DAKSHIN,Balurghat,JALGHAR,"doi:10.7910/DVN/ZHF9WC datafile 10396541 (r3-all-2013.csv.gz, md5 e6950bd317dabe3b41bf7738c248e7ee)"
2013,DINAJPUR DAKSHIN,Balurghat,NAJIRPUR,"doi:10.7910/DVN/ZHF9WC datafile 10396541 (r3-all-2013.csv.gz, md5 e6950bd317dabe3b41bf7738c248e7ee)"
2013,DINAJPUR DAKSHIN,Balurghat,PATRIRAM,"doi:10.7910/DVN/ZHF9WC datafile 10396541 (r3-all-2013.csv.gz, md5 e6950bd317dabe3b41bf7738c248e7ee)"
2013,DINAJPUR DAKSHIN,Balurghat,VATPARA,"doi:10.7910/DVN/ZHF9WC datafile 10396541 (r3-all-2013.csv.gz, md5 e6950bd317dabe3b41bf7738c248e7ee)"
2013,DINAJPUR DAKSHIN,Bansihari,BRAJABALLAVPUR,"doi:10.7910/DVN/ZHF9WC datafile 10396541 (r3-all-2013.csv.gz, md5 e6950bd317dabe3b41bf7738c248e7ee)"
2013,DINAJPUR DAKSHIN,Bansihari,ELLAHABAD,"doi:10.7910/DVN/ZHF9WC datafile 10396541 (r3-all-2013.csv.gz, md5 e6950bd317dabe3b41bf7738c248e7ee)"
2013,DINAJPUR DAKSHIN,Bansihari,GANGURIA,"doi:10.7910/DVN/ZHF9WC datafile 10396541 (r3-all-2013.csv.gz, md5 e6950bd317dabe3b41bf7738c248e7ee)"
2013,DINAJPUR DAKSHIN,Bansihari,MAHABARI,"doi:10.7910/DVN/ZHF9WC datafile 10396541 (r3-all-2013.csv.gz, md5 e6950bd317dabe3b41bf7738c248e7ee)"
2013,DINAJPUR DAKSHIN,Bansihari,SHIBPUR,"doi:10.7910/DVN/ZHF9WC datafile 10396541 (r3-all-2013.csv.gz, md5 e6950bd317dabe3b41bf7738c248e7ee)"
2013,24 PARGANAS SOUTH,CANNING-I,BANSRA,"doi:10.7910/DVN/ZHF9WC datafile 10396541 (r3-all-2013.csv.gz, md5 e6950bd317dabe3b41bf7738c248e7ee)"
2013,24 PARGANAS SOUTH,CANNING-I,DARIA,"doi:10.7910/DVN/ZHF9WC datafile 10396541 (r3-all-2013.csv.gz, md5 e6950bd317dabe3b41bf7738c248e7ee)"
2013,24 PARGANAS SOUTH,CANNING-I,DIGHIRPAR,"doi:10.7910/DVN/ZHF9WC datafile 10396541 (r3-all-2013.csv.gz, md5 e6950bd317dabe3b41bf7738c248e7ee)"
2013,24 PARGANAS SOUTH,CANNING-I,GOPALPUR,"doi:10.7910/DVN/ZHF9WC datafile 10396541 (r3-all-2013.csv.gz, md5 e6950bd317dabe3b41bf7738c248e7ee)"
2013,24 PARGANAS SOUTH,CANNING-I,HATPUKURIA,"doi:10.7910/DVN/ZHF9WC datafile 10396541 (r3-all-2013.csv.gz, md5 e6950bd317dabe3b41bf7738c248e7ee)"
2013,24 PARGANAS SOUTH,CANNING-I,ITKHOLA,"doi:10.7910/DVN/ZHF9WC datafile 10396541 (r3-all-2013.csv.gz, md5 e6950bd317dabe3b41bf7738c248e7ee)"
2013,24 PARGANAS SOUTH,CANNING-I,MATLA-I,"doi:10.7910/DVN/ZHF9WC datafile 10396541 (r3-all-2013.csv.gz, md5 e6950bd317dabe3b41bf7738c248e7ee)"
2013,24 PARGANAS SOUTH,CANNING-I,MATLA-II,"doi:10.7910/DVN/ZHF9WC datafile 10396541 (r3-all-2013.csv.gz, md5 e6950bd317dabe3b41bf7738c248e7ee)"
2013,24 PARGANAS SOUTH,CANNING-I,NIKARIGHATA,"doi:10.7910/DVN/ZHF9WC datafile 10396541 (r3-all-2013.csv.gz, md5 e6950bd317dabe3b41bf7738c248e7ee)"
2013,24 PARGANAS SOUTH,CANNING-I,TALDI,"doi:10.7910/DVN/ZHF9WC datafile 10396541 (r3-all-2013.csv.gz, md5 e6950bd317dabe3b41bf7738c248e7ee)"
2013,24 PARGANAS SOUTH,CANNING-II,ATHAROBANDI,"doi:10.7910/DVN/ZHF9WC datafile 10396541 (r3-all-2013.csv.gz, md5 e6950bd317dabe3b41bf7738c248e7ee)"
2013,24 PARGANAS SOUTH,CANNING-II,DEULI-I,"doi:10.7910/DVN/ZHF9WC datafile 10396541 (r3-all-2013.csv.gz, md5 e6950bd317dabe3b41bf7738c248e7ee)"
2013,24 PARGANAS SOUTH,CANNING-II,DEULI-II,"doi:10.7910/DVN/ZHF9WC datafile 10396541 (r3-all-2013.csv.gz, md5 e6950bd317dabe3b41bf7738c248e7ee)"
2013,24 PARGANAS SOUTH,CANNING-II,KALIKATALA,"doi:10.7910/DVN/ZHF9WC datafile 10396541 (r3-all-2013.csv.gz, md5 e6950bd317dabe3b41bf7738c248e7ee)"
2013,24 PARGANAS SOUTH,CANNING-II,MATHERDIGHI,"doi:10.7910/DVN/ZHF9WC datafile 10396541 (r3-all-2013.csv.gz, md5 e6950bd317dabe3b41bf7738c248e7ee)"
2013,24 PARGANAS SOUTH,CANNING-II,NARAYANPUR,"doi:10.7910/DVN/ZHF9WC datafile 10396541 (r3-all-2013.csv.gz, md5 e6950bd317dabe3b41bf7738c248e7ee)"
2013,24 PARGANAS SOUTH,CANNING-II,SARENGABAD,"doi:10.7910/DVN/ZHF9WC datafile 10396541 (r3-all-2013.csv.gz, md5 e6950bd317dabe3b41bf7738c248e7ee)"
2013,24 PARGANAS SOUTH,CANNING-II,TAMBULDAHA-I,"doi:10.7910/DVN/ZHF9WC datafile 10396541 (r3-all-2013.csv.gz, md5 e6950bd317dabe3b41bf7738c248e7ee)"
2013,24 PARGANAS SOUTH,CANNING-II,TAMBULDAHA-II,"doi:10.7910/DVN/ZHF9WC datafile 10396541 (r3-all-2013.csv.gz, md5 e6950bd317dabe3b41bf7738c248e7ee)"
2013,NADIA,CHAKDAH,CHANDURIA-I,"doi:10.7910/DVN/ZHF9WC datafile 10396541 (r3-all-2013.csv.gz, md5 e6950bd317dabe3b41bf7738c248e7ee)"
2013,NADIA,CHAKDAH,CHANDURIA-II,"doi:10.7910/DVN/ZHF9WC datafile 10396541 (r3-all-2013.csv.gz, md5 e6950bd317dabe3b41bf7738c248e7ee)"
2013,NADIA,CHAKDAH,DEWLI,"doi:10.7910/DVN/ZHF9WC datafile 10396541 (r3-all-2013.csv.gz, md5 e6950bd317dabe3b41bf7738c248e7ee)"
2013,NADIA,CHAKDAH,DUBRA,"doi:10.7910/DVN/ZHF9WC datafile 10396541 (r3-all-2013.csv.gz, md5 e6950bd317dabe3b41bf7738c248e7ee)"
2013,NADIA,CHAKDAH,GHETUGACHHI,"doi:10.7910/DVN/ZHF9WC datafile 10396541 (r3-all-2013.csv.gz, md5 e6950bd317dabe3b41bf7738c248e7ee)"
2013,NADIA,CHAKDAH,HINGNARA,"doi:10.7910/DVN/ZHF9WC datafile 10396541 (r3-all-2013.csv.gz, md5 e6950bd317dabe3b41bf7738c248e7ee)"
2013,NADIA,CHAKDAH,KANCHARAPARA,"doi:10.7910/DVN/ZHF9WC datafile 10396541 (r3-all-2013.csv.gz, md5 e6950bd317dabe3b41bf7738c248e7ee)"
2013,NADIA,CHAKDAH,MADANPUR-I,"doi:10.7910/DVN/ZHF9WC datafile 10396541 (r3-all-2013.csv.gz, md5 e6950bd317dabe3b41bf7738c248e7ee)"
2013,NADIA,CHAKDAH,MADANPUR-II,"doi:10.7910/DVN/ZHF9WC datafile 10396541 (r3-all-2013.csv.gz, md5 e6950bd317dabe3b41bf7738c248e7ee)"
2013,NADIA,CHAKDAH,RAUTARI,"doi:10.7910/DVN/ZHF9WC datafile 10396541 (r3-all-2013.csv.gz, md5 e6950bd317dabe3b41bf7738c248e7ee)"
2013,NADIA,CHAKDAH,SAGUNA,"doi:10.7910/DVN/ZHF9WC datafile 10396541 (r3-all-2013.csv.gz, md5 e6950bd317dabe3b41bf7738c248e7ee)"
2013,NADIA,CHAKDAH,SARATI,"doi:10.7910/DVN/ZHF9WC datafile 10396541 (r3-all-2013.csv.gz, md5 e6950bd317dabe3b41bf7738c248e7ee)"
2013,NADIA,CHAKDAH,SILINDA-I,"doi:10.7910/DVN/ZHF9WC datafile 10396541 (r3-all-2013.csv.gz, md5 e6950bd317dabe3b41bf7738c248e7ee)"
2013,NADIA,CHAKDAH,SILINDA-II,"doi:10.7910/DVN/ZHF9WC datafile 10396541 (r3-all-2013.csv.gz, md5 e6950bd317dabe3b41bf7738c248e7ee)"
2013,NADIA,CHAKDAH,SIMURALI,"doi:10.7910/DVN/ZHF9WC datafile 10396541 (r3-all-2013.csv.gz, md5 e6950bd317dabe3b41bf7738c248e7ee)"
2013,NADIA,CHAKDAH,TATLA-I,"doi:10.7910/DVN/ZHF9WC datafile 10396541 (r3-all-2013.csv.gz, md5 e6950bd317dabe3b41bf7738c248e7ee)"
2013,NADIA,CHAKDAH,TATLA-II,"doi:10.7910/DVN/ZHF9WC datafile 10396541 (r3-all-2013.csv.gz, md5 e6950bd317dabe3b41bf7738c248e7ee)"
2013,MALDAH,CHANCHAL-I,ALIHANDA,"doi:10.7910/DVN/ZHF9WC datafile 10396541 (r3-all-2013.csv.gz, md5 e6950bd317dabe3b41bf7738c248e7ee)"
2013,MALDAH,CHANCHAL-I,BHAGABANPUR,"doi:10.7910/DVN/ZHF9WC datafile 10396541 (r3-all-2013.csv.gz, md5 e6950bd317dabe3b41bf7738c248e7ee)"
2013,MALDAH,CHANCHAL-I,CHANCHOL,"doi:10.7910/DVN/ZHF9WC datafile 10396541 (r3-all-2013.csv.gz, md5 e6950bd317dabe3b41bf7738c248e7ee)"
2013,MALDAH,CHANCHAL-I,KALIGRAM,"doi:10.7910/DVN/ZHF9WC datafile 10396541 (r3-all-2013.csv.gz, md5 e6950bd317dabe3b41bf7738c248e7ee)"
2013,MALDAH,CHANCHAL-I,KHARBA,"doi:10.7910/DVN/ZHF9WC datafile 10396541 (r3-all-2013.csv.gz, md5 e6950bd317dabe3b41bf7738c248e7ee)"
2013,MALDAH,CHANCHAL-I,MAHANANDAPUR,"doi:10.7910/DVN/ZHF9WC datafile 10396541 (r3-all-2013.csv.gz, md5 e6950bd317dabe3b41bf7738c248e7ee)"
2013,MALDAH,CHANCHAL-I,MAKDAMPUR,"doi:10.7910/DVN/ZHF9WC datafile 10396541 (r3-all-2013.csv.gz, md5 e6950bd317dabe3b41bf7738c248e7ee)"
2013,MALDAH,CHANCHAL-I,MOTIHARPUR,"doi:10.7910/DVN/ZHF9WC datafile 10396541 (r3-all-2013.csv.gz, md5 e6950bd317dabe3b41bf7738c248e7ee)"
2013,MALDAH,CHANCHAL-II,BHAKRI,"doi:10.7910/DVN/ZHF9WC datafile 10396541 (r3-all-2013.csv.gz, md5 e6950bd317dabe3b41bf7738c248e7ee)"
2013,MALDAH,CHANCHAL-II,CHANDRAPARA,"doi:10.7910/DVN/ZHF9WC datafile 10396541 (r3-all-2013.csv.gz, md5 e6950bd317dabe3b41bf7738c248e7ee)"
2013,MALDAH,CHANCHAL-II,DHANGARA-BISHANPUR,"doi:10.7910/DVN/ZHF9WC datafile 10396541 (r3-all-2013.csv.gz, md5 e6950bd317dabe3b41bf7738c248e7ee)"
2013,MALDAH,CHANCHAL-II,GOURHANDA,"doi:10.7910/DVN/ZHF9WC datafile 10396541 (r3-all-2013.csv.gz, md5 e6950bd317dabe3b41bf7738c248e7ee)"
2013,MALDAH,CHANCHAL-II,JALALPUR,"doi:10.7910/DVN/ZHF9WC datafile 10396541 (r3-all-2013.csv.gz, md5 e6950bd317dabe3b41bf7738c248e7ee)"
2013,MALDAH,CHANCHAL-II,KSHEMPUR,"doi:10.7910/DVN/ZHF9WC datafile 10396541 (r3-all-2013.csv.gz, md5 e6950bd317dabe3b41bf7738c248e7ee)"
2013,MALDAH,CHANCHAL-II,MALATIPUR,"doi:10.7910/DVN/ZHF9WC datafile 10396541 (r3-all-2013.csv.gz, md5 e6950bd317dabe3b41bf7738c248e7ee)"
2013,PURBA MEDINIPUR,CHANDIPUR,BRAJALALCHAK,"doi:10.7910/DVN/ZHF9WC datafile 10396541 (r3-all-2013.csv.gz, md5 e6950bd317dabe3b41bf7738c248e7ee)"
2013,PURBA MEDINIPUR,CHANDIPUR,BRINDABANPUR-I,"doi:10.7910/DVN/ZHF9WC datafile 10396541 (r3-all-2013.csv.gz, md5 e6950bd317dabe3b41bf7738c248e7ee)"
2013,PURBA MEDINIPUR,CHANDIPUR,BRINDABANPUR-II,"doi:10.7910/DVN/ZHF9WC datafile 10396541 (r3-all-2013.csv.gz, md5 e6950bd317dabe3b41bf7738c248e7ee)"
2013,PURBA MEDINIPUR,CHANDIPUR,CHOWKHALI,"doi:10.7910/DVN/ZHF9WC datafile 10396541 (r3-all-2013.csv.gz, md5 e6950bd317dabe3b41bf7738c248e7ee)"
2013,PURBA MEDINIPUR,CHANDIPUR,DIBAKARPUR,"doi:10.7910/DVN/ZHF9WC datafile 10396541 (r3-all-2013.csv.gz, md5 e6950bd317dabe3b41bf7738c248e7ee)"
2013,PURBA MEDINIPUR,CHANDIPUR,ISWARPUR,"doi:10.7910/DVN/ZHF9WC datafile 10396541 (r3-all-2013.csv.gz, md5 e6950bd317dabe3b41bf7738c248e7ee)"
2013,PURBA MEDINIPUR,CHANDIPUR,JALPAI,"doi:10.7910/DVN/ZHF9WC datafile 10396541 (r3-all-2013.csv.gz, md5 e6950bd317dabe3b41bf7738c248e7ee)"
2013,PURBA MEDINIPUR,CHANDIPUR,KULBARI,"doi:10.7910/DVN/ZHF9WC datafile 10396541 (r3-all-2013.csv.gz, md5 e6950bd317dabe3b41bf7738c248e7ee)"
2013,PURBA MEDINIPUR,CHANDIPUR,NANDAPURBARAGHUNI,"doi:10.7910/DVN/ZHF9WC datafile 10396541 (r3-all-2013.csv.gz, md5 e6950bd317dabe3b41bf7738c248e7ee)"
2013,PURBA MEDINIPUR,CHANDIPUR,USMANPUR,"doi:10.7910/DVN/ZHF9WC datafile 10396541 (r3-all-2013.csv.gz, md5 e6950bd317dabe3b41bf7738c248e7ee)"
2013,HOOGHLY,CHANDITALA-I,AINYA,"doi:10.7910/DVN/ZHF9WC datafile 10396541 (r3-all-2013.csv.gz, md5 e6950bd317dabe3b41bf7738c248e7ee)"
2013,HOOGHLY,CHANDITALA-I,BHAGABATIPUR,"doi:10.7910/DVN/ZHF9WC datafile 10396541 (r3-all-2013.csv.gz, md5 e6950bd317dabe3b41bf7738c248e7ee)"
2013,HOOGHLY,CHANDITALA-I,GANGADHARPUR,"doi:10.7910/DVN/ZHF9WC datafile 10396541 (r3-all-2013.csv.gz, md5 e6950bd317dabe3b41bf7738c248e7ee)"
2013,HOOGHLY,CHANDITALA-I,HARIPUR,"doi:10.7910/DVN/ZHF9WC datafile 10396541 (r3-all-2013.csv.gz, md5 e6950bd317dabe3b41bf7738c248e7ee)"
2013,HOOGHLY,CHANDITALA-I,KRISHNARAMPUR,"doi:10.7910/DVN/ZHF9WC datafile 10396541 (r3-all-2013.csv.gz, md5 e6950bd317dabe3b41bf7738c248e7ee)"
2013,HOOGHLY,CHANDITALA-I,KUMIRMORE,"doi:10.7910/DVN/ZHF9WC datafile 10396541 (r3-all-2013.csv.gz, md5 e6950bd317dabe3b41bf7738c248e7ee)"
2013,HOOGHLY,CHANDITALA-I,MASAT,"doi:10.7910/DVN/ZHF9WC datafile 10396541 (r3-all-2013.csv.gz, md5 e6950bd317dabe3b41bf7738c248e7ee)"
2013,HOOGHLY,CHANDITALA-I,NABABPUR,"doi:10.7910/DVN/ZHF9WC datafile 10396541 (r3-all-2013.csv.gz, md5 e6950bd317dabe3b41bf7738c248e7ee)"
2013,HOOGHLY,CHANDITALA-I,SHIYAKHALA,"doi:10.7910/DVN/ZHF9WC datafile 10396541 (r3-all-2013.csv.gz, md5 e6950bd317dabe3b41bf7738c248e7ee)"
2013,HOOGHLY,CHANDITALA-II,BAKSA,"doi:10.7910/DVN/ZHF9WC datafile 10396541 (r3-all-2013.csv.gz, md5 e6950bd317dabe3b41bf7738c248e7ee)"
2013,HOOGHLY,CHANDITALA-II,BARIJHATI,"doi:10.7910/DVN/ZHF9WC datafile 10396541 (r3-all-2013.csv.gz, md5 e6950bd317dabe3b41bf7738c248e7ee)"
2013,HOOGHLY,CHANDITALA-II,BEGUMPUR,"doi:10.7910/DVN/ZHF9WC datafile 10396541 (r3-all-2013.csv.gz, md5 e6950bd317dabe3b41bf7738c248e7ee)"
2013,HOOGHLY,CHANDITALA-II,CHANDITALA,"doi:10.7910/DVN/ZHF9WC datafile 10396541 (r3-all-2013.csv.gz, md5 e6950bd317dabe3b41bf7738c248e7ee)"
2013,HOOGHLY,CHANDITALA-II,GARALGACHHA,"doi:10.7910/DVN/ZHF9WC datafile 10396541 (r3-all-2013.csv.gz, md5 e6950bd317dabe3b41bf7738c248e7ee)"
2013,HOOGHLY,CHANDITALA-II,JANAI,"doi:10.7910/DVN/ZHF9WC datafile 10396541 (r3-all-2013.csv.gz, md5 e6950bd317dabe3b41bf7738c248e7ee)"
2013,HOOGHLY,CHANDITALA-II,KAPASARIA,"doi:10.7910/DVN/ZHF9WC datafile 10396541 (r3-all-2013.csv.gz, md5 e6950bd317dabe3b41bf7738c248e7ee)"
2013,HOOGHLY,CHANDITALA-II,NAITI,"doi:10.7910/DVN/ZHF9WC datafile 10396541 (r3-all-2013.csv.gz, md5 e6950bd317dabe3b41bf7738c248e7ee)"
2013,HOOGHLY,CHANDITALA-II,PANCHGHORA,"doi:10.7910/DVN/ZHF9WC datafile 10396541 (r3-all-2013.csv.gz, md5 e6950bd317dabe3b41bf7738c248e7ee)"
2013,PASCHIM MEDINIPUR,CHANDRAKONA-I,JARA,"doi:10.7910/DVN/ZHF9WC datafile 10396541 (r3-all-2013.csv.gz, md5 e6950bd317dabe3b41bf7738c248e7ee)"
2013,PASCHIM MEDINIPUR,CHANDRAKONA-I,LAKSHMIPUR,"doi:10.7910/DVN/ZHF9WC datafile 10396541 (r3-all-2013.csv.gz, md5 e6950bd317dabe3b41bf7738c248e7ee)"
2013,PASCHIM MEDINIPUR,CHANDRAKONA-I,MANGRUL,"doi:10.7910/DVN/ZHF9WC datafile 10396541 (r3-all-2013.csv.gz, md5 e6950bd317dabe3b41bf7738c248e7ee)"
2013,PASCHIM MEDINIPUR,CHANDRAKONA-I,MANIKKUNDU,"doi:10.7910/DVN/ZHF9WC datafile 10396541 (r3-all-2013.csv.gz, md5 e6950bd317dabe3b41bf7738c248e7ee)"
2013,PASCHIM MEDINIPUR,CHANDRAKONA-I,MONOHARPUR-I,"doi:10.7910/DVN/ZHF9WC datafile 10396541 (r3-all-2013.csv.gz, md5 e6950bd317dabe3b41bf7738c248e7ee)"
2013,PASCHIM MEDINIPUR,CHANDRAKONA-I,MONOHARPUR-II,"doi:10.7910/DVN/ZHF9WC datafile 10396541 (r3-all-2013.csv.gz, md5 e6950bd317dabe3b41bf7738c248e7ee)"
2013,PASCHIM MEDINIPUR,CHANDRAKONA-II,BANDIPUR-I,"doi:10.7910/DVN/ZHF9WC datafile 10396541 (r3-all-2013.csv.gz, md5 e6950bd317dabe3b41bf7738c248e7ee)"
2013,PASCHIM MEDINIPUR,CHANDRAKONA-II,BANDIPUR-II,"doi:10.7910/DVN/ZHF9WC datafile 10396541 (r3-all-2013.csv.gz, md5 e6950bd317dabe3b41bf7738c248e7ee)"
2013,PASCHIM MEDINIPUR,CHANDRAKONA-II,BASANCHORA,"doi:10.7910/DVN/ZHF9WC datafile 10396541 (r3-all-2013.csv.gz, md5 e6950bd317dabe3b41bf7738c248e7ee)"
2013,PASCHIM MEDINIPUR,CHANDRAKONA-II,BHAGABANTAPUR-I,"doi:10.7910/DVN/ZHF9WC datafile 10396541 (r3-all-2013.csv.gz, md5 e6950bd317dabe3b41bf7738c248e7ee)"
2013,PASCHIM MEDINIPUR,CHANDRAKONA-II,BHAGABANTAPUR-II,"doi:10.7910/DVN/ZHF9WC datafile 10396541 (r3-all-2013.csv.gz, md5 e6950bd317dabe3b41bf7738c248e7ee)"
2013,PASCHIM MEDINIPUR,CHANDRAKONA-II,KUAPUR,"doi:10.7910/DVN/ZHF9WC datafile 10396541 (r3-all-2013.csv.gz, md5 e6950bd317dabe3b41bf7738c248e7ee)"
2013,NADIA,CHAPRA,ALFA,"doi:10.7910/DVN/ZHF9WC datafile 10396541 (r3-all-2013.csv.gz, md5 e6950bd317dabe3b41bf7738c248e7ee)"
2013,NADIA,CHAPRA,BAGBERIA,"doi:10.7910/DVN/ZHF9WC datafile 10396541 (r3-all-2013.csv.gz, md5 e6950bd317dabe3b41bf7738c248e7ee)"
2013,NADIA,CHAPRA,BRITTIHUDA,"doi:10.7910/DVN/ZHF9WC datafile 10396541 (r3-all-2013.csv.gz, md5 e6950bd317dabe3b41bf7738c248e7ee)"
2013,NADIA,CHAPRA,CHAPRA-I,"doi:10.7910/DVN/ZHF9WC datafile 10396541 (r3-all-2013.csv.gz, md5 e6950bd317dabe3b41bf7738c248e7ee)"
2013,NADIA,CHAPRA,CHAPRA-II,"doi:10.7910/DVN/ZHF9WC datafile 10396541 (r3-all-2013.csv.gz, md5 e6950bd317dabe3b41bf7738c248e7ee)"
2013,NADIA,CHAPRA,HATISALA-I,"doi:10.7910/DVN/ZHF9WC datafile 10396541 (r3-all-2013.csv.gz, md5 e6950bd317dabe3b41bf7738c248e7ee)"
2013,NADIA,CHAPRA,HATISALA-II,"doi:10.7910/DVN/ZHF9WC datafile 10396541 (r3-all-2013.csv.gz, md5 e6950bd317dabe3b41bf7738c248e7ee)"
2013,NADIA,CHAPRA,HATKHOLA,"doi:10.7910/DVN/ZHF9WC datafile 10396541 (r3-all-2013.csv.gz, md5 e6950bd317dabe3b41bf7738c248e7ee)"
2013,NADIA,CHAPRA,HRIDAYPUR,"doi:10.7910/DVN/ZHF9WC datafile 10396541 (r3-all-2013.csv.gz, md5 e6950bd317dabe3b41bf7738c248e7ee)"
2013,NADIA,CHAPRA,KALINGA,"doi:10.7910/DVN/ZHF9WC datafile 10396541 (r3-all-2013.csv.gz, md5 e6950bd317dabe3b41bf7738c248e7ee)"
2013,NADIA,CHAPRA,MAHATPUR,"doi:10.7910/DVN/ZHF9WC datafile 10396541 (r3-all-2013.csv.gz, md5 e6950bd317dabe3b41bf7738c248e7ee)"
2013,NADIA,CHAPRA,MAHESHPUR,"doi:10.7910/DVN/ZHF9WC datafile 10396541 (r3-all-2013.csv.gz, md5 e6950bd317dabe3b41bf7738c248e7ee)"
2013,NADIA,CHAPRA,PIPRAGACHHI,"doi:10.7910/DVN/ZHF9WC datafile 10396541 (r3-all-2013.csv.gz, md5 e6950bd317dabe3b41bf7738c248e7ee)"
2013,BANKURA,CHHATNA,ARRAH,"doi:10.7910/DVN/ZHF9WC datafile 10396541 (r3-all-2013.csv.gz, md5 e6950bd317dabe3b41bf7738c248e7ee)"
2013,BANKURA,CHHATNA,CHHATNA-I,"doi:10.7910/DVN/ZHF9WC datafile 10396541 (r3-all-2013.csv.gz, md5 e6950bd317dabe3b41bf7738c248e7ee)"
2013,BANKURA,CHHATNA,CHHATNA-II,"doi:10.7910/DVN/ZHF9WC datafile 10396541 (r3-all-2013.csv.gz, md5 e6950bd317dabe3b41bf7738c248e7ee)"
2013,BANKURA,CHHATNA,CHINABARI,"doi:10.7910/DVN/ZHF9WC datafile 10396541 (r3-all-2013.csv.gz, md5 e6950bd317dabe3b41bf7738c248e7ee)"
2013,BANKURA,CHHATNA,DHABAN,"doi:10.7910/DVN/ZHF9WC datafile 10396541 (r3-all-2013.csv.gz, md5 e6950bd317dabe3b41bf7738c248e7ee)"
2013,BANKURA,CHHATNA,GHOSERGRAM,"doi:10.7910/DVN/ZHF9WC datafile 10396541 (r3-all-2013.csv.gz, md5 e6950bd317dabe3b41bf7738c248e7ee)"
2013,BANKURA,CHHATNA,JAMTORA,"doi:10.7910/DVN/ZHF9WC datafile 10396541 (r3-all-2013.csv.gz, md5 e6950bd317dabe3b41bf7738c248e7ee)"
2013,BANKURA,CHHATNA,JHUNJHKA,"doi:10.7910/DVN/ZHF9WC datafile 10396541 (r3-all-2013.csv.gz, md5 e6950bd317dabe3b41bf7738c248e7ee)"
2013,BANKURA,CHHATNA,JIRRAH,"doi:10.7910/DVN/ZHF9WC datafile 10396541 (r3-all-2013.csv.gz, md5 e6950bd317dabe3b41bf7738c248e7ee)"
2013,BANKURA,CHHATNA,METYALA,"doi:10.7910/DVN/ZHF9WC datafile 10396541 (r3-all-2013.csv.gz, md5 e6950bd317dabe3b41bf7738c248e7ee)"
2013,BANKURA,CHHATNA,SALDIHA,"doi:10.7910/DVN/ZHF9WC datafile 10396541 (r3-all-2013.csv.gz, md5 e6950bd317dabe3b41bf7738c248e7ee)"
2013,BANKURA,CHHATNA,SUSUNIA,"doi:10.7910/DVN/ZHF9WC datafile 10396541 (r3-all-2013.csv.gz, md5 e6950bd317dabe3b41bf7738c248e7ee)"
2013,BANKURA,CHHATNA,TEGHARI,"doi:10.7910/DVN/ZHF9WC datafile 10396541 (r3-all-2013.csv.gz, md5 e6950bd317dabe3b41bf7738c248e7ee)"
2013,HOOGHLY,CHINSURAH-MOGRA,BANDEL,"doi:10.7910/DVN/ZHF9WC datafile 10396541 (r3-all-2013.csv.gz, md5 e6950bd317dabe3b41bf7738c248e7ee)"
2013,HOOGHLY,CHINSURAH-MOGRA,CHANDRAHATI-I,"doi:10.7910/DVN/ZHF9WC datafile 10396541 (r3-all-2013.csv.gz, md5 e6950bd317dabe3b41bf7738c248e7ee)"
2013,HOOGHLY,CHINSURAH-MOGRA,CHANDRAHATI-II,"doi:10.7910/DVN/ZHF9WC datafile 10396541 (r3-all-2013.csv.gz, md5 e6950bd317dabe3b41bf7738c248e7ee)"
2013,HOOGHLY,CHINSURAH-MOGRA,DEBANANDAPUR,"doi:10.7910/DVN/ZHF9WC datafile 10396541 (r3-all-2013.csv.gz, md5 e6950bd317dabe3b41bf7738c248e7ee)"
2013,HOOGHLY,CHINSURAH-MOGRA,DIGSUIHOYERA,"doi:10.7910/DVN/ZHF9WC datafile 10396541 (r3-all-2013.csv.gz, md5 e6950bd317dabe3b41bf7738c248e7ee)"
2013,HOOGHLY,CHINSURAH-MOGRA,KODALIA-I,"doi:10.7910/DVN/ZHF9WC datafile 10396541 (r3-all-2013.csv.gz, md5 e6950bd317dabe3b41bf7738c248e7ee)"
2013,HOOGHLY,CHINSURAH-MOGRA,KODALIA-II,"doi:10.7910/DVN/ZHF9WC datafile 10396541 (r3-all-2013.csv.gz, md5 e6950bd317dabe3b41bf7738c248e7ee)"
2013,HOOGHLY,CHINSURAH-MOGRA,MOGRA-I,"doi:10.7910/DVN/ZHF9WC datafile 10396541 (r3-all-2013.csv.gz, md5 e6950bd317dabe3b41bf7738c248e7ee)"
2013,HOOGHLY,CHINSURAH-MOGRA,MOGRA-II,"doi:10.7910/DVN/ZHF9WC datafile 10396541 (r3-all-2013.csv.gz, md5 e6950bd317dabe3b41bf7738c248e7ee)"
2013,HOOGHLY,CHINSURAH-MOGRA,SAPTAGRAM,"doi:10.7910/DVN/ZHF9WC datafile 10396541 (r3-all-2013.csv.gz, md5 e6950bd317dabe3b41bf7738c248e7ee)"
2013,DINAJPUR UTTAR,CHOPRA,CHOPRA,"doi:10.7910/DVN/ZHF9WC datafile 10396541 (r3-all-2013.csv.gz, md5 e6950bd317dabe3b41bf7738c248e7ee)"
2013,DINAJPUR UTTAR,CHOPRA,CHUTIAKHORE,"doi:10.7910/DVN/ZHF9WC datafile 10396541 (r3-all-2013.csv.gz, md5 e6950bd317dabe3b41bf7738c248e7ee)"
2013,DINAJPUR UTTAR,CHOPRA,DASPARA,"doi:10.7910/DVN/ZHF9WC datafile 10396541 (r3-all-2013.csv.gz, md5 e6950bd317dabe3b41bf7738c248e7ee)"
2013,DINAJPUR UTTAR,CHOPRA,GHIRNIGAON,"doi:10.7910/DVN/ZHF9WC datafile 10396541 (r3-all-2013.csv.gz, md5 e6950bd317dabe3b41bf7738c248e7ee)"
2013,DINAJPUR UTTAR,CHOPRA,HAPTIAGACHH,"doi:10.7910/DVN/ZHF9WC datafile 10396541 (r3-all-2013.csv.gz, md5 e6950bd317dabe3b41bf7738c248e7ee)"
2013,DINAJPUR UTTAR,CHOPRA,LAKHIPUR,"doi:10.7910/DVN/ZHF9WC datafile 10396541 (r3-all-2013.csv.gz, md5 e6950bd317dabe3b41bf7738c248e7ee)"
2013,DINAJPUR UTTAR,CHOPRA,MAJHIALI,"doi:10.7910/DVN/ZHF9WC datafile 10396541 (r3-all-2013.csv.gz, md5 e6950bd317dabe3b41bf7738c248e7ee)"
2013,DINAJPUR UTTAR,CHOPRA,SONAPUR,"doi:10.7910/DVN/ZHF9WC datafile 10396541 (r3-all-2013.csv.gz, md5 e6950bd317dabe3b41bf7738c248e7ee)"
2013,PURBA MEDINIPUR,CONTAI-I,BADALPUR,"doi:10.7910/DVN/ZHF9WC datafile 10396541 (r3-all-2013.csv.gz, md5 e6950bd317dabe3b41bf7738c248e7ee)"
2013,PURBA MEDINIPUR,CONTAI-I,DULALPUR,"doi:10.7910/DVN/ZHF9WC datafile 10396541 (r3-all-2013.csv.gz, md5 e6950bd317dabe3b41bf7738c248e7ee)"
2013,PURBA MEDINIPUR,CONTAI-I,HAIPUR,"doi:10.7910/DVN/ZHF9WC datafile 10396541 (r3-all-2013.csv.gz, md5 e6950bd317dabe3b41bf7738c248e7ee)"
2013,PURBA MEDINIPUR,CONTAI-I,MAHISHAGOT,"doi:10.7910/DVN/ZHF9WC datafile 10396541 (r3-all-2013.csv.gz, md5 e6950bd317dabe3b41bf7738c248e7ee)"
2013,PURBA MEDINIPUR,CONTAI-I,MAJILAPUR,"doi:10.7910/DVN/ZHF9WC datafile 10396541 (r3-all-2013.csv.gz, md5 e6950bd317dabe3b41bf7738c248e7ee)"
2013,PURBA MEDINIPUR,CONTAI-I,NAYAPUT,"doi:10.7910/DVN/ZHF9WC datafile 10396541 (r3-all-2013.csv.gz, md5 e6950bd317dabe3b41bf7738c248e7ee)"
2013,PURBA MEDINIPUR,CONTAI-I,RAIPUR-PASCHIMBARH,"doi:10.7910/DVN/ZHF9WC datafile 10396541 (r3-all-2013.csv.gz, md5 e6950bd317dabe3b41bf7738c248e7ee)"
2013,PURBA MEDINIPUR,CONTAI-I,SABAJPUT,"doi:10.7910/DVN/ZHF9WC datafile 10396541 (r3-all-2013.csv.gz, md5 e6950bd317dabe3b41bf7738c248e7ee)"
2013,PURBA MEDINIPUR,CONTAI-III,BHAJACHAULI,"doi:10.7910/DVN/ZHF9WC datafile 10396541 (r3-all-2013.csv.gz, md5 e6950bd317dabe3b41bf7738c248e7ee)"
2013,PURBA MEDINIPUR,CONTAI-III,DEBENDRA,"doi:10.7910/DVN/ZHF9WC datafile 10396541 (r3-all-2013.csv.gz, md5 e6950bd317dabe3b41bf7738c248e7ee)"
2013,PURBA MEDINIPUR,CONTAI-III,DURMUTH,"doi:10.7910/DVN/ZHF9WC datafile 10396541 (r3-all-2013.csv.gz, md5 e6950bd317dabe3b41bf7738c248e7ee)"
2013,PURBA MEDINIPUR,CONTAI-III,KANAIDIGHI,"doi:10.7910/DVN/ZHF9WC datafile 10396541 (r3-all-2013.csv.gz, md5 e6950bd317dabe3b41bf7738c248e7ee)"
2013,PURBA MEDINIPUR,CONTAI-III,KUMIRDA,"doi:10.7910/DVN/ZHF9WC datafile 10396541 (r3-all-2013.csv.gz, md5 e6950bd317dabe3b41bf7738c248e7ee)"
2013,PURBA MEDINIPUR,CONTAI-III,KUSUMPUR,"doi:10.7910/DVN/ZHF9WC datafile 10396541 (r3-all-2013.csv.gz, md5 e6950bd317dabe3b41bf7738c248e7ee)"
2013,PURBA MEDINIPUR,CONTAI-III,LAUDA,"doi:10.7910/DVN/ZHF9WC datafile 10396541 (r3-all-2013.csv.gz, md5 e6950bd317dabe3b41bf7738c248e7ee)"
2013,PURBA MEDINIPUR,CONTAI-III,MARISDA,"doi:10.7910/DVN/ZHF9WC datafile 10396541 (r3-all-2013.csv.gz, md5 e6950bd317dabe3b41bf7738c248e7ee)"
2013,COOCHBEHAR,COOCH BEHAR II,AMBARI,"doi:10.7910/DVN/ZHF9WC datafile 10396541 (r3-all-2013.csv.gz, md5 e6950bd317dabe3b41bf7738c248e7ee)"
2013,COOCHBEHAR,COOCH BEHAR II,BANESWAR,"doi:10.7910/DVN/ZHF9WC datafile 10396541 (r3-all-2013.csv.gz, md5 e6950bd317dabe3b41bf7738c248e7ee)"
2013,COOCHBEHAR,COOCH BEHAR II,BARARANGRAS,"doi:10.7910/DVN/ZHF9WC datafile 10396541 (r3-all-2013.csv.gz, md5 e6950bd317dabe3b41bf7738c248e7ee)"
2013,COOCHBEHAR,COOCH BEHAR II,CHAKCHAKA,"doi:10.7910/DVN/ZHF9WC datafile 10396541 (r3-all-2013.csv.gz, md5 e6950bd317dabe3b41bf7738c248e7ee)"
2013,COOCHBEHAR,COOCH BEHAR II,DHANGDHINGURI,"doi:10.7910/DVN/ZHF9WC datafile 10396541 (r3-all-2013.csv.gz, md5 e6950bd317dabe3b41bf7738c248e7ee)"
2013,COOCHBEHAR,COOCH BEHAR II,GOPALPUR,"doi:10.7910/DVN/ZHF9WC datafile 10396541 (r3-all-2013.csv.gz, md5 e6950bd317dabe3b41bf7738c248e7ee)"
2013,COOCHBEHAR,COOCH BEHAR II,KHAGRABARI,"doi:10.7910/DVN/ZHF9WC datafile 10396541 (r3-all-2013.csv.gz, md5 e6950bd317dabe3b41bf7738c248e7ee)"
2013,COOCHBEHAR,COOCH BEHAR II,KHAPAIDANGA,"doi:10.7910/DVN/ZHF9WC datafile 10396541 (r3-all-2013.csv.gz, md5 e6950bd317dabe3b41bf7738c248e7ee)"
2013,COOCHBEHAR,COOCH BEHAR II,MADHUPUR,"doi:10.7910/DVN/ZHF9WC datafile 10396541 (r3-all-2013.csv.gz, md5 e6950bd317dabe3b41bf7738c248e7ee)"
2013,COOCHBEHAR,COOCH BEHAR II,MARICHBARI-KHOLTA,"doi:10.7910/DVN/ZHF9WC datafile 10396541 (r3-all-2013.csv.gz, md5 e6950bd317dabe3b41bf7738c248e7ee)"
2013,COOCHBEHAR,COOCH BEHAR II,PATLAKHAWA,"doi:10.7910/DVN/ZHF9WC datafile 10396541 (r3-all-2013.csv.gz, md5 e6950bd317dabe3b41bf7738c248e7ee)"
2013,COOCHBEHAR,COOCH BEHAR II,PUNDIBARI,"doi:10.7910/DVN/ZHF9WC datafile 10396541 (r3-all-2013.csv.gz, md5 e6950bd317dabe3b41bf7738c248e7ee)"
2013,COOCHBEHAR,COOCH BEHAR II,TAKAGACHH-RAJARHAT,"doi:10.7910/DVN/ZHF9WC datafile 10396541 (r3-all-2013.csv.gz, md5 e6950bd317dabe3b41bf7738c248e7ee)"
2013,COOCHBEHAR,COOCH BEHAR-I,CHANDAMARI,"doi:10.7910/DVN/ZHF9WC datafile 10396541 (r3-all-2013.csv.gz, md5 e6950bd317dabe3b41bf7738c248e7ee)"
2013,COOCHBEHAR,COOCH BEHAR-I,CHILKIRHAT,"doi:10.7910/DVN/ZHF9WC datafile 10396541 (r3-all-2013.csv.gz, md5 e6950bd317dabe3b41bf7738c248e7ee)"
2013,COOCHBEHAR,COOCH BEHAR-I,DAUAGURI,"doi:10.7910/DVN/ZHF9WC datafile 10396541 (r3-all-2013.csv.gz, md5 e6950bd317dabe3b41bf7738c248e7ee)"
2013,COOCHBEHAR,COOCH BEHAR-I,DEOANHAT,"doi:10.7910/DVN/ZHF9WC datafile 10396541 (r3-all-2013.csv.gz, md5 e6950bd317dabe3b41bf7738c248e7ee)"
2013,COOCHBEHAR,COOCH BEHAR-I,FALMARI,"doi:10.7910/DVN/ZHF9WC datafile 10396541 (r3-all-2013.csv.gz, md5 e6950bd317dabe3b41bf7738c248e7ee)"
2013,COOCHBEHAR,COOCH BEHAR-I,GHUGHUMARI,"doi:10.7910/DVN/ZHF9WC datafile 10396541 (r3-all-2013.csv.gz, md5 e6950bd317dabe3b41bf7738c248e7ee)"
2013,COOCHBEHAR,COOCH BEHAR-I,GURIAHATI-I,"doi:10.7910/DVN/ZHF9WC datafile 10396541 (r3-all-2013.csv.gz, md5 e6950bd317dabe3b41bf7738c248e7ee)"
2013,COOCHBEHAR,COOCH BEHAR-I,GURIAHATI-II,"doi:10.7910/DVN/ZHF9WC datafile 10396541 (r3-all-2013.csv.gz, md5 e6950bd317dabe3b41bf7738c248e7ee)"
2013,COOCHBEHAR,COOCH BEHAR-I,HARIBHANGA,"doi:10.7910/DVN/ZHF9WC datafile 10396541 (r3-all-2013.csv.gz, md5 e6950bd317dabe3b41bf7738c248e7ee)"
2013,COOCHBEHAR,COOCH BEHAR-I,JIRANPUR,"doi:10.7910/DVN/ZHF9WC datafile 10396541 (r3-all-2013.csv.gz, md5 e6950bd317dabe3b41bf7738c248e7ee)"
2013,COOCHBEHAR,COOCH BEHAR-I,MOYAMARI,"doi:10.7910/DVN/ZHF9WC datafile 10396541 (r3-all-2013.csv.gz, md5 e6950bd317dabe3b41bf7738c248e7ee)"
2013,COOCHBEHAR,COOCH BEHAR-I,PANISALA,"doi:10.7910/DVN/ZHF9WC datafile 10396541 (r3-all-2013.csv.gz, md5 e6950bd317dabe3b41bf7738c248e7ee)"
2013,COOCHBEHAR,COOCH BEHAR-I,PATCHHARA,"doi:10.7910/DVN/ZHF9WC datafile 10396541 (r3-all-2013.csv.gz, md5 e6950bd317dabe3b41bf7738c248e7ee)"
2013,COOCHBEHAR,COOCH BEHAR-I,PUTIMARI-FULESWARI,"doi:10.7910/DVN/ZHF9WC datafile 10396541 (r3-all-2013.csv.gz, md5 e6950bd317dabe3b41bf7738c248e7ee)"
2013,COOCHBEHAR,COOCH BEHAR-I,SUTKABARI,"doi:10.7910/DVN/ZHF9WC datafile 10396541 (r3-all-2013.csv.gz, md5 e6950bd317dabe3b41bf7738c248e7ee)"
2013,PASCHIM MEDINIPUR,DANTAN-I,AINKOLA,"doi:10.7910/DVN/ZHF9WC datafile 10396541 (r3-all-2013.csv.gz, md5 e6950bd317dabe3b41bf7738c248e7ee)"
2013,PASCHIM MEDINIPUR,DANTAN-I,ALIKOSHA,"doi:10.7910/DVN/ZHF9WC datafile 10396541 (r3-all-2013.csv.gz, md5 e6950bd317dabe3b41bf7738c248e7ee)"
2013,PASCHIM MEDINIPUR,DANTAN-I,ANGUA,"doi:10.7910/DVN/ZHF9WC datafile 10396541 (r3-all-2013.csv.gz, md5 e6950bd317dabe3b41bf7738c248e7ee)"
2013,PASCHIM MEDINIPUR,DANTAN-I,CHAKISMAILPUR,"doi:10.7910/DVN/ZHF9WC datafile 10396541 (r3-all-2013.csv.gz, md5 e6950bd317dabe3b41bf7738c248e7ee)"
2013,PASCHIM MEDINIPUR,DANTAN-I,DANTAN-I,"doi:10.7910/DVN/ZHF9WC datafile 10396541 (r3-all-2013.csv.gz, md5 e6950bd317dabe3b41bf7738c248e7ee)"
2013,PASCHIM MEDINIPUR,DANTAN-I,DATAN-II,"doi:10.7910/DVN/ZHF9WC datafile 10396541 (r3-all-2013.csv.gz, md5 e6950bd317dabe3b41bf7738c248e7ee)"
2013,PASCHIM MEDINIPUR,DANTAN-I,MONOHARPUR,"doi:10.7910/DVN/ZHF9WC datafile 10396541 (r3-all-2013.csv.gz, md5 e6950bd317dabe3b41bf7738c248e7ee)"
2013,PASCHIM MEDINIPUR,DANTAN-I,SALIKOTHA,"doi:10.7910/DVN/ZHF9WC datafile 10396541 (r3-all-2013.csv.gz, md5 e6950bd317dabe3b41bf7738c248e7ee)"
2013,PASCHIM MEDINIPUR,DANTAN-I,TARURUI,"doi:10.7910/DVN/ZHF9WC datafile 10396541 (r3-all-2013.csv.gz, md5 e6950bd317dabe3b41bf7738c248e7ee)"
2013,PASCHIM MEDINIPUR,DANTAN-II,HARIPUR,"doi:10.7910/DVN/ZHF9WC datafile 10396541 (r3-all-2013.csv.gz, md5 e6950bd317dabe3b41bf7738c248e7ee)"
2013,PASCHIM MEDINIPUR,DANTAN-II,JENKAPUR,"doi:10.7910/DVN/ZHF9WC datafile 10396541 (r3-all-2013.csv.gz, md5 e6950bd317dabe3b41bf7738c248e7ee)"
2013,PASCHIM MEDINIPUR,DANTAN-II,POROLDA,"doi:10.7910/DVN/ZHF9WC datafile 10396541 (r3-all-2013.csv.gz, md5 e6950bd317dabe3b41bf7738c248e7ee)"
2013,PASCHIM MEDINIPUR,DANTAN-II,SABRA,"doi:10.7910/DVN/ZHF9WC datafile 10396541 (r3-all-2013.csv.gz, md5 e6950bd317dabe3b41bf7738c248e7ee)"
2013,PASCHIM MEDINIPUR,DANTAN-II,SAURIKOTBAR,"doi:10.7910/DVN/ZHF9WC datafile 10396541 (r3-all-2013.csv.gz, md5 e6950bd317dabe3b41bf7738c248e7ee)"
2013,PASCHIM MEDINIPUR,DANTAN-II,TALDA,"doi:10.7910/DVN/ZHF9WC datafile 10396541 (r3-all-2013.csv.gz, md5 e6950bd317dabe3b41bf7738c248e7ee)"
2013,PASCHIM MEDINIPUR,DANTAN-II,TURKA,"doi:10.7910/DVN/ZHF9WC datafile 10396541 (r3-all-2013.csv.gz, md5 e6950bd317dabe3b41bf7738c248e7ee)"
2013,Darjeeling Gorkha Hill Council (DGHC),DARJEELING PULBAZAR,BADAMTAM,"doi:10.7910/DVN/ZHF9WC datafile 10396541 (r3-all-2013.csv.gz, md5 e6950bd317dabe3b41bf7738c248e7ee)"
2013,Darjeeling Gorkha Hill Council (DGHC),DARJEELING PULBAZAR,BIJANBARI-PULBAZAR,"doi:10.7910/DVN/ZHF9WC datafile 10396541 (r3-all-2013.csv.gz, md5 e6950bd317dabe3b41bf7738c248e7ee)"
2013,Darjeeling Gorkha Hill Council (DGHC),DARJEELING PULBAZAR,CHUNGTONG,"doi:10.7910/DVN/ZHF9WC datafile 10396541 (r3-all-2013.csv.gz, md5 e6950bd317dabe3b41bf7738c248e7ee)"
2013,Darjeeling Gorkha Hill Council (DGHC),DARJEELING PULBAZAR,DADAIPANI,"doi:10.7910/DVN/ZHF9WC datafile 10396541 (r3-all-2013.csv.gz, md5 e6950bd317dabe3b41bf7738c248e7ee)"
2013,Darjeeling Gorkha Hill Council (DGHC),DARJEELING PULBAZAR,DARJEELING-I,"doi:10.7910/DVN/ZHF9WC datafile 10396541 (r3-all-2013.csv.gz, md5 e6950bd317dabe3b41bf7738c248e7ee)"
2013,Darjeeling Gorkha Hill Council (DGHC),DARJEELING PULBAZAR,DARJEELING-II,"doi:10.7910/DVN/ZHF9WC datafile 10396541 (r3-all-2013.csv.gz, md5 e6950bd317dabe3b41bf7738c248e7ee)"
2013,Darjeeling Gorkha Hill Council (DGHC),DARJEELING PULBAZAR,GOKE-I,"doi:10.7910/DVN/ZHF9WC datafile 10396541 (r3-all-2013.csv.gz, md5 e6950bd317dabe3b41bf7738c248e7ee)"
2013,Darjeeling Gorkha Hill Council (DGHC),DARJEELING PULBAZAR,GOKE-II,"doi:10.7910/DVN/ZHF9WC datafile 10396541 (r3-all-2013.csv.gz, md5 e6950bd317dabe3b41bf7738c248e7ee)"
2013,Darjeeling Gorkha Hill Council (DGHC),DARJEELING PULBAZAR,JHEPI,"doi:10.7910/DVN/ZHF9WC datafile 10396541 (r3-all-2013.csv.gz, md5 e6950bd317dabe3b41bf7738c248e7ee)"
2013,Darjeeling Gorkha Hill Council (DGHC),DARJEELING PULBAZAR,KAIJALIA,"doi:10.7910/DVN/ZHF9WC datafile 10396541 (r3-all-2013.csv.gz, md5 e6950bd317dabe3b41bf7738c248e7ee)"
2013,Darjeeling Gorkha Hill Council (DGHC),DARJEELING PULBAZAR,LEBONG VALLEY-I,"doi:10.7910/DVN/ZHF9WC datafile 10396541 (r3-all-2013.csv.gz, md5 e6950bd317dabe3b41bf7738c248e7ee)"
2013,Darjeeling Gorkha Hill Council (DGHC),DARJEELING PULBAZAR,LEBONG VALLEY-II,"doi:10.7910/DVN/ZHF9WC datafile 10396541 (r3-all-2013.csv.gz, md5 e6950bd317dabe3b41bf7738c248e7ee)"
2013,Darjeeling Gorkha Hill Council (DGHC),DARJEELING PULBAZAR,LODHOMA-I,"doi:10.7910/DVN/ZHF9WC datafile 10396541 (r3-all-2013.csv.gz, md5 e6950bd317dabe3b41bf7738c248e7ee)"
2013,Darjeeling Gorkha Hill Council (DGHC),DARJEELING PULBAZAR,LODHOMA-II,"doi:10.7910/DVN/ZHF9WC datafile 10396541 (r3-all-2013.csv.gz, md5 e6950bd317dabe3b41bf7738c248e7ee)"
2013,Darjeeling Gorkha Hill Council (DGHC),DARJEELING PULBAZAR,MAZUWA,"doi:10.7910/DVN/ZHF9WC datafile 10396541 (r3-all-2013.csv.gz, md5 e6950bd317dabe3b41bf7738c248e7ee)"
2013,Darjeeling Gorkha Hill Council (DGHC),DARJEELING PULBAZAR,NAYANOR,"doi:10.7910/DVN/ZHF9WC datafile 10396541 (r3-all-2013.csv.gz, md5 e6950bd317dabe3b41bf7738c248e7ee)"
2013,Darjeeling Gorkha Hill Council (DGHC),DARJEELING PULBAZAR,RANGIT-I,"doi:10.7910/DVN/ZHF9WC datafile 10396541 (r3-all-2013.csv.gz, md5 e6950bd317dabe3b41bf7738c248e7ee)"
2013,Darjeeling Gorkha Hill Council (DGHC),DARJEELING PULBAZAR,RANGIT-II,"doi:10.7910/DVN/ZHF9WC datafile 10396541 (r3-all-2013.csv.gz, md5 e6950bd317dabe3b41bf7738c248e7ee)"
2013,Darjeeling Gorkha Hill Council (DGHC),DARJEELING PULBAZAR,RELLING,"doi:10.7910/DVN/ZHF9WC datafile 10396541 (r3-all-2013.csv.gz, md5 e6950bd317dabe3b41bf7738c248e7ee)"
2013,Darjeeling Gorkha Hill Council (DGHC),DARJEELING PULBAZAR,RIMBIK,"doi:10.7910/DVN/ZHF9WC datafile 10396541 (r3-all-2013.csv.gz, md5 e6950bd317dabe3b41bf7738c248e7ee)"
2013,Darjeeling Gorkha Hill Council (DGHC),DARJEELING PULBAZAR,RISHIRHATBLOOM FIELD,"doi:10.7910/DVN/ZHF9WC datafile 10396541 (r3-all-2013.csv.gz, md5 e6950bd317dabe3b41bf7738c248e7ee)"
2013,Darjeeling Gorkha Hill Council (DGHC),DARJEELING PULBAZAR,SINGTAMN SOOM,"doi:10.7910/DVN/ZHF9WC datafile 10396541 (r3-all-2013.csv.gz, md5 e6950bd317dabe3b41bf7738c248e7ee)"
2013,Darjeeling Gorkha Hill Council (DGHC),DARJEELING PULBAZAR,SIRIKHOLA-DARAGAON,"doi:10.7910/DVN/ZHF9WC datafile 10396541 (r3-all-2013.csv.gz, md5 e6950bd317dabe3b41bf7738c248e7ee)"
2013,PASCHIM MEDINIPUR,DASPUR-I,BASUDEVPUR,"doi:10.7910/DVN/ZHF9WC datafile 10396541 (r3-all-2013.csv.gz, md5 e6950bd317dabe3b41bf7738c248e7ee)"
2013,PASCHIM MEDINIPUR,DASPUR-I,DASPUR-I,"doi:10.7910/DVN/ZHF9WC datafile 10396541 (r3-all-2013.csv.gz, md5 e6950bd317dabe3b41bf7738c248e7ee)"
2013,PASCHIM MEDINIPUR,DASPUR-I,DASPUR-II,"doi:10.7910/DVN/ZHF9WC datafile 10396541 (r3-all-2013.csv.gz, md5 e6950bd317dabe3b41bf7738c248e7ee)"
2013,PASCHIM MEDINIPUR,DASPUR-I,NANDANPUR-I,"doi:10.7910/DVN/ZHF9WC datafile 10396541 (r3-all-2013.csv.gz, md5 e6950bd317dabe3b41bf7738c248e7ee)"
2013,PASCHIM MEDINIPUR,DASPUR-I,NANDANPUR-II,"doi:10.7910/DVN/ZHF9WC datafile 10396541 (r3-all-2013.csv.gz, md5 e6950bd317dabe3b41bf7738c248e7ee)"
2013,PASCHIM MEDINIPUR,DASPUR-I,NIZNARAJOL,"doi:10.7910/DVN/ZHF9WC datafile 10396541 (r3-all-2013.csv.gz, md5 e6950bd317dabe3b41bf7738c248e7ee)"
2013,PASCHIM MEDINIPUR,DASPUR-I,PANCHBERIA,"doi:10.7910/DVN/ZHF9WC datafile 10396541 (r3-all-2013.csv.gz, md5 e6950bd317dabe3b41bf7738c248e7ee)"
2013,PASCHIM MEDINIPUR,DASPUR-I,RAJNAGAR,"doi:10.7910/DVN/ZHF9WC datafile 10396541 (r3-all-2013.csv.gz, md5 e6950bd317dabe3b41bf7738c248e7ee)"
2013,PASCHIM MEDINIPUR,DASPUR-I,SARBERIA-I,"doi:10.7910/DVN/ZHF9WC datafile 10396541 (r3-all-2013.csv.gz, md5 e6950bd317dabe3b41bf7738c248e7ee)"
2013,PASCHIM MEDINIPUR,DASPUR-I,SARBERIA-II,"doi:10.7910/DVN/ZHF9WC datafile 10396541 (r3-all-2013.csv.gz, md5 e6950bd317dabe3b41bf7738c248e7ee)"
2013,PASCHIM MEDINIPUR,DASPUR-II,BENAI,"doi:10.7910/DVN/ZHF9WC datafile 10396541 (r3-all-2013.csv.gz, md5 e6950bd317dabe3b41bf7738c248e7ee)"
2013,PASCHIM MEDINIPUR,DASPUR-II,CHAIPAT,"doi:10.7910/DVN/ZHF9WC datafile 10396541 (r3-all-2013.csv.gz, md5 e6950bd317dabe3b41bf7738c248e7ee)"
2013,PASCHIM MEDINIPUR,DASPUR-II,DUDHKOMRA,"doi:10.7910/DVN/ZHF9WC datafile 10396541 (r3-all-2013.csv.gz, md5 e6950bd317dabe3b41bf7738c248e7ee)"
2013,PASCHIM MEDINIPUR,DASPUR-II,GOCHHATI,"doi:10.7910/DVN/ZHF9WC datafile 10396541 (r3-all-2013.csv.gz, md5 e6950bd317dabe3b41bf7738c248e7ee)"
2013,PASCHIM MEDINIPUR,DASPUR-II,GOURA,"doi:10.7910/DVN/ZHF9WC datafile 10396541 (r3-all-2013.csv.gz, md5 e6950bd317dabe3b41bf7738c248e7ee)"
2013,PASCHIM MEDINIPUR,DASPUR-II,JYOTGHANASHYAM,"doi:10.7910/DVN/ZHF9WC datafile 10396541 (r3-all-2013.csv.gz, md5 e6950bd317dabe3b41bf7738c248e7ee)"
2013,PASCHIM MEDINIPUR,DASPUR-II,KAMALPUR,"doi:10.7910/DVN/ZHF9WC datafile 10396541 (r3-all-2013.csv.gz, md5 e6950bd317dabe3b41bf7738c248e7ee)"
2013,PASCHIM MEDINIPUR,DASPUR-II,KHANJAPUR,"doi:10.7910/DVN/ZHF9WC datafile 10396541 (r3-all-2013.csv.gz, md5 e6950bd317dabe3b41bf7738c248e7ee)"
2013,PASCHIM MEDINIPUR,DASPUR-II,KHEPUTDAKSHNIBARH,"doi:10.7910/DVN/ZHF9WC datafile 10396541 (r3-all-2013.csv.gz, md5 e6950bd317dabe3b41bf7738c248e7ee)"
2013,PASCHIM MEDINIPUR,DASPUR-II,KHUKURDAHA,"doi:10.7910/DVN/ZHF9WC datafile 10396541 (r3-all-2013.csv.gz, md5 e6950bd317dabe3b41bf7738c248e7ee)"
2013,PASCHIM MEDINIPUR,DASPUR-II,NISHCHINTAPUR,"doi:10.7910/DVN/ZHF9WC datafile 10396541 (r3-all-2013.csv.gz, md5 e6950bd317dabe3b41bf7738c248e7ee)"
2013,PASCHIM MEDINIPUR,DASPUR-II,PALASHPAI,"doi:10.7910/DVN/ZHF9WC datafile 10396541 (r3-all-2013.csv.gz, md5 e6950bd317dabe3b41bf7738c248e7ee)"
2013,PASCHIM MEDINIPUR,DASPUR-II,RANICHAK,"doi:10.7910/DVN/ZHF9WC datafile 10396541 (r3-all-2013.csv.gz, md5 e6950bd317dabe3b41bf7738c248e7ee)"
2013,PASCHIM MEDINIPUR,DASPUR-II,SAHACHAK,"doi:10.7910/DVN/ZHF9WC datafile 10396541 (r3-all-2013.csv.gz, md5 e6950bd317dabe3b41bf7738c248e7ee)"
2013,PASCHIM MEDINIPUR,DEBRA,BHABANIPUR,"doi:10.7910/DVN/ZHF9WC datafile 10396541 (r3-all-2013.csv.gz, md5 e6950bd317dabe3b41bf7738c248e7ee)"
2013,PASCHIM MEDINIPUR,DEBRA,BHARATPUR,"doi:10.7910/DVN/ZHF9WC datafile 10396541 (r3-all-2013.csv.gz, md5 e6950bd317dabe3b41bf7738c248e7ee)"
2013,PASCHIM MEDINIPUR,DEBRA,DEBRA-I,"doi:10.7910/DVN/ZHF9WC datafile 10396541 (r3-all-2013.csv.gz, md5 e6950bd317dabe3b41bf7738c248e7ee)"
2013,PASCHIM MEDINIPUR,DEBRA,DEBRA-II,"doi:10.7910/DVN/ZHF9WC datafile 10396541 (r3-all-2013.csv.gz, md5 e6950bd317dabe3b41bf7738c248e7ee)"
2013,PASCHIM MEDINIPUR,DEBRA,DUAN-I,"doi:10.7910/DVN/ZHF9WC datafile 10396541 (r3-all-2013.csv.gz, md5 e6950bd317dabe3b41bf7738c248e7ee)"
2013,PASCHIM MEDINIPUR,DEBRA,DUAN-II,"doi:10.7910/DVN/ZHF9WC datafile 10396541 (r3-all-2013.csv.gz, md5 e6950bd317dabe3b41bf7738c248e7ee)"
2013,PASCHIM MEDINIPUR,DEBRA,GOLGRAM,"doi:10.7910/DVN/ZHF9WC datafile 10396541 (r3-all-2013.csv.gz, md5 e6950bd317dabe3b41bf7738c248e7ee)"
2013,PASCHIM MEDINIPUR,DEBRA,JALIMANDA,"doi:10.7910/DVN/ZHF9WC datafile 10396541 (r3-all-2013.csv.gz, md5 e6950bd317dabe3b41bf7738c248e7ee)"
2013,PASCHIM MEDINIPUR,DEBRA,KHANAMOHAN,"doi:10.7910/DVN/ZHF9WC datafile 10396541 (r3-all-2013.csv.gz, md5 e6950bd317dabe3b41bf7738c248e7ee)"
2013,PASCHIM MEDINIPUR,DEBRA,MALIGHATI,"doi:10.7910/DVN/ZHF9WC datafile 10396541 (r3-all-2013.csv.gz, md5 e6950bd317dabe3b41bf7738c248e7ee)"
2013,PASCHIM MEDINIPUR,DEBRA,RADHAMOHANPUR-I,"doi:10.7910/DVN/ZHF9WC datafile 10396541 (r3-all-2013.csv.gz, md5 e6950bd317dabe3b41bf7738c248e7ee)"
2013,PASCHIM MEDINIPUR,DEBRA,RADHAMOHANPUR-II,"doi:10.7910/DVN/ZHF9WC datafile 10396541 (r3-all-2013.csv.gz, md5 e6950bd317dabe3b41bf7738c248e7ee)"
2013,PASCHIM MEDINIPUR,DEBRA,SATYAPUR,"doi:10.7910/DVN/ZHF9WC datafile 10396541 (r3-all-2013.csv.gz, md5 e6950bd317dabe3b41bf7738c248e7ee)"
2013,PASCHIM MEDINIPUR,DEBRA,SNARPUR-LOYADA,"doi:10.7910/DVN/ZHF9WC datafile 10396541 (r3-all-2013.csv.gz, md5 e6950bd317dabe3b41bf7738c248e7ee)"
2013,24 PARGANAS (NORTH),DEGANGA,AMULIA,"doi:10.7910/DVN/ZHF9WC datafile 10396541 (r3-all-2013.csv.gz, md5 e6950bd317dabe3b41bf7738c248e7ee)"
2013,24 PARGANAS (NORTH),DEGANGA,BERACHAMPA-I,"doi:10.7910/DVN/ZHF9WC datafile 10396541 (r3-all-2013.csv.gz, md5 e6950bd317dabe3b41bf7738c248e7ee)"
2013,24 PARGANAS (NORTH),DEGANGA,BERACHAMPA-II,"doi:10.7910/DVN/ZHF9WC datafile 10396541 (r3-all-2013.csv.gz, md5 e6950bd317dabe3b41bf7738c248e7ee)"
2013,24 PARGANAS (NORTH),DEGANGA,CHAKLA,"doi:10.7910/DVN/ZHF9WC datafile 10396541 (r3-all-2013.csv.gz, md5 e6950bd317dabe3b41bf7738c248e7ee)"
2013,24 PARGANAS (NORTH),DEGANGA,CHAMPATALA,"doi:10.7910/DVN/ZHF9WC datafile 10396541 (r3-all-2013.csv.gz, md5 e6950bd317dabe3b41bf7738c248e7ee)"
2013,24 PARGANAS (NORTH),DEGANGA,CHAURASI,"doi:10.7910/DVN/ZHF9WC datafile 10396541 (r3-all-2013.csv.gz, md5 e6950bd317dabe3b41bf7738c248e7ee)"
2013,24 PARGANAS (NORTH),DEGANGA,DEGANGA-I,"doi:10.7910/DVN/ZHF9WC datafile 10396541 (r3-all-2013.csv.gz, md5 e6950bd317dabe3b41bf7738c248e7ee)"
2013,24 PARGANAS (NORTH),DEGANGA,DEGANGA-II,"doi:10.7910/DVN/ZHF9WC datafile 10396541 (r3-all-2013.csv.gz, md5 e6950bd317dabe3b41bf7738c248e7ee)"
2013,24 PARGANAS (NORTH),DEGANGA,HADIPUR JHIKRA-I,"doi:10.7910/DVN/ZHF9WC datafile 10396541 (r3-all-2013.csv.gz, md5 e6950bd317dabe3b41bf7738c248e7ee)"
2013,24 PARGANAS (NORTH),DEGANGA,HADIPUR JHIKRA-II,"doi:10.7910/DVN/ZHF9WC datafile 10396541 (r3-all-2013.csv.gz, md5 e6950bd317dabe3b41bf7738c248e7ee)"
2013,24 PARGANAS (NORTH),DEGANGA,KOLSUR,"doi:10.7910/DVN/ZHF9WC datafile 10396541 (r3-all-2013.csv.gz, md5 e6950bd317dabe3b41bf7738c248e7ee)"
2013,24 PARGANAS (NORTH),DEGANGA,NURNAGAR,"doi:10.7910/DVN/ZHF9WC datafile 10396541 (r3-all-2013.csv.gz, md5 e6950bd317dabe3b41bf7738c248e7ee)"
2013,24 PARGANAS (NORTH),DEGANGA,SOHAI-SWETPUR,"doi:10.7910/DVN/ZHF9WC datafile 10396541 (r3-all-2013.csv.gz, md5 e6950bd317dabe3b41bf7738c248e7ee)"
2013,PURBA MEDINIPUR,DESHAPRAN,AMTALIA,"doi:10.7910/DVN/ZHF9WC datafile 10396541 (r3-all-2013.csv.gz, md5 e6950bd317dabe3b41bf7738c248e7ee)"
2013,PURBA MEDINIPUR,DESHAPRAN,AURAI,"doi:10.7910/DVN/ZHF9WC datafile 10396541 (r3-all-2013.csv.gz, md5 e6950bd317dabe3b41bf7738c248e7ee)"
2013,PURBA MEDINIPUR,DESHAPRAN,BAMUNIA,"doi:10.7910/DVN/ZHF9WC datafile 10396541 (r3-all-2013.csv.gz, md5 e6950bd317dabe3b41bf7738c248e7ee)"
2013,PURBA MEDINIPUR,DESHAPRAN,BASANTIA,"doi:10.7910/DVN/ZHF9WC datafile 10396541 (r3-all-2013.csv.gz, md5 e6950bd317dabe3b41bf7738c248e7ee)"
2013,PURBA MEDINIPUR,DESHAPRAN,CHALTI,"doi:10.7910/DVN/ZHF9WC datafile 10396541 (r3-all-2013.csv.gz, md5 e6950bd317dabe3b41bf7738c248e7ee)"
2013,PURBA MEDINIPUR,DESHAPRAN,DARIAPUR,"doi:10.7910/DVN/ZHF9WC datafile 10396541 (r3-all-2013.csv.gz, md5 e6950bd317dabe3b41bf7738c248e7ee)"
2013,PURBA MEDINIPUR,DESHAPRAN,DHOBABERIA,"doi:10.7910/DVN/ZHF9WC datafile 10396541 (r3-all-2013.csv.gz, md5 e6950bd317dabe3b41bf7738c248e7ee)"
2013,PURBA MEDINIPUR,DESHAPRAN,SARADA,"doi:10.7910/DVN/ZHF9WC datafile 10396541 (r3-all-2013.csv.gz, md5 e6950bd317dabe3b41bf7738c248e7ee)"
2013,HOOGHLY,DHANIAKHALI,BELMURI,"doi:10.7910/DVN/ZHF9WC datafile 10396541 (r3-all-2013.csv.gz, md5 e6950bd317dabe3b41bf7738c248e7ee)"
2013,HOOGHLY,DHANIAKHALI,BHANDARHATI-I,"doi:10.7910/DVN/ZHF9WC datafile 10396541 (r3-all-2013.csv.gz, md5 e6950bd317dabe3b41bf7738c248e7ee)"
2013,HOOGHLY,DHANIAKHALI,BHANDARHATI-II,"doi:10.7910/DVN/ZHF9WC datafile 10396541 (r3-all-2013.csv.gz, md5 e6950bd317dabe3b41bf7738c248e7ee)"
2013,HOOGHLY,DHANIAKHALI,BHASTARA,"doi:10.7910/DVN/ZHF9WC datafile 10396541 (r3-all-2013.csv.gz, md5 e6950bd317dabe3b41bf7738c248e7ee)"
2013,HOOGHLY,DHANIAKHALI,DASHGHARA-I,"doi:10.7910/DVN/ZHF9WC datafile 10396541 (r3-all-2013.csv.gz, md5 e6950bd317dabe3b41bf7738c248e7ee)"
2013,HOOGHLY,DHANIAKHALI,DASHGHARA-II,"doi:10.7910/DVN/ZHF9WC datafile 10396541 (r3-all-2013.csv.gz, md5 e6950bd317dabe3b41bf7738c248e7ee)"
2013,HOOGHLY,DHANIAKHALI,DHANEKHALI-I,"doi:10.7910/DVN/ZHF9WC datafile 10396541 (r3-all-2013.csv.gz, md5 e6950bd317dabe3b41bf7738c248e7ee)"
2013,HOOGHLY,DHANIAKHALI,DHANEKHALI-II,"doi:10.7910/DVN/ZHF9WC datafile 10396541 (r3-all-2013.csv.gz, md5 e6950bd317dabe3b41bf7738c248e7ee)"
2013,HOOGHLY,DHANIAKHALI,GOPINATHPUR-I,"doi:10.7910/DVN/ZHF9WC datafile 10396541 (r3-all-2013.csv.gz, md5 e6950bd317dabe3b41bf7738c248e7ee)"
2013,HOOGHLY,DHANIAKHALI,GOPINATHPUR-II,"doi:10.7910/DVN/ZHF9WC datafile 10396541 (r3-all-2013.csv.gz, md5 e6950bd317dabe3b41bf7738c248e7ee)"
2013,HOOGHLY,DHANIAKHALI,GUDUBARI-I,"doi:10.7910/DVN/ZHF9WC datafile 10396541 (r3-all-2013.csv.gz, md5 e6950bd317dabe3b41bf7738c248e7ee)"
2013,HOOGHLY,DHANIAKHALI,GUDUBARI-II,"doi:10.7910/DVN/ZHF9WC datafile 10396541 (r3-all-2013.csv.gz, md5 e6950bd317dabe3b41bf7738c248e7ee)"
2013,HOOGHLY,DHANIAKHALI,GURAP,"doi:10.7910/DVN/ZHF9WC datafile 10396541 (r3-all-2013.csv.gz, md5 e6950bd317dabe3b41bf7738c248e7ee)"
2013,HOOGHLY,DHANIAKHALI,KHAJUDAHAMILKI,"doi:10.7910/DVN/ZHF9WC datafile 10396541 (r3-all-2013.csv.gz, md5 e6950bd317dabe3b41bf7738c248e7ee)"
2013,HOOGHLY,DHANIAKHALI,MANDRA,"doi:10.7910/DVN/ZHF9WC datafile 10396541 (r3-all-2013.csv.gz, md5 e6950bd317dabe3b41bf7738c248e7ee)"
2013,HOOGHLY,DHANIAKHALI,PERAMBUASAHABAZAR,"doi:10.7910/DVN/ZHF9WC datafile 10396541 (r3-all-2013.csv.gz, md5 e6950bd317dabe3b41bf7738c248e7ee)"
2013,HOOGHLY,DHANIAKHALI,SOMASPUR-I,"doi:10.7910/DVN/ZHF9WC datafile 10396541 (r3-all-2013.csv.gz, md5 e6950bd317dabe3b41bf7738c248e7ee)"
2013,HOOGHLY,DHANIAKHALI,SOMASPUR-II,"doi:10.7910/DVN/ZHF9WC datafile 10396541 (r3-all-2013.csv.gz, md5 e6950bd317dabe3b41bf7738c248e7ee)"
2013,JALPAIGURI,DHUPGURI,BANARHAT-I,"doi:10.7910/DVN/ZHF9WC datafile 10396541 (r3-all-2013.csv.gz, md5 e6950bd317dabe3b41bf7738c248e7ee)"
2013,JALPAIGURI,DHUPGURI,BANARHAT-II,"doi:10.7910/DVN/ZHF9WC datafile 10396541 (r3-all-2013.csv.gz, md5 e6950bd317dabe3b41bf7738c248e7ee)"
2013,JALPAIGURI,DHUPGURI,BAROGHARIA,"doi:10.7910/DVN/ZHF9WC datafile 10396541 (r3-all-2013.csv.gz, md5 e6950bd317dabe3b41bf7738c248e7ee)"
2013,JALPAIGURI,DHUPGURI,BINNAGURI,"doi:10.7910/DVN/ZHF9WC datafile 10396541 (r3-all-2013.csv.gz, md5 e6950bd317dabe3b41bf7738c248e7ee)"
2013,JALPAIGURI,DHUPGURI,CHAMURCHI,"doi:10.7910/DVN/ZHF9WC datafile 10396541 (r3-all-2013.csv.gz, md5 e6950bd317dabe3b41bf7738c248e7ee)"
2013,JALPAIGURI,DHUPGURI,GADHEARKUTHI,"doi:10.7910/DVN/ZHF9WC datafile 10396541 (r3-all-2013.csv.gz, md5 e6950bd317dabe3b41bf7738c248e7ee)"
2013,JALPAIGURI,DHUPGURI,GADONG-I,"doi:10.7910/DVN/ZHF9WC datafile 10396541 (r3-all-2013.csv.gz, md5 e6950bd317dabe3b41bf7738c248e7ee)"
2013,JALPAIGURI,DHUPGURI,GADONG-II,"doi:10.7910/DVN/ZHF9WC datafile 10396541 (r3-all-2013.csv.gz, md5 e6950bd317dabe3b41bf7738c248e7ee)"
2013,JALPAIGURI,DHUPGURI,JHARALTAGRAM-I,"doi:10.7910/DVN/ZHF9WC datafile 10396541 (r3-all-2013.csv.gz, md5 e6950bd317dabe3b41bf7738c248e7ee)"
2013,JALPAIGURI,DHUPGURI,JHARALTAGRAM-II,"doi:10.7910/DVN/ZHF9WC datafile 10396541 (r3-all-2013.csv.gz, md5 e6950bd317dabe3b41bf7738c248e7ee)"
2013,JALPAIGURI,DHUPGURI,MAGURMARI-I,"doi:10.7910/DVN/ZHF9WC datafile 10396541 (r3-all-2013.csv.gz, md5 e6950bd317dabe3b41bf7738c248e7ee)"
2013,JALPAIGURI,DHUPGURI,MAGURMARI-II,"doi:10.7910/DVN/ZHF9WC datafile 10396541 (r3-all-2013.csv.gz, md5 e6950bd317dabe3b41bf7738c248e7ee)"
2013,JALPAIGURI,DHUPGURI,SAKOYAJHORA-I,"doi:10.7910/DVN/ZHF9WC datafile 10396541 (r3-all-2013.csv.gz, md5 e6950bd317dabe3b41bf7738c248e7ee)"
2013,JALPAIGURI,DHUPGURI,SAKOYAJHORA-II,"doi:10.7910/DVN/ZHF9WC datafile 10396541 (r3-all-2013.csv.gz, md5 e6950bd317dabe3b41bf7738c248e7ee)"
2013,JALPAIGURI,DHUPGURI,SALBARI-I,"doi:10.7910/DVN/ZHF9WC datafile 10396541 (r3-all-2013.csv.gz, md5 e6950bd317dabe3b41bf7738c248e7ee)"
2013,JALPAIGURI,DHUPGURI,SALBARI-II,"doi:10.7910/DVN/ZHF9WC datafile 10396541 (r3-all-2013.csv.gz, md5 e6950bd317dabe3b41bf7738c248e7ee)"
2013,24 PARGANAS SOUTH,DIAMOND HARBOUR-I,BASULDANGA,"doi:10.7910/DVN/ZHF9WC datafile 10396541 (r3-all-2013.csv.gz, md5 e6950bd317dabe3b41bf7738c248e7ee)"
2013,24 PARGANAS SOUTH,DIAMOND HARBOUR-I,BOLSIDDHI KALINAGAR,"doi:10.7910/DVN/ZHF9WC datafile 10396541 (r3-all-2013.csv.gz, md5 e6950bd317dabe3b41bf7738c248e7ee)"
2013,24 PARGANAS SOUTH,DIAMOND HARBOUR-I,DERAK,"doi:10.7910/DVN/ZHF9WC datafile 10396541 (r3-all-2013.csv.gz, md5 e6950bd317dabe3b41bf7738c248e7ee)"
2013,24 PARGANAS SOUTH,DIAMOND HARBOUR-I,HARINDANGA,"doi:10.7910/DVN/ZHF9WC datafile 10396541 (r3-all-2013.csv.gz, md5 e6950bd317dabe3b41bf7738c248e7ee)"
2013,24 PARGANAS SOUTH,DIAMOND HARBOUR-I,KANPUR DHANABERIA,"doi:10.7910/DVN/ZHF9WC datafile 10396541 (r3-all-2013.csv.gz, md5 e6950bd317dabe3b41bf7738c248e7ee)"
2013,24 PARGANAS SOUTH,DIAMOND HARBOUR-I,MASHAT,"doi:10.7910/DVN/ZHF9WC datafile 10396541 (r3-all-2013.csv.gz, md5 e6950bd317dabe3b41bf7738c248e7ee)"
2013,24 PARGANAS SOUTH,DIAMOND HARBOUR-I,NETRA,"doi:10.7910/DVN/ZHF9WC datafile 10396541 (r3-all-2013.csv.gz, md5 e6950bd317dabe3b41bf7738c248e7ee)"
2013,24 PARGANAS SOUTH,DIAMOND HARBOUR-I,PARULIA,"doi:10.7910/DVN/ZHF9WC datafile 10396541 (r3-all-2013.csv.gz, md5 e6950bd317dabe3b41bf7738c248e7ee)"
2013,24 PARGANAS SOUTH,DIAMOND HARBOUR-II,BHADURA HARIDAS,"doi:10.7910/DVN/ZHF9WC datafile 10396541 (r3-all-2013.csv.gz, md5 e6950bd317dabe3b41bf7738c248e7ee)"
2013,24 PARGANAS SOUTH,DIAMOND HARBOUR-II,KALATALAHAT,"doi:10.7910/DVN/ZHF9WC datafile 10396541 (r3-all-2013.csv.gz, md5 e6950bd317dabe3b41bf7738c248e7ee)"
2013,24 PARGANAS SOUTH,DIAMOND HARBOUR-II,KAMARPOL,"doi:10.7910/DVN/ZHF9WC datafile 10396541 (r3-all-2013.csv.gz, md5 e6950bd317dabe3b41bf7738c248e7ee)"
2013,24 PARGANAS SOUTH,DIAMOND HARBOUR-II,KHORDO,"doi:10.7910/DVN/ZHF9WC datafile 10396541 (r3-all-2013.csv.gz, md5 e6950bd317dabe3b41bf7738c248e7ee)"
2013,24 PARGANAS SOUTH,DIAMOND HARBOUR-II,MATHUR,"doi:10.7910/DVN/ZHF9WC datafile 10396541 (r3-all-2013.csv.gz, md5 e6950bd317dabe3b41bf7738c248e7ee)"
2013,24 PARGANAS SOUTH,DIAMOND HARBOUR-II,NURPUR,"doi:10.7910/DVN/ZHF9WC datafile 10396541 (r3-all-2013.csv.gz, md5 e6950bd317dabe3b41bf7738c248e7ee)"
2013,24 PARGANAS SOUTH,DIAMOND HARBOUR-II,PATRA,"doi:10.7910/DVN/ZHF9WC datafile 10396541 (r3-all-2013.csv.gz, md5 e6950bd317dabe3b41bf7738c248e7ee)"
2013,24 PARGANAS SOUTH,DIAMOND HARBOUR-II,SARISA,"doi:10.7910/DVN/ZHF9WC datafile 10396541 (r3-all-2013.csv.gz, md5 e6950bd317dabe3b41bf7738c248e7ee)"
2013,COOCHBEHAR,DINHATA-I,BARA ATIABARI-I,"doi:10.7910/DVN/ZHF9WC datafile 10396541 (r3-all-2013.csv.gz, md5 e6950bd317dabe3b41bf7738c248e7ee)"
2013,COOCHBEHAR,DINHATA-I,BARA ATIABARI-II,"doi:10.7910/DVN/ZHF9WC datafile 10396541 (r3-all-2013.csv.gz, md5 e6950bd317dabe3b41bf7738c248e7ee)"
2013,COOCHBEHAR,DINHATA-I,BARA SOULMARI,"doi:10.7910/DVN/ZHF9WC datafile 10396541 (r3-all-2013.csv.gz, md5 e6950bd317dabe3b41bf7738c248e7ee)"
2013,COOCHBEHAR,DINHATA-I,BHETAGURI-I,"doi:10.7910/DVN/ZHF9WC datafile 10396541 (r3-all-2013.csv.gz, md5 e6950bd317dabe3b41bf7738c248e7ee)"
2013,COOCHBEHAR,DINHATA-I,BHETAGURI-II,"doi:10.7910/DVN/ZHF9WC datafile 10396541 (r3-all-2013.csv.gz, md5 e6950bd317dabe3b41bf7738c248e7ee)"
2013,COOCHBEHAR,DINHATA-I,DINHATA VILL-I,"doi:10.7910/DVN/ZHF9WC datafile 10396541 (r3-all-2013.csv.gz, md5 e6950bd317dabe3b41bf7738c248e7ee)"
2013,COOCHBEHAR,DINHATA-I,DINHATA VILL-II,"doi:10.7910/DVN/ZHF9WC datafile 10396541 (r3-all-2013.csv.gz, md5 e6950bd317dabe3b41bf7738c248e7ee)"
2013,COOCHBEHAR,DINHATA-I,GITALDAHA-I,"doi:10.7910/DVN/ZHF9WC datafile 10396541 (r3-all-2013.csv.gz, md5 e6950bd317dabe3b41bf7738c248e7ee)"
2013,COOCHBEHAR,DINHATA-I,GITALDAHA-II,"doi:10.7910/DVN/ZHF9WC datafile 10396541 (r3-all-2013.csv.gz, md5 e6950bd317dabe3b41bf7738c248e7ee)"
2013,COOCHBEHAR,DINHATA-I,GOSANIMARI-I,"doi:10.7910/DVN/ZHF9WC datafile 10396541 (r3-all-2013.csv.gz, md5 e6950bd317dabe3b41bf7738c248e7ee)"
2013,COOCHBEHAR,DINHATA-I,GOSANIMARI-II,"doi:10.7910/DVN/ZHF9WC datafile 10396541 (r3-all-2013.csv.gz, md5 e6950bd317dabe3b41bf7738c248e7ee)"
2013,COOCHBEHAR,DINHATA-I,MATALHAT,"doi:10.7910/DVN/ZHF9WC datafile 10396541 (r3-all-2013.csv.gz, md5 e6950bd317dabe3b41bf7738c248e7ee)"
2013,COOCHBEHAR,DINHATA-I,OKRABARI,"doi:10.7910/DVN/ZHF9WC datafile 10396541 (r3-all-2013.csv.gz, md5 e6950bd317dabe3b41bf7738c248e7ee)"
2013,COOCHBEHAR,DINHATA-I,PETLA,"doi:10.7910/DVN/ZHF9WC datafile 10396541 (r3-all-2013.csv.gz, md5 e6950bd317dabe3b41bf7738c248e7ee)"
2013,COOCHBEHAR,DINHATA-I,PUTIMARI-I,"doi:10.7910/DVN/ZHF9WC datafile 10396541 (r3-all-2013.csv.gz, md5 e6950bd317dabe3b41bf7738c248e7ee)"
2013,COOCHBEHAR,DINHATA-I,PUTIMARI-II,"doi:10.7910/DVN/ZHF9WC datafile 10396541 (r3-all-2013.csv.gz, md5 e6950bd317dabe3b41bf7738c248e7ee)"
2013,COOCHBEHAR,DINHATA-II,BAMANHAT-I,"doi:10.7910/DVN/ZHF9WC datafile 10396541 (r3-all-2013.csv.gz, md5 e6950bd317dabe3b41bf7738c248e7ee)"
2013,COOCHBEHAR,DINHATA-II,BAMANHAT-II,"doi:10.7910/DVN/ZHF9WC datafile 10396541 (r3-all-2013.csv.gz, md5 e6950bd317dabe3b41bf7738c248e7ee)"
2013,COOCHBEHAR,DINHATA-II,BARASAKDAL,"doi:10.7910/DVN/ZHF9WC datafile 10396541 (r3-all-2013.csv.gz, md5 e6950bd317dabe3b41bf7738c248e7ee)"
2013,COOCHBEHAR,DINHATA-II,BURIRHAT-I,"doi:10.7910/DVN/ZHF9WC datafile 10396541 (r3-all-2013.csv.gz, md5 e6950bd317dabe3b41bf7738c248e7ee)"
2013,COOCHBEHAR,DINHATA-II,BURIRHAT-II,"doi:10.7910/DVN/ZHF9WC datafile 10396541 (r3-all-2013.csv.gz, md5 e6950bd317dabe3b41bf7738c248e7ee)"
2013,COOCHBEHAR,DINHATA-II,CHOWDHURIHAT,"doi:10.7910/DVN/ZHF9WC datafile 10396541 (r3-all-2013.csv.gz, md5 e6950bd317dabe3b41bf7738c248e7ee)"
2013,COOCHBEHAR,DINHATA-II,GOBRA CHHARA NAYARHAT,"doi:10.7910/DVN/ZHF9WC datafile 10396541 (r3-all-2013.csv.gz, md5 e6950bd317dabe3b41bf7738c248e7ee)"
2013,COOCHBEHAR,DINHATA-II,KISHAMAT DASGRAM,"doi:10.7910/DVN/ZHF9WC datafile 10396541 (r3-all-2013.csv.gz, md5 e6950bd317dabe3b41bf7738c248e7ee)"
2013,COOCHBEHAR,DINHATA-II,NAJIRHAT-I,"doi:10.7910/DVN/ZHF9WC datafile 10396541 (r3-all-2013.csv.gz, md5 e6950bd317dabe3b41bf7738c248e7ee)"
2013,COOCHBEHAR,DINHATA-II,NIJIRHAT-II,"doi:10.7910/DVN/ZHF9WC datafile 10396541 (r3-all-2013.csv.gz, md5 e6950bd317dabe3b41bf7738c248e7ee)"
2013,COOCHBEHAR,DINHATA-II,SAHEBGANJ,"doi:10.7910/DVN/ZHF9WC datafile 10396541 (r3-all-2013.csv.gz, md5 e6950bd317dabe3b41bf7738c248e7ee)"
2013,COOCHBEHAR,DINHATA-II,SUKARUKUTHI,"doi:10.7910/DVN/ZHF9WC datafile 10396541 (r3-all-2013.csv.gz, md5 e6950bd317dabe3b41bf7738c248e7ee)"
2013,HOWRAH,DOMJUR,BANKRA-I,"doi:10.7910/DVN/ZHF9WC datafile 10396541 (r3-all-2013.csv.gz, md5 e6950bd317dabe3b41bf7738c248e7ee)"
2013,HOWRAH,DOMJUR,BANKRA-II,"doi:10.7910/DVN/ZHF9WC datafile 10396541 (r3-all-2013.csv.gz, md5 e6950bd317dabe3b41bf7738c248e7ee)"
2013,HOWRAH,DOMJUR,BANKRA-III,"doi:10.7910/DVN/ZHF9WC datafile 10396541 (r3-all-2013.csv.gz, md5 e6950bd317dabe3b41bf7738c248e7ee)"
2013,HOWRAH,DOMJUR,BEGRI,"doi:10.7910/DVN/ZHF9WC datafile 10396541 (r3-all-2013.csv.gz, md5 e6950bd317dabe3b41bf7738c248e7ee)"
2013,HOWRAH,DOMJUR,DAKSHIN JHAPARDA,"doi:10.7910/DVN/ZHF9WC datafile 10396541 (r3-all-2013.csv.gz, md5 e6950bd317dabe3b41bf7738c248e7ee)"
2013,HOWRAH,DOMJUR,DOMJUR,"doi:10.7910/DVN/ZHF9WC datafile 10396541 (r3-all-2013.csv.gz, md5 e6950bd317dabe3b41bf7738c248e7ee)"
2013,HOWRAH,DOMJUR,KOLORA-I,"doi:10.7910/DVN/ZHF9WC datafile 10396541 (r3-all-2013.csv.gz, md5 e6950bd317dabe3b41bf7738c248e7ee)"
2013,HOWRAH,DOMJUR,KOLORA-II,"doi:10.7910/DVN/ZHF9WC datafile 10396541 (r3-all-2013.csv.gz, md5 e6950bd317dabe3b41bf7738c248e7ee)"
2013,HOWRAH,DOMJUR,MAHIYARI-I,"doi:10.7910/DVN/ZHF9WC datafile 10396541 (r3-all-2013.csv.gz, md5 e6950bd317dabe3b41bf7738c248e7ee)"
2013,HOWRAH,DOMJUR,MAHIYARI-II,"doi:10.7910/DVN/ZHF9WC datafile 10396541 (r3-all-2013.csv.gz, md5 e6950bd317dabe3b41bf7738c248e7ee)"
2013,HOWRAH,DOMJUR,MAKARDAH-I,"doi:10.7910/DVN/ZHF9WC datafile 10396541 (r3-all-2013.csv.gz, md5 e6950bd317dabe3b41bf7738c248e7ee)"
2013,HOWRAH,DOMJUR,MAKARDAH-II,"doi:10.7910/DVN/ZHF9WC datafile 10396541 (r3-all-2013.csv.gz, md5 e6950bd317dabe3b41bf7738c248e7ee)"
2013,HOWRAH,DOMJUR,NARNA,"doi:10.7910/DVN/ZHF9WC datafile 10396541 (r3-all-2013.csv.gz, md5 e6950bd317dabe3b41bf7738c248e7ee)"
2013,HOWRAH,DOMJUR,PARBATIPUR,"doi:10.7910/DVN/ZHF9WC datafile 10396541 (r3-all-2013.csv.gz, md5 e6950bd317dabe3b41bf7738c248e7ee)"
2013,HOWRAH,DOMJUR,RUDRAPUR,"doi:10.7910/DVN/ZHF9WC datafile 10396541 (r3-all-2013.csv.gz, md5 e6950bd317dabe3b41bf7738c248e7ee)"
2013,HOWRAH,DOMJUR,SALAP-I,"doi:10.7910/DVN/ZHF9WC datafile 10396541 (r3-all-2013.csv.gz, md5 e6950bd317dabe3b41bf7738c248e7ee)"
2013,HOWRAH,DOMJUR,SALAP-II,"doi:10.7910/DVN/ZHF9WC datafile 10396541 (r3-all-2013.csv.gz, md5 e6950bd317dabe3b41bf7738c248e7ee)"
2013,HOWRAH,DOMJUR,UTTAR JHAPARDAHA,"doi:10.7910/DVN/ZHF9WC datafile 10396541 (r3-all-2013.csv.gz, md5 e6950bd317dabe3b41bf7738c248e7ee)"
2013,MURSHIDABAD,DOMKAL,AJIMGANJGOLA,"doi:10.7910/DVN/ZHF9WC datafile 10396541 (r3-all-2013.csv.gz, md5 e6950bd317dabe3b41bf7738c248e7ee)"
2013,MURSHIDABAD,DOMKAL,BHAGIRATHPUR,"doi:10.7910/DVN/ZHF9WC datafile 10396541 (r3-all-2013.csv.gz, md5 e6950bd317dabe3b41bf7738c248e7ee)"
2013,MURSHIDABAD,DOMKAL,DHULAURI,"doi:10.7910/DVN/ZHF9WC datafile 10396541 (r3-all-2013.csv.gz, md5 e6950bd317dabe3b41bf7738c248e7ee)"
2013,MURSHIDABAD,DOMKAL,DOMKAL,"doi:10.7910/DVN/ZHF9WC datafile 10396541 (r3-all-2013.csv.gz, md5 e6950bd317dabe3b41bf7738c248e7ee)"
2013,MURSHIDABAD,DOMKAL,GARAIMARI,"doi:10.7910/DVN/ZHF9WC datafile 10396541 (r3-all-2013.csv.gz, md5 e6950bd317dabe3b41bf7738c248e7ee)"
2013,MURSHIDABAD,DOMKAL,GARIBPUR,"doi:10.7910/DVN/ZHF9WC datafile 10396541 (r3-all-2013.csv.gz, md5 e6950bd317dabe3b41bf7738c248e7ee)"
2013,MURSHIDABAD,DOMKAL,GHORAMARA,"doi:10.7910/DVN/ZHF9WC datafile 10396541 (r3-all-2013.csv.gz, md5 e6950bd317dabe3b41bf7738c248e7ee)"
2013,MURSHIDABAD,DOMKAL,JITPUR,"doi:10.7910/DVN/ZHF9WC datafile 10396541 (r3-all-2013.csv.gz, md5 e6950bd317dabe3b41bf7738c248e7ee)"
2013,MURSHIDABAD,DOMKAL,JUGINDA,"doi:10.7910/DVN/ZHF9WC datafile 10396541 (r3-all-2013.csv.gz, md5 e6950bd317dabe3b41bf7738c248e7ee)"
2013,MURSHIDABAD,DOMKAL,JURANPUR,"doi:10.7910/DVN/ZHF9WC datafile 10396541 (r3-all-2013.csv.gz, md5 e6950bd317dabe3b41bf7738c248e7ee)"
2013,MURSHIDABAD,DOMKAL,MADHURKUL,"doi:10.7910/DVN/ZHF9WC datafile 10396541 (r3-all-2013.csv.gz, md5 e6950bd317dabe3b41bf7738c248e7ee)"
2013,MURSHIDABAD,DOMKAL,RAIPUR,"doi:10.7910/DVN/ZHF9WC datafile 10396541 (r3-all-2013.csv.gz, md5 e6950bd317dabe3b41bf7738c248e7ee)"
2013,MURSHIDABAD,DOMKAL,SARANGPUR,"doi:10.7910/DVN/ZHF9WC datafile 10396541 (r3-all-2013.csv.gz, md5 e6950bd317dabe3b41bf7738c248e7ee)"
2013,BIRBHUM,DUBRAJPUR,BALIJURI,"doi:10.7910/DVN/ZHF9WC datafile 10396541 (r3-all-2013.csv.gz, md5 e6950bd317dabe3b41bf7738c248e7ee)"
2013,BIRBHUM,DUBRAJPUR,CHINPAI,"doi:10.7910/DVN/ZHF9WC datafile 10396541 (r3-all-2013.csv.gz, md5 e6950bd317dabe3b41bf7738c248e7ee)"
2013,BIRBHUM,DUBRAJPUR,GOHALIARA,"doi:10.7910/DVN/ZHF9WC datafile 10396541 (r3-all-2013.csv.gz, md5 e6950bd317dabe3b41bf7738c248e7ee)"
2013,BIRBHUM,DUBRAJPUR,HETAMPUR,"doi:10.7910/DVN/ZHF9WC datafile 10396541 (r3-all-2013.csv.gz, md5 e6950bd317dabe3b41bf7738c248e7ee)"
2013,BIRBHUM,DUBRAJPUR,JASHPUR,"doi:10.7910/DVN/ZHF9WC datafile 10396541 (r3-all-2013.csv.gz, md5 e6950bd317dabe3b41bf7738c248e7ee)"
2013,BIRBHUM,DUBRAJPUR,LAXMI-NARAYANPUR,"doi:10.7910/DVN/ZHF9WC datafile 10396541 (r3-all-2013.csv.gz, md5 e6950bd317dabe3b41bf7738c248e7ee)"
2013,BIRBHUM,DUBRAJPUR,LOBA,"doi:10.7910/DVN/ZHF9WC datafile 10396541 (r3-all-2013.csv.gz, md5 e6950bd317dabe3b41bf7738c248e7ee)"
2013,BIRBHUM,DUBRAJPUR,PADUMA,"doi:10.7910/DVN/ZHF9WC datafile 10396541 (r3-all-2013.csv.gz, md5 e6950bd317dabe3b41bf7738c248e7ee)"
2013,BIRBHUM,DUBRAJPUR,PARULIA,"doi:10.7910/DVN/ZHF9WC datafile 10396541 (r3-all-2013.csv.gz, md5 e6950bd317dabe3b41bf7738c248e7ee)"
2013,BIRBHUM,DUBRAJPUR,SAHAPUR,"doi:10.7910/DVN/ZHF9WC datafile 10396541 (r3-all-2013.csv.gz, md5 e6950bd317dabe3b41bf7738c248e7ee)"
2013,PASCHIM BARDHAMAN,DURGAPUR FARIDPUR,GOGLA,"doi:10.7910/DVN/ZHF9WC datafile 10396541 (r3-all-2013.csv.gz, md5 e6950bd317dabe3b41bf7738c248e7ee)"
2013,PASCHIM BARDHAMAN,DURGAPUR FARIDPUR,GOURBAZAR,"doi:10.7910/DVN/ZHF9WC datafile 10396541 (r3-all-2013.csv.gz, md5 e6950bd317dabe3b41bf7738c248e7ee)"
2013,PASCHIM BARDHAMAN,DURGAPUR FARIDPUR,ICHHAPUR,"doi:10.7910/DVN/ZHF9WC datafile 10396541 (r3-all-2013.csv.gz, md5 e6950bd317dabe3b41bf7738c248e7ee)"
2013,PASCHIM BARDHAMAN,DURGAPUR FARIDPUR,JEMUA,"doi:10.7910/DVN/ZHF9WC datafile 10396541 (r3-all-2013.csv.gz, md5 e6950bd317dabe3b41bf7738c248e7ee)"
2013,PASCHIM BARDHAMAN,DURGAPUR FARIDPUR,LAUDOHA,"doi:10.7910/DVN/ZHF9WC datafile 10396541 (r3-all-2013.csv.gz, md5 e6950bd317dabe3b41bf7738c248e7ee)"
2013,PASCHIM BARDHAMAN,DURGAPUR FARIDPUR,PRATAPPUR,"doi:10.7910/DVN/ZHF9WC datafile 10396541 (r3-all-2013.csv.gz, md5 e6950bd317dabe3b41bf7738c248e7ee)"
2013,PURBA MEDINIPUR,EGRA-I,BARIDA,"doi:10.7910/DVN/ZHF9WC datafile 10396541 (r3-all-2013.csv.gz, md5 e6950bd317dabe3b41bf7738c248e7ee)"
2013,PURBA MEDINIPUR,EGRA-I,CHATRI,"doi:10.7910/DVN/ZHF9WC datafile 10396541 (r3-all-2013.csv.gz, md5 e6950bd317dabe3b41bf7738c248e7ee)"
2013,PURBA MEDINIPUR,EGRA-I,JERTHAN,"doi:10.7910/DVN/ZHF9WC datafile 10396541 (r3-all-2013.csv.gz, md5 e6950bd317dabe3b41bf7738c248e7ee)"
2013,PURBA MEDINIPUR,EGRA-I,JUMKI,"doi:10.7910/DVN/ZHF9WC datafile 10396541 (r3-all-2013.csv.gz, md5 e6950bd317dabe3b41bf7738c248e7ee)"
2013,PURBA MEDINIPUR,EGRA-I,KASBA-EGRA,"doi:10.7910/DVN/ZHF9WC datafile 10396541 (r3-all-2013.csv.gz, md5 e6950bd317dabe3b41bf7738c248e7ee)"
2013,PURBA MEDINIPUR,EGRA-I,PANCHROL,"doi:10.7910/DVN/ZHF9WC datafile 10396541 (r3-all-2013.csv.gz, md5 e6950bd317dabe3b41bf7738c248e7ee)"
2013,PURBA MEDINIPUR,EGRA-I,RISHIBANKIMCHANDRA,"doi:10.7910/DVN/ZHF9WC datafile 10396541 (r3-all-2013.csv.gz, md5 e6950bd317dabe3b41bf7738c248e7ee)"
2013,PURBA MEDINIPUR,EGRA-I,SAHARAH,"doi:10.7910/DVN/ZHF9WC datafile 10396541 (r3-all-2013.csv.gz, md5 e6950bd317dabe3b41bf7738c248e7ee)"
2013,PURBA MEDINIPUR,EGRA-II,BASUDEVPUR,"doi:10.7910/DVN/ZHF9WC datafile 10396541 (r3-all-2013.csv.gz, md5 e6950bd317dabe3b41bf7738c248e7ee)"
2013,PURBA MEDINIPUR,EGRA-II,BATHUARI,"doi:10.7910/DVN/ZHF9WC datafile 10396541 (r3-all-2013.csv.gz, md5 e6950bd317dabe3b41bf7738c248e7ee)"
2013,PURBA MEDINIPUR,EGRA-II,BIBEKANANDA,"doi:10.7910/DVN/ZHF9WC datafile 10396541 (r3-all-2013.csv.gz, md5 e6950bd317dabe3b41bf7738c248e7ee)"
2013,PURBA MEDINIPUR,EGRA-II,DESBANDHU,"doi:10.7910/DVN/ZHF9WC datafile 10396541 (r3-all-2013.csv.gz, md5 e6950bd317dabe3b41bf7738c248e7ee)"
2013,PURBA MEDINIPUR,EGRA-II,DUBDA,"doi:10.7910/DVN/ZHF9WC datafile 10396541 (r3-all-2013.csv.gz, md5 e6950bd317dabe3b41bf7738c248e7ee)"
2013,PURBA MEDINIPUR,EGRA-II,MANJUSREE,"doi:10.7910/DVN/ZHF9WC datafile 10396541 (r3-all-2013.csv.gz, md5 e6950bd317dabe3b41bf7738c248e7ee)"
2013,PURBA MEDINIPUR,EGRA-II,PANIPARUL,"doi:10.7910/DVN/ZHF9WC datafile 10396541 (r3-all-2013.csv.gz, md5 e6950bd317dabe3b41bf7738c248e7ee)"
2013,PURBA MEDINIPUR,EGRA-II,SARBADOY,"doi:10.7910/DVN/ZHF9WC datafile 10396541 (r3-all-2013.csv.gz, md5 e6950bd317dabe3b41bf7738c248e7ee)"
2013,MALDAH,ENGLISH BAZAR,AMRITI,"doi:10.7910/DVN/ZHF9WC datafile 10396541 (r3-all-2013.csv.gz, md5 e6950bd317dabe3b41bf7738c248e7ee)"
2013,MALDAH,ENGLISH BAZAR,BINODPUR,"doi:10.7910/DVN/ZHF9WC datafile 10396541 (r3-all-2013.csv.gz, md5 e6950bd317dabe3b41bf7738c248e7ee)"
2013,MALDAH,ENGLISH BAZAR,FULBARIA,"doi:10.7910/DVN/ZHF9WC datafile 10396541 (r3-all-2013.csv.gz, md5 e6950bd317dabe3b41bf7738c248e7ee)"
2013,MALDAH,ENGLISH BAZAR,JADUPUR-I,"doi:10.7910/DVN/ZHF9WC datafile 10396541 (r3-all-2013.csv.gz, md5 e6950bd317dabe3b41bf7738c248e7ee)"
2013,MALDAH,ENGLISH BAZAR,JADUPUR-II,"doi:10.7910/DVN/ZHF9WC datafile 10396541 (r3-all-2013.csv.gz, md5 e6950bd317dabe3b41bf7738c248e7ee)"
2013,MALDAH,ENGLISH BAZAR,KAJIGRAM,"doi:10.7910/DVN/ZHF9WC datafile 10396541 (r3-all-2013.csv.gz, md5 e6950bd317dabe3b41bf7738c248e7ee)"
2013,MALDAH,ENGLISH BAZAR,KOTWALI,"doi:10.7910/DVN/ZHF9WC datafile 10396541 (r3-all-2013.csv.gz, md5 e6950bd317dabe3b41bf7738c248e7ee)"
2013,MALDAH,ENGLISH BAZAR,MAHADIPUR,"doi:10.7910/DVN/ZHF9WC datafile 10396541 (r3-all-2013.csv.gz, md5 e6950bd317dabe3b41bf7738c248e7ee)"
2013,MALDAH,ENGLISH BAZAR,MILKI,"doi:10.7910/DVN/ZHF9WC datafile 10396541 (r3-all-2013.csv.gz, md5 e6950bd317dabe3b41bf7738c248e7ee)"
2013,MALDAH,ENGLISH BAZAR,NARHATTA,"doi:10.7910/DVN/ZHF9WC datafile 10396541 (r3-all-2013.csv.gz, md5 e6950bd317dabe3b41bf7738c248e7ee)"
2013,MALDAH,ENGLISH BAZAR,SOVANAGAR,"doi:10.7910/DVN/ZHF9WC datafile 10396541 (r3-all-2013.csv.gz, md5 e6950bd317dabe3b41bf7738c248e7ee)"
2013,JALPAIGURI,FALAKATA,DALGAON,"doi:10.7910/DVN/ZHF9WC datafile 10396541 (r3-all-2013.csv.gz, md5 e6950bd317dabe3b41bf7738c248e7ee)"
2013,JALPAIGURI,FALAKATA,DEOGAON,"doi:10.7910/DVN/ZHF9WC datafile 10396541 (r3-all-2013.csv.gz, md5 e6950bd317dabe3b41bf7738c248e7ee)"
2013,JALPAIGURI,FALAKATA,DHANIRAMPUR-I,"doi:10.7910/DVN/ZHF9WC datafile 10396541 (r3-all-2013.csv.gz, md5 e6950bd317dabe3b41bf7738c248e7ee)"
2013,JALPAIGURI,FALAKATA,DHANIRAMPUR-II,"doi:10.7910/DVN/ZHF9WC datafile 10396541 (r3-all-2013.csv.gz, md5 e6950bd317dabe3b41bf7738c248e7ee)"
2013,JALPAIGURI,FALAKATA,FALAKATA-I,"doi:10.7910/DVN/ZHF9WC datafile 10396541 (r3-all-2013.csv.gz, md5 e6950bd317dabe3b41bf7738c248e7ee)"
2013,JALPAIGURI,FALAKATA,FALAKATA-II,"doi:10.7910/DVN/ZHF9WC datafile 10396541 (r3-all-2013.csv.gz, md5 e6950bd317dabe3b41bf7738c248e7ee)"
2013,JALPAIGURI,FALAKATA,GUABARNAGAR,"doi:10.7910/DVN/ZHF9WC datafile 10396541 (r3-all-2013.csv.gz, md5 e6950bd317dabe3b41bf7738c248e7ee)"
2013,JALPAIGURI,FALAKATA,JATESWAR-I,"doi:10.7910/DVN/ZHF9WC datafile 10396541 (r3-all-2013.csv.gz, md5 e6950bd317dabe3b41bf7738c248e7ee)"
2013,JALPAIGURI,FALAKATA,JATESWAR-II,"doi:10.7910/DVN/ZHF9WC datafile 10396541 (r3-all-2013.csv.gz, md5 e6950bd317dabe3b41bf7738c248e7ee)"
2013,JALPAIGURI,FALAKATA,MAIRADANGA,"doi:10.7910/DVN/ZHF9WC datafile 10396541 (r3-all-2013.csv.gz, md5 e6950bd317dabe3b41bf7738c248e7ee)"
2013,JALPAIGURI,FALAKATA,PARANGERPAR,"doi:10.7910/DVN/ZHF9WC datafile 10396541 (r3-all-2013.csv.gz, md5 e6950bd317dabe3b41bf7738c248e7ee)"
2013,JALPAIGURI,FALAKATA,SALKUMAR,"doi:10.7910/DVN/ZHF9WC datafile 10396541 (r3-all-2013.csv.gz, md5 e6950bd317dabe3b41bf7738c248e7ee)"
2013,24 PARGANAS SOUTH,FALTA,BANGANAGAR-I,"doi:10.7910/DVN/ZHF9WC datafile 10396541 (r3-all-2013.csv.gz, md5 e6950bd317dabe3b41bf7738c248e7ee)"
2013,24 PARGANAS SOUTH,FALTA,BANGANAGAR-II,"doi:10.7910/DVN/ZHF9WC datafile 10396541 (r3-all-2013.csv.gz, md5 e6950bd317dabe3b41bf7738c248e7ee)"
2013,24 PARGANAS SOUTH,FALTA,BELSINGHA-I,"doi:10.7910/DVN/ZHF9WC datafile 10396541 (r3-all-2013.csv.gz, md5 e6950bd317dabe3b41bf7738c248e7ee)"
2013,24 PARGANAS SOUTH,FALTA,BELSINGHA-II,"doi:10.7910/DVN/ZHF9WC datafile 10396541 (r3-all-2013.csv.gz, md5 e6950bd317dabe3b41bf7738c248e7ee)"
2013,24 PARGANAS SOUTH,FALTA,CHALUARI,"doi:10.7910/DVN/ZHF9WC datafile 10396541 (r3-all-2013.csv.gz, md5 e6950bd317dabe3b41bf7738c248e7ee)"
2013,24 PARGANAS SOUTH,FALTA,DEBIPUR,"doi:10.7910/DVN/ZHF9WC datafile 10396541 (r3-all-2013.csv.gz, md5 e6950bd317dabe3b41bf7738c248e7ee)"
2013,24 PARGANAS SOUTH,FALTA,FALTA,"doi:10.7910/DVN/ZHF9WC datafile 10396541 (r3-all-2013.csv.gz, md5 e6950bd317dabe3b41bf7738c248e7ee)"
2013,24 PARGANAS SOUTH,FALTA,FATEPUR,"doi:10.7910/DVN/ZHF9WC datafile 10396541 (r3-all-2013.csv.gz, md5 e6950bd317dabe3b41bf7738c248e7ee)"
2013,24 PARGANAS SOUTH,FALTA,GOPALPUR,"doi:10.7910/DVN/ZHF9WC datafile 10396541 (r3-all-2013.csv.gz, md5 e6950bd317dabe3b41bf7738c248e7ee)"
2013,24 PARGANAS SOUTH,FALTA,HARINDANGA-I,"doi:10.7910/DVN/ZHF9WC datafile 10396541 (r3-all-2013.csv.gz, md5 e6950bd317dabe3b41bf7738c248e7ee)"
2013,24 PARGANAS SOUTH,FALTA,HARINDANGA-II,"doi:10.7910/DVN/ZHF9WC datafile 10396541 (r3-all-2013.csv.gz, md5 e6950bd317dabe3b41bf7738c248e7ee)"
2013,24 PARGANAS SOUTH,FALTA,MALLIKPUR,"doi:10.7910/DVN/ZHF9WC datafile 10396541 (r3-all-2013.csv.gz, md5 e6950bd317dabe3b41bf7738c248e7ee)"
2013,24 PARGANAS SOUTH,FALTA,NOYAPUKURIA,"doi:10.7910/DVN/ZHF9WC datafile 10396541 (r3-all-2013.csv.gz, md5 e6950bd317dabe3b41bf7738c248e7ee)"
2013,MURSHIDABAD,FARAKKA,ARJUNPUR,"doi:10.7910/DVN/ZHF9WC datafile 10396541 (r3-all-2013.csv.gz, md5 e6950bd317dabe3b41bf7738c248e7ee)"
2013,MURSHIDABAD,FARAKKA,BAHADURPUR,"doi:10.7910/DVN/ZHF9WC datafile 10396541 (r3-all-2013.csv.gz, md5 e6950bd317dabe3b41bf7738c248e7ee)"
2013,MURSHIDABAD,FARAKKA,BENIAGRAM,"doi:10.7910/DVN/ZHF9WC datafile 10396541 (r3-all-2013.csv.gz, md5 e6950bd317dabe3b41bf7738c248e7ee)"
2013,MURSHIDABAD,FARAKKA,BEWA-I,"doi:10.7910/DVN/ZHF9WC datafile 10396541 (r3-all-2013.csv.gz, md5 e6950bd317dabe3b41bf7738c248e7ee)"
2013,MURSHIDABAD,FARAKKA,BEWA-II,"doi:10.7910/DVN/ZHF9WC datafile 10396541 (r3-all-2013.csv.gz, md5 e6950bd317dabe3b41bf7738c248e7ee)"
2013,MURSHIDABAD,FARAKKA,IMAMNAGAR,"doi:10.7910/DVN/ZHF9WC datafile 10396541 (r3-all-2013.csv.gz, md5 e6950bd317dabe3b41bf7738c248e7ee)"
2013,MURSHIDABAD,FARAKKA,MAHADEBNAGAR,"doi:10.7910/DVN/ZHF9WC datafile 10396541 (r3-all-2013.csv.gz, md5 e6950bd317dabe3b41bf7738c248e7ee)"
2013,MURSHIDABAD,FARAKKA,MAHESHPUR,"doi:10.7910/DVN/ZHF9WC datafile 10396541 (r3-all-2013.csv.gz, md5 e6950bd317dabe3b41bf7738c248e7ee)"
2013,MURSHIDABAD,FARAKKA,NAYANSUKH,"doi:10.7910/DVN/ZHF9WC datafile 10396541 (r3-all-2013.csv.gz, md5 e6950bd317dabe3b41bf7738c248e7ee)"
2013,24 PARGANAS (NORTH),GAIGHATA,CHANDPARA,"doi:10.7910/DVN/ZHF9WC datafile 10396541 (r3-all-2013.csv.gz, md5 e6950bd317dabe3b41bf7738c248e7ee)"
2013,24 PARGANAS (NORTH),GAIGHATA,DHARAMPUR-I,"doi:10.7910/DVN/ZHF9WC datafile 10396541 (r3-all-2013.csv.gz, md5 e6950bd317dabe3b41bf7738c248e7ee)"
2013,24 PARGANAS (NORTH),GAIGHATA,DHARAMPUR-II,"doi:10.7910/DVN/ZHF9WC datafile 10396541 (r3-all-2013.csv.gz, md5 e6950bd317dabe3b41bf7738c248e7ee)"
2013,24 PARGANAS (NORTH),GAIGHATA,DUMA,"doi:10.7910/DVN/ZHF9WC datafile 10396541 (r3-all-2013.csv.gz, md5 e6950bd317dabe3b41bf7738c248e7ee)"
2013,24 PARGANAS (NORTH),GAIGHATA,FULSARA,"doi:10.7910/DVN/ZHF9WC datafile 10396541 (r3-all-2013.csv.gz, md5 e6950bd317dabe3b41bf7738c248e7ee)"
2013,24 PARGANAS (NORTH),GAIGHATA,ICHAPUR-I,"doi:10.7910/DVN/ZHF9WC datafile 10396541 (r3-all-2013.csv.gz, md5 e6950bd317dabe3b41bf7738c248e7ee)"
2013,24 PARGANAS (NORTH),GAIGHATA,ICHAPUR-II,"doi:10.7910/DVN/ZHF9WC datafile 10396541 (r3-all-2013.csv.gz, md5 e6950bd317dabe3b41bf7738c248e7ee)"
2013,24 PARGANAS (NORTH),GAIGHATA,JALESWAR-I,"doi:10.7910/DVN/ZHF9WC datafile 10396541 (r3-all-2013.csv.gz, md5 e6950bd317dabe3b41bf7738c248e7ee)"
2013,24 PARGANAS (NORTH),GAIGHATA,JALESWAR-II,"doi:10.7910/DVN/ZHF9WC datafile 10396541 (r3-all-2013.csv.gz, md5 e6950bd317dabe3b41bf7738c248e7ee)"
2013,24 PARGANAS (NORTH),GAIGHATA,JHAUDANGA,"doi:10.7910/DVN/ZHF9WC datafile 10396541 (r3-all-2013.csv.gz, md5 e6950bd317dabe3b41bf7738c248e7ee)"
2013,24 PARGANAS (NORTH),GAIGHATA,RAMNAGAR,"doi:10.7910/DVN/ZHF9WC datafile 10396541 (r3-all-2013.csv.gz, md5 e6950bd317dabe3b41bf7738c248e7ee)"
2013,24 PARGANAS (NORTH),GAIGHATA,SHIMULPUR,"doi:10.7910/DVN/ZHF9WC datafile 10396541 (r3-all-2013.csv.gz, md5 e6950bd317dabe3b41bf7738c248e7ee)"
2013,24 PARGANAS (NORTH),GAIGHATA,SUTIA,"doi:10.7910/DVN/ZHF9WC datafile 10396541 (r3-all-2013.csv.gz, md5 e6950bd317dabe3b41bf7738c248e7ee)"
2013,PASCHIM BARDHAMAN,GALSI-I,BUDBUD,"doi:10.7910/DVN/ZHF9WC datafile 10396541 (r3-all-2013.csv.gz, md5 e6950bd317dabe3b41bf7738c248e7ee)"
2013,PASCHIM BARDHAMAN,GALSI-I,CHALKTENTUL,"doi:10.7910/DVN/ZHF9WC datafile 10396541 (r3-all-2013.csv.gz, md5 e6950bd317dabe3b41bf7738c248e7ee)"
2013,PASCHIM BARDHAMAN,GALSI-I,LOWAPUR-KRISHNARAMPUR,"doi:10.7910/DVN/ZHF9WC datafile 10396541 (r3-all-2013.csv.gz, md5 e6950bd317dabe3b41bf7738c248e7ee)"
2013,PASCHIM BARDHAMAN,GALSI-I,LOWA-RAMGOPALPUR,"doi:10.7910/DVN/ZHF9WC datafile 10396541 (r3-all-2013.csv.gz, md5 e6950bd317dabe3b41bf7738c248e7ee)"
2013,PASCHIM BARDHAMAN,GALSI-I,MANKAR,"doi:10.7910/DVN/ZHF9WC datafile 10396541 (r3-all-2013.csv.gz, md5 e6950bd317dabe3b41bf7738c248e7ee)"
2013,PASCHIM BARDHAMAN,GALSI-I,PARAJ,"doi:10.7910/DVN/ZHF9WC datafile 10396541 (r3-all-2013.csv.gz, md5 e6950bd317dabe3b41bf7738c248e7ee)"
2013,PASCHIM BARDHAMAN,GALSI-I,POTNA-PURSA,"doi:10.7910/DVN/ZHF9WC datafile 10396541 (r3-all-2013.csv.gz, md5 e6950bd317dabe3b41bf7738c248e7ee)"
2013,PASCHIM BARDHAMAN,GALSI-I,SERORAI,"doi:10.7910/DVN/ZHF9WC datafile 10396541 (r3-all-2013.csv.gz, md5 e6950bd317dabe3b41bf7738c248e7ee)"
2013,PASCHIM BARDHAMAN,GALSI-I,UCHHAGRAM,"doi:10.7910/DVN/ZHF9WC datafile 10396541 (r3-all-2013.csv.gz, md5 e6950bd317dabe3b41bf7738c248e7ee)"
2013,PASCHIM BARDHAMAN,GALSI-II,ADRA,"doi:10.7910/DVN/ZHF9WC datafile 10396541 (r3-all-2013.csv.gz, md5 e6950bd317dabe3b41bf7738c248e7ee)"
2013,PASCHIM BARDHAMAN,GALSI-II,BHURI,"doi:10.7910/DVN/ZHF9WC datafile 10396541 (r3-all-2013.csv.gz, md5 e6950bd317dabe3b41bf7738c248e7ee)"
2013,PASCHIM BARDHAMAN,GALSI-II,GALSI,"doi:10.7910/DVN/ZHF9WC datafile 10396541 (r3-all-2013.csv.gz, md5 e6950bd317dabe3b41bf7738c248e7ee)"
2013,PASCHIM BARDHAMAN,GALSI-II,GOHAGRAM,"doi:10.7910/DVN/ZHF9WC datafile 10396541 (r3-all-2013.csv.gz, md5 e6950bd317dabe3b41bf7738c248e7ee)"
2013,PASCHIM BARDHAMAN,GALSI-II,KHANO,"doi:10.7910/DVN/ZHF9WC datafile 10396541 (r3-all-2013.csv.gz, md5 e6950bd317dabe3b41bf7738c248e7ee)"
2013,PASCHIM BARDHAMAN,GALSI-II,KURKUBA,"doi:10.7910/DVN/ZHF9WC datafile 10396541 (r3-all-2013.csv.gz, md5 e6950bd317dabe3b41bf7738c248e7ee)"
2013,PASCHIM BARDHAMAN,GALSI-II,MASJIDPUR,"doi:10.7910/DVN/ZHF9WC datafile 10396541 (r3-all-2013.csv.gz, md5 e6950bd317dabe3b41bf7738c248e7ee)"
2013,PASCHIM BARDHAMAN,GALSI-II,SANKO,"doi:10.7910/DVN/ZHF9WC datafile 10396541 (r3-all-2013.csv.gz, md5 e6950bd317dabe3b41bf7738c248e7ee)"
2013,PASCHIM BARDHAMAN,GALSI-II,SATINANDI,"doi:10.7910/DVN/ZHF9WC datafile 10396541 (r3-all-2013.csv.gz, md5 e6950bd317dabe3b41bf7738c248e7ee)"
2013,BANKURA,GANGAJAL GHATI,BANASURIA,"doi:10.7910/DVN/ZHF9WC datafile 10396541 (r3-all-2013.csv.gz, md5 e6950bd317dabe3b41bf7738c248e7ee)"
2013,BANKURA,GANGAJAL GHATI,BARASHAL,"doi:10.7910/DVN/ZHF9WC datafile 10396541 (r3-all-2013.csv.gz, md5 e6950bd317dabe3b41bf7738c248e7ee)"
2013,BANKURA,GANGAJAL GHATI,BHAKTABANDH,"doi:10.7910/DVN/ZHF9WC datafile 10396541 (r3-all-2013.csv.gz, md5 e6950bd317dabe3b41bf7738c248e7ee)"
2013,BANKURA,GANGAJAL GHATI,GANGAJALGHATI,"doi:10.7910/DVN/ZHF9WC datafile 10396541 (r3-all-2013.csv.gz, md5 e6950bd317dabe3b41bf7738c248e7ee)"
2013,BANKURA,GANGAJAL GHATI,GOBINDADHAM,"doi:10.7910/DVN/ZHF9WC datafile 10396541 (r3-all-2013.csv.gz, md5 e6950bd317dabe3b41bf7738c248e7ee)"
2013,BANKURA,GANGAJAL GHATI,KAPISTA,"doi:10.7910/DVN/ZHF9WC datafile 10396541 (r3-all-2013.csv.gz, md5 e6950bd317dabe3b41bf7738c248e7ee)"
2013,BANKURA,GANGAJAL GHATI,LACHHMANPUR,"doi:10.7910/DVN/ZHF9WC datafile 10396541 (r3-all-2013.csv.gz, md5 e6950bd317dabe3b41bf7738c248e7ee)"
2013,BANKURA,GANGAJAL GHATI,LATIABONI,"doi:10.7910/DVN/ZHF9WC datafile 10396541 (r3-all-2013.csv.gz, md5 e6950bd317dabe3b41bf7738c248e7ee)"
2013,BANKURA,GANGAJAL GHATI,NITYANANDAPUR,"doi:10.7910/DVN/ZHF9WC datafile 10396541 (r3-all-2013.csv.gz, md5 e6950bd317dabe3b41bf7738c248e7ee)"
2013,BANKURA,GANGAJAL GHATI,PIRABONI,"doi:10.7910/DVN/ZHF9WC datafile 10396541 (r3-all-2013.csv.gz, md5 e6950bd317dabe3b41bf7738c248e7ee)"
2013,PASCHIM MEDINIPUR,GARBETA-I,AGRA,"doi:10.7910/DVN/ZHF9WC datafile 10396541 (r3-all-2013.csv.gz, md5 e6950bd317dabe3b41bf7738c248e7ee)"
2013,PASCHIM MEDINIPUR,GARBETA-I,AMKOPA,"doi:10.7910/DVN/ZHF9WC datafile 10396541 (r3-all-2013.csv.gz, md5 e6950bd317dabe3b41bf7738c248e7ee)"
2013,PASCHIM MEDINIPUR,GARBETA-I,AMLAGORA,"doi:10.7910/DVN/ZHF9WC datafile 10396541 (r3-all-2013.csv.gz, md5 e6950bd317dabe3b41bf7738c248e7ee)"
2013,PASCHIM MEDINIPUR,GARBETA-I,BARAMURA,"doi:10.7910/DVN/ZHF9WC datafile 10396541 (r3-all-2013.csv.gz, md5 e6950bd317dabe3b41bf7738c248e7ee)"
2013,PASCHIM MEDINIPUR,GARBETA-I,BENACHAPRA,"doi:10.7910/DVN/ZHF9WC datafile 10396541 (r3-all-2013.csv.gz, md5 e6950bd317dabe3b41bf7738c248e7ee)"
2013,PASCHIM MEDINIPUR,GARBETA-I,DHADIKA,"doi:10.7910/DVN/ZHF9WC datafile 10396541 (r3-all-2013.csv.gz, md5 e6950bd317dabe3b41bf7738c248e7ee)"
2013,PASCHIM MEDINIPUR,GARBETA-I,GARANGA,"doi:10.7910/DVN/ZHF9WC datafile 10396541 (r3-all-2013.csv.gz, md5 e6950bd317dabe3b41bf7738c248e7ee)"
2013,PASCHIM MEDINIPUR,GARBETA-I,GARHBETA,"doi:10.7910/DVN/ZHF9WC datafile 10396541 (r3-all-2013.csv.gz, md5 e6950bd317dabe3b41bf7738c248e7ee)"
2013,PASCHIM MEDINIPUR,GARBETA-I,KATRAUTTARBIL,"doi:10.7910/DVN/ZHF9WC datafile 10396541 (r3-all-2013.csv.gz, md5 e6950bd317dabe3b41bf7738c248e7ee)"
2013,PASCHIM MEDINIPUR,GARBETA-I,KHARKUSMA,"doi:10.7910/DVN/ZHF9WC datafile 10396541 (r3-all-2013.csv.gz, md5 e6950bd317dabe3b41bf7738c248e7ee)"
2013,PASCHIM MEDINIPUR,GARBETA-I,SANDHIPUR,"doi:10.7910/DVN/ZHF9WC datafile 10396541 (r3-all-2013.csv.gz, md5 e6950bd317dabe3b41bf7738c248e7ee)"
2013,PASCHIM MEDINIPUR,GARBETA-I,SHYAMNAGAR,"doi:10.7910/DVN/ZHF9WC datafile 10396541 (r3-all-2013.csv.gz, md5 e6950bd317dabe3b41bf7738c248e7ee)"
2013,PASCHIM MEDINIPUR,GARBETA-II,AMLASULI,"doi:10.7910/DVN/ZHF9WC datafile 10396541 (r3-all-2013.csv.gz, md5 e6950bd317dabe3b41bf7738c248e7ee)"
2013,PASCHIM MEDINIPUR,GARBETA-II,GOALTOR,"doi:10.7910/DVN/ZHF9WC datafile 10396541 (r3-all-2013.csv.gz, md5 e6950bd317dabe3b41bf7738c248e7ee)"
2013,PASCHIM MEDINIPUR,GARBETA-II,GOHALDANGA,"doi:10.7910/DVN/ZHF9WC datafile 10396541 (r3-all-2013.csv.gz, md5 e6950bd317dabe3b41bf7738c248e7ee)"
2013,PASCHIM MEDINIPUR,GARBETA-II,JEERAPARA,"doi:10.7910/DVN/ZHF9WC datafile 10396541 (r3-all-2013.csv.gz, md5 e6950bd317dabe3b41bf7738c248e7ee)"
2013,PASCHIM MEDINIPUR,GARBETA-II,JOGARDANGA,"doi:10.7910/DVN/ZHF9WC datafile 10396541 (r3-all-2013.csv.gz, md5 e6950bd317dabe3b41bf7738c248e7ee)"
2013,PASCHIM MEDINIPUR,GARBETA-II,MAKLI,"doi:10.7910/DVN/ZHF9WC datafile 10396541 (r3-all-2013.csv.gz, md5 e6950bd317dabe3b41bf7738c248e7ee)"
2013,PASCHIM MEDINIPUR,GARBETA-II,PATHARPARA,"doi:10.7910/DVN/ZHF9WC datafile 10396541 (r3-all-2013.csv.gz, md5 e6950bd317dabe3b41bf7738c248e7ee)"
2013,PASCHIM MEDINIPUR,GARBETA-II,PINGBANI,"doi:10.7910/DVN/ZHF9WC datafile 10396541 (r3-all-2013.csv.gz, md5 e6950bd317dabe3b41bf7738c248e7ee)"
2013,PASCHIM MEDINIPUR,GARBETA-II,PIYASALA,"doi:10.7910/DVN/ZHF9WC datafile 10396541 (r3-all-2013.csv.gz, md5 e6950bd317dabe3b41bf7738c248e7ee)"
2013,PASCHIM MEDINIPUR,GARBETA-II,SARBOTH,"doi:10.7910/DVN/ZHF9WC datafile 10396541 (r3-all-2013.csv.gz, md5 e6950bd317dabe3b41bf7738c248e7ee)"
2013,PASCHIM MEDINIPUR,GARBETA-III,AMSOLE,"doi:10.7910/DVN/ZHF9WC datafile 10396541 (r3-all-2013.csv.gz, md5 e6950bd317dabe3b41bf7738c248e7ee)"
2013,PASCHIM MEDINIPUR,GARBETA-III,KARSA,"doi:10.7910/DVN/ZHF9WC datafile 10396541 (r3-all-2013.csv.gz, md5 e6950bd317dabe3b41bf7738c248e7ee)"
2013,PASCHIM MEDINIPUR,GARBETA-III,NALBONA,"doi:10.7910/DVN/ZHF9WC datafile 10396541 (r3-all-2013.csv.gz, md5 e6950bd317dabe3b41bf7738c248e7ee)"
2013,PASCHIM MEDINIPUR,GARBETA-III,NAYABASAT,"doi:10.7910/DVN/ZHF9WC datafile 10396541 (r3-all-2013.csv.gz, md5 e6950bd317dabe3b41bf7738c248e7ee)"
2013,PASCHIM MEDINIPUR,GARBETA-III,RASKUNDA,"doi:10.7910/DVN/ZHF9WC datafile 10396541 (r3-all-2013.csv.gz, md5 e6950bd317dabe3b41bf7738c248e7ee)"
2013,PASCHIM MEDINIPUR,GARBETA-III,SATBANKURA,"doi:10.7910/DVN/ZHF9WC datafile 10396541 (r3-all-2013.csv.gz, md5 e6950bd317dabe3b41bf7738c248e7ee)"
2013,PASCHIM MEDINIPUR,GARBETA-III,SHANKARKANTA,"doi:10.7910/DVN/ZHF9WC datafile 10396541 (r3-all-2013.csv.gz, md5 e6950bd317dabe3b41bf7738c248e7ee)"
2013,PASCHIM MEDINIPUR,GARBETA-III,URIASAI,"doi:10.7910/DVN/ZHF9WC datafile 10396541 (r3-all-2013.csv.gz, md5 e6950bd317dabe3b41bf7738c248e7ee)"
2013,Darjeeling Gorkha Hill Council (DGHC),GARUBATHAN,AAHALEY,"doi:10.7910/DVN/ZHF9WC datafile 10396541 (r3-all-2013.csv.gz, md5 e6950bd317dabe3b41bf7738c248e7ee)"
2013,Darjeeling Gorkha Hill Council (DGHC),GARUBATHAN,DALIM,"doi:10.7910/DVN/ZHF9WC datafile 10396541 (r3-all-2013.csv.gz, md5 e6950bd317dabe3b41bf7738c248e7ee)"
2013,Darjeeling Gorkha Hill Council (DGHC),GARUBATHAN,GARUBATHAN-I,"doi:10.7910/DVN/ZHF9WC datafile 10396541 (r3-all-2013.csv.gz, md5 e6950bd317dabe3b41bf7738c248e7ee)"
2013,Darjeeling Gorkha Hill Council (DGHC),GARUBATHAN,GARUBATHAN-II,"doi:10.7910/DVN/ZHF9WC datafile 10396541 (r3-all-2013.csv.gz, md5 e6950bd317dabe3b41bf7738c248e7ee)"
2013,Darjeeling Gorkha Hill Council (DGHC),GARUBATHAN,KUMAI,"doi:10.7910/DVN/ZHF9WC datafile 10396541 (r3-all-2013.csv.gz, md5 e6950bd317dabe3b41bf7738c248e7ee)"
2013,Darjeeling Gorkha Hill Council (DGHC),GARUBATHAN,NIM,"doi:10.7910/DVN/ZHF9WC datafile 10396541 (r3-all-2013.csv.gz, md5 e6950bd317dabe3b41bf7738c248e7ee)"
2013,Darjeeling Gorkha Hill Council (DGHC),GARUBATHAN,PATENGODAK,"doi:10.7910/DVN/ZHF9WC datafile 10396541 (r3-all-2013.csv.gz, md5 e6950bd317dabe3b41bf7738c248e7ee)"
2013,Darjeeling Gorkha Hill Council (DGHC),GARUBATHAN,POKHREYBONG,"doi:10.7910/DVN/ZHF9WC datafile 10396541 (r3-all-2013.csv.gz, md5 e6950bd317dabe3b41bf7738c248e7ee)"
2013,Darjeeling Gorkha Hill Council (DGHC),GARUBATHAN,RONGO,"doi:10.7910/DVN/ZHF9WC datafile 10396541 (r3-all-2013.csv.gz, md5 e6950bd317dabe3b41bf7738c248e7ee)"
2013,Darjeeling Gorkha Hill Council (DGHC),GARUBATHAN,SAMSING,"doi:10.7910/DVN/ZHF9WC datafile 10396541 (r3-all-2013.csv.gz, md5 e6950bd317dabe3b41bf7738c248e7ee)"
2013,Darjeeling Gorkha Hill Council (DGHC),GARUBATHAN,TODEYTANGTA,"doi:10.7910/DVN/ZHF9WC datafile 10396541 (r3-all-2013.csv.gz, md5 e6950bd317dabe3b41bf7738c248e7ee)"
2013,MALDAH,GAZOLE,ALAL,"doi:10.7910/DVN/ZHF9WC datafile 10396541 (r3-all-2013.csv.gz, md5 e6950bd317dabe3b41bf7738c248e7ee)"
2013,MALDAH,GAZOLE,BABUPUR,"doi:10.7910/DVN/ZHF9WC datafile 10396541 (r3-all-2013.csv.gz, md5 e6950bd317dabe3b41bf7738c248e7ee)"
2013,MALDAH,GAZOLE,BAIRGACHHI-I,"doi:10.7910/DVN/ZHF9WC datafile 10396541 (r3-all-2013.csv.gz, md5 e6950bd317dabe3b41bf7738c248e7ee)"
2013,MALDAH,GAZOLE,BAIRGACHHI-II,"doi:10.7910/DVN/ZHF9WC datafile 10396541 (r3-all-2013.csv.gz, md5 e6950bd317dabe3b41bf7738c248e7ee)"
2013,MALDAH,GAZOLE,CHAKNAGAR,"doi:10.7910/DVN/ZHF9WC datafile 10396541 (r3-all-2013.csv.gz, md5 e6950bd317dabe3b41bf7738c248e7ee)"
2013,MALDAH,GAZOLE,DEOTALA,"doi:10.7910/DVN/ZHF9WC datafile 10396541 (r3-all-2013.csv.gz, md5 e6950bd317dabe3b41bf7738c248e7ee)"
2013,MALDAH,GAZOLE,GAZOLE-I,"doi:10.7910/DVN/ZHF9WC datafile 10396541 (r3-all-2013.csv.gz, md5 e6950bd317dabe3b41bf7738c248e7ee)"
2013,MALDAH,GAZOLE,GAZOLE-II,"doi:10.7910/DVN/ZHF9WC datafile 10396541 (r3-all-2013.csv.gz, md5 e6950bd317dabe3b41bf7738c248e7ee)"
2013,MALDAH,GAZOLE,KARKACH,"doi:10.7910/DVN/ZHF9WC datafile 10396541 (r3-all-2013.csv.gz, md5 e6950bd317dabe3b41bf7738c248e7ee)"
2013,MALDAH,GAZOLE,MAJHRA,"doi:10.7910/DVN/ZHF9WC datafile 10396541 (r3-all-2013.csv.gz, md5 e6950bd317dabe3b41bf7738c248e7ee)"
2013,MALDAH,GAZOLE,PANDUA,"doi:10.7910/DVN/ZHF9WC datafile 10396541 (r3-all-2013.csv.gz, md5 e6950bd317dabe3b41bf7738c248e7ee)"
2013,MALDAH,GAZOLE,RANIGANJ-I,"doi:10.7910/DVN/ZHF9WC datafile 10396541 (r3-all-2013.csv.gz, md5 e6950bd317dabe3b41bf7738c248e7ee)"
2013,MALDAH,GAZOLE,RANIGANJ-II,"doi:10.7910/DVN/ZHF9WC datafile 10396541 (r3-all-2013.csv.gz, md5 e6950bd317dabe3b41bf7738c248e7ee)"
2013,MALDAH,GAZOLE,SAHAJADPUR,"doi:10.7910/DVN/ZHF9WC datafile 10396541 (r3-all-2013.csv.gz, md5 e6950bd317dabe3b41bf7738c248e7ee)"
2013,MALDAH,GAZOLE,SALAIDANGA,"doi:10.7910/DVN/ZHF9WC datafile 10396541 (r3-all-2013.csv.gz, md5 e6950bd317dabe3b41bf7738c248e7ee)"
2013,PASCHIM MEDINIPUR,GHATAL,AJABNAGAR-I,"doi:10.7910/DVN/ZHF9WC datafile 10396541 (r3-all-2013.csv.gz, md5 e6950bd317dabe3b41bf7738c248e7ee)"
2013,PASCHIM MEDINIPUR,GHATAL,AJABNAGAR-II,"doi:10.7910/DVN/ZHF9WC datafile 10396541 (r3-all-2013.csv.gz, md5 e6950bd317dabe3b41bf7738c248e7ee)"
2013,PASCHIM MEDINIPUR,GHATAL,BEERSINGHA,"doi:10.7910/DVN/ZHF9WC datafile 10396541 (r3-all-2013.csv.gz, md5 e6950bd317dabe3b41bf7738c248e7ee)"
2013,PASCHIM MEDINIPUR,GHATAL,DEWANCHAK-I,"doi:10.7910/DVN/ZHF9WC datafile 10396541 (r3-all-2013.csv.gz, md5 e6950bd317dabe3b41bf7738c248e7ee)"
2013,PASCHIM MEDINIPUR,GHATAL,DEWANCHAK-II,"doi:10.7910/DVN/ZHF9WC datafile 10396541 (r3-all-2013.csv.gz, md5 e6950bd317dabe3b41bf7738c248e7ee)"
2013,PASCHIM MEDINIPUR,GHATAL,IRHPALA,"doi:10.7910/DVN/ZHF9WC datafile 10396541 (r3-all-2013.csv.gz, md5 e6950bd317dabe3b41bf7738c248e7ee)"
2013,PASCHIM MEDINIPUR,GHATAL,MANSUKA-I,"doi:10.7910/DVN/ZHF9WC datafile 10396541 (r3-all-2013.csv.gz, md5 e6950bd317dabe3b41bf7738c248e7ee)"
2013,PASCHIM MEDINIPUR,GHATAL,MANSUKA-II,"doi:10.7910/DVN/ZHF9WC datafile 10396541 (r3-all-2013.csv.gz, md5 e6950bd317dabe3b41bf7738c248e7ee)"
2013,PASCHIM MEDINIPUR,GHATAL,MOHANPUR,"doi:10.7910/DVN/ZHF9WC datafile 10396541 (r3-all-2013.csv.gz, md5 e6950bd317dabe3b41bf7738c248e7ee)"
2013,PASCHIM MEDINIPUR,GHATAL,MONOHARPUR-I,"doi:10.7910/DVN/ZHF9WC datafile 10396541 (r3-all-2013.csv.gz, md5 e6950bd317dabe3b41bf7738c248e7ee)"
2013,PASCHIM MEDINIPUR,GHATAL,MONOHARPUR-II,"doi:10.7910/DVN/ZHF9WC datafile 10396541 (r3-all-2013.csv.gz, md5 e6950bd317dabe3b41bf7738c248e7ee)"
2013,PASCHIM MEDINIPUR,GHATAL,SULTANPUR,"doi:10.7910/DVN/ZHF9WC datafile 10396541 (r3-all-2013.csv.gz, md5 e6950bd317dabe3b41bf7738c248e7ee)"
2013,DINAJPUR UTTAR,GOALPOKHAR II,BELON,"doi:10.7910/DVN/ZHF9WC datafile 10396541 (r3-all-2013.csv.gz, md5 e6950bd317dabe3b41bf7738c248e7ee)"
2013,DINAJPUR UTTAR,GOALPOKHAR II,BIDYANANDAPUR,"doi:10.7910/DVN/ZHF9WC datafile 10396541 (r3-all-2013.csv.gz, md5 e6950bd317dabe3b41bf7738c248e7ee)"
2013,DINAJPUR UTTAR,GOALPOKHAR II,CHAKULIA,"doi:10.7910/DVN/ZHF9WC datafile 10396541 (r3-all-2013.csv.gz, md5 e6950bd317dabe3b41bf7738c248e7ee)"
2013,DINAJPUR UTTAR,GOALPOKHAR II,KANKI,"doi:10.7910/DVN/ZHF9WC datafile 10396541 (r3-all-2013.csv.gz, md5 e6950bd317dabe3b41bf7738c248e7ee)"
2013,DINAJPUR UTTAR,GOALPOKHAR II,NIJAMPUR-I,"doi:10.7910/DVN/ZHF9WC datafile 10396541 (r3-all-2013.csv.gz, md5 e6950bd317dabe3b41bf7738c248e7ee)"
2013,DINAJPUR UTTAR,GOALPOKHAR II,NIJAMPUR-II,"doi:10.7910/DVN/ZHF9WC datafile 10396541 (r3-all-2013.csv.gz, md5 e6950bd317dabe3b41bf7738c248e7ee)"
2013,DINAJPUR UTTAR,GOALPOKHAR II,SAHAPUR-I,"doi:10.7910/DVN/ZHF9WC datafile 10396541 (r3-all-2013.csv.gz, md5 e6950bd317dabe3b41bf7738c248e7ee)"
2013,DINAJPUR UTTAR,GOALPOKHAR II,SAHAPUR-II,"doi:10.7910/DVN/ZHF9WC datafile 10396541 (r3-all-2013.csv.gz, md5 e6950bd317dabe3b41bf7738c248e7ee)"
2013,DINAJPUR UTTAR,GOALPOKHAR II,SURJAPUR-I,"doi:10.7910/DVN/ZHF9WC datafile 10396541 (r3-all-2013.csv.gz, md5 e6950bd317dabe3b41bf7738c248e7ee)"
2013,DINAJPUR UTTAR,GOALPOKHAR II,SURJAPUR-II,"doi:10.7910/DVN/ZHF9WC datafile 10396541 (r3-all-2013.csv.gz, md5 e6950bd317dabe3b41bf7738c248e7ee)"
2013,DINAJPUR UTTAR,GOALPOKHAR II,TORIYAL,"doi:10.7910/DVN/ZHF9WC datafile 10396541 (r3-all-2013.csv.gz, md5 e6950bd317dabe3b41bf7738c248e7ee)"
2013,DINAJPUR UTTAR,GOALPOKHAR-I,DHARAMPUR-I,"doi:10.7910/DVN/ZHF9WC datafile 10396541 (r3-all-2013.csv.gz, md5 e6950bd317dabe3b41bf7738c248e7ee)"
2013,DINAJPUR UTTAR,GOALPOKHAR-I,DHARAMPUR-II,"doi:10.7910/DVN/ZHF9WC datafile 10396541 (r3-all-2013.csv.gz, md5 e6950bd317dabe3b41bf7738c248e7ee)"
2013,DINAJPUR UTTAR,GOALPOKHAR-I,GOAGAON-I,"doi:10.7910/DVN/ZHF9WC datafile 10396541 (r3-all-2013.csv.gz, md5 e6950bd317dabe3b41bf7738c248e7ee)"
2013,DINAJPUR UTTAR,GOALPOKHAR-I,GOAGAON-II,"doi:10.7910/DVN/ZHF9WC datafile 10396541 (r3-all-2013.csv.gz, md5 e6950bd317dabe3b41bf7738c248e7ee)"
2013,DINAJPUR UTTAR,GOALPOKHAR-I,GOALPOKHAR,"doi:10.7910/DVN/ZHF9WC datafile 10396541 (r3-all-2013.csv.gz, md5 e6950bd317dabe3b41bf7738c248e7ee)"
2013,DINAJPUR UTTAR,GOALPOKHAR-I,GOTI,"doi:10.7910/DVN/ZHF9WC datafile 10396541 (r3-all-2013.csv.gz, md5 e6950bd317dabe3b41bf7738c248e7ee)"
2013,DINAJPUR UTTAR,GOALPOKHAR-I,JAINGAON,"doi:10.7910/DVN/ZHF9WC datafile 10396541 (r3-all-2013.csv.gz, md5 e6950bd317dabe3b41bf7738c248e7ee)"
2013,DINAJPUR UTTAR,GOALPOKHAR-I,KHAGORE,"doi:10.7910/DVN/ZHF9WC datafile 10396541 (r3-all-2013.csv.gz, md5 e6950bd317dabe3b41bf7738c248e7ee)"
2013,DINAJPUR UTTAR,GOALPOKHAR-I,LODHAN,"doi:10.7910/DVN/ZHF9WC datafile 10396541 (r3-all-2013.csv.gz, md5 e6950bd317dabe3b41bf7738c248e7ee)"
2013,DINAJPUR UTTAR,GOALPOKHAR-I,MAHUA,"doi:10.7910/DVN/ZHF9WC datafile 10396541 (r3-all-2013.csv.gz, md5 e6950bd317dabe3b41bf7738c248e7ee)"
2013,DINAJPUR UTTAR,GOALPOKHAR-I,PANJIPARA,"doi:10.7910/DVN/ZHF9WC datafile 10396541 (r3-all-2013.csv.gz, md5 e6950bd317dabe3b41bf7738c248e7ee)"
2013,DINAJPUR UTTAR,GOALPOKHAR-I,POKHARIA,"doi:10.7910/DVN/ZHF9WC datafile 10396541 (r3-all-2013.csv.gz, md5 e6950bd317dabe3b41bf7738c248e7ee)"
2013,DINAJPUR UTTAR,GOALPOKHAR-I,SAHAPUR-I,"doi:10.7910/DVN/ZHF9WC datafile 10396541 (r3-all-2013.csv.gz, md5 e6950bd317dabe3b41bf7738c248e7ee)"
2013,DINAJPUR UTTAR,GOALPOKHAR-I,SAHAPUR-II,"doi:10.7910/DVN/ZHF9WC datafile 10396541 (r3-all-2013.csv.gz, md5 e6950bd317dabe3b41bf7738c248e7ee)"
2013,HOOGHLY,GOGHAT-I,BALI,"doi:10.7910/DVN/ZHF9WC datafile 10396541 (r3-all-2013.csv.gz, md5 e6950bd317dabe3b41bf7738c248e7ee)"
2013,HOOGHLY,GOGHAT-I,BHADUR,"doi:10.7910/DVN/ZHF9WC datafile 10396541 (r3-all-2013.csv.gz, md5 e6950bd317dabe3b41bf7738c248e7ee)"
2013,HOOGHLY,GOGHAT-I,GOGHAT,"doi:10.7910/DVN/ZHF9WC datafile 10396541 (r3-all-2013.csv.gz, md5 e6950bd317dabe3b41bf7738c248e7ee)"
2013,HOOGHLY,GOGHAT-I,KUMARSA,"doi:10.7910/DVN/ZHF9WC datafile 10396541 (r3-all-2013.csv.gz, md5 e6950bd317dabe3b41bf7738c248e7ee)"
2013,HOOGHLY,GOGHAT-I,NAKUNDA,"doi:10.7910/DVN/ZHF9WC datafile 10396541 (r3-all-2013.csv.gz, md5 e6950bd317dabe3b41bf7738c248e7ee)"
2013,HOOGHLY,GOGHAT-I,RAGHUBATI,"doi:10.7910/DVN/ZHF9WC datafile 10396541 (r3-all-2013.csv.gz, md5 e6950bd317dabe3b41bf7738c248e7ee)"
2013,HOOGHLY,GOGHAT-I,SAORA,"doi:10.7910/DVN/ZHF9WC datafile 10396541 (r3-all-2013.csv.gz, md5 e6950bd317dabe3b41bf7738c248e7ee)"
2013,HOOGHLY,GOGHAT-II,BADANGANJ-FALUI-I,"doi:10.7910/DVN/ZHF9WC datafile 10396541 (r3-all-2013.csv.gz, md5 e6950bd317dabe3b41bf7738c248e7ee)"
2013,HOOGHLY,GOGHAT-II,BADANGANJ-FALUI-II,"doi:10.7910/DVN/ZHF9WC datafile 10396541 (r3-all-2013.csv.gz, md5 e6950bd317dabe3b41bf7738c248e7ee)"
2013,HOOGHLY,GOGHAT-II,BENGAI,"doi:10.7910/DVN/ZHF9WC datafile 10396541 (r3-all-2013.csv.gz, md5 e6950bd317dabe3b41bf7738c248e7ee)"
2013,HOOGHLY,GOGHAT-II,HAZIPUR,"doi:10.7910/DVN/ZHF9WC datafile 10396541 (r3-all-2013.csv.gz, md5 e6950bd317dabe3b41bf7738c248e7ee)"
2013,HOOGHLY,GOGHAT-II,KAMARPUKUR,"doi:10.7910/DVN/ZHF9WC datafile 10396541 (r3-all-2013.csv.gz, md5 e6950bd317dabe3b41bf7738c248e7ee)"
2013,HOOGHLY,GOGHAT-II,KUMARGANJ,"doi:10.7910/DVN/ZHF9WC datafile 10396541 (r3-all-2013.csv.gz, md5 e6950bd317dabe3b41bf7738c248e7ee)"
2013,HOOGHLY,GOGHAT-II,MANDARAN,"doi:10.7910/DVN/ZHF9WC datafile 10396541 (r3-all-2013.csv.gz, md5 e6950bd317dabe3b41bf7738c248e7ee)"
2013,HOOGHLY,GOGHAT-II,PASCHIMPARA,"doi:10.7910/DVN/ZHF9WC datafile 10396541 (r3-all-2013.csv.gz, md5 e6950bd317dabe3b41bf7738c248e7ee)"
2013,HOOGHLY,GOGHAT-II,SHYAMBAZAR,"doi:10.7910/DVN/ZHF9WC datafile 10396541 (r3-all-2013.csv.gz, md5 e6950bd317dabe3b41bf7738c248e7ee)"
2013,PASCHIM MEDINIPUR,GOPIBALLAV PUR -II,BELIABERA,"doi:10.7910/DVN/ZHF9WC datafile 10396541 (r3-all-2013.csv.gz, md5 e6950bd317dabe3b41bf7738c248e7ee)"
2013,PASCHIM MEDINIPUR,GOPIBALLAV PUR -II,CHORCHITA,"doi:10.7910/DVN/ZHF9WC datafile 10396541 (r3-all-2013.csv.gz, md5 e6950bd317dabe3b41bf7738c248e7ee)"
2013,PASCHIM MEDINIPUR,GOPIBALLAV PUR -II,KHARBANDHI,"doi:10.7910/DVN/ZHF9WC datafile 10396541 (r3-all-2013.csv.gz, md5 e6950bd317dabe3b41bf7738c248e7ee)"
2013,PASCHIM MEDINIPUR,GOPIBALLAV PUR -II,KULIANA,"doi:10.7910/DVN/ZHF9WC datafile 10396541 (r3-all-2013.csv.gz, md5 e6950bd317dabe3b41bf7738c248e7ee)"
2013,PASCHIM MEDINIPUR,GOPIBALLAV PUR -II,NOTA,"doi:10.7910/DVN/ZHF9WC datafile 10396541 (r3-all-2013.csv.gz, md5 e6950bd317dabe3b41bf7738c248e7ee)"
2013,PASCHIM MEDINIPUR,GOPIBALLAV PUR -II,PETBINDHI,"doi:10.7910/DVN/ZHF9WC datafile 10396541 (r3-all-2013.csv.gz, md5 e6950bd317dabe3b41bf7738c248e7ee)"
2013,PASCHIM MEDINIPUR,GOPIBALLAV PUR -II,TAPSHIA,"doi:10.7910/DVN/ZHF9WC datafile 10396541 (r3-all-2013.csv.gz, md5 e6950bd317dabe3b41bf7738c248e7ee)"
2013,PASCHIM MEDINIPUR,GOPIBALLAVPUR-I,ALAMPUR,"doi:10.7910/DVN/ZHF9WC datafile 10396541 (r3-all-2013.csv.gz, md5 e6950bd317dabe3b41bf7738c248e7ee)"
2013,PASCHIM MEDINIPUR,GOPIBALLAVPUR-I,AMARDA,"doi:10.7910/DVN/ZHF9WC datafile 10396541 (r3-all-2013.csv.gz, md5 e6950bd317dabe3b41bf7738c248e7ee)"
2013,PASCHIM MEDINIPUR,GOPIBALLAVPUR-I,GOPIBALLAVPUR,"doi:10.7910/DVN/ZHF9WC datafile 10396541 (r3-all-2013.csv.gz, md5 e6950bd317dabe3b41bf7738c248e7ee)"
2013,PASCHIM MEDINIPUR,GOPIBALLAVPUR-I,KENDUGARI,"doi:10.7910/DVN/ZHF9WC datafile 10396541 (r3-all-2013.csv.gz, md5 e6950bd317dabe3b41bf7738c248e7ee)"
2013,PASCHIM MEDINIPUR,GOPIBALLAVPUR-I,SARIA,"doi:10.7910/DVN/ZHF9WC datafile 10396541 (r3-all-2013.csv.gz, md5 e6950bd317dabe3b41bf7738c248e7ee)"
2013,PASCHIM MEDINIPUR,GOPIBALLAVPUR-I,SATMA,"doi:10.7910/DVN/ZHF9WC datafile 10396541 (r3-all-2013.csv.gz, md5 e6950bd317dabe3b41bf7738c248e7ee)"
2013,PASCHIM MEDINIPUR,GOPIBALLAVPUR-I,SHASHRHA,"doi:10.7910/DVN/ZHF9WC datafile 10396541 (r3-all-2013.csv.gz, md5 e6950bd317dabe3b41bf7738c248e7ee)"
2013,24 PARGANAS SOUTH,GOSABA,AMTALI,"doi:10.7910/DVN/ZHF9WC datafile 10396541 (r3-all-2013.csv.gz, md5 e6950bd317dabe3b41bf7738c248e7ee)"
2013,24 PARGANAS SOUTH,GOSABA,BALI-I,"doi:10.7910/DVN/ZHF9WC datafile 10396541 (r3-all-2013.csv.gz, md5 e6950bd317dabe3b41bf7738c248e7ee)"
2013,24 PARGANAS SOUTH,GOSABA,BALI-II,"doi:10.7910/DVN/ZHF9WC datafile 10396541 (r3-all-2013.csv.gz, md5 e6950bd317dabe3b41bf7738c248e7ee)"
2013,24 PARGANAS SOUTH,GOSABA,BIPRADASPUR,"doi:10.7910/DVN/ZHF9WC datafile 10396541 (r3-all-2013.csv.gz, md5 e6950bd317dabe3b41bf7738c248e7ee)"
2013,24 PARGANAS SOUTH,GOSABA,CHHOTA MOLLAKHALI,"doi:10.7910/DVN/ZHF9WC datafile 10396541 (r3-all-2013.csv.gz, md5 e6950bd317dabe3b41bf7738c248e7ee)"
2013,24 PARGANAS SOUTH,GOSABA,GOSABA,"doi:10.7910/DVN/ZHF9WC datafile 10396541 (r3-all-2013.csv.gz, md5 e6950bd317dabe3b41bf7738c248e7ee)"
2013,24 PARGANAS SOUTH,GOSABA,KACHUKHALI,"doi:10.7910/DVN/ZHF9WC datafile 10396541 (r3-all-2013.csv.gz, md5 e6950bd317dabe3b41bf7738c248e7ee)"
2013,24 PARGANAS SOUTH,GOSABA,KUMIRMARI,"doi:10.7910/DVN/ZHF9WC datafile 10396541 (r3-all-2013.csv.gz, md5 e6950bd317dabe3b41bf7738c248e7ee)"
2013,24 PARGANAS SOUTH,GOSABA,LAHIRIPUR,"doi:10.7910/DVN/ZHF9WC datafile 10396541 (r3-all-2013.csv.gz, md5 e6950bd317dabe3b41bf7738c248e7ee)"
2013,24 PARGANAS SOUTH,GOSABA,PATHANKHALI,"doi:10.7910/DVN/ZHF9WC datafile 10396541 (r3-all-2013.csv.gz, md5 e6950bd317dabe3b41bf7738c248e7ee)"
2013,24 PARGANAS SOUTH,GOSABA,RADHANAGAR-TARANAGAR,"doi:10.7910/DVN/ZHF9WC datafile 10396541 (r3-all-2013.csv.gz, md5 e6950bd317dabe3b41bf7738c248e7ee)"
2013,24 PARGANAS SOUTH,GOSABA,RANGABELIA,"doi:10.7910/DVN/ZHF9WC datafile 10396541 (r3-all-2013.csv.gz, md5 e6950bd317dabe3b41bf7738c248e7ee)"
2013,24 PARGANAS SOUTH,GOSABA,SATJELIA,"doi:10.7910/DVN/ZHF9WC datafile 10396541 (r3-all-2013.csv.gz, md5 e6950bd317dabe3b41bf7738c248e7ee)"
2013,24 PARGANAS SOUTH,GOSABA,SHAMBHUNAGAR,"doi:10.7910/DVN/ZHF9WC datafile 10396541 (r3-all-2013.csv.gz, md5 e6950bd317dabe3b41bf7738c248e7ee)"
2013,DINAJPUR DAKSHIN,Gangarampur,ASHOKEGRAM,"doi:10.7910/DVN/ZHF9WC datafile 10396541 (r3-all-2013.csv.gz, md5 e6950bd317dabe3b41bf7738c248e7ee)"
2013,DINAJPUR DAKSHIN,Gangarampur,BASURIA,"doi:10.7910/DVN/ZHF9WC datafile 10396541 (r3-all-2013.csv.gz, md5 e6950bd317dabe3b41bf7738c248e7ee)"
2013,DINAJPUR DAKSHIN,Gangarampur,BELBARI-I,"doi:10.7910/DVN/ZHF9WC datafile 10396541 (r3-all-2013.csv.gz, md5 e6950bd317dabe3b41bf7738c248e7ee)"
2013,DINAJPUR DAKSHIN,Gangarampur,BELBARI-II,"doi:10.7910/DVN/ZHF9WC datafile 10396541 (r3-all-2013.csv.gz, md5 e6950bd317dabe3b41bf7738c248e7ee)"
2013,DINAJPUR DAKSHIN,Gangarampur,CHALOON,"doi:10.7910/DVN/ZHF9WC datafile 10396541 (r3-all-2013.csv.gz, md5 e6950bd317dabe3b41bf7738c248e7ee)"
2013,DINAJPUR DAKSHIN,Gangarampur,DAMDAMA,"doi:10.7910/DVN/ZHF9WC datafile 10396541 (r3-all-2013.csv.gz, md5 e6950bd317dabe3b41bf7738c248e7ee)"
2013,DINAJPUR DAKSHIN,Gangarampur,GANGARAMPUR,"doi:10.7910/DVN/ZHF9WC datafile 10396541 (r3-all-2013.csv.gz, md5 e6950bd317dabe3b41bf7738c248e7ee)"
2013,DINAJPUR DAKSHIN,Gangarampur,JAHANGIRPUR,"doi:10.7910/DVN/ZHF9WC datafile 10396541 (r3-all-2013.csv.gz, md5 e6950bd317dabe3b41bf7738c248e7ee)"
2013,DINAJPUR DAKSHIN,Gangarampur,NANDANPUR,"doi:10.7910/DVN/ZHF9WC datafile 10396541 (r3-all-2013.csv.gz, md5 e6950bd317dabe3b41bf7738c248e7ee)"
2013,DINAJPUR DAKSHIN,Gangarampur,SUKDEVPUR,"doi:10.7910/DVN/ZHF9WC datafile 10396541 (r3-all-2013.csv.gz, md5 e6950bd317dabe3b41bf7738c248e7ee)"
2013,DINAJPUR DAKSHIN,Gangarampur,UDAY,"doi:10.7910/DVN/ZHF9WC datafile 10396541 (r3-all-2013.csv.gz, md5 e6950bd317dabe3b41bf7738c248e7ee)"
2013,MALDAH,HABIBPUR,AIHO,"doi:10.7910/DVN/ZHF9WC datafile 10396541 (r3-all-2013.csv.gz, md5 e6950bd317dabe3b41bf7738c248e7ee)"
2013,MALDAH,HABIBPUR,AKTAIL,"doi:10.7910/DVN/ZHF9WC datafile 10396541 (r3-all-2013.csv.gz, md5 e6950bd317dabe3b41bf7738c248e7ee)"
2013,MALDAH,HABIBPUR,BAIDYAPUR,"doi:10.7910/DVN/ZHF9WC datafile 10396541 (r3-all-2013.csv.gz, md5 e6950bd317dabe3b41bf7738c248e7ee)"
2013,MALDAH,HABIBPUR,BULBULCHANDI,"doi:10.7910/DVN/ZHF9WC datafile 10396541 (r3-all-2013.csv.gz, md5 e6950bd317dabe3b41bf7738c248e7ee)"
2013,MALDAH,HABIBPUR,DHUMPUR,"doi:10.7910/DVN/ZHF9WC datafile 10396541 (r3-all-2013.csv.gz, md5 e6950bd317dabe3b41bf7738c248e7ee)"
2013,MALDAH,HABIBPUR,HABIBPUR,"doi:10.7910/DVN/ZHF9WC datafile 10396541 (r3-all-2013.csv.gz, md5 e6950bd317dabe3b41bf7738c248e7ee)"
2013,MALDAH,HABIBPUR,JAJAIL,"doi:10.7910/DVN/ZHF9WC datafile 10396541 (r3-all-2013.csv.gz, md5 e6950bd317dabe3b41bf7738c248e7ee)"
2013,MALDAH,HABIBPUR,KANTURKA,"doi:10.7910/DVN/ZHF9WC datafile 10396541 (r3-all-2013.csv.gz, md5 e6950bd317dabe3b41bf7738c248e7ee)"
2013,MALDAH,HABIBPUR,MANGALPUR,"doi:10.7910/DVN/ZHF9WC datafile 10396541 (r3-all-2013.csv.gz, md5 e6950bd317dabe3b41bf7738c248e7ee)"
2013,MALDAH,HABIBPUR,RISHIPUR,"doi:10.7910/DVN/ZHF9WC datafile 10396541 (r3-all-2013.csv.gz, md5 e6950bd317dabe3b41bf7738c248e7ee)"
2013,MALDAH,HABIBPUR,SREERAMPUR,"doi:10.7910/DVN/ZHF9WC datafile 10396541 (r3-all-2013.csv.gz, md5 e6950bd317dabe3b41bf7738c248e7ee)"
2013,24 PARGANAS (NORTH),HABRA-I,BERGOOM-I,"doi:10.7910/DVN/ZHF9WC datafile 10396541 (r3-all-2013.csv.gz, md5 e6950bd317dabe3b41bf7738c248e7ee)"
2013,24 PARGANAS (NORTH),HABRA-I,BERGOOM-II,"doi:10.7910/DVN/ZHF9WC datafile 10396541 (r3-all-2013.csv.gz, md5 e6950bd317dabe3b41bf7738c248e7ee)"
2013,24 PARGANAS (NORTH),HABRA-I,KUMRA,"doi:10.7910/DVN/ZHF9WC datafile 10396541 (r3-all-2013.csv.gz, md5 e6950bd317dabe3b41bf7738c248e7ee)"
2013,24 PARGANAS (NORTH),HABRA-I,MACHHLANDAPUR-I,"doi:10.7910/DVN/ZHF9WC datafile 10396541 (r3-all-2013.csv.gz, md5 e6950bd317dabe3b41bf7738c248e7ee)"
2013,24 PARGANAS (NORTH),HABRA-I,MACHHLANDAPUR-II,"doi:10.7910/DVN/ZHF9WC datafile 10396541 (r3-all-2013.csv.gz, md5 e6950bd317dabe3b41bf7738c248e7ee)"
2013,24 PARGANAS (NORTH),HABRA-I,PRITHIBA,"doi:10.7910/DVN/ZHF9WC datafile 10396541 (r3-all-2013.csv.gz, md5 e6950bd317dabe3b41bf7738c248e7ee)"
2013,24 PARGANAS (NORTH),HABRA-I,RAUTARA,"doi:10.7910/DVN/ZHF9WC datafile 10396541 (r3-all-2013.csv.gz, md5 e6950bd317dabe3b41bf7738c248e7ee)"
2013,24 PARGANAS (NORTH),HABRA-II,BANSPOLE,"doi:10.7910/DVN/ZHF9WC datafile 10396541 (r3-all-2013.csv.gz, md5 e6950bd317dabe3b41bf7738c248e7ee)"
2013,24 PARGANAS (NORTH),HABRA-II,BERABERI,"doi:10.7910/DVN/ZHF9WC datafile 10396541 (r3-all-2013.csv.gz, md5 e6950bd317dabe3b41bf7738c248e7ee)"
2013,24 PARGANAS (NORTH),HABRA-II,BHURKUNDA,"doi:10.7910/DVN/ZHF9WC datafile 10396541 (r3-all-2013.csv.gz, md5 e6950bd317dabe3b41bf7738c248e7ee)"
2013,24 PARGANAS (NORTH),HABRA-II,DIGHARA MALIKBERIA,"doi:10.7910/DVN/ZHF9WC datafile 10396541 (r3-all-2013.csv.gz, md5 e6950bd317dabe3b41bf7738c248e7ee)"
2013,24 PARGANAS (NORTH),HABRA-II,GUMA-I,"doi:10.7910/DVN/ZHF9WC datafile 10396541 (r3-all-2013.csv.gz, md5 e6950bd317dabe3b41bf7738c248e7ee)"
2013,24 PARGANAS (NORTH),HABRA-II,GUMA-II,"doi:10.7910/DVN/ZHF9WC datafile 10396541 (r3-all-2013.csv.gz, md5 e6950bd317dabe3b41bf7738c248e7ee)"
2013,24 PARGANAS (NORTH),HABRA-II,RAJIBPUR BIRA,"doi:10.7910/DVN/ZHF9WC datafile 10396541 (r3-all-2013.csv.gz, md5 e6950bd317dabe3b41bf7738c248e7ee)"
2013,24 PARGANAS (NORTH),HABRA-II,SRIKRISHNAPUR,"doi:10.7910/DVN/ZHF9WC datafile 10396541 (r3-all-2013.csv.gz, md5 e6950bd317dabe3b41bf7738c248e7ee)"
2013,PURBA MEDINIPUR,HALDIA,BARUTTARHINGLY,"doi:10.7910/DVN/ZHF9WC datafile 10396541 (r3-all-2013.csv.gz, md5 e6950bd317dabe3b41bf7738c248e7ee)"
2013,PURBA MEDINIPUR,HALDIA,CHAKDWIPA,"doi:10.7910/DVN/ZHF9WC datafile 10396541 (r3-all-2013.csv.gz, md5 e6950bd317dabe3b41bf7738c248e7ee)"
2013,PURBA MEDINIPUR,HALDIA,DEBHOG,"doi:10.7910/DVN/ZHF9WC datafile 10396541 (r3-all-2013.csv.gz, md5 e6950bd317dabe3b41bf7738c248e7ee)"
2013,PURBA MEDINIPUR,HALDIA,DEULPOTA,"doi:10.7910/DVN/ZHF9WC datafile 10396541 (r3-all-2013.csv.gz, md5 e6950bd317dabe3b41bf7738c248e7ee)"
2013,COOCHBEHAR,HALDIBARI,BOXIGANJ,"doi:10.7910/DVN/ZHF9WC datafile 10396541 (r3-all-2013.csv.gz, md5 e6950bd317dabe3b41bf7738c248e7ee)"
2013,COOCHBEHAR,HALDIBARI,DAKSHIN BARA HALDIBARI,"doi:10.7910/DVN/ZHF9WC datafile 10396541 (r3-all-2013.csv.gz, md5 e6950bd317dabe3b41bf7738c248e7ee)"
2013,COOCHBEHAR,HALDIBARI,DEWANGANJ,"doi:10.7910/DVN/ZHF9WC datafile 10396541 (r3-all-2013.csv.gz, md5 e6950bd317dabe3b41bf7738c248e7ee)"
2013,COOCHBEHAR,HALDIBARI,HEMKUMARI,"doi:10.7910/DVN/ZHF9WC datafile 10396541 (r3-all-2013.csv.gz, md5 e6950bd317dabe3b41bf7738c248e7ee)"
2013,COOCHBEHAR,HALDIBARI,PER-MEKHLIGANJ,"doi:10.7910/DVN/ZHF9WC datafile 10396541 (r3-all-2013.csv.gz, md5 e6950bd317dabe3b41bf7738c248e7ee)"
2013,COOCHBEHAR,HALDIBARI,UTTAR BARA HALDIBARI,"doi:10.7910/DVN/ZHF9WC datafile 10396541 (r3-all-2013.csv.gz, md5 e6950bd317dabe3b41bf7738c248e7ee)"
2013,NADIA,HANSKHALI,BAGULA-I,"doi:10.7910/DVN/ZHF9WC datafile 10396541 (r3-all-2013.csv.gz, md5 e6950bd317dabe3b41bf7738c248e7ee)"
2013,NADIA,HANSKHALI,BAGULA-II,"doi:10.7910/DVN/ZHF9WC datafile 10396541 (r3-all-2013.csv.gz, md5 e6950bd317dabe3b41bf7738c248e7ee)"
2013,NADIA,HANSKHALI,BATKULLA-I,"doi:10.7910/DVN/ZHF9WC datafile 10396541 (r3-all-2013.csv.gz, md5 e6950bd317dabe3b41bf7738c248e7ee)"
2013,NADIA,HANSKHALI,BATKULLA-II,"doi:10.7910/DVN/ZHF9WC datafile 10396541 (r3-all-2013.csv.gz, md5 e6950bd317dabe3b41bf7738c248e7ee)"
2013,NADIA,HANSKHALI,BETNA GOBINDAPUR,"doi:10.7910/DVN/ZHF9WC datafile 10396541 (r3-all-2013.csv.gz, md5 e6950bd317dabe3b41bf7738c248e7ee)"
2013,NADIA,HANSKHALI,DAKSHINPARA-I,"doi:10.7910/DVN/ZHF9WC datafile 10396541 (r3-all-2013.csv.gz, md5 e6950bd317dabe3b41bf7738c248e7ee)"
2013,NADIA,HANSKHALI,DAKSHINPARA-II,"doi:10.7910/DVN/ZHF9WC datafile 10396541 (r3-all-2013.csv.gz, md5 e6950bd317dabe3b41bf7738c248e7ee)"
2013,NADIA,HANSKHALI,GAJNA,"doi:10.7910/DVN/ZHF9WC datafile 10396541 (r3-all-2013.csv.gz, md5 e6950bd317dabe3b41bf7738c248e7ee)"
2013,NADIA,HANSKHALI,MAMJOAN,"doi:10.7910/DVN/ZHF9WC datafile 10396541 (r3-all-2013.csv.gz, md5 e6950bd317dabe3b41bf7738c248e7ee)"
2013,NADIA,HANSKHALI,MAYURHAT-I,"doi:10.7910/DVN/ZHF9WC datafile 10396541 (r3-all-2013.csv.gz, md5 e6950bd317dabe3b41bf7738c248e7ee)"
2013,NADIA,HANSKHALI,MAYURHAT-II,"doi:10.7910/DVN/ZHF9WC datafile 10396541 (r3-all-2013.csv.gz, md5 e6950bd317dabe3b41bf7738c248e7ee)"
2013,NADIA,HANSKHALI,RAMNAGAR BARACHUPRIA-I,"doi:10.7910/DVN/ZHF9WC datafile 10396541 (r3-all-2013.csv.gz, md5 e6950bd317dabe3b41bf7738c248e7ee)"
2013,NADIA,HANSKHALI,RAMNAGAR BARACHUPRIA-II,"doi:10.7910/DVN/ZHF9WC datafile 10396541 (r3-all-2013.csv.gz, md5 e6950bd317dabe3b41bf7738c248e7ee)"
2013,MURSHIDABAD,HARIHARPARA,BEHARIA,"doi:10.7910/DVN/ZHF9WC datafile 10396541 (r3-all-2013.csv.gz, md5 e6950bd317dabe3b41bf7738c248e7ee)"
2013,MURSHIDABAD,HARIHARPARA,CHOA,"doi:10.7910/DVN/ZHF9WC datafile 10396541 (r3-all-2013.csv.gz, md5 e6950bd317dabe3b41bf7738c248e7ee)"
2013,MURSHIDABAD,HARIHARPARA,DHARAMPUR,"doi:10.7910/DVN/ZHF9WC datafile 10396541 (r3-all-2013.csv.gz, md5 e6950bd317dabe3b41bf7738c248e7ee)"
2013,MURSHIDABAD,HARIHARPARA,HARIHARPARA,"doi:10.7910/DVN/ZHF9WC datafile 10396541 (r3-all-2013.csv.gz, md5 e6950bd317dabe3b41bf7738c248e7ee)"
2013,MURSHIDABAD,HARIHARPARA,HUMAIPUR,"doi:10.7910/DVN/ZHF9WC datafile 10396541 (r3-all-2013.csv.gz, md5 e6950bd317dabe3b41bf7738c248e7ee)"
2013,MURSHIDABAD,HARIHARPARA,KHIDIRPUR,"doi:10.7910/DVN/ZHF9WC datafile 10396541 (r3-all-2013.csv.gz, md5 e6950bd317dabe3b41bf7738c248e7ee)"
2013,MURSHIDABAD,HARIHARPARA,MALOPARA,"doi:10.7910/DVN/ZHF9WC datafile 10396541 (r3-all-2013.csv.gz, md5 e6950bd317dabe3b41bf7738c248e7ee)"
2013,MURSHIDABAD,HARIHARPARA,RAIPUR,"doi:10.7910/DVN/ZHF9WC datafile 10396541 (r3-all-2013.csv.gz, md5 e6950bd317dabe3b41bf7738c248e7ee)"
2013,MURSHIDABAD,HARIHARPARA,RUKUNPUR,"doi:10.7910/DVN/ZHF9WC datafile 10396541 (r3-all-2013.csv.gz, md5 e6950bd317dabe3b41bf7738c248e7ee)"
2013,MURSHIDABAD,HARIHARPARA,SWARUPPUR,"doi:10.7910/DVN/ZHF9WC datafile 10396541 (r3-all-2013.csv.gz, md5 e6950bd317dabe3b41bf7738c248e7ee)"
2013,NADIA,HARINGHATA,BEROHI-I,"doi:10.7910/DVN/ZHF9WC datafile 10396541 (r3-all-2013.csv.gz, md5 e6950bd317dabe3b41bf7738c248e7ee)"
2013,NADIA,HARINGHATA,BEROHI-II,"doi:10.7910/DVN/ZHF9WC datafile 10396541 (r3-all-2013.csv.gz, md5 e6950bd317dabe3b41bf7738c248e7ee)"
2013,NADIA,HARINGHATA,FATEPUR,"doi:10.7910/DVN/ZHF9WC datafile 10396541 (r3-all-2013.csv.gz, md5 e6950bd317dabe3b41bf7738c248e7ee)"
2013,NADIA,HARINGHATA,HARINGHATA-I,"doi:10.7910/DVN/ZHF9WC datafile 10396541 (r3-all-2013.csv.gz, md5 e6950bd317dabe3b41bf7738c248e7ee)"
2013,NADIA,HARINGHATA,HARINGHATA-II,"doi:10.7910/DVN/ZHF9WC datafile 10396541 (r3-all-2013.csv.gz, md5 e6950bd317dabe3b41bf7738c248e7ee)"
2013,NADIA,HARINGHATA,KASTODANGA-I,"doi:10.7910/DVN/ZHF9WC datafile 10396541 (r3-all-2013.csv.gz, md5 e6950bd317dabe3b41bf7738c248e7ee)"
2013,NADIA,HARINGHATA,KASTODANGA-II,"doi:10.7910/DVN/ZHF9WC datafile 10396541 (r3-all-2013.csv.gz, md5 e6950bd317dabe3b41bf7738c248e7ee)"
2013,NADIA,HARINGHATA,MOLLABELIA,"doi:10.7910/DVN/ZHF9WC datafile 10396541 (r3-all-2013.csv.gz, md5 e6950bd317dabe3b41bf7738c248e7ee)"
2013,NADIA,HARINGHATA,NAGARUKHRA-I,"doi:10.7910/DVN/ZHF9WC datafile 10396541 (r3-all-2013.csv.gz, md5 e6950bd317dabe3b41bf7738c248e7ee)"
2013,NADIA,HARINGHATA,NAGARUKHRA-II,"doi:10.7910/DVN/ZHF9WC datafile 10396541 (r3-all-2013.csv.gz, md5 e6950bd317dabe3b41bf7738c248e7ee)"
2013,HOOGHLY,HARIPAL,HARIPALASHUTOSH,"doi:10.7910/DVN/ZHF9WC datafile 10396541 (r3-all-2013.csv.gz, md5 e6950bd317dabe3b41bf7738c248e7ee)"
2013,HOOGHLY,HARIPAL,ALIPURKASHIPUR,"doi:10.7910/DVN/ZHF9WC datafile 10396541 (r3-all-2013.csv.gz, md5 e6950bd317dabe3b41bf7738c248e7ee)"
2013,HOOGHLY,HARIPAL,BANDIPUR,"doi:10.7910/DVN/ZHF9WC datafile 10396541 (r3-all-2013.csv.gz, md5 e6950bd317dabe3b41bf7738c248e7ee)"
2013,HOOGHLY,HARIPAL,CHANDANPUR,"doi:10.7910/DVN/ZHF9WC datafile 10396541 (r3-all-2013.csv.gz, md5 e6950bd317dabe3b41bf7738c248e7ee)"
2013,HOOGHLY,HARIPAL,DWARHATTA,"doi:10.7910/DVN/ZHF9WC datafile 10396541 (r3-all-2013.csv.gz, md5 e6950bd317dabe3b41bf7738c248e7ee)"
2013,HOOGHLY,HARIPAL,HARIPALKINGKARBATI,"doi:10.7910/DVN/ZHF9WC datafile 10396541 (r3-all-2013.csv.gz, md5 e6950bd317dabe3b41bf7738c248e7ee)"
2013,HOOGHLY,HARIPAL,HARIPALSAHADEV,"doi:10.7910/DVN/ZHF9WC datafile 10396541 (r3-all-2013.csv.gz, md5 e6950bd317dabe3b41bf7738c248e7ee)"
2013,HOOGHLY,HARIPAL,JEJUR,"doi:10.7910/DVN/ZHF9WC datafile 10396541 (r3-all-2013.csv.gz, md5 e6950bd317dabe3b41bf7738c248e7ee)"
2013,HOOGHLY,HARIPAL,KAIKALA,"doi:10.7910/DVN/ZHF9WC datafile 10396541 (r3-all-2013.csv.gz, md5 e6950bd317dabe3b41bf7738c248e7ee)"
2013,HOOGHLY,HARIPAL,NALIKULPASCHIM,"doi:10.7910/DVN/ZHF9WC datafile 10396541 (r3-all-2013.csv.gz, md5 e6950bd317dabe3b41bf7738c248e7ee)"
2013,HOOGHLY,HARIPAL,NALIKULPURBA,"doi:10.7910/DVN/ZHF9WC datafile 10396541 (r3-all-2013.csv.gz, md5 e6950bd317dabe3b41bf7738c248e7ee)"
2013,HOOGHLY,HARIPAL,NARAYANPURBAHIRKHANDA,"doi:10.7910/DVN/ZHF9WC datafile 10396541 (r3-all-2013.csv.gz, md5 e6950bd317dabe3b41bf7738c248e7ee)"
2013,HOOGHLY,HARIPAL,PASCHIMGOPINATHPUR,"doi:10.7910/DVN/ZHF9WC datafile 10396541 (r3-all-2013.csv.gz, md5 e6950bd317dabe3b41bf7738c248e7ee)"
2013,HOOGHLY,HARIPAL,PYANTRA,"doi:10.7910/DVN/ZHF9WC datafile 10396541 (r3-all-2013.csv.gz, md5 e6950bd317dabe3b41bf7738c248e7ee)"
2013,HOOGHLY,HARIPAL,SRIPATIPURILIPUR,"doi:10.7910/DVN/ZHF9WC datafile 10396541 (r3-all-2013.csv.gz, md5 e6950bd317dabe3b41bf7738c248e7ee)"
2013,MALDAH,HARISHCHANDRAPUR-I,BARUI,"doi:10.7910/DVN/ZHF9WC datafile 10396541 (r3-all-2013.csv.gz, md5 e6950bd317dabe3b41bf7738c248e7ee)"
2013,MALDAH,HARISHCHANDRAPUR-I,BHINGOLE,"doi:10.7910/DVN/ZHF9WC datafile 10396541 (r3-all-2013.csv.gz, md5 e6950bd317dabe3b41bf7738c248e7ee)"
2013,MALDAH,HARISHCHANDRAPUR-I,HARISHCHANDRAPUR,"doi:10.7910/DVN/ZHF9WC datafile 10396541 (r3-all-2013.csv.gz, md5 e6950bd317dabe3b41bf7738c248e7ee)"
2013,MALDAH,HARISHCHANDRAPUR-I,KUSIDHA,"doi:10.7910/DVN/ZHF9WC datafile 10396541 (r3-all-2013.csv.gz, md5 e6950bd317dabe3b41bf7738c248e7ee)"
2013,MALDAH,HARISHCHANDRAPUR-I,MAHENDRAPUR,"doi:10.7910/DVN/ZHF9WC datafile 10396541 (r3-all-2013.csv.gz, md5 e6950bd317dabe3b41bf7738c248e7ee)"
2013,MALDAH,HARISHCHANDRAPUR-I,RASHIDABAD,"doi:10.7910/DVN/ZHF9WC datafile 10396541 (r3-all-2013.csv.gz, md5 e6950bd317dabe3b41bf7738c248e7ee)"
2013,MALDAH,HARISHCHANDRAPUR-I,TULSIHATTA,"doi:10.7910/DVN/ZHF9WC datafile 10396541 (r3-all-2013.csv.gz, md5 e6950bd317dabe3b41bf7738c248e7ee)"
2013,MALDAH,HARISHCHANDRAPUR-II,DAULATPUR,"doi:10.7910/DVN/ZHF9WC datafile 10396541 (r3-all-2013.csv.gz, md5 e6950bd317dabe3b41bf7738c248e7ee)"
2013,MALDAH,HARISHCHANDRAPUR-II,DOULATNAGAR,"doi:10.7910/DVN/ZHF9WC datafile 10396541 (r3-all-2013.csv.gz, md5 e6950bd317dabe3b41bf7738c248e7ee)"
2013,MALDAH,HARISHCHANDRAPUR-II,ISLAMPUR,"doi:10.7910/DVN/ZHF9WC datafile 10396541 (r3-all-2013.csv.gz, md5 e6950bd317dabe3b41bf7738c248e7ee)"
2013,MALDAH,HARISHCHANDRAPUR-II,MALIOR-I,"doi:10.7910/DVN/ZHF9WC datafile 10396541 (r3-all-2013.csv.gz, md5 e6950bd317dabe3b41bf7738c248e7ee)"
2013,MALDAH,HARISHCHANDRAPUR-II,MALIOR-II,"doi:10.7910/DVN/ZHF9WC datafile 10396541 (r3-all-2013.csv.gz, md5 e6950bd317dabe3b41bf7738c248e7ee)"
2013,MALDAH,HARISHCHANDRAPUR-II,MASHALDAHA,"doi:10.7910/DVN/ZHF9WC datafile 10396541 (r3-all-2013.csv.gz, md5 e6950bd317dabe3b41bf7738c248e7ee)"
2013,MALDAH,HARISHCHANDRAPUR-II,SADLICHAK,"doi:10.7910/DVN/ZHF9WC datafile 10396541 (r3-all-2013.csv.gz, md5 e6950bd317dabe3b41bf7738c248e7ee)"
2013,MALDAH,HARISHCHANDRAPUR-II,SULTANNAGAR,"doi:10.7910/DVN/ZHF9WC datafile 10396541 (r3-all-2013.csv.gz, md5 e6950bd317dabe3b41bf7738c248e7ee)"
2013,MALDAH,HARISHCHANDRAPUR-II,VALUKA,"doi:10.7910/DVN/ZHF9WC datafile 10396541 (r3-all-2013.csv.gz, md5 e6950bd317dabe3b41bf7738c248e7ee)"
2013,24 PARGANAS (NORTH),HAROA,BAKJURI,"doi:10.7910/DVN/ZHF9WC datafile 10396541 (r3-all-2013.csv.gz, md5 e6950bd317dabe3b41bf7738c248e7ee)"
2013,24 PARGANAS (NORTH),HAROA,GOPALPUR-I,"doi:10.7910/DVN/ZHF9WC datafile 10396541 (r3-all-2013.csv.gz, md5 e6950bd317dabe3b41bf7738c248e7ee)"
2013,24 PARGANAS (NORTH),HAROA,GOPALPUR-II,"doi:10.7910/DVN/ZHF9WC datafile 10396541 (r3-all-2013.csv.gz, md5 e6950bd317dabe3b41bf7738c248e7ee)"
2013,24 PARGANAS (NORTH),HAROA,HAROA,"doi:10.7910/DVN/ZHF9WC datafile 10396541 (r3-all-2013.csv.gz, md5 e6950bd317dabe3b41bf7738c248e7ee)"
2013,24 PARGANAS (NORTH),HAROA,KHASBALANDA,"doi:10.7910/DVN/ZHF9WC datafile 10396541 (r3-all-2013.csv.gz, md5 e6950bd317dabe3b41bf7738c248e7ee)"
2013,24 PARGANAS (NORTH),HAROA,KULTI,"doi:10.7910/DVN/ZHF9WC datafile 10396541 (r3-all-2013.csv.gz, md5 e6950bd317dabe3b41bf7738c248e7ee)"
2013,24 PARGANAS (NORTH),HAROA,SHALIPUR,"doi:10.7910/DVN/ZHF9WC datafile 10396541 (r3-all-2013.csv.gz, md5 e6950bd317dabe3b41bf7738c248e7ee)"
2013,24 PARGANAS (NORTH),HAROA,SONAPUKUR SANKARPUR,"doi:10.7910/DVN/ZHF9WC datafile 10396541 (r3-all-2013.csv.gz, md5 e6950bd317dabe3b41bf7738c248e7ee)"
2013,24 PARGANAS (NORTH),HASNABAD,AMLANI,"doi:10.7910/DVN/ZHF9WC datafile 10396541 (r3-all-2013.csv.gz, md5 e6950bd317dabe3b41bf7738c248e7ee)"
2013,24 PARGANAS (NORTH),HASNABAD,BARUNHAT RAMESWARPUR,"doi:10.7910/DVN/ZHF9WC datafile 10396541 (r3-all-2013.csv.gz, md5 e6950bd317dabe3b41bf7738c248e7ee)"
2013,24 PARGANAS (NORTH),HASNABAD,BHABANIPUR-I,"doi:10.7910/DVN/ZHF9WC datafile 10396541 (r3-all-2013.csv.gz, md5 e6950bd317dabe3b41bf7738c248e7ee)"
2013,24 PARGANAS (NORTH),HASNABAD,BHABANIPUR-II,"doi:10.7910/DVN/ZHF9WC datafile 10396541 (r3-all-2013.csv.gz, md5 e6950bd317dabe3b41bf7738c248e7ee)"
2013,24 PARGANAS (NORTH),HASNABAD,BHEBIA,"doi:10.7910/DVN/ZHF9WC datafile 10396541 (r3-all-2013.csv.gz, md5 e6950bd317dabe3b41bf7738c248e7ee)"
2013,24 PARGANAS (NORTH),HASNABAD,HASNABAD,"doi:10.7910/DVN/ZHF9WC datafile 10396541 (r3-all-2013.csv.gz, md5 e6950bd317dabe3b41bf7738c248e7ee)"
2013,24 PARGANAS (NORTH),HASNABAD,MAKHALGACHHA,"doi:10.7910/DVN/ZHF9WC datafile 10396541 (r3-all-2013.csv.gz, md5 e6950bd317dabe3b41bf7738c248e7ee)"
2013,24 PARGANAS (NORTH),HASNABAD,MURARISHA,"doi:10.7910/DVN/ZHF9WC datafile 10396541 (r3-all-2013.csv.gz, md5 e6950bd317dabe3b41bf7738c248e7ee)"
2013,24 PARGANAS (NORTH),HASNABAD,PATLIKHANPUR,"doi:10.7910/DVN/ZHF9WC datafile 10396541 (r3-all-2013.csv.gz, md5 e6950bd317dabe3b41bf7738c248e7ee)"
2013,DINAJPUR UTTAR,HEMTABAD,BANGALBARI,"doi:10.7910/DVN/ZHF9WC datafile 10396541 (r3-all-2013.csv.gz, md5 e6950bd317dabe3b41bf7738c248e7ee)"
2013,DINAJPUR UTTAR,HEMTABAD,BISHNUPUR,"doi:10.7910/DVN/ZHF9WC datafile 10396541 (r3-all-2013.csv.gz, md5 e6950bd317dabe3b41bf7738c248e7ee)"
2013,DINAJPUR UTTAR,HEMTABAD,CHAINAGAR,"doi:10.7910/DVN/ZHF9WC datafile 10396541 (r3-all-2013.csv.gz, md5 e6950bd317dabe3b41bf7738c248e7ee)"
2013,DINAJPUR UTTAR,HEMTABAD,HEMTABAD,"doi:10.7910/DVN/ZHF9WC datafile 10396541 (r3-all-2013.csv.gz, md5 e6950bd317dabe3b41bf7738c248e7ee)"
2013,DINAJPUR UTTAR,HEMTABAD,NAODA,"doi:10.7910/DVN/ZHF9WC datafile 10396541 (r3-all-2013.csv.gz, md5 e6950bd317dabe3b41bf7738c248e7ee)"
2013,24 PARGANAS (NORTH),HINGALGANJ,BISHPUR,"doi:10.7910/DVN/ZHF9WC datafile 10396541 (r3-all-2013.csv.gz, md5 e6950bd317dabe3b41bf7738c248e7ee)"
2013,24 PARGANAS (NORTH),HINGALGANJ,DULDULI,"doi:10.7910/DVN/ZHF9WC datafile 10396541 (r3-all-2013.csv.gz, md5 e6950bd317dabe3b41bf7738c248e7ee)"
2013,24 PARGANAS (NORTH),HINGALGANJ,GOBINDAKATI,"doi:10.7910/DVN/ZHF9WC datafile 10396541 (r3-all-2013.csv.gz, md5 e6950bd317dabe3b41bf7738c248e7ee)"
2013,24 PARGANAS (NORTH),HINGALGANJ,HINGALGANJ,"doi:10.7910/DVN/ZHF9WC datafile 10396541 (r3-all-2013.csv.gz, md5 e6950bd317dabe3b41bf7738c248e7ee)"
2013,24 PARGANAS (NORTH),HINGALGANJ,JOGESHGANJ,"doi:10.7910/DVN/ZHF9WC datafile 10396541 (r3-all-2013.csv.gz, md5 e6950bd317dabe3b41bf7738c248e7ee)"
2013,24 PARGANAS (NORTH),HINGALGANJ,KALITALA,"doi:10.7910/DVN/ZHF9WC datafile 10396541 (r3-all-2013.csv.gz, md5 e6950bd317dabe3b41bf7738c248e7ee)"
2013,24 PARGANAS (NORTH),HINGALGANJ,RUPAMARI,"doi:10.7910/DVN/ZHF9WC datafile 10396541 (r3-all-2013.csv.gz, md5 e6950bd317dabe3b41bf7738c248e7ee)"
2013,24 PARGANAS (NORTH),HINGALGANJ,SAHEBKHALI,"doi:10.7910/DVN/ZHF9WC datafile 10396541 (r3-all-2013.csv.gz, md5 e6950bd317dabe3b41bf7738c248e7ee)"
2013,24 PARGANAS (NORTH),HINGALGANJ,SANDELERBIL,"doi:10.7910/DVN/ZHF9WC datafile 10396541 (r3-all-2013.csv.gz, md5 e6950bd317dabe3b41bf7738c248e7ee)"
2013,BANKURA,HIRBANDH,BAHARAMURI,"doi:10.7910/DVN/ZHF9WC datafile 10396541 (r3-all-2013.csv.gz, md5 e6950bd317dabe3b41bf7738c248e7ee)"
2013,BANKURA,HIRBANDH,GOPALPUR,"doi:10.7910/DVN/ZHF9WC datafile 10396541 (r3-all-2013.csv.gz, md5 e6950bd317dabe3b41bf7738c248e7ee)"
2013,BANKURA,HIRBANDH,HIRBANDH,"doi:10.7910/DVN/ZHF9WC datafile 10396541 (r3-all-2013.csv.gz, md5 e6950bd317dabe3b41bf7738c248e7ee)"
2013,BANKURA,HIRBANDH,MALIYAN,"doi:10.7910/DVN/ZHF9WC datafile 10396541 (r3-all-2013.csv.gz, md5 e6950bd317dabe3b41bf7738c248e7ee)"
2013,BANKURA,HIRBANDH,MOSHIARA,"doi:10.7910/DVN/ZHF9WC datafile 10396541 (r3-all-2013.csv.gz, md5 e6950bd317dabe3b41bf7738c248e7ee)"
2013,PURULIA,HURA,CHATUMADAR,"doi:10.7910/DVN/ZHF9WC datafile 10396541 (r3-all-2013.csv.gz, md5 e6950bd317dabe3b41bf7738c248e7ee)"
2013,PURULIA,HURA,DALDALI,"doi:10.7910/DVN/ZHF9WC datafile 10396541 (r3-all-2013.csv.gz, md5 e6950bd317dabe3b41bf7738c248e7ee)"
2013,PURULIA,HURA,HURA,"doi:10.7910/DVN/ZHF9WC datafile 10396541 (r3-all-2013.csv.gz, md5 e6950bd317dabe3b41bf7738c248e7ee)"
2013,PURULIA,HURA,JABARRAH,"doi:10.7910/DVN/ZHF9WC datafile 10396541 (r3-all-2013.csv.gz, md5 e6950bd317dabe3b41bf7738c248e7ee)"
2013,PURULIA,HURA,KALABANI,"doi:10.7910/DVN/ZHF9WC datafile 10396541 (r3-all-2013.csv.gz, md5 e6950bd317dabe3b41bf7738c248e7ee)"
2013,PURULIA,HURA,KESHERGARH,"doi:10.7910/DVN/ZHF9WC datafile 10396541 (r3-all-2013.csv.gz, md5 e6950bd317dabe3b41bf7738c248e7ee)"
2013,PURULIA,HURA,LADHURKA,"doi:10.7910/DVN/ZHF9WC datafile 10396541 (r3-all-2013.csv.gz, md5 e6950bd317dabe3b41bf7738c248e7ee)"
2013,PURULIA,HURA,LAKHANPUR,"doi:10.7910/DVN/ZHF9WC datafile 10396541 (r3-all-2013.csv.gz, md5 e6950bd317dabe3b41bf7738c248e7ee)"
2013,PURULIA,HURA,MAGURIA-LALPUR,"doi:10.7910/DVN/ZHF9WC datafile 10396541 (r3-all-2013.csv.gz, md5 e6950bd317dabe3b41bf7738c248e7ee)"
2013,PURULIA,HURA,RAKHERA-BISPURIA,"doi:10.7910/DVN/ZHF9WC datafile 10396541 (r3-all-2013.csv.gz, md5 e6950bd317dabe3b41bf7738c248e7ee)"
2013,DINAJPUR DAKSHIN,Harirampur,BAGICHAPUR,"doi:10.7910/DVN/ZHF9WC datafile 10396541 (r3-all-2013.csv.gz, md5 e6950bd317dabe3b41bf7738c248e7ee)"
2013,DINAJPUR DAKSHIN,Harirampur,BAIRHATTA,"doi:10.7910/DVN/ZHF9WC datafile 10396541 (r3-all-2013.csv.gz, md5 e6950bd317dabe3b41bf7738c248e7ee)"
2013,DINAJPUR DAKSHIN,Harirampur,GOKARNA,"doi:10.7910/DVN/ZHF9WC datafile 10396541 (r3-all-2013.csv.gz, md5 e6950bd317dabe3b41bf7738c248e7ee)"
2013,DINAJPUR DAKSHIN,Harirampur,PUNDARI,"doi:10.7910/DVN/ZHF9WC datafile 10396541 (r3-all-2013.csv.gz, md5 e6950bd317dabe3b41bf7738c248e7ee)"
2013,DINAJPUR DAKSHIN,Harirampur,SAIYADPUR,"doi:10.7910/DVN/ZHF9WC datafile 10396541 (r3-all-2013.csv.gz, md5 e6950bd317dabe3b41bf7738c248e7ee)"
2013,DINAJPUR DAKSHIN,Harirampur,SHIRSHI,"doi:10.7910/DVN/ZHF9WC datafile 10396541 (r3-all-2013.csv.gz, md5 e6950bd317dabe3b41bf7738c248e7ee)"
2013,DINAJPUR DAKSHIN,Hili,BINSHIRA,"doi:10.7910/DVN/ZHF9WC datafile 10396541 (r3-all-2013.csv.gz, md5 e6950bd317dabe3b41bf7738c248e7ee)"
2013,DINAJPUR DAKSHIN,Hili,DHALPARA,"doi:10.7910/DVN/ZHF9WC datafile 10396541 (r3-all-2013.csv.gz, md5 e6950bd317dabe3b41bf7738c248e7ee)"
2013,DINAJPUR DAKSHIN,Hili,HILI,"doi:10.7910/DVN/ZHF9WC datafile 10396541 (r3-all-2013.csv.gz, md5 e6950bd317dabe3b41bf7738c248e7ee)"
2013,DINAJPUR DAKSHIN,Hili,JAMALPUR,"doi:10.7910/DVN/ZHF9WC datafile 10396541 (r3-all-2013.csv.gz, md5 e6950bd317dabe3b41bf7738c248e7ee)"
2013,DINAJPUR DAKSHIN,Hili,PANJUL,"doi:10.7910/DVN/ZHF9WC datafile 10396541 (r3-all-2013.csv.gz, md5 e6950bd317dabe3b41bf7738c248e7ee)"
2013,BIRBHUM,ILLAMBAZAR,BATIKAR,"doi:10.7910/DVN/ZHF9WC datafile 10396541 (r3-all-2013.csv.gz, md5 e6950bd317dabe3b41bf7738c248e7ee)"
2013,BIRBHUM,ILLAMBAZAR,BELATI,"doi:10.7910/DVN/ZHF9WC datafile 10396541 (r3-all-2013.csv.gz, md5 e6950bd317dabe3b41bf7738c248e7ee)"
2013,BIRBHUM,ILLAMBAZAR,DHARAMPUR,"doi:10.7910/DVN/ZHF9WC datafile 10396541 (r3-all-2013.csv.gz, md5 e6950bd317dabe3b41bf7738c248e7ee)"
2013,BIRBHUM,ILLAMBAZAR,GHURISHA,"doi:10.7910/DVN/ZHF9WC datafile 10396541 (r3-all-2013.csv.gz, md5 e6950bd317dabe3b41bf7738c248e7ee)"
2013,BIRBHUM,ILLAMBAZAR,ILLAMBAZAR,"doi:10.7910/DVN/ZHF9WC datafile 10396541 (r3-all-2013.csv.gz, md5 e6950bd317dabe3b41bf7738c248e7ee)"
2013,BIRBHUM,ILLAMBAZAR,JOYDEV-KENDULI,"doi:10.7910/DVN/ZHF9WC datafile 10396541 (r3-all-2013.csv.gz, md5 e6950bd317dabe3b41bf7738c248e7ee)"
2013,BIRBHUM,ILLAMBAZAR,MONGOLDIHI,"doi:10.7910/DVN/ZHF9WC datafile 10396541 (r3-all-2013.csv.gz, md5 e6950bd317dabe3b41bf7738c248e7ee)"
2013,BIRBHUM,ILLAMBAZAR,NANASOLE,"doi:10.7910/DVN/ZHF9WC datafile 10396541 (r3-all-2013.csv.gz, md5 e6950bd317dabe3b41bf7738c248e7ee)"
2013,BIRBHUM,ILLAMBAZAR,SIRSHA,"doi:10.7910/DVN/ZHF9WC datafile 10396541 (r3-all-2013.csv.gz, md5 e6950bd317dabe3b41bf7738c248e7ee)"
2013,BANKURA,INDPUR,BHEDUASOLE,"doi:10.7910/DVN/ZHF9WC datafile 10396541 (r3-all-2013.csv.gz, md5 e6950bd317dabe3b41bf7738c248e7ee)"
2013,BANKURA,INDPUR,BRAHMANDIHA,"doi:10.7910/DVN/ZHF9WC datafile 10396541 (r3-all-2013.csv.gz, md5 e6950bd317dabe3b41bf7738c248e7ee)"
2013,BANKURA,INDPUR,BRAJARAJPUR,"doi:10.7910/DVN/ZHF9WC datafile 10396541 (r3-all-2013.csv.gz, md5 e6950bd317dabe3b41bf7738c248e7ee)"
2013,BANKURA,INDPUR,GOURBAZAR,"doi:10.7910/DVN/ZHF9WC datafile 10396541 (r3-all-2013.csv.gz, md5 e6950bd317dabe3b41bf7738c248e7ee)"
2013,BANKURA,INDPUR,HATAGRAM,"doi:10.7910/DVN/ZHF9WC datafile 10396541 (r3-all-2013.csv.gz, md5 e6950bd317dabe3b41bf7738c248e7ee)"
2013,BANKURA,INDPUR,INDPUR,"doi:10.7910/DVN/ZHF9WC datafile 10396541 (r3-all-2013.csv.gz, md5 e6950bd317dabe3b41bf7738c248e7ee)"
2013,BANKURA,INDPUR,RAGHUNATHPUR,"doi:10.7910/DVN/ZHF9WC datafile 10396541 (r3-all-2013.csv.gz, md5 e6950bd317dabe3b41bf7738c248e7ee)"
2013,BANKURA,INDUS,AKUI-I,"doi:10.7910/DVN/ZHF9WC datafile 10396541 (r3-all-2013.csv.gz, md5 e6950bd317dabe3b41bf7738c248e7ee)"
2013,BANKURA,INDUS,AKUI-II,"doi:10.7910/DVN/ZHF9WC datafile 10396541 (r3-all-2013.csv.gz, md5 e6950bd317dabe3b41bf7738c248e7ee)"
2013,BANKURA,INDUS,AMRUL,"doi:10.7910/DVN/ZHF9WC datafile 10396541 (r3-all-2013.csv.gz, md5 e6950bd317dabe3b41bf7738c248e7ee)"
2013,BANKURA,INDUS,DIGHALGRAM,"doi:10.7910/DVN/ZHF9WC datafile 10396541 (r3-all-2013.csv.gz, md5 e6950bd317dabe3b41bf7738c248e7ee)"
2013,BANKURA,INDUS,INDAS-I,"doi:10.7910/DVN/ZHF9WC datafile 10396541 (r3-all-2013.csv.gz, md5 e6950bd317dabe3b41bf7738c248e7ee)"
2013,BANKURA,INDUS,INDAS-II,"doi:10.7910/DVN/ZHF9WC datafile 10396541 (r3-all-2013.csv.gz, md5 e6950bd317dabe3b41bf7738c248e7ee)"
2013,BANKURA,INDUS,KARISUNDA,"doi:10.7910/DVN/ZHF9WC datafile 10396541 (r3-all-2013.csv.gz, md5 e6950bd317dabe3b41bf7738c248e7ee)"
2013,BANKURA,INDUS,MONGALPUR,"doi:10.7910/DVN/ZHF9WC datafile 10396541 (r3-all-2013.csv.gz, md5 e6950bd317dabe3b41bf7738c248e7ee)"
2013,BANKURA,INDUS,ROL,"doi:10.7910/DVN/ZHF9WC datafile 10396541 (r3-all-2013.csv.gz, md5 e6950bd317dabe3b41bf7738c248e7ee)"
2013,BANKURA,INDUS,SAHASPUR,"doi:10.7910/DVN/ZHF9WC datafile 10396541 (r3-all-2013.csv.gz, md5 e6950bd317dabe3b41bf7738c248e7ee)"
2013,DINAJPUR UTTAR,ISLAMPUR,AGDIMTI-KHANTI,"doi:10.7910/DVN/ZHF9WC datafile 10396541 (r3-all-2013.csv.gz, md5 e6950bd317dabe3b41bf7738c248e7ee)"
2013,DINAJPUR UTTAR,ISLAMPUR,GAISAL-I,"doi:10.7910/DVN/ZHF9WC datafile 10396541 (r3-all-2013.csv.gz, md5 e6950bd317dabe3b41bf7738c248e7ee)"
2013,DINAJPUR UTTAR,ISLAMPUR,GAISAL-II,"doi:10.7910/DVN/ZHF9WC datafile 10396541 (r3-all-2013.csv.gz, md5 e6950bd317dabe3b41bf7738c248e7ee)"
2013,DINAJPUR UTTAR,ISLAMPUR,GOBINDAPUR,"doi:10.7910/DVN/ZHF9WC datafile 10396541 (r3-all-2013.csv.gz, md5 e6950bd317dabe3b41bf7738c248e7ee)"
2013,DINAJPUR UTTAR,ISLAMPUR,GUNJARIA,"doi:10.7910/DVN/ZHF9WC datafile 10396541 (r3-all-2013.csv.gz, md5 e6950bd317dabe3b41bf7738c248e7ee)"
2013,DINAJPUR UTTAR,ISLAMPUR,ISLAMPUR,"doi:10.7910/DVN/ZHF9WC datafile 10396541 (r3-all-2013.csv.gz, md5 e6950bd317dabe3b41bf7738c248e7ee)"
2013,DINAJPUR UTTAR,ISLAMPUR,KAMALAGAON-SUJALI,"doi:10.7910/DVN/ZHF9WC datafile 10396541 (r3-all-2013.csv.gz, md5 e6950bd317dabe3b41bf7738c248e7ee)"
2013,DINAJPUR UTTAR,ISLAMPUR,MATIKUNDA-I,"doi:10.7910/DVN/ZHF9WC datafile 10396541 (r3-all-2013.csv.gz, md5 e6950bd317dabe3b41bf7738c248e7ee)"
2013,DINAJPUR UTTAR,ISLAMPUR,MATIKUNDA-II,"doi:10.7910/DVN/ZHF9WC datafile 10396541 (r3-all-2013.csv.gz, md5 e6950bd317dabe3b41bf7738c248e7ee)"
2013,DINAJPUR UTTAR,ISLAMPUR,PANDITPOTA-I,"doi:10.7910/DVN/ZHF9WC datafile 10396541 (r3-all-2013.csv.gz, md5 e6950bd317dabe3b41bf7738c248e7ee)"
2013,DINAJPUR UTTAR,ISLAMPUR,PANDITPOTA-II,"doi:10.7910/DVN/ZHF9WC datafile 10396541 (r3-all-2013.csv.gz, md5 e6950bd317dabe3b41bf7738c248e7ee)"
2013,DINAJPUR UTTAR,ISLAMPUR,RAMGANJ-I,"doi:10.7910/DVN/ZHF9WC datafile 10396541 (r3-all-2013.csv.gz, md5 e6950bd317dabe3b41bf7738c248e7ee)"
2013,DINAJPUR UTTAR,ISLAMPUR,RANGANJ-II,"doi:10.7910/DVN/ZHF9WC datafile 10396541 (r3-all-2013.csv.gz, md5 e6950bd317dabe3b41bf7738c248e7ee)"
2013,DINAJPUR UTTAR,ITAHAR,CHHAYGHARA,"doi:10.7910/DVN/ZHF9WC datafile 10396541 (r3-all-2013.csv.gz, md5 e6950bd317dabe3b41bf7738c248e7ee)"
2013,DINAJPUR UTTAR,ITAHAR,DURGAPUR,"doi:10.7910/DVN/ZHF9WC datafile 10396541 (r3-all-2013.csv.gz, md5 e6950bd317dabe3b41bf7738c248e7ee)"
2013,DINAJPUR UTTAR,ITAHAR,DURLOVPUR,"doi:10.7910/DVN/ZHF9WC datafile 10396541 (r3-all-2013.csv.gz, md5 e6950bd317dabe3b41bf7738c248e7ee)"
2013,DINAJPUR UTTAR,ITAHAR,GULANDAR-I,"doi:10.7910/DVN/ZHF9WC datafile 10396541 (r3-all-2013.csv.gz, md5 e6950bd317dabe3b41bf7738c248e7ee)"
2013,DINAJPUR UTTAR,ITAHAR,GULANDAR-II,"doi:10.7910/DVN/ZHF9WC datafile 10396541 (r3-all-2013.csv.gz, md5 e6950bd317dabe3b41bf7738c248e7ee)"
2013,DINAJPUR UTTAR,ITAHAR,ITAHAR,"doi:10.7910/DVN/ZHF9WC datafile 10396541 (r3-all-2013.csv.gz, md5 e6950bd317dabe3b41bf7738c248e7ee)"
2013,DINAJPUR UTTAR,ITAHAR,JOYHAT,"doi:10.7910/DVN/ZHF9WC datafile 10396541 (r3-all-2013.csv.gz, md5 e6950bd317dabe3b41bf7738c248e7ee)"
2013,DINAJPUR UTTAR,ITAHAR,KAPASIA,"doi:10.7910/DVN/ZHF9WC datafile 10396541 (r3-all-2013.csv.gz, md5 e6950bd317dabe3b41bf7738c248e7ee)"
2013,DINAJPUR UTTAR,ITAHAR,MARNAI,"doi:10.7910/DVN/ZHF9WC datafile 10396541 (r3-all-2013.csv.gz, md5 e6950bd317dabe3b41bf7738c248e7ee)"
2013,DINAJPUR UTTAR,ITAHAR,PATIRAJPUR,"doi:10.7910/DVN/ZHF9WC datafile 10396541 (r3-all-2013.csv.gz, md5 e6950bd317dabe3b41bf7738c248e7ee)"
2013,DINAJPUR UTTAR,ITAHAR,SURUN-I,"doi:10.7910/DVN/ZHF9WC datafile 10396541 (r3-all-2013.csv.gz, md5 e6950bd317dabe3b41bf7738c248e7ee)"
2013,DINAJPUR UTTAR,ITAHAR,SURUN-II,"doi:10.7910/DVN/ZHF9WC datafile 10396541 (r3-all-2013.csv.gz, md5 e6950bd317dabe3b41bf7738c248e7ee)"
2013,HOWRAH,JAGATBALLAVPUR,BARAGACHHIA-I,"doi:10.7910/DVN/ZHF9WC datafile 10396541 (r3-all-2013.csv.gz, md5 e6950bd317dabe3b41bf7738c248e7ee)"
2013,HOWRAH,JAGATBALLAVPUR,BARAGACHHIA-II,"doi:10.7910/DVN/ZHF9WC datafile 10396541 (r3-all-2013.csv.gz, md5 e6950bd317dabe3b41bf7738c248e7ee)"
2013,HOWRAH,JAGATBALLAVPUR,GOBINDAPUR,"doi:10.7910/DVN/ZHF9WC datafile 10396541 (r3-all-2013.csv.gz, md5 e6950bd317dabe3b41bf7738c248e7ee)"
2013,HOWRAH,JAGATBALLAVPUR,HANTAL ANANTABATI,"doi:10.7910/DVN/ZHF9WC datafile 10396541 (r3-all-2013.csv.gz, md5 e6950bd317dabe3b41bf7738c248e7ee)"
2013,HOWRAH,JAGATBALLAVPUR,ISLAMPUR,"doi:10.7910/DVN/ZHF9WC datafile 10396541 (r3-all-2013.csv.gz, md5 e6950bd317dabe3b41bf7738c248e7ee)"
2013,HOWRAH,JAGATBALLAVPUR,JAGATBALLAVPUR-I,"doi:10.7910/DVN/ZHF9WC datafile 10396541 (r3-all-2013.csv.gz, md5 e6950bd317dabe3b41bf7738c248e7ee)"
2013,HOWRAH,JAGATBALLAVPUR,JAGATBALLAVPUR-II,"doi:10.7910/DVN/ZHF9WC datafile 10396541 (r3-all-2013.csv.gz, md5 e6950bd317dabe3b41bf7738c248e7ee)"
2013,HOWRAH,JAGATBALLAVPUR,LASKARPUR,"doi:10.7910/DVN/ZHF9WC datafile 10396541 (r3-all-2013.csv.gz, md5 e6950bd317dabe3b41bf7738c248e7ee)"
2013,HOWRAH,JAGATBALLAVPUR,MAJU,"doi:10.7910/DVN/ZHF9WC datafile 10396541 (r3-all-2013.csv.gz, md5 e6950bd317dabe3b41bf7738c248e7ee)"
2013,HOWRAH,JAGATBALLAVPUR,PANTIHAL,"doi:10.7910/DVN/ZHF9WC datafile 10396541 (r3-all-2013.csv.gz, md5 e6950bd317dabe3b41bf7738c248e7ee)"
2013,HOWRAH,JAGATBALLAVPUR,POLEGUSTIA,"doi:10.7910/DVN/ZHF9WC datafile 10396541 (r3-all-2013.csv.gz, md5 e6950bd317dabe3b41bf7738c248e7ee)"
2013,HOWRAH,JAGATBALLAVPUR,SHANKARHATI-I,"doi:10.7910/DVN/ZHF9WC datafile 10396541 (r3-all-2013.csv.gz, md5 e6950bd317dabe3b41bf7738c248e7ee)"
2013,HOWRAH,JAGATBALLAVPUR,SHANKARHATI-II,"doi:10.7910/DVN/ZHF9WC datafile 10396541 (r3-all-2013.csv.gz, md5 e6950bd317dabe3b41bf7738c248e7ee)"
2013,HOWRAH,JAGATBALLAVPUR,SHIALDANGA,"doi:10.7910/DVN/ZHF9WC datafile 10396541 (r3-all-2013.csv.gz, md5 e6950bd317dabe3b41bf7738c248e7ee)"
2013,PURULIA,JAIPUR,BARAGRAM,"doi:10.7910/DVN/ZHF9WC datafile 10396541 (r3-all-2013.csv.gz, md5 e6950bd317dabe3b41bf7738c248e7ee)"
2013,PURULIA,JAIPUR,GHAGRA,"doi:10.7910/DVN/ZHF9WC datafile 10396541 (r3-all-2013.csv.gz, md5 e6950bd317dabe3b41bf7738c248e7ee)"
2013,PURULIA,JAIPUR,JOYPUR,"doi:10.7910/DVN/ZHF9WC datafile 10396541 (r3-all-2013.csv.gz, md5 e6950bd317dabe3b41bf7738c248e7ee)"
2013,PURULIA,JAIPUR,MUKUNDAPUR,"doi:10.7910/DVN/ZHF9WC datafile 10396541 (r3-all-2013.csv.gz, md5 e6950bd317dabe3b41bf7738c248e7ee)"
2013,PURULIA,JAIPUR,ROPO,"doi:10.7910/DVN/ZHF9WC datafile 10396541 (r3-all-2013.csv.gz, md5 e6950bd317dabe3b41bf7738c248e7ee)"
2013,PURULIA,JAIPUR,SIDHI-JAMRA,"doi:10.7910/DVN/ZHF9WC datafile 10396541 (r3-all-2013.csv.gz, md5 e6950bd317dabe3b41bf7738c248e7ee)"
2013,PURULIA,JAIPUR,UPANKAHAN,"doi:10.7910/DVN/ZHF9WC datafile 10396541 (r3-all-2013.csv.gz, md5 e6950bd317dabe3b41bf7738c248e7ee)"
2013,MURSHIDABAD,JALANGI,CHOAPARA,"doi:10.7910/DVN/ZHF9WC datafile 10396541 (r3-all-2013.csv.gz, md5 e6950bd317dabe3b41bf7738c248e7ee)"
2013,MURSHIDABAD,JALANGI,DEBIPUR,"doi:10.7910/DVN/ZHF9WC datafile 10396541 (r3-all-2013.csv.gz, md5 e6950bd317dabe3b41bf7738c248e7ee)"
2013,MURSHIDABAD,JALANGI,FARIDPUR,"doi:10.7910/DVN/ZHF9WC datafile 10396541 (r3-all-2013.csv.gz, md5 e6950bd317dabe3b41bf7738c248e7ee)"
2013,MURSHIDABAD,JALANGI,GHOSHPARA,"doi:10.7910/DVN/ZHF9WC datafile 10396541 (r3-all-2013.csv.gz, md5 e6950bd317dabe3b41bf7738c248e7ee)"
2013,MURSHIDABAD,JALANGI,JALANGI,"doi:10.7910/DVN/ZHF9WC datafile 10396541 (r3-all-2013.csv.gz, md5 e6950bd317dabe3b41bf7738c248e7ee)"
2013,MURSHIDABAD,JALANGI,KATABARI,"doi:10.7910/DVN/ZHF9WC datafile 10396541 (r3-all-2013.csv.gz, md5 e6950bd317dabe3b41bf7738c248e7ee)"
2013,MURSHIDABAD,JALANGI,KHAYRAMARI,"doi:10.7910/DVN/ZHF9WC datafile 10396541 (r3-all-2013.csv.gz, md5 e6950bd317dabe3b41bf7738c248e7ee)"
2013,MURSHIDABAD,JALANGI,SADIKHANDERAH,"doi:10.7910/DVN/ZHF9WC datafile 10396541 (r3-all-2013.csv.gz, md5 e6950bd317dabe3b41bf7738c248e7ee)"
2013,MURSHIDABAD,JALANGI,SAGARPARA,"doi:10.7910/DVN/ZHF9WC datafile 10396541 (r3-all-2013.csv.gz, md5 e6950bd317dabe3b41bf7738c248e7ee)"
2013,MURSHIDABAD,JALANGI,SAHEBNAGAR,"doi:10.7910/DVN/ZHF9WC datafile 10396541 (r3-all-2013.csv.gz, md5 e6950bd317dabe3b41bf7738c248e7ee)"
2013,JALPAIGURI,JALPAIGURI,ARABINDA,"doi:10.7910/DVN/ZHF9WC datafile 10396541 (r3-all-2013.csv.gz, md5 e6950bd317dabe3b41bf7738c248e7ee)"
2013,JALPAIGURI,JALPAIGURI,BAHADUR,"doi:10.7910/DVN/ZHF9WC datafile 10396541 (r3-all-2013.csv.gz, md5 e6950bd317dabe3b41bf7738c248e7ee)"
2013,JALPAIGURI,JALPAIGURI,BAROPATIA NUTANBOS,"doi:10.7910/DVN/ZHF9WC datafile 10396541 (r3-all-2013.csv.gz, md5 e6950bd317dabe3b41bf7738c248e7ee)"
2013,JALPAIGURI,JALPAIGURI,BELAKOBA,"doi:10.7910/DVN/ZHF9WC datafile 10396541 (r3-all-2013.csv.gz, md5 e6950bd317dabe3b41bf7738c248e7ee)"
2013,JALPAIGURI,JALPAIGURI,BOALMARI-NANDANPUR,"doi:10.7910/DVN/ZHF9WC datafile 10396541 (r3-all-2013.csv.gz, md5 e6950bd317dabe3b41bf7738c248e7ee)"
2013,JALPAIGURI,JALPAIGURI,GARALBARI,"doi:10.7910/DVN/ZHF9WC datafile 10396541 (r3-all-2013.csv.gz, md5 e6950bd317dabe3b41bf7738c248e7ee)"
2013,JALPAIGURI,JALPAIGURI,KHARIA,"doi:10.7910/DVN/ZHF9WC datafile 10396541 (r3-all-2013.csv.gz, md5 e6950bd317dabe3b41bf7738c248e7ee)"
2013,JALPAIGURI,JALPAIGURI,KHARIJA-BARUBARI-I,"doi:10.7910/DVN/ZHF9WC datafile 10396541 (r3-all-2013.csv.gz, md5 e6950bd317dabe3b41bf7738c248e7ee)"
2013,JALPAIGURI,JALPAIGURI,KHARIJA-BARUBARI-II,"doi:10.7910/DVN/ZHF9WC datafile 10396541 (r3-all-2013.csv.gz, md5 e6950bd317dabe3b41bf7738c248e7ee)"
2013,JALPAIGURI,JALPAIGURI,MONDALGHAT,"doi:10.7910/DVN/ZHF9WC datafile 10396541 (r3-all-2013.csv.gz, md5 e6950bd317dabe3b41bf7738c248e7ee)"
2013,JALPAIGURI,JALPAIGURI,NAGAR BERUBARI,"doi:10.7910/DVN/ZHF9WC datafile 10396541 (r3-all-2013.csv.gz, md5 e6950bd317dabe3b41bf7738c248e7ee)"
2013,JALPAIGURI,JALPAIGURI,PAHARPUR,"doi:10.7910/DVN/ZHF9WC datafile 10396541 (r3-all-2013.csv.gz, md5 e6950bd317dabe3b41bf7738c248e7ee)"
2013,JALPAIGURI,JALPAIGURI,PATKATA,"doi:10.7910/DVN/ZHF9WC datafile 10396541 (r3-all-2013.csv.gz, md5 e6950bd317dabe3b41bf7738c248e7ee)"
2013,JALPAIGURI,JALPAIGURI,SOUTH BERUBARI,"doi:10.7910/DVN/ZHF9WC datafile 10396541 (r3-all-2013.csv.gz, md5 e6950bd317dabe3b41bf7738c248e7ee)"
2013,PASCHIM BARDHAMAN,JAMALPUR,ABUJHATI-I,"doi:10.7910/DVN/ZHF9WC datafile 10396541 (r3-all-2013.csv.gz, md5 e6950bd317dabe3b41bf7738c248e7ee)"
2013,PASCHIM BARDHAMAN,JAMALPUR,ABUJHATI-II,"doi:10.7910/DVN/ZHF9WC datafile 10396541 (r3-all-2013.csv.gz, md5 e6950bd317dabe3b41bf7738c248e7ee)"
2013,PASCHIM BARDHAMAN,JAMALPUR,AJHAPUR,"doi:10.7910/DVN/ZHF9WC datafile 10396541 (r3-all-2013.csv.gz, md5 e6950bd317dabe3b41bf7738c248e7ee)"
2013,PASCHIM BARDHAMAN,JAMALPUR,BERUGRAM,"doi:10.7910/DVN/ZHF9WC datafile 10396541 (r3-all-2013.csv.gz, md5 e6950bd317dabe3b41bf7738c248e7ee)"
2013,PASCHIM BARDHAMAN,JAMALPUR,CHAKDIGHI,"doi:10.7910/DVN/ZHF9WC datafile 10396541 (r3-all-2013.csv.gz, md5 e6950bd317dabe3b41bf7738c248e7ee)"
2013,PASCHIM BARDHAMAN,JAMALPUR,JAMALPUR-I,"doi:10.7910/DVN/ZHF9WC datafile 10396541 (r3-all-2013.csv.gz, md5 e6950bd317dabe3b41bf7738c248e7ee)"
2013,PASCHIM BARDHAMAN,JAMALPUR,JAMALPUR-II,"doi:10.7910/DVN/ZHF9WC datafile 10396541 (r3-all-2013.csv.gz, md5 e6950bd317dabe3b41bf7738c248e7ee)"
2013,PASCHIM BARDHAMAN,JAMALPUR,JARAGRAM,"doi:10.7910/DVN/ZHF9WC datafile 10396541 (r3-all-2013.csv.gz, md5 e6950bd317dabe3b41bf7738c248e7ee)"
2013,PASCHIM BARDHAMAN,JAMALPUR,JOTSRIRAM,"doi:10.7910/DVN/ZHF9WC datafile 10396541 (r3-all-2013.csv.gz, md5 e6950bd317dabe3b41bf7738c248e7ee)"
2013,PASCHIM BARDHAMAN,JAMALPUR,JOUGRAM,"doi:10.7910/DVN/ZHF9WC datafile 10396541 (r3-all-2013.csv.gz, md5 e6950bd317dabe3b41bf7738c248e7ee)"
2013,PASCHIM BARDHAMAN,JAMALPUR,PANCHRA,"doi:10.7910/DVN/ZHF9WC datafile 10396541 (r3-all-2013.csv.gz, md5 e6950bd317dabe3b41bf7738c248e7ee)"
2013,PASCHIM BARDHAMAN,JAMALPUR,PARATAL-I,"doi:10.7910/DVN/ZHF9WC datafile 10396541 (r3-all-2013.csv.gz, md5 e6950bd317dabe3b41bf7738c248e7ee)"
2013,PASCHIM BARDHAMAN,JAMALPUR,PARATAL-II,"doi:10.7910/DVN/ZHF9WC datafile 10396541 (r3-all-2013.csv.gz, md5 e6950bd317dabe3b41bf7738c248e7ee)"
2013,PASCHIM MEDINIPUR,JAMBANI,CHILKIGARH,"doi:10.7910/DVN/ZHF9WC datafile 10396541 (r3-all-2013.csv.gz, md5 e6950bd317dabe3b41bf7738c248e7ee)"
2013,PASCHIM MEDINIPUR,JAMBANI,CHINCHRA,"doi:10.7910/DVN/ZHF9WC datafile 10396541 (r3-all-2013.csv.gz, md5 e6950bd317dabe3b41bf7738c248e7ee)"
2013,PASCHIM MEDINIPUR,JAMBANI,DHARSA,"doi:10.7910/DVN/ZHF9WC datafile 10396541 (r3-all-2013.csv.gz, md5 e6950bd317dabe3b41bf7738c248e7ee)"
2013,PASCHIM MEDINIPUR,JAMBANI,DUBRA,"doi:10.7910/DVN/ZHF9WC datafile 10396541 (r3-all-2013.csv.gz, md5 e6950bd317dabe3b41bf7738c248e7ee)"
2013,PASCHIM MEDINIPUR,JAMBANI,GIDHNI,"doi:10.7910/DVN/ZHF9WC datafile 10396541 (r3-all-2013.csv.gz, md5 e6950bd317dabe3b41bf7738c248e7ee)"
2013,PASCHIM MEDINIPUR,JAMBANI,JAMBONI,"doi:10.7910/DVN/ZHF9WC datafile 10396541 (r3-all-2013.csv.gz, md5 e6950bd317dabe3b41bf7738c248e7ee)"
2013,PASCHIM MEDINIPUR,JAMBANI,KAPGARI,"doi:10.7910/DVN/ZHF9WC datafile 10396541 (r3-all-2013.csv.gz, md5 e6950bd317dabe3b41bf7738c248e7ee)"
2013,PASCHIM MEDINIPUR,JAMBANI,KENDADANGRI,"doi:10.7910/DVN/ZHF9WC datafile 10396541 (r3-all-2013.csv.gz, md5 e6950bd317dabe3b41bf7738c248e7ee)"
2013,PASCHIM MEDINIPUR,JAMBANI,LALBANDH,"doi:10.7910/DVN/ZHF9WC datafile 10396541 (r3-all-2013.csv.gz, md5 e6950bd317dabe3b41bf7738c248e7ee)"
2013,PASCHIM MEDINIPUR,JAMBANI,PARIHATI,"doi:10.7910/DVN/ZHF9WC datafile 10396541 (r3-all-2013.csv.gz, md5 e6950bd317dabe3b41bf7738c248e7ee)"
2013,PASCHIM BARDHAMAN,JAMURIA,BAHADURPUR,"doi:10.7910/DVN/ZHF9WC datafile 10396541 (r3-all-2013.csv.gz, md5 e6950bd317dabe3b41bf7738c248e7ee)"
2013,PASCHIM BARDHAMAN,JAMURIA,CHUCHURIA,"doi:10.7910/DVN/ZHF9WC datafile 10396541 (r3-all-2013.csv.gz, md5 e6950bd317dabe3b41bf7738c248e7ee)"
2013,PASCHIM BARDHAMAN,JAMURIA,CHURULIA,"doi:10.7910/DVN/ZHF9WC datafile 10396541 (r3-all-2013.csv.gz, md5 e6950bd317dabe3b41bf7738c248e7ee)"
2013,PASCHIM BARDHAMAN,JAMURIA,DOBRANA,"doi:10.7910/DVN/ZHF9WC datafile 10396541 (r3-all-2013.csv.gz, md5 e6950bd317dabe3b41bf7738c248e7ee)"
2013,PASCHIM BARDHAMAN,JAMURIA,HIJALGORA,"doi:10.7910/DVN/ZHF9WC datafile 10396541 (r3-all-2013.csv.gz, md5 e6950bd317dabe3b41bf7738c248e7ee)"
2013,PASCHIM BARDHAMAN,JAMURIA,KENDA,"doi:10.7910/DVN/ZHF9WC datafile 10396541 (r3-all-2013.csv.gz, md5 e6950bd317dabe3b41bf7738c248e7ee)"
2013,PASCHIM BARDHAMAN,JAMURIA,MADANTORE,"doi:10.7910/DVN/ZHF9WC datafile 10396541 (r3-all-2013.csv.gz, md5 e6950bd317dabe3b41bf7738c248e7ee)"
2013,PASCHIM BARDHAMAN,JAMURIA,PARASIA,"doi:10.7910/DVN/ZHF9WC datafile 10396541 (r3-all-2013.csv.gz, md5 e6950bd317dabe3b41bf7738c248e7ee)"
2013,PASCHIM BARDHAMAN,JAMURIA,SHYAMALYA,"doi:10.7910/DVN/ZHF9WC datafile 10396541 (r3-all-2013.csv.gz, md5 e6950bd317dabe3b41bf7738c248e7ee)"
2013,PASCHIM BARDHAMAN,JAMURIA,TOPSI,"doi:10.7910/DVN/ZHF9WC datafile 10396541 (r3-all-2013.csv.gz, md5 e6950bd317dabe3b41bf7738c248e7ee)"
2013,HOOGHLY,JANGIPARA,ANTPUR,"doi:10.7910/DVN/ZHF9WC datafile 10396541 (r3-all-2013.csv.gz, md5 e6950bd317dabe3b41bf7738c248e7ee)"
2013,HOOGHLY,JANGIPARA,DILAKASH,"doi:10.7910/DVN/ZHF9WC datafile 10396541 (r3-all-2013.csv.gz, md5 e6950bd317dabe3b41bf7738c248e7ee)"
2013,HOOGHLY,JANGIPARA,FURFURA,"doi:10.7910/DVN/ZHF9WC datafile 10396541 (r3-all-2013.csv.gz, md5 e6950bd317dabe3b41bf7738c248e7ee)"
2013,HOOGHLY,JANGIPARA,JANGIPARA,"doi:10.7910/DVN/ZHF9WC datafile 10396541 (r3-all-2013.csv.gz, md5 e6950bd317dabe3b41bf7738c248e7ee)"
2013,HOOGHLY,JANGIPARA,KOTALPUR,"doi:10.7910/DVN/ZHF9WC datafile 10396541 (r3-all-2013.csv.gz, md5 e6950bd317dabe3b41bf7738c248e7ee)"
2013,HOOGHLY,JANGIPARA,MUNDALIKA,"doi:10.7910/DVN/ZHF9WC datafile 10396541 (r3-all-2013.csv.gz, md5 e6950bd317dabe3b41bf7738c248e7ee)"
2013,HOOGHLY,JANGIPARA,RADHANAGAR,"doi:10.7910/DVN/ZHF9WC datafile 10396541 (r3-all-2013.csv.gz, md5 e6950bd317dabe3b41bf7738c248e7ee)"
2013,HOOGHLY,JANGIPARA,RAJBALHAT-I,"doi:10.7910/DVN/ZHF9WC datafile 10396541 (r3-all-2013.csv.gz, md5 e6950bd317dabe3b41bf7738c248e7ee)"
2013,HOOGHLY,JANGIPARA,RAJBALHAT-II,"doi:10.7910/DVN/ZHF9WC datafile 10396541 (r3-all-2013.csv.gz, md5 e6950bd317dabe3b41bf7738c248e7ee)"
2013,HOOGHLY,JANGIPARA,RASIDPUR,"doi:10.7910/DVN/ZHF9WC datafile 10396541 (r3-all-2013.csv.gz, md5 e6950bd317dabe3b41bf7738c248e7ee)"
2013,24 PARGANAS SOUTH,JAYNAGAR-I,BAHARU KSHETRA,"doi:10.7910/DVN/ZHF9WC datafile 10396541 (r3-all-2013.csv.gz, md5 e6950bd317dabe3b41bf7738c248e7ee)"
2013,24 PARGANAS SOUTH,JAYNAGAR-I,BAMANGACHHI,"doi:10.7910/DVN/ZHF9WC datafile 10396541 (r3-all-2013.csv.gz, md5 e6950bd317dabe3b41bf7738c248e7ee)"
2013,24 PARGANAS SOUTH,JAYNAGAR-I,CHALTABERIA,"doi:10.7910/DVN/ZHF9WC datafile 10396541 (r3-all-2013.csv.gz, md5 e6950bd317dabe3b41bf7738c248e7ee)"
2013,24 PARGANAS SOUTH,JAYNAGAR-I,DAKSHIN BARASAT,"doi:10.7910/DVN/ZHF9WC datafile 10396541 (r3-all-2013.csv.gz, md5 e6950bd317dabe3b41bf7738c248e7ee)"
2013,24 PARGANAS SOUTH,JAYNAGAR-I,DHOSA CHANDANESWAR,"doi:10.7910/DVN/ZHF9WC datafile 10396541 (r3-all-2013.csv.gz, md5 e6950bd317dabe3b41bf7738c248e7ee)"
2013,24 PARGANAS SOUTH,JAYNAGAR-I,HARINARAYANPUR,"doi:10.7910/DVN/ZHF9WC datafile 10396541 (r3-all-2013.csv.gz, md5 e6950bd317dabe3b41bf7738c248e7ee)"
2013,24 PARGANAS SOUTH,JAYNAGAR-I,JANGALIA,"doi:10.7910/DVN/ZHF9WC datafile 10396541 (r3-all-2013.csv.gz, md5 e6950bd317dabe3b41bf7738c248e7ee)"
2013,24 PARGANAS SOUTH,JAYNAGAR-I,KHAKURDAHA,"doi:10.7910/DVN/ZHF9WC datafile 10396541 (r3-all-2013.csv.gz, md5 e6950bd317dabe3b41bf7738c248e7ee)"
2013,24 PARGANAS SOUTH,JAYNAGAR-I,NARAYANITALA,"doi:10.7910/DVN/ZHF9WC datafile 10396541 (r3-all-2013.csv.gz, md5 e6950bd317dabe3b41bf7738c248e7ee)"
2013,24 PARGANAS SOUTH,JAYNAGAR-I,RAJAPUR KORABEG,"doi:10.7910/DVN/ZHF9WC datafile 10396541 (r3-all-2013.csv.gz, md5 e6950bd317dabe3b41bf7738c248e7ee)"
2013,24 PARGANAS SOUTH,JAYNAGAR-I,SRIPUR,"doi:10.7910/DVN/ZHF9WC datafile 10396541 (r3-all-2013.csv.gz, md5 e6950bd317dabe3b41bf7738c248e7ee)"
2013,24 PARGANAS SOUTH,JAYNAGAR-I,UTTAR DURGAPUR,"doi:10.7910/DVN/ZHF9WC datafile 10396541 (r3-all-2013.csv.gz, md5 e6950bd317dabe3b41bf7738c248e7ee)"
2013,24 PARGANAS SOUTH,JAYNAGAR-II,BAISHATA,"doi:10.7910/DVN/ZHF9WC datafile 10396541 (r3-all-2013.csv.gz, md5 e6950bd317dabe3b41bf7738c248e7ee)"
2013,24 PARGANAS SOUTH,JAYNAGAR-II,BELEDURGANAGAR,"doi:10.7910/DVN/ZHF9WC datafile 10396541 (r3-all-2013.csv.gz, md5 e6950bd317dabe3b41bf7738c248e7ee)"
2013,24 PARGANAS SOUTH,JAYNAGAR-II,CHUPRIJHARA,"doi:10.7910/DVN/ZHF9WC datafile 10396541 (r3-all-2013.csv.gz, md5 e6950bd317dabe3b41bf7738c248e7ee)"
2013,24 PARGANAS SOUTH,JAYNAGAR-II,FUTIGODA,"doi:10.7910/DVN/ZHF9WC datafile 10396541 (r3-all-2013.csv.gz, md5 e6950bd317dabe3b41bf7738c248e7ee)"
2013,24 PARGANAS SOUTH,JAYNAGAR-II,GARDOANI,"doi:10.7910/DVN/ZHF9WC datafile 10396541 (r3-all-2013.csv.gz, md5 e6950bd317dabe3b41bf7738c248e7ee)"
2013,24 PARGANAS SOUTH,JAYNAGAR-II,MANIRTAT,"doi:10.7910/DVN/ZHF9WC datafile 10396541 (r3-all-2013.csv.gz, md5 e6950bd317dabe3b41bf7738c248e7ee)"
2013,24 PARGANAS SOUTH,JAYNAGAR-II,MAYAHAURI,"doi:10.7910/DVN/ZHF9WC datafile 10396541 (r3-all-2013.csv.gz, md5 e6950bd317dabe3b41bf7738c248e7ee)"
2013,24 PARGANAS SOUTH,JAYNAGAR-II,MAYDA,"doi:10.7910/DVN/ZHF9WC datafile 10396541 (r3-all-2013.csv.gz, md5 e6950bd317dabe3b41bf7738c248e7ee)"
2013,24 PARGANAS SOUTH,JAYNAGAR-II,NALGORA,"doi:10.7910/DVN/ZHF9WC datafile 10396541 (r3-all-2013.csv.gz, md5 e6950bd317dabe3b41bf7738c248e7ee)"
2013,24 PARGANAS SOUTH,JAYNAGAR-II,SAHAJADAPUR,"doi:10.7910/DVN/ZHF9WC datafile 10396541 (r3-all-2013.csv.gz, md5 e6950bd317dabe3b41bf7738c248e7ee)"
2013,PURULIA,JHALDA-I,HENSAHATU,"doi:10.7910/DVN/ZHF9WC datafile 10396541 (r3-all-2013.csv.gz, md5 e6950bd317dabe3b41bf7738c248e7ee)"
2013,PURULIA,JHALDA-I,ICHAG,"doi:10.7910/DVN/ZHF9WC datafile 10396541 (r3-all-2013.csv.gz, md5 e6950bd317dabe3b41bf7738c248e7ee)"
2013,PURULIA,JHALDA-I,ILU-JARGO,"doi:10.7910/DVN/ZHF9WC datafile 10396541 (r3-all-2013.csv.gz, md5 e6950bd317dabe3b41bf7738c248e7ee)"
2013,PURULIA,JHALDA-I,JHALDA-DARDA,"doi:10.7910/DVN/ZHF9WC datafile 10396541 (r3-all-2013.csv.gz, md5 e6950bd317dabe3b41bf7738c248e7ee)"
2013,PURULIA,JHALDA-I,KALMA,"doi:10.7910/DVN/ZHF9WC datafile 10396541 (r3-all-2013.csv.gz, md5 e6950bd317dabe3b41bf7738c248e7ee)"
2013,PURULIA,JHALDA-I,MARUMOSINA,"doi:10.7910/DVN/ZHF9WC datafile 10396541 (r3-all-2013.csv.gz, md5 e6950bd317dabe3b41bf7738c248e7ee)"
2013,PURULIA,JHALDA-I,MATHARI-KHAMAR,"doi:10.7910/DVN/ZHF9WC datafile 10396541 (r3-all-2013.csv.gz, md5 e6950bd317dabe3b41bf7738c248e7ee)"
2013,PURULIA,JHALDA-I,NOYADIH,"doi:10.7910/DVN/ZHF9WC datafile 10396541 (r3-all-2013.csv.gz, md5 e6950bd317dabe3b41bf7738c248e7ee)"
2013,PURULIA,JHALDA-I,PUSTI,"doi:10.7910/DVN/ZHF9WC datafile 10396541 (r3-all-2013.csv.gz, md5 e6950bd317dabe3b41bf7738c248e7ee)"
2013,PURULIA,JHALDA-I,TULIN,"doi:10.7910/DVN/ZHF9WC datafile 10396541 (r3-all-2013.csv.gz, md5 e6950bd317dabe3b41bf7738c248e7ee)"
2013,PURULIA,JHALDA-II,BAMNIYA-BELYADIH,"doi:10.7910/DVN/ZHF9WC datafile 10396541 (r3-all-2013.csv.gz, md5 e6950bd317dabe3b41bf7738c248e7ee)"
2013,PURULIA,JHALDA-II,BEGUNKODAR,"doi:10.7910/DVN/ZHF9WC datafile 10396541 (r3-all-2013.csv.gz, md5 e6950bd317dabe3b41bf7738c248e7ee)"
2013,PURULIA,JHALDA-II,CHEKYA,"doi:10.7910/DVN/ZHF9WC datafile 10396541 (r3-all-2013.csv.gz, md5 e6950bd317dabe3b41bf7738c248e7ee)"
2013,PURULIA,JHALDA-II,CHITMU,"doi:10.7910/DVN/ZHF9WC datafile 10396541 (r3-all-2013.csv.gz, md5 e6950bd317dabe3b41bf7738c248e7ee)"
2013,PURULIA,JHALDA-II,HIRAPURADARDIH,"doi:10.7910/DVN/ZHF9WC datafile 10396541 (r3-all-2013.csv.gz, md5 e6950bd317dabe3b41bf7738c248e7ee)"
2013,PURULIA,JHALDA-II,MAJHIDIH,"doi:10.7910/DVN/ZHF9WC datafile 10396541 (r3-all-2013.csv.gz, md5 e6950bd317dabe3b41bf7738c248e7ee)"
2013,PURULIA,JHALDA-II,NOWAHATU,"doi:10.7910/DVN/ZHF9WC datafile 10396541 (r3-all-2013.csv.gz, md5 e6950bd317dabe3b41bf7738c248e7ee)"
2013,PURULIA,JHALDA-II,RIGID,"doi:10.7910/DVN/ZHF9WC datafile 10396541 (r3-all-2013.csv.gz, md5 e6950bd317dabe3b41bf7738c248e7ee)"
2013,PURULIA,JHALDA-II,TATUARA,"doi:10.7910/DVN/ZHF9WC datafile 10396541 (r3-all-2013.csv.gz, md5 e6950bd317dabe3b41bf7738c248e7ee)"
2013,PASCHIM MEDINIPUR,JHARGRAM,AGUIBONI,"doi:10.7910/DVN/ZHF9WC datafile 10396541 (r3-all-2013.csv.gz, md5 e6950bd317dabe3b41bf7738c248e7ee)"
2013,PASCHIM MEDINIPUR,JHARGRAM,BANDHGORA,"doi:10.7910/DVN/ZHF9WC datafile 10396541 (r3-all-2013.csv.gz, md5 e6950bd317dabe3b41bf7738c248e7ee)"
2013,PASCHIM MEDINIPUR,JHARGRAM,CHANDRI,"doi:10.7910/DVN/ZHF9WC datafile 10396541 (r3-all-2013.csv.gz, md5 e6950bd317dabe3b41bf7738c248e7ee)"
2013,PASCHIM MEDINIPUR,JHARGRAM,CHUBKA,"doi:10.7910/DVN/ZHF9WC datafile 10396541 (r3-all-2013.csv.gz, md5 e6950bd317dabe3b41bf7738c248e7ee)"
2013,PASCHIM MEDINIPUR,JHARGRAM,DUDHKUNDI,"doi:10.7910/DVN/ZHF9WC datafile 10396541 (r3-all-2013.csv.gz, md5 e6950bd317dabe3b41bf7738c248e7ee)"
2013,PASCHIM MEDINIPUR,JHARGRAM,LODHASULI,"doi:10.7910/DVN/ZHF9WC datafile 10396541 (r3-all-2013.csv.gz, md5 e6950bd317dabe3b41bf7738c248e7ee)"
2013,PASCHIM MEDINIPUR,JHARGRAM,MANIKPARA,"doi:10.7910/DVN/ZHF9WC datafile 10396541 (r3-all-2013.csv.gz, md5 e6950bd317dabe3b41bf7738c248e7ee)"
2013,PASCHIM MEDINIPUR,JHARGRAM,NEDABAHARA,"doi:10.7910/DVN/ZHF9WC datafile 10396541 (r3-all-2013.csv.gz, md5 e6950bd317dabe3b41bf7738c248e7ee)"
2013,PASCHIM MEDINIPUR,JHARGRAM,PATASHIMUL,"doi:10.7910/DVN/ZHF9WC datafile 10396541 (r3-all-2013.csv.gz, md5 e6950bd317dabe3b41bf7738c248e7ee)"
2013,PASCHIM MEDINIPUR,JHARGRAM,RADHANAGAR,"doi:10.7910/DVN/ZHF9WC datafile 10396541 (r3-all-2013.csv.gz, md5 e6950bd317dabe3b41bf7738c248e7ee)"
2013,PASCHIM MEDINIPUR,JHARGRAM,SAPDHARA,"doi:10.7910/DVN/ZHF9WC datafile 10396541 (r3-all-2013.csv.gz, md5 e6950bd317dabe3b41bf7738c248e7ee)"
2013,PASCHIM MEDINIPUR,JHARGRAM,SARDIHA,"doi:10.7910/DVN/ZHF9WC datafile 10396541 (r3-all-2013.csv.gz, md5 e6950bd317dabe3b41bf7738c248e7ee)"
2013,PASCHIM MEDINIPUR,JHARGRAM,SHALBONI,"doi:10.7910/DVN/ZHF9WC datafile 10396541 (r3-all-2013.csv.gz, md5 e6950bd317dabe3b41bf7738c248e7ee)"
2013,Darjeeling Gorkha Hill Council (DGHC),JOREBUNGLOW SUKHIA POKHARI,DHOOTRIA KALEJ VALLEY,"doi:10.7910/DVN/ZHF9WC datafile 10396541 (r3-all-2013.csv.gz, md5 e6950bd317dabe3b41bf7738c248e7ee)"
2013,Darjeeling Gorkha Hill Council (DGHC),JOREBUNGLOW SUKHIA POKHARI,GHUM KHASMAHAL,"doi:10.7910/DVN/ZHF9WC datafile 10396541 (r3-all-2013.csv.gz, md5 e6950bd317dabe3b41bf7738c248e7ee)"
2013,Darjeeling Gorkha Hill Council (DGHC),JOREBUNGLOW SUKHIA POKHARI,GORABARI MARGARETS HOPE,"doi:10.7910/DVN/ZHF9WC datafile 10396541 (r3-all-2013.csv.gz, md5 e6950bd317dabe3b41bf7738c248e7ee)"
2013,Darjeeling Gorkha Hill Council (DGHC),JOREBUNGLOW SUKHIA POKHARI,LINGIAMARAYBONG,"doi:10.7910/DVN/ZHF9WC datafile 10396541 (r3-all-2013.csv.gz, md5 e6950bd317dabe3b41bf7738c248e7ee)"
2013,Darjeeling Gorkha Hill Council (DGHC),JOREBUNGLOW SUKHIA POKHARI,LOWER SONADA-I,"doi:10.7910/DVN/ZHF9WC datafile 10396541 (r3-all-2013.csv.gz, md5 e6950bd317dabe3b41bf7738c248e7ee)"
2013,Darjeeling Gorkha Hill Council (DGHC),JOREBUNGLOW SUKHIA POKHARI,LOWER SONADA-II,"doi:10.7910/DVN/ZHF9WC datafile 10396541 (r3-all-2013.csv.gz, md5 e6950bd317dabe3b41bf7738c248e7ee)"
2013,Darjeeling Gorkha Hill Council (DGHC),JOREBUNGLOW SUKHIA POKHARI,MUNDA KOTHI,"doi:10.7910/DVN/ZHF9WC datafile 10396541 (r3-all-2013.csv.gz, md5 e6950bd317dabe3b41bf7738c248e7ee)"
2013,Darjeeling Gorkha Hill Council (DGHC),JOREBUNGLOW SUKHIA POKHARI,PERMAGURITAMSANG,"doi:10.7910/DVN/ZHF9WC datafile 10396541 (r3-all-2013.csv.gz, md5 e6950bd317dabe3b41bf7738c248e7ee)"
2013,Darjeeling Gorkha Hill Council (DGHC),JOREBUNGLOW SUKHIA POKHARI,PLUNGDUNG,"doi:10.7910/DVN/ZHF9WC datafile 10396541 (r3-all-2013.csv.gz, md5 e6950bd317dabe3b41bf7738c248e7ee)"
2013,Darjeeling Gorkha Hill Council (DGHC),JOREBUNGLOW SUKHIA POKHARI,POKHRIABONG-I,"doi:10.7910/DVN/ZHF9WC datafile 10396541 (r3-all-2013.csv.gz, md5 e6950bd317dabe3b41bf7738c248e7ee)"
2013,Darjeeling Gorkha Hill Council (DGHC),JOREBUNGLOW SUKHIA POKHARI,POKHRIABONG-II,"doi:10.7910/DVN/ZHF9WC datafile 10396541 (r3-all-2013.csv.gz, md5 e6950bd317dabe3b41bf7738c248e7ee)"
2013,Darjeeling Gorkha Hill Council (DGHC),JOREBUNGLOW SUKHIA POKHARI,POKHRIABONG-III,"doi:10.7910/DVN/ZHF9WC datafile 10396541 (r3-all-2013.csv.gz, md5 e6950bd317dabe3b41bf7738c248e7ee)"
2013,Darjeeling Gorkha Hill Council (DGHC),JOREBUNGLOW SUKHIA POKHARI,RANGBHANG GOPALDHARA,"doi:10.7910/DVN/ZHF9WC datafile 10396541 (r3-all-2013.csv.gz, md5 e6950bd317dabe3b41bf7738c248e7ee)"
2013,Darjeeling Gorkha Hill Council (DGHC),JOREBUNGLOW SUKHIA POKHARI,RANGBUL,"doi:10.7910/DVN/ZHF9WC datafile 10396541 (r3-all-2013.csv.gz, md5 e6950bd317dabe3b41bf7738c248e7ee)"
2013,Darjeeling Gorkha Hill Council (DGHC),JOREBUNGLOW SUKHIA POKHARI,SUKHIA-SIMANA,"doi:10.7910/DVN/ZHF9WC datafile 10396541 (r3-all-2013.csv.gz, md5 e6950bd317dabe3b41bf7738c248e7ee)"
2013,Darjeeling Gorkha Hill Council (DGHC),JOREBUNGLOW SUKHIA POKHARI,UPPER SONADA,"doi:10.7910/DVN/ZHF9WC datafile 10396541 (r3-all-2013.csv.gz, md5 e6950bd317dabe3b41bf7738c248e7ee)"
2013,BANKURA,JOYPUR,GELIA,"doi:10.7910/DVN/ZHF9WC datafile 10396541 (r3-all-2013.csv.gz, md5 e6950bd317dabe3b41bf7738c248e7ee)"
2013,BANKURA,JOYPUR,HETIA,"doi:10.7910/DVN/ZHF9WC datafile 10396541 (r3-all-2013.csv.gz, md5 e6950bd317dabe3b41bf7738c248e7ee)"
2013,BANKURA,JOYPUR,JAGANNATHPUR,"doi:10.7910/DVN/ZHF9WC datafile 10396541 (r3-all-2013.csv.gz, md5 e6950bd317dabe3b41bf7738c248e7ee)"
2013,BANKURA,JOYPUR,KUCHIAKOL,"doi:10.7910/DVN/ZHF9WC datafile 10396541 (r3-all-2013.csv.gz, md5 e6950bd317dabe3b41bf7738c248e7ee)"
2013,BANKURA,JOYPUR,MAYNAPUR,"doi:10.7910/DVN/ZHF9WC datafile 10396541 (r3-all-2013.csv.gz, md5 e6950bd317dabe3b41bf7738c248e7ee)"
2013,BANKURA,JOYPUR,RAUTKHANDA,"doi:10.7910/DVN/ZHF9WC datafile 10396541 (r3-all-2013.csv.gz, md5 e6950bd317dabe3b41bf7738c248e7ee)"
2013,BANKURA,JOYPUR,SALDA,"doi:10.7910/DVN/ZHF9WC datafile 10396541 (r3-all-2013.csv.gz, md5 e6950bd317dabe3b41bf7738c248e7ee)"
2013,BANKURA,JOYPUR,SHYAMNAGAR,"doi:10.7910/DVN/ZHF9WC datafile 10396541 (r3-all-2013.csv.gz, md5 e6950bd317dabe3b41bf7738c248e7ee)"
2013,BANKURA,JOYPUR,UTTARBARH,"doi:10.7910/DVN/ZHF9WC datafile 10396541 (r3-all-2013.csv.gz, md5 e6950bd317dabe3b41bf7738c248e7ee)"
2013,24 PARGANAS SOUTH,KAK DWIP,BAPUJI,"doi:10.7910/DVN/ZHF9WC datafile 10396541 (r3-all-2013.csv.gz, md5 e6950bd317dabe3b41bf7738c248e7ee)"
2013,24 PARGANAS SOUTH,KAK DWIP,MADHUSUDANPUR,"doi:10.7910/DVN/ZHF9WC datafile 10396541 (r3-all-2013.csv.gz, md5 e6950bd317dabe3b41bf7738c248e7ee)"
2013,24 PARGANAS SOUTH,KAK DWIP,NETAJI,"doi:10.7910/DVN/ZHF9WC datafile 10396541 (r3-all-2013.csv.gz, md5 e6950bd317dabe3b41bf7738c248e7ee)"
2013,24 PARGANAS SOUTH,KAK DWIP,PRATAPADITYANAGAR,"doi:10.7910/DVN/ZHF9WC datafile 10396541 (r3-all-2013.csv.gz, md5 e6950bd317dabe3b41bf7738c248e7ee)"
2013,24 PARGANAS SOUTH,KAK DWIP,RABINDRA,"doi:10.7910/DVN/ZHF9WC datafile 10396541 (r3-all-2013.csv.gz, md5 e6950bd317dabe3b41bf7738c248e7ee)"
2013,24 PARGANAS SOUTH,KAK DWIP,RAMGOPALPUR,"doi:10.7910/DVN/ZHF9WC datafile 10396541 (r3-all-2013.csv.gz, md5 e6950bd317dabe3b41bf7738c248e7ee)"
2013,24 PARGANAS SOUTH,KAK DWIP,RISHI BANKIMCHANDRA,"doi:10.7910/DVN/ZHF9WC datafile 10396541 (r3-all-2013.csv.gz, md5 e6950bd317dabe3b41bf7738c248e7ee)"
2013,24 PARGANAS SOUTH,KAK DWIP,SRI SRI RAMKRISHNA,"doi:10.7910/DVN/ZHF9WC datafile 10396541 (r3-all-2013.csv.gz, md5 e6950bd317dabe3b41bf7738c248e7ee)"
2013,24 PARGANAS SOUTH,KAK DWIP,SRINAGAR,"doi:10.7910/DVN/ZHF9WC datafile 10396541 (r3-all-2013.csv.gz, md5 e6950bd317dabe3b41bf7738c248e7ee)"
2013,24 PARGANAS SOUTH,KAK DWIP,SURYANAGAR,"doi:10.7910/DVN/ZHF9WC datafile 10396541 (r3-all-2013.csv.gz, md5 e6950bd317dabe3b41bf7738c248e7ee)"
2013,24 PARGANAS SOUTH,KAK DWIP,SWAMI BIBEKANANDA,"doi:10.7910/DVN/ZHF9WC datafile 10396541 (r3-all-2013.csv.gz, md5 e6950bd317dabe3b41bf7738c248e7ee)"
2013,JALPAIGURI,KALCHINI,CHUAPARA,"doi:10.7910/DVN/ZHF9WC datafile 10396541 (r3-all-2013.csv.gz, md5 e6950bd317dabe3b41bf7738c248e7ee)"
2013,JALPAIGURI,KALCHINI,DALSINGPARA,"doi:10.7910/DVN/ZHF9WC datafile 10396541 (r3-all-2013.csv.gz, md5 e6950bd317dabe3b41bf7738c248e7ee)"
2013,JALPAIGURI,KALCHINI,GAROPARA,"doi:10.7910/DVN/ZHF9WC datafile 10396541 (r3-all-2013.csv.gz, md5 e6950bd317dabe3b41bf7738c248e7ee)"
2013,JALPAIGURI,KALCHINI,JAIGAON-I,"doi:10.7910/DVN/ZHF9WC datafile 10396541 (r3-all-2013.csv.gz, md5 e6950bd317dabe3b41bf7738c248e7ee)"
2013,JALPAIGURI,KALCHINI,JAIGAON-II,"doi:10.7910/DVN/ZHF9WC datafile 10396541 (r3-all-2013.csv.gz, md5 e6950bd317dabe3b41bf7738c248e7ee)"
2013,JALPAIGURI,KALCHINI,KALCHINI,"doi:10.7910/DVN/ZHF9WC datafile 10396541 (r3-all-2013.csv.gz, md5 e6950bd317dabe3b41bf7738c248e7ee)"
2013,JALPAIGURI,KALCHINI,LATABARI,"doi:10.7910/DVN/ZHF9WC datafile 10396541 (r3-all-2013.csv.gz, md5 e6950bd317dabe3b41bf7738c248e7ee)"
2013,JALPAIGURI,KALCHINI,MALANGI,"doi:10.7910/DVN/ZHF9WC datafile 10396541 (r3-all-2013.csv.gz, md5 e6950bd317dabe3b41bf7738c248e7ee)"
2013,JALPAIGURI,KALCHINI,MENDABARI,"doi:10.7910/DVN/ZHF9WC datafile 10396541 (r3-all-2013.csv.gz, md5 e6950bd317dabe3b41bf7738c248e7ee)"
2013,JALPAIGURI,KALCHINI,RAJABHATKHAOA,"doi:10.7910/DVN/ZHF9WC datafile 10396541 (r3-all-2013.csv.gz, md5 e6950bd317dabe3b41bf7738c248e7ee)"
2013,JALPAIGURI,KALCHINI,SATALI,"doi:10.7910/DVN/ZHF9WC datafile 10396541 (r3-all-2013.csv.gz, md5 e6950bd317dabe3b41bf7738c248e7ee)"
2013,MALDAH,KALIACHAK-I,ALINAGAR,"doi:10.7910/DVN/ZHF9WC datafile 10396541 (r3-all-2013.csv.gz, md5 e6950bd317dabe3b41bf7738c248e7ee)"
2013,MALDAH,KALIACHAK-I,ALIPUR-I,"doi:10.7910/DVN/ZHF9WC datafile 10396541 (r3-all-2013.csv.gz, md5 e6950bd317dabe3b41bf7738c248e7ee)"
2013,MALDAH,KALIACHAK-I,ALIPUR-II,"doi:10.7910/DVN/ZHF9WC datafile 10396541 (r3-all-2013.csv.gz, md5 e6950bd317dabe3b41bf7738c248e7ee)"
2013,MALDAH,KALIACHAK-I,BAMONGRAM-MASHIMPUR,"doi:10.7910/DVN/ZHF9WC datafile 10396541 (r3-all-2013.csv.gz, md5 e6950bd317dabe3b41bf7738c248e7ee)"
2013,MALDAH,KALIACHAK-I,GAYESHBARI,"doi:10.7910/DVN/ZHF9WC datafile 10396541 (r3-all-2013.csv.gz, md5 e6950bd317dabe3b41bf7738c248e7ee)"
2013,MALDAH,KALIACHAK-I,JALALPUR,"doi:10.7910/DVN/ZHF9WC datafile 10396541 (r3-all-2013.csv.gz, md5 e6950bd317dabe3b41bf7738c248e7ee)"
2013,MALDAH,KALIACHAK-I,JALUABADHAL,"doi:10.7910/DVN/ZHF9WC datafile 10396541 (r3-all-2013.csv.gz, md5 e6950bd317dabe3b41bf7738c248e7ee)"
2013,MALDAH,KALIACHAK-I,KALIACHAK-I,"doi:10.7910/DVN/ZHF9WC datafile 10396541 (r3-all-2013.csv.gz, md5 e6950bd317dabe3b41bf7738c248e7ee)"
2013,MALDAH,KALIACHAK-I,KALIACHAK-II,"doi:10.7910/DVN/ZHF9WC datafile 10396541 (r3-all-2013.csv.gz, md5 e6950bd317dabe3b41bf7738c248e7ee)"
2013,MALDAH,KALIACHAK-I,MOZAMPUR,"doi:10.7910/DVN/ZHF9WC datafile 10396541 (r3-all-2013.csv.gz, md5 e6950bd317dabe3b41bf7738c248e7ee)"
2013,MALDAH,KALIACHAK-I,NAODA-JADUPUR,"doi:10.7910/DVN/ZHF9WC datafile 10396541 (r3-all-2013.csv.gz, md5 e6950bd317dabe3b41bf7738c248e7ee)"
2013,MALDAH,KALIACHAK-I,SILAMPUR-I,"doi:10.7910/DVN/ZHF9WC datafile 10396541 (r3-all-2013.csv.gz, md5 e6950bd317dabe3b41bf7738c248e7ee)"
2013,MALDAH,KALIACHAK-I,SILAMPUR-II,"doi:10.7910/DVN/ZHF9WC datafile 10396541 (r3-all-2013.csv.gz, md5 e6950bd317dabe3b41bf7738c248e7ee)"
2013,MALDAH,KALIACHAK-I,SUJAPUR,"doi:10.7910/DVN/ZHF9WC datafile 10396541 (r3-all-2013.csv.gz, md5 e6950bd317dabe3b41bf7738c248e7ee)"
2013,MALDAH,KALIACHAK-II,BANGITOLA,"doi:10.7910/DVN/ZHF9WC datafile 10396541 (r3-all-2013.csv.gz, md5 e6950bd317dabe3b41bf7738c248e7ee)"
2013,MALDAH,KALIACHAK-II,GANGAPRASAD,"doi:10.7910/DVN/ZHF9WC datafile 10396541 (r3-all-2013.csv.gz, md5 e6950bd317dabe3b41bf7738c248e7ee)"
2013,MALDAH,KALIACHAK-II,HAMIDPUR,"doi:10.7910/DVN/ZHF9WC datafile 10396541 (r3-all-2013.csv.gz, md5 e6950bd317dabe3b41bf7738c248e7ee)"
2013,MALDAH,KALIACHAK-II,MOTHABARI,"doi:10.7910/DVN/ZHF9WC datafile 10396541 (r3-all-2013.csv.gz, md5 e6950bd317dabe3b41bf7738c248e7ee)"
2013,MALDAH,KALIACHAK-II,RAJNAGAR,"doi:10.7910/DVN/ZHF9WC datafile 10396541 (r3-all-2013.csv.gz, md5 e6950bd317dabe3b41bf7738c248e7ee)"
2013,MALDAH,KALIACHAK-II,RATHBARI,"doi:10.7910/DVN/ZHF9WC datafile 10396541 (r3-all-2013.csv.gz, md5 e6950bd317dabe3b41bf7738c248e7ee)"
2013,MALDAH,KALIACHAK-II,UTTAR LAKSHMIPUR,"doi:10.7910/DVN/ZHF9WC datafile 10396541 (r3-all-2013.csv.gz, md5 e6950bd317dabe3b41bf7738c248e7ee)"
2013,MALDAH,KALIACHAK-II,UTTAR PACHANANDAPUR-II,"doi:10.7910/DVN/ZHF9WC datafile 10396541 (r3-all-2013.csv.gz, md5 e6950bd317dabe3b41bf7738c248e7ee)"
2013,MALDAH,KALIACHAK-II,UTTAR PANCHANANDAPUR-I,"doi:10.7910/DVN/ZHF9WC datafile 10396541 (r3-all-2013.csv.gz, md5 e6950bd317dabe3b41bf7738c248e7ee)"
2013,MALDAH,KALIACHAK-III,AKANDABARIA,"doi:10.7910/DVN/ZHF9WC datafile 10396541 (r3-all-2013.csv.gz, md5 e6950bd317dabe3b41bf7738c248e7ee)"
2013,MALDAH,KALIACHAK-III,BAKHRABAD,"doi:10.7910/DVN/ZHF9WC datafile 10396541 (r3-all-2013.csv.gz, md5 e6950bd317dabe3b41bf7738c248e7ee)"
2013,MALDAH,KALIACHAK-III,BEDRABAD,"doi:10.7910/DVN/ZHF9WC datafile 10396541 (r3-all-2013.csv.gz, md5 e6950bd317dabe3b41bf7738c248e7ee)"
2013,MALDAH,KALIACHAK-III,BEERNAGAR-I,"doi:10.7910/DVN/ZHF9WC datafile 10396541 (r3-all-2013.csv.gz, md5 e6950bd317dabe3b41bf7738c248e7ee)"
2013,MALDAH,KALIACHAK-III,BEERNAGAR-II,"doi:10.7910/DVN/ZHF9WC datafile 10396541 (r3-all-2013.csv.gz, md5 e6950bd317dabe3b41bf7738c248e7ee)"
2013,MALDAH,KALIACHAK-III,BHAGABANPUR,"doi:10.7910/DVN/ZHF9WC datafile 10396541 (r3-all-2013.csv.gz, md5 e6950bd317dabe3b41bf7738c248e7ee)"
2013,MALDAH,KALIACHAK-III,CHARIANANTAPUR,"doi:10.7910/DVN/ZHF9WC datafile 10396541 (r3-all-2013.csv.gz, md5 e6950bd317dabe3b41bf7738c248e7ee)"
2013,MALDAH,KALIACHAK-III,GOLAPGANJ,"doi:10.7910/DVN/ZHF9WC datafile 10396541 (r3-all-2013.csv.gz, md5 e6950bd317dabe3b41bf7738c248e7ee)"
2013,MALDAH,KALIACHAK-III,KRISHNAPUR,"doi:10.7910/DVN/ZHF9WC datafile 10396541 (r3-all-2013.csv.gz, md5 e6950bd317dabe3b41bf7738c248e7ee)"
2013,MALDAH,KALIACHAK-III,KUMBHIRA,"doi:10.7910/DVN/ZHF9WC datafile 10396541 (r3-all-2013.csv.gz, md5 e6950bd317dabe3b41bf7738c248e7ee)"
2013,MALDAH,KALIACHAK-III,LAKSHMIPUR,"doi:10.7910/DVN/ZHF9WC datafile 10396541 (r3-all-2013.csv.gz, md5 e6950bd317dabe3b41bf7738c248e7ee)"
2013,MALDAH,KALIACHAK-III,PARDEONAPUR-SOVAPUR,"doi:10.7910/DVN/ZHF9WC datafile 10396541 (r3-all-2013.csv.gz, md5 e6950bd317dabe3b41bf7738c248e7ee)"
2013,MALDAH,KALIACHAK-III,SAHABAJPUR,"doi:10.7910/DVN/ZHF9WC datafile 10396541 (r3-all-2013.csv.gz, md5 e6950bd317dabe3b41bf7738c248e7ee)"
2013,MALDAH,KALIACHAK-III,SAHABANCHAK,"doi:10.7910/DVN/ZHF9WC datafile 10396541 (r3-all-2013.csv.gz, md5 e6950bd317dabe3b41bf7738c248e7ee)"
2013,DINAJPUR UTTAR,KALIAGANJ,ANANTAPUR,"doi:10.7910/DVN/ZHF9WC datafile 10396541 (r3-all-2013.csv.gz, md5 e6950bd317dabe3b41bf7738c248e7ee)"
2013,DINAJPUR UTTAR,KALIAGANJ,BARUNA,"doi:10.7910/DVN/ZHF9WC datafile 10396541 (r3-all-2013.csv.gz, md5 e6950bd317dabe3b41bf7738c248e7ee)"
2013,DINAJPUR UTTAR,KALIAGANJ,BHANDAR,"doi:10.7910/DVN/ZHF9WC datafile 10396541 (r3-all-2013.csv.gz, md5 e6950bd317dabe3b41bf7738c248e7ee)"
2013,DINAJPUR UTTAR,KALIAGANJ,BOCHADANGA,"doi:10.7910/DVN/ZHF9WC datafile 10396541 (r3-all-2013.csv.gz, md5 e6950bd317dabe3b41bf7738c248e7ee)"
2013,DINAJPUR UTTAR,KALIAGANJ,DHANKOIL,"doi:10.7910/DVN/ZHF9WC datafile 10396541 (r3-all-2013.csv.gz, md5 e6950bd317dabe3b41bf7738c248e7ee)"
2013,DINAJPUR UTTAR,KALIAGANJ,MALGAON,"doi:10.7910/DVN/ZHF9WC datafile 10396541 (r3-all-2013.csv.gz, md5 e6950bd317dabe3b41bf7738c248e7ee)"
2013,DINAJPUR UTTAR,KALIAGANJ,MUSTAFANAGAR,"doi:10.7910/DVN/ZHF9WC datafile 10396541 (r3-all-2013.csv.gz, md5 e6950bd317dabe3b41bf7738c248e7ee)"
2013,DINAJPUR UTTAR,KALIAGANJ,RADHIKAPUR,"doi:10.7910/DVN/ZHF9WC datafile 10396541 (r3-all-2013.csv.gz, md5 e6950bd317dabe3b41bf7738c248e7ee)"
2013,NADIA,KALIGANJ,BARACHANDGHAR,"doi:10.7910/DVN/ZHF9WC datafile 10396541 (r3-all-2013.csv.gz, md5 e6950bd317dabe3b41bf7738c248e7ee)"
2013,NADIA,KALIGANJ,DEBAGRAM,"doi:10.7910/DVN/ZHF9WC datafile 10396541 (r3-all-2013.csv.gz, md5 e6950bd317dabe3b41bf7738c248e7ee)"
2013,NADIA,KALIGANJ,FARIDPUR,"doi:10.7910/DVN/ZHF9WC datafile 10396541 (r3-all-2013.csv.gz, md5 e6950bd317dabe3b41bf7738c248e7ee)"
2013,NADIA,KALIGANJ,GOBRA,"doi:10.7910/DVN/ZHF9WC datafile 10396541 (r3-all-2013.csv.gz, md5 e6950bd317dabe3b41bf7738c248e7ee)"
2013,NADIA,KALIGANJ,HATGACHHA,"doi:10.7910/DVN/ZHF9WC datafile 10396541 (r3-all-2013.csv.gz, md5 e6950bd317dabe3b41bf7738c248e7ee)"
2013,NADIA,KALIGANJ,JURANPUR,"doi:10.7910/DVN/ZHF9WC datafile 10396541 (r3-all-2013.csv.gz, md5 e6950bd317dabe3b41bf7738c248e7ee)"
2013,NADIA,KALIGANJ,KALIGANJ,"doi:10.7910/DVN/ZHF9WC datafile 10396541 (r3-all-2013.csv.gz, md5 e6950bd317dabe3b41bf7738c248e7ee)"
2013,NADIA,KALIGANJ,MATIARI,"doi:10.7910/DVN/ZHF9WC datafile 10396541 (r3-all-2013.csv.gz, md5 e6950bd317dabe3b41bf7738c248e7ee)"
2013,NADIA,KALIGANJ,MIRA-I,"doi:10.7910/DVN/ZHF9WC datafile 10396541 (r3-all-2013.csv.gz, md5 e6950bd317dabe3b41bf7738c248e7ee)"
2013,NADIA,KALIGANJ,MIRA-II,"doi:10.7910/DVN/ZHF9WC datafile 10396541 (r3-all-2013.csv.gz, md5 e6950bd317dabe3b41bf7738c248e7ee)"
2013,NADIA,KALIGANJ,PALITBEGIA,"doi:10.7910/DVN/ZHF9WC datafile 10396541 (r3-all-2013.csv.gz, md5 e6950bd317dabe3b41bf7738c248e7ee)"
2013,NADIA,KALIGANJ,PANIGHATA,"doi:10.7910/DVN/ZHF9WC datafile 10396541 (r3-all-2013.csv.gz, md5 e6950bd317dabe3b41bf7738c248e7ee)"
2013,NADIA,KALIGANJ,PLASSEY-I,"doi:10.7910/DVN/ZHF9WC datafile 10396541 (r3-all-2013.csv.gz, md5 e6950bd317dabe3b41bf7738c248e7ee)"
2013,NADIA,KALIGANJ,PLASSEY-II,"doi:10.7910/DVN/ZHF9WC datafile 10396541 (r3-all-2013.csv.gz, md5 e6950bd317dabe3b41bf7738c248e7ee)"
2013,NADIA,KALIGANJ,RAJARMPUR GHORAIKHETRA,"doi:10.7910/DVN/ZHF9WC datafile 10396541 (r3-all-2013.csv.gz, md5 e6950bd317dabe3b41bf7738c248e7ee)"
2013,Darjeeling Gorkha Hill Council (DGHC),KALIMPONG-I,BHALUKHOP,"doi:10.7910/DVN/ZHF9WC datafile 10396541 (r3-all-2013.csv.gz, md5 e6950bd317dabe3b41bf7738c248e7ee)"
2013,Darjeeling Gorkha Hill Council (DGHC),KALIMPONG-I,BONG,"doi:10.7910/DVN/ZHF9WC datafile 10396541 (r3-all-2013.csv.gz, md5 e6950bd317dabe3b41bf7738c248e7ee)"
2013,Darjeeling Gorkha Hill Council (DGHC),KALIMPONG-I,DR. GRAHAMS HOMES,"doi:10.7910/DVN/ZHF9WC datafile 10396541 (r3-all-2013.csv.gz, md5 e6950bd317dabe3b41bf7738c248e7ee)"
2013,Darjeeling Gorkha Hill Council (DGHC),KALIMPONG-I,DUNGRA,"doi:10.7910/DVN/ZHF9WC datafile 10396541 (r3-all-2013.csv.gz, md5 e6950bd317dabe3b41bf7738c248e7ee)"
2013,Darjeeling Gorkha Hill Council (DGHC),KALIMPONG-I,KAFER KANKE BONG,"doi:10.7910/DVN/ZHF9WC datafile 10396541 (r3-all-2013.csv.gz, md5 e6950bd317dabe3b41bf7738c248e7ee)"
2013,Darjeeling Gorkha Hill Council (DGHC),KALIMPONG-I,KALIMPONG,"doi:10.7910/DVN/ZHF9WC datafile 10396541 (r3-all-2013.csv.gz, md5 e6950bd317dabe3b41bf7738c248e7ee)"
2013,Darjeeling Gorkha Hill Council (DGHC),KALIMPONG-I,LOWER ECHHAY,"doi:10.7910/DVN/ZHF9WC datafile 10396541 (r3-all-2013.csv.gz, md5 e6950bd317dabe3b41bf7738c248e7ee)"
2013,Darjeeling Gorkha Hill Council (DGHC),KALIMPONG-I,NEEMBONG,"doi:10.7910/DVN/ZHF9WC datafile 10396541 (r3-all-2013.csv.gz, md5 e6950bd317dabe3b41bf7738c248e7ee)"
2013,Darjeeling Gorkha Hill Council (DGHC),KALIMPONG-I,PABRINGTAR,"doi:10.7910/DVN/ZHF9WC datafile 10396541 (r3-all-2013.csv.gz, md5 e6950bd317dabe3b41bf7738c248e7ee)"
2013,Darjeeling Gorkha Hill Council (DGHC),KALIMPONG-I,PUDUNG,"doi:10.7910/DVN/ZHF9WC datafile 10396541 (r3-all-2013.csv.gz, md5 e6950bd317dabe3b41bf7738c248e7ee)"
2013,Darjeeling Gorkha Hill Council (DGHC),KALIMPONG-I,SAMALBONG,"doi:10.7910/DVN/ZHF9WC datafile 10396541 (r3-all-2013.csv.gz, md5 e6950bd317dabe3b41bf7738c248e7ee)"
2013,Darjeeling Gorkha Hill Council (DGHC),KALIMPONG-I,SAMTHAR,"doi:10.7910/DVN/ZHF9WC datafile 10396541 (r3-all-2013.csv.gz, md5 e6950bd317dabe3b41bf7738c248e7ee)"
2013,Darjeeling Gorkha Hill Council (DGHC),KALIMPONG-I,SEOKBIR,"doi:10.7910/DVN/ZHF9WC datafile 10396541 (r3-all-2013.csv.gz, md5 e6950bd317dabe3b41bf7738c248e7ee)"
2013,Darjeeling Gorkha Hill Council (DGHC),KALIMPONG-I,SINDEPONG,"doi:10.7910/DVN/ZHF9WC datafile 10396541 (r3-all-2013.csv.gz, md5 e6950bd317dabe3b41bf7738c248e7ee)"
2013,Darjeeling Gorkha Hill Council (DGHC),KALIMPONG-I,SYANGMAKUM,"doi:10.7910/DVN/ZHF9WC datafile 10396541 (r3-all-2013.csv.gz, md5 e6950bd317dabe3b41bf7738c248e7ee)"
2013,Darjeeling Gorkha Hill Council (DGHC),KALIMPONG-I,TASHIDING,"doi:10.7910/DVN/ZHF9WC datafile 10396541 (r3-all-2013.csv.gz, md5 e6950bd317dabe3b41bf7738c248e7ee)"
2013,Darjeeling Gorkha Hill Council (DGHC),KALIMPONG-I,TISTA,"doi:10.7910/DVN/ZHF9WC datafile 10396541 (r3-all-2013.csv.gz, md5 e6950bd317dabe3b41bf7738c248e7ee)"
2013,Darjeeling Gorkha Hill Council (DGHC),KALIMPONG-I,UPPER ECHHAY,"doi:10.7910/DVN/ZHF9WC datafile 10396541 (r3-all-2013.csv.gz, md5 e6950bd317dabe3b41bf7738c248e7ee)"
2013,Darjeeling Gorkha Hill Council (DGHC),KALIMPONG-II,DALAPCHAND,"doi:10.7910/DVN/ZHF9WC datafile 10396541 (r3-all-2013.csv.gz, md5 e6950bd317dabe3b41bf7738c248e7ee)"
2013,Darjeeling Gorkha Hill Council (DGHC),KALIMPONG-II,GITABLING,"doi:10.7910/DVN/ZHF9WC datafile 10396541 (r3-all-2013.csv.gz, md5 e6950bd317dabe3b41bf7738c248e7ee)"
2013,Darjeeling Gorkha Hill Council (DGHC),KALIMPONG-II,KAGE,"doi:10.7910/DVN/ZHF9WC datafile 10396541 (r3-all-2013.csv.gz, md5 e6950bd317dabe3b41bf7738c248e7ee)"
2013,Darjeeling Gorkha Hill Council (DGHC),KALIMPONG-II,KASHYONG,"doi:10.7910/DVN/ZHF9WC datafile 10396541 (r3-all-2013.csv.gz, md5 e6950bd317dabe3b41bf7738c248e7ee)"
2013,Darjeeling Gorkha Hill Council (DGHC),KALIMPONG-II,LAVA-GITABEONG,"doi:10.7910/DVN/ZHF9WC datafile 10396541 (r3-all-2013.csv.gz, md5 e6950bd317dabe3b41bf7738c248e7ee)"
2013,Darjeeling Gorkha Hill Council (DGHC),KALIMPONG-II,LINGSEY,"doi:10.7910/DVN/ZHF9WC datafile 10396541 (r3-all-2013.csv.gz, md5 e6950bd317dabe3b41bf7738c248e7ee)"
2013,Darjeeling Gorkha Hill Council (DGHC),KALIMPONG-II,LINGSEYKHA,"doi:10.7910/DVN/ZHF9WC datafile 10396541 (r3-all-2013.csv.gz, md5 e6950bd317dabe3b41bf7738c248e7ee)"
2013,Darjeeling Gorkha Hill Council (DGHC),KALIMPONG-II,LOLEY,"doi:10.7910/DVN/ZHF9WC datafile 10396541 (r3-all-2013.csv.gz, md5 e6950bd317dabe3b41bf7738c248e7ee)"
2013,Darjeeling Gorkha Hill Council (DGHC),KALIMPONG-II,PAYONG,"doi:10.7910/DVN/ZHF9WC datafile 10396541 (r3-all-2013.csv.gz, md5 e6950bd317dabe3b41bf7738c248e7ee)"
2013,Darjeeling Gorkha Hill Council (DGHC),KALIMPONG-II,PEDONG,"doi:10.7910/DVN/ZHF9WC datafile 10396541 (r3-all-2013.csv.gz, md5 e6950bd317dabe3b41bf7738c248e7ee)"
2013,Darjeeling Gorkha Hill Council (DGHC),KALIMPONG-II,SHANGSE,"doi:10.7910/DVN/ZHF9WC datafile 10396541 (r3-all-2013.csv.gz, md5 e6950bd317dabe3b41bf7738c248e7ee)"
2013,Darjeeling Gorkha Hill Council (DGHC),KALIMPONG-II,SHANTUK,"doi:10.7910/DVN/ZHF9WC datafile 10396541 (r3-all-2013.csv.gz, md5 e6950bd317dabe3b41bf7738c248e7ee)"
2013,Darjeeling Gorkha Hill Council (DGHC),KALIMPONG-II,SYAKIYONG,"doi:10.7910/DVN/ZHF9WC datafile 10396541 (r3-all-2013.csv.gz, md5 e6950bd317dabe3b41bf7738c248e7ee)"
2013,PASCHIM BARDHAMAN,KALNA-I,ATGHORIA SIMLAN,"doi:10.7910/DVN/ZHF9WC datafile 10396541 (r3-all-2013.csv.gz, md5 e6950bd317dabe3b41bf7738c248e7ee)"
2013,PASCHIM BARDHAMAN,KALNA-I,BAGNAPARA,"doi:10.7910/DVN/ZHF9WC datafile 10396541 (r3-all-2013.csv.gz, md5 e6950bd317dabe3b41bf7738c248e7ee)"
2013,PASCHIM BARDHAMAN,KALNA-I,BEGPUR,"doi:10.7910/DVN/ZHF9WC datafile 10396541 (r3-all-2013.csv.gz, md5 e6950bd317dabe3b41bf7738c248e7ee)"
2013,PASCHIM BARDHAMAN,KALNA-I,DHATRIGRAM,"doi:10.7910/DVN/ZHF9WC datafile 10396541 (r3-all-2013.csv.gz, md5 e6950bd317dabe3b41bf7738c248e7ee)"
2013,PASCHIM BARDHAMAN,KALNA-I,HAT-KALNA,"doi:10.7910/DVN/ZHF9WC datafile 10396541 (r3-all-2013.csv.gz, md5 e6950bd317dabe3b41bf7738c248e7ee)"
2013,PASCHIM BARDHAMAN,KALNA-I,KANKURIA,"doi:10.7910/DVN/ZHF9WC datafile 10396541 (r3-all-2013.csv.gz, md5 e6950bd317dabe3b41bf7738c248e7ee)"
2013,PASCHIM BARDHAMAN,KALNA-I,KRISHNADEBPUR,"doi:10.7910/DVN/ZHF9WC datafile 10396541 (r3-all-2013.csv.gz, md5 e6950bd317dabe3b41bf7738c248e7ee)"
2013,PASCHIM BARDHAMAN,KALNA-I,NANDAI,"doi:10.7910/DVN/ZHF9WC datafile 10396541 (r3-all-2013.csv.gz, md5 e6950bd317dabe3b41bf7738c248e7ee)"
2013,PASCHIM BARDHAMAN,KALNA-I,SULTANPUR,"doi:10.7910/DVN/ZHF9WC datafile 10396541 (r3-all-2013.csv.gz, md5 e6950bd317dabe3b41bf7738c248e7ee)"
2013,PASCHIM BARDHAMAN,KALNA-II,AKALPOUSH,"doi:10.7910/DVN/ZHF9WC datafile 10396541 (r3-all-2013.csv.gz, md5 e6950bd317dabe3b41bf7738c248e7ee)"
2013,PASCHIM BARDHAMAN,KALNA-II,ANUKHAL,"doi:10.7910/DVN/ZHF9WC datafile 10396541 (r3-all-2013.csv.gz, md5 e6950bd317dabe3b41bf7738c248e7ee)"
2013,PASCHIM BARDHAMAN,KALNA-II,BADLA,"doi:10.7910/DVN/ZHF9WC datafile 10396541 (r3-all-2013.csv.gz, md5 e6950bd317dabe3b41bf7738c248e7ee)"
2013,PASCHIM BARDHAMAN,KALNA-II,BAIDYAPUR,"doi:10.7910/DVN/ZHF9WC datafile 10396541 (r3-all-2013.csv.gz, md5 e6950bd317dabe3b41bf7738c248e7ee)"
2013,PASCHIM BARDHAMAN,KALNA-II,BARADHAMAS,"doi:10.7910/DVN/ZHF9WC datafile 10396541 (r3-all-2013.csv.gz, md5 e6950bd317dabe3b41bf7738c248e7ee)"
2013,PASCHIM BARDHAMAN,KALNA-II,KALYANPUR,"doi:10.7910/DVN/ZHF9WC datafile 10396541 (r3-all-2013.csv.gz, md5 e6950bd317dabe3b41bf7738c248e7ee)"
2013,PASCHIM BARDHAMAN,KALNA-II,PINDIRA,"doi:10.7910/DVN/ZHF9WC datafile 10396541 (r3-all-2013.csv.gz, md5 e6950bd317dabe3b41bf7738c248e7ee)"
2013,PASCHIM BARDHAMAN,KALNA-II,SATGACHI,"doi:10.7910/DVN/ZHF9WC datafile 10396541 (r3-all-2013.csv.gz, md5 e6950bd317dabe3b41bf7738c248e7ee)"
2013,MURSHIDABAD,KANDI,ANDULIA,"doi:10.7910/DVN/ZHF9WC datafile 10396541 (r3-all-2013.csv.gz, md5 e6950bd317dabe3b41bf7738c248e7ee)"
2013,MURSHIDABAD,KANDI,GOKARNA-I,"doi:10.7910/DVN/ZHF9WC datafile 10396541 (r3-all-2013.csv.gz, md5 e6950bd317dabe3b41bf7738c248e7ee)"
2013,MURSHIDABAD,KANDI,GOKARNA-II,"doi:10.7910/DVN/ZHF9WC datafile 10396541 (r3-all-2013.csv.gz, md5 e6950bd317dabe3b41bf7738c248e7ee)"
2013,MURSHIDABAD,KANDI,HIZOLE,"doi:10.7910/DVN/ZHF9WC datafile 10396541 (r3-all-2013.csv.gz, md5 e6950bd317dabe3b41bf7738c248e7ee)"
2013,MURSHIDABAD,KANDI,JASHAHARI ANUKHA-I,"doi:10.7910/DVN/ZHF9WC datafile 10396541 (r3-all-2013.csv.gz, md5 e6950bd317dabe3b41bf7738c248e7ee)"
2013,MURSHIDABAD,KANDI,JASHAHARI ANUKHA-II,"doi:10.7910/DVN/ZHF9WC datafile 10396541 (r3-all-2013.csv.gz, md5 e6950bd317dabe3b41bf7738c248e7ee)"
2013,MURSHIDABAD,KANDI,KUMARSANDA,"doi:10.7910/DVN/ZHF9WC datafile 10396541 (r3-all-2013.csv.gz, md5 e6950bd317dabe3b41bf7738c248e7ee)"
2013,MURSHIDABAD,KANDI,MAHALANDI-I,"doi:10.7910/DVN/ZHF9WC datafile 10396541 (r3-all-2013.csv.gz, md5 e6950bd317dabe3b41bf7738c248e7ee)"
2013,MURSHIDABAD,KANDI,MAHALANDI-II,"doi:10.7910/DVN/ZHF9WC datafile 10396541 (r3-all-2013.csv.gz, md5 e6950bd317dabe3b41bf7738c248e7ee)"
2013,MURSHIDABAD,KANDI,PURANDARPUR,"doi:10.7910/DVN/ZHF9WC datafile 10396541 (r3-all-2013.csv.gz, md5 e6950bd317dabe3b41bf7738c248e7ee)"
2013,PASCHIM BARDHAMAN,KANKSA,AMLAJORA,"doi:10.7910/DVN/ZHF9WC datafile 10396541 (r3-all-2013.csv.gz, md5 e6950bd317dabe3b41bf7738c248e7ee)"
2013,PASCHIM BARDHAMAN,KANKSA,BIDBIHAR,"doi:10.7910/DVN/ZHF9WC datafile 10396541 (r3-all-2013.csv.gz, md5 e6950bd317dabe3b41bf7738c248e7ee)"
2013,PASCHIM BARDHAMAN,KANKSA,BONKATI,"doi:10.7910/DVN/ZHF9WC datafile 10396541 (r3-all-2013.csv.gz, md5 e6950bd317dabe3b41bf7738c248e7ee)"
2013,PASCHIM BARDHAMAN,KANKSA,GOPALPUR,"doi:10.7910/DVN/ZHF9WC datafile 10396541 (r3-all-2013.csv.gz, md5 e6950bd317dabe3b41bf7738c248e7ee)"
2013,PASCHIM BARDHAMAN,KANKSA,KANKSA,"doi:10.7910/DVN/ZHF9WC datafile 10396541 (r3-all-2013.csv.gz, md5 e6950bd317dabe3b41bf7738c248e7ee)"
2013,PASCHIM BARDHAMAN,KANKSA,MOLANDIGHI,"doi:10.7910/DVN/ZHF9WC datafile 10396541 (r3-all-2013.csv.gz, md5 e6950bd317dabe3b41bf7738c248e7ee)"
2013,PASCHIM BARDHAMAN,KANKSA,TRILOKCHANDRAPUR,"doi:10.7910/DVN/ZHF9WC datafile 10396541 (r3-all-2013.csv.gz, md5 e6950bd317dabe3b41bf7738c248e7ee)"
2013,DINAJPUR UTTAR,KARANDIGHI,ALTAPUR-I,"doi:10.7910/DVN/ZHF9WC datafile 10396541 (r3-all-2013.csv.gz, md5 e6950bd317dabe3b41bf7738c248e7ee)"
2013,DINAJPUR UTTAR,KARANDIGHI,ALTAPUR-II,"doi:10.7910/DVN/ZHF9WC datafile 10396541 (r3-all-2013.csv.gz, md5 e6950bd317dabe3b41bf7738c248e7ee)"
2013,DINAJPUR UTTAR,KARANDIGHI,BAZARGAON-I,"doi:10.7910/DVN/ZHF9WC datafile 10396541 (r3-all-2013.csv.gz, md5 e6950bd317dabe3b41bf7738c248e7ee)"
2013,DINAJPUR UTTAR,KARANDIGHI,BAZARGAON-II,"doi:10.7910/DVN/ZHF9WC datafile 10396541 (r3-all-2013.csv.gz, md5 e6950bd317dabe3b41bf7738c248e7ee)"
2013,DINAJPUR UTTAR,KARANDIGHI,DALKHOLA-I,"doi:10.7910/DVN/ZHF9WC datafile 10396541 (r3-all-2013.csv.gz, md5 e6950bd317dabe3b41bf7738c248e7ee)"
2013,DINAJPUR UTTAR,KARANDIGHI,DOMOHONA,"doi:10.7910/DVN/ZHF9WC datafile 10396541 (r3-all-2013.csv.gz, md5 e6950bd317dabe3b41bf7738c248e7ee)"
2013,DINAJPUR UTTAR,KARANDIGHI,KARANDIGHI-I,"doi:10.7910/DVN/ZHF9WC datafile 10396541 (r3-all-2013.csv.gz, md5 e6950bd317dabe3b41bf7738c248e7ee)"
2013,DINAJPUR UTTAR,KARANDIGHI,KARANDIGHI-II,"doi:10.7910/DVN/ZHF9WC datafile 10396541 (r3-all-2013.csv.gz, md5 e6950bd317dabe3b41bf7738c248e7ee)"
2013,DINAJPUR UTTAR,KARANDIGHI,LAHUTARA-I,"doi:10.7910/DVN/ZHF9WC datafile 10396541 (r3-all-2013.csv.gz, md5 e6950bd317dabe3b41bf7738c248e7ee)"
2013,DINAJPUR UTTAR,KARANDIGHI,LAHUTARA-II,"doi:10.7910/DVN/ZHF9WC datafile 10396541 (r3-all-2013.csv.gz, md5 e6950bd317dabe3b41bf7738c248e7ee)"
2013,DINAJPUR UTTAR,KARANDIGHI,RANIGANJ,"doi:10.7910/DVN/ZHF9WC datafile 10396541 (r3-all-2013.csv.gz, md5 e6950bd317dabe3b41bf7738c248e7ee)"
2013,DINAJPUR UTTAR,KARANDIGHI,RASAKHOW-I,"doi:10.7910/DVN/ZHF9WC datafile 10396541 (r3-all-2013.csv.gz, md5 e6950bd317dabe3b41bf7738c248e7ee)"
2013,DINAJPUR UTTAR,KARANDIGHI,RASAKHOW-II,"doi:10.7910/DVN/ZHF9WC datafile 10396541 (r3-all-2013.csv.gz, md5 e6950bd317dabe3b41bf7738c248e7ee)"
2013,NADIA,KARIMPUR-1,HAREKRISHNAPUR,"doi:10.7910/DVN/ZHF9WC datafile 10396541 (r3-all-2013.csv.gz, md5 e6950bd317dabe3b41bf7738c248e7ee)"
2013,NADIA,KARIMPUR-1,HOGOLBARIA,"doi:10.7910/DVN/ZHF9WC datafile 10396541 (r3-all-2013.csv.gz, md5 e6950bd317dabe3b41bf7738c248e7ee)"
2013,NADIA,KARIMPUR-1,JAMASHERPUR,"doi:10.7910/DVN/ZHF9WC datafile 10396541 (r3-all-2013.csv.gz, md5 e6950bd317dabe3b41bf7738c248e7ee)"
2013,NADIA,KARIMPUR-1,KARIMPUR-I,"doi:10.7910/DVN/ZHF9WC datafile 10396541 (r3-all-2013.csv.gz, md5 e6950bd317dabe3b41bf7738c248e7ee)"
2013,NADIA,KARIMPUR-1,KARIMPUR-II,"doi:10.7910/DVN/ZHF9WC datafile 10396541 (r3-all-2013.csv.gz, md5 e6950bd317dabe3b41bf7738c248e7ee)"
2013,NADIA,KARIMPUR-1,MADHUGARI,"doi:10.7910/DVN/ZHF9WC datafile 10396541 (r3-all-2013.csv.gz, md5 e6950bd317dabe3b41bf7738c248e7ee)"
2013,NADIA,KARIMPUR-1,PIPULBARIA,"doi:10.7910/DVN/ZHF9WC datafile 10396541 (r3-all-2013.csv.gz, md5 e6950bd317dabe3b41bf7738c248e7ee)"
2013,NADIA,KARIMPUR-1,SHIKARPUR,"doi:10.7910/DVN/ZHF9WC datafile 10396541 (r3-all-2013.csv.gz, md5 e6950bd317dabe3b41bf7738c248e7ee)"
2013,NADIA,KARIMPUR-II,DHORADAHA-I,"doi:10.7910/DVN/ZHF9WC datafile 10396541 (r3-all-2013.csv.gz, md5 e6950bd317dabe3b41bf7738c248e7ee)"
2013,NADIA,KARIMPUR-II,DHORADAHA-II,"doi:10.7910/DVN/ZHF9WC datafile 10396541 (r3-all-2013.csv.gz, md5 e6950bd317dabe3b41bf7738c248e7ee)"
2013,NADIA,KARIMPUR-II,DIGHAL KANDI,"doi:10.7910/DVN/ZHF9WC datafile 10396541 (r3-all-2013.csv.gz, md5 e6950bd317dabe3b41bf7738c248e7ee)"
2013,NADIA,KARIMPUR-II,MURUTIA,"doi:10.7910/DVN/ZHF9WC datafile 10396541 (r3-all-2013.csv.gz, md5 e6950bd317dabe3b41bf7738c248e7ee)"
2013,NADIA,KARIMPUR-II,NANDANPUR,"doi:10.7910/DVN/ZHF9WC datafile 10396541 (r3-all-2013.csv.gz, md5 e6950bd317dabe3b41bf7738c248e7ee)"
2013,NADIA,KARIMPUR-II,NARAYANPUR-I,"doi:10.7910/DVN/ZHF9WC datafile 10396541 (r3-all-2013.csv.gz, md5 e6950bd317dabe3b41bf7738c248e7ee)"
2013,NADIA,KARIMPUR-II,NARAYANPUR-II,"doi:10.7910/DVN/ZHF9WC datafile 10396541 (r3-all-2013.csv.gz, md5 e6950bd317dabe3b41bf7738c248e7ee)"
2013,NADIA,KARIMPUR-II,NATIDANGA-I,"doi:10.7910/DVN/ZHF9WC datafile 10396541 (r3-all-2013.csv.gz, md5 e6950bd317dabe3b41bf7738c248e7ee)"
2013,NADIA,KARIMPUR-II,NATIDANGA-II,"doi:10.7910/DVN/ZHF9WC datafile 10396541 (r3-all-2013.csv.gz, md5 e6950bd317dabe3b41bf7738c248e7ee)"
2013,NADIA,KARIMPUR-II,RAHAMATPUR,"doi:10.7910/DVN/ZHF9WC datafile 10396541 (r3-all-2013.csv.gz, md5 e6950bd317dabe3b41bf7738c248e7ee)"
2013,PURULIA,KASHIPUR,AGARDI-CHITRA,"doi:10.7910/DVN/ZHF9WC datafile 10396541 (r3-all-2013.csv.gz, md5 e6950bd317dabe3b41bf7738c248e7ee)"
2013,PURULIA,KASHIPUR,BARRAH,"doi:10.7910/DVN/ZHF9WC datafile 10396541 (r3-all-2013.csv.gz, md5 e6950bd317dabe3b41bf7738c248e7ee)"
2013,PURULIA,KASHIPUR,BEKO,"doi:10.7910/DVN/ZHF9WC datafile 10396541 (r3-all-2013.csv.gz, md5 e6950bd317dabe3b41bf7738c248e7ee)"
2013,PURULIA,KASHIPUR,GAGNABAD,"doi:10.7910/DVN/ZHF9WC datafile 10396541 (r3-all-2013.csv.gz, md5 e6950bd317dabe3b41bf7738c248e7ee)"
2013,PURULIA,KASHIPUR,GORANDIH,"doi:10.7910/DVN/ZHF9WC datafile 10396541 (r3-all-2013.csv.gz, md5 e6950bd317dabe3b41bf7738c248e7ee)"
2013,PURULIA,KASHIPUR,HADALDA-UPARRAH,"doi:10.7910/DVN/ZHF9WC datafile 10396541 (r3-all-2013.csv.gz, md5 e6950bd317dabe3b41bf7738c248e7ee)"
2013,PURULIA,KASHIPUR,KALIDAHA,"doi:10.7910/DVN/ZHF9WC datafile 10396541 (r3-all-2013.csv.gz, md5 e6950bd317dabe3b41bf7738c248e7ee)"
2013,PURULIA,KASHIPUR,KASHIPUR,"doi:10.7910/DVN/ZHF9WC datafile 10396541 (r3-all-2013.csv.gz, md5 e6950bd317dabe3b41bf7738c248e7ee)"
2013,PURULIA,KASHIPUR,MANIHARA,"doi:10.7910/DVN/ZHF9WC datafile 10396541 (r3-all-2013.csv.gz, md5 e6950bd317dabe3b41bf7738c248e7ee)"
2013,PURULIA,KASHIPUR,RANGAMATI-RANJANDIH,"doi:10.7910/DVN/ZHF9WC datafile 10396541 (r3-all-2013.csv.gz, md5 e6950bd317dabe3b41bf7738c248e7ee)"
2013,PURULIA,KASHIPUR,SIMLA-DHANARA,"doi:10.7910/DVN/ZHF9WC datafile 10396541 (r3-all-2013.csv.gz, md5 e6950bd317dabe3b41bf7738c248e7ee)"
2013,PURULIA,KASHIPUR,SONAIJURI,"doi:10.7910/DVN/ZHF9WC datafile 10396541 (r3-all-2013.csv.gz, md5 e6950bd317dabe3b41bf7738c248e7ee)"
2013,PURULIA,KASHIPUR,SONATHALI,"doi:10.7910/DVN/ZHF9WC datafile 10396541 (r3-all-2013.csv.gz, md5 e6950bd317dabe3b41bf7738c248e7ee)"
2013,PASCHIM BARDHAMAN,KATWA-I,ALAMPUR,"doi:10.7910/DVN/ZHF9WC datafile 10396541 (r3-all-2013.csv.gz, md5 e6950bd317dabe3b41bf7738c248e7ee)"
2013,PASCHIM BARDHAMAN,KATWA-I,GIDHAGRAM,"doi:10.7910/DVN/ZHF9WC datafile 10396541 (r3-all-2013.csv.gz, md5 e6950bd317dabe3b41bf7738c248e7ee)"
2013,PASCHIM BARDHAMAN,KATWA-I,GOAI,"doi:10.7910/DVN/ZHF9WC datafile 10396541 (r3-all-2013.csv.gz, md5 e6950bd317dabe3b41bf7738c248e7ee)"
2013,PASCHIM BARDHAMAN,KATWA-I,KARAJGRAM,"doi:10.7910/DVN/ZHF9WC datafile 10396541 (r3-all-2013.csv.gz, md5 e6950bd317dabe3b41bf7738c248e7ee)"
2013,PASCHIM BARDHAMAN,KATWA-I,KHAJURDIHI,"doi:10.7910/DVN/ZHF9WC datafile 10396541 (r3-all-2013.csv.gz, md5 e6950bd317dabe3b41bf7738c248e7ee)"
2013,PASCHIM BARDHAMAN,KATWA-I,KOSHIGRAM,"doi:10.7910/DVN/ZHF9WC datafile 10396541 (r3-all-2013.csv.gz, md5 e6950bd317dabe3b41bf7738c248e7ee)"
2013,PASCHIM BARDHAMAN,KATWA-I,SARGRAM,"doi:10.7910/DVN/ZHF9WC datafile 10396541 (r3-all-2013.csv.gz, md5 e6950bd317dabe3b41bf7738c248e7ee)"
2013,PASCHIM BARDHAMAN,KATWA-I,SRIKHANDA,"doi:10.7910/DVN/ZHF9WC datafile 10396541 (r3-all-2013.csv.gz, md5 e6950bd317dabe3b41bf7738c248e7ee)"
2013,PASCHIM BARDHAMAN,KATWA-I,SUDPUR,"doi:10.7910/DVN/ZHF9WC datafile 10396541 (r3-all-2013.csv.gz, md5 e6950bd317dabe3b41bf7738c248e7ee)"
2013,PASCHIM BARDHAMAN,KATWA-II,AGRADWIP,"doi:10.7910/DVN/ZHF9WC datafile 10396541 (r3-all-2013.csv.gz, md5 e6950bd317dabe3b41bf7738c248e7ee)"
2013,PASCHIM BARDHAMAN,KATWA-II,GAZIPUR,"doi:10.7910/DVN/ZHF9WC datafile 10396541 (r3-all-2013.csv.gz, md5 e6950bd317dabe3b41bf7738c248e7ee)"
2013,PASCHIM BARDHAMAN,KATWA-II,JAGADANANDAPUR,"doi:10.7910/DVN/ZHF9WC datafile 10396541 (r3-all-2013.csv.gz, md5 e6950bd317dabe3b41bf7738c248e7ee)"
2013,PASCHIM BARDHAMAN,KATWA-II,KARUI,"doi:10.7910/DVN/ZHF9WC datafile 10396541 (r3-all-2013.csv.gz, md5 e6950bd317dabe3b41bf7738c248e7ee)"
2013,PASCHIM BARDHAMAN,KATWA-II,PALSONA,"doi:10.7910/DVN/ZHF9WC datafile 10396541 (r3-all-2013.csv.gz, md5 e6950bd317dabe3b41bf7738c248e7ee)"
2013,PASCHIM BARDHAMAN,KATWA-II,SINGHI,"doi:10.7910/DVN/ZHF9WC datafile 10396541 (r3-all-2013.csv.gz, md5 e6950bd317dabe3b41bf7738c248e7ee)"
2013,PASCHIM BARDHAMAN,KATWA-II,SREEBATI,"doi:10.7910/DVN/ZHF9WC datafile 10396541 (r3-all-2013.csv.gz, md5 e6950bd317dabe3b41bf7738c248e7ee)"
2013,PASCHIM MEDINIPUR,KESHIARY,BAGHASTHI,"doi:10.7910/DVN/ZHF9WC datafile 10396541 (r3-all-2013.csv.gz, md5 e6950bd317dabe3b41bf7738c248e7ee)"
2013,PASCHIM MEDINIPUR,KESHIARY,GAGANESWAR,"doi:10.7910/DVN/ZHF9WC datafile 10396541 (r3-all-2013.csv.gz, md5 e6950bd317dabe3b41bf7738c248e7ee)"
2013,PASCHIM MEDINIPUR,KESHIARY,GHRITAGRAM,"doi:10.7910/DVN/ZHF9WC datafile 10396541 (r3-all-2013.csv.gz, md5 e6950bd317dabe3b41bf7738c248e7ee)"
2013,PASCHIM MEDINIPUR,KESHIARY,KESHIARI,"doi:10.7910/DVN/ZHF9WC datafile 10396541 (r3-all-2013.csv.gz, md5 e6950bd317dabe3b41bf7738c248e7ee)"
2013,PASCHIM MEDINIPUR,KESHIARY,KHAJRA,"doi:10.7910/DVN/ZHF9WC datafile 10396541 (r3-all-2013.csv.gz, md5 e6950bd317dabe3b41bf7738c248e7ee)"
2013,PASCHIM MEDINIPUR,KESHIARY,KUSUMPUR,"doi:10.7910/DVN/ZHF9WC datafile 10396541 (r3-all-2013.csv.gz, md5 e6950bd317dabe3b41bf7738c248e7ee)"
2013,PASCHIM MEDINIPUR,KESHIARY,LALUA,"doi:10.7910/DVN/ZHF9WC datafile 10396541 (r3-all-2013.csv.gz, md5 e6950bd317dabe3b41bf7738c248e7ee)"
2013,PASCHIM MEDINIPUR,KESHIARY,NACHIPUR,"doi:10.7910/DVN/ZHF9WC datafile 10396541 (r3-all-2013.csv.gz, md5 e6950bd317dabe3b41bf7738c248e7ee)"
2013,PASCHIM MEDINIPUR,KESHIARY,SANTRAPUR,"doi:10.7910/DVN/ZHF9WC datafile 10396541 (r3-all-2013.csv.gz, md5 e6950bd317dabe3b41bf7738c248e7ee)"
2013,PASCHIM MEDINIPUR,KESHPUR,AMANPUR,"doi:10.7910/DVN/ZHF9WC datafile 10396541 (r3-all-2013.csv.gz, md5 e6950bd317dabe3b41bf7738c248e7ee)"
2013,PASCHIM MEDINIPUR,KESHPUR,AMRAKUCHI,"doi:10.7910/DVN/ZHF9WC datafile 10396541 (r3-all-2013.csv.gz, md5 e6950bd317dabe3b41bf7738c248e7ee)"
2013,PASCHIM MEDINIPUR,KESHPUR,ANANDAPUR,"doi:10.7910/DVN/ZHF9WC datafile 10396541 (r3-all-2013.csv.gz, md5 e6950bd317dabe3b41bf7738c248e7ee)"
2013,PASCHIM MEDINIPUR,KESHPUR,DHALHARA,"doi:10.7910/DVN/ZHF9WC datafile 10396541 (r3-all-2013.csv.gz, md5 e6950bd317dabe3b41bf7738c248e7ee)"
2013,PASCHIM MEDINIPUR,KESHPUR,ENAYETPUR,"doi:10.7910/DVN/ZHF9WC datafile 10396541 (r3-all-2013.csv.gz, md5 e6950bd317dabe3b41bf7738c248e7ee)"
2013,PASCHIM MEDINIPUR,KESHPUR,GOLAR,"doi:10.7910/DVN/ZHF9WC datafile 10396541 (r3-all-2013.csv.gz, md5 e6950bd317dabe3b41bf7738c248e7ee)"
2013,PASCHIM MEDINIPUR,KESHPUR,JAGANNATHPUR,"doi:10.7910/DVN/ZHF9WC datafile 10396541 (r3-all-2013.csv.gz, md5 e6950bd317dabe3b41bf7738c248e7ee)"
2013,PASCHIM MEDINIPUR,KESHPUR,JHENTLA,"doi:10.7910/DVN/ZHF9WC datafile 10396541 (r3-all-2013.csv.gz, md5 e6950bd317dabe3b41bf7738c248e7ee)"
2013,PASCHIM MEDINIPUR,KESHPUR,JORAKEUDI-SOLIDIHA,"doi:10.7910/DVN/ZHF9WC datafile 10396541 (r3-all-2013.csv.gz, md5 e6950bd317dabe3b41bf7738c248e7ee)"
2013,PASCHIM MEDINIPUR,KESHPUR,KALAGRAM,"doi:10.7910/DVN/ZHF9WC datafile 10396541 (r3-all-2013.csv.gz, md5 e6950bd317dabe3b41bf7738c248e7ee)"
2013,PASCHIM MEDINIPUR,KESHPUR,KESHPUR,"doi:10.7910/DVN/ZHF9WC datafile 10396541 (r3-all-2013.csv.gz, md5 e6950bd317dabe3b41bf7738c248e7ee)"
2013,PASCHIM MEDINIPUR,KESHPUR,MUGBASAN,"doi:10.7910/DVN/ZHF9WC datafile 10396541 (r3-all-2013.csv.gz, md5 e6950bd317dabe3b41bf7738c248e7ee)"
2013,PASCHIM MEDINIPUR,KESHPUR,SARISHAKHOLA,"doi:10.7910/DVN/ZHF9WC datafile 10396541 (r3-all-2013.csv.gz, md5 e6950bd317dabe3b41bf7738c248e7ee)"
2013,PASCHIM MEDINIPUR,KESHPUR,SHIRSHA,"doi:10.7910/DVN/ZHF9WC datafile 10396541 (r3-all-2013.csv.gz, md5 e6950bd317dabe3b41bf7738c248e7ee)"
2013,PASCHIM MEDINIPUR,KESHPUR,TEGHARI,"doi:10.7910/DVN/ZHF9WC datafile 10396541 (r3-all-2013.csv.gz, md5 e6950bd317dabe3b41bf7738c248e7ee)"
2013,PASCHIM BARDHAMAN,KETUGRAM-I,AGARDANGA,"doi:10.7910/DVN/ZHF9WC datafile 10396541 (r3-all-2013.csv.gz, md5 e6950bd317dabe3b41bf7738c248e7ee)"
2013,PASCHIM BARDHAMAN,KETUGRAM-I,ANKHONA,"doi:10.7910/DVN/ZHF9WC datafile 10396541 (r3-all-2013.csv.gz, md5 e6950bd317dabe3b41bf7738c248e7ee)"
2013,PASCHIM BARDHAMAN,KETUGRAM-I,BERUGRAM,"doi:10.7910/DVN/ZHF9WC datafile 10396541 (r3-all-2013.csv.gz, md5 e6950bd317dabe3b41bf7738c248e7ee)"
2013,PASCHIM BARDHAMAN,KETUGRAM-I,KANDRA-JANADAS,"doi:10.7910/DVN/ZHF9WC datafile 10396541 (r3-all-2013.csv.gz, md5 e6950bd317dabe3b41bf7738c248e7ee)"
2013,PASCHIM BARDHAMAN,KETUGRAM-I,MOORGRAM-GOPALPUR,"doi:10.7910/DVN/ZHF9WC datafile 10396541 (r3-all-2013.csv.gz, md5 e6950bd317dabe3b41bf7738c248e7ee)"
2013,PASCHIM BARDHAMAN,KETUGRAM-I,PALITA,"doi:10.7910/DVN/ZHF9WC datafile 10396541 (r3-all-2013.csv.gz, md5 e6950bd317dabe3b41bf7738c248e7ee)"
2013,PASCHIM BARDHAMAN,KETUGRAM-I,PANDUGRAM,"doi:10.7910/DVN/ZHF9WC datafile 10396541 (r3-all-2013.csv.gz, md5 e6950bd317dabe3b41bf7738c248e7ee)"
2013,PASCHIM BARDHAMAN,KETUGRAM-I,RAJOOR,"doi:10.7910/DVN/ZHF9WC datafile 10396541 (r3-all-2013.csv.gz, md5 e6950bd317dabe3b41bf7738c248e7ee)"
2013,PASCHIM BARDHAMAN,KETUGRAM-II,BILLESWAR,"doi:10.7910/DVN/ZHF9WC datafile 10396541 (r3-all-2013.csv.gz, md5 e6950bd317dabe3b41bf7738c248e7ee)"
2013,PASCHIM BARDHAMAN,KETUGRAM-II,GANGATIKURI,"doi:10.7910/DVN/ZHF9WC datafile 10396541 (r3-all-2013.csv.gz, md5 e6950bd317dabe3b41bf7738c248e7ee)"
2013,PASCHIM BARDHAMAN,KETUGRAM-II,KETUGRAM,"doi:10.7910/DVN/ZHF9WC datafile 10396541 (r3-all-2013.csv.gz, md5 e6950bd317dabe3b41bf7738c248e7ee)"
2013,PASCHIM BARDHAMAN,KETUGRAM-II,MOUGRAM,"doi:10.7910/DVN/ZHF9WC datafile 10396541 (r3-all-2013.csv.gz, md5 e6950bd317dabe3b41bf7738c248e7ee)"
2013,PASCHIM BARDHAMAN,KETUGRAM-II,NABAGRAM,"doi:10.7910/DVN/ZHF9WC datafile 10396541 (r3-all-2013.csv.gz, md5 e6950bd317dabe3b41bf7738c248e7ee)"
2013,PASCHIM BARDHAMAN,KETUGRAM-II,NIROL,"doi:10.7910/DVN/ZHF9WC datafile 10396541 (r3-all-2013.csv.gz, md5 e6950bd317dabe3b41bf7738c248e7ee)"
2013,PASCHIM BARDHAMAN,KETUGRAM-II,SITAHATI,"doi:10.7910/DVN/ZHF9WC datafile 10396541 (r3-all-2013.csv.gz, md5 e6950bd317dabe3b41bf7738c248e7ee)"
2013,HOOGHLY,KHANAKUL-I,ARUNDA,"doi:10.7910/DVN/ZHF9WC datafile 10396541 (r3-all-2013.csv.gz, md5 e6950bd317dabe3b41bf7738c248e7ee)"
2013,HOOGHLY,KHANAKUL-I,BALIPUR,"doi:10.7910/DVN/ZHF9WC datafile 10396541 (r3-all-2013.csv.gz, md5 e6950bd317dabe3b41bf7738c248e7ee)"
2013,HOOGHLY,KHANAKUL-I,GHOSHPUR,"doi:10.7910/DVN/ZHF9WC datafile 10396541 (r3-all-2013.csv.gz, md5 e6950bd317dabe3b41bf7738c248e7ee)"
2013,HOOGHLY,KHANAKUL-I,KHANAKUL-I,"doi:10.7910/DVN/ZHF9WC datafile 10396541 (r3-all-2013.csv.gz, md5 e6950bd317dabe3b41bf7738c248e7ee)"
2013,HOOGHLY,KHANAKUL-I,KHANAKUL-II,"doi:10.7910/DVN/ZHF9WC datafile 10396541 (r3-all-2013.csv.gz, md5 e6950bd317dabe3b41bf7738c248e7ee)"
2013,HOOGHLY,KHANAKUL-I,KISHOREPUR-I,"doi:10.7910/DVN/ZHF9WC datafile 10396541 (r3-all-2013.csv.gz, md5 e6950bd317dabe3b41bf7738c248e7ee)"
2013,HOOGHLY,KHANAKUL-I,KISHOREPUR-II,"doi:10.7910/DVN/ZHF9WC datafile 10396541 (r3-all-2013.csv.gz, md5 e6950bd317dabe3b41bf7738c248e7ee)"
2013,HOOGHLY,KHANAKUL-I,POLE-I,"doi:10.7910/DVN/ZHF9WC datafile 10396541 (r3-all-2013.csv.gz, md5 e6950bd317dabe3b41bf7738c248e7ee)"
2013,HOOGHLY,KHANAKUL-I,POLE-II,"doi:10.7910/DVN/ZHF9WC datafile 10396541 (r3-all-2013.csv.gz, md5 e6950bd317dabe3b41bf7738c248e7ee)"
2013,HOOGHLY,KHANAKUL-I,RAMMOHAN-I,"doi:10.7910/DVN/ZHF9WC datafile 10396541 (r3-all-2013.csv.gz, md5 e6950bd317dabe3b41bf7738c248e7ee)"
2013,HOOGHLY,KHANAKUL-I,RAMMOHAN-II,"doi:10.7910/DVN/ZHF9WC datafile 10396541 (r3-all-2013.csv.gz, md5 e6950bd317dabe3b41bf7738c248e7ee)"
2013,HOOGHLY,KHANAKUL-I,TANTISAL,"doi:10.7910/DVN/ZHF9WC datafile 10396541 (r3-all-2013.csv.gz, md5 e6950bd317dabe3b41bf7738c248e7ee)"
2013,HOOGHLY,KHANAKUL-I,THAKURANICHAK,"doi:10.7910/DVN/ZHF9WC datafile 10396541 (r3-all-2013.csv.gz, md5 e6950bd317dabe3b41bf7738c248e7ee)"
2013,HOOGHLY,KHANAKUL-II,CHINGRA,"doi:10.7910/DVN/ZHF9WC datafile 10396541 (r3-all-2013.csv.gz, md5 e6950bd317dabe3b41bf7738c248e7ee)"
2013,HOOGHLY,KHANAKUL-II,DHANYAGORI,"doi:10.7910/DVN/ZHF9WC datafile 10396541 (r3-all-2013.csv.gz, md5 e6950bd317dabe3b41bf7738c248e7ee)"
2013,HOOGHLY,KHANAKUL-II,JAGATPUR,"doi:10.7910/DVN/ZHF9WC datafile 10396541 (r3-all-2013.csv.gz, md5 e6950bd317dabe3b41bf7738c248e7ee)"
2013,HOOGHLY,KHANAKUL-II,MAROKHANA,"doi:10.7910/DVN/ZHF9WC datafile 10396541 (r3-all-2013.csv.gz, md5 e6950bd317dabe3b41bf7738c248e7ee)"
2013,HOOGHLY,KHANAKUL-II,NATIBPUR-I,"doi:10.7910/DVN/ZHF9WC datafile 10396541 (r3-all-2013.csv.gz, md5 e6950bd317dabe3b41bf7738c248e7ee)"
2013,HOOGHLY,KHANAKUL-II,NATIBPUR-II,"doi:10.7910/DVN/ZHF9WC datafile 10396541 (r3-all-2013.csv.gz, md5 e6950bd317dabe3b41bf7738c248e7ee)"
2013,HOOGHLY,KHANAKUL-II,PALASHPAI-I,"doi:10.7910/DVN/ZHF9WC datafile 10396541 (r3-all-2013.csv.gz, md5 e6950bd317dabe3b41bf7738c248e7ee)"
2013,HOOGHLY,KHANAKUL-II,PALASHPAI-II,"doi:10.7910/DVN/ZHF9WC datafile 10396541 (r3-all-2013.csv.gz, md5 e6950bd317dabe3b41bf7738c248e7ee)"
2013,HOOGHLY,KHANAKUL-II,RAJHATI-I,"doi:10.7910/DVN/ZHF9WC datafile 10396541 (r3-all-2013.csv.gz, md5 e6950bd317dabe3b41bf7738c248e7ee)"
2013,HOOGHLY,KHANAKUL-II,RAJHATI-II,"doi:10.7910/DVN/ZHF9WC datafile 10396541 (r3-all-2013.csv.gz, md5 e6950bd317dabe3b41bf7738c248e7ee)"
2013,HOOGHLY,KHANAKUL-II,SABALSINGHAPUR,"doi:10.7910/DVN/ZHF9WC datafile 10396541 (r3-all-2013.csv.gz, md5 e6950bd317dabe3b41bf7738c248e7ee)"
2013,PASCHIM BARDHAMAN,KHANDAGHOSH,BERUGRAM,"doi:10.7910/DVN/ZHF9WC datafile 10396541 (r3-all-2013.csv.gz, md5 e6950bd317dabe3b41bf7738c248e7ee)"
2013,PASCHIM BARDHAMAN,KHANDAGHOSH,GOPALBERA,"doi:10.7910/DVN/ZHF9WC datafile 10396541 (r3-all-2013.csv.gz, md5 e6950bd317dabe3b41bf7738c248e7ee)"
2013,PASCHIM BARDHAMAN,KHANDAGHOSH,KAIYOR,"doi:10.7910/DVN/ZHF9WC datafile 10396541 (r3-all-2013.csv.gz, md5 e6950bd317dabe3b41bf7738c248e7ee)"
2013,PASCHIM BARDHAMAN,KHANDAGHOSH,KHANDAGHOSH,"doi:10.7910/DVN/ZHF9WC datafile 10396541 (r3-all-2013.csv.gz, md5 e6950bd317dabe3b41bf7738c248e7ee)"
2013,PASCHIM BARDHAMAN,KHANDAGHOSH,LODNA,"doi:10.7910/DVN/ZHF9WC datafile 10396541 (r3-all-2013.csv.gz, md5 e6950bd317dabe3b41bf7738c248e7ee)"
2013,PASCHIM BARDHAMAN,KHANDAGHOSH,SAGRAI,"doi:10.7910/DVN/ZHF9WC datafile 10396541 (r3-all-2013.csv.gz, md5 e6950bd317dabe3b41bf7738c248e7ee)"
2013,PASCHIM BARDHAMAN,KHANDAGHOSH,SANKARI-I,"doi:10.7910/DVN/ZHF9WC datafile 10396541 (r3-all-2013.csv.gz, md5 e6950bd317dabe3b41bf7738c248e7ee)"
2013,PASCHIM BARDHAMAN,KHANDAGHOSH,SANKARI-II,"doi:10.7910/DVN/ZHF9WC datafile 10396541 (r3-all-2013.csv.gz, md5 e6950bd317dabe3b41bf7738c248e7ee)"
2013,PASCHIM BARDHAMAN,KHANDAGHOSH,SASANGA,"doi:10.7910/DVN/ZHF9WC datafile 10396541 (r3-all-2013.csv.gz, md5 e6950bd317dabe3b41bf7738c248e7ee)"
2013,PASCHIM BARDHAMAN,KHANDAGHOSH,UKHARID,"doi:10.7910/DVN/ZHF9WC datafile 10396541 (r3-all-2013.csv.gz, md5 e6950bd317dabe3b41bf7738c248e7ee)"
2013,PASCHIM MEDINIPUR,KHARAGPUR-I,ARJUNI,"doi:10.7910/DVN/ZHF9WC datafile 10396541 (r3-all-2013.csv.gz, md5 e6950bd317dabe3b41bf7738c248e7ee)"
2013,PASCHIM MEDINIPUR,KHARAGPUR-I,BARKOLA,"doi:10.7910/DVN/ZHF9WC datafile 10396541 (r3-all-2013.csv.gz, md5 e6950bd317dabe3b41bf7738c248e7ee)"
2013,PASCHIM MEDINIPUR,KHARAGPUR-I,GOPALI,"doi:10.7910/DVN/ZHF9WC datafile 10396541 (r3-all-2013.csv.gz, md5 e6950bd317dabe3b41bf7738c248e7ee)"
2013,PASCHIM MEDINIPUR,KHARAGPUR-I,HARIATORA,"doi:10.7910/DVN/ZHF9WC datafile 10396541 (r3-all-2013.csv.gz, md5 e6950bd317dabe3b41bf7738c248e7ee)"
2013,PASCHIM MEDINIPUR,KHARAGPUR-I,KALAIKUNDA,"doi:10.7910/DVN/ZHF9WC datafile 10396541 (r3-all-2013.csv.gz, md5 e6950bd317dabe3b41bf7738c248e7ee)"
2013,PASCHIM MEDINIPUR,KHARAGPUR-I,KHELARH,"doi:10.7910/DVN/ZHF9WC datafile 10396541 (r3-all-2013.csv.gz, md5 e6950bd317dabe3b41bf7738c248e7ee)"
2013,PASCHIM MEDINIPUR,KHARAGPUR-I,VETIA,"doi:10.7910/DVN/ZHF9WC datafile 10396541 (r3-all-2013.csv.gz, md5 e6950bd317dabe3b41bf7738c248e7ee)"
2013,PASCHIM MEDINIPUR,KHARAGPUR-II,CHAKMAKAMPUR,"doi:10.7910/DVN/ZHF9WC datafile 10396541 (r3-all-2013.csv.gz, md5 e6950bd317dabe3b41bf7738c248e7ee)"
2013,PASCHIM MEDINIPUR,KHARAGPUR-II,CHANGUAL,"doi:10.7910/DVN/ZHF9WC datafile 10396541 (r3-all-2013.csv.gz, md5 e6950bd317dabe3b41bf7738c248e7ee)"
2013,PASCHIM MEDINIPUR,KHARAGPUR-II,KALIARA-I,"doi:10.7910/DVN/ZHF9WC datafile 10396541 (r3-all-2013.csv.gz, md5 e6950bd317dabe3b41bf7738c248e7ee)"
2013,PASCHIM MEDINIPUR,KHARAGPUR-II,KALIARA-II,"doi:10.7910/DVN/ZHF9WC datafile 10396541 (r3-all-2013.csv.gz, md5 e6950bd317dabe3b41bf7738c248e7ee)"
2013,PASCHIM MEDINIPUR,KHARAGPUR-II,LACHHMAPUR,"doi:10.7910/DVN/ZHF9WC datafile 10396541 (r3-all-2013.csv.gz, md5 e6950bd317dabe3b41bf7738c248e7ee)"
2013,PASCHIM MEDINIPUR,KHARAGPUR-II,PALSYA,"doi:10.7910/DVN/ZHF9WC datafile 10396541 (r3-all-2013.csv.gz, md5 e6950bd317dabe3b41bf7738c248e7ee)"
2013,PASCHIM MEDINIPUR,KHARAGPUR-II,PAPARARA-I,"doi:10.7910/DVN/ZHF9WC datafile 10396541 (r3-all-2013.csv.gz, md5 e6950bd317dabe3b41bf7738c248e7ee)"
2013,PASCHIM MEDINIPUR,KHARAGPUR-II,PAPARARA-II,"doi:10.7910/DVN/ZHF9WC datafile 10396541 (r3-all-2013.csv.gz, md5 e6950bd317dabe3b41bf7738c248e7ee)"
2013,PASCHIM MEDINIPUR,KHARAGPUR-II,SANKOA,"doi:10.7910/DVN/ZHF9WC datafile 10396541 (r3-all-2013.csv.gz, md5 e6950bd317dabe3b41bf7738c248e7ee)"
2013,MURSHIDABAD,KHARGRAM,BALIA,"doi:10.7910/DVN/ZHF9WC datafile 10396541 (r3-all-2013.csv.gz, md5 e6950bd317dabe3b41bf7738c248e7ee)"
2013,MURSHIDABAD,KHARGRAM,EROALI,"doi:10.7910/DVN/ZHF9WC datafile 10396541 (r3-all-2013.csv.gz, md5 e6950bd317dabe3b41bf7738c248e7ee)"
2013,MURSHIDABAD,KHARGRAM,INDRANI,"doi:10.7910/DVN/ZHF9WC datafile 10396541 (r3-all-2013.csv.gz, md5 e6950bd317dabe3b41bf7738c248e7ee)"
2013,MURSHIDABAD,KHARGRAM,JAIPUR,"doi:10.7910/DVN/ZHF9WC datafile 10396541 (r3-all-2013.csv.gz, md5 e6950bd317dabe3b41bf7738c248e7ee)"
2013,MURSHIDABAD,KHARGRAM,JHILLI,"doi:10.7910/DVN/ZHF9WC datafile 10396541 (r3-all-2013.csv.gz, md5 e6950bd317dabe3b41bf7738c248e7ee)"
2013,MURSHIDABAD,KHARGRAM,KHARGRAM,"doi:10.7910/DVN/ZHF9WC datafile 10396541 (r3-all-2013.csv.gz, md5 e6950bd317dabe3b41bf7738c248e7ee)"
2013,MURSHIDABAD,KHARGRAM,KIRTIPUR,"doi:10.7910/DVN/ZHF9WC datafile 10396541 (r3-all-2013.csv.gz, md5 e6950bd317dabe3b41bf7738c248e7ee)"
2013,MURSHIDABAD,KHARGRAM,MAHISAR,"doi:10.7910/DVN/ZHF9WC datafile 10396541 (r3-all-2013.csv.gz, md5 e6950bd317dabe3b41bf7738c248e7ee)"
2013,MURSHIDABAD,KHARGRAM,MARGRAM,"doi:10.7910/DVN/ZHF9WC datafile 10396541 (r3-all-2013.csv.gz, md5 e6950bd317dabe3b41bf7738c248e7ee)"
2013,MURSHIDABAD,KHARGRAM,PADAMKANDI,"doi:10.7910/DVN/ZHF9WC datafile 10396541 (r3-all-2013.csv.gz, md5 e6950bd317dabe3b41bf7738c248e7ee)"
2013,MURSHIDABAD,KHARGRAM,PARULIA,"doi:10.7910/DVN/ZHF9WC datafile 10396541 (r3-all-2013.csv.gz, md5 e6950bd317dabe3b41bf7738c248e7ee)"
2013,MURSHIDABAD,KHARGRAM,SADAL,"doi:10.7910/DVN/ZHF9WC datafile 10396541 (r3-all-2013.csv.gz, md5 e6950bd317dabe3b41bf7738c248e7ee)"
2013,BANKURA,KHATRA,BAIDYANATHPUR,"doi:10.7910/DVN/ZHF9WC datafile 10396541 (r3-all-2013.csv.gz, md5 e6950bd317dabe3b41bf7738c248e7ee)"
2013,BANKURA,KHATRA,DAHALA,"doi:10.7910/DVN/ZHF9WC datafile 10396541 (r3-all-2013.csv.gz, md5 e6950bd317dabe3b41bf7738c248e7ee)"
2013,BANKURA,KHATRA,DHANARAH,"doi:10.7910/DVN/ZHF9WC datafile 10396541 (r3-all-2013.csv.gz, md5 e6950bd317dabe3b41bf7738c248e7ee)"
2013,BANKURA,KHATRA,GORABARI,"doi:10.7910/DVN/ZHF9WC datafile 10396541 (r3-all-2013.csv.gz, md5 e6950bd317dabe3b41bf7738c248e7ee)"
2013,BANKURA,KHATRA,KHATRAGRAM-I,"doi:10.7910/DVN/ZHF9WC datafile 10396541 (r3-all-2013.csv.gz, md5 e6950bd317dabe3b41bf7738c248e7ee)"
2013,BANKURA,KHATRA,KHATRAGRAM-II,"doi:10.7910/DVN/ZHF9WC datafile 10396541 (r3-all-2013.csv.gz, md5 e6950bd317dabe3b41bf7738c248e7ee)"
2013,BANKURA,KHATRA,SUPUR,"doi:10.7910/DVN/ZHF9WC datafile 10396541 (r3-all-2013.csv.gz, md5 e6950bd317dabe3b41bf7738c248e7ee)"
2013,PURBA MEDINIPUR,KHEJURI-I,BIRBANDAR,"doi:10.7910/DVN/ZHF9WC datafile 10396541 (r3-all-2013.csv.gz, md5 e6950bd317dabe3b41bf7738c248e7ee)"
2013,PURBA MEDINIPUR,KHEJURI-I,HERIA,"doi:10.7910/DVN/ZHF9WC datafile 10396541 (r3-all-2013.csv.gz, md5 e6950bd317dabe3b41bf7738c248e7ee)"
2013,PURBA MEDINIPUR,KHEJURI-I,KALAGECHIA,"doi:10.7910/DVN/ZHF9WC datafile 10396541 (r3-all-2013.csv.gz, md5 e6950bd317dabe3b41bf7738c248e7ee)"
2013,PURBA MEDINIPUR,KHEJURI-I,KAMARDA,"doi:10.7910/DVN/ZHF9WC datafile 10396541 (r3-all-2013.csv.gz, md5 e6950bd317dabe3b41bf7738c248e7ee)"
2013,PURBA MEDINIPUR,KHEJURI-I,LAKSHI,"doi:10.7910/DVN/ZHF9WC datafile 10396541 (r3-all-2013.csv.gz, md5 e6950bd317dabe3b41bf7738c248e7ee)"
2013,PURBA MEDINIPUR,KHEJURI-I,TIKASHI,"doi:10.7910/DVN/ZHF9WC datafile 10396541 (r3-all-2013.csv.gz, md5 e6950bd317dabe3b41bf7738c248e7ee)"
2013,PURBA MEDINIPUR,KHEJURI-II,BARATALA,"doi:10.7910/DVN/ZHF9WC datafile 10396541 (r3-all-2013.csv.gz, md5 e6950bd317dabe3b41bf7738c248e7ee)"
2013,PURBA MEDINIPUR,KHEJURI-II,HALUDBARI,"doi:10.7910/DVN/ZHF9WC datafile 10396541 (r3-all-2013.csv.gz, md5 e6950bd317dabe3b41bf7738c248e7ee)"
2013,PURBA MEDINIPUR,KHEJURI-II,JANKA,"doi:10.7910/DVN/ZHF9WC datafile 10396541 (r3-all-2013.csv.gz, md5 e6950bd317dabe3b41bf7738c248e7ee)"
2013,PURBA MEDINIPUR,KHEJURI-II,KHEJURI,"doi:10.7910/DVN/ZHF9WC datafile 10396541 (r3-all-2013.csv.gz, md5 e6950bd317dabe3b41bf7738c248e7ee)"
2013,PURBA MEDINIPUR,KHEJURI-II,NIJKASBA,"doi:10.7910/DVN/ZHF9WC datafile 10396541 (r3-all-2013.csv.gz, md5 e6950bd317dabe3b41bf7738c248e7ee)"
2013,BIRBHUM,KHOYRASOL,BABUIJORE,"doi:10.7910/DVN/ZHF9WC datafile 10396541 (r3-all-2013.csv.gz, md5 e6950bd317dabe3b41bf7738c248e7ee)"
2013,BIRBHUM,KHOYRASOL,BARRAH,"doi:10.7910/DVN/ZHF9WC datafile 10396541 (r3-all-2013.csv.gz, md5 e6950bd317dabe3b41bf7738c248e7ee)"
2013,BIRBHUM,KHOYRASOL,HAZRATPUR,"doi:10.7910/DVN/ZHF9WC datafile 10396541 (r3-all-2013.csv.gz, md5 e6950bd317dabe3b41bf7738c248e7ee)"
2013,BIRBHUM,KHOYRASOL,KENDGORE,"doi:10.7910/DVN/ZHF9WC datafile 10396541 (r3-all-2013.csv.gz, md5 e6950bd317dabe3b41bf7738c248e7ee)"
2013,BIRBHUM,KHOYRASOL,KHOYRASOLE,"doi:10.7910/DVN/ZHF9WC datafile 10396541 (r3-all-2013.csv.gz, md5 e6950bd317dabe3b41bf7738c248e7ee)"
2013,BIRBHUM,KHOYRASOL,LOKEPUR,"doi:10.7910/DVN/ZHF9WC datafile 10396541 (r3-all-2013.csv.gz, md5 e6950bd317dabe3b41bf7738c248e7ee)"
2013,BIRBHUM,KHOYRASOL,NAKRAKONDA,"doi:10.7910/DVN/ZHF9WC datafile 10396541 (r3-all-2013.csv.gz, md5 e6950bd317dabe3b41bf7738c248e7ee)"
2013,BIRBHUM,KHOYRASOL,PANCHRA,"doi:10.7910/DVN/ZHF9WC datafile 10396541 (r3-all-2013.csv.gz, md5 e6950bd317dabe3b41bf7738c248e7ee)"
2013,BIRBHUM,KHOYRASOL,PARSUNDI,"doi:10.7910/DVN/ZHF9WC datafile 10396541 (r3-all-2013.csv.gz, md5 e6950bd317dabe3b41bf7738c248e7ee)"
2013,BIRBHUM,KHOYRASOL,RUPUSPUR,"doi:10.7910/DVN/ZHF9WC datafile 10396541 (r3-all-2013.csv.gz, md5 e6950bd317dabe3b41bf7738c248e7ee)"
2013,PURBA MEDINIPUR,KOLAGHAT,AMALHANDA,"doi:10.7910/DVN/ZHF9WC datafile 10396541 (r3-all-2013.csv.gz, md5 e6950bd317dabe3b41bf7738c248e7ee)"
2013,PURBA MEDINIPUR,KOLAGHAT,BAISHNABCHAK,"doi:10.7910/DVN/ZHF9WC datafile 10396541 (r3-all-2013.csv.gz, md5 e6950bd317dabe3b41bf7738c248e7ee)"
2013,PURBA MEDINIPUR,KOLAGHAT,BHOGPUR,"doi:10.7910/DVN/ZHF9WC datafile 10396541 (r3-all-2013.csv.gz, md5 e6950bd317dabe3b41bf7738c248e7ee)"
2013,PURBA MEDINIPUR,KOLAGHAT,BRINDABANCHAK,"doi:10.7910/DVN/ZHF9WC datafile 10396541 (r3-all-2013.csv.gz, md5 e6950bd317dabe3b41bf7738c248e7ee)"
2013,PURBA MEDINIPUR,KOLAGHAT,DERIACHAK,"doi:10.7910/DVN/ZHF9WC datafile 10396541 (r3-all-2013.csv.gz, md5 e6950bd317dabe3b41bf7738c248e7ee)"
2013,PURBA MEDINIPUR,KOLAGHAT,GOPALNAGAR,"doi:10.7910/DVN/ZHF9WC datafile 10396541 (r3-all-2013.csv.gz, md5 e6950bd317dabe3b41bf7738c248e7ee)"
2013,PURBA MEDINIPUR,KOLAGHAT,KHANYADIHI,"doi:10.7910/DVN/ZHF9WC datafile 10396541 (r3-all-2013.csv.gz, md5 e6950bd317dabe3b41bf7738c248e7ee)"
2013,PURBA MEDINIPUR,KOLAGHAT,KOLA-I,"doi:10.7910/DVN/ZHF9WC datafile 10396541 (r3-all-2013.csv.gz, md5 e6950bd317dabe3b41bf7738c248e7ee)"
2013,PURBA MEDINIPUR,KOLAGHAT,KOLA-II,"doi:10.7910/DVN/ZHF9WC datafile 10396541 (r3-all-2013.csv.gz, md5 e6950bd317dabe3b41bf7738c248e7ee)"
2013,PURBA MEDINIPUR,KOLAGHAT,PULSHITA,"doi:10.7910/DVN/ZHF9WC datafile 10396541 (r3-all-2013.csv.gz, md5 e6950bd317dabe3b41bf7738c248e7ee)"
2013,PURBA MEDINIPUR,KOLAGHAT,SAGARBARH,"doi:10.7910/DVN/ZHF9WC datafile 10396541 (r3-all-2013.csv.gz, md5 e6950bd317dabe3b41bf7738c248e7ee)"
2013,PURBA MEDINIPUR,KOLAGHAT,SIDDHA-I,"doi:10.7910/DVN/ZHF9WC datafile 10396541 (r3-all-2013.csv.gz, md5 e6950bd317dabe3b41bf7738c248e7ee)"
2013,PURBA MEDINIPUR,KOLAGHAT,SIDHHA-II,"doi:10.7910/DVN/ZHF9WC datafile 10396541 (r3-all-2013.csv.gz, md5 e6950bd317dabe3b41bf7738c248e7ee)"
2013,BANKURA,KOTULPUR,DESHRAHKOYALPARA,"doi:10.7910/DVN/ZHF9WC datafile 10396541 (r3-all-2013.csv.gz, md5 e6950bd317dabe3b41bf7738c248e7ee)"
2013,BANKURA,KOTULPUR,GOPINATHPUR,"doi:10.7910/DVN/ZHF9WC datafile 10396541 (r3-all-2013.csv.gz, md5 e6950bd317dabe3b41bf7738c248e7ee)"
2013,BANKURA,KOTULPUR,KOTULPUR,"doi:10.7910/DVN/ZHF9WC datafile 10396541 (r3-all-2013.csv.gz, md5 e6950bd317dabe3b41bf7738c248e7ee)"
2013,BANKURA,KOTULPUR,LAUGRAM,"doi:10.7910/DVN/ZHF9WC datafile 10396541 (r3-all-2013.csv.gz, md5 e6950bd317dabe3b41bf7738c248e7ee)"
2013,BANKURA,KOTULPUR,LEGO,"doi:10.7910/DVN/ZHF9WC datafile 10396541 (r3-all-2013.csv.gz, md5 e6950bd317dabe3b41bf7738c248e7ee)"
2013,BANKURA,KOTULPUR,MADANMOHANPUR,"doi:10.7910/DVN/ZHF9WC datafile 10396541 (r3-all-2013.csv.gz, md5 e6950bd317dabe3b41bf7738c248e7ee)"
2013,BANKURA,KOTULPUR,MIRZAPUR,"doi:10.7910/DVN/ZHF9WC datafile 10396541 (r3-all-2013.csv.gz, md5 e6950bd317dabe3b41bf7738c248e7ee)"
2013,BANKURA,KOTULPUR,SIHAR,"doi:10.7910/DVN/ZHF9WC datafile 10396541 (r3-all-2013.csv.gz, md5 e6950bd317dabe3b41bf7738c248e7ee)"
2013,NADIA,KRISHNAGANJ,BHAJANGHAT TUNGI,"doi:10.7910/DVN/ZHF9WC datafile 10396541 (r3-all-2013.csv.gz, md5 e6950bd317dabe3b41bf7738c248e7ee)"
2013,NADIA,KRISHNAGANJ,GOBINDAPUR,"doi:10.7910/DVN/ZHF9WC datafile 10396541 (r3-all-2013.csv.gz, md5 e6950bd317dabe3b41bf7738c248e7ee)"
2013,NADIA,KRISHNAGANJ,JOYGHATA,"doi:10.7910/DVN/ZHF9WC datafile 10396541 (r3-all-2013.csv.gz, md5 e6950bd317dabe3b41bf7738c248e7ee)"
2013,NADIA,KRISHNAGANJ,KRISHNAGANJ,"doi:10.7910/DVN/ZHF9WC datafile 10396541 (r3-all-2013.csv.gz, md5 e6950bd317dabe3b41bf7738c248e7ee)"
2013,NADIA,KRISHNAGANJ,MAITIARY BANPUR,"doi:10.7910/DVN/ZHF9WC datafile 10396541 (r3-all-2013.csv.gz, md5 e6950bd317dabe3b41bf7738c248e7ee)"
2013,NADIA,KRISHNAGANJ,SHIBNIBAS,"doi:10.7910/DVN/ZHF9WC datafile 10396541 (r3-all-2013.csv.gz, md5 e6950bd317dabe3b41bf7738c248e7ee)"
2013,NADIA,KRISHNAGANJ,TALDAH MAJDIA,"doi:10.7910/DVN/ZHF9WC datafile 10396541 (r3-all-2013.csv.gz, md5 e6950bd317dabe3b41bf7738c248e7ee)"
2013,NADIA,KRISHNAGAR-I,ASSANNAGAR,"doi:10.7910/DVN/ZHF9WC datafile 10396541 (r3-all-2013.csv.gz, md5 e6950bd317dabe3b41bf7738c248e7ee)"
2013,NADIA,KRISHNAGAR-I,BHALUKA,"doi:10.7910/DVN/ZHF9WC datafile 10396541 (r3-all-2013.csv.gz, md5 e6950bd317dabe3b41bf7738c248e7ee)"
2013,NADIA,KRISHNAGAR-I,BHANDARKHOLA,"doi:10.7910/DVN/ZHF9WC datafile 10396541 (r3-all-2013.csv.gz, md5 e6950bd317dabe3b41bf7738c248e7ee)"
2013,NADIA,KRISHNAGAR-I,BHATJUNGLA,"doi:10.7910/DVN/ZHF9WC datafile 10396541 (r3-all-2013.csv.gz, md5 e6950bd317dabe3b41bf7738c248e7ee)"
2013,NADIA,KRISHNAGAR-I,BHIMPUR,"doi:10.7910/DVN/ZHF9WC datafile 10396541 (r3-all-2013.csv.gz, md5 e6950bd317dabe3b41bf7738c248e7ee)"
2013,NADIA,KRISHNAGAR-I,CHAKDIGNAGAR,"doi:10.7910/DVN/ZHF9WC datafile 10396541 (r3-all-2013.csv.gz, md5 e6950bd317dabe3b41bf7738c248e7ee)"
2013,NADIA,KRISHNAGAR-I,DEYPARA,"doi:10.7910/DVN/ZHF9WC datafile 10396541 (r3-all-2013.csv.gz, md5 e6950bd317dabe3b41bf7738c248e7ee)"
2013,NADIA,KRISHNAGAR-I,DIGNAGAR,"doi:10.7910/DVN/ZHF9WC datafile 10396541 (r3-all-2013.csv.gz, md5 e6950bd317dabe3b41bf7738c248e7ee)"
2013,NADIA,KRISHNAGAR-I,DOGACHI,"doi:10.7910/DVN/ZHF9WC datafile 10396541 (r3-all-2013.csv.gz, md5 e6950bd317dabe3b41bf7738c248e7ee)"
2013,NADIA,KRISHNAGAR-I,JOANIA,"doi:10.7910/DVN/ZHF9WC datafile 10396541 (r3-all-2013.csv.gz, md5 e6950bd317dabe3b41bf7738c248e7ee)"
2013,NADIA,KRISHNAGAR-I,PORAGACHHA,"doi:10.7910/DVN/ZHF9WC datafile 10396541 (r3-all-2013.csv.gz, md5 e6950bd317dabe3b41bf7738c248e7ee)"
2013,NADIA,KRISHNAGAR-I,RUIPUKUR.,"doi:10.7910/DVN/ZHF9WC datafile 10396541 (r3-all-2013.csv.gz, md5 e6950bd317dabe3b41bf7738c248e7ee)"
2013,NADIA,KRISHNAGAR-II,BELPUKUR,"doi:10.7910/DVN/ZHF9WC datafile 10396541 (r3-all-2013.csv.gz, md5 e6950bd317dabe3b41bf7738c248e7ee)"
2013,NADIA,KRISHNAGAR-II,DHUBULIA-I,"doi:10.7910/DVN/ZHF9WC datafile 10396541 (r3-all-2013.csv.gz, md5 e6950bd317dabe3b41bf7738c248e7ee)"
2013,NADIA,KRISHNAGAR-II,DHUBULIA-II,"doi:10.7910/DVN/ZHF9WC datafile 10396541 (r3-all-2013.csv.gz, md5 e6950bd317dabe3b41bf7738c248e7ee)"
2013,NADIA,KRISHNAGAR-II,NOAPARA-I,"doi:10.7910/DVN/ZHF9WC datafile 10396541 (r3-all-2013.csv.gz, md5 e6950bd317dabe3b41bf7738c248e7ee)"
2013,NADIA,KRISHNAGAR-II,NOAPARA-II,"doi:10.7910/DVN/ZHF9WC datafile 10396541 (r3-all-2013.csv.gz, md5 e6950bd317dabe3b41bf7738c248e7ee)"
2013,NADIA,KRISHNAGAR-II,SADHANPARA-I,"doi:10.7910/DVN/ZHF9WC datafile 10396541 (r3-all-2013.csv.gz, md5 e6950bd317dabe3b41bf7738c248e7ee)"
2013,NADIA,KRISHNAGAR-II,SADHANPARA-II,"doi:10.7910/DVN/ZHF9WC datafile 10396541 (r3-all-2013.csv.gz, md5 e6950bd317dabe3b41bf7738c248e7ee)"
2013,24 PARGANAS SOUTH,KULPI,BABURMAHAL,"doi:10.7910/DVN/ZHF9WC datafile 10396541 (r3-all-2013.csv.gz, md5 e6950bd317dabe3b41bf7738c248e7ee)"
2013,24 PARGANAS SOUTH,KULPI,BELPUKUR,"doi:10.7910/DVN/ZHF9WC datafile 10396541 (r3-all-2013.csv.gz, md5 e6950bd317dabe3b41bf7738c248e7ee)"
2013,24 PARGANAS SOUTH,KULPI,CHANDIPUR,"doi:10.7910/DVN/ZHF9WC datafile 10396541 (r3-all-2013.csv.gz, md5 e6950bd317dabe3b41bf7738c248e7ee)"
2013,24 PARGANAS SOUTH,KULPI,DHOLA,"doi:10.7910/DVN/ZHF9WC datafile 10396541 (r3-all-2013.csv.gz, md5 e6950bd317dabe3b41bf7738c248e7ee)"
2013,24 PARGANAS SOUTH,KULPI,GAJIPUR,"doi:10.7910/DVN/ZHF9WC datafile 10396541 (r3-all-2013.csv.gz, md5 e6950bd317dabe3b41bf7738c248e7ee)"
2013,24 PARGANAS SOUTH,KULPI,ISWARIPUR,"doi:10.7910/DVN/ZHF9WC datafile 10396541 (r3-all-2013.csv.gz, md5 e6950bd317dabe3b41bf7738c248e7ee)"
2013,24 PARGANAS SOUTH,KULPI,KAMARCHAK,"doi:10.7910/DVN/ZHF9WC datafile 10396541 (r3-all-2013.csv.gz, md5 e6950bd317dabe3b41bf7738c248e7ee)"
2013,24 PARGANAS SOUTH,KULPI,KARANJALI,"doi:10.7910/DVN/ZHF9WC datafile 10396541 (r3-all-2013.csv.gz, md5 e6950bd317dabe3b41bf7738c248e7ee)"
2013,24 PARGANAS SOUTH,KULPI,KEORATALA,"doi:10.7910/DVN/ZHF9WC datafile 10396541 (r3-all-2013.csv.gz, md5 e6950bd317dabe3b41bf7738c248e7ee)"
2013,24 PARGANAS SOUTH,KULPI,KULPI,"doi:10.7910/DVN/ZHF9WC datafile 10396541 (r3-all-2013.csv.gz, md5 e6950bd317dabe3b41bf7738c248e7ee)"
2013,24 PARGANAS SOUTH,KULPI,RAJARAMPUR,"doi:10.7910/DVN/ZHF9WC datafile 10396541 (r3-all-2013.csv.gz, md5 e6950bd317dabe3b41bf7738c248e7ee)"
2013,24 PARGANAS SOUTH,KULPI,RAMKISHORE,"doi:10.7910/DVN/ZHF9WC datafile 10396541 (r3-all-2013.csv.gz, md5 e6950bd317dabe3b41bf7738c248e7ee)"
2013,24 PARGANAS SOUTH,KULPI,RAMKRISHNAPUR,"doi:10.7910/DVN/ZHF9WC datafile 10396541 (r3-all-2013.csv.gz, md5 e6950bd317dabe3b41bf7738c248e7ee)"
2013,24 PARGANAS SOUTH,KULPI,RAMNAGAR-GAZIPUR,"doi:10.7910/DVN/ZHF9WC datafile 10396541 (r3-all-2013.csv.gz, md5 e6950bd317dabe3b41bf7738c248e7ee)"
2013,24 PARGANAS SOUTH,KULTALI,DEULBARI DEBIPUR,"doi:10.7910/DVN/ZHF9WC datafile 10396541 (r3-all-2013.csv.gz, md5 e6950bd317dabe3b41bf7738c248e7ee)"
2013,24 PARGANAS SOUTH,KULTALI,GOPALGANJ,"doi:10.7910/DVN/ZHF9WC datafile 10396541 (r3-all-2013.csv.gz, md5 e6950bd317dabe3b41bf7738c248e7ee)"
2013,24 PARGANAS SOUTH,KULTALI,GURGURIA BHUBANESWARI,"doi:10.7910/DVN/ZHF9WC datafile 10396541 (r3-all-2013.csv.gz, md5 e6950bd317dabe3b41bf7738c248e7ee)"
2013,24 PARGANAS SOUTH,KULTALI,JALABERIA-I,"doi:10.7910/DVN/ZHF9WC datafile 10396541 (r3-all-2013.csv.gz, md5 e6950bd317dabe3b41bf7738c248e7ee)"
2013,24 PARGANAS SOUTH,KULTALI,JALABERIA-II,"doi:10.7910/DVN/ZHF9WC datafile 10396541 (r3-all-2013.csv.gz, md5 e6950bd317dabe3b41bf7738c248e7ee)"
2013,24 PARGANAS SOUTH,KULTALI,KUNDAKHALI GODABAR,"doi:10.7910/DVN/ZHF9WC datafile 10396541 (r3-all-2013.csv.gz, md5 e6950bd317dabe3b41bf7738c248e7ee)"
2013,24 PARGANAS SOUTH,KULTALI,MAIPITH BAIKUNTHAPUR,"doi:10.7910/DVN/ZHF9WC datafile 10396541 (r3-all-2013.csv.gz, md5 e6950bd317dabe3b41bf7738c248e7ee)"
2013,24 PARGANAS SOUTH,KULTALI,MERIGANJ-I,"doi:10.7910/DVN/ZHF9WC datafile 10396541 (r3-all-2013.csv.gz, md5 e6950bd317dabe3b41bf7738c248e7ee)"
2013,24 PARGANAS SOUTH,KULTALI,MERIGANJ-II,"doi:10.7910/DVN/ZHF9WC datafile 10396541 (r3-all-2013.csv.gz, md5 e6950bd317dabe3b41bf7738c248e7ee)"
2013,JALPAIGURI,KUMARGRAM,CHENGMARI,"doi:10.7910/DVN/ZHF9WC datafile 10396541 (r3-all-2013.csv.gz, md5 e6950bd317dabe3b41bf7738c248e7ee)"
2013,JALPAIGURI,KUMARGRAM,KAMAKHYAGURI-I,"doi:10.7910/DVN/ZHF9WC datafile 10396541 (r3-all-2013.csv.gz, md5 e6950bd317dabe3b41bf7738c248e7ee)"
2013,JALPAIGURI,KUMARGRAM,KAMAKHYAGURI-II,"doi:10.7910/DVN/ZHF9WC datafile 10396541 (r3-all-2013.csv.gz, md5 e6950bd317dabe3b41bf7738c248e7ee)"
2013,JALPAIGURI,KUMARGRAM,KHOARDANGA-I,"doi:10.7910/DVN/ZHF9WC datafile 10396541 (r3-all-2013.csv.gz, md5 e6950bd317dabe3b41bf7738c248e7ee)"
2013,JALPAIGURI,KUMARGRAM,KHOARDANGA-II,"doi:10.7910/DVN/ZHF9WC datafile 10396541 (r3-all-2013.csv.gz, md5 e6950bd317dabe3b41bf7738c248e7ee)"
2013,JALPAIGURI,KUMARGRAM,KUMARGRAM,"doi:10.7910/DVN/ZHF9WC datafile 10396541 (r3-all-2013.csv.gz, md5 e6950bd317dabe3b41bf7738c248e7ee)"
2013,JALPAIGURI,KUMARGRAM,NEWLAND KUMARGRAM SANKOS,"doi:10.7910/DVN/ZHF9WC datafile 10396541 (r3-all-2013.csv.gz, md5 e6950bd317dabe3b41bf7738c248e7ee)"
2013,JALPAIGURI,KUMARGRAM,RAIDAK,"doi:10.7910/DVN/ZHF9WC datafile 10396541 (r3-all-2013.csv.gz, md5 e6950bd317dabe3b41bf7738c248e7ee)"
2013,JALPAIGURI,KUMARGRAM,TURTURIKHANDA,"doi:10.7910/DVN/ZHF9WC datafile 10396541 (r3-all-2013.csv.gz, md5 e6950bd317dabe3b41bf7738c248e7ee)"
2013,JALPAIGURI,KUMARGRAM,VALKA BARABISA-I,"doi:10.7910/DVN/ZHF9WC datafile 10396541 (r3-all-2013.csv.gz, md5 e6950bd317dabe3b41bf7738c248e7ee)"
2013,JALPAIGURI,KUMARGRAM,VALKA BARABISA-II,"doi:10.7910/DVN/ZHF9WC datafile 10396541 (r3-all-2013.csv.gz, md5 e6950bd317dabe3b41bf7738c248e7ee)"
2013,Darjeeling Gorkha Hill Council (DGHC),KURSEONG,CHIMNEY-DEORALI,"doi:10.7910/DVN/ZHF9WC datafile 10396541 (r3-all-2013.csv.gz, md5 e6950bd317dabe3b41bf7738c248e7ee)"
2013,Darjeeling Gorkha Hill Council (DGHC),KURSEONG,GAYABARI-I,"doi:10.7910/DVN/ZHF9WC datafile 10396541 (r3-all-2013.csv.gz, md5 e6950bd317dabe3b41bf7738c248e7ee)"
2013,Darjeeling Gorkha Hill Council (DGHC),KURSEONG,GAYABARI-II,"doi:10.7910/DVN/ZHF9WC datafile 10396541 (r3-all-2013.csv.gz, md5 e6950bd317dabe3b41bf7738c248e7ee)"
2013,Darjeeling Gorkha Hill Council (DGHC),KURSEONG,GAYABARI-III,"doi:10.7910/DVN/ZHF9WC datafile 10396541 (r3-all-2013.csv.gz, md5 e6950bd317dabe3b41bf7738c248e7ee)"
2013,Darjeeling Gorkha Hill Council (DGHC),KURSEONG,MAHANADI,"doi:10.7910/DVN/ZHF9WC datafile 10396541 (r3-all-2013.csv.gz, md5 e6950bd317dabe3b41bf7738c248e7ee)"
2013,Darjeeling Gorkha Hill Council (DGHC),KURSEONG,PANDU,"doi:10.7910/DVN/ZHF9WC datafile 10396541 (r3-all-2013.csv.gz, md5 e6950bd317dabe3b41bf7738c248e7ee)"
2013,Darjeeling Gorkha Hill Council (DGHC),KURSEONG,SEETONG-I,"doi:10.7910/DVN/ZHF9WC datafile 10396541 (r3-all-2013.csv.gz, md5 e6950bd317dabe3b41bf7738c248e7ee)"
2013,Darjeeling Gorkha Hill Council (DGHC),KURSEONG,SEETONG-II,"doi:10.7910/DVN/ZHF9WC datafile 10396541 (r3-all-2013.csv.gz, md5 e6950bd317dabe3b41bf7738c248e7ee)"
2013,Darjeeling Gorkha Hill Council (DGHC),KURSEONG,SETTONG-III,"doi:10.7910/DVN/ZHF9WC datafile 10396541 (r3-all-2013.csv.gz, md5 e6950bd317dabe3b41bf7738c248e7ee)"
2013,Darjeeling Gorkha Hill Council (DGHC),KURSEONG,SHIVAKHOLA,"doi:10.7910/DVN/ZHF9WC datafile 10396541 (r3-all-2013.csv.gz, md5 e6950bd317dabe3b41bf7738c248e7ee)"
2013,Darjeeling Gorkha Hill Council (DGHC),KURSEONG,ST MARRYS-I,"doi:10.7910/DVN/ZHF9WC datafile 10396541 (r3-all-2013.csv.gz, md5 e6950bd317dabe3b41bf7738c248e7ee)"
2013,Darjeeling Gorkha Hill Council (DGHC),KURSEONG,ST MARRYS-II,"doi:10.7910/DVN/ZHF9WC datafile 10396541 (r3-all-2013.csv.gz, md5 e6950bd317dabe3b41bf7738c248e7ee)"
2013,Darjeeling Gorkha Hill Council (DGHC),KURSEONG,ST MARRYS-III,"doi:10.7910/DVN/ZHF9WC datafile 10396541 (r3-all-2013.csv.gz, md5 e6950bd317dabe3b41bf7738c248e7ee)"
2013,Darjeeling Gorkha Hill Council (DGHC),KURSEONG,SUKNA,"doi:10.7910/DVN/ZHF9WC datafile 10396541 (r3-all-2013.csv.gz, md5 e6950bd317dabe3b41bf7738c248e7ee)"
2013,SILIGURI MAHAKUMA PARISAD,Khoribari,Binnabari,"doi:10.7910/DVN/ZHF9WC datafile 10396541 (r3-all-2013.csv.gz, md5 e6950bd317dabe3b41bf7738c248e7ee)"
2013,SILIGURI MAHAKUMA PARISAD,Khoribari,Buraganj,"doi:10.7910/DVN/ZHF9WC datafile 10396541 (r3-all-2013.csv.gz, md5 e6950bd317dabe3b41bf7738c248e7ee)"
2013,SILIGURI MAHAKUMA PARISAD,Khoribari,Khoribari Panisali,"doi:10.7910/DVN/ZHF9WC datafile 10396541 (r3-all-2013.csv.gz, md5 e6950bd317dabe3b41bf7738c248e7ee)"
2013,SILIGURI MAHAKUMA PARISAD,Khoribari,Raniganj Panishali,"doi:10.7910/DVN/ZHF9WC datafile 10396541 (r3-all-2013.csv.gz, md5 e6950bd317dabe3b41bf7738c248e7ee)"
2013,DINAJPUR DAKSHIN,Kumarganj,BATUN,"doi:10.7910/DVN/ZHF9WC datafile 10396541 (r3-all-2013.csv.gz, md5 e6950bd317dabe3b41bf7738c248e7ee)"
2013,DINAJPUR DAKSHIN,Kumarganj,BHOUR,"doi:10.7910/DVN/ZHF9WC datafile 10396541 (r3-all-2013.csv.gz, md5 e6950bd317dabe3b41bf7738c248e7ee)"
2013,DINAJPUR DAKSHIN,Kumarganj,DEOR,"doi:10.7910/DVN/ZHF9WC datafile 10396541 (r3-all-2013.csv.gz, md5 e6950bd317dabe3b41bf7738c248e7ee)"
2013,DINAJPUR DAKSHIN,Kumarganj,JAKIRPUR,"doi:10.7910/DVN/ZHF9WC datafile 10396541 (r3-all-2013.csv.gz, md5 e6950bd317dabe3b41bf7738c248e7ee)"
2013,DINAJPUR DAKSHIN,Kumarganj,MOHANA,"doi:10.7910/DVN/ZHF9WC datafile 10396541 (r3-all-2013.csv.gz, md5 e6950bd317dabe3b41bf7738c248e7ee)"
2013,DINAJPUR DAKSHIN,Kumarganj,RAMKRISHNAPUR,"doi:10.7910/DVN/ZHF9WC datafile 10396541 (r3-all-2013.csv.gz, md5 e6950bd317dabe3b41bf7738c248e7ee)"
2013,DINAJPUR DAKSHIN,Kumarganj,SAFANAGAR,"doi:10.7910/DVN/ZHF9WC datafile 10396541 (r3-all-2013.csv.gz, md5 e6950bd317dabe3b41bf7738c248e7ee)"
2013,DINAJPUR DAKSHIN,Kumarganj,SAMJIA,"doi:10.7910/DVN/ZHF9WC datafile 10396541 (r3-all-2013.csv.gz, md5 e6950bd317dabe3b41bf7738c248e7ee)"
2013,DINAJPUR DAKSHIN,Kushmandi,AKCHA,"doi:10.7910/DVN/ZHF9WC datafile 10396541 (r3-all-2013.csv.gz, md5 e6950bd317dabe3b41bf7738c248e7ee)"
2013,DINAJPUR DAKSHIN,Kushmandi,BEROIL,"doi:10.7910/DVN/ZHF9WC datafile 10396541 (r3-all-2013.csv.gz, md5 e6950bd317dabe3b41bf7738c248e7ee)"
2013,DINAJPUR DAKSHIN,Kushmandi,DEUL,"doi:10.7910/DVN/ZHF9WC datafile 10396541 (r3-all-2013.csv.gz, md5 e6950bd317dabe3b41bf7738c248e7ee)"
2013,DINAJPUR DAKSHIN,Kushmandi,KALIKAMORA,"doi:10.7910/DVN/ZHF9WC datafile 10396541 (r3-all-2013.csv.gz, md5 e6950bd317dabe3b41bf7738c248e7ee)"
2013,DINAJPUR DAKSHIN,Kushmandi,KARANJI,"doi:10.7910/DVN/ZHF9WC datafile 10396541 (r3-all-2013.csv.gz, md5 e6950bd317dabe3b41bf7738c248e7ee)"
2013,DINAJPUR DAKSHIN,Kushmandi,KUSHMANDI,"doi:10.7910/DVN/ZHF9WC datafile 10396541 (r3-all-2013.csv.gz, md5 e6950bd317dabe3b41bf7738c248e7ee)"
2013,DINAJPUR DAKSHIN,Kushmandi,MALIGAON,"doi:10.7910/DVN/ZHF9WC datafile 10396541 (r3-all-2013.csv.gz, md5 e6950bd317dabe3b41bf7738c248e7ee)"
2013,DINAJPUR DAKSHIN,Kushmandi,UDAYPUR,"doi:10.7910/DVN/ZHF9WC datafile 10396541 (r3-all-2013.csv.gz, md5 e6950bd317dabe3b41bf7738c248e7ee)"
2013,BIRBHUM,LABPUR,BIPRATIKURI,"doi:10.7910/DVN/ZHF9WC datafile 10396541 (r3-all-2013.csv.gz, md5 e6950bd317dabe3b41bf7738c248e7ee)"
2013,BIRBHUM,LABPUR,CHAUHATTA-MAHODARI-I,"doi:10.7910/DVN/ZHF9WC datafile 10396541 (r3-all-2013.csv.gz, md5 e6950bd317dabe3b41bf7738c248e7ee)"
2013,BIRBHUM,LABPUR,CHAUHATTA-MAHODARI-II,"doi:10.7910/DVN/ZHF9WC datafile 10396541 (r3-all-2013.csv.gz, md5 e6950bd317dabe3b41bf7738c248e7ee)"
2013,BIRBHUM,LABPUR,DWARAKA,"doi:10.7910/DVN/ZHF9WC datafile 10396541 (r3-all-2013.csv.gz, md5 e6950bd317dabe3b41bf7738c248e7ee)"
2013,BIRBHUM,LABPUR,HATIA,"doi:10.7910/DVN/ZHF9WC datafile 10396541 (r3-all-2013.csv.gz, md5 e6950bd317dabe3b41bf7738c248e7ee)"
2013,BIRBHUM,LABPUR,INDUS,"doi:10.7910/DVN/ZHF9WC datafile 10396541 (r3-all-2013.csv.gz, md5 e6950bd317dabe3b41bf7738c248e7ee)"
2013,BIRBHUM,LABPUR,JAMNA,"doi:10.7910/DVN/ZHF9WC datafile 10396541 (r3-all-2013.csv.gz, md5 e6950bd317dabe3b41bf7738c248e7ee)"
2013,BIRBHUM,LABPUR,KURUNNAHAR,"doi:10.7910/DVN/ZHF9WC datafile 10396541 (r3-all-2013.csv.gz, md5 e6950bd317dabe3b41bf7738c248e7ee)"
2013,BIRBHUM,LABPUR,LABPUR-I,"doi:10.7910/DVN/ZHF9WC datafile 10396541 (r3-all-2013.csv.gz, md5 e6950bd317dabe3b41bf7738c248e7ee)"
2013,BIRBHUM,LABPUR,LABPUR-II,"doi:10.7910/DVN/ZHF9WC datafile 10396541 (r3-all-2013.csv.gz, md5 e6950bd317dabe3b41bf7738c248e7ee)"
2013,BIRBHUM,LABPUR,THIBA,"doi:10.7910/DVN/ZHF9WC datafile 10396541 (r3-all-2013.csv.gz, md5 e6950bd317dabe3b41bf7738c248e7ee)"
2013,MURSHIDABAD,LALGOLA,AIRMARI KRISHNAPUR,"doi:10.7910/DVN/ZHF9WC datafile 10396541 (r3-all-2013.csv.gz, md5 e6950bd317dabe3b41bf7738c248e7ee)"
2013,MURSHIDABAD,LALGOLA,BAHADURPUR,"doi:10.7910/DVN/ZHF9WC datafile 10396541 (r3-all-2013.csv.gz, md5 e6950bd317dabe3b41bf7738c248e7ee)"
2013,MURSHIDABAD,LALGOLA,BILBORAKOPRA,"doi:10.7910/DVN/ZHF9WC datafile 10396541 (r3-all-2013.csv.gz, md5 e6950bd317dabe3b41bf7738c248e7ee)"
2013,MURSHIDABAD,LALGOLA,DEWANSARAI,"doi:10.7910/DVN/ZHF9WC datafile 10396541 (r3-all-2013.csv.gz, md5 e6950bd317dabe3b41bf7738c248e7ee)"
2013,MURSHIDABAD,LALGOLA,JASAITALA,"doi:10.7910/DVN/ZHF9WC datafile 10396541 (r3-all-2013.csv.gz, md5 e6950bd317dabe3b41bf7738c248e7ee)"
2013,MURSHIDABAD,LALGOLA,KALMEGHA,"doi:10.7910/DVN/ZHF9WC datafile 10396541 (r3-all-2013.csv.gz, md5 e6950bd317dabe3b41bf7738c248e7ee)"
2013,MURSHIDABAD,LALGOLA,LALGOLA,"doi:10.7910/DVN/ZHF9WC datafile 10396541 (r3-all-2013.csv.gz, md5 e6950bd317dabe3b41bf7738c248e7ee)"
2013,MURSHIDABAD,LALGOLA,MAIYA,"doi:10.7910/DVN/ZHF9WC datafile 10396541 (r3-all-2013.csv.gz, md5 e6950bd317dabe3b41bf7738c248e7ee)"
2013,MURSHIDABAD,LALGOLA,MANIKCHAK,"doi:10.7910/DVN/ZHF9WC datafile 10396541 (r3-all-2013.csv.gz, md5 e6950bd317dabe3b41bf7738c248e7ee)"
2013,MURSHIDABAD,LALGOLA,NASHIPUR,"doi:10.7910/DVN/ZHF9WC datafile 10396541 (r3-all-2013.csv.gz, md5 e6950bd317dabe3b41bf7738c248e7ee)"
2013,MURSHIDABAD,LALGOLA,PAIKAPARA,"doi:10.7910/DVN/ZHF9WC datafile 10396541 (r3-all-2013.csv.gz, md5 e6950bd317dabe3b41bf7738c248e7ee)"
2013,MURSHIDABAD,LALGOLA,RAMCHANDRAPUR,"doi:10.7910/DVN/ZHF9WC datafile 10396541 (r3-all-2013.csv.gz, md5 e6950bd317dabe3b41bf7738c248e7ee)"
2013,JALPAIGURI,MADARIHAT,BANDAPANI,"doi:10.7910/DVN/ZHF9WC datafile 10396541 (r3-all-2013.csv.gz, md5 e6950bd317dabe3b41bf7738c248e7ee)"
2013,JALPAIGURI,MADARIHAT,BIRPARA-I,"doi:10.7910/DVN/ZHF9WC datafile 10396541 (r3-all-2013.csv.gz, md5 e6950bd317dabe3b41bf7738c248e7ee)"
2013,JALPAIGURI,MADARIHAT,BIRPARA-II,"doi:10.7910/DVN/ZHF9WC datafile 10396541 (r3-all-2013.csv.gz, md5 e6950bd317dabe3b41bf7738c248e7ee)"
2013,JALPAIGURI,MADARIHAT,HANTAPARA,"doi:10.7910/DVN/ZHF9WC datafile 10396541 (r3-all-2013.csv.gz, md5 e6950bd317dabe3b41bf7738c248e7ee)"
2013,JALPAIGURI,MADARIHAT,KHAYERBARI,"doi:10.7910/DVN/ZHF9WC datafile 10396541 (r3-all-2013.csv.gz, md5 e6950bd317dabe3b41bf7738c248e7ee)"
2013,JALPAIGURI,MADARIHAT,LANKAPARA,"doi:10.7910/DVN/ZHF9WC datafile 10396541 (r3-all-2013.csv.gz, md5 e6950bd317dabe3b41bf7738c248e7ee)"
2013,JALPAIGURI,MADARIHAT,MADARIHAT,"doi:10.7910/DVN/ZHF9WC datafile 10396541 (r3-all-2013.csv.gz, md5 e6950bd317dabe3b41bf7738c248e7ee)"
2013,JALPAIGURI,MADARIHAT,RANGALIBAJNA,"doi:10.7910/DVN/ZHF9WC datafile 10396541 (r3-all-2013.csv.gz, md5 e6950bd317dabe3b41bf7738c248e7ee)"
2013,JALPAIGURI,MADARIHAT,SISHUJHUMRA,"doi:10.7910/DVN/ZHF9WC datafile 10396541 (r3-all-2013.csv.gz, md5 e6950bd317dabe3b41bf7738c248e7ee)"
2013,JALPAIGURI,MADARIHAT,TOTOPARA BALLALGURI,"doi:10.7910/DVN/ZHF9WC datafile 10396541 (r3-all-2013.csv.gz, md5 e6950bd317dabe3b41bf7738c248e7ee)"
2013,24 PARGANAS SOUTH,MAGRA HAT-I,EKTARA,"doi:10.7910/DVN/ZHF9WC datafile 10396541 (r3-all-2013.csv.gz, md5 e6950bd317dabe3b41bf7738c248e7ee)"
2013,24 PARGANAS SOUTH,MAGRA HAT-I,HARIHARPUR,"doi:10.7910/DVN/ZHF9WC datafile 10396541 (r3-all-2013.csv.gz, md5 e6950bd317dabe3b41bf7738c248e7ee)"
2013,24 PARGANAS SOUTH,MAGRA HAT-I,KALIKAPOTA,"doi:10.7910/DVN/ZHF9WC datafile 10396541 (r3-all-2013.csv.gz, md5 e6950bd317dabe3b41bf7738c248e7ee)"
2013,24 PARGANAS SOUTH,MAGRA HAT-I,LAKSHMIKANTAPUR,"doi:10.7910/DVN/ZHF9WC datafile 10396541 (r3-all-2013.csv.gz, md5 e6950bd317dabe3b41bf7738c248e7ee)"
2013,24 PARGANAS SOUTH,MAGRA HAT-I,RANGILBAD,"doi:10.7910/DVN/ZHF9WC datafile 10396541 (r3-all-2013.csv.gz, md5 e6950bd317dabe3b41bf7738c248e7ee)"
2013,24 PARGANAS SOUTH,MAGRA HAT-I,SHERPUR,"doi:10.7910/DVN/ZHF9WC datafile 10396541 (r3-all-2013.csv.gz, md5 e6950bd317dabe3b41bf7738c248e7ee)"
2013,24 PARGANAS SOUTH,MAGRA HAT-I,SHRICHANDA,"doi:10.7910/DVN/ZHF9WC datafile 10396541 (r3-all-2013.csv.gz, md5 e6950bd317dabe3b41bf7738c248e7ee)"
2013,24 PARGANAS SOUTH,MAGRA HAT-I,SIRAKOL,"doi:10.7910/DVN/ZHF9WC datafile 10396541 (r3-all-2013.csv.gz, md5 e6950bd317dabe3b41bf7738c248e7ee)"
2013,24 PARGANAS SOUTH,MAGRA HAT-I,USTHI,"doi:10.7910/DVN/ZHF9WC datafile 10396541 (r3-all-2013.csv.gz, md5 e6950bd317dabe3b41bf7738c248e7ee)"
2013,24 PARGANAS SOUTH,MAGRA HAT-I,UTTARKUSUM,"doi:10.7910/DVN/ZHF9WC datafile 10396541 (r3-all-2013.csv.gz, md5 e6950bd317dabe3b41bf7738c248e7ee)"
2013,24 PARGANAS SOUTH,MAGRA HAT-I,YEARPUR,"doi:10.7910/DVN/ZHF9WC datafile 10396541 (r3-all-2013.csv.gz, md5 e6950bd317dabe3b41bf7738c248e7ee)"
2013,24 PARGANAS SOUTH,MAGRA HAT-II,AMRATALA,"doi:10.7910/DVN/ZHF9WC datafile 10396541 (r3-all-2013.csv.gz, md5 e6950bd317dabe3b41bf7738c248e7ee)"
2013,24 PARGANAS SOUTH,MAGRA HAT-II,DHAMUA DAKSHNIN,"doi:10.7910/DVN/ZHF9WC datafile 10396541 (r3-all-2013.csv.gz, md5 e6950bd317dabe3b41bf7738c248e7ee)"
2013,24 PARGANAS SOUTH,MAGRA HAT-II,DHAMUA UTTAR,"doi:10.7910/DVN/ZHF9WC datafile 10396541 (r3-all-2013.csv.gz, md5 e6950bd317dabe3b41bf7738c248e7ee)"
2013,24 PARGANAS SOUTH,MAGRA HAT-II,DHANPOTA,"doi:10.7910/DVN/ZHF9WC datafile 10396541 (r3-all-2013.csv.gz, md5 e6950bd317dabe3b41bf7738c248e7ee)"
2013,24 PARGANAS SOUTH,MAGRA HAT-II,DIHIKALAS,"doi:10.7910/DVN/ZHF9WC datafile 10396541 (r3-all-2013.csv.gz, md5 e6950bd317dabe3b41bf7738c248e7ee)"
2013,24 PARGANAS SOUTH,MAGRA HAT-II,GOKARNI,"doi:10.7910/DVN/ZHF9WC datafile 10396541 (r3-all-2013.csv.gz, md5 e6950bd317dabe3b41bf7738c248e7ee)"
2013,24 PARGANAS SOUTH,MAGRA HAT-II,HOTOR MORJADA,"doi:10.7910/DVN/ZHF9WC datafile 10396541 (r3-all-2013.csv.gz, md5 e6950bd317dabe3b41bf7738c248e7ee)"
2013,24 PARGANAS SOUTH,MAGRA HAT-II,JUGDIA,"doi:10.7910/DVN/ZHF9WC datafile 10396541 (r3-all-2013.csv.gz, md5 e6950bd317dabe3b41bf7738c248e7ee)"
2013,24 PARGANAS SOUTH,MAGRA HAT-II,MAGRAHAT PASCHIM,"doi:10.7910/DVN/ZHF9WC datafile 10396541 (r3-all-2013.csv.gz, md5 e6950bd317dabe3b41bf7738c248e7ee)"
2013,24 PARGANAS SOUTH,MAGRA HAT-II,MAGRAHAT PURBA,"doi:10.7910/DVN/ZHF9WC datafile 10396541 (r3-all-2013.csv.gz, md5 e6950bd317dabe3b41bf7738c248e7ee)"
2013,24 PARGANAS SOUTH,MAGRA HAT-II,MOHANPUR,"doi:10.7910/DVN/ZHF9WC datafile 10396541 (r3-all-2013.csv.gz, md5 e6950bd317dabe3b41bf7738c248e7ee)"
2013,24 PARGANAS SOUTH,MAGRA HAT-II,MULTI,"doi:10.7910/DVN/ZHF9WC datafile 10396541 (r3-all-2013.csv.gz, md5 e6950bd317dabe3b41bf7738c248e7ee)"
2013,24 PARGANAS SOUTH,MAGRA HAT-II,NAINAN,"doi:10.7910/DVN/ZHF9WC datafile 10396541 (r3-all-2013.csv.gz, md5 e6950bd317dabe3b41bf7738c248e7ee)"
2013,24 PARGANAS SOUTH,MAGRA HAT-II,URELCHANDPUR,"doi:10.7910/DVN/ZHF9WC datafile 10396541 (r3-all-2013.csv.gz, md5 e6950bd317dabe3b41bf7738c248e7ee)"
2013,PURBA MEDINIPUR,MAHISHADAL,AMRITBERIA,"doi:10.7910/DVN/ZHF9WC datafile 10396541 (r3-all-2013.csv.gz, md5 e6950bd317dabe3b41bf7738c248e7ee)"
2013,PURBA MEDINIPUR,MAHISHADAL,BETKUNDU,"doi:10.7910/DVN/ZHF9WC datafile 10396541 (r3-all-2013.csv.gz, md5 e6950bd317dabe3b41bf7738c248e7ee)"
2013,PURBA MEDINIPUR,MAHISHADAL,GARKAMALPUR,"doi:10.7910/DVN/ZHF9WC datafile 10396541 (r3-all-2013.csv.gz, md5 e6950bd317dabe3b41bf7738c248e7ee)"
2013,PURBA MEDINIPUR,MAHISHADAL,ITAMOGRA-I,"doi:10.7910/DVN/ZHF9WC datafile 10396541 (r3-all-2013.csv.gz, md5 e6950bd317dabe3b41bf7738c248e7ee)"
2013,PURBA MEDINIPUR,MAHISHADAL,ITAMOGRA-II,"doi:10.7910/DVN/ZHF9WC datafile 10396541 (r3-all-2013.csv.gz, md5 e6950bd317dabe3b41bf7738c248e7ee)"
2013,PURBA MEDINIPUR,MAHISHADAL,KISMATNAIKUNDI,"doi:10.7910/DVN/ZHF9WC datafile 10396541 (r3-all-2013.csv.gz, md5 e6950bd317dabe3b41bf7738c248e7ee)"
2013,PURBA MEDINIPUR,MAHISHADAL,LAKSHYA-I,"doi:10.7910/DVN/ZHF9WC datafile 10396541 (r3-all-2013.csv.gz, md5 e6950bd317dabe3b41bf7738c248e7ee)"
2013,PURBA MEDINIPUR,MAHISHADAL,LAKSHYA-II,"doi:10.7910/DVN/ZHF9WC datafile 10396541 (r3-all-2013.csv.gz, md5 e6950bd317dabe3b41bf7738c248e7ee)"
2013,PURBA MEDINIPUR,MAHISHADAL,NATSHAL-I,"doi:10.7910/DVN/ZHF9WC datafile 10396541 (r3-all-2013.csv.gz, md5 e6950bd317dabe3b41bf7738c248e7ee)"
2013,PURBA MEDINIPUR,MAHISHADAL,NATSHAL-II,"doi:10.7910/DVN/ZHF9WC datafile 10396541 (r3-all-2013.csv.gz, md5 e6950bd317dabe3b41bf7738c248e7ee)"
2013,PURBA MEDINIPUR,MAHISHADAL,SATISHSAMANTA,"doi:10.7910/DVN/ZHF9WC datafile 10396541 (r3-all-2013.csv.gz, md5 e6950bd317dabe3b41bf7738c248e7ee)"
2013,JALPAIGURI,MAL,BAGRAKOT,"doi:10.7910/DVN/ZHF9WC datafile 10396541 (r3-all-2013.csv.gz, md5 e6950bd317dabe3b41bf7738c248e7ee)"
2013,JALPAIGURI,MAL,CHANGMARI,"doi:10.7910/DVN/ZHF9WC datafile 10396541 (r3-all-2013.csv.gz, md5 e6950bd317dabe3b41bf7738c248e7ee)"
2013,JALPAIGURI,MAL,CHAPADANGA,"doi:10.7910/DVN/ZHF9WC datafile 10396541 (r3-all-2013.csv.gz, md5 e6950bd317dabe3b41bf7738c248e7ee)"
2013,JALPAIGURI,MAL,DAMDIM,"doi:10.7910/DVN/ZHF9WC datafile 10396541 (r3-all-2013.csv.gz, md5 e6950bd317dabe3b41bf7738c248e7ee)"
2013,JALPAIGURI,MAL,KRANTI,"doi:10.7910/DVN/ZHF9WC datafile 10396541 (r3-all-2013.csv.gz, md5 e6950bd317dabe3b41bf7738c248e7ee)"
2013,JALPAIGURI,MAL,KUMLAI,"doi:10.7910/DVN/ZHF9WC datafile 10396541 (r3-all-2013.csv.gz, md5 e6950bd317dabe3b41bf7738c248e7ee)"
2013,JALPAIGURI,MAL,LATAGURI,"doi:10.7910/DVN/ZHF9WC datafile 10396541 (r3-all-2013.csv.gz, md5 e6950bd317dabe3b41bf7738c248e7ee)"
2013,JALPAIGURI,MAL,MOULANI,"doi:10.7910/DVN/ZHF9WC datafile 10396541 (r3-all-2013.csv.gz, md5 e6950bd317dabe3b41bf7738c248e7ee)"
2013,JALPAIGURI,MAL,ODLABARI,"doi:10.7910/DVN/ZHF9WC datafile 10396541 (r3-all-2013.csv.gz, md5 e6950bd317dabe3b41bf7738c248e7ee)"
2013,JALPAIGURI,MAL,RAJADANGA,"doi:10.7910/DVN/ZHF9WC datafile 10396541 (r3-all-2013.csv.gz, md5 e6950bd317dabe3b41bf7738c248e7ee)"
2013,JALPAIGURI,MAL,RANGAMATI,"doi:10.7910/DVN/ZHF9WC datafile 10396541 (r3-all-2013.csv.gz, md5 e6950bd317dabe3b41bf7738c248e7ee)"
2013,JALPAIGURI,MAL,TESIMALA,"doi:10.7910/DVN/ZHF9WC datafile 10396541 (r3-all-2013.csv.gz, md5 e6950bd317dabe3b41bf7738c248e7ee)"
2013,PURULIA,MANBAZAR-I,BAMNIMAJHIHIRA,"doi:10.7910/DVN/ZHF9WC datafile 10396541 (r3-all-2013.csv.gz, md5 e6950bd317dabe3b41bf7738c248e7ee)"
2013,PURULIA,MANBAZAR-I,BARAMASYA-RAMNAGAR,"doi:10.7910/DVN/ZHF9WC datafile 10396541 (r3-all-2013.csv.gz, md5 e6950bd317dabe3b41bf7738c248e7ee)"
2013,PURULIA,MANBAZAR-I,BHALUBASA,"doi:10.7910/DVN/ZHF9WC datafile 10396541 (r3-all-2013.csv.gz, md5 e6950bd317dabe3b41bf7738c248e7ee)"
2013,PURULIA,MANBAZAR-I,BISRI,"doi:10.7910/DVN/ZHF9WC datafile 10396541 (r3-all-2013.csv.gz, md5 e6950bd317dabe3b41bf7738c248e7ee)"
2013,PURULIA,MANBAZAR-I,CHANDRA-PAIRACHALI,"doi:10.7910/DVN/ZHF9WC datafile 10396541 (r3-all-2013.csv.gz, md5 e6950bd317dabe3b41bf7738c248e7ee)"
2013,PURULIA,MANBAZAR-I,DHANARAH,"doi:10.7910/DVN/ZHF9WC datafile 10396541 (r3-all-2013.csv.gz, md5 e6950bd317dabe3b41bf7738c248e7ee)"
2013,PURULIA,MANBAZAR-I,GOPALNAGAR,"doi:10.7910/DVN/ZHF9WC datafile 10396541 (r3-all-2013.csv.gz, md5 e6950bd317dabe3b41bf7738c248e7ee)"
2013,PURULIA,MANBAZAR-I,JITUJURI,"doi:10.7910/DVN/ZHF9WC datafile 10396541 (r3-all-2013.csv.gz, md5 e6950bd317dabe3b41bf7738c248e7ee)"
2013,PURULIA,MANBAZAR-I,KAMTAJANGIDIRI,"doi:10.7910/DVN/ZHF9WC datafile 10396541 (r3-all-2013.csv.gz, md5 e6950bd317dabe3b41bf7738c248e7ee)"
2013,PURULIA,MANBAZAR-I,MANBAZAR,"doi:10.7910/DVN/ZHF9WC datafile 10396541 (r3-all-2013.csv.gz, md5 e6950bd317dabe3b41bf7738c248e7ee)"
2013,PURULIA,MANBAZAR-II,ANKROBARAKADAM,"doi:10.7910/DVN/ZHF9WC datafile 10396541 (r3-all-2013.csv.gz, md5 e6950bd317dabe3b41bf7738c248e7ee)"
2013,PURULIA,MANBAZAR-II,BARGORIA-JAMTORIA,"doi:10.7910/DVN/ZHF9WC datafile 10396541 (r3-all-2013.csv.gz, md5 e6950bd317dabe3b41bf7738c248e7ee)"
2013,PURULIA,MANBAZAR-II,BARI-JAGDA,"doi:10.7910/DVN/ZHF9WC datafile 10396541 (r3-all-2013.csv.gz, md5 e6950bd317dabe3b41bf7738c248e7ee)"
2013,PURULIA,MANBAZAR-II,BOROJARAGARA,"doi:10.7910/DVN/ZHF9WC datafile 10396541 (r3-all-2013.csv.gz, md5 e6950bd317dabe3b41bf7738c248e7ee)"
2013,PURULIA,MANBAZAR-II,BURIBANDH,"doi:10.7910/DVN/ZHF9WC datafile 10396541 (r3-all-2013.csv.gz, md5 e6950bd317dabe3b41bf7738c248e7ee)"
2013,PURULIA,MANBAZAR-II,DIGHI,"doi:10.7910/DVN/ZHF9WC datafile 10396541 (r3-all-2013.csv.gz, md5 e6950bd317dabe3b41bf7738c248e7ee)"
2013,PURULIA,MANBAZAR-II,KUMARI,"doi:10.7910/DVN/ZHF9WC datafile 10396541 (r3-all-2013.csv.gz, md5 e6950bd317dabe3b41bf7738c248e7ee)"
2013,24 PARGANAS SOUTH,MANDIRBAZAR,ANCHANA,"doi:10.7910/DVN/ZHF9WC datafile 10396541 (r3-all-2013.csv.gz, md5 e6950bd317dabe3b41bf7738c248e7ee)"
2013,24 PARGANAS SOUTH,MANDIRBAZAR,CHANDPUR,"doi:10.7910/DVN/ZHF9WC datafile 10396541 (r3-all-2013.csv.gz, md5 e6950bd317dabe3b41bf7738c248e7ee)"
2013,24 PARGANAS SOUTH,MANDIRBAZAR,DAKSHIN BISHNUPUR,"doi:10.7910/DVN/ZHF9WC datafile 10396541 (r3-all-2013.csv.gz, md5 e6950bd317dabe3b41bf7738c248e7ee)"
2013,24 PARGANAS SOUTH,MANDIRBAZAR,DHANURHAT,"doi:10.7910/DVN/ZHF9WC datafile 10396541 (r3-all-2013.csv.gz, md5 e6950bd317dabe3b41bf7738c248e7ee)"
2013,24 PARGANAS SOUTH,MANDIRBAZAR,GABBERIA,"doi:10.7910/DVN/ZHF9WC datafile 10396541 (r3-all-2013.csv.gz, md5 e6950bd317dabe3b41bf7738c248e7ee)"
2013,24 PARGANAS SOUTH,MANDIRBAZAR,GHATESWAR,"doi:10.7910/DVN/ZHF9WC datafile 10396541 (r3-all-2013.csv.gz, md5 e6950bd317dabe3b41bf7738c248e7ee)"
2013,24 PARGANAS SOUTH,MANDIRBAZAR,JAGADISHPUR,"doi:10.7910/DVN/ZHF9WC datafile 10396541 (r3-all-2013.csv.gz, md5 e6950bd317dabe3b41bf7738c248e7ee)"
2013,24 PARGANAS SOUTH,MANDIRBAZAR,KECHARKUR,"doi:10.7910/DVN/ZHF9WC datafile 10396541 (r3-all-2013.csv.gz, md5 e6950bd317dabe3b41bf7738c248e7ee)"
2013,24 PARGANAS SOUTH,MANDIRBAZAR,KRISHNAPUR,"doi:10.7910/DVN/ZHF9WC datafile 10396541 (r3-all-2013.csv.gz, md5 e6950bd317dabe3b41bf7738c248e7ee)"
2013,24 PARGANAS SOUTH,MANDIRBAZAR,NISAPUR,"doi:10.7910/DVN/ZHF9WC datafile 10396541 (r3-all-2013.csv.gz, md5 e6950bd317dabe3b41bf7738c248e7ee)"
2013,MALDAH,MANIKCHAK,CHOWKI MIRDADPUR,"doi:10.7910/DVN/ZHF9WC datafile 10396541 (r3-all-2013.csv.gz, md5 e6950bd317dabe3b41bf7738c248e7ee)"
2013,MALDAH,MANIKCHAK,DAKSHIN CHANDIPUR,"doi:10.7910/DVN/ZHF9WC datafile 10396541 (r3-all-2013.csv.gz, md5 e6950bd317dabe3b41bf7738c248e7ee)"
2013,MALDAH,MANIKCHAK,DHARAMPUR,"doi:10.7910/DVN/ZHF9WC datafile 10396541 (r3-all-2013.csv.gz, md5 e6950bd317dabe3b41bf7738c248e7ee)"
2013,MALDAH,MANIKCHAK,ENAYETPUR,"doi:10.7910/DVN/ZHF9WC datafile 10396541 (r3-all-2013.csv.gz, md5 e6950bd317dabe3b41bf7738c248e7ee)"
2013,MALDAH,MANIKCHAK,GOPALPUR,"doi:10.7910/DVN/ZHF9WC datafile 10396541 (r3-all-2013.csv.gz, md5 e6950bd317dabe3b41bf7738c248e7ee)"
2013,MALDAH,MANIKCHAK,HEERANANDAPUR,"doi:10.7910/DVN/ZHF9WC datafile 10396541 (r3-all-2013.csv.gz, md5 e6950bd317dabe3b41bf7738c248e7ee)"
2013,MALDAH,MANIKCHAK,MANIKCHAK,"doi:10.7910/DVN/ZHF9WC datafile 10396541 (r3-all-2013.csv.gz, md5 e6950bd317dabe3b41bf7738c248e7ee)"
2013,MALDAH,MANIKCHAK,MATHURAPUR,"doi:10.7910/DVN/ZHF9WC datafile 10396541 (r3-all-2013.csv.gz, md5 e6950bd317dabe3b41bf7738c248e7ee)"
2013,MALDAH,MANIKCHAK,NAZEERPUR,"doi:10.7910/DVN/ZHF9WC datafile 10396541 (r3-all-2013.csv.gz, md5 e6950bd317dabe3b41bf7738c248e7ee)"
2013,MALDAH,MANIKCHAK,NURPUR,"doi:10.7910/DVN/ZHF9WC datafile 10396541 (r3-all-2013.csv.gz, md5 e6950bd317dabe3b41bf7738c248e7ee)"
2013,MALDAH,MANIKCHAK,UTTAR CHANDIPUR,"doi:10.7910/DVN/ZHF9WC datafile 10396541 (r3-all-2013.csv.gz, md5 e6950bd317dabe3b41bf7738c248e7ee)"
2013,PASCHIM BARDHAMAN,MANTESWAR,BAGHASON,"doi:10.7910/DVN/ZHF9WC datafile 10396541 (r3-all-2013.csv.gz, md5 e6950bd317dabe3b41bf7738c248e7ee)"
2013,PASCHIM BARDHAMAN,MANTESWAR,BAMUNPARA,"doi:10.7910/DVN/ZHF9WC datafile 10396541 (r3-all-2013.csv.gz, md5 e6950bd317dabe3b41bf7738c248e7ee)"
2013,PASCHIM BARDHAMAN,MANTESWAR,BHAGRA MULGRAM,"doi:10.7910/DVN/ZHF9WC datafile 10396541 (r3-all-2013.csv.gz, md5 e6950bd317dabe3b41bf7738c248e7ee)"
2013,PASCHIM BARDHAMAN,MANTESWAR,DENUR,"doi:10.7910/DVN/ZHF9WC datafile 10396541 (r3-all-2013.csv.gz, md5 e6950bd317dabe3b41bf7738c248e7ee)"
2013,PASCHIM BARDHAMAN,MANTESWAR,JAMNA,"doi:10.7910/DVN/ZHF9WC datafile 10396541 (r3-all-2013.csv.gz, md5 e6950bd317dabe3b41bf7738c248e7ee)"
2013,PASCHIM BARDHAMAN,MANTESWAR,KUSUMGRAM,"doi:10.7910/DVN/ZHF9WC datafile 10396541 (r3-all-2013.csv.gz, md5 e6950bd317dabe3b41bf7738c248e7ee)"
2013,PASCHIM BARDHAMAN,MANTESWAR,MAJHERGRAM,"doi:10.7910/DVN/ZHF9WC datafile 10396541 (r3-all-2013.csv.gz, md5 e6950bd317dabe3b41bf7738c248e7ee)"
2013,PASCHIM BARDHAMAN,MANTESWAR,MAMUDPUR-I,"doi:10.7910/DVN/ZHF9WC datafile 10396541 (r3-all-2013.csv.gz, md5 e6950bd317dabe3b41bf7738c248e7ee)"
2013,PASCHIM BARDHAMAN,MANTESWAR,MAMUDPUR-II,"doi:10.7910/DVN/ZHF9WC datafile 10396541 (r3-all-2013.csv.gz, md5 e6950bd317dabe3b41bf7738c248e7ee)"
2013,PASCHIM BARDHAMAN,MANTESWAR,MANTESWAR,"doi:10.7910/DVN/ZHF9WC datafile 10396541 (r3-all-2013.csv.gz, md5 e6950bd317dabe3b41bf7738c248e7ee)"
2013,PASCHIM BARDHAMAN,MANTESWAR,PIPLON,"doi:10.7910/DVN/ZHF9WC datafile 10396541 (r3-all-2013.csv.gz, md5 e6950bd317dabe3b41bf7738c248e7ee)"
2013,PASCHIM BARDHAMAN,MANTESWAR,PUTSURI,"doi:10.7910/DVN/ZHF9WC datafile 10396541 (r3-all-2013.csv.gz, md5 e6950bd317dabe3b41bf7738c248e7ee)"
2013,PASCHIM BARDHAMAN,MANTESWAR,SUSUNIA,"doi:10.7910/DVN/ZHF9WC datafile 10396541 (r3-all-2013.csv.gz, md5 e6950bd317dabe3b41bf7738c248e7ee)"
2013,COOCHBEHAR,MATHA BHANGA-II,ANGARKATA-PARDUBI,"doi:10.7910/DVN/ZHF9WC datafile 10396541 (r3-all-2013.csv.gz, md5 e6950bd317dabe3b41bf7738c248e7ee)"
2013,COOCHBEHAR,MATHA BHANGA-II,BARASOULMARI,"doi:10.7910/DVN/ZHF9WC datafile 10396541 (r3-all-2013.csv.gz, md5 e6950bd317dabe3b41bf7738c248e7ee)"
2013,COOCHBEHAR,MATHA BHANGA-II,FULBARI,"doi:10.7910/DVN/ZHF9WC datafile 10396541 (r3-all-2013.csv.gz, md5 e6950bd317dabe3b41bf7738c248e7ee)"
2013,COOCHBEHAR,MATHA BHANGA-II,GHOKSARDANGA,"doi:10.7910/DVN/ZHF9WC datafile 10396541 (r3-all-2013.csv.gz, md5 e6950bd317dabe3b41bf7738c248e7ee)"
2013,COOCHBEHAR,MATHA BHANGA-II,LATAPOTA,"doi:10.7910/DVN/ZHF9WC datafile 10396541 (r3-all-2013.csv.gz, md5 e6950bd317dabe3b41bf7738c248e7ee)"
2013,COOCHBEHAR,MATHA BHANGA-II,NISHIGANJ-I,"doi:10.7910/DVN/ZHF9WC datafile 10396541 (r3-all-2013.csv.gz, md5 e6950bd317dabe3b41bf7738c248e7ee)"
2013,COOCHBEHAR,MATHA BHANGA-II,NISHIGANJ-II,"doi:10.7910/DVN/ZHF9WC datafile 10396541 (r3-all-2013.csv.gz, md5 e6950bd317dabe3b41bf7738c248e7ee)"
2013,COOCHBEHAR,MATHA BHANGA-II,PREMERDANGA,"doi:10.7910/DVN/ZHF9WC datafile 10396541 (r3-all-2013.csv.gz, md5 e6950bd317dabe3b41bf7738c248e7ee)"
2013,COOCHBEHAR,MATHA BHANGA-II,RUIDANGA,"doi:10.7910/DVN/ZHF9WC datafile 10396541 (r3-all-2013.csv.gz, md5 e6950bd317dabe3b41bf7738c248e7ee)"
2013,COOCHBEHAR,MATHA BHANGA-II,UNISHBISHA,"doi:10.7910/DVN/ZHF9WC datafile 10396541 (r3-all-2013.csv.gz, md5 e6950bd317dabe3b41bf7738c248e7ee)"
2013,COOCHBEHAR,MATHABHANGA-I,BAIRAGIRHAT,"doi:10.7910/DVN/ZHF9WC datafile 10396541 (r3-all-2013.csv.gz, md5 e6950bd317dabe3b41bf7738c248e7ee)"
2013,COOCHBEHAR,MATHABHANGA-I,GOPALPUR,"doi:10.7910/DVN/ZHF9WC datafile 10396541 (r3-all-2013.csv.gz, md5 e6950bd317dabe3b41bf7738c248e7ee)"
2013,COOCHBEHAR,MATHABHANGA-I,HAZRAHAT-I,"doi:10.7910/DVN/ZHF9WC datafile 10396541 (r3-all-2013.csv.gz, md5 e6950bd317dabe3b41bf7738c248e7ee)"
2013,COOCHBEHAR,MATHABHANGA-I,HAZRAHAT-II,"doi:10.7910/DVN/ZHF9WC datafile 10396541 (r3-all-2013.csv.gz, md5 e6950bd317dabe3b41bf7738c248e7ee)"
2013,COOCHBEHAR,MATHABHANGA-I,JORPATKI,"doi:10.7910/DVN/ZHF9WC datafile 10396541 (r3-all-2013.csv.gz, md5 e6950bd317dabe3b41bf7738c248e7ee)"
2013,COOCHBEHAR,MATHABHANGA-I,KEDARHAT,"doi:10.7910/DVN/ZHF9WC datafile 10396541 (r3-all-2013.csv.gz, md5 e6950bd317dabe3b41bf7738c248e7ee)"
2013,COOCHBEHAR,MATHABHANGA-I,KURSAMARI,"doi:10.7910/DVN/ZHF9WC datafile 10396541 (r3-all-2013.csv.gz, md5 e6950bd317dabe3b41bf7738c248e7ee)"
2013,COOCHBEHAR,MATHABHANGA-I,NAYARHAT,"doi:10.7910/DVN/ZHF9WC datafile 10396541 (r3-all-2013.csv.gz, md5 e6950bd317dabe3b41bf7738c248e7ee)"
2013,COOCHBEHAR,MATHABHANGA-I,PACHAGARH,"doi:10.7910/DVN/ZHF9WC datafile 10396541 (r3-all-2013.csv.gz, md5 e6950bd317dabe3b41bf7738c248e7ee)"
2013,COOCHBEHAR,MATHABHANGA-I,SHIKARPUR,"doi:10.7910/DVN/ZHF9WC datafile 10396541 (r3-all-2013.csv.gz, md5 e6950bd317dabe3b41bf7738c248e7ee)"
2013,24 PARGANAS SOUTH,MATHURAPUR I,ABAD BHAGAWANPUR,"doi:10.7910/DVN/ZHF9WC datafile 10396541 (r3-all-2013.csv.gz, md5 e6950bd317dabe3b41bf7738c248e7ee)"
2013,24 PARGANAS SOUTH,MATHURAPUR I,DAKSHIN LAKSHMINARAYANPUR,"doi:10.7910/DVN/ZHF9WC datafile 10396541 (r3-all-2013.csv.gz, md5 e6950bd317dabe3b41bf7738c248e7ee)"
2013,24 PARGANAS SOUTH,MATHURAPUR I,DEBIPUR,"doi:10.7910/DVN/ZHF9WC datafile 10396541 (r3-all-2013.csv.gz, md5 e6950bd317dabe3b41bf7738c248e7ee)"
2013,24 PARGANAS SOUTH,MATHURAPUR I,KRISHNACHANDRAPUR,"doi:10.7910/DVN/ZHF9WC datafile 10396541 (r3-all-2013.csv.gz, md5 e6950bd317dabe3b41bf7738c248e7ee)"
2013,24 PARGANAS SOUTH,MATHURAPUR I,LALPUR,"doi:10.7910/DVN/ZHF9WC datafile 10396541 (r3-all-2013.csv.gz, md5 e6950bd317dabe3b41bf7738c248e7ee)"
2013,24 PARGANAS SOUTH,MATHURAPUR I,MATHURAPUR PASCHIM,"doi:10.7910/DVN/ZHF9WC datafile 10396541 (r3-all-2013.csv.gz, md5 e6950bd317dabe3b41bf7738c248e7ee)"
2013,24 PARGANAS SOUTH,MATHURAPUR I,MATHURAPUR PURBA,"doi:10.7910/DVN/ZHF9WC datafile 10396541 (r3-all-2013.csv.gz, md5 e6950bd317dabe3b41bf7738c248e7ee)"
2013,24 PARGANAS SOUTH,MATHURAPUR I,NALUA,"doi:10.7910/DVN/ZHF9WC datafile 10396541 (r3-all-2013.csv.gz, md5 e6950bd317dabe3b41bf7738c248e7ee)"
2013,24 PARGANAS SOUTH,MATHURAPUR I,SHANKARPUR,"doi:10.7910/DVN/ZHF9WC datafile 10396541 (r3-all-2013.csv.gz, md5 e6950bd317dabe3b41bf7738c248e7ee)"
2013,24 PARGANAS SOUTH,MATHURAPUR I,UTTAR LAKSHMINARAYANPUR,"doi:10.7910/DVN/ZHF9WC datafile 10396541 (r3-all-2013.csv.gz, md5 e6950bd317dabe3b41bf7738c248e7ee)"
2013,24 PARGANAS SOUTH,MATHURAPUR-II,DIGHIRPAR-BAKULTALA,"doi:10.7910/DVN/ZHF9WC datafile 10396541 (r3-all-2013.csv.gz, md5 e6950bd317dabe3b41bf7738c248e7ee)"
2013,24 PARGANAS SOUTH,MATHURAPUR-II,GILARCHHAT,"doi:10.7910/DVN/ZHF9WC datafile 10396541 (r3-all-2013.csv.gz, md5 e6950bd317dabe3b41bf7738c248e7ee)"
2013,24 PARGANAS SOUTH,MATHURAPUR-II,KANKANDIGHI,"doi:10.7910/DVN/ZHF9WC datafile 10396541 (r3-all-2013.csv.gz, md5 e6950bd317dabe3b41bf7738c248e7ee)"
2013,24 PARGANAS SOUTH,MATHURAPUR-II,KASINAGAR,"doi:10.7910/DVN/ZHF9WC datafile 10396541 (r3-all-2013.csv.gz, md5 e6950bd317dabe3b41bf7738c248e7ee)"
2013,24 PARGANAS SOUTH,MATHURAPUR-II,KAUTALA,"doi:10.7910/DVN/ZHF9WC datafile 10396541 (r3-all-2013.csv.gz, md5 e6950bd317dabe3b41bf7738c248e7ee)"
2013,24 PARGANAS SOUTH,MATHURAPUR-II,KHARI,"doi:10.7910/DVN/ZHF9WC datafile 10396541 (r3-all-2013.csv.gz, md5 e6950bd317dabe3b41bf7738c248e7ee)"
2013,24 PARGANAS SOUTH,MATHURAPUR-II,KUMRAPARA,"doi:10.7910/DVN/ZHF9WC datafile 10396541 (r3-all-2013.csv.gz, md5 e6950bd317dabe3b41bf7738c248e7ee)"
2013,24 PARGANAS SOUTH,MATHURAPUR-II,NAGENDRAPUR,"doi:10.7910/DVN/ZHF9WC datafile 10396541 (r3-all-2013.csv.gz, md5 e6950bd317dabe3b41bf7738c248e7ee)"
2013,24 PARGANAS SOUTH,MATHURAPUR-II,NANDAKUMARPUR,"doi:10.7910/DVN/ZHF9WC datafile 10396541 (r3-all-2013.csv.gz, md5 e6950bd317dabe3b41bf7738c248e7ee)"
2013,24 PARGANAS SOUTH,MATHURAPUR-II,RADHAKANTAPUR,"doi:10.7910/DVN/ZHF9WC datafile 10396541 (r3-all-2013.csv.gz, md5 e6950bd317dabe3b41bf7738c248e7ee)"
2013,24 PARGANAS SOUTH,MATHURAPUR-II,RAIDIGHI,"doi:10.7910/DVN/ZHF9WC datafile 10396541 (r3-all-2013.csv.gz, md5 e6950bd317dabe3b41bf7738c248e7ee)"
2013,JALPAIGURI,MATIALI,BIDHANNAGAR,"doi:10.7910/DVN/ZHF9WC datafile 10396541 (r3-all-2013.csv.gz, md5 e6950bd317dabe3b41bf7738c248e7ee)"
2013,JALPAIGURI,MATIALI,INDONG-MATIALI,"doi:10.7910/DVN/ZHF9WC datafile 10396541 (r3-all-2013.csv.gz, md5 e6950bd317dabe3b41bf7738c248e7ee)"
2013,JALPAIGURI,MATIALI,MATIALI HAT,"doi:10.7910/DVN/ZHF9WC datafile 10396541 (r3-all-2013.csv.gz, md5 e6950bd317dabe3b41bf7738c248e7ee)"
2013,JALPAIGURI,MATIALI,MATIALI-BATABARI-I,"doi:10.7910/DVN/ZHF9WC datafile 10396541 (r3-all-2013.csv.gz, md5 e6950bd317dabe3b41bf7738c248e7ee)"
2013,JALPAIGURI,MATIALI,MATIALI-BATABARI-II,"doi:10.7910/DVN/ZHF9WC datafile 10396541 (r3-all-2013.csv.gz, md5 e6950bd317dabe3b41bf7738c248e7ee)"
2013,JALPAIGURI,MAYNAGURI,AMGURI,"doi:10.7910/DVN/ZHF9WC datafile 10396541 (r3-all-2013.csv.gz, md5 e6950bd317dabe3b41bf7738c248e7ee)"
2013,JALPAIGURI,MAYNAGURI,BARNIS,"doi:10.7910/DVN/ZHF9WC datafile 10396541 (r3-all-2013.csv.gz, md5 e6950bd317dabe3b41bf7738c248e7ee)"
2013,JALPAIGURI,MAYNAGURI,CHURABHANDAR,"doi:10.7910/DVN/ZHF9WC datafile 10396541 (r3-all-2013.csv.gz, md5 e6950bd317dabe3b41bf7738c248e7ee)"
2013,JALPAIGURI,MAYNAGURI,DHARMAPUR,"doi:10.7910/DVN/ZHF9WC datafile 10396541 (r3-all-2013.csv.gz, md5 e6950bd317dabe3b41bf7738c248e7ee)"
2013,JALPAIGURI,MAYNAGURI,DOMOHONI-I,"doi:10.7910/DVN/ZHF9WC datafile 10396541 (r3-all-2013.csv.gz, md5 e6950bd317dabe3b41bf7738c248e7ee)"
2013,JALPAIGURI,MAYNAGURI,DOMOHONI-II,"doi:10.7910/DVN/ZHF9WC datafile 10396541 (r3-all-2013.csv.gz, md5 e6950bd317dabe3b41bf7738c248e7ee)"
2013,JALPAIGURI,MAYNAGURI,KHAGRABARI-I,"doi:10.7910/DVN/ZHF9WC datafile 10396541 (r3-all-2013.csv.gz, md5 e6950bd317dabe3b41bf7738c248e7ee)"
2013,JALPAIGURI,MAYNAGURI,KHAGRABARI-II,"doi:10.7910/DVN/ZHF9WC datafile 10396541 (r3-all-2013.csv.gz, md5 e6950bd317dabe3b41bf7738c248e7ee)"
2013,JALPAIGURI,MAYNAGURI,MADHABDANGA-I,"doi:10.7910/DVN/ZHF9WC datafile 10396541 (r3-all-2013.csv.gz, md5 e6950bd317dabe3b41bf7738c248e7ee)"
2013,JALPAIGURI,MAYNAGURI,MADHABDANGA-II,"doi:10.7910/DVN/ZHF9WC datafile 10396541 (r3-all-2013.csv.gz, md5 e6950bd317dabe3b41bf7738c248e7ee)"
2013,JALPAIGURI,MAYNAGURI,MAYNAGURI,"doi:10.7910/DVN/ZHF9WC datafile 10396541 (r3-all-2013.csv.gz, md5 e6950bd317dabe3b41bf7738c248e7ee)"
2013,JALPAIGURI,MAYNAGURI,PADAMOTI-I,"doi:10.7910/DVN/ZHF9WC datafile 10396541 (r3-all-2013.csv.gz, md5 e6950bd317dabe3b41bf7738c248e7ee)"
2013,JALPAIGURI,MAYNAGURI,PADAMOTI-II,"doi:10.7910/DVN/ZHF9WC datafile 10396541 (r3-all-2013.csv.gz, md5 e6950bd317dabe3b41bf7738c248e7ee)"
2013,JALPAIGURI,MAYNAGURI,RAMSHAI,"doi:10.7910/DVN/ZHF9WC datafile 10396541 (r3-all-2013.csv.gz, md5 e6950bd317dabe3b41bf7738c248e7ee)"
2013,JALPAIGURI,MAYNAGURI,SAPTIBARI-I,"doi:10.7910/DVN/ZHF9WC datafile 10396541 (r3-all-2013.csv.gz, md5 e6950bd317dabe3b41bf7738c248e7ee)"
2013,JALPAIGURI,MAYNAGURI,SAPTIBARI-II,"doi:10.7910/DVN/ZHF9WC datafile 10396541 (r3-all-2013.csv.gz, md5 e6950bd317dabe3b41bf7738c248e7ee)"
2013,BIRBHUM,MAYURESWAR-I,BAJITPUR,"doi:10.7910/DVN/ZHF9WC datafile 10396541 (r3-all-2013.csv.gz, md5 e6950bd317dabe3b41bf7738c248e7ee)"
2013,BIRBHUM,MAYURESWAR-I,BARATURIGRAM,"doi:10.7910/DVN/ZHF9WC datafile 10396541 (r3-all-2013.csv.gz, md5 e6950bd317dabe3b41bf7738c248e7ee)"
2013,BIRBHUM,MAYURESWAR-I,DABUK,"doi:10.7910/DVN/ZHF9WC datafile 10396541 (r3-all-2013.csv.gz, md5 e6950bd317dabe3b41bf7738c248e7ee)"
2013,BIRBHUM,MAYURESWAR-I,DAKSHINGRAM,"doi:10.7910/DVN/ZHF9WC datafile 10396541 (r3-all-2013.csv.gz, md5 e6950bd317dabe3b41bf7738c248e7ee)"
2013,BIRBHUM,MAYURESWAR-I,JHIKODDA,"doi:10.7910/DVN/ZHF9WC datafile 10396541 (r3-all-2013.csv.gz, md5 e6950bd317dabe3b41bf7738c248e7ee)"
2013,BIRBHUM,MAYURESWAR-I,KANACHI,"doi:10.7910/DVN/ZHF9WC datafile 10396541 (r3-all-2013.csv.gz, md5 e6950bd317dabe3b41bf7738c248e7ee)"
2013,BIRBHUM,MAYURESWAR-I,MOLLARPUR-I,"doi:10.7910/DVN/ZHF9WC datafile 10396541 (r3-all-2013.csv.gz, md5 e6950bd317dabe3b41bf7738c248e7ee)"
2013,BIRBHUM,MAYURESWAR-I,MOLLARPUR-II,"doi:10.7910/DVN/ZHF9WC datafile 10396541 (r3-all-2013.csv.gz, md5 e6950bd317dabe3b41bf7738c248e7ee)"
2013,BIRBHUM,MAYURESWAR-I,TALOWAN,"doi:10.7910/DVN/ZHF9WC datafile 10396541 (r3-all-2013.csv.gz, md5 e6950bd317dabe3b41bf7738c248e7ee)"
2013,BIRBHUM,MAYURESWAR-II,DASPALSA,"doi:10.7910/DVN/ZHF9WC datafile 10396541 (r3-all-2013.csv.gz, md5 e6950bd317dabe3b41bf7738c248e7ee)"
2013,BIRBHUM,MAYURESWAR-II,DHEKA,"doi:10.7910/DVN/ZHF9WC datafile 10396541 (r3-all-2013.csv.gz, md5 e6950bd317dabe3b41bf7738c248e7ee)"
2013,BIRBHUM,MAYURESWAR-II,KALESWAR,"doi:10.7910/DVN/ZHF9WC datafile 10396541 (r3-all-2013.csv.gz, md5 e6950bd317dabe3b41bf7738c248e7ee)"
2013,BIRBHUM,MAYURESWAR-II,KUNDOLA,"doi:10.7910/DVN/ZHF9WC datafile 10396541 (r3-all-2013.csv.gz, md5 e6950bd317dabe3b41bf7738c248e7ee)"
2013,BIRBHUM,MAYURESWAR-II,MAYURESWAR,"doi:10.7910/DVN/ZHF9WC datafile 10396541 (r3-all-2013.csv.gz, md5 e6950bd317dabe3b41bf7738c248e7ee)"
2013,BIRBHUM,MAYURESWAR-II,SATPALSA,"doi:10.7910/DVN/ZHF9WC datafile 10396541 (r3-all-2013.csv.gz, md5 e6950bd317dabe3b41bf7738c248e7ee)"
2013,BIRBHUM,MAYURESWAR-II,ULKUNDA,"doi:10.7910/DVN/ZHF9WC datafile 10396541 (r3-all-2013.csv.gz, md5 e6950bd317dabe3b41bf7738c248e7ee)"
2013,BANKURA,MEJHIA,ARDHAGRAM,"doi:10.7910/DVN/ZHF9WC datafile 10396541 (r3-all-2013.csv.gz, md5 e6950bd317dabe3b41bf7738c248e7ee)"
2013,BANKURA,MEJHIA,BANJORA,"doi:10.7910/DVN/ZHF9WC datafile 10396541 (r3-all-2013.csv.gz, md5 e6950bd317dabe3b41bf7738c248e7ee)"
2013,BANKURA,MEJHIA,KUSHTOR,"doi:10.7910/DVN/ZHF9WC datafile 10396541 (r3-all-2013.csv.gz, md5 e6950bd317dabe3b41bf7738c248e7ee)"
2013,BANKURA,MEJHIA,MEJIA,"doi:10.7910/DVN/ZHF9WC datafile 10396541 (r3-all-2013.csv.gz, md5 e6950bd317dabe3b41bf7738c248e7ee)"
2013,BANKURA,MEJHIA,RAMCHANDRAPUR,"doi:10.7910/DVN/ZHF9WC datafile 10396541 (r3-all-2013.csv.gz, md5 e6950bd317dabe3b41bf7738c248e7ee)"
2013,COOCHBEHAR,MEKLIGANJ,BAGDOGRA-FULKADABRI,"doi:10.7910/DVN/ZHF9WC datafile 10396541 (r3-all-2013.csv.gz, md5 e6950bd317dabe3b41bf7738c248e7ee)"
2013,COOCHBEHAR,MEKLIGANJ,BHOTBARI,"doi:10.7910/DVN/ZHF9WC datafile 10396541 (r3-all-2013.csv.gz, md5 e6950bd317dabe3b41bf7738c248e7ee)"
2013,COOCHBEHAR,MEKLIGANJ,CHANGRABANDHA,"doi:10.7910/DVN/ZHF9WC datafile 10396541 (r3-all-2013.csv.gz, md5 e6950bd317dabe3b41bf7738c248e7ee)"
2013,COOCHBEHAR,MEKLIGANJ,JAMALDAHA,"doi:10.7910/DVN/ZHF9WC datafile 10396541 (r3-all-2013.csv.gz, md5 e6950bd317dabe3b41bf7738c248e7ee)"
2013,COOCHBEHAR,MEKLIGANJ,KUCHLIBARI,"doi:10.7910/DVN/ZHF9WC datafile 10396541 (r3-all-2013.csv.gz, md5 e6950bd317dabe3b41bf7738c248e7ee)"
2013,COOCHBEHAR,MEKLIGANJ,NIZTAROF,"doi:10.7910/DVN/ZHF9WC datafile 10396541 (r3-all-2013.csv.gz, md5 e6950bd317dabe3b41bf7738c248e7ee)"
2013,COOCHBEHAR,MEKLIGANJ,RANIRHAT,"doi:10.7910/DVN/ZHF9WC datafile 10396541 (r3-all-2013.csv.gz, md5 e6950bd317dabe3b41bf7738c248e7ee)"
2013,COOCHBEHAR,MEKLIGANJ,UCHALPUKURI,"doi:10.7910/DVN/ZHF9WC datafile 10396541 (r3-all-2013.csv.gz, md5 e6950bd317dabe3b41bf7738c248e7ee)"
2013,PASCHIM BARDHAMAN,MEMARI-I,AMADPUR,"doi:10.7910/DVN/ZHF9WC datafile 10396541 (r3-all-2013.csv.gz, md5 e6950bd317dabe3b41bf7738c248e7ee)"
2013,PASCHIM BARDHAMAN,MEMARI-I,BAGILA,"doi:10.7910/DVN/ZHF9WC datafile 10396541 (r3-all-2013.csv.gz, md5 e6950bd317dabe3b41bf7738c248e7ee)"
2013,PASCHIM BARDHAMAN,MEMARI-I,DALUIBAZAR-I,"doi:10.7910/DVN/ZHF9WC datafile 10396541 (r3-all-2013.csv.gz, md5 e6950bd317dabe3b41bf7738c248e7ee)"
2013,PASCHIM BARDHAMAN,MEMARI-I,DALUIBAZAR-II,"doi:10.7910/DVN/ZHF9WC datafile 10396541 (r3-all-2013.csv.gz, md5 e6950bd317dabe3b41bf7738c248e7ee)"
2013,PASCHIM BARDHAMAN,MEMARI-I,DEBIPUR,"doi:10.7910/DVN/ZHF9WC datafile 10396541 (r3-all-2013.csv.gz, md5 e6950bd317dabe3b41bf7738c248e7ee)"
2013,PASCHIM BARDHAMAN,MEMARI-I,DURGAPUR,"doi:10.7910/DVN/ZHF9WC datafile 10396541 (r3-all-2013.csv.gz, md5 e6950bd317dabe3b41bf7738c248e7ee)"
2013,PASCHIM BARDHAMAN,MEMARI-I,GOPE-GANTAR-I,"doi:10.7910/DVN/ZHF9WC datafile 10396541 (r3-all-2013.csv.gz, md5 e6950bd317dabe3b41bf7738c248e7ee)"
2013,PASCHIM BARDHAMAN,MEMARI-I,GOPE-GANTAR-II,"doi:10.7910/DVN/ZHF9WC datafile 10396541 (r3-all-2013.csv.gz, md5 e6950bd317dabe3b41bf7738c248e7ee)"
2013,PASCHIM BARDHAMAN,MEMARI-I,NIMO-I,"doi:10.7910/DVN/ZHF9WC datafile 10396541 (r3-all-2013.csv.gz, md5 e6950bd317dabe3b41bf7738c248e7ee)"
2013,PASCHIM BARDHAMAN,MEMARI-I,NIMO-II,"doi:10.7910/DVN/ZHF9WC datafile 10396541 (r3-all-2013.csv.gz, md5 e6950bd317dabe3b41bf7738c248e7ee)"
2013,PASCHIM BARDHAMAN,MEMARI-II,BARAPALASHAN-I,"doi:10.7910/DVN/ZHF9WC datafile 10396541 (r3-all-2013.csv.gz, md5 e6950bd317dabe3b41bf7738c248e7ee)"
2013,PASCHIM BARDHAMAN,MEMARI-II,BARAPALASHAN-II,"doi:10.7910/DVN/ZHF9WC datafile 10396541 (r3-all-2013.csv.gz, md5 e6950bd317dabe3b41bf7738c248e7ee)"
2013,PASCHIM BARDHAMAN,MEMARI-II,BIJUR-I,"doi:10.7910/DVN/ZHF9WC datafile 10396541 (r3-all-2013.csv.gz, md5 e6950bd317dabe3b41bf7738c248e7ee)"
2013,PASCHIM BARDHAMAN,MEMARI-II,BIJUR-II,"doi:10.7910/DVN/ZHF9WC datafile 10396541 (r3-all-2013.csv.gz, md5 e6950bd317dabe3b41bf7738c248e7ee)"
2013,PASCHIM BARDHAMAN,MEMARI-II,BOHAR-I,"doi:10.7910/DVN/ZHF9WC datafile 10396541 (r3-all-2013.csv.gz, md5 e6950bd317dabe3b41bf7738c248e7ee)"
2013,PASCHIM BARDHAMAN,MEMARI-II,BOHAR-II,"doi:10.7910/DVN/ZHF9WC datafile 10396541 (r3-all-2013.csv.gz, md5 e6950bd317dabe3b41bf7738c248e7ee)"
2013,PASCHIM BARDHAMAN,MEMARI-II,KUCHUT,"doi:10.7910/DVN/ZHF9WC datafile 10396541 (r3-all-2013.csv.gz, md5 e6950bd317dabe3b41bf7738c248e7ee)"
2013,PASCHIM BARDHAMAN,MEMARI-II,SATGACHIA-I,"doi:10.7910/DVN/ZHF9WC datafile 10396541 (r3-all-2013.csv.gz, md5 e6950bd317dabe3b41bf7738c248e7ee)"
2013,PASCHIM BARDHAMAN,MEMARI-II,SATGACHIA-II,"doi:10.7910/DVN/ZHF9WC datafile 10396541 (r3-all-2013.csv.gz, md5 e6950bd317dabe3b41bf7738c248e7ee)"
2013,PASCHIM MEDINIPUR,MIDNAPORE,BANPURA,"doi:10.7910/DVN/ZHF9WC datafile 10396541 (r3-all-2013.csv.gz, md5 e6950bd317dabe3b41bf7738c248e7ee)"
2013,PASCHIM MEDINIPUR,MIDNAPORE,CHANDRA,"doi:10.7910/DVN/ZHF9WC datafile 10396541 (r3-all-2013.csv.gz, md5 e6950bd317dabe3b41bf7738c248e7ee)"
2013,PASCHIM MEDINIPUR,MIDNAPORE,DHERUA,"doi:10.7910/DVN/ZHF9WC datafile 10396541 (r3-all-2013.csv.gz, md5 e6950bd317dabe3b41bf7738c248e7ee)"
2013,PASCHIM MEDINIPUR,MIDNAPORE,MONIDAHA,"doi:10.7910/DVN/ZHF9WC datafile 10396541 (r3-all-2013.csv.gz, md5 e6950bd317dabe3b41bf7738c248e7ee)"
2013,PASCHIM MEDINIPUR,MIDNAPORE,PANCHKHURI-I,"doi:10.7910/DVN/ZHF9WC datafile 10396541 (r3-all-2013.csv.gz, md5 e6950bd317dabe3b41bf7738c248e7ee)"
2013,PASCHIM MEDINIPUR,MIDNAPORE,PANCHKHURI-II,"doi:10.7910/DVN/ZHF9WC datafile 10396541 (r3-all-2013.csv.gz, md5 e6950bd317dabe3b41bf7738c248e7ee)"
2013,PASCHIM MEDINIPUR,MIDNAPORE,PATHRA,"doi:10.7910/DVN/ZHF9WC datafile 10396541 (r3-all-2013.csv.gz, md5 e6950bd317dabe3b41bf7738c248e7ee)"
2013,PASCHIM MEDINIPUR,MIDNAPORE,SHIROMONI,"doi:10.7910/DVN/ZHF9WC datafile 10396541 (r3-all-2013.csv.gz, md5 e6950bd317dabe3b41bf7738c248e7ee)"
2013,PASCHIM MEDINIPUR,MIDNAPORE,TANTIGERIA,"doi:10.7910/DVN/ZHF9WC datafile 10396541 (r3-all-2013.csv.gz, md5 e6950bd317dabe3b41bf7738c248e7ee)"
2013,24 PARGANAS (NORTH),MINAKHA,ATPUKUR,"doi:10.7910/DVN/ZHF9WC datafile 10396541 (r3-all-2013.csv.gz, md5 e6950bd317dabe3b41bf7738c248e7ee)"
2013,24 PARGANAS (NORTH),MINAKHA,BAMANPUKUR,"doi:10.7910/DVN/ZHF9WC datafile 10396541 (r3-all-2013.csv.gz, md5 e6950bd317dabe3b41bf7738c248e7ee)"
2013,24 PARGANAS (NORTH),MINAKHA,CHAITAL,"doi:10.7910/DVN/ZHF9WC datafile 10396541 (r3-all-2013.csv.gz, md5 e6950bd317dabe3b41bf7738c248e7ee)"
2013,24 PARGANAS (NORTH),MINAKHA,CHAMPALI,"doi:10.7910/DVN/ZHF9WC datafile 10396541 (r3-all-2013.csv.gz, md5 e6950bd317dabe3b41bf7738c248e7ee)"
2013,24 PARGANAS (NORTH),MINAKHA,DHUTURDAHA,"doi:10.7910/DVN/ZHF9WC datafile 10396541 (r3-all-2013.csv.gz, md5 e6950bd317dabe3b41bf7738c248e7ee)"
2013,24 PARGANAS (NORTH),MINAKHA,KUMARJOLE,"doi:10.7910/DVN/ZHF9WC datafile 10396541 (r3-all-2013.csv.gz, md5 e6950bd317dabe3b41bf7738c248e7ee)"
2013,24 PARGANAS (NORTH),MINAKHA,MINAKHAN,"doi:10.7910/DVN/ZHF9WC datafile 10396541 (r3-all-2013.csv.gz, md5 e6950bd317dabe3b41bf7738c248e7ee)"
2013,24 PARGANAS (NORTH),MINAKHA,MOHANPUR,"doi:10.7910/DVN/ZHF9WC datafile 10396541 (r3-all-2013.csv.gz, md5 e6950bd317dabe3b41bf7738c248e7ee)"
2013,Darjeeling Gorkha Hill Council (DGHC),MIRIK,CHENGA PANIGHATA,"doi:10.7910/DVN/ZHF9WC datafile 10396541 (r3-all-2013.csv.gz, md5 e6950bd317dabe3b41bf7738c248e7ee)"
2013,Darjeeling Gorkha Hill Council (DGHC),MIRIK,DUPTIN,"doi:10.7910/DVN/ZHF9WC datafile 10396541 (r3-all-2013.csv.gz, md5 e6950bd317dabe3b41bf7738c248e7ee)"
2013,Darjeeling Gorkha Hill Council (DGHC),MIRIK,PAHELIGAON SCHOOL DARA-I,"doi:10.7910/DVN/ZHF9WC datafile 10396541 (r3-all-2013.csv.gz, md5 e6950bd317dabe3b41bf7738c248e7ee)"
2013,Darjeeling Gorkha Hill Council (DGHC),MIRIK,PAHELIGAON SCHOOL DARA-II,"doi:10.7910/DVN/ZHF9WC datafile 10396541 (r3-all-2013.csv.gz, md5 e6950bd317dabe3b41bf7738c248e7ee)"
2013,Darjeeling Gorkha Hill Council (DGHC),MIRIK,SOURENI-I,"doi:10.7910/DVN/ZHF9WC datafile 10396541 (r3-all-2013.csv.gz, md5 e6950bd317dabe3b41bf7738c248e7ee)"
2013,Darjeeling Gorkha Hill Council (DGHC),MIRIK,SOURENI-II,"doi:10.7910/DVN/ZHF9WC datafile 10396541 (r3-all-2013.csv.gz, md5 e6950bd317dabe3b41bf7738c248e7ee)"
2013,BIRBHUM,MOHAMMAD BAZAR,ANGARGARIA,"doi:10.7910/DVN/ZHF9WC datafile 10396541 (r3-all-2013.csv.gz, md5 e6950bd317dabe3b41bf7738c248e7ee)"
2013,BIRBHUM,MOHAMMAD BAZAR,BHARKATA,"doi:10.7910/DVN/ZHF9WC datafile 10396541 (r3-all-2013.csv.gz, md5 e6950bd317dabe3b41bf7738c248e7ee)"
2013,BIRBHUM,MOHAMMAD BAZAR,BHUTURA,"doi:10.7910/DVN/ZHF9WC datafile 10396541 (r3-all-2013.csv.gz, md5 e6950bd317dabe3b41bf7738c248e7ee)"
2013,BIRBHUM,MOHAMMAD BAZAR,CHARICHA,"doi:10.7910/DVN/ZHF9WC datafile 10396541 (r3-all-2013.csv.gz, md5 e6950bd317dabe3b41bf7738c248e7ee)"
2013,BIRBHUM,MOHAMMAD BAZAR,DEUCHA,"doi:10.7910/DVN/ZHF9WC datafile 10396541 (r3-all-2013.csv.gz, md5 e6950bd317dabe3b41bf7738c248e7ee)"
2013,BIRBHUM,MOHAMMAD BAZAR,GONPUR,"doi:10.7910/DVN/ZHF9WC datafile 10396541 (r3-all-2013.csv.gz, md5 e6950bd317dabe3b41bf7738c248e7ee)"
2013,BIRBHUM,MOHAMMAD BAZAR,HINGLOW,"doi:10.7910/DVN/ZHF9WC datafile 10396541 (r3-all-2013.csv.gz, md5 e6950bd317dabe3b41bf7738c248e7ee)"
2013,BIRBHUM,MOHAMMAD BAZAR,KAPISTA,"doi:10.7910/DVN/ZHF9WC datafile 10396541 (r3-all-2013.csv.gz, md5 e6950bd317dabe3b41bf7738c248e7ee)"
2013,BIRBHUM,MOHAMMAD BAZAR,MAHAMADBAZAR,"doi:10.7910/DVN/ZHF9WC datafile 10396541 (r3-all-2013.csv.gz, md5 e6950bd317dabe3b41bf7738c248e7ee)"
2013,BIRBHUM,MOHAMMAD BAZAR,PURANAGRAM,"doi:10.7910/DVN/ZHF9WC datafile 10396541 (r3-all-2013.csv.gz, md5 e6950bd317dabe3b41bf7738c248e7ee)"
2013,BIRBHUM,MOHAMMAD BAZAR,RAMPUR,"doi:10.7910/DVN/ZHF9WC datafile 10396541 (r3-all-2013.csv.gz, md5 e6950bd317dabe3b41bf7738c248e7ee)"
2013,BIRBHUM,MOHAMMAD BAZAR,SEKEDDA,"doi:10.7910/DVN/ZHF9WC datafile 10396541 (r3-all-2013.csv.gz, md5 e6950bd317dabe3b41bf7738c248e7ee)"
2013,PASCHIM MEDINIPUR,MOHANPUR,MOHANPUR,"doi:10.7910/DVN/ZHF9WC datafile 10396541 (r3-all-2013.csv.gz, md5 e6950bd317dabe3b41bf7738c248e7ee)"
2013,PASCHIM MEDINIPUR,MOHANPUR,NEELDA,"doi:10.7910/DVN/ZHF9WC datafile 10396541 (r3-all-2013.csv.gz, md5 e6950bd317dabe3b41bf7738c248e7ee)"
2013,PASCHIM MEDINIPUR,MOHANPUR,SAUTIA,"doi:10.7910/DVN/ZHF9WC datafile 10396541 (r3-all-2013.csv.gz, md5 e6950bd317dabe3b41bf7738c248e7ee)"
2013,PASCHIM MEDINIPUR,MOHANPUR,SHIALSAI,"doi:10.7910/DVN/ZHF9WC datafile 10396541 (r3-all-2013.csv.gz, md5 e6950bd317dabe3b41bf7738c248e7ee)"
2013,PASCHIM MEDINIPUR,MOHANPUR,TANUA,"doi:10.7910/DVN/ZHF9WC datafile 10396541 (r3-all-2013.csv.gz, md5 e6950bd317dabe3b41bf7738c248e7ee)"
2013,PASCHIM BARDHAMAN,MONGOLKOTE,BHALUGRAM,"doi:10.7910/DVN/ZHF9WC datafile 10396541 (r3-all-2013.csv.gz, md5 e6950bd317dabe3b41bf7738c248e7ee)"
2013,PASCHIM BARDHAMAN,MONGOLKOTE,CHANAK,"doi:10.7910/DVN/ZHF9WC datafile 10396541 (r3-all-2013.csv.gz, md5 e6950bd317dabe3b41bf7738c248e7ee)"
2013,PASCHIM BARDHAMAN,MONGOLKOTE,GOTISTHA,"doi:10.7910/DVN/ZHF9WC datafile 10396541 (r3-all-2013.csv.gz, md5 e6950bd317dabe3b41bf7738c248e7ee)"
2013,PASCHIM BARDHAMAN,MONGOLKOTE,JHILOO-I,"doi:10.7910/DVN/ZHF9WC datafile 10396541 (r3-all-2013.csv.gz, md5 e6950bd317dabe3b41bf7738c248e7ee)"
2013,PASCHIM BARDHAMAN,MONGOLKOTE,JHILOO-II,"doi:10.7910/DVN/ZHF9WC datafile 10396541 (r3-all-2013.csv.gz, md5 e6950bd317dabe3b41bf7738c248e7ee)"
2013,PASCHIM BARDHAMAN,MONGOLKOTE,KAICHAR-I,"doi:10.7910/DVN/ZHF9WC datafile 10396541 (r3-all-2013.csv.gz, md5 e6950bd317dabe3b41bf7738c248e7ee)"
2013,PASCHIM BARDHAMAN,MONGOLKOTE,KAICHAR-II,"doi:10.7910/DVN/ZHF9WC datafile 10396541 (r3-all-2013.csv.gz, md5 e6950bd317dabe3b41bf7738c248e7ee)"
2013,PASCHIM BARDHAMAN,MONGOLKOTE,KSHIROGRAM,"doi:10.7910/DVN/ZHF9WC datafile 10396541 (r3-all-2013.csv.gz, md5 e6950bd317dabe3b41bf7738c248e7ee)"
2013,PASCHIM BARDHAMAN,MONGOLKOTE,LAKHURIA,"doi:10.7910/DVN/ZHF9WC datafile 10396541 (r3-all-2013.csv.gz, md5 e6950bd317dabe3b41bf7738c248e7ee)"
2013,PASCHIM BARDHAMAN,MONGOLKOTE,MAJHIGRAM,"doi:10.7910/DVN/ZHF9WC datafile 10396541 (r3-all-2013.csv.gz, md5 e6950bd317dabe3b41bf7738c248e7ee)"
2013,PASCHIM BARDHAMAN,MONGOLKOTE,MONGOLKOTE,"doi:10.7910/DVN/ZHF9WC datafile 10396541 (r3-all-2013.csv.gz, md5 e6950bd317dabe3b41bf7738c248e7ee)"
2013,PASCHIM BARDHAMAN,MONGOLKOTE,NIGON,"doi:10.7910/DVN/ZHF9WC datafile 10396541 (r3-all-2013.csv.gz, md5 e6950bd317dabe3b41bf7738c248e7ee)"
2013,PASCHIM BARDHAMAN,MONGOLKOTE,PALIGRAM,"doi:10.7910/DVN/ZHF9WC datafile 10396541 (r3-all-2013.csv.gz, md5 e6950bd317dabe3b41bf7738c248e7ee)"
2013,PASCHIM BARDHAMAN,MONGOLKOTE,SIMULIA-I,"doi:10.7910/DVN/ZHF9WC datafile 10396541 (r3-all-2013.csv.gz, md5 e6950bd317dabe3b41bf7738c248e7ee)"
2013,PASCHIM BARDHAMAN,MONGOLKOTE,SIMULIA-II,"doi:10.7910/DVN/ZHF9WC datafile 10396541 (r3-all-2013.csv.gz, md5 e6950bd317dabe3b41bf7738c248e7ee)"
2013,PURBA MEDINIPUR,MOYNA,BAKCHA,"doi:10.7910/DVN/ZHF9WC datafile 10396541 (r3-all-2013.csv.gz, md5 e6950bd317dabe3b41bf7738c248e7ee)"
2013,PURBA MEDINIPUR,MOYNA,GOJINA,"doi:10.7910/DVN/ZHF9WC datafile 10396541 (r3-all-2013.csv.gz, md5 e6950bd317dabe3b41bf7738c248e7ee)"
2013,PURBA MEDINIPUR,MOYNA,GOKULNAGAR,"doi:10.7910/DVN/ZHF9WC datafile 10396541 (r3-all-2013.csv.gz, md5 e6950bd317dabe3b41bf7738c248e7ee)"
2013,PURBA MEDINIPUR,MOYNA,MOYNA-I,"doi:10.7910/DVN/ZHF9WC datafile 10396541 (r3-all-2013.csv.gz, md5 e6950bd317dabe3b41bf7738c248e7ee)"
2013,PURBA MEDINIPUR,MOYNA,MOYNA-II,"doi:10.7910/DVN/ZHF9WC datafile 10396541 (r3-all-2013.csv.gz, md5 e6950bd317dabe3b41bf7738c248e7ee)"
2013,PURBA MEDINIPUR,MOYNA,NAICHANPUR-I,"doi:10.7910/DVN/ZHF9WC datafile 10396541 (r3-all-2013.csv.gz, md5 e6950bd317dabe3b41bf7738c248e7ee)"
2013,PURBA MEDINIPUR,MOYNA,NAICHANPUR-II,"doi:10.7910/DVN/ZHF9WC datafile 10396541 (r3-all-2013.csv.gz, md5 e6950bd317dabe3b41bf7738c248e7ee)"
2013,PURBA MEDINIPUR,MOYNA,PARAMANANDAPUR,"doi:10.7910/DVN/ZHF9WC datafile 10396541 (r3-all-2013.csv.gz, md5 e6950bd317dabe3b41bf7738c248e7ee)"
2013,PURBA MEDINIPUR,MOYNA,RAMCHAK,"doi:10.7910/DVN/ZHF9WC datafile 10396541 (r3-all-2013.csv.gz, md5 e6950bd317dabe3b41bf7738c248e7ee)"
2013,PURBA MEDINIPUR,MOYNA,SRIKANTHA,"doi:10.7910/DVN/ZHF9WC datafile 10396541 (r3-all-2013.csv.gz, md5 e6950bd317dabe3b41bf7738c248e7ee)"
2013,PURBA MEDINIPUR,MOYNA,TILKHOJA,"doi:10.7910/DVN/ZHF9WC datafile 10396541 (r3-all-2013.csv.gz, md5 e6950bd317dabe3b41bf7738c248e7ee)"
2013,BIRBHUM,MURARAI-I,CHATRA,"doi:10.7910/DVN/ZHF9WC datafile 10396541 (r3-all-2013.csv.gz, md5 e6950bd317dabe3b41bf7738c248e7ee)"
2013,BIRBHUM,MURARAI-I,DUMURGRAM,"doi:10.7910/DVN/ZHF9WC datafile 10396541 (r3-all-2013.csv.gz, md5 e6950bd317dabe3b41bf7738c248e7ee)"
2013,BIRBHUM,MURARAI-I,GORSHA,"doi:10.7910/DVN/ZHF9WC datafile 10396541 (r3-all-2013.csv.gz, md5 e6950bd317dabe3b41bf7738c248e7ee)"
2013,BIRBHUM,MURARAI-I,MAHURAPUR,"doi:10.7910/DVN/ZHF9WC datafile 10396541 (r3-all-2013.csv.gz, md5 e6950bd317dabe3b41bf7738c248e7ee)"
2013,BIRBHUM,MURARAI-I,MURARAI,"doi:10.7910/DVN/ZHF9WC datafile 10396541 (r3-all-2013.csv.gz, md5 e6950bd317dabe3b41bf7738c248e7ee)"
2013,BIRBHUM,MURARAI-I,PALSA,"doi:10.7910/DVN/ZHF9WC datafile 10396541 (r3-all-2013.csv.gz, md5 e6950bd317dabe3b41bf7738c248e7ee)"
2013,BIRBHUM,MURARAI-I,RAJGRAM,"doi:10.7910/DVN/ZHF9WC datafile 10396541 (r3-all-2013.csv.gz, md5 e6950bd317dabe3b41bf7738c248e7ee)"
2013,BIRBHUM,MURARAI-II,AMDOLE,"doi:10.7910/DVN/ZHF9WC datafile 10396541 (r3-all-2013.csv.gz, md5 e6950bd317dabe3b41bf7738c248e7ee)"
2013,BIRBHUM,MURARAI-II,JAJIGRAM,"doi:10.7910/DVN/ZHF9WC datafile 10396541 (r3-all-2013.csv.gz, md5 e6950bd317dabe3b41bf7738c248e7ee)"
2013,BIRBHUM,MURARAI-II,KUSHMORE-I,"doi:10.7910/DVN/ZHF9WC datafile 10396541 (r3-all-2013.csv.gz, md5 e6950bd317dabe3b41bf7738c248e7ee)"
2013,BIRBHUM,MURARAI-II,KUSHMORE-II,"doi:10.7910/DVN/ZHF9WC datafile 10396541 (r3-all-2013.csv.gz, md5 e6950bd317dabe3b41bf7738c248e7ee)"
2013,BIRBHUM,MURARAI-II,MITRAPUR,"doi:10.7910/DVN/ZHF9WC datafile 10396541 (r3-all-2013.csv.gz, md5 e6950bd317dabe3b41bf7738c248e7ee)"
2013,BIRBHUM,MURARAI-II,NANDIGRAM,"doi:10.7910/DVN/ZHF9WC datafile 10396541 (r3-all-2013.csv.gz, md5 e6950bd317dabe3b41bf7738c248e7ee)"
2013,BIRBHUM,MURARAI-II,PAIKAR-I,"doi:10.7910/DVN/ZHF9WC datafile 10396541 (r3-all-2013.csv.gz, md5 e6950bd317dabe3b41bf7738c248e7ee)"
2013,BIRBHUM,MURARAI-II,PAIKAR-II,"doi:10.7910/DVN/ZHF9WC datafile 10396541 (r3-all-2013.csv.gz, md5 e6950bd317dabe3b41bf7738c248e7ee)"
2013,BIRBHUM,MURARAI-II,RUDRANAGAR,"doi:10.7910/DVN/ZHF9WC datafile 10396541 (r3-all-2013.csv.gz, md5 e6950bd317dabe3b41bf7738c248e7ee)"
2013,MURSHIDABAD,MURSHIDABAD-JIAGUNJ,BAHADURPUR,"doi:10.7910/DVN/ZHF9WC datafile 10396541 (r3-all-2013.csv.gz, md5 e6950bd317dabe3b41bf7738c248e7ee)"
2013,MURSHIDABAD,MURSHIDABAD-JIAGUNJ,DAHAPARA,"doi:10.7910/DVN/ZHF9WC datafile 10396541 (r3-all-2013.csv.gz, md5 e6950bd317dabe3b41bf7738c248e7ee)"
2013,MURSHIDABAD,MURSHIDABAD-JIAGUNJ,DANGAPARA,"doi:10.7910/DVN/ZHF9WC datafile 10396541 (r3-all-2013.csv.gz, md5 e6950bd317dabe3b41bf7738c248e7ee)"
2013,MURSHIDABAD,MURSHIDABAD-JIAGUNJ,KAPASDANGA,"doi:10.7910/DVN/ZHF9WC datafile 10396541 (r3-all-2013.csv.gz, md5 e6950bd317dabe3b41bf7738c248e7ee)"
2013,MURSHIDABAD,MURSHIDABAD-JIAGUNJ,MUKUNDABAGH,"doi:10.7910/DVN/ZHF9WC datafile 10396541 (r3-all-2013.csv.gz, md5 e6950bd317dabe3b41bf7738c248e7ee)"
2013,MURSHIDABAD,MURSHIDABAD-JIAGUNJ,NATUNGRAM,"doi:10.7910/DVN/ZHF9WC datafile 10396541 (r3-all-2013.csv.gz, md5 e6950bd317dabe3b41bf7738c248e7ee)"
2013,MURSHIDABAD,MURSHIDABAD-JIAGUNJ,PROSADPUR,"doi:10.7910/DVN/ZHF9WC datafile 10396541 (r3-all-2013.csv.gz, md5 e6950bd317dabe3b41bf7738c248e7ee)"
2013,MURSHIDABAD,MURSHIDABAD-JIAGUNJ,TENTULIA,"doi:10.7910/DVN/ZHF9WC datafile 10396541 (r3-all-2013.csv.gz, md5 e6950bd317dabe3b41bf7738c248e7ee)"
2013,SILIGURI MAHAKUMA PARISAD,Matigara,Atharokhai,"doi:10.7910/DVN/ZHF9WC datafile 10396541 (r3-all-2013.csv.gz, md5 e6950bd317dabe3b41bf7738c248e7ee)"
2013,SILIGURI MAHAKUMA PARISAD,Matigara,Champasari,"doi:10.7910/DVN/ZHF9WC datafile 10396541 (r3-all-2013.csv.gz, md5 e6950bd317dabe3b41bf7738c248e7ee)"
2013,SILIGURI MAHAKUMA PARISAD,Matigara,Matigara I,"doi:10.7910/DVN/ZHF9WC datafile 10396541 (r3-all-2013.csv.gz, md5 e6950bd317dabe3b41bf7738c248e7ee)"
2013,SILIGURI MAHAKUMA PARISAD,Matigara,Matigara II,"doi:10.7910/DVN/ZHF9WC datafile 10396541 (r3-all-2013.csv.gz, md5 e6950bd317dabe3b41bf7738c248e7ee)"
2013,SILIGURI MAHAKUMA PARISAD,Matigara,Patharghata,"doi:10.7910/DVN/ZHF9WC datafile 10396541 (r3-all-2013.csv.gz, md5 e6950bd317dabe3b41bf7738c248e7ee)"
2013,NADIA,NABADWIP,BABLARI,"doi:10.7910/DVN/ZHF9WC datafile 10396541 (r3-all-2013.csv.gz, md5 e6950bd317dabe3b41bf7738c248e7ee)"
2013,NADIA,NABADWIP,CHARMAJDIA CHARBRAHMANAGAR,"doi:10.7910/DVN/ZHF9WC datafile 10396541 (r3-all-2013.csv.gz, md5 e6950bd317dabe3b41bf7738c248e7ee)"
2013,NADIA,NABADWIP,FAKIRDANGA GHOLPARA,"doi:10.7910/DVN/ZHF9WC datafile 10396541 (r3-all-2013.csv.gz, md5 e6950bd317dabe3b41bf7738c248e7ee)"
2013,NADIA,NABADWIP,MAHISURA,"doi:10.7910/DVN/ZHF9WC datafile 10396541 (r3-all-2013.csv.gz, md5 e6950bd317dabe3b41bf7738c248e7ee)"
2013,NADIA,NABADWIP,MAJDIA PANSILA,"doi:10.7910/DVN/ZHF9WC datafile 10396541 (r3-all-2013.csv.gz, md5 e6950bd317dabe3b41bf7738c248e7ee)"
2013,NADIA,NABADWIP,MAYAPUR BAMANPUKUR-I,"doi:10.7910/DVN/ZHF9WC datafile 10396541 (r3-all-2013.csv.gz, md5 e6950bd317dabe3b41bf7738c248e7ee)"
2013,NADIA,NABADWIP,MAYAPUR BAMANPUKUR-II,"doi:10.7910/DVN/ZHF9WC datafile 10396541 (r3-all-2013.csv.gz, md5 e6950bd317dabe3b41bf7738c248e7ee)"
2013,NADIA,NABADWIP,SWARUPGANJ,"doi:10.7910/DVN/ZHF9WC datafile 10396541 (r3-all-2013.csv.gz, md5 e6950bd317dabe3b41bf7738c248e7ee)"
2013,MURSHIDABAD,NABAGRAM,AMARKUNDU,"doi:10.7910/DVN/ZHF9WC datafile 10396541 (r3-all-2013.csv.gz, md5 e6950bd317dabe3b41bf7738c248e7ee)"
2013,MURSHIDABAD,NABAGRAM,GURAPASHLA,"doi:10.7910/DVN/ZHF9WC datafile 10396541 (r3-all-2013.csv.gz, md5 e6950bd317dabe3b41bf7738c248e7ee)"
2013,MURSHIDABAD,NABAGRAM,HAJBIBIDANGA,"doi:10.7910/DVN/ZHF9WC datafile 10396541 (r3-all-2013.csv.gz, md5 e6950bd317dabe3b41bf7738c248e7ee)"
2013,MURSHIDABAD,NABAGRAM,KIRITESWARI,"doi:10.7910/DVN/ZHF9WC datafile 10396541 (r3-all-2013.csv.gz, md5 e6950bd317dabe3b41bf7738c248e7ee)"
2013,MURSHIDABAD,NABAGRAM,MAHURUL,"doi:10.7910/DVN/ZHF9WC datafile 10396541 (r3-all-2013.csv.gz, md5 e6950bd317dabe3b41bf7738c248e7ee)"
2013,MURSHIDABAD,NABAGRAM,NABAGRAM,"doi:10.7910/DVN/ZHF9WC datafile 10396541 (r3-all-2013.csv.gz, md5 e6950bd317dabe3b41bf7738c248e7ee)"
2013,MURSHIDABAD,NABAGRAM,NARAYANPUR,"doi:10.7910/DVN/ZHF9WC datafile 10396541 (r3-all-2013.csv.gz, md5 e6950bd317dabe3b41bf7738c248e7ee)"
2013,MURSHIDABAD,NABAGRAM,PANCHGRAM,"doi:10.7910/DVN/ZHF9WC datafile 10396541 (r3-all-2013.csv.gz, md5 e6950bd317dabe3b41bf7738c248e7ee)"
2013,MURSHIDABAD,NABAGRAM,RASULPUR,"doi:10.7910/DVN/ZHF9WC datafile 10396541 (r3-all-2013.csv.gz, md5 e6950bd317dabe3b41bf7738c248e7ee)"
2013,MURSHIDABAD,NABAGRAM,SHIBPUR,"doi:10.7910/DVN/ZHF9WC datafile 10396541 (r3-all-2013.csv.gz, md5 e6950bd317dabe3b41bf7738c248e7ee)"
2013,JALPAIGURI,NAGRAKATA,ANGRABHASA-I,"doi:10.7910/DVN/ZHF9WC datafile 10396541 (r3-all-2013.csv.gz, md5 e6950bd317dabe3b41bf7738c248e7ee)"
2013,JALPAIGURI,NAGRAKATA,ANGRABHASA-II,"doi:10.7910/DVN/ZHF9WC datafile 10396541 (r3-all-2013.csv.gz, md5 e6950bd317dabe3b41bf7738c248e7ee)"
2013,JALPAIGURI,NAGRAKATA,CHAMPAGURI,"doi:10.7910/DVN/ZHF9WC datafile 10396541 (r3-all-2013.csv.gz, md5 e6950bd317dabe3b41bf7738c248e7ee)"
2013,JALPAIGURI,NAGRAKATA,LUKSAN,"doi:10.7910/DVN/ZHF9WC datafile 10396541 (r3-all-2013.csv.gz, md5 e6950bd317dabe3b41bf7738c248e7ee)"
2013,JALPAIGURI,NAGRAKATA,SULKAPARA,"doi:10.7910/DVN/ZHF9WC datafile 10396541 (r3-all-2013.csv.gz, md5 e6950bd317dabe3b41bf7738c248e7ee)"
2013,NADIA,NAKASHIPARA,BETHUADAHARI-I,"doi:10.7910/DVN/ZHF9WC datafile 10396541 (r3-all-2013.csv.gz, md5 e6950bd317dabe3b41bf7738c248e7ee)"
2013,NADIA,NAKASHIPARA,BETHUADAHARI-II,"doi:10.7910/DVN/ZHF9WC datafile 10396541 (r3-all-2013.csv.gz, md5 e6950bd317dabe3b41bf7738c248e7ee)"
2013,NADIA,NAKASHIPARA,BIKRAMPUR,"doi:10.7910/DVN/ZHF9WC datafile 10396541 (r3-all-2013.csv.gz, md5 e6950bd317dabe3b41bf7738c248e7ee)"
2013,NADIA,NAKASHIPARA,BILKUMARI,"doi:10.7910/DVN/ZHF9WC datafile 10396541 (r3-all-2013.csv.gz, md5 e6950bd317dabe3b41bf7738c248e7ee)"
2013,NADIA,NAKASHIPARA,BILLWAGRAM,"doi:10.7910/DVN/ZHF9WC datafile 10396541 (r3-all-2013.csv.gz, md5 e6950bd317dabe3b41bf7738c248e7ee)"
2013,NADIA,NAKASHIPARA,BIRPUR-I,"doi:10.7910/DVN/ZHF9WC datafile 10396541 (r3-all-2013.csv.gz, md5 e6950bd317dabe3b41bf7738c248e7ee)"
2013,NADIA,NAKASHIPARA,BIRPUR-II,"doi:10.7910/DVN/ZHF9WC datafile 10396541 (r3-all-2013.csv.gz, md5 e6950bd317dabe3b41bf7738c248e7ee)"
2013,NADIA,NAKASHIPARA,DHANANJAYPUR,"doi:10.7910/DVN/ZHF9WC datafile 10396541 (r3-all-2013.csv.gz, md5 e6950bd317dabe3b41bf7738c248e7ee)"
2013,NADIA,NAKASHIPARA,DHARMADA,"doi:10.7910/DVN/ZHF9WC datafile 10396541 (r3-all-2013.csv.gz, md5 e6950bd317dabe3b41bf7738c248e7ee)"
2013,NADIA,NAKASHIPARA,DOGACHHIA,"doi:10.7910/DVN/ZHF9WC datafile 10396541 (r3-all-2013.csv.gz, md5 e6950bd317dabe3b41bf7738c248e7ee)"
2013,NADIA,NAKASHIPARA,HARANAGAR,"doi:10.7910/DVN/ZHF9WC datafile 10396541 (r3-all-2013.csv.gz, md5 e6950bd317dabe3b41bf7738c248e7ee)"
2013,NADIA,NAKASHIPARA,MAJHERGRAM,"doi:10.7910/DVN/ZHF9WC datafile 10396541 (r3-all-2013.csv.gz, md5 e6950bd317dabe3b41bf7738c248e7ee)"
2013,NADIA,NAKASHIPARA,MURAGACHHA,"doi:10.7910/DVN/ZHF9WC datafile 10396541 (r3-all-2013.csv.gz, md5 e6950bd317dabe3b41bf7738c248e7ee)"
2013,NADIA,NAKASHIPARA,NAKASIPARA,"doi:10.7910/DVN/ZHF9WC datafile 10396541 (r3-all-2013.csv.gz, md5 e6950bd317dabe3b41bf7738c248e7ee)"
2013,NADIA,NAKASHIPARA,PATIKABARI,"doi:10.7910/DVN/ZHF9WC datafile 10396541 (r3-all-2013.csv.gz, md5 e6950bd317dabe3b41bf7738c248e7ee)"
2013,BIRBHUM,NALHATI-I,BANIOR,"doi:10.7910/DVN/ZHF9WC datafile 10396541 (r3-all-2013.csv.gz, md5 e6950bd317dabe3b41bf7738c248e7ee)"
2013,BIRBHUM,NALHATI-I,BARLA,"doi:10.7910/DVN/ZHF9WC datafile 10396541 (r3-all-2013.csv.gz, md5 e6950bd317dabe3b41bf7738c248e7ee)"
2013,BIRBHUM,NALHATI-I,BAUTIA,"doi:10.7910/DVN/ZHF9WC datafile 10396541 (r3-all-2013.csv.gz, md5 e6950bd317dabe3b41bf7738c248e7ee)"
2013,BIRBHUM,NALHATI-I,HARIDASPUR,"doi:10.7910/DVN/ZHF9WC datafile 10396541 (r3-all-2013.csv.gz, md5 e6950bd317dabe3b41bf7738c248e7ee)"
2013,BIRBHUM,NALHATI-I,KAITHA-I,"doi:10.7910/DVN/ZHF9WC datafile 10396541 (r3-all-2013.csv.gz, md5 e6950bd317dabe3b41bf7738c248e7ee)"
2013,BIRBHUM,NALHATI-I,KAITHA-II,"doi:10.7910/DVN/ZHF9WC datafile 10396541 (r3-all-2013.csv.gz, md5 e6950bd317dabe3b41bf7738c248e7ee)"
2013,BIRBHUM,NALHATI-I,KALITHA,"doi:10.7910/DVN/ZHF9WC datafile 10396541 (r3-all-2013.csv.gz, md5 e6950bd317dabe3b41bf7738c248e7ee)"
2013,BIRBHUM,NALHATI-I,KURUMGRAM,"doi:10.7910/DVN/ZHF9WC datafile 10396541 (r3-all-2013.csv.gz, md5 e6950bd317dabe3b41bf7738c248e7ee)"
2013,BIRBHUM,NALHATI-I,PAIKPARA,"doi:10.7910/DVN/ZHF9WC datafile 10396541 (r3-all-2013.csv.gz, md5 e6950bd317dabe3b41bf7738c248e7ee)"
2013,BIRBHUM,NALHATI-II,BARA-I,"doi:10.7910/DVN/ZHF9WC datafile 10396541 (r3-all-2013.csv.gz, md5 e6950bd317dabe3b41bf7738c248e7ee)"
2013,BIRBHUM,NALHATI-II,BARA-II,"doi:10.7910/DVN/ZHF9WC datafile 10396541 (r3-all-2013.csv.gz, md5 e6950bd317dabe3b41bf7738c248e7ee)"
2013,BIRBHUM,NALHATI-II,BHADRAPUR-I,"doi:10.7910/DVN/ZHF9WC datafile 10396541 (r3-all-2013.csv.gz, md5 e6950bd317dabe3b41bf7738c248e7ee)"
2013,BIRBHUM,NALHATI-II,BHADRAPUR-II,"doi:10.7910/DVN/ZHF9WC datafile 10396541 (r3-all-2013.csv.gz, md5 e6950bd317dabe3b41bf7738c248e7ee)"
2013,BIRBHUM,NALHATI-II,NOAPARA,"doi:10.7910/DVN/ZHF9WC datafile 10396541 (r3-all-2013.csv.gz, md5 e6950bd317dabe3b41bf7738c248e7ee)"
2013,BIRBHUM,NALHATI-II,SHITALGRAM,"doi:10.7910/DVN/ZHF9WC datafile 10396541 (r3-all-2013.csv.gz, md5 e6950bd317dabe3b41bf7738c248e7ee)"
2013,24 PARGANAS SOUTH,NAMKHANA,BUDHAKHALI,"doi:10.7910/DVN/ZHF9WC datafile 10396541 (r3-all-2013.csv.gz, md5 e6950bd317dabe3b41bf7738c248e7ee)"
2013,24 PARGANAS SOUTH,NAMKHANA,FREZARGANJ,"doi:10.7910/DVN/ZHF9WC datafile 10396541 (r3-all-2013.csv.gz, md5 e6950bd317dabe3b41bf7738c248e7ee)"
2013,24 PARGANAS SOUTH,NAMKHANA,HARIPUR,"doi:10.7910/DVN/ZHF9WC datafile 10396541 (r3-all-2013.csv.gz, md5 e6950bd317dabe3b41bf7738c248e7ee)"
2013,24 PARGANAS SOUTH,NAMKHANA,MAUSINI,"doi:10.7910/DVN/ZHF9WC datafile 10396541 (r3-all-2013.csv.gz, md5 e6950bd317dabe3b41bf7738c248e7ee)"
2013,24 PARGANAS SOUTH,NAMKHANA,NAMKHANA,"doi:10.7910/DVN/ZHF9WC datafile 10396541 (r3-all-2013.csv.gz, md5 e6950bd317dabe3b41bf7738c248e7ee)"
2013,24 PARGANAS SOUTH,NAMKHANA,NARAYANPUR,"doi:10.7910/DVN/ZHF9WC datafile 10396541 (r3-all-2013.csv.gz, md5 e6950bd317dabe3b41bf7738c248e7ee)"
2013,24 PARGANAS SOUTH,NAMKHANA,SHIBRAMPUR,"doi:10.7910/DVN/ZHF9WC datafile 10396541 (r3-all-2013.csv.gz, md5 e6950bd317dabe3b41bf7738c248e7ee)"
2013,PURBA MEDINIPUR,NANDAKUMAR,BARGODAGODAR,"doi:10.7910/DVN/ZHF9WC datafile 10396541 (r3-all-2013.csv.gz, md5 e6950bd317dabe3b41bf7738c248e7ee)"
2013,PURBA MEDINIPUR,NANDAKUMAR,BASUDEVPUR,"doi:10.7910/DVN/ZHF9WC datafile 10396541 (r3-all-2013.csv.gz, md5 e6950bd317dabe3b41bf7738c248e7ee)"
2013,PURBA MEDINIPUR,NANDAKUMAR,BYABATTARHATPASCHIM,"doi:10.7910/DVN/ZHF9WC datafile 10396541 (r3-all-2013.csv.gz, md5 e6950bd317dabe3b41bf7738c248e7ee)"
2013,PURBA MEDINIPUR,NANDAKUMAR,BYABATTARHATPURBA,"doi:10.7910/DVN/ZHF9WC datafile 10396541 (r3-all-2013.csv.gz, md5 e6950bd317dabe3b41bf7738c248e7ee)"
2013,PURBA MEDINIPUR,NANDAKUMAR,CHAKSIMULIA,"doi:10.7910/DVN/ZHF9WC datafile 10396541 (r3-all-2013.csv.gz, md5 e6950bd317dabe3b41bf7738c248e7ee)"
2013,PURBA MEDINIPUR,NANDAKUMAR,DAKSHINNARIKELDA,"doi:10.7910/DVN/ZHF9WC datafile 10396541 (r3-all-2013.csv.gz, md5 e6950bd317dabe3b41bf7738c248e7ee)"
2013,PURBA MEDINIPUR,NANDAKUMAR,KALYANPUR,"doi:10.7910/DVN/ZHF9WC datafile 10396541 (r3-all-2013.csv.gz, md5 e6950bd317dabe3b41bf7738c248e7ee)"
2013,PURBA MEDINIPUR,NANDAKUMAR,KUMARARA,"doi:10.7910/DVN/ZHF9WC datafile 10396541 (r3-all-2013.csv.gz, md5 e6950bd317dabe3b41bf7738c248e7ee)"
2013,PURBA MEDINIPUR,NANDAKUMAR,KUMARCHAK,"doi:10.7910/DVN/ZHF9WC datafile 10396541 (r3-all-2013.csv.gz, md5 e6950bd317dabe3b41bf7738c248e7ee)"
2013,PURBA MEDINIPUR,NANDAKUMAR,SAORABERIAJALPAI-I,"doi:10.7910/DVN/ZHF9WC datafile 10396541 (r3-all-2013.csv.gz, md5 e6950bd317dabe3b41bf7738c248e7ee)"
2013,PURBA MEDINIPUR,NANDAKUMAR,SAORABERIAJALPAI-II,"doi:10.7910/DVN/ZHF9WC datafile 10396541 (r3-all-2013.csv.gz, md5 e6950bd317dabe3b41bf7738c248e7ee)"
2013,PURBA MEDINIPUR,NANDAKUMAR,SITALPURPASCHIM,"doi:10.7910/DVN/ZHF9WC datafile 10396541 (r3-all-2013.csv.gz, md5 e6950bd317dabe3b41bf7738c248e7ee)"
2013,PURBA MEDINIPUR,NANDIGRAM-I,BHAKUTIA,"doi:10.7910/DVN/ZHF9WC datafile 10396541 (r3-all-2013.csv.gz, md5 e6950bd317dabe3b41bf7738c248e7ee)"
2013,PURBA MEDINIPUR,NANDIGRAM-I,DAUDPUR,"doi:10.7910/DVN/ZHF9WC datafile 10396541 (r3-all-2013.csv.gz, md5 e6950bd317dabe3b41bf7738c248e7ee)"
2013,PURBA MEDINIPUR,NANDIGRAM-I,GOKULNAGAR,"doi:10.7910/DVN/ZHF9WC datafile 10396541 (r3-all-2013.csv.gz, md5 e6950bd317dabe3b41bf7738c248e7ee)"
2013,PURBA MEDINIPUR,NANDIGRAM-I,HARIPUR,"doi:10.7910/DVN/ZHF9WC datafile 10396541 (r3-all-2013.csv.gz, md5 e6950bd317dabe3b41bf7738c248e7ee)"
2013,PURBA MEDINIPUR,NANDIGRAM-I,KALICHARANPUR,"doi:10.7910/DVN/ZHF9WC datafile 10396541 (r3-all-2013.csv.gz, md5 e6950bd317dabe3b41bf7738c248e7ee)"
2013,PURBA MEDINIPUR,NANDIGRAM-I,KENDEMARIJALPAI,"doi:10.7910/DVN/ZHF9WC datafile 10396541 (r3-all-2013.csv.gz, md5 e6950bd317dabe3b41bf7738c248e7ee)"
2013,PURBA MEDINIPUR,NANDIGRAM-I,MAHAMMADPUR,"doi:10.7910/DVN/ZHF9WC datafile 10396541 (r3-all-2013.csv.gz, md5 e6950bd317dabe3b41bf7738c248e7ee)"
2013,PURBA MEDINIPUR,NANDIGRAM-I,NANDIGRAM,"doi:10.7910/DVN/ZHF9WC datafile 10396541 (r3-all-2013.csv.gz, md5 e6950bd317dabe3b41bf7738c248e7ee)"
2013,PURBA MEDINIPUR,NANDIGRAM-I,SAMSABAD,"doi:10.7910/DVN/ZHF9WC datafile 10396541 (r3-all-2013.csv.gz, md5 e6950bd317dabe3b41bf7738c248e7ee)"
2013,PURBA MEDINIPUR,NANDIGRAM-I,SONACHURA,"doi:10.7910/DVN/ZHF9WC datafile 10396541 (r3-all-2013.csv.gz, md5 e6950bd317dabe3b41bf7738c248e7ee)"
2013,PURBA MEDINIPUR,NANDIGRAM-II,AMDABAD-I,"doi:10.7910/DVN/ZHF9WC datafile 10396541 (r3-all-2013.csv.gz, md5 e6950bd317dabe3b41bf7738c248e7ee)"
2013,PURBA MEDINIPUR,NANDIGRAM-II,AMDABAD-II,"doi:10.7910/DVN/ZHF9WC datafile 10396541 (r3-all-2013.csv.gz, md5 e6950bd317dabe3b41bf7738c248e7ee)"
2013,PURBA MEDINIPUR,NANDIGRAM-II,BIRULIA,"doi:10.7910/DVN/ZHF9WC datafile 10396541 (r3-all-2013.csv.gz, md5 e6950bd317dabe3b41bf7738c248e7ee)"
2013,PURBA MEDINIPUR,NANDIGRAM-II,BOYAL-I,"doi:10.7910/DVN/ZHF9WC datafile 10396541 (r3-all-2013.csv.gz, md5 e6950bd317dabe3b41bf7738c248e7ee)"
2013,PURBA MEDINIPUR,NANDIGRAM-II,BOYAL-II,"doi:10.7910/DVN/ZHF9WC datafile 10396541 (r3-all-2013.csv.gz, md5 e6950bd317dabe3b41bf7738c248e7ee)"
2013,PURBA MEDINIPUR,NANDIGRAM-II,KHODAMBARI-I,"doi:10.7910/DVN/ZHF9WC datafile 10396541 (r3-all-2013.csv.gz, md5 e6950bd317dabe3b41bf7738c248e7ee)"
2013,PURBA MEDINIPUR,NANDIGRAM-II,KHODAMBARI-II,"doi:10.7910/DVN/ZHF9WC datafile 10396541 (r3-all-2013.csv.gz, md5 e6950bd317dabe3b41bf7738c248e7ee)"
2013,BIRBHUM,NANOOR,BARASAOTA,"doi:10.7910/DVN/ZHF9WC datafile 10396541 (r3-all-2013.csv.gz, md5 e6950bd317dabe3b41bf7738c248e7ee)"
2013,BIRBHUM,NANOOR,CHANDIDASNANOOR,"doi:10.7910/DVN/ZHF9WC datafile 10396541 (r3-all-2013.csv.gz, md5 e6950bd317dabe3b41bf7738c248e7ee)"
2013,BIRBHUM,NANOOR,CHARKALGRAM,"doi:10.7910/DVN/ZHF9WC datafile 10396541 (r3-all-2013.csv.gz, md5 e6950bd317dabe3b41bf7738c248e7ee)"
2013,BIRBHUM,NANOOR,DASKALGRAM-KAREYA-I,"doi:10.7910/DVN/ZHF9WC datafile 10396541 (r3-all-2013.csv.gz, md5 e6950bd317dabe3b41bf7738c248e7ee)"
2013,BIRBHUM,NANOOR,DASKALGRAM-KAREYA-II,"doi:10.7910/DVN/ZHF9WC datafile 10396541 (r3-all-2013.csv.gz, md5 e6950bd317dabe3b41bf7738c248e7ee)"
2013,BIRBHUM,NANOOR,JALUNDI,"doi:10.7910/DVN/ZHF9WC datafile 10396541 (r3-all-2013.csv.gz, md5 e6950bd317dabe3b41bf7738c248e7ee)"
2013,BIRBHUM,NANOOR,KIRNAHAR-I,"doi:10.7910/DVN/ZHF9WC datafile 10396541 (r3-all-2013.csv.gz, md5 e6950bd317dabe3b41bf7738c248e7ee)"
2013,BIRBHUM,NANOOR,KIRNAHAR-II,"doi:10.7910/DVN/ZHF9WC datafile 10396541 (r3-all-2013.csv.gz, md5 e6950bd317dabe3b41bf7738c248e7ee)"
2013,BIRBHUM,NANOOR,NAWANAGAR-KADDA,"doi:10.7910/DVN/ZHF9WC datafile 10396541 (r3-all-2013.csv.gz, md5 e6950bd317dabe3b41bf7738c248e7ee)"
2013,BIRBHUM,NANOOR,THUPSARA,"doi:10.7910/DVN/ZHF9WC datafile 10396541 (r3-all-2013.csv.gz, md5 e6950bd317dabe3b41bf7738c248e7ee)"
2013,BIRBHUM,NANOOR,UCHKARAN,"doi:10.7910/DVN/ZHF9WC datafile 10396541 (r3-all-2013.csv.gz, md5 e6950bd317dabe3b41bf7738c248e7ee)"
2013,PASCHIM MEDINIPUR,NARAYANGARH,BAKHRABAD,"doi:10.7910/DVN/ZHF9WC datafile 10396541 (r3-all-2013.csv.gz, md5 e6950bd317dabe3b41bf7738c248e7ee)"
2013,PASCHIM MEDINIPUR,NARAYANGARH,BELDA-I,"doi:10.7910/DVN/ZHF9WC datafile 10396541 (r3-all-2013.csv.gz, md5 e6950bd317dabe3b41bf7738c248e7ee)"
2013,PASCHIM MEDINIPUR,NARAYANGARH,BELDA-II,"doi:10.7910/DVN/ZHF9WC datafile 10396541 (r3-all-2013.csv.gz, md5 e6950bd317dabe3b41bf7738c248e7ee)"
2013,PASCHIM MEDINIPUR,NARAYANGARH,GRAMRAJ,"doi:10.7910/DVN/ZHF9WC datafile 10396541 (r3-all-2013.csv.gz, md5 e6950bd317dabe3b41bf7738c248e7ee)"
2013,PASCHIM MEDINIPUR,NARAYANGARH,HEMCHANDRA,"doi:10.7910/DVN/ZHF9WC datafile 10396541 (r3-all-2013.csv.gz, md5 e6950bd317dabe3b41bf7738c248e7ee)"
2013,PASCHIM MEDINIPUR,NARAYANGARH,KASHIPUR,"doi:10.7910/DVN/ZHF9WC datafile 10396541 (r3-all-2013.csv.gz, md5 e6950bd317dabe3b41bf7738c248e7ee)"
2013,PASCHIM MEDINIPUR,NARAYANGARH,KHURSI,"doi:10.7910/DVN/ZHF9WC datafile 10396541 (r3-all-2013.csv.gz, md5 e6950bd317dabe3b41bf7738c248e7ee)"
2013,PASCHIM MEDINIPUR,NARAYANGARH,KUNARPUR,"doi:10.7910/DVN/ZHF9WC datafile 10396541 (r3-all-2013.csv.gz, md5 e6950bd317dabe3b41bf7738c248e7ee)"
2013,PASCHIM MEDINIPUR,NARAYANGARH,KUSHBASAN,"doi:10.7910/DVN/ZHF9WC datafile 10396541 (r3-all-2013.csv.gz, md5 e6950bd317dabe3b41bf7738c248e7ee)"
2013,PASCHIM MEDINIPUR,NARAYANGARH,MANYA,"doi:10.7910/DVN/ZHF9WC datafile 10396541 (r3-all-2013.csv.gz, md5 e6950bd317dabe3b41bf7738c248e7ee)"
2013,PASCHIM MEDINIPUR,NARAYANGARH,MOKRAMPUR,"doi:10.7910/DVN/ZHF9WC datafile 10396541 (r3-all-2013.csv.gz, md5 e6950bd317dabe3b41bf7738c248e7ee)"
2013,PASCHIM MEDINIPUR,NARAYANGARH,NARAYANGARH,"doi:10.7910/DVN/ZHF9WC datafile 10396541 (r3-all-2013.csv.gz, md5 e6950bd317dabe3b41bf7738c248e7ee)"
2013,PASCHIM MEDINIPUR,NARAYANGARH,NARMA,"doi:10.7910/DVN/ZHF9WC datafile 10396541 (r3-all-2013.csv.gz, md5 e6950bd317dabe3b41bf7738c248e7ee)"
2013,PASCHIM MEDINIPUR,NARAYANGARH,PAKURSENI,"doi:10.7910/DVN/ZHF9WC datafile 10396541 (r3-all-2013.csv.gz, md5 e6950bd317dabe3b41bf7738c248e7ee)"
2013,PASCHIM MEDINIPUR,NARAYANGARH,RANISARAI,"doi:10.7910/DVN/ZHF9WC datafile 10396541 (r3-all-2013.csv.gz, md5 e6950bd317dabe3b41bf7738c248e7ee)"
2013,PASCHIM MEDINIPUR,NARAYANGARH,TUTRANGA,"doi:10.7910/DVN/ZHF9WC datafile 10396541 (r3-all-2013.csv.gz, md5 e6950bd317dabe3b41bf7738c248e7ee)"
2013,MURSHIDABAD,NAWDA,BALI-I,"doi:10.7910/DVN/ZHF9WC datafile 10396541 (r3-all-2013.csv.gz, md5 e6950bd317dabe3b41bf7738c248e7ee)"
2013,MURSHIDABAD,NAWDA,BALI-II,"doi:10.7910/DVN/ZHF9WC datafile 10396541 (r3-all-2013.csv.gz, md5 e6950bd317dabe3b41bf7738c248e7ee)"
2013,MURSHIDABAD,NAWDA,CHANDPUR,"doi:10.7910/DVN/ZHF9WC datafile 10396541 (r3-all-2013.csv.gz, md5 e6950bd317dabe3b41bf7738c248e7ee)"
2013,MURSHIDABAD,NAWDA,KEDARCHANDPUR-I,"doi:10.7910/DVN/ZHF9WC datafile 10396541 (r3-all-2013.csv.gz, md5 e6950bd317dabe3b41bf7738c248e7ee)"
2013,MURSHIDABAD,NAWDA,KEDARCHANDPUR-II,"doi:10.7910/DVN/ZHF9WC datafile 10396541 (r3-all-2013.csv.gz, md5 e6950bd317dabe3b41bf7738c248e7ee)"
2013,MURSHIDABAD,NAWDA,MADHUPUR,"doi:10.7910/DVN/ZHF9WC datafile 10396541 (r3-all-2013.csv.gz, md5 e6950bd317dabe3b41bf7738c248e7ee)"
2013,MURSHIDABAD,NAWDA,NAODA,"doi:10.7910/DVN/ZHF9WC datafile 10396541 (r3-all-2013.csv.gz, md5 e6950bd317dabe3b41bf7738c248e7ee)"
2013,MURSHIDABAD,NAWDA,PATIKABARI,"doi:10.7910/DVN/ZHF9WC datafile 10396541 (r3-all-2013.csv.gz, md5 e6950bd317dabe3b41bf7738c248e7ee)"
2013,MURSHIDABAD,NAWDA,RAIPUR,"doi:10.7910/DVN/ZHF9WC datafile 10396541 (r3-all-2013.csv.gz, md5 e6950bd317dabe3b41bf7738c248e7ee)"
2013,MURSHIDABAD,NAWDA,SARANGPUR,"doi:10.7910/DVN/ZHF9WC datafile 10396541 (r3-all-2013.csv.gz, md5 e6950bd317dabe3b41bf7738c248e7ee)"
2013,PASCHIM MEDINIPUR,NAYAGRAM,ARA,"doi:10.7910/DVN/ZHF9WC datafile 10396541 (r3-all-2013.csv.gz, md5 e6950bd317dabe3b41bf7738c248e7ee)"
2013,PASCHIM MEDINIPUR,NAYAGRAM,BALIGERIA,"doi:10.7910/DVN/ZHF9WC datafile 10396541 (r3-all-2013.csv.gz, md5 e6950bd317dabe3b41bf7738c248e7ee)"
2013,PASCHIM MEDINIPUR,NAYAGRAM,BARAKHAKRI,"doi:10.7910/DVN/ZHF9WC datafile 10396541 (r3-all-2013.csv.gz, md5 e6950bd317dabe3b41bf7738c248e7ee)"
2013,PASCHIM MEDINIPUR,NAYAGRAM,BARANEGUI,"doi:10.7910/DVN/ZHF9WC datafile 10396541 (r3-all-2013.csv.gz, md5 e6950bd317dabe3b41bf7738c248e7ee)"
2013,PASCHIM MEDINIPUR,NAYAGRAM,BERAJAL,"doi:10.7910/DVN/ZHF9WC datafile 10396541 (r3-all-2013.csv.gz, md5 e6950bd317dabe3b41bf7738c248e7ee)"
2013,PASCHIM MEDINIPUR,NAYAGRAM,CHANDABILLA,"doi:10.7910/DVN/ZHF9WC datafile 10396541 (r3-all-2013.csv.gz, md5 e6950bd317dabe3b41bf7738c248e7ee)"
2013,PASCHIM MEDINIPUR,NAYAGRAM,CHANDRAREKHA,"doi:10.7910/DVN/ZHF9WC datafile 10396541 (r3-all-2013.csv.gz, md5 e6950bd317dabe3b41bf7738c248e7ee)"
2013,PASCHIM MEDINIPUR,NAYAGRAM,JAMIRAPAL,"doi:10.7910/DVN/ZHF9WC datafile 10396541 (r3-all-2013.csv.gz, md5 e6950bd317dabe3b41bf7738c248e7ee)"
2013,PASCHIM MEDINIPUR,NAYAGRAM,KHARIKAMATHANI,"doi:10.7910/DVN/ZHF9WC datafile 10396541 (r3-all-2013.csv.gz, md5 e6950bd317dabe3b41bf7738c248e7ee)"
2013,PASCHIM MEDINIPUR,NAYAGRAM,MALAM,"doi:10.7910/DVN/ZHF9WC datafile 10396541 (r3-all-2013.csv.gz, md5 e6950bd317dabe3b41bf7738c248e7ee)"
2013,PASCHIM MEDINIPUR,NAYAGRAM,NAYAGRAM,"doi:10.7910/DVN/ZHF9WC datafile 10396541 (r3-all-2013.csv.gz, md5 e6950bd317dabe3b41bf7738c248e7ee)"
2013,PASCHIM MEDINIPUR,NAYAGRAM,PATINA,"doi:10.7910/DVN/ZHF9WC datafile 10396541 (r3-all-2013.csv.gz, md5 e6950bd317dabe3b41bf7738c248e7ee)"
2013,PURULIA,NETURIA,BHAMURIA,"doi:10.7910/DVN/ZHF9WC datafile 10396541 (r3-all-2013.csv.gz, md5 e6950bd317dabe3b41bf7738c248e7ee)"
2013,PURULIA,NETURIA,DIGHA,"doi:10.7910/DVN/ZHF9WC datafile 10396541 (r3-all-2013.csv.gz, md5 e6950bd317dabe3b41bf7738c248e7ee)"
2013,PURULIA,NETURIA,GUNIARA,"doi:10.7910/DVN/ZHF9WC datafile 10396541 (r3-all-2013.csv.gz, md5 e6950bd317dabe3b41bf7738c248e7ee)"
2013,PURULIA,NETURIA,JANARDANDIH,"doi:10.7910/DVN/ZHF9WC datafile 10396541 (r3-all-2013.csv.gz, md5 e6950bd317dabe3b41bf7738c248e7ee)"
2013,PURULIA,NETURIA,RAIBANDH,"doi:10.7910/DVN/ZHF9WC datafile 10396541 (r3-all-2013.csv.gz, md5 e6950bd317dabe3b41bf7738c248e7ee)"
2013,PURULIA,NETURIA,SALTORE,"doi:10.7910/DVN/ZHF9WC datafile 10396541 (r3-all-2013.csv.gz, md5 e6950bd317dabe3b41bf7738c248e7ee)"
2013,PURULIA,NETURIA,SARBARI,"doi:10.7910/DVN/ZHF9WC datafile 10396541 (r3-all-2013.csv.gz, md5 e6950bd317dabe3b41bf7738c248e7ee)"
2013,SILIGURI MAHAKUMA PARISAD,Naxalbari,Gossainpur,"doi:10.7910/DVN/ZHF9WC datafile 10396541 (r3-all-2013.csv.gz, md5 e6950bd317dabe3b41bf7738c248e7ee)"
2013,SILIGURI MAHAKUMA PARISAD,Naxalbari,Hatighisa,"doi:10.7910/DVN/ZHF9WC datafile 10396541 (r3-all-2013.csv.gz, md5 e6950bd317dabe3b41bf7738c248e7ee)"
2013,SILIGURI MAHAKUMA PARISAD,Naxalbari,Lower Bagdogra,"doi:10.7910/DVN/ZHF9WC datafile 10396541 (r3-all-2013.csv.gz, md5 e6950bd317dabe3b41bf7738c248e7ee)"
2013,SILIGURI MAHAKUMA PARISAD,Naxalbari,Moniram,"doi:10.7910/DVN/ZHF9WC datafile 10396541 (r3-all-2013.csv.gz, md5 e6950bd317dabe3b41bf7738c248e7ee)"
2013,SILIGURI MAHAKUMA PARISAD,Naxalbari,Naxalbari,"doi:10.7910/DVN/ZHF9WC datafile 10396541 (r3-all-2013.csv.gz, md5 e6950bd317dabe3b41bf7738c248e7ee)"
2013,SILIGURI MAHAKUMA PARISAD,Naxalbari,Upper Bagdogra,"doi:10.7910/DVN/ZHF9WC datafile 10396541 (r3-all-2013.csv.gz, md5 e6950bd317dabe3b41bf7738c248e7ee)"
2013,MALDAH,OLD MALDA,BHABUK,"doi:10.7910/DVN/ZHF9WC datafile 10396541 (r3-all-2013.csv.gz, md5 e6950bd317dabe3b41bf7738c248e7ee)"
2013,MALDAH,OLD MALDA,JATRADANGA,"doi:10.7910/DVN/ZHF9WC datafile 10396541 (r3-all-2013.csv.gz, md5 e6950bd317dabe3b41bf7738c248e7ee)"
2013,MALDAH,OLD MALDA,MAHISBATHANI,"doi:10.7910/DVN/ZHF9WC datafile 10396541 (r3-all-2013.csv.gz, md5 e6950bd317dabe3b41bf7738c248e7ee)"
2013,MALDAH,OLD MALDA,MANGALBARI,"doi:10.7910/DVN/ZHF9WC datafile 10396541 (r3-all-2013.csv.gz, md5 e6950bd317dabe3b41bf7738c248e7ee)"
2013,MALDAH,OLD MALDA,MUCHIA,"doi:10.7910/DVN/ZHF9WC datafile 10396541 (r3-all-2013.csv.gz, md5 e6950bd317dabe3b41bf7738c248e7ee)"
2013,MALDAH,OLD MALDA,SAHAPUR,"doi:10.7910/DVN/ZHF9WC datafile 10396541 (r3-all-2013.csv.gz, md5 e6950bd317dabe3b41bf7738c248e7ee)"
2013,BANKURA,ONDA,CHINGANI,"doi:10.7910/DVN/ZHF9WC datafile 10396541 (r3-all-2013.csv.gz, md5 e6950bd317dabe3b41bf7738c248e7ee)"
2013,BANKURA,ONDA,CHURAMONIPUR,"doi:10.7910/DVN/ZHF9WC datafile 10396541 (r3-all-2013.csv.gz, md5 e6950bd317dabe3b41bf7738c248e7ee)"
2013,BANKURA,ONDA,KALYANI,"doi:10.7910/DVN/ZHF9WC datafile 10396541 (r3-all-2013.csv.gz, md5 e6950bd317dabe3b41bf7738c248e7ee)"
2013,BANKURA,ONDA,KANTABARI,"doi:10.7910/DVN/ZHF9WC datafile 10396541 (r3-all-2013.csv.gz, md5 e6950bd317dabe3b41bf7738c248e7ee)"
2013,BANKURA,ONDA,LODNA,"doi:10.7910/DVN/ZHF9WC datafile 10396541 (r3-all-2013.csv.gz, md5 e6950bd317dabe3b41bf7738c248e7ee)"
2013,BANKURA,ONDA,MAJDIHA,"doi:10.7910/DVN/ZHF9WC datafile 10396541 (r3-all-2013.csv.gz, md5 e6950bd317dabe3b41bf7738c248e7ee)"
2013,BANKURA,ONDA,MEDINIPUR,"doi:10.7910/DVN/ZHF9WC datafile 10396541 (r3-all-2013.csv.gz, md5 e6950bd317dabe3b41bf7738c248e7ee)"
2013,BANKURA,ONDA,NAKAIJURI,"doi:10.7910/DVN/ZHF9WC datafile 10396541 (r3-all-2013.csv.gz, md5 e6950bd317dabe3b41bf7738c248e7ee)"
2013,BANKURA,ONDA,NIKUNJAPUR,"doi:10.7910/DVN/ZHF9WC datafile 10396541 (r3-all-2013.csv.gz, md5 e6950bd317dabe3b41bf7738c248e7ee)"
2013,BANKURA,ONDA,ONDA-I,"doi:10.7910/DVN/ZHF9WC datafile 10396541 (r3-all-2013.csv.gz, md5 e6950bd317dabe3b41bf7738c248e7ee)"
2013,BANKURA,ONDA,ONDA-II,"doi:10.7910/DVN/ZHF9WC datafile 10396541 (r3-all-2013.csv.gz, md5 e6950bd317dabe3b41bf7738c248e7ee)"
2013,BANKURA,ONDA,PUNISOLE,"doi:10.7910/DVN/ZHF9WC datafile 10396541 (r3-all-2013.csv.gz, md5 e6950bd317dabe3b41bf7738c248e7ee)"
2013,BANKURA,ONDA,RAMSAGAR,"doi:10.7910/DVN/ZHF9WC datafile 10396541 (r3-all-2013.csv.gz, md5 e6950bd317dabe3b41bf7738c248e7ee)"
2013,BANKURA,ONDA,RATANPUR,"doi:10.7910/DVN/ZHF9WC datafile 10396541 (r3-all-2013.csv.gz, md5 e6950bd317dabe3b41bf7738c248e7ee)"
2013,BANKURA,ONDA,SANTOR,"doi:10.7910/DVN/ZHF9WC datafile 10396541 (r3-all-2013.csv.gz, md5 e6950bd317dabe3b41bf7738c248e7ee)"
2013,HOWRAH,PANCHLA,BANHARISHPUR,"doi:10.7910/DVN/ZHF9WC datafile 10396541 (r3-all-2013.csv.gz, md5 e6950bd317dabe3b41bf7738c248e7ee)"
2013,HOWRAH,PANCHLA,BELDUBI,"doi:10.7910/DVN/ZHF9WC datafile 10396541 (r3-all-2013.csv.gz, md5 e6950bd317dabe3b41bf7738c248e7ee)"
2013,HOWRAH,PANCHLA,BIKIHAKOLA,"doi:10.7910/DVN/ZHF9WC datafile 10396541 (r3-all-2013.csv.gz, md5 e6950bd317dabe3b41bf7738c248e7ee)"
2013,HOWRAH,PANCHLA,CHARA-PANCHLA,"doi:10.7910/DVN/ZHF9WC datafile 10396541 (r3-all-2013.csv.gz, md5 e6950bd317dabe3b41bf7738c248e7ee)"
2013,HOWRAH,PANCHLA,DEULPUR,"doi:10.7910/DVN/ZHF9WC datafile 10396541 (r3-all-2013.csv.gz, md5 e6950bd317dabe3b41bf7738c248e7ee)"
2013,HOWRAH,PANCHLA,GANGADHARPUR,"doi:10.7910/DVN/ZHF9WC datafile 10396541 (r3-all-2013.csv.gz, md5 e6950bd317dabe3b41bf7738c248e7ee)"
2013,HOWRAH,PANCHLA,JALABISWANATHPUR,"doi:10.7910/DVN/ZHF9WC datafile 10396541 (r3-all-2013.csv.gz, md5 e6950bd317dabe3b41bf7738c248e7ee)"
2013,HOWRAH,PANCHLA,JUJARSAHA,"doi:10.7910/DVN/ZHF9WC datafile 10396541 (r3-all-2013.csv.gz, md5 e6950bd317dabe3b41bf7738c248e7ee)"
2013,HOWRAH,PANCHLA,PANCHLA,"doi:10.7910/DVN/ZHF9WC datafile 10396541 (r3-all-2013.csv.gz, md5 e6950bd317dabe3b41bf7738c248e7ee)"
2013,HOWRAH,PANCHLA,SAHAPUR,"doi:10.7910/DVN/ZHF9WC datafile 10396541 (r3-all-2013.csv.gz, md5 e6950bd317dabe3b41bf7738c248e7ee)"
2013,HOWRAH,PANCHLA,SUVARARA,"doi:10.7910/DVN/ZHF9WC datafile 10396541 (r3-all-2013.csv.gz, md5 e6950bd317dabe3b41bf7738c248e7ee)"
2013,PASCHIM BARDHAMAN,PANDABESHWAR,BAHULA,"doi:10.7910/DVN/ZHF9WC datafile 10396541 (r3-all-2013.csv.gz, md5 e6950bd317dabe3b41bf7738c248e7ee)"
2013,PASCHIM BARDHAMAN,PANDABESHWAR,BAIDYANATHPUR,"doi:10.7910/DVN/ZHF9WC datafile 10396541 (r3-all-2013.csv.gz, md5 e6950bd317dabe3b41bf7738c248e7ee)"
2013,PASCHIM BARDHAMAN,PANDABESHWAR,CHHORA,"doi:10.7910/DVN/ZHF9WC datafile 10396541 (r3-all-2013.csv.gz, md5 e6950bd317dabe3b41bf7738c248e7ee)"
2013,PASCHIM BARDHAMAN,PANDABESHWAR,HARIPUR,"doi:10.7910/DVN/ZHF9WC datafile 10396541 (r3-all-2013.csv.gz, md5 e6950bd317dabe3b41bf7738c248e7ee)"
2013,PASCHIM BARDHAMAN,PANDABESHWAR,KENDRA,"doi:10.7910/DVN/ZHF9WC datafile 10396541 (r3-all-2013.csv.gz, md5 e6950bd317dabe3b41bf7738c248e7ee)"
2013,PASCHIM BARDHAMAN,PANDABESHWAR,NABAGRAM,"doi:10.7910/DVN/ZHF9WC datafile 10396541 (r3-all-2013.csv.gz, md5 e6950bd317dabe3b41bf7738c248e7ee)"
2013,HOOGHLY,PANDUA,BANTIKABAINCHI,"doi:10.7910/DVN/ZHF9WC datafile 10396541 (r3-all-2013.csv.gz, md5 e6950bd317dabe3b41bf7738c248e7ee)"
2013,HOOGHLY,PANDUA,BELOONDHAMASIN,"doi:10.7910/DVN/ZHF9WC datafile 10396541 (r3-all-2013.csv.gz, md5 e6950bd317dabe3b41bf7738c248e7ee)"
2013,HOOGHLY,PANDUA,BERELAKONCHMALI,"doi:10.7910/DVN/ZHF9WC datafile 10396541 (r3-all-2013.csv.gz, md5 e6950bd317dabe3b41bf7738c248e7ee)"
2013,HOOGHLY,PANDUA,HARALDASPUR,"doi:10.7910/DVN/ZHF9WC datafile 10396541 (r3-all-2013.csv.gz, md5 e6950bd317dabe3b41bf7738c248e7ee)"
2013,HOOGHLY,PANDUA,ITACHUNAKHANYAN,"doi:10.7910/DVN/ZHF9WC datafile 10396541 (r3-all-2013.csv.gz, md5 e6950bd317dabe3b41bf7738c248e7ee)"
2013,HOOGHLY,PANDUA,JAMNA,"doi:10.7910/DVN/ZHF9WC datafile 10396541 (r3-all-2013.csv.gz, md5 e6950bd317dabe3b41bf7738c248e7ee)"
2013,HOOGHLY,PANDUA,JAMNAGARMONDALAII,"doi:10.7910/DVN/ZHF9WC datafile 10396541 (r3-all-2013.csv.gz, md5 e6950bd317dabe3b41bf7738c248e7ee)"
2013,HOOGHLY,PANDUA,JAYERDWARBASINI,"doi:10.7910/DVN/ZHF9WC datafile 10396541 (r3-all-2013.csv.gz, md5 e6950bd317dabe3b41bf7738c248e7ee)"
2013,HOOGHLY,PANDUA,KSHIRKUNDI-NAMAJGRAM-NIYASA,"doi:10.7910/DVN/ZHF9WC datafile 10396541 (r3-all-2013.csv.gz, md5 e6950bd317dabe3b41bf7738c248e7ee)"
2013,HOOGHLY,PANDUA,LCHHOBADASPUR,"doi:10.7910/DVN/ZHF9WC datafile 10396541 (r3-all-2013.csv.gz, md5 e6950bd317dabe3b41bf7738c248e7ee)"
2013,HOOGHLY,PANDUA,PANCHAGARA-TOREGRAM,"doi:10.7910/DVN/ZHF9WC datafile 10396541 (r3-all-2013.csv.gz, md5 e6950bd317dabe3b41bf7738c248e7ee)"
2013,HOOGHLY,PANDUA,PANDUA,"doi:10.7910/DVN/ZHF9WC datafile 10396541 (r3-all-2013.csv.gz, md5 e6950bd317dabe3b41bf7738c248e7ee)"
2013,HOOGHLY,PANDUA,RAMESWARPUR-GOPALNAGAR,"doi:10.7910/DVN/ZHF9WC datafile 10396541 (r3-all-2013.csv.gz, md5 e6950bd317dabe3b41bf7738c248e7ee)"
2013,HOOGHLY,PANDUA,SARAI-TINNA,"doi:10.7910/DVN/ZHF9WC datafile 10396541 (r3-all-2013.csv.gz, md5 e6950bd317dabe3b41bf7738c248e7ee)"
2013,HOOGHLY,PANDUA,SHIKHIRACHANPTA,"doi:10.7910/DVN/ZHF9WC datafile 10396541 (r3-all-2013.csv.gz, md5 e6950bd317dabe3b41bf7738c248e7ee)"
2013,HOOGHLY,PANDUA,SIMLAGARHVITASIN,"doi:10.7910/DVN/ZHF9WC datafile 10396541 (r3-all-2013.csv.gz, md5 e6950bd317dabe3b41bf7738c248e7ee)"
2013,PURBA MEDINIPUR,PANSKURA-I,CHAITANYAPUR-I,"doi:10.7910/DVN/ZHF9WC datafile 10396541 (r3-all-2013.csv.gz, md5 e6950bd317dabe3b41bf7738c248e7ee)"
2013,PURBA MEDINIPUR,PANSKURA-I,CHAITANYAPUR-II,"doi:10.7910/DVN/ZHF9WC datafile 10396541 (r3-all-2013.csv.gz, md5 e6950bd317dabe3b41bf7738c248e7ee)"
2013,PURBA MEDINIPUR,PANSKURA-I,GHOSHPUR,"doi:10.7910/DVN/ZHF9WC datafile 10396541 (r3-all-2013.csv.gz, md5 e6950bd317dabe3b41bf7738c248e7ee)"
2013,PURBA MEDINIPUR,PANSKURA-I,GOBINDANAGAR,"doi:10.7910/DVN/ZHF9WC datafile 10396541 (r3-all-2013.csv.gz, md5 e6950bd317dabe3b41bf7738c248e7ee)"
2013,PURBA MEDINIPUR,PANSKURA-I,HAUR,"doi:10.7910/DVN/ZHF9WC datafile 10396541 (r3-all-2013.csv.gz, md5 e6950bd317dabe3b41bf7738c248e7ee)"
2013,PURBA MEDINIPUR,PANSKURA-I,KESHAPAT,"doi:10.7910/DVN/ZHF9WC datafile 10396541 (r3-all-2013.csv.gz, md5 e6950bd317dabe3b41bf7738c248e7ee)"
2013,PURBA MEDINIPUR,PANSKURA-I,KHANDAKHOLA,"doi:10.7910/DVN/ZHF9WC datafile 10396541 (r3-all-2013.csv.gz, md5 e6950bd317dabe3b41bf7738c248e7ee)"
2013,PURBA MEDINIPUR,PANSKURA-I,MYSORA,"doi:10.7910/DVN/ZHF9WC datafile 10396541 (r3-all-2013.csv.gz, md5 e6950bd317dabe3b41bf7738c248e7ee)"
2013,PURBA MEDINIPUR,PANSKURA-I,PANSKURA-I,"doi:10.7910/DVN/ZHF9WC datafile 10396541 (r3-all-2013.csv.gz, md5 e6950bd317dabe3b41bf7738c248e7ee)"
2013,PURBA MEDINIPUR,PANSKURA-I,PRATAPPUR-I,"doi:10.7910/DVN/ZHF9WC datafile 10396541 (r3-all-2013.csv.gz, md5 e6950bd317dabe3b41bf7738c248e7ee)"
2013,PURBA MEDINIPUR,PANSKURA-I,PRATAPPUR-II,"doi:10.7910/DVN/ZHF9WC datafile 10396541 (r3-all-2013.csv.gz, md5 e6950bd317dabe3b41bf7738c248e7ee)"
2013,PURBA MEDINIPUR,PANSKURA-I,PURUSOTTAMPUR,"doi:10.7910/DVN/ZHF9WC datafile 10396541 (r3-all-2013.csv.gz, md5 e6950bd317dabe3b41bf7738c248e7ee)"
2013,PURBA MEDINIPUR,PANSKURA-I,RADHABALLAVCHAK,"doi:10.7910/DVN/ZHF9WC datafile 10396541 (r3-all-2013.csv.gz, md5 e6950bd317dabe3b41bf7738c248e7ee)"
2013,PURBA MEDINIPUR,PANSKURA-I,RAGHUNATHBARI,"doi:10.7910/DVN/ZHF9WC datafile 10396541 (r3-all-2013.csv.gz, md5 e6950bd317dabe3b41bf7738c248e7ee)"
2013,PURULIA,PARA,ANARA,"doi:10.7910/DVN/ZHF9WC datafile 10396541 (r3-all-2013.csv.gz, md5 e6950bd317dabe3b41bf7738c248e7ee)"
2013,PURULIA,PARA,BAHARA,"doi:10.7910/DVN/ZHF9WC datafile 10396541 (r3-all-2013.csv.gz, md5 e6950bd317dabe3b41bf7738c248e7ee)"
2013,PURULIA,PARA,BOWRIDIH,"doi:10.7910/DVN/ZHF9WC datafile 10396541 (r3-all-2013.csv.gz, md5 e6950bd317dabe3b41bf7738c248e7ee)"
2013,PURULIA,PARA,DEOLI,"doi:10.7910/DVN/ZHF9WC datafile 10396541 (r3-all-2013.csv.gz, md5 e6950bd317dabe3b41bf7738c248e7ee)"
2013,PURULIA,PARA,DUBRA,"doi:10.7910/DVN/ZHF9WC datafile 10396541 (r3-all-2013.csv.gz, md5 e6950bd317dabe3b41bf7738c248e7ee)"
2013,PURULIA,PARA,JABARRAH-JHAPRA-I,"doi:10.7910/DVN/ZHF9WC datafile 10396541 (r3-all-2013.csv.gz, md5 e6950bd317dabe3b41bf7738c248e7ee)"
2013,PURULIA,PARA,JABARRAH-JHAPRA-II,"doi:10.7910/DVN/ZHF9WC datafile 10396541 (r3-all-2013.csv.gz, md5 e6950bd317dabe3b41bf7738c248e7ee)"
2013,PURULIA,PARA,NADIHASURULIA,"doi:10.7910/DVN/ZHF9WC datafile 10396541 (r3-all-2013.csv.gz, md5 e6950bd317dabe3b41bf7738c248e7ee)"
2013,PURULIA,PARA,PARA,"doi:10.7910/DVN/ZHF9WC datafile 10396541 (r3-all-2013.csv.gz, md5 e6950bd317dabe3b41bf7738c248e7ee)"
2013,PURULIA,PARA,UDAYPUR-JOYNAGAR,"doi:10.7910/DVN/ZHF9WC datafile 10396541 (r3-all-2013.csv.gz, md5 e6950bd317dabe3b41bf7738c248e7ee)"
2013,PURBA MEDINIPUR,PATASHPUR-I,AMARSHI-I,"doi:10.7910/DVN/ZHF9WC datafile 10396541 (r3-all-2013.csv.gz, md5 e6950bd317dabe3b41bf7738c248e7ee)"
2013,PURBA MEDINIPUR,PATASHPUR-I,AMARSHI-II,"doi:10.7910/DVN/ZHF9WC datafile 10396541 (r3-all-2013.csv.gz, md5 e6950bd317dabe3b41bf7738c248e7ee)"
2013,PURBA MEDINIPUR,PATASHPUR-I,BARAHAT,"doi:10.7910/DVN/ZHF9WC datafile 10396541 (r3-all-2013.csv.gz, md5 e6950bd317dabe3b41bf7738c248e7ee)"
2013,PURBA MEDINIPUR,PATASHPUR-I,BRAJALALPUR,"doi:10.7910/DVN/ZHF9WC datafile 10396541 (r3-all-2013.csv.gz, md5 e6950bd317dabe3b41bf7738c248e7ee)"
2013,PURBA MEDINIPUR,PATASHPUR-I,CHISTIPUR-I,"doi:10.7910/DVN/ZHF9WC datafile 10396541 (r3-all-2013.csv.gz, md5 e6950bd317dabe3b41bf7738c248e7ee)"
2013,PURBA MEDINIPUR,PATASHPUR-I,CHISTIPUR-II,"doi:10.7910/DVN/ZHF9WC datafile 10396541 (r3-all-2013.csv.gz, md5 e6950bd317dabe3b41bf7738c248e7ee)"
2013,PURBA MEDINIPUR,PATASHPUR-I,GOKULPUR,"doi:10.7910/DVN/ZHF9WC datafile 10396541 (r3-all-2013.csv.gz, md5 e6950bd317dabe3b41bf7738c248e7ee)"
2013,PURBA MEDINIPUR,PATASHPUR-I,GOPALPUR,"doi:10.7910/DVN/ZHF9WC datafile 10396541 (r3-all-2013.csv.gz, md5 e6950bd317dabe3b41bf7738c248e7ee)"
2013,PURBA MEDINIPUR,PATASHPUR-I,NAIPUR,"doi:10.7910/DVN/ZHF9WC datafile 10396541 (r3-all-2013.csv.gz, md5 e6950bd317dabe3b41bf7738c248e7ee)"
2013,PURBA MEDINIPUR,PATASHPUR-II,ARGOAL,"doi:10.7910/DVN/ZHF9WC datafile 10396541 (r3-all-2013.csv.gz, md5 e6950bd317dabe3b41bf7738c248e7ee)"
2013,PURBA MEDINIPUR,PATASHPUR-II,KHARGRAM,"doi:10.7910/DVN/ZHF9WC datafile 10396541 (r3-all-2013.csv.gz, md5 e6950bd317dabe3b41bf7738c248e7ee)"
2013,PURBA MEDINIPUR,PATASHPUR-II,MATHURA,"doi:10.7910/DVN/ZHF9WC datafile 10396541 (r3-all-2013.csv.gz, md5 e6950bd317dabe3b41bf7738c248e7ee)"
2013,PURBA MEDINIPUR,PATASHPUR-II,PANCHET,"doi:10.7910/DVN/ZHF9WC datafile 10396541 (r3-all-2013.csv.gz, md5 e6950bd317dabe3b41bf7738c248e7ee)"
2013,PURBA MEDINIPUR,PATASHPUR-II,PATASPUR,"doi:10.7910/DVN/ZHF9WC datafile 10396541 (r3-all-2013.csv.gz, md5 e6950bd317dabe3b41bf7738c248e7ee)"
2013,PURBA MEDINIPUR,PATASHPUR-II,SOUTHKHANDA,"doi:10.7910/DVN/ZHF9WC datafile 10396541 (r3-all-2013.csv.gz, md5 e6950bd317dabe3b41bf7738c248e7ee)"
2013,PURBA MEDINIPUR,PATASHPUR-II,SRIRAMPUR,"doi:10.7910/DVN/ZHF9WC datafile 10396541 (r3-all-2013.csv.gz, md5 e6950bd317dabe3b41bf7738c248e7ee)"
2013,24 PARGANAS SOUTH,PATHAR PRATIMA,ACHINTYANAGAR,"doi:10.7910/DVN/ZHF9WC datafile 10396541 (r3-all-2013.csv.gz, md5 e6950bd317dabe3b41bf7738c248e7ee)"
2013,24 PARGANAS SOUTH,PATHAR PRATIMA,BANASHYAMNAGAR,"doi:10.7910/DVN/ZHF9WC datafile 10396541 (r3-all-2013.csv.gz, md5 e6950bd317dabe3b41bf7738c248e7ee)"
2013,24 PARGANAS SOUTH,PATHAR PRATIMA,BRAJABALLAVPUR,"doi:10.7910/DVN/ZHF9WC datafile 10396541 (r3-all-2013.csv.gz, md5 e6950bd317dabe3b41bf7738c248e7ee)"
2013,24 PARGANAS SOUTH,PATHAR PRATIMA,DAKSHIN GANGADHARPUR,"doi:10.7910/DVN/ZHF9WC datafile 10396541 (r3-all-2013.csv.gz, md5 e6950bd317dabe3b41bf7738c248e7ee)"
2013,24 PARGANAS SOUTH,PATHAR PRATIMA,DAKSHIN RAIPUR,"doi:10.7910/DVN/ZHF9WC datafile 10396541 (r3-all-2013.csv.gz, md5 e6950bd317dabe3b41bf7738c248e7ee)"
2013,24 PARGANAS SOUTH,PATHAR PRATIMA,DIGAMBARPUR,"doi:10.7910/DVN/ZHF9WC datafile 10396541 (r3-all-2013.csv.gz, md5 e6950bd317dabe3b41bf7738c248e7ee)"
2013,24 PARGANAS SOUTH,PATHAR PRATIMA,DURBACHATI,"doi:10.7910/DVN/ZHF9WC datafile 10396541 (r3-all-2013.csv.gz, md5 e6950bd317dabe3b41bf7738c248e7ee)"
2013,24 PARGANAS SOUTH,PATHAR PRATIMA,G PLOT,"doi:10.7910/DVN/ZHF9WC datafile 10396541 (r3-all-2013.csv.gz, md5 e6950bd317dabe3b41bf7738c248e7ee)"
2013,24 PARGANAS SOUTH,PATHAR PRATIMA,GOPALNAGAR,"doi:10.7910/DVN/ZHF9WC datafile 10396541 (r3-all-2013.csv.gz, md5 e6950bd317dabe3b41bf7738c248e7ee)"
2013,24 PARGANAS SOUTH,PATHAR PRATIMA,HERAMBAGOPALPUR,"doi:10.7910/DVN/ZHF9WC datafile 10396541 (r3-all-2013.csv.gz, md5 e6950bd317dabe3b41bf7738c248e7ee)"
2013,24 PARGANAS SOUTH,PATHAR PRATIMA,LAKSMIJANARDANPUR,"doi:10.7910/DVN/ZHF9WC datafile 10396541 (r3-all-2013.csv.gz, md5 e6950bd317dabe3b41bf7738c248e7ee)"
2013,24 PARGANAS SOUTH,PATHAR PRATIMA,PATHARPRATIMA,"doi:10.7910/DVN/ZHF9WC datafile 10396541 (r3-all-2013.csv.gz, md5 e6950bd317dabe3b41bf7738c248e7ee)"
2013,24 PARGANAS SOUTH,PATHAR PRATIMA,RAMGANGA,"doi:10.7910/DVN/ZHF9WC datafile 10396541 (r3-all-2013.csv.gz, md5 e6950bd317dabe3b41bf7738c248e7ee)"
2013,24 PARGANAS SOUTH,PATHAR PRATIMA,SRIDHARNAGAR,"doi:10.7910/DVN/ZHF9WC datafile 10396541 (r3-all-2013.csv.gz, md5 e6950bd317dabe3b41bf7738c248e7ee)"
2013,24 PARGANAS SOUTH,PATHAR PRATIMA,SRINARAYANPUR PURNACHANDRAPUR,"doi:10.7910/DVN/ZHF9WC datafile 10396541 (r3-all-2013.csv.gz, md5 e6950bd317dabe3b41bf7738c248e7ee)"
2013,BANKURA,PATRASAYER,BALSI-I,"doi:10.7910/DVN/ZHF9WC datafile 10396541 (r3-all-2013.csv.gz, md5 e6950bd317dabe3b41bf7738c248e7ee)"
2013,BANKURA,PATRASAYER,BALSI-II,"doi:10.7910/DVN/ZHF9WC datafile 10396541 (r3-all-2013.csv.gz, md5 e6950bd317dabe3b41bf7738c248e7ee)"
2013,BANKURA,PATRASAYER,BELUT-RASULPUR,"doi:10.7910/DVN/ZHF9WC datafile 10396541 (r3-all-2013.csv.gz, md5 e6950bd317dabe3b41bf7738c248e7ee)"
2013,BANKURA,PATRASAYER,BEUR BETUR,"doi:10.7910/DVN/ZHF9WC datafile 10396541 (r3-all-2013.csv.gz, md5 e6950bd317dabe3b41bf7738c248e7ee)"
2013,BANKURA,PATRASAYER,BIRSINGHA,"doi:10.7910/DVN/ZHF9WC datafile 10396541 (r3-all-2013.csv.gz, md5 e6950bd317dabe3b41bf7738c248e7ee)"
2013,BANKURA,PATRASAYER,HAMIRPUR,"doi:10.7910/DVN/ZHF9WC datafile 10396541 (r3-all-2013.csv.gz, md5 e6950bd317dabe3b41bf7738c248e7ee)"
2013,BANKURA,PATRASAYER,JAMKURI,"doi:10.7910/DVN/ZHF9WC datafile 10396541 (r3-all-2013.csv.gz, md5 e6950bd317dabe3b41bf7738c248e7ee)"
2013,BANKURA,PATRASAYER,KUSHDWIP,"doi:10.7910/DVN/ZHF9WC datafile 10396541 (r3-all-2013.csv.gz, md5 e6950bd317dabe3b41bf7738c248e7ee)"
2013,BANKURA,PATRASAYER,NARAYANPUR,"doi:10.7910/DVN/ZHF9WC datafile 10396541 (r3-all-2013.csv.gz, md5 e6950bd317dabe3b41bf7738c248e7ee)"
2013,BANKURA,PATRASAYER,PATRASAYAR,"doi:10.7910/DVN/ZHF9WC datafile 10396541 (r3-all-2013.csv.gz, md5 e6950bd317dabe3b41bf7738c248e7ee)"
2013,PASCHIM MEDINIPUR,PINGLA,DHANESWARPUR,"doi:10.7910/DVN/ZHF9WC datafile 10396541 (r3-all-2013.csv.gz, md5 e6950bd317dabe3b41bf7738c248e7ee)"
2013,PASCHIM MEDINIPUR,PINGLA,GOBORDHANPUR,"doi:10.7910/DVN/ZHF9WC datafile 10396541 (r3-all-2013.csv.gz, md5 e6950bd317dabe3b41bf7738c248e7ee)"
2013,PASCHIM MEDINIPUR,PINGLA,JALCHAK-I,"doi:10.7910/DVN/ZHF9WC datafile 10396541 (r3-all-2013.csv.gz, md5 e6950bd317dabe3b41bf7738c248e7ee)"
2013,PASCHIM MEDINIPUR,PINGLA,JALCHAK-II,"doi:10.7910/DVN/ZHF9WC datafile 10396541 (r3-all-2013.csv.gz, md5 e6950bd317dabe3b41bf7738c248e7ee)"
2013,PASCHIM MEDINIPUR,PINGLA,JAMNA,"doi:10.7910/DVN/ZHF9WC datafile 10396541 (r3-all-2013.csv.gz, md5 e6950bd317dabe3b41bf7738c248e7ee)"
2013,PASCHIM MEDINIPUR,PINGLA,KARKAI,"doi:10.7910/DVN/ZHF9WC datafile 10396541 (r3-all-2013.csv.gz, md5 e6950bd317dabe3b41bf7738c248e7ee)"
2013,PASCHIM MEDINIPUR,PINGLA,KSHIRAI,"doi:10.7910/DVN/ZHF9WC datafile 10396541 (r3-all-2013.csv.gz, md5 e6950bd317dabe3b41bf7738c248e7ee)"
2013,PASCHIM MEDINIPUR,PINGLA,KUSUMDA,"doi:10.7910/DVN/ZHF9WC datafile 10396541 (r3-all-2013.csv.gz, md5 e6950bd317dabe3b41bf7738c248e7ee)"
2013,PASCHIM MEDINIPUR,PINGLA,MALIGRAM,"doi:10.7910/DVN/ZHF9WC datafile 10396541 (r3-all-2013.csv.gz, md5 e6950bd317dabe3b41bf7738c248e7ee)"
2013,PASCHIM MEDINIPUR,PINGLA,PINDURUI,"doi:10.7910/DVN/ZHF9WC datafile 10396541 (r3-all-2013.csv.gz, md5 e6950bd317dabe3b41bf7738c248e7ee)"
2013,HOOGHLY,POLBA-DADPUR,AKHNA,"doi:10.7910/DVN/ZHF9WC datafile 10396541 (r3-all-2013.csv.gz, md5 e6950bd317dabe3b41bf7738c248e7ee)"
2013,HOOGHLY,POLBA-DADPUR,AMNAN,"doi:10.7910/DVN/ZHF9WC datafile 10396541 (r3-all-2013.csv.gz, md5 e6950bd317dabe3b41bf7738c248e7ee)"
2013,HOOGHLY,POLBA-DADPUR,BABNAN,"doi:10.7910/DVN/ZHF9WC datafile 10396541 (r3-all-2013.csv.gz, md5 e6950bd317dabe3b41bf7738c248e7ee)"
2013,HOOGHLY,POLBA-DADPUR,DADPUR,"doi:10.7910/DVN/ZHF9WC datafile 10396541 (r3-all-2013.csv.gz, md5 e6950bd317dabe3b41bf7738c248e7ee)"
2013,HOOGHLY,POLBA-DADPUR,GOSWAMIMALIPARA,"doi:10.7910/DVN/ZHF9WC datafile 10396541 (r3-all-2013.csv.gz, md5 e6950bd317dabe3b41bf7738c248e7ee)"
2013,HOOGHLY,POLBA-DADPUR,HARIT,"doi:10.7910/DVN/ZHF9WC datafile 10396541 (r3-all-2013.csv.gz, md5 e6950bd317dabe3b41bf7738c248e7ee)"
2013,HOOGHLY,POLBA-DADPUR,MAHANAD,"doi:10.7910/DVN/ZHF9WC datafile 10396541 (r3-all-2013.csv.gz, md5 e6950bd317dabe3b41bf7738c248e7ee)"
2013,HOOGHLY,POLBA-DADPUR,MAKALPUR,"doi:10.7910/DVN/ZHF9WC datafile 10396541 (r3-all-2013.csv.gz, md5 e6950bd317dabe3b41bf7738c248e7ee)"
2013,HOOGHLY,POLBA-DADPUR,POLBA,"doi:10.7910/DVN/ZHF9WC datafile 10396541 (r3-all-2013.csv.gz, md5 e6950bd317dabe3b41bf7738c248e7ee)"
2013,HOOGHLY,POLBA-DADPUR,RAJHAT,"doi:10.7910/DVN/ZHF9WC datafile 10396541 (r3-all-2013.csv.gz, md5 e6950bd317dabe3b41bf7738c248e7ee)"
2013,HOOGHLY,POLBA-DADPUR,SATITHAN,"doi:10.7910/DVN/ZHF9WC datafile 10396541 (r3-all-2013.csv.gz, md5 e6950bd317dabe3b41bf7738c248e7ee)"
2013,HOOGHLY,POLBA-DADPUR,SUGANDHA,"doi:10.7910/DVN/ZHF9WC datafile 10396541 (r3-all-2013.csv.gz, md5 e6950bd317dabe3b41bf7738c248e7ee)"
2013,PURULIA,PUNCHA,BAGDA,"doi:10.7910/DVN/ZHF9WC datafile 10396541 (r3-all-2013.csv.gz, md5 e6950bd317dabe3b41bf7738c248e7ee)"
2013,PURULIA,PUNCHA,CHANDRA,"doi:10.7910/DVN/ZHF9WC datafile 10396541 (r3-all-2013.csv.gz, md5 e6950bd317dabe3b41bf7738c248e7ee)"
2013,PURULIA,PUNCHA,CHIRUDIHI,"doi:10.7910/DVN/ZHF9WC datafile 10396541 (r3-all-2013.csv.gz, md5 e6950bd317dabe3b41bf7738c248e7ee)"
2013,PURULIA,PUNCHA,JAMBAD,"doi:10.7910/DVN/ZHF9WC datafile 10396541 (r3-all-2013.csv.gz, md5 e6950bd317dabe3b41bf7738c248e7ee)"
2013,PURULIA,PUNCHA,KENDA,"doi:10.7910/DVN/ZHF9WC datafile 10396541 (r3-all-2013.csv.gz, md5 e6950bd317dabe3b41bf7738c248e7ee)"
2013,PURULIA,PUNCHA,LAKHRA,"doi:10.7910/DVN/ZHF9WC datafile 10396541 (r3-all-2013.csv.gz, md5 e6950bd317dabe3b41bf7738c248e7ee)"
2013,PURULIA,PUNCHA,NAPARA,"doi:10.7910/DVN/ZHF9WC datafile 10396541 (r3-all-2013.csv.gz, md5 e6950bd317dabe3b41bf7738c248e7ee)"
2013,PURULIA,PUNCHA,PANIPATHAR,"doi:10.7910/DVN/ZHF9WC datafile 10396541 (r3-all-2013.csv.gz, md5 e6950bd317dabe3b41bf7738c248e7ee)"
2013,PURULIA,PUNCHA,PIRRAH,"doi:10.7910/DVN/ZHF9WC datafile 10396541 (r3-all-2013.csv.gz, md5 e6950bd317dabe3b41bf7738c248e7ee)"
2013,PURULIA,PUNCHA,PUNCHA,"doi:10.7910/DVN/ZHF9WC datafile 10396541 (r3-all-2013.csv.gz, md5 e6950bd317dabe3b41bf7738c248e7ee)"
2013,PASCHIM BARDHAMAN,PURBASTHALI-I,BOGPUR,"doi:10.7910/DVN/ZHF9WC datafile 10396541 (r3-all-2013.csv.gz, md5 e6950bd317dabe3b41bf7738c248e7ee)"
2013,PASCHIM BARDHAMAN,PURBASTHALI-I,DOGACHIA,"doi:10.7910/DVN/ZHF9WC datafile 10396541 (r3-all-2013.csv.gz, md5 e6950bd317dabe3b41bf7738c248e7ee)"
2013,PASCHIM BARDHAMAN,PURBASTHALI-I,JAHANNAGAR,"doi:10.7910/DVN/ZHF9WC datafile 10396541 (r3-all-2013.csv.gz, md5 e6950bd317dabe3b41bf7738c248e7ee)"
2013,PASCHIM BARDHAMAN,PURBASTHALI-I,NADANGHAT,"doi:10.7910/DVN/ZHF9WC datafile 10396541 (r3-all-2013.csv.gz, md5 e6950bd317dabe3b41bf7738c248e7ee)"
2013,PASCHIM BARDHAMAN,PURBASTHALI-I,NASRATPUR,"doi:10.7910/DVN/ZHF9WC datafile 10396541 (r3-all-2013.csv.gz, md5 e6950bd317dabe3b41bf7738c248e7ee)"
2013,PASCHIM BARDHAMAN,PURBASTHALI-I,SAMUDRAGARH,"doi:10.7910/DVN/ZHF9WC datafile 10396541 (r3-all-2013.csv.gz, md5 e6950bd317dabe3b41bf7738c248e7ee)"
2013,PASCHIM BARDHAMAN,PURBASTHALI-I,SRIRAMPUR,"doi:10.7910/DVN/ZHF9WC datafile 10396541 (r3-all-2013.csv.gz, md5 e6950bd317dabe3b41bf7738c248e7ee)"
2013,PASCHIM BARDHAMAN,PURBASTHALI-II,JHOWDANGA,"doi:10.7910/DVN/ZHF9WC datafile 10396541 (r3-all-2013.csv.gz, md5 e6950bd317dabe3b41bf7738c248e7ee)"
2013,PASCHIM BARDHAMAN,PURBASTHALI-II,KALEKHANTALA-I,"doi:10.7910/DVN/ZHF9WC datafile 10396541 (r3-all-2013.csv.gz, md5 e6950bd317dabe3b41bf7738c248e7ee)"
2013,PASCHIM BARDHAMAN,PURBASTHALI-II,KALEKHANTALA-II,"doi:10.7910/DVN/ZHF9WC datafile 10396541 (r3-all-2013.csv.gz, md5 e6950bd317dabe3b41bf7738c248e7ee)"
2013,PASCHIM BARDHAMAN,PURBASTHALI-II,MAJIDA,"doi:10.7910/DVN/ZHF9WC datafile 10396541 (r3-all-2013.csv.gz, md5 e6950bd317dabe3b41bf7738c248e7ee)"
2013,PASCHIM BARDHAMAN,PURBASTHALI-II,MERTALA,"doi:10.7910/DVN/ZHF9WC datafile 10396541 (r3-all-2013.csv.gz, md5 e6950bd317dabe3b41bf7738c248e7ee)"
2013,PASCHIM BARDHAMAN,PURBASTHALI-II,MUKSHIMPARA,"doi:10.7910/DVN/ZHF9WC datafile 10396541 (r3-all-2013.csv.gz, md5 e6950bd317dabe3b41bf7738c248e7ee)"
2013,PASCHIM BARDHAMAN,PURBASTHALI-II,NIMDAHA,"doi:10.7910/DVN/ZHF9WC datafile 10396541 (r3-all-2013.csv.gz, md5 e6950bd317dabe3b41bf7738c248e7ee)"
2013,PASCHIM BARDHAMAN,PURBASTHALI-II,PATULI,"doi:10.7910/DVN/ZHF9WC datafile 10396541 (r3-all-2013.csv.gz, md5 e6950bd317dabe3b41bf7738c248e7ee)"
2013,PASCHIM BARDHAMAN,PURBASTHALI-II,PILLA,"doi:10.7910/DVN/ZHF9WC datafile 10396541 (r3-all-2013.csv.gz, md5 e6950bd317dabe3b41bf7738c248e7ee)"
2013,PASCHIM BARDHAMAN,PURBASTHALI-II,PURBASTHALI,"doi:10.7910/DVN/ZHF9WC datafile 10396541 (r3-all-2013.csv.gz, md5 e6950bd317dabe3b41bf7738c248e7ee)"
2013,HOOGHLY,PURSURAH,BHANGAMORA,"doi:10.7910/DVN/ZHF9WC datafile 10396541 (r3-all-2013.csv.gz, md5 e6950bd317dabe3b41bf7738c248e7ee)"
2013,HOOGHLY,PURSURAH,CHILADANGI,"doi:10.7910/DVN/ZHF9WC datafile 10396541 (r3-all-2013.csv.gz, md5 e6950bd317dabe3b41bf7738c248e7ee)"
2013,HOOGHLY,PURSURAH,DIHIBADPUR,"doi:10.7910/DVN/ZHF9WC datafile 10396541 (r3-all-2013.csv.gz, md5 e6950bd317dabe3b41bf7738c248e7ee)"
2013,HOOGHLY,PURSURAH,KELEPARA,"doi:10.7910/DVN/ZHF9WC datafile 10396541 (r3-all-2013.csv.gz, md5 e6950bd317dabe3b41bf7738c248e7ee)"
2013,HOOGHLY,PURSURAH,PURSURAH-I,"doi:10.7910/DVN/ZHF9WC datafile 10396541 (r3-all-2013.csv.gz, md5 e6950bd317dabe3b41bf7738c248e7ee)"
2013,HOOGHLY,PURSURAH,PURSURAH-II,"doi:10.7910/DVN/ZHF9WC datafile 10396541 (r3-all-2013.csv.gz, md5 e6950bd317dabe3b41bf7738c248e7ee)"
2013,HOOGHLY,PURSURAH,SHYAMPUR,"doi:10.7910/DVN/ZHF9WC datafile 10396541 (r3-all-2013.csv.gz, md5 e6950bd317dabe3b41bf7738c248e7ee)"
2013,HOOGHLY,PURSURAH,SREERAMPUR,"doi:10.7910/DVN/ZHF9WC datafile 10396541 (r3-all-2013.csv.gz, md5 e6950bd317dabe3b41bf7738c248e7ee)"
2013,PURULIA,PURULIA-I,BHANDARPUARA-CHIPIDA,"doi:10.7910/DVN/ZHF9WC datafile 10396541 (r3-all-2013.csv.gz, md5 e6950bd317dabe3b41bf7738c248e7ee)"
2013,PURULIA,PURULIA-I,CHAKALTORE,"doi:10.7910/DVN/ZHF9WC datafile 10396541 (r3-all-2013.csv.gz, md5 e6950bd317dabe3b41bf7738c248e7ee)"
2013,PURULIA,PURULIA-I,DIMDIHA,"doi:10.7910/DVN/ZHF9WC datafile 10396541 (r3-all-2013.csv.gz, md5 e6950bd317dabe3b41bf7738c248e7ee)"
2013,PURULIA,PURULIA-I,DURKU,"doi:10.7910/DVN/ZHF9WC datafile 10396541 (r3-all-2013.csv.gz, md5 e6950bd317dabe3b41bf7738c248e7ee)"
2013,PURULIA,PURULIA-I,GARAFUSRA,"doi:10.7910/DVN/ZHF9WC datafile 10396541 (r3-all-2013.csv.gz, md5 e6950bd317dabe3b41bf7738c248e7ee)"
2013,PURULIA,PURULIA-I,LAGDA,"doi:10.7910/DVN/ZHF9WC datafile 10396541 (r3-all-2013.csv.gz, md5 e6950bd317dabe3b41bf7738c248e7ee)"
2013,PURULIA,PURULIA-I,MANARA,"doi:10.7910/DVN/ZHF9WC datafile 10396541 (r3-all-2013.csv.gz, md5 e6950bd317dabe3b41bf7738c248e7ee)"
2013,PURULIA,PURULIA-I,SONAIJURI,"doi:10.7910/DVN/ZHF9WC datafile 10396541 (r3-all-2013.csv.gz, md5 e6950bd317dabe3b41bf7738c248e7ee)"
2013,PURULIA,PURULIA-II,AGOYA-NARRA,"doi:10.7910/DVN/ZHF9WC datafile 10396541 (r3-all-2013.csv.gz, md5 e6950bd317dabe3b41bf7738c248e7ee)"
2013,PURULIA,PURULIA-II,BELMA,"doi:10.7910/DVN/ZHF9WC datafile 10396541 (r3-all-2013.csv.gz, md5 e6950bd317dabe3b41bf7738c248e7ee)"
2013,PURULIA,PURULIA-II,BHANGRA,"doi:10.7910/DVN/ZHF9WC datafile 10396541 (r3-all-2013.csv.gz, md5 e6950bd317dabe3b41bf7738c248e7ee)"
2013,PURULIA,PURULIA-II,CHHARRADUMDUMI,"doi:10.7910/DVN/ZHF9WC datafile 10396541 (r3-all-2013.csv.gz, md5 e6950bd317dabe3b41bf7738c248e7ee)"
2013,PURULIA,PURULIA-II,GHONGA,"doi:10.7910/DVN/ZHF9WC datafile 10396541 (r3-all-2013.csv.gz, md5 e6950bd317dabe3b41bf7738c248e7ee)"
2013,PURULIA,PURULIA-II,GOLAMARA,"doi:10.7910/DVN/ZHF9WC datafile 10396541 (r3-all-2013.csv.gz, md5 e6950bd317dabe3b41bf7738c248e7ee)"
2013,PURULIA,PURULIA-II,HUTMURA,"doi:10.7910/DVN/ZHF9WC datafile 10396541 (r3-all-2013.csv.gz, md5 e6950bd317dabe3b41bf7738c248e7ee)"
2013,PURULIA,PURULIA-II,PINDRA,"doi:10.7910/DVN/ZHF9WC datafile 10396541 (r3-all-2013.csv.gz, md5 e6950bd317dabe3b41bf7738c248e7ee)"
2013,PURULIA,PURULIA-II,RAGHABPUR,"doi:10.7910/DVN/ZHF9WC datafile 10396541 (r3-all-2013.csv.gz, md5 e6950bd317dabe3b41bf7738c248e7ee)"
2013,SILIGURI MAHAKUMA PARISAD,Phansidewa,Bidhannagar I,"doi:10.7910/DVN/ZHF9WC datafile 10396541 (r3-all-2013.csv.gz, md5 e6950bd317dabe3b41bf7738c248e7ee)"
2013,SILIGURI MAHAKUMA PARISAD,Phansidewa,Bidhannagar II,"doi:10.7910/DVN/ZHF9WC datafile 10396541 (r3-all-2013.csv.gz, md5 e6950bd317dabe3b41bf7738c248e7ee)"
2013,SILIGURI MAHAKUMA PARISAD,Phansidewa,Chathat Bansgaon,"doi:10.7910/DVN/ZHF9WC datafile 10396541 (r3-all-2013.csv.gz, md5 e6950bd317dabe3b41bf7738c248e7ee)"
2013,SILIGURI MAHAKUMA PARISAD,Phansidewa,Ghoshpukur,"doi:10.7910/DVN/ZHF9WC datafile 10396541 (r3-all-2013.csv.gz, md5 e6950bd317dabe3b41bf7738c248e7ee)"
2013,SILIGURI MAHAKUMA PARISAD,Phansidewa,Hetmuri Singhijhora,"doi:10.7910/DVN/ZHF9WC datafile 10396541 (r3-all-2013.csv.gz, md5 e6950bd317dabe3b41bf7738c248e7ee)"
2013,SILIGURI MAHAKUMA PARISAD,Phansidewa,Jalash Nizamtara,"doi:10.7910/DVN/ZHF9WC datafile 10396541 (r3-all-2013.csv.gz, md5 e6950bd317dabe3b41bf7738c248e7ee)"
2013,SILIGURI MAHAKUMA PARISAD,Phansidewa,Phansidewa Bansgaon Kismat,"doi:10.7910/DVN/ZHF9WC datafile 10396541 (r3-all-2013.csv.gz, md5 e6950bd317dabe3b41bf7738c248e7ee)"
2013,PURULIA,RAGHUNATH PUR-I,ARRAH,"doi:10.7910/DVN/ZHF9WC datafile 10396541 (r3-all-2013.csv.gz, md5 e6950bd317dabe3b41bf7738c248e7ee)"
2013,PURULIA,RAGHUNATH PUR-I,BABUGRAM,"doi:10.7910/DVN/ZHF9WC datafile 10396541 (r3-all-2013.csv.gz, md5 e6950bd317dabe3b41bf7738c248e7ee)"
2013,PURULIA,RAGHUNATH PUR-I,BERO,"doi:10.7910/DVN/ZHF9WC datafile 10396541 (r3-all-2013.csv.gz, md5 e6950bd317dabe3b41bf7738c248e7ee)"
2013,PURULIA,RAGHUNATH PUR-I,CHORPAHARI,"doi:10.7910/DVN/ZHF9WC datafile 10396541 (r3-all-2013.csv.gz, md5 e6950bd317dabe3b41bf7738c248e7ee)"
2013,PURULIA,RAGHUNATH PUR-I,KHAJURA,"doi:10.7910/DVN/ZHF9WC datafile 10396541 (r3-all-2013.csv.gz, md5 e6950bd317dabe3b41bf7738c248e7ee)"
2013,PURULIA,RAGHUNATH PUR-I,NUTANDI,"doi:10.7910/DVN/ZHF9WC datafile 10396541 (r3-all-2013.csv.gz, md5 e6950bd317dabe3b41bf7738c248e7ee)"
2013,PURULIA,RAGHUNATH PUR-I,SANKA,"doi:10.7910/DVN/ZHF9WC datafile 10396541 (r3-all-2013.csv.gz, md5 e6950bd317dabe3b41bf7738c248e7ee)"
2013,MURSHIDABAD,RAGHUNATHGANJ-I,DAFARPUR,"doi:10.7910/DVN/ZHF9WC datafile 10396541 (r3-all-2013.csv.gz, md5 e6950bd317dabe3b41bf7738c248e7ee)"
2013,MURSHIDABAD,RAGHUNATHGANJ-I,JAMUAR,"doi:10.7910/DVN/ZHF9WC datafile 10396541 (r3-all-2013.csv.gz, md5 e6950bd317dabe3b41bf7738c248e7ee)"
2013,MURSHIDABAD,RAGHUNATHGANJ-I,JARUR,"doi:10.7910/DVN/ZHF9WC datafile 10396541 (r3-all-2013.csv.gz, md5 e6950bd317dabe3b41bf7738c248e7ee)"
2013,MURSHIDABAD,RAGHUNATHGANJ-I,KANUPUR,"doi:10.7910/DVN/ZHF9WC datafile 10396541 (r3-all-2013.csv.gz, md5 e6950bd317dabe3b41bf7738c248e7ee)"
2013,MURSHIDABAD,RAGHUNATHGANJ-I,MIRJAPUR,"doi:10.7910/DVN/ZHF9WC datafile 10396541 (r3-all-2013.csv.gz, md5 e6950bd317dabe3b41bf7738c248e7ee)"
2013,MURSHIDABAD,RAGHUNATHGANJ-I,RANINAGAR,"doi:10.7910/DVN/ZHF9WC datafile 10396541 (r3-all-2013.csv.gz, md5 e6950bd317dabe3b41bf7738c248e7ee)"
2013,MURSHIDABAD,RAGHUNATHGANJ-II,BARASIMUL DAYARAMPUR,"doi:10.7910/DVN/ZHF9WC datafile 10396541 (r3-all-2013.csv.gz, md5 e6950bd317dabe3b41bf7738c248e7ee)"
2013,MURSHIDABAD,RAGHUNATHGANJ-II,GIRIA,"doi:10.7910/DVN/ZHF9WC datafile 10396541 (r3-all-2013.csv.gz, md5 e6950bd317dabe3b41bf7738c248e7ee)"
2013,MURSHIDABAD,RAGHUNATHGANJ-II,JOTKAMAL,"doi:10.7910/DVN/ZHF9WC datafile 10396541 (r3-all-2013.csv.gz, md5 e6950bd317dabe3b41bf7738c248e7ee)"
2013,MURSHIDABAD,RAGHUNATHGANJ-II,KASIADANGA,"doi:10.7910/DVN/ZHF9WC datafile 10396541 (r3-all-2013.csv.gz, md5 e6950bd317dabe3b41bf7738c248e7ee)"
2013,MURSHIDABAD,RAGHUNATHGANJ-II,LAKSHMIJOLA,"doi:10.7910/DVN/ZHF9WC datafile 10396541 (r3-all-2013.csv.gz, md5 e6950bd317dabe3b41bf7738c248e7ee)"
2013,MURSHIDABAD,RAGHUNATHGANJ-II,MITIPUR,"doi:10.7910/DVN/ZHF9WC datafile 10396541 (r3-all-2013.csv.gz, md5 e6950bd317dabe3b41bf7738c248e7ee)"
2013,MURSHIDABAD,RAGHUNATHGANJ-II,SAMMATINAGAR,"doi:10.7910/DVN/ZHF9WC datafile 10396541 (r3-all-2013.csv.gz, md5 e6950bd317dabe3b41bf7738c248e7ee)"
2013,MURSHIDABAD,RAGHUNATHGANJ-II,SEKALIPUR,"doi:10.7910/DVN/ZHF9WC datafile 10396541 (r3-all-2013.csv.gz, md5 e6950bd317dabe3b41bf7738c248e7ee)"
2013,MURSHIDABAD,RAGHUNATHGANJ-II,SEKENDRA,"doi:10.7910/DVN/ZHF9WC datafile 10396541 (r3-all-2013.csv.gz, md5 e6950bd317dabe3b41bf7738c248e7ee)"
2013,MURSHIDABAD,RAGHUNATHGANJ-II,TEGHARI-I,"doi:10.7910/DVN/ZHF9WC datafile 10396541 (r3-all-2013.csv.gz, md5 e6950bd317dabe3b41bf7738c248e7ee)"
2013,PURULIA,RAGHUNATHPUR-II,BARRAH,"doi:10.7910/DVN/ZHF9WC datafile 10396541 (r3-all-2013.csv.gz, md5 e6950bd317dabe3b41bf7738c248e7ee)"
2013,PURULIA,RAGHUNATHPUR-II,CHELIAMA,"doi:10.7910/DVN/ZHF9WC datafile 10396541 (r3-all-2013.csv.gz, md5 e6950bd317dabe3b41bf7738c248e7ee)"
2013,PURULIA,RAGHUNATHPUR-II,JORADIH,"doi:10.7910/DVN/ZHF9WC datafile 10396541 (r3-all-2013.csv.gz, md5 e6950bd317dabe3b41bf7738c248e7ee)"
2013,PURULIA,RAGHUNATHPUR-II,MANGALDA-MAUTORE,"doi:10.7910/DVN/ZHF9WC datafile 10396541 (r3-all-2013.csv.gz, md5 e6950bd317dabe3b41bf7738c248e7ee)"
2013,PURULIA,RAGHUNATHPUR-II,NILDIH,"doi:10.7910/DVN/ZHF9WC datafile 10396541 (r3-all-2013.csv.gz, md5 e6950bd317dabe3b41bf7738c248e7ee)"
2013,PURULIA,RAGHUNATHPUR-II,NUTANDIH,"doi:10.7910/DVN/ZHF9WC datafile 10396541 (r3-all-2013.csv.gz, md5 e6950bd317dabe3b41bf7738c248e7ee)"
2013,DINAJPUR UTTAR,RAIGANJ,BAHIN,"doi:10.7910/DVN/ZHF9WC datafile 10396541 (r3-all-2013.csv.gz, md5 e6950bd317dabe3b41bf7738c248e7ee)"
2013,DINAJPUR UTTAR,RAIGANJ,BARUA,"doi:10.7910/DVN/ZHF9WC datafile 10396541 (r3-all-2013.csv.gz, md5 e6950bd317dabe3b41bf7738c248e7ee)"
2013,DINAJPUR UTTAR,RAIGANJ,BHATUN,"doi:10.7910/DVN/ZHF9WC datafile 10396541 (r3-all-2013.csv.gz, md5 e6950bd317dabe3b41bf7738c248e7ee)"
2013,DINAJPUR UTTAR,RAIGANJ,BINDOLE,"doi:10.7910/DVN/ZHF9WC datafile 10396541 (r3-all-2013.csv.gz, md5 e6950bd317dabe3b41bf7738c248e7ee)"
2013,DINAJPUR UTTAR,RAIGANJ,BIRGHOI,"doi:10.7910/DVN/ZHF9WC datafile 10396541 (r3-all-2013.csv.gz, md5 e6950bd317dabe3b41bf7738c248e7ee)"
2013,DINAJPUR UTTAR,RAIGANJ,GOURI,"doi:10.7910/DVN/ZHF9WC datafile 10396541 (r3-all-2013.csv.gz, md5 e6950bd317dabe3b41bf7738c248e7ee)"
2013,DINAJPUR UTTAR,RAIGANJ,JAGADISHPUR,"doi:10.7910/DVN/ZHF9WC datafile 10396541 (r3-all-2013.csv.gz, md5 e6950bd317dabe3b41bf7738c248e7ee)"
2013,DINAJPUR UTTAR,RAIGANJ,KAMALABARI-I,"doi:10.7910/DVN/ZHF9WC datafile 10396541 (r3-all-2013.csv.gz, md5 e6950bd317dabe3b41bf7738c248e7ee)"
2013,DINAJPUR UTTAR,RAIGANJ,KAMALABARI-II,"doi:10.7910/DVN/ZHF9WC datafile 10396541 (r3-all-2013.csv.gz, md5 e6950bd317dabe3b41bf7738c248e7ee)"
2013,DINAJPUR UTTAR,RAIGANJ,MAHIPUR,"doi:10.7910/DVN/ZHF9WC datafile 10396541 (r3-all-2013.csv.gz, md5 e6950bd317dabe3b41bf7738c248e7ee)"
2013,DINAJPUR UTTAR,RAIGANJ,MARAIKURA,"doi:10.7910/DVN/ZHF9WC datafile 10396541 (r3-all-2013.csv.gz, md5 e6950bd317dabe3b41bf7738c248e7ee)"
2013,DINAJPUR UTTAR,RAIGANJ,RAMPUR,"doi:10.7910/DVN/ZHF9WC datafile 10396541 (r3-all-2013.csv.gz, md5 e6950bd317dabe3b41bf7738c248e7ee)"
2013,DINAJPUR UTTAR,RAIGANJ,SERPUR,"doi:10.7910/DVN/ZHF9WC datafile 10396541 (r3-all-2013.csv.gz, md5 e6950bd317dabe3b41bf7738c248e7ee)"
2013,DINAJPUR UTTAR,RAIGANJ,SITGRAM,"doi:10.7910/DVN/ZHF9WC datafile 10396541 (r3-all-2013.csv.gz, md5 e6950bd317dabe3b41bf7738c248e7ee)"
2013,PASCHIM BARDHAMAN,RAINA-I,HIJALNA,"doi:10.7910/DVN/ZHF9WC datafile 10396541 (r3-all-2013.csv.gz, md5 e6950bd317dabe3b41bf7738c248e7ee)"
2013,PASCHIM BARDHAMAN,RAINA-I,MUGURA,"doi:10.7910/DVN/ZHF9WC datafile 10396541 (r3-all-2013.csv.gz, md5 e6950bd317dabe3b41bf7738c248e7ee)"
2013,PASCHIM BARDHAMAN,RAINA-I,NARUGRAM,"doi:10.7910/DVN/ZHF9WC datafile 10396541 (r3-all-2013.csv.gz, md5 e6950bd317dabe3b41bf7738c248e7ee)"
2013,PASCHIM BARDHAMAN,RAINA-I,NATU,"doi:10.7910/DVN/ZHF9WC datafile 10396541 (r3-all-2013.csv.gz, md5 e6950bd317dabe3b41bf7738c248e7ee)"
2013,PASCHIM BARDHAMAN,RAINA-I,PALASON,"doi:10.7910/DVN/ZHF9WC datafile 10396541 (r3-all-2013.csv.gz, md5 e6950bd317dabe3b41bf7738c248e7ee)"
2013,PASCHIM BARDHAMAN,RAINA-I,RAINA,"doi:10.7910/DVN/ZHF9WC datafile 10396541 (r3-all-2013.csv.gz, md5 e6950bd317dabe3b41bf7738c248e7ee)"
2013,PASCHIM BARDHAMAN,RAINA-I,SEHERA,"doi:10.7910/DVN/ZHF9WC datafile 10396541 (r3-all-2013.csv.gz, md5 e6950bd317dabe3b41bf7738c248e7ee)"
2013,PASCHIM BARDHAMAN,RAINA-I,SHYAMSUNDAR,"doi:10.7910/DVN/ZHF9WC datafile 10396541 (r3-all-2013.csv.gz, md5 e6950bd317dabe3b41bf7738c248e7ee)"
2013,PASCHIM BARDHAMAN,RAINA-II,ARUI,"doi:10.7910/DVN/ZHF9WC datafile 10396541 (r3-all-2013.csv.gz, md5 e6950bd317dabe3b41bf7738c248e7ee)"
2013,PASCHIM BARDHAMAN,RAINA-II,BARABAINAN,"doi:10.7910/DVN/ZHF9WC datafile 10396541 (r3-all-2013.csv.gz, md5 e6950bd317dabe3b41bf7738c248e7ee)"
2013,PASCHIM BARDHAMAN,RAINA-II,GOTAN,"doi:10.7910/DVN/ZHF9WC datafile 10396541 (r3-all-2013.csv.gz, md5 e6950bd317dabe3b41bf7738c248e7ee)"
2013,PASCHIM BARDHAMAN,RAINA-II,KAITY,"doi:10.7910/DVN/ZHF9WC datafile 10396541 (r3-all-2013.csv.gz, md5 e6950bd317dabe3b41bf7738c248e7ee)"
2013,PASCHIM BARDHAMAN,RAINA-II,PAHALANPUR,"doi:10.7910/DVN/ZHF9WC datafile 10396541 (r3-all-2013.csv.gz, md5 e6950bd317dabe3b41bf7738c248e7ee)"
2013,PASCHIM BARDHAMAN,RAINA-II,PAINTA-I,"doi:10.7910/DVN/ZHF9WC datafile 10396541 (r3-all-2013.csv.gz, md5 e6950bd317dabe3b41bf7738c248e7ee)"
2013,PASCHIM BARDHAMAN,RAINA-II,PAINTA-II,"doi:10.7910/DVN/ZHF9WC datafile 10396541 (r3-all-2013.csv.gz, md5 e6950bd317dabe3b41bf7738c248e7ee)"
2013,PASCHIM BARDHAMAN,RAINA-II,UCHALAN,"doi:10.7910/DVN/ZHF9WC datafile 10396541 (r3-all-2013.csv.gz, md5 e6950bd317dabe3b41bf7738c248e7ee)"
2013,BANKURA,RAIPUR,DHANARAH,"doi:10.7910/DVN/ZHF9WC datafile 10396541 (r3-all-2013.csv.gz, md5 e6950bd317dabe3b41bf7738c248e7ee)"
2013,BANKURA,RAIPUR,DHEKO,"doi:10.7910/DVN/ZHF9WC datafile 10396541 (r3-all-2013.csv.gz, md5 e6950bd317dabe3b41bf7738c248e7ee)"
2013,BANKURA,RAIPUR,DUNDAR,"doi:10.7910/DVN/ZHF9WC datafile 10396541 (r3-all-2013.csv.gz, md5 e6950bd317dabe3b41bf7738c248e7ee)"
2013,BANKURA,RAIPUR,FULKUSMA,"doi:10.7910/DVN/ZHF9WC datafile 10396541 (r3-all-2013.csv.gz, md5 e6950bd317dabe3b41bf7738c248e7ee)"
2013,BANKURA,RAIPUR,MELARA,"doi:10.7910/DVN/ZHF9WC datafile 10396541 (r3-all-2013.csv.gz, md5 e6950bd317dabe3b41bf7738c248e7ee)"
2013,BANKURA,RAIPUR,MONDALKULI,"doi:10.7910/DVN/ZHF9WC datafile 10396541 (r3-all-2013.csv.gz, md5 e6950bd317dabe3b41bf7738c248e7ee)"
2013,BANKURA,RAIPUR,MOTGODHA,"doi:10.7910/DVN/ZHF9WC datafile 10396541 (r3-all-2013.csv.gz, md5 e6950bd317dabe3b41bf7738c248e7ee)"
2013,BANKURA,RAIPUR,RAIPUR,"doi:10.7910/DVN/ZHF9WC datafile 10396541 (r3-all-2013.csv.gz, md5 e6950bd317dabe3b41bf7738c248e7ee)"
2013,BANKURA,RAIPUR,SHYAMSUNDARPUR,"doi:10.7910/DVN/ZHF9WC datafile 10396541 (r3-all-2013.csv.gz, md5 e6950bd317dabe3b41bf7738c248e7ee)"
2013,BANKURA,RAIPUR,SONAGARA,"doi:10.7910/DVN/ZHF9WC datafile 10396541 (r3-all-2013.csv.gz, md5 e6950bd317dabe3b41bf7738c248e7ee)"
2013,24 PARGANAS (NORTH),RAJARHAT,CHANDPUR,"doi:10.7910/DVN/ZHF9WC datafile 10396541 (r3-all-2013.csv.gz, md5 e6950bd317dabe3b41bf7738c248e7ee)"
2013,24 PARGANAS (NORTH),RAJARHAT,JANGRAHATIARA-II,"doi:10.7910/DVN/ZHF9WC datafile 10396541 (r3-all-2013.csv.gz, md5 e6950bd317dabe3b41bf7738c248e7ee)"
2013,24 PARGANAS (NORTH),RAJARHAT,MAHISBATHAN-II,"doi:10.7910/DVN/ZHF9WC datafile 10396541 (r3-all-2013.csv.gz, md5 e6950bd317dabe3b41bf7738c248e7ee)"
2013,24 PARGANAS (NORTH),RAJARHAT,PATHARGHATA,"doi:10.7910/DVN/ZHF9WC datafile 10396541 (r3-all-2013.csv.gz, md5 e6950bd317dabe3b41bf7738c248e7ee)"
2013,24 PARGANAS (NORTH),RAJARHAT,RAJARHAT BISHNUPUR-I,"doi:10.7910/DVN/ZHF9WC datafile 10396541 (r3-all-2013.csv.gz, md5 e6950bd317dabe3b41bf7738c248e7ee)"
2013,24 PARGANAS (NORTH),RAJARHAT,RAJARHAT BISHNUPUR-II,"doi:10.7910/DVN/ZHF9WC datafile 10396541 (r3-all-2013.csv.gz, md5 e6950bd317dabe3b41bf7738c248e7ee)"
2013,JALPAIGURI,RAJGANJ,BINNAGURI,"doi:10.7910/DVN/ZHF9WC datafile 10396541 (r3-all-2013.csv.gz, md5 e6950bd317dabe3b41bf7738c248e7ee)"
2013,JALPAIGURI,RAJGANJ,DABGRAM-I,"doi:10.7910/DVN/ZHF9WC datafile 10396541 (r3-all-2013.csv.gz, md5 e6950bd317dabe3b41bf7738c248e7ee)"
2013,JALPAIGURI,RAJGANJ,DABGRAM-II,"doi:10.7910/DVN/ZHF9WC datafile 10396541 (r3-all-2013.csv.gz, md5 e6950bd317dabe3b41bf7738c248e7ee)"
2013,JALPAIGURI,RAJGANJ,FULBARI-I,"doi:10.7910/DVN/ZHF9WC datafile 10396541 (r3-all-2013.csv.gz, md5 e6950bd317dabe3b41bf7738c248e7ee)"
2013,JALPAIGURI,RAJGANJ,FULBARI-II,"doi:10.7910/DVN/ZHF9WC datafile 10396541 (r3-all-2013.csv.gz, md5 e6950bd317dabe3b41bf7738c248e7ee)"
2013,JALPAIGURI,RAJGANJ,KUKURJAN,"doi:10.7910/DVN/ZHF9WC datafile 10396541 (r3-all-2013.csv.gz, md5 e6950bd317dabe3b41bf7738c248e7ee)"
2013,JALPAIGURI,RAJGANJ,MAJHIALI,"doi:10.7910/DVN/ZHF9WC datafile 10396541 (r3-all-2013.csv.gz, md5 e6950bd317dabe3b41bf7738c248e7ee)"
2013,JALPAIGURI,RAJGANJ,MANTADARI,"doi:10.7910/DVN/ZHF9WC datafile 10396541 (r3-all-2013.csv.gz, md5 e6950bd317dabe3b41bf7738c248e7ee)"
2013,JALPAIGURI,RAJGANJ,PANIKOURI,"doi:10.7910/DVN/ZHF9WC datafile 10396541 (r3-all-2013.csv.gz, md5 e6950bd317dabe3b41bf7738c248e7ee)"
2013,JALPAIGURI,RAJGANJ,SANNYASIKATA,"doi:10.7910/DVN/ZHF9WC datafile 10396541 (r3-all-2013.csv.gz, md5 e6950bd317dabe3b41bf7738c248e7ee)"
2013,JALPAIGURI,RAJGANJ,SIKARPUR,"doi:10.7910/DVN/ZHF9WC datafile 10396541 (r3-all-2013.csv.gz, md5 e6950bd317dabe3b41bf7738c248e7ee)"
2013,JALPAIGURI,RAJGANJ,SUKHANI,"doi:10.7910/DVN/ZHF9WC datafile 10396541 (r3-all-2013.csv.gz, md5 e6950bd317dabe3b41bf7738c248e7ee)"
2013,BIRBHUM,RAJNAGAR,BHABANIPUR,"doi:10.7910/DVN/ZHF9WC datafile 10396541 (r3-all-2013.csv.gz, md5 e6950bd317dabe3b41bf7738c248e7ee)"
2013,BIRBHUM,RAJNAGAR,CHANDRAPUR,"doi:10.7910/DVN/ZHF9WC datafile 10396541 (r3-all-2013.csv.gz, md5 e6950bd317dabe3b41bf7738c248e7ee)"
2013,BIRBHUM,RAJNAGAR,GANGMURI-JOYPUR,"doi:10.7910/DVN/ZHF9WC datafile 10396541 (r3-all-2013.csv.gz, md5 e6950bd317dabe3b41bf7738c248e7ee)"
2013,BIRBHUM,RAJNAGAR,RAJNAGAR,"doi:10.7910/DVN/ZHF9WC datafile 10396541 (r3-all-2013.csv.gz, md5 e6950bd317dabe3b41bf7738c248e7ee)"
2013,BIRBHUM,RAJNAGAR,TANTIPARA,"doi:10.7910/DVN/ZHF9WC datafile 10396541 (r3-all-2013.csv.gz, md5 e6950bd317dabe3b41bf7738c248e7ee)"
2013,PURBA MEDINIPUR,RAMNAGAR-I,BADHIA,"doi:10.7910/DVN/ZHF9WC datafile 10396541 (r3-all-2013.csv.gz, md5 e6950bd317dabe3b41bf7738c248e7ee)"
2013,PURBA MEDINIPUR,RAMNAGAR-I,BASANTAPUR,"doi:10.7910/DVN/ZHF9WC datafile 10396541 (r3-all-2013.csv.gz, md5 e6950bd317dabe3b41bf7738c248e7ee)"
2013,PURBA MEDINIPUR,RAMNAGAR-I,GOBRA,"doi:10.7910/DVN/ZHF9WC datafile 10396541 (r3-all-2013.csv.gz, md5 e6950bd317dabe3b41bf7738c248e7ee)"
2013,PURBA MEDINIPUR,RAMNAGAR-I,HALDIA-I,"doi:10.7910/DVN/ZHF9WC datafile 10396541 (r3-all-2013.csv.gz, md5 e6950bd317dabe3b41bf7738c248e7ee)"
2013,PURBA MEDINIPUR,RAMNAGAR-I,HALDIA-II,"doi:10.7910/DVN/ZHF9WC datafile 10396541 (r3-all-2013.csv.gz, md5 e6950bd317dabe3b41bf7738c248e7ee)"
2013,PURBA MEDINIPUR,RAMNAGAR-I,PADIMA-I,"doi:10.7910/DVN/ZHF9WC datafile 10396541 (r3-all-2013.csv.gz, md5 e6950bd317dabe3b41bf7738c248e7ee)"
2013,PURBA MEDINIPUR,RAMNAGAR-I,PADIMA-II,"doi:10.7910/DVN/ZHF9WC datafile 10396541 (r3-all-2013.csv.gz, md5 e6950bd317dabe3b41bf7738c248e7ee)"
2013,PURBA MEDINIPUR,RAMNAGAR-I,TALGACHARI-I,"doi:10.7910/DVN/ZHF9WC datafile 10396541 (r3-all-2013.csv.gz, md5 e6950bd317dabe3b41bf7738c248e7ee)"
2013,PURBA MEDINIPUR,RAMNAGAR-I,TALGACHARI-II,"doi:10.7910/DVN/ZHF9WC datafile 10396541 (r3-all-2013.csv.gz, md5 e6950bd317dabe3b41bf7738c248e7ee)"
2013,PURBA MEDINIPUR,RAMNAGAR-II,BADALPUR,"doi:10.7910/DVN/ZHF9WC datafile 10396541 (r3-all-2013.csv.gz, md5 e6950bd317dabe3b41bf7738c248e7ee)"
2013,PURBA MEDINIPUR,RAMNAGAR-II,BALISAI,"doi:10.7910/DVN/ZHF9WC datafile 10396541 (r3-all-2013.csv.gz, md5 e6950bd317dabe3b41bf7738c248e7ee)"
2013,PURBA MEDINIPUR,RAMNAGAR-II,DEPAL,"doi:10.7910/DVN/ZHF9WC datafile 10396541 (r3-all-2013.csv.gz, md5 e6950bd317dabe3b41bf7738c248e7ee)"
2013,PURBA MEDINIPUR,RAMNAGAR-II,KADUA,"doi:10.7910/DVN/ZHF9WC datafile 10396541 (r3-all-2013.csv.gz, md5 e6950bd317dabe3b41bf7738c248e7ee)"
2013,PURBA MEDINIPUR,RAMNAGAR-II,KALINDI,"doi:10.7910/DVN/ZHF9WC datafile 10396541 (r3-all-2013.csv.gz, md5 e6950bd317dabe3b41bf7738c248e7ee)"
2013,PURBA MEDINIPUR,RAMNAGAR-II,MAITHANA,"doi:10.7910/DVN/ZHF9WC datafile 10396541 (r3-all-2013.csv.gz, md5 e6950bd317dabe3b41bf7738c248e7ee)"
2013,PURBA MEDINIPUR,RAMNAGAR-II,PALDHUI,"doi:10.7910/DVN/ZHF9WC datafile 10396541 (r3-all-2013.csv.gz, md5 e6950bd317dabe3b41bf7738c248e7ee)"
2013,PURBA MEDINIPUR,RAMNAGAR-II,SATILAPUR,"doi:10.7910/DVN/ZHF9WC datafile 10396541 (r3-all-2013.csv.gz, md5 e6950bd317dabe3b41bf7738c248e7ee)"
2013,BIRBHUM,RAMPURHAT-I,AYAS,"doi:10.7910/DVN/ZHF9WC datafile 10396541 (r3-all-2013.csv.gz, md5 e6950bd317dabe3b41bf7738c248e7ee)"
2013,BIRBHUM,RAMPURHAT-I,BARSHAL,"doi:10.7910/DVN/ZHF9WC datafile 10396541 (r3-all-2013.csv.gz, md5 e6950bd317dabe3b41bf7738c248e7ee)"
2013,BIRBHUM,RAMPURHAT-I,BONHAT,"doi:10.7910/DVN/ZHF9WC datafile 10396541 (r3-all-2013.csv.gz, md5 e6950bd317dabe3b41bf7738c248e7ee)"
2013,BIRBHUM,RAMPURHAT-I,DAKHALBATI,"doi:10.7910/DVN/ZHF9WC datafile 10396541 (r3-all-2013.csv.gz, md5 e6950bd317dabe3b41bf7738c248e7ee)"
2013,BIRBHUM,RAMPURHAT-I,KASTHOGORA,"doi:10.7910/DVN/ZHF9WC datafile 10396541 (r3-all-2013.csv.gz, md5 e6950bd317dabe3b41bf7738c248e7ee)"
2013,BIRBHUM,RAMPURHAT-I,KHARUN,"doi:10.7910/DVN/ZHF9WC datafile 10396541 (r3-all-2013.csv.gz, md5 e6950bd317dabe3b41bf7738c248e7ee)"
2013,BIRBHUM,RAMPURHAT-I,KUSUMBA,"doi:10.7910/DVN/ZHF9WC datafile 10396541 (r3-all-2013.csv.gz, md5 e6950bd317dabe3b41bf7738c248e7ee)"
2013,BIRBHUM,RAMPURHAT-I,MASHRA,"doi:10.7910/DVN/ZHF9WC datafile 10396541 (r3-all-2013.csv.gz, md5 e6950bd317dabe3b41bf7738c248e7ee)"
2013,BIRBHUM,RAMPURHAT-I,NARAYANPUR,"doi:10.7910/DVN/ZHF9WC datafile 10396541 (r3-all-2013.csv.gz, md5 e6950bd317dabe3b41bf7738c248e7ee)"
2013,BIRBHUM,RAMPURHAT-II,BISHNUPUR,"doi:10.7910/DVN/ZHF9WC datafile 10396541 (r3-all-2013.csv.gz, md5 e6950bd317dabe3b41bf7738c248e7ee)"
2013,BIRBHUM,RAMPURHAT-II,BUDHIGRAM,"doi:10.7910/DVN/ZHF9WC datafile 10396541 (r3-all-2013.csv.gz, md5 e6950bd317dabe3b41bf7738c248e7ee)"
2013,BIRBHUM,RAMPURHAT-II,DUNIGRAM,"doi:10.7910/DVN/ZHF9WC datafile 10396541 (r3-all-2013.csv.gz, md5 e6950bd317dabe3b41bf7738c248e7ee)"
2013,BIRBHUM,RAMPURHAT-II,HANSAN-I,"doi:10.7910/DVN/ZHF9WC datafile 10396541 (r3-all-2013.csv.gz, md5 e6950bd317dabe3b41bf7738c248e7ee)"
2013,BIRBHUM,RAMPURHAT-II,HANSAN-II,"doi:10.7910/DVN/ZHF9WC datafile 10396541 (r3-all-2013.csv.gz, md5 e6950bd317dabe3b41bf7738c248e7ee)"
2013,BIRBHUM,RAMPURHAT-II,KALUHA,"doi:10.7910/DVN/ZHF9WC datafile 10396541 (r3-all-2013.csv.gz, md5 e6950bd317dabe3b41bf7738c248e7ee)"
2013,BIRBHUM,RAMPURHAT-II,MARGRAM-I,"doi:10.7910/DVN/ZHF9WC datafile 10396541 (r3-all-2013.csv.gz, md5 e6950bd317dabe3b41bf7738c248e7ee)"
2013,BIRBHUM,RAMPURHAT-II,MARGRAM-II,"doi:10.7910/DVN/ZHF9WC datafile 10396541 (r3-all-2013.csv.gz, md5 e6950bd317dabe3b41bf7738c248e7ee)"
2013,BIRBHUM,RAMPURHAT-II,SAHAPUR,"doi:10.7910/DVN/ZHF9WC datafile 10396541 (r3-all-2013.csv.gz, md5 e6950bd317dabe3b41bf7738c248e7ee)"
2013,NADIA,RANAGHAT-I,ANULIA,"doi:10.7910/DVN/ZHF9WC datafile 10396541 (r3-all-2013.csv.gz, md5 e6950bd317dabe3b41bf7738c248e7ee)"
2013,NADIA,RANAGHAT-I,BARASAT,"doi:10.7910/DVN/ZHF9WC datafile 10396541 (r3-all-2013.csv.gz, md5 e6950bd317dabe3b41bf7738c248e7ee)"
2013,NADIA,RANAGHAT-I,HABIBPUR,"doi:10.7910/DVN/ZHF9WC datafile 10396541 (r3-all-2013.csv.gz, md5 e6950bd317dabe3b41bf7738c248e7ee)"
2013,NADIA,RANAGHAT-I,KALINARAYANPUR PAHARPUR,"doi:10.7910/DVN/ZHF9WC datafile 10396541 (r3-all-2013.csv.gz, md5 e6950bd317dabe3b41bf7738c248e7ee)"
2013,NADIA,RANAGHAT-I,KHISMA,"doi:10.7910/DVN/ZHF9WC datafile 10396541 (r3-all-2013.csv.gz, md5 e6950bd317dabe3b41bf7738c248e7ee)"
2013,NADIA,RANAGHAT-I,NAWPARA MASUNDA,"doi:10.7910/DVN/ZHF9WC datafile 10396541 (r3-all-2013.csv.gz, md5 e6950bd317dabe3b41bf7738c248e7ee)"
2013,NADIA,RANAGHAT-I,PAYRADANGA,"doi:10.7910/DVN/ZHF9WC datafile 10396541 (r3-all-2013.csv.gz, md5 e6950bd317dabe3b41bf7738c248e7ee)"
2013,NADIA,RANAGHAT-I,RAMANAGAR-I,"doi:10.7910/DVN/ZHF9WC datafile 10396541 (r3-all-2013.csv.gz, md5 e6950bd317dabe3b41bf7738c248e7ee)"
2013,NADIA,RANAGHAT-I,RAMNAGAR-II,"doi:10.7910/DVN/ZHF9WC datafile 10396541 (r3-all-2013.csv.gz, md5 e6950bd317dabe3b41bf7738c248e7ee)"
2013,NADIA,RANAGHAT-I,TARAPUR,"doi:10.7910/DVN/ZHF9WC datafile 10396541 (r3-all-2013.csv.gz, md5 e6950bd317dabe3b41bf7738c248e7ee)"
2013,NADIA,RANAGHAT-II,ANISHMALI,"doi:10.7910/DVN/ZHF9WC datafile 10396541 (r3-all-2013.csv.gz, md5 e6950bd317dabe3b41bf7738c248e7ee)"
2013,NADIA,RANAGHAT-II,ARANGHATA,"doi:10.7910/DVN/ZHF9WC datafile 10396541 (r3-all-2013.csv.gz, md5 e6950bd317dabe3b41bf7738c248e7ee)"
2013,NADIA,RANAGHAT-II,BAHIRGACHI,"doi:10.7910/DVN/ZHF9WC datafile 10396541 (r3-all-2013.csv.gz, md5 e6950bd317dabe3b41bf7738c248e7ee)"
2013,NADIA,RANAGHAT-II,BAIDYAPUR-I,"doi:10.7910/DVN/ZHF9WC datafile 10396541 (r3-all-2013.csv.gz, md5 e6950bd317dabe3b41bf7738c248e7ee)"
2013,NADIA,RANAGHAT-II,BAIDYAPUR-II,"doi:10.7910/DVN/ZHF9WC datafile 10396541 (r3-all-2013.csv.gz, md5 e6950bd317dabe3b41bf7738c248e7ee)"
2013,NADIA,RANAGHAT-II,DEBAGRAM,"doi:10.7910/DVN/ZHF9WC datafile 10396541 (r3-all-2013.csv.gz, md5 e6950bd317dabe3b41bf7738c248e7ee)"
2013,NADIA,RANAGHAT-II,DUTTAFULIA,"doi:10.7910/DVN/ZHF9WC datafile 10396541 (r3-all-2013.csv.gz, md5 e6950bd317dabe3b41bf7738c248e7ee)"
2013,NADIA,RANAGHAT-II,JUGALKISHORE,"doi:10.7910/DVN/ZHF9WC datafile 10396541 (r3-all-2013.csv.gz, md5 e6950bd317dabe3b41bf7738c248e7ee)"
2013,NADIA,RANAGHAT-II,KAMALPUR,"doi:10.7910/DVN/ZHF9WC datafile 10396541 (r3-all-2013.csv.gz, md5 e6950bd317dabe3b41bf7738c248e7ee)"
2013,NADIA,RANAGHAT-II,MAJHERGRAM,"doi:10.7910/DVN/ZHF9WC datafile 10396541 (r3-all-2013.csv.gz, md5 e6950bd317dabe3b41bf7738c248e7ee)"
2013,NADIA,RANAGHAT-II,NOKARI,"doi:10.7910/DVN/ZHF9WC datafile 10396541 (r3-all-2013.csv.gz, md5 e6950bd317dabe3b41bf7738c248e7ee)"
2013,NADIA,RANAGHAT-II,RAGHUNATHPUR HIJULI-I,"doi:10.7910/DVN/ZHF9WC datafile 10396541 (r3-all-2013.csv.gz, md5 e6950bd317dabe3b41bf7738c248e7ee)"
2013,NADIA,RANAGHAT-II,RAGHUNATHPUR HIJULI-II,"doi:10.7910/DVN/ZHF9WC datafile 10396541 (r3-all-2013.csv.gz, md5 e6950bd317dabe3b41bf7738c248e7ee)"
2013,NADIA,RANAGHAT-II,SHYAMNAGAR,"doi:10.7910/DVN/ZHF9WC datafile 10396541 (r3-all-2013.csv.gz, md5 e6950bd317dabe3b41bf7738c248e7ee)"
2013,BANKURA,RANIBUNDH,AMBIKANAGAR,"doi:10.7910/DVN/ZHF9WC datafile 10396541 (r3-all-2013.csv.gz, md5 e6950bd317dabe3b41bf7738c248e7ee)"
2013,BANKURA,RANIBUNDH,BARIKUL,"doi:10.7910/DVN/ZHF9WC datafile 10396541 (r3-all-2013.csv.gz, md5 e6950bd317dabe3b41bf7738c248e7ee)"
2013,BANKURA,RANIBUNDH,HALUDKANALI,"doi:10.7910/DVN/ZHF9WC datafile 10396541 (r3-all-2013.csv.gz, md5 e6950bd317dabe3b41bf7738c248e7ee)"
2013,BANKURA,RANIBUNDH,PUDDI,"doi:10.7910/DVN/ZHF9WC datafile 10396541 (r3-all-2013.csv.gz, md5 e6950bd317dabe3b41bf7738c248e7ee)"
2013,BANKURA,RANIBUNDH,RAJAKATA,"doi:10.7910/DVN/ZHF9WC datafile 10396541 (r3-all-2013.csv.gz, md5 e6950bd317dabe3b41bf7738c248e7ee)"
2013,BANKURA,RANIBUNDH,RANIBANDH,"doi:10.7910/DVN/ZHF9WC datafile 10396541 (r3-all-2013.csv.gz, md5 e6950bd317dabe3b41bf7738c248e7ee)"
2013,BANKURA,RANIBUNDH,RAUTORA,"doi:10.7910/DVN/ZHF9WC datafile 10396541 (r3-all-2013.csv.gz, md5 e6950bd317dabe3b41bf7738c248e7ee)"
2013,BANKURA,RANIBUNDH,RUDRA,"doi:10.7910/DVN/ZHF9WC datafile 10396541 (r3-all-2013.csv.gz, md5 e6950bd317dabe3b41bf7738c248e7ee)"
2013,PASCHIM BARDHAMAN,RANIGANJ,AMRASOTA,"doi:10.7910/DVN/ZHF9WC datafile 10396541 (r3-all-2013.csv.gz, md5 e6950bd317dabe3b41bf7738c248e7ee)"
2013,PASCHIM BARDHAMAN,RANIGANJ,BALLAVPUR,"doi:10.7910/DVN/ZHF9WC datafile 10396541 (r3-all-2013.csv.gz, md5 e6950bd317dabe3b41bf7738c248e7ee)"
2013,PASCHIM BARDHAMAN,RANIGANJ,EGRA,"doi:10.7910/DVN/ZHF9WC datafile 10396541 (r3-all-2013.csv.gz, md5 e6950bd317dabe3b41bf7738c248e7ee)"
2013,PASCHIM BARDHAMAN,RANIGANJ,JEMERI,"doi:10.7910/DVN/ZHF9WC datafile 10396541 (r3-all-2013.csv.gz, md5 e6950bd317dabe3b41bf7738c248e7ee)"
2013,PASCHIM BARDHAMAN,RANIGANJ,RATIBATI,"doi:10.7910/DVN/ZHF9WC datafile 10396541 (r3-all-2013.csv.gz, md5 e6950bd317dabe3b41bf7738c248e7ee)"
2013,PASCHIM BARDHAMAN,RANIGANJ,TIRAT,"doi:10.7910/DVN/ZHF9WC datafile 10396541 (r3-all-2013.csv.gz, md5 e6950bd317dabe3b41bf7738c248e7ee)"
2013,MURSHIDABAD,RANINAGAR-I,HERAMPUR,"doi:10.7910/DVN/ZHF9WC datafile 10396541 (r3-all-2013.csv.gz, md5 e6950bd317dabe3b41bf7738c248e7ee)"
2013,MURSHIDABAD,RANINAGAR-I,HURSHI,"doi:10.7910/DVN/ZHF9WC datafile 10396541 (r3-all-2013.csv.gz, md5 e6950bd317dabe3b41bf7738c248e7ee)"
2013,MURSHIDABAD,RANINAGAR-I,ISLAMPURCHAK,"doi:10.7910/DVN/ZHF9WC datafile 10396541 (r3-all-2013.csv.gz, md5 e6950bd317dabe3b41bf7738c248e7ee)"
2013,MURSHIDABAD,RANINAGAR-I,LOCHANPUR,"doi:10.7910/DVN/ZHF9WC datafile 10396541 (r3-all-2013.csv.gz, md5 e6950bd317dabe3b41bf7738c248e7ee)"
2013,MURSHIDABAD,RANINAGAR-I,PAHARPUR,"doi:10.7910/DVN/ZHF9WC datafile 10396541 (r3-all-2013.csv.gz, md5 e6950bd317dabe3b41bf7738c248e7ee)"
2013,MURSHIDABAD,RANINAGAR-I,TENKARAIPUR BALUMATI,"doi:10.7910/DVN/ZHF9WC datafile 10396541 (r3-all-2013.csv.gz, md5 e6950bd317dabe3b41bf7738c248e7ee)"
2013,MURSHIDABAD,RANINAGAR-II,KALINAGAR-I,"doi:10.7910/DVN/ZHF9WC datafile 10396541 (r3-all-2013.csv.gz, md5 e6950bd317dabe3b41bf7738c248e7ee)"
2013,MURSHIDABAD,RANINAGAR-II,KALINAGAR-II,"doi:10.7910/DVN/ZHF9WC datafile 10396541 (r3-all-2013.csv.gz, md5 e6950bd317dabe3b41bf7738c248e7ee)"
2013,MURSHIDABAD,RANINAGAR-II,KATLAMARI-I,"doi:10.7910/DVN/ZHF9WC datafile 10396541 (r3-all-2013.csv.gz, md5 e6950bd317dabe3b41bf7738c248e7ee)"
2013,MURSHIDABAD,RANINAGAR-II,KATLAMARI-II,"doi:10.7910/DVN/ZHF9WC datafile 10396541 (r3-all-2013.csv.gz, md5 e6950bd317dabe3b41bf7738c248e7ee)"
2013,MURSHIDABAD,RANINAGAR-II,MALIBARI-I,"doi:10.7910/DVN/ZHF9WC datafile 10396541 (r3-all-2013.csv.gz, md5 e6950bd317dabe3b41bf7738c248e7ee)"
2013,MURSHIDABAD,RANINAGAR-II,MALIBARI-II,"doi:10.7910/DVN/ZHF9WC datafile 10396541 (r3-all-2013.csv.gz, md5 e6950bd317dabe3b41bf7738c248e7ee)"
2013,MURSHIDABAD,RANINAGAR-II,RAJAPUR,"doi:10.7910/DVN/ZHF9WC datafile 10396541 (r3-all-2013.csv.gz, md5 e6950bd317dabe3b41bf7738c248e7ee)"
2013,MURSHIDABAD,RANINAGAR-II,RANINAGAR-I,"doi:10.7910/DVN/ZHF9WC datafile 10396541 (r3-all-2013.csv.gz, md5 e6950bd317dabe3b41bf7738c248e7ee)"
2013,MURSHIDABAD,RANINAGAR-II,RANINAGAR-II,"doi:10.7910/DVN/ZHF9WC datafile 10396541 (r3-all-2013.csv.gz, md5 e6950bd317dabe3b41bf7738c248e7ee)"
2013,MALDAH,RATUA-I,BAHARAL,"doi:10.7910/DVN/ZHF9WC datafile 10396541 (r3-all-2013.csv.gz, md5 e6950bd317dabe3b41bf7738c248e7ee)"
2013,MALDAH,RATUA-I,BHADO,"doi:10.7910/DVN/ZHF9WC datafile 10396541 (r3-all-2013.csv.gz, md5 e6950bd317dabe3b41bf7738c248e7ee)"
2013,MALDAH,RATUA-I,BILAIMARI,"doi:10.7910/DVN/ZHF9WC datafile 10396541 (r3-all-2013.csv.gz, md5 e6950bd317dabe3b41bf7738c248e7ee)"
2013,MALDAH,RATUA-I,CHANDMONI-I,"doi:10.7910/DVN/ZHF9WC datafile 10396541 (r3-all-2013.csv.gz, md5 e6950bd317dabe3b41bf7738c248e7ee)"
2013,MALDAH,RATUA-I,CHANDMONI-II,"doi:10.7910/DVN/ZHF9WC datafile 10396541 (r3-all-2013.csv.gz, md5 e6950bd317dabe3b41bf7738c248e7ee)"
2013,MALDAH,RATUA-I,DEBIPUR,"doi:10.7910/DVN/ZHF9WC datafile 10396541 (r3-all-2013.csv.gz, md5 e6950bd317dabe3b41bf7738c248e7ee)"
2013,MALDAH,RATUA-I,KAHALA,"doi:10.7910/DVN/ZHF9WC datafile 10396541 (r3-all-2013.csv.gz, md5 e6950bd317dabe3b41bf7738c248e7ee)"
2013,MALDAH,RATUA-I,MAHANANDATOLA,"doi:10.7910/DVN/ZHF9WC datafile 10396541 (r3-all-2013.csv.gz, md5 e6950bd317dabe3b41bf7738c248e7ee)"
2013,MALDAH,RATUA-I,RATUA,"doi:10.7910/DVN/ZHF9WC datafile 10396541 (r3-all-2013.csv.gz, md5 e6950bd317dabe3b41bf7738c248e7ee)"
2013,MALDAH,RATUA-I,SAMSI,"doi:10.7910/DVN/ZHF9WC datafile 10396541 (r3-all-2013.csv.gz, md5 e6950bd317dabe3b41bf7738c248e7ee)"
2013,MALDAH,RATUA-II,ARAIDANGA,"doi:10.7910/DVN/ZHF9WC datafile 10396541 (r3-all-2013.csv.gz, md5 e6950bd317dabe3b41bf7738c248e7ee)"
2013,MALDAH,RATUA-II,MAHARAJPUR,"doi:10.7910/DVN/ZHF9WC datafile 10396541 (r3-all-2013.csv.gz, md5 e6950bd317dabe3b41bf7738c248e7ee)"
2013,MALDAH,RATUA-II,PARANPUR,"doi:10.7910/DVN/ZHF9WC datafile 10396541 (r3-all-2013.csv.gz, md5 e6950bd317dabe3b41bf7738c248e7ee)"
2013,MALDAH,RATUA-II,PEERGANJ,"doi:10.7910/DVN/ZHF9WC datafile 10396541 (r3-all-2013.csv.gz, md5 e6950bd317dabe3b41bf7738c248e7ee)"
2013,MALDAH,RATUA-II,PUKHURIA,"doi:10.7910/DVN/ZHF9WC datafile 10396541 (r3-all-2013.csv.gz, md5 e6950bd317dabe3b41bf7738c248e7ee)"
2013,MALDAH,RATUA-II,SAMBALPUR,"doi:10.7910/DVN/ZHF9WC datafile 10396541 (r3-all-2013.csv.gz, md5 e6950bd317dabe3b41bf7738c248e7ee)"
2013,MALDAH,RATUA-II,SREEPUR-I,"doi:10.7910/DVN/ZHF9WC datafile 10396541 (r3-all-2013.csv.gz, md5 e6950bd317dabe3b41bf7738c248e7ee)"
2013,MALDAH,RATUA-II,SREEPUR-II,"doi:10.7910/DVN/ZHF9WC datafile 10396541 (r3-all-2013.csv.gz, md5 e6950bd317dabe3b41bf7738c248e7ee)"
2013,Darjeeling Gorkha Hill Council (DGHC),RONGLI RONGLIOT,LABDAH,"doi:10.7910/DVN/ZHF9WC datafile 10396541 (r3-all-2013.csv.gz, md5 e6950bd317dabe3b41bf7738c248e7ee)"
2013,Darjeeling Gorkha Hill Council (DGHC),RONGLI RONGLIOT,LAMAHATTA,"doi:10.7910/DVN/ZHF9WC datafile 10396541 (r3-all-2013.csv.gz, md5 e6950bd317dabe3b41bf7738c248e7ee)"
2013,Darjeeling Gorkha Hill Council (DGHC),RONGLI RONGLIOT,MANEYDARA,"doi:10.7910/DVN/ZHF9WC datafile 10396541 (r3-all-2013.csv.gz, md5 e6950bd317dabe3b41bf7738c248e7ee)"
2013,Darjeeling Gorkha Hill Council (DGHC),RONGLI RONGLIOT,PUBANG-RAMPURIA,"doi:10.7910/DVN/ZHF9WC datafile 10396541 (r3-all-2013.csv.gz, md5 e6950bd317dabe3b41bf7738c248e7ee)"
2013,Darjeeling Gorkha Hill Council (DGHC),RONGLI RONGLIOT,RANGLI,"doi:10.7910/DVN/ZHF9WC datafile 10396541 (r3-all-2013.csv.gz, md5 e6950bd317dabe3b41bf7738c248e7ee)"
2013,Darjeeling Gorkha Hill Council (DGHC),RONGLI RONGLIOT,RESSEP,"doi:10.7910/DVN/ZHF9WC datafile 10396541 (r3-all-2013.csv.gz, md5 e6950bd317dabe3b41bf7738c248e7ee)"
2013,Darjeeling Gorkha Hill Council (DGHC),RONGLI RONGLIOT,RONGCHONG,"doi:10.7910/DVN/ZHF9WC datafile 10396541 (r3-all-2013.csv.gz, md5 e6950bd317dabe3b41bf7738c248e7ee)"
2013,Darjeeling Gorkha Hill Council (DGHC),RONGLI RONGLIOT,SINGRIMATAM,"doi:10.7910/DVN/ZHF9WC datafile 10396541 (r3-all-2013.csv.gz, md5 e6950bd317dabe3b41bf7738c248e7ee)"
2013,Darjeeling Gorkha Hill Council (DGHC),RONGLI RONGLIOT,TACKLING-I,"doi:10.7910/DVN/ZHF9WC datafile 10396541 (r3-all-2013.csv.gz, md5 e6950bd317dabe3b41bf7738c248e7ee)"
2013,Darjeeling Gorkha Hill Council (DGHC),RONGLI RONGLIOT,TACKLING-II,"doi:10.7910/DVN/ZHF9WC datafile 10396541 (r3-all-2013.csv.gz, md5 e6950bd317dabe3b41bf7738c248e7ee)"
2013,Darjeeling Gorkha Hill Council (DGHC),RONGLI RONGLIOT,TAKDAH,"doi:10.7910/DVN/ZHF9WC datafile 10396541 (r3-all-2013.csv.gz, md5 e6950bd317dabe3b41bf7738c248e7ee)"
2013,PASCHIM MEDINIPUR,SABANG,BALPAI,"doi:10.7910/DVN/ZHF9WC datafile 10396541 (r3-all-2013.csv.gz, md5 e6950bd317dabe3b41bf7738c248e7ee)"
2013,PASCHIM MEDINIPUR,SABANG,BHEMUA,"doi:10.7910/DVN/ZHF9WC datafile 10396541 (r3-all-2013.csv.gz, md5 e6950bd317dabe3b41bf7738c248e7ee)"
2013,PASCHIM MEDINIPUR,SABANG,BISHNUPUR,"doi:10.7910/DVN/ZHF9WC datafile 10396541 (r3-all-2013.csv.gz, md5 e6950bd317dabe3b41bf7738c248e7ee)"
2013,PASCHIM MEDINIPUR,SABANG,BURAL,"doi:10.7910/DVN/ZHF9WC datafile 10396541 (r3-all-2013.csv.gz, md5 e6950bd317dabe3b41bf7738c248e7ee)"
2013,PASCHIM MEDINIPUR,SABANG,CHAULKURI,"doi:10.7910/DVN/ZHF9WC datafile 10396541 (r3-all-2013.csv.gz, md5 e6950bd317dabe3b41bf7738c248e7ee)"
2013,PASCHIM MEDINIPUR,SABANG,DANRRA,"doi:10.7910/DVN/ZHF9WC datafile 10396541 (r3-all-2013.csv.gz, md5 e6950bd317dabe3b41bf7738c248e7ee)"
2013,PASCHIM MEDINIPUR,SABANG,DASHGRAM,"doi:10.7910/DVN/ZHF9WC datafile 10396541 (r3-all-2013.csv.gz, md5 e6950bd317dabe3b41bf7738c248e7ee)"
2013,PASCHIM MEDINIPUR,SABANG,DEBHOG,"doi:10.7910/DVN/ZHF9WC datafile 10396541 (r3-all-2013.csv.gz, md5 e6950bd317dabe3b41bf7738c248e7ee)"
2013,PASCHIM MEDINIPUR,SABANG,MOHAR,"doi:10.7910/DVN/ZHF9WC datafile 10396541 (r3-all-2013.csv.gz, md5 e6950bd317dabe3b41bf7738c248e7ee)"
2013,PASCHIM MEDINIPUR,SABANG,NARAYANBARH,"doi:10.7910/DVN/ZHF9WC datafile 10396541 (r3-all-2013.csv.gz, md5 e6950bd317dabe3b41bf7738c248e7ee)"
2013,PASCHIM MEDINIPUR,SABANG,NAWGAON,"doi:10.7910/DVN/ZHF9WC datafile 10396541 (r3-all-2013.csv.gz, md5 e6950bd317dabe3b41bf7738c248e7ee)"
2013,PASCHIM MEDINIPUR,SABANG,SABANG,"doi:10.7910/DVN/ZHF9WC datafile 10396541 (r3-all-2013.csv.gz, md5 e6950bd317dabe3b41bf7738c248e7ee)"
2013,PASCHIM MEDINIPUR,SABANG,SHARTA,"doi:10.7910/DVN/ZHF9WC datafile 10396541 (r3-all-2013.csv.gz, md5 e6950bd317dabe3b41bf7738c248e7ee)"
2013,24 PARGANAS SOUTH,SAGAR,DHABLAT,"doi:10.7910/DVN/ZHF9WC datafile 10396541 (r3-all-2013.csv.gz, md5 e6950bd317dabe3b41bf7738c248e7ee)"
2013,24 PARGANAS SOUTH,SAGAR,DHASPARA SUMATINAGAR-I,"doi:10.7910/DVN/ZHF9WC datafile 10396541 (r3-all-2013.csv.gz, md5 e6950bd317dabe3b41bf7738c248e7ee)"
2013,24 PARGANAS SOUTH,SAGAR,DHASPARA SUMATINAGAR-II,"doi:10.7910/DVN/ZHF9WC datafile 10396541 (r3-all-2013.csv.gz, md5 e6950bd317dabe3b41bf7738c248e7ee)"
2013,24 PARGANAS SOUTH,SAGAR,GANGASAGAR,"doi:10.7910/DVN/ZHF9WC datafile 10396541 (r3-all-2013.csv.gz, md5 e6950bd317dabe3b41bf7738c248e7ee)"
2013,24 PARGANAS SOUTH,SAGAR,GHORAMARA,"doi:10.7910/DVN/ZHF9WC datafile 10396541 (r3-all-2013.csv.gz, md5 e6950bd317dabe3b41bf7738c248e7ee)"
2013,24 PARGANAS SOUTH,SAGAR,MURIGANGA-I,"doi:10.7910/DVN/ZHF9WC datafile 10396541 (r3-all-2013.csv.gz, md5 e6950bd317dabe3b41bf7738c248e7ee)"
2013,24 PARGANAS SOUTH,SAGAR,MURIGANGA-II,"doi:10.7910/DVN/ZHF9WC datafile 10396541 (r3-all-2013.csv.gz, md5 e6950bd317dabe3b41bf7738c248e7ee)"
2013,24 PARGANAS SOUTH,SAGAR,RAMKARCHAR,"doi:10.7910/DVN/ZHF9WC datafile 10396541 (r3-all-2013.csv.gz, md5 e6950bd317dabe3b41bf7738c248e7ee)"
2013,24 PARGANAS SOUTH,SAGAR,RUDRANAGAR,"doi:10.7910/DVN/ZHF9WC datafile 10396541 (r3-all-2013.csv.gz, md5 e6950bd317dabe3b41bf7738c248e7ee)"
2013,MURSHIDABAD,SAGARDIGHI,BALIA,"doi:10.7910/DVN/ZHF9WC datafile 10396541 (r3-all-2013.csv.gz, md5 e6950bd317dabe3b41bf7738c248e7ee)"
2013,MURSHIDABAD,SAGARDIGHI,BANNYESWAR,"doi:10.7910/DVN/ZHF9WC datafile 10396541 (r3-all-2013.csv.gz, md5 e6950bd317dabe3b41bf7738c248e7ee)"
2013,MURSHIDABAD,SAGARDIGHI,BARALA,"doi:10.7910/DVN/ZHF9WC datafile 10396541 (r3-all-2013.csv.gz, md5 e6950bd317dabe3b41bf7738c248e7ee)"
2013,MURSHIDABAD,SAGARDIGHI,BOKHARA-I,"doi:10.7910/DVN/ZHF9WC datafile 10396541 (r3-all-2013.csv.gz, md5 e6950bd317dabe3b41bf7738c248e7ee)"
2013,MURSHIDABAD,SAGARDIGHI,BOKHARA-II,"doi:10.7910/DVN/ZHF9WC datafile 10396541 (r3-all-2013.csv.gz, md5 e6950bd317dabe3b41bf7738c248e7ee)"
2013,MURSHIDABAD,SAGARDIGHI,GOBORDHANDANGA,"doi:10.7910/DVN/ZHF9WC datafile 10396541 (r3-all-2013.csv.gz, md5 e6950bd317dabe3b41bf7738c248e7ee)"
2013,MURSHIDABAD,SAGARDIGHI,KABILPUR,"doi:10.7910/DVN/ZHF9WC datafile 10396541 (r3-all-2013.csv.gz, md5 e6950bd317dabe3b41bf7738c248e7ee)"
2013,MURSHIDABAD,SAGARDIGHI,MONIGRAM,"doi:10.7910/DVN/ZHF9WC datafile 10396541 (r3-all-2013.csv.gz, md5 e6950bd317dabe3b41bf7738c248e7ee)"
2013,MURSHIDABAD,SAGARDIGHI,MOREGRAM,"doi:10.7910/DVN/ZHF9WC datafile 10396541 (r3-all-2013.csv.gz, md5 e6950bd317dabe3b41bf7738c248e7ee)"
2013,MURSHIDABAD,SAGARDIGHI,PATKELDANGA,"doi:10.7910/DVN/ZHF9WC datafile 10396541 (r3-all-2013.csv.gz, md5 e6950bd317dabe3b41bf7738c248e7ee)"
2013,MURSHIDABAD,SAGARDIGHI,SAGARDIGHI,"doi:10.7910/DVN/ZHF9WC datafile 10396541 (r3-all-2013.csv.gz, md5 e6950bd317dabe3b41bf7738c248e7ee)"
2013,BIRBHUM,SAINTHIA,AHMEDPUR,"doi:10.7910/DVN/ZHF9WC datafile 10396541 (r3-all-2013.csv.gz, md5 e6950bd317dabe3b41bf7738c248e7ee)"
2013,BIRBHUM,SAINTHIA,AMARPUR,"doi:10.7910/DVN/ZHF9WC datafile 10396541 (r3-all-2013.csv.gz, md5 e6950bd317dabe3b41bf7738c248e7ee)"
2013,BIRBHUM,SAINTHIA,BANAGRAM,"doi:10.7910/DVN/ZHF9WC datafile 10396541 (r3-all-2013.csv.gz, md5 e6950bd317dabe3b41bf7738c248e7ee)"
2013,BIRBHUM,SAINTHIA,BHROMORKOL,"doi:10.7910/DVN/ZHF9WC datafile 10396541 (r3-all-2013.csv.gz, md5 e6950bd317dabe3b41bf7738c248e7ee)"
2013,BIRBHUM,SAINTHIA,DERIAPUR,"doi:10.7910/DVN/ZHF9WC datafile 10396541 (r3-all-2013.csv.gz, md5 e6950bd317dabe3b41bf7738c248e7ee)"
2013,BIRBHUM,SAINTHIA,FULUR,"doi:10.7910/DVN/ZHF9WC datafile 10396541 (r3-all-2013.csv.gz, md5 e6950bd317dabe3b41bf7738c248e7ee)"
2013,BIRBHUM,SAINTHIA,HATORA,"doi:10.7910/DVN/ZHF9WC datafile 10396541 (r3-all-2013.csv.gz, md5 e6950bd317dabe3b41bf7738c248e7ee)"
2013,BIRBHUM,SAINTHIA,HORISARA,"doi:10.7910/DVN/ZHF9WC datafile 10396541 (r3-all-2013.csv.gz, md5 e6950bd317dabe3b41bf7738c248e7ee)"
2013,BIRBHUM,SAINTHIA,MATHPALSA,"doi:10.7910/DVN/ZHF9WC datafile 10396541 (r3-all-2013.csv.gz, md5 e6950bd317dabe3b41bf7738c248e7ee)"
2013,BIRBHUM,SAINTHIA,PANRUI,"doi:10.7910/DVN/ZHF9WC datafile 10396541 (r3-all-2013.csv.gz, md5 e6950bd317dabe3b41bf7738c248e7ee)"
2013,BIRBHUM,SAINTHIA,SANGRA,"doi:10.7910/DVN/ZHF9WC datafile 10396541 (r3-all-2013.csv.gz, md5 e6950bd317dabe3b41bf7738c248e7ee)"
2013,BIRBHUM,SAINTHIA,SREENIDHIPUR,"doi:10.7910/DVN/ZHF9WC datafile 10396541 (r3-all-2013.csv.gz, md5 e6950bd317dabe3b41bf7738c248e7ee)"
2013,PASCHIM BARDHAMAN,SALANPUR,ACCHRA,"doi:10.7910/DVN/ZHF9WC datafile 10396541 (r3-all-2013.csv.gz, md5 e6950bd317dabe3b41bf7738c248e7ee)"
2013,PASCHIM BARDHAMAN,SALANPUR,ALLADI,"doi:10.7910/DVN/ZHF9WC datafile 10396541 (r3-all-2013.csv.gz, md5 e6950bd317dabe3b41bf7738c248e7ee)"
2013,PASCHIM BARDHAMAN,SALANPUR,BASUDEBPUR-JEMARI,"doi:10.7910/DVN/ZHF9WC datafile 10396541 (r3-all-2013.csv.gz, md5 e6950bd317dabe3b41bf7738c248e7ee)"
2013,PASCHIM BARDHAMAN,SALANPUR,DENDUA,"doi:10.7910/DVN/ZHF9WC datafile 10396541 (r3-all-2013.csv.gz, md5 e6950bd317dabe3b41bf7738c248e7ee)"
2013,PASCHIM BARDHAMAN,SALANPUR,ETHORA,"doi:10.7910/DVN/ZHF9WC datafile 10396541 (r3-all-2013.csv.gz, md5 e6950bd317dabe3b41bf7738c248e7ee)"
2013,PASCHIM BARDHAMAN,SALANPUR,FULBERIA-BOLKUNDA,"doi:10.7910/DVN/ZHF9WC datafile 10396541 (r3-all-2013.csv.gz, md5 e6950bd317dabe3b41bf7738c248e7ee)"
2013,PASCHIM BARDHAMAN,SALANPUR,JITPUR-UTTARRAMPUR,"doi:10.7910/DVN/ZHF9WC datafile 10396541 (r3-all-2013.csv.gz, md5 e6950bd317dabe3b41bf7738c248e7ee)"
2013,PASCHIM BARDHAMAN,SALANPUR,KALLYA,"doi:10.7910/DVN/ZHF9WC datafile 10396541 (r3-all-2013.csv.gz, md5 e6950bd317dabe3b41bf7738c248e7ee)"
2013,PASCHIM BARDHAMAN,SALANPUR,RUPNARAYANPUR,"doi:10.7910/DVN/ZHF9WC datafile 10396541 (r3-all-2013.csv.gz, md5 e6950bd317dabe3b41bf7738c248e7ee)"
2013,PASCHIM BARDHAMAN,SALANPUR,SALANPUR,"doi:10.7910/DVN/ZHF9WC datafile 10396541 (r3-all-2013.csv.gz, md5 e6950bd317dabe3b41bf7738c248e7ee)"
2013,PASCHIM BARDHAMAN,SALANPUR,SAMDI,"doi:10.7910/DVN/ZHF9WC datafile 10396541 (r3-all-2013.csv.gz, md5 e6950bd317dabe3b41bf7738c248e7ee)"
2013,PASCHIM MEDINIPUR,SALBANI,BANKIBANDH,"doi:10.7910/DVN/ZHF9WC datafile 10396541 (r3-all-2013.csv.gz, md5 e6950bd317dabe3b41bf7738c248e7ee)"
2013,PASCHIM MEDINIPUR,SALBANI,BHIMPUR,"doi:10.7910/DVN/ZHF9WC datafile 10396541 (r3-all-2013.csv.gz, md5 e6950bd317dabe3b41bf7738c248e7ee)"
2013,PASCHIM MEDINIPUR,SALBANI,BISHNUPUR,"doi:10.7910/DVN/ZHF9WC datafile 10396541 (r3-all-2013.csv.gz, md5 e6950bd317dabe3b41bf7738c248e7ee)"
2013,PASCHIM MEDINIPUR,SALBANI,DEBAGRAM,"doi:10.7910/DVN/ZHF9WC datafile 10396541 (r3-all-2013.csv.gz, md5 e6950bd317dabe3b41bf7738c248e7ee)"
2013,PASCHIM MEDINIPUR,SALBANI,GARHMAL,"doi:10.7910/DVN/ZHF9WC datafile 10396541 (r3-all-2013.csv.gz, md5 e6950bd317dabe3b41bf7738c248e7ee)"
2013,PASCHIM MEDINIPUR,SALBANI,KARNAGARH,"doi:10.7910/DVN/ZHF9WC datafile 10396541 (r3-all-2013.csv.gz, md5 e6950bd317dabe3b41bf7738c248e7ee)"
2013,PASCHIM MEDINIPUR,SALBANI,KASHIJORA,"doi:10.7910/DVN/ZHF9WC datafile 10396541 (r3-all-2013.csv.gz, md5 e6950bd317dabe3b41bf7738c248e7ee)"
2013,PASCHIM MEDINIPUR,SALBANI,LALGERIA,"doi:10.7910/DVN/ZHF9WC datafile 10396541 (r3-all-2013.csv.gz, md5 e6950bd317dabe3b41bf7738c248e7ee)"
2013,PASCHIM MEDINIPUR,SALBANI,SHALBONI,"doi:10.7910/DVN/ZHF9WC datafile 10396541 (r3-all-2013.csv.gz, md5 e6950bd317dabe3b41bf7738c248e7ee)"
2013,PASCHIM MEDINIPUR,SALBANI,SHATPATI,"doi:10.7910/DVN/ZHF9WC datafile 10396541 (r3-all-2013.csv.gz, md5 e6950bd317dabe3b41bf7738c248e7ee)"
2013,BANKURA,SALTORA,BAMUNTOR,"doi:10.7910/DVN/ZHF9WC datafile 10396541 (r3-all-2013.csv.gz, md5 e6950bd317dabe3b41bf7738c248e7ee)"
2013,BANKURA,SALTORA,DHEKIA,"doi:10.7910/DVN/ZHF9WC datafile 10396541 (r3-all-2013.csv.gz, md5 e6950bd317dabe3b41bf7738c248e7ee)"
2013,BANKURA,SALTORA,GOGRA,"doi:10.7910/DVN/ZHF9WC datafile 10396541 (r3-all-2013.csv.gz, md5 e6950bd317dabe3b41bf7738c248e7ee)"
2013,BANKURA,SALTORA,KANURI,"doi:10.7910/DVN/ZHF9WC datafile 10396541 (r3-all-2013.csv.gz, md5 e6950bd317dabe3b41bf7738c248e7ee)"
2013,BANKURA,SALTORA,PABRA,"doi:10.7910/DVN/ZHF9WC datafile 10396541 (r3-all-2013.csv.gz, md5 e6950bd317dabe3b41bf7738c248e7ee)"
2013,BANKURA,SALTORA,SALMA,"doi:10.7910/DVN/ZHF9WC datafile 10396541 (r3-all-2013.csv.gz, md5 e6950bd317dabe3b41bf7738c248e7ee)"
2013,BANKURA,SALTORA,SALTORA,"doi:10.7910/DVN/ZHF9WC datafile 10396541 (r3-all-2013.csv.gz, md5 e6950bd317dabe3b41bf7738c248e7ee)"
2013,BANKURA,SALTORA,TILURI,"doi:10.7910/DVN/ZHF9WC datafile 10396541 (r3-all-2013.csv.gz, md5 e6950bd317dabe3b41bf7738c248e7ee)"
2013,MURSHIDABAD,SAMSHERGANJ,BHASAIPAIKAR,"doi:10.7910/DVN/ZHF9WC datafile 10396541 (r3-all-2013.csv.gz, md5 e6950bd317dabe3b41bf7738c248e7ee)"
2013,MURSHIDABAD,SAMSHERGANJ,BOGDADNAGAR,"doi:10.7910/DVN/ZHF9WC datafile 10396541 (r3-all-2013.csv.gz, md5 e6950bd317dabe3b41bf7738c248e7ee)"
2013,MURSHIDABAD,SAMSHERGANJ,CHACHANDA,"doi:10.7910/DVN/ZHF9WC datafile 10396541 (r3-all-2013.csv.gz, md5 e6950bd317dabe3b41bf7738c248e7ee)"
2013,MURSHIDABAD,SAMSHERGANJ,DOGACHHI NAPARA,"doi:10.7910/DVN/ZHF9WC datafile 10396541 (r3-all-2013.csv.gz, md5 e6950bd317dabe3b41bf7738c248e7ee)"
2013,MURSHIDABAD,SAMSHERGANJ,GAJINAGAR MALANCHA,"doi:10.7910/DVN/ZHF9WC datafile 10396541 (r3-all-2013.csv.gz, md5 e6950bd317dabe3b41bf7738c248e7ee)"
2013,MURSHIDABAD,SAMSHERGANJ,KANCHANTALA,"doi:10.7910/DVN/ZHF9WC datafile 10396541 (r3-all-2013.csv.gz, md5 e6950bd317dabe3b41bf7738c248e7ee)"
2013,MURSHIDABAD,SAMSHERGANJ,NIMTITA,"doi:10.7910/DVN/ZHF9WC datafile 10396541 (r3-all-2013.csv.gz, md5 e6950bd317dabe3b41bf7738c248e7ee)"
2013,MURSHIDABAD,SAMSHERGANJ,PRATAPGANJ,"doi:10.7910/DVN/ZHF9WC datafile 10396541 (r3-all-2013.csv.gz, md5 e6950bd317dabe3b41bf7738c248e7ee)"
2013,MURSHIDABAD,SAMSHERGANJ,TINPUKURIA,"doi:10.7910/DVN/ZHF9WC datafile 10396541 (r3-all-2013.csv.gz, md5 e6950bd317dabe3b41bf7738c248e7ee)"
2013,24 PARGANAS (NORTH),SANDESHKHALI-I,BAYERMARI-I,"doi:10.7910/DVN/ZHF9WC datafile 10396541 (r3-all-2013.csv.gz, md5 e6950bd317dabe3b41bf7738c248e7ee)"
2013,24 PARGANAS (NORTH),SANDESHKHALI-I,BAYERMARI-II,"doi:10.7910/DVN/ZHF9WC datafile 10396541 (r3-all-2013.csv.gz, md5 e6950bd317dabe3b41bf7738c248e7ee)"
2013,24 PARGANAS (NORTH),SANDESHKHALI-I,HATGACHHI,"doi:10.7910/DVN/ZHF9WC datafile 10396541 (r3-all-2013.csv.gz, md5 e6950bd317dabe3b41bf7738c248e7ee)"
2013,24 PARGANAS (NORTH),SANDESHKHALI-I,KALINAGAR,"doi:10.7910/DVN/ZHF9WC datafile 10396541 (r3-all-2013.csv.gz, md5 e6950bd317dabe3b41bf7738c248e7ee)"
2013,24 PARGANAS (NORTH),SANDESHKHALI-I,NAZAT-I,"doi:10.7910/DVN/ZHF9WC datafile 10396541 (r3-all-2013.csv.gz, md5 e6950bd317dabe3b41bf7738c248e7ee)"
2013,24 PARGANAS (NORTH),SANDESHKHALI-I,NAZAT-II,"doi:10.7910/DVN/ZHF9WC datafile 10396541 (r3-all-2013.csv.gz, md5 e6950bd317dabe3b41bf7738c248e7ee)"
2013,24 PARGANAS (NORTH),SANDESHKHALI-I,SARBERIA AGARHATI,"doi:10.7910/DVN/ZHF9WC datafile 10396541 (r3-all-2013.csv.gz, md5 e6950bd317dabe3b41bf7738c248e7ee)"
2013,24 PARGANAS (NORTH),SANDESHKHALI-I,SEHERA RADHNAGAR,"doi:10.7910/DVN/ZHF9WC datafile 10396541 (r3-all-2013.csv.gz, md5 e6950bd317dabe3b41bf7738c248e7ee)"
2013,24 PARGANAS (NORTH),SANDESHKHALI-II,BERMAJUR-I,"doi:10.7910/DVN/ZHF9WC datafile 10396541 (r3-all-2013.csv.gz, md5 e6950bd317dabe3b41bf7738c248e7ee)"
2013,24 PARGANAS (NORTH),SANDESHKHALI-II,BERMAJUR-II,"doi:10.7910/DVN/ZHF9WC datafile 10396541 (r3-all-2013.csv.gz, md5 e6950bd317dabe3b41bf7738c248e7ee)"
2013,24 PARGANAS (NORTH),SANDESHKHALI-II,DURGAMANDOP,"doi:10.7910/DVN/ZHF9WC datafile 10396541 (r3-all-2013.csv.gz, md5 e6950bd317dabe3b41bf7738c248e7ee)"
2013,24 PARGANAS (NORTH),SANDESHKHALI-II,JELIAKHALI,"doi:10.7910/DVN/ZHF9WC datafile 10396541 (r3-all-2013.csv.gz, md5 e6950bd317dabe3b41bf7738c248e7ee)"
2013,24 PARGANAS (NORTH),SANDESHKHALI-II,KHULNA,"doi:10.7910/DVN/ZHF9WC datafile 10396541 (r3-all-2013.csv.gz, md5 e6950bd317dabe3b41bf7738c248e7ee)"
2013,24 PARGANAS (NORTH),SANDESHKHALI-II,KORAKATI,"doi:10.7910/DVN/ZHF9WC datafile 10396541 (r3-all-2013.csv.gz, md5 e6950bd317dabe3b41bf7738c248e7ee)"
2013,24 PARGANAS (NORTH),SANDESHKHALI-II,MANIPUR,"doi:10.7910/DVN/ZHF9WC datafile 10396541 (r3-all-2013.csv.gz, md5 e6950bd317dabe3b41bf7738c248e7ee)"
2013,24 PARGANAS (NORTH),SANDESHKHALI-II,SANDESHKHALI,"doi:10.7910/DVN/ZHF9WC datafile 10396541 (r3-all-2013.csv.gz, md5 e6950bd317dabe3b41bf7738c248e7ee)"
2013,HOWRAH,SANKRAIL,ANDUL,"doi:10.7910/DVN/ZHF9WC datafile 10396541 (r3-all-2013.csv.gz, md5 e6950bd317dabe3b41bf7738c248e7ee)"
2013,HOWRAH,SANKRAIL,BANPUR-I,"doi:10.7910/DVN/ZHF9WC datafile 10396541 (r3-all-2013.csv.gz, md5 e6950bd317dabe3b41bf7738c248e7ee)"
2013,HOWRAH,SANKRAIL,BANPUR-II,"doi:10.7910/DVN/ZHF9WC datafile 10396541 (r3-all-2013.csv.gz, md5 e6950bd317dabe3b41bf7738c248e7ee)"
2013,HOWRAH,SANKRAIL,DAKSHIN SANKRAIL,"doi:10.7910/DVN/ZHF9WC datafile 10396541 (r3-all-2013.csv.gz, md5 e6950bd317dabe3b41bf7738c248e7ee)"
2013,HOWRAH,SANKRAIL,DHULAGARI,"doi:10.7910/DVN/ZHF9WC datafile 10396541 (r3-all-2013.csv.gz, md5 e6950bd317dabe3b41bf7738c248e7ee)"
2013,HOWRAH,SANKRAIL,DUILA,"doi:10.7910/DVN/ZHF9WC datafile 10396541 (r3-all-2013.csv.gz, md5 e6950bd317dabe3b41bf7738c248e7ee)"
2013,HOWRAH,SANKRAIL,JORHAT,"doi:10.7910/DVN/ZHF9WC datafile 10396541 (r3-all-2013.csv.gz, md5 e6950bd317dabe3b41bf7738c248e7ee)"
2013,HOWRAH,SANKRAIL,KANDUA,"doi:10.7910/DVN/ZHF9WC datafile 10396541 (r3-all-2013.csv.gz, md5 e6950bd317dabe3b41bf7738c248e7ee)"
2013,HOWRAH,SANKRAIL,MANIKPUR,"doi:10.7910/DVN/ZHF9WC datafile 10396541 (r3-all-2013.csv.gz, md5 e6950bd317dabe3b41bf7738c248e7ee)"
2013,HOWRAH,SANKRAIL,MASHILA,"doi:10.7910/DVN/ZHF9WC datafile 10396541 (r3-all-2013.csv.gz, md5 e6950bd317dabe3b41bf7738c248e7ee)"
2013,HOWRAH,SANKRAIL,NALPUR,"doi:10.7910/DVN/ZHF9WC datafile 10396541 (r3-all-2013.csv.gz, md5 e6950bd317dabe3b41bf7738c248e7ee)"
2013,HOWRAH,SANKRAIL,PANCHPARA,"doi:10.7910/DVN/ZHF9WC datafile 10396541 (r3-all-2013.csv.gz, md5 e6950bd317dabe3b41bf7738c248e7ee)"
2013,HOWRAH,SANKRAIL,RAGHUDEBBATI,"doi:10.7910/DVN/ZHF9WC datafile 10396541 (r3-all-2013.csv.gz, md5 e6950bd317dabe3b41bf7738c248e7ee)"
2013,HOWRAH,SANKRAIL,SANKRAIL,"doi:10.7910/DVN/ZHF9WC datafile 10396541 (r3-all-2013.csv.gz, md5 e6950bd317dabe3b41bf7738c248e7ee)"
2013,HOWRAH,SANKRAIL,SARENGA,"doi:10.7910/DVN/ZHF9WC datafile 10396541 (r3-all-2013.csv.gz, md5 e6950bd317dabe3b41bf7738c248e7ee)"
2013,HOWRAH,SANKRAIL,THANAMAKUA,"doi:10.7910/DVN/ZHF9WC datafile 10396541 (r3-all-2013.csv.gz, md5 e6950bd317dabe3b41bf7738c248e7ee)"
2013,PASCHIM MEDINIPUR,SANKRAIL,ANDHARI,"doi:10.7910/DVN/ZHF9WC datafile 10396541 (r3-all-2013.csv.gz, md5 e6950bd317dabe3b41bf7738c248e7ee)"
2013,PASCHIM MEDINIPUR,SANKRAIL,CHHATRI,"doi:10.7910/DVN/ZHF9WC datafile 10396541 (r3-all-2013.csv.gz, md5 e6950bd317dabe3b41bf7738c248e7ee)"
2013,PASCHIM MEDINIPUR,SANKRAIL,DHANGHORI,"doi:10.7910/DVN/ZHF9WC datafile 10396541 (r3-all-2013.csv.gz, md5 e6950bd317dabe3b41bf7738c248e7ee)"
2013,PASCHIM MEDINIPUR,SANKRAIL,KHUDMORAI,"doi:10.7910/DVN/ZHF9WC datafile 10396541 (r3-all-2013.csv.gz, md5 e6950bd317dabe3b41bf7738c248e7ee)"
2013,PASCHIM MEDINIPUR,SANKRAIL,KULTIKRI,"doi:10.7910/DVN/ZHF9WC datafile 10396541 (r3-all-2013.csv.gz, md5 e6950bd317dabe3b41bf7738c248e7ee)"
2013,PASCHIM MEDINIPUR,SANKRAIL,LAUDAHA,"doi:10.7910/DVN/ZHF9WC datafile 10396541 (r3-all-2013.csv.gz, md5 e6950bd317dabe3b41bf7738c248e7ee)"
2013,PASCHIM MEDINIPUR,SANKRAIL,PATHRA,"doi:10.7910/DVN/ZHF9WC datafile 10396541 (r3-all-2013.csv.gz, md5 e6950bd317dabe3b41bf7738c248e7ee)"
2013,PASCHIM MEDINIPUR,SANKRAIL,RAGRAH,"doi:10.7910/DVN/ZHF9WC datafile 10396541 (r3-all-2013.csv.gz, md5 e6950bd317dabe3b41bf7738c248e7ee)"
2013,PASCHIM MEDINIPUR,SANKRAIL,ROHINI,"doi:10.7910/DVN/ZHF9WC datafile 10396541 (r3-all-2013.csv.gz, md5 e6950bd317dabe3b41bf7738c248e7ee)"
2013,PASCHIM MEDINIPUR,SANKRAIL,SANKRAIL,"doi:10.7910/DVN/ZHF9WC datafile 10396541 (r3-all-2013.csv.gz, md5 e6950bd317dabe3b41bf7738c248e7ee)"
2013,NADIA,SANTIPUR,ARBANDI-I,"doi:10.7910/DVN/ZHF9WC datafile 10396541 (r3-all-2013.csv.gz, md5 e6950bd317dabe3b41bf7738c248e7ee)"
2013,NADIA,SANTIPUR,ARBANDI-II,"doi:10.7910/DVN/ZHF9WC datafile 10396541 (r3-all-2013.csv.gz, md5 e6950bd317dabe3b41bf7738c248e7ee)"
2013,NADIA,SANTIPUR,BABLA,"doi:10.7910/DVN/ZHF9WC datafile 10396541 (r3-all-2013.csv.gz, md5 e6950bd317dabe3b41bf7738c248e7ee)"
2013,NADIA,SANTIPUR,BAGANCHRA,"doi:10.7910/DVN/ZHF9WC datafile 10396541 (r3-all-2013.csv.gz, md5 e6950bd317dabe3b41bf7738c248e7ee)"
2013,NADIA,SANTIPUR,BELGORIA-I,"doi:10.7910/DVN/ZHF9WC datafile 10396541 (r3-all-2013.csv.gz, md5 e6950bd317dabe3b41bf7738c248e7ee)"
2013,NADIA,SANTIPUR,BELGORIA-II,"doi:10.7910/DVN/ZHF9WC datafile 10396541 (r3-all-2013.csv.gz, md5 e6950bd317dabe3b41bf7738c248e7ee)"
2013,NADIA,SANTIPUR,FULIA TOWNSHIP,"doi:10.7910/DVN/ZHF9WC datafile 10396541 (r3-all-2013.csv.gz, md5 e6950bd317dabe3b41bf7738c248e7ee)"
2013,NADIA,SANTIPUR,GAYESHPUR,"doi:10.7910/DVN/ZHF9WC datafile 10396541 (r3-all-2013.csv.gz, md5 e6950bd317dabe3b41bf7738c248e7ee)"
2013,NADIA,SANTIPUR,HARIPUR,"doi:10.7910/DVN/ZHF9WC datafile 10396541 (r3-all-2013.csv.gz, md5 e6950bd317dabe3b41bf7738c248e7ee)"
2013,NADIA,SANTIPUR,NABLA,"doi:10.7910/DVN/ZHF9WC datafile 10396541 (r3-all-2013.csv.gz, md5 e6950bd317dabe3b41bf7738c248e7ee)"
2013,PURULIA,SANTURI,BALITORA,"doi:10.7910/DVN/ZHF9WC datafile 10396541 (r3-all-2013.csv.gz, md5 e6950bd317dabe3b41bf7738c248e7ee)"
2013,PURULIA,SANTURI,GARSIKA,"doi:10.7910/DVN/ZHF9WC datafile 10396541 (r3-all-2013.csv.gz, md5 e6950bd317dabe3b41bf7738c248e7ee)"
2013,PURULIA,SANTURI,MURADI,"doi:10.7910/DVN/ZHF9WC datafile 10396541 (r3-all-2013.csv.gz, md5 e6950bd317dabe3b41bf7738c248e7ee)"
2013,PURULIA,SANTURI,RAMCHANDRAPUR-KOTALDI,"doi:10.7910/DVN/ZHF9WC datafile 10396541 (r3-all-2013.csv.gz, md5 e6950bd317dabe3b41bf7738c248e7ee)"
2013,PURULIA,SANTURI,SANTURI,"doi:10.7910/DVN/ZHF9WC datafile 10396541 (r3-all-2013.csv.gz, md5 e6950bd317dabe3b41bf7738c248e7ee)"
2013,PURULIA,SANTURI,TARABARI,"doi:10.7910/DVN/ZHF9WC datafile 10396541 (r3-all-2013.csv.gz, md5 e6950bd317dabe3b41bf7738c248e7ee)"
2013,BANKURA,SARENGA,BIKRAMPUR,"doi:10.7910/DVN/ZHF9WC datafile 10396541 (r3-all-2013.csv.gz, md5 e6950bd317dabe3b41bf7738c248e7ee)"
2013,BANKURA,SARENGA,CHILTOR,"doi:10.7910/DVN/ZHF9WC datafile 10396541 (r3-all-2013.csv.gz, md5 e6950bd317dabe3b41bf7738c248e7ee)"
2013,BANKURA,SARENGA,GARGARLA,"doi:10.7910/DVN/ZHF9WC datafile 10396541 (r3-all-2013.csv.gz, md5 e6950bd317dabe3b41bf7738c248e7ee)"
2013,BANKURA,SARENGA,GOALBARI,"doi:10.7910/DVN/ZHF9WC datafile 10396541 (r3-all-2013.csv.gz, md5 e6950bd317dabe3b41bf7738c248e7ee)"
2013,BANKURA,SARENGA,NETURPUR,"doi:10.7910/DVN/ZHF9WC datafile 10396541 (r3-all-2013.csv.gz, md5 e6950bd317dabe3b41bf7738c248e7ee)"
2013,BANKURA,SARENGA,SARENGA,"doi:10.7910/DVN/ZHF9WC datafile 10396541 (r3-all-2013.csv.gz, md5 e6950bd317dabe3b41bf7738c248e7ee)"
2013,PURBA MEDINIPUR,SHAHID MATANGINI,BALLUK-I,"doi:10.7910/DVN/ZHF9WC datafile 10396541 (r3-all-2013.csv.gz, md5 e6950bd317dabe3b41bf7738c248e7ee)"
2013,PURBA MEDINIPUR,SHAHID MATANGINI,BALLUK-II,"doi:10.7910/DVN/ZHF9WC datafile 10396541 (r3-all-2013.csv.gz, md5 e6950bd317dabe3b41bf7738c248e7ee)"
2013,PURBA MEDINIPUR,SHAHID MATANGINI,DHALHARA,"doi:10.7910/DVN/ZHF9WC datafile 10396541 (r3-all-2013.csv.gz, md5 e6950bd317dabe3b41bf7738c248e7ee)"
2013,PURBA MEDINIPUR,SHAHID MATANGINI,KAKHARDA,"doi:10.7910/DVN/ZHF9WC datafile 10396541 (r3-all-2013.csv.gz, md5 e6950bd317dabe3b41bf7738c248e7ee)"
2013,PURBA MEDINIPUR,SHAHID MATANGINI,KHARUI-I,"doi:10.7910/DVN/ZHF9WC datafile 10396541 (r3-all-2013.csv.gz, md5 e6950bd317dabe3b41bf7738c248e7ee)"
2013,PURBA MEDINIPUR,SHAHID MATANGINI,KHARUI-II,"doi:10.7910/DVN/ZHF9WC datafile 10396541 (r3-all-2013.csv.gz, md5 e6950bd317dabe3b41bf7738c248e7ee)"
2013,PURBA MEDINIPUR,SHAHID MATANGINI,RAGHUNATHPUR-I,"doi:10.7910/DVN/ZHF9WC datafile 10396541 (r3-all-2013.csv.gz, md5 e6950bd317dabe3b41bf7738c248e7ee)"
2013,PURBA MEDINIPUR,SHAHID MATANGINI,RAGHUNATHPUR-II,"doi:10.7910/DVN/ZHF9WC datafile 10396541 (r3-all-2013.csv.gz, md5 e6950bd317dabe3b41bf7738c248e7ee)"
2013,PURBA MEDINIPUR,SHAHID MATANGINI,SANTIPUR-I,"doi:10.7910/DVN/ZHF9WC datafile 10396541 (r3-all-2013.csv.gz, md5 e6950bd317dabe3b41bf7738c248e7ee)"
2013,PURBA MEDINIPUR,SHAHID MATANGINI,SANTIPUR-II,"doi:10.7910/DVN/ZHF9WC datafile 10396541 (r3-all-2013.csv.gz, md5 e6950bd317dabe3b41bf7738c248e7ee)"
2013,HOWRAH,SHYAMPUR-I,BALICHATURI,"doi:10.7910/DVN/ZHF9WC datafile 10396541 (r3-all-2013.csv.gz, md5 e6950bd317dabe3b41bf7738c248e7ee)"
2013,HOWRAH,SHYAMPUR-I,BANESWARPUR-I,"doi:10.7910/DVN/ZHF9WC datafile 10396541 (r3-all-2013.csv.gz, md5 e6950bd317dabe3b41bf7738c248e7ee)"
2013,HOWRAH,SHYAMPUR-I,BANESWARPUR-II,"doi:10.7910/DVN/ZHF9WC datafile 10396541 (r3-all-2013.csv.gz, md5 e6950bd317dabe3b41bf7738c248e7ee)"
2013,HOWRAH,SHYAMPUR-I,BELARI,"doi:10.7910/DVN/ZHF9WC datafile 10396541 (r3-all-2013.csv.gz, md5 e6950bd317dabe3b41bf7738c248e7ee)"
2013,HOWRAH,SHYAMPUR-I,DHANDALI,"doi:10.7910/DVN/ZHF9WC datafile 10396541 (r3-all-2013.csv.gz, md5 e6950bd317dabe3b41bf7738c248e7ee)"
2013,HOWRAH,SHYAMPUR-I,DINGAKHOLA,"doi:10.7910/DVN/ZHF9WC datafile 10396541 (r3-all-2013.csv.gz, md5 e6950bd317dabe3b41bf7738c248e7ee)"
2013,HOWRAH,SHYAMPUR-I,KAMALPUR,"doi:10.7910/DVN/ZHF9WC datafile 10396541 (r3-all-2013.csv.gz, md5 e6950bd317dabe3b41bf7738c248e7ee)"
2013,HOWRAH,SHYAMPUR-I,NABAGRAM,"doi:10.7910/DVN/ZHF9WC datafile 10396541 (r3-all-2013.csv.gz, md5 e6950bd317dabe3b41bf7738c248e7ee)"
2013,HOWRAH,SHYAMPUR-I,RADHAPUR,"doi:10.7910/DVN/ZHF9WC datafile 10396541 (r3-all-2013.csv.gz, md5 e6950bd317dabe3b41bf7738c248e7ee)"
2013,HOWRAH,SHYAMPUR-I,SYAMPUR,"doi:10.7910/DVN/ZHF9WC datafile 10396541 (r3-all-2013.csv.gz, md5 e6950bd317dabe3b41bf7738c248e7ee)"
2013,HOWRAH,SHYAMPUR-II,AMARDAHA,"doi:10.7910/DVN/ZHF9WC datafile 10396541 (r3-all-2013.csv.gz, md5 e6950bd317dabe3b41bf7738c248e7ee)"
2013,HOWRAH,SHYAMPUR-II,BACHHRI,"doi:10.7910/DVN/ZHF9WC datafile 10396541 (r3-all-2013.csv.gz, md5 e6950bd317dabe3b41bf7738c248e7ee)"
2013,HOWRAH,SHYAMPUR-II,BARGRAM,"doi:10.7910/DVN/ZHF9WC datafile 10396541 (r3-all-2013.csv.gz, md5 e6950bd317dabe3b41bf7738c248e7ee)"
2013,HOWRAH,SHYAMPUR-II,DIHIMONDALGHAT-I,"doi:10.7910/DVN/ZHF9WC datafile 10396541 (r3-all-2013.csv.gz, md5 e6950bd317dabe3b41bf7738c248e7ee)"
2013,HOWRAH,SHYAMPUR-II,DIHIMONDALGHAT-II,"doi:10.7910/DVN/ZHF9WC datafile 10396541 (r3-all-2013.csv.gz, md5 e6950bd317dabe3b41bf7738c248e7ee)"
2013,HOWRAH,SHYAMPUR-II,KHARUBERIA,"doi:10.7910/DVN/ZHF9WC datafile 10396541 (r3-all-2013.csv.gz, md5 e6950bd317dabe3b41bf7738c248e7ee)"
2013,HOWRAH,SHYAMPUR-II,NAKOL,"doi:10.7910/DVN/ZHF9WC datafile 10396541 (r3-all-2013.csv.gz, md5 e6950bd317dabe3b41bf7738c248e7ee)"
2013,HOWRAH,SHYAMPUR-II,SHASHATI,"doi:10.7910/DVN/ZHF9WC datafile 10396541 (r3-all-2013.csv.gz, md5 e6950bd317dabe3b41bf7738c248e7ee)"
2013,BANKURA,SIMLAPAL,BIKRAMPUR,"doi:10.7910/DVN/ZHF9WC datafile 10396541 (r3-all-2013.csv.gz, md5 e6950bd317dabe3b41bf7738c248e7ee)"
2013,BANKURA,SIMLAPAL,DUBRAJPUR,"doi:10.7910/DVN/ZHF9WC datafile 10396541 (r3-all-2013.csv.gz, md5 e6950bd317dabe3b41bf7738c248e7ee)"
2013,BANKURA,SIMLAPAL,LAKSHMISAGAR,"doi:10.7910/DVN/ZHF9WC datafile 10396541 (r3-all-2013.csv.gz, md5 e6950bd317dabe3b41bf7738c248e7ee)"
2013,BANKURA,SIMLAPAL,MACHATORA,"doi:10.7910/DVN/ZHF9WC datafile 10396541 (r3-all-2013.csv.gz, md5 e6950bd317dabe3b41bf7738c248e7ee)"
2013,BANKURA,SIMLAPAL,MONDALGRAM,"doi:10.7910/DVN/ZHF9WC datafile 10396541 (r3-all-2013.csv.gz, md5 e6950bd317dabe3b41bf7738c248e7ee)"
2013,BANKURA,SIMLAPAL,PARSWALA,"doi:10.7910/DVN/ZHF9WC datafile 10396541 (r3-all-2013.csv.gz, md5 e6950bd317dabe3b41bf7738c248e7ee)"
2013,BANKURA,SIMLAPAL,SIMLAPAL,"doi:10.7910/DVN/ZHF9WC datafile 10396541 (r3-all-2013.csv.gz, md5 e6950bd317dabe3b41bf7738c248e7ee)"
2013,HOOGHLY,SINGUR,ANANDANAGAR,"doi:10.7910/DVN/ZHF9WC datafile 10396541 (r3-all-2013.csv.gz, md5 e6950bd317dabe3b41bf7738c248e7ee)"
2013,HOOGHLY,SINGUR,BAGDANGACHINAMORE,"doi:10.7910/DVN/ZHF9WC datafile 10396541 (r3-all-2013.csv.gz, md5 e6950bd317dabe3b41bf7738c248e7ee)"
2013,HOOGHLY,SINGUR,BAINCHIPOTA,"doi:10.7910/DVN/ZHF9WC datafile 10396541 (r3-all-2013.csv.gz, md5 e6950bd317dabe3b41bf7738c248e7ee)"
2013,HOOGHLY,SINGUR,BALARAMBATI,"doi:10.7910/DVN/ZHF9WC datafile 10396541 (r3-all-2013.csv.gz, md5 e6950bd317dabe3b41bf7738c248e7ee)"
2013,HOOGHLY,SINGUR,BARUIPARAPALTAGARH,"doi:10.7910/DVN/ZHF9WC datafile 10396541 (r3-all-2013.csv.gz, md5 e6950bd317dabe3b41bf7738c248e7ee)"
2013,HOOGHLY,SINGUR,BASUBATI,"doi:10.7910/DVN/ZHF9WC datafile 10396541 (r3-all-2013.csv.gz, md5 e6950bd317dabe3b41bf7738c248e7ee)"
2013,HOOGHLY,SINGUR,BERABERI,"doi:10.7910/DVN/ZHF9WC datafile 10396541 (r3-all-2013.csv.gz, md5 e6950bd317dabe3b41bf7738c248e7ee)"
2013,HOOGHLY,SINGUR,BIGHATI,"doi:10.7910/DVN/ZHF9WC datafile 10396541 (r3-all-2013.csv.gz, md5 e6950bd317dabe3b41bf7738c248e7ee)"
2013,HOOGHLY,SINGUR,BORA,"doi:10.7910/DVN/ZHF9WC datafile 10396541 (r3-all-2013.csv.gz, md5 e6950bd317dabe3b41bf7738c248e7ee)"
2013,HOOGHLY,SINGUR,BORAIPAHALAMPUR,"doi:10.7910/DVN/ZHF9WC datafile 10396541 (r3-all-2013.csv.gz, md5 e6950bd317dabe3b41bf7738c248e7ee)"
2013,HOOGHLY,SINGUR,GOPALNAGAR,"doi:10.7910/DVN/ZHF9WC datafile 10396541 (r3-all-2013.csv.gz, md5 e6950bd317dabe3b41bf7738c248e7ee)"
2013,HOOGHLY,SINGUR,KAMARKUNDUGOPALNAGARDALUIGACHHA,"doi:10.7910/DVN/ZHF9WC datafile 10396541 (r3-all-2013.csv.gz, md5 e6950bd317dabe3b41bf7738c248e7ee)"
2013,HOOGHLY,SINGUR,MIRZAPURBANKIPUR,"doi:10.7910/DVN/ZHF9WC datafile 10396541 (r3-all-2013.csv.gz, md5 e6950bd317dabe3b41bf7738c248e7ee)"
2013,HOOGHLY,SINGUR,NASIBPUR,"doi:10.7910/DVN/ZHF9WC datafile 10396541 (r3-all-2013.csv.gz, md5 e6950bd317dabe3b41bf7738c248e7ee)"
2013,HOOGHLY,SINGUR,SINGUR-I,"doi:10.7910/DVN/ZHF9WC datafile 10396541 (r3-all-2013.csv.gz, md5 e6950bd317dabe3b41bf7738c248e7ee)"
2013,HOOGHLY,SINGUR,SINGUR-II,"doi:10.7910/DVN/ZHF9WC datafile 10396541 (r3-all-2013.csv.gz, md5 e6950bd317dabe3b41bf7738c248e7ee)"
2013,COOCHBEHAR,SITAI,ADABARI,"doi:10.7910/DVN/ZHF9WC datafile 10396541 (r3-all-2013.csv.gz, md5 e6950bd317dabe3b41bf7738c248e7ee)"
2013,COOCHBEHAR,SITAI,BRAHMOTTAR-CHATRA,"doi:10.7910/DVN/ZHF9WC datafile 10396541 (r3-all-2013.csv.gz, md5 e6950bd317dabe3b41bf7738c248e7ee)"
2013,COOCHBEHAR,SITAI,CHAMTA,"doi:10.7910/DVN/ZHF9WC datafile 10396541 (r3-all-2013.csv.gz, md5 e6950bd317dabe3b41bf7738c248e7ee)"
2013,COOCHBEHAR,SITAI,SITAI-I,"doi:10.7910/DVN/ZHF9WC datafile 10396541 (r3-all-2013.csv.gz, md5 e6950bd317dabe3b41bf7738c248e7ee)"
2013,COOCHBEHAR,SITAI,SITAI-II,"doi:10.7910/DVN/ZHF9WC datafile 10396541 (r3-all-2013.csv.gz, md5 e6950bd317dabe3b41bf7738c248e7ee)"
2013,COOCHBEHAR,SITALKUCHI,BAROKAIMARI,"doi:10.7910/DVN/ZHF9WC datafile 10396541 (r3-all-2013.csv.gz, md5 e6950bd317dabe3b41bf7738c248e7ee)"
2013,COOCHBEHAR,SITALKUCHI,BHAWERTHANA,"doi:10.7910/DVN/ZHF9WC datafile 10396541 (r3-all-2013.csv.gz, md5 e6950bd317dabe3b41bf7738c248e7ee)"
2013,COOCHBEHAR,SITALKUCHI,CHHOTOSALBARI,"doi:10.7910/DVN/ZHF9WC datafile 10396541 (r3-all-2013.csv.gz, md5 e6950bd317dabe3b41bf7738c248e7ee)"
2013,COOCHBEHAR,SITALKUCHI,GOLENOWHATI,"doi:10.7910/DVN/ZHF9WC datafile 10396541 (r3-all-2013.csv.gz, md5 e6950bd317dabe3b41bf7738c248e7ee)"
2013,COOCHBEHAR,SITALKUCHI,GOSAIRHAT,"doi:10.7910/DVN/ZHF9WC datafile 10396541 (r3-all-2013.csv.gz, md5 e6950bd317dabe3b41bf7738c248e7ee)"
2013,COOCHBEHAR,SITALKUCHI,KHALISAMARI,"doi:10.7910/DVN/ZHF9WC datafile 10396541 (r3-all-2013.csv.gz, md5 e6950bd317dabe3b41bf7738c248e7ee)"
2013,COOCHBEHAR,SITALKUCHI,LALBAZAR,"doi:10.7910/DVN/ZHF9WC datafile 10396541 (r3-all-2013.csv.gz, md5 e6950bd317dabe3b41bf7738c248e7ee)"
2013,COOCHBEHAR,SITALKUCHI,SITALKUCHI,"doi:10.7910/DVN/ZHF9WC datafile 10396541 (r3-all-2013.csv.gz, md5 e6950bd317dabe3b41bf7738c248e7ee)"
2013,BANKURA,SONAMUKHI,DHANSHIMLA,"doi:10.7910/DVN/ZHF9WC datafile 10396541 (r3-all-2013.csv.gz, md5 e6950bd317dabe3b41bf7738c248e7ee)"
2013,BANKURA,SONAMUKHI,DHULAI,"doi:10.7910/DVN/ZHF9WC datafile 10396541 (r3-all-2013.csv.gz, md5 e6950bd317dabe3b41bf7738c248e7ee)"
2013,BANKURA,SONAMUKHI,DIHIPARA,"doi:10.7910/DVN/ZHF9WC datafile 10396541 (r3-all-2013.csv.gz, md5 e6950bd317dabe3b41bf7738c248e7ee)"
2013,BANKURA,SONAMUKHI,HAMIRHATI,"doi:10.7910/DVN/ZHF9WC datafile 10396541 (r3-all-2013.csv.gz, md5 e6950bd317dabe3b41bf7738c248e7ee)"
2013,BANKURA,SONAMUKHI,KOCHDIHI,"doi:10.7910/DVN/ZHF9WC datafile 10396541 (r3-all-2013.csv.gz, md5 e6950bd317dabe3b41bf7738c248e7ee)"
2013,BANKURA,SONAMUKHI,MANIKBAZAR,"doi:10.7910/DVN/ZHF9WC datafile 10396541 (r3-all-2013.csv.gz, md5 e6950bd317dabe3b41bf7738c248e7ee)"
2013,BANKURA,SONAMUKHI,PANCHAL,"doi:10.7910/DVN/ZHF9WC datafile 10396541 (r3-all-2013.csv.gz, md5 e6950bd317dabe3b41bf7738c248e7ee)"
2013,BANKURA,SONAMUKHI,PIYERBERA,"doi:10.7910/DVN/ZHF9WC datafile 10396541 (r3-all-2013.csv.gz, md5 e6950bd317dabe3b41bf7738c248e7ee)"
2013,BANKURA,SONAMUKHI,PURBA NABASAN,"doi:10.7910/DVN/ZHF9WC datafile 10396541 (r3-all-2013.csv.gz, md5 e6950bd317dabe3b41bf7738c248e7ee)"
2013,BANKURA,SONAMUKHI,RADHAMOHANPUR,"doi:10.7910/DVN/ZHF9WC datafile 10396541 (r3-all-2013.csv.gz, md5 e6950bd317dabe3b41bf7738c248e7ee)"
2013,24 PARGANAS SOUTH,SONAR PUR,BANGOOGHLY-I,"doi:10.7910/DVN/ZHF9WC datafile 10396541 (r3-all-2013.csv.gz, md5 e6950bd317dabe3b41bf7738c248e7ee)"
2013,24 PARGANAS SOUTH,SONAR PUR,BANHOOGHLY-II,"doi:10.7910/DVN/ZHF9WC datafile 10396541 (r3-all-2013.csv.gz, md5 e6950bd317dabe3b41bf7738c248e7ee)"
2013,24 PARGANAS SOUTH,SONAR PUR,KALIKAPUR-I,"doi:10.7910/DVN/ZHF9WC datafile 10396541 (r3-all-2013.csv.gz, md5 e6950bd317dabe3b41bf7738c248e7ee)"
2013,24 PARGANAS SOUTH,SONAR PUR,KALIKAPUR-II,"doi:10.7910/DVN/ZHF9WC datafile 10396541 (r3-all-2013.csv.gz, md5 e6950bd317dabe3b41bf7738c248e7ee)"
2013,24 PARGANAS SOUTH,SONAR PUR,KAMRABAD,"doi:10.7910/DVN/ZHF9WC datafile 10396541 (r3-all-2013.csv.gz, md5 e6950bd317dabe3b41bf7738c248e7ee)"
2013,24 PARGANAS SOUTH,SONAR PUR,KHEYADAHA-I,"doi:10.7910/DVN/ZHF9WC datafile 10396541 (r3-all-2013.csv.gz, md5 e6950bd317dabe3b41bf7738c248e7ee)"
2013,24 PARGANAS SOUTH,SONAR PUR,KHEYADAHA-II,"doi:10.7910/DVN/ZHF9WC datafile 10396541 (r3-all-2013.csv.gz, md5 e6950bd317dabe3b41bf7738c248e7ee)"
2013,24 PARGANAS SOUTH,SONAR PUR,LANGALBERIA,"doi:10.7910/DVN/ZHF9WC datafile 10396541 (r3-all-2013.csv.gz, md5 e6950bd317dabe3b41bf7738c248e7ee)"
2013,24 PARGANAS SOUTH,SONAR PUR,POLEGHAT,"doi:10.7910/DVN/ZHF9WC datafile 10396541 (r3-all-2013.csv.gz, md5 e6950bd317dabe3b41bf7738c248e7ee)"
2013,24 PARGANAS SOUTH,SONAR PUR,PRATAPNAGAR,"doi:10.7910/DVN/ZHF9WC datafile 10396541 (r3-all-2013.csv.gz, md5 e6950bd317dabe3b41bf7738c248e7ee)"
2013,24 PARGANAS SOUTH,SONAR PUR,SONARPUR-II,"doi:10.7910/DVN/ZHF9WC datafile 10396541 (r3-all-2013.csv.gz, md5 e6950bd317dabe3b41bf7738c248e7ee)"
2013,HOOGHLY,SRIRAMPORE-UTTARPARA,KANAIPUR,"doi:10.7910/DVN/ZHF9WC datafile 10396541 (r3-all-2013.csv.gz, md5 e6950bd317dabe3b41bf7738c248e7ee)"
2013,HOOGHLY,SRIRAMPORE-UTTARPARA,NABAGRAM,"doi:10.7910/DVN/ZHF9WC datafile 10396541 (r3-all-2013.csv.gz, md5 e6950bd317dabe3b41bf7738c248e7ee)"
2013,HOOGHLY,SRIRAMPORE-UTTARPARA,PAYARAPUR,"doi:10.7910/DVN/ZHF9WC datafile 10396541 (r3-all-2013.csv.gz, md5 e6950bd317dabe3b41bf7738c248e7ee)"
2013,HOOGHLY,SRIRAMPORE-UTTARPARA,RAGHUNATHPUR,"doi:10.7910/DVN/ZHF9WC datafile 10396541 (r3-all-2013.csv.gz, md5 e6950bd317dabe3b41bf7738c248e7ee)"
2013,HOOGHLY,SRIRAMPORE-UTTARPARA,RAJYADHARPUR,"doi:10.7910/DVN/ZHF9WC datafile 10396541 (r3-all-2013.csv.gz, md5 e6950bd317dabe3b41bf7738c248e7ee)"
2013,HOOGHLY,SRIRAMPORE-UTTARPARA,RISHRA,"doi:10.7910/DVN/ZHF9WC datafile 10396541 (r3-all-2013.csv.gz, md5 e6950bd317dabe3b41bf7738c248e7ee)"
2013,BIRBHUM,SURI-I,ALUNDA,"doi:10.7910/DVN/ZHF9WC datafile 10396541 (r3-all-2013.csv.gz, md5 e6950bd317dabe3b41bf7738c248e7ee)"
2013,BIRBHUM,SURI-I,BHURKUNA,"doi:10.7910/DVN/ZHF9WC datafile 10396541 (r3-all-2013.csv.gz, md5 e6950bd317dabe3b41bf7738c248e7ee)"
2013,BIRBHUM,SURI-I,KARIDHYA,"doi:10.7910/DVN/ZHF9WC datafile 10396541 (r3-all-2013.csv.gz, md5 e6950bd317dabe3b41bf7738c248e7ee)"
2013,BIRBHUM,SURI-I,KHATANGA,"doi:10.7910/DVN/ZHF9WC datafile 10396541 (r3-all-2013.csv.gz, md5 e6950bd317dabe3b41bf7738c248e7ee)"
2013,BIRBHUM,SURI-I,MALLICKPUR,"doi:10.7910/DVN/ZHF9WC datafile 10396541 (r3-all-2013.csv.gz, md5 e6950bd317dabe3b41bf7738c248e7ee)"
2013,BIRBHUM,SURI-I,NAGARI,"doi:10.7910/DVN/ZHF9WC datafile 10396541 (r3-all-2013.csv.gz, md5 e6950bd317dabe3b41bf7738c248e7ee)"
2013,BIRBHUM,SURI-I,TILPARA,"doi:10.7910/DVN/ZHF9WC datafile 10396541 (r3-all-2013.csv.gz, md5 e6950bd317dabe3b41bf7738c248e7ee)"
2013,BIRBHUM,SURI-II,ABINASHPUR,"doi:10.7910/DVN/ZHF9WC datafile 10396541 (r3-all-2013.csv.gz, md5 e6950bd317dabe3b41bf7738c248e7ee)"
2013,BIRBHUM,SURI-II,BANSHANKA,"doi:10.7910/DVN/ZHF9WC datafile 10396541 (r3-all-2013.csv.gz, md5 e6950bd317dabe3b41bf7738c248e7ee)"
2013,BIRBHUM,SURI-II,DOMDAMA,"doi:10.7910/DVN/ZHF9WC datafile 10396541 (r3-all-2013.csv.gz, md5 e6950bd317dabe3b41bf7738c248e7ee)"
2013,BIRBHUM,SURI-II,KENDUA,"doi:10.7910/DVN/ZHF9WC datafile 10396541 (r3-all-2013.csv.gz, md5 e6950bd317dabe3b41bf7738c248e7ee)"
2013,BIRBHUM,SURI-II,KOMA,"doi:10.7910/DVN/ZHF9WC datafile 10396541 (r3-all-2013.csv.gz, md5 e6950bd317dabe3b41bf7738c248e7ee)"
2013,BIRBHUM,SURI-II,PURANDARPUR,"doi:10.7910/DVN/ZHF9WC datafile 10396541 (r3-all-2013.csv.gz, md5 e6950bd317dabe3b41bf7738c248e7ee)"
2013,PURBA MEDINIPUR,SUTAHATA,ASHADTALIA,"doi:10.7910/DVN/ZHF9WC datafile 10396541 (r3-all-2013.csv.gz, md5 e6950bd317dabe3b41bf7738c248e7ee)"
2013,PURBA MEDINIPUR,SUTAHATA,CHAITANYAPUR,"doi:10.7910/DVN/ZHF9WC datafile 10396541 (r3-all-2013.csv.gz, md5 e6950bd317dabe3b41bf7738c248e7ee)"
2013,PURBA MEDINIPUR,SUTAHATA,GUABERIA,"doi:10.7910/DVN/ZHF9WC datafile 10396541 (r3-all-2013.csv.gz, md5 e6950bd317dabe3b41bf7738c248e7ee)"
2013,PURBA MEDINIPUR,SUTAHATA,HOREKHALI,"doi:10.7910/DVN/ZHF9WC datafile 10396541 (r3-all-2013.csv.gz, md5 e6950bd317dabe3b41bf7738c248e7ee)"
2013,PURBA MEDINIPUR,SUTAHATA,JOYNAGAR,"doi:10.7910/DVN/ZHF9WC datafile 10396541 (r3-all-2013.csv.gz, md5 e6950bd317dabe3b41bf7738c248e7ee)"
2013,PURBA MEDINIPUR,SUTAHATA,KUKRAHATI,"doi:10.7910/DVN/ZHF9WC datafile 10396541 (r3-all-2013.csv.gz, md5 e6950bd317dabe3b41bf7738c248e7ee)"
2013,MURSHIDABAD,SUTI-I,AHIRAN,"doi:10.7910/DVN/ZHF9WC datafile 10396541 (r3-all-2013.csv.gz, md5 e6950bd317dabe3b41bf7738c248e7ee)"
2013,MURSHIDABAD,SUTI-I,BAHUTALI,"doi:10.7910/DVN/ZHF9WC datafile 10396541 (r3-all-2013.csv.gz, md5 e6950bd317dabe3b41bf7738c248e7ee)"
2013,MURSHIDABAD,SUTI-I,BANSABATI,"doi:10.7910/DVN/ZHF9WC datafile 10396541 (r3-all-2013.csv.gz, md5 e6950bd317dabe3b41bf7738c248e7ee)"
2013,MURSHIDABAD,SUTI-I,HARUA,"doi:10.7910/DVN/ZHF9WC datafile 10396541 (r3-all-2013.csv.gz, md5 e6950bd317dabe3b41bf7738c248e7ee)"
2013,MURSHIDABAD,SUTI-I,NURPUR,"doi:10.7910/DVN/ZHF9WC datafile 10396541 (r3-all-2013.csv.gz, md5 e6950bd317dabe3b41bf7738c248e7ee)"
2013,MURSHIDABAD,SUTI-I,SADIKPUR,"doi:10.7910/DVN/ZHF9WC datafile 10396541 (r3-all-2013.csv.gz, md5 e6950bd317dabe3b41bf7738c248e7ee)"
2013,MURSHIDABAD,SUTI-II,AURANGABAD-I,"doi:10.7910/DVN/ZHF9WC datafile 10396541 (r3-all-2013.csv.gz, md5 e6950bd317dabe3b41bf7738c248e7ee)"
2013,MURSHIDABAD,SUTI-II,AURANGABAD-II,"doi:10.7910/DVN/ZHF9WC datafile 10396541 (r3-all-2013.csv.gz, md5 e6950bd317dabe3b41bf7738c248e7ee)"
2013,MURSHIDABAD,SUTI-II,BAJITPUR,"doi:10.7910/DVN/ZHF9WC datafile 10396541 (r3-all-2013.csv.gz, md5 e6950bd317dabe3b41bf7738c248e7ee)"
2013,MURSHIDABAD,SUTI-II,JAGTAI-I,"doi:10.7910/DVN/ZHF9WC datafile 10396541 (r3-all-2013.csv.gz, md5 e6950bd317dabe3b41bf7738c248e7ee)"
2013,MURSHIDABAD,SUTI-II,JAGTAI-II,"doi:10.7910/DVN/ZHF9WC datafile 10396541 (r3-all-2013.csv.gz, md5 e6950bd317dabe3b41bf7738c248e7ee)"
2013,MURSHIDABAD,SUTI-II,KASIMNAGAR,"doi:10.7910/DVN/ZHF9WC datafile 10396541 (r3-all-2013.csv.gz, md5 e6950bd317dabe3b41bf7738c248e7ee)"
2013,MURSHIDABAD,SUTI-II,LAXMIPUR,"doi:10.7910/DVN/ZHF9WC datafile 10396541 (r3-all-2013.csv.gz, md5 e6950bd317dabe3b41bf7738c248e7ee)"
2013,MURSHIDABAD,SUTI-II,MAHESAIL-I,"doi:10.7910/DVN/ZHF9WC datafile 10396541 (r3-all-2013.csv.gz, md5 e6950bd317dabe3b41bf7738c248e7ee)"
2013,MURSHIDABAD,SUTI-II,MAHESAIL-II,"doi:10.7910/DVN/ZHF9WC datafile 10396541 (r3-all-2013.csv.gz, md5 e6950bd317dabe3b41bf7738c248e7ee)"
2013,MURSHIDABAD,SUTI-II,UMRAPUR,"doi:10.7910/DVN/ZHF9WC datafile 10396541 (r3-all-2013.csv.gz, md5 e6950bd317dabe3b41bf7738c248e7ee)"
2013,24 PARGANAS (NORTH),SWARUPNAGAR,BALTI NITYANANDAKATI,"doi:10.7910/DVN/ZHF9WC datafile 10396541 (r3-all-2013.csv.gz, md5 e6950bd317dabe3b41bf7738c248e7ee)"
2013,24 PARGANAS (NORTH),SWARUPNAGAR,BANKRA GOKULPUR,"doi:10.7910/DVN/ZHF9WC datafile 10396541 (r3-all-2013.csv.gz, md5 e6950bd317dabe3b41bf7738c248e7ee)"
2013,24 PARGANAS (NORTH),SWARUPNAGAR,BITHARI HAKIMPUR,"doi:10.7910/DVN/ZHF9WC datafile 10396541 (r3-all-2013.csv.gz, md5 e6950bd317dabe3b41bf7738c248e7ee)"
2013,24 PARGANAS (NORTH),SWARUPNAGAR,CHARGHAT,"doi:10.7910/DVN/ZHF9WC datafile 10396541 (r3-all-2013.csv.gz, md5 e6950bd317dabe3b41bf7738c248e7ee)"
2013,24 PARGANAS (NORTH),SWARUPNAGAR,GOBINDAPUR,"doi:10.7910/DVN/ZHF9WC datafile 10396541 (r3-all-2013.csv.gz, md5 e6950bd317dabe3b41bf7738c248e7ee)"
2013,24 PARGANAS (NORTH),SWARUPNAGAR,KAIJURI,"doi:10.7910/DVN/ZHF9WC datafile 10396541 (r3-all-2013.csv.gz, md5 e6950bd317dabe3b41bf7738c248e7ee)"
2013,24 PARGANAS (NORTH),SWARUPNAGAR,SAGUNA,"doi:10.7910/DVN/ZHF9WC datafile 10396541 (r3-all-2013.csv.gz, md5 e6950bd317dabe3b41bf7738c248e7ee)"
2013,24 PARGANAS (NORTH),SWARUPNAGAR,SHARAPUL NIRMAN,"doi:10.7910/DVN/ZHF9WC datafile 10396541 (r3-all-2013.csv.gz, md5 e6950bd317dabe3b41bf7738c248e7ee)"
2013,24 PARGANAS (NORTH),SWARUPNAGAR,SWARUPNAGAR BANGLANI,"doi:10.7910/DVN/ZHF9WC datafile 10396541 (r3-all-2013.csv.gz, md5 e6950bd317dabe3b41bf7738c248e7ee)"
2013,24 PARGANAS (NORTH),SWARUPNAGAR,TEPUL MIRZAPUR,"doi:10.7910/DVN/ZHF9WC datafile 10396541 (r3-all-2013.csv.gz, md5 e6950bd317dabe3b41bf7738c248e7ee)"
2013,BANKURA,TALDANGRA,AMDANGRA,"doi:10.7910/DVN/ZHF9WC datafile 10396541 (r3-all-2013.csv.gz, md5 e6950bd317dabe3b41bf7738c248e7ee)"
2013,BANKURA,TALDANGRA,BIBARDA,"doi:10.7910/DVN/ZHF9WC datafile 10396541 (r3-all-2013.csv.gz, md5 e6950bd317dabe3b41bf7738c248e7ee)"
2013,BANKURA,TALDANGRA,FULMATI,"doi:10.7910/DVN/ZHF9WC datafile 10396541 (r3-all-2013.csv.gz, md5 e6950bd317dabe3b41bf7738c248e7ee)"
2013,BANKURA,TALDANGRA,HARMASRA,"doi:10.7910/DVN/ZHF9WC datafile 10396541 (r3-all-2013.csv.gz, md5 e6950bd317dabe3b41bf7738c248e7ee)"
2013,BANKURA,TALDANGRA,KHALGRAM,"doi:10.7910/DVN/ZHF9WC datafile 10396541 (r3-all-2013.csv.gz, md5 e6950bd317dabe3b41bf7738c248e7ee)"
2013,BANKURA,TALDANGRA,PANCHMURA,"doi:10.7910/DVN/ZHF9WC datafile 10396541 (r3-all-2013.csv.gz, md5 e6950bd317dabe3b41bf7738c248e7ee)"
2013,BANKURA,TALDANGRA,SALTORA,"doi:10.7910/DVN/ZHF9WC datafile 10396541 (r3-all-2013.csv.gz, md5 e6950bd317dabe3b41bf7738c248e7ee)"
2013,BANKURA,TALDANGRA,SATMAULI,"doi:10.7910/DVN/ZHF9WC datafile 10396541 (r3-all-2013.csv.gz, md5 e6950bd317dabe3b41bf7738c248e7ee)"
2013,BANKURA,TALDANGRA,TALDANGRA,"doi:10.7910/DVN/ZHF9WC datafile 10396541 (r3-all-2013.csv.gz, md5 e6950bd317dabe3b41bf7738c248e7ee)"
2013,PURBA MEDINIPUR,TAMLUK,ANANTAPUR-I,"doi:10.7910/DVN/ZHF9WC datafile 10396541 (r3-all-2013.csv.gz, md5 e6950bd317dabe3b41bf7738c248e7ee)"
2013,PURBA MEDINIPUR,TAMLUK,ANANTAPUR-II,"doi:10.7910/DVN/ZHF9WC datafile 10396541 (r3-all-2013.csv.gz, md5 e6950bd317dabe3b41bf7738c248e7ee)"
2013,PURBA MEDINIPUR,TAMLUK,BISHNUBAR-I,"doi:10.7910/DVN/ZHF9WC datafile 10396541 (r3-all-2013.csv.gz, md5 e6950bd317dabe3b41bf7738c248e7ee)"
2013,PURBA MEDINIPUR,TAMLUK,BISHNUBAR-II,"doi:10.7910/DVN/ZHF9WC datafile 10396541 (r3-all-2013.csv.gz, md5 e6950bd317dabe3b41bf7738c248e7ee)"
2013,PURBA MEDINIPUR,TAMLUK,NILKUNTHIA,"doi:10.7910/DVN/ZHF9WC datafile 10396541 (r3-all-2013.csv.gz, md5 e6950bd317dabe3b41bf7738c248e7ee)"
2013,PURBA MEDINIPUR,TAMLUK,PADUMPUR-I,"doi:10.7910/DVN/ZHF9WC datafile 10396541 (r3-all-2013.csv.gz, md5 e6950bd317dabe3b41bf7738c248e7ee)"
2013,PURBA MEDINIPUR,TAMLUK,PADUMPUR-II,"doi:10.7910/DVN/ZHF9WC datafile 10396541 (r3-all-2013.csv.gz, md5 e6950bd317dabe3b41bf7738c248e7ee)"
2013,PURBA MEDINIPUR,TAMLUK,PIPULBERIA-I,"doi:10.7910/DVN/ZHF9WC datafile 10396541 (r3-all-2013.csv.gz, md5 e6950bd317dabe3b41bf7738c248e7ee)"
2013,PURBA MEDINIPUR,TAMLUK,PIPULBERIA-II,"doi:10.7910/DVN/ZHF9WC datafile 10396541 (r3-all-2013.csv.gz, md5 e6950bd317dabe3b41bf7738c248e7ee)"
2013,PURBA MEDINIPUR,TAMLUK,SRIRAMPUR-I,"doi:10.7910/DVN/ZHF9WC datafile 10396541 (r3-all-2013.csv.gz, md5 e6950bd317dabe3b41bf7738c248e7ee)"
2013,PURBA MEDINIPUR,TAMLUK,SRIRAMPUR-II,"doi:10.7910/DVN/ZHF9WC datafile 10396541 (r3-all-2013.csv.gz, md5 e6950bd317dabe3b41bf7738c248e7ee)"
2013,PURBA MEDINIPUR,TAMLUK,UTTARSONAMUI,"doi:10.7910/DVN/ZHF9WC datafile 10396541 (r3-all-2013.csv.gz, md5 e6950bd317dabe3b41bf7738c248e7ee)"
2013,HOOGHLY,TARAKESWAR,ASHTARADATTAPUR,"doi:10.7910/DVN/ZHF9WC datafile 10396541 (r3-all-2013.csv.gz, md5 e6950bd317dabe3b41bf7738c248e7ee)"
2013,HOOGHLY,TARAKESWAR,BALIGORI-I,"doi:10.7910/DVN/ZHF9WC datafile 10396541 (r3-all-2013.csv.gz, md5 e6950bd317dabe3b41bf7738c248e7ee)"
2013,HOOGHLY,TARAKESWAR,BALIGORI-II,"doi:10.7910/DVN/ZHF9WC datafile 10396541 (r3-all-2013.csv.gz, md5 e6950bd317dabe3b41bf7738c248e7ee)"
2013,HOOGHLY,TARAKESWAR,BHANJIPUR,"doi:10.7910/DVN/ZHF9WC datafile 10396541 (r3-all-2013.csv.gz, md5 e6950bd317dabe3b41bf7738c248e7ee)"
2013,HOOGHLY,TARAKESWAR,CHAMPADANGA,"doi:10.7910/DVN/ZHF9WC datafile 10396541 (r3-all-2013.csv.gz, md5 e6950bd317dabe3b41bf7738c248e7ee)"
2013,HOOGHLY,TARAKESWAR,KESABCHAK,"doi:10.7910/DVN/ZHF9WC datafile 10396541 (r3-all-2013.csv.gz, md5 e6950bd317dabe3b41bf7738c248e7ee)"
2013,HOOGHLY,TARAKESWAR,NAITAMALPAHARPUR,"doi:10.7910/DVN/ZHF9WC datafile 10396541 (r3-all-2013.csv.gz, md5 e6950bd317dabe3b41bf7738c248e7ee)"
2013,HOOGHLY,TARAKESWAR,PURBARAMNAGAR,"doi:10.7910/DVN/ZHF9WC datafile 10396541 (r3-all-2013.csv.gz, md5 e6950bd317dabe3b41bf7738c248e7ee)"
2013,HOOGHLY,TARAKESWAR,SANTOSHPUR,"doi:10.7910/DVN/ZHF9WC datafile 10396541 (r3-all-2013.csv.gz, md5 e6950bd317dabe3b41bf7738c248e7ee)"
2013,HOOGHLY,TARAKESWAR,TALPUR,"doi:10.7910/DVN/ZHF9WC datafile 10396541 (r3-all-2013.csv.gz, md5 e6950bd317dabe3b41bf7738c248e7ee)"
2013,NADIA,TEHATTA-I,BATAI-I,"doi:10.7910/DVN/ZHF9WC datafile 10396541 (r3-all-2013.csv.gz, md5 e6950bd317dabe3b41bf7738c248e7ee)"
2013,NADIA,TEHATTA-I,BETAI-II,"doi:10.7910/DVN/ZHF9WC datafile 10396541 (r3-all-2013.csv.gz, md5 e6950bd317dabe3b41bf7738c248e7ee)"
2013,NADIA,TEHATTA-I,CHANDERGHAT,"doi:10.7910/DVN/ZHF9WC datafile 10396541 (r3-all-2013.csv.gz, md5 e6950bd317dabe3b41bf7738c248e7ee)"
2013,NADIA,TEHATTA-I,CHHITKA,"doi:10.7910/DVN/ZHF9WC datafile 10396541 (r3-all-2013.csv.gz, md5 e6950bd317dabe3b41bf7738c248e7ee)"
2013,NADIA,TEHATTA-I,KANAINAGAR,"doi:10.7910/DVN/ZHF9WC datafile 10396541 (r3-all-2013.csv.gz, md5 e6950bd317dabe3b41bf7738c248e7ee)"
2013,NADIA,TEHATTA-I,NATNA,"doi:10.7910/DVN/ZHF9WC datafile 10396541 (r3-all-2013.csv.gz, md5 e6950bd317dabe3b41bf7738c248e7ee)"
2013,NADIA,TEHATTA-I,PATHARGHATA-I,"doi:10.7910/DVN/ZHF9WC datafile 10396541 (r3-all-2013.csv.gz, md5 e6950bd317dabe3b41bf7738c248e7ee)"
2013,NADIA,TEHATTA-I,PATHATGHATA-II,"doi:10.7910/DVN/ZHF9WC datafile 10396541 (r3-all-2013.csv.gz, md5 e6950bd317dabe3b41bf7738c248e7ee)"
2013,NADIA,TEHATTA-I,RAGHUNATHPUR,"doi:10.7910/DVN/ZHF9WC datafile 10396541 (r3-all-2013.csv.gz, md5 e6950bd317dabe3b41bf7738c248e7ee)"
2013,NADIA,TEHATTA-I,SHYAMNAGAR,"doi:10.7910/DVN/ZHF9WC datafile 10396541 (r3-all-2013.csv.gz, md5 e6950bd317dabe3b41bf7738c248e7ee)"
2013,NADIA,TEHATTA-I,TEHATTA,"doi:10.7910/DVN/ZHF9WC datafile 10396541 (r3-all-2013.csv.gz, md5 e6950bd317dabe3b41bf7738c248e7ee)"
2013,NADIA,TEHATTA-II,BARNIA,"doi:10.7910/DVN/ZHF9WC datafile 10396541 (r3-all-2013.csv.gz, md5 e6950bd317dabe3b41bf7738c248e7ee)"
2013,NADIA,TEHATTA-II,GOPINATHPUR,"doi:10.7910/DVN/ZHF9WC datafile 10396541 (r3-all-2013.csv.gz, md5 e6950bd317dabe3b41bf7738c248e7ee)"
2013,NADIA,TEHATTA-II,HANSPUKURIA,"doi:10.7910/DVN/ZHF9WC datafile 10396541 (r3-all-2013.csv.gz, md5 e6950bd317dabe3b41bf7738c248e7ee)"
2013,NADIA,TEHATTA-II,PALASIPARA,"doi:10.7910/DVN/ZHF9WC datafile 10396541 (r3-all-2013.csv.gz, md5 e6950bd317dabe3b41bf7738c248e7ee)"
2013,NADIA,TEHATTA-II,PALSUNDA-I,"doi:10.7910/DVN/ZHF9WC datafile 10396541 (r3-all-2013.csv.gz, md5 e6950bd317dabe3b41bf7738c248e7ee)"
2013,NADIA,TEHATTA-II,PALSUNDA-II,"doi:10.7910/DVN/ZHF9WC datafile 10396541 (r3-all-2013.csv.gz, md5 e6950bd317dabe3b41bf7738c248e7ee)"
2013,NADIA,TEHATTA-II,SAHEBNAGAR,"doi:10.7910/DVN/ZHF9WC datafile 10396541 (r3-all-2013.csv.gz, md5 e6950bd317dabe3b41bf7738c248e7ee)"
2013,24 PARGANAS SOUTH,THAKURPUKUR MAHESTOLA,ASUTI-I,"doi:10.7910/DVN/ZHF9WC datafile 10396541 (r3-all-2013.csv.gz, md5 e6950bd317dabe3b41bf7738c248e7ee)"
2013,24 PARGANAS SOUTH,THAKURPUKUR MAHESTOLA,ASUTI-II,"doi:10.7910/DVN/ZHF9WC datafile 10396541 (r3-all-2013.csv.gz, md5 e6950bd317dabe3b41bf7738c248e7ee)"
2013,24 PARGANAS SOUTH,THAKURPUKUR MAHESTOLA,CHATTA,"doi:10.7910/DVN/ZHF9WC datafile 10396541 (r3-all-2013.csv.gz, md5 e6950bd317dabe3b41bf7738c248e7ee)"
2013,24 PARGANAS SOUTH,THAKURPUKUR MAHESTOLA,RASPUNJA,"doi:10.7910/DVN/ZHF9WC datafile 10396541 (r3-all-2013.csv.gz, md5 e6950bd317dabe3b41bf7738c248e7ee)"
2013,COOCHBEHAR,TUFANGANJ-I,ANDARAN-FULBARI-I,"doi:10.7910/DVN/ZHF9WC datafile 10396541 (r3-all-2013.csv.gz, md5 e6950bd317dabe3b41bf7738c248e7ee)"
2013,COOCHBEHAR,TUFANGANJ-I,ANDARAN-FULBARI-II,"doi:10.7910/DVN/ZHF9WC datafile 10396541 (r3-all-2013.csv.gz, md5 e6950bd317dabe3b41bf7738c248e7ee)"
2013,COOCHBEHAR,TUFANGANJ-I,BALABHUT,"doi:10.7910/DVN/ZHF9WC datafile 10396541 (r3-all-2013.csv.gz, md5 e6950bd317dabe3b41bf7738c248e7ee)"
2013,COOCHBEHAR,TUFANGANJ-I,BALARAMPUR-I,"doi:10.7910/DVN/ZHF9WC datafile 10396541 (r3-all-2013.csv.gz, md5 e6950bd317dabe3b41bf7738c248e7ee)"
2013,COOCHBEHAR,TUFANGANJ-I,BALARAMPUR-II,"doi:10.7910/DVN/ZHF9WC datafile 10396541 (r3-all-2013.csv.gz, md5 e6950bd317dabe3b41bf7738c248e7ee)"
2013,COOCHBEHAR,TUFANGANJ-I,CHILKHANA-I,"doi:10.7910/DVN/ZHF9WC datafile 10396541 (r3-all-2013.csv.gz, md5 e6950bd317dabe3b41bf7738c248e7ee)"
2013,COOCHBEHAR,TUFANGANJ-I,CHILKHANA-II,"doi:10.7910/DVN/ZHF9WC datafile 10396541 (r3-all-2013.csv.gz, md5 e6950bd317dabe3b41bf7738c248e7ee)"
2013,COOCHBEHAR,TUFANGANJ-I,DEOCHARAI,"doi:10.7910/DVN/ZHF9WC datafile 10396541 (r3-all-2013.csv.gz, md5 e6950bd317dabe3b41bf7738c248e7ee)"
2013,COOCHBEHAR,TUFANGANJ-I,DHALPAL-I,"doi:10.7910/DVN/ZHF9WC datafile 10396541 (r3-all-2013.csv.gz, md5 e6950bd317dabe3b41bf7738c248e7ee)"
2013,COOCHBEHAR,TUFANGANJ-I,DHALPAL-II,"doi:10.7910/DVN/ZHF9WC datafile 10396541 (r3-all-2013.csv.gz, md5 e6950bd317dabe3b41bf7738c248e7ee)"
2013,COOCHBEHAR,TUFANGANJ-I,MARUGANJ,"doi:10.7910/DVN/ZHF9WC datafile 10396541 (r3-all-2013.csv.gz, md5 e6950bd317dabe3b41bf7738c248e7ee)"
2013,COOCHBEHAR,TUFANGANJ-I,NAKKATIGACHH,"doi:10.7910/DVN/ZHF9WC datafile 10396541 (r3-all-2013.csv.gz, md5 e6950bd317dabe3b41bf7738c248e7ee)"
2013,COOCHBEHAR,TUFANGANJ-I,NATABARI-I,"doi:10.7910/DVN/ZHF9WC datafile 10396541 (r3-all-2013.csv.gz, md5 e6950bd317dabe3b41bf7738c248e7ee)"
2013,COOCHBEHAR,TUFANGANJ-I,NATABARI-II,"doi:10.7910/DVN/ZHF9WC datafile 10396541 (r3-all-2013.csv.gz, md5 e6950bd317dabe3b41bf7738c248e7ee)"
2013,COOCHBEHAR,TUFANGANJ-II,BAROKODALI-I,"doi:10.7910/DVN/ZHF9WC datafile 10396541 (r3-all-2013.csv.gz, md5 e6950bd317dabe3b41bf7738c248e7ee)"
2013,COOCHBEHAR,TUFANGANJ-II,BAROKODALI-II,"doi:10.7910/DVN/ZHF9WC datafile 10396541 (r3-all-2013.csv.gz, md5 e6950bd317dabe3b41bf7738c248e7ee)"
2013,COOCHBEHAR,TUFANGANJ-II,BHANUKUMARI-I,"doi:10.7910/DVN/ZHF9WC datafile 10396541 (r3-all-2013.csv.gz, md5 e6950bd317dabe3b41bf7738c248e7ee)"
2013,COOCHBEHAR,TUFANGANJ-II,BHANUKUMARI-II,"doi:10.7910/DVN/ZHF9WC datafile 10396541 (r3-all-2013.csv.gz, md5 e6950bd317dabe3b41bf7738c248e7ee)"
2013,COOCHBEHAR,TUFANGANJ-II,FALIMARI,"doi:10.7910/DVN/ZHF9WC datafile 10396541 (r3-all-2013.csv.gz, md5 e6950bd317dabe3b41bf7738c248e7ee)"
2013,COOCHBEHAR,TUFANGANJ-II,MAHISKHUCHI-II,"doi:10.7910/DVN/ZHF9WC datafile 10396541 (r3-all-2013.csv.gz, md5 e6950bd317dabe3b41bf7738c248e7ee)"
2013,COOCHBEHAR,TUFANGANJ-II,MAHISKUCHI-I,"doi:10.7910/DVN/ZHF9WC datafile 10396541 (r3-all-2013.csv.gz, md5 e6950bd317dabe3b41bf7738c248e7ee)"
2013,COOCHBEHAR,TUFANGANJ-II,RAMPUR-I,"doi:10.7910/DVN/ZHF9WC datafile 10396541 (r3-all-2013.csv.gz, md5 e6950bd317dabe3b41bf7738c248e7ee)"
2013,COOCHBEHAR,TUFANGANJ-II,RAMPUR-II,"doi:10.7910/DVN/ZHF9WC datafile 10396541 (r3-all-2013.csv.gz, md5 e6950bd317dabe3b41bf7738c248e7ee)"
2013,COOCHBEHAR,TUFANGANJ-II,SALBARI-I,"doi:10.7910/DVN/ZHF9WC datafile 10396541 (r3-all-2013.csv.gz, md5 e6950bd317dabe3b41bf7738c248e7ee)"
2013,COOCHBEHAR,TUFANGANJ-II,SALBARI-II,"doi:10.7910/DVN/ZHF9WC datafile 10396541 (r3-all-2013.csv.gz, md5 e6950bd317dabe3b41bf7738c248e7ee)"
2013,DINAJPUR DAKSHIN,Tapan,AJMATPUR,"doi:10.7910/DVN/ZHF9WC datafile 10396541 (r3-all-2013.csv.gz, md5 e6950bd317dabe3b41bf7738c248e7ee)"
2013,DINAJPUR DAKSHIN,Tapan,AUTINA,"doi:10.7910/DVN/ZHF9WC datafile 10396541 (r3-all-2013.csv.gz, md5 e6950bd317dabe3b41bf7738c248e7ee)"
2013,DINAJPUR DAKSHIN,Tapan,DWIPKHANDA,"doi:10.7910/DVN/ZHF9WC datafile 10396541 (r3-all-2013.csv.gz, md5 e6950bd317dabe3b41bf7738c248e7ee)"
2013,DINAJPUR DAKSHIN,Tapan,GOPHANAGAR,"doi:10.7910/DVN/ZHF9WC datafile 10396541 (r3-all-2013.csv.gz, md5 e6950bd317dabe3b41bf7738c248e7ee)"
2013,DINAJPUR DAKSHIN,Tapan,GURAIL,"doi:10.7910/DVN/ZHF9WC datafile 10396541 (r3-all-2013.csv.gz, md5 e6950bd317dabe3b41bf7738c248e7ee)"
2013,DINAJPUR DAKSHIN,Tapan,HARSURA,"doi:10.7910/DVN/ZHF9WC datafile 10396541 (r3-all-2013.csv.gz, md5 e6950bd317dabe3b41bf7738c248e7ee)"
2013,DINAJPUR DAKSHIN,Tapan,HAZRATPUR,"doi:10.7910/DVN/ZHF9WC datafile 10396541 (r3-all-2013.csv.gz, md5 e6950bd317dabe3b41bf7738c248e7ee)"
2013,DINAJPUR DAKSHIN,Tapan,MALANCHA,"doi:10.7910/DVN/ZHF9WC datafile 10396541 (r3-all-2013.csv.gz, md5 e6950bd317dabe3b41bf7738c248e7ee)"
2013,DINAJPUR DAKSHIN,Tapan,RAMCHANDRAPUR,"doi:10.7910/DVN/ZHF9WC datafile 10396541 (r3-all-2013.csv.gz, md5 e6950bd317dabe3b41bf7738c248e7ee)"
2013,DINAJPUR DAKSHIN,Tapan,RAMPARA CHENCHRA,"doi:10.7910/DVN/ZHF9WC datafile 10396541 (r3-all-2013.csv.gz, md5 e6950bd317dabe3b41bf7738c248e7ee)"
2013,DINAJPUR DAKSHIN,Tapan,TAPANCHANDIPUR,"doi:10.7910/DVN/ZHF9WC datafile 10396541 (r3-all-2013.csv.gz, md5 e6950bd317dabe3b41bf7738c248e7ee)"
2013,HOWRAH,UDAYNARAYANPUR,BHABANIPUR BIDHICHANDRAPUR,"doi:10.7910/DVN/ZHF9WC datafile 10396541 (r3-all-2013.csv.gz, md5 e6950bd317dabe3b41bf7738c248e7ee)"
2013,HOWRAH,UDAYNARAYANPUR,DEBIPUR,"doi:10.7910/DVN/ZHF9WC datafile 10396541 (r3-all-2013.csv.gz, md5 e6950bd317dabe3b41bf7738c248e7ee)"
2013,HOWRAH,UDAYNARAYANPUR,GARBHABANIPUR-SONATALA,"doi:10.7910/DVN/ZHF9WC datafile 10396541 (r3-all-2013.csv.gz, md5 e6950bd317dabe3b41bf7738c248e7ee)"
2013,HOWRAH,UDAYNARAYANPUR,HARALI UDAYNARAYANPUR,"doi:10.7910/DVN/ZHF9WC datafile 10396541 (r3-all-2013.csv.gz, md5 e6950bd317dabe3b41bf7738c248e7ee)"
2013,HOWRAH,UDAYNARAYANPUR,HARISHPUR,"doi:10.7910/DVN/ZHF9WC datafile 10396541 (r3-all-2013.csv.gz, md5 e6950bd317dabe3b41bf7738c248e7ee)"
2013,HOWRAH,UDAYNARAYANPUR,KANUPAT MANSUKA,"doi:10.7910/DVN/ZHF9WC datafile 10396541 (r3-all-2013.csv.gz, md5 e6950bd317dabe3b41bf7738c248e7ee)"
2013,HOWRAH,UDAYNARAYANPUR,KHILA,"doi:10.7910/DVN/ZHF9WC datafile 10396541 (r3-all-2013.csv.gz, md5 e6950bd317dabe3b41bf7738c248e7ee)"
2013,HOWRAH,UDAYNARAYANPUR,KURCHI SHIBPUR,"doi:10.7910/DVN/ZHF9WC datafile 10396541 (r3-all-2013.csv.gz, md5 e6950bd317dabe3b41bf7738c248e7ee)"
2013,HOWRAH,UDAYNARAYANPUR,PANCHARUL,"doi:10.7910/DVN/ZHF9WC datafile 10396541 (r3-all-2013.csv.gz, md5 e6950bd317dabe3b41bf7738c248e7ee)"
2013,HOWRAH,UDAYNARAYANPUR,RAMPUR-DIHIBHURSUT-ASANDA,"doi:10.7910/DVN/ZHF9WC datafile 10396541 (r3-all-2013.csv.gz, md5 e6950bd317dabe3b41bf7738c248e7ee)"
2013,HOWRAH,UDAYNARAYANPUR,SINGTI,"doi:10.7910/DVN/ZHF9WC datafile 10396541 (r3-all-2013.csv.gz, md5 e6950bd317dabe3b41bf7738c248e7ee)"
2013,HOWRAH,ULUBERIA-I,BAHIRA,"doi:10.7910/DVN/ZHF9WC datafile 10396541 (r3-all-2013.csv.gz, md5 e6950bd317dabe3b41bf7738c248e7ee)"
2013,HOWRAH,ULUBERIA-I,CHANDIPUR,"doi:10.7910/DVN/ZHF9WC datafile 10396541 (r3-all-2013.csv.gz, md5 e6950bd317dabe3b41bf7738c248e7ee)"
2013,HOWRAH,ULUBERIA-I,DHULASIMLA,"doi:10.7910/DVN/ZHF9WC datafile 10396541 (r3-all-2013.csv.gz, md5 e6950bd317dabe3b41bf7738c248e7ee)"
2013,HOWRAH,ULUBERIA-I,HATGACHHA-I,"doi:10.7910/DVN/ZHF9WC datafile 10396541 (r3-all-2013.csv.gz, md5 e6950bd317dabe3b41bf7738c248e7ee)"
2013,HOWRAH,ULUBERIA-I,HATGACHHA-II,"doi:10.7910/DVN/ZHF9WC datafile 10396541 (r3-all-2013.csv.gz, md5 e6950bd317dabe3b41bf7738c248e7ee)"
2013,HOWRAH,ULUBERIA-I,HEERAPUR,"doi:10.7910/DVN/ZHF9WC datafile 10396541 (r3-all-2013.csv.gz, md5 e6950bd317dabe3b41bf7738c248e7ee)"
2013,HOWRAH,ULUBERIA-I,KALINAGAR,"doi:10.7910/DVN/ZHF9WC datafile 10396541 (r3-all-2013.csv.gz, md5 e6950bd317dabe3b41bf7738c248e7ee)"
2013,HOWRAH,ULUBERIA-I,MAHESHPUR,"doi:10.7910/DVN/ZHF9WC datafile 10396541 (r3-all-2013.csv.gz, md5 e6950bd317dabe3b41bf7738c248e7ee)"
2013,HOWRAH,ULUBERIA-I,TAPNA,"doi:10.7910/DVN/ZHF9WC datafile 10396541 (r3-all-2013.csv.gz, md5 e6950bd317dabe3b41bf7738c248e7ee)"
2013,HOWRAH,ULUBERIA-II,BANIBAN,"doi:10.7910/DVN/ZHF9WC datafile 10396541 (r3-all-2013.csv.gz, md5 e6950bd317dabe3b41bf7738c248e7ee)"
2013,HOWRAH,ULUBERIA-II,BASUDEBPUR,"doi:10.7910/DVN/ZHF9WC datafile 10396541 (r3-all-2013.csv.gz, md5 e6950bd317dabe3b41bf7738c248e7ee)"
2013,HOWRAH,ULUBERIA-II,JOYARGORI,"doi:10.7910/DVN/ZHF9WC datafile 10396541 (r3-all-2013.csv.gz, md5 e6950bd317dabe3b41bf7738c248e7ee)"
2013,HOWRAH,ULUBERIA-II,KHALISANI,"doi:10.7910/DVN/ZHF9WC datafile 10396541 (r3-all-2013.csv.gz, md5 e6950bd317dabe3b41bf7738c248e7ee)"
2013,HOWRAH,ULUBERIA-II,RAGHUDEVPUR,"doi:10.7910/DVN/ZHF9WC datafile 10396541 (r3-all-2013.csv.gz, md5 e6950bd317dabe3b41bf7738c248e7ee)"
2013,HOWRAH,ULUBERIA-II,TEHATTA-KANTABERIA-I,"doi:10.7910/DVN/ZHF9WC datafile 10396541 (r3-all-2013.csv.gz, md5 e6950bd317dabe3b41bf7738c248e7ee)"
2013,HOWRAH,ULUBERIA-II,TEHATTA-KANTABERIA-II,"doi:10.7910/DVN/ZHF9WC datafile 10396541 (r3-all-2013.csv.gz, md5 e6950bd317dabe3b41bf7738c248e7ee)"
2013,HOWRAH,ULUBERIA-II,TULSIBERIA,"doi:10.7910/DVN/ZHF9WC datafile 10396541 (r3-all-2013.csv.gz, md5 e6950bd317dabe3b41bf7738c248e7ee)"
2013,BANKURA,VISHNUPUR,AYODHYA,"doi:10.7910/DVN/ZHF9WC datafile 10396541 (r3-all-2013.csv.gz, md5 e6950bd317dabe3b41bf7738c248e7ee)"
2013,BANKURA,VISHNUPUR,BANKADAHA,"doi:10.7910/DVN/ZHF9WC datafile 10396541 (r3-all-2013.csv.gz, md5 e6950bd317dabe3b41bf7738c248e7ee)"
2013,BANKURA,VISHNUPUR,BELSULIA,"doi:10.7910/DVN/ZHF9WC datafile 10396541 (r3-all-2013.csv.gz, md5 e6950bd317dabe3b41bf7738c248e7ee)"
2013,BANKURA,VISHNUPUR,BHARA,"doi:10.7910/DVN/ZHF9WC datafile 10396541 (r3-all-2013.csv.gz, md5 e6950bd317dabe3b41bf7738c248e7ee)"
2013,BANKURA,VISHNUPUR,DWARIKA-GOSSAINPUR,"doi:10.7910/DVN/ZHF9WC datafile 10396541 (r3-all-2013.csv.gz, md5 e6950bd317dabe3b41bf7738c248e7ee)"
2013,BANKURA,VISHNUPUR,LAYEKBANDH,"doi:10.7910/DVN/ZHF9WC datafile 10396541 (r3-all-2013.csv.gz, md5 e6950bd317dabe3b41bf7738c248e7ee)"
2013,BANKURA,VISHNUPUR,MORAR,"doi:10.7910/DVN/ZHF9WC datafile 10396541 (r3-all-2013.csv.gz, md5 e6950bd317dabe3b41bf7738c248e7ee)"
2013,BANKURA,VISHNUPUR,RADHANAGAR,"doi:10.7910/DVN/ZHF9WC datafile 10396541 (r3-all-2013.csv.gz, md5 e6950bd317dabe3b41bf7738c248e7ee)"
2013,BANKURA,VISHNUPUR,ULIYARA,"doi:10.7910/DVN/ZHF9WC datafile 10396541 (r3-all-2013.csv.gz, md5 e6950bd317dabe3b41bf7738c248e7ee)"
2018,ALIPURDUAR,ALIPURDUAR-I,BANCHUKAMARI,"doi:10.7910/DVN/ZHF9WC datafile 10396546 (r3-all-2018.csv.gz, md5 fd3487254ae01b22b999d6425fa62309)"
2018,ALIPURDUAR,ALIPURDUAR-I,CHAKOWAKHETI,"doi:10.7910/DVN/ZHF9WC datafile 10396546 (r3-all-2018.csv.gz, md5 fd3487254ae01b22b999d6425fa62309)"
2018,ALIPURDUAR,ALIPURDUAR-I,MATHURA,"doi:10.7910/DVN/ZHF9WC datafile 10396546 (r3-all-2018.csv.gz, md5 fd3487254ae01b22b999d6425fa62309)"
2018,ALIPURDUAR,ALIPURDUAR-I,PARORPAR,"doi:10.7910/DVN/ZHF9WC datafile 10396546 (r3-all-2018.csv.gz, md5 fd3487254ae01b22b999d6425fa62309)"
2018,ALIPURDUAR,ALIPURDUAR-I,PATLAKHAWA,"doi:10.7910/DVN/ZHF9WC datafile 10396546 (r3-all-2018.csv.gz, md5 fd3487254ae01b22b999d6425fa62309)"
2018,ALIPURDUAR,ALIPURDUAR-I,PURBA KANTHALBARI,"doi:10.7910/DVN/ZHF9WC datafile 10396546 (r3-all-2018.csv.gz, md5 fd3487254ae01b22b999d6425fa62309)"
2018,ALIPURDUAR,ALIPURDUAR-I,SALKUMAR-I,"doi:10.7910/DVN/ZHF9WC datafile 10396546 (r3-all-2018.csv.gz, md5 fd3487254ae01b22b999d6425fa62309)"
2018,ALIPURDUAR,ALIPURDUAR-I,SALKUMAR-II,"doi:10.7910/DVN/ZHF9WC datafile 10396546 (r3-all-2018.csv.gz, md5 fd3487254ae01b22b999d6425fa62309)"
2018,ALIPURDUAR,ALIPURDUAR-I,TAPSIKHATA,"doi:10.7910/DVN/ZHF9WC datafile 10396546 (r3-all-2018.csv.gz, md5 fd3487254ae01b22b999d6425fa62309)"
2018,ALIPURDUAR,ALIPURDUAR-I,VIVEKANADA-I,"doi:10.7910/DVN/ZHF9WC datafile 10396546 (r3-all-2018.csv.gz, md5 fd3487254ae01b22b999d6425fa62309)"
2018,ALIPURDUAR,ALIPURDUAR-I,VIVEKANADA-II,"doi:10.7910/DVN/ZHF9WC datafile 10396546 (r3-all-2018.csv.gz, md5 fd3487254ae01b22b999d6425fa62309)"
2018,ALIPURDUAR,ALIPURDUAR-II,BHATIBARI,"doi:10.7910/DVN/ZHF9WC datafile 10396546 (r3-all-2018.csv.gz, md5 fd3487254ae01b22b999d6425fa62309)"
2018,ALIPURDUAR,ALIPURDUAR-II,CHAPORER PAR-I,"doi:10.7910/DVN/ZHF9WC datafile 10396546 (r3-all-2018.csv.gz, md5 fd3487254ae01b22b999d6425fa62309)"
2018,ALIPURDUAR,ALIPURDUAR-II,CHAPORER PAR-II,"doi:10.7910/DVN/ZHF9WC datafile 10396546 (r3-all-2018.csv.gz, md5 fd3487254ae01b22b999d6425fa62309)"
2018,ALIPURDUAR,ALIPURDUAR-II,KOHINOOR,"doi:10.7910/DVN/ZHF9WC datafile 10396546 (r3-all-2018.csv.gz, md5 fd3487254ae01b22b999d6425fa62309)"
2018,ALIPURDUAR,ALIPURDUAR-II,MAHAKALGURI,"doi:10.7910/DVN/ZHF9WC datafile 10396546 (r3-all-2018.csv.gz, md5 fd3487254ae01b22b999d6425fa62309)"
2018,ALIPURDUAR,ALIPURDUAR-II,MAJHERDABRI,"doi:10.7910/DVN/ZHF9WC datafile 10396546 (r3-all-2018.csv.gz, md5 fd3487254ae01b22b999d6425fa62309)"
2018,ALIPURDUAR,ALIPURDUAR-II,PAROKATA,"doi:10.7910/DVN/ZHF9WC datafile 10396546 (r3-all-2018.csv.gz, md5 fd3487254ae01b22b999d6425fa62309)"
2018,ALIPURDUAR,ALIPURDUAR-II,SAMUKTALA,"doi:10.7910/DVN/ZHF9WC datafile 10396546 (r3-all-2018.csv.gz, md5 fd3487254ae01b22b999d6425fa62309)"
2018,ALIPURDUAR,ALIPURDUAR-II,TATPARA-I,"doi:10.7910/DVN/ZHF9WC datafile 10396546 (r3-all-2018.csv.gz, md5 fd3487254ae01b22b999d6425fa62309)"
2018,ALIPURDUAR,ALIPURDUAR-II,TATPARA-II,"doi:10.7910/DVN/ZHF9WC datafile 10396546 (r3-all-2018.csv.gz, md5 fd3487254ae01b22b999d6425fa62309)"
2018,ALIPURDUAR,ALIPURDUAR-II,TURTURI,"doi:10.7910/DVN/ZHF9WC datafile 10396546 (r3-all-2018.csv.gz, md5 fd3487254ae01b22b999d6425fa62309)"
2018,24 PARGANAS (NORTH),AMDANGA,ADHATA,"doi:10.7910/DVN/ZHF9WC datafile 10396546 (r3-all-2018.csv.gz, md5 fd3487254ae01b22b999d6425fa62309)"
2018,24 PARGANAS (NORTH),AMDANGA,AMDANGA,"doi:10.7910/DVN/ZHF9WC datafile 10396546 (r3-all-2018.csv.gz, md5 fd3487254ae01b22b999d6425fa62309)"
2018,24 PARGANAS (NORTH),AMDANGA,BERABERIA,"doi:10.7910/DVN/ZHF9WC datafile 10396546 (r3-all-2018.csv.gz, md5 fd3487254ae01b22b999d6425fa62309)"
2018,24 PARGANAS (NORTH),AMDANGA,BODAI,"doi:10.7910/DVN/ZHF9WC datafile 10396546 (r3-all-2018.csv.gz, md5 fd3487254ae01b22b999d6425fa62309)"
2018,24 PARGANAS (NORTH),AMDANGA,CHANDIGARH,"doi:10.7910/DVN/ZHF9WC datafile 10396546 (r3-all-2018.csv.gz, md5 fd3487254ae01b22b999d6425fa62309)"
2018,24 PARGANAS (NORTH),AMDANGA,MARICHA,"doi:10.7910/DVN/ZHF9WC datafile 10396546 (r3-all-2018.csv.gz, md5 fd3487254ae01b22b999d6425fa62309)"
2018,24 PARGANAS (NORTH),AMDANGA,SADHANPUR,"doi:10.7910/DVN/ZHF9WC datafile 10396546 (r3-all-2018.csv.gz, md5 fd3487254ae01b22b999d6425fa62309)"
2018,24 PARGANAS (NORTH),AMDANGA,TARABERIA,"doi:10.7910/DVN/ZHF9WC datafile 10396546 (r3-all-2018.csv.gz, md5 fd3487254ae01b22b999d6425fa62309)"
2018,HOWRAH,AMTA-I,AMTA,"doi:10.7910/DVN/ZHF9WC datafile 10396546 (r3-all-2018.csv.gz, md5 fd3487254ae01b22b999d6425fa62309)"
2018,HOWRAH,AMTA-I,ANULIA,"doi:10.7910/DVN/ZHF9WC datafile 10396546 (r3-all-2018.csv.gz, md5 fd3487254ae01b22b999d6425fa62309)"
2018,HOWRAH,AMTA-I,BALICHAK,"doi:10.7910/DVN/ZHF9WC datafile 10396546 (r3-all-2018.csv.gz, md5 fd3487254ae01b22b999d6425fa62309)"
2018,HOWRAH,AMTA-I,BASANTAPUR,"doi:10.7910/DVN/ZHF9WC datafile 10396546 (r3-all-2018.csv.gz, md5 fd3487254ae01b22b999d6425fa62309)"
2018,HOWRAH,AMTA-I,BHANDARGACHHA,"doi:10.7910/DVN/ZHF9WC datafile 10396546 (r3-all-2018.csv.gz, md5 fd3487254ae01b22b999d6425fa62309)"
2018,HOWRAH,AMTA-I,CHANDRAPUR,"doi:10.7910/DVN/ZHF9WC datafile 10396546 (r3-all-2018.csv.gz, md5 fd3487254ae01b22b999d6425fa62309)"
2018,HOWRAH,AMTA-I,KANPUR,"doi:10.7910/DVN/ZHF9WC datafile 10396546 (r3-all-2018.csv.gz, md5 fd3487254ae01b22b999d6425fa62309)"
2018,HOWRAH,AMTA-I,KHARDAH,"doi:10.7910/DVN/ZHF9WC datafile 10396546 (r3-all-2018.csv.gz, md5 fd3487254ae01b22b999d6425fa62309)"
2018,HOWRAH,AMTA-I,KHOSALPUR,"doi:10.7910/DVN/ZHF9WC datafile 10396546 (r3-all-2018.csv.gz, md5 fd3487254ae01b22b999d6425fa62309)"
2018,HOWRAH,AMTA-I,RASPUR,"doi:10.7910/DVN/ZHF9WC datafile 10396546 (r3-all-2018.csv.gz, md5 fd3487254ae01b22b999d6425fa62309)"
2018,HOWRAH,AMTA-I,SIRAJBATI,"doi:10.7910/DVN/ZHF9WC datafile 10396546 (r3-all-2018.csv.gz, md5 fd3487254ae01b22b999d6425fa62309)"
2018,HOWRAH,AMTA-I,UDANG-I,"doi:10.7910/DVN/ZHF9WC datafile 10396546 (r3-all-2018.csv.gz, md5 fd3487254ae01b22b999d6425fa62309)"
2018,HOWRAH,AMTA-I,UDANG-II,"doi:10.7910/DVN/ZHF9WC datafile 10396546 (r3-all-2018.csv.gz, md5 fd3487254ae01b22b999d6425fa62309)"
2018,HOWRAH,AMTA-II,AMRAGORI,"doi:10.7910/DVN/ZHF9WC datafile 10396546 (r3-all-2018.csv.gz, md5 fd3487254ae01b22b999d6425fa62309)"
2018,HOWRAH,AMTA-II,BHATORA,"doi:10.7910/DVN/ZHF9WC datafile 10396546 (r3-all-2018.csv.gz, md5 fd3487254ae01b22b999d6425fa62309)"
2018,HOWRAH,AMTA-II,BINLA KRISHNABATI,"doi:10.7910/DVN/ZHF9WC datafile 10396546 (r3-all-2018.csv.gz, md5 fd3487254ae01b22b999d6425fa62309)"
2018,HOWRAH,AMTA-II,GAZIPUR,"doi:10.7910/DVN/ZHF9WC datafile 10396546 (r3-all-2018.csv.gz, md5 fd3487254ae01b22b999d6425fa62309)"
2018,HOWRAH,AMTA-II,GHORABERIA CHITNAN,"doi:10.7910/DVN/ZHF9WC datafile 10396546 (r3-all-2018.csv.gz, md5 fd3487254ae01b22b999d6425fa62309)"
2018,HOWRAH,AMTA-II,JAYPUR,"doi:10.7910/DVN/ZHF9WC datafile 10396546 (r3-all-2018.csv.gz, md5 fd3487254ae01b22b999d6425fa62309)"
2018,HOWRAH,AMTA-II,JHAMTIA,"doi:10.7910/DVN/ZHF9WC datafile 10396546 (r3-all-2018.csv.gz, md5 fd3487254ae01b22b999d6425fa62309)"
2018,HOWRAH,AMTA-II,JHIKIRA,"doi:10.7910/DVN/ZHF9WC datafile 10396546 (r3-all-2018.csv.gz, md5 fd3487254ae01b22b999d6425fa62309)"
2018,HOWRAH,AMTA-II,KALNA,"doi:10.7910/DVN/ZHF9WC datafile 10396546 (r3-all-2018.csv.gz, md5 fd3487254ae01b22b999d6425fa62309)"
2018,HOWRAH,AMTA-II,KASMOLI,"doi:10.7910/DVN/ZHF9WC datafile 10396546 (r3-all-2018.csv.gz, md5 fd3487254ae01b22b999d6425fa62309)"
2018,HOWRAH,AMTA-II,KUSBERIA,"doi:10.7910/DVN/ZHF9WC datafile 10396546 (r3-all-2018.csv.gz, md5 fd3487254ae01b22b999d6425fa62309)"
2018,HOWRAH,AMTA-II,NOYAPARA,"doi:10.7910/DVN/ZHF9WC datafile 10396546 (r3-all-2018.csv.gz, md5 fd3487254ae01b22b999d6425fa62309)"
2018,HOWRAH,AMTA-II,TAJPUR,"doi:10.7910/DVN/ZHF9WC datafile 10396546 (r3-all-2018.csv.gz, md5 fd3487254ae01b22b999d6425fa62309)"
2018,HOWRAH,AMTA-II,THALIA,"doi:10.7910/DVN/ZHF9WC datafile 10396546 (r3-all-2018.csv.gz, md5 fd3487254ae01b22b999d6425fa62309)"
2018,PASCHIM BARDHAMAN,ANDAL,ANDAL,"doi:10.7910/DVN/ZHF9WC datafile 10396546 (r3-all-2018.csv.gz, md5 fd3487254ae01b22b999d6425fa62309)"
2018,PASCHIM BARDHAMAN,ANDAL,DAKSHIN-KHANDA,"doi:10.7910/DVN/ZHF9WC datafile 10396546 (r3-all-2018.csv.gz, md5 fd3487254ae01b22b999d6425fa62309)"
2018,PASCHIM BARDHAMAN,ANDAL,KAJORA,"doi:10.7910/DVN/ZHF9WC datafile 10396546 (r3-all-2018.csv.gz, md5 fd3487254ae01b22b999d6425fa62309)"
2018,PASCHIM BARDHAMAN,ANDAL,KHANDRA,"doi:10.7910/DVN/ZHF9WC datafile 10396546 (r3-all-2018.csv.gz, md5 fd3487254ae01b22b999d6425fa62309)"
2018,PASCHIM BARDHAMAN,ANDAL,MADANPUR,"doi:10.7910/DVN/ZHF9WC datafile 10396546 (r3-all-2018.csv.gz, md5 fd3487254ae01b22b999d6425fa62309)"
2018,PASCHIM BARDHAMAN,ANDAL,RAMPROSADPUR,"doi:10.7910/DVN/ZHF9WC datafile 10396546 (r3-all-2018.csv.gz, md5 fd3487254ae01b22b999d6425fa62309)"
2018,PASCHIM BARDHAMAN,ANDAL,SRIRAMPUR,"doi:10.7910/DVN/ZHF9WC datafile 10396546 (r3-all-2018.csv.gz, md5 fd3487254ae01b22b999d6425fa62309)"
2018,PASCHIM BARDHAMAN,ANDAL,UKHRA,"doi:10.7910/DVN/ZHF9WC datafile 10396546 (r3-all-2018.csv.gz, md5 fd3487254ae01b22b999d6425fa62309)"
2018,HOOGHLY,ARAMBAGH,ARANDI-I,"doi:10.7910/DVN/ZHF9WC datafile 10396546 (r3-all-2018.csv.gz, md5 fd3487254ae01b22b999d6425fa62309)"
2018,HOOGHLY,ARAMBAGH,ARANDI-II,"doi:10.7910/DVN/ZHF9WC datafile 10396546 (r3-all-2018.csv.gz, md5 fd3487254ae01b22b999d6425fa62309)"
2018,HOOGHLY,ARAMBAGH,BATANAL,"doi:10.7910/DVN/ZHF9WC datafile 10396546 (r3-all-2018.csv.gz, md5 fd3487254ae01b22b999d6425fa62309)"
2018,HOOGHLY,ARAMBAGH,GOURHATI-I,"doi:10.7910/DVN/ZHF9WC datafile 10396546 (r3-all-2018.csv.gz, md5 fd3487254ae01b22b999d6425fa62309)"
2018,HOOGHLY,ARAMBAGH,GOURHATI-II,"doi:10.7910/DVN/ZHF9WC datafile 10396546 (r3-all-2018.csv.gz, md5 fd3487254ae01b22b999d6425fa62309)"
2018,HOOGHLY,ARAMBAGH,HARINKHOLA-I,"doi:10.7910/DVN/ZHF9WC datafile 10396546 (r3-all-2018.csv.gz, md5 fd3487254ae01b22b999d6425fa62309)"
2018,HOOGHLY,ARAMBAGH,HARINKHOLA-II,"doi:10.7910/DVN/ZHF9WC datafile 10396546 (r3-all-2018.csv.gz, md5 fd3487254ae01b22b999d6425fa62309)"
2018,HOOGHLY,ARAMBAGH,MADHABPUR,"doi:10.7910/DVN/ZHF9WC datafile 10396546 (r3-all-2018.csv.gz, md5 fd3487254ae01b22b999d6425fa62309)"
2018,HOOGHLY,ARAMBAGH,MALAYPUR-I,"doi:10.7910/DVN/ZHF9WC datafile 10396546 (r3-all-2018.csv.gz, md5 fd3487254ae01b22b999d6425fa62309)"
2018,HOOGHLY,ARAMBAGH,MALAYPUR-II,"doi:10.7910/DVN/ZHF9WC datafile 10396546 (r3-all-2018.csv.gz, md5 fd3487254ae01b22b999d6425fa62309)"
2018,HOOGHLY,ARAMBAGH,MAYAPUR-I,"doi:10.7910/DVN/ZHF9WC datafile 10396546 (r3-all-2018.csv.gz, md5 fd3487254ae01b22b999d6425fa62309)"
2018,HOOGHLY,ARAMBAGH,MAYAPUR-II,"doi:10.7910/DVN/ZHF9WC datafile 10396546 (r3-all-2018.csv.gz, md5 fd3487254ae01b22b999d6425fa62309)"
2018,HOOGHLY,ARAMBAGH,SALEPUR-I,"doi:10.7910/DVN/ZHF9WC datafile 10396546 (r3-all-2018.csv.gz, md5 fd3487254ae01b22b999d6425fa62309)"
2018,HOOGHLY,ARAMBAGH,SALEPUR-II,"doi:10.7910/DVN/ZHF9WC datafile 10396546 (r3-all-2018.csv.gz, md5 fd3487254ae01b22b999d6425fa62309)"
2018,HOOGHLY,ARAMBAGH,TIROLE,"doi:10.7910/DVN/ZHF9WC datafile 10396546 (r3-all-2018.csv.gz, md5 fd3487254ae01b22b999d6425fa62309)"
2018,PURULIA,ARSHA,ARSHA,"doi:10.7910/DVN/ZHF9WC datafile 10396546 (r3-all-2018.csv.gz, md5 fd3487254ae01b22b999d6425fa62309)"
2018,PURULIA,ARSHA,BELDIH,"doi:10.7910/DVN/ZHF9WC datafile 10396546 (r3-all-2018.csv.gz, md5 fd3487254ae01b22b999d6425fa62309)"
2018,PURULIA,ARSHA,CHATUHANSA,"doi:10.7910/DVN/ZHF9WC datafile 10396546 (r3-all-2018.csv.gz, md5 fd3487254ae01b22b999d6425fa62309)"
2018,PURULIA,ARSHA,HENSLA,"doi:10.7910/DVN/ZHF9WC datafile 10396546 (r3-all-2018.csv.gz, md5 fd3487254ae01b22b999d6425fa62309)"
2018,PURULIA,ARSHA,HETGUGUI,"doi:10.7910/DVN/ZHF9WC datafile 10396546 (r3-all-2018.csv.gz, md5 fd3487254ae01b22b999d6425fa62309)"
2018,PURULIA,ARSHA,MANKIARY,"doi:10.7910/DVN/ZHF9WC datafile 10396546 (r3-all-2018.csv.gz, md5 fd3487254ae01b22b999d6425fa62309)"
2018,PURULIA,ARSHA,PUARA,"doi:10.7910/DVN/ZHF9WC datafile 10396546 (r3-all-2018.csv.gz, md5 fd3487254ae01b22b999d6425fa62309)"
2018,PURULIA,ARSHA,SIRKABAD,"doi:10.7910/DVN/ZHF9WC datafile 10396546 (r3-all-2018.csv.gz, md5 fd3487254ae01b22b999d6425fa62309)"
2018,PURBA BARDHAMAN,AUSGRAM-I,AUSGRAM,"doi:10.7910/DVN/ZHF9WC datafile 10396546 (r3-all-2018.csv.gz, md5 fd3487254ae01b22b999d6425fa62309)"
2018,PURBA BARDHAMAN,AUSGRAM-I,BERENDA,"doi:10.7910/DVN/ZHF9WC datafile 10396546 (r3-all-2018.csv.gz, md5 fd3487254ae01b22b999d6425fa62309)"
2018,PURBA BARDHAMAN,AUSGRAM-I,BILLAGRAM,"doi:10.7910/DVN/ZHF9WC datafile 10396546 (r3-all-2018.csv.gz, md5 fd3487254ae01b22b999d6425fa62309)"
2018,PURBA BARDHAMAN,AUSGRAM-I,DIGNAGAR-I,"doi:10.7910/DVN/ZHF9WC datafile 10396546 (r3-all-2018.csv.gz, md5 fd3487254ae01b22b999d6425fa62309)"
2018,PURBA BARDHAMAN,AUSGRAM-I,DIGNAGAR-II,"doi:10.7910/DVN/ZHF9WC datafile 10396546 (r3-all-2018.csv.gz, md5 fd3487254ae01b22b999d6425fa62309)"
2018,PURBA BARDHAMAN,AUSGRAM-I,GUSKARA-II,"doi:10.7910/DVN/ZHF9WC datafile 10396546 (r3-all-2018.csv.gz, md5 fd3487254ae01b22b999d6425fa62309)"
2018,PURBA BARDHAMAN,AUSGRAM-I,UKTA,"doi:10.7910/DVN/ZHF9WC datafile 10396546 (r3-all-2018.csv.gz, md5 fd3487254ae01b22b999d6425fa62309)"
2018,PURBA BARDHAMAN,AUSGRAM-II,AMARPUR,"doi:10.7910/DVN/ZHF9WC datafile 10396546 (r3-all-2018.csv.gz, md5 fd3487254ae01b22b999d6425fa62309)"
2018,PURBA BARDHAMAN,AUSGRAM-II,BHALKI,"doi:10.7910/DVN/ZHF9WC datafile 10396546 (r3-all-2018.csv.gz, md5 fd3487254ae01b22b999d6425fa62309)"
2018,PURBA BARDHAMAN,AUSGRAM-II,BHEDIA,"doi:10.7910/DVN/ZHF9WC datafile 10396546 (r3-all-2018.csv.gz, md5 fd3487254ae01b22b999d6425fa62309)"
2018,PURBA BARDHAMAN,AUSGRAM-II,DEBSALA,"doi:10.7910/DVN/ZHF9WC datafile 10396546 (r3-all-2018.csv.gz, md5 fd3487254ae01b22b999d6425fa62309)"
2018,PURBA BARDHAMAN,AUSGRAM-II,ERAL,"doi:10.7910/DVN/ZHF9WC datafile 10396546 (r3-all-2018.csv.gz, md5 fd3487254ae01b22b999d6425fa62309)"
2018,PURBA BARDHAMAN,AUSGRAM-II,KOTA,"doi:10.7910/DVN/ZHF9WC datafile 10396546 (r3-all-2018.csv.gz, md5 fd3487254ae01b22b999d6425fa62309)"
2018,PURBA BARDHAMAN,AUSGRAM-II,RAMNAGAR,"doi:10.7910/DVN/ZHF9WC datafile 10396546 (r3-all-2018.csv.gz, md5 fd3487254ae01b22b999d6425fa62309)"
2018,24 PARGANAS (NORTH),BADURIA,ATURIA,"doi:10.7910/DVN/ZHF9WC datafile 10396546 (r3-all-2018.csv.gz, md5 fd3487254ae01b22b999d6425fa62309)"
2018,24 PARGANAS (NORTH),BADURIA,BAGJOLA,"doi:10.7910/DVN/ZHF9WC datafile 10396546 (r3-all-2018.csv.gz, md5 fd3487254ae01b22b999d6425fa62309)"
2018,24 PARGANAS (NORTH),BADURIA,BAJITPUR,"doi:10.7910/DVN/ZHF9WC datafile 10396546 (r3-all-2018.csv.gz, md5 fd3487254ae01b22b999d6425fa62309)"
2018,24 PARGANAS (NORTH),BADURIA,CHANDIPUR,"doi:10.7910/DVN/ZHF9WC datafile 10396546 (r3-all-2018.csv.gz, md5 fd3487254ae01b22b999d6425fa62309)"
2018,24 PARGANAS (NORTH),BADURIA,CHATRA,"doi:10.7910/DVN/ZHF9WC datafile 10396546 (r3-all-2018.csv.gz, md5 fd3487254ae01b22b999d6425fa62309)"
2018,24 PARGANAS (NORTH),BADURIA,JADURHATI DAKSHIN,"doi:10.7910/DVN/ZHF9WC datafile 10396546 (r3-all-2018.csv.gz, md5 fd3487254ae01b22b999d6425fa62309)"
2018,24 PARGANAS (NORTH),BADURIA,JADURHATI UTTAR,"doi:10.7910/DVN/ZHF9WC datafile 10396546 (r3-all-2018.csv.gz, md5 fd3487254ae01b22b999d6425fa62309)"
2018,24 PARGANAS (NORTH),BADURIA,JAGANNATHPUR,"doi:10.7910/DVN/ZHF9WC datafile 10396546 (r3-all-2018.csv.gz, md5 fd3487254ae01b22b999d6425fa62309)"
2018,24 PARGANAS (NORTH),BADURIA,JASIKATI ATGHARA,"doi:10.7910/DVN/ZHF9WC datafile 10396546 (r3-all-2018.csv.gz, md5 fd3487254ae01b22b999d6425fa62309)"
2018,24 PARGANAS (NORTH),BADURIA,NAYABASTIA MILANI,"doi:10.7910/DVN/ZHF9WC datafile 10396546 (r3-all-2018.csv.gz, md5 fd3487254ae01b22b999d6425fa62309)"
2018,24 PARGANAS (NORTH),BADURIA,RAGHUNATHPUR,"doi:10.7910/DVN/ZHF9WC datafile 10396546 (r3-all-2018.csv.gz, md5 fd3487254ae01b22b999d6425fa62309)"
2018,24 PARGANAS (NORTH),BADURIA,RAMCHANDRAPUR UDAY,"doi:10.7910/DVN/ZHF9WC datafile 10396546 (r3-all-2018.csv.gz, md5 fd3487254ae01b22b999d6425fa62309)"
2018,24 PARGANAS (NORTH),BADURIA,SAYESTANAGAR-I,"doi:10.7910/DVN/ZHF9WC datafile 10396546 (r3-all-2018.csv.gz, md5 fd3487254ae01b22b999d6425fa62309)"
2018,24 PARGANAS (NORTH),BADURIA,SAYESTANAGAR-II,"doi:10.7910/DVN/ZHF9WC datafile 10396546 (r3-all-2018.csv.gz, md5 fd3487254ae01b22b999d6425fa62309)"
2018,24 PARGANAS (NORTH),BAGDAH,ASHARU,"doi:10.7910/DVN/ZHF9WC datafile 10396546 (r3-all-2018.csv.gz, md5 fd3487254ae01b22b999d6425fa62309)"
2018,24 PARGANAS (NORTH),BAGDAH,BAGDA,"doi:10.7910/DVN/ZHF9WC datafile 10396546 (r3-all-2018.csv.gz, md5 fd3487254ae01b22b999d6425fa62309)"
2018,24 PARGANAS (NORTH),BAGDAH,BAYRA,"doi:10.7910/DVN/ZHF9WC datafile 10396546 (r3-all-2018.csv.gz, md5 fd3487254ae01b22b999d6425fa62309)"
2018,24 PARGANAS (NORTH),BAGDAH,HELENCHA,"doi:10.7910/DVN/ZHF9WC datafile 10396546 (r3-all-2018.csv.gz, md5 fd3487254ae01b22b999d6425fa62309)"
2018,24 PARGANAS (NORTH),BAGDAH,KONIARA-I,"doi:10.7910/DVN/ZHF9WC datafile 10396546 (r3-all-2018.csv.gz, md5 fd3487254ae01b22b999d6425fa62309)"
2018,24 PARGANAS (NORTH),BAGDAH,KONIARA-II,"doi:10.7910/DVN/ZHF9WC datafile 10396546 (r3-all-2018.csv.gz, md5 fd3487254ae01b22b999d6425fa62309)"
2018,24 PARGANAS (NORTH),BAGDAH,MALIPOTA,"doi:10.7910/DVN/ZHF9WC datafile 10396546 (r3-all-2018.csv.gz, md5 fd3487254ae01b22b999d6425fa62309)"
2018,24 PARGANAS (NORTH),BAGDAH,RANGHAT,"doi:10.7910/DVN/ZHF9WC datafile 10396546 (r3-all-2018.csv.gz, md5 fd3487254ae01b22b999d6425fa62309)"
2018,24 PARGANAS (NORTH),BAGDAH,SINDRANI,"doi:10.7910/DVN/ZHF9WC datafile 10396546 (r3-all-2018.csv.gz, md5 fd3487254ae01b22b999d6425fa62309)"
2018,PURULIA,BAGMUNDI,AJODHYA,"doi:10.7910/DVN/ZHF9WC datafile 10396546 (r3-all-2018.csv.gz, md5 fd3487254ae01b22b999d6425fa62309)"
2018,PURULIA,BAGMUNDI,BAGHMUNDI,"doi:10.7910/DVN/ZHF9WC datafile 10396546 (r3-all-2018.csv.gz, md5 fd3487254ae01b22b999d6425fa62309)"
2018,PURULIA,BAGMUNDI,BEERGRAM,"doi:10.7910/DVN/ZHF9WC datafile 10396546 (r3-all-2018.csv.gz, md5 fd3487254ae01b22b999d6425fa62309)"
2018,PURULIA,BAGMUNDI,BURDA-KALIMATI,"doi:10.7910/DVN/ZHF9WC datafile 10396546 (r3-all-2018.csv.gz, md5 fd3487254ae01b22b999d6425fa62309)"
2018,PURULIA,BAGMUNDI,MATHA,"doi:10.7910/DVN/ZHF9WC datafile 10396546 (r3-all-2018.csv.gz, md5 fd3487254ae01b22b999d6425fa62309)"
2018,PURULIA,BAGMUNDI,SERENGDIH,"doi:10.7910/DVN/ZHF9WC datafile 10396546 (r3-all-2018.csv.gz, md5 fd3487254ae01b22b999d6425fa62309)"
2018,PURULIA,BAGMUNDI,SINDRI,"doi:10.7910/DVN/ZHF9WC datafile 10396546 (r3-all-2018.csv.gz, md5 fd3487254ae01b22b999d6425fa62309)"
2018,PURULIA,BAGMUNDI,TUNTURI-SUISA,"doi:10.7910/DVN/ZHF9WC datafile 10396546 (r3-all-2018.csv.gz, md5 fd3487254ae01b22b999d6425fa62309)"
2018,HOWRAH,BAGNAN-I,BAGNAN-I,"doi:10.7910/DVN/ZHF9WC datafile 10396546 (r3-all-2018.csv.gz, md5 fd3487254ae01b22b999d6425fa62309)"
2018,HOWRAH,BAGNAN-I,BAGNAN-II,"doi:10.7910/DVN/ZHF9WC datafile 10396546 (r3-all-2018.csv.gz, md5 fd3487254ae01b22b999d6425fa62309)"
2018,HOWRAH,BAGNAN-I,BAINAN,"doi:10.7910/DVN/ZHF9WC datafile 10396546 (r3-all-2018.csv.gz, md5 fd3487254ae01b22b999d6425fa62309)"
2018,HOWRAH,BAGNAN-I,BAKSIHAT,"doi:10.7910/DVN/ZHF9WC datafile 10396546 (r3-all-2018.csv.gz, md5 fd3487254ae01b22b999d6425fa62309)"
2018,HOWRAH,BAGNAN-I,BANGALPUR,"doi:10.7910/DVN/ZHF9WC datafile 10396546 (r3-all-2018.csv.gz, md5 fd3487254ae01b22b999d6425fa62309)"
2018,HOWRAH,BAGNAN-I,HATURIA-I,"doi:10.7910/DVN/ZHF9WC datafile 10396546 (r3-all-2018.csv.gz, md5 fd3487254ae01b22b999d6425fa62309)"
2018,HOWRAH,BAGNAN-I,HATURIA-II,"doi:10.7910/DVN/ZHF9WC datafile 10396546 (r3-all-2018.csv.gz, md5 fd3487254ae01b22b999d6425fa62309)"
2018,HOWRAH,BAGNAN-I,KALYANPUR,"doi:10.7910/DVN/ZHF9WC datafile 10396546 (r3-all-2018.csv.gz, md5 fd3487254ae01b22b999d6425fa62309)"
2018,HOWRAH,BAGNAN-I,KHALORE,"doi:10.7910/DVN/ZHF9WC datafile 10396546 (r3-all-2018.csv.gz, md5 fd3487254ae01b22b999d6425fa62309)"
2018,HOWRAH,BAGNAN-I,SABSIT,"doi:10.7910/DVN/ZHF9WC datafile 10396546 (r3-all-2018.csv.gz, md5 fd3487254ae01b22b999d6425fa62309)"
2018,HOWRAH,BAGNAN-II,ANTILA,"doi:10.7910/DVN/ZHF9WC datafile 10396546 (r3-all-2018.csv.gz, md5 fd3487254ae01b22b999d6425fa62309)"
2018,HOWRAH,BAGNAN-II,BANTUL-BAIDYANATHPUR,"doi:10.7910/DVN/ZHF9WC datafile 10396546 (r3-all-2018.csv.gz, md5 fd3487254ae01b22b999d6425fa62309)"
2018,HOWRAH,BAGNAN-II,CHANDRABHAG,"doi:10.7910/DVN/ZHF9WC datafile 10396546 (r3-all-2018.csv.gz, md5 fd3487254ae01b22b999d6425fa62309)"
2018,HOWRAH,BAGNAN-II,HALYAN,"doi:10.7910/DVN/ZHF9WC datafile 10396546 (r3-all-2018.csv.gz, md5 fd3487254ae01b22b999d6425fa62309)"
2018,HOWRAH,BAGNAN-II,MUALYAN BENAPUR,"doi:10.7910/DVN/ZHF9WC datafile 10396546 (r3-all-2018.csv.gz, md5 fd3487254ae01b22b999d6425fa62309)"
2018,HOWRAH,BAGNAN-II,ORPHOOLI,"doi:10.7910/DVN/ZHF9WC datafile 10396546 (r3-all-2018.csv.gz, md5 fd3487254ae01b22b999d6425fa62309)"
2018,HOWRAH,BAGNAN-II,SARATCHANDRA,"doi:10.7910/DVN/ZHF9WC datafile 10396546 (r3-all-2018.csv.gz, md5 fd3487254ae01b22b999d6425fa62309)"
2018,HOOGHLY,BALAGARH,BAKLIADHOBAPARA,"doi:10.7910/DVN/ZHF9WC datafile 10396546 (r3-all-2018.csv.gz, md5 fd3487254ae01b22b999d6425fa62309)"
2018,HOOGHLY,BALAGARH,CHARKRISHNABATI,"doi:10.7910/DVN/ZHF9WC datafile 10396546 (r3-all-2018.csv.gz, md5 fd3487254ae01b22b999d6425fa62309)"
2018,HOOGHLY,BALAGARH,DUMURDAHANITYANANDAPUR-I,"doi:10.7910/DVN/ZHF9WC datafile 10396546 (r3-all-2018.csv.gz, md5 fd3487254ae01b22b999d6425fa62309)"
2018,HOOGHLY,BALAGARH,DUMURDAHANITYANANDAPUR-II,"doi:10.7910/DVN/ZHF9WC datafile 10396546 (r3-all-2018.csv.gz, md5 fd3487254ae01b22b999d6425fa62309)"
2018,HOOGHLY,BALAGARH,EKTARPUR,"doi:10.7910/DVN/ZHF9WC datafile 10396546 (r3-all-2018.csv.gz, md5 fd3487254ae01b22b999d6425fa62309)"
2018,HOOGHLY,BALAGARH,GUPTIPARA-I,"doi:10.7910/DVN/ZHF9WC datafile 10396546 (r3-all-2018.csv.gz, md5 fd3487254ae01b22b999d6425fa62309)"
2018,HOOGHLY,BALAGARH,GUPTIPARA-II,"doi:10.7910/DVN/ZHF9WC datafile 10396546 (r3-all-2018.csv.gz, md5 fd3487254ae01b22b999d6425fa62309)"
2018,HOOGHLY,BALAGARH,JIRAT,"doi:10.7910/DVN/ZHF9WC datafile 10396546 (r3-all-2018.csv.gz, md5 fd3487254ae01b22b999d6425fa62309)"
2018,HOOGHLY,BALAGARH,MOHIPALPUR,"doi:10.7910/DVN/ZHF9WC datafile 10396546 (r3-all-2018.csv.gz, md5 fd3487254ae01b22b999d6425fa62309)"
2018,HOOGHLY,BALAGARH,SIJAKAMALPUR,"doi:10.7910/DVN/ZHF9WC datafile 10396546 (r3-all-2018.csv.gz, md5 fd3487254ae01b22b999d6425fa62309)"
2018,HOOGHLY,BALAGARH,SOMRA-I,"doi:10.7910/DVN/ZHF9WC datafile 10396546 (r3-all-2018.csv.gz, md5 fd3487254ae01b22b999d6425fa62309)"
2018,HOOGHLY,BALAGARH,SOMRA-II,"doi:10.7910/DVN/ZHF9WC datafile 10396546 (r3-all-2018.csv.gz, md5 fd3487254ae01b22b999d6425fa62309)"
2018,HOOGHLY,BALAGARH,SRIPUR-BALAGARH,"doi:10.7910/DVN/ZHF9WC datafile 10396546 (r3-all-2018.csv.gz, md5 fd3487254ae01b22b999d6425fa62309)"
2018,PURULIA,BALARAMPUR,BALARAMPUR,"doi:10.7910/DVN/ZHF9WC datafile 10396546 (r3-all-2018.csv.gz, md5 fd3487254ae01b22b999d6425fa62309)"
2018,PURULIA,BALARAMPUR,BARAURMA,"doi:10.7910/DVN/ZHF9WC datafile 10396546 (r3-all-2018.csv.gz, md5 fd3487254ae01b22b999d6425fa62309)"
2018,PURULIA,BALARAMPUR,BELA,"doi:10.7910/DVN/ZHF9WC datafile 10396546 (r3-all-2018.csv.gz, md5 fd3487254ae01b22b999d6425fa62309)"
2018,PURULIA,BALARAMPUR,DARDA,"doi:10.7910/DVN/ZHF9WC datafile 10396546 (r3-all-2018.csv.gz, md5 fd3487254ae01b22b999d6425fa62309)"
2018,PURULIA,BALARAMPUR,GENRUA,"doi:10.7910/DVN/ZHF9WC datafile 10396546 (r3-all-2018.csv.gz, md5 fd3487254ae01b22b999d6425fa62309)"
2018,PURULIA,BALARAMPUR,GHATBERA-KEROWA,"doi:10.7910/DVN/ZHF9WC datafile 10396546 (r3-all-2018.csv.gz, md5 fd3487254ae01b22b999d6425fa62309)"
2018,PURULIA,BALARAMPUR,TENTLOW,"doi:10.7910/DVN/ZHF9WC datafile 10396546 (r3-all-2018.csv.gz, md5 fd3487254ae01b22b999d6425fa62309)"
2018,HOWRAH,BALLY-JAGACHA,BALI,"doi:10.7910/DVN/ZHF9WC datafile 10396546 (r3-all-2018.csv.gz, md5 fd3487254ae01b22b999d6425fa62309)"
2018,HOWRAH,BALLY-JAGACHA,CHAKPARA ANANDANAGAR,"doi:10.7910/DVN/ZHF9WC datafile 10396546 (r3-all-2018.csv.gz, md5 fd3487254ae01b22b999d6425fa62309)"
2018,HOWRAH,BALLY-JAGACHA,CHAMRAIL,"doi:10.7910/DVN/ZHF9WC datafile 10396546 (r3-all-2018.csv.gz, md5 fd3487254ae01b22b999d6425fa62309)"
2018,HOWRAH,BALLY-JAGACHA,DURGAPUR ABHAYNAGAR-I,"doi:10.7910/DVN/ZHF9WC datafile 10396546 (r3-all-2018.csv.gz, md5 fd3487254ae01b22b999d6425fa62309)"
2018,HOWRAH,BALLY-JAGACHA,DURGAPUR ABHAYNAGAR-II,"doi:10.7910/DVN/ZHF9WC datafile 10396546 (r3-all-2018.csv.gz, md5 fd3487254ae01b22b999d6425fa62309)"
2018,HOWRAH,BALLY-JAGACHA,JAGADISHPUR,"doi:10.7910/DVN/ZHF9WC datafile 10396546 (r3-all-2018.csv.gz, md5 fd3487254ae01b22b999d6425fa62309)"
2018,HOWRAH,BALLY-JAGACHA,NISCHINDA,"doi:10.7910/DVN/ZHF9WC datafile 10396546 (r3-all-2018.csv.gz, md5 fd3487254ae01b22b999d6425fa62309)"
2018,HOWRAH,BALLY-JAGACHA,SANPUIPARA BASUKAI,"doi:10.7910/DVN/ZHF9WC datafile 10396546 (r3-all-2018.csv.gz, md5 fd3487254ae01b22b999d6425fa62309)"
2018,MALDAH,BAMONGOLA,BAMONGOLA,"doi:10.7910/DVN/ZHF9WC datafile 10396546 (r3-all-2018.csv.gz, md5 fd3487254ae01b22b999d6425fa62309)"
2018,MALDAH,BAMONGOLA,CHANDPUR,"doi:10.7910/DVN/ZHF9WC datafile 10396546 (r3-all-2018.csv.gz, md5 fd3487254ae01b22b999d6425fa62309)"
2018,MALDAH,BAMONGOLA,GOBINDAPUR-MAHESHPUR,"doi:10.7910/DVN/ZHF9WC datafile 10396546 (r3-all-2018.csv.gz, md5 fd3487254ae01b22b999d6425fa62309)"
2018,MALDAH,BAMONGOLA,JAGDALA,"doi:10.7910/DVN/ZHF9WC datafile 10396546 (r3-all-2018.csv.gz, md5 fd3487254ae01b22b999d6425fa62309)"
2018,MALDAH,BAMONGOLA,MADNABATI,"doi:10.7910/DVN/ZHF9WC datafile 10396546 (r3-all-2018.csv.gz, md5 fd3487254ae01b22b999d6425fa62309)"
2018,MALDAH,BAMONGOLA,PAKUAHAT,"doi:10.7910/DVN/ZHF9WC datafile 10396546 (r3-all-2018.csv.gz, md5 fd3487254ae01b22b999d6425fa62309)"
2018,24 PARGANAS (NORTH),BANGAON,AKAIPUR,"doi:10.7910/DVN/ZHF9WC datafile 10396546 (r3-all-2018.csv.gz, md5 fd3487254ae01b22b999d6425fa62309)"
2018,24 PARGANAS (NORTH),BANGAON,BAIRAMPUR,"doi:10.7910/DVN/ZHF9WC datafile 10396546 (r3-all-2018.csv.gz, md5 fd3487254ae01b22b999d6425fa62309)"
2018,24 PARGANAS (NORTH),BANGAON,CHAWBERIA-I,"doi:10.7910/DVN/ZHF9WC datafile 10396546 (r3-all-2018.csv.gz, md5 fd3487254ae01b22b999d6425fa62309)"
2018,24 PARGANAS (NORTH),BANGAON,CHAWBERIA-II,"doi:10.7910/DVN/ZHF9WC datafile 10396546 (r3-all-2018.csv.gz, md5 fd3487254ae01b22b999d6425fa62309)"
2018,24 PARGANAS (NORTH),BANGAON,CHHAIGHORIA,"doi:10.7910/DVN/ZHF9WC datafile 10396546 (r3-all-2018.csv.gz, md5 fd3487254ae01b22b999d6425fa62309)"
2018,24 PARGANAS (NORTH),BANGAON,DHARMAPUKURIA,"doi:10.7910/DVN/ZHF9WC datafile 10396546 (r3-all-2018.csv.gz, md5 fd3487254ae01b22b999d6425fa62309)"
2018,24 PARGANAS (NORTH),BANGAON,DIGHARI,"doi:10.7910/DVN/ZHF9WC datafile 10396546 (r3-all-2018.csv.gz, md5 fd3487254ae01b22b999d6425fa62309)"
2018,24 PARGANAS (NORTH),BANGAON,GANGANANDAPUR,"doi:10.7910/DVN/ZHF9WC datafile 10396546 (r3-all-2018.csv.gz, md5 fd3487254ae01b22b999d6425fa62309)"
2018,24 PARGANAS (NORTH),BANGAON,GANRAPOTA,"doi:10.7910/DVN/ZHF9WC datafile 10396546 (r3-all-2018.csv.gz, md5 fd3487254ae01b22b999d6425fa62309)"
2018,24 PARGANAS (NORTH),BANGAON,GHATBOUR,"doi:10.7910/DVN/ZHF9WC datafile 10396546 (r3-all-2018.csv.gz, md5 fd3487254ae01b22b999d6425fa62309)"
2018,24 PARGANAS (NORTH),BANGAON,GOPALNAGAR-I,"doi:10.7910/DVN/ZHF9WC datafile 10396546 (r3-all-2018.csv.gz, md5 fd3487254ae01b22b999d6425fa62309)"
2018,24 PARGANAS (NORTH),BANGAON,GOPALNAGAR-II,"doi:10.7910/DVN/ZHF9WC datafile 10396546 (r3-all-2018.csv.gz, md5 fd3487254ae01b22b999d6425fa62309)"
2018,24 PARGANAS (NORTH),BANGAON,KALUPUR,"doi:10.7910/DVN/ZHF9WC datafile 10396546 (r3-all-2018.csv.gz, md5 fd3487254ae01b22b999d6425fa62309)"
2018,24 PARGANAS (NORTH),BANGAON,PALLA,"doi:10.7910/DVN/ZHF9WC datafile 10396546 (r3-all-2018.csv.gz, md5 fd3487254ae01b22b999d6425fa62309)"
2018,24 PARGANAS (NORTH),BANGAON,SUNDARPUR,"doi:10.7910/DVN/ZHF9WC datafile 10396546 (r3-all-2018.csv.gz, md5 fd3487254ae01b22b999d6425fa62309)"
2018,24 PARGANAS (NORTH),BANGAON,TANGRA,"doi:10.7910/DVN/ZHF9WC datafile 10396546 (r3-all-2018.csv.gz, md5 fd3487254ae01b22b999d6425fa62309)"
2018,BANKURA,BANKURA-I,ANCHURI,"doi:10.7910/DVN/ZHF9WC datafile 10396546 (r3-all-2018.csv.gz, md5 fd3487254ae01b22b999d6425fa62309)"
2018,BANKURA,BANKURA-I,ANDHARTHOLE,"doi:10.7910/DVN/ZHF9WC datafile 10396546 (r3-all-2018.csv.gz, md5 fd3487254ae01b22b999d6425fa62309)"
2018,BANKURA,BANKURA-I,JAGADALLA-I,"doi:10.7910/DVN/ZHF9WC datafile 10396546 (r3-all-2018.csv.gz, md5 fd3487254ae01b22b999d6425fa62309)"
2018,BANKURA,BANKURA-I,JAGADALLA-II,"doi:10.7910/DVN/ZHF9WC datafile 10396546 (r3-all-2018.csv.gz, md5 fd3487254ae01b22b999d6425fa62309)"
2018,BANKURA,BANKURA-I,KALAPATHAR,"doi:10.7910/DVN/ZHF9WC datafile 10396546 (r3-all-2018.csv.gz, md5 fd3487254ae01b22b999d6425fa62309)"
2018,BANKURA,BANKURA-I,KENJAKURA,"doi:10.7910/DVN/ZHF9WC datafile 10396546 (r3-all-2018.csv.gz, md5 fd3487254ae01b22b999d6425fa62309)"
2018,BANKURA,BANKURA-II,BIKNA,"doi:10.7910/DVN/ZHF9WC datafile 10396546 (r3-all-2018.csv.gz, md5 fd3487254ae01b22b999d6425fa62309)"
2018,BANKURA,BANKURA-II,JUNBEDIA,"doi:10.7910/DVN/ZHF9WC datafile 10396546 (r3-all-2018.csv.gz, md5 fd3487254ae01b22b999d6425fa62309)"
2018,BANKURA,BANKURA-II,KOSTHIA,"doi:10.7910/DVN/ZHF9WC datafile 10396546 (r3-all-2018.csv.gz, md5 fd3487254ae01b22b999d6425fa62309)"
2018,BANKURA,BANKURA-II,MANKANALI,"doi:10.7910/DVN/ZHF9WC datafile 10396546 (r3-all-2018.csv.gz, md5 fd3487254ae01b22b999d6425fa62309)"
2018,BANKURA,BANKURA-II,NARRAH,"doi:10.7910/DVN/ZHF9WC datafile 10396546 (r3-all-2018.csv.gz, md5 fd3487254ae01b22b999d6425fa62309)"
2018,BANKURA,BANKURA-II,PURANDARPUR,"doi:10.7910/DVN/ZHF9WC datafile 10396546 (r3-all-2018.csv.gz, md5 fd3487254ae01b22b999d6425fa62309)"
2018,BANKURA,BANKURA-II,SANBANDHA,"doi:10.7910/DVN/ZHF9WC datafile 10396546 (r3-all-2018.csv.gz, md5 fd3487254ae01b22b999d6425fa62309)"
2018,PASCHIM BARDHAMAN,BARABANI,BARABANI,"doi:10.7910/DVN/ZHF9WC datafile 10396546 (r3-all-2018.csv.gz, md5 fd3487254ae01b22b999d6425fa62309)"
2018,PASCHIM BARDHAMAN,BARABANI,DOMOHANI,"doi:10.7910/DVN/ZHF9WC datafile 10396546 (r3-all-2018.csv.gz, md5 fd3487254ae01b22b999d6425fa62309)"
2018,PASCHIM BARDHAMAN,BARABANI,ITAPARA,"doi:10.7910/DVN/ZHF9WC datafile 10396546 (r3-all-2018.csv.gz, md5 fd3487254ae01b22b999d6425fa62309)"
2018,PASCHIM BARDHAMAN,BARABANI,JAMGRAM,"doi:10.7910/DVN/ZHF9WC datafile 10396546 (r3-all-2018.csv.gz, md5 fd3487254ae01b22b999d6425fa62309)"
2018,PASCHIM BARDHAMAN,BARABANI,NUNI,"doi:10.7910/DVN/ZHF9WC datafile 10396546 (r3-all-2018.csv.gz, md5 fd3487254ae01b22b999d6425fa62309)"
2018,PASCHIM BARDHAMAN,BARABANI,PANCHGECHIA,"doi:10.7910/DVN/ZHF9WC datafile 10396546 (r3-all-2018.csv.gz, md5 fd3487254ae01b22b999d6425fa62309)"
2018,PASCHIM BARDHAMAN,BARABANI,PANURIA,"doi:10.7910/DVN/ZHF9WC datafile 10396546 (r3-all-2018.csv.gz, md5 fd3487254ae01b22b999d6425fa62309)"
2018,PASCHIM BARDHAMAN,BARABANI,PUNCHRA,"doi:10.7910/DVN/ZHF9WC datafile 10396546 (r3-all-2018.csv.gz, md5 fd3487254ae01b22b999d6425fa62309)"
2018,PURULIA,BARABAZAR,BANJORA,"doi:10.7910/DVN/ZHF9WC datafile 10396546 (r3-all-2018.csv.gz, md5 fd3487254ae01b22b999d6425fa62309)"
2018,PURULIA,BARABAZAR,BANSBERA,"doi:10.7910/DVN/ZHF9WC datafile 10396546 (r3-all-2018.csv.gz, md5 fd3487254ae01b22b999d6425fa62309)"
2018,PURULIA,BARABAZAR,BARABAZAR,"doi:10.7910/DVN/ZHF9WC datafile 10396546 (r3-all-2018.csv.gz, md5 fd3487254ae01b22b999d6425fa62309)"
2018,PURULIA,BARABAZAR,BERADA,"doi:10.7910/DVN/ZHF9WC datafile 10396546 (r3-all-2018.csv.gz, md5 fd3487254ae01b22b999d6425fa62309)"
2018,PURULIA,BARABAZAR,BHAGABANDH,"doi:10.7910/DVN/ZHF9WC datafile 10396546 (r3-all-2018.csv.gz, md5 fd3487254ae01b22b999d6425fa62309)"
2018,PURULIA,BARABAZAR,DHELATBAMU,"doi:10.7910/DVN/ZHF9WC datafile 10396546 (r3-all-2018.csv.gz, md5 fd3487254ae01b22b999d6425fa62309)"
2018,PURULIA,BARABAZAR,LATPADA,"doi:10.7910/DVN/ZHF9WC datafile 10396546 (r3-all-2018.csv.gz, md5 fd3487254ae01b22b999d6425fa62309)"
2018,PURULIA,BARABAZAR,SINDRI,"doi:10.7910/DVN/ZHF9WC datafile 10396546 (r3-all-2018.csv.gz, md5 fd3487254ae01b22b999d6425fa62309)"
2018,PURULIA,BARABAZAR,SUKURHUTU,"doi:10.7910/DVN/ZHF9WC datafile 10396546 (r3-all-2018.csv.gz, md5 fd3487254ae01b22b999d6425fa62309)"
2018,PURULIA,BARABAZAR,TUMRASOLE,"doi:10.7910/DVN/ZHF9WC datafile 10396546 (r3-all-2018.csv.gz, md5 fd3487254ae01b22b999d6425fa62309)"
2018,24 PARGANAS (NORTH),BARASAT-I,CHHOTO JAGULIA,"doi:10.7910/DVN/ZHF9WC datafile 10396546 (r3-all-2018.csv.gz, md5 fd3487254ae01b22b999d6425fa62309)"
2018,24 PARGANAS (NORTH),BARASAT-I,DATTAPUKUR-I,"doi:10.7910/DVN/ZHF9WC datafile 10396546 (r3-all-2018.csv.gz, md5 fd3487254ae01b22b999d6425fa62309)"
2018,24 PARGANAS (NORTH),BARASAT-I,DATTAPUKUR-II,"doi:10.7910/DVN/ZHF9WC datafile 10396546 (r3-all-2018.csv.gz, md5 fd3487254ae01b22b999d6425fa62309)"
2018,24 PARGANAS (NORTH),BARASAT-I,ICHHAPUR-NILGANJ,"doi:10.7910/DVN/ZHF9WC datafile 10396546 (r3-all-2018.csv.gz, md5 fd3487254ae01b22b999d6425fa62309)"
2018,24 PARGANAS (NORTH),BARASAT-I,KADAMBAGACHHI,"doi:10.7910/DVN/ZHF9WC datafile 10396546 (r3-all-2018.csv.gz, md5 fd3487254ae01b22b999d6425fa62309)"
2018,24 PARGANAS (NORTH),BARASAT-I,KASHIMPUR,"doi:10.7910/DVN/ZHF9WC datafile 10396546 (r3-all-2018.csv.gz, md5 fd3487254ae01b22b999d6425fa62309)"
2018,24 PARGANAS (NORTH),BARASAT-I,KOTRA,"doi:10.7910/DVN/ZHF9WC datafile 10396546 (r3-all-2018.csv.gz, md5 fd3487254ae01b22b999d6425fa62309)"
2018,24 PARGANAS (NORTH),BARASAT-I,PASCHIM KHILKAPUR,"doi:10.7910/DVN/ZHF9WC datafile 10396546 (r3-all-2018.csv.gz, md5 fd3487254ae01b22b999d6425fa62309)"
2018,24 PARGANAS (NORTH),BARASAT-I,PURBA KHILKAPUR,"doi:10.7910/DVN/ZHF9WC datafile 10396546 (r3-all-2018.csv.gz, md5 fd3487254ae01b22b999d6425fa62309)"
2018,24 PARGANAS (NORTH),BARASAT-II,CHANDIGARH-ROHANDA,"doi:10.7910/DVN/ZHF9WC datafile 10396546 (r3-all-2018.csv.gz, md5 fd3487254ae01b22b999d6425fa62309)"
2018,24 PARGANAS (NORTH),BARASAT-II,DADPUR,"doi:10.7910/DVN/ZHF9WC datafile 10396546 (r3-all-2018.csv.gz, md5 fd3487254ae01b22b999d6425fa62309)"
2018,24 PARGANAS (NORTH),BARASAT-II,FALTI BELIAGHATA,"doi:10.7910/DVN/ZHF9WC datafile 10396546 (r3-all-2018.csv.gz, md5 fd3487254ae01b22b999d6425fa62309)"
2018,24 PARGANAS (NORTH),BARASAT-II,KEMIA KHAMARPARA,"doi:10.7910/DVN/ZHF9WC datafile 10396546 (r3-all-2018.csv.gz, md5 fd3487254ae01b22b999d6425fa62309)"
2018,24 PARGANAS (NORTH),BARASAT-II,KIRTIPUR-I,"doi:10.7910/DVN/ZHF9WC datafile 10396546 (r3-all-2018.csv.gz, md5 fd3487254ae01b22b999d6425fa62309)"
2018,24 PARGANAS (NORTH),BARASAT-II,KIRTIPUR-II,"doi:10.7910/DVN/ZHF9WC datafile 10396546 (r3-all-2018.csv.gz, md5 fd3487254ae01b22b999d6425fa62309)"
2018,24 PARGANAS (NORTH),BARASAT-II,SHASAN,"doi:10.7910/DVN/ZHF9WC datafile 10396546 (r3-all-2018.csv.gz, md5 fd3487254ae01b22b999d6425fa62309)"
2018,BANKURA,BARJORA,BARJORA,"doi:10.7910/DVN/ZHF9WC datafile 10396546 (r3-all-2018.csv.gz, md5 fd3487254ae01b22b999d6425fa62309)"
2018,BANKURA,BARJORA,BELIATOR,"doi:10.7910/DVN/ZHF9WC datafile 10396546 (r3-all-2018.csv.gz, md5 fd3487254ae01b22b999d6425fa62309)"
2018,BANKURA,BARJORA,BRINDABANPUR,"doi:10.7910/DVN/ZHF9WC datafile 10396546 (r3-all-2018.csv.gz, md5 fd3487254ae01b22b999d6425fa62309)"
2018,BANKURA,BARJORA,CHHANDAR,"doi:10.7910/DVN/ZHF9WC datafile 10396546 (r3-all-2018.csv.gz, md5 fd3487254ae01b22b999d6425fa62309)"
2018,BANKURA,BARJORA,GHUTGORIA,"doi:10.7910/DVN/ZHF9WC datafile 10396546 (r3-all-2018.csv.gz, md5 fd3487254ae01b22b999d6425fa62309)"
2018,BANKURA,BARJORA,GODARDIHI,"doi:10.7910/DVN/ZHF9WC datafile 10396546 (r3-all-2018.csv.gz, md5 fd3487254ae01b22b999d6425fa62309)"
2018,BANKURA,BARJORA,HATASURIA,"doi:10.7910/DVN/ZHF9WC datafile 10396546 (r3-all-2018.csv.gz, md5 fd3487254ae01b22b999d6425fa62309)"
2018,BANKURA,BARJORA,KHANRARI,"doi:10.7910/DVN/ZHF9WC datafile 10396546 (r3-all-2018.csv.gz, md5 fd3487254ae01b22b999d6425fa62309)"
2018,BANKURA,BARJORA,MALIYARA,"doi:10.7910/DVN/ZHF9WC datafile 10396546 (r3-all-2018.csv.gz, md5 fd3487254ae01b22b999d6425fa62309)"
2018,BANKURA,BARJORA,POKHONNA,"doi:10.7910/DVN/ZHF9WC datafile 10396546 (r3-all-2018.csv.gz, md5 fd3487254ae01b22b999d6425fa62309)"
2018,BANKURA,BARJORA,SHAHARJORA,"doi:10.7910/DVN/ZHF9WC datafile 10396546 (r3-all-2018.csv.gz, md5 fd3487254ae01b22b999d6425fa62309)"
2018,24 PARGANAS (NORTH),BARRACKPORE-I,JETIA,"doi:10.7910/DVN/ZHF9WC datafile 10396546 (r3-all-2018.csv.gz, md5 fd3487254ae01b22b999d6425fa62309)"
2018,24 PARGANAS (NORTH),BARRACKPORE-I,KAMPA-CHAKLA,"doi:10.7910/DVN/ZHF9WC datafile 10396546 (r3-all-2018.csv.gz, md5 fd3487254ae01b22b999d6425fa62309)"
2018,24 PARGANAS (NORTH),BARRACKPORE-I,KOWGACHHI-I,"doi:10.7910/DVN/ZHF9WC datafile 10396546 (r3-all-2018.csv.gz, md5 fd3487254ae01b22b999d6425fa62309)"
2018,24 PARGANAS (NORTH),BARRACKPORE-I,KOWGACHHI-II,"doi:10.7910/DVN/ZHF9WC datafile 10396546 (r3-all-2018.csv.gz, md5 fd3487254ae01b22b999d6425fa62309)"
2018,24 PARGANAS (NORTH),BARRACKPORE-I,MAJHIPARA-PALASI,"doi:10.7910/DVN/ZHF9WC datafile 10396546 (r3-all-2018.csv.gz, md5 fd3487254ae01b22b999d6425fa62309)"
2018,24 PARGANAS (NORTH),BARRACKPORE-I,MAMUDPUR,"doi:10.7910/DVN/ZHF9WC datafile 10396546 (r3-all-2018.csv.gz, md5 fd3487254ae01b22b999d6425fa62309)"
2018,24 PARGANAS (NORTH),BARRACKPORE-I,PANPUR-KEUTIA,"doi:10.7910/DVN/ZHF9WC datafile 10396546 (r3-all-2018.csv.gz, md5 fd3487254ae01b22b999d6425fa62309)"
2018,24 PARGANAS (NORTH),BARRACKPORE-I,SHIBDASPUR,"doi:10.7910/DVN/ZHF9WC datafile 10396546 (r3-all-2018.csv.gz, md5 fd3487254ae01b22b999d6425fa62309)"
2018,24 PARGANAS (NORTH),BARRACKPORE-II,BANDIPUR,"doi:10.7910/DVN/ZHF9WC datafile 10396546 (r3-all-2018.csv.gz, md5 fd3487254ae01b22b999d6425fa62309)"
2018,24 PARGANAS (NORTH),BARRACKPORE-II,BILKANDA-I,"doi:10.7910/DVN/ZHF9WC datafile 10396546 (r3-all-2018.csv.gz, md5 fd3487254ae01b22b999d6425fa62309)"
2018,24 PARGANAS (NORTH),BARRACKPORE-II,BILKANDA-II,"doi:10.7910/DVN/ZHF9WC datafile 10396546 (r3-all-2018.csv.gz, md5 fd3487254ae01b22b999d6425fa62309)"
2018,24 PARGANAS (NORTH),BARRACKPORE-II,MOHANPUR,"doi:10.7910/DVN/ZHF9WC datafile 10396546 (r3-all-2018.csv.gz, md5 fd3487254ae01b22b999d6425fa62309)"
2018,24 PARGANAS (NORTH),BARRACKPORE-II,PATULIA,"doi:10.7910/DVN/ZHF9WC datafile 10396546 (r3-all-2018.csv.gz, md5 fd3487254ae01b22b999d6425fa62309)"
2018,24 PARGANAS (NORTH),BARRACKPORE-II,SEWLI,"doi:10.7910/DVN/ZHF9WC datafile 10396546 (r3-all-2018.csv.gz, md5 fd3487254ae01b22b999d6425fa62309)"
2018,24 PARGANAS SOUTH,BARUIPUR,BEGUMPUR,"doi:10.7910/DVN/ZHF9WC datafile 10396546 (r3-all-2018.csv.gz, md5 fd3487254ae01b22b999d6425fa62309)"
2018,24 PARGANAS SOUTH,BARUIPUR,BELEGACHHIA,"doi:10.7910/DVN/ZHF9WC datafile 10396546 (r3-all-2018.csv.gz, md5 fd3487254ae01b22b999d6425fa62309)"
2018,24 PARGANAS SOUTH,BARUIPUR,BRINDAKHALI,"doi:10.7910/DVN/ZHF9WC datafile 10396546 (r3-all-2018.csv.gz, md5 fd3487254ae01b22b999d6425fa62309)"
2018,24 PARGANAS SOUTH,BARUIPUR,CHAMPAHATI,"doi:10.7910/DVN/ZHF9WC datafile 10396546 (r3-all-2018.csv.gz, md5 fd3487254ae01b22b999d6425fa62309)"
2018,24 PARGANAS SOUTH,BARUIPUR,DHAPDHAPI-I,"doi:10.7910/DVN/ZHF9WC datafile 10396546 (r3-all-2018.csv.gz, md5 fd3487254ae01b22b999d6425fa62309)"
2018,24 PARGANAS SOUTH,BARUIPUR,DHAPDHAPI-II,"doi:10.7910/DVN/ZHF9WC datafile 10396546 (r3-all-2018.csv.gz, md5 fd3487254ae01b22b999d6425fa62309)"
2018,24 PARGANAS SOUTH,BARUIPUR,HARDHAH,"doi:10.7910/DVN/ZHF9WC datafile 10396546 (r3-all-2018.csv.gz, md5 fd3487254ae01b22b999d6425fa62309)"
2018,24 PARGANAS SOUTH,BARUIPUR,HARIHARPUR,"doi:10.7910/DVN/ZHF9WC datafile 10396546 (r3-all-2018.csv.gz, md5 fd3487254ae01b22b999d6425fa62309)"
2018,24 PARGANAS SOUTH,BARUIPUR,KALYANPUR,"doi:10.7910/DVN/ZHF9WC datafile 10396546 (r3-all-2018.csv.gz, md5 fd3487254ae01b22b999d6425fa62309)"
2018,24 PARGANAS SOUTH,BARUIPUR,MADARAT,"doi:10.7910/DVN/ZHF9WC datafile 10396546 (r3-all-2018.csv.gz, md5 fd3487254ae01b22b999d6425fa62309)"
2018,24 PARGANAS SOUTH,BARUIPUR,MALLIKPUR,"doi:10.7910/DVN/ZHF9WC datafile 10396546 (r3-all-2018.csv.gz, md5 fd3487254ae01b22b999d6425fa62309)"
2018,24 PARGANAS SOUTH,BARUIPUR,NABAGRAM,"doi:10.7910/DVN/ZHF9WC datafile 10396546 (r3-all-2018.csv.gz, md5 fd3487254ae01b22b999d6425fa62309)"
2018,24 PARGANAS SOUTH,BARUIPUR,RAMNAGAR-I,"doi:10.7910/DVN/ZHF9WC datafile 10396546 (r3-all-2018.csv.gz, md5 fd3487254ae01b22b999d6425fa62309)"
2018,24 PARGANAS SOUTH,BARUIPUR,RAMNAGAR-II,"doi:10.7910/DVN/ZHF9WC datafile 10396546 (r3-all-2018.csv.gz, md5 fd3487254ae01b22b999d6425fa62309)"
2018,24 PARGANAS SOUTH,BARUIPUR,SHANKARPUR-I,"doi:10.7910/DVN/ZHF9WC datafile 10396546 (r3-all-2018.csv.gz, md5 fd3487254ae01b22b999d6425fa62309)"
2018,24 PARGANAS SOUTH,BARUIPUR,SHANKARPUR-II,"doi:10.7910/DVN/ZHF9WC datafile 10396546 (r3-all-2018.csv.gz, md5 fd3487254ae01b22b999d6425fa62309)"
2018,24 PARGANAS SOUTH,BARUIPUR,SHIKHARBALI-I,"doi:10.7910/DVN/ZHF9WC datafile 10396546 (r3-all-2018.csv.gz, md5 fd3487254ae01b22b999d6425fa62309)"
2018,24 PARGANAS SOUTH,BARUIPUR,SHIKHARBALI-II,"doi:10.7910/DVN/ZHF9WC datafile 10396546 (r3-all-2018.csv.gz, md5 fd3487254ae01b22b999d6425fa62309)"
2018,24 PARGANAS SOUTH,BARUIPUR,SOUTH GARIA,"doi:10.7910/DVN/ZHF9WC datafile 10396546 (r3-all-2018.csv.gz, md5 fd3487254ae01b22b999d6425fa62309)"
2018,24 PARGANAS SOUTH,BASANTI,AMJHARA,"doi:10.7910/DVN/ZHF9WC datafile 10396546 (r3-all-2018.csv.gz, md5 fd3487254ae01b22b999d6425fa62309)"
2018,24 PARGANAS SOUTH,BASANTI,BASANTI,"doi:10.7910/DVN/ZHF9WC datafile 10396546 (r3-all-2018.csv.gz, md5 fd3487254ae01b22b999d6425fa62309)"
2018,24 PARGANAS SOUTH,BASANTI,BHARATGARH,"doi:10.7910/DVN/ZHF9WC datafile 10396546 (r3-all-2018.csv.gz, md5 fd3487254ae01b22b999d6425fa62309)"
2018,24 PARGANAS SOUTH,BASANTI,CHARABIDYA,"doi:10.7910/DVN/ZHF9WC datafile 10396546 (r3-all-2018.csv.gz, md5 fd3487254ae01b22b999d6425fa62309)"
2018,24 PARGANAS SOUTH,BASANTI,CHUNAKHALI,"doi:10.7910/DVN/ZHF9WC datafile 10396546 (r3-all-2018.csv.gz, md5 fd3487254ae01b22b999d6425fa62309)"
2018,24 PARGANAS SOUTH,BASANTI,FOOLMALANCHA,"doi:10.7910/DVN/ZHF9WC datafile 10396546 (r3-all-2018.csv.gz, md5 fd3487254ae01b22b999d6425fa62309)"
2018,24 PARGANAS SOUTH,BASANTI,JHARKHALI,"doi:10.7910/DVN/ZHF9WC datafile 10396546 (r3-all-2018.csv.gz, md5 fd3487254ae01b22b999d6425fa62309)"
2018,24 PARGANAS SOUTH,BASANTI,JYOTISHPUR,"doi:10.7910/DVN/ZHF9WC datafile 10396546 (r3-all-2018.csv.gz, md5 fd3487254ae01b22b999d6425fa62309)"
2018,24 PARGANAS SOUTH,BASANTI,KANTHALBERIA,"doi:10.7910/DVN/ZHF9WC datafile 10396546 (r3-all-2018.csv.gz, md5 fd3487254ae01b22b999d6425fa62309)"
2018,24 PARGANAS SOUTH,BASANTI,MASZIDBATI,"doi:10.7910/DVN/ZHF9WC datafile 10396546 (r3-all-2018.csv.gz, md5 fd3487254ae01b22b999d6425fa62309)"
2018,24 PARGANAS SOUTH,BASANTI,NAFARGANJ,"doi:10.7910/DVN/ZHF9WC datafile 10396546 (r3-all-2018.csv.gz, md5 fd3487254ae01b22b999d6425fa62309)"
2018,24 PARGANAS SOUTH,BASANTI,RAMCHANDRAKHALI,"doi:10.7910/DVN/ZHF9WC datafile 10396546 (r3-all-2018.csv.gz, md5 fd3487254ae01b22b999d6425fa62309)"
2018,24 PARGANAS SOUTH,BASANTI,UTTAR MOKAMBERIA,"doi:10.7910/DVN/ZHF9WC datafile 10396546 (r3-all-2018.csv.gz, md5 fd3487254ae01b22b999d6425fa62309)"
2018,24 PARGANAS (NORTH),BASIRHAT-I,GACHHA AKHARPUR,"doi:10.7910/DVN/ZHF9WC datafile 10396546 (r3-all-2018.csv.gz, md5 fd3487254ae01b22b999d6425fa62309)"
2018,24 PARGANAS (NORTH),BASIRHAT-I,GOTRA,"doi:10.7910/DVN/ZHF9WC datafile 10396546 (r3-all-2018.csv.gz, md5 fd3487254ae01b22b999d6425fa62309)"
2018,24 PARGANAS (NORTH),BASIRHAT-I,ITINDA PANITORE,"doi:10.7910/DVN/ZHF9WC datafile 10396546 (r3-all-2018.csv.gz, md5 fd3487254ae01b22b999d6425fa62309)"
2018,24 PARGANAS (NORTH),BASIRHAT-I,NIMDARIA KODALIA,"doi:10.7910/DVN/ZHF9WC datafile 10396546 (r3-all-2018.csv.gz, md5 fd3487254ae01b22b999d6425fa62309)"
2018,24 PARGANAS (NORTH),BASIRHAT-I,PIFA,"doi:10.7910/DVN/ZHF9WC datafile 10396546 (r3-all-2018.csv.gz, md5 fd3487254ae01b22b999d6425fa62309)"
2018,24 PARGANAS (NORTH),BASIRHAT-I,SANGRAMPUR SHIBHATI,"doi:10.7910/DVN/ZHF9WC datafile 10396546 (r3-all-2018.csv.gz, md5 fd3487254ae01b22b999d6425fa62309)"
2018,24 PARGANAS (NORTH),BASIRHAT-I,SANKCHURA BAGUNDI,"doi:10.7910/DVN/ZHF9WC datafile 10396546 (r3-all-2018.csv.gz, md5 fd3487254ae01b22b999d6425fa62309)"
2018,24 PARGANAS (NORTH),BASIRHAT-II,BEGAMPUR BIBIPUR,"doi:10.7910/DVN/ZHF9WC datafile 10396546 (r3-all-2018.csv.gz, md5 fd3487254ae01b22b999d6425fa62309)"
2018,24 PARGANAS (NORTH),BASIRHAT-II,CHAITA,"doi:10.7910/DVN/ZHF9WC datafile 10396546 (r3-all-2018.csv.gz, md5 fd3487254ae01b22b999d6425fa62309)"
2018,24 PARGANAS (NORTH),BASIRHAT-II,CHAMPAPUKUR,"doi:10.7910/DVN/ZHF9WC datafile 10396546 (r3-all-2018.csv.gz, md5 fd3487254ae01b22b999d6425fa62309)"
2018,24 PARGANAS (NORTH),BASIRHAT-II,DHANYAKURIA,"doi:10.7910/DVN/ZHF9WC datafile 10396546 (r3-all-2018.csv.gz, md5 fd3487254ae01b22b999d6425fa62309)"
2018,24 PARGANAS (NORTH),BASIRHAT-II,GHORARASH KULINGRAM,"doi:10.7910/DVN/ZHF9WC datafile 10396546 (r3-all-2018.csv.gz, md5 fd3487254ae01b22b999d6425fa62309)"
2018,24 PARGANAS (NORTH),BASIRHAT-II,KACHUA,"doi:10.7910/DVN/ZHF9WC datafile 10396546 (r3-all-2018.csv.gz, md5 fd3487254ae01b22b999d6425fa62309)"
2018,24 PARGANAS (NORTH),BASIRHAT-II,KHOLAPOTA,"doi:10.7910/DVN/ZHF9WC datafile 10396546 (r3-all-2018.csv.gz, md5 fd3487254ae01b22b999d6425fa62309)"
2018,24 PARGANAS (NORTH),BASIRHAT-II,RAJENDRAPUR,"doi:10.7910/DVN/ZHF9WC datafile 10396546 (r3-all-2018.csv.gz, md5 fd3487254ae01b22b999d6425fa62309)"
2018,24 PARGANAS (NORTH),BASIRHAT-II,SHRINAGAR METIA,"doi:10.7910/DVN/ZHF9WC datafile 10396546 (r3-all-2018.csv.gz, md5 fd3487254ae01b22b999d6425fa62309)"
2018,MURSHIDABAD,BELDANGA- I,BEGUNBARI,"doi:10.7910/DVN/ZHF9WC datafile 10396546 (r3-all-2018.csv.gz, md5 fd3487254ae01b22b999d6425fa62309)"
2018,MURSHIDABAD,BELDANGA- I,BHABTA-I,"doi:10.7910/DVN/ZHF9WC datafile 10396546 (r3-all-2018.csv.gz, md5 fd3487254ae01b22b999d6425fa62309)"
2018,MURSHIDABAD,BELDANGA- I,BHABTA-II,"doi:10.7910/DVN/ZHF9WC datafile 10396546 (r3-all-2018.csv.gz, md5 fd3487254ae01b22b999d6425fa62309)"
2018,MURSHIDABAD,BELDANGA- I,CHAITANNAPUR-I,"doi:10.7910/DVN/ZHF9WC datafile 10396546 (r3-all-2018.csv.gz, md5 fd3487254ae01b22b999d6425fa62309)"
2018,MURSHIDABAD,BELDANGA- I,CHAITANNAPUR-II,"doi:10.7910/DVN/ZHF9WC datafile 10396546 (r3-all-2018.csv.gz, md5 fd3487254ae01b22b999d6425fa62309)"
2018,MURSHIDABAD,BELDANGA- I,DEBKUNDU,"doi:10.7910/DVN/ZHF9WC datafile 10396546 (r3-all-2018.csv.gz, md5 fd3487254ae01b22b999d6425fa62309)"
2018,MURSHIDABAD,BELDANGA- I,KAPASDANGA,"doi:10.7910/DVN/ZHF9WC datafile 10396546 (r3-all-2018.csv.gz, md5 fd3487254ae01b22b999d6425fa62309)"
2018,MURSHIDABAD,BELDANGA- I,MADDA,"doi:10.7910/DVN/ZHF9WC datafile 10396546 (r3-all-2018.csv.gz, md5 fd3487254ae01b22b999d6425fa62309)"
2018,MURSHIDABAD,BELDANGA- I,MAHULA-I,"doi:10.7910/DVN/ZHF9WC datafile 10396546 (r3-all-2018.csv.gz, md5 fd3487254ae01b22b999d6425fa62309)"
2018,MURSHIDABAD,BELDANGA- I,MAHULA-II,"doi:10.7910/DVN/ZHF9WC datafile 10396546 (r3-all-2018.csv.gz, md5 fd3487254ae01b22b999d6425fa62309)"
2018,MURSHIDABAD,BELDANGA- I,MIRJAPUR-I,"doi:10.7910/DVN/ZHF9WC datafile 10396546 (r3-all-2018.csv.gz, md5 fd3487254ae01b22b999d6425fa62309)"
2018,MURSHIDABAD,BELDANGA- I,MIRJAPUR-II,"doi:10.7910/DVN/ZHF9WC datafile 10396546 (r3-all-2018.csv.gz, md5 fd3487254ae01b22b999d6425fa62309)"
2018,MURSHIDABAD,BELDANGA- I,SUJAPUR-KUMARPUR,"doi:10.7910/DVN/ZHF9WC datafile 10396546 (r3-all-2018.csv.gz, md5 fd3487254ae01b22b999d6425fa62309)"
2018,MURSHIDABAD,BELDANGA-II,ANDULBERIA-I,"doi:10.7910/DVN/ZHF9WC datafile 10396546 (r3-all-2018.csv.gz, md5 fd3487254ae01b22b999d6425fa62309)"
2018,MURSHIDABAD,BELDANGA-II,ANDULBERIA-II,"doi:10.7910/DVN/ZHF9WC datafile 10396546 (r3-all-2018.csv.gz, md5 fd3487254ae01b22b999d6425fa62309)"
2018,MURSHIDABAD,BELDANGA-II,DADPUR,"doi:10.7910/DVN/ZHF9WC datafile 10396546 (r3-all-2018.csv.gz, md5 fd3487254ae01b22b999d6425fa62309)"
2018,MURSHIDABAD,BELDANGA-II,KAMNAGAR,"doi:10.7910/DVN/ZHF9WC datafile 10396546 (r3-all-2018.csv.gz, md5 fd3487254ae01b22b999d6425fa62309)"
2018,MURSHIDABAD,BELDANGA-II,KASHIPUR,"doi:10.7910/DVN/ZHF9WC datafile 10396546 (r3-all-2018.csv.gz, md5 fd3487254ae01b22b999d6425fa62309)"
2018,MURSHIDABAD,BELDANGA-II,RAMNAGAR BACHHRA,"doi:10.7910/DVN/ZHF9WC datafile 10396546 (r3-all-2018.csv.gz, md5 fd3487254ae01b22b999d6425fa62309)"
2018,MURSHIDABAD,BELDANGA-II,RAMPARA-I,"doi:10.7910/DVN/ZHF9WC datafile 10396546 (r3-all-2018.csv.gz, md5 fd3487254ae01b22b999d6425fa62309)"
2018,MURSHIDABAD,BELDANGA-II,RAMPARA-II,"doi:10.7910/DVN/ZHF9WC datafile 10396546 (r3-all-2018.csv.gz, md5 fd3487254ae01b22b999d6425fa62309)"
2018,MURSHIDABAD,BELDANGA-II,SHAKTIPUR,"doi:10.7910/DVN/ZHF9WC datafile 10396546 (r3-all-2018.csv.gz, md5 fd3487254ae01b22b999d6425fa62309)"
2018,MURSHIDABAD,BELDANGA-II,SOMEPARA-I,"doi:10.7910/DVN/ZHF9WC datafile 10396546 (r3-all-2018.csv.gz, md5 fd3487254ae01b22b999d6425fa62309)"
2018,MURSHIDABAD,BELDANGA-II,SOMEPARA-II,"doi:10.7910/DVN/ZHF9WC datafile 10396546 (r3-all-2018.csv.gz, md5 fd3487254ae01b22b999d6425fa62309)"
2018,MURSHIDABAD,BERHAMPORE,BHAKURI-I,"doi:10.7910/DVN/ZHF9WC datafile 10396546 (r3-all-2018.csv.gz, md5 fd3487254ae01b22b999d6425fa62309)"
2018,MURSHIDABAD,BERHAMPORE,BHAKURI-II,"doi:10.7910/DVN/ZHF9WC datafile 10396546 (r3-all-2018.csv.gz, md5 fd3487254ae01b22b999d6425fa62309)"
2018,MURSHIDABAD,BERHAMPORE,CHHAIGHARI,"doi:10.7910/DVN/ZHF9WC datafile 10396546 (r3-all-2018.csv.gz, md5 fd3487254ae01b22b999d6425fa62309)"
2018,MURSHIDABAD,BERHAMPORE,DAULATABAD,"doi:10.7910/DVN/ZHF9WC datafile 10396546 (r3-all-2018.csv.gz, md5 fd3487254ae01b22b999d6425fa62309)"
2018,MURSHIDABAD,BERHAMPORE,GURUDASPUR,"doi:10.7910/DVN/ZHF9WC datafile 10396546 (r3-all-2018.csv.gz, md5 fd3487254ae01b22b999d6425fa62309)"
2018,MURSHIDABAD,BERHAMPORE,HARIDASMATI,"doi:10.7910/DVN/ZHF9WC datafile 10396546 (r3-all-2018.csv.gz, md5 fd3487254ae01b22b999d6425fa62309)"
2018,MURSHIDABAD,BERHAMPORE,HATINAGAR,"doi:10.7910/DVN/ZHF9WC datafile 10396546 (r3-all-2018.csv.gz, md5 fd3487254ae01b22b999d6425fa62309)"
2018,MURSHIDABAD,BERHAMPORE,MADANPUR,"doi:10.7910/DVN/ZHF9WC datafile 10396546 (r3-all-2018.csv.gz, md5 fd3487254ae01b22b999d6425fa62309)"
2018,MURSHIDABAD,BERHAMPORE,MANINDRANAGAR,"doi:10.7910/DVN/ZHF9WC datafile 10396546 (r3-all-2018.csv.gz, md5 fd3487254ae01b22b999d6425fa62309)"
2018,MURSHIDABAD,BERHAMPORE,NAODAPANUR,"doi:10.7910/DVN/ZHF9WC datafile 10396546 (r3-all-2018.csv.gz, md5 fd3487254ae01b22b999d6425fa62309)"
2018,MURSHIDABAD,BERHAMPORE,NIYALLISPARA GOALJAN,"doi:10.7910/DVN/ZHF9WC datafile 10396546 (r3-all-2018.csv.gz, md5 fd3487254ae01b22b999d6425fa62309)"
2018,MURSHIDABAD,BERHAMPORE,RADHARGHAT-I,"doi:10.7910/DVN/ZHF9WC datafile 10396546 (r3-all-2018.csv.gz, md5 fd3487254ae01b22b999d6425fa62309)"
2018,MURSHIDABAD,BERHAMPORE,RADHARGHAT-II,"doi:10.7910/DVN/ZHF9WC datafile 10396546 (r3-all-2018.csv.gz, md5 fd3487254ae01b22b999d6425fa62309)"
2018,MURSHIDABAD,BERHAMPORE,RAJDHARPARA,"doi:10.7910/DVN/ZHF9WC datafile 10396546 (r3-all-2018.csv.gz, md5 fd3487254ae01b22b999d6425fa62309)"
2018,MURSHIDABAD,BERHAMPORE,RANGAMATI CHANDPARA,"doi:10.7910/DVN/ZHF9WC datafile 10396546 (r3-all-2018.csv.gz, md5 fd3487254ae01b22b999d6425fa62309)"
2018,MURSHIDABAD,BERHAMPORE,SAHAJADPUR,"doi:10.7910/DVN/ZHF9WC datafile 10396546 (r3-all-2018.csv.gz, md5 fd3487254ae01b22b999d6425fa62309)"
2018,MURSHIDABAD,BERHAMPORE,SATUI CHAURIGACHHA,"doi:10.7910/DVN/ZHF9WC datafile 10396546 (r3-all-2018.csv.gz, md5 fd3487254ae01b22b999d6425fa62309)"
2018,MURSHIDABAD,BHAGAWANGOLA-II,AKHERIGANJ,"doi:10.7910/DVN/ZHF9WC datafile 10396546 (r3-all-2018.csv.gz, md5 fd3487254ae01b22b999d6425fa62309)"
2018,MURSHIDABAD,BHAGAWANGOLA-II,AMDAHARA,"doi:10.7910/DVN/ZHF9WC datafile 10396546 (r3-all-2018.csv.gz, md5 fd3487254ae01b22b999d6425fa62309)"
2018,MURSHIDABAD,BHAGAWANGOLA-II,BALIGRAM,"doi:10.7910/DVN/ZHF9WC datafile 10396546 (r3-all-2018.csv.gz, md5 fd3487254ae01b22b999d6425fa62309)"
2018,MURSHIDABAD,BHAGAWANGOLA-II,KHARIBONA,"doi:10.7910/DVN/ZHF9WC datafile 10396546 (r3-all-2018.csv.gz, md5 fd3487254ae01b22b999d6425fa62309)"
2018,MURSHIDABAD,BHAGAWANGOLA-II,NASHIPUR,"doi:10.7910/DVN/ZHF9WC datafile 10396546 (r3-all-2018.csv.gz, md5 fd3487254ae01b22b999d6425fa62309)"
2018,MURSHIDABAD,BHAGAWANGOLA-II,SARALPUR,"doi:10.7910/DVN/ZHF9WC datafile 10396546 (r3-all-2018.csv.gz, md5 fd3487254ae01b22b999d6425fa62309)"
2018,MURSHIDABAD,BHAGOBANGOLA- I,BHAGAWANGOLA,"doi:10.7910/DVN/ZHF9WC datafile 10396546 (r3-all-2018.csv.gz, md5 fd3487254ae01b22b999d6425fa62309)"
2018,MURSHIDABAD,BHAGOBANGOLA- I,HABASPUR,"doi:10.7910/DVN/ZHF9WC datafile 10396546 (r3-all-2018.csv.gz, md5 fd3487254ae01b22b999d6425fa62309)"
2018,MURSHIDABAD,BHAGOBANGOLA- I,HANUMANTANAGAR,"doi:10.7910/DVN/ZHF9WC datafile 10396546 (r3-all-2018.csv.gz, md5 fd3487254ae01b22b999d6425fa62309)"
2018,MURSHIDABAD,BHAGOBANGOLA- I,KAHISASTHALI,"doi:10.7910/DVN/ZHF9WC datafile 10396546 (r3-all-2018.csv.gz, md5 fd3487254ae01b22b999d6425fa62309)"
2018,MURSHIDABAD,BHAGOBANGOLA- I,KANTANAGAR,"doi:10.7910/DVN/ZHF9WC datafile 10396546 (r3-all-2018.csv.gz, md5 fd3487254ae01b22b999d6425fa62309)"
2018,MURSHIDABAD,BHAGOBANGOLA- I,KUTHIRAMPUR,"doi:10.7910/DVN/ZHF9WC datafile 10396546 (r3-all-2018.csv.gz, md5 fd3487254ae01b22b999d6425fa62309)"
2018,MURSHIDABAD,BHAGOBANGOLA- I,MAHAMMADPUR,"doi:10.7910/DVN/ZHF9WC datafile 10396546 (r3-all-2018.csv.gz, md5 fd3487254ae01b22b999d6425fa62309)"
2018,MURSHIDABAD,BHAGOBANGOLA- I,SUNDARPUR,"doi:10.7910/DVN/ZHF9WC datafile 10396546 (r3-all-2018.csv.gz, md5 fd3487254ae01b22b999d6425fa62309)"
2018,PURBA MEDINIPUR,BHAGWANPUR-I,BENUDIA,"doi:10.7910/DVN/ZHF9WC datafile 10396546 (r3-all-2018.csv.gz, md5 fd3487254ae01b22b999d6425fa62309)"
2018,PURBA MEDINIPUR,BHAGWANPUR-I,BHAGWANPUR,"doi:10.7910/DVN/ZHF9WC datafile 10396546 (r3-all-2018.csv.gz, md5 fd3487254ae01b22b999d6425fa62309)"
2018,PURBA MEDINIPUR,BHAGWANPUR-I,BIBHISANPUR,"doi:10.7910/DVN/ZHF9WC datafile 10396546 (r3-all-2018.csv.gz, md5 fd3487254ae01b22b999d6425fa62309)"
2018,PURBA MEDINIPUR,BHAGWANPUR-I,GURGRAM,"doi:10.7910/DVN/ZHF9WC datafile 10396546 (r3-all-2018.csv.gz, md5 fd3487254ae01b22b999d6425fa62309)"
2018,PURBA MEDINIPUR,BHAGWANPUR-I,KAJLAGARH,"doi:10.7910/DVN/ZHF9WC datafile 10396546 (r3-all-2018.csv.gz, md5 fd3487254ae01b22b999d6425fa62309)"
2018,PURBA MEDINIPUR,BHAGWANPUR-I,KAKRA,"doi:10.7910/DVN/ZHF9WC datafile 10396546 (r3-all-2018.csv.gz, md5 fd3487254ae01b22b999d6425fa62309)"
2018,PURBA MEDINIPUR,BHAGWANPUR-I,KOTHBARH,"doi:10.7910/DVN/ZHF9WC datafile 10396546 (r3-all-2018.csv.gz, md5 fd3487254ae01b22b999d6425fa62309)"
2018,PURBA MEDINIPUR,BHAGWANPUR-I,MAHAMMADPUR-I,"doi:10.7910/DVN/ZHF9WC datafile 10396546 (r3-all-2018.csv.gz, md5 fd3487254ae01b22b999d6425fa62309)"
2018,PURBA MEDINIPUR,BHAGWANPUR-I,MAHAMMADPUR-II,"doi:10.7910/DVN/ZHF9WC datafile 10396546 (r3-all-2018.csv.gz, md5 fd3487254ae01b22b999d6425fa62309)"
2018,PURBA MEDINIPUR,BHAGWANPUR-I,SIMULIA,"doi:10.7910/DVN/ZHF9WC datafile 10396546 (r3-all-2018.csv.gz, md5 fd3487254ae01b22b999d6425fa62309)"
2018,PURBA MEDINIPUR,BHAGWANPUR-II,ARJUNNAGAR,"doi:10.7910/DVN/ZHF9WC datafile 10396546 (r3-all-2018.csv.gz, md5 fd3487254ae01b22b999d6425fa62309)"
2018,PURBA MEDINIPUR,BHAGWANPUR-II,BAROJ,"doi:10.7910/DVN/ZHF9WC datafile 10396546 (r3-all-2018.csv.gz, md5 fd3487254ae01b22b999d6425fa62309)"
2018,PURBA MEDINIPUR,BHAGWANPUR-II,BASUDEBBERIA,"doi:10.7910/DVN/ZHF9WC datafile 10396546 (r3-all-2018.csv.gz, md5 fd3487254ae01b22b999d6425fa62309)"
2018,PURBA MEDINIPUR,BHAGWANPUR-II,GARBARI-I,"doi:10.7910/DVN/ZHF9WC datafile 10396546 (r3-all-2018.csv.gz, md5 fd3487254ae01b22b999d6425fa62309)"
2018,PURBA MEDINIPUR,BHAGWANPUR-II,GARBARI-II,"doi:10.7910/DVN/ZHF9WC datafile 10396546 (r3-all-2018.csv.gz, md5 fd3487254ae01b22b999d6425fa62309)"
2018,PURBA MEDINIPUR,BHAGWANPUR-II,ITABERIA,"doi:10.7910/DVN/ZHF9WC datafile 10396546 (r3-all-2018.csv.gz, md5 fd3487254ae01b22b999d6425fa62309)"
2018,PURBA MEDINIPUR,BHAGWANPUR-II,JUKHIA,"doi:10.7910/DVN/ZHF9WC datafile 10396546 (r3-all-2018.csv.gz, md5 fd3487254ae01b22b999d6425fa62309)"
2018,PURBA MEDINIPUR,BHAGWANPUR-II,MUGBERIA,"doi:10.7910/DVN/ZHF9WC datafile 10396546 (r3-all-2018.csv.gz, md5 fd3487254ae01b22b999d6425fa62309)"
2018,PURBA MEDINIPUR,BHAGWANPUR-II,RADHAPUR,"doi:10.7910/DVN/ZHF9WC datafile 10396546 (r3-all-2018.csv.gz, md5 fd3487254ae01b22b999d6425fa62309)"
2018,24 PARGANAS SOUTH,BHANGAR-I,BODRA,"doi:10.7910/DVN/ZHF9WC datafile 10396546 (r3-all-2018.csv.gz, md5 fd3487254ae01b22b999d6425fa62309)"
2018,24 PARGANAS SOUTH,BHANGAR-I,CHANDANESWAR-I,"doi:10.7910/DVN/ZHF9WC datafile 10396546 (r3-all-2018.csv.gz, md5 fd3487254ae01b22b999d6425fa62309)"
2018,24 PARGANAS SOUTH,BHANGAR-I,CHANDANESWAR-II,"doi:10.7910/DVN/ZHF9WC datafile 10396546 (r3-all-2018.csv.gz, md5 fd3487254ae01b22b999d6425fa62309)"
2018,24 PARGANAS SOUTH,BHANGAR-I,DURGAPUR,"doi:10.7910/DVN/ZHF9WC datafile 10396546 (r3-all-2018.csv.gz, md5 fd3487254ae01b22b999d6425fa62309)"
2018,24 PARGANAS SOUTH,BHANGAR-I,JAGULGACHHI,"doi:10.7910/DVN/ZHF9WC datafile 10396546 (r3-all-2018.csv.gz, md5 fd3487254ae01b22b999d6425fa62309)"
2018,24 PARGANAS SOUTH,BHANGAR-I,NARAYANPUR,"doi:10.7910/DVN/ZHF9WC datafile 10396546 (r3-all-2018.csv.gz, md5 fd3487254ae01b22b999d6425fa62309)"
2018,24 PARGANAS SOUTH,BHANGAR-I,PRANGANJ,"doi:10.7910/DVN/ZHF9WC datafile 10396546 (r3-all-2018.csv.gz, md5 fd3487254ae01b22b999d6425fa62309)"
2018,24 PARGANAS SOUTH,BHANGAR-I,SHANKSAHAR,"doi:10.7910/DVN/ZHF9WC datafile 10396546 (r3-all-2018.csv.gz, md5 fd3487254ae01b22b999d6425fa62309)"
2018,24 PARGANAS SOUTH,BHANGAR-I,TARDA,"doi:10.7910/DVN/ZHF9WC datafile 10396546 (r3-all-2018.csv.gz, md5 fd3487254ae01b22b999d6425fa62309)"
2018,24 PARGANAS SOUTH,BHANGAR-II,BAMANGHATA,"doi:10.7910/DVN/ZHF9WC datafile 10396546 (r3-all-2018.csv.gz, md5 fd3487254ae01b22b999d6425fa62309)"
2018,24 PARGANAS SOUTH,BHANGAR-II,BENTTATA-I,"doi:10.7910/DVN/ZHF9WC datafile 10396546 (r3-all-2018.csv.gz, md5 fd3487254ae01b22b999d6425fa62309)"
2018,24 PARGANAS SOUTH,BHANGAR-II,BENTTATA-II,"doi:10.7910/DVN/ZHF9WC datafile 10396546 (r3-all-2018.csv.gz, md5 fd3487254ae01b22b999d6425fa62309)"
2018,24 PARGANAS SOUTH,BHANGAR-II,BHAGAWANPUR,"doi:10.7910/DVN/ZHF9WC datafile 10396546 (r3-all-2018.csv.gz, md5 fd3487254ae01b22b999d6425fa62309)"
2018,24 PARGANAS SOUTH,BHANGAR-II,BHOGALI-I,"doi:10.7910/DVN/ZHF9WC datafile 10396546 (r3-all-2018.csv.gz, md5 fd3487254ae01b22b999d6425fa62309)"
2018,24 PARGANAS SOUTH,BHANGAR-II,BHOGALI-II,"doi:10.7910/DVN/ZHF9WC datafile 10396546 (r3-all-2018.csv.gz, md5 fd3487254ae01b22b999d6425fa62309)"
2018,24 PARGANAS SOUTH,BHANGAR-II,CHALTABERIA,"doi:10.7910/DVN/ZHF9WC datafile 10396546 (r3-all-2018.csv.gz, md5 fd3487254ae01b22b999d6425fa62309)"
2018,24 PARGANAS SOUTH,BHANGAR-II,CHANPUKUR,"doi:10.7910/DVN/ZHF9WC datafile 10396546 (r3-all-2018.csv.gz, md5 fd3487254ae01b22b999d6425fa62309)"
2018,24 PARGANAS SOUTH,BHANGAR-II,POLERHAT-I,"doi:10.7910/DVN/ZHF9WC datafile 10396546 (r3-all-2018.csv.gz, md5 fd3487254ae01b22b999d6425fa62309)"
2018,24 PARGANAS SOUTH,BHANGAR-II,POLERHAT-II,"doi:10.7910/DVN/ZHF9WC datafile 10396546 (r3-all-2018.csv.gz, md5 fd3487254ae01b22b999d6425fa62309)"
2018,MURSHIDABAD,BHARATPUR-I,ALUGRAM,"doi:10.7910/DVN/ZHF9WC datafile 10396546 (r3-all-2018.csv.gz, md5 fd3487254ae01b22b999d6425fa62309)"
2018,MURSHIDABAD,BHARATPUR-I,AMLAI,"doi:10.7910/DVN/ZHF9WC datafile 10396546 (r3-all-2018.csv.gz, md5 fd3487254ae01b22b999d6425fa62309)"
2018,MURSHIDABAD,BHARATPUR-I,BHARATPUR,"doi:10.7910/DVN/ZHF9WC datafile 10396546 (r3-all-2018.csv.gz, md5 fd3487254ae01b22b999d6425fa62309)"
2018,MURSHIDABAD,BHARATPUR-I,GADDA,"doi:10.7910/DVN/ZHF9WC datafile 10396546 (r3-all-2018.csv.gz, md5 fd3487254ae01b22b999d6425fa62309)"
2018,MURSHIDABAD,BHARATPUR-I,GUNDIRIA,"doi:10.7910/DVN/ZHF9WC datafile 10396546 (r3-all-2018.csv.gz, md5 fd3487254ae01b22b999d6425fa62309)"
2018,MURSHIDABAD,BHARATPUR-I,JAJAN,"doi:10.7910/DVN/ZHF9WC datafile 10396546 (r3-all-2018.csv.gz, md5 fd3487254ae01b22b999d6425fa62309)"
2018,MURSHIDABAD,BHARATPUR-I,SIJGRAM,"doi:10.7910/DVN/ZHF9WC datafile 10396546 (r3-all-2018.csv.gz, md5 fd3487254ae01b22b999d6425fa62309)"
2018,MURSHIDABAD,BHARATPUR-I,TALGRAM,"doi:10.7910/DVN/ZHF9WC datafile 10396546 (r3-all-2018.csv.gz, md5 fd3487254ae01b22b999d6425fa62309)"
2018,MURSHIDABAD,BHARATPUR-II,KAGRAM,"doi:10.7910/DVN/ZHF9WC datafile 10396546 (r3-all-2018.csv.gz, md5 fd3487254ae01b22b999d6425fa62309)"
2018,MURSHIDABAD,BHARATPUR-II,MALIHATI,"doi:10.7910/DVN/ZHF9WC datafile 10396546 (r3-all-2018.csv.gz, md5 fd3487254ae01b22b999d6425fa62309)"
2018,MURSHIDABAD,BHARATPUR-II,SALAR,"doi:10.7910/DVN/ZHF9WC datafile 10396546 (r3-all-2018.csv.gz, md5 fd3487254ae01b22b999d6425fa62309)"
2018,MURSHIDABAD,BHARATPUR-II,SALU,"doi:10.7910/DVN/ZHF9WC datafile 10396546 (r3-all-2018.csv.gz, md5 fd3487254ae01b22b999d6425fa62309)"
2018,MURSHIDABAD,BHARATPUR-II,SIMULIA,"doi:10.7910/DVN/ZHF9WC datafile 10396546 (r3-all-2018.csv.gz, md5 fd3487254ae01b22b999d6425fa62309)"
2018,MURSHIDABAD,BHARATPUR-II,TALIBPUR,"doi:10.7910/DVN/ZHF9WC datafile 10396546 (r3-all-2018.csv.gz, md5 fd3487254ae01b22b999d6425fa62309)"
2018,MURSHIDABAD,BHARATPUR-II,TENYA-BAIDYAPUR,"doi:10.7910/DVN/ZHF9WC datafile 10396546 (r3-all-2018.csv.gz, md5 fd3487254ae01b22b999d6425fa62309)"
2018,PURBA BARDHAMAN,BHATAR,AMARUN-I,"doi:10.7910/DVN/ZHF9WC datafile 10396546 (r3-all-2018.csv.gz, md5 fd3487254ae01b22b999d6425fa62309)"
2018,PURBA BARDHAMAN,BHATAR,AMARUN-II,"doi:10.7910/DVN/ZHF9WC datafile 10396546 (r3-all-2018.csv.gz, md5 fd3487254ae01b22b999d6425fa62309)"
2018,PURBA BARDHAMAN,BHATAR,BALGONA,"doi:10.7910/DVN/ZHF9WC datafile 10396546 (r3-all-2018.csv.gz, md5 fd3487254ae01b22b999d6425fa62309)"
2018,PURBA BARDHAMAN,BHATAR,BAMUNARA,"doi:10.7910/DVN/ZHF9WC datafile 10396546 (r3-all-2018.csv.gz, md5 fd3487254ae01b22b999d6425fa62309)"
2018,PURBA BARDHAMAN,BHATAR,BARABELUN-I,"doi:10.7910/DVN/ZHF9WC datafile 10396546 (r3-all-2018.csv.gz, md5 fd3487254ae01b22b999d6425fa62309)"
2018,PURBA BARDHAMAN,BHATAR,BARABELUN-II,"doi:10.7910/DVN/ZHF9WC datafile 10396546 (r3-all-2018.csv.gz, md5 fd3487254ae01b22b999d6425fa62309)"
2018,PURBA BARDHAMAN,BHATAR,BHATAR,"doi:10.7910/DVN/ZHF9WC datafile 10396546 (r3-all-2018.csv.gz, md5 fd3487254ae01b22b999d6425fa62309)"
2018,PURBA BARDHAMAN,BHATAR,BONPAS,"doi:10.7910/DVN/ZHF9WC datafile 10396546 (r3-all-2018.csv.gz, md5 fd3487254ae01b22b999d6425fa62309)"
2018,PURBA BARDHAMAN,BHATAR,ERUAR,"doi:10.7910/DVN/ZHF9WC datafile 10396546 (r3-all-2018.csv.gz, md5 fd3487254ae01b22b999d6425fa62309)"
2018,PURBA BARDHAMAN,BHATAR,MAHACHANDA,"doi:10.7910/DVN/ZHF9WC datafile 10396546 (r3-all-2018.csv.gz, md5 fd3487254ae01b22b999d6425fa62309)"
2018,PURBA BARDHAMAN,BHATAR,MAHATA,"doi:10.7910/DVN/ZHF9WC datafile 10396546 (r3-all-2018.csv.gz, md5 fd3487254ae01b22b999d6425fa62309)"
2018,PURBA BARDHAMAN,BHATAR,NITYANANDAPUR,"doi:10.7910/DVN/ZHF9WC datafile 10396546 (r3-all-2018.csv.gz, md5 fd3487254ae01b22b999d6425fa62309)"
2018,PURBA BARDHAMAN,BHATAR,SAHEBGANJ-I,"doi:10.7910/DVN/ZHF9WC datafile 10396546 (r3-all-2018.csv.gz, md5 fd3487254ae01b22b999d6425fa62309)"
2018,PURBA BARDHAMAN,BHATAR,SAHEBGANJ-II,"doi:10.7910/DVN/ZHF9WC datafile 10396546 (r3-all-2018.csv.gz, md5 fd3487254ae01b22b999d6425fa62309)"
2018,JHARGRAM,BINPUR-I,ANDHARIA,"doi:10.7910/DVN/ZHF9WC datafile 10396546 (r3-all-2018.csv.gz, md5 fd3487254ae01b22b999d6425fa62309)"
2018,JHARGRAM,BINPUR-I,BAITA,"doi:10.7910/DVN/ZHF9WC datafile 10396546 (r3-all-2018.csv.gz, md5 fd3487254ae01b22b999d6425fa62309)"
2018,JHARGRAM,BINPUR-I,BELATIKRI,"doi:10.7910/DVN/ZHF9WC datafile 10396546 (r3-all-2018.csv.gz, md5 fd3487254ae01b22b999d6425fa62309)"
2018,JHARGRAM,BINPUR-I,BINPUR,"doi:10.7910/DVN/ZHF9WC datafile 10396546 (r3-all-2018.csv.gz, md5 fd3487254ae01b22b999d6425fa62309)"
2018,JHARGRAM,BINPUR-I,DAHIJURI,"doi:10.7910/DVN/ZHF9WC datafile 10396546 (r3-all-2018.csv.gz, md5 fd3487254ae01b22b999d6425fa62309)"
2018,JHARGRAM,BINPUR-I,DHARAMPUR,"doi:10.7910/DVN/ZHF9WC datafile 10396546 (r3-all-2018.csv.gz, md5 fd3487254ae01b22b999d6425fa62309)"
2018,JHARGRAM,BINPUR-I,LALGARH,"doi:10.7910/DVN/ZHF9WC datafile 10396546 (r3-all-2018.csv.gz, md5 fd3487254ae01b22b999d6425fa62309)"
2018,JHARGRAM,BINPUR-I,NEPURA,"doi:10.7910/DVN/ZHF9WC datafile 10396546 (r3-all-2018.csv.gz, md5 fd3487254ae01b22b999d6425fa62309)"
2018,JHARGRAM,BINPUR-I,RAMGARH,"doi:10.7910/DVN/ZHF9WC datafile 10396546 (r3-all-2018.csv.gz, md5 fd3487254ae01b22b999d6425fa62309)"
2018,JHARGRAM,BINPUR-I,SIJUA,"doi:10.7910/DVN/ZHF9WC datafile 10396546 (r3-all-2018.csv.gz, md5 fd3487254ae01b22b999d6425fa62309)"
2018,JHARGRAM,BINPUR-II,BELPAHARI,"doi:10.7910/DVN/ZHF9WC datafile 10396546 (r3-all-2018.csv.gz, md5 fd3487254ae01b22b999d6425fa62309)"
2018,JHARGRAM,BINPUR-II,BHELAIDIHA,"doi:10.7910/DVN/ZHF9WC datafile 10396546 (r3-all-2018.csv.gz, md5 fd3487254ae01b22b999d6425fa62309)"
2018,JHARGRAM,BINPUR-II,BHULAVEDA,"doi:10.7910/DVN/ZHF9WC datafile 10396546 (r3-all-2018.csv.gz, md5 fd3487254ae01b22b999d6425fa62309)"
2018,JHARGRAM,BINPUR-II,BOSHPAHARI,"doi:10.7910/DVN/ZHF9WC datafile 10396546 (r3-all-2018.csv.gz, md5 fd3487254ae01b22b999d6425fa62309)"
2018,JHARGRAM,BINPUR-II,ERGODA,"doi:10.7910/DVN/ZHF9WC datafile 10396546 (r3-all-2018.csv.gz, md5 fd3487254ae01b22b999d6425fa62309)"
2018,JHARGRAM,BINPUR-II,HARDA,"doi:10.7910/DVN/ZHF9WC datafile 10396546 (r3-all-2018.csv.gz, md5 fd3487254ae01b22b999d6425fa62309)"
2018,JHARGRAM,BINPUR-II,KANKO,"doi:10.7910/DVN/ZHF9WC datafile 10396546 (r3-all-2018.csv.gz, md5 fd3487254ae01b22b999d6425fa62309)"
2018,JHARGRAM,BINPUR-II,SANDAPARA,"doi:10.7910/DVN/ZHF9WC datafile 10396546 (r3-all-2018.csv.gz, md5 fd3487254ae01b22b999d6425fa62309)"
2018,JHARGRAM,BINPUR-II,SHILDA,"doi:10.7910/DVN/ZHF9WC datafile 10396546 (r3-all-2018.csv.gz, md5 fd3487254ae01b22b999d6425fa62309)"
2018,JHARGRAM,BINPUR-II,SHIMULPAL,"doi:10.7910/DVN/ZHF9WC datafile 10396546 (r3-all-2018.csv.gz, md5 fd3487254ae01b22b999d6425fa62309)"
2018,24 PARGANAS SOUTH,BISHNUPUR-I,AMGACHHIA,"doi:10.7910/DVN/ZHF9WC datafile 10396546 (r3-all-2018.csv.gz, md5 fd3487254ae01b22b999d6425fa62309)"
2018,24 PARGANAS SOUTH,BISHNUPUR-I,ANDHAR MANIK,"doi:10.7910/DVN/ZHF9WC datafile 10396546 (r3-all-2018.csv.gz, md5 fd3487254ae01b22b999d6425fa62309)"
2018,24 PARGANAS SOUTH,BISHNUPUR-I,BHANDARIA KASTEKUMARI,"doi:10.7910/DVN/ZHF9WC datafile 10396546 (r3-all-2018.csv.gz, md5 fd3487254ae01b22b999d6425fa62309)"
2018,24 PARGANAS SOUTH,BISHNUPUR-I,DAKSHIN GAURIPUR CHAKDHIR,"doi:10.7910/DVN/ZHF9WC datafile 10396546 (r3-all-2018.csv.gz, md5 fd3487254ae01b22b999d6425fa62309)"
2018,24 PARGANAS SOUTH,BISHNUPUR-I,JULPIA,"doi:10.7910/DVN/ZHF9WC datafile 10396546 (r3-all-2018.csv.gz, md5 fd3487254ae01b22b999d6425fa62309)"
2018,24 PARGANAS SOUTH,BISHNUPUR-I,KEORADANGA,"doi:10.7910/DVN/ZHF9WC datafile 10396546 (r3-all-2018.csv.gz, md5 fd3487254ae01b22b999d6425fa62309)"
2018,24 PARGANAS SOUTH,BISHNUPUR-I,KULERDARI,"doi:10.7910/DVN/ZHF9WC datafile 10396546 (r3-all-2018.csv.gz, md5 fd3487254ae01b22b999d6425fa62309)"
2018,24 PARGANAS SOUTH,BISHNUPUR-I,PANAKUA,"doi:10.7910/DVN/ZHF9WC datafile 10396546 (r3-all-2018.csv.gz, md5 fd3487254ae01b22b999d6425fa62309)"
2018,24 PARGANAS SOUTH,BISHNUPUR-I,PASCHIM BISHNUPUR,"doi:10.7910/DVN/ZHF9WC datafile 10396546 (r3-all-2018.csv.gz, md5 fd3487254ae01b22b999d6425fa62309)"
2018,24 PARGANAS SOUTH,BISHNUPUR-I,PURBA BISHNUPUR,"doi:10.7910/DVN/ZHF9WC datafile 10396546 (r3-all-2018.csv.gz, md5 fd3487254ae01b22b999d6425fa62309)"
2018,24 PARGANAS SOUTH,BISHNUPUR-I,RAKHALI,"doi:10.7910/DVN/ZHF9WC datafile 10396546 (r3-all-2018.csv.gz, md5 fd3487254ae01b22b999d6425fa62309)"
2018,24 PARGANAS SOUTH,BISHNUPUR-II,BAKHRAHAT,"doi:10.7910/DVN/ZHF9WC datafile 10396546 (r3-all-2018.csv.gz, md5 fd3487254ae01b22b999d6425fa62309)"
2018,24 PARGANAS SOUTH,BISHNUPUR-II,CHAK ENAYETNAGAR,"doi:10.7910/DVN/ZHF9WC datafile 10396546 (r3-all-2018.csv.gz, md5 fd3487254ae01b22b999d6425fa62309)"
2018,24 PARGANAS SOUTH,BISHNUPUR-II,CHANDI,"doi:10.7910/DVN/ZHF9WC datafile 10396546 (r3-all-2018.csv.gz, md5 fd3487254ae01b22b999d6425fa62309)"
2018,24 PARGANAS SOUTH,BISHNUPUR-II,GOBINDAPUR KALICHARANPUR,"doi:10.7910/DVN/ZHF9WC datafile 10396546 (r3-all-2018.csv.gz, md5 fd3487254ae01b22b999d6425fa62309)"
2018,24 PARGANAS SOUTH,BISHNUPUR-II,KANGANBERIA,"doi:10.7910/DVN/ZHF9WC datafile 10396546 (r3-all-2018.csv.gz, md5 fd3487254ae01b22b999d6425fa62309)"
2018,24 PARGANAS SOUTH,BISHNUPUR-II,KHAGRAMURI,"doi:10.7910/DVN/ZHF9WC datafile 10396546 (r3-all-2018.csv.gz, md5 fd3487254ae01b22b999d6425fa62309)"
2018,24 PARGANAS SOUTH,BISHNUPUR-II,MAUKHALI,"doi:10.7910/DVN/ZHF9WC datafile 10396546 (r3-all-2018.csv.gz, md5 fd3487254ae01b22b999d6425fa62309)"
2018,24 PARGANAS SOUTH,BISHNUPUR-II,NAHAJARI,"doi:10.7910/DVN/ZHF9WC datafile 10396546 (r3-all-2018.csv.gz, md5 fd3487254ae01b22b999d6425fa62309)"
2018,24 PARGANAS SOUTH,BISHNUPUR-II,PANCHANAN,"doi:10.7910/DVN/ZHF9WC datafile 10396546 (r3-all-2018.csv.gz, md5 fd3487254ae01b22b999d6425fa62309)"
2018,24 PARGANAS SOUTH,BISHNUPUR-II,PATHARBERIA JAYCHANDIPUR,"doi:10.7910/DVN/ZHF9WC datafile 10396546 (r3-all-2018.csv.gz, md5 fd3487254ae01b22b999d6425fa62309)"
2018,24 PARGANAS SOUTH,BISHNUPUR-II,RAMKRISHNAPUR BORHANPUR,"doi:10.7910/DVN/ZHF9WC datafile 10396546 (r3-all-2018.csv.gz, md5 fd3487254ae01b22b999d6425fa62309)"
2018,BIRBHUM,BOLPUR-SRINIKETAN,BAHIRI-PANCHSHOWA,"doi:10.7910/DVN/ZHF9WC datafile 10396546 (r3-all-2018.csv.gz, md5 fd3487254ae01b22b999d6425fa62309)"
2018,BIRBHUM,BOLPUR-SRINIKETAN,KANKALITALA,"doi:10.7910/DVN/ZHF9WC datafile 10396546 (r3-all-2018.csv.gz, md5 fd3487254ae01b22b999d6425fa62309)"
2018,BIRBHUM,BOLPUR-SRINIKETAN,KASBA,"doi:10.7910/DVN/ZHF9WC datafile 10396546 (r3-all-2018.csv.gz, md5 fd3487254ae01b22b999d6425fa62309)"
2018,BIRBHUM,BOLPUR-SRINIKETAN,RAIPUR-SUPUR,"doi:10.7910/DVN/ZHF9WC datafile 10396546 (r3-all-2018.csv.gz, md5 fd3487254ae01b22b999d6425fa62309)"
2018,BIRBHUM,BOLPUR-SRINIKETAN,RUPPUR,"doi:10.7910/DVN/ZHF9WC datafile 10396546 (r3-all-2018.csv.gz, md5 fd3487254ae01b22b999d6425fa62309)"
2018,BIRBHUM,BOLPUR-SRINIKETAN,SARPALEHANA-ALBANDHA,"doi:10.7910/DVN/ZHF9WC datafile 10396546 (r3-all-2018.csv.gz, md5 fd3487254ae01b22b999d6425fa62309)"
2018,BIRBHUM,BOLPUR-SRINIKETAN,SATTOR,"doi:10.7910/DVN/ZHF9WC datafile 10396546 (r3-all-2018.csv.gz, md5 fd3487254ae01b22b999d6425fa62309)"
2018,BIRBHUM,BOLPUR-SRINIKETAN,SIANMULUK,"doi:10.7910/DVN/ZHF9WC datafile 10396546 (r3-all-2018.csv.gz, md5 fd3487254ae01b22b999d6425fa62309)"
2018,BIRBHUM,BOLPUR-SRINIKETAN,SINGHEE,"doi:10.7910/DVN/ZHF9WC datafile 10396546 (r3-all-2018.csv.gz, md5 fd3487254ae01b22b999d6425fa62309)"
2018,24 PARGANAS SOUTH,BUDGE BUDGE-I,BUTA,"doi:10.7910/DVN/ZHF9WC datafile 10396546 (r3-all-2018.csv.gz, md5 fd3487254ae01b22b999d6425fa62309)"
2018,24 PARGANAS SOUTH,BUDGE BUDGE-I,CHINGRIPOTA,"doi:10.7910/DVN/ZHF9WC datafile 10396546 (r3-all-2018.csv.gz, md5 fd3487254ae01b22b999d6425fa62309)"
2018,24 PARGANAS SOUTH,BUDGE BUDGE-I,MAYAPUR,"doi:10.7910/DVN/ZHF9WC datafile 10396546 (r3-all-2018.csv.gz, md5 fd3487254ae01b22b999d6425fa62309)"
2018,24 PARGANAS SOUTH,BUDGE BUDGE-I,NISCHINTAPUR,"doi:10.7910/DVN/ZHF9WC datafile 10396546 (r3-all-2018.csv.gz, md5 fd3487254ae01b22b999d6425fa62309)"
2018,24 PARGANAS SOUTH,BUDGE BUDGE-I,RAJIBPUR,"doi:10.7910/DVN/ZHF9WC datafile 10396546 (r3-all-2018.csv.gz, md5 fd3487254ae01b22b999d6425fa62309)"
2018,24 PARGANAS SOUTH,BUDGE BUDGE-I,UTTAR RAIPUR,"doi:10.7910/DVN/ZHF9WC datafile 10396546 (r3-all-2018.csv.gz, md5 fd3487254ae01b22b999d6425fa62309)"
2018,24 PARGANAS SOUTH,BUDGE BUDGE-II,BURUL,"doi:10.7910/DVN/ZHF9WC datafile 10396546 (r3-all-2018.csv.gz, md5 fd3487254ae01b22b999d6425fa62309)"
2018,24 PARGANAS SOUTH,BUDGE BUDGE-II,CHAKMANIK,"doi:10.7910/DVN/ZHF9WC datafile 10396546 (r3-all-2018.csv.gz, md5 fd3487254ae01b22b999d6425fa62309)"
2018,24 PARGANAS SOUTH,BUDGE BUDGE-II,DONGARIA RAIPUR,"doi:10.7910/DVN/ZHF9WC datafile 10396546 (r3-all-2018.csv.gz, md5 fd3487254ae01b22b999d6425fa62309)"
2018,24 PARGANAS SOUTH,BUDGE BUDGE-II,GAJA POYALI,"doi:10.7910/DVN/ZHF9WC datafile 10396546 (r3-all-2018.csv.gz, md5 fd3487254ae01b22b999d6425fa62309)"
2018,24 PARGANAS SOUTH,BUDGE BUDGE-II,KAMRABAD,"doi:10.7910/DVN/ZHF9WC datafile 10396546 (r3-all-2018.csv.gz, md5 fd3487254ae01b22b999d6425fa62309)"
2018,24 PARGANAS SOUTH,BUDGE BUDGE-II,KASIPUR ALAMPUR,"doi:10.7910/DVN/ZHF9WC datafile 10396546 (r3-all-2018.csv.gz, md5 fd3487254ae01b22b999d6425fa62309)"
2018,24 PARGANAS SOUTH,BUDGE BUDGE-II,NASKARPUR,"doi:10.7910/DVN/ZHF9WC datafile 10396546 (r3-all-2018.csv.gz, md5 fd3487254ae01b22b999d6425fa62309)"
2018,24 PARGANAS SOUTH,BUDGE BUDGE-II,NORTH BAOYALI,"doi:10.7910/DVN/ZHF9WC datafile 10396546 (r3-all-2018.csv.gz, md5 fd3487254ae01b22b999d6425fa62309)"
2018,24 PARGANAS SOUTH,BUDGE BUDGE-II,RANIA,"doi:10.7910/DVN/ZHF9WC datafile 10396546 (r3-all-2018.csv.gz, md5 fd3487254ae01b22b999d6425fa62309)"
2018,24 PARGANAS SOUTH,BUDGE BUDGE-II,SATGACHHIA,"doi:10.7910/DVN/ZHF9WC datafile 10396546 (r3-all-2018.csv.gz, md5 fd3487254ae01b22b999d6425fa62309)"
2018,24 PARGANAS SOUTH,BUDGE BUDGE-II,SOUTH BAOYALI,"doi:10.7910/DVN/ZHF9WC datafile 10396546 (r3-all-2018.csv.gz, md5 fd3487254ae01b22b999d6425fa62309)"
2018,PURULIA,BUNDWAN,BANDWAN,"doi:10.7910/DVN/ZHF9WC datafile 10396546 (r3-all-2018.csv.gz, md5 fd3487254ae01b22b999d6425fa62309)"
2018,PURULIA,BUNDWAN,CHIRUDIH,"doi:10.7910/DVN/ZHF9WC datafile 10396546 (r3-all-2018.csv.gz, md5 fd3487254ae01b22b999d6425fa62309)"
2018,PURULIA,BUNDWAN,DHADKA,"doi:10.7910/DVN/ZHF9WC datafile 10396546 (r3-all-2018.csv.gz, md5 fd3487254ae01b22b999d6425fa62309)"
2018,PURULIA,BUNDWAN,GURUR,"doi:10.7910/DVN/ZHF9WC datafile 10396546 (r3-all-2018.csv.gz, md5 fd3487254ae01b22b999d6425fa62309)"
2018,PURULIA,BUNDWAN,KUCHIA,"doi:10.7910/DVN/ZHF9WC datafile 10396546 (r3-all-2018.csv.gz, md5 fd3487254ae01b22b999d6425fa62309)"
2018,PURULIA,BUNDWAN,KUILAPAL,"doi:10.7910/DVN/ZHF9WC datafile 10396546 (r3-all-2018.csv.gz, md5 fd3487254ae01b22b999d6425fa62309)"
2018,PURULIA,BUNDWAN,KUMRA,"doi:10.7910/DVN/ZHF9WC datafile 10396546 (r3-all-2018.csv.gz, md5 fd3487254ae01b22b999d6425fa62309)"
2018,PURULIA,BUNDWAN,SUPUDIH,"doi:10.7910/DVN/ZHF9WC datafile 10396546 (r3-all-2018.csv.gz, md5 fd3487254ae01b22b999d6425fa62309)"
2018,PURBA BARDHAMAN,BURDWAN-I,BAGHAR-I,"doi:10.7910/DVN/ZHF9WC datafile 10396546 (r3-all-2018.csv.gz, md5 fd3487254ae01b22b999d6425fa62309)"
2018,PURBA BARDHAMAN,BURDWAN-I,BAGHAR-II,"doi:10.7910/DVN/ZHF9WC datafile 10396546 (r3-all-2018.csv.gz, md5 fd3487254ae01b22b999d6425fa62309)"
2018,PURBA BARDHAMAN,BURDWAN-I,BELKASH,"doi:10.7910/DVN/ZHF9WC datafile 10396546 (r3-all-2018.csv.gz, md5 fd3487254ae01b22b999d6425fa62309)"
2018,PURBA BARDHAMAN,BURDWAN-I,BONDUL-I,"doi:10.7910/DVN/ZHF9WC datafile 10396546 (r3-all-2018.csv.gz, md5 fd3487254ae01b22b999d6425fa62309)"
2018,PURBA BARDHAMAN,BURDWAN-I,KSHETIA,"doi:10.7910/DVN/ZHF9WC datafile 10396546 (r3-all-2018.csv.gz, md5 fd3487254ae01b22b999d6425fa62309)"
2018,PURBA BARDHAMAN,BURDWAN-I,KURMUN-I,"doi:10.7910/DVN/ZHF9WC datafile 10396546 (r3-all-2018.csv.gz, md5 fd3487254ae01b22b999d6425fa62309)"
2018,PURBA BARDHAMAN,BURDWAN-I,RAYAN-I,"doi:10.7910/DVN/ZHF9WC datafile 10396546 (r3-all-2018.csv.gz, md5 fd3487254ae01b22b999d6425fa62309)"
2018,PURBA BARDHAMAN,BURDWAN-I,RAYAN-II,"doi:10.7910/DVN/ZHF9WC datafile 10396546 (r3-all-2018.csv.gz, md5 fd3487254ae01b22b999d6425fa62309)"
2018,PURBA BARDHAMAN,BURDWAN-I,SARAITIKAR,"doi:10.7910/DVN/ZHF9WC datafile 10396546 (r3-all-2018.csv.gz, md5 fd3487254ae01b22b999d6425fa62309)"
2018,PURBA BARDHAMAN,BURDWAN-II,BAIKUNTHAPUR-I,"doi:10.7910/DVN/ZHF9WC datafile 10396546 (r3-all-2018.csv.gz, md5 fd3487254ae01b22b999d6425fa62309)"
2018,PURBA BARDHAMAN,BURDWAN-II,BAIKUNTHAPUR-II,"doi:10.7910/DVN/ZHF9WC datafile 10396546 (r3-all-2018.csv.gz, md5 fd3487254ae01b22b999d6425fa62309)"
2018,PURBA BARDHAMAN,BURDWAN-II,BARSUL-I,"doi:10.7910/DVN/ZHF9WC datafile 10396546 (r3-all-2018.csv.gz, md5 fd3487254ae01b22b999d6425fa62309)"
2018,PURBA BARDHAMAN,BURDWAN-II,BARSUL-II,"doi:10.7910/DVN/ZHF9WC datafile 10396546 (r3-all-2018.csv.gz, md5 fd3487254ae01b22b999d6425fa62309)"
2018,PURBA BARDHAMAN,BURDWAN-II,BONDUL-II,"doi:10.7910/DVN/ZHF9WC datafile 10396546 (r3-all-2018.csv.gz, md5 fd3487254ae01b22b999d6425fa62309)"
2018,PURBA BARDHAMAN,BURDWAN-II,GOBINDAPUR,"doi:10.7910/DVN/ZHF9WC datafile 10396546 (r3-all-2018.csv.gz, md5 fd3487254ae01b22b999d6425fa62309)"
2018,PURBA BARDHAMAN,BURDWAN-II,KURMUN-II,"doi:10.7910/DVN/ZHF9WC datafile 10396546 (r3-all-2018.csv.gz, md5 fd3487254ae01b22b999d6425fa62309)"
2018,PURBA BARDHAMAN,BURDWAN-II,NABASTHA-I,"doi:10.7910/DVN/ZHF9WC datafile 10396546 (r3-all-2018.csv.gz, md5 fd3487254ae01b22b999d6425fa62309)"
2018,PURBA BARDHAMAN,BURDWAN-II,NABASTHA-II,"doi:10.7910/DVN/ZHF9WC datafile 10396546 (r3-all-2018.csv.gz, md5 fd3487254ae01b22b999d6425fa62309)"
2018,MURSHIDABAD,BURWAN,BIPRASEKHAR,"doi:10.7910/DVN/ZHF9WC datafile 10396546 (r3-all-2018.csv.gz, md5 fd3487254ae01b22b999d6425fa62309)"
2018,MURSHIDABAD,BURWAN,BURWAN-I,"doi:10.7910/DVN/ZHF9WC datafile 10396546 (r3-all-2018.csv.gz, md5 fd3487254ae01b22b999d6425fa62309)"
2018,MURSHIDABAD,BURWAN,BURWAN-II,"doi:10.7910/DVN/ZHF9WC datafile 10396546 (r3-all-2018.csv.gz, md5 fd3487254ae01b22b999d6425fa62309)"
2018,MURSHIDABAD,BURWAN,KALYANPUR-I,"doi:10.7910/DVN/ZHF9WC datafile 10396546 (r3-all-2018.csv.gz, md5 fd3487254ae01b22b999d6425fa62309)"
2018,MURSHIDABAD,BURWAN,KALYANPUR-II,"doi:10.7910/DVN/ZHF9WC datafile 10396546 (r3-all-2018.csv.gz, md5 fd3487254ae01b22b999d6425fa62309)"
2018,MURSHIDABAD,BURWAN,KHARJUNA,"doi:10.7910/DVN/ZHF9WC datafile 10396546 (r3-all-2018.csv.gz, md5 fd3487254ae01b22b999d6425fa62309)"
2018,MURSHIDABAD,BURWAN,KULI,"doi:10.7910/DVN/ZHF9WC datafile 10396546 (r3-all-2018.csv.gz, md5 fd3487254ae01b22b999d6425fa62309)"
2018,MURSHIDABAD,BURWAN,KURUNNORUN,"doi:10.7910/DVN/ZHF9WC datafile 10396546 (r3-all-2018.csv.gz, md5 fd3487254ae01b22b999d6425fa62309)"
2018,MURSHIDABAD,BURWAN,PANCHTHUPI,"doi:10.7910/DVN/ZHF9WC datafile 10396546 (r3-all-2018.csv.gz, md5 fd3487254ae01b22b999d6425fa62309)"
2018,MURSHIDABAD,BURWAN,SABALDAHA,"doi:10.7910/DVN/ZHF9WC datafile 10396546 (r3-all-2018.csv.gz, md5 fd3487254ae01b22b999d6425fa62309)"
2018,MURSHIDABAD,BURWAN,SABALPUR,"doi:10.7910/DVN/ZHF9WC datafile 10396546 (r3-all-2018.csv.gz, md5 fd3487254ae01b22b999d6425fa62309)"
2018,MURSHIDABAD,BURWAN,SAHORA,"doi:10.7910/DVN/ZHF9WC datafile 10396546 (r3-all-2018.csv.gz, md5 fd3487254ae01b22b999d6425fa62309)"
2018,MURSHIDABAD,BURWAN,SUNDARPUR,"doi:10.7910/DVN/ZHF9WC datafile 10396546 (r3-all-2018.csv.gz, md5 fd3487254ae01b22b999d6425fa62309)"
2018,DINAJPUR DAKSHIN,Balurghat,AMRITAKHAND,"doi:10.7910/DVN/ZHF9WC datafile 10396546 (r3-all-2018.csv.gz, md5 fd3487254ae01b22b999d6425fa62309)"
2018,DINAJPUR DAKSHIN,Balurghat,BOALDAR,"doi:10.7910/DVN/ZHF9WC datafile 10396546 (r3-all-2018.csv.gz, md5 fd3487254ae01b22b999d6425fa62309)"
2018,DINAJPUR DAKSHIN,Balurghat,BOLLA,"doi:10.7910/DVN/ZHF9WC datafile 10396546 (r3-all-2018.csv.gz, md5 fd3487254ae01b22b999d6425fa62309)"
2018,DINAJPUR DAKSHIN,Balurghat,CHAKVRIGU,"doi:10.7910/DVN/ZHF9WC datafile 10396546 (r3-all-2018.csv.gz, md5 fd3487254ae01b22b999d6425fa62309)"
2018,DINAJPUR DAKSHIN,Balurghat,CHINGISHPUR,"doi:10.7910/DVN/ZHF9WC datafile 10396546 (r3-all-2018.csv.gz, md5 fd3487254ae01b22b999d6425fa62309)"
2018,DINAJPUR DAKSHIN,Balurghat,DANGA,"doi:10.7910/DVN/ZHF9WC datafile 10396546 (r3-all-2018.csv.gz, md5 fd3487254ae01b22b999d6425fa62309)"
2018,DINAJPUR DAKSHIN,Balurghat,GOPALBATI,"doi:10.7910/DVN/ZHF9WC datafile 10396546 (r3-all-2018.csv.gz, md5 fd3487254ae01b22b999d6425fa62309)"
2018,DINAJPUR DAKSHIN,Balurghat,JALGHAR,"doi:10.7910/DVN/ZHF9WC datafile 10396546 (r3-all-2018.csv.gz, md5 fd3487254ae01b22b999d6425fa62309)"
2018,DINAJPUR DAKSHIN,Balurghat,NAJIRPUR,"doi:10.7910/DVN/ZHF9WC datafile 10396546 (r3-all-2018.csv.gz, md5 fd3487254ae01b22b999d6425fa62309)"
2018,DINAJPUR DAKSHIN,Balurghat,PATRIRAM,"doi:10.7910/DVN/ZHF9WC datafile 10396546 (r3-all-2018.csv.gz, md5 fd3487254ae01b22b999d6425fa62309)"
2018,DINAJPUR DAKSHIN,Balurghat,VATPARA,"doi:10.7910/DVN/ZHF9WC datafile 10396546 (r3-all-2018.csv.gz, md5 fd3487254ae01b22b999d6425fa62309)"
2018,DINAJPUR DAKSHIN,Bansihari,BRAJABALLAVPUR,"doi:10.7910/DVN/ZHF9WC datafile 10396546 (r3-all-2018.csv.gz, md5 fd3487254ae01b22b999d6425fa62309)"
2018,DINAJPUR DAKSHIN,Bansihari,ELLAHABAD,"doi:10.7910/DVN/ZHF9WC datafile 10396546 (r3-all-2018.csv.gz, md5 fd3487254ae01b22b999d6425fa62309)"
2018,DINAJPUR DAKSHIN,Bansihari,GANGURIA,"doi:10.7910/DVN/ZHF9WC datafile 10396546 (r3-all-2018.csv.gz, md5 fd3487254ae01b22b999d6425fa62309)"
2018,DINAJPUR DAKSHIN,Bansihari,MAHABARI,"doi:10.7910/DVN/ZHF9WC datafile 10396546 (r3-all-2018.csv.gz, md5 fd3487254ae01b22b999d6425fa62309)"
2018,DINAJPUR DAKSHIN,Bansihari,SHIBPUR,"doi:10.7910/DVN/ZHF9WC datafile 10396546 (r3-all-2018.csv.gz, md5 fd3487254ae01b22b999d6425fa62309)"
2018,24 PARGANAS SOUTH,CANNING-I,BANSRA,"doi:10.7910/DVN/ZHF9WC datafile 10396546 (r3-all-2018.csv.gz, md5 fd3487254ae01b22b999d6425fa62309)"
2018,24 PARGANAS SOUTH,CANNING-I,DARIA,"doi:10.7910/DVN/ZHF9WC datafile 10396546 (r3-all-2018.csv.gz, md5 fd3487254ae01b22b999d6425fa62309)"
2018,24 PARGANAS SOUTH,CANNING-I,DIGHIRPAR,"doi:10.7910/DVN/ZHF9WC datafile 10396546 (r3-all-2018.csv.gz, md5 fd3487254ae01b22b999d6425fa62309)"
2018,24 PARGANAS SOUTH,CANNING-I,GOPALPUR,"doi:10.7910/DVN/ZHF9WC datafile 10396546 (r3-all-2018.csv.gz, md5 fd3487254ae01b22b999d6425fa62309)"
2018,24 PARGANAS SOUTH,CANNING-I,HATPUKURIA,"doi:10.7910/DVN/ZHF9WC datafile 10396546 (r3-all-2018.csv.gz, md5 fd3487254ae01b22b999d6425fa62309)"
2018,24 PARGANAS SOUTH,CANNING-I,ITKHOLA,"doi:10.7910/DVN/ZHF9WC datafile 10396546 (r3-all-2018.csv.gz, md5 fd3487254ae01b22b999d6425fa62309)"
2018,24 PARGANAS SOUTH,CANNING-I,MATLA-I,"doi:10.7910/DVN/ZHF9WC datafile 10396546 (r3-all-2018.csv.gz, md5 fd3487254ae01b22b999d6425fa62309)"
2018,24 PARGANAS SOUTH,CANNING-I,MATLA-II,"doi:10.7910/DVN/ZHF9WC datafile 10396546 (r3-all-2018.csv.gz, md5 fd3487254ae01b22b999d6425fa62309)"
2018,24 PARGANAS SOUTH,CANNING-I,NIKARIGHATA,"doi:10.7910/DVN/ZHF9WC datafile 10396546 (r3-all-2018.csv.gz, md5 fd3487254ae01b22b999d6425fa62309)"
2018,24 PARGANAS SOUTH,CANNING-I,TALDI,"doi:10.7910/DVN/ZHF9WC datafile 10396546 (r3-all-2018.csv.gz, md5 fd3487254ae01b22b999d6425fa62309)"
2018,24 PARGANAS SOUTH,CANNING-II,ATHAROBANDI,"doi:10.7910/DVN/ZHF9WC datafile 10396546 (r3-all-2018.csv.gz, md5 fd3487254ae01b22b999d6425fa62309)"
2018,24 PARGANAS SOUTH,CANNING-II,DEULI-I,"doi:10.7910/DVN/ZHF9WC datafile 10396546 (r3-all-2018.csv.gz, md5 fd3487254ae01b22b999d6425fa62309)"
2018,24 PARGANAS SOUTH,CANNING-II,DEULI-II,"doi:10.7910/DVN/ZHF9WC datafile 10396546 (r3-all-2018.csv.gz, md5 fd3487254ae01b22b999d6425fa62309)"
2018,24 PARGANAS SOUTH,CANNING-II,KALIKATALA,"doi:10.7910/DVN/ZHF9WC datafile 10396546 (r3-all-2018.csv.gz, md5 fd3487254ae01b22b999d6425fa62309)"
2018,24 PARGANAS SOUTH,CANNING-II,MATHERDIGHI,"doi:10.7910/DVN/ZHF9WC datafile 10396546 (r3-all-2018.csv.gz, md5 fd3487254ae01b22b999d6425fa62309)"
2018,24 PARGANAS SOUTH,CANNING-II,NARAYANPUR,"doi:10.7910/DVN/ZHF9WC datafile 10396546 (r3-all-2018.csv.gz, md5 fd3487254ae01b22b999d6425fa62309)"
2018,24 PARGANAS SOUTH,CANNING-II,SARENGABAD,"doi:10.7910/DVN/ZHF9WC datafile 10396546 (r3-all-2018.csv.gz, md5 fd3487254ae01b22b999d6425fa62309)"
2018,24 PARGANAS SOUTH,CANNING-II,TAMBULDAHA-I,"doi:10.7910/DVN/ZHF9WC datafile 10396546 (r3-all-2018.csv.gz, md5 fd3487254ae01b22b999d6425fa62309)"
2018,24 PARGANAS SOUTH,CANNING-II,TAMBULDAHA-II,"doi:10.7910/DVN/ZHF9WC datafile 10396546 (r3-all-2018.csv.gz, md5 fd3487254ae01b22b999d6425fa62309)"
2018,NADIA,CHAKDAH,CHANDURIA-I,"doi:10.7910/DVN/ZHF9WC datafile 10396546 (r3-all-2018.csv.gz, md5 fd3487254ae01b22b999d6425fa62309)"
2018,NADIA,CHAKDAH,DEWLI,"doi:10.7910/DVN/ZHF9WC datafile 10396546 (r3-all-2018.csv.gz, md5 fd3487254ae01b22b999d6425fa62309)"
2018,NADIA,CHAKDAH,DUBRA,"doi:10.7910/DVN/ZHF9WC datafile 10396546 (r3-all-2018.csv.gz, md5 fd3487254ae01b22b999d6425fa62309)"
2018,NADIA,CHAKDAH,GHETUGACHHI,"doi:10.7910/DVN/ZHF9WC datafile 10396546 (r3-all-2018.csv.gz, md5 fd3487254ae01b22b999d6425fa62309)"
2018,NADIA,CHAKDAH,HINGNARA,"doi:10.7910/DVN/ZHF9WC datafile 10396546 (r3-all-2018.csv.gz, md5 fd3487254ae01b22b999d6425fa62309)"
2018,NADIA,CHAKDAH,RAUTARI,"doi:10.7910/DVN/ZHF9WC datafile 10396546 (r3-all-2018.csv.gz, md5 fd3487254ae01b22b999d6425fa62309)"
2018,NADIA,CHAKDAH,SILINDA-I,"doi:10.7910/DVN/ZHF9WC datafile 10396546 (r3-all-2018.csv.gz, md5 fd3487254ae01b22b999d6425fa62309)"
2018,NADIA,CHAKDAH,SILINDA-II,"doi:10.7910/DVN/ZHF9WC datafile 10396546 (r3-all-2018.csv.gz, md5 fd3487254ae01b22b999d6425fa62309)"
2018,NADIA,CHAKDAH,TATLA-I,"doi:10.7910/DVN/ZHF9WC datafile 10396546 (r3-all-2018.csv.gz, md5 fd3487254ae01b22b999d6425fa62309)"
2018,NADIA,CHAKDAH,TATLA-II,"doi:10.7910/DVN/ZHF9WC datafile 10396546 (r3-all-2018.csv.gz, md5 fd3487254ae01b22b999d6425fa62309)"
2018,MALDAH,CHANCHAL-I,ALIHANDA,"doi:10.7910/DVN/ZHF9WC datafile 10396546 (r3-all-2018.csv.gz, md5 fd3487254ae01b22b999d6425fa62309)"
2018,MALDAH,CHANCHAL-I,BHAGABANPUR,"doi:10.7910/DVN/ZHF9WC datafile 10396546 (r3-all-2018.csv.gz, md5 fd3487254ae01b22b999d6425fa62309)"
2018,MALDAH,CHANCHAL-I,CHANCHOL,"doi:10.7910/DVN/ZHF9WC datafile 10396546 (r3-all-2018.csv.gz, md5 fd3487254ae01b22b999d6425fa62309)"
2018,MALDAH,CHANCHAL-I,KALIGRAM,"doi:10.7910/DVN/ZHF9WC datafile 10396546 (r3-all-2018.csv.gz, md5 fd3487254ae01b22b999d6425fa62309)"
2018,MALDAH,CHANCHAL-I,KHARBA,"doi:10.7910/DVN/ZHF9WC datafile 10396546 (r3-all-2018.csv.gz, md5 fd3487254ae01b22b999d6425fa62309)"
2018,MALDAH,CHANCHAL-I,MAHANANDAPUR,"doi:10.7910/DVN/ZHF9WC datafile 10396546 (r3-all-2018.csv.gz, md5 fd3487254ae01b22b999d6425fa62309)"
2018,MALDAH,CHANCHAL-I,MAKDAMPUR,"doi:10.7910/DVN/ZHF9WC datafile 10396546 (r3-all-2018.csv.gz, md5 fd3487254ae01b22b999d6425fa62309)"
2018,MALDAH,CHANCHAL-I,MOTIHARPUR,"doi:10.7910/DVN/ZHF9WC datafile 10396546 (r3-all-2018.csv.gz, md5 fd3487254ae01b22b999d6425fa62309)"
2018,MALDAH,CHANCHAL-II,BHAKRI,"doi:10.7910/DVN/ZHF9WC datafile 10396546 (r3-all-2018.csv.gz, md5 fd3487254ae01b22b999d6425fa62309)"
2018,MALDAH,CHANCHAL-II,CHANDRAPARA,"doi:10.7910/DVN/ZHF9WC datafile 10396546 (r3-all-2018.csv.gz, md5 fd3487254ae01b22b999d6425fa62309)"
2018,MALDAH,CHANCHAL-II,DHANGARA-BISHANPUR,"doi:10.7910/DVN/ZHF9WC datafile 10396546 (r3-all-2018.csv.gz, md5 fd3487254ae01b22b999d6425fa62309)"
2018,MALDAH,CHANCHAL-II,GOURHANDA,"doi:10.7910/DVN/ZHF9WC datafile 10396546 (r3-all-2018.csv.gz, md5 fd3487254ae01b22b999d6425fa62309)"
2018,MALDAH,CHANCHAL-II,JALALPUR,"doi:10.7910/DVN/ZHF9WC datafile 10396546 (r3-all-2018.csv.gz, md5 fd3487254ae01b22b999d6425fa62309)"
2018,MALDAH,CHANCHAL-II,KSHEMPUR,"doi:10.7910/DVN/ZHF9WC datafile 10396546 (r3-all-2018.csv.gz, md5 fd3487254ae01b22b999d6425fa62309)"
2018,MALDAH,CHANCHAL-II,MALATIPUR,"doi:10.7910/DVN/ZHF9WC datafile 10396546 (r3-all-2018.csv.gz, md5 fd3487254ae01b22b999d6425fa62309)"
2018,PURBA MEDINIPUR,CHANDIPUR,BRAJALALCHAK,"doi:10.7910/DVN/ZHF9WC datafile 10396546 (r3-all-2018.csv.gz, md5 fd3487254ae01b22b999d6425fa62309)"
2018,PURBA MEDINIPUR,CHANDIPUR,BRINDABANPUR-I,"doi:10.7910/DVN/ZHF9WC datafile 10396546 (r3-all-2018.csv.gz, md5 fd3487254ae01b22b999d6425fa62309)"
2018,PURBA MEDINIPUR,CHANDIPUR,BRINDABANPUR-II,"doi:10.7910/DVN/ZHF9WC datafile 10396546 (r3-all-2018.csv.gz, md5 fd3487254ae01b22b999d6425fa62309)"
2018,PURBA MEDINIPUR,CHANDIPUR,CHOWKHALI,"doi:10.7910/DVN/ZHF9WC datafile 10396546 (r3-all-2018.csv.gz, md5 fd3487254ae01b22b999d6425fa62309)"
2018,PURBA MEDINIPUR,CHANDIPUR,DIBAKARPUR,"doi:10.7910/DVN/ZHF9WC datafile 10396546 (r3-all-2018.csv.gz, md5 fd3487254ae01b22b999d6425fa62309)"
2018,PURBA MEDINIPUR,CHANDIPUR,ISWARPUR,"doi:10.7910/DVN/ZHF9WC datafile 10396546 (r3-all-2018.csv.gz, md5 fd3487254ae01b22b999d6425fa62309)"
2018,PURBA MEDINIPUR,CHANDIPUR,JALPAI,"doi:10.7910/DVN/ZHF9WC datafile 10396546 (r3-all-2018.csv.gz, md5 fd3487254ae01b22b999d6425fa62309)"
2018,PURBA MEDINIPUR,CHANDIPUR,KULBARI,"doi:10.7910/DVN/ZHF9WC datafile 10396546 (r3-all-2018.csv.gz, md5 fd3487254ae01b22b999d6425fa62309)"
2018,PURBA MEDINIPUR,CHANDIPUR,NANDAPURBARAGHUNI,"doi:10.7910/DVN/ZHF9WC datafile 10396546 (r3-all-2018.csv.gz, md5 fd3487254ae01b22b999d6425fa62309)"
2018,PURBA MEDINIPUR,CHANDIPUR,USMANPUR,"doi:10.7910/DVN/ZHF9WC datafile 10396546 (r3-all-2018.csv.gz, md5 fd3487254ae01b22b999d6425fa62309)"
2018,HOOGHLY,CHANDITALA-I,AINYA,"doi:10.7910/DVN/ZHF9WC datafile 10396546 (r3-all-2018.csv.gz, md5 fd3487254ae01b22b999d6425fa62309)"
2018,HOOGHLY,CHANDITALA-I,BHAGABATIPUR,"doi:10.7910/DVN/ZHF9WC datafile 10396546 (r3-all-2018.csv.gz, md5 fd3487254ae01b22b999d6425fa62309)"
2018,HOOGHLY,CHANDITALA-I,GANGADHARPUR,"doi:10.7910/DVN/ZHF9WC datafile 10396546 (r3-all-2018.csv.gz, md5 fd3487254ae01b22b999d6425fa62309)"
2018,HOOGHLY,CHANDITALA-I,HARIPUR,"doi:10.7910/DVN/ZHF9WC datafile 10396546 (r3-all-2018.csv.gz, md5 fd3487254ae01b22b999d6425fa62309)"
2018,HOOGHLY,CHANDITALA-I,KRISHNARAMPUR,"doi:10.7910/DVN/ZHF9WC datafile 10396546 (r3-all-2018.csv.gz, md5 fd3487254ae01b22b999d6425fa62309)"
2018,HOOGHLY,CHANDITALA-I,KUMIRMORE,"doi:10.7910/DVN/ZHF9WC datafile 10396546 (r3-all-2018.csv.gz, md5 fd3487254ae01b22b999d6425fa62309)"
2018,HOOGHLY,CHANDITALA-I,MASAT,"doi:10.7910/DVN/ZHF9WC datafile 10396546 (r3-all-2018.csv.gz, md5 fd3487254ae01b22b999d6425fa62309)"
2018,HOOGHLY,CHANDITALA-I,NABABPUR,"doi:10.7910/DVN/ZHF9WC datafile 10396546 (r3-all-2018.csv.gz, md5 fd3487254ae01b22b999d6425fa62309)"
2018,HOOGHLY,CHANDITALA-I,SHIYAKHALA,"doi:10.7910/DVN/ZHF9WC datafile 10396546 (r3-all-2018.csv.gz, md5 fd3487254ae01b22b999d6425fa62309)"
2018,HOOGHLY,CHANDITALA-II,BAKSA,"doi:10.7910/DVN/ZHF9WC datafile 10396546 (r3-all-2018.csv.gz, md5 fd3487254ae01b22b999d6425fa62309)"
2018,HOOGHLY,CHANDITALA-II,BARIJHATI,"doi:10.7910/DVN/ZHF9WC datafile 10396546 (r3-all-2018.csv.gz, md5 fd3487254ae01b22b999d6425fa62309)"
2018,HOOGHLY,CHANDITALA-II,BEGUMPUR,"doi:10.7910/DVN/ZHF9WC datafile 10396546 (r3-all-2018.csv.gz, md5 fd3487254ae01b22b999d6425fa62309)"
2018,HOOGHLY,CHANDITALA-II,CHANDITALA,"doi:10.7910/DVN/ZHF9WC datafile 10396546 (r3-all-2018.csv.gz, md5 fd3487254ae01b22b999d6425fa62309)"
2018,HOOGHLY,CHANDITALA-II,GARALGACHHA,"doi:10.7910/DVN/ZHF9WC datafile 10396546 (r3-all-2018.csv.gz, md5 fd3487254ae01b22b999d6425fa62309)"
2018,HOOGHLY,CHANDITALA-II,JANAI,"doi:10.7910/DVN/ZHF9WC datafile 10396546 (r3-all-2018.csv.gz, md5 fd3487254ae01b22b999d6425fa62309)"
2018,HOOGHLY,CHANDITALA-II,KAPASARIA,"doi:10.7910/DVN/ZHF9WC datafile 10396546 (r3-all-2018.csv.gz, md5 fd3487254ae01b22b999d6425fa62309)"
2018,HOOGHLY,CHANDITALA-II,NAITI,"doi:10.7910/DVN/ZHF9WC datafile 10396546 (r3-all-2018.csv.gz, md5 fd3487254ae01b22b999d6425fa62309)"
2018,HOOGHLY,CHANDITALA-II,PANCHGHORA,"doi:10.7910/DVN/ZHF9WC datafile 10396546 (r3-all-2018.csv.gz, md5 fd3487254ae01b22b999d6425fa62309)"
2018,PASCHIM MEDINIPUR,CHANDRAKONA-I,JARA,"doi:10.7910/DVN/ZHF9WC datafile 10396546 (r3-all-2018.csv.gz, md5 fd3487254ae01b22b999d6425fa62309)"
2018,PASCHIM MEDINIPUR,CHANDRAKONA-I,LAKSHMIPUR,"doi:10.7910/DVN/ZHF9WC datafile 10396546 (r3-all-2018.csv.gz, md5 fd3487254ae01b22b999d6425fa62309)"
2018,PASCHIM MEDINIPUR,CHANDRAKONA-I,MANGRUL,"doi:10.7910/DVN/ZHF9WC datafile 10396546 (r3-all-2018.csv.gz, md5 fd3487254ae01b22b999d6425fa62309)"
2018,PASCHIM MEDINIPUR,CHANDRAKONA-I,MANIKKUNDU,"doi:10.7910/DVN/ZHF9WC datafile 10396546 (r3-all-2018.csv.gz, md5 fd3487254ae01b22b999d6425fa62309)"
2018,PASCHIM MEDINIPUR,CHANDRAKONA-I,MONOHARPUR-I,"doi:10.7910/DVN/ZHF9WC datafile 10396546 (r3-all-2018.csv.gz, md5 fd3487254ae01b22b999d6425fa62309)"
2018,PASCHIM MEDINIPUR,CHANDRAKONA-I,MONOHARPUR-II,"doi:10.7910/DVN/ZHF9WC datafile 10396546 (r3-all-2018.csv.gz, md5 fd3487254ae01b22b999d6425fa62309)"
2018,PASCHIM MEDINIPUR,CHANDRAKONA-II,BANDIPUR-I,"doi:10.7910/DVN/ZHF9WC datafile 10396546 (r3-all-2018.csv.gz, md5 fd3487254ae01b22b999d6425fa62309)"
2018,PASCHIM MEDINIPUR,CHANDRAKONA-II,BANDIPUR-II,"doi:10.7910/DVN/ZHF9WC datafile 10396546 (r3-all-2018.csv.gz, md5 fd3487254ae01b22b999d6425fa62309)"
2018,PASCHIM MEDINIPUR,CHANDRAKONA-II,BASANCHORA,"doi:10.7910/DVN/ZHF9WC datafile 10396546 (r3-all-2018.csv.gz, md5 fd3487254ae01b22b999d6425fa62309)"
2018,PASCHIM MEDINIPUR,CHANDRAKONA-II,BHAGABANTAPUR-I,"doi:10.7910/DVN/ZHF9WC datafile 10396546 (r3-all-2018.csv.gz, md5 fd3487254ae01b22b999d6425fa62309)"
2018,PASCHIM MEDINIPUR,CHANDRAKONA-II,BHAGABANTAPUR-II,"doi:10.7910/DVN/ZHF9WC datafile 10396546 (r3-all-2018.csv.gz, md5 fd3487254ae01b22b999d6425fa62309)"
2018,PASCHIM MEDINIPUR,CHANDRAKONA-II,KUAPUR,"doi:10.7910/DVN/ZHF9WC datafile 10396546 (r3-all-2018.csv.gz, md5 fd3487254ae01b22b999d6425fa62309)"
2018,NADIA,CHAPRA,ALFA,"doi:10.7910/DVN/ZHF9WC datafile 10396546 (r3-all-2018.csv.gz, md5 fd3487254ae01b22b999d6425fa62309)"
2018,NADIA,CHAPRA,BAGBERIA,"doi:10.7910/DVN/ZHF9WC datafile 10396546 (r3-all-2018.csv.gz, md5 fd3487254ae01b22b999d6425fa62309)"
2018,NADIA,CHAPRA,BRITTIHUDA,"doi:10.7910/DVN/ZHF9WC datafile 10396546 (r3-all-2018.csv.gz, md5 fd3487254ae01b22b999d6425fa62309)"
2018,NADIA,CHAPRA,CHAPRA-I,"doi:10.7910/DVN/ZHF9WC datafile 10396546 (r3-all-2018.csv.gz, md5 fd3487254ae01b22b999d6425fa62309)"
2018,NADIA,CHAPRA,CHAPRA-II,"doi:10.7910/DVN/ZHF9WC datafile 10396546 (r3-all-2018.csv.gz, md5 fd3487254ae01b22b999d6425fa62309)"
2018,NADIA,CHAPRA,HATISALA-I,"doi:10.7910/DVN/ZHF9WC datafile 10396546 (r3-all-2018.csv.gz, md5 fd3487254ae01b22b999d6425fa62309)"
2018,NADIA,CHAPRA,HATISALA-II,"doi:10.7910/DVN/ZHF9WC datafile 10396546 (r3-all-2018.csv.gz, md5 fd3487254ae01b22b999d6425fa62309)"
2018,NADIA,CHAPRA,HATKHOLA,"doi:10.7910/DVN/ZHF9WC datafile 10396546 (r3-all-2018.csv.gz, md5 fd3487254ae01b22b999d6425fa62309)"
2018,NADIA,CHAPRA,HRIDAYPUR,"doi:10.7910/DVN/ZHF9WC datafile 10396546 (r3-all-2018.csv.gz, md5 fd3487254ae01b22b999d6425fa62309)"
2018,NADIA,CHAPRA,KALINGA,"doi:10.7910/DVN/ZHF9WC datafile 10396546 (r3-all-2018.csv.gz, md5 fd3487254ae01b22b999d6425fa62309)"
2018,NADIA,CHAPRA,MAHATPUR,"doi:10.7910/DVN/ZHF9WC datafile 10396546 (r3-all-2018.csv.gz, md5 fd3487254ae01b22b999d6425fa62309)"
2018,NADIA,CHAPRA,MAHESHPUR,"doi:10.7910/DVN/ZHF9WC datafile 10396546 (r3-all-2018.csv.gz, md5 fd3487254ae01b22b999d6425fa62309)"
2018,NADIA,CHAPRA,PIPRAGACHHI,"doi:10.7910/DVN/ZHF9WC datafile 10396546 (r3-all-2018.csv.gz, md5 fd3487254ae01b22b999d6425fa62309)"
2018,BANKURA,CHHATNA,ARRAH,"doi:10.7910/DVN/ZHF9WC datafile 10396546 (r3-all-2018.csv.gz, md5 fd3487254ae01b22b999d6425fa62309)"
2018,BANKURA,CHHATNA,CHHATNA-I,"doi:10.7910/DVN/ZHF9WC datafile 10396546 (r3-all-2018.csv.gz, md5 fd3487254ae01b22b999d6425fa62309)"
2018,BANKURA,CHHATNA,CHHATNA-II,"doi:10.7910/DVN/ZHF9WC datafile 10396546 (r3-all-2018.csv.gz, md5 fd3487254ae01b22b999d6425fa62309)"
2018,BANKURA,CHHATNA,CHINABARI,"doi:10.7910/DVN/ZHF9WC datafile 10396546 (r3-all-2018.csv.gz, md5 fd3487254ae01b22b999d6425fa62309)"
2018,BANKURA,CHHATNA,DHABAN,"doi:10.7910/DVN/ZHF9WC datafile 10396546 (r3-all-2018.csv.gz, md5 fd3487254ae01b22b999d6425fa62309)"
2018,BANKURA,CHHATNA,GHOSERGRAM,"doi:10.7910/DVN/ZHF9WC datafile 10396546 (r3-all-2018.csv.gz, md5 fd3487254ae01b22b999d6425fa62309)"
2018,BANKURA,CHHATNA,JAMTORA,"doi:10.7910/DVN/ZHF9WC datafile 10396546 (r3-all-2018.csv.gz, md5 fd3487254ae01b22b999d6425fa62309)"
2018,BANKURA,CHHATNA,JHUNJHKA,"doi:10.7910/DVN/ZHF9WC datafile 10396546 (r3-all-2018.csv.gz, md5 fd3487254ae01b22b999d6425fa62309)"
2018,BANKURA,CHHATNA,JIRRAH,"doi:10.7910/DVN/ZHF9WC datafile 10396546 (r3-all-2018.csv.gz, md5 fd3487254ae01b22b999d6425fa62309)"
2018,BANKURA,CHHATNA,METYALA,"doi:10.7910/DVN/ZHF9WC datafile 10396546 (r3-all-2018.csv.gz, md5 fd3487254ae01b22b999d6425fa62309)"
2018,BANKURA,CHHATNA,SALDIHA,"doi:10.7910/DVN/ZHF9WC datafile 10396546 (r3-all-2018.csv.gz, md5 fd3487254ae01b22b999d6425fa62309)"
2018,BANKURA,CHHATNA,SUSUNIA,"doi:10.7910/DVN/ZHF9WC datafile 10396546 (r3-all-2018.csv.gz, md5 fd3487254ae01b22b999d6425fa62309)"
2018,BANKURA,CHHATNA,TEGHARI,"doi:10.7910/DVN/ZHF9WC datafile 10396546 (r3-all-2018.csv.gz, md5 fd3487254ae01b22b999d6425fa62309)"
2018,HOOGHLY,CHINSURAH-MOGRA,BANDEL,"doi:10.7910/DVN/ZHF9WC datafile 10396546 (r3-all-2018.csv.gz, md5 fd3487254ae01b22b999d6425fa62309)"
2018,HOOGHLY,CHINSURAH-MOGRA,CHANDRAHATI-I,"doi:10.7910/DVN/ZHF9WC datafile 10396546 (r3-all-2018.csv.gz, md5 fd3487254ae01b22b999d6425fa62309)"
2018,HOOGHLY,CHINSURAH-MOGRA,CHANDRAHATI-II,"doi:10.7910/DVN/ZHF9WC datafile 10396546 (r3-all-2018.csv.gz, md5 fd3487254ae01b22b999d6425fa62309)"
2018,HOOGHLY,CHINSURAH-MOGRA,DEBANANDAPUR,"doi:10.7910/DVN/ZHF9WC datafile 10396546 (r3-all-2018.csv.gz, md5 fd3487254ae01b22b999d6425fa62309)"
2018,HOOGHLY,CHINSURAH-MOGRA,DIGSUIHOYERA,"doi:10.7910/DVN/ZHF9WC datafile 10396546 (r3-all-2018.csv.gz, md5 fd3487254ae01b22b999d6425fa62309)"
2018,HOOGHLY,CHINSURAH-MOGRA,KODALIA-I,"doi:10.7910/DVN/ZHF9WC datafile 10396546 (r3-all-2018.csv.gz, md5 fd3487254ae01b22b999d6425fa62309)"
2018,HOOGHLY,CHINSURAH-MOGRA,KODALIA-II,"doi:10.7910/DVN/ZHF9WC datafile 10396546 (r3-all-2018.csv.gz, md5 fd3487254ae01b22b999d6425fa62309)"
2018,HOOGHLY,CHINSURAH-MOGRA,MOGRA-I,"doi:10.7910/DVN/ZHF9WC datafile 10396546 (r3-all-2018.csv.gz, md5 fd3487254ae01b22b999d6425fa62309)"
2018,HOOGHLY,CHINSURAH-MOGRA,MOGRA-II,"doi:10.7910/DVN/ZHF9WC datafile 10396546 (r3-all-2018.csv.gz, md5 fd3487254ae01b22b999d6425fa62309)"
2018,HOOGHLY,CHINSURAH-MOGRA,SAPTAGRAM,"doi:10.7910/DVN/ZHF9WC datafile 10396546 (r3-all-2018.csv.gz, md5 fd3487254ae01b22b999d6425fa62309)"
2018,DINAJPUR UTTAR,CHOPRA,CHOPRA,"doi:10.7910/DVN/ZHF9WC datafile 10396546 (r3-all-2018.csv.gz, md5 fd3487254ae01b22b999d6425fa62309)"
2018,DINAJPUR UTTAR,CHOPRA,CHUTIAKHORE,"doi:10.7910/DVN/ZHF9WC datafile 10396546 (r3-all-2018.csv.gz, md5 fd3487254ae01b22b999d6425fa62309)"
2018,DINAJPUR UTTAR,CHOPRA,DASPARA,"doi:10.7910/DVN/ZHF9WC datafile 10396546 (r3-all-2018.csv.gz, md5 fd3487254ae01b22b999d6425fa62309)"
2018,DINAJPUR UTTAR,CHOPRA,GHIRNIGAON,"doi:10.7910/DVN/ZHF9WC datafile 10396546 (r3-all-2018.csv.gz, md5 fd3487254ae01b22b999d6425fa62309)"
2018,DINAJPUR UTTAR,CHOPRA,HAPTIAGACHH,"doi:10.7910/DVN/ZHF9WC datafile 10396546 (r3-all-2018.csv.gz, md5 fd3487254ae01b22b999d6425fa62309)"
2018,DINAJPUR UTTAR,CHOPRA,LAKHIPUR,"doi:10.7910/DVN/ZHF9WC datafile 10396546 (r3-all-2018.csv.gz, md5 fd3487254ae01b22b999d6425fa62309)"
2018,DINAJPUR UTTAR,CHOPRA,MAJHIALI,"doi:10.7910/DVN/ZHF9WC datafile 10396546 (r3-all-2018.csv.gz, md5 fd3487254ae01b22b999d6425fa62309)"
2018,DINAJPUR UTTAR,CHOPRA,SONAPUR,"doi:10.7910/DVN/ZHF9WC datafile 10396546 (r3-all-2018.csv.gz, md5 fd3487254ae01b22b999d6425fa62309)"
2018,PURBA MEDINIPUR,CONTAI-I,BADALPUR,"doi:10.7910/DVN/ZHF9WC datafile 10396546 (r3-all-2018.csv.gz, md5 fd3487254ae01b22b999d6425fa62309)"
2018,PURBA MEDINIPUR,CONTAI-I,DULALPUR,"doi:10.7910/DVN/ZHF9WC datafile 10396546 (r3-all-2018.csv.gz, md5 fd3487254ae01b22b999d6425fa62309)"
2018,PURBA MEDINIPUR,CONTAI-I,HAIPUR,"doi:10.7910/DVN/ZHF9WC datafile 10396546 (r3-all-2018.csv.gz, md5 fd3487254ae01b22b999d6425fa62309)"
2018,PURBA MEDINIPUR,CONTAI-I,MAHISHAGOT,"doi:10.7910/DVN/ZHF9WC datafile 10396546 (r3-all-2018.csv.gz, md5 fd3487254ae01b22b999d6425fa62309)"
2018,PURBA MEDINIPUR,CONTAI-I,MAJILAPUR,"doi:10.7910/DVN/ZHF9WC datafile 10396546 (r3-all-2018.csv.gz, md5 fd3487254ae01b22b999d6425fa62309)"
2018,PURBA MEDINIPUR,CONTAI-I,NAYAPUT,"doi:10.7910/DVN/ZHF9WC datafile 10396546 (r3-all-2018.csv.gz, md5 fd3487254ae01b22b999d6425fa62309)"
2018,PURBA MEDINIPUR,CONTAI-I,RAIPUR-PASCHIMBARH,"doi:10.7910/DVN/ZHF9WC datafile 10396546 (r3-all-2018.csv.gz, md5 fd3487254ae01b22b999d6425fa62309)"
2018,PURBA MEDINIPUR,CONTAI-I,SABAJPUT,"doi:10.7910/DVN/ZHF9WC datafile 10396546 (r3-all-2018.csv.gz, md5 fd3487254ae01b22b999d6425fa62309)"
2018,PURBA MEDINIPUR,CONTAI-III,BHAJACHAULI,"doi:10.7910/DVN/ZHF9WC datafile 10396546 (r3-all-2018.csv.gz, md5 fd3487254ae01b22b999d6425fa62309)"
2018,PURBA MEDINIPUR,CONTAI-III,DEBENDRA,"doi:10.7910/DVN/ZHF9WC datafile 10396546 (r3-all-2018.csv.gz, md5 fd3487254ae01b22b999d6425fa62309)"
2018,PURBA MEDINIPUR,CONTAI-III,DURMUTH,"doi:10.7910/DVN/ZHF9WC datafile 10396546 (r3-all-2018.csv.gz, md5 fd3487254ae01b22b999d6425fa62309)"
2018,PURBA MEDINIPUR,CONTAI-III,KANAIDIGHI,"doi:10.7910/DVN/ZHF9WC datafile 10396546 (r3-all-2018.csv.gz, md5 fd3487254ae01b22b999d6425fa62309)"
2018,PURBA MEDINIPUR,CONTAI-III,KUMIRDA,"doi:10.7910/DVN/ZHF9WC datafile 10396546 (r3-all-2018.csv.gz, md5 fd3487254ae01b22b999d6425fa62309)"
2018,PURBA MEDINIPUR,CONTAI-III,KUSUMPUR,"doi:10.7910/DVN/ZHF9WC datafile 10396546 (r3-all-2018.csv.gz, md5 fd3487254ae01b22b999d6425fa62309)"
2018,PURBA MEDINIPUR,CONTAI-III,LAUDA,"doi:10.7910/DVN/ZHF9WC datafile 10396546 (r3-all-2018.csv.gz, md5 fd3487254ae01b22b999d6425fa62309)"
2018,PURBA MEDINIPUR,CONTAI-III,MARISDA,"doi:10.7910/DVN/ZHF9WC datafile 10396546 (r3-all-2018.csv.gz, md5 fd3487254ae01b22b999d6425fa62309)"
2018,COOCHBEHAR,COOCH BEHAR II,AMBARI,"doi:10.7910/DVN/ZHF9WC datafile 10396546 (r3-all-2018.csv.gz, md5 fd3487254ae01b22b999d6425fa62309)"
2018,COOCHBEHAR,COOCH BEHAR II,BANESWAR,"doi:10.7910/DVN/ZHF9WC datafile 10396546 (r3-all-2018.csv.gz, md5 fd3487254ae01b22b999d6425fa62309)"
2018,COOCHBEHAR,COOCH BEHAR II,BARARANGRAS,"doi:10.7910/DVN/ZHF9WC datafile 10396546 (r3-all-2018.csv.gz, md5 fd3487254ae01b22b999d6425fa62309)"
2018,COOCHBEHAR,COOCH BEHAR II,CHAKCHAKA,"doi:10.7910/DVN/ZHF9WC datafile 10396546 (r3-all-2018.csv.gz, md5 fd3487254ae01b22b999d6425fa62309)"
2018,COOCHBEHAR,COOCH BEHAR II,DHANGDHINGURI,"doi:10.7910/DVN/ZHF9WC datafile 10396546 (r3-all-2018.csv.gz, md5 fd3487254ae01b22b999d6425fa62309)"
2018,COOCHBEHAR,COOCH BEHAR II,GOPALPUR,"doi:10.7910/DVN/ZHF9WC datafile 10396546 (r3-all-2018.csv.gz, md5 fd3487254ae01b22b999d6425fa62309)"
2018,COOCHBEHAR,COOCH BEHAR II,KHAGRABARI,"doi:10.7910/DVN/ZHF9WC datafile 10396546 (r3-all-2018.csv.gz, md5 fd3487254ae01b22b999d6425fa62309)"
2018,COOCHBEHAR,COOCH BEHAR II,KHAPAIDANGA,"doi:10.7910/DVN/ZHF9WC datafile 10396546 (r3-all-2018.csv.gz, md5 fd3487254ae01b22b999d6425fa62309)"
2018,COOCHBEHAR,COOCH BEHAR II,MADHUPUR,"doi:10.7910/DVN/ZHF9WC datafile 10396546 (r3-all-2018.csv.gz, md5 fd3487254ae01b22b999d6425fa62309)"
2018,COOCHBEHAR,COOCH BEHAR II,MARICHBARI-KHOLTA,"doi:10.7910/DVN/ZHF9WC datafile 10396546 (r3-all-2018.csv.gz, md5 fd3487254ae01b22b999d6425fa62309)"
2018,COOCHBEHAR,COOCH BEHAR II,PATLAKHAWA,"doi:10.7910/DVN/ZHF9WC datafile 10396546 (r3-all-2018.csv.gz, md5 fd3487254ae01b22b999d6425fa62309)"
2018,COOCHBEHAR,COOCH BEHAR II,PUNDIBARI,"doi:10.7910/DVN/ZHF9WC datafile 10396546 (r3-all-2018.csv.gz, md5 fd3487254ae01b22b999d6425fa62309)"
2018,COOCHBEHAR,COOCH BEHAR II,TAKAGACHH-RAJARHAT,"doi:10.7910/DVN/ZHF9WC datafile 10396546 (r3-all-2018.csv.gz, md5 fd3487254ae01b22b999d6425fa62309)"
2018,COOCHBEHAR,COOCH BEHAR-I,CHANDAMARI,"doi:10.7910/DVN/ZHF9WC datafile 10396546 (r3-all-2018.csv.gz, md5 fd3487254ae01b22b999d6425fa62309)"
2018,COOCHBEHAR,COOCH BEHAR-I,CHILKIRHAT,"doi:10.7910/DVN/ZHF9WC datafile 10396546 (r3-all-2018.csv.gz, md5 fd3487254ae01b22b999d6425fa62309)"
2018,COOCHBEHAR,COOCH BEHAR-I,DAUAGURI,"doi:10.7910/DVN/ZHF9WC datafile 10396546 (r3-all-2018.csv.gz, md5 fd3487254ae01b22b999d6425fa62309)"
2018,COOCHBEHAR,COOCH BEHAR-I,DEOANHAT,"doi:10.7910/DVN/ZHF9WC datafile 10396546 (r3-all-2018.csv.gz, md5 fd3487254ae01b22b999d6425fa62309)"
2018,COOCHBEHAR,COOCH BEHAR-I,FALMARI,"doi:10.7910/DVN/ZHF9WC datafile 10396546 (r3-all-2018.csv.gz, md5 fd3487254ae01b22b999d6425fa62309)"
2018,COOCHBEHAR,COOCH BEHAR-I,GHUGHUMARI,"doi:10.7910/DVN/ZHF9WC datafile 10396546 (r3-all-2018.csv.gz, md5 fd3487254ae01b22b999d6425fa62309)"
2018,COOCHBEHAR,COOCH BEHAR-I,GURIAHATI-I,"doi:10.7910/DVN/ZHF9WC datafile 10396546 (r3-all-2018.csv.gz, md5 fd3487254ae01b22b999d6425fa62309)"
2018,COOCHBEHAR,COOCH BEHAR-I,GURIAHATI-II,"doi:10.7910/DVN/ZHF9WC datafile 10396546 (r3-all-2018.csv.gz, md5 fd3487254ae01b22b999d6425fa62309)"
2018,COOCHBEHAR,COOCH BEHAR-I,HARIBHANGA,"doi:10.7910/DVN/ZHF9WC datafile 10396546 (r3-all-2018.csv.gz, md5 fd3487254ae01b22b999d6425fa62309)"
2018,COOCHBEHAR,COOCH BEHAR-I,JIRANPUR,"doi:10.7910/DVN/ZHF9WC datafile 10396546 (r3-all-2018.csv.gz, md5 fd3487254ae01b22b999d6425fa62309)"
2018,COOCHBEHAR,COOCH BEHAR-I,MOYAMARI,"doi:10.7910/DVN/ZHF9WC datafile 10396546 (r3-all-2018.csv.gz, md5 fd3487254ae01b22b999d6425fa62309)"
2018,COOCHBEHAR,COOCH BEHAR-I,PANISALA,"doi:10.7910/DVN/ZHF9WC datafile 10396546 (r3-all-2018.csv.gz, md5 fd3487254ae01b22b999d6425fa62309)"
2018,COOCHBEHAR,COOCH BEHAR-I,PATCHHARA,"doi:10.7910/DVN/ZHF9WC datafile 10396546 (r3-all-2018.csv.gz, md5 fd3487254ae01b22b999d6425fa62309)"
2018,COOCHBEHAR,COOCH BEHAR-I,PUTIMARI-FULESWARI,"doi:10.7910/DVN/ZHF9WC datafile 10396546 (r3-all-2018.csv.gz, md5 fd3487254ae01b22b999d6425fa62309)"
2018,COOCHBEHAR,COOCH BEHAR-I,SUTKABARI,"doi:10.7910/DVN/ZHF9WC datafile 10396546 (r3-all-2018.csv.gz, md5 fd3487254ae01b22b999d6425fa62309)"
2018,PASCHIM MEDINIPUR,DANTAN-I,AINKOLA,"doi:10.7910/DVN/ZHF9WC datafile 10396546 (r3-all-2018.csv.gz, md5 fd3487254ae01b22b999d6425fa62309)"
2018,PASCHIM MEDINIPUR,DANTAN-I,ALIKOSHA,"doi:10.7910/DVN/ZHF9WC datafile 10396546 (r3-all-2018.csv.gz, md5 fd3487254ae01b22b999d6425fa62309)"
2018,PASCHIM MEDINIPUR,DANTAN-I,ANGUA,"doi:10.7910/DVN/ZHF9WC datafile 10396546 (r3-all-2018.csv.gz, md5 fd3487254ae01b22b999d6425fa62309)"
2018,PASCHIM MEDINIPUR,DANTAN-I,CHAKISMAILPUR,"doi:10.7910/DVN/ZHF9WC datafile 10396546 (r3-all-2018.csv.gz, md5 fd3487254ae01b22b999d6425fa62309)"
2018,PASCHIM MEDINIPUR,DANTAN-I,DANTAN-I,"doi:10.7910/DVN/ZHF9WC datafile 10396546 (r3-all-2018.csv.gz, md5 fd3487254ae01b22b999d6425fa62309)"
2018,PASCHIM MEDINIPUR,DANTAN-I,DATAN-II,"doi:10.7910/DVN/ZHF9WC datafile 10396546 (r3-all-2018.csv.gz, md5 fd3487254ae01b22b999d6425fa62309)"
2018,PASCHIM MEDINIPUR,DANTAN-I,MONOHARPUR,"doi:10.7910/DVN/ZHF9WC datafile 10396546 (r3-all-2018.csv.gz, md5 fd3487254ae01b22b999d6425fa62309)"
2018,PASCHIM MEDINIPUR,DANTAN-I,SALIKOTHA,"doi:10.7910/DVN/ZHF9WC datafile 10396546 (r3-all-2018.csv.gz, md5 fd3487254ae01b22b999d6425fa62309)"
2018,PASCHIM MEDINIPUR,DANTAN-I,TARURUI,"doi:10.7910/DVN/ZHF9WC datafile 10396546 (r3-all-2018.csv.gz, md5 fd3487254ae01b22b999d6425fa62309)"
2018,PASCHIM MEDINIPUR,DANTAN-II,HARIPUR,"doi:10.7910/DVN/ZHF9WC datafile 10396546 (r3-all-2018.csv.gz, md5 fd3487254ae01b22b999d6425fa62309)"
2018,PASCHIM MEDINIPUR,DANTAN-II,JENKAPUR,"doi:10.7910/DVN/ZHF9WC datafile 10396546 (r3-all-2018.csv.gz, md5 fd3487254ae01b22b999d6425fa62309)"
2018,PASCHIM MEDINIPUR,DANTAN-II,POROLDA,"doi:10.7910/DVN/ZHF9WC datafile 10396546 (r3-all-2018.csv.gz, md5 fd3487254ae01b22b999d6425fa62309)"
2018,PASCHIM MEDINIPUR,DANTAN-II,SABRA,"doi:10.7910/DVN/ZHF9WC datafile 10396546 (r3-all-2018.csv.gz, md5 fd3487254ae01b22b999d6425fa62309)"
2018,PASCHIM MEDINIPUR,DANTAN-II,SAURIKOTBAR,"doi:10.7910/DVN/ZHF9WC datafile 10396546 (r3-all-2018.csv.gz, md5 fd3487254ae01b22b999d6425fa62309)"
2018,PASCHIM MEDINIPUR,DANTAN-II,TALDA,"doi:10.7910/DVN/ZHF9WC datafile 10396546 (r3-all-2018.csv.gz, md5 fd3487254ae01b22b999d6425fa62309)"
2018,PASCHIM MEDINIPUR,DANTAN-II,TURKA,"doi:10.7910/DVN/ZHF9WC datafile 10396546 (r3-all-2018.csv.gz, md5 fd3487254ae01b22b999d6425fa62309)"
2018,Darjeeling Gorkha Hill Council (DGHC),DARJEELING PULBAZAR,BADAMTAM,"doi:10.7910/DVN/ZHF9WC datafile 10396546 (r3-all-2018.csv.gz, md5 fd3487254ae01b22b999d6425fa62309)"
2018,Darjeeling Gorkha Hill Council (DGHC),DARJEELING PULBAZAR,BIJANBARI-PULBAZAR,"doi:10.7910/DVN/ZHF9WC datafile 10396546 (r3-all-2018.csv.gz, md5 fd3487254ae01b22b999d6425fa62309)"
2018,Darjeeling Gorkha Hill Council (DGHC),DARJEELING PULBAZAR,CHUNGTONG,"doi:10.7910/DVN/ZHF9WC datafile 10396546 (r3-all-2018.csv.gz, md5 fd3487254ae01b22b999d6425fa62309)"
2018,Darjeeling Gorkha Hill Council (DGHC),DARJEELING PULBAZAR,DADAIPANI,"doi:10.7910/DVN/ZHF9WC datafile 10396546 (r3-all-2018.csv.gz, md5 fd3487254ae01b22b999d6425fa62309)"
2018,Darjeeling Gorkha Hill Council (DGHC),DARJEELING PULBAZAR,DARJEELING-I,"doi:10.7910/DVN/ZHF9WC datafile 10396546 (r3-all-2018.csv.gz, md5 fd3487254ae01b22b999d6425fa62309)"
2018,Darjeeling Gorkha Hill Council (DGHC),DARJEELING PULBAZAR,DARJEELING-II,"doi:10.7910/DVN/ZHF9WC datafile 10396546 (r3-all-2018.csv.gz, md5 fd3487254ae01b22b999d6425fa62309)"
2018,Darjeeling Gorkha Hill Council (DGHC),DARJEELING PULBAZAR,GOKE-I,"doi:10.7910/DVN/ZHF9WC datafile 10396546 (r3-all-2018.csv.gz, md5 fd3487254ae01b22b999d6425fa62309)"
2018,Darjeeling Gorkha Hill Council (DGHC),DARJEELING PULBAZAR,GOKE-II,"doi:10.7910/DVN/ZHF9WC datafile 10396546 (r3-all-2018.csv.gz, md5 fd3487254ae01b22b999d6425fa62309)"
2018,Darjeeling Gorkha Hill Council (DGHC),DARJEELING PULBAZAR,JHEPI,"doi:10.7910/DVN/ZHF9WC datafile 10396546 (r3-all-2018.csv.gz, md5 fd3487254ae01b22b999d6425fa62309)"
2018,Darjeeling Gorkha Hill Council (DGHC),DARJEELING PULBAZAR,KAIJALIA,"doi:10.7910/DVN/ZHF9WC datafile 10396546 (r3-all-2018.csv.gz, md5 fd3487254ae01b22b999d6425fa62309)"
2018,Darjeeling Gorkha Hill Council (DGHC),DARJEELING PULBAZAR,LEBONG VALLEY-I,"doi:10.7910/DVN/ZHF9WC datafile 10396546 (r3-all-2018.csv.gz, md5 fd3487254ae01b22b999d6425fa62309)"
2018,Darjeeling Gorkha Hill Council (DGHC),DARJEELING PULBAZAR,LEBONG VALLEY-II,"doi:10.7910/DVN/ZHF9WC datafile 10396546 (r3-all-2018.csv.gz, md5 fd3487254ae01b22b999d6425fa62309)"
2018,Darjeeling Gorkha Hill Council (DGHC),DARJEELING PULBAZAR,LODHOMA-I,"doi:10.7910/DVN/ZHF9WC datafile 10396546 (r3-all-2018.csv.gz, md5 fd3487254ae01b22b999d6425fa62309)"
2018,Darjeeling Gorkha Hill Council (DGHC),DARJEELING PULBAZAR,LODHOMA-II,"doi:10.7910/DVN/ZHF9WC datafile 10396546 (r3-all-2018.csv.gz, md5 fd3487254ae01b22b999d6425fa62309)"
2018,Darjeeling Gorkha Hill Council (DGHC),DARJEELING PULBAZAR,MAZUWA,"doi:10.7910/DVN/ZHF9WC datafile 10396546 (r3-all-2018.csv.gz, md5 fd3487254ae01b22b999d6425fa62309)"
2018,Darjeeling Gorkha Hill Council (DGHC),DARJEELING PULBAZAR,NAYANOR,"doi:10.7910/DVN/ZHF9WC datafile 10396546 (r3-all-2018.csv.gz, md5 fd3487254ae01b22b999d6425fa62309)"
2018,Darjeeling Gorkha Hill Council (DGHC),DARJEELING PULBAZAR,RANGIT-I,"doi:10.7910/DVN/ZHF9WC datafile 10396546 (r3-all-2018.csv.gz, md5 fd3487254ae01b22b999d6425fa62309)"
2018,Darjeeling Gorkha Hill Council (DGHC),DARJEELING PULBAZAR,RANGIT-II,"doi:10.7910/DVN/ZHF9WC datafile 10396546 (r3-all-2018.csv.gz, md5 fd3487254ae01b22b999d6425fa62309)"
2018,Darjeeling Gorkha Hill Council (DGHC),DARJEELING PULBAZAR,RELLING,"doi:10.7910/DVN/ZHF9WC datafile 10396546 (r3-all-2018.csv.gz, md5 fd3487254ae01b22b999d6425fa62309)"
2018,Darjeeling Gorkha Hill Council (DGHC),DARJEELING PULBAZAR,RIMBIK,"doi:10.7910/DVN/ZHF9WC datafile 10396546 (r3-all-2018.csv.gz, md5 fd3487254ae01b22b999d6425fa62309)"
2018,Darjeeling Gorkha Hill Council (DGHC),DARJEELING PULBAZAR,RISHIRHATBLOOM FIELD,"doi:10.7910/DVN/ZHF9WC datafile 10396546 (r3-all-2018.csv.gz, md5 fd3487254ae01b22b999d6425fa62309)"
2018,Darjeeling Gorkha Hill Council (DGHC),DARJEELING PULBAZAR,SINGTAMN SOOM,"doi:10.7910/DVN/ZHF9WC datafile 10396546 (r3-all-2018.csv.gz, md5 fd3487254ae01b22b999d6425fa62309)"
2018,Darjeeling Gorkha Hill Council (DGHC),DARJEELING PULBAZAR,SIRIKHOLA-DARAGAON,"doi:10.7910/DVN/ZHF9WC datafile 10396546 (r3-all-2018.csv.gz, md5 fd3487254ae01b22b999d6425fa62309)"
2018,PASCHIM MEDINIPUR,DASPUR-I,BASUDEVPUR,"doi:10.7910/DVN/ZHF9WC datafile 10396546 (r3-all-2018.csv.gz, md5 fd3487254ae01b22b999d6425fa62309)"
2018,PASCHIM MEDINIPUR,DASPUR-I,DASPUR-I,"doi:10.7910/DVN/ZHF9WC datafile 10396546 (r3-all-2018.csv.gz, md5 fd3487254ae01b22b999d6425fa62309)"
2018,PASCHIM MEDINIPUR,DASPUR-I,DASPUR-II,"doi:10.7910/DVN/ZHF9WC datafile 10396546 (r3-all-2018.csv.gz, md5 fd3487254ae01b22b999d6425fa62309)"
2018,PASCHIM MEDINIPUR,DASPUR-I,NANDANPUR-I,"doi:10.7910/DVN/ZHF9WC datafile 10396546 (r3-all-2018.csv.gz, md5 fd3487254ae01b22b999d6425fa62309)"
2018,PASCHIM MEDINIPUR,DASPUR-I,NANDANPUR-II,"doi:10.7910/DVN/ZHF9WC datafile 10396546 (r3-all-2018.csv.gz, md5 fd3487254ae01b22b999d6425fa62309)"
2018,PASCHIM MEDINIPUR,DASPUR-I,NIZNARAJOL,"doi:10.7910/DVN/ZHF9WC datafile 10396546 (r3-all-2018.csv.gz, md5 fd3487254ae01b22b999d6425fa62309)"
2018,PASCHIM MEDINIPUR,DASPUR-I,PANCHBERIA,"doi:10.7910/DVN/ZHF9WC datafile 10396546 (r3-all-2018.csv.gz, md5 fd3487254ae01b22b999d6425fa62309)"
2018,PASCHIM MEDINIPUR,DASPUR-I,RAJNAGAR,"doi:10.7910/DVN/ZHF9WC datafile 10396546 (r3-all-2018.csv.gz, md5 fd3487254ae01b22b999d6425fa62309)"
2018,PASCHIM MEDINIPUR,DASPUR-I,SARBERIA-I,"doi:10.7910/DVN/ZHF9WC datafile 10396546 (r3-all-2018.csv.gz, md5 fd3487254ae01b22b999d6425fa62309)"
2018,PASCHIM MEDINIPUR,DASPUR-I,SARBERIA-II,"doi:10.7910/DVN/ZHF9WC datafile 10396546 (r3-all-2018.csv.gz, md5 fd3487254ae01b22b999d6425fa62309)"
2018,PASCHIM MEDINIPUR,DASPUR-II,BENAI,"doi:10.7910/DVN/ZHF9WC datafile 10396546 (r3-all-2018.csv.gz, md5 fd3487254ae01b22b999d6425fa62309)"
2018,PASCHIM MEDINIPUR,DASPUR-II,CHAIPAT,"doi:10.7910/DVN/ZHF9WC datafile 10396546 (r3-all-2018.csv.gz, md5 fd3487254ae01b22b999d6425fa62309)"
2018,PASCHIM MEDINIPUR,DASPUR-II,DUDHKOMRA,"doi:10.7910/DVN/ZHF9WC datafile 10396546 (r3-all-2018.csv.gz, md5 fd3487254ae01b22b999d6425fa62309)"
2018,PASCHIM MEDINIPUR,DASPUR-II,GOCHHATI,"doi:10.7910/DVN/ZHF9WC datafile 10396546 (r3-all-2018.csv.gz, md5 fd3487254ae01b22b999d6425fa62309)"
2018,PASCHIM MEDINIPUR,DASPUR-II,GOURA,"doi:10.7910/DVN/ZHF9WC datafile 10396546 (r3-all-2018.csv.gz, md5 fd3487254ae01b22b999d6425fa62309)"
2018,PASCHIM MEDINIPUR,DASPUR-II,JYOTGHANASHYAM,"doi:10.7910/DVN/ZHF9WC datafile 10396546 (r3-all-2018.csv.gz, md5 fd3487254ae01b22b999d6425fa62309)"
2018,PASCHIM MEDINIPUR,DASPUR-II,KAMALPUR,"doi:10.7910/DVN/ZHF9WC datafile 10396546 (r3-all-2018.csv.gz, md5 fd3487254ae01b22b999d6425fa62309)"
2018,PASCHIM MEDINIPUR,DASPUR-II,KHANJAPUR,"doi:10.7910/DVN/ZHF9WC datafile 10396546 (r3-all-2018.csv.gz, md5 fd3487254ae01b22b999d6425fa62309)"
2018,PASCHIM MEDINIPUR,DASPUR-II,KHEPUTDAKSHNIBARH,"doi:10.7910/DVN/ZHF9WC datafile 10396546 (r3-all-2018.csv.gz, md5 fd3487254ae01b22b999d6425fa62309)"
2018,PASCHIM MEDINIPUR,DASPUR-II,KHUKURDAHA,"doi:10.7910/DVN/ZHF9WC datafile 10396546 (r3-all-2018.csv.gz, md5 fd3487254ae01b22b999d6425fa62309)"
2018,PASCHIM MEDINIPUR,DASPUR-II,NISHCHINTAPUR,"doi:10.7910/DVN/ZHF9WC datafile 10396546 (r3-all-2018.csv.gz, md5 fd3487254ae01b22b999d6425fa62309)"
2018,PASCHIM MEDINIPUR,DASPUR-II,PALASHPAI,"doi:10.7910/DVN/ZHF9WC datafile 10396546 (r3-all-2018.csv.gz, md5 fd3487254ae01b22b999d6425fa62309)"
2018,PASCHIM MEDINIPUR,DASPUR-II,RANICHAK,"doi:10.7910/DVN/ZHF9WC datafile 10396546 (r3-all-2018.csv.gz, md5 fd3487254ae01b22b999d6425fa62309)"
2018,PASCHIM MEDINIPUR,DASPUR-II,SAHACHAK,"doi:10.7910/DVN/ZHF9WC datafile 10396546 (r3-all-2018.csv.gz, md5 fd3487254ae01b22b999d6425fa62309)"
2018,PASCHIM MEDINIPUR,DEBRA,BHABANIPUR,"doi:10.7910/DVN/ZHF9WC datafile 10396546 (r3-all-2018.csv.gz, md5 fd3487254ae01b22b999d6425fa62309)"
2018,PASCHIM MEDINIPUR,DEBRA,BHARATPUR,"doi:10.7910/DVN/ZHF9WC datafile 10396546 (r3-all-2018.csv.gz, md5 fd3487254ae01b22b999d6425fa62309)"
2018,PASCHIM MEDINIPUR,DEBRA,DEBRA-I,"doi:10.7910/DVN/ZHF9WC datafile 10396546 (r3-all-2018.csv.gz, md5 fd3487254ae01b22b999d6425fa62309)"
2018,PASCHIM MEDINIPUR,DEBRA,DEBRA-II,"doi:10.7910/DVN/ZHF9WC datafile 10396546 (r3-all-2018.csv.gz, md5 fd3487254ae01b22b999d6425fa62309)"
2018,PASCHIM MEDINIPUR,DEBRA,DUAN-I,"doi:10.7910/DVN/ZHF9WC datafile 10396546 (r3-all-2018.csv.gz, md5 fd3487254ae01b22b999d6425fa62309)"
2018,PASCHIM MEDINIPUR,DEBRA,DUAN-II,"doi:10.7910/DVN/ZHF9WC datafile 10396546 (r3-all-2018.csv.gz, md5 fd3487254ae01b22b999d6425fa62309)"
2018,PASCHIM MEDINIPUR,DEBRA,GOLGRAM,"doi:10.7910/DVN/ZHF9WC datafile 10396546 (r3-all-2018.csv.gz, md5 fd3487254ae01b22b999d6425fa62309)"
2018,PASCHIM MEDINIPUR,DEBRA,JALIMANDA,"doi:10.7910/DVN/ZHF9WC datafile 10396546 (r3-all-2018.csv.gz, md5 fd3487254ae01b22b999d6425fa62309)"
2018,PASCHIM MEDINIPUR,DEBRA,KHANAMOHAN,"doi:10.7910/DVN/ZHF9WC datafile 10396546 (r3-all-2018.csv.gz, md5 fd3487254ae01b22b999d6425fa62309)"
2018,PASCHIM MEDINIPUR,DEBRA,MALIGHATI,"doi:10.7910/DVN/ZHF9WC datafile 10396546 (r3-all-2018.csv.gz, md5 fd3487254ae01b22b999d6425fa62309)"
2018,PASCHIM MEDINIPUR,DEBRA,RADHAMOHANPUR-I,"doi:10.7910/DVN/ZHF9WC datafile 10396546 (r3-all-2018.csv.gz, md5 fd3487254ae01b22b999d6425fa62309)"
2018,PASCHIM MEDINIPUR,DEBRA,RADHAMOHANPUR-II,"doi:10.7910/DVN/ZHF9WC datafile 10396546 (r3-all-2018.csv.gz, md5 fd3487254ae01b22b999d6425fa62309)"
2018,PASCHIM MEDINIPUR,DEBRA,SATYAPUR,"doi:10.7910/DVN/ZHF9WC datafile 10396546 (r3-all-2018.csv.gz, md5 fd3487254ae01b22b999d6425fa62309)"
2018,PASCHIM MEDINIPUR,DEBRA,SNARPUR-LOYADA,"doi:10.7910/DVN/ZHF9WC datafile 10396546 (r3-all-2018.csv.gz, md5 fd3487254ae01b22b999d6425fa62309)"
2018,24 PARGANAS (NORTH),DEGANGA,AMULIA,"doi:10.7910/DVN/ZHF9WC datafile 10396546 (r3-all-2018.csv.gz, md5 fd3487254ae01b22b999d6425fa62309)"
2018,24 PARGANAS (NORTH),DEGANGA,BERACHAMPA-I,"doi:10.7910/DVN/ZHF9WC datafile 10396546 (r3-all-2018.csv.gz, md5 fd3487254ae01b22b999d6425fa62309)"
2018,24 PARGANAS (NORTH),DEGANGA,BERACHAMPA-II,"doi:10.7910/DVN/ZHF9WC datafile 10396546 (r3-all-2018.csv.gz, md5 fd3487254ae01b22b999d6425fa62309)"
2018,24 PARGANAS (NORTH),DEGANGA,CHAKLA,"doi:10.7910/DVN/ZHF9WC datafile 10396546 (r3-all-2018.csv.gz, md5 fd3487254ae01b22b999d6425fa62309)"
2018,24 PARGANAS (NORTH),DEGANGA,CHAMPATALA,"doi:10.7910/DVN/ZHF9WC datafile 10396546 (r3-all-2018.csv.gz, md5 fd3487254ae01b22b999d6425fa62309)"
2018,24 PARGANAS (NORTH),DEGANGA,CHAURASI,"doi:10.7910/DVN/ZHF9WC datafile 10396546 (r3-all-2018.csv.gz, md5 fd3487254ae01b22b999d6425fa62309)"
2018,24 PARGANAS (NORTH),DEGANGA,DEGANGA-I,"doi:10.7910/DVN/ZHF9WC datafile 10396546 (r3-all-2018.csv.gz, md5 fd3487254ae01b22b999d6425fa62309)"
2018,24 PARGANAS (NORTH),DEGANGA,DEGANGA-II,"doi:10.7910/DVN/ZHF9WC datafile 10396546 (r3-all-2018.csv.gz, md5 fd3487254ae01b22b999d6425fa62309)"
2018,24 PARGANAS (NORTH),DEGANGA,HADIPUR JHIKRA-I,"doi:10.7910/DVN/ZHF9WC datafile 10396546 (r3-all-2018.csv.gz, md5 fd3487254ae01b22b999d6425fa62309)"
2018,24 PARGANAS (NORTH),DEGANGA,HADIPUR JHIKRA-II,"doi:10.7910/DVN/ZHF9WC datafile 10396546 (r3-all-2018.csv.gz, md5 fd3487254ae01b22b999d6425fa62309)"
2018,24 PARGANAS (NORTH),DEGANGA,KOLSUR,"doi:10.7910/DVN/ZHF9WC datafile 10396546 (r3-all-2018.csv.gz, md5 fd3487254ae01b22b999d6425fa62309)"
2018,24 PARGANAS (NORTH),DEGANGA,NURNAGAR,"doi:10.7910/DVN/ZHF9WC datafile 10396546 (r3-all-2018.csv.gz, md5 fd3487254ae01b22b999d6425fa62309)"
2018,24 PARGANAS (NORTH),DEGANGA,SOHAI-SWETPUR,"doi:10.7910/DVN/ZHF9WC datafile 10396546 (r3-all-2018.csv.gz, md5 fd3487254ae01b22b999d6425fa62309)"
2018,PURBA MEDINIPUR,DESHAPRAN,AMTALIA,"doi:10.7910/DVN/ZHF9WC datafile 10396546 (r3-all-2018.csv.gz, md5 fd3487254ae01b22b999d6425fa62309)"
2018,PURBA MEDINIPUR,DESHAPRAN,AURAI,"doi:10.7910/DVN/ZHF9WC datafile 10396546 (r3-all-2018.csv.gz, md5 fd3487254ae01b22b999d6425fa62309)"
2018,PURBA MEDINIPUR,DESHAPRAN,BAMUNIA,"doi:10.7910/DVN/ZHF9WC datafile 10396546 (r3-all-2018.csv.gz, md5 fd3487254ae01b22b999d6425fa62309)"
2018,PURBA MEDINIPUR,DESHAPRAN,BASANTIA,"doi:10.7910/DVN/ZHF9WC datafile 10396546 (r3-all-2018.csv.gz, md5 fd3487254ae01b22b999d6425fa62309)"
2018,PURBA MEDINIPUR,DESHAPRAN,CHALTI,"doi:10.7910/DVN/ZHF9WC datafile 10396546 (r3-all-2018.csv.gz, md5 fd3487254ae01b22b999d6425fa62309)"
2018,PURBA MEDINIPUR,DESHAPRAN,DARIAPUR,"doi:10.7910/DVN/ZHF9WC datafile 10396546 (r3-all-2018.csv.gz, md5 fd3487254ae01b22b999d6425fa62309)"
2018,PURBA MEDINIPUR,DESHAPRAN,DHOBABERIA,"doi:10.7910/DVN/ZHF9WC datafile 10396546 (r3-all-2018.csv.gz, md5 fd3487254ae01b22b999d6425fa62309)"
2018,PURBA MEDINIPUR,DESHAPRAN,SARADA,"doi:10.7910/DVN/ZHF9WC datafile 10396546 (r3-all-2018.csv.gz, md5 fd3487254ae01b22b999d6425fa62309)"
2018,HOOGHLY,DHANIAKHALI,BELMURI,"doi:10.7910/DVN/ZHF9WC datafile 10396546 (r3-all-2018.csv.gz, md5 fd3487254ae01b22b999d6425fa62309)"
2018,HOOGHLY,DHANIAKHALI,BHANDARHATI-I,"doi:10.7910/DVN/ZHF9WC datafile 10396546 (r3-all-2018.csv.gz, md5 fd3487254ae01b22b999d6425fa62309)"
2018,HOOGHLY,DHANIAKHALI,BHANDARHATI-II,"doi:10.7910/DVN/ZHF9WC datafile 10396546 (r3-all-2018.csv.gz, md5 fd3487254ae01b22b999d6425fa62309)"
2018,HOOGHLY,DHANIAKHALI,BHASTARA,"doi:10.7910/DVN/ZHF9WC datafile 10396546 (r3-all-2018.csv.gz, md5 fd3487254ae01b22b999d6425fa62309)"
2018,HOOGHLY,DHANIAKHALI,DASHGHARA-I,"doi:10.7910/DVN/ZHF9WC datafile 10396546 (r3-all-2018.csv.gz, md5 fd3487254ae01b22b999d6425fa62309)"
2018,HOOGHLY,DHANIAKHALI,DASHGHARA-II,"doi:10.7910/DVN/ZHF9WC datafile 10396546 (r3-all-2018.csv.gz, md5 fd3487254ae01b22b999d6425fa62309)"
2018,HOOGHLY,DHANIAKHALI,DHANEKHALI-I,"doi:10.7910/DVN/ZHF9WC datafile 10396546 (r3-all-2018.csv.gz, md5 fd3487254ae01b22b999d6425fa62309)"
2018,HOOGHLY,DHANIAKHALI,DHANEKHALI-II,"doi:10.7910/DVN/ZHF9WC datafile 10396546 (r3-all-2018.csv.gz, md5 fd3487254ae01b22b999d6425fa62309)"
2018,HOOGHLY,DHANIAKHALI,GOPINATHPUR-I,"doi:10.7910/DVN/ZHF9WC datafile 10396546 (r3-all-2018.csv.gz, md5 fd3487254ae01b22b999d6425fa62309)"
2018,HOOGHLY,DHANIAKHALI,GOPINATHPUR-II,"doi:10.7910/DVN/ZHF9WC datafile 10396546 (r3-all-2018.csv.gz, md5 fd3487254ae01b22b999d6425fa62309)"
2018,HOOGHLY,DHANIAKHALI,GUDUBARI-I,"doi:10.7910/DVN/ZHF9WC datafile 10396546 (r3-all-2018.csv.gz, md5 fd3487254ae01b22b999d6425fa62309)"
2018,HOOGHLY,DHANIAKHALI,GUDUBARI-II,"doi:10.7910/DVN/ZHF9WC datafile 10396546 (r3-all-2018.csv.gz, md5 fd3487254ae01b22b999d6425fa62309)"
2018,HOOGHLY,DHANIAKHALI,GURAP,"doi:10.7910/DVN/ZHF9WC datafile 10396546 (r3-all-2018.csv.gz, md5 fd3487254ae01b22b999d6425fa62309)"
2018,HOOGHLY,DHANIAKHALI,KHAJUDAHAMILKI,"doi:10.7910/DVN/ZHF9WC datafile 10396546 (r3-all-2018.csv.gz, md5 fd3487254ae01b22b999d6425fa62309)"
2018,HOOGHLY,DHANIAKHALI,MANDRA,"doi:10.7910/DVN/ZHF9WC datafile 10396546 (r3-all-2018.csv.gz, md5 fd3487254ae01b22b999d6425fa62309)"
2018,HOOGHLY,DHANIAKHALI,PERAMBUASAHABAZAR,"doi:10.7910/DVN/ZHF9WC datafile 10396546 (r3-all-2018.csv.gz, md5 fd3487254ae01b22b999d6425fa62309)"
2018,HOOGHLY,DHANIAKHALI,SOMASPUR-I,"doi:10.7910/DVN/ZHF9WC datafile 10396546 (r3-all-2018.csv.gz, md5 fd3487254ae01b22b999d6425fa62309)"
2018,HOOGHLY,DHANIAKHALI,SOMASPUR-II,"doi:10.7910/DVN/ZHF9WC datafile 10396546 (r3-all-2018.csv.gz, md5 fd3487254ae01b22b999d6425fa62309)"
2018,JALPAIGURI,DHUPGURI,BANARHAT-I,"doi:10.7910/DVN/ZHF9WC datafile 10396546 (r3-all-2018.csv.gz, md5 fd3487254ae01b22b999d6425fa62309)"
2018,JALPAIGURI,DHUPGURI,BANARHAT-II,"doi:10.7910/DVN/ZHF9WC datafile 10396546 (r3-all-2018.csv.gz, md5 fd3487254ae01b22b999d6425fa62309)"
2018,JALPAIGURI,DHUPGURI,BAROGHARIA,"doi:10.7910/DVN/ZHF9WC datafile 10396546 (r3-all-2018.csv.gz, md5 fd3487254ae01b22b999d6425fa62309)"
2018,JALPAIGURI,DHUPGURI,BINNAGURI,"doi:10.7910/DVN/ZHF9WC datafile 10396546 (r3-all-2018.csv.gz, md5 fd3487254ae01b22b999d6425fa62309)"
2018,JALPAIGURI,DHUPGURI,CHAMURCHI,"doi:10.7910/DVN/ZHF9WC datafile 10396546 (r3-all-2018.csv.gz, md5 fd3487254ae01b22b999d6425fa62309)"
2018,JALPAIGURI,DHUPGURI,GADHEARKUTHI,"doi:10.7910/DVN/ZHF9WC datafile 10396546 (r3-all-2018.csv.gz, md5 fd3487254ae01b22b999d6425fa62309)"
2018,JALPAIGURI,DHUPGURI,GADONG-I,"doi:10.7910/DVN/ZHF9WC datafile 10396546 (r3-all-2018.csv.gz, md5 fd3487254ae01b22b999d6425fa62309)"
2018,JALPAIGURI,DHUPGURI,GADONG-II,"doi:10.7910/DVN/ZHF9WC datafile 10396546 (r3-all-2018.csv.gz, md5 fd3487254ae01b22b999d6425fa62309)"
2018,JALPAIGURI,DHUPGURI,JHARALTAGRAM-I,"doi:10.7910/DVN/ZHF9WC datafile 10396546 (r3-all-2018.csv.gz, md5 fd3487254ae01b22b999d6425fa62309)"
2018,JALPAIGURI,DHUPGURI,JHARALTAGRAM-II,"doi:10.7910/DVN/ZHF9WC datafile 10396546 (r3-all-2018.csv.gz, md5 fd3487254ae01b22b999d6425fa62309)"
2018,JALPAIGURI,DHUPGURI,MAGURMARI-I,"doi:10.7910/DVN/ZHF9WC datafile 10396546 (r3-all-2018.csv.gz, md5 fd3487254ae01b22b999d6425fa62309)"
2018,JALPAIGURI,DHUPGURI,MAGURMARI-II,"doi:10.7910/DVN/ZHF9WC datafile 10396546 (r3-all-2018.csv.gz, md5 fd3487254ae01b22b999d6425fa62309)"
2018,JALPAIGURI,DHUPGURI,SAKOYAJHORA-I,"doi:10.7910/DVN/ZHF9WC datafile 10396546 (r3-all-2018.csv.gz, md5 fd3487254ae01b22b999d6425fa62309)"
2018,JALPAIGURI,DHUPGURI,SAKOYAJHORA-II,"doi:10.7910/DVN/ZHF9WC datafile 10396546 (r3-all-2018.csv.gz, md5 fd3487254ae01b22b999d6425fa62309)"
2018,JALPAIGURI,DHUPGURI,SALBARI-I,"doi:10.7910/DVN/ZHF9WC datafile 10396546 (r3-all-2018.csv.gz, md5 fd3487254ae01b22b999d6425fa62309)"
2018,JALPAIGURI,DHUPGURI,SALBARI-II,"doi:10.7910/DVN/ZHF9WC datafile 10396546 (r3-all-2018.csv.gz, md5 fd3487254ae01b22b999d6425fa62309)"
2018,24 PARGANAS SOUTH,DIAMOND HARBOUR-I,BASULDANGA,"doi:10.7910/DVN/ZHF9WC datafile 10396546 (r3-all-2018.csv.gz, md5 fd3487254ae01b22b999d6425fa62309)"
2018,24 PARGANAS SOUTH,DIAMOND HARBOUR-I,BOLSIDDHI KALINAGAR,"doi:10.7910/DVN/ZHF9WC datafile 10396546 (r3-all-2018.csv.gz, md5 fd3487254ae01b22b999d6425fa62309)"
2018,24 PARGANAS SOUTH,DIAMOND HARBOUR-I,DERAK,"doi:10.7910/DVN/ZHF9WC datafile 10396546 (r3-all-2018.csv.gz, md5 fd3487254ae01b22b999d6425fa62309)"
2018,24 PARGANAS SOUTH,DIAMOND HARBOUR-I,HARINDANGA,"doi:10.7910/DVN/ZHF9WC datafile 10396546 (r3-all-2018.csv.gz, md5 fd3487254ae01b22b999d6425fa62309)"
2018,24 PARGANAS SOUTH,DIAMOND HARBOUR-I,KANPUR DHANABERIA,"doi:10.7910/DVN/ZHF9WC datafile 10396546 (r3-all-2018.csv.gz, md5 fd3487254ae01b22b999d6425fa62309)"
2018,24 PARGANAS SOUTH,DIAMOND HARBOUR-I,MASHAT,"doi:10.7910/DVN/ZHF9WC datafile 10396546 (r3-all-2018.csv.gz, md5 fd3487254ae01b22b999d6425fa62309)"
2018,24 PARGANAS SOUTH,DIAMOND HARBOUR-I,NETRA,"doi:10.7910/DVN/ZHF9WC datafile 10396546 (r3-all-2018.csv.gz, md5 fd3487254ae01b22b999d6425fa62309)"
2018,24 PARGANAS SOUTH,DIAMOND HARBOUR-I,PARULIA,"doi:10.7910/DVN/ZHF9WC datafile 10396546 (r3-all-2018.csv.gz, md5 fd3487254ae01b22b999d6425fa62309)"
2018,24 PARGANAS SOUTH,DIAMOND HARBOUR-II,BHADURA HARIDAS,"doi:10.7910/DVN/ZHF9WC datafile 10396546 (r3-all-2018.csv.gz, md5 fd3487254ae01b22b999d6425fa62309)"
2018,24 PARGANAS SOUTH,DIAMOND HARBOUR-II,KALATALAHAT,"doi:10.7910/DVN/ZHF9WC datafile 10396546 (r3-all-2018.csv.gz, md5 fd3487254ae01b22b999d6425fa62309)"
2018,24 PARGANAS SOUTH,DIAMOND HARBOUR-II,KAMARPOL,"doi:10.7910/DVN/ZHF9WC datafile 10396546 (r3-all-2018.csv.gz, md5 fd3487254ae01b22b999d6425fa62309)"
2018,24 PARGANAS SOUTH,DIAMOND HARBOUR-II,KHORDO,"doi:10.7910/DVN/ZHF9WC datafile 10396546 (r3-all-2018.csv.gz, md5 fd3487254ae01b22b999d6425fa62309)"
2018,24 PARGANAS SOUTH,DIAMOND HARBOUR-II,MATHUR,"doi:10.7910/DVN/ZHF9WC datafile 10396546 (r3-all-2018.csv.gz, md5 fd3487254ae01b22b999d6425fa62309)"
2018,24 PARGANAS SOUTH,DIAMOND HARBOUR-II,NURPUR,"doi:10.7910/DVN/ZHF9WC datafile 10396546 (r3-all-2018.csv.gz, md5 fd3487254ae01b22b999d6425fa62309)"
2018,24 PARGANAS SOUTH,DIAMOND HARBOUR-II,PATRA,"doi:10.7910/DVN/ZHF9WC datafile 10396546 (r3-all-2018.csv.gz, md5 fd3487254ae01b22b999d6425fa62309)"
2018,24 PARGANAS SOUTH,DIAMOND HARBOUR-II,SARISA,"doi:10.7910/DVN/ZHF9WC datafile 10396546 (r3-all-2018.csv.gz, md5 fd3487254ae01b22b999d6425fa62309)"
2018,COOCHBEHAR,DINHATA-I,BARA ATIABARI-I,"doi:10.7910/DVN/ZHF9WC datafile 10396546 (r3-all-2018.csv.gz, md5 fd3487254ae01b22b999d6425fa62309)"
2018,COOCHBEHAR,DINHATA-I,BARA ATIABARI-II,"doi:10.7910/DVN/ZHF9WC datafile 10396546 (r3-all-2018.csv.gz, md5 fd3487254ae01b22b999d6425fa62309)"
2018,COOCHBEHAR,DINHATA-I,BARA SOULMARI,"doi:10.7910/DVN/ZHF9WC datafile 10396546 (r3-all-2018.csv.gz, md5 fd3487254ae01b22b999d6425fa62309)"
2018,COOCHBEHAR,DINHATA-I,BHETAGURI-I,"doi:10.7910/DVN/ZHF9WC datafile 10396546 (r3-all-2018.csv.gz, md5 fd3487254ae01b22b999d6425fa62309)"
2018,COOCHBEHAR,DINHATA-I,BHETAGURI-II,"doi:10.7910/DVN/ZHF9WC datafile 10396546 (r3-all-2018.csv.gz, md5 fd3487254ae01b22b999d6425fa62309)"
2018,COOCHBEHAR,DINHATA-I,DINHATA VILL-I,"doi:10.7910/DVN/ZHF9WC datafile 10396546 (r3-all-2018.csv.gz, md5 fd3487254ae01b22b999d6425fa62309)"
2018,COOCHBEHAR,DINHATA-I,DINHATA VILL-II,"doi:10.7910/DVN/ZHF9WC datafile 10396546 (r3-all-2018.csv.gz, md5 fd3487254ae01b22b999d6425fa62309)"
2018,COOCHBEHAR,DINHATA-I,GITALDAHA-I,"doi:10.7910/DVN/ZHF9WC datafile 10396546 (r3-all-2018.csv.gz, md5 fd3487254ae01b22b999d6425fa62309)"
2018,COOCHBEHAR,DINHATA-I,GITALDAHA-II,"doi:10.7910/DVN/ZHF9WC datafile 10396546 (r3-all-2018.csv.gz, md5 fd3487254ae01b22b999d6425fa62309)"
2018,COOCHBEHAR,DINHATA-I,GOSANIMARI-I,"doi:10.7910/DVN/ZHF9WC datafile 10396546 (r3-all-2018.csv.gz, md5 fd3487254ae01b22b999d6425fa62309)"
2018,COOCHBEHAR,DINHATA-I,GOSANIMARI-II,"doi:10.7910/DVN/ZHF9WC datafile 10396546 (r3-all-2018.csv.gz, md5 fd3487254ae01b22b999d6425fa62309)"
2018,COOCHBEHAR,DINHATA-I,MATALHAT,"doi:10.7910/DVN/ZHF9WC datafile 10396546 (r3-all-2018.csv.gz, md5 fd3487254ae01b22b999d6425fa62309)"
2018,COOCHBEHAR,DINHATA-I,OKRABARI,"doi:10.7910/DVN/ZHF9WC datafile 10396546 (r3-all-2018.csv.gz, md5 fd3487254ae01b22b999d6425fa62309)"
2018,COOCHBEHAR,DINHATA-I,PETLA,"doi:10.7910/DVN/ZHF9WC datafile 10396546 (r3-all-2018.csv.gz, md5 fd3487254ae01b22b999d6425fa62309)"
2018,COOCHBEHAR,DINHATA-I,PUTIMARI-I,"doi:10.7910/DVN/ZHF9WC datafile 10396546 (r3-all-2018.csv.gz, md5 fd3487254ae01b22b999d6425fa62309)"
2018,COOCHBEHAR,DINHATA-I,PUTIMARI-II,"doi:10.7910/DVN/ZHF9WC datafile 10396546 (r3-all-2018.csv.gz, md5 fd3487254ae01b22b999d6425fa62309)"
2018,COOCHBEHAR,DINHATA-II,BAMANHAT-I,"doi:10.7910/DVN/ZHF9WC datafile 10396546 (r3-all-2018.csv.gz, md5 fd3487254ae01b22b999d6425fa62309)"
2018,COOCHBEHAR,DINHATA-II,BAMANHAT-II,"doi:10.7910/DVN/ZHF9WC datafile 10396546 (r3-all-2018.csv.gz, md5 fd3487254ae01b22b999d6425fa62309)"
2018,COOCHBEHAR,DINHATA-II,BARASAKDAL,"doi:10.7910/DVN/ZHF9WC datafile 10396546 (r3-all-2018.csv.gz, md5 fd3487254ae01b22b999d6425fa62309)"
2018,COOCHBEHAR,DINHATA-II,BURIRHAT-I,"doi:10.7910/DVN/ZHF9WC datafile 10396546 (r3-all-2018.csv.gz, md5 fd3487254ae01b22b999d6425fa62309)"
2018,COOCHBEHAR,DINHATA-II,BURIRHAT-II,"doi:10.7910/DVN/ZHF9WC datafile 10396546 (r3-all-2018.csv.gz, md5 fd3487254ae01b22b999d6425fa62309)"
2018,COOCHBEHAR,DINHATA-II,CHOWDHURIHAT,"doi:10.7910/DVN/ZHF9WC datafile 10396546 (r3-all-2018.csv.gz, md5 fd3487254ae01b22b999d6425fa62309)"
2018,COOCHBEHAR,DINHATA-II,GOBRA CHHARA NAYARHAT,"doi:10.7910/DVN/ZHF9WC datafile 10396546 (r3-all-2018.csv.gz, md5 fd3487254ae01b22b999d6425fa62309)"
2018,COOCHBEHAR,DINHATA-II,KISHAMAT DASGRAM,"doi:10.7910/DVN/ZHF9WC datafile 10396546 (r3-all-2018.csv.gz, md5 fd3487254ae01b22b999d6425fa62309)"
2018,COOCHBEHAR,DINHATA-II,NAJIRHAT-I,"doi:10.7910/DVN/ZHF9WC datafile 10396546 (r3-all-2018.csv.gz, md5 fd3487254ae01b22b999d6425fa62309)"
2018,COOCHBEHAR,DINHATA-II,NIJIRHAT-II,"doi:10.7910/DVN/ZHF9WC datafile 10396546 (r3-all-2018.csv.gz, md5 fd3487254ae01b22b999d6425fa62309)"
2018,COOCHBEHAR,DINHATA-II,SAHEBGANJ,"doi:10.7910/DVN/ZHF9WC datafile 10396546 (r3-all-2018.csv.gz, md5 fd3487254ae01b22b999d6425fa62309)"
2018,COOCHBEHAR,DINHATA-II,SUKARUKUTHI,"doi:10.7910/DVN/ZHF9WC datafile 10396546 (r3-all-2018.csv.gz, md5 fd3487254ae01b22b999d6425fa62309)"
2018,HOWRAH,DOMJUR,BANKRA-I,"doi:10.7910/DVN/ZHF9WC datafile 10396546 (r3-all-2018.csv.gz, md5 fd3487254ae01b22b999d6425fa62309)"
2018,HOWRAH,DOMJUR,BANKRA-II,"doi:10.7910/DVN/ZHF9WC datafile 10396546 (r3-all-2018.csv.gz, md5 fd3487254ae01b22b999d6425fa62309)"
2018,HOWRAH,DOMJUR,BANKRA-III,"doi:10.7910/DVN/ZHF9WC datafile 10396546 (r3-all-2018.csv.gz, md5 fd3487254ae01b22b999d6425fa62309)"
2018,HOWRAH,DOMJUR,BEGRI,"doi:10.7910/DVN/ZHF9WC datafile 10396546 (r3-all-2018.csv.gz, md5 fd3487254ae01b22b999d6425fa62309)"
2018,HOWRAH,DOMJUR,DAKSHIN JHAPARDA,"doi:10.7910/DVN/ZHF9WC datafile 10396546 (r3-all-2018.csv.gz, md5 fd3487254ae01b22b999d6425fa62309)"
2018,HOWRAH,DOMJUR,DOMJUR,"doi:10.7910/DVN/ZHF9WC datafile 10396546 (r3-all-2018.csv.gz, md5 fd3487254ae01b22b999d6425fa62309)"
2018,HOWRAH,DOMJUR,KOLORA-I,"doi:10.7910/DVN/ZHF9WC datafile 10396546 (r3-all-2018.csv.gz, md5 fd3487254ae01b22b999d6425fa62309)"
2018,HOWRAH,DOMJUR,KOLORA-II,"doi:10.7910/DVN/ZHF9WC datafile 10396546 (r3-all-2018.csv.gz, md5 fd3487254ae01b22b999d6425fa62309)"
2018,HOWRAH,DOMJUR,MAHIYARI-I,"doi:10.7910/DVN/ZHF9WC datafile 10396546 (r3-all-2018.csv.gz, md5 fd3487254ae01b22b999d6425fa62309)"
2018,HOWRAH,DOMJUR,MAHIYARI-II,"doi:10.7910/DVN/ZHF9WC datafile 10396546 (r3-all-2018.csv.gz, md5 fd3487254ae01b22b999d6425fa62309)"
2018,HOWRAH,DOMJUR,MAKARDAH-I,"doi:10.7910/DVN/ZHF9WC datafile 10396546 (r3-all-2018.csv.gz, md5 fd3487254ae01b22b999d6425fa62309)"
2018,HOWRAH,DOMJUR,MAKARDAH-II,"doi:10.7910/DVN/ZHF9WC datafile 10396546 (r3-all-2018.csv.gz, md5 fd3487254ae01b22b999d6425fa62309)"
2018,HOWRAH,DOMJUR,NARNA,"doi:10.7910/DVN/ZHF9WC datafile 10396546 (r3-all-2018.csv.gz, md5 fd3487254ae01b22b999d6425fa62309)"
2018,HOWRAH,DOMJUR,PARBATIPUR,"doi:10.7910/DVN/ZHF9WC datafile 10396546 (r3-all-2018.csv.gz, md5 fd3487254ae01b22b999d6425fa62309)"
2018,HOWRAH,DOMJUR,RUDRAPUR,"doi:10.7910/DVN/ZHF9WC datafile 10396546 (r3-all-2018.csv.gz, md5 fd3487254ae01b22b999d6425fa62309)"
2018,HOWRAH,DOMJUR,SALAP-I,"doi:10.7910/DVN/ZHF9WC datafile 10396546 (r3-all-2018.csv.gz, md5 fd3487254ae01b22b999d6425fa62309)"
2018,HOWRAH,DOMJUR,SALAP-II,"doi:10.7910/DVN/ZHF9WC datafile 10396546 (r3-all-2018.csv.gz, md5 fd3487254ae01b22b999d6425fa62309)"
2018,HOWRAH,DOMJUR,UTTAR JHAPARDAHA,"doi:10.7910/DVN/ZHF9WC datafile 10396546 (r3-all-2018.csv.gz, md5 fd3487254ae01b22b999d6425fa62309)"
2018,MURSHIDABAD,DOMKAL,AJIMGANJGOLA,"doi:10.7910/DVN/ZHF9WC datafile 10396546 (r3-all-2018.csv.gz, md5 fd3487254ae01b22b999d6425fa62309)"
2018,MURSHIDABAD,DOMKAL,BHAGIRATHPUR,"doi:10.7910/DVN/ZHF9WC datafile 10396546 (r3-all-2018.csv.gz, md5 fd3487254ae01b22b999d6425fa62309)"
2018,MURSHIDABAD,DOMKAL,DHULAURI,"doi:10.7910/DVN/ZHF9WC datafile 10396546 (r3-all-2018.csv.gz, md5 fd3487254ae01b22b999d6425fa62309)"
2018,MURSHIDABAD,DOMKAL,GARAIMARI,"doi:10.7910/DVN/ZHF9WC datafile 10396546 (r3-all-2018.csv.gz, md5 fd3487254ae01b22b999d6425fa62309)"
2018,MURSHIDABAD,DOMKAL,GARIBPUR,"doi:10.7910/DVN/ZHF9WC datafile 10396546 (r3-all-2018.csv.gz, md5 fd3487254ae01b22b999d6425fa62309)"
2018,MURSHIDABAD,DOMKAL,GHORAMARA,"doi:10.7910/DVN/ZHF9WC datafile 10396546 (r3-all-2018.csv.gz, md5 fd3487254ae01b22b999d6425fa62309)"
2018,MURSHIDABAD,DOMKAL,JURANPUR,"doi:10.7910/DVN/ZHF9WC datafile 10396546 (r3-all-2018.csv.gz, md5 fd3487254ae01b22b999d6425fa62309)"
2018,MURSHIDABAD,DOMKAL,MADHURKUL,"doi:10.7910/DVN/ZHF9WC datafile 10396546 (r3-all-2018.csv.gz, md5 fd3487254ae01b22b999d6425fa62309)"
2018,MURSHIDABAD,DOMKAL,RAIPUR,"doi:10.7910/DVN/ZHF9WC datafile 10396546 (r3-all-2018.csv.gz, md5 fd3487254ae01b22b999d6425fa62309)"
2018,MURSHIDABAD,DOMKAL,SARANGPUR,"doi:10.7910/DVN/ZHF9WC datafile 10396546 (r3-all-2018.csv.gz, md5 fd3487254ae01b22b999d6425fa62309)"
2018,BIRBHUM,DUBRAJPUR,BALIJURI,"doi:10.7910/DVN/ZHF9WC datafile 10396546 (r3-all-2018.csv.gz, md5 fd3487254ae01b22b999d6425fa62309)"
2018,BIRBHUM,DUBRAJPUR,CHINPAI,"doi:10.7910/DVN/ZHF9WC datafile 10396546 (r3-all-2018.csv.gz, md5 fd3487254ae01b22b999d6425fa62309)"
2018,BIRBHUM,DUBRAJPUR,GOHALIARA,"doi:10.7910/DVN/ZHF9WC datafile 10396546 (r3-all-2018.csv.gz, md5 fd3487254ae01b22b999d6425fa62309)"
2018,BIRBHUM,DUBRAJPUR,HETAMPUR,"doi:10.7910/DVN/ZHF9WC datafile 10396546 (r3-all-2018.csv.gz, md5 fd3487254ae01b22b999d6425fa62309)"
2018,BIRBHUM,DUBRAJPUR,JASHPUR,"doi:10.7910/DVN/ZHF9WC datafile 10396546 (r3-all-2018.csv.gz, md5 fd3487254ae01b22b999d6425fa62309)"
2018,BIRBHUM,DUBRAJPUR,LAXMI-NARAYANPUR,"doi:10.7910/DVN/ZHF9WC datafile 10396546 (r3-all-2018.csv.gz, md5 fd3487254ae01b22b999d6425fa62309)"
2018,BIRBHUM,DUBRAJPUR,LOBA,"doi:10.7910/DVN/ZHF9WC datafile 10396546 (r3-all-2018.csv.gz, md5 fd3487254ae01b22b999d6425fa62309)"
2018,BIRBHUM,DUBRAJPUR,PADUMA,"doi:10.7910/DVN/ZHF9WC datafile 10396546 (r3-all-2018.csv.gz, md5 fd3487254ae01b22b999d6425fa62309)"
2018,BIRBHUM,DUBRAJPUR,PARULIA,"doi:10.7910/DVN/ZHF9WC datafile 10396546 (r3-all-2018.csv.gz, md5 fd3487254ae01b22b999d6425fa62309)"
2018,BIRBHUM,DUBRAJPUR,SAHAPUR,"doi:10.7910/DVN/ZHF9WC datafile 10396546 (r3-all-2018.csv.gz, md5 fd3487254ae01b22b999d6425fa62309)"
2018,PASCHIM BARDHAMAN,DURGAPUR FARIDPUR,GOGLA,"doi:10.7910/DVN/ZHF9WC datafile 10396546 (r3-all-2018.csv.gz, md5 fd3487254ae01b22b999d6425fa62309)"
2018,PASCHIM BARDHAMAN,DURGAPUR FARIDPUR,GOURBAZAR,"doi:10.7910/DVN/ZHF9WC datafile 10396546 (r3-all-2018.csv.gz, md5 fd3487254ae01b22b999d6425fa62309)"
2018,PASCHIM BARDHAMAN,DURGAPUR FARIDPUR,ICHHAPUR,"doi:10.7910/DVN/ZHF9WC datafile 10396546 (r3-all-2018.csv.gz, md5 fd3487254ae01b22b999d6425fa62309)"
2018,PASCHIM BARDHAMAN,DURGAPUR FARIDPUR,JEMUA,"doi:10.7910/DVN/ZHF9WC datafile 10396546 (r3-all-2018.csv.gz, md5 fd3487254ae01b22b999d6425fa62309)"
2018,PASCHIM BARDHAMAN,DURGAPUR FARIDPUR,LAUDOHA,"doi:10.7910/DVN/ZHF9WC datafile 10396546 (r3-all-2018.csv.gz, md5 fd3487254ae01b22b999d6425fa62309)"
2018,PASCHIM BARDHAMAN,DURGAPUR FARIDPUR,PRATAPPUR,"doi:10.7910/DVN/ZHF9WC datafile 10396546 (r3-all-2018.csv.gz, md5 fd3487254ae01b22b999d6425fa62309)"
2018,PURBA MEDINIPUR,EGRA-I,BARIDA,"doi:10.7910/DVN/ZHF9WC datafile 10396546 (r3-all-2018.csv.gz, md5 fd3487254ae01b22b999d6425fa62309)"
2018,PURBA MEDINIPUR,EGRA-I,CHATRI,"doi:10.7910/DVN/ZHF9WC datafile 10396546 (r3-all-2018.csv.gz, md5 fd3487254ae01b22b999d6425fa62309)"
2018,PURBA MEDINIPUR,EGRA-I,JERTHAN,"doi:10.7910/DVN/ZHF9WC datafile 10396546 (r3-all-2018.csv.gz, md5 fd3487254ae01b22b999d6425fa62309)"
2018,PURBA MEDINIPUR,EGRA-I,JUMKI,"doi:10.7910/DVN/ZHF9WC datafile 10396546 (r3-all-2018.csv.gz, md5 fd3487254ae01b22b999d6425fa62309)"
2018,PURBA MEDINIPUR,EGRA-I,KASBA-EGRA,"doi:10.7910/DVN/ZHF9WC datafile 10396546 (r3-all-2018.csv.gz, md5 fd3487254ae01b22b999d6425fa62309)"
2018,PURBA MEDINIPUR,EGRA-I,PANCHROL,"doi:10.7910/DVN/ZHF9WC datafile 10396546 (r3-all-2018.csv.gz, md5 fd3487254ae01b22b999d6425fa62309)"
2018,PURBA MEDINIPUR,EGRA-I,RISHIBANKIMCHANDRA,"doi:10.7910/DVN/ZHF9WC datafile 10396546 (r3-all-2018.csv.gz, md5 fd3487254ae01b22b999d6425fa62309)"
2018,PURBA MEDINIPUR,EGRA-I,SAHARAH,"doi:10.7910/DVN/ZHF9WC datafile 10396546 (r3-all-2018.csv.gz, md5 fd3487254ae01b22b999d6425fa62309)"
2018,PURBA MEDINIPUR,EGRA-II,BASUDEVPUR,"doi:10.7910/DVN/ZHF9WC datafile 10396546 (r3-all-2018.csv.gz, md5 fd3487254ae01b22b999d6425fa62309)"
2018,PURBA MEDINIPUR,EGRA-II,BATHUARI,"doi:10.7910/DVN/ZHF9WC datafile 10396546 (r3-all-2018.csv.gz, md5 fd3487254ae01b22b999d6425fa62309)"
2018,PURBA MEDINIPUR,EGRA-II,BIBEKANANDA,"doi:10.7910/DVN/ZHF9WC datafile 10396546 (r3-all-2018.csv.gz, md5 fd3487254ae01b22b999d6425fa62309)"
2018,PURBA MEDINIPUR,EGRA-II,DESBANDHU,"doi:10.7910/DVN/ZHF9WC datafile 10396546 (r3-all-2018.csv.gz, md5 fd3487254ae01b22b999d6425fa62309)"
2018,PURBA MEDINIPUR,EGRA-II,DUBDA,"doi:10.7910/DVN/ZHF9WC datafile 10396546 (r3-all-2018.csv.gz, md5 fd3487254ae01b22b999d6425fa62309)"
2018,PURBA MEDINIPUR,EGRA-II,MANJUSREE,"doi:10.7910/DVN/ZHF9WC datafile 10396546 (r3-all-2018.csv.gz, md5 fd3487254ae01b22b999d6425fa62309)"
2018,PURBA MEDINIPUR,EGRA-II,PANIPARUL,"doi:10.7910/DVN/ZHF9WC datafile 10396546 (r3-all-2018.csv.gz, md5 fd3487254ae01b22b999d6425fa62309)"
2018,PURBA MEDINIPUR,EGRA-II,SARBADOY,"doi:10.7910/DVN/ZHF9WC datafile 10396546 (r3-all-2018.csv.gz, md5 fd3487254ae01b22b999d6425fa62309)"
2018,MALDAH,ENGLISH BAZAR,AMRITI,"doi:10.7910/DVN/ZHF9WC datafile 10396546 (r3-all-2018.csv.gz, md5 fd3487254ae01b22b999d6425fa62309)"
2018,MALDAH,ENGLISH BAZAR,BINODPUR,"doi:10.7910/DVN/ZHF9WC datafile 10396546 (r3-all-2018.csv.gz, md5 fd3487254ae01b22b999d6425fa62309)"
2018,MALDAH,ENGLISH BAZAR,FULBARIA,"doi:10.7910/DVN/ZHF9WC datafile 10396546 (r3-all-2018.csv.gz, md5 fd3487254ae01b22b999d6425fa62309)"
2018,MALDAH,ENGLISH BAZAR,JADUPUR-I,"doi:10.7910/DVN/ZHF9WC datafile 10396546 (r3-all-2018.csv.gz, md5 fd3487254ae01b22b999d6425fa62309)"
2018,MALDAH,ENGLISH BAZAR,JADUPUR-II,"doi:10.7910/DVN/ZHF9WC datafile 10396546 (r3-all-2018.csv.gz, md5 fd3487254ae01b22b999d6425fa62309)"
2018,MALDAH,ENGLISH BAZAR,KAJIGRAM,"doi:10.7910/DVN/ZHF9WC datafile 10396546 (r3-all-2018.csv.gz, md5 fd3487254ae01b22b999d6425fa62309)"
2018,MALDAH,ENGLISH BAZAR,KOTWALI,"doi:10.7910/DVN/ZHF9WC datafile 10396546 (r3-all-2018.csv.gz, md5 fd3487254ae01b22b999d6425fa62309)"
2018,MALDAH,ENGLISH BAZAR,MAHADIPUR,"doi:10.7910/DVN/ZHF9WC datafile 10396546 (r3-all-2018.csv.gz, md5 fd3487254ae01b22b999d6425fa62309)"
2018,MALDAH,ENGLISH BAZAR,MILKI,"doi:10.7910/DVN/ZHF9WC datafile 10396546 (r3-all-2018.csv.gz, md5 fd3487254ae01b22b999d6425fa62309)"
2018,MALDAH,ENGLISH BAZAR,NARHATTA,"doi:10.7910/DVN/ZHF9WC datafile 10396546 (r3-all-2018.csv.gz, md5 fd3487254ae01b22b999d6425fa62309)"
2018,MALDAH,ENGLISH BAZAR,SOVANAGAR,"doi:10.7910/DVN/ZHF9WC datafile 10396546 (r3-all-2018.csv.gz, md5 fd3487254ae01b22b999d6425fa62309)"
2018,ALIPURDUAR,FALAKATA,DALGAON,"doi:10.7910/DVN/ZHF9WC datafile 10396546 (r3-all-2018.csv.gz, md5 fd3487254ae01b22b999d6425fa62309)"
2018,ALIPURDUAR,FALAKATA,DEOGAON,"doi:10.7910/DVN/ZHF9WC datafile 10396546 (r3-all-2018.csv.gz, md5 fd3487254ae01b22b999d6425fa62309)"
2018,ALIPURDUAR,FALAKATA,DHANIRAMPUR-I,"doi:10.7910/DVN/ZHF9WC datafile 10396546 (r3-all-2018.csv.gz, md5 fd3487254ae01b22b999d6425fa62309)"
2018,ALIPURDUAR,FALAKATA,DHANIRAMPUR-II,"doi:10.7910/DVN/ZHF9WC datafile 10396546 (r3-all-2018.csv.gz, md5 fd3487254ae01b22b999d6425fa62309)"
2018,ALIPURDUAR,FALAKATA,FALAKATA-I,"doi:10.7910/DVN/ZHF9WC datafile 10396546 (r3-all-2018.csv.gz, md5 fd3487254ae01b22b999d6425fa62309)"
2018,ALIPURDUAR,FALAKATA,FALAKATA-II,"doi:10.7910/DVN/ZHF9WC datafile 10396546 (r3-all-2018.csv.gz, md5 fd3487254ae01b22b999d6425fa62309)"
2018,ALIPURDUAR,FALAKATA,GUABARNAGAR,"doi:10.7910/DVN/ZHF9WC datafile 10396546 (r3-all-2018.csv.gz, md5 fd3487254ae01b22b999d6425fa62309)"
2018,ALIPURDUAR,FALAKATA,JATESWAR-I,"doi:10.7910/DVN/ZHF9WC datafile 10396546 (r3-all-2018.csv.gz, md5 fd3487254ae01b22b999d6425fa62309)"
2018,ALIPURDUAR,FALAKATA,JATESWAR-II,"doi:10.7910/DVN/ZHF9WC datafile 10396546 (r3-all-2018.csv.gz, md5 fd3487254ae01b22b999d6425fa62309)"
2018,ALIPURDUAR,FALAKATA,MAIRADANGA,"doi:10.7910/DVN/ZHF9WC datafile 10396546 (r3-all-2018.csv.gz, md5 fd3487254ae01b22b999d6425fa62309)"
2018,ALIPURDUAR,FALAKATA,PARANGERPAR,"doi:10.7910/DVN/ZHF9WC datafile 10396546 (r3-all-2018.csv.gz, md5 fd3487254ae01b22b999d6425fa62309)"
2018,ALIPURDUAR,FALAKATA,SALKUMAR,"doi:10.7910/DVN/ZHF9WC datafile 10396546 (r3-all-2018.csv.gz, md5 fd3487254ae01b22b999d6425fa62309)"
2018,24 PARGANAS SOUTH,FALTA,BANGANAGAR-I,"doi:10.7910/DVN/ZHF9WC datafile 10396546 (r3-all-2018.csv.gz, md5 fd3487254ae01b22b999d6425fa62309)"
2018,24 PARGANAS SOUTH,FALTA,BANGANAGAR-II,"doi:10.7910/DVN/ZHF9WC datafile 10396546 (r3-all-2018.csv.gz, md5 fd3487254ae01b22b999d6425fa62309)"
2018,24 PARGANAS SOUTH,FALTA,BELSINGHA-I,"doi:10.7910/DVN/ZHF9WC datafile 10396546 (r3-all-2018.csv.gz, md5 fd3487254ae01b22b999d6425fa62309)"
2018,24 PARGANAS SOUTH,FALTA,BELSINGHA-II,"doi:10.7910/DVN/ZHF9WC datafile 10396546 (r3-all-2018.csv.gz, md5 fd3487254ae01b22b999d6425fa62309)"
2018,24 PARGANAS SOUTH,FALTA,CHALUARI,"doi:10.7910/DVN/ZHF9WC datafile 10396546 (r3-all-2018.csv.gz, md5 fd3487254ae01b22b999d6425fa62309)"
2018,24 PARGANAS SOUTH,FALTA,DEBIPUR,"doi:10.7910/DVN/ZHF9WC datafile 10396546 (r3-all-2018.csv.gz, md5 fd3487254ae01b22b999d6425fa62309)"
2018,24 PARGANAS SOUTH,FALTA,FALTA,"doi:10.7910/DVN/ZHF9WC datafile 10396546 (r3-all-2018.csv.gz, md5 fd3487254ae01b22b999d6425fa62309)"
2018,24 PARGANAS SOUTH,FALTA,FATEPUR,"doi:10.7910/DVN/ZHF9WC datafile 10396546 (r3-all-2018.csv.gz, md5 fd3487254ae01b22b999d6425fa62309)"
2018,24 PARGANAS SOUTH,FALTA,GOPALPUR,"doi:10.7910/DVN/ZHF9WC datafile 10396546 (r3-all-2018.csv.gz, md5 fd3487254ae01b22b999d6425fa62309)"
2018,24 PARGANAS SOUTH,FALTA,HARINDANGA-I,"doi:10.7910/DVN/ZHF9WC datafile 10396546 (r3-all-2018.csv.gz, md5 fd3487254ae01b22b999d6425fa62309)"
2018,24 PARGANAS SOUTH,FALTA,HARINDANGA-II,"doi:10.7910/DVN/ZHF9WC datafile 10396546 (r3-all-2018.csv.gz, md5 fd3487254ae01b22b999d6425fa62309)"
2018,24 PARGANAS SOUTH,FALTA,MALLIKPUR,"doi:10.7910/DVN/ZHF9WC datafile 10396546 (r3-all-2018.csv.gz, md5 fd3487254ae01b22b999d6425fa62309)"
2018,24 PARGANAS SOUTH,FALTA,NOYAPUKURIA,"doi:10.7910/DVN/ZHF9WC datafile 10396546 (r3-all-2018.csv.gz, md5 fd3487254ae01b22b999d6425fa62309)"
2018,MURSHIDABAD,FARAKKA,ARJUNPUR,"doi:10.7910/DVN/ZHF9WC datafile 10396546 (r3-all-2018.csv.gz, md5 fd3487254ae01b22b999d6425fa62309)"
2018,MURSHIDABAD,FARAKKA,BAHADURPUR,"doi:10.7910/DVN/ZHF9WC datafile 10396546 (r3-all-2018.csv.gz, md5 fd3487254ae01b22b999d6425fa62309)"
2018,MURSHIDABAD,FARAKKA,BENIAGRAM,"doi:10.7910/DVN/ZHF9WC datafile 10396546 (r3-all-2018.csv.gz, md5 fd3487254ae01b22b999d6425fa62309)"
2018,MURSHIDABAD,FARAKKA,BEWA-I,"doi:10.7910/DVN/ZHF9WC datafile 10396546 (r3-all-2018.csv.gz, md5 fd3487254ae01b22b999d6425fa62309)"
2018,MURSHIDABAD,FARAKKA,BEWA-II,"doi:10.7910/DVN/ZHF9WC datafile 10396546 (r3-all-2018.csv.gz, md5 fd3487254ae01b22b999d6425fa62309)"
2018,MURSHIDABAD,FARAKKA,IMAMNAGAR,"doi:10.7910/DVN/ZHF9WC datafile 10396546 (r3-all-2018.csv.gz, md5 fd3487254ae01b22b999d6425fa62309)"
2018,MURSHIDABAD,FARAKKA,MAHADEBNAGAR,"doi:10.7910/DVN/ZHF9WC datafile 10396546 (r3-all-2018.csv.gz, md5 fd3487254ae01b22b999d6425fa62309)"
2018,MURSHIDABAD,FARAKKA,MAHESHPUR,"doi:10.7910/DVN/ZHF9WC datafile 10396546 (r3-all-2018.csv.gz, md5 fd3487254ae01b22b999d6425fa62309)"
2018,MURSHIDABAD,FARAKKA,NAYANSUKH,"doi:10.7910/DVN/ZHF9WC datafile 10396546 (r3-all-2018.csv.gz, md5 fd3487254ae01b22b999d6425fa62309)"
2018,24 PARGANAS (NORTH),GAIGHATA,CHANDPARA,"doi:10.7910/DVN/ZHF9WC datafile 10396546 (r3-all-2018.csv.gz, md5 fd3487254ae01b22b999d6425fa62309)"
2018,24 PARGANAS (NORTH),GAIGHATA,DHARAMPUR-I,"doi:10.7910/DVN/ZHF9WC datafile 10396546 (r3-all-2018.csv.gz, md5 fd3487254ae01b22b999d6425fa62309)"
2018,24 PARGANAS (NORTH),GAIGHATA,DHARAMPUR-II,"doi:10.7910/DVN/ZHF9WC datafile 10396546 (r3-all-2018.csv.gz, md5 fd3487254ae01b22b999d6425fa62309)"
2018,24 PARGANAS (NORTH),GAIGHATA,DUMA,"doi:10.7910/DVN/ZHF9WC datafile 10396546 (r3-all-2018.csv.gz, md5 fd3487254ae01b22b999d6425fa62309)"
2018,24 PARGANAS (NORTH),GAIGHATA,FULSARA,"doi:10.7910/DVN/ZHF9WC datafile 10396546 (r3-all-2018.csv.gz, md5 fd3487254ae01b22b999d6425fa62309)"
2018,24 PARGANAS (NORTH),GAIGHATA,ICHAPUR-I,"doi:10.7910/DVN/ZHF9WC datafile 10396546 (r3-all-2018.csv.gz, md5 fd3487254ae01b22b999d6425fa62309)"
2018,24 PARGANAS (NORTH),GAIGHATA,ICHAPUR-II,"doi:10.7910/DVN/ZHF9WC datafile 10396546 (r3-all-2018.csv.gz, md5 fd3487254ae01b22b999d6425fa62309)"
2018,24 PARGANAS (NORTH),GAIGHATA,JALESWAR-I,"doi:10.7910/DVN/ZHF9WC datafile 10396546 (r3-all-2018.csv.gz, md5 fd3487254ae01b22b999d6425fa62309)"
2018,24 PARGANAS (NORTH),GAIGHATA,JALESWAR-II,"doi:10.7910/DVN/ZHF9WC datafile 10396546 (r3-all-2018.csv.gz, md5 fd3487254ae01b22b999d6425fa62309)"
2018,24 PARGANAS (NORTH),GAIGHATA,JHAUDANGA,"doi:10.7910/DVN/ZHF9WC datafile 10396546 (r3-all-2018.csv.gz, md5 fd3487254ae01b22b999d6425fa62309)"
2018,24 PARGANAS (NORTH),GAIGHATA,RAMNAGAR,"doi:10.7910/DVN/ZHF9WC datafile 10396546 (r3-all-2018.csv.gz, md5 fd3487254ae01b22b999d6425fa62309)"
2018,24 PARGANAS (NORTH),GAIGHATA,SHIMULPUR,"doi:10.7910/DVN/ZHF9WC datafile 10396546 (r3-all-2018.csv.gz, md5 fd3487254ae01b22b999d6425fa62309)"
2018,24 PARGANAS (NORTH),GAIGHATA,SUTIA,"doi:10.7910/DVN/ZHF9WC datafile 10396546 (r3-all-2018.csv.gz, md5 fd3487254ae01b22b999d6425fa62309)"
2018,PURBA BARDHAMAN,GALSI-I,BUDBUD,"doi:10.7910/DVN/ZHF9WC datafile 10396546 (r3-all-2018.csv.gz, md5 fd3487254ae01b22b999d6425fa62309)"
2018,PURBA BARDHAMAN,GALSI-I,CHALKTENTUL,"doi:10.7910/DVN/ZHF9WC datafile 10396546 (r3-all-2018.csv.gz, md5 fd3487254ae01b22b999d6425fa62309)"
2018,PURBA BARDHAMAN,GALSI-I,LOWAPUR-KRISHNARAMPUR,"doi:10.7910/DVN/ZHF9WC datafile 10396546 (r3-all-2018.csv.gz, md5 fd3487254ae01b22b999d6425fa62309)"
2018,PURBA BARDHAMAN,GALSI-I,LOWA-RAMGOPALPUR,"doi:10.7910/DVN/ZHF9WC datafile 10396546 (r3-all-2018.csv.gz, md5 fd3487254ae01b22b999d6425fa62309)"
2018,PURBA BARDHAMAN,GALSI-I,MANKAR,"doi:10.7910/DVN/ZHF9WC datafile 10396546 (r3-all-2018.csv.gz, md5 fd3487254ae01b22b999d6425fa62309)"
2018,PURBA BARDHAMAN,GALSI-I,PARAJ,"doi:10.7910/DVN/ZHF9WC datafile 10396546 (r3-all-2018.csv.gz, md5 fd3487254ae01b22b999d6425fa62309)"
2018,PURBA BARDHAMAN,GALSI-I,POTNA-PURSA,"doi:10.7910/DVN/ZHF9WC datafile 10396546 (r3-all-2018.csv.gz, md5 fd3487254ae01b22b999d6425fa62309)"
2018,PURBA BARDHAMAN,GALSI-I,SERORAI,"doi:10.7910/DVN/ZHF9WC datafile 10396546 (r3-all-2018.csv.gz, md5 fd3487254ae01b22b999d6425fa62309)"
2018,PURBA BARDHAMAN,GALSI-I,UCHHAGRAM,"doi:10.7910/DVN/ZHF9WC datafile 10396546 (r3-all-2018.csv.gz, md5 fd3487254ae01b22b999d6425fa62309)"
2018,PURBA BARDHAMAN,GALSI-II,ADRA,"doi:10.7910/DVN/ZHF9WC datafile 10396546 (r3-all-2018.csv.gz, md5 fd3487254ae01b22b999d6425fa62309)"
2018,PURBA BARDHAMAN,GALSI-II,BHURI,"doi:10.7910/DVN/ZHF9WC datafile 10396546 (r3-all-2018.csv.gz, md5 fd3487254ae01b22b999d6425fa62309)"
2018,PURBA BARDHAMAN,GALSI-II,GALSI,"doi:10.7910/DVN/ZHF9WC datafile 10396546 (r3-all-2018.csv.gz, md5 fd3487254ae01b22b999d6425fa62309)"
2018,PURBA BARDHAMAN,GALSI-II,GOHAGRAM,"doi:10.7910/DVN/ZHF9WC datafile 10396546 (r3-all-2018.csv.gz, md5 fd3487254ae01b22b999d6425fa62309)"
2018,PURBA BARDHAMAN,GALSI-II,KHANO,"doi:10.7910/DVN/ZHF9WC datafile 10396546 (r3-all-2018.csv.gz, md5 fd3487254ae01b22b999d6425fa62309)"
2018,PURBA BARDHAMAN,GALSI-II,KURKUBA,"doi:10.7910/DVN/ZHF9WC datafile 10396546 (r3-all-2018.csv.gz, md5 fd3487254ae01b22b999d6425fa62309)"
2018,PURBA BARDHAMAN,GALSI-II,MASJIDPUR,"doi:10.7910/DVN/ZHF9WC datafile 10396546 (r3-all-2018.csv.gz, md5 fd3487254ae01b22b999d6425fa62309)"
2018,PURBA BARDHAMAN,GALSI-II,SANKO,"doi:10.7910/DVN/ZHF9WC datafile 10396546 (r3-all-2018.csv.gz, md5 fd3487254ae01b22b999d6425fa62309)"
2018,PURBA BARDHAMAN,GALSI-II,SATINANDI,"doi:10.7910/DVN/ZHF9WC datafile 10396546 (r3-all-2018.csv.gz, md5 fd3487254ae01b22b999d6425fa62309)"
2018,BANKURA,GANGAJAL GHATI,BANASURIA,"doi:10.7910/DVN/ZHF9WC datafile 10396546 (r3-all-2018.csv.gz, md5 fd3487254ae01b22b999d6425fa62309)"
2018,BANKURA,GANGAJAL GHATI,BARASHAL,"doi:10.7910/DVN/ZHF9WC datafile 10396546 (r3-all-2018.csv.gz, md5 fd3487254ae01b22b999d6425fa62309)"
2018,BANKURA,GANGAJAL GHATI,BHAKTABANDH,"doi:10.7910/DVN/ZHF9WC datafile 10396546 (r3-all-2018.csv.gz, md5 fd3487254ae01b22b999d6425fa62309)"
2018,BANKURA,GANGAJAL GHATI,GANGAJALGHATI,"doi:10.7910/DVN/ZHF9WC datafile 10396546 (r3-all-2018.csv.gz, md5 fd3487254ae01b22b999d6425fa62309)"
2018,BANKURA,GANGAJAL GHATI,GOBINDADHAM,"doi:10.7910/DVN/ZHF9WC datafile 10396546 (r3-all-2018.csv.gz, md5 fd3487254ae01b22b999d6425fa62309)"
2018,BANKURA,GANGAJAL GHATI,KAPISTA,"doi:10.7910/DVN/ZHF9WC datafile 10396546 (r3-all-2018.csv.gz, md5 fd3487254ae01b22b999d6425fa62309)"
2018,BANKURA,GANGAJAL GHATI,LACHHMANPUR,"doi:10.7910/DVN/ZHF9WC datafile 10396546 (r3-all-2018.csv.gz, md5 fd3487254ae01b22b999d6425fa62309)"
2018,BANKURA,GANGAJAL GHATI,LATIABONI,"doi:10.7910/DVN/ZHF9WC datafile 10396546 (r3-all-2018.csv.gz, md5 fd3487254ae01b22b999d6425fa62309)"
2018,BANKURA,GANGAJAL GHATI,NITYANANDAPUR,"doi:10.7910/DVN/ZHF9WC datafile 10396546 (r3-all-2018.csv.gz, md5 fd3487254ae01b22b999d6425fa62309)"
2018,BANKURA,GANGAJAL GHATI,PIRABONI,"doi:10.7910/DVN/ZHF9WC datafile 10396546 (r3-all-2018.csv.gz, md5 fd3487254ae01b22b999d6425fa62309)"
2018,PASCHIM MEDINIPUR,GARBETA-I,AGRA,"doi:10.7910/DVN/ZHF9WC datafile 10396546 (r3-all-2018.csv.gz, md5 fd3487254ae01b22b999d6425fa62309)"
2018,PASCHIM MEDINIPUR,GARBETA-I,AMKOPA,"doi:10.7910/DVN/ZHF9WC datafile 10396546 (r3-all-2018.csv.gz, md5 fd3487254ae01b22b999d6425fa62309)"
2018,PASCHIM MEDINIPUR,GARBETA-I,AMLAGORA,"doi:10.7910/DVN/ZHF9WC datafile 10396546 (r3-all-2018.csv.gz, md5 fd3487254ae01b22b999d6425fa62309)"
2018,PASCHIM MEDINIPUR,GARBETA-I,BARAMURA,"doi:10.7910/DVN/ZHF9WC datafile 10396546 (r3-all-2018.csv.gz, md5 fd3487254ae01b22b999d6425fa62309)"
2018,PASCHIM MEDINIPUR,GARBETA-I,BENACHAPRA,"doi:10.7910/DVN/ZHF9WC datafile 10396546 (r3-all-2018.csv.gz, md5 fd3487254ae01b22b999d6425fa62309)"
2018,PASCHIM MEDINIPUR,GARBETA-I,DHADIKA,"doi:10.7910/DVN/ZHF9WC datafile 10396546 (r3-all-2018.csv.gz, md5 fd3487254ae01b22b999d6425fa62309)"
2018,PASCHIM MEDINIPUR,GARBETA-I,GARANGA,"doi:10.7910/DVN/ZHF9WC datafile 10396546 (r3-all-2018.csv.gz, md5 fd3487254ae01b22b999d6425fa62309)"
2018,PASCHIM MEDINIPUR,GARBETA-I,GARHBETA,"doi:10.7910/DVN/ZHF9WC datafile 10396546 (r3-all-2018.csv.gz, md5 fd3487254ae01b22b999d6425fa62309)"
2018,PASCHIM MEDINIPUR,GARBETA-I,KATRAUTTARBIL,"doi:10.7910/DVN/ZHF9WC datafile 10396546 (r3-all-2018.csv.gz, md5 fd3487254ae01b22b999d6425fa62309)"
2018,PASCHIM MEDINIPUR,GARBETA-I,KHARKUSMA,"doi:10.7910/DVN/ZHF9WC datafile 10396546 (r3-all-2018.csv.gz, md5 fd3487254ae01b22b999d6425fa62309)"
2018,PASCHIM MEDINIPUR,GARBETA-I,SANDHIPUR,"doi:10.7910/DVN/ZHF9WC datafile 10396546 (r3-all-2018.csv.gz, md5 fd3487254ae01b22b999d6425fa62309)"
2018,PASCHIM MEDINIPUR,GARBETA-I,SHYAMNAGAR,"doi:10.7910/DVN/ZHF9WC datafile 10396546 (r3-all-2018.csv.gz, md5 fd3487254ae01b22b999d6425fa62309)"
2018,PASCHIM MEDINIPUR,GARBETA-II,AMLASULI,"doi:10.7910/DVN/ZHF9WC datafile 10396546 (r3-all-2018.csv.gz, md5 fd3487254ae01b22b999d6425fa62309)"
2018,PASCHIM MEDINIPUR,GARBETA-II,GOALTOR,"doi:10.7910/DVN/ZHF9WC datafile 10396546 (r3-all-2018.csv.gz, md5 fd3487254ae01b22b999d6425fa62309)"
2018,PASCHIM MEDINIPUR,GARBETA-II,GOHALDANGA,"doi:10.7910/DVN/ZHF9WC datafile 10396546 (r3-all-2018.csv.gz, md5 fd3487254ae01b22b999d6425fa62309)"
2018,PASCHIM MEDINIPUR,GARBETA-II,JEERAPARA,"doi:10.7910/DVN/ZHF9WC datafile 10396546 (r3-all-2018.csv.gz, md5 fd3487254ae01b22b999d6425fa62309)"
2018,PASCHIM MEDINIPUR,GARBETA-II,JOGARDANGA,"doi:10.7910/DVN/ZHF9WC datafile 10396546 (r3-all-2018.csv.gz, md5 fd3487254ae01b22b999d6425fa62309)"
2018,PASCHIM MEDINIPUR,GARBETA-II,MAKLI,"doi:10.7910/DVN/ZHF9WC datafile 10396546 (r3-all-2018.csv.gz, md5 fd3487254ae01b22b999d6425fa62309)"
2018,PASCHIM MEDINIPUR,GARBETA-II,PATHARPARA,"doi:10.7910/DVN/ZHF9WC datafile 10396546 (r3-all-2018.csv.gz, md5 fd3487254ae01b22b999d6425fa62309)"
2018,PASCHIM MEDINIPUR,GARBETA-II,PINGBANI,"doi:10.7910/DVN/ZHF9WC datafile 10396546 (r3-all-2018.csv.gz, md5 fd3487254ae01b22b999d6425fa62309)"
2018,PASCHIM MEDINIPUR,GARBETA-II,PIYASALA,"doi:10.7910/DVN/ZHF9WC datafile 10396546 (r3-all-2018.csv.gz, md5 fd3487254ae01b22b999d6425fa62309)"
2018,PASCHIM MEDINIPUR,GARBETA-II,SARBOTH,"doi:10.7910/DVN/ZHF9WC datafile 10396546 (r3-all-2018.csv.gz, md5 fd3487254ae01b22b999d6425fa62309)"
2018,PASCHIM MEDINIPUR,GARBETA-III,AMSOLE,"doi:10.7910/DVN/ZHF9WC datafile 10396546 (r3-all-2018.csv.gz, md5 fd3487254ae01b22b999d6425fa62309)"
2018,PASCHIM MEDINIPUR,GARBETA-III,KARSA,"doi:10.7910/DVN/ZHF9WC datafile 10396546 (r3-all-2018.csv.gz, md5 fd3487254ae01b22b999d6425fa62309)"
2018,PASCHIM MEDINIPUR,GARBETA-III,NALBONA,"doi:10.7910/DVN/ZHF9WC datafile 10396546 (r3-all-2018.csv.gz, md5 fd3487254ae01b22b999d6425fa62309)"
2018,PASCHIM MEDINIPUR,GARBETA-III,NAYABASAT,"doi:10.7910/DVN/ZHF9WC datafile 10396546 (r3-all-2018.csv.gz, md5 fd3487254ae01b22b999d6425fa62309)"
2018,PASCHIM MEDINIPUR,GARBETA-III,RASKUNDA,"doi:10.7910/DVN/ZHF9WC datafile 10396546 (r3-all-2018.csv.gz, md5 fd3487254ae01b22b999d6425fa62309)"
2018,PASCHIM MEDINIPUR,GARBETA-III,SATBANKURA,"doi:10.7910/DVN/ZHF9WC datafile 10396546 (r3-all-2018.csv.gz, md5 fd3487254ae01b22b999d6425fa62309)"
2018,PASCHIM MEDINIPUR,GARBETA-III,SHANKARKANTA,"doi:10.7910/DVN/ZHF9WC datafile 10396546 (r3-all-2018.csv.gz, md5 fd3487254ae01b22b999d6425fa62309)"
2018,PASCHIM MEDINIPUR,GARBETA-III,URIASAI,"doi:10.7910/DVN/ZHF9WC datafile 10396546 (r3-all-2018.csv.gz, md5 fd3487254ae01b22b999d6425fa62309)"
2018,KALIMPONG,GARUBATHAN,AAHALEY,"doi:10.7910/DVN/ZHF9WC datafile 10396546 (r3-all-2018.csv.gz, md5 fd3487254ae01b22b999d6425fa62309)"
2018,KALIMPONG,GARUBATHAN,DALIM,"doi:10.7910/DVN/ZHF9WC datafile 10396546 (r3-all-2018.csv.gz, md5 fd3487254ae01b22b999d6425fa62309)"
2018,KALIMPONG,GARUBATHAN,GARUBATHAN-I,"doi:10.7910/DVN/ZHF9WC datafile 10396546 (r3-all-2018.csv.gz, md5 fd3487254ae01b22b999d6425fa62309)"
2018,KALIMPONG,GARUBATHAN,GARUBATHAN-II,"doi:10.7910/DVN/ZHF9WC datafile 10396546 (r3-all-2018.csv.gz, md5 fd3487254ae01b22b999d6425fa62309)"
2018,KALIMPONG,GARUBATHAN,KUMAI,"doi:10.7910/DVN/ZHF9WC datafile 10396546 (r3-all-2018.csv.gz, md5 fd3487254ae01b22b999d6425fa62309)"
2018,KALIMPONG,GARUBATHAN,NIM,"doi:10.7910/DVN/ZHF9WC datafile 10396546 (r3-all-2018.csv.gz, md5 fd3487254ae01b22b999d6425fa62309)"
2018,KALIMPONG,GARUBATHAN,PATENGODAK,"doi:10.7910/DVN/ZHF9WC datafile 10396546 (r3-all-2018.csv.gz, md5 fd3487254ae01b22b999d6425fa62309)"
2018,KALIMPONG,GARUBATHAN,POKHREYBONG,"doi:10.7910/DVN/ZHF9WC datafile 10396546 (r3-all-2018.csv.gz, md5 fd3487254ae01b22b999d6425fa62309)"
2018,KALIMPONG,GARUBATHAN,RONGO,"doi:10.7910/DVN/ZHF9WC datafile 10396546 (r3-all-2018.csv.gz, md5 fd3487254ae01b22b999d6425fa62309)"
2018,KALIMPONG,GARUBATHAN,SAMSING,"doi:10.7910/DVN/ZHF9WC datafile 10396546 (r3-all-2018.csv.gz, md5 fd3487254ae01b22b999d6425fa62309)"
2018,KALIMPONG,GARUBATHAN,TODEYTANGTA,"doi:10.7910/DVN/ZHF9WC datafile 10396546 (r3-all-2018.csv.gz, md5 fd3487254ae01b22b999d6425fa62309)"
2018,MALDAH,GAZOLE,ALAL,"doi:10.7910/DVN/ZHF9WC datafile 10396546 (r3-all-2018.csv.gz, md5 fd3487254ae01b22b999d6425fa62309)"
2018,MALDAH,GAZOLE,BABUPUR,"doi:10.7910/DVN/ZHF9WC datafile 10396546 (r3-all-2018.csv.gz, md5 fd3487254ae01b22b999d6425fa62309)"
2018,MALDAH,GAZOLE,BAIRGACHHI-I,"doi:10.7910/DVN/ZHF9WC datafile 10396546 (r3-all-2018.csv.gz, md5 fd3487254ae01b22b999d6425fa62309)"
2018,MALDAH,GAZOLE,BAIRGACHHI-II,"doi:10.7910/DVN/ZHF9WC datafile 10396546 (r3-all-2018.csv.gz, md5 fd3487254ae01b22b999d6425fa62309)"
2018,MALDAH,GAZOLE,CHAKNAGAR,"doi:10.7910/DVN/ZHF9WC datafile 10396546 (r3-all-2018.csv.gz, md5 fd3487254ae01b22b999d6425fa62309)"
2018,MALDAH,GAZOLE,DEOTALA,"doi:10.7910/DVN/ZHF9WC datafile 10396546 (r3-all-2018.csv.gz, md5 fd3487254ae01b22b999d6425fa62309)"
2018,MALDAH,GAZOLE,GAZOLE-I,"doi:10.7910/DVN/ZHF9WC datafile 10396546 (r3-all-2018.csv.gz, md5 fd3487254ae01b22b999d6425fa62309)"
2018,MALDAH,GAZOLE,GAZOLE-II,"doi:10.7910/DVN/ZHF9WC datafile 10396546 (r3-all-2018.csv.gz, md5 fd3487254ae01b22b999d6425fa62309)"
2018,MALDAH,GAZOLE,KARKACH,"doi:10.7910/DVN/ZHF9WC datafile 10396546 (r3-all-2018.csv.gz, md5 fd3487254ae01b22b999d6425fa62309)"
2018,MALDAH,GAZOLE,MAJHRA,"doi:10.7910/DVN/ZHF9WC datafile 10396546 (r3-all-2018.csv.gz, md5 fd3487254ae01b22b999d6425fa62309)"
2018,MALDAH,GAZOLE,PANDUA,"doi:10.7910/DVN/ZHF9WC datafile 10396546 (r3-all-2018.csv.gz, md5 fd3487254ae01b22b999d6425fa62309)"
2018,MALDAH,GAZOLE,RANIGANJ-I,"doi:10.7910/DVN/ZHF9WC datafile 10396546 (r3-all-2018.csv.gz, md5 fd3487254ae01b22b999d6425fa62309)"
2018,MALDAH,GAZOLE,RANIGANJ-II,"doi:10.7910/DVN/ZHF9WC datafile 10396546 (r3-all-2018.csv.gz, md5 fd3487254ae01b22b999d6425fa62309)"
2018,MALDAH,GAZOLE,SAHAJADPUR,"doi:10.7910/DVN/ZHF9WC datafile 10396546 (r3-all-2018.csv.gz, md5 fd3487254ae01b22b999d6425fa62309)"
2018,MALDAH,GAZOLE,SALAIDANGA,"doi:10.7910/DVN/ZHF9WC datafile 10396546 (r3-all-2018.csv.gz, md5 fd3487254ae01b22b999d6425fa62309)"
2018,PASCHIM MEDINIPUR,GHATAL,AJABNAGAR-I,"doi:10.7910/DVN/ZHF9WC datafile 10396546 (r3-all-2018.csv.gz, md5 fd3487254ae01b22b999d6425fa62309)"
2018,PASCHIM MEDINIPUR,GHATAL,AJABNAGAR-II,"doi:10.7910/DVN/ZHF9WC datafile 10396546 (r3-all-2018.csv.gz, md5 fd3487254ae01b22b999d6425fa62309)"
2018,PASCHIM MEDINIPUR,GHATAL,BEERSINGHA,"doi:10.7910/DVN/ZHF9WC datafile 10396546 (r3-all-2018.csv.gz, md5 fd3487254ae01b22b999d6425fa62309)"
2018,PASCHIM MEDINIPUR,GHATAL,DEWANCHAK-I,"doi:10.7910/DVN/ZHF9WC datafile 10396546 (r3-all-2018.csv.gz, md5 fd3487254ae01b22b999d6425fa62309)"
2018,PASCHIM MEDINIPUR,GHATAL,DEWANCHAK-II,"doi:10.7910/DVN/ZHF9WC datafile 10396546 (r3-all-2018.csv.gz, md5 fd3487254ae01b22b999d6425fa62309)"
2018,PASCHIM MEDINIPUR,GHATAL,IRHPALA,"doi:10.7910/DVN/ZHF9WC datafile 10396546 (r3-all-2018.csv.gz, md5 fd3487254ae01b22b999d6425fa62309)"
2018,PASCHIM MEDINIPUR,GHATAL,MANSUKA-I,"doi:10.7910/DVN/ZHF9WC datafile 10396546 (r3-all-2018.csv.gz, md5 fd3487254ae01b22b999d6425fa62309)"
2018,PASCHIM MEDINIPUR,GHATAL,MANSUKA-II,"doi:10.7910/DVN/ZHF9WC datafile 10396546 (r3-all-2018.csv.gz, md5 fd3487254ae01b22b999d6425fa62309)"
2018,PASCHIM MEDINIPUR,GHATAL,MOHANPUR,"doi:10.7910/DVN/ZHF9WC datafile 10396546 (r3-all-2018.csv.gz, md5 fd3487254ae01b22b999d6425fa62309)"
2018,PASCHIM MEDINIPUR,GHATAL,MONOHARPUR-I,"doi:10.7910/DVN/ZHF9WC datafile 10396546 (r3-all-2018.csv.gz, md5 fd3487254ae01b22b999d6425fa62309)"
2018,PASCHIM MEDINIPUR,GHATAL,MONOHARPUR-II,"doi:10.7910/DVN/ZHF9WC datafile 10396546 (r3-all-2018.csv.gz, md5 fd3487254ae01b22b999d6425fa62309)"
2018,PASCHIM MEDINIPUR,GHATAL,SULTANPUR,"doi:10.7910/DVN/ZHF9WC datafile 10396546 (r3-all-2018.csv.gz, md5 fd3487254ae01b22b999d6425fa62309)"
2018,DINAJPUR UTTAR,GOALPOKHAR II,BELON,"doi:10.7910/DVN/ZHF9WC datafile 10396546 (r3-all-2018.csv.gz, md5 fd3487254ae01b22b999d6425fa62309)"
2018,DINAJPUR UTTAR,GOALPOKHAR II,BIDYANANDAPUR,"doi:10.7910/DVN/ZHF9WC datafile 10396546 (r3-all-2018.csv.gz, md5 fd3487254ae01b22b999d6425fa62309)"
2018,DINAJPUR UTTAR,GOALPOKHAR II,CHAKULIA,"doi:10.7910/DVN/ZHF9WC datafile 10396546 (r3-all-2018.csv.gz, md5 fd3487254ae01b22b999d6425fa62309)"
2018,DINAJPUR UTTAR,GOALPOKHAR II,KANKI,"doi:10.7910/DVN/ZHF9WC datafile 10396546 (r3-all-2018.csv.gz, md5 fd3487254ae01b22b999d6425fa62309)"
2018,DINAJPUR UTTAR,GOALPOKHAR II,NIJAMPUR-I,"doi:10.7910/DVN/ZHF9WC datafile 10396546 (r3-all-2018.csv.gz, md5 fd3487254ae01b22b999d6425fa62309)"
2018,DINAJPUR UTTAR,GOALPOKHAR II,NIJAMPUR-II,"doi:10.7910/DVN/ZHF9WC datafile 10396546 (r3-all-2018.csv.gz, md5 fd3487254ae01b22b999d6425fa62309)"
2018,DINAJPUR UTTAR,GOALPOKHAR II,SAHAPUR-I,"doi:10.7910/DVN/ZHF9WC datafile 10396546 (r3-all-2018.csv.gz, md5 fd3487254ae01b22b999d6425fa62309)"
2018,DINAJPUR UTTAR,GOALPOKHAR II,SAHAPUR-II,"doi:10.7910/DVN/ZHF9WC datafile 10396546 (r3-all-2018.csv.gz, md5 fd3487254ae01b22b999d6425fa62309)"
2018,DINAJPUR UTTAR,GOALPOKHAR II,SURJAPUR-I,"doi:10.7910/DVN/ZHF9WC datafile 10396546 (r3-all-2018.csv.gz, md5 fd3487254ae01b22b999d6425fa62309)"
2018,DINAJPUR UTTAR,GOALPOKHAR II,SURJAPUR-II,"doi:10.7910/DVN/ZHF9WC datafile 10396546 (r3-all-2018.csv.gz, md5 fd3487254ae01b22b999d6425fa62309)"
2018,DINAJPUR UTTAR,GOALPOKHAR II,TORIYAL,"doi:10.7910/DVN/ZHF9WC datafile 10396546 (r3-all-2018.csv.gz, md5 fd3487254ae01b22b999d6425fa62309)"
2018,DINAJPUR UTTAR,GOALPOKHAR-I,DHARAMPUR-I,"doi:10.7910/DVN/ZHF9WC datafile 10396546 (r3-all-2018.csv.gz, md5 fd3487254ae01b22b999d6425fa62309)"
2018,DINAJPUR UTTAR,GOALPOKHAR-I,DHARAMPUR-II,"doi:10.7910/DVN/ZHF9WC datafile 10396546 (r3-all-2018.csv.gz, md5 fd3487254ae01b22b999d6425fa62309)"
2018,DINAJPUR UTTAR,GOALPOKHAR-I,GOAGAON-I,"doi:10.7910/DVN/ZHF9WC datafile 10396546 (r3-all-2018.csv.gz, md5 fd3487254ae01b22b999d6425fa62309)"
2018,DINAJPUR UTTAR,GOALPOKHAR-I,GOAGAON-II,"doi:10.7910/DVN/ZHF9WC datafile 10396546 (r3-all-2018.csv.gz, md5 fd3487254ae01b22b999d6425fa62309)"
2018,DINAJPUR UTTAR,GOALPOKHAR-I,GOALPOKHAR,"doi:10.7910/DVN/ZHF9WC datafile 10396546 (r3-all-2018.csv.gz, md5 fd3487254ae01b22b999d6425fa62309)"
2018,DINAJPUR UTTAR,GOALPOKHAR-I,GOTI,"doi:10.7910/DVN/ZHF9WC datafile 10396546 (r3-all-2018.csv.gz, md5 fd3487254ae01b22b999d6425fa62309)"
2018,DINAJPUR UTTAR,GOALPOKHAR-I,JAINGAON,"doi:10.7910/DVN/ZHF9WC datafile 10396546 (r3-all-2018.csv.gz, md5 fd3487254ae01b22b999d6425fa62309)"
2018,DINAJPUR UTTAR,GOALPOKHAR-I,KHAGORE,"doi:10.7910/DVN/ZHF9WC datafile 10396546 (r3-all-2018.csv.gz, md5 fd3487254ae01b22b999d6425fa62309)"
2018,DINAJPUR UTTAR,GOALPOKHAR-I,LODHAN,"doi:10.7910/DVN/ZHF9WC datafile 10396546 (r3-all-2018.csv.gz, md5 fd3487254ae01b22b999d6425fa62309)"
2018,DINAJPUR UTTAR,GOALPOKHAR-I,MAHUA,"doi:10.7910/DVN/ZHF9WC datafile 10396546 (r3-all-2018.csv.gz, md5 fd3487254ae01b22b999d6425fa62309)"
2018,DINAJPUR UTTAR,GOALPOKHAR-I,PANJIPARA,"doi:10.7910/DVN/ZHF9WC datafile 10396546 (r3-all-2018.csv.gz, md5 fd3487254ae01b22b999d6425fa62309)"
2018,DINAJPUR UTTAR,GOALPOKHAR-I,POKHARIA,"doi:10.7910/DVN/ZHF9WC datafile 10396546 (r3-all-2018.csv.gz, md5 fd3487254ae01b22b999d6425fa62309)"
2018,DINAJPUR UTTAR,GOALPOKHAR-I,SAHAPUR-I,"doi:10.7910/DVN/ZHF9WC datafile 10396546 (r3-all-2018.csv.gz, md5 fd3487254ae01b22b999d6425fa62309)"
2018,DINAJPUR UTTAR,GOALPOKHAR-I,SAHAPUR-II,"doi:10.7910/DVN/ZHF9WC datafile 10396546 (r3-all-2018.csv.gz, md5 fd3487254ae01b22b999d6425fa62309)"
2018,HOOGHLY,GOGHAT-I,BALI,"doi:10.7910/DVN/ZHF9WC datafile 10396546 (r3-all-2018.csv.gz, md5 fd3487254ae01b22b999d6425fa62309)"
2018,HOOGHLY,GOGHAT-I,BHADUR,"doi:10.7910/DVN/ZHF9WC datafile 10396546 (r3-all-2018.csv.gz, md5 fd3487254ae01b22b999d6425fa62309)"
2018,HOOGHLY,GOGHAT-I,GOGHAT,"doi:10.7910/DVN/ZHF9WC datafile 10396546 (r3-all-2018.csv.gz, md5 fd3487254ae01b22b999d6425fa62309)"
2018,HOOGHLY,GOGHAT-I,KUMARSA,"doi:10.7910/DVN/ZHF9WC datafile 10396546 (r3-all-2018.csv.gz, md5 fd3487254ae01b22b999d6425fa62309)"
2018,HOOGHLY,GOGHAT-I,NAKUNDA,"doi:10.7910/DVN/ZHF9WC datafile 10396546 (r3-all-2018.csv.gz, md5 fd3487254ae01b22b999d6425fa62309)"
2018,HOOGHLY,GOGHAT-I,RAGHUBATI,"doi:10.7910/DVN/ZHF9WC datafile 10396546 (r3-all-2018.csv.gz, md5 fd3487254ae01b22b999d6425fa62309)"
2018,HOOGHLY,GOGHAT-I,SAORA,"doi:10.7910/DVN/ZHF9WC datafile 10396546 (r3-all-2018.csv.gz, md5 fd3487254ae01b22b999d6425fa62309)"
2018,HOOGHLY,GOGHAT-II,BADANGANJ-FALUI-I,"doi:10.7910/DVN/ZHF9WC datafile 10396546 (r3-all-2018.csv.gz, md5 fd3487254ae01b22b999d6425fa62309)"
2018,HOOGHLY,GOGHAT-II,BADANGANJ-FALUI-II,"doi:10.7910/DVN/ZHF9WC datafile 10396546 (r3-all-2018.csv.gz, md5 fd3487254ae01b22b999d6425fa62309)"
2018,HOOGHLY,GOGHAT-II,BENGAI,"doi:10.7910/DVN/ZHF9WC datafile 10396546 (r3-all-2018.csv.gz, md5 fd3487254ae01b22b999d6425fa62309)"
2018,HOOGHLY,GOGHAT-II,HAZIPUR,"doi:10.7910/DVN/ZHF9WC datafile 10396546 (r3-all-2018.csv.gz, md5 fd3487254ae01b22b999d6425fa62309)"
2018,HOOGHLY,GOGHAT-II,KAMARPUKUR,"doi:10.7910/DVN/ZHF9WC datafile 10396546 (r3-all-2018.csv.gz, md5 fd3487254ae01b22b999d6425fa62309)"
2018,HOOGHLY,GOGHAT-II,KUMARGANJ,"doi:10.7910/DVN/ZHF9WC datafile 10396546 (r3-all-2018.csv.gz, md5 fd3487254ae01b22b999d6425fa62309)"
2018,HOOGHLY,GOGHAT-II,MANDARAN,"doi:10.7910/DVN/ZHF9WC datafile 10396546 (r3-all-2018.csv.gz, md5 fd3487254ae01b22b999d6425fa62309)"
2018,HOOGHLY,GOGHAT-II,PASCHIMPARA,"doi:10.7910/DVN/ZHF9WC datafile 10396546 (r3-all-2018.csv.gz, md5 fd3487254ae01b22b999d6425fa62309)"
2018,HOOGHLY,GOGHAT-II,SHYAMBAZAR,"doi:10.7910/DVN/ZHF9WC datafile 10396546 (r3-all-2018.csv.gz, md5 fd3487254ae01b22b999d6425fa62309)"
2018,JHARGRAM,GOPIBALLAV PUR -II,BELIABERA,"doi:10.7910/DVN/ZHF9WC datafile 10396546 (r3-all-2018.csv.gz, md5 fd3487254ae01b22b999d6425fa62309)"
2018,JHARGRAM,GOPIBALLAV PUR -II,CHORCHITA,"doi:10.7910/DVN/ZHF9WC datafile 10396546 (r3-all-2018.csv.gz, md5 fd3487254ae01b22b999d6425fa62309)"
2018,JHARGRAM,GOPIBALLAV PUR -II,KHARBANDHI,"doi:10.7910/DVN/ZHF9WC datafile 10396546 (r3-all-2018.csv.gz, md5 fd3487254ae01b22b999d6425fa62309)"
2018,JHARGRAM,GOPIBALLAV PUR -II,KULIANA,"doi:10.7910/DVN/ZHF9WC datafile 10396546 (r3-all-2018.csv.gz, md5 fd3487254ae01b22b999d6425fa62309)"
2018,JHARGRAM,GOPIBALLAV PUR -II,NOTA,"doi:10.7910/DVN/ZHF9WC datafile 10396546 (r3-all-2018.csv.gz, md5 fd3487254ae01b22b999d6425fa62309)"
2018,JHARGRAM,GOPIBALLAV PUR -II,PETBINDHI,"doi:10.7910/DVN/ZHF9WC datafile 10396546 (r3-all-2018.csv.gz, md5 fd3487254ae01b22b999d6425fa62309)"
2018,JHARGRAM,GOPIBALLAV PUR -II,TAPSHIA,"doi:10.7910/DVN/ZHF9WC datafile 10396546 (r3-all-2018.csv.gz, md5 fd3487254ae01b22b999d6425fa62309)"
2018,JHARGRAM,GOPIBALLAVPUR-I,ALAMPUR,"doi:10.7910/DVN/ZHF9WC datafile 10396546 (r3-all-2018.csv.gz, md5 fd3487254ae01b22b999d6425fa62309)"
2018,JHARGRAM,GOPIBALLAVPUR-I,AMARDA,"doi:10.7910/DVN/ZHF9WC datafile 10396546 (r3-all-2018.csv.gz, md5 fd3487254ae01b22b999d6425fa62309)"
2018,JHARGRAM,GOPIBALLAVPUR-I,GOPIBALLAVPUR,"doi:10.7910/DVN/ZHF9WC datafile 10396546 (r3-all-2018.csv.gz, md5 fd3487254ae01b22b999d6425fa62309)"
2018,JHARGRAM,GOPIBALLAVPUR-I,KENDUGARI,"doi:10.7910/DVN/ZHF9WC datafile 10396546 (r3-all-2018.csv.gz, md5 fd3487254ae01b22b999d6425fa62309)"
2018,JHARGRAM,GOPIBALLAVPUR-I,SARIA,"doi:10.7910/DVN/ZHF9WC datafile 10396546 (r3-all-2018.csv.gz, md5 fd3487254ae01b22b999d6425fa62309)"
2018,JHARGRAM,GOPIBALLAVPUR-I,SATMA,"doi:10.7910/DVN/ZHF9WC datafile 10396546 (r3-all-2018.csv.gz, md5 fd3487254ae01b22b999d6425fa62309)"
2018,JHARGRAM,GOPIBALLAVPUR-I,SHASHRHA,"doi:10.7910/DVN/ZHF9WC datafile 10396546 (r3-all-2018.csv.gz, md5 fd3487254ae01b22b999d6425fa62309)"
2018,24 PARGANAS SOUTH,GOSABA,AMTALI,"doi:10.7910/DVN/ZHF9WC datafile 10396546 (r3-all-2018.csv.gz, md5 fd3487254ae01b22b999d6425fa62309)"
2018,24 PARGANAS SOUTH,GOSABA,BALI-I,"doi:10.7910/DVN/ZHF9WC datafile 10396546 (r3-all-2018.csv.gz, md5 fd3487254ae01b22b999d6425fa62309)"
2018,24 PARGANAS SOUTH,GOSABA,BALI-II,"doi:10.7910/DVN/ZHF9WC datafile 10396546 (r3-all-2018.csv.gz, md5 fd3487254ae01b22b999d6425fa62309)"
2018,24 PARGANAS SOUTH,GOSABA,BIPRADASPUR,"doi:10.7910/DVN/ZHF9WC datafile 10396546 (r3-all-2018.csv.gz, md5 fd3487254ae01b22b999d6425fa62309)"
2018,24 PARGANAS SOUTH,GOSABA,CHHOTA MOLLAKHALI,"doi:10.7910/DVN/ZHF9WC datafile 10396546 (r3-all-2018.csv.gz, md5 fd3487254ae01b22b999d6425fa62309)"
2018,24 PARGANAS SOUTH,GOSABA,GOSABA,"doi:10.7910/DVN/ZHF9WC datafile 10396546 (r3-all-2018.csv.gz, md5 fd3487254ae01b22b999d6425fa62309)"
2018,24 PARGANAS SOUTH,GOSABA,KACHUKHALI,"doi:10.7910/DVN/ZHF9WC datafile 10396546 (r3-all-2018.csv.gz, md5 fd3487254ae01b22b999d6425fa62309)"
2018,24 PARGANAS SOUTH,GOSABA,KUMIRMARI,"doi:10.7910/DVN/ZHF9WC datafile 10396546 (r3-all-2018.csv.gz, md5 fd3487254ae01b22b999d6425fa62309)"
2018,24 PARGANAS SOUTH,GOSABA,LAHIRIPUR,"doi:10.7910/DVN/ZHF9WC datafile 10396546 (r3-all-2018.csv.gz, md5 fd3487254ae01b22b999d6425fa62309)"
2018,24 PARGANAS SOUTH,GOSABA,PATHANKHALI,"doi:10.7910/DVN/ZHF9WC datafile 10396546 (r3-all-2018.csv.gz, md5 fd3487254ae01b22b999d6425fa62309)"
2018,24 PARGANAS SOUTH,GOSABA,RADHANAGAR-TARANAGAR,"doi:10.7910/DVN/ZHF9WC datafile 10396546 (r3-all-2018.csv.gz, md5 fd3487254ae01b22b999d6425fa62309)"
2018,24 PARGANAS SOUTH,GOSABA,RANGABELIA,"doi:10.7910/DVN/ZHF9WC datafile 10396546 (r3-all-2018.csv.gz, md5 fd3487254ae01b22b999d6425fa62309)"
2018,24 PARGANAS SOUTH,GOSABA,SATJELIA,"doi:10.7910/DVN/ZHF9WC datafile 10396546 (r3-all-2018.csv.gz, md5 fd3487254ae01b22b999d6425fa62309)"
2018,24 PARGANAS SOUTH,GOSABA,SHAMBHUNAGAR,"doi:10.7910/DVN/ZHF9WC datafile 10396546 (r3-all-2018.csv.gz, md5 fd3487254ae01b22b999d6425fa62309)"
2018,DINAJPUR DAKSHIN,Gangarampur,ASHOKEGRAM,"doi:10.7910/DVN/ZHF9WC datafile 10396546 (r3-all-2018.csv.gz, md5 fd3487254ae01b22b999d6425fa62309)"
2018,DINAJPUR DAKSHIN,Gangarampur,BASURIA,"doi:10.7910/DVN/ZHF9WC datafile 10396546 (r3-all-2018.csv.gz, md5 fd3487254ae01b22b999d6425fa62309)"
2018,DINAJPUR DAKSHIN,Gangarampur,BELBARI-I,"doi:10.7910/DVN/ZHF9WC datafile 10396546 (r3-all-2018.csv.gz, md5 fd3487254ae01b22b999d6425fa62309)"
2018,DINAJPUR DAKSHIN,Gangarampur,BELBARI-II,"doi:10.7910/DVN/ZHF9WC datafile 10396546 (r3-all-2018.csv.gz, md5 fd3487254ae01b22b999d6425fa62309)"
2018,DINAJPUR DAKSHIN,Gangarampur,CHALOON,"doi:10.7910/DVN/ZHF9WC datafile 10396546 (r3-all-2018.csv.gz, md5 fd3487254ae01b22b999d6425fa62309)"
2018,DINAJPUR DAKSHIN,Gangarampur,DAMDAMA,"doi:10.7910/DVN/ZHF9WC datafile 10396546 (r3-all-2018.csv.gz, md5 fd3487254ae01b22b999d6425fa62309)"
2018,DINAJPUR DAKSHIN,Gangarampur,GANGARAMPUR,"doi:10.7910/DVN/ZHF9WC datafile 10396546 (r3-all-2018.csv.gz, md5 fd3487254ae01b22b999d6425fa62309)"
2018,DINAJPUR DAKSHIN,Gangarampur,JAHANGIRPUR,"doi:10.7910/DVN/ZHF9WC datafile 10396546 (r3-all-2018.csv.gz, md5 fd3487254ae01b22b999d6425fa62309)"
2018,DINAJPUR DAKSHIN,Gangarampur,NANDANPUR,"doi:10.7910/DVN/ZHF9WC datafile 10396546 (r3-all-2018.csv.gz, md5 fd3487254ae01b22b999d6425fa62309)"
2018,DINAJPUR DAKSHIN,Gangarampur,SUKDEVPUR,"doi:10.7910/DVN/ZHF9WC datafile 10396546 (r3-all-2018.csv.gz, md5 fd3487254ae01b22b999d6425fa62309)"
2018,DINAJPUR DAKSHIN,Gangarampur,UDAY,"doi:10.7910/DVN/ZHF9WC datafile 10396546 (r3-all-2018.csv.gz, md5 fd3487254ae01b22b999d6425fa62309)"
2018,MALDAH,HABIBPUR,AIHO,"doi:10.7910/DVN/ZHF9WC datafile 10396546 (r3-all-2018.csv.gz, md5 fd3487254ae01b22b999d6425fa62309)"
2018,MALDAH,HABIBPUR,AKTAIL,"doi:10.7910/DVN/ZHF9WC datafile 10396546 (r3-all-2018.csv.gz, md5 fd3487254ae01b22b999d6425fa62309)"
2018,MALDAH,HABIBPUR,BAIDYAPUR,"doi:10.7910/DVN/ZHF9WC datafile 10396546 (r3-all-2018.csv.gz, md5 fd3487254ae01b22b999d6425fa62309)"
2018,MALDAH,HABIBPUR,BULBULCHANDI,"doi:10.7910/DVN/ZHF9WC datafile 10396546 (r3-all-2018.csv.gz, md5 fd3487254ae01b22b999d6425fa62309)"
2018,MALDAH,HABIBPUR,DHUMPUR,"doi:10.7910/DVN/ZHF9WC datafile 10396546 (r3-all-2018.csv.gz, md5 fd3487254ae01b22b999d6425fa62309)"
2018,MALDAH,HABIBPUR,HABIBPUR,"doi:10.7910/DVN/ZHF9WC datafile 10396546 (r3-all-2018.csv.gz, md5 fd3487254ae01b22b999d6425fa62309)"
2018,MALDAH,HABIBPUR,JAJAIL,"doi:10.7910/DVN/ZHF9WC datafile 10396546 (r3-all-2018.csv.gz, md5 fd3487254ae01b22b999d6425fa62309)"
2018,MALDAH,HABIBPUR,KANTURKA,"doi:10.7910/DVN/ZHF9WC datafile 10396546 (r3-all-2018.csv.gz, md5 fd3487254ae01b22b999d6425fa62309)"
2018,MALDAH,HABIBPUR,MANGALPUR,"doi:10.7910/DVN/ZHF9WC datafile 10396546 (r3-all-2018.csv.gz, md5 fd3487254ae01b22b999d6425fa62309)"
2018,MALDAH,HABIBPUR,RISHIPUR,"doi:10.7910/DVN/ZHF9WC datafile 10396546 (r3-all-2018.csv.gz, md5 fd3487254ae01b22b999d6425fa62309)"
2018,MALDAH,HABIBPUR,SREERAMPUR,"doi:10.7910/DVN/ZHF9WC datafile 10396546 (r3-all-2018.csv.gz, md5 fd3487254ae01b22b999d6425fa62309)"
2018,24 PARGANAS (NORTH),HABRA-I,BERGOOM-I,"doi:10.7910/DVN/ZHF9WC datafile 10396546 (r3-all-2018.csv.gz, md5 fd3487254ae01b22b999d6425fa62309)"
2018,24 PARGANAS (NORTH),HABRA-I,BERGOOM-II,"doi:10.7910/DVN/ZHF9WC datafile 10396546 (r3-all-2018.csv.gz, md5 fd3487254ae01b22b999d6425fa62309)"
2018,24 PARGANAS (NORTH),HABRA-I,KUMRA,"doi:10.7910/DVN/ZHF9WC datafile 10396546 (r3-all-2018.csv.gz, md5 fd3487254ae01b22b999d6425fa62309)"
2018,24 PARGANAS (NORTH),HABRA-I,MACHHLANDAPUR-I,"doi:10.7910/DVN/ZHF9WC datafile 10396546 (r3-all-2018.csv.gz, md5 fd3487254ae01b22b999d6425fa62309)"
2018,24 PARGANAS (NORTH),HABRA-I,MACHHLANDAPUR-II,"doi:10.7910/DVN/ZHF9WC datafile 10396546 (r3-all-2018.csv.gz, md5 fd3487254ae01b22b999d6425fa62309)"
2018,24 PARGANAS (NORTH),HABRA-I,PRITHIBA,"doi:10.7910/DVN/ZHF9WC datafile 10396546 (r3-all-2018.csv.gz, md5 fd3487254ae01b22b999d6425fa62309)"
2018,24 PARGANAS (NORTH),HABRA-I,RAUTARA,"doi:10.7910/DVN/ZHF9WC datafile 10396546 (r3-all-2018.csv.gz, md5 fd3487254ae01b22b999d6425fa62309)"
2018,24 PARGANAS (NORTH),HABRA-II,BANSPOLE,"doi:10.7910/DVN/ZHF9WC datafile 10396546 (r3-all-2018.csv.gz, md5 fd3487254ae01b22b999d6425fa62309)"
2018,24 PARGANAS (NORTH),HABRA-II,BERABERI,"doi:10.7910/DVN/ZHF9WC datafile 10396546 (r3-all-2018.csv.gz, md5 fd3487254ae01b22b999d6425fa62309)"
2018,24 PARGANAS (NORTH),HABRA-II,BHURKUNDA,"doi:10.7910/DVN/ZHF9WC datafile 10396546 (r3-all-2018.csv.gz, md5 fd3487254ae01b22b999d6425fa62309)"
2018,24 PARGANAS (NORTH),HABRA-II,DIGHARA MALIKBERIA,"doi:10.7910/DVN/ZHF9WC datafile 10396546 (r3-all-2018.csv.gz, md5 fd3487254ae01b22b999d6425fa62309)"
2018,24 PARGANAS (NORTH),HABRA-II,GUMA-I,"doi:10.7910/DVN/ZHF9WC datafile 10396546 (r3-all-2018.csv.gz, md5 fd3487254ae01b22b999d6425fa62309)"
2018,24 PARGANAS (NORTH),HABRA-II,GUMA-II,"doi:10.7910/DVN/ZHF9WC datafile 10396546 (r3-all-2018.csv.gz, md5 fd3487254ae01b22b999d6425fa62309)"
2018,24 PARGANAS (NORTH),HABRA-II,RAJIBPUR BIRA,"doi:10.7910/DVN/ZHF9WC datafile 10396546 (r3-all-2018.csv.gz, md5 fd3487254ae01b22b999d6425fa62309)"
2018,24 PARGANAS (NORTH),HABRA-II,SRIKRISHNAPUR,"doi:10.7910/DVN/ZHF9WC datafile 10396546 (r3-all-2018.csv.gz, md5 fd3487254ae01b22b999d6425fa62309)"
2018,PURBA MEDINIPUR,HALDIA,BARUTTARHINGLY,"doi:10.7910/DVN/ZHF9WC datafile 10396546 (r3-all-2018.csv.gz, md5 fd3487254ae01b22b999d6425fa62309)"
2018,PURBA MEDINIPUR,HALDIA,CHAKDWIPA,"doi:10.7910/DVN/ZHF9WC datafile 10396546 (r3-all-2018.csv.gz, md5 fd3487254ae01b22b999d6425fa62309)"
2018,PURBA MEDINIPUR,HALDIA,DEBHOG,"doi:10.7910/DVN/ZHF9WC datafile 10396546 (r3-all-2018.csv.gz, md5 fd3487254ae01b22b999d6425fa62309)"
2018,PURBA MEDINIPUR,HALDIA,DEULPOTA,"doi:10.7910/DVN/ZHF9WC datafile 10396546 (r3-all-2018.csv.gz, md5 fd3487254ae01b22b999d6425fa62309)"
2018,COOCHBEHAR,HALDIBARI,BOXIGANJ,"doi:10.7910/DVN/ZHF9WC datafile 10396546 (r3-all-2018.csv.gz, md5 fd3487254ae01b22b999d6425fa62309)"
2018,COOCHBEHAR,HALDIBARI,DAKSHIN BARA HALDIBARI,"doi:10.7910/DVN/ZHF9WC datafile 10396546 (r3-all-2018.csv.gz, md5 fd3487254ae01b22b999d6425fa62309)"
2018,COOCHBEHAR,HALDIBARI,DEWANGANJ,"doi:10.7910/DVN/ZHF9WC datafile 10396546 (r3-all-2018.csv.gz, md5 fd3487254ae01b22b999d6425fa62309)"
2018,COOCHBEHAR,HALDIBARI,HEMKUMARI,"doi:10.7910/DVN/ZHF9WC datafile 10396546 (r3-all-2018.csv.gz, md5 fd3487254ae01b22b999d6425fa62309)"
2018,COOCHBEHAR,HALDIBARI,PER-MEKHLIGANJ,"doi:10.7910/DVN/ZHF9WC datafile 10396546 (r3-all-2018.csv.gz, md5 fd3487254ae01b22b999d6425fa62309)"
2018,COOCHBEHAR,HALDIBARI,UTTAR BARA HALDIBARI,"doi:10.7910/DVN/ZHF9WC datafile 10396546 (r3-all-2018.csv.gz, md5 fd3487254ae01b22b999d6425fa62309)"
2018,NADIA,HANSKHALI,BAGULA-I,"doi:10.7910/DVN/ZHF9WC datafile 10396546 (r3-all-2018.csv.gz, md5 fd3487254ae01b22b999d6425fa62309)"
2018,NADIA,HANSKHALI,BAGULA-II,"doi:10.7910/DVN/ZHF9WC datafile 10396546 (r3-all-2018.csv.gz, md5 fd3487254ae01b22b999d6425fa62309)"
2018,NADIA,HANSKHALI,BATKULLA-I,"doi:10.7910/DVN/ZHF9WC datafile 10396546 (r3-all-2018.csv.gz, md5 fd3487254ae01b22b999d6425fa62309)"
2018,NADIA,HANSKHALI,BATKULLA-II,"doi:10.7910/DVN/ZHF9WC datafile 10396546 (r3-all-2018.csv.gz, md5 fd3487254ae01b22b999d6425fa62309)"
2018,NADIA,HANSKHALI,BETNA GOBINDAPUR,"doi:10.7910/DVN/ZHF9WC datafile 10396546 (r3-all-2018.csv.gz, md5 fd3487254ae01b22b999d6425fa62309)"
2018,NADIA,HANSKHALI,DAKSHINPARA-I,"doi:10.7910/DVN/ZHF9WC datafile 10396546 (r3-all-2018.csv.gz, md5 fd3487254ae01b22b999d6425fa62309)"
2018,NADIA,HANSKHALI,DAKSHINPARA-II,"doi:10.7910/DVN/ZHF9WC datafile 10396546 (r3-all-2018.csv.gz, md5 fd3487254ae01b22b999d6425fa62309)"
2018,NADIA,HANSKHALI,GAJNA,"doi:10.7910/DVN/ZHF9WC datafile 10396546 (r3-all-2018.csv.gz, md5 fd3487254ae01b22b999d6425fa62309)"
2018,NADIA,HANSKHALI,MAMJOAN,"doi:10.7910/DVN/ZHF9WC datafile 10396546 (r3-all-2018.csv.gz, md5 fd3487254ae01b22b999d6425fa62309)"
2018,NADIA,HANSKHALI,MAYURHAT-I,"doi:10.7910/DVN/ZHF9WC datafile 10396546 (r3-all-2018.csv.gz, md5 fd3487254ae01b22b999d6425fa62309)"
2018,NADIA,HANSKHALI,MAYURHAT-II,"doi:10.7910/DVN/ZHF9WC datafile 10396546 (r3-all-2018.csv.gz, md5 fd3487254ae01b22b999d6425fa62309)"
2018,NADIA,HANSKHALI,RAMNAGAR BARACHUPRIA-I,"doi:10.7910/DVN/ZHF9WC datafile 10396546 (r3-all-2018.csv.gz, md5 fd3487254ae01b22b999d6425fa62309)"
2018,NADIA,HANSKHALI,RAMNAGAR BARACHUPRIA-II,"doi:10.7910/DVN/ZHF9WC datafile 10396546 (r3-all-2018.csv.gz, md5 fd3487254ae01b22b999d6425fa62309)"
2018,MURSHIDABAD,HARIHARPARA,BEHARIA,"doi:10.7910/DVN/ZHF9WC datafile 10396546 (r3-all-2018.csv.gz, md5 fd3487254ae01b22b999d6425fa62309)"
2018,MURSHIDABAD,HARIHARPARA,CHOA,"doi:10.7910/DVN/ZHF9WC datafile 10396546 (r3-all-2018.csv.gz, md5 fd3487254ae01b22b999d6425fa62309)"
2018,MURSHIDABAD,HARIHARPARA,DHARAMPUR,"doi:10.7910/DVN/ZHF9WC datafile 10396546 (r3-all-2018.csv.gz, md5 fd3487254ae01b22b999d6425fa62309)"
2018,MURSHIDABAD,HARIHARPARA,HARIHARPARA,"doi:10.7910/DVN/ZHF9WC datafile 10396546 (r3-all-2018.csv.gz, md5 fd3487254ae01b22b999d6425fa62309)"
2018,MURSHIDABAD,HARIHARPARA,HUMAIPUR,"doi:10.7910/DVN/ZHF9WC datafile 10396546 (r3-all-2018.csv.gz, md5 fd3487254ae01b22b999d6425fa62309)"
2018,MURSHIDABAD,HARIHARPARA,KHIDIRPUR,"doi:10.7910/DVN/ZHF9WC datafile 10396546 (r3-all-2018.csv.gz, md5 fd3487254ae01b22b999d6425fa62309)"
2018,MURSHIDABAD,HARIHARPARA,MALOPARA,"doi:10.7910/DVN/ZHF9WC datafile 10396546 (r3-all-2018.csv.gz, md5 fd3487254ae01b22b999d6425fa62309)"
2018,MURSHIDABAD,HARIHARPARA,RAIPUR,"doi:10.7910/DVN/ZHF9WC datafile 10396546 (r3-all-2018.csv.gz, md5 fd3487254ae01b22b999d6425fa62309)"
2018,MURSHIDABAD,HARIHARPARA,RUKUNPUR,"doi:10.7910/DVN/ZHF9WC datafile 10396546 (r3-all-2018.csv.gz, md5 fd3487254ae01b22b999d6425fa62309)"
2018,MURSHIDABAD,HARIHARPARA,SWARUPPUR,"doi:10.7910/DVN/ZHF9WC datafile 10396546 (r3-all-2018.csv.gz, md5 fd3487254ae01b22b999d6425fa62309)"
2018,NADIA,HARINGHATA,BEROHI-I,"doi:10.7910/DVN/ZHF9WC datafile 10396546 (r3-all-2018.csv.gz, md5 fd3487254ae01b22b999d6425fa62309)"
2018,NADIA,HARINGHATA,BEROHI-II,"doi:10.7910/DVN/ZHF9WC datafile 10396546 (r3-all-2018.csv.gz, md5 fd3487254ae01b22b999d6425fa62309)"
2018,NADIA,HARINGHATA,FATEPUR,"doi:10.7910/DVN/ZHF9WC datafile 10396546 (r3-all-2018.csv.gz, md5 fd3487254ae01b22b999d6425fa62309)"
2018,NADIA,HARINGHATA,KASTODANGA-I,"doi:10.7910/DVN/ZHF9WC datafile 10396546 (r3-all-2018.csv.gz, md5 fd3487254ae01b22b999d6425fa62309)"
2018,NADIA,HARINGHATA,KASTODANGA-II,"doi:10.7910/DVN/ZHF9WC datafile 10396546 (r3-all-2018.csv.gz, md5 fd3487254ae01b22b999d6425fa62309)"
2018,NADIA,HARINGHATA,MOLLABELIA,"doi:10.7910/DVN/ZHF9WC datafile 10396546 (r3-all-2018.csv.gz, md5 fd3487254ae01b22b999d6425fa62309)"
2018,NADIA,HARINGHATA,NAGARUKHRA-I,"doi:10.7910/DVN/ZHF9WC datafile 10396546 (r3-all-2018.csv.gz, md5 fd3487254ae01b22b999d6425fa62309)"
2018,NADIA,HARINGHATA,NAGARUKHRA-II,"doi:10.7910/DVN/ZHF9WC datafile 10396546 (r3-all-2018.csv.gz, md5 fd3487254ae01b22b999d6425fa62309)"
2018,HOOGHLY,HARIPAL,HARIPALASHUTOSH,"doi:10.7910/DVN/ZHF9WC datafile 10396546 (r3-all-2018.csv.gz, md5 fd3487254ae01b22b999d6425fa62309)"
2018,HOOGHLY,HARIPAL,ALIPURKASHIPUR,"doi:10.7910/DVN/ZHF9WC datafile 10396546 (r3-all-2018.csv.gz, md5 fd3487254ae01b22b999d6425fa62309)"
2018,HOOGHLY,HARIPAL,BANDIPUR,"doi:10.7910/DVN/ZHF9WC datafile 10396546 (r3-all-2018.csv.gz, md5 fd3487254ae01b22b999d6425fa62309)"
2018,HOOGHLY,HARIPAL,CHANDANPUR,"doi:10.7910/DVN/ZHF9WC datafile 10396546 (r3-all-2018.csv.gz, md5 fd3487254ae01b22b999d6425fa62309)"
2018,HOOGHLY,HARIPAL,DWARHATTA,"doi:10.7910/DVN/ZHF9WC datafile 10396546 (r3-all-2018.csv.gz, md5 fd3487254ae01b22b999d6425fa62309)"
2018,HOOGHLY,HARIPAL,HARIPALKINGKARBATI,"doi:10.7910/DVN/ZHF9WC datafile 10396546 (r3-all-2018.csv.gz, md5 fd3487254ae01b22b999d6425fa62309)"
2018,HOOGHLY,HARIPAL,HARIPALSAHADEV,"doi:10.7910/DVN/ZHF9WC datafile 10396546 (r3-all-2018.csv.gz, md5 fd3487254ae01b22b999d6425fa62309)"
2018,HOOGHLY,HARIPAL,JEJUR,"doi:10.7910/DVN/ZHF9WC datafile 10396546 (r3-all-2018.csv.gz, md5 fd3487254ae01b22b999d6425fa62309)"
2018,HOOGHLY,HARIPAL,KAIKALA,"doi:10.7910/DVN/ZHF9WC datafile 10396546 (r3-all-2018.csv.gz, md5 fd3487254ae01b22b999d6425fa62309)"
2018,HOOGHLY,HARIPAL,NALIKULPASCHIM,"doi:10.7910/DVN/ZHF9WC datafile 10396546 (r3-all-2018.csv.gz, md5 fd3487254ae01b22b999d6425fa62309)"
2018,HOOGHLY,HARIPAL,NALIKULPURBA,"doi:10.7910/DVN/ZHF9WC datafile 10396546 (r3-all-2018.csv.gz, md5 fd3487254ae01b22b999d6425fa62309)"
2018,HOOGHLY,HARIPAL,NARAYANPURBAHIRKHANDA,"doi:10.7910/DVN/ZHF9WC datafile 10396546 (r3-all-2018.csv.gz, md5 fd3487254ae01b22b999d6425fa62309)"
2018,HOOGHLY,HARIPAL,PASCHIMGOPINATHPUR,"doi:10.7910/DVN/ZHF9WC datafile 10396546 (r3-all-2018.csv.gz, md5 fd3487254ae01b22b999d6425fa62309)"
2018,HOOGHLY,HARIPAL,PYANTRA,"doi:10.7910/DVN/ZHF9WC datafile 10396546 (r3-all-2018.csv.gz, md5 fd3487254ae01b22b999d6425fa62309)"
2018,HOOGHLY,HARIPAL,SRIPATIPURILIPUR,"doi:10.7910/DVN/ZHF9WC datafile 10396546 (r3-all-2018.csv.gz, md5 fd3487254ae01b22b999d6425fa62309)"
2018,MALDAH,HARISHCHANDRAPUR-I,BARUI,"doi:10.7910/DVN/ZHF9WC datafile 10396546 (r3-all-2018.csv.gz, md5 fd3487254ae01b22b999d6425fa62309)"
2018,MALDAH,HARISHCHANDRAPUR-I,BHINGOLE,"doi:10.7910/DVN/ZHF9WC datafile 10396546 (r3-all-2018.csv.gz, md5 fd3487254ae01b22b999d6425fa62309)"
2018,MALDAH,HARISHCHANDRAPUR-I,HARISHCHANDRAPUR,"doi:10.7910/DVN/ZHF9WC datafile 10396546 (r3-all-2018.csv.gz, md5 fd3487254ae01b22b999d6425fa62309)"
2018,MALDAH,HARISHCHANDRAPUR-I,KUSIDHA,"doi:10.7910/DVN/ZHF9WC datafile 10396546 (r3-all-2018.csv.gz, md5 fd3487254ae01b22b999d6425fa62309)"
2018,MALDAH,HARISHCHANDRAPUR-I,MAHENDRAPUR,"doi:10.7910/DVN/ZHF9WC datafile 10396546 (r3-all-2018.csv.gz, md5 fd3487254ae01b22b999d6425fa62309)"
2018,MALDAH,HARISHCHANDRAPUR-I,RASHIDABAD,"doi:10.7910/DVN/ZHF9WC datafile 10396546 (r3-all-2018.csv.gz, md5 fd3487254ae01b22b999d6425fa62309)"
2018,MALDAH,HARISHCHANDRAPUR-I,TULSIHATTA,"doi:10.7910/DVN/ZHF9WC datafile 10396546 (r3-all-2018.csv.gz, md5 fd3487254ae01b22b999d6425fa62309)"
2018,MALDAH,HARISHCHANDRAPUR-II,DAULATPUR,"doi:10.7910/DVN/ZHF9WC datafile 10396546 (r3-all-2018.csv.gz, md5 fd3487254ae01b22b999d6425fa62309)"
2018,MALDAH,HARISHCHANDRAPUR-II,DOULATNAGAR,"doi:10.7910/DVN/ZHF9WC datafile 10396546 (r3-all-2018.csv.gz, md5 fd3487254ae01b22b999d6425fa62309)"
2018,MALDAH,HARISHCHANDRAPUR-II,ISLAMPUR,"doi:10.7910/DVN/ZHF9WC datafile 10396546 (r3-all-2018.csv.gz, md5 fd3487254ae01b22b999d6425fa62309)"
2018,MALDAH,HARISHCHANDRAPUR-II,MALIOR-I,"doi:10.7910/DVN/ZHF9WC datafile 10396546 (r3-all-2018.csv.gz, md5 fd3487254ae01b22b999d6425fa62309)"
2018,MALDAH,HARISHCHANDRAPUR-II,MALIOR-II,"doi:10.7910/DVN/ZHF9WC datafile 10396546 (r3-all-2018.csv.gz, md5 fd3487254ae01b22b999d6425fa62309)"
2018,MALDAH,HARISHCHANDRAPUR-II,MASHALDAHA,"doi:10.7910/DVN/ZHF9WC datafile 10396546 (r3-all-2018.csv.gz, md5 fd3487254ae01b22b999d6425fa62309)"
2018,MALDAH,HARISHCHANDRAPUR-II,SADLICHAK,"doi:10.7910/DVN/ZHF9WC datafile 10396546 (r3-all-2018.csv.gz, md5 fd3487254ae01b22b999d6425fa62309)"
2018,MALDAH,HARISHCHANDRAPUR-II,SULTANNAGAR,"doi:10.7910/DVN/ZHF9WC datafile 10396546 (r3-all-2018.csv.gz, md5 fd3487254ae01b22b999d6425fa62309)"
2018,MALDAH,HARISHCHANDRAPUR-II,VALUKA,"doi:10.7910/DVN/ZHF9WC datafile 10396546 (r3-all-2018.csv.gz, md5 fd3487254ae01b22b999d6425fa62309)"
2018,24 PARGANAS (NORTH),HAROA,BAKJURI,"doi:10.7910/DVN/ZHF9WC datafile 10396546 (r3-all-2018.csv.gz, md5 fd3487254ae01b22b999d6425fa62309)"
2018,24 PARGANAS (NORTH),HAROA,GOPALPUR-I,"doi:10.7910/DVN/ZHF9WC datafile 10396546 (r3-all-2018.csv.gz, md5 fd3487254ae01b22b999d6425fa62309)"
2018,24 PARGANAS (NORTH),HAROA,GOPALPUR-II,"doi:10.7910/DVN/ZHF9WC datafile 10396546 (r3-all-2018.csv.gz, md5 fd3487254ae01b22b999d6425fa62309)"
2018,24 PARGANAS (NORTH),HAROA,HAROA,"doi:10.7910/DVN/ZHF9WC datafile 10396546 (r3-all-2018.csv.gz, md5 fd3487254ae01b22b999d6425fa62309)"
2018,24 PARGANAS (NORTH),HAROA,KHASBALANDA,"doi:10.7910/DVN/ZHF9WC datafile 10396546 (r3-all-2018.csv.gz, md5 fd3487254ae01b22b999d6425fa62309)"
2018,24 PARGANAS (NORTH),HAROA,KULTI,"doi:10.7910/DVN/ZHF9WC datafile 10396546 (r3-all-2018.csv.gz, md5 fd3487254ae01b22b999d6425fa62309)"
2018,24 PARGANAS (NORTH),HAROA,SHALIPUR,"doi:10.7910/DVN/ZHF9WC datafile 10396546 (r3-all-2018.csv.gz, md5 fd3487254ae01b22b999d6425fa62309)"
2018,24 PARGANAS (NORTH),HAROA,SONAPUKUR SANKARPUR,"doi:10.7910/DVN/ZHF9WC datafile 10396546 (r3-all-2018.csv.gz, md5 fd3487254ae01b22b999d6425fa62309)"
2018,24 PARGANAS (NORTH),HASNABAD,AMLANI,"doi:10.7910/DVN/ZHF9WC datafile 10396546 (r3-all-2018.csv.gz, md5 fd3487254ae01b22b999d6425fa62309)"
2018,24 PARGANAS (NORTH),HASNABAD,BARUNHAT RAMESWARPUR,"doi:10.7910/DVN/ZHF9WC datafile 10396546 (r3-all-2018.csv.gz, md5 fd3487254ae01b22b999d6425fa62309)"
2018,24 PARGANAS (NORTH),HASNABAD,BHABANIPUR-I,"doi:10.7910/DVN/ZHF9WC datafile 10396546 (r3-all-2018.csv.gz, md5 fd3487254ae01b22b999d6425fa62309)"
2018,24 PARGANAS (NORTH),HASNABAD,BHABANIPUR-II,"doi:10.7910/DVN/ZHF9WC datafile 10396546 (r3-all-2018.csv.gz, md5 fd3487254ae01b22b999d6425fa62309)"
2018,24 PARGANAS (NORTH),HASNABAD,BHEBIA,"doi:10.7910/DVN/ZHF9WC datafile 10396546 (r3-all-2018.csv.gz, md5 fd3487254ae01b22b999d6425fa62309)"
2018,24 PARGANAS (NORTH),HASNABAD,HASNABAD,"doi:10.7910/DVN/ZHF9WC datafile 10396546 (r3-all-2018.csv.gz, md5 fd3487254ae01b22b999d6425fa62309)"
2018,24 PARGANAS (NORTH),HASNABAD,MAKHALGACHHA,"doi:10.7910/DVN/ZHF9WC datafile 10396546 (r3-all-2018.csv.gz, md5 fd3487254ae01b22b999d6425fa62309)"
2018,24 PARGANAS (NORTH),HASNABAD,MURARISHA,"doi:10.7910/DVN/ZHF9WC datafile 10396546 (r3-all-2018.csv.gz, md5 fd3487254ae01b22b999d6425fa62309)"
2018,24 PARGANAS (NORTH),HASNABAD,PATLIKHANPUR,"doi:10.7910/DVN/ZHF9WC datafile 10396546 (r3-all-2018.csv.gz, md5 fd3487254ae01b22b999d6425fa62309)"
2018,DINAJPUR UTTAR,HEMTABAD,BANGALBARI,"doi:10.7910/DVN/ZHF9WC datafile 10396546 (r3-all-2018.csv.gz, md5 fd3487254ae01b22b999d6425fa62309)"
2018,DINAJPUR UTTAR,HEMTABAD,BISHNUPUR,"doi:10.7910/DVN/ZHF9WC datafile 10396546 (r3-all-2018.csv.gz, md5 fd3487254ae01b22b999d6425fa62309)"
2018,DINAJPUR UTTAR,HEMTABAD,CHAINAGAR,"doi:10.7910/DVN/ZHF9WC datafile 10396546 (r3-all-2018.csv.gz, md5 fd3487254ae01b22b999d6425fa62309)"
2018,DINAJPUR UTTAR,HEMTABAD,HEMTABAD,"doi:10.7910/DVN/ZHF9WC datafile 10396546 (r3-all-2018.csv.gz, md5 fd3487254ae01b22b999d6425fa62309)"
2018,DINAJPUR UTTAR,HEMTABAD,NAODA,"doi:10.7910/DVN/ZHF9WC datafile 10396546 (r3-all-2018.csv.gz, md5 fd3487254ae01b22b999d6425fa62309)"
2018,24 PARGANAS (NORTH),HINGALGANJ,BISHPUR,"doi:10.7910/DVN/ZHF9WC datafile 10396546 (r3-all-2018.csv.gz, md5 fd3487254ae01b22b999d6425fa62309)"
2018,24 PARGANAS (NORTH),HINGALGANJ,DULDULI,"doi:10.7910/DVN/ZHF9WC datafile 10396546 (r3-all-2018.csv.gz, md5 fd3487254ae01b22b999d6425fa62309)"
2018,24 PARGANAS (NORTH),HINGALGANJ,GOBINDAKATI,"doi:10.7910/DVN/ZHF9WC datafile 10396546 (r3-all-2018.csv.gz, md5 fd3487254ae01b22b999d6425fa62309)"
2018,24 PARGANAS (NORTH),HINGALGANJ,HINGALGANJ,"doi:10.7910/DVN/ZHF9WC datafile 10396546 (r3-all-2018.csv.gz, md5 fd3487254ae01b22b999d6425fa62309)"
2018,24 PARGANAS (NORTH),HINGALGANJ,JOGESHGANJ,"doi:10.7910/DVN/ZHF9WC datafile 10396546 (r3-all-2018.csv.gz, md5 fd3487254ae01b22b999d6425fa62309)"
2018,24 PARGANAS (NORTH),HINGALGANJ,KALITALA,"doi:10.7910/DVN/ZHF9WC datafile 10396546 (r3-all-2018.csv.gz, md5 fd3487254ae01b22b999d6425fa62309)"
2018,24 PARGANAS (NORTH),HINGALGANJ,RUPAMARI,"doi:10.7910/DVN/ZHF9WC datafile 10396546 (r3-all-2018.csv.gz, md5 fd3487254ae01b22b999d6425fa62309)"
2018,24 PARGANAS (NORTH),HINGALGANJ,SAHEBKHALI,"doi:10.7910/DVN/ZHF9WC datafile 10396546 (r3-all-2018.csv.gz, md5 fd3487254ae01b22b999d6425fa62309)"
2018,24 PARGANAS (NORTH),HINGALGANJ,SANDELERBIL,"doi:10.7910/DVN/ZHF9WC datafile 10396546 (r3-all-2018.csv.gz, md5 fd3487254ae01b22b999d6425fa62309)"
2018,BANKURA,HIRBANDH,BAHARAMURI,"doi:10.7910/DVN/ZHF9WC datafile 10396546 (r3-all-2018.csv.gz, md5 fd3487254ae01b22b999d6425fa62309)"
2018,BANKURA,HIRBANDH,GOPALPUR,"doi:10.7910/DVN/ZHF9WC datafile 10396546 (r3-all-2018.csv.gz, md5 fd3487254ae01b22b999d6425fa62309)"
2018,BANKURA,HIRBANDH,HIRBANDH,"doi:10.7910/DVN/ZHF9WC datafile 10396546 (r3-all-2018.csv.gz, md5 fd3487254ae01b22b999d6425fa62309)"
2018,BANKURA,HIRBANDH,MALIYAN,"doi:10.7910/DVN/ZHF9WC datafile 10396546 (r3-all-2018.csv.gz, md5 fd3487254ae01b22b999d6425fa62309)"
2018,BANKURA,HIRBANDH,MOSHIARA,"doi:10.7910/DVN/ZHF9WC datafile 10396546 (r3-all-2018.csv.gz, md5 fd3487254ae01b22b999d6425fa62309)"
2018,PURULIA,HURA,CHATUMADAR,"doi:10.7910/DVN/ZHF9WC datafile 10396546 (r3-all-2018.csv.gz, md5 fd3487254ae01b22b999d6425fa62309)"
2018,PURULIA,HURA,DALDALI,"doi:10.7910/DVN/ZHF9WC datafile 10396546 (r3-all-2018.csv.gz, md5 fd3487254ae01b22b999d6425fa62309)"
2018,PURULIA,HURA,HURA,"doi:10.7910/DVN/ZHF9WC datafile 10396546 (r3-all-2018.csv.gz, md5 fd3487254ae01b22b999d6425fa62309)"
2018,PURULIA,HURA,JABARRAH,"doi:10.7910/DVN/ZHF9WC datafile 10396546 (r3-all-2018.csv.gz, md5 fd3487254ae01b22b999d6425fa62309)"
2018,PURULIA,HURA,KALABANI,"doi:10.7910/DVN/ZHF9WC datafile 10396546 (r3-all-2018.csv.gz, md5 fd3487254ae01b22b999d6425fa62309)"
2018,PURULIA,HURA,KESHERGARH,"doi:10.7910/DVN/ZHF9WC datafile 10396546 (r3-all-2018.csv.gz, md5 fd3487254ae01b22b999d6425fa62309)"
2018,PURULIA,HURA,LADHURKA,"doi:10.7910/DVN/ZHF9WC datafile 10396546 (r3-all-2018.csv.gz, md5 fd3487254ae01b22b999d6425fa62309)"
2018,PURULIA,HURA,LAKHANPUR,"doi:10.7910/DVN/ZHF9WC datafile 10396546 (r3-all-2018.csv.gz, md5 fd3487254ae01b22b999d6425fa62309)"
2018,PURULIA,HURA,MAGURIA-LALPUR,"doi:10.7910/DVN/ZHF9WC datafile 10396546 (r3-all-2018.csv.gz, md5 fd3487254ae01b22b999d6425fa62309)"
2018,PURULIA,HURA,RAKHERA-BISPURIA,"doi:10.7910/DVN/ZHF9WC datafile 10396546 (r3-all-2018.csv.gz, md5 fd3487254ae01b22b999d6425fa62309)"
2018,DINAJPUR DAKSHIN,Harirampur,BAGICHAPUR,"doi:10.7910/DVN/ZHF9WC datafile 10396546 (r3-all-2018.csv.gz, md5 fd3487254ae01b22b999d6425fa62309)"
2018,DINAJPUR DAKSHIN,Harirampur,BAIRHATTA,"doi:10.7910/DVN/ZHF9WC datafile 10396546 (r3-all-2018.csv.gz, md5 fd3487254ae01b22b999d6425fa62309)"
2018,DINAJPUR DAKSHIN,Harirampur,GOKARNA,"doi:10.7910/DVN/ZHF9WC datafile 10396546 (r3-all-2018.csv.gz, md5 fd3487254ae01b22b999d6425fa62309)"
2018,DINAJPUR DAKSHIN,Harirampur,PUNDARI,"doi:10.7910/DVN/ZHF9WC datafile 10396546 (r3-all-2018.csv.gz, md5 fd3487254ae01b22b999d6425fa62309)"
2018,DINAJPUR DAKSHIN,Harirampur,SAIYADPUR,"doi:10.7910/DVN/ZHF9WC datafile 10396546 (r3-all-2018.csv.gz, md5 fd3487254ae01b22b999d6425fa62309)"
2018,DINAJPUR DAKSHIN,Harirampur,SHIRSHI,"doi:10.7910/DVN/ZHF9WC datafile 10396546 (r3-all-2018.csv.gz, md5 fd3487254ae01b22b999d6425fa62309)"
2018,DINAJPUR DAKSHIN,Hili,BINSHIRA,"doi:10.7910/DVN/ZHF9WC datafile 10396546 (r3-all-2018.csv.gz, md5 fd3487254ae01b22b999d6425fa62309)"
2018,DINAJPUR DAKSHIN,Hili,DHALPARA,"doi:10.7910/DVN/ZHF9WC datafile 10396546 (r3-all-2018.csv.gz, md5 fd3487254ae01b22b999d6425fa62309)"
2018,DINAJPUR DAKSHIN,Hili,HILI,"doi:10.7910/DVN/ZHF9WC datafile 10396546 (r3-all-2018.csv.gz, md5 fd3487254ae01b22b999d6425fa62309)"
2018,DINAJPUR DAKSHIN,Hili,JAMALPUR,"doi:10.7910/DVN/ZHF9WC datafile 10396546 (r3-all-2018.csv.gz, md5 fd3487254ae01b22b999d6425fa62309)"
2018,DINAJPUR DAKSHIN,Hili,PANJUL,"doi:10.7910/DVN/ZHF9WC datafile 10396546 (r3-all-2018.csv.gz, md5 fd3487254ae01b22b999d6425fa62309)"
2018,BIRBHUM,ILLAMBAZAR,BATIKAR,"doi:10.7910/DVN/ZHF9WC datafile 10396546 (r3-all-2018.csv.gz, md5 fd3487254ae01b22b999d6425fa62309)"
2018,BIRBHUM,ILLAMBAZAR,BELATI,"doi:10.7910/DVN/ZHF9WC datafile 10396546 (r3-all-2018.csv.gz, md5 fd3487254ae01b22b999d6425fa62309)"
2018,BIRBHUM,ILLAMBAZAR,DHARAMPUR,"doi:10.7910/DVN/ZHF9WC datafile 10396546 (r3-all-2018.csv.gz, md5 fd3487254ae01b22b999d6425fa62309)"
2018,BIRBHUM,ILLAMBAZAR,GHURISHA,"doi:10.7910/DVN/ZHF9WC datafile 10396546 (r3-all-2018.csv.gz, md5 fd3487254ae01b22b999d6425fa62309)"
2018,BIRBHUM,ILLAMBAZAR,ILLAMBAZAR,"doi:10.7910/DVN/ZHF9WC datafile 10396546 (r3-all-2018.csv.gz, md5 fd3487254ae01b22b999d6425fa62309)"
2018,BIRBHUM,ILLAMBAZAR,JOYDEV-KENDULI,"doi:10.7910/DVN/ZHF9WC datafile 10396546 (r3-all-2018.csv.gz, md5 fd3487254ae01b22b999d6425fa62309)"
2018,BIRBHUM,ILLAMBAZAR,MONGOLDIHI,"doi:10.7910/DVN/ZHF9WC datafile 10396546 (r3-all-2018.csv.gz, md5 fd3487254ae01b22b999d6425fa62309)"
2018,BIRBHUM,ILLAMBAZAR,NANASOLE,"doi:10.7910/DVN/ZHF9WC datafile 10396546 (r3-all-2018.csv.gz, md5 fd3487254ae01b22b999d6425fa62309)"
2018,BIRBHUM,ILLAMBAZAR,SIRSHA,"doi:10.7910/DVN/ZHF9WC datafile 10396546 (r3-all-2018.csv.gz, md5 fd3487254ae01b22b999d6425fa62309)"
2018,BANKURA,INDPUR,BHEDUASOLE,"doi:10.7910/DVN/ZHF9WC datafile 10396546 (r3-all-2018.csv.gz, md5 fd3487254ae01b22b999d6425fa62309)"
2018,BANKURA,INDPUR,BRAHMANDIHA,"doi:10.7910/DVN/ZHF9WC datafile 10396546 (r3-all-2018.csv.gz, md5 fd3487254ae01b22b999d6425fa62309)"
2018,BANKURA,INDPUR,BRAJARAJPUR,"doi:10.7910/DVN/ZHF9WC datafile 10396546 (r3-all-2018.csv.gz, md5 fd3487254ae01b22b999d6425fa62309)"
2018,BANKURA,INDPUR,GOURBAZAR,"doi:10.7910/DVN/ZHF9WC datafile 10396546 (r3-all-2018.csv.gz, md5 fd3487254ae01b22b999d6425fa62309)"
2018,BANKURA,INDPUR,HATAGRAM,"doi:10.7910/DVN/ZHF9WC datafile 10396546 (r3-all-2018.csv.gz, md5 fd3487254ae01b22b999d6425fa62309)"
2018,BANKURA,INDPUR,INDPUR,"doi:10.7910/DVN/ZHF9WC datafile 10396546 (r3-all-2018.csv.gz, md5 fd3487254ae01b22b999d6425fa62309)"
2018,BANKURA,INDPUR,RAGHUNATHPUR,"doi:10.7910/DVN/ZHF9WC datafile 10396546 (r3-all-2018.csv.gz, md5 fd3487254ae01b22b999d6425fa62309)"
2018,BANKURA,INDUS,AKUI-I,"doi:10.7910/DVN/ZHF9WC datafile 10396546 (r3-all-2018.csv.gz, md5 fd3487254ae01b22b999d6425fa62309)"
2018,BANKURA,INDUS,AKUI-II,"doi:10.7910/DVN/ZHF9WC datafile 10396546 (r3-all-2018.csv.gz, md5 fd3487254ae01b22b999d6425fa62309)"
2018,BANKURA,INDUS,AMRUL,"doi:10.7910/DVN/ZHF9WC datafile 10396546 (r3-all-2018.csv.gz, md5 fd3487254ae01b22b999d6425fa62309)"
2018,BANKURA,INDUS,DIGHALGRAM,"doi:10.7910/DVN/ZHF9WC datafile 10396546 (r3-all-2018.csv.gz, md5 fd3487254ae01b22b999d6425fa62309)"
2018,BANKURA,INDUS,INDAS-I,"doi:10.7910/DVN/ZHF9WC datafile 10396546 (r3-all-2018.csv.gz, md5 fd3487254ae01b22b999d6425fa62309)"
2018,BANKURA,INDUS,INDAS-II,"doi:10.7910/DVN/ZHF9WC datafile 10396546 (r3-all-2018.csv.gz, md5 fd3487254ae01b22b999d6425fa62309)"
2018,BANKURA,INDUS,KARISUNDA,"doi:10.7910/DVN/ZHF9WC datafile 10396546 (r3-all-2018.csv.gz, md5 fd3487254ae01b22b999d6425fa62309)"
2018,BANKURA,INDUS,MONGALPUR,"doi:10.7910/DVN/ZHF9WC datafile 10396546 (r3-all-2018.csv.gz, md5 fd3487254ae01b22b999d6425fa62309)"
2018,BANKURA,INDUS,ROL,"doi:10.7910/DVN/ZHF9WC datafile 10396546 (r3-all-2018.csv.gz, md5 fd3487254ae01b22b999d6425fa62309)"
2018,BANKURA,INDUS,SAHASPUR,"doi:10.7910/DVN/ZHF9WC datafile 10396546 (r3-all-2018.csv.gz, md5 fd3487254ae01b22b999d6425fa62309)"
2018,DINAJPUR UTTAR,ISLAMPUR,AGDIMTI-KHANTI,"doi:10.7910/DVN/ZHF9WC datafile 10396546 (r3-all-2018.csv.gz, md5 fd3487254ae01b22b999d6425fa62309)"
2018,DINAJPUR UTTAR,ISLAMPUR,GAISAL-I,"doi:10.7910/DVN/ZHF9WC datafile 10396546 (r3-all-2018.csv.gz, md5 fd3487254ae01b22b999d6425fa62309)"
2018,DINAJPUR UTTAR,ISLAMPUR,GAISAL-II,"doi:10.7910/DVN/ZHF9WC datafile 10396546 (r3-all-2018.csv.gz, md5 fd3487254ae01b22b999d6425fa62309)"
2018,DINAJPUR UTTAR,ISLAMPUR,GOBINDAPUR,"doi:10.7910/DVN/ZHF9WC datafile 10396546 (r3-all-2018.csv.gz, md5 fd3487254ae01b22b999d6425fa62309)"
2018,DINAJPUR UTTAR,ISLAMPUR,GUNJARIA,"doi:10.7910/DVN/ZHF9WC datafile 10396546 (r3-all-2018.csv.gz, md5 fd3487254ae01b22b999d6425fa62309)"
2018,DINAJPUR UTTAR,ISLAMPUR,ISLAMPUR,"doi:10.7910/DVN/ZHF9WC datafile 10396546 (r3-all-2018.csv.gz, md5 fd3487254ae01b22b999d6425fa62309)"
2018,DINAJPUR UTTAR,ISLAMPUR,KAMALAGAON-SUJALI,"doi:10.7910/DVN/ZHF9WC datafile 10396546 (r3-all-2018.csv.gz, md5 fd3487254ae01b22b999d6425fa62309)"
2018,DINAJPUR UTTAR,ISLAMPUR,MATIKUNDA-I,"doi:10.7910/DVN/ZHF9WC datafile 10396546 (r3-all-2018.csv.gz, md5 fd3487254ae01b22b999d6425fa62309)"
2018,DINAJPUR UTTAR,ISLAMPUR,MATIKUNDA-II,"doi:10.7910/DVN/ZHF9WC datafile 10396546 (r3-all-2018.csv.gz, md5 fd3487254ae01b22b999d6425fa62309)"
2018,DINAJPUR UTTAR,ISLAMPUR,PANDITPOTA-I,"doi:10.7910/DVN/ZHF9WC datafile 10396546 (r3-all-2018.csv.gz, md5 fd3487254ae01b22b999d6425fa62309)"
2018,DINAJPUR UTTAR,ISLAMPUR,PANDITPOTA-II,"doi:10.7910/DVN/ZHF9WC datafile 10396546 (r3-all-2018.csv.gz, md5 fd3487254ae01b22b999d6425fa62309)"
2018,DINAJPUR UTTAR,ISLAMPUR,RAMGANJ-I,"doi:10.7910/DVN/ZHF9WC datafile 10396546 (r3-all-2018.csv.gz, md5 fd3487254ae01b22b999d6425fa62309)"
2018,DINAJPUR UTTAR,ISLAMPUR,RANGANJ-II,"doi:10.7910/DVN/ZHF9WC datafile 10396546 (r3-all-2018.csv.gz, md5 fd3487254ae01b22b999d6425fa62309)"
2018,DINAJPUR UTTAR,ITAHAR,CHHAYGHARA,"doi:10.7910/DVN/ZHF9WC datafile 10396546 (r3-all-2018.csv.gz, md5 fd3487254ae01b22b999d6425fa62309)"
2018,DINAJPUR UTTAR,ITAHAR,DURGAPUR,"doi:10.7910/DVN/ZHF9WC datafile 10396546 (r3-all-2018.csv.gz, md5 fd3487254ae01b22b999d6425fa62309)"
2018,DINAJPUR UTTAR,ITAHAR,DURLOVPUR,"doi:10.7910/DVN/ZHF9WC datafile 10396546 (r3-all-2018.csv.gz, md5 fd3487254ae01b22b999d6425fa62309)"
2018,DINAJPUR UTTAR,ITAHAR,GULANDAR-I,"doi:10.7910/DVN/ZHF9WC datafile 10396546 (r3-all-2018.csv.gz, md5 fd3487254ae01b22b999d6425fa62309)"
2018,DINAJPUR UTTAR,ITAHAR,GULANDAR-II,"doi:10.7910/DVN/ZHF9WC datafile 10396546 (r3-all-2018.csv.gz, md5 fd3487254ae01b22b999d6425fa62309)"
2018,DINAJPUR UTTAR,ITAHAR,ITAHAR,"doi:10.7910/DVN/ZHF9WC datafile 10396546 (r3-all-2018.csv.gz, md5 fd3487254ae01b22b999d6425fa62309)"
2018,DINAJPUR UTTAR,ITAHAR,JOYHAT,"doi:10.7910/DVN/ZHF9WC datafile 10396546 (r3-all-2018.csv.gz, md5 fd3487254ae01b22b999d6425fa62309)"
2018,DINAJPUR UTTAR,ITAHAR,KAPASIA,"doi:10.7910/DVN/ZHF9WC datafile 10396546 (r3-all-2018.csv.gz, md5 fd3487254ae01b22b999d6425fa62309)"
2018,DINAJPUR UTTAR,ITAHAR,MARNAI,"doi:10.7910/DVN/ZHF9WC datafile 10396546 (r3-all-2018.csv.gz, md5 fd3487254ae01b22b999d6425fa62309)"
2018,DINAJPUR UTTAR,ITAHAR,PATIRAJPUR,"doi:10.7910/DVN/ZHF9WC datafile 10396546 (r3-all-2018.csv.gz, md5 fd3487254ae01b22b999d6425fa62309)"
2018,DINAJPUR UTTAR,ITAHAR,SURUN-I,"doi:10.7910/DVN/ZHF9WC datafile 10396546 (r3-all-2018.csv.gz, md5 fd3487254ae01b22b999d6425fa62309)"
2018,DINAJPUR UTTAR,ITAHAR,SURUN-II,"doi:10.7910/DVN/ZHF9WC datafile 10396546 (r3-all-2018.csv.gz, md5 fd3487254ae01b22b999d6425fa62309)"
2018,HOWRAH,JAGATBALLAVPUR,BARAGACHHIA-I,"doi:10.7910/DVN/ZHF9WC datafile 10396546 (r3-all-2018.csv.gz, md5 fd3487254ae01b22b999d6425fa62309)"
2018,HOWRAH,JAGATBALLAVPUR,BARAGACHHIA-II,"doi:10.7910/DVN/ZHF9WC datafile 10396546 (r3-all-2018.csv.gz, md5 fd3487254ae01b22b999d6425fa62309)"
2018,HOWRAH,JAGATBALLAVPUR,GOBINDAPUR,"doi:10.7910/DVN/ZHF9WC datafile 10396546 (r3-all-2018.csv.gz, md5 fd3487254ae01b22b999d6425fa62309)"
2018,HOWRAH,JAGATBALLAVPUR,HANTAL ANANTABATI,"doi:10.7910/DVN/ZHF9WC datafile 10396546 (r3-all-2018.csv.gz, md5 fd3487254ae01b22b999d6425fa62309)"
2018,HOWRAH,JAGATBALLAVPUR,ISLAMPUR,"doi:10.7910/DVN/ZHF9WC datafile 10396546 (r3-all-2018.csv.gz, md5 fd3487254ae01b22b999d6425fa62309)"
2018,HOWRAH,JAGATBALLAVPUR,JAGATBALLAVPUR-I,"doi:10.7910/DVN/ZHF9WC datafile 10396546 (r3-all-2018.csv.gz, md5 fd3487254ae01b22b999d6425fa62309)"
2018,HOWRAH,JAGATBALLAVPUR,JAGATBALLAVPUR-II,"doi:10.7910/DVN/ZHF9WC datafile 10396546 (r3-all-2018.csv.gz, md5 fd3487254ae01b22b999d6425fa62309)"
2018,HOWRAH,JAGATBALLAVPUR,LASKARPUR,"doi:10.7910/DVN/ZHF9WC datafile 10396546 (r3-all-2018.csv.gz, md5 fd3487254ae01b22b999d6425fa62309)"
2018,HOWRAH,JAGATBALLAVPUR,MAJU,"doi:10.7910/DVN/ZHF9WC datafile 10396546 (r3-all-2018.csv.gz, md5 fd3487254ae01b22b999d6425fa62309)"
2018,HOWRAH,JAGATBALLAVPUR,PANTIHAL,"doi:10.7910/DVN/ZHF9WC datafile 10396546 (r3-all-2018.csv.gz, md5 fd3487254ae01b22b999d6425fa62309)"
2018,HOWRAH,JAGATBALLAVPUR,POLEGUSTIA,"doi:10.7910/DVN/ZHF9WC datafile 10396546 (r3-all-2018.csv.gz, md5 fd3487254ae01b22b999d6425fa62309)"
2018,HOWRAH,JAGATBALLAVPUR,SHANKARHATI-I,"doi:10.7910/DVN/ZHF9WC datafile 10396546 (r3-all-2018.csv.gz, md5 fd3487254ae01b22b999d6425fa62309)"
2018,HOWRAH,JAGATBALLAVPUR,SHANKARHATI-II,"doi:10.7910/DVN/ZHF9WC datafile 10396546 (r3-all-2018.csv.gz, md5 fd3487254ae01b22b999d6425fa62309)"
2018,HOWRAH,JAGATBALLAVPUR,SHIALDANGA,"doi:10.7910/DVN/ZHF9WC datafile 10396546 (r3-all-2018.csv.gz, md5 fd3487254ae01b22b999d6425fa62309)"
2018,PURULIA,JAIPUR,BARAGRAM,"doi:10.7910/DVN/ZHF9WC datafile 10396546 (r3-all-2018.csv.gz, md5 fd3487254ae01b22b999d6425fa62309)"
2018,PURULIA,JAIPUR,GHAGRA,"doi:10.7910/DVN/ZHF9WC datafile 10396546 (r3-all-2018.csv.gz, md5 fd3487254ae01b22b999d6425fa62309)"
2018,PURULIA,JAIPUR,JOYPUR,"doi:10.7910/DVN/ZHF9WC datafile 10396546 (r3-all-2018.csv.gz, md5 fd3487254ae01b22b999d6425fa62309)"
2018,PURULIA,JAIPUR,MUKUNDAPUR,"doi:10.7910/DVN/ZHF9WC datafile 10396546 (r3-all-2018.csv.gz, md5 fd3487254ae01b22b999d6425fa62309)"
2018,PURULIA,JAIPUR,ROPO,"doi:10.7910/DVN/ZHF9WC datafile 10396546 (r3-all-2018.csv.gz, md5 fd3487254ae01b22b999d6425fa62309)"
2018,PURULIA,JAIPUR,SIDHI-JAMRA,"doi:10.7910/DVN/ZHF9WC datafile 10396546 (r3-all-2018.csv.gz, md5 fd3487254ae01b22b999d6425fa62309)"
2018,PURULIA,JAIPUR,UPANKAHAN,"doi:10.7910/DVN/ZHF9WC datafile 10396546 (r3-all-2018.csv.gz, md5 fd3487254ae01b22b999d6425fa62309)"
2018,MURSHIDABAD,JALANGI,CHOAPARA,"doi:10.7910/DVN/ZHF9WC datafile 10396546 (r3-all-2018.csv.gz, md5 fd3487254ae01b22b999d6425fa62309)"
2018,MURSHIDABAD,JALANGI,DEBIPUR,"doi:10.7910/DVN/ZHF9WC datafile 10396546 (r3-all-2018.csv.gz, md5 fd3487254ae01b22b999d6425fa62309)"
2018,MURSHIDABAD,JALANGI,FARIDPUR,"doi:10.7910/DVN/ZHF9WC datafile 10396546 (r3-all-2018.csv.gz, md5 fd3487254ae01b22b999d6425fa62309)"
2018,MURSHIDABAD,JALANGI,GHOSHPARA,"doi:10.7910/DVN/ZHF9WC datafile 10396546 (r3-all-2018.csv.gz, md5 fd3487254ae01b22b999d6425fa62309)"
2018,MURSHIDABAD,JALANGI,JALANGI,"doi:10.7910/DVN/ZHF9WC datafile 10396546 (r3-all-2018.csv.gz, md5 fd3487254ae01b22b999d6425fa62309)"
2018,MURSHIDABAD,JALANGI,KATABARI,"doi:10.7910/DVN/ZHF9WC datafile 10396546 (r3-all-2018.csv.gz, md5 fd3487254ae01b22b999d6425fa62309)"
2018,MURSHIDABAD,JALANGI,KHAYRAMARI,"doi:10.7910/DVN/ZHF9WC datafile 10396546 (r3-all-2018.csv.gz, md5 fd3487254ae01b22b999d6425fa62309)"
2018,MURSHIDABAD,JALANGI,SADIKHANDERAH,"doi:10.7910/DVN/ZHF9WC datafile 10396546 (r3-all-2018.csv.gz, md5 fd3487254ae01b22b999d6425fa62309)"
2018,MURSHIDABAD,JALANGI,SAGARPARA,"doi:10.7910/DVN/ZHF9WC datafile 10396546 (r3-all-2018.csv.gz, md5 fd3487254ae01b22b999d6425fa62309)"
2018,MURSHIDABAD,JALANGI,SAHEBNAGAR,"doi:10.7910/DVN/ZHF9WC datafile 10396546 (r3-all-2018.csv.gz, md5 fd3487254ae01b22b999d6425fa62309)"
2018,JALPAIGURI,JALPAIGURI,ARABINDA,"doi:10.7910/DVN/ZHF9WC datafile 10396546 (r3-all-2018.csv.gz, md5 fd3487254ae01b22b999d6425fa62309)"
2018,JALPAIGURI,JALPAIGURI,BAHADUR,"doi:10.7910/DVN/ZHF9WC datafile 10396546 (r3-all-2018.csv.gz, md5 fd3487254ae01b22b999d6425fa62309)"
2018,JALPAIGURI,JALPAIGURI,BAROPATIA NUTANBOS,"doi:10.7910/DVN/ZHF9WC datafile 10396546 (r3-all-2018.csv.gz, md5 fd3487254ae01b22b999d6425fa62309)"
2018,JALPAIGURI,JALPAIGURI,BELAKOBA,"doi:10.7910/DVN/ZHF9WC datafile 10396546 (r3-all-2018.csv.gz, md5 fd3487254ae01b22b999d6425fa62309)"
2018,JALPAIGURI,JALPAIGURI,BOALMARI-NANDANPUR,"doi:10.7910/DVN/ZHF9WC datafile 10396546 (r3-all-2018.csv.gz, md5 fd3487254ae01b22b999d6425fa62309)"
2018,JALPAIGURI,JALPAIGURI,GARALBARI,"doi:10.7910/DVN/ZHF9WC datafile 10396546 (r3-all-2018.csv.gz, md5 fd3487254ae01b22b999d6425fa62309)"
2018,JALPAIGURI,JALPAIGURI,KHARIA,"doi:10.7910/DVN/ZHF9WC datafile 10396546 (r3-all-2018.csv.gz, md5 fd3487254ae01b22b999d6425fa62309)"
2018,JALPAIGURI,JALPAIGURI,KHARIJA-BARUBARI-I,"doi:10.7910/DVN/ZHF9WC datafile 10396546 (r3-all-2018.csv.gz, md5 fd3487254ae01b22b999d6425fa62309)"
2018,JALPAIGURI,JALPAIGURI,KHARIJA-BARUBARI-II,"doi:10.7910/DVN/ZHF9WC datafile 10396546 (r3-all-2018.csv.gz, md5 fd3487254ae01b22b999d6425fa62309)"
2018,JALPAIGURI,JALPAIGURI,MONDALGHAT,"doi:10.7910/DVN/ZHF9WC datafile 10396546 (r3-all-2018.csv.gz, md5 fd3487254ae01b22b999d6425fa62309)"
2018,JALPAIGURI,JALPAIGURI,NAGAR BERUBARI,"doi:10.7910/DVN/ZHF9WC datafile 10396546 (r3-all-2018.csv.gz, md5 fd3487254ae01b22b999d6425fa62309)"
2018,JALPAIGURI,JALPAIGURI,PAHARPUR,"doi:10.7910/DVN/ZHF9WC datafile 10396546 (r3-all-2018.csv.gz, md5 fd3487254ae01b22b999d6425fa62309)"
2018,JALPAIGURI,JALPAIGURI,PATKATA,"doi:10.7910/DVN/ZHF9WC datafile 10396546 (r3-all-2018.csv.gz, md5 fd3487254ae01b22b999d6425fa62309)"
2018,JALPAIGURI,JALPAIGURI,SOUTH BERUBARI,"doi:10.7910/DVN/ZHF9WC datafile 10396546 (r3-all-2018.csv.gz, md5 fd3487254ae01b22b999d6425fa62309)"
2018,PURBA BARDHAMAN,JAMALPUR,ABUJHATI-I,"doi:10.7910/DVN/ZHF9WC datafile 10396546 (r3-all-2018.csv.gz, md5 fd3487254ae01b22b999d6425fa62309)"
2018,PURBA BARDHAMAN,JAMALPUR,ABUJHATI-II,"doi:10.7910/DVN/ZHF9WC datafile 10396546 (r3-all-2018.csv.gz, md5 fd3487254ae01b22b999d6425fa62309)"
2018,PURBA BARDHAMAN,JAMALPUR,AJHAPUR,"doi:10.7910/DVN/ZHF9WC datafile 10396546 (r3-all-2018.csv.gz, md5 fd3487254ae01b22b999d6425fa62309)"
2018,PURBA BARDHAMAN,JAMALPUR,BERUGRAM,"doi:10.7910/DVN/ZHF9WC datafile 10396546 (r3-all-2018.csv.gz, md5 fd3487254ae01b22b999d6425fa62309)"
2018,PURBA BARDHAMAN,JAMALPUR,CHAKDIGHI,"doi:10.7910/DVN/ZHF9WC datafile 10396546 (r3-all-2018.csv.gz, md5 fd3487254ae01b22b999d6425fa62309)"
2018,PURBA BARDHAMAN,JAMALPUR,JAMALPUR-I,"doi:10.7910/DVN/ZHF9WC datafile 10396546 (r3-all-2018.csv.gz, md5 fd3487254ae01b22b999d6425fa62309)"
2018,PURBA BARDHAMAN,JAMALPUR,JAMALPUR-II,"doi:10.7910/DVN/ZHF9WC datafile 10396546 (r3-all-2018.csv.gz, md5 fd3487254ae01b22b999d6425fa62309)"
2018,PURBA BARDHAMAN,JAMALPUR,JARAGRAM,"doi:10.7910/DVN/ZHF9WC datafile 10396546 (r3-all-2018.csv.gz, md5 fd3487254ae01b22b999d6425fa62309)"
2018,PURBA BARDHAMAN,JAMALPUR,JOTSRIRAM,"doi:10.7910/DVN/ZHF9WC datafile 10396546 (r3-all-2018.csv.gz, md5 fd3487254ae01b22b999d6425fa62309)"
2018,PURBA BARDHAMAN,JAMALPUR,JOUGRAM,"doi:10.7910/DVN/ZHF9WC datafile 10396546 (r3-all-2018.csv.gz, md5 fd3487254ae01b22b999d6425fa62309)"
2018,PURBA BARDHAMAN,JAMALPUR,PANCHRA,"doi:10.7910/DVN/ZHF9WC datafile 10396546 (r3-all-2018.csv.gz, md5 fd3487254ae01b22b999d6425fa62309)"
2018,PURBA BARDHAMAN,JAMALPUR,PARATAL-I,"doi:10.7910/DVN/ZHF9WC datafile 10396546 (r3-all-2018.csv.gz, md5 fd3487254ae01b22b999d6425fa62309)"
2018,PURBA BARDHAMAN,JAMALPUR,PARATAL-II,"doi:10.7910/DVN/ZHF9WC datafile 10396546 (r3-all-2018.csv.gz, md5 fd3487254ae01b22b999d6425fa62309)"
2018,JHARGRAM,JAMBANI,CHILKIGARH,"doi:10.7910/DVN/ZHF9WC datafile 10396546 (r3-all-2018.csv.gz, md5 fd3487254ae01b22b999d6425fa62309)"
2018,JHARGRAM,JAMBANI,CHINCHRA,"doi:10.7910/DVN/ZHF9WC datafile 10396546 (r3-all-2018.csv.gz, md5 fd3487254ae01b22b999d6425fa62309)"
2018,JHARGRAM,JAMBANI,DHARSA,"doi:10.7910/DVN/ZHF9WC datafile 10396546 (r3-all-2018.csv.gz, md5 fd3487254ae01b22b999d6425fa62309)"
2018,JHARGRAM,JAMBANI,DUBRA,"doi:10.7910/DVN/ZHF9WC datafile 10396546 (r3-all-2018.csv.gz, md5 fd3487254ae01b22b999d6425fa62309)"
2018,JHARGRAM,JAMBANI,GIDHNI,"doi:10.7910/DVN/ZHF9WC datafile 10396546 (r3-all-2018.csv.gz, md5 fd3487254ae01b22b999d6425fa62309)"
2018,JHARGRAM,JAMBANI,JAMBONI,"doi:10.7910/DVN/ZHF9WC datafile 10396546 (r3-all-2018.csv.gz, md5 fd3487254ae01b22b999d6425fa62309)"
2018,JHARGRAM,JAMBANI,KAPGARI,"doi:10.7910/DVN/ZHF9WC datafile 10396546 (r3-all-2018.csv.gz, md5 fd3487254ae01b22b999d6425fa62309)"
2018,JHARGRAM,JAMBANI,KENDADANGRI,"doi:10.7910/DVN/ZHF9WC datafile 10396546 (r3-all-2018.csv.gz, md5 fd3487254ae01b22b999d6425fa62309)"
2018,JHARGRAM,JAMBANI,LALBANDH,"doi:10.7910/DVN/ZHF9WC datafile 10396546 (r3-all-2018.csv.gz, md5 fd3487254ae01b22b999d6425fa62309)"
2018,JHARGRAM,JAMBANI,PARIHATI,"doi:10.7910/DVN/ZHF9WC datafile 10396546 (r3-all-2018.csv.gz, md5 fd3487254ae01b22b999d6425fa62309)"
2018,PASCHIM BARDHAMAN,JAMURIA,BAHADURPUR,"doi:10.7910/DVN/ZHF9WC datafile 10396546 (r3-all-2018.csv.gz, md5 fd3487254ae01b22b999d6425fa62309)"
2018,PASCHIM BARDHAMAN,JAMURIA,CHUCHURIA,"doi:10.7910/DVN/ZHF9WC datafile 10396546 (r3-all-2018.csv.gz, md5 fd3487254ae01b22b999d6425fa62309)"
2018,PASCHIM BARDHAMAN,JAMURIA,CHURULIA,"doi:10.7910/DVN/ZHF9WC datafile 10396546 (r3-all-2018.csv.gz, md5 fd3487254ae01b22b999d6425fa62309)"
2018,PASCHIM BARDHAMAN,JAMURIA,DOBRANA,"doi:10.7910/DVN/ZHF9WC datafile 10396546 (r3-all-2018.csv.gz, md5 fd3487254ae01b22b999d6425fa62309)"
2018,PASCHIM BARDHAMAN,JAMURIA,HIJALGORA,"doi:10.7910/DVN/ZHF9WC datafile 10396546 (r3-all-2018.csv.gz, md5 fd3487254ae01b22b999d6425fa62309)"
2018,PASCHIM BARDHAMAN,JAMURIA,KENDA,"doi:10.7910/DVN/ZHF9WC datafile 10396546 (r3-all-2018.csv.gz, md5 fd3487254ae01b22b999d6425fa62309)"
2018,PASCHIM BARDHAMAN,JAMURIA,MADANTORE,"doi:10.7910/DVN/ZHF9WC datafile 10396546 (r3-all-2018.csv.gz, md5 fd3487254ae01b22b999d6425fa62309)"
2018,PASCHIM BARDHAMAN,JAMURIA,PARASIA,"doi:10.7910/DVN/ZHF9WC datafile 10396546 (r3-all-2018.csv.gz, md5 fd3487254ae01b22b999d6425fa62309)"
2018,PASCHIM BARDHAMAN,JAMURIA,SHYAMALYA,"doi:10.7910/DVN/ZHF9WC datafile 10396546 (r3-all-2018.csv.gz, md5 fd3487254ae01b22b999d6425fa62309)"
2018,PASCHIM BARDHAMAN,JAMURIA,TOPSI,"doi:10.7910/DVN/ZHF9WC datafile 10396546 (r3-all-2018.csv.gz, md5 fd3487254ae01b22b999d6425fa62309)"
2018,HOOGHLY,JANGIPARA,ANTPUR,"doi:10.7910/DVN/ZHF9WC datafile 10396546 (r3-all-2018.csv.gz, md5 fd3487254ae01b22b999d6425fa62309)"
2018,HOOGHLY,JANGIPARA,DILAKASH,"doi:10.7910/DVN/ZHF9WC datafile 10396546 (r3-all-2018.csv.gz, md5 fd3487254ae01b22b999d6425fa62309)"
2018,HOOGHLY,JANGIPARA,FURFURA,"doi:10.7910/DVN/ZHF9WC datafile 10396546 (r3-all-2018.csv.gz, md5 fd3487254ae01b22b999d6425fa62309)"
2018,HOOGHLY,JANGIPARA,JANGIPARA,"doi:10.7910/DVN/ZHF9WC datafile 10396546 (r3-all-2018.csv.gz, md5 fd3487254ae01b22b999d6425fa62309)"
2018,HOOGHLY,JANGIPARA,KOTALPUR,"doi:10.7910/DVN/ZHF9WC datafile 10396546 (r3-all-2018.csv.gz, md5 fd3487254ae01b22b999d6425fa62309)"
2018,HOOGHLY,JANGIPARA,MUNDALIKA,"doi:10.7910/DVN/ZHF9WC datafile 10396546 (r3-all-2018.csv.gz, md5 fd3487254ae01b22b999d6425fa62309)"
2018,HOOGHLY,JANGIPARA,RADHANAGAR,"doi:10.7910/DVN/ZHF9WC datafile 10396546 (r3-all-2018.csv.gz, md5 fd3487254ae01b22b999d6425fa62309)"
2018,HOOGHLY,JANGIPARA,RAJBALHAT-I,"doi:10.7910/DVN/ZHF9WC datafile 10396546 (r3-all-2018.csv.gz, md5 fd3487254ae01b22b999d6425fa62309)"
2018,HOOGHLY,JANGIPARA,RAJBALHAT-II,"doi:10.7910/DVN/ZHF9WC datafile 10396546 (r3-all-2018.csv.gz, md5 fd3487254ae01b22b999d6425fa62309)"
2018,HOOGHLY,JANGIPARA,RASIDPUR,"doi:10.7910/DVN/ZHF9WC datafile 10396546 (r3-all-2018.csv.gz, md5 fd3487254ae01b22b999d6425fa62309)"
2018,24 PARGANAS SOUTH,JAYNAGAR-I,BAHARU KSHETRA,"doi:10.7910/DVN/ZHF9WC datafile 10396546 (r3-all-2018.csv.gz, md5 fd3487254ae01b22b999d6425fa62309)"
2018,24 PARGANAS SOUTH,JAYNAGAR-I,BAMANGACHHI,"doi:10.7910/DVN/ZHF9WC datafile 10396546 (r3-all-2018.csv.gz, md5 fd3487254ae01b22b999d6425fa62309)"
2018,24 PARGANAS SOUTH,JAYNAGAR-I,CHALTABERIA,"doi:10.7910/DVN/ZHF9WC datafile 10396546 (r3-all-2018.csv.gz, md5 fd3487254ae01b22b999d6425fa62309)"
2018,24 PARGANAS SOUTH,JAYNAGAR-I,DAKSHIN BARASAT,"doi:10.7910/DVN/ZHF9WC datafile 10396546 (r3-all-2018.csv.gz, md5 fd3487254ae01b22b999d6425fa62309)"
2018,24 PARGANAS SOUTH,JAYNAGAR-I,DHOSA CHANDANESWAR,"doi:10.7910/DVN/ZHF9WC datafile 10396546 (r3-all-2018.csv.gz, md5 fd3487254ae01b22b999d6425fa62309)"
2018,24 PARGANAS SOUTH,JAYNAGAR-I,HARINARAYANPUR,"doi:10.7910/DVN/ZHF9WC datafile 10396546 (r3-all-2018.csv.gz, md5 fd3487254ae01b22b999d6425fa62309)"
2018,24 PARGANAS SOUTH,JAYNAGAR-I,JANGALIA,"doi:10.7910/DVN/ZHF9WC datafile 10396546 (r3-all-2018.csv.gz, md5 fd3487254ae01b22b999d6425fa62309)"
2018,24 PARGANAS SOUTH,JAYNAGAR-I,KHAKURDAHA,"doi:10.7910/DVN/ZHF9WC datafile 10396546 (r3-all-2018.csv.gz, md5 fd3487254ae01b22b999d6425fa62309)"
2018,24 PARGANAS SOUTH,JAYNAGAR-I,NARAYANITALA,"doi:10.7910/DVN/ZHF9WC datafile 10396546 (r3-all-2018.csv.gz, md5 fd3487254ae01b22b999d6425fa62309)"
2018,24 PARGANAS SOUTH,JAYNAGAR-I,RAJAPUR KORABEG,"doi:10.7910/DVN/ZHF9WC datafile 10396546 (r3-all-2018.csv.gz, md5 fd3487254ae01b22b999d6425fa62309)"
2018,24 PARGANAS SOUTH,JAYNAGAR-I,SRIPUR,"doi:10.7910/DVN/ZHF9WC datafile 10396546 (r3-all-2018.csv.gz, md5 fd3487254ae01b22b999d6425fa62309)"
2018,24 PARGANAS SOUTH,JAYNAGAR-I,UTTAR DURGAPUR,"doi:10.7910/DVN/ZHF9WC datafile 10396546 (r3-all-2018.csv.gz, md5 fd3487254ae01b22b999d6425fa62309)"
2018,24 PARGANAS SOUTH,JAYNAGAR-II,BAISHATA,"doi:10.7910/DVN/ZHF9WC datafile 10396546 (r3-all-2018.csv.gz, md5 fd3487254ae01b22b999d6425fa62309)"
2018,24 PARGANAS SOUTH,JAYNAGAR-II,BELEDURGANAGAR,"doi:10.7910/DVN/ZHF9WC datafile 10396546 (r3-all-2018.csv.gz, md5 fd3487254ae01b22b999d6425fa62309)"
2018,24 PARGANAS SOUTH,JAYNAGAR-II,CHUPRIJHARA,"doi:10.7910/DVN/ZHF9WC datafile 10396546 (r3-all-2018.csv.gz, md5 fd3487254ae01b22b999d6425fa62309)"
2018,24 PARGANAS SOUTH,JAYNAGAR-II,FUTIGODA,"doi:10.7910/DVN/ZHF9WC datafile 10396546 (r3-all-2018.csv.gz, md5 fd3487254ae01b22b999d6425fa62309)"
2018,24 PARGANAS SOUTH,JAYNAGAR-II,GARDOANI,"doi:10.7910/DVN/ZHF9WC datafile 10396546 (r3-all-2018.csv.gz, md5 fd3487254ae01b22b999d6425fa62309)"
2018,24 PARGANAS SOUTH,JAYNAGAR-II,MANIRTAT,"doi:10.7910/DVN/ZHF9WC datafile 10396546 (r3-all-2018.csv.gz, md5 fd3487254ae01b22b999d6425fa62309)"
2018,24 PARGANAS SOUTH,JAYNAGAR-II,MAYAHAURI,"doi:10.7910/DVN/ZHF9WC datafile 10396546 (r3-all-2018.csv.gz, md5 fd3487254ae01b22b999d6425fa62309)"
2018,24 PARGANAS SOUTH,JAYNAGAR-II,MAYDA,"doi:10.7910/DVN/ZHF9WC datafile 10396546 (r3-all-2018.csv.gz, md5 fd3487254ae01b22b999d6425fa62309)"
2018,24 PARGANAS SOUTH,JAYNAGAR-II,NALGORA,"doi:10.7910/DVN/ZHF9WC datafile 10396546 (r3-all-2018.csv.gz, md5 fd3487254ae01b22b999d6425fa62309)"
2018,24 PARGANAS SOUTH,JAYNAGAR-II,SAHAJADAPUR,"doi:10.7910/DVN/ZHF9WC datafile 10396546 (r3-all-2018.csv.gz, md5 fd3487254ae01b22b999d6425fa62309)"
2018,PURULIA,JHALDA-I,HENSAHATU,"doi:10.7910/DVN/ZHF9WC datafile 10396546 (r3-all-2018.csv.gz, md5 fd3487254ae01b22b999d6425fa62309)"
2018,PURULIA,JHALDA-I,ICHAG,"doi:10.7910/DVN/ZHF9WC datafile 10396546 (r3-all-2018.csv.gz, md5 fd3487254ae01b22b999d6425fa62309)"
2018,PURULIA,JHALDA-I,ILU-JARGO,"doi:10.7910/DVN/ZHF9WC datafile 10396546 (r3-all-2018.csv.gz, md5 fd3487254ae01b22b999d6425fa62309)"
2018,PURULIA,JHALDA-I,JHALDA-DARDA,"doi:10.7910/DVN/ZHF9WC datafile 10396546 (r3-all-2018.csv.gz, md5 fd3487254ae01b22b999d6425fa62309)"
2018,PURULIA,JHALDA-I,KALMA,"doi:10.7910/DVN/ZHF9WC datafile 10396546 (r3-all-2018.csv.gz, md5 fd3487254ae01b22b999d6425fa62309)"
2018,PURULIA,JHALDA-I,MARUMOSINA,"doi:10.7910/DVN/ZHF9WC datafile 10396546 (r3-all-2018.csv.gz, md5 fd3487254ae01b22b999d6425fa62309)"
2018,PURULIA,JHALDA-I,MATHARI-KHAMAR,"doi:10.7910/DVN/ZHF9WC datafile 10396546 (r3-all-2018.csv.gz, md5 fd3487254ae01b22b999d6425fa62309)"
2018,PURULIA,JHALDA-I,NOYADIH,"doi:10.7910/DVN/ZHF9WC datafile 10396546 (r3-all-2018.csv.gz, md5 fd3487254ae01b22b999d6425fa62309)"
2018,PURULIA,JHALDA-I,PUSTI,"doi:10.7910/DVN/ZHF9WC datafile 10396546 (r3-all-2018.csv.gz, md5 fd3487254ae01b22b999d6425fa62309)"
2018,PURULIA,JHALDA-I,TULIN,"doi:10.7910/DVN/ZHF9WC datafile 10396546 (r3-all-2018.csv.gz, md5 fd3487254ae01b22b999d6425fa62309)"
2018,PURULIA,JHALDA-II,BAMNIYA-BELYADIH,"doi:10.7910/DVN/ZHF9WC datafile 10396546 (r3-all-2018.csv.gz, md5 fd3487254ae01b22b999d6425fa62309)"
2018,PURULIA,JHALDA-II,BEGUNKODAR,"doi:10.7910/DVN/ZHF9WC datafile 10396546 (r3-all-2018.csv.gz, md5 fd3487254ae01b22b999d6425fa62309)"
2018,PURULIA,JHALDA-II,CHEKYA,"doi:10.7910/DVN/ZHF9WC datafile 10396546 (r3-all-2018.csv.gz, md5 fd3487254ae01b22b999d6425fa62309)"
2018,PURULIA,JHALDA-II,CHITMU,"doi:10.7910/DVN/ZHF9WC datafile 10396546 (r3-all-2018.csv.gz, md5 fd3487254ae01b22b999d6425fa62309)"
2018,PURULIA,JHALDA-II,HIRAPURADARDIH,"doi:10.7910/DVN/ZHF9WC datafile 10396546 (r3-all-2018.csv.gz, md5 fd3487254ae01b22b999d6425fa62309)"
2018,PURULIA,JHALDA-II,MAJHIDIH,"doi:10.7910/DVN/ZHF9WC datafile 10396546 (r3-all-2018.csv.gz, md5 fd3487254ae01b22b999d6425fa62309)"
2018,PURULIA,JHALDA-II,NOWAHATU,"doi:10.7910/DVN/ZHF9WC datafile 10396546 (r3-all-2018.csv.gz, md5 fd3487254ae01b22b999d6425fa62309)"
2018,PURULIA,JHALDA-II,RIGID,"doi:10.7910/DVN/ZHF9WC datafile 10396546 (r3-all-2018.csv.gz, md5 fd3487254ae01b22b999d6425fa62309)"
2018,PURULIA,JHALDA-II,TATUARA,"doi:10.7910/DVN/ZHF9WC datafile 10396546 (r3-all-2018.csv.gz, md5 fd3487254ae01b22b999d6425fa62309)"
2018,JHARGRAM,JHARGRAM,AGUIBONI,"doi:10.7910/DVN/ZHF9WC datafile 10396546 (r3-all-2018.csv.gz, md5 fd3487254ae01b22b999d6425fa62309)"
2018,JHARGRAM,JHARGRAM,BANDHGORA,"doi:10.7910/DVN/ZHF9WC datafile 10396546 (r3-all-2018.csv.gz, md5 fd3487254ae01b22b999d6425fa62309)"
2018,JHARGRAM,JHARGRAM,CHANDRI,"doi:10.7910/DVN/ZHF9WC datafile 10396546 (r3-all-2018.csv.gz, md5 fd3487254ae01b22b999d6425fa62309)"
2018,JHARGRAM,JHARGRAM,CHUBKA,"doi:10.7910/DVN/ZHF9WC datafile 10396546 (r3-all-2018.csv.gz, md5 fd3487254ae01b22b999d6425fa62309)"
2018,JHARGRAM,JHARGRAM,DUDHKUNDI,"doi:10.7910/DVN/ZHF9WC datafile 10396546 (r3-all-2018.csv.gz, md5 fd3487254ae01b22b999d6425fa62309)"
2018,JHARGRAM,JHARGRAM,LODHASULI,"doi:10.7910/DVN/ZHF9WC datafile 10396546 (r3-all-2018.csv.gz, md5 fd3487254ae01b22b999d6425fa62309)"
2018,JHARGRAM,JHARGRAM,MANIKPARA,"doi:10.7910/DVN/ZHF9WC datafile 10396546 (r3-all-2018.csv.gz, md5 fd3487254ae01b22b999d6425fa62309)"
2018,JHARGRAM,JHARGRAM,NEDABAHARA,"doi:10.7910/DVN/ZHF9WC datafile 10396546 (r3-all-2018.csv.gz, md5 fd3487254ae01b22b999d6425fa62309)"
2018,JHARGRAM,JHARGRAM,PATASHIMUL,"doi:10.7910/DVN/ZHF9WC datafile 10396546 (r3-all-2018.csv.gz, md5 fd3487254ae01b22b999d6425fa62309)"
2018,JHARGRAM,JHARGRAM,RADHANAGAR,"doi:10.7910/DVN/ZHF9WC datafile 10396546 (r3-all-2018.csv.gz, md5 fd3487254ae01b22b999d6425fa62309)"
2018,JHARGRAM,JHARGRAM,SAPDHARA,"doi:10.7910/DVN/ZHF9WC datafile 10396546 (r3-all-2018.csv.gz, md5 fd3487254ae01b22b999d6425fa62309)"
2018,JHARGRAM,JHARGRAM,SARDIHA,"doi:10.7910/DVN/ZHF9WC datafile 10396546 (r3-all-2018.csv.gz, md5 fd3487254ae01b22b999d6425fa62309)"
2018,JHARGRAM,JHARGRAM,SHALBONI,"doi:10.7910/DVN/ZHF9WC datafile 10396546 (r3-all-2018.csv.gz, md5 fd3487254ae01b22b999d6425fa62309)"
2018,Darjeeling Gorkha Hill Council (DGHC),JOREBUNGLOW SUKHIA POKHARI,DHOOTRIA KALEJ VALLEY,"doi:10.7910/DVN/ZHF9WC datafile 10396546 (r3-all-2018.csv.gz, md5 fd3487254ae01b22b999d6425fa62309)"
2018,Darjeeling Gorkha Hill Council (DGHC),JOREBUNGLOW SUKHIA POKHARI,GHUM KHASMAHAL,"doi:10.7910/DVN/ZHF9WC datafile 10396546 (r3-all-2018.csv.gz, md5 fd3487254ae01b22b999d6425fa62309)"
2018,Darjeeling Gorkha Hill Council (DGHC),JOREBUNGLOW SUKHIA POKHARI,GORABARI MARGARETS HOPE,"doi:10.7910/DVN/ZHF9WC datafile 10396546 (r3-all-2018.csv.gz, md5 fd3487254ae01b22b999d6425fa62309)"
2018,Darjeeling Gorkha Hill Council (DGHC),JOREBUNGLOW SUKHIA POKHARI,LINGIAMARAYBONG,"doi:10.7910/DVN/ZHF9WC datafile 10396546 (r3-all-2018.csv.gz, md5 fd3487254ae01b22b999d6425fa62309)"
2018,Darjeeling Gorkha Hill Council (DGHC),JOREBUNGLOW SUKHIA POKHARI,LOWER SONADA-I,"doi:10.7910/DVN/ZHF9WC datafile 10396546 (r3-all-2018.csv.gz, md5 fd3487254ae01b22b999d6425fa62309)"
2018,Darjeeling Gorkha Hill Council (DGHC),JOREBUNGLOW SUKHIA POKHARI,LOWER SONADA-II,"doi:10.7910/DVN/ZHF9WC datafile 10396546 (r3-all-2018.csv.gz, md5 fd3487254ae01b22b999d6425fa62309)"
2018,Darjeeling Gorkha Hill Council (DGHC),JOREBUNGLOW SUKHIA POKHARI,MUNDA KOTHI,"doi:10.7910/DVN/ZHF9WC datafile 10396546 (r3-all-2018.csv.gz, md5 fd3487254ae01b22b999d6425fa62309)"
2018,Darjeeling Gorkha Hill Council (DGHC),JOREBUNGLOW SUKHIA POKHARI,PERMAGURITAMSANG,"doi:10.7910/DVN/ZHF9WC datafile 10396546 (r3-all-2018.csv.gz, md5 fd3487254ae01b22b999d6425fa62309)"
2018,Darjeeling Gorkha Hill Council (DGHC),JOREBUNGLOW SUKHIA POKHARI,PLUNGDUNG,"doi:10.7910/DVN/ZHF9WC datafile 10396546 (r3-all-2018.csv.gz, md5 fd3487254ae01b22b999d6425fa62309)"
2018,Darjeeling Gorkha Hill Council (DGHC),JOREBUNGLOW SUKHIA POKHARI,POKHRIABONG-I,"doi:10.7910/DVN/ZHF9WC datafile 10396546 (r3-all-2018.csv.gz, md5 fd3487254ae01b22b999d6425fa62309)"
2018,Darjeeling Gorkha Hill Council (DGHC),JOREBUNGLOW SUKHIA POKHARI,POKHRIABONG-II,"doi:10.7910/DVN/ZHF9WC datafile 10396546 (r3-all-2018.csv.gz, md5 fd3487254ae01b22b999d6425fa62309)"
2018,Darjeeling Gorkha Hill Council (DGHC),JOREBUNGLOW SUKHIA POKHARI,POKHRIABONG-III,"doi:10.7910/DVN/ZHF9WC datafile 10396546 (r3-all-2018.csv.gz, md5 fd3487254ae01b22b999d6425fa62309)"
2018,Darjeeling Gorkha Hill Council (DGHC),JOREBUNGLOW SUKHIA POKHARI,RANGBHANG GOPALDHARA,"doi:10.7910/DVN/ZHF9WC datafile 10396546 (r3-all-2018.csv.gz, md5 fd3487254ae01b22b999d6425fa62309)"
2018,Darjeeling Gorkha Hill Council (DGHC),JOREBUNGLOW SUKHIA POKHARI,RANGBUL,"doi:10.7910/DVN/ZHF9WC datafile 10396546 (r3-all-2018.csv.gz, md5 fd3487254ae01b22b999d6425fa62309)"
2018,Darjeeling Gorkha Hill Council (DGHC),JOREBUNGLOW SUKHIA POKHARI,SUKHIA-SIMANA,"doi:10.7910/DVN/ZHF9WC datafile 10396546 (r3-all-2018.csv.gz, md5 fd3487254ae01b22b999d6425fa62309)"
2018,Darjeeling Gorkha Hill Council (DGHC),JOREBUNGLOW SUKHIA POKHARI,UPPER SONADA,"doi:10.7910/DVN/ZHF9WC datafile 10396546 (r3-all-2018.csv.gz, md5 fd3487254ae01b22b999d6425fa62309)"
2018,BANKURA,JOYPUR,GELIA,"doi:10.7910/DVN/ZHF9WC datafile 10396546 (r3-all-2018.csv.gz, md5 fd3487254ae01b22b999d6425fa62309)"
2018,BANKURA,JOYPUR,HETIA,"doi:10.7910/DVN/ZHF9WC datafile 10396546 (r3-all-2018.csv.gz, md5 fd3487254ae01b22b999d6425fa62309)"
2018,BANKURA,JOYPUR,JAGANNATHPUR,"doi:10.7910/DVN/ZHF9WC datafile 10396546 (r3-all-2018.csv.gz, md5 fd3487254ae01b22b999d6425fa62309)"
2018,BANKURA,JOYPUR,KUCHIAKOL,"doi:10.7910/DVN/ZHF9WC datafile 10396546 (r3-all-2018.csv.gz, md5 fd3487254ae01b22b999d6425fa62309)"
2018,BANKURA,JOYPUR,MAYNAPUR,"doi:10.7910/DVN/ZHF9WC datafile 10396546 (r3-all-2018.csv.gz, md5 fd3487254ae01b22b999d6425fa62309)"
2018,BANKURA,JOYPUR,RAUTKHANDA,"doi:10.7910/DVN/ZHF9WC datafile 10396546 (r3-all-2018.csv.gz, md5 fd3487254ae01b22b999d6425fa62309)"
2018,BANKURA,JOYPUR,SALDA,"doi:10.7910/DVN/ZHF9WC datafile 10396546 (r3-all-2018.csv.gz, md5 fd3487254ae01b22b999d6425fa62309)"
2018,BANKURA,JOYPUR,SHYAMNAGAR,"doi:10.7910/DVN/ZHF9WC datafile 10396546 (r3-all-2018.csv.gz, md5 fd3487254ae01b22b999d6425fa62309)"
2018,BANKURA,JOYPUR,UTTARBARH,"doi:10.7910/DVN/ZHF9WC datafile 10396546 (r3-all-2018.csv.gz, md5 fd3487254ae01b22b999d6425fa62309)"
2018,24 PARGANAS SOUTH,KAK DWIP,BAPUJI,"doi:10.7910/DVN/ZHF9WC datafile 10396546 (r3-all-2018.csv.gz, md5 fd3487254ae01b22b999d6425fa62309)"
2018,24 PARGANAS SOUTH,KAK DWIP,MADHUSUDANPUR,"doi:10.7910/DVN/ZHF9WC datafile 10396546 (r3-all-2018.csv.gz, md5 fd3487254ae01b22b999d6425fa62309)"
2018,24 PARGANAS SOUTH,KAK DWIP,NETAJI,"doi:10.7910/DVN/ZHF9WC datafile 10396546 (r3-all-2018.csv.gz, md5 fd3487254ae01b22b999d6425fa62309)"
2018,24 PARGANAS SOUTH,KAK DWIP,PRATAPADITYANAGAR,"doi:10.7910/DVN/ZHF9WC datafile 10396546 (r3-all-2018.csv.gz, md5 fd3487254ae01b22b999d6425fa62309)"
2018,24 PARGANAS SOUTH,KAK DWIP,RABINDRA,"doi:10.7910/DVN/ZHF9WC datafile 10396546 (r3-all-2018.csv.gz, md5 fd3487254ae01b22b999d6425fa62309)"
2018,24 PARGANAS SOUTH,KAK DWIP,RAMGOPALPUR,"doi:10.7910/DVN/ZHF9WC datafile 10396546 (r3-all-2018.csv.gz, md5 fd3487254ae01b22b999d6425fa62309)"
2018,24 PARGANAS SOUTH,KAK DWIP,RISHI BANKIMCHANDRA,"doi:10.7910/DVN/ZHF9WC datafile 10396546 (r3-all-2018.csv.gz, md5 fd3487254ae01b22b999d6425fa62309)"
2018,24 PARGANAS SOUTH,KAK DWIP,SRI SRI RAMKRISHNA,"doi:10.7910/DVN/ZHF9WC datafile 10396546 (r3-all-2018.csv.gz, md5 fd3487254ae01b22b999d6425fa62309)"
2018,24 PARGANAS SOUTH,KAK DWIP,SRINAGAR,"doi:10.7910/DVN/ZHF9WC datafile 10396546 (r3-all-2018.csv.gz, md5 fd3487254ae01b22b999d6425fa62309)"
2018,24 PARGANAS SOUTH,KAK DWIP,SURYANAGAR,"doi:10.7910/DVN/ZHF9WC datafile 10396546 (r3-all-2018.csv.gz, md5 fd3487254ae01b22b999d6425fa62309)"
2018,24 PARGANAS SOUTH,KAK DWIP,SWAMI BIBEKANANDA,"doi:10.7910/DVN/ZHF9WC datafile 10396546 (r3-all-2018.csv.gz, md5 fd3487254ae01b22b999d6425fa62309)"
2018,ALIPURDUAR,KALCHINI,CHUAPARA,"doi:10.7910/DVN/ZHF9WC datafile 10396546 (r3-all-2018.csv.gz, md5 fd3487254ae01b22b999d6425fa62309)"
2018,ALIPURDUAR,KALCHINI,DALSINGPARA,"doi:10.7910/DVN/ZHF9WC datafile 10396546 (r3-all-2018.csv.gz, md5 fd3487254ae01b22b999d6425fa62309)"
2018,ALIPURDUAR,KALCHINI,GAROPARA,"doi:10.7910/DVN/ZHF9WC datafile 10396546 (r3-all-2018.csv.gz, md5 fd3487254ae01b22b999d6425fa62309)"
2018,ALIPURDUAR,KALCHINI,JAIGAON-I,"doi:10.7910/DVN/ZHF9WC datafile 10396546 (r3-all-2018.csv.gz, md5 fd3487254ae01b22b999d6425fa62309)"
2018,ALIPURDUAR,KALCHINI,JAIGAON-II,"doi:10.7910/DVN/ZHF9WC datafile 10396546 (r3-all-2018.csv.gz, md5 fd3487254ae01b22b999d6425fa62309)"
2018,ALIPURDUAR,KALCHINI,KALCHINI,"doi:10.7910/DVN/ZHF9WC datafile 10396546 (r3-all-2018.csv.gz, md5 fd3487254ae01b22b999d6425fa62309)"
2018,ALIPURDUAR,KALCHINI,LATABARI,"doi:10.7910/DVN/ZHF9WC datafile 10396546 (r3-all-2018.csv.gz, md5 fd3487254ae01b22b999d6425fa62309)"
2018,ALIPURDUAR,KALCHINI,MALANGI,"doi:10.7910/DVN/ZHF9WC datafile 10396546 (r3-all-2018.csv.gz, md5 fd3487254ae01b22b999d6425fa62309)"
2018,ALIPURDUAR,KALCHINI,MENDABARI,"doi:10.7910/DVN/ZHF9WC datafile 10396546 (r3-all-2018.csv.gz, md5 fd3487254ae01b22b999d6425fa62309)"
2018,ALIPURDUAR,KALCHINI,RAJABHATKHAOA,"doi:10.7910/DVN/ZHF9WC datafile 10396546 (r3-all-2018.csv.gz, md5 fd3487254ae01b22b999d6425fa62309)"
2018,ALIPURDUAR,KALCHINI,SATALI,"doi:10.7910/DVN/ZHF9WC datafile 10396546 (r3-all-2018.csv.gz, md5 fd3487254ae01b22b999d6425fa62309)"
2018,MALDAH,KALIACHAK-I,ALINAGAR,"doi:10.7910/DVN/ZHF9WC datafile 10396546 (r3-all-2018.csv.gz, md5 fd3487254ae01b22b999d6425fa62309)"
2018,MALDAH,KALIACHAK-I,ALIPUR-I,"doi:10.7910/DVN/ZHF9WC datafile 10396546 (r3-all-2018.csv.gz, md5 fd3487254ae01b22b999d6425fa62309)"
2018,MALDAH,KALIACHAK-I,ALIPUR-II,"doi:10.7910/DVN/ZHF9WC datafile 10396546 (r3-all-2018.csv.gz, md5 fd3487254ae01b22b999d6425fa62309)"
2018,MALDAH,KALIACHAK-I,BAMONGRAM-MASHIMPUR,"doi:10.7910/DVN/ZHF9WC datafile 10396546 (r3-all-2018.csv.gz, md5 fd3487254ae01b22b999d6425fa62309)"
2018,MALDAH,KALIACHAK-I,GAYESHBARI,"doi:10.7910/DVN/ZHF9WC datafile 10396546 (r3-all-2018.csv.gz, md5 fd3487254ae01b22b999d6425fa62309)"
2018,MALDAH,KALIACHAK-I,JALALPUR,"doi:10.7910/DVN/ZHF9WC datafile 10396546 (r3-all-2018.csv.gz, md5 fd3487254ae01b22b999d6425fa62309)"
2018,MALDAH,KALIACHAK-I,JALUABADHAL,"doi:10.7910/DVN/ZHF9WC datafile 10396546 (r3-all-2018.csv.gz, md5 fd3487254ae01b22b999d6425fa62309)"
2018,MALDAH,KALIACHAK-I,KALIACHAK-I,"doi:10.7910/DVN/ZHF9WC datafile 10396546 (r3-all-2018.csv.gz, md5 fd3487254ae01b22b999d6425fa62309)"
2018,MALDAH,KALIACHAK-I,KALIACHAK-II,"doi:10.7910/DVN/ZHF9WC datafile 10396546 (r3-all-2018.csv.gz, md5 fd3487254ae01b22b999d6425fa62309)"
2018,MALDAH,KALIACHAK-I,MOZAMPUR,"doi:10.7910/DVN/ZHF9WC datafile 10396546 (r3-all-2018.csv.gz, md5 fd3487254ae01b22b999d6425fa62309)"
2018,MALDAH,KALIACHAK-I,NAODA-JADUPUR,"doi:10.7910/DVN/ZHF9WC datafile 10396546 (r3-all-2018.csv.gz, md5 fd3487254ae01b22b999d6425fa62309)"
2018,MALDAH,KALIACHAK-I,SILAMPUR-I,"doi:10.7910/DVN/ZHF9WC datafile 10396546 (r3-all-2018.csv.gz, md5 fd3487254ae01b22b999d6425fa62309)"
2018,MALDAH,KALIACHAK-I,SILAMPUR-II,"doi:10.7910/DVN/ZHF9WC datafile 10396546 (r3-all-2018.csv.gz, md5 fd3487254ae01b22b999d6425fa62309)"
2018,MALDAH,KALIACHAK-I,SUJAPUR,"doi:10.7910/DVN/ZHF9WC datafile 10396546 (r3-all-2018.csv.gz, md5 fd3487254ae01b22b999d6425fa62309)"
2018,MALDAH,KALIACHAK-II,BANGITOLA,"doi:10.7910/DVN/ZHF9WC datafile 10396546 (r3-all-2018.csv.gz, md5 fd3487254ae01b22b999d6425fa62309)"
2018,MALDAH,KALIACHAK-II,GANGAPRASAD,"doi:10.7910/DVN/ZHF9WC datafile 10396546 (r3-all-2018.csv.gz, md5 fd3487254ae01b22b999d6425fa62309)"
2018,MALDAH,KALIACHAK-II,HAMIDPUR,"doi:10.7910/DVN/ZHF9WC datafile 10396546 (r3-all-2018.csv.gz, md5 fd3487254ae01b22b999d6425fa62309)"
2018,MALDAH,KALIACHAK-II,MOTHABARI,"doi:10.7910/DVN/ZHF9WC datafile 10396546 (r3-all-2018.csv.gz, md5 fd3487254ae01b22b999d6425fa62309)"
2018,MALDAH,KALIACHAK-II,RAJNAGAR,"doi:10.7910/DVN/ZHF9WC datafile 10396546 (r3-all-2018.csv.gz, md5 fd3487254ae01b22b999d6425fa62309)"
2018,MALDAH,KALIACHAK-II,RATHBARI,"doi:10.7910/DVN/ZHF9WC datafile 10396546 (r3-all-2018.csv.gz, md5 fd3487254ae01b22b999d6425fa62309)"
2018,MALDAH,KALIACHAK-II,UTTAR LAKSHMIPUR,"doi:10.7910/DVN/ZHF9WC datafile 10396546 (r3-all-2018.csv.gz, md5 fd3487254ae01b22b999d6425fa62309)"
2018,MALDAH,KALIACHAK-II,UTTAR PACHANANDAPUR-II,"doi:10.7910/DVN/ZHF9WC datafile 10396546 (r3-all-2018.csv.gz, md5 fd3487254ae01b22b999d6425fa62309)"
2018,MALDAH,KALIACHAK-II,UTTAR PANCHANANDAPUR-I,"doi:10.7910/DVN/ZHF9WC datafile 10396546 (r3-all-2018.csv.gz, md5 fd3487254ae01b22b999d6425fa62309)"
2018,MALDAH,KALIACHAK-III,AKANDABARIA,"doi:10.7910/DVN/ZHF9WC datafile 10396546 (r3-all-2018.csv.gz, md5 fd3487254ae01b22b999d6425fa62309)"
2018,MALDAH,KALIACHAK-III,BAKHRABAD,"doi:10.7910/DVN/ZHF9WC datafile 10396546 (r3-all-2018.csv.gz, md5 fd3487254ae01b22b999d6425fa62309)"
2018,MALDAH,KALIACHAK-III,BEDRABAD,"doi:10.7910/DVN/ZHF9WC datafile 10396546 (r3-all-2018.csv.gz, md5 fd3487254ae01b22b999d6425fa62309)"
2018,MALDAH,KALIACHAK-III,BEERNAGAR-I,"doi:10.7910/DVN/ZHF9WC datafile 10396546 (r3-all-2018.csv.gz, md5 fd3487254ae01b22b999d6425fa62309)"
2018,MALDAH,KALIACHAK-III,BEERNAGAR-II,"doi:10.7910/DVN/ZHF9WC datafile 10396546 (r3-all-2018.csv.gz, md5 fd3487254ae01b22b999d6425fa62309)"
2018,MALDAH,KALIACHAK-III,BHAGABANPUR,"doi:10.7910/DVN/ZHF9WC datafile 10396546 (r3-all-2018.csv.gz, md5 fd3487254ae01b22b999d6425fa62309)"
2018,MALDAH,KALIACHAK-III,CHARIANANTAPUR,"doi:10.7910/DVN/ZHF9WC datafile 10396546 (r3-all-2018.csv.gz, md5 fd3487254ae01b22b999d6425fa62309)"
2018,MALDAH,KALIACHAK-III,GOLAPGANJ,"doi:10.7910/DVN/ZHF9WC datafile 10396546 (r3-all-2018.csv.gz, md5 fd3487254ae01b22b999d6425fa62309)"
2018,MALDAH,KALIACHAK-III,KRISHNAPUR,"doi:10.7910/DVN/ZHF9WC datafile 10396546 (r3-all-2018.csv.gz, md5 fd3487254ae01b22b999d6425fa62309)"
2018,MALDAH,KALIACHAK-III,KUMBHIRA,"doi:10.7910/DVN/ZHF9WC datafile 10396546 (r3-all-2018.csv.gz, md5 fd3487254ae01b22b999d6425fa62309)"
2018,MALDAH,KALIACHAK-III,LAKSHMIPUR,"doi:10.7910/DVN/ZHF9WC datafile 10396546 (r3-all-2018.csv.gz, md5 fd3487254ae01b22b999d6425fa62309)"
2018,MALDAH,KALIACHAK-III,PARDEONAPUR-SOVAPUR,"doi:10.7910/DVN/ZHF9WC datafile 10396546 (r3-all-2018.csv.gz, md5 fd3487254ae01b22b999d6425fa62309)"
2018,MALDAH,KALIACHAK-III,SAHABAJPUR,"doi:10.7910/DVN/ZHF9WC datafile 10396546 (r3-all-2018.csv.gz, md5 fd3487254ae01b22b999d6425fa62309)"
2018,MALDAH,KALIACHAK-III,SAHABANCHAK,"doi:10.7910/DVN/ZHF9WC datafile 10396546 (r3-all-2018.csv.gz, md5 fd3487254ae01b22b999d6425fa62309)"
2018,DINAJPUR UTTAR,KALIAGANJ,ANANTAPUR,"doi:10.7910/DVN/ZHF9WC datafile 10396546 (r3-all-2018.csv.gz, md5 fd3487254ae01b22b999d6425fa62309)"
2018,DINAJPUR UTTAR,KALIAGANJ,BARUNA,"doi:10.7910/DVN/ZHF9WC datafile 10396546 (r3-all-2018.csv.gz, md5 fd3487254ae01b22b999d6425fa62309)"
2018,DINAJPUR UTTAR,KALIAGANJ,BHANDAR,"doi:10.7910/DVN/ZHF9WC datafile 10396546 (r3-all-2018.csv.gz, md5 fd3487254ae01b22b999d6425fa62309)"
2018,DINAJPUR UTTAR,KALIAGANJ,BOCHADANGA,"doi:10.7910/DVN/ZHF9WC datafile 10396546 (r3-all-2018.csv.gz, md5 fd3487254ae01b22b999d6425fa62309)"
2018,DINAJPUR UTTAR,KALIAGANJ,DHANKOIL,"doi:10.7910/DVN/ZHF9WC datafile 10396546 (r3-all-2018.csv.gz, md5 fd3487254ae01b22b999d6425fa62309)"
2018,DINAJPUR UTTAR,KALIAGANJ,MALGAON,"doi:10.7910/DVN/ZHF9WC datafile 10396546 (r3-all-2018.csv.gz, md5 fd3487254ae01b22b999d6425fa62309)"
2018,DINAJPUR UTTAR,KALIAGANJ,MUSTAFANAGAR,"doi:10.7910/DVN/ZHF9WC datafile 10396546 (r3-all-2018.csv.gz, md5 fd3487254ae01b22b999d6425fa62309)"
2018,DINAJPUR UTTAR,KALIAGANJ,RADHIKAPUR,"doi:10.7910/DVN/ZHF9WC datafile 10396546 (r3-all-2018.csv.gz, md5 fd3487254ae01b22b999d6425fa62309)"
2018,NADIA,KALIGANJ,BARACHANDGHAR,"doi:10.7910/DVN/ZHF9WC datafile 10396546 (r3-all-2018.csv.gz, md5 fd3487254ae01b22b999d6425fa62309)"
2018,NADIA,KALIGANJ,DEBAGRAM,"doi:10.7910/DVN/ZHF9WC datafile 10396546 (r3-all-2018.csv.gz, md5 fd3487254ae01b22b999d6425fa62309)"
2018,NADIA,KALIGANJ,FARIDPUR,"doi:10.7910/DVN/ZHF9WC datafile 10396546 (r3-all-2018.csv.gz, md5 fd3487254ae01b22b999d6425fa62309)"
2018,NADIA,KALIGANJ,GOBRA,"doi:10.7910/DVN/ZHF9WC datafile 10396546 (r3-all-2018.csv.gz, md5 fd3487254ae01b22b999d6425fa62309)"
2018,NADIA,KALIGANJ,HATGACHHA,"doi:10.7910/DVN/ZHF9WC datafile 10396546 (r3-all-2018.csv.gz, md5 fd3487254ae01b22b999d6425fa62309)"
2018,NADIA,KALIGANJ,JURANPUR,"doi:10.7910/DVN/ZHF9WC datafile 10396546 (r3-all-2018.csv.gz, md5 fd3487254ae01b22b999d6425fa62309)"
2018,NADIA,KALIGANJ,KALIGANJ,"doi:10.7910/DVN/ZHF9WC datafile 10396546 (r3-all-2018.csv.gz, md5 fd3487254ae01b22b999d6425fa62309)"
2018,NADIA,KALIGANJ,MATIARI,"doi:10.7910/DVN/ZHF9WC datafile 10396546 (r3-all-2018.csv.gz, md5 fd3487254ae01b22b999d6425fa62309)"
2018,NADIA,KALIGANJ,MIRA-I,"doi:10.7910/DVN/ZHF9WC datafile 10396546 (r3-all-2018.csv.gz, md5 fd3487254ae01b22b999d6425fa62309)"
2018,NADIA,KALIGANJ,MIRA-II,"doi:10.7910/DVN/ZHF9WC datafile 10396546 (r3-all-2018.csv.gz, md5 fd3487254ae01b22b999d6425fa62309)"
2018,NADIA,KALIGANJ,PALITBEGIA,"doi:10.7910/DVN/ZHF9WC datafile 10396546 (r3-all-2018.csv.gz, md5 fd3487254ae01b22b999d6425fa62309)"
2018,NADIA,KALIGANJ,PANIGHATA,"doi:10.7910/DVN/ZHF9WC datafile 10396546 (r3-all-2018.csv.gz, md5 fd3487254ae01b22b999d6425fa62309)"
2018,NADIA,KALIGANJ,PLASSEY-I,"doi:10.7910/DVN/ZHF9WC datafile 10396546 (r3-all-2018.csv.gz, md5 fd3487254ae01b22b999d6425fa62309)"
2018,NADIA,KALIGANJ,PLASSEY-II,"doi:10.7910/DVN/ZHF9WC datafile 10396546 (r3-all-2018.csv.gz, md5 fd3487254ae01b22b999d6425fa62309)"
2018,NADIA,KALIGANJ,RAJARMPUR GHORAIKHETRA,"doi:10.7910/DVN/ZHF9WC datafile 10396546 (r3-all-2018.csv.gz, md5 fd3487254ae01b22b999d6425fa62309)"
2018,KALIMPONG,KALIMPONG-I,BHALUKHOP,"doi:10.7910/DVN/ZHF9WC datafile 10396546 (r3-all-2018.csv.gz, md5 fd3487254ae01b22b999d6425fa62309)"
2018,KALIMPONG,KALIMPONG-I,BONG,"doi:10.7910/DVN/ZHF9WC datafile 10396546 (r3-all-2018.csv.gz, md5 fd3487254ae01b22b999d6425fa62309)"
2018,KALIMPONG,KALIMPONG-I,DR. GRAHAMS HOMES,"doi:10.7910/DVN/ZHF9WC datafile 10396546 (r3-all-2018.csv.gz, md5 fd3487254ae01b22b999d6425fa62309)"
2018,KALIMPONG,KALIMPONG-I,DUNGRA,"doi:10.7910/DVN/ZHF9WC datafile 10396546 (r3-all-2018.csv.gz, md5 fd3487254ae01b22b999d6425fa62309)"
2018,KALIMPONG,KALIMPONG-I,KAFER KANKE BONG,"doi:10.7910/DVN/ZHF9WC datafile 10396546 (r3-all-2018.csv.gz, md5 fd3487254ae01b22b999d6425fa62309)"
2018,KALIMPONG,KALIMPONG-I,KALIMPONG,"doi:10.7910/DVN/ZHF9WC datafile 10396546 (r3-all-2018.csv.gz, md5 fd3487254ae01b22b999d6425fa62309)"
2018,KALIMPONG,KALIMPONG-I,LOWER ECHHAY,"doi:10.7910/DVN/ZHF9WC datafile 10396546 (r3-all-2018.csv.gz, md5 fd3487254ae01b22b999d6425fa62309)"
2018,KALIMPONG,KALIMPONG-I,NEEMBONG,"doi:10.7910/DVN/ZHF9WC datafile 10396546 (r3-all-2018.csv.gz, md5 fd3487254ae01b22b999d6425fa62309)"
2018,KALIMPONG,KALIMPONG-I,PABRINGTAR,"doi:10.7910/DVN/ZHF9WC datafile 10396546 (r3-all-2018.csv.gz, md5 fd3487254ae01b22b999d6425fa62309)"
2018,KALIMPONG,KALIMPONG-I,PUDUNG,"doi:10.7910/DVN/ZHF9WC datafile 10396546 (r3-all-2018.csv.gz, md5 fd3487254ae01b22b999d6425fa62309)"
2018,KALIMPONG,KALIMPONG-I,SAMALBONG,"doi:10.7910/DVN/ZHF9WC datafile 10396546 (r3-all-2018.csv.gz, md5 fd3487254ae01b22b999d6425fa62309)"
2018,KALIMPONG,KALIMPONG-I,SAMTHAR,"doi:10.7910/DVN/ZHF9WC datafile 10396546 (r3-all-2018.csv.gz, md5 fd3487254ae01b22b999d6425fa62309)"
2018,KALIMPONG,KALIMPONG-I,SEOKBIR,"doi:10.7910/DVN/ZHF9WC datafile 10396546 (r3-all-2018.csv.gz, md5 fd3487254ae01b22b999d6425fa62309)"
2018,KALIMPONG,KALIMPONG-I,SINDEPONG,"doi:10.7910/DVN/ZHF9WC datafile 10396546 (r3-all-2018.csv.gz, md5 fd3487254ae01b22b999d6425fa62309)"
2018,KALIMPONG,KALIMPONG-I,SYANGMAKUM,"doi:10.7910/DVN/ZHF9WC datafile 10396546 (r3-all-2018.csv.gz, md5 fd3487254ae01b22b999d6425fa62309)"
2018,KALIMPONG,KALIMPONG-I,TASHIDING,"doi:10.7910/DVN/ZHF9WC datafile 10396546 (r3-all-2018.csv.gz, md5 fd3487254ae01b22b999d6425fa62309)"
2018,KALIMPONG,KALIMPONG-I,TISTA,"doi:10.7910/DVN/ZHF9WC datafile 10396546 (r3-all-2018.csv.gz, md5 fd3487254ae01b22b999d6425fa62309)"
2018,KALIMPONG,KALIMPONG-I,UPPER ECHHAY,"doi:10.7910/DVN/ZHF9WC datafile 10396546 (r3-all-2018.csv.gz, md5 fd3487254ae01b22b999d6425fa62309)"
2018,KALIMPONG,KALIMPONG-II,DALAPCHAND,"doi:10.7910/DVN/ZHF9WC datafile 10396546 (r3-all-2018.csv.gz, md5 fd3487254ae01b22b999d6425fa62309)"
2018,KALIMPONG,KALIMPONG-II,GITABLING,"doi:10.7910/DVN/ZHF9WC datafile 10396546 (r3-all-2018.csv.gz, md5 fd3487254ae01b22b999d6425fa62309)"
2018,KALIMPONG,KALIMPONG-II,KAGE,"doi:10.7910/DVN/ZHF9WC datafile 10396546 (r3-all-2018.csv.gz, md5 fd3487254ae01b22b999d6425fa62309)"
2018,KALIMPONG,KALIMPONG-II,KASHYONG,"doi:10.7910/DVN/ZHF9WC datafile 10396546 (r3-all-2018.csv.gz, md5 fd3487254ae01b22b999d6425fa62309)"
2018,KALIMPONG,KALIMPONG-II,LAVA-GITABEONG,"doi:10.7910/DVN/ZHF9WC datafile 10396546 (r3-all-2018.csv.gz, md5 fd3487254ae01b22b999d6425fa62309)"
2018,KALIMPONG,KALIMPONG-II,LINGSEY,"doi:10.7910/DVN/ZHF9WC datafile 10396546 (r3-all-2018.csv.gz, md5 fd3487254ae01b22b999d6425fa62309)"
2018,KALIMPONG,KALIMPONG-II,LINGSEYKHA,"doi:10.7910/DVN/ZHF9WC datafile 10396546 (r3-all-2018.csv.gz, md5 fd3487254ae01b22b999d6425fa62309)"
2018,KALIMPONG,KALIMPONG-II,LOLEY,"doi:10.7910/DVN/ZHF9WC datafile 10396546 (r3-all-2018.csv.gz, md5 fd3487254ae01b22b999d6425fa62309)"
2018,KALIMPONG,KALIMPONG-II,PAYONG,"doi:10.7910/DVN/ZHF9WC datafile 10396546 (r3-all-2018.csv.gz, md5 fd3487254ae01b22b999d6425fa62309)"
2018,KALIMPONG,KALIMPONG-II,PEDONG,"doi:10.7910/DVN/ZHF9WC datafile 10396546 (r3-all-2018.csv.gz, md5 fd3487254ae01b22b999d6425fa62309)"
2018,KALIMPONG,KALIMPONG-II,SHANGSE,"doi:10.7910/DVN/ZHF9WC datafile 10396546 (r3-all-2018.csv.gz, md5 fd3487254ae01b22b999d6425fa62309)"
2018,KALIMPONG,KALIMPONG-II,SHANTUK,"doi:10.7910/DVN/ZHF9WC datafile 10396546 (r3-all-2018.csv.gz, md5 fd3487254ae01b22b999d6425fa62309)"
2018,KALIMPONG,KALIMPONG-II,SYAKIYONG,"doi:10.7910/DVN/ZHF9WC datafile 10396546 (r3-all-2018.csv.gz, md5 fd3487254ae01b22b999d6425fa62309)"
2018,PURBA BARDHAMAN,KALNA-I,ATGHORIA SIMLAN,"doi:10.7910/DVN/ZHF9WC datafile 10396546 (r3-all-2018.csv.gz, md5 fd3487254ae01b22b999d6425fa62309)"
2018,PURBA BARDHAMAN,KALNA-I,BAGNAPARA,"doi:10.7910/DVN/ZHF9WC datafile 10396546 (r3-all-2018.csv.gz, md5 fd3487254ae01b22b999d6425fa62309)"
2018,PURBA BARDHAMAN,KALNA-I,BEGPUR,"doi:10.7910/DVN/ZHF9WC datafile 10396546 (r3-all-2018.csv.gz, md5 fd3487254ae01b22b999d6425fa62309)"
2018,PURBA BARDHAMAN,KALNA-I,DHATRIGRAM,"doi:10.7910/DVN/ZHF9WC datafile 10396546 (r3-all-2018.csv.gz, md5 fd3487254ae01b22b999d6425fa62309)"
2018,PURBA BARDHAMAN,KALNA-I,HAT-KALNA,"doi:10.7910/DVN/ZHF9WC datafile 10396546 (r3-all-2018.csv.gz, md5 fd3487254ae01b22b999d6425fa62309)"
2018,PURBA BARDHAMAN,KALNA-I,KANKURIA,"doi:10.7910/DVN/ZHF9WC datafile 10396546 (r3-all-2018.csv.gz, md5 fd3487254ae01b22b999d6425fa62309)"
2018,PURBA BARDHAMAN,KALNA-I,KRISHNADEBPUR,"doi:10.7910/DVN/ZHF9WC datafile 10396546 (r3-all-2018.csv.gz, md5 fd3487254ae01b22b999d6425fa62309)"
2018,PURBA BARDHAMAN,KALNA-I,NANDAI,"doi:10.7910/DVN/ZHF9WC datafile 10396546 (r3-all-2018.csv.gz, md5 fd3487254ae01b22b999d6425fa62309)"
2018,PURBA BARDHAMAN,KALNA-I,SULTANPUR,"doi:10.7910/DVN/ZHF9WC datafile 10396546 (r3-all-2018.csv.gz, md5 fd3487254ae01b22b999d6425fa62309)"
2018,PURBA BARDHAMAN,KALNA-II,AKALPOUSH,"doi:10.7910/DVN/ZHF9WC datafile 10396546 (r3-all-2018.csv.gz, md5 fd3487254ae01b22b999d6425fa62309)"
2018,PURBA BARDHAMAN,KALNA-II,ANUKHAL,"doi:10.7910/DVN/ZHF9WC datafile 10396546 (r3-all-2018.csv.gz, md5 fd3487254ae01b22b999d6425fa62309)"
2018,PURBA BARDHAMAN,KALNA-II,BADLA,"doi:10.7910/DVN/ZHF9WC datafile 10396546 (r3-all-2018.csv.gz, md5 fd3487254ae01b22b999d6425fa62309)"
2018,PURBA BARDHAMAN,KALNA-II,BAIDYAPUR,"doi:10.7910/DVN/ZHF9WC datafile 10396546 (r3-all-2018.csv.gz, md5 fd3487254ae01b22b999d6425fa62309)"
2018,PURBA BARDHAMAN,KALNA-II,BARADHAMAS,"doi:10.7910/DVN/ZHF9WC datafile 10396546 (r3-all-2018.csv.gz, md5 fd3487254ae01b22b999d6425fa62309)"
2018,PURBA BARDHAMAN,KALNA-II,KALYANPUR,"doi:10.7910/DVN/ZHF9WC datafile 10396546 (r3-all-2018.csv.gz, md5 fd3487254ae01b22b999d6425fa62309)"
2018,PURBA BARDHAMAN,KALNA-II,PINDIRA,"doi:10.7910/DVN/ZHF9WC datafile 10396546 (r3-all-2018.csv.gz, md5 fd3487254ae01b22b999d6425fa62309)"
2018,PURBA BARDHAMAN,KALNA-II,SATGACHI,"doi:10.7910/DVN/ZHF9WC datafile 10396546 (r3-all-2018.csv.gz, md5 fd3487254ae01b22b999d6425fa62309)"
2018,NADIA,KALYANI,CHANDURIA-II,"doi:10.7910/DVN/ZHF9WC datafile 10396546 (r3-all-2018.csv.gz, md5 fd3487254ae01b22b999d6425fa62309)"
2018,NADIA,KALYANI,KANCHARAPARA,"doi:10.7910/DVN/ZHF9WC datafile 10396546 (r3-all-2018.csv.gz, md5 fd3487254ae01b22b999d6425fa62309)"
2018,NADIA,KALYANI,MADANPUR-I,"doi:10.7910/DVN/ZHF9WC datafile 10396546 (r3-all-2018.csv.gz, md5 fd3487254ae01b22b999d6425fa62309)"
2018,NADIA,KALYANI,MADANPUR-II,"doi:10.7910/DVN/ZHF9WC datafile 10396546 (r3-all-2018.csv.gz, md5 fd3487254ae01b22b999d6425fa62309)"
2018,NADIA,KALYANI,SAGUNA,"doi:10.7910/DVN/ZHF9WC datafile 10396546 (r3-all-2018.csv.gz, md5 fd3487254ae01b22b999d6425fa62309)"
2018,NADIA,KALYANI,SARATI,"doi:10.7910/DVN/ZHF9WC datafile 10396546 (r3-all-2018.csv.gz, md5 fd3487254ae01b22b999d6425fa62309)"
2018,NADIA,KALYANI,SIMURALI,"doi:10.7910/DVN/ZHF9WC datafile 10396546 (r3-all-2018.csv.gz, md5 fd3487254ae01b22b999d6425fa62309)"
2018,MURSHIDABAD,KANDI,ANDULIA,"doi:10.7910/DVN/ZHF9WC datafile 10396546 (r3-all-2018.csv.gz, md5 fd3487254ae01b22b999d6425fa62309)"
2018,MURSHIDABAD,KANDI,GOKARNA-I,"doi:10.7910/DVN/ZHF9WC datafile 10396546 (r3-all-2018.csv.gz, md5 fd3487254ae01b22b999d6425fa62309)"
2018,MURSHIDABAD,KANDI,GOKARNA-II,"doi:10.7910/DVN/ZHF9WC datafile 10396546 (r3-all-2018.csv.gz, md5 fd3487254ae01b22b999d6425fa62309)"
2018,MURSHIDABAD,KANDI,HIZOLE,"doi:10.7910/DVN/ZHF9WC datafile 10396546 (r3-all-2018.csv.gz, md5 fd3487254ae01b22b999d6425fa62309)"
2018,MURSHIDABAD,KANDI,JASHAHARI ANUKHA-I,"doi:10.7910/DVN/ZHF9WC datafile 10396546 (r3-all-2018.csv.gz, md5 fd3487254ae01b22b999d6425fa62309)"
2018,MURSHIDABAD,KANDI,JASHAHARI ANUKHA-II,"doi:10.7910/DVN/ZHF9WC datafile 10396546 (r3-all-2018.csv.gz, md5 fd3487254ae01b22b999d6425fa62309)"
2018,MURSHIDABAD,KANDI,KUMARSANDA,"doi:10.7910/DVN/ZHF9WC datafile 10396546 (r3-all-2018.csv.gz, md5 fd3487254ae01b22b999d6425fa62309)"
2018,MURSHIDABAD,KANDI,MAHALANDI-I,"doi:10.7910/DVN/ZHF9WC datafile 10396546 (r3-all-2018.csv.gz, md5 fd3487254ae01b22b999d6425fa62309)"
2018,MURSHIDABAD,KANDI,MAHALANDI-II,"doi:10.7910/DVN/ZHF9WC datafile 10396546 (r3-all-2018.csv.gz, md5 fd3487254ae01b22b999d6425fa62309)"
2018,MURSHIDABAD,KANDI,PURANDARPUR,"doi:10.7910/DVN/ZHF9WC datafile 10396546 (r3-all-2018.csv.gz, md5 fd3487254ae01b22b999d6425fa62309)"
2018,PASCHIM BARDHAMAN,KANKSA,AMLAJORA,"doi:10.7910/DVN/ZHF9WC datafile 10396546 (r3-all-2018.csv.gz, md5 fd3487254ae01b22b999d6425fa62309)"
2018,PASCHIM BARDHAMAN,KANKSA,BIDBIHAR,"doi:10.7910/DVN/ZHF9WC datafile 10396546 (r3-all-2018.csv.gz, md5 fd3487254ae01b22b999d6425fa62309)"
2018,PASCHIM BARDHAMAN,KANKSA,BONKATI,"doi:10.7910/DVN/ZHF9WC datafile 10396546 (r3-all-2018.csv.gz, md5 fd3487254ae01b22b999d6425fa62309)"
2018,PASCHIM BARDHAMAN,KANKSA,GOPALPUR,"doi:10.7910/DVN/ZHF9WC datafile 10396546 (r3-all-2018.csv.gz, md5 fd3487254ae01b22b999d6425fa62309)"
2018,PASCHIM BARDHAMAN,KANKSA,KANKSA,"doi:10.7910/DVN/ZHF9WC datafile 10396546 (r3-all-2018.csv.gz, md5 fd3487254ae01b22b999d6425fa62309)"
2018,PASCHIM BARDHAMAN,KANKSA,MOLANDIGHI,"doi:10.7910/DVN/ZHF9WC datafile 10396546 (r3-all-2018.csv.gz, md5 fd3487254ae01b22b999d6425fa62309)"
2018,PASCHIM BARDHAMAN,KANKSA,TRILOKCHANDRAPUR,"doi:10.7910/DVN/ZHF9WC datafile 10396546 (r3-all-2018.csv.gz, md5 fd3487254ae01b22b999d6425fa62309)"
2018,DINAJPUR UTTAR,KARANDIGHI,ALTAPUR-I,"doi:10.7910/DVN/ZHF9WC datafile 10396546 (r3-all-2018.csv.gz, md5 fd3487254ae01b22b999d6425fa62309)"
2018,DINAJPUR UTTAR,KARANDIGHI,ALTAPUR-II,"doi:10.7910/DVN/ZHF9WC datafile 10396546 (r3-all-2018.csv.gz, md5 fd3487254ae01b22b999d6425fa62309)"
2018,DINAJPUR UTTAR,KARANDIGHI,BAZARGAON-I,"doi:10.7910/DVN/ZHF9WC datafile 10396546 (r3-all-2018.csv.gz, md5 fd3487254ae01b22b999d6425fa62309)"
2018,DINAJPUR UTTAR,KARANDIGHI,BAZARGAON-II,"doi:10.7910/DVN/ZHF9WC datafile 10396546 (r3-all-2018.csv.gz, md5 fd3487254ae01b22b999d6425fa62309)"
2018,DINAJPUR UTTAR,KARANDIGHI,DALKHOLA-I,"doi:10.7910/DVN/ZHF9WC datafile 10396546 (r3-all-2018.csv.gz, md5 fd3487254ae01b22b999d6425fa62309)"
2018,DINAJPUR UTTAR,KARANDIGHI,DOMOHONA,"doi:10.7910/DVN/ZHF9WC datafile 10396546 (r3-all-2018.csv.gz, md5 fd3487254ae01b22b999d6425fa62309)"
2018,DINAJPUR UTTAR,KARANDIGHI,KARANDIGHI-I,"doi:10.7910/DVN/ZHF9WC datafile 10396546 (r3-all-2018.csv.gz, md5 fd3487254ae01b22b999d6425fa62309)"
2018,DINAJPUR UTTAR,KARANDIGHI,KARANDIGHI-II,"doi:10.7910/DVN/ZHF9WC datafile 10396546 (r3-all-2018.csv.gz, md5 fd3487254ae01b22b999d6425fa62309)"
2018,DINAJPUR UTTAR,KARANDIGHI,LAHUTARA-I,"doi:10.7910/DVN/ZHF9WC datafile 10396546 (r3-all-2018.csv.gz, md5 fd3487254ae01b22b999d6425fa62309)"
2018,DINAJPUR UTTAR,KARANDIGHI,LAHUTARA-II,"doi:10.7910/DVN/ZHF9WC datafile 10396546 (r3-all-2018.csv.gz, md5 fd3487254ae01b22b999d6425fa62309)"
2018,DINAJPUR UTTAR,KARANDIGHI,RANIGANJ,"doi:10.7910/DVN/ZHF9WC datafile 10396546 (r3-all-2018.csv.gz, md5 fd3487254ae01b22b999d6425fa62309)"
2018,DINAJPUR UTTAR,KARANDIGHI,RASAKHOW-I,"doi:10.7910/DVN/ZHF9WC datafile 10396546 (r3-all-2018.csv.gz, md5 fd3487254ae01b22b999d6425fa62309)"
2018,DINAJPUR UTTAR,KARANDIGHI,RASAKHOW-II,"doi:10.7910/DVN/ZHF9WC datafile 10396546 (r3-all-2018.csv.gz, md5 fd3487254ae01b22b999d6425fa62309)"
2018,NADIA,KARIMPUR-1,HAREKRISHNAPUR,"doi:10.7910/DVN/ZHF9WC datafile 10396546 (r3-all-2018.csv.gz, md5 fd3487254ae01b22b999d6425fa62309)"
2018,NADIA,KARIMPUR-1,HOGOLBARIA,"doi:10.7910/DVN/ZHF9WC datafile 10396546 (r3-all-2018.csv.gz, md5 fd3487254ae01b22b999d6425fa62309)"
2018,NADIA,KARIMPUR-1,JAMASHERPUR,"doi:10.7910/DVN/ZHF9WC datafile 10396546 (r3-all-2018.csv.gz, md5 fd3487254ae01b22b999d6425fa62309)"
2018,NADIA,KARIMPUR-1,KARIMPUR-I,"doi:10.7910/DVN/ZHF9WC datafile 10396546 (r3-all-2018.csv.gz, md5 fd3487254ae01b22b999d6425fa62309)"
2018,NADIA,KARIMPUR-1,KARIMPUR-II,"doi:10.7910/DVN/ZHF9WC datafile 10396546 (r3-all-2018.csv.gz, md5 fd3487254ae01b22b999d6425fa62309)"
2018,NADIA,KARIMPUR-1,MADHUGARI,"doi:10.7910/DVN/ZHF9WC datafile 10396546 (r3-all-2018.csv.gz, md5 fd3487254ae01b22b999d6425fa62309)"
2018,NADIA,KARIMPUR-1,PIPULBARIA,"doi:10.7910/DVN/ZHF9WC datafile 10396546 (r3-all-2018.csv.gz, md5 fd3487254ae01b22b999d6425fa62309)"
2018,NADIA,KARIMPUR-1,SHIKARPUR,"doi:10.7910/DVN/ZHF9WC datafile 10396546 (r3-all-2018.csv.gz, md5 fd3487254ae01b22b999d6425fa62309)"
2018,NADIA,KARIMPUR-II,DHORADAHA-I,"doi:10.7910/DVN/ZHF9WC datafile 10396546 (r3-all-2018.csv.gz, md5 fd3487254ae01b22b999d6425fa62309)"
2018,NADIA,KARIMPUR-II,DHORADAHA-II,"doi:10.7910/DVN/ZHF9WC datafile 10396546 (r3-all-2018.csv.gz, md5 fd3487254ae01b22b999d6425fa62309)"
2018,NADIA,KARIMPUR-II,DIGHAL KANDI,"doi:10.7910/DVN/ZHF9WC datafile 10396546 (r3-all-2018.csv.gz, md5 fd3487254ae01b22b999d6425fa62309)"
2018,NADIA,KARIMPUR-II,MURUTIA,"doi:10.7910/DVN/ZHF9WC datafile 10396546 (r3-all-2018.csv.gz, md5 fd3487254ae01b22b999d6425fa62309)"
2018,NADIA,KARIMPUR-II,NANDANPUR,"doi:10.7910/DVN/ZHF9WC datafile 10396546 (r3-all-2018.csv.gz, md5 fd3487254ae01b22b999d6425fa62309)"
2018,NADIA,KARIMPUR-II,NARAYANPUR-I,"doi:10.7910/DVN/ZHF9WC datafile 10396546 (r3-all-2018.csv.gz, md5 fd3487254ae01b22b999d6425fa62309)"
2018,NADIA,KARIMPUR-II,NARAYANPUR-II,"doi:10.7910/DVN/ZHF9WC datafile 10396546 (r3-all-2018.csv.gz, md5 fd3487254ae01b22b999d6425fa62309)"
2018,NADIA,KARIMPUR-II,NATIDANGA-I,"doi:10.7910/DVN/ZHF9WC datafile 10396546 (r3-all-2018.csv.gz, md5 fd3487254ae01b22b999d6425fa62309)"
2018,NADIA,KARIMPUR-II,NATIDANGA-II,"doi:10.7910/DVN/ZHF9WC datafile 10396546 (r3-all-2018.csv.gz, md5 fd3487254ae01b22b999d6425fa62309)"
2018,NADIA,KARIMPUR-II,RAHAMATPUR,"doi:10.7910/DVN/ZHF9WC datafile 10396546 (r3-all-2018.csv.gz, md5 fd3487254ae01b22b999d6425fa62309)"
2018,PURULIA,KASHIPUR,AGARDI-CHITRA,"doi:10.7910/DVN/ZHF9WC datafile 10396546 (r3-all-2018.csv.gz, md5 fd3487254ae01b22b999d6425fa62309)"
2018,PURULIA,KASHIPUR,BARRAH,"doi:10.7910/DVN/ZHF9WC datafile 10396546 (r3-all-2018.csv.gz, md5 fd3487254ae01b22b999d6425fa62309)"
2018,PURULIA,KASHIPUR,BEKO,"doi:10.7910/DVN/ZHF9WC datafile 10396546 (r3-all-2018.csv.gz, md5 fd3487254ae01b22b999d6425fa62309)"
2018,PURULIA,KASHIPUR,GAGNABAD,"doi:10.7910/DVN/ZHF9WC datafile 10396546 (r3-all-2018.csv.gz, md5 fd3487254ae01b22b999d6425fa62309)"
2018,PURULIA,KASHIPUR,GORANDIH,"doi:10.7910/DVN/ZHF9WC datafile 10396546 (r3-all-2018.csv.gz, md5 fd3487254ae01b22b999d6425fa62309)"
2018,PURULIA,KASHIPUR,HADALDA-UPARRAH,"doi:10.7910/DVN/ZHF9WC datafile 10396546 (r3-all-2018.csv.gz, md5 fd3487254ae01b22b999d6425fa62309)"
2018,PURULIA,KASHIPUR,KALIDAHA,"doi:10.7910/DVN/ZHF9WC datafile 10396546 (r3-all-2018.csv.gz, md5 fd3487254ae01b22b999d6425fa62309)"
2018,PURULIA,KASHIPUR,KASHIPUR,"doi:10.7910/DVN/ZHF9WC datafile 10396546 (r3-all-2018.csv.gz, md5 fd3487254ae01b22b999d6425fa62309)"
2018,PURULIA,KASHIPUR,MANIHARA,"doi:10.7910/DVN/ZHF9WC datafile 10396546 (r3-all-2018.csv.gz, md5 fd3487254ae01b22b999d6425fa62309)"
2018,PURULIA,KASHIPUR,RANGAMATI-RANJANDIH,"doi:10.7910/DVN/ZHF9WC datafile 10396546 (r3-all-2018.csv.gz, md5 fd3487254ae01b22b999d6425fa62309)"
2018,PURULIA,KASHIPUR,SIMLA-DHANARA,"doi:10.7910/DVN/ZHF9WC datafile 10396546 (r3-all-2018.csv.gz, md5 fd3487254ae01b22b999d6425fa62309)"
2018,PURULIA,KASHIPUR,SONAIJURI,"doi:10.7910/DVN/ZHF9WC datafile 10396546 (r3-all-2018.csv.gz, md5 fd3487254ae01b22b999d6425fa62309)"
2018,PURULIA,KASHIPUR,SONATHALI,"doi:10.7910/DVN/ZHF9WC datafile 10396546 (r3-all-2018.csv.gz, md5 fd3487254ae01b22b999d6425fa62309)"
2018,PURBA BARDHAMAN,KATWA-I,ALAMPUR,"doi:10.7910/DVN/ZHF9WC datafile 10396546 (r3-all-2018.csv.gz, md5 fd3487254ae01b22b999d6425fa62309)"
2018,PURBA BARDHAMAN,KATWA-I,GIDHAGRAM,"doi:10.7910/DVN/ZHF9WC datafile 10396546 (r3-all-2018.csv.gz, md5 fd3487254ae01b22b999d6425fa62309)"
2018,PURBA BARDHAMAN,KATWA-I,GOAI,"doi:10.7910/DVN/ZHF9WC datafile 10396546 (r3-all-2018.csv.gz, md5 fd3487254ae01b22b999d6425fa62309)"
2018,PURBA BARDHAMAN,KATWA-I,KARAJGRAM,"doi:10.7910/DVN/ZHF9WC datafile 10396546 (r3-all-2018.csv.gz, md5 fd3487254ae01b22b999d6425fa62309)"
2018,PURBA BARDHAMAN,KATWA-I,KHAJURDIHI,"doi:10.7910/DVN/ZHF9WC datafile 10396546 (r3-all-2018.csv.gz, md5 fd3487254ae01b22b999d6425fa62309)"
2018,PURBA BARDHAMAN,KATWA-I,KOSHIGRAM,"doi:10.7910/DVN/ZHF9WC datafile 10396546 (r3-all-2018.csv.gz, md5 fd3487254ae01b22b999d6425fa62309)"
2018,PURBA BARDHAMAN,KATWA-I,SARGRAM,"doi:10.7910/DVN/ZHF9WC datafile 10396546 (r3-all-2018.csv.gz, md5 fd3487254ae01b22b999d6425fa62309)"
2018,PURBA BARDHAMAN,KATWA-I,SRIKHANDA,"doi:10.7910/DVN/ZHF9WC datafile 10396546 (r3-all-2018.csv.gz, md5 fd3487254ae01b22b999d6425fa62309)"
2018,PURBA BARDHAMAN,KATWA-I,SUDPUR,"doi:10.7910/DVN/ZHF9WC datafile 10396546 (r3-all-2018.csv.gz, md5 fd3487254ae01b22b999d6425fa62309)"
2018,PURBA BARDHAMAN,KATWA-II,AGRADWIP,"doi:10.7910/DVN/ZHF9WC datafile 10396546 (r3-all-2018.csv.gz, md5 fd3487254ae01b22b999d6425fa62309)"
2018,PURBA BARDHAMAN,KATWA-II,GAZIPUR,"doi:10.7910/DVN/ZHF9WC datafile 10396546 (r3-all-2018.csv.gz, md5 fd3487254ae01b22b999d6425fa62309)"
2018,PURBA BARDHAMAN,KATWA-II,JAGADANANDAPUR,"doi:10.7910/DVN/ZHF9WC datafile 10396546 (r3-all-2018.csv.gz, md5 fd3487254ae01b22b999d6425fa62309)"
2018,PURBA BARDHAMAN,KATWA-II,KARUI,"doi:10.7910/DVN/ZHF9WC datafile 10396546 (r3-all-2018.csv.gz, md5 fd3487254ae01b22b999d6425fa62309)"
2018,PURBA BARDHAMAN,KATWA-II,PALSONA,"doi:10.7910/DVN/ZHF9WC datafile 10396546 (r3-all-2018.csv.gz, md5 fd3487254ae01b22b999d6425fa62309)"
2018,PURBA BARDHAMAN,KATWA-II,SINGHI,"doi:10.7910/DVN/ZHF9WC datafile 10396546 (r3-all-2018.csv.gz, md5 fd3487254ae01b22b999d6425fa62309)"
2018,PURBA BARDHAMAN,KATWA-II,SREEBATI,"doi:10.7910/DVN/ZHF9WC datafile 10396546 (r3-all-2018.csv.gz, md5 fd3487254ae01b22b999d6425fa62309)"
2018,PASCHIM MEDINIPUR,KESHIARY,BAGHASTHI,"doi:10.7910/DVN/ZHF9WC datafile 10396546 (r3-all-2018.csv.gz, md5 fd3487254ae01b22b999d6425fa62309)"
2018,PASCHIM MEDINIPUR,KESHIARY,GAGANESWAR,"doi:10.7910/DVN/ZHF9WC datafile 10396546 (r3-all-2018.csv.gz, md5 fd3487254ae01b22b999d6425fa62309)"
2018,PASCHIM MEDINIPUR,KESHIARY,GHRITAGRAM,"doi:10.7910/DVN/ZHF9WC datafile 10396546 (r3-all-2018.csv.gz, md5 fd3487254ae01b22b999d6425fa62309)"
2018,PASCHIM MEDINIPUR,KESHIARY,KESHIARI,"doi:10.7910/DVN/ZHF9WC datafile 10396546 (r3-all-2018.csv.gz, md5 fd3487254ae01b22b999d6425fa62309)"
2018,PASCHIM MEDINIPUR,KESHIARY,KHAJRA,"doi:10.7910/DVN/ZHF9WC datafile 10396546 (r3-all-2018.csv.gz, md5 fd3487254ae01b22b999d6425fa62309)"
2018,PASCHIM MEDINIPUR,KESHIARY,KUSUMPUR,"doi:10.7910/DVN/ZHF9WC datafile 10396546 (r3-all-2018.csv.gz, md5 fd3487254ae01b22b999d6425fa62309)"
2018,PASCHIM MEDINIPUR,KESHIARY,LALUA,"doi:10.7910/DVN/ZHF9WC datafile 10396546 (r3-all-2018.csv.gz, md5 fd3487254ae01b22b999d6425fa62309)"
2018,PASCHIM MEDINIPUR,KESHIARY,NACHIPUR,"doi:10.7910/DVN/ZHF9WC datafile 10396546 (r3-all-2018.csv.gz, md5 fd3487254ae01b22b999d6425fa62309)"
2018,PASCHIM MEDINIPUR,KESHIARY,SANTRAPUR,"doi:10.7910/DVN/ZHF9WC datafile 10396546 (r3-all-2018.csv.gz, md5 fd3487254ae01b22b999d6425fa62309)"
2018,PASCHIM MEDINIPUR,KESHPUR,AMANPUR,"doi:10.7910/DVN/ZHF9WC datafile 10396546 (r3-all-2018.csv.gz, md5 fd3487254ae01b22b999d6425fa62309)"
2018,PASCHIM MEDINIPUR,KESHPUR,AMRAKUCHI,"doi:10.7910/DVN/ZHF9WC datafile 10396546 (r3-all-2018.csv.gz, md5 fd3487254ae01b22b999d6425fa62309)"
2018,PASCHIM MEDINIPUR,KESHPUR,ANANDAPUR,"doi:10.7910/DVN/ZHF9WC datafile 10396546 (r3-all-2018.csv.gz, md5 fd3487254ae01b22b999d6425fa62309)"
2018,PASCHIM MEDINIPUR,KESHPUR,DHALHARA,"doi:10.7910/DVN/ZHF9WC datafile 10396546 (r3-all-2018.csv.gz, md5 fd3487254ae01b22b999d6425fa62309)"
2018,PASCHIM MEDINIPUR,KESHPUR,ENAYETPUR,"doi:10.7910/DVN/ZHF9WC datafile 10396546 (r3-all-2018.csv.gz, md5 fd3487254ae01b22b999d6425fa62309)"
2018,PASCHIM MEDINIPUR,KESHPUR,GOLAR,"doi:10.7910/DVN/ZHF9WC datafile 10396546 (r3-all-2018.csv.gz, md5 fd3487254ae01b22b999d6425fa62309)"
2018,PASCHIM MEDINIPUR,KESHPUR,JAGANNATHPUR,"doi:10.7910/DVN/ZHF9WC datafile 10396546 (r3-all-2018.csv.gz, md5 fd3487254ae01b22b999d6425fa62309)"
2018,PASCHIM MEDINIPUR,KESHPUR,JHENTLA,"doi:10.7910/DVN/ZHF9WC datafile 10396546 (r3-all-2018.csv.gz, md5 fd3487254ae01b22b999d6425fa62309)"
2018,PASCHIM MEDINIPUR,KESHPUR,JORAKEUDI-SOLIDIHA,"doi:10.7910/DVN/ZHF9WC datafile 10396546 (r3-all-2018.csv.gz, md5 fd3487254ae01b22b999d6425fa62309)"
2018,PASCHIM MEDINIPUR,KESHPUR,KALAGRAM,"doi:10.7910/DVN/ZHF9WC datafile 10396546 (r3-all-2018.csv.gz, md5 fd3487254ae01b22b999d6425fa62309)"
2018,PASCHIM MEDINIPUR,KESHPUR,KESHPUR,"doi:10.7910/DVN/ZHF9WC datafile 10396546 (r3-all-2018.csv.gz, md5 fd3487254ae01b22b999d6425fa62309)"
2018,PASCHIM MEDINIPUR,KESHPUR,MUGBASAN,"doi:10.7910/DVN/ZHF9WC datafile 10396546 (r3-all-2018.csv.gz, md5 fd3487254ae01b22b999d6425fa62309)"
2018,PASCHIM MEDINIPUR,KESHPUR,SARISHAKHOLA,"doi:10.7910/DVN/ZHF9WC datafile 10396546 (r3-all-2018.csv.gz, md5 fd3487254ae01b22b999d6425fa62309)"
2018,PASCHIM MEDINIPUR,KESHPUR,SHIRSHA,"doi:10.7910/DVN/ZHF9WC datafile 10396546 (r3-all-2018.csv.gz, md5 fd3487254ae01b22b999d6425fa62309)"
2018,PASCHIM MEDINIPUR,KESHPUR,TEGHARI,"doi:10.7910/DVN/ZHF9WC datafile 10396546 (r3-all-2018.csv.gz, md5 fd3487254ae01b22b999d6425fa62309)"
2018,PURBA BARDHAMAN,KETUGRAM-I,AGARDANGA,"doi:10.7910/DVN/ZHF9WC datafile 10396546 (r3-all-2018.csv.gz, md5 fd3487254ae01b22b999d6425fa62309)"
2018,PURBA BARDHAMAN,KETUGRAM-I,ANKHONA,"doi:10.7910/DVN/ZHF9WC datafile 10396546 (r3-all-2018.csv.gz, md5 fd3487254ae01b22b999d6425fa62309)"
2018,PURBA BARDHAMAN,KETUGRAM-I,BERUGRAM,"doi:10.7910/DVN/ZHF9WC datafile 10396546 (r3-all-2018.csv.gz, md5 fd3487254ae01b22b999d6425fa62309)"
2018,PURBA BARDHAMAN,KETUGRAM-I,KANDRA-JANADAS,"doi:10.7910/DVN/ZHF9WC datafile 10396546 (r3-all-2018.csv.gz, md5 fd3487254ae01b22b999d6425fa62309)"
2018,PURBA BARDHAMAN,KETUGRAM-I,MOORGRAM-GOPALPUR,"doi:10.7910/DVN/ZHF9WC datafile 10396546 (r3-all-2018.csv.gz, md5 fd3487254ae01b22b999d6425fa62309)"
2018,PURBA BARDHAMAN,KETUGRAM-I,PALITA,"doi:10.7910/DVN/ZHF9WC datafile 10396546 (r3-all-2018.csv.gz, md5 fd3487254ae01b22b999d6425fa62309)"
2018,PURBA BARDHAMAN,KETUGRAM-I,PANDUGRAM,"doi:10.7910/DVN/ZHF9WC datafile 10396546 (r3-all-2018.csv.gz, md5 fd3487254ae01b22b999d6425fa62309)"
2018,PURBA BARDHAMAN,KETUGRAM-I,RAJOOR,"doi:10.7910/DVN/ZHF9WC datafile 10396546 (r3-all-2018.csv.gz, md5 fd3487254ae01b22b999d6425fa62309)"
2018,PURBA BARDHAMAN,KETUGRAM-II,BILLESWAR,"doi:10.7910/DVN/ZHF9WC datafile 10396546 (r3-all-2018.csv.gz, md5 fd3487254ae01b22b999d6425fa62309)"
2018,PURBA BARDHAMAN,KETUGRAM-II,GANGATIKURI,"doi:10.7910/DVN/ZHF9WC datafile 10396546 (r3-all-2018.csv.gz, md5 fd3487254ae01b22b999d6425fa62309)"
2018,PURBA BARDHAMAN,KETUGRAM-II,KETUGRAM,"doi:10.7910/DVN/ZHF9WC datafile 10396546 (r3-all-2018.csv.gz, md5 fd3487254ae01b22b999d6425fa62309)"
2018,PURBA BARDHAMAN,KETUGRAM-II,MOUGRAM,"doi:10.7910/DVN/ZHF9WC datafile 10396546 (r3-all-2018.csv.gz, md5 fd3487254ae01b22b999d6425fa62309)"
2018,PURBA BARDHAMAN,KETUGRAM-II,NABAGRAM,"doi:10.7910/DVN/ZHF9WC datafile 10396546 (r3-all-2018.csv.gz, md5 fd3487254ae01b22b999d6425fa62309)"
2018,PURBA BARDHAMAN,KETUGRAM-II,NIROL,"doi:10.7910/DVN/ZHF9WC datafile 10396546 (r3-all-2018.csv.gz, md5 fd3487254ae01b22b999d6425fa62309)"
2018,PURBA BARDHAMAN,KETUGRAM-II,SITAHATI,"doi:10.7910/DVN/ZHF9WC datafile 10396546 (r3-all-2018.csv.gz, md5 fd3487254ae01b22b999d6425fa62309)"
2018,HOOGHLY,KHANAKUL-I,ARUNDA,"doi:10.7910/DVN/ZHF9WC datafile 10396546 (r3-all-2018.csv.gz, md5 fd3487254ae01b22b999d6425fa62309)"
2018,HOOGHLY,KHANAKUL-I,BALIPUR,"doi:10.7910/DVN/ZHF9WC datafile 10396546 (r3-all-2018.csv.gz, md5 fd3487254ae01b22b999d6425fa62309)"
2018,HOOGHLY,KHANAKUL-I,GHOSHPUR,"doi:10.7910/DVN/ZHF9WC datafile 10396546 (r3-all-2018.csv.gz, md5 fd3487254ae01b22b999d6425fa62309)"
2018,HOOGHLY,KHANAKUL-I,KHANAKUL-I,"doi:10.7910/DVN/ZHF9WC datafile 10396546 (r3-all-2018.csv.gz, md5 fd3487254ae01b22b999d6425fa62309)"
2018,HOOGHLY,KHANAKUL-I,KHANAKUL-II,"doi:10.7910/DVN/ZHF9WC datafile 10396546 (r3-all-2018.csv.gz, md5 fd3487254ae01b22b999d6425fa62309)"
2018,HOOGHLY,KHANAKUL-I,KISHOREPUR-I,"doi:10.7910/DVN/ZHF9WC datafile 10396546 (r3-all-2018.csv.gz, md5 fd3487254ae01b22b999d6425fa62309)"
2018,HOOGHLY,KHANAKUL-I,KISHOREPUR-II,"doi:10.7910/DVN/ZHF9WC datafile 10396546 (r3-all-2018.csv.gz, md5 fd3487254ae01b22b999d6425fa62309)"
2018,HOOGHLY,KHANAKUL-I,POLE-I,"doi:10.7910/DVN/ZHF9WC datafile 10396546 (r3-all-2018.csv.gz, md5 fd3487254ae01b22b999d6425fa62309)"
2018,HOOGHLY,KHANAKUL-I,POLE-II,"doi:10.7910/DVN/ZHF9WC datafile 10396546 (r3-all-2018.csv.gz, md5 fd3487254ae01b22b999d6425fa62309)"
2018,HOOGHLY,KHANAKUL-I,RAMMOHAN-I,"doi:10.7910/DVN/ZHF9WC datafile 10396546 (r3-all-2018.csv.gz, md5 fd3487254ae01b22b999d6425fa62309)"
2018,HOOGHLY,KHANAKUL-I,RAMMOHAN-II,"doi:10.7910/DVN/ZHF9WC datafile 10396546 (r3-all-2018.csv.gz, md5 fd3487254ae01b22b999d6425fa62309)"
2018,HOOGHLY,KHANAKUL-I,TANTISAL,"doi:10.7910/DVN/ZHF9WC datafile 10396546 (r3-all-2018.csv.gz, md5 fd3487254ae01b22b999d6425fa62309)"
2018,HOOGHLY,KHANAKUL-I,THAKURANICHAK,"doi:10.7910/DVN/ZHF9WC datafile 10396546 (r3-all-2018.csv.gz, md5 fd3487254ae01b22b999d6425fa62309)"
2018,HOOGHLY,KHANAKUL-II,CHINGRA,"doi:10.7910/DVN/ZHF9WC datafile 10396546 (r3-all-2018.csv.gz, md5 fd3487254ae01b22b999d6425fa62309)"
2018,HOOGHLY,KHANAKUL-II,DHANYAGORI,"doi:10.7910/DVN/ZHF9WC datafile 10396546 (r3-all-2018.csv.gz, md5 fd3487254ae01b22b999d6425fa62309)"
2018,HOOGHLY,KHANAKUL-II,JAGATPUR,"doi:10.7910/DVN/ZHF9WC datafile 10396546 (r3-all-2018.csv.gz, md5 fd3487254ae01b22b999d6425fa62309)"
2018,HOOGHLY,KHANAKUL-II,MAROKHANA,"doi:10.7910/DVN/ZHF9WC datafile 10396546 (r3-all-2018.csv.gz, md5 fd3487254ae01b22b999d6425fa62309)"
2018,HOOGHLY,KHANAKUL-II,NATIBPUR-I,"doi:10.7910/DVN/ZHF9WC datafile 10396546 (r3-all-2018.csv.gz, md5 fd3487254ae01b22b999d6425fa62309)"
2018,HOOGHLY,KHANAKUL-II,NATIBPUR-II,"doi:10.7910/DVN/ZHF9WC datafile 10396546 (r3-all-2018.csv.gz, md5 fd3487254ae01b22b999d6425fa62309)"
2018,HOOGHLY,KHANAKUL-II,PALASHPAI-I,"doi:10.7910/DVN/ZHF9WC datafile 10396546 (r3-all-2018.csv.gz, md5 fd3487254ae01b22b999d6425fa62309)"
2018,HOOGHLY,KHANAKUL-II,PALASHPAI-II,"doi:10.7910/DVN/ZHF9WC datafile 10396546 (r3-all-2018.csv.gz, md5 fd3487254ae01b22b999d6425fa62309)"
2018,HOOGHLY,KHANAKUL-II,RAJHATI-I,"doi:10.7910/DVN/ZHF9WC datafile 10396546 (r3-all-2018.csv.gz, md5 fd3487254ae01b22b999d6425fa62309)"
2018,HOOGHLY,KHANAKUL-II,RAJHATI-II,"doi:10.7910/DVN/ZHF9WC datafile 10396546 (r3-all-2018.csv.gz, md5 fd3487254ae01b22b999d6425fa62309)"
2018,HOOGHLY,KHANAKUL-II,SABALSINGHAPUR,"doi:10.7910/DVN/ZHF9WC datafile 10396546 (r3-all-2018.csv.gz, md5 fd3487254ae01b22b999d6425fa62309)"
2018,PURBA BARDHAMAN,KHANDAGHOSH,BERUGRAM,"doi:10.7910/DVN/ZHF9WC datafile 10396546 (r3-all-2018.csv.gz, md5 fd3487254ae01b22b999d6425fa62309)"
2018,PURBA BARDHAMAN,KHANDAGHOSH,GOPALBERA,"doi:10.7910/DVN/ZHF9WC datafile 10396546 (r3-all-2018.csv.gz, md5 fd3487254ae01b22b999d6425fa62309)"
2018,PURBA BARDHAMAN,KHANDAGHOSH,KAIYOR,"doi:10.7910/DVN/ZHF9WC datafile 10396546 (r3-all-2018.csv.gz, md5 fd3487254ae01b22b999d6425fa62309)"
2018,PURBA BARDHAMAN,KHANDAGHOSH,KHANDAGHOSH,"doi:10.7910/DVN/ZHF9WC datafile 10396546 (r3-all-2018.csv.gz, md5 fd3487254ae01b22b999d6425fa62309)"
2018,PURBA BARDHAMAN,KHANDAGHOSH,LODNA,"doi:10.7910/DVN/ZHF9WC datafile 10396546 (r3-all-2018.csv.gz, md5 fd3487254ae01b22b999d6425fa62309)"
2018,PURBA BARDHAMAN,KHANDAGHOSH,SAGRAI,"doi:10.7910/DVN/ZHF9WC datafile 10396546 (r3-all-2018.csv.gz, md5 fd3487254ae01b22b999d6425fa62309)"
2018,PURBA BARDHAMAN,KHANDAGHOSH,SANKARI-I,"doi:10.7910/DVN/ZHF9WC datafile 10396546 (r3-all-2018.csv.gz, md5 fd3487254ae01b22b999d6425fa62309)"
2018,PURBA BARDHAMAN,KHANDAGHOSH,SANKARI-II,"doi:10.7910/DVN/ZHF9WC datafile 10396546 (r3-all-2018.csv.gz, md5 fd3487254ae01b22b999d6425fa62309)"
2018,PURBA BARDHAMAN,KHANDAGHOSH,SASANGA,"doi:10.7910/DVN/ZHF9WC datafile 10396546 (r3-all-2018.csv.gz, md5 fd3487254ae01b22b999d6425fa62309)"
2018,PURBA BARDHAMAN,KHANDAGHOSH,UKHARID,"doi:10.7910/DVN/ZHF9WC datafile 10396546 (r3-all-2018.csv.gz, md5 fd3487254ae01b22b999d6425fa62309)"
2018,PASCHIM MEDINIPUR,KHARAGPUR-I,ARJUNI,"doi:10.7910/DVN/ZHF9WC datafile 10396546 (r3-all-2018.csv.gz, md5 fd3487254ae01b22b999d6425fa62309)"
2018,PASCHIM MEDINIPUR,KHARAGPUR-I,BARKOLA,"doi:10.7910/DVN/ZHF9WC datafile 10396546 (r3-all-2018.csv.gz, md5 fd3487254ae01b22b999d6425fa62309)"
2018,PASCHIM MEDINIPUR,KHARAGPUR-I,GOPALI,"doi:10.7910/DVN/ZHF9WC datafile 10396546 (r3-all-2018.csv.gz, md5 fd3487254ae01b22b999d6425fa62309)"
2018,PASCHIM MEDINIPUR,KHARAGPUR-I,HARIATORA,"doi:10.7910/DVN/ZHF9WC datafile 10396546 (r3-all-2018.csv.gz, md5 fd3487254ae01b22b999d6425fa62309)"
2018,PASCHIM MEDINIPUR,KHARAGPUR-I,KALAIKUNDA,"doi:10.7910/DVN/ZHF9WC datafile 10396546 (r3-all-2018.csv.gz, md5 fd3487254ae01b22b999d6425fa62309)"
2018,PASCHIM MEDINIPUR,KHARAGPUR-I,KHELARH,"doi:10.7910/DVN/ZHF9WC datafile 10396546 (r3-all-2018.csv.gz, md5 fd3487254ae01b22b999d6425fa62309)"
2018,PASCHIM MEDINIPUR,KHARAGPUR-I,VETIA,"doi:10.7910/DVN/ZHF9WC datafile 10396546 (r3-all-2018.csv.gz, md5 fd3487254ae01b22b999d6425fa62309)"
2018,PASCHIM MEDINIPUR,KHARAGPUR-II,CHAKMAKAMPUR,"doi:10.7910/DVN/ZHF9WC datafile 10396546 (r3-all-2018.csv.gz, md5 fd3487254ae01b22b999d6425fa62309)"
2018,PASCHIM MEDINIPUR,KHARAGPUR-II,CHANGUAL,"doi:10.7910/DVN/ZHF9WC datafile 10396546 (r3-all-2018.csv.gz, md5 fd3487254ae01b22b999d6425fa62309)"
2018,PASCHIM MEDINIPUR,KHARAGPUR-II,KALIARA-I,"doi:10.7910/DVN/ZHF9WC datafile 10396546 (r3-all-2018.csv.gz, md5 fd3487254ae01b22b999d6425fa62309)"
2018,PASCHIM MEDINIPUR,KHARAGPUR-II,KALIARA-II,"doi:10.7910/DVN/ZHF9WC datafile 10396546 (r3-all-2018.csv.gz, md5 fd3487254ae01b22b999d6425fa62309)"
2018,PASCHIM MEDINIPUR,KHARAGPUR-II,LACHHMAPUR,"doi:10.7910/DVN/ZHF9WC datafile 10396546 (r3-all-2018.csv.gz, md5 fd3487254ae01b22b999d6425fa62309)"
2018,PASCHIM MEDINIPUR,KHARAGPUR-II,PALSYA,"doi:10.7910/DVN/ZHF9WC datafile 10396546 (r3-all-2018.csv.gz, md5 fd3487254ae01b22b999d6425fa62309)"
2018,PASCHIM MEDINIPUR,KHARAGPUR-II,PAPARARA-I,"doi:10.7910/DVN/ZHF9WC datafile 10396546 (r3-all-2018.csv.gz, md5 fd3487254ae01b22b999d6425fa62309)"
2018,PASCHIM MEDINIPUR,KHARAGPUR-II,PAPARARA-II,"doi:10.7910/DVN/ZHF9WC datafile 10396546 (r3-all-2018.csv.gz, md5 fd3487254ae01b22b999d6425fa62309)"
2018,PASCHIM MEDINIPUR,KHARAGPUR-II,SANKOA,"doi:10.7910/DVN/ZHF9WC datafile 10396546 (r3-all-2018.csv.gz, md5 fd3487254ae01b22b999d6425fa62309)"
2018,MURSHIDABAD,KHARGRAM,BALIA,"doi:10.7910/DVN/ZHF9WC datafile 10396546 (r3-all-2018.csv.gz, md5 fd3487254ae01b22b999d6425fa62309)"
2018,MURSHIDABAD,KHARGRAM,EROALI,"doi:10.7910/DVN/ZHF9WC datafile 10396546 (r3-all-2018.csv.gz, md5 fd3487254ae01b22b999d6425fa62309)"
2018,MURSHIDABAD,KHARGRAM,INDRANI,"doi:10.7910/DVN/ZHF9WC datafile 10396546 (r3-all-2018.csv.gz, md5 fd3487254ae01b22b999d6425fa62309)"
2018,MURSHIDABAD,KHARGRAM,JAIPUR,"doi:10.7910/DVN/ZHF9WC datafile 10396546 (r3-all-2018.csv.gz, md5 fd3487254ae01b22b999d6425fa62309)"
2018,MURSHIDABAD,KHARGRAM,JHILLI,"doi:10.7910/DVN/ZHF9WC datafile 10396546 (r3-all-2018.csv.gz, md5 fd3487254ae01b22b999d6425fa62309)"
2018,MURSHIDABAD,KHARGRAM,KHARGRAM,"doi:10.7910/DVN/ZHF9WC datafile 10396546 (r3-all-2018.csv.gz, md5 fd3487254ae01b22b999d6425fa62309)"
2018,MURSHIDABAD,KHARGRAM,KIRTIPUR,"doi:10.7910/DVN/ZHF9WC datafile 10396546 (r3-all-2018.csv.gz, md5 fd3487254ae01b22b999d6425fa62309)"
2018,MURSHIDABAD,KHARGRAM,MAHISAR,"doi:10.7910/DVN/ZHF9WC datafile 10396546 (r3-all-2018.csv.gz, md5 fd3487254ae01b22b999d6425fa62309)"
2018,MURSHIDABAD,KHARGRAM,MARGRAM,"doi:10.7910/DVN/ZHF9WC datafile 10396546 (r3-all-2018.csv.gz, md5 fd3487254ae01b22b999d6425fa62309)"
2018,MURSHIDABAD,KHARGRAM,PADAMKANDI,"doi:10.7910/DVN/ZHF9WC datafile 10396546 (r3-all-2018.csv.gz, md5 fd3487254ae01b22b999d6425fa62309)"
2018,MURSHIDABAD,KHARGRAM,PARULIA,"doi:10.7910/DVN/ZHF9WC datafile 10396546 (r3-all-2018.csv.gz, md5 fd3487254ae01b22b999d6425fa62309)"
2018,MURSHIDABAD,KHARGRAM,SADAL,"doi:10.7910/DVN/ZHF9WC datafile 10396546 (r3-all-2018.csv.gz, md5 fd3487254ae01b22b999d6425fa62309)"
2018,BANKURA,KHATRA,BAIDYANATHPUR,"doi:10.7910/DVN/ZHF9WC datafile 10396546 (r3-all-2018.csv.gz, md5 fd3487254ae01b22b999d6425fa62309)"
2018,BANKURA,KHATRA,DAHALA,"doi:10.7910/DVN/ZHF9WC datafile 10396546 (r3-all-2018.csv.gz, md5 fd3487254ae01b22b999d6425fa62309)"
2018,BANKURA,KHATRA,DHANARAH,"doi:10.7910/DVN/ZHF9WC datafile 10396546 (r3-all-2018.csv.gz, md5 fd3487254ae01b22b999d6425fa62309)"
2018,BANKURA,KHATRA,GORABARI,"doi:10.7910/DVN/ZHF9WC datafile 10396546 (r3-all-2018.csv.gz, md5 fd3487254ae01b22b999d6425fa62309)"
2018,BANKURA,KHATRA,KHATRAGRAM-I,"doi:10.7910/DVN/ZHF9WC datafile 10396546 (r3-all-2018.csv.gz, md5 fd3487254ae01b22b999d6425fa62309)"
2018,BANKURA,KHATRA,KHATRAGRAM-II,"doi:10.7910/DVN/ZHF9WC datafile 10396546 (r3-all-2018.csv.gz, md5 fd3487254ae01b22b999d6425fa62309)"
2018,BANKURA,KHATRA,SUPUR,"doi:10.7910/DVN/ZHF9WC datafile 10396546 (r3-all-2018.csv.gz, md5 fd3487254ae01b22b999d6425fa62309)"
2018,PURBA MEDINIPUR,KHEJURI-I,BIRBANDAR,"doi:10.7910/DVN/ZHF9WC datafile 10396546 (r3-all-2018.csv.gz, md5 fd3487254ae01b22b999d6425fa62309)"
2018,PURBA MEDINIPUR,KHEJURI-I,HERIA,"doi:10.7910/DVN/ZHF9WC datafile 10396546 (r3-all-2018.csv.gz, md5 fd3487254ae01b22b999d6425fa62309)"
2018,PURBA MEDINIPUR,KHEJURI-I,KALAGECHIA,"doi:10.7910/DVN/ZHF9WC datafile 10396546 (r3-all-2018.csv.gz, md5 fd3487254ae01b22b999d6425fa62309)"
2018,PURBA MEDINIPUR,KHEJURI-I,KAMARDA,"doi:10.7910/DVN/ZHF9WC datafile 10396546 (r3-all-2018.csv.gz, md5 fd3487254ae01b22b999d6425fa62309)"
2018,PURBA MEDINIPUR,KHEJURI-I,LAKSHI,"doi:10.7910/DVN/ZHF9WC datafile 10396546 (r3-all-2018.csv.gz, md5 fd3487254ae01b22b999d6425fa62309)"
2018,PURBA MEDINIPUR,KHEJURI-I,TIKASHI,"doi:10.7910/DVN/ZHF9WC datafile 10396546 (r3-all-2018.csv.gz, md5 fd3487254ae01b22b999d6425fa62309)"
2018,PURBA MEDINIPUR,KHEJURI-II,BARATALA,"doi:10.7910/DVN/ZHF9WC datafile 10396546 (r3-all-2018.csv.gz, md5 fd3487254ae01b22b999d6425fa62309)"
2018,PURBA MEDINIPUR,KHEJURI-II,HALUDBARI,"doi:10.7910/DVN/ZHF9WC datafile 10396546 (r3-all-2018.csv.gz, md5 fd3487254ae01b22b999d6425fa62309)"
2018,PURBA MEDINIPUR,KHEJURI-II,JANKA,"doi:10.7910/DVN/ZHF9WC datafile 10396546 (r3-all-2018.csv.gz, md5 fd3487254ae01b22b999d6425fa62309)"
2018,PURBA MEDINIPUR,KHEJURI-II,KHEJURI,"doi:10.7910/DVN/ZHF9WC datafile 10396546 (r3-all-2018.csv.gz, md5 fd3487254ae01b22b999d6425fa62309)"
2018,PURBA MEDINIPUR,KHEJURI-II,NIJKASBA,"doi:10.7910/DVN/ZHF9WC datafile 10396546 (r3-all-2018.csv.gz, md5 fd3487254ae01b22b999d6425fa62309)"
2018,BIRBHUM,KHOYRASOL,BABUIJORE,"doi:10.7910/DVN/ZHF9WC datafile 10396546 (r3-all-2018.csv.gz, md5 fd3487254ae01b22b999d6425fa62309)"
2018,BIRBHUM,KHOYRASOL,BARRAH,"doi:10.7910/DVN/ZHF9WC datafile 10396546 (r3-all-2018.csv.gz, md5 fd3487254ae01b22b999d6425fa62309)"
2018,BIRBHUM,KHOYRASOL,HAZRATPUR,"doi:10.7910/DVN/ZHF9WC datafile 10396546 (r3-all-2018.csv.gz, md5 fd3487254ae01b22b999d6425fa62309)"
2018,BIRBHUM,KHOYRASOL,KENDGORE,"doi:10.7910/DVN/ZHF9WC datafile 10396546 (r3-all-2018.csv.gz, md5 fd3487254ae01b22b999d6425fa62309)"
2018,BIRBHUM,KHOYRASOL,KHOYRASOLE,"doi:10.7910/DVN/ZHF9WC datafile 10396546 (r3-all-2018.csv.gz, md5 fd3487254ae01b22b999d6425fa62309)"
2018,BIRBHUM,KHOYRASOL,LOKEPUR,"doi:10.7910/DVN/ZHF9WC datafile 10396546 (r3-all-2018.csv.gz, md5 fd3487254ae01b22b999d6425fa62309)"
2018,BIRBHUM,KHOYRASOL,NAKRAKONDA,"doi:10.7910/DVN/ZHF9WC datafile 10396546 (r3-all-2018.csv.gz, md5 fd3487254ae01b22b999d6425fa62309)"
2018,BIRBHUM,KHOYRASOL,PANCHRA,"doi:10.7910/DVN/ZHF9WC datafile 10396546 (r3-all-2018.csv.gz, md5 fd3487254ae01b22b999d6425fa62309)"
2018,BIRBHUM,KHOYRASOL,PARSUNDI,"doi:10.7910/DVN/ZHF9WC datafile 10396546 (r3-all-2018.csv.gz, md5 fd3487254ae01b22b999d6425fa62309)"
2018,BIRBHUM,KHOYRASOL,RUPUSPUR,"doi:10.7910/DVN/ZHF9WC datafile 10396546 (r3-all-2018.csv.gz, md5 fd3487254ae01b22b999d6425fa62309)"
2018,PURBA MEDINIPUR,KOLAGHAT,AMALHANDA,"doi:10.7910/DVN/ZHF9WC datafile 10396546 (r3-all-2018.csv.gz, md5 fd3487254ae01b22b999d6425fa62309)"
2018,PURBA MEDINIPUR,KOLAGHAT,BAISHNABCHAK,"doi:10.7910/DVN/ZHF9WC datafile 10396546 (r3-all-2018.csv.gz, md5 fd3487254ae01b22b999d6425fa62309)"
2018,PURBA MEDINIPUR,KOLAGHAT,BHOGPUR,"doi:10.7910/DVN/ZHF9WC datafile 10396546 (r3-all-2018.csv.gz, md5 fd3487254ae01b22b999d6425fa62309)"
2018,PURBA MEDINIPUR,KOLAGHAT,BRINDABANCHAK,"doi:10.7910/DVN/ZHF9WC datafile 10396546 (r3-all-2018.csv.gz, md5 fd3487254ae01b22b999d6425fa62309)"
2018,PURBA MEDINIPUR,KOLAGHAT,DERIACHAK,"doi:10.7910/DVN/ZHF9WC datafile 10396546 (r3-all-2018.csv.gz, md5 fd3487254ae01b22b999d6425fa62309)"
2018,PURBA MEDINIPUR,KOLAGHAT,GOPALNAGAR,"doi:10.7910/DVN/ZHF9WC datafile 10396546 (r3-all-2018.csv.gz, md5 fd3487254ae01b22b999d6425fa62309)"
2018,PURBA MEDINIPUR,KOLAGHAT,KHANYADIHI,"doi:10.7910/DVN/ZHF9WC datafile 10396546 (r3-all-2018.csv.gz, md5 fd3487254ae01b22b999d6425fa62309)"
2018,PURBA MEDINIPUR,KOLAGHAT,KOLA-I,"doi:10.7910/DVN/ZHF9WC datafile 10396546 (r3-all-2018.csv.gz, md5 fd3487254ae01b22b999d6425fa62309)"
2018,PURBA MEDINIPUR,KOLAGHAT,KOLA-II,"doi:10.7910/DVN/ZHF9WC datafile 10396546 (r3-all-2018.csv.gz, md5 fd3487254ae01b22b999d6425fa62309)"
2018,PURBA MEDINIPUR,KOLAGHAT,PULSHITA,"doi:10.7910/DVN/ZHF9WC datafile 10396546 (r3-all-2018.csv.gz, md5 fd3487254ae01b22b999d6425fa62309)"
2018,PURBA MEDINIPUR,KOLAGHAT,SAGARBARH,"doi:10.7910/DVN/ZHF9WC datafile 10396546 (r3-all-2018.csv.gz, md5 fd3487254ae01b22b999d6425fa62309)"
2018,PURBA MEDINIPUR,KOLAGHAT,SIDDHA-I,"doi:10.7910/DVN/ZHF9WC datafile 10396546 (r3-all-2018.csv.gz, md5 fd3487254ae01b22b999d6425fa62309)"
2018,PURBA MEDINIPUR,KOLAGHAT,SIDHHA-II,"doi:10.7910/DVN/ZHF9WC datafile 10396546 (r3-all-2018.csv.gz, md5 fd3487254ae01b22b999d6425fa62309)"
2018,BANKURA,KOTULPUR,DESHRAHKOYALPARA,"doi:10.7910/DVN/ZHF9WC datafile 10396546 (r3-all-2018.csv.gz, md5 fd3487254ae01b22b999d6425fa62309)"
2018,BANKURA,KOTULPUR,GOPINATHPUR,"doi:10.7910/DVN/ZHF9WC datafile 10396546 (r3-all-2018.csv.gz, md5 fd3487254ae01b22b999d6425fa62309)"
2018,BANKURA,KOTULPUR,KOTULPUR,"doi:10.7910/DVN/ZHF9WC datafile 10396546 (r3-all-2018.csv.gz, md5 fd3487254ae01b22b999d6425fa62309)"
2018,BANKURA,KOTULPUR,LAUGRAM,"doi:10.7910/DVN/ZHF9WC datafile 10396546 (r3-all-2018.csv.gz, md5 fd3487254ae01b22b999d6425fa62309)"
2018,BANKURA,KOTULPUR,LEGO,"doi:10.7910/DVN/ZHF9WC datafile 10396546 (r3-all-2018.csv.gz, md5 fd3487254ae01b22b999d6425fa62309)"
2018,BANKURA,KOTULPUR,MADANMOHANPUR,"doi:10.7910/DVN/ZHF9WC datafile 10396546 (r3-all-2018.csv.gz, md5 fd3487254ae01b22b999d6425fa62309)"
2018,BANKURA,KOTULPUR,MIRZAPUR,"doi:10.7910/DVN/ZHF9WC datafile 10396546 (r3-all-2018.csv.gz, md5 fd3487254ae01b22b999d6425fa62309)"
2018,BANKURA,KOTULPUR,SIHAR,"doi:10.7910/DVN/ZHF9WC datafile 10396546 (r3-all-2018.csv.gz, md5 fd3487254ae01b22b999d6425fa62309)"
2018,NADIA,KRISHNAGANJ,BHAJANGHAT TUNGI,"doi:10.7910/DVN/ZHF9WC datafile 10396546 (r3-all-2018.csv.gz, md5 fd3487254ae01b22b999d6425fa62309)"
2018,NADIA,KRISHNAGANJ,GOBINDAPUR,"doi:10.7910/DVN/ZHF9WC datafile 10396546 (r3-all-2018.csv.gz, md5 fd3487254ae01b22b999d6425fa62309)"
2018,NADIA,KRISHNAGANJ,JOYGHATA,"doi:10.7910/DVN/ZHF9WC datafile 10396546 (r3-all-2018.csv.gz, md5 fd3487254ae01b22b999d6425fa62309)"
2018,NADIA,KRISHNAGANJ,KRISHNAGANJ,"doi:10.7910/DVN/ZHF9WC datafile 10396546 (r3-all-2018.csv.gz, md5 fd3487254ae01b22b999d6425fa62309)"
2018,NADIA,KRISHNAGANJ,MAITIARY BANPUR,"doi:10.7910/DVN/ZHF9WC datafile 10396546 (r3-all-2018.csv.gz, md5 fd3487254ae01b22b999d6425fa62309)"
2018,NADIA,KRISHNAGANJ,SHIBNIBAS,"doi:10.7910/DVN/ZHF9WC datafile 10396546 (r3-all-2018.csv.gz, md5 fd3487254ae01b22b999d6425fa62309)"
2018,NADIA,KRISHNAGANJ,TALDAH MAJDIA,"doi:10.7910/DVN/ZHF9WC datafile 10396546 (r3-all-2018.csv.gz, md5 fd3487254ae01b22b999d6425fa62309)"
2018,NADIA,KRISHNAGAR-I,ASSANNAGAR,"doi:10.7910/DVN/ZHF9WC datafile 10396546 (r3-all-2018.csv.gz, md5 fd3487254ae01b22b999d6425fa62309)"
2018,NADIA,KRISHNAGAR-I,BHALUKA,"doi:10.7910/DVN/ZHF9WC datafile 10396546 (r3-all-2018.csv.gz, md5 fd3487254ae01b22b999d6425fa62309)"
2018,NADIA,KRISHNAGAR-I,BHANDARKHOLA,"doi:10.7910/DVN/ZHF9WC datafile 10396546 (r3-all-2018.csv.gz, md5 fd3487254ae01b22b999d6425fa62309)"
2018,NADIA,KRISHNAGAR-I,BHATJUNGLA,"doi:10.7910/DVN/ZHF9WC datafile 10396546 (r3-all-2018.csv.gz, md5 fd3487254ae01b22b999d6425fa62309)"
2018,NADIA,KRISHNAGAR-I,BHIMPUR,"doi:10.7910/DVN/ZHF9WC datafile 10396546 (r3-all-2018.csv.gz, md5 fd3487254ae01b22b999d6425fa62309)"
2018,NADIA,KRISHNAGAR-I,CHAKDIGNAGAR,"doi:10.7910/DVN/ZHF9WC datafile 10396546 (r3-all-2018.csv.gz, md5 fd3487254ae01b22b999d6425fa62309)"
2018,NADIA,KRISHNAGAR-I,DEYPARA,"doi:10.7910/DVN/ZHF9WC datafile 10396546 (r3-all-2018.csv.gz, md5 fd3487254ae01b22b999d6425fa62309)"
2018,NADIA,KRISHNAGAR-I,DIGNAGAR,"doi:10.7910/DVN/ZHF9WC datafile 10396546 (r3-all-2018.csv.gz, md5 fd3487254ae01b22b999d6425fa62309)"
2018,NADIA,KRISHNAGAR-I,DOGACHI,"doi:10.7910/DVN/ZHF9WC datafile 10396546 (r3-all-2018.csv.gz, md5 fd3487254ae01b22b999d6425fa62309)"
2018,NADIA,KRISHNAGAR-I,JOANIA,"doi:10.7910/DVN/ZHF9WC datafile 10396546 (r3-all-2018.csv.gz, md5 fd3487254ae01b22b999d6425fa62309)"
2018,NADIA,KRISHNAGAR-I,PORAGACHHA,"doi:10.7910/DVN/ZHF9WC datafile 10396546 (r3-all-2018.csv.gz, md5 fd3487254ae01b22b999d6425fa62309)"
2018,NADIA,KRISHNAGAR-I,RUIPUKUR.,"doi:10.7910/DVN/ZHF9WC datafile 10396546 (r3-all-2018.csv.gz, md5 fd3487254ae01b22b999d6425fa62309)"
2018,NADIA,KRISHNAGAR-II,BELPUKUR,"doi:10.7910/DVN/ZHF9WC datafile 10396546 (r3-all-2018.csv.gz, md5 fd3487254ae01b22b999d6425fa62309)"
2018,NADIA,KRISHNAGAR-II,DHUBULIA-I,"doi:10.7910/DVN/ZHF9WC datafile 10396546 (r3-all-2018.csv.gz, md5 fd3487254ae01b22b999d6425fa62309)"
2018,NADIA,KRISHNAGAR-II,DHUBULIA-II,"doi:10.7910/DVN/ZHF9WC datafile 10396546 (r3-all-2018.csv.gz, md5 fd3487254ae01b22b999d6425fa62309)"
2018,NADIA,KRISHNAGAR-II,NOAPARA-I,"doi:10.7910/DVN/ZHF9WC datafile 10396546 (r3-all-2018.csv.gz, md5 fd3487254ae01b22b999d6425fa62309)"
2018,NADIA,KRISHNAGAR-II,NOAPARA-II,"doi:10.7910/DVN/ZHF9WC datafile 10396546 (r3-all-2018.csv.gz, md5 fd3487254ae01b22b999d6425fa62309)"
2018,NADIA,KRISHNAGAR-II,SADHANPARA-I,"doi:10.7910/DVN/ZHF9WC datafile 10396546 (r3-all-2018.csv.gz, md5 fd3487254ae01b22b999d6425fa62309)"
2018,NADIA,KRISHNAGAR-II,SADHANPARA-II,"doi:10.7910/DVN/ZHF9WC datafile 10396546 (r3-all-2018.csv.gz, md5 fd3487254ae01b22b999d6425fa62309)"
2018,24 PARGANAS SOUTH,KULPI,BABURMAHAL,"doi:10.7910/DVN/ZHF9WC datafile 10396546 (r3-all-2018.csv.gz, md5 fd3487254ae01b22b999d6425fa62309)"
2018,24 PARGANAS SOUTH,KULPI,BELPUKUR,"doi:10.7910/DVN/ZHF9WC datafile 10396546 (r3-all-2018.csv.gz, md5 fd3487254ae01b22b999d6425fa62309)"
2018,24 PARGANAS SOUTH,KULPI,CHANDIPUR,"doi:10.7910/DVN/ZHF9WC datafile 10396546 (r3-all-2018.csv.gz, md5 fd3487254ae01b22b999d6425fa62309)"
2018,24 PARGANAS SOUTH,KULPI,DHOLA,"doi:10.7910/DVN/ZHF9WC datafile 10396546 (r3-all-2018.csv.gz, md5 fd3487254ae01b22b999d6425fa62309)"
2018,24 PARGANAS SOUTH,KULPI,GAJIPUR,"doi:10.7910/DVN/ZHF9WC datafile 10396546 (r3-all-2018.csv.gz, md5 fd3487254ae01b22b999d6425fa62309)"
2018,24 PARGANAS SOUTH,KULPI,ISWARIPUR,"doi:10.7910/DVN/ZHF9WC datafile 10396546 (r3-all-2018.csv.gz, md5 fd3487254ae01b22b999d6425fa62309)"
2018,24 PARGANAS SOUTH,KULPI,KAMARCHAK,"doi:10.7910/DVN/ZHF9WC datafile 10396546 (r3-all-2018.csv.gz, md5 fd3487254ae01b22b999d6425fa62309)"
2018,24 PARGANAS SOUTH,KULPI,KARANJALI,"doi:10.7910/DVN/ZHF9WC datafile 10396546 (r3-all-2018.csv.gz, md5 fd3487254ae01b22b999d6425fa62309)"
2018,24 PARGANAS SOUTH,KULPI,KEORATALA,"doi:10.7910/DVN/ZHF9WC datafile 10396546 (r3-all-2018.csv.gz, md5 fd3487254ae01b22b999d6425fa62309)"
2018,24 PARGANAS SOUTH,KULPI,KULPI,"doi:10.7910/DVN/ZHF9WC datafile 10396546 (r3-all-2018.csv.gz, md5 fd3487254ae01b22b999d6425fa62309)"
2018,24 PARGANAS SOUTH,KULPI,RAJARAMPUR,"doi:10.7910/DVN/ZHF9WC datafile 10396546 (r3-all-2018.csv.gz, md5 fd3487254ae01b22b999d6425fa62309)"
2018,24 PARGANAS SOUTH,KULPI,RAMKISHORE,"doi:10.7910/DVN/ZHF9WC datafile 10396546 (r3-all-2018.csv.gz, md5 fd3487254ae01b22b999d6425fa62309)"
2018,24 PARGANAS SOUTH,KULPI,RAMKRISHNAPUR,"doi:10.7910/DVN/ZHF9WC datafile 10396546 (r3-all-2018.csv.gz, md5 fd3487254ae01b22b999d6425fa62309)"
2018,24 PARGANAS SOUTH,KULPI,RAMNAGAR-GAZIPUR,"doi:10.7910/DVN/ZHF9WC datafile 10396546 (r3-all-2018.csv.gz, md5 fd3487254ae01b22b999d6425fa62309)"
2018,24 PARGANAS SOUTH,KULTALI,DEULBARI DEBIPUR,"doi:10.7910/DVN/ZHF9WC datafile 10396546 (r3-all-2018.csv.gz, md5 fd3487254ae01b22b999d6425fa62309)"
2018,24 PARGANAS SOUTH,KULTALI,GOPALGANJ,"doi:10.7910/DVN/ZHF9WC datafile 10396546 (r3-all-2018.csv.gz, md5 fd3487254ae01b22b999d6425fa62309)"
2018,24 PARGANAS SOUTH,KULTALI,GURGURIA BHUBANESWARI,"doi:10.7910/DVN/ZHF9WC datafile 10396546 (r3-all-2018.csv.gz, md5 fd3487254ae01b22b999d6425fa62309)"
2018,24 PARGANAS SOUTH,KULTALI,JALABERIA-I,"doi:10.7910/DVN/ZHF9WC datafile 10396546 (r3-all-2018.csv.gz, md5 fd3487254ae01b22b999d6425fa62309)"
2018,24 PARGANAS SOUTH,KULTALI,JALABERIA-II,"doi:10.7910/DVN/ZHF9WC datafile 10396546 (r3-all-2018.csv.gz, md5 fd3487254ae01b22b999d6425fa62309)"
2018,24 PARGANAS SOUTH,KULTALI,KUNDAKHALI GODABAR,"doi:10.7910/DVN/ZHF9WC datafile 10396546 (r3-all-2018.csv.gz, md5 fd3487254ae01b22b999d6425fa62309)"
2018,24 PARGANAS SOUTH,KULTALI,MAIPITH BAIKUNTHAPUR,"doi:10.7910/DVN/ZHF9WC datafile 10396546 (r3-all-2018.csv.gz, md5 fd3487254ae01b22b999d6425fa62309)"
2018,24 PARGANAS SOUTH,KULTALI,MERIGANJ-I,"doi:10.7910/DVN/ZHF9WC datafile 10396546 (r3-all-2018.csv.gz, md5 fd3487254ae01b22b999d6425fa62309)"
2018,24 PARGANAS SOUTH,KULTALI,MERIGANJ-II,"doi:10.7910/DVN/ZHF9WC datafile 10396546 (r3-all-2018.csv.gz, md5 fd3487254ae01b22b999d6425fa62309)"
2018,ALIPURDUAR,KUMARGRAM,CHENGMARI,"doi:10.7910/DVN/ZHF9WC datafile 10396546 (r3-all-2018.csv.gz, md5 fd3487254ae01b22b999d6425fa62309)"
2018,ALIPURDUAR,KUMARGRAM,KAMAKHYAGURI-I,"doi:10.7910/DVN/ZHF9WC datafile 10396546 (r3-all-2018.csv.gz, md5 fd3487254ae01b22b999d6425fa62309)"
2018,ALIPURDUAR,KUMARGRAM,KAMAKHYAGURI-II,"doi:10.7910/DVN/ZHF9WC datafile 10396546 (r3-all-2018.csv.gz, md5 fd3487254ae01b22b999d6425fa62309)"
2018,ALIPURDUAR,KUMARGRAM,KHOARDANGA-I,"doi:10.7910/DVN/ZHF9WC datafile 10396546 (r3-all-2018.csv.gz, md5 fd3487254ae01b22b999d6425fa62309)"
2018,ALIPURDUAR,KUMARGRAM,KHOARDANGA-II,"doi:10.7910/DVN/ZHF9WC datafile 10396546 (r3-all-2018.csv.gz, md5 fd3487254ae01b22b999d6425fa62309)"
2018,ALIPURDUAR,KUMARGRAM,KUMARGRAM,"doi:10.7910/DVN/ZHF9WC datafile 10396546 (r3-all-2018.csv.gz, md5 fd3487254ae01b22b999d6425fa62309)"
2018,ALIPURDUAR,KUMARGRAM,NEWLAND KUMARGRAM SANKOS,"doi:10.7910/DVN/ZHF9WC datafile 10396546 (r3-all-2018.csv.gz, md5 fd3487254ae01b22b999d6425fa62309)"
2018,ALIPURDUAR,KUMARGRAM,RAIDAK,"doi:10.7910/DVN/ZHF9WC datafile 10396546 (r3-all-2018.csv.gz, md5 fd3487254ae01b22b999d6425fa62309)"
2018,ALIPURDUAR,KUMARGRAM,TURTURIKHANDA,"doi:10.7910/DVN/ZHF9WC datafile 10396546 (r3-all-2018.csv.gz, md5 fd3487254ae01b22b999d6425fa62309)"
2018,ALIPURDUAR,KUMARGRAM,VALKA BARABISA-I,"doi:10.7910/DVN/ZHF9WC datafile 10396546 (r3-all-2018.csv.gz, md5 fd3487254ae01b22b999d6425fa62309)"
2018,ALIPURDUAR,KUMARGRAM,VALKA BARABISA-II,"doi:10.7910/DVN/ZHF9WC datafile 10396546 (r3-all-2018.csv.gz, md5 fd3487254ae01b22b999d6425fa62309)"
2018,Darjeeling Gorkha Hill Council (DGHC),KURSEONG,CHIMNEY-DEORALI,"doi:10.7910/DVN/ZHF9WC datafile 10396546 (r3-all-2018.csv.gz, md5 fd3487254ae01b22b999d6425fa62309)"
2018,Darjeeling Gorkha Hill Council (DGHC),KURSEONG,GAYABARI-I,"doi:10.7910/DVN/ZHF9WC datafile 10396546 (r3-all-2018.csv.gz, md5 fd3487254ae01b22b999d6425fa62309)"
2018,Darjeeling Gorkha Hill Council (DGHC),KURSEONG,GAYABARI-II,"doi:10.7910/DVN/ZHF9WC datafile 10396546 (r3-all-2018.csv.gz, md5 fd3487254ae01b22b999d6425fa62309)"
2018,Darjeeling Gorkha Hill Council (DGHC),KURSEONG,GAYABARI-III,"doi:10.7910/DVN/ZHF9WC datafile 10396546 (r3-all-2018.csv.gz, md5 fd3487254ae01b22b999d6425fa62309)"
2018,Darjeeling Gorkha Hill Council (DGHC),KURSEONG,MAHANADI,"doi:10.7910/DVN/ZHF9WC datafile 10396546 (r3-all-2018.csv.gz, md5 fd3487254ae01b22b999d6425fa62309)"
2018,Darjeeling Gorkha Hill Council (DGHC),KURSEONG,PANDU,"doi:10.7910/DVN/ZHF9WC datafile 10396546 (r3-all-2018.csv.gz, md5 fd3487254ae01b22b999d6425fa62309)"
2018,Darjeeling Gorkha Hill Council (DGHC),KURSEONG,SEETONG-I,"doi:10.7910/DVN/ZHF9WC datafile 10396546 (r3-all-2018.csv.gz, md5 fd3487254ae01b22b999d6425fa62309)"
2018,Darjeeling Gorkha Hill Council (DGHC),KURSEONG,SEETONG-II,"doi:10.7910/DVN/ZHF9WC datafile 10396546 (r3-all-2018.csv.gz, md5 fd3487254ae01b22b999d6425fa62309)"
2018,Darjeeling Gorkha Hill Council (DGHC),KURSEONG,SETTONG-III,"doi:10.7910/DVN/ZHF9WC datafile 10396546 (r3-all-2018.csv.gz, md5 fd3487254ae01b22b999d6425fa62309)"
2018,Darjeeling Gorkha Hill Council (DGHC),KURSEONG,SHIVAKHOLA,"doi:10.7910/DVN/ZHF9WC datafile 10396546 (r3-all-2018.csv.gz, md5 fd3487254ae01b22b999d6425fa62309)"
2018,Darjeeling Gorkha Hill Council (DGHC),KURSEONG,ST MARRYS-I,"doi:10.7910/DVN/ZHF9WC datafile 10396546 (r3-all-2018.csv.gz, md5 fd3487254ae01b22b999d6425fa62309)"
2018,Darjeeling Gorkha Hill Council (DGHC),KURSEONG,ST MARRYS-II,"doi:10.7910/DVN/ZHF9WC datafile 10396546 (r3-all-2018.csv.gz, md5 fd3487254ae01b22b999d6425fa62309)"
2018,Darjeeling Gorkha Hill Council (DGHC),KURSEONG,ST MARRYS-III,"doi:10.7910/DVN/ZHF9WC datafile 10396546 (r3-all-2018.csv.gz, md5 fd3487254ae01b22b999d6425fa62309)"
2018,Darjeeling Gorkha Hill Council (DGHC),KURSEONG,SUKNA,"doi:10.7910/DVN/ZHF9WC datafile 10396546 (r3-all-2018.csv.gz, md5 fd3487254ae01b22b999d6425fa62309)"
2018,SILIGURI MAHAKUMA PARISAD,Khoribari,Binnabari,"doi:10.7910/DVN/ZHF9WC datafile 10396546 (r3-all-2018.csv.gz, md5 fd3487254ae01b22b999d6425fa62309)"
2018,SILIGURI MAHAKUMA PARISAD,Khoribari,Buraganj,"doi:10.7910/DVN/ZHF9WC datafile 10396546 (r3-all-2018.csv.gz, md5 fd3487254ae01b22b999d6425fa62309)"
2018,SILIGURI MAHAKUMA PARISAD,Khoribari,Khoribari Panisali,"doi:10.7910/DVN/ZHF9WC datafile 10396546 (r3-all-2018.csv.gz, md5 fd3487254ae01b22b999d6425fa62309)"
2018,SILIGURI MAHAKUMA PARISAD,Khoribari,Raniganj Panishali,"doi:10.7910/DVN/ZHF9WC datafile 10396546 (r3-all-2018.csv.gz, md5 fd3487254ae01b22b999d6425fa62309)"
2018,DINAJPUR DAKSHIN,Kumarganj,BATUN,"doi:10.7910/DVN/ZHF9WC datafile 10396546 (r3-all-2018.csv.gz, md5 fd3487254ae01b22b999d6425fa62309)"
2018,DINAJPUR DAKSHIN,Kumarganj,BHOUR,"doi:10.7910/DVN/ZHF9WC datafile 10396546 (r3-all-2018.csv.gz, md5 fd3487254ae01b22b999d6425fa62309)"
2018,DINAJPUR DAKSHIN,Kumarganj,DEOR,"doi:10.7910/DVN/ZHF9WC datafile 10396546 (r3-all-2018.csv.gz, md5 fd3487254ae01b22b999d6425fa62309)"
2018,DINAJPUR DAKSHIN,Kumarganj,JAKIRPUR,"doi:10.7910/DVN/ZHF9WC datafile 10396546 (r3-all-2018.csv.gz, md5 fd3487254ae01b22b999d6425fa62309)"
2018,DINAJPUR DAKSHIN,Kumarganj,MOHANA,"doi:10.7910/DVN/ZHF9WC datafile 10396546 (r3-all-2018.csv.gz, md5 fd3487254ae01b22b999d6425fa62309)"
2018,DINAJPUR DAKSHIN,Kumarganj,RAMKRISHNAPUR,"doi:10.7910/DVN/ZHF9WC datafile 10396546 (r3-all-2018.csv.gz, md5 fd3487254ae01b22b999d6425fa62309)"
2018,DINAJPUR DAKSHIN,Kumarganj,SAFANAGAR,"doi:10.7910/DVN/ZHF9WC datafile 10396546 (r3-all-2018.csv.gz, md5 fd3487254ae01b22b999d6425fa62309)"
2018,DINAJPUR DAKSHIN,Kumarganj,SAMJIA,"doi:10.7910/DVN/ZHF9WC datafile 10396546 (r3-all-2018.csv.gz, md5 fd3487254ae01b22b999d6425fa62309)"
2018,DINAJPUR DAKSHIN,Kushmandi,AKCHA,"doi:10.7910/DVN/ZHF9WC datafile 10396546 (r3-all-2018.csv.gz, md5 fd3487254ae01b22b999d6425fa62309)"
2018,DINAJPUR DAKSHIN,Kushmandi,BEROIL,"doi:10.7910/DVN/ZHF9WC datafile 10396546 (r3-all-2018.csv.gz, md5 fd3487254ae01b22b999d6425fa62309)"
2018,DINAJPUR DAKSHIN,Kushmandi,DEUL,"doi:10.7910/DVN/ZHF9WC datafile 10396546 (r3-all-2018.csv.gz, md5 fd3487254ae01b22b999d6425fa62309)"
2018,DINAJPUR DAKSHIN,Kushmandi,KALIKAMORA,"doi:10.7910/DVN/ZHF9WC datafile 10396546 (r3-all-2018.csv.gz, md5 fd3487254ae01b22b999d6425fa62309)"
2018,DINAJPUR DAKSHIN,Kushmandi,KARANJI,"doi:10.7910/DVN/ZHF9WC datafile 10396546 (r3-all-2018.csv.gz, md5 fd3487254ae01b22b999d6425fa62309)"
2018,DINAJPUR DAKSHIN,Kushmandi,KUSHMANDI,"doi:10.7910/DVN/ZHF9WC datafile 10396546 (r3-all-2018.csv.gz, md5 fd3487254ae01b22b999d6425fa62309)"
2018,DINAJPUR DAKSHIN,Kushmandi,MALIGAON,"doi:10.7910/DVN/ZHF9WC datafile 10396546 (r3-all-2018.csv.gz, md5 fd3487254ae01b22b999d6425fa62309)"
2018,DINAJPUR DAKSHIN,Kushmandi,UDAYPUR,"doi:10.7910/DVN/ZHF9WC datafile 10396546 (r3-all-2018.csv.gz, md5 fd3487254ae01b22b999d6425fa62309)"
2018,BIRBHUM,LABPUR,BIPRATIKURI,"doi:10.7910/DVN/ZHF9WC datafile 10396546 (r3-all-2018.csv.gz, md5 fd3487254ae01b22b999d6425fa62309)"
2018,BIRBHUM,LABPUR,CHAUHATTA-MAHODARI-I,"doi:10.7910/DVN/ZHF9WC datafile 10396546 (r3-all-2018.csv.gz, md5 fd3487254ae01b22b999d6425fa62309)"
2018,BIRBHUM,LABPUR,CHAUHATTA-MAHODARI-II,"doi:10.7910/DVN/ZHF9WC datafile 10396546 (r3-all-2018.csv.gz, md5 fd3487254ae01b22b999d6425fa62309)"
2018,BIRBHUM,LABPUR,DWARAKA,"doi:10.7910/DVN/ZHF9WC datafile 10396546 (r3-all-2018.csv.gz, md5 fd3487254ae01b22b999d6425fa62309)"
2018,BIRBHUM,LABPUR,HATIA,"doi:10.7910/DVN/ZHF9WC datafile 10396546 (r3-all-2018.csv.gz, md5 fd3487254ae01b22b999d6425fa62309)"
2018,BIRBHUM,LABPUR,INDUS,"doi:10.7910/DVN/ZHF9WC datafile 10396546 (r3-all-2018.csv.gz, md5 fd3487254ae01b22b999d6425fa62309)"
2018,BIRBHUM,LABPUR,JAMNA,"doi:10.7910/DVN/ZHF9WC datafile 10396546 (r3-all-2018.csv.gz, md5 fd3487254ae01b22b999d6425fa62309)"
2018,BIRBHUM,LABPUR,KURUNNAHAR,"doi:10.7910/DVN/ZHF9WC datafile 10396546 (r3-all-2018.csv.gz, md5 fd3487254ae01b22b999d6425fa62309)"
2018,BIRBHUM,LABPUR,LABPUR-I,"doi:10.7910/DVN/ZHF9WC datafile 10396546 (r3-all-2018.csv.gz, md5 fd3487254ae01b22b999d6425fa62309)"
2018,BIRBHUM,LABPUR,LABPUR-II,"doi:10.7910/DVN/ZHF9WC datafile 10396546 (r3-all-2018.csv.gz, md5 fd3487254ae01b22b999d6425fa62309)"
2018,BIRBHUM,LABPUR,THIBA,"doi:10.7910/DVN/ZHF9WC datafile 10396546 (r3-all-2018.csv.gz, md5 fd3487254ae01b22b999d6425fa62309)"
2018,MURSHIDABAD,LALGOLA,AIRMARI KRISHNAPUR,"doi:10.7910/DVN/ZHF9WC datafile 10396546 (r3-all-2018.csv.gz, md5 fd3487254ae01b22b999d6425fa62309)"
2018,MURSHIDABAD,LALGOLA,BAHADURPUR,"doi:10.7910/DVN/ZHF9WC datafile 10396546 (r3-all-2018.csv.gz, md5 fd3487254ae01b22b999d6425fa62309)"
2018,MURSHIDABAD,LALGOLA,BILBORAKOPRA,"doi:10.7910/DVN/ZHF9WC datafile 10396546 (r3-all-2018.csv.gz, md5 fd3487254ae01b22b999d6425fa62309)"
2018,MURSHIDABAD,LALGOLA,DEWANSARAI,"doi:10.7910/DVN/ZHF9WC datafile 10396546 (r3-all-2018.csv.gz, md5 fd3487254ae01b22b999d6425fa62309)"
2018,MURSHIDABAD,LALGOLA,JASAITALA,"doi:10.7910/DVN/ZHF9WC datafile 10396546 (r3-all-2018.csv.gz, md5 fd3487254ae01b22b999d6425fa62309)"
2018,MURSHIDABAD,LALGOLA,KALMEGHA,"doi:10.7910/DVN/ZHF9WC datafile 10396546 (r3-all-2018.csv.gz, md5 fd3487254ae01b22b999d6425fa62309)"
2018,MURSHIDABAD,LALGOLA,LALGOLA,"doi:10.7910/DVN/ZHF9WC datafile 10396546 (r3-all-2018.csv.gz, md5 fd3487254ae01b22b999d6425fa62309)"
2018,MURSHIDABAD,LALGOLA,MAIYA,"doi:10.7910/DVN/ZHF9WC datafile 10396546 (r3-all-2018.csv.gz, md5 fd3487254ae01b22b999d6425fa62309)"
2018,MURSHIDABAD,LALGOLA,MANIKCHAK,"doi:10.7910/DVN/ZHF9WC datafile 10396546 (r3-all-2018.csv.gz, md5 fd3487254ae01b22b999d6425fa62309)"
2018,MURSHIDABAD,LALGOLA,NASHIPUR,"doi:10.7910/DVN/ZHF9WC datafile 10396546 (r3-all-2018.csv.gz, md5 fd3487254ae01b22b999d6425fa62309)"
2018,MURSHIDABAD,LALGOLA,PAIKAPARA,"doi:10.7910/DVN/ZHF9WC datafile 10396546 (r3-all-2018.csv.gz, md5 fd3487254ae01b22b999d6425fa62309)"
2018,MURSHIDABAD,LALGOLA,RAMCHANDRAPUR,"doi:10.7910/DVN/ZHF9WC datafile 10396546 (r3-all-2018.csv.gz, md5 fd3487254ae01b22b999d6425fa62309)"
2018,ALIPURDUAR,MADARIHAT,BANDAPANI,"doi:10.7910/DVN/ZHF9WC datafile 10396546 (r3-all-2018.csv.gz, md5 fd3487254ae01b22b999d6425fa62309)"
2018,ALIPURDUAR,MADARIHAT,BIRPARA-I,"doi:10.7910/DVN/ZHF9WC datafile 10396546 (r3-all-2018.csv.gz, md5 fd3487254ae01b22b999d6425fa62309)"
2018,ALIPURDUAR,MADARIHAT,BIRPARA-II,"doi:10.7910/DVN/ZHF9WC datafile 10396546 (r3-all-2018.csv.gz, md5 fd3487254ae01b22b999d6425fa62309)"
2018,ALIPURDUAR,MADARIHAT,HANTAPARA,"doi:10.7910/DVN/ZHF9WC datafile 10396546 (r3-all-2018.csv.gz, md5 fd3487254ae01b22b999d6425fa62309)"
2018,ALIPURDUAR,MADARIHAT,KHAYERBARI,"doi:10.7910/DVN/ZHF9WC datafile 10396546 (r3-all-2018.csv.gz, md5 fd3487254ae01b22b999d6425fa62309)"
2018,ALIPURDUAR,MADARIHAT,LANKAPARA,"doi:10.7910/DVN/ZHF9WC datafile 10396546 (r3-all-2018.csv.gz, md5 fd3487254ae01b22b999d6425fa62309)"
2018,ALIPURDUAR,MADARIHAT,MADARIHAT,"doi:10.7910/DVN/ZHF9WC datafile 10396546 (r3-all-2018.csv.gz, md5 fd3487254ae01b22b999d6425fa62309)"
2018,ALIPURDUAR,MADARIHAT,RANGALIBAJNA,"doi:10.7910/DVN/ZHF9WC datafile 10396546 (r3-all-2018.csv.gz, md5 fd3487254ae01b22b999d6425fa62309)"
2018,ALIPURDUAR,MADARIHAT,SISHUJHUMRA,"doi:10.7910/DVN/ZHF9WC datafile 10396546 (r3-all-2018.csv.gz, md5 fd3487254ae01b22b999d6425fa62309)"
2018,ALIPURDUAR,MADARIHAT,TOTOPARA BALLALGURI,"doi:10.7910/DVN/ZHF9WC datafile 10396546 (r3-all-2018.csv.gz, md5 fd3487254ae01b22b999d6425fa62309)"
2018,24 PARGANAS SOUTH,MAGRA HAT-I,EKTARA,"doi:10.7910/DVN/ZHF9WC datafile 10396546 (r3-all-2018.csv.gz, md5 fd3487254ae01b22b999d6425fa62309)"
2018,24 PARGANAS SOUTH,MAGRA HAT-I,HARIHARPUR,"doi:10.7910/DVN/ZHF9WC datafile 10396546 (r3-all-2018.csv.gz, md5 fd3487254ae01b22b999d6425fa62309)"
2018,24 PARGANAS SOUTH,MAGRA HAT-I,KALIKAPOTA,"doi:10.7910/DVN/ZHF9WC datafile 10396546 (r3-all-2018.csv.gz, md5 fd3487254ae01b22b999d6425fa62309)"
2018,24 PARGANAS SOUTH,MAGRA HAT-I,LAKSHMIKANTAPUR,"doi:10.7910/DVN/ZHF9WC datafile 10396546 (r3-all-2018.csv.gz, md5 fd3487254ae01b22b999d6425fa62309)"
2018,24 PARGANAS SOUTH,MAGRA HAT-I,RANGILBAD,"doi:10.7910/DVN/ZHF9WC datafile 10396546 (r3-all-2018.csv.gz, md5 fd3487254ae01b22b999d6425fa62309)"
2018,24 PARGANAS SOUTH,MAGRA HAT-I,SHERPUR,"doi:10.7910/DVN/ZHF9WC datafile 10396546 (r3-all-2018.csv.gz, md5 fd3487254ae01b22b999d6425fa62309)"
2018,24 PARGANAS SOUTH,MAGRA HAT-I,SHRICHANDA,"doi:10.7910/DVN/ZHF9WC datafile 10396546 (r3-all-2018.csv.gz, md5 fd3487254ae01b22b999d6425fa62309)"
2018,24 PARGANAS SOUTH,MAGRA HAT-I,SIRAKOL,"doi:10.7910/DVN/ZHF9WC datafile 10396546 (r3-all-2018.csv.gz, md5 fd3487254ae01b22b999d6425fa62309)"
2018,24 PARGANAS SOUTH,MAGRA HAT-I,USTHI,"doi:10.7910/DVN/ZHF9WC datafile 10396546 (r3-all-2018.csv.gz, md5 fd3487254ae01b22b999d6425fa62309)"
2018,24 PARGANAS SOUTH,MAGRA HAT-I,UTTARKUSUM,"doi:10.7910/DVN/ZHF9WC datafile 10396546 (r3-all-2018.csv.gz, md5 fd3487254ae01b22b999d6425fa62309)"
2018,24 PARGANAS SOUTH,MAGRA HAT-I,YEARPUR,"doi:10.7910/DVN/ZHF9WC datafile 10396546 (r3-all-2018.csv.gz, md5 fd3487254ae01b22b999d6425fa62309)"
2018,24 PARGANAS SOUTH,MAGRA HAT-II,AMRATALA,"doi:10.7910/DVN/ZHF9WC datafile 10396546 (r3-all-2018.csv.gz, md5 fd3487254ae01b22b999d6425fa62309)"
2018,24 PARGANAS SOUTH,MAGRA HAT-II,DHAMUA DAKSHNIN,"doi:10.7910/DVN/ZHF9WC datafile 10396546 (r3-all-2018.csv.gz, md5 fd3487254ae01b22b999d6425fa62309)"
2018,24 PARGANAS SOUTH,MAGRA HAT-II,DHAMUA UTTAR,"doi:10.7910/DVN/ZHF9WC datafile 10396546 (r3-all-2018.csv.gz, md5 fd3487254ae01b22b999d6425fa62309)"
2018,24 PARGANAS SOUTH,MAGRA HAT-II,DHANPOTA,"doi:10.7910/DVN/ZHF9WC datafile 10396546 (r3-all-2018.csv.gz, md5 fd3487254ae01b22b999d6425fa62309)"
2018,24 PARGANAS SOUTH,MAGRA HAT-II,DIHIKALAS,"doi:10.7910/DVN/ZHF9WC datafile 10396546 (r3-all-2018.csv.gz, md5 fd3487254ae01b22b999d6425fa62309)"
2018,24 PARGANAS SOUTH,MAGRA HAT-II,GOKARNI,"doi:10.7910/DVN/ZHF9WC datafile 10396546 (r3-all-2018.csv.gz, md5 fd3487254ae01b22b999d6425fa62309)"
2018,24 PARGANAS SOUTH,MAGRA HAT-II,HOTOR MORJADA,"doi:10.7910/DVN/ZHF9WC datafile 10396546 (r3-all-2018.csv.gz, md5 fd3487254ae01b22b999d6425fa62309)"
2018,24 PARGANAS SOUTH,MAGRA HAT-II,JUGDIA,"doi:10.7910/DVN/ZHF9WC datafile 10396546 (r3-all-2018.csv.gz, md5 fd3487254ae01b22b999d6425fa62309)"
2018,24 PARGANAS SOUTH,MAGRA HAT-II,MAGRAHAT PASCHIM,"doi:10.7910/DVN/ZHF9WC datafile 10396546 (r3-all-2018.csv.gz, md5 fd3487254ae01b22b999d6425fa62309)"
2018,24 PARGANAS SOUTH,MAGRA HAT-II,MAGRAHAT PURBA,"doi:10.7910/DVN/ZHF9WC datafile 10396546 (r3-all-2018.csv.gz, md5 fd3487254ae01b22b999d6425fa62309)"
2018,24 PARGANAS SOUTH,MAGRA HAT-II,MOHANPUR,"doi:10.7910/DVN/ZHF9WC datafile 10396546 (r3-all-2018.csv.gz, md5 fd3487254ae01b22b999d6425fa62309)"
2018,24 PARGANAS SOUTH,MAGRA HAT-II,MULTI,"doi:10.7910/DVN/ZHF9WC datafile 10396546 (r3-all-2018.csv.gz, md5 fd3487254ae01b22b999d6425fa62309)"
2018,24 PARGANAS SOUTH,MAGRA HAT-II,NAINAN,"doi:10.7910/DVN/ZHF9WC datafile 10396546 (r3-all-2018.csv.gz, md5 fd3487254ae01b22b999d6425fa62309)"
2018,24 PARGANAS SOUTH,MAGRA HAT-II,URELCHANDPUR,"doi:10.7910/DVN/ZHF9WC datafile 10396546 (r3-all-2018.csv.gz, md5 fd3487254ae01b22b999d6425fa62309)"
2018,PURBA MEDINIPUR,MAHISHADAL,AMRITBERIA,"doi:10.7910/DVN/ZHF9WC datafile 10396546 (r3-all-2018.csv.gz, md5 fd3487254ae01b22b999d6425fa62309)"
2018,PURBA MEDINIPUR,MAHISHADAL,BETKUNDU,"doi:10.7910/DVN/ZHF9WC datafile 10396546 (r3-all-2018.csv.gz, md5 fd3487254ae01b22b999d6425fa62309)"
2018,PURBA MEDINIPUR,MAHISHADAL,GARKAMALPUR,"doi:10.7910/DVN/ZHF9WC datafile 10396546 (r3-all-2018.csv.gz, md5 fd3487254ae01b22b999d6425fa62309)"
2018,PURBA MEDINIPUR,MAHISHADAL,ITAMOGRA-I,"doi:10.7910/DVN/ZHF9WC datafile 10396546 (r3-all-2018.csv.gz, md5 fd3487254ae01b22b999d6425fa62309)"
2018,PURBA MEDINIPUR,MAHISHADAL,ITAMOGRA-II,"doi:10.7910/DVN/ZHF9WC datafile 10396546 (r3-all-2018.csv.gz, md5 fd3487254ae01b22b999d6425fa62309)"
2018,PURBA MEDINIPUR,MAHISHADAL,KISMATNAIKUNDI,"doi:10.7910/DVN/ZHF9WC datafile 10396546 (r3-all-2018.csv.gz, md5 fd3487254ae01b22b999d6425fa62309)"
2018,PURBA MEDINIPUR,MAHISHADAL,LAKSHYA-I,"doi:10.7910/DVN/ZHF9WC datafile 10396546 (r3-all-2018.csv.gz, md5 fd3487254ae01b22b999d6425fa62309)"
2018,PURBA MEDINIPUR,MAHISHADAL,LAKSHYA-II,"doi:10.7910/DVN/ZHF9WC datafile 10396546 (r3-all-2018.csv.gz, md5 fd3487254ae01b22b999d6425fa62309)"
2018,PURBA MEDINIPUR,MAHISHADAL,NATSHAL-I,"doi:10.7910/DVN/ZHF9WC datafile 10396546 (r3-all-2018.csv.gz, md5 fd3487254ae01b22b999d6425fa62309)"
2018,PURBA MEDINIPUR,MAHISHADAL,NATSHAL-II,"doi:10.7910/DVN/ZHF9WC datafile 10396546 (r3-all-2018.csv.gz, md5 fd3487254ae01b22b999d6425fa62309)"
2018,PURBA MEDINIPUR,MAHISHADAL,SATISHSAMANTA,"doi:10.7910/DVN/ZHF9WC datafile 10396546 (r3-all-2018.csv.gz, md5 fd3487254ae01b22b999d6425fa62309)"
2018,JALPAIGURI,MAL,BAGRAKOT,"doi:10.7910/DVN/ZHF9WC datafile 10396546 (r3-all-2018.csv.gz, md5 fd3487254ae01b22b999d6425fa62309)"
2018,JALPAIGURI,MAL,CHANGMARI,"doi:10.7910/DVN/ZHF9WC datafile 10396546 (r3-all-2018.csv.gz, md5 fd3487254ae01b22b999d6425fa62309)"
2018,JALPAIGURI,MAL,CHAPADANGA,"doi:10.7910/DVN/ZHF9WC datafile 10396546 (r3-all-2018.csv.gz, md5 fd3487254ae01b22b999d6425fa62309)"
2018,JALPAIGURI,MAL,DAMDIM,"doi:10.7910/DVN/ZHF9WC datafile 10396546 (r3-all-2018.csv.gz, md5 fd3487254ae01b22b999d6425fa62309)"
2018,JALPAIGURI,MAL,KRANTI,"doi:10.7910/DVN/ZHF9WC datafile 10396546 (r3-all-2018.csv.gz, md5 fd3487254ae01b22b999d6425fa62309)"
2018,JALPAIGURI,MAL,KUMLAI,"doi:10.7910/DVN/ZHF9WC datafile 10396546 (r3-all-2018.csv.gz, md5 fd3487254ae01b22b999d6425fa62309)"
2018,JALPAIGURI,MAL,LATAGURI,"doi:10.7910/DVN/ZHF9WC datafile 10396546 (r3-all-2018.csv.gz, md5 fd3487254ae01b22b999d6425fa62309)"
2018,JALPAIGURI,MAL,MOULANI,"doi:10.7910/DVN/ZHF9WC datafile 10396546 (r3-all-2018.csv.gz, md5 fd3487254ae01b22b999d6425fa62309)"
2018,JALPAIGURI,MAL,ODLABARI,"doi:10.7910/DVN/ZHF9WC datafile 10396546 (r3-all-2018.csv.gz, md5 fd3487254ae01b22b999d6425fa62309)"
2018,JALPAIGURI,MAL,RAJADANGA,"doi:10.7910/DVN/ZHF9WC datafile 10396546 (r3-all-2018.csv.gz, md5 fd3487254ae01b22b999d6425fa62309)"
2018,JALPAIGURI,MAL,RANGAMATI,"doi:10.7910/DVN/ZHF9WC datafile 10396546 (r3-all-2018.csv.gz, md5 fd3487254ae01b22b999d6425fa62309)"
2018,JALPAIGURI,MAL,TESIMALA,"doi:10.7910/DVN/ZHF9WC datafile 10396546 (r3-all-2018.csv.gz, md5 fd3487254ae01b22b999d6425fa62309)"
2018,PURULIA,MANBAZAR-I,BAMNIMAJHIHIRA,"doi:10.7910/DVN/ZHF9WC datafile 10396546 (r3-all-2018.csv.gz, md5 fd3487254ae01b22b999d6425fa62309)"
2018,PURULIA,MANBAZAR-I,BARAMASYA-RAMNAGAR,"doi:10.7910/DVN/ZHF9WC datafile 10396546 (r3-all-2018.csv.gz, md5 fd3487254ae01b22b999d6425fa62309)"
2018,PURULIA,MANBAZAR-I,BHALUBASA,"doi:10.7910/DVN/ZHF9WC datafile 10396546 (r3-all-2018.csv.gz, md5 fd3487254ae01b22b999d6425fa62309)"
2018,PURULIA,MANBAZAR-I,BISRI,"doi:10.7910/DVN/ZHF9WC datafile 10396546 (r3-all-2018.csv.gz, md5 fd3487254ae01b22b999d6425fa62309)"
2018,PURULIA,MANBAZAR-I,CHANDRA-PAIRACHALI,"doi:10.7910/DVN/ZHF9WC datafile 10396546 (r3-all-2018.csv.gz, md5 fd3487254ae01b22b999d6425fa62309)"
2018,PURULIA,MANBAZAR-I,DHANARAH,"doi:10.7910/DVN/ZHF9WC datafile 10396546 (r3-all-2018.csv.gz, md5 fd3487254ae01b22b999d6425fa62309)"
2018,PURULIA,MANBAZAR-I,GOPALNAGAR,"doi:10.7910/DVN/ZHF9WC datafile 10396546 (r3-all-2018.csv.gz, md5 fd3487254ae01b22b999d6425fa62309)"
2018,PURULIA,MANBAZAR-I,JITUJURI,"doi:10.7910/DVN/ZHF9WC datafile 10396546 (r3-all-2018.csv.gz, md5 fd3487254ae01b22b999d6425fa62309)"
2018,PURULIA,MANBAZAR-I,KAMTAJANGIDIRI,"doi:10.7910/DVN/ZHF9WC datafile 10396546 (r3-all-2018.csv.gz, md5 fd3487254ae01b22b999d6425fa62309)"
2018,PURULIA,MANBAZAR-I,MANBAZAR,"doi:10.7910/DVN/ZHF9WC datafile 10396546 (r3-all-2018.csv.gz, md5 fd3487254ae01b22b999d6425fa62309)"
2018,PURULIA,MANBAZAR-II,ANKROBARAKADAM,"doi:10.7910/DVN/ZHF9WC datafile 10396546 (r3-all-2018.csv.gz, md5 fd3487254ae01b22b999d6425fa62309)"
2018,PURULIA,MANBAZAR-II,BARGORIA-JAMTORIA,"doi:10.7910/DVN/ZHF9WC datafile 10396546 (r3-all-2018.csv.gz, md5 fd3487254ae01b22b999d6425fa62309)"
2018,PURULIA,MANBAZAR-II,BARI-JAGDA,"doi:10.7910/DVN/ZHF9WC datafile 10396546 (r3-all-2018.csv.gz, md5 fd3487254ae01b22b999d6425fa62309)"
2018,PURULIA,MANBAZAR-II,BOROJARAGARA,"doi:10.7910/DVN/ZHF9WC datafile 10396546 (r3-all-2018.csv.gz, md5 fd3487254ae01b22b999d6425fa62309)"
2018,PURULIA,MANBAZAR-II,BURIBANDH,"doi:10.7910/DVN/ZHF9WC datafile 10396546 (r3-all-2018.csv.gz, md5 fd3487254ae01b22b999d6425fa62309)"
2018,PURULIA,MANBAZAR-II,DIGHI,"doi:10.7910/DVN/ZHF9WC datafile 10396546 (r3-all-2018.csv.gz, md5 fd3487254ae01b22b999d6425fa62309)"
2018,PURULIA,MANBAZAR-II,KUMARI,"doi:10.7910/DVN/ZHF9WC datafile 10396546 (r3-all-2018.csv.gz, md5 fd3487254ae01b22b999d6425fa62309)"
2018,24 PARGANAS SOUTH,MANDIRBAZAR,ANCHANA,"doi:10.7910/DVN/ZHF9WC datafile 10396546 (r3-all-2018.csv.gz, md5 fd3487254ae01b22b999d6425fa62309)"
2018,24 PARGANAS SOUTH,MANDIRBAZAR,CHANDPUR,"doi:10.7910/DVN/ZHF9WC datafile 10396546 (r3-all-2018.csv.gz, md5 fd3487254ae01b22b999d6425fa62309)"
2018,24 PARGANAS SOUTH,MANDIRBAZAR,DAKSHIN BISHNUPUR,"doi:10.7910/DVN/ZHF9WC datafile 10396546 (r3-all-2018.csv.gz, md5 fd3487254ae01b22b999d6425fa62309)"
2018,24 PARGANAS SOUTH,MANDIRBAZAR,DHANURHAT,"doi:10.7910/DVN/ZHF9WC datafile 10396546 (r3-all-2018.csv.gz, md5 fd3487254ae01b22b999d6425fa62309)"
2018,24 PARGANAS SOUTH,MANDIRBAZAR,GABBERIA,"doi:10.7910/DVN/ZHF9WC datafile 10396546 (r3-all-2018.csv.gz, md5 fd3487254ae01b22b999d6425fa62309)"
2018,24 PARGANAS SOUTH,MANDIRBAZAR,GHATESWAR,"doi:10.7910/DVN/ZHF9WC datafile 10396546 (r3-all-2018.csv.gz, md5 fd3487254ae01b22b999d6425fa62309)"
2018,24 PARGANAS SOUTH,MANDIRBAZAR,JAGADISHPUR,"doi:10.7910/DVN/ZHF9WC datafile 10396546 (r3-all-2018.csv.gz, md5 fd3487254ae01b22b999d6425fa62309)"
2018,24 PARGANAS SOUTH,MANDIRBAZAR,KECHARKUR,"doi:10.7910/DVN/ZHF9WC datafile 10396546 (r3-all-2018.csv.gz, md5 fd3487254ae01b22b999d6425fa62309)"
2018,24 PARGANAS SOUTH,MANDIRBAZAR,KRISHNAPUR,"doi:10.7910/DVN/ZHF9WC datafile 10396546 (r3-all-2018.csv.gz, md5 fd3487254ae01b22b999d6425fa62309)"
2018,24 PARGANAS SOUTH,MANDIRBAZAR,NISAPUR,"doi:10.7910/DVN/ZHF9WC datafile 10396546 (r3-all-2018.csv.gz, md5 fd3487254ae01b22b999d6425fa62309)"
2018,MALDAH,MANIKCHAK,CHOWKI MIRDADPUR,"doi:10.7910/DVN/ZHF9WC datafile 10396546 (r3-all-2018.csv.gz, md5 fd3487254ae01b22b999d6425fa62309)"
2018,MALDAH,MANIKCHAK,DAKSHIN CHANDIPUR,"doi:10.7910/DVN/ZHF9WC datafile 10396546 (r3-all-2018.csv.gz, md5 fd3487254ae01b22b999d6425fa62309)"
2018,MALDAH,MANIKCHAK,DHARAMPUR,"doi:10.7910/DVN/ZHF9WC datafile 10396546 (r3-all-2018.csv.gz, md5 fd3487254ae01b22b999d6425fa62309)"
2018,MALDAH,MANIKCHAK,ENAYETPUR,"doi:10.7910/DVN/ZHF9WC datafile 10396546 (r3-all-2018.csv.gz, md5 fd3487254ae01b22b999d6425fa62309)"
2018,MALDAH,MANIKCHAK,GOPALPUR,"doi:10.7910/DVN/ZHF9WC datafile 10396546 (r3-all-2018.csv.gz, md5 fd3487254ae01b22b999d6425fa62309)"
2018,MALDAH,MANIKCHAK,HEERANANDAPUR,"doi:10.7910/DVN/ZHF9WC datafile 10396546 (r3-all-2018.csv.gz, md5 fd3487254ae01b22b999d6425fa62309)"
2018,MALDAH,MANIKCHAK,MANIKCHAK,"doi:10.7910/DVN/ZHF9WC datafile 10396546 (r3-all-2018.csv.gz, md5 fd3487254ae01b22b999d6425fa62309)"
2018,MALDAH,MANIKCHAK,MATHURAPUR,"doi:10.7910/DVN/ZHF9WC datafile 10396546 (r3-all-2018.csv.gz, md5 fd3487254ae01b22b999d6425fa62309)"
2018,MALDAH,MANIKCHAK,NAZEERPUR,"doi:10.7910/DVN/ZHF9WC datafile 10396546 (r3-all-2018.csv.gz, md5 fd3487254ae01b22b999d6425fa62309)"
2018,MALDAH,MANIKCHAK,NURPUR,"doi:10.7910/DVN/ZHF9WC datafile 10396546 (r3-all-2018.csv.gz, md5 fd3487254ae01b22b999d6425fa62309)"
2018,MALDAH,MANIKCHAK,UTTAR CHANDIPUR,"doi:10.7910/DVN/ZHF9WC datafile 10396546 (r3-all-2018.csv.gz, md5 fd3487254ae01b22b999d6425fa62309)"
2018,PURBA BARDHAMAN,MANTESWAR,BAGHASON,"doi:10.7910/DVN/ZHF9WC datafile 10396546 (r3-all-2018.csv.gz, md5 fd3487254ae01b22b999d6425fa62309)"
2018,PURBA BARDHAMAN,MANTESWAR,BAMUNPARA,"doi:10.7910/DVN/ZHF9WC datafile 10396546 (r3-all-2018.csv.gz, md5 fd3487254ae01b22b999d6425fa62309)"
2018,PURBA BARDHAMAN,MANTESWAR,BHAGRA MULGRAM,"doi:10.7910/DVN/ZHF9WC datafile 10396546 (r3-all-2018.csv.gz, md5 fd3487254ae01b22b999d6425fa62309)"
2018,PURBA BARDHAMAN,MANTESWAR,DENUR,"doi:10.7910/DVN/ZHF9WC datafile 10396546 (r3-all-2018.csv.gz, md5 fd3487254ae01b22b999d6425fa62309)"
2018,PURBA BARDHAMAN,MANTESWAR,JAMNA,"doi:10.7910/DVN/ZHF9WC datafile 10396546 (r3-all-2018.csv.gz, md5 fd3487254ae01b22b999d6425fa62309)"
2018,PURBA BARDHAMAN,MANTESWAR,KUSUMGRAM,"doi:10.7910/DVN/ZHF9WC datafile 10396546 (r3-all-2018.csv.gz, md5 fd3487254ae01b22b999d6425fa62309)"
2018,PURBA BARDHAMAN,MANTESWAR,MAJHERGRAM,"doi:10.7910/DVN/ZHF9WC datafile 10396546 (r3-all-2018.csv.gz, md5 fd3487254ae01b22b999d6425fa62309)"
2018,PURBA BARDHAMAN,MANTESWAR,MAMUDPUR-I,"doi:10.7910/DVN/ZHF9WC datafile 10396546 (r3-all-2018.csv.gz, md5 fd3487254ae01b22b999d6425fa62309)"
2018,PURBA BARDHAMAN,MANTESWAR,MAMUDPUR-II,"doi:10.7910/DVN/ZHF9WC datafile 10396546 (r3-all-2018.csv.gz, md5 fd3487254ae01b22b999d6425fa62309)"
2018,PURBA BARDHAMAN,MANTESWAR,MANTESWAR,"doi:10.7910/DVN/ZHF9WC datafile 10396546 (r3-all-2018.csv.gz, md5 fd3487254ae01b22b999d6425fa62309)"
2018,PURBA BARDHAMAN,MANTESWAR,PIPLON,"doi:10.7910/DVN/ZHF9WC datafile 10396546 (r3-all-2018.csv.gz, md5 fd3487254ae01b22b999d6425fa62309)"
2018,PURBA BARDHAMAN,MANTESWAR,PUTSURI,"doi:10.7910/DVN/ZHF9WC datafile 10396546 (r3-all-2018.csv.gz, md5 fd3487254ae01b22b999d6425fa62309)"
2018,PURBA BARDHAMAN,MANTESWAR,SUSUNIA,"doi:10.7910/DVN/ZHF9WC datafile 10396546 (r3-all-2018.csv.gz, md5 fd3487254ae01b22b999d6425fa62309)"
2018,COOCHBEHAR,MATHA BHANGA-II,ANGARKATA-PARDUBI,"doi:10.7910/DVN/ZHF9WC datafile 10396546 (r3-all-2018.csv.gz, md5 fd3487254ae01b22b999d6425fa62309)"
2018,COOCHBEHAR,MATHA BHANGA-II,BARASOULMARI,"doi:10.7910/DVN/ZHF9WC datafile 10396546 (r3-all-2018.csv.gz, md5 fd3487254ae01b22b999d6425fa62309)"
2018,COOCHBEHAR,MATHA BHANGA-II,FULBARI,"doi:10.7910/DVN/ZHF9WC datafile 10396546 (r3-all-2018.csv.gz, md5 fd3487254ae01b22b999d6425fa62309)"
2018,COOCHBEHAR,MATHA BHANGA-II,GHOKSARDANGA,"doi:10.7910/DVN/ZHF9WC datafile 10396546 (r3-all-2018.csv.gz, md5 fd3487254ae01b22b999d6425fa62309)"
2018,COOCHBEHAR,MATHA BHANGA-II,LATAPOTA,"doi:10.7910/DVN/ZHF9WC datafile 10396546 (r3-all-2018.csv.gz, md5 fd3487254ae01b22b999d6425fa62309)"
2018,COOCHBEHAR,MATHA BHANGA-II,NISHIGANJ-I,"doi:10.7910/DVN/ZHF9WC datafile 10396546 (r3-all-2018.csv.gz, md5 fd3487254ae01b22b999d6425fa62309)"
2018,COOCHBEHAR,MATHA BHANGA-II,NISHIGANJ-II,"doi:10.7910/DVN/ZHF9WC datafile 10396546 (r3-all-2018.csv.gz, md5 fd3487254ae01b22b999d6425fa62309)"
2018,COOCHBEHAR,MATHA BHANGA-II,PREMERDANGA,"doi:10.7910/DVN/ZHF9WC datafile 10396546 (r3-all-2018.csv.gz, md5 fd3487254ae01b22b999d6425fa62309)"
2018,COOCHBEHAR,MATHA BHANGA-II,RUIDANGA,"doi:10.7910/DVN/ZHF9WC datafile 10396546 (r3-all-2018.csv.gz, md5 fd3487254ae01b22b999d6425fa62309)"
2018,COOCHBEHAR,MATHA BHANGA-II,UNISHBISHA,"doi:10.7910/DVN/ZHF9WC datafile 10396546 (r3-all-2018.csv.gz, md5 fd3487254ae01b22b999d6425fa62309)"
2018,COOCHBEHAR,MATHABHANGA-I,BAIRAGIRHAT,"doi:10.7910/DVN/ZHF9WC datafile 10396546 (r3-all-2018.csv.gz, md5 fd3487254ae01b22b999d6425fa62309)"
2018,COOCHBEHAR,MATHABHANGA-I,GOPALPUR,"doi:10.7910/DVN/ZHF9WC datafile 10396546 (r3-all-2018.csv.gz, md5 fd3487254ae01b22b999d6425fa62309)"
2018,COOCHBEHAR,MATHABHANGA-I,HAZRAHAT-I,"doi:10.7910/DVN/ZHF9WC datafile 10396546 (r3-all-2018.csv.gz, md5 fd3487254ae01b22b999d6425fa62309)"
2018,COOCHBEHAR,MATHABHANGA-I,HAZRAHAT-II,"doi:10.7910/DVN/ZHF9WC datafile 10396546 (r3-all-2018.csv.gz, md5 fd3487254ae01b22b999d6425fa62309)"
2018,COOCHBEHAR,MATHABHANGA-I,JORPATKI,"doi:10.7910/DVN/ZHF9WC datafile 10396546 (r3-all-2018.csv.gz, md5 fd3487254ae01b22b999d6425fa62309)"
2018,COOCHBEHAR,MATHABHANGA-I,KEDARHAT,"doi:10.7910/DVN/ZHF9WC datafile 10396546 (r3-all-2018.csv.gz, md5 fd3487254ae01b22b999d6425fa62309)"
2018,COOCHBEHAR,MATHABHANGA-I,KURSAMARI,"doi:10.7910/DVN/ZHF9WC datafile 10396546 (r3-all-2018.csv.gz, md5 fd3487254ae01b22b999d6425fa62309)"
2018,COOCHBEHAR,MATHABHANGA-I,NAYARHAT,"doi:10.7910/DVN/ZHF9WC datafile 10396546 (r3-all-2018.csv.gz, md5 fd3487254ae01b22b999d6425fa62309)"
2018,COOCHBEHAR,MATHABHANGA-I,PACHAGARH,"doi:10.7910/DVN/ZHF9WC datafile 10396546 (r3-all-2018.csv.gz, md5 fd3487254ae01b22b999d6425fa62309)"
2018,COOCHBEHAR,MATHABHANGA-I,SHIKARPUR,"doi:10.7910/DVN/ZHF9WC datafile 10396546 (r3-all-2018.csv.gz, md5 fd3487254ae01b22b999d6425fa62309)"
2018,24 PARGANAS SOUTH,MATHURAPUR I,ABAD BHAGAWANPUR,"doi:10.7910/DVN/ZHF9WC datafile 10396546 (r3-all-2018.csv.gz, md5 fd3487254ae01b22b999d6425fa62309)"
2018,24 PARGANAS SOUTH,MATHURAPUR I,DAKSHIN LAKSHMINARAYANPUR,"doi:10.7910/DVN/ZHF9WC datafile 10396546 (r3-all-2018.csv.gz, md5 fd3487254ae01b22b999d6425fa62309)"
2018,24 PARGANAS SOUTH,MATHURAPUR I,DEBIPUR,"doi:10.7910/DVN/ZHF9WC datafile 10396546 (r3-all-2018.csv.gz, md5 fd3487254ae01b22b999d6425fa62309)"
2018,24 PARGANAS SOUTH,MATHURAPUR I,KRISHNACHANDRAPUR,"doi:10.7910/DVN/ZHF9WC datafile 10396546 (r3-all-2018.csv.gz, md5 fd3487254ae01b22b999d6425fa62309)"
2018,24 PARGANAS SOUTH,MATHURAPUR I,LALPUR,"doi:10.7910/DVN/ZHF9WC datafile 10396546 (r3-all-2018.csv.gz, md5 fd3487254ae01b22b999d6425fa62309)"
2018,24 PARGANAS SOUTH,MATHURAPUR I,MATHURAPUR PASCHIM,"doi:10.7910/DVN/ZHF9WC datafile 10396546 (r3-all-2018.csv.gz, md5 fd3487254ae01b22b999d6425fa62309)"
2018,24 PARGANAS SOUTH,MATHURAPUR I,MATHURAPUR PURBA,"doi:10.7910/DVN/ZHF9WC datafile 10396546 (r3-all-2018.csv.gz, md5 fd3487254ae01b22b999d6425fa62309)"
2018,24 PARGANAS SOUTH,MATHURAPUR I,NALUA,"doi:10.7910/DVN/ZHF9WC datafile 10396546 (r3-all-2018.csv.gz, md5 fd3487254ae01b22b999d6425fa62309)"
2018,24 PARGANAS SOUTH,MATHURAPUR I,SHANKARPUR,"doi:10.7910/DVN/ZHF9WC datafile 10396546 (r3-all-2018.csv.gz, md5 fd3487254ae01b22b999d6425fa62309)"
2018,24 PARGANAS SOUTH,MATHURAPUR I,UTTAR LAKSHMINARAYANPUR,"doi:10.7910/DVN/ZHF9WC datafile 10396546 (r3-all-2018.csv.gz, md5 fd3487254ae01b22b999d6425fa62309)"
2018,24 PARGANAS SOUTH,MATHURAPUR-II,DIGHIRPAR-BAKULTALA,"doi:10.7910/DVN/ZHF9WC datafile 10396546 (r3-all-2018.csv.gz, md5 fd3487254ae01b22b999d6425fa62309)"
2018,24 PARGANAS SOUTH,MATHURAPUR-II,GILARCHHAT,"doi:10.7910/DVN/ZHF9WC datafile 10396546 (r3-all-2018.csv.gz, md5 fd3487254ae01b22b999d6425fa62309)"
2018,24 PARGANAS SOUTH,MATHURAPUR-II,KANKANDIGHI,"doi:10.7910/DVN/ZHF9WC datafile 10396546 (r3-all-2018.csv.gz, md5 fd3487254ae01b22b999d6425fa62309)"
2018,24 PARGANAS SOUTH,MATHURAPUR-II,KASINAGAR,"doi:10.7910/DVN/ZHF9WC datafile 10396546 (r3-all-2018.csv.gz, md5 fd3487254ae01b22b999d6425fa62309)"
2018,24 PARGANAS SOUTH,MATHURAPUR-II,KAUTALA,"doi:10.7910/DVN/ZHF9WC datafile 10396546 (r3-all-2018.csv.gz, md5 fd3487254ae01b22b999d6425fa62309)"
2018,24 PARGANAS SOUTH,MATHURAPUR-II,KHARI,"doi:10.7910/DVN/ZHF9WC datafile 10396546 (r3-all-2018.csv.gz, md5 fd3487254ae01b22b999d6425fa62309)"
2018,24 PARGANAS SOUTH,MATHURAPUR-II,KUMRAPARA,"doi:10.7910/DVN/ZHF9WC datafile 10396546 (r3-all-2018.csv.gz, md5 fd3487254ae01b22b999d6425fa62309)"
2018,24 PARGANAS SOUTH,MATHURAPUR-II,NAGENDRAPUR,"doi:10.7910/DVN/ZHF9WC datafile 10396546 (r3-all-2018.csv.gz, md5 fd3487254ae01b22b999d6425fa62309)"
2018,24 PARGANAS SOUTH,MATHURAPUR-II,NANDAKUMARPUR,"doi:10.7910/DVN/ZHF9WC datafile 10396546 (r3-all-2018.csv.gz, md5 fd3487254ae01b22b999d6425fa62309)"
2018,24 PARGANAS SOUTH,MATHURAPUR-II,RADHAKANTAPUR,"doi:10.7910/DVN/ZHF9WC datafile 10396546 (r3-all-2018.csv.gz, md5 fd3487254ae01b22b999d6425fa62309)"
2018,24 PARGANAS SOUTH,MATHURAPUR-II,RAIDIGHI,"doi:10.7910/DVN/ZHF9WC datafile 10396546 (r3-all-2018.csv.gz, md5 fd3487254ae01b22b999d6425fa62309)"
2018,JALPAIGURI,MATIALI,BIDHANNAGAR,"doi:10.7910/DVN/ZHF9WC datafile 10396546 (r3-all-2018.csv.gz, md5 fd3487254ae01b22b999d6425fa62309)"
2018,JALPAIGURI,MATIALI,INDONG-MATIALI,"doi:10.7910/DVN/ZHF9WC datafile 10396546 (r3-all-2018.csv.gz, md5 fd3487254ae01b22b999d6425fa62309)"
2018,JALPAIGURI,MATIALI,MATIALI HAT,"doi:10.7910/DVN/ZHF9WC datafile 10396546 (r3-all-2018.csv.gz, md5 fd3487254ae01b22b999d6425fa62309)"
2018,JALPAIGURI,MATIALI,MATIALI-BATABARI-I,"doi:10.7910/DVN/ZHF9WC datafile 10396546 (r3-all-2018.csv.gz, md5 fd3487254ae01b22b999d6425fa62309)"
2018,JALPAIGURI,MATIALI,MATIALI-BATABARI-II,"doi:10.7910/DVN/ZHF9WC datafile 10396546 (r3-all-2018.csv.gz, md5 fd3487254ae01b22b999d6425fa62309)"
2018,JALPAIGURI,MAYNAGURI,AMGURI,"doi:10.7910/DVN/ZHF9WC datafile 10396546 (r3-all-2018.csv.gz, md5 fd3487254ae01b22b999d6425fa62309)"
2018,JALPAIGURI,MAYNAGURI,BARNIS,"doi:10.7910/DVN/ZHF9WC datafile 10396546 (r3-all-2018.csv.gz, md5 fd3487254ae01b22b999d6425fa62309)"
2018,JALPAIGURI,MAYNAGURI,CHURABHANDAR,"doi:10.7910/DVN/ZHF9WC datafile 10396546 (r3-all-2018.csv.gz, md5 fd3487254ae01b22b999d6425fa62309)"
2018,JALPAIGURI,MAYNAGURI,DHARMAPUR,"doi:10.7910/DVN/ZHF9WC datafile 10396546 (r3-all-2018.csv.gz, md5 fd3487254ae01b22b999d6425fa62309)"
2018,JALPAIGURI,MAYNAGURI,DOMOHONI-I,"doi:10.7910/DVN/ZHF9WC datafile 10396546 (r3-all-2018.csv.gz, md5 fd3487254ae01b22b999d6425fa62309)"
2018,JALPAIGURI,MAYNAGURI,DOMOHONI-II,"doi:10.7910/DVN/ZHF9WC datafile 10396546 (r3-all-2018.csv.gz, md5 fd3487254ae01b22b999d6425fa62309)"
2018,JALPAIGURI,MAYNAGURI,KHAGRABARI-I,"doi:10.7910/DVN/ZHF9WC datafile 10396546 (r3-all-2018.csv.gz, md5 fd3487254ae01b22b999d6425fa62309)"
2018,JALPAIGURI,MAYNAGURI,KHAGRABARI-II,"doi:10.7910/DVN/ZHF9WC datafile 10396546 (r3-all-2018.csv.gz, md5 fd3487254ae01b22b999d6425fa62309)"
2018,JALPAIGURI,MAYNAGURI,MADHABDANGA-I,"doi:10.7910/DVN/ZHF9WC datafile 10396546 (r3-all-2018.csv.gz, md5 fd3487254ae01b22b999d6425fa62309)"
2018,JALPAIGURI,MAYNAGURI,MADHABDANGA-II,"doi:10.7910/DVN/ZHF9WC datafile 10396546 (r3-all-2018.csv.gz, md5 fd3487254ae01b22b999d6425fa62309)"
2018,JALPAIGURI,MAYNAGURI,MAYNAGURI,"doi:10.7910/DVN/ZHF9WC datafile 10396546 (r3-all-2018.csv.gz, md5 fd3487254ae01b22b999d6425fa62309)"
2018,JALPAIGURI,MAYNAGURI,PADAMOTI-I,"doi:10.7910/DVN/ZHF9WC datafile 10396546 (r3-all-2018.csv.gz, md5 fd3487254ae01b22b999d6425fa62309)"
2018,JALPAIGURI,MAYNAGURI,PADAMOTI-II,"doi:10.7910/DVN/ZHF9WC datafile 10396546 (r3-all-2018.csv.gz, md5 fd3487254ae01b22b999d6425fa62309)"
2018,JALPAIGURI,MAYNAGURI,RAMSHAI,"doi:10.7910/DVN/ZHF9WC datafile 10396546 (r3-all-2018.csv.gz, md5 fd3487254ae01b22b999d6425fa62309)"
2018,JALPAIGURI,MAYNAGURI,SAPTIBARI-I,"doi:10.7910/DVN/ZHF9WC datafile 10396546 (r3-all-2018.csv.gz, md5 fd3487254ae01b22b999d6425fa62309)"
2018,JALPAIGURI,MAYNAGURI,SAPTIBARI-II,"doi:10.7910/DVN/ZHF9WC datafile 10396546 (r3-all-2018.csv.gz, md5 fd3487254ae01b22b999d6425fa62309)"
2018,BIRBHUM,MAYURESWAR-I,BAJITPUR,"doi:10.7910/DVN/ZHF9WC datafile 10396546 (r3-all-2018.csv.gz, md5 fd3487254ae01b22b999d6425fa62309)"
2018,BIRBHUM,MAYURESWAR-I,BARATURIGRAM,"doi:10.7910/DVN/ZHF9WC datafile 10396546 (r3-all-2018.csv.gz, md5 fd3487254ae01b22b999d6425fa62309)"
2018,BIRBHUM,MAYURESWAR-I,DABUK,"doi:10.7910/DVN/ZHF9WC datafile 10396546 (r3-all-2018.csv.gz, md5 fd3487254ae01b22b999d6425fa62309)"
2018,BIRBHUM,MAYURESWAR-I,DAKSHINGRAM,"doi:10.7910/DVN/ZHF9WC datafile 10396546 (r3-all-2018.csv.gz, md5 fd3487254ae01b22b999d6425fa62309)"
2018,BIRBHUM,MAYURESWAR-I,JHIKODDA,"doi:10.7910/DVN/ZHF9WC datafile 10396546 (r3-all-2018.csv.gz, md5 fd3487254ae01b22b999d6425fa62309)"
2018,BIRBHUM,MAYURESWAR-I,KANACHI,"doi:10.7910/DVN/ZHF9WC datafile 10396546 (r3-all-2018.csv.gz, md5 fd3487254ae01b22b999d6425fa62309)"
2018,BIRBHUM,MAYURESWAR-I,MOLLARPUR-I,"doi:10.7910/DVN/ZHF9WC datafile 10396546 (r3-all-2018.csv.gz, md5 fd3487254ae01b22b999d6425fa62309)"
2018,BIRBHUM,MAYURESWAR-I,MOLLARPUR-II,"doi:10.7910/DVN/ZHF9WC datafile 10396546 (r3-all-2018.csv.gz, md5 fd3487254ae01b22b999d6425fa62309)"
2018,BIRBHUM,MAYURESWAR-I,TALOWAN,"doi:10.7910/DVN/ZHF9WC datafile 10396546 (r3-all-2018.csv.gz, md5 fd3487254ae01b22b999d6425fa62309)"
2018,BIRBHUM,MAYURESWAR-II,DASPALSA,"doi:10.7910/DVN/ZHF9WC datafile 10396546 (r3-all-2018.csv.gz, md5 fd3487254ae01b22b999d6425fa62309)"
2018,BIRBHUM,MAYURESWAR-II,DHEKA,"doi:10.7910/DVN/ZHF9WC datafile 10396546 (r3-all-2018.csv.gz, md5 fd3487254ae01b22b999d6425fa62309)"
2018,BIRBHUM,MAYURESWAR-II,KALESWAR,"doi:10.7910/DVN/ZHF9WC datafile 10396546 (r3-all-2018.csv.gz, md5 fd3487254ae01b22b999d6425fa62309)"
2018,BIRBHUM,MAYURESWAR-II,KUNDOLA,"doi:10.7910/DVN/ZHF9WC datafile 10396546 (r3-all-2018.csv.gz, md5 fd3487254ae01b22b999d6425fa62309)"
2018,BIRBHUM,MAYURESWAR-II,MAYURESWAR,"doi:10.7910/DVN/ZHF9WC datafile 10396546 (r3-all-2018.csv.gz, md5 fd3487254ae01b22b999d6425fa62309)"
2018,BIRBHUM,MAYURESWAR-II,SATPALSA,"doi:10.7910/DVN/ZHF9WC datafile 10396546 (r3-all-2018.csv.gz, md5 fd3487254ae01b22b999d6425fa62309)"
2018,BIRBHUM,MAYURESWAR-II,ULKUNDA,"doi:10.7910/DVN/ZHF9WC datafile 10396546 (r3-all-2018.csv.gz, md5 fd3487254ae01b22b999d6425fa62309)"
2018,BANKURA,MEJHIA,ARDHAGRAM,"doi:10.7910/DVN/ZHF9WC datafile 10396546 (r3-all-2018.csv.gz, md5 fd3487254ae01b22b999d6425fa62309)"
2018,BANKURA,MEJHIA,BANJORA,"doi:10.7910/DVN/ZHF9WC datafile 10396546 (r3-all-2018.csv.gz, md5 fd3487254ae01b22b999d6425fa62309)"
2018,BANKURA,MEJHIA,KUSHTOR,"doi:10.7910/DVN/ZHF9WC datafile 10396546 (r3-all-2018.csv.gz, md5 fd3487254ae01b22b999d6425fa62309)"
2018,BANKURA,MEJHIA,MEJIA,"doi:10.7910/DVN/ZHF9WC datafile 10396546 (r3-all-2018.csv.gz, md5 fd3487254ae01b22b999d6425fa62309)"
2018,BANKURA,MEJHIA,RAMCHANDRAPUR,"doi:10.7910/DVN/ZHF9WC datafile 10396546 (r3-all-2018.csv.gz, md5 fd3487254ae01b22b999d6425fa62309)"
2018,COOCHBEHAR,MEKLIGANJ,BAGDOGRA-FULKADABRI,"doi:10.7910/DVN/ZHF9WC datafile 10396546 (r3-all-2018.csv.gz, md5 fd3487254ae01b22b999d6425fa62309)"
2018,COOCHBEHAR,MEKLIGANJ,BHOTBARI,"doi:10.7910/DVN/ZHF9WC datafile 10396546 (r3-all-2018.csv.gz, md5 fd3487254ae01b22b999d6425fa62309)"
2018,COOCHBEHAR,MEKLIGANJ,CHANGRABANDHA,"doi:10.7910/DVN/ZHF9WC datafile 10396546 (r3-all-2018.csv.gz, md5 fd3487254ae01b22b999d6425fa62309)"
2018,COOCHBEHAR,MEKLIGANJ,JAMALDAHA,"doi:10.7910/DVN/ZHF9WC datafile 10396546 (r3-all-2018.csv.gz, md5 fd3487254ae01b22b999d6425fa62309)"
2018,COOCHBEHAR,MEKLIGANJ,KUCHLIBARI,"doi:10.7910/DVN/ZHF9WC datafile 10396546 (r3-all-2018.csv.gz, md5 fd3487254ae01b22b999d6425fa62309)"
2018,COOCHBEHAR,MEKLIGANJ,NIZTAROF,"doi:10.7910/DVN/ZHF9WC datafile 10396546 (r3-all-2018.csv.gz, md5 fd3487254ae01b22b999d6425fa62309)"
2018,COOCHBEHAR,MEKLIGANJ,RANIRHAT,"doi:10.7910/DVN/ZHF9WC datafile 10396546 (r3-all-2018.csv.gz, md5 fd3487254ae01b22b999d6425fa62309)"
2018,COOCHBEHAR,MEKLIGANJ,UCHALPUKURI,"doi:10.7910/DVN/ZHF9WC datafile 10396546 (r3-all-2018.csv.gz, md5 fd3487254ae01b22b999d6425fa62309)"
2018,PURBA BARDHAMAN,MEMARI-I,AMADPUR,"doi:10.7910/DVN/ZHF9WC datafile 10396546 (r3-all-2018.csv.gz, md5 fd3487254ae01b22b999d6425fa62309)"
2018,PURBA BARDHAMAN,MEMARI-I,BAGILA,"doi:10.7910/DVN/ZHF9WC datafile 10396546 (r3-all-2018.csv.gz, md5 fd3487254ae01b22b999d6425fa62309)"
2018,PURBA BARDHAMAN,MEMARI-I,DALUIBAZAR-I,"doi:10.7910/DVN/ZHF9WC datafile 10396546 (r3-all-2018.csv.gz, md5 fd3487254ae01b22b999d6425fa62309)"
2018,PURBA BARDHAMAN,MEMARI-I,DALUIBAZAR-II,"doi:10.7910/DVN/ZHF9WC datafile 10396546 (r3-all-2018.csv.gz, md5 fd3487254ae01b22b999d6425fa62309)"
2018,PURBA BARDHAMAN,MEMARI-I,DEBIPUR,"doi:10.7910/DVN/ZHF9WC datafile 10396546 (r3-all-2018.csv.gz, md5 fd3487254ae01b22b999d6425fa62309)"
2018,PURBA BARDHAMAN,MEMARI-I,DURGAPUR,"doi:10.7910/DVN/ZHF9WC datafile 10396546 (r3-all-2018.csv.gz, md5 fd3487254ae01b22b999d6425fa62309)"
2018,PURBA BARDHAMAN,MEMARI-I,GOPE-GANTAR-I,"doi:10.7910/DVN/ZHF9WC datafile 10396546 (r3-all-2018.csv.gz, md5 fd3487254ae01b22b999d6425fa62309)"
2018,PURBA BARDHAMAN,MEMARI-I,GOPE-GANTAR-II,"doi:10.7910/DVN/ZHF9WC datafile 10396546 (r3-all-2018.csv.gz, md5 fd3487254ae01b22b999d6425fa62309)"
2018,PURBA BARDHAMAN,MEMARI-I,NIMO-I,"doi:10.7910/DVN/ZHF9WC datafile 10396546 (r3-all-2018.csv.gz, md5 fd3487254ae01b22b999d6425fa62309)"
2018,PURBA BARDHAMAN,MEMARI-I,NIMO-II,"doi:10.7910/DVN/ZHF9WC datafile 10396546 (r3-all-2018.csv.gz, md5 fd3487254ae01b22b999d6425fa62309)"
2018,PURBA BARDHAMAN,MEMARI-II,BARAPALASHAN-I,"doi:10.7910/DVN/ZHF9WC datafile 10396546 (r3-all-2018.csv.gz, md5 fd3487254ae01b22b999d6425fa62309)"
2018,PURBA BARDHAMAN,MEMARI-II,BARAPALASHAN-II,"doi:10.7910/DVN/ZHF9WC datafile 10396546 (r3-all-2018.csv.gz, md5 fd3487254ae01b22b999d6425fa62309)"
2018,PURBA BARDHAMAN,MEMARI-II,BIJUR-I,"doi:10.7910/DVN/ZHF9WC datafile 10396546 (r3-all-2018.csv.gz, md5 fd3487254ae01b22b999d6425fa62309)"
2018,PURBA BARDHAMAN,MEMARI-II,BIJUR-II,"doi:10.7910/DVN/ZHF9WC datafile 10396546 (r3-all-2018.csv.gz, md5 fd3487254ae01b22b999d6425fa62309)"
2018,PURBA BARDHAMAN,MEMARI-II,BOHAR-I,"doi:10.7910/DVN/ZHF9WC datafile 10396546 (r3-all-2018.csv.gz, md5 fd3487254ae01b22b999d6425fa62309)"
2018,PURBA BARDHAMAN,MEMARI-II,BOHAR-II,"doi:10.7910/DVN/ZHF9WC datafile 10396546 (r3-all-2018.csv.gz, md5 fd3487254ae01b22b999d6425fa62309)"
2018,PURBA BARDHAMAN,MEMARI-II,KUCHUT,"doi:10.7910/DVN/ZHF9WC datafile 10396546 (r3-all-2018.csv.gz, md5 fd3487254ae01b22b999d6425fa62309)"
2018,PURBA BARDHAMAN,MEMARI-II,SATGACHIA-I,"doi:10.7910/DVN/ZHF9WC datafile 10396546 (r3-all-2018.csv.gz, md5 fd3487254ae01b22b999d6425fa62309)"
2018,PURBA BARDHAMAN,MEMARI-II,SATGACHIA-II,"doi:10.7910/DVN/ZHF9WC datafile 10396546 (r3-all-2018.csv.gz, md5 fd3487254ae01b22b999d6425fa62309)"
2018,PASCHIM MEDINIPUR,MIDNAPORE,BANPURA,"doi:10.7910/DVN/ZHF9WC datafile 10396546 (r3-all-2018.csv.gz, md5 fd3487254ae01b22b999d6425fa62309)"
2018,PASCHIM MEDINIPUR,MIDNAPORE,CHANDRA,"doi:10.7910/DVN/ZHF9WC datafile 10396546 (r3-all-2018.csv.gz, md5 fd3487254ae01b22b999d6425fa62309)"
2018,PASCHIM MEDINIPUR,MIDNAPORE,DHERUA,"doi:10.7910/DVN/ZHF9WC datafile 10396546 (r3-all-2018.csv.gz, md5 fd3487254ae01b22b999d6425fa62309)"
2018,PASCHIM MEDINIPUR,MIDNAPORE,MONIDAHA,"doi:10.7910/DVN/ZHF9WC datafile 10396546 (r3-all-2018.csv.gz, md5 fd3487254ae01b22b999d6425fa62309)"
2018,PASCHIM MEDINIPUR,MIDNAPORE,PANCHKHURI-I,"doi:10.7910/DVN/ZHF9WC datafile 10396546 (r3-all-2018.csv.gz, md5 fd3487254ae01b22b999d6425fa62309)"
2018,PASCHIM MEDINIPUR,MIDNAPORE,PANCHKHURI-II,"doi:10.7910/DVN/ZHF9WC datafile 10396546 (r3-all-2018.csv.gz, md5 fd3487254ae01b22b999d6425fa62309)"
2018,PASCHIM MEDINIPUR,MIDNAPORE,PATHRA,"doi:10.7910/DVN/ZHF9WC datafile 10396546 (r3-all-2018.csv.gz, md5 fd3487254ae01b22b999d6425fa62309)"
2018,PASCHIM MEDINIPUR,MIDNAPORE,SHIROMONI,"doi:10.7910/DVN/ZHF9WC datafile 10396546 (r3-all-2018.csv.gz, md5 fd3487254ae01b22b999d6425fa62309)"
2018,PASCHIM MEDINIPUR,MIDNAPORE,TANTIGERIA,"doi:10.7910/DVN/ZHF9WC datafile 10396546 (r3-all-2018.csv.gz, md5 fd3487254ae01b22b999d6425fa62309)"
2018,24 PARGANAS (NORTH),MINAKHA,ATPUKUR,"doi:10.7910/DVN/ZHF9WC datafile 10396546 (r3-all-2018.csv.gz, md5 fd3487254ae01b22b999d6425fa62309)"
2018,24 PARGANAS (NORTH),MINAKHA,BAMANPUKUR,"doi:10.7910/DVN/ZHF9WC datafile 10396546 (r3-all-2018.csv.gz, md5 fd3487254ae01b22b999d6425fa62309)"
2018,24 PARGANAS (NORTH),MINAKHA,CHAITAL,"doi:10.7910/DVN/ZHF9WC datafile 10396546 (r3-all-2018.csv.gz, md5 fd3487254ae01b22b999d6425fa62309)"
2018,24 PARGANAS (NORTH),MINAKHA,CHAMPALI,"doi:10.7910/DVN/ZHF9WC datafile 10396546 (r3-all-2018.csv.gz, md5 fd3487254ae01b22b999d6425fa62309)"
2018,24 PARGANAS (NORTH),MINAKHA,DHUTURDAHA,"doi:10.7910/DVN/ZHF9WC datafile 10396546 (r3-all-2018.csv.gz, md5 fd3487254ae01b22b999d6425fa62309)"
2018,24 PARGANAS (NORTH),MINAKHA,KUMARJOLE,"doi:10.7910/DVN/ZHF9WC datafile 10396546 (r3-all-2018.csv.gz, md5 fd3487254ae01b22b999d6425fa62309)"
2018,24 PARGANAS (NORTH),MINAKHA,MINAKHAN,"doi:10.7910/DVN/ZHF9WC datafile 10396546 (r3-all-2018.csv.gz, md5 fd3487254ae01b22b999d6425fa62309)"
2018,24 PARGANAS (NORTH),MINAKHA,MOHANPUR,"doi:10.7910/DVN/ZHF9WC datafile 10396546 (r3-all-2018.csv.gz, md5 fd3487254ae01b22b999d6425fa62309)"
2018,Darjeeling Gorkha Hill Council (DGHC),MIRIK,CHENGA PANIGHATA,"doi:10.7910/DVN/ZHF9WC datafile 10396546 (r3-all-2018.csv.gz, md5 fd3487254ae01b22b999d6425fa62309)"
2018,Darjeeling Gorkha Hill Council (DGHC),MIRIK,DUPTIN,"doi:10.7910/DVN/ZHF9WC datafile 10396546 (r3-all-2018.csv.gz, md5 fd3487254ae01b22b999d6425fa62309)"
2018,Darjeeling Gorkha Hill Council (DGHC),MIRIK,PAHELIGAON SCHOOL DARA-I,"doi:10.7910/DVN/ZHF9WC datafile 10396546 (r3-all-2018.csv.gz, md5 fd3487254ae01b22b999d6425fa62309)"
2018,Darjeeling Gorkha Hill Council (DGHC),MIRIK,PAHELIGAON SCHOOL DARA-II,"doi:10.7910/DVN/ZHF9WC datafile 10396546 (r3-all-2018.csv.gz, md5 fd3487254ae01b22b999d6425fa62309)"
2018,Darjeeling Gorkha Hill Council (DGHC),MIRIK,SOURENI-I,"doi:10.7910/DVN/ZHF9WC datafile 10396546 (r3-all-2018.csv.gz, md5 fd3487254ae01b22b999d6425fa62309)"
2018,Darjeeling Gorkha Hill Council (DGHC),MIRIK,SOURENI-II,"doi:10.7910/DVN/ZHF9WC datafile 10396546 (r3-all-2018.csv.gz, md5 fd3487254ae01b22b999d6425fa62309)"
2018,BIRBHUM,MOHAMMAD BAZAR,ANGARGARIA,"doi:10.7910/DVN/ZHF9WC datafile 10396546 (r3-all-2018.csv.gz, md5 fd3487254ae01b22b999d6425fa62309)"
2018,BIRBHUM,MOHAMMAD BAZAR,BHARKATA,"doi:10.7910/DVN/ZHF9WC datafile 10396546 (r3-all-2018.csv.gz, md5 fd3487254ae01b22b999d6425fa62309)"
2018,BIRBHUM,MOHAMMAD BAZAR,BHUTURA,"doi:10.7910/DVN/ZHF9WC datafile 10396546 (r3-all-2018.csv.gz, md5 fd3487254ae01b22b999d6425fa62309)"
2018,BIRBHUM,MOHAMMAD BAZAR,CHARICHA,"doi:10.7910/DVN/ZHF9WC datafile 10396546 (r3-all-2018.csv.gz, md5 fd3487254ae01b22b999d6425fa62309)"
2018,BIRBHUM,MOHAMMAD BAZAR,DEUCHA,"doi:10.7910/DVN/ZHF9WC datafile 10396546 (r3-all-2018.csv.gz, md5 fd3487254ae01b22b999d6425fa62309)"
2018,BIRBHUM,MOHAMMAD BAZAR,GONPUR,"doi:10.7910/DVN/ZHF9WC datafile 10396546 (r3-all-2018.csv.gz, md5 fd3487254ae01b22b999d6425fa62309)"
2018,BIRBHUM,MOHAMMAD BAZAR,HINGLOW,"doi:10.7910/DVN/ZHF9WC datafile 10396546 (r3-all-2018.csv.gz, md5 fd3487254ae01b22b999d6425fa62309)"
2018,BIRBHUM,MOHAMMAD BAZAR,KAPISTA,"doi:10.7910/DVN/ZHF9WC datafile 10396546 (r3-all-2018.csv.gz, md5 fd3487254ae01b22b999d6425fa62309)"
2018,BIRBHUM,MOHAMMAD BAZAR,MAHAMADBAZAR,"doi:10.7910/DVN/ZHF9WC datafile 10396546 (r3-all-2018.csv.gz, md5 fd3487254ae01b22b999d6425fa62309)"
2018,BIRBHUM,MOHAMMAD BAZAR,PURANAGRAM,"doi:10.7910/DVN/ZHF9WC datafile 10396546 (r3-all-2018.csv.gz, md5 fd3487254ae01b22b999d6425fa62309)"
2018,BIRBHUM,MOHAMMAD BAZAR,RAMPUR,"doi:10.7910/DVN/ZHF9WC datafile 10396546 (r3-all-2018.csv.gz, md5 fd3487254ae01b22b999d6425fa62309)"
2018,BIRBHUM,MOHAMMAD BAZAR,SEKEDDA,"doi:10.7910/DVN/ZHF9WC datafile 10396546 (r3-all-2018.csv.gz, md5 fd3487254ae01b22b999d6425fa62309)"
2018,PASCHIM MEDINIPUR,MOHANPUR,MOHANPUR,"doi:10.7910/DVN/ZHF9WC datafile 10396546 (r3-all-2018.csv.gz, md5 fd3487254ae01b22b999d6425fa62309)"
2018,PASCHIM MEDINIPUR,MOHANPUR,NEELDA,"doi:10.7910/DVN/ZHF9WC datafile 10396546 (r3-all-2018.csv.gz, md5 fd3487254ae01b22b999d6425fa62309)"
2018,PASCHIM MEDINIPUR,MOHANPUR,SAUTIA,"doi:10.7910/DVN/ZHF9WC datafile 10396546 (r3-all-2018.csv.gz, md5 fd3487254ae01b22b999d6425fa62309)"
2018,PASCHIM MEDINIPUR,MOHANPUR,SHIALSAI,"doi:10.7910/DVN/ZHF9WC datafile 10396546 (r3-all-2018.csv.gz, md5 fd3487254ae01b22b999d6425fa62309)"
2018,PASCHIM MEDINIPUR,MOHANPUR,TANUA,"doi:10.7910/DVN/ZHF9WC datafile 10396546 (r3-all-2018.csv.gz, md5 fd3487254ae01b22b999d6425fa62309)"
2018,PURBA BARDHAMAN,MONGOLKOTE,BHALUGRAM,"doi:10.7910/DVN/ZHF9WC datafile 10396546 (r3-all-2018.csv.gz, md5 fd3487254ae01b22b999d6425fa62309)"
2018,PURBA BARDHAMAN,MONGOLKOTE,CHANAK,"doi:10.7910/DVN/ZHF9WC datafile 10396546 (r3-all-2018.csv.gz, md5 fd3487254ae01b22b999d6425fa62309)"
2018,PURBA BARDHAMAN,MONGOLKOTE,GOTISTHA,"doi:10.7910/DVN/ZHF9WC datafile 10396546 (r3-all-2018.csv.gz, md5 fd3487254ae01b22b999d6425fa62309)"
2018,PURBA BARDHAMAN,MONGOLKOTE,JHILOO-I,"doi:10.7910/DVN/ZHF9WC datafile 10396546 (r3-all-2018.csv.gz, md5 fd3487254ae01b22b999d6425fa62309)"
2018,PURBA BARDHAMAN,MONGOLKOTE,JHILOO-II,"doi:10.7910/DVN/ZHF9WC datafile 10396546 (r3-all-2018.csv.gz, md5 fd3487254ae01b22b999d6425fa62309)"
2018,PURBA BARDHAMAN,MONGOLKOTE,KAICHAR-I,"doi:10.7910/DVN/ZHF9WC datafile 10396546 (r3-all-2018.csv.gz, md5 fd3487254ae01b22b999d6425fa62309)"
2018,PURBA BARDHAMAN,MONGOLKOTE,KAICHAR-II,"doi:10.7910/DVN/ZHF9WC datafile 10396546 (r3-all-2018.csv.gz, md5 fd3487254ae01b22b999d6425fa62309)"
2018,PURBA BARDHAMAN,MONGOLKOTE,KSHIROGRAM,"doi:10.7910/DVN/ZHF9WC datafile 10396546 (r3-all-2018.csv.gz, md5 fd3487254ae01b22b999d6425fa62309)"
2018,PURBA BARDHAMAN,MONGOLKOTE,LAKHURIA,"doi:10.7910/DVN/ZHF9WC datafile 10396546 (r3-all-2018.csv.gz, md5 fd3487254ae01b22b999d6425fa62309)"
2018,PURBA BARDHAMAN,MONGOLKOTE,MAJHIGRAM,"doi:10.7910/DVN/ZHF9WC datafile 10396546 (r3-all-2018.csv.gz, md5 fd3487254ae01b22b999d6425fa62309)"
2018,PURBA BARDHAMAN,MONGOLKOTE,MONGOLKOTE,"doi:10.7910/DVN/ZHF9WC datafile 10396546 (r3-all-2018.csv.gz, md5 fd3487254ae01b22b999d6425fa62309)"
2018,PURBA BARDHAMAN,MONGOLKOTE,NIGON,"doi:10.7910/DVN/ZHF9WC datafile 10396546 (r3-all-2018.csv.gz, md5 fd3487254ae01b22b999d6425fa62309)"
2018,PURBA BARDHAMAN,MONGOLKOTE,PALIGRAM,"doi:10.7910/DVN/ZHF9WC datafile 10396546 (r3-all-2018.csv.gz, md5 fd3487254ae01b22b999d6425fa62309)"
2018,PURBA BARDHAMAN,MONGOLKOTE,SIMULIA-I,"doi:10.7910/DVN/ZHF9WC datafile 10396546 (r3-all-2018.csv.gz, md5 fd3487254ae01b22b999d6425fa62309)"
2018,PURBA BARDHAMAN,MONGOLKOTE,SIMULIA-II,"doi:10.7910/DVN/ZHF9WC datafile 10396546 (r3-all-2018.csv.gz, md5 fd3487254ae01b22b999d6425fa62309)"
2018,PURBA MEDINIPUR,MOYNA,BAKCHA,"doi:10.7910/DVN/ZHF9WC datafile 10396546 (r3-all-2018.csv.gz, md5 fd3487254ae01b22b999d6425fa62309)"
2018,PURBA MEDINIPUR,MOYNA,GOJINA,"doi:10.7910/DVN/ZHF9WC datafile 10396546 (r3-all-2018.csv.gz, md5 fd3487254ae01b22b999d6425fa62309)"
2018,PURBA MEDINIPUR,MOYNA,GOKULNAGAR,"doi:10.7910/DVN/ZHF9WC datafile 10396546 (r3-all-2018.csv.gz, md5 fd3487254ae01b22b999d6425fa62309)"
2018,PURBA MEDINIPUR,MOYNA,MOYNA-I,"doi:10.7910/DVN/ZHF9WC datafile 10396546 (r3-all-2018.csv.gz, md5 fd3487254ae01b22b999d6425fa62309)"
2018,PURBA MEDINIPUR,MOYNA,MOYNA-II,"doi:10.7910/DVN/ZHF9WC datafile 10396546 (r3-all-2018.csv.gz, md5 fd3487254ae01b22b999d6425fa62309)"
2018,PURBA MEDINIPUR,MOYNA,NAICHANPUR-I,"doi:10.7910/DVN/ZHF9WC datafile 10396546 (r3-all-2018.csv.gz, md5 fd3487254ae01b22b999d6425fa62309)"
2018,PURBA MEDINIPUR,MOYNA,NAICHANPUR-II,"doi:10.7910/DVN/ZHF9WC datafile 10396546 (r3-all-2018.csv.gz, md5 fd3487254ae01b22b999d6425fa62309)"
2018,PURBA MEDINIPUR,MOYNA,PARAMANANDAPUR,"doi:10.7910/DVN/ZHF9WC datafile 10396546 (r3-all-2018.csv.gz, md5 fd3487254ae01b22b999d6425fa62309)"
2018,PURBA MEDINIPUR,MOYNA,RAMCHAK,"doi:10.7910/DVN/ZHF9WC datafile 10396546 (r3-all-2018.csv.gz, md5 fd3487254ae01b22b999d6425fa62309)"
2018,PURBA MEDINIPUR,MOYNA,SRIKANTHA,"doi:10.7910/DVN/ZHF9WC datafile 10396546 (r3-all-2018.csv.gz, md5 fd3487254ae01b22b999d6425fa62309)"
2018,PURBA MEDINIPUR,MOYNA,TILKHOJA,"doi:10.7910/DVN/ZHF9WC datafile 10396546 (r3-all-2018.csv.gz, md5 fd3487254ae01b22b999d6425fa62309)"
2018,BIRBHUM,MURARAI-I,CHATRA,"doi:10.7910/DVN/ZHF9WC datafile 10396546 (r3-all-2018.csv.gz, md5 fd3487254ae01b22b999d6425fa62309)"
2018,BIRBHUM,MURARAI-I,DUMURGRAM,"doi:10.7910/DVN/ZHF9WC datafile 10396546 (r3-all-2018.csv.gz, md5 fd3487254ae01b22b999d6425fa62309)"
2018,BIRBHUM,MURARAI-I,GORSHA,"doi:10.7910/DVN/ZHF9WC datafile 10396546 (r3-all-2018.csv.gz, md5 fd3487254ae01b22b999d6425fa62309)"
2018,BIRBHUM,MURARAI-I,MAHURAPUR,"doi:10.7910/DVN/ZHF9WC datafile 10396546 (r3-all-2018.csv.gz, md5 fd3487254ae01b22b999d6425fa62309)"
2018,BIRBHUM,MURARAI-I,MURARAI,"doi:10.7910/DVN/ZHF9WC datafile 10396546 (r3-all-2018.csv.gz, md5 fd3487254ae01b22b999d6425fa62309)"
2018,BIRBHUM,MURARAI-I,PALSA,"doi:10.7910/DVN/ZHF9WC datafile 10396546 (r3-all-2018.csv.gz, md5 fd3487254ae01b22b999d6425fa62309)"
2018,BIRBHUM,MURARAI-I,RAJGRAM,"doi:10.7910/DVN/ZHF9WC datafile 10396546 (r3-all-2018.csv.gz, md5 fd3487254ae01b22b999d6425fa62309)"
2018,BIRBHUM,MURARAI-II,AMDOLE,"doi:10.7910/DVN/ZHF9WC datafile 10396546 (r3-all-2018.csv.gz, md5 fd3487254ae01b22b999d6425fa62309)"
2018,BIRBHUM,MURARAI-II,JAJIGRAM,"doi:10.7910/DVN/ZHF9WC datafile 10396546 (r3-all-2018.csv.gz, md5 fd3487254ae01b22b999d6425fa62309)"
2018,BIRBHUM,MURARAI-II,KUSHMORE-I,"doi:10.7910/DVN/ZHF9WC datafile 10396546 (r3-all-2018.csv.gz, md5 fd3487254ae01b22b999d6425fa62309)"
2018,BIRBHUM,MURARAI-II,KUSHMORE-II,"doi:10.7910/DVN/ZHF9WC datafile 10396546 (r3-all-2018.csv.gz, md5 fd3487254ae01b22b999d6425fa62309)"
2018,BIRBHUM,MURARAI-II,MITRAPUR,"doi:10.7910/DVN/ZHF9WC datafile 10396546 (r3-all-2018.csv.gz, md5 fd3487254ae01b22b999d6425fa62309)"
2018,BIRBHUM,MURARAI-II,NANDIGRAM,"doi:10.7910/DVN/ZHF9WC datafile 10396546 (r3-all-2018.csv.gz, md5 fd3487254ae01b22b999d6425fa62309)"
2018,BIRBHUM,MURARAI-II,PAIKAR-I,"doi:10.7910/DVN/ZHF9WC datafile 10396546 (r3-all-2018.csv.gz, md5 fd3487254ae01b22b999d6425fa62309)"
2018,BIRBHUM,MURARAI-II,PAIKAR-II,"doi:10.7910/DVN/ZHF9WC datafile 10396546 (r3-all-2018.csv.gz, md5 fd3487254ae01b22b999d6425fa62309)"
2018,BIRBHUM,MURARAI-II,RUDRANAGAR,"doi:10.7910/DVN/ZHF9WC datafile 10396546 (r3-all-2018.csv.gz, md5 fd3487254ae01b22b999d6425fa62309)"
2018,MURSHIDABAD,MURSHIDABAD-JIAGUNJ,BAHADURPUR,"doi:10.7910/DVN/ZHF9WC datafile 10396546 (r3-all-2018.csv.gz, md5 fd3487254ae01b22b999d6425fa62309)"
2018,MURSHIDABAD,MURSHIDABAD-JIAGUNJ,DAHAPARA,"doi:10.7910/DVN/ZHF9WC datafile 10396546 (r3-all-2018.csv.gz, md5 fd3487254ae01b22b999d6425fa62309)"
2018,MURSHIDABAD,MURSHIDABAD-JIAGUNJ,DANGAPARA,"doi:10.7910/DVN/ZHF9WC datafile 10396546 (r3-all-2018.csv.gz, md5 fd3487254ae01b22b999d6425fa62309)"
2018,MURSHIDABAD,MURSHIDABAD-JIAGUNJ,KAPASDANGA,"doi:10.7910/DVN/ZHF9WC datafile 10396546 (r3-all-2018.csv.gz, md5 fd3487254ae01b22b999d6425fa62309)"
2018,MURSHIDABAD,MURSHIDABAD-JIAGUNJ,MUKUNDABAGH,"doi:10.7910/DVN/ZHF9WC datafile 10396546 (r3-all-2018.csv.gz, md5 fd3487254ae01b22b999d6425fa62309)"
2018,MURSHIDABAD,MURSHIDABAD-JIAGUNJ,NATUNGRAM,"doi:10.7910/DVN/ZHF9WC datafile 10396546 (r3-all-2018.csv.gz, md5 fd3487254ae01b22b999d6425fa62309)"
2018,MURSHIDABAD,MURSHIDABAD-JIAGUNJ,PROSADPUR,"doi:10.7910/DVN/ZHF9WC datafile 10396546 (r3-all-2018.csv.gz, md5 fd3487254ae01b22b999d6425fa62309)"
2018,MURSHIDABAD,MURSHIDABAD-JIAGUNJ,TENTULIA,"doi:10.7910/DVN/ZHF9WC datafile 10396546 (r3-all-2018.csv.gz, md5 fd3487254ae01b22b999d6425fa62309)"
2018,SILIGURI MAHAKUMA PARISAD,Matigara,Atharokhai,"doi:10.7910/DVN/ZHF9WC datafile 10396546 (r3-all-2018.csv.gz, md5 fd3487254ae01b22b999d6425fa62309)"
2018,SILIGURI MAHAKUMA PARISAD,Matigara,Champasari,"doi:10.7910/DVN/ZHF9WC datafile 10396546 (r3-all-2018.csv.gz, md5 fd3487254ae01b22b999d6425fa62309)"
2018,SILIGURI MAHAKUMA PARISAD,Matigara,Matigara I,"doi:10.7910/DVN/ZHF9WC datafile 10396546 (r3-all-2018.csv.gz, md5 fd3487254ae01b22b999d6425fa62309)"
2018,SILIGURI MAHAKUMA PARISAD,Matigara,Matigara II,"doi:10.7910/DVN/ZHF9WC datafile 10396546 (r3-all-2018.csv.gz, md5 fd3487254ae01b22b999d6425fa62309)"
2018,SILIGURI MAHAKUMA PARISAD,Matigara,Patharghata,"doi:10.7910/DVN/ZHF9WC datafile 10396546 (r3-all-2018.csv.gz, md5 fd3487254ae01b22b999d6425fa62309)"
2018,NADIA,NABADWIP,BABLARI,"doi:10.7910/DVN/ZHF9WC datafile 10396546 (r3-all-2018.csv.gz, md5 fd3487254ae01b22b999d6425fa62309)"
2018,NADIA,NABADWIP,CHARMAJDIA CHARBRAHMANAGAR,"doi:10.7910/DVN/ZHF9WC datafile 10396546 (r3-all-2018.csv.gz, md5 fd3487254ae01b22b999d6425fa62309)"
2018,NADIA,NABADWIP,FAKIRDANGA GHOLPARA,"doi:10.7910/DVN/ZHF9WC datafile 10396546 (r3-all-2018.csv.gz, md5 fd3487254ae01b22b999d6425fa62309)"
2018,NADIA,NABADWIP,MAHISURA,"doi:10.7910/DVN/ZHF9WC datafile 10396546 (r3-all-2018.csv.gz, md5 fd3487254ae01b22b999d6425fa62309)"
2018,NADIA,NABADWIP,MAJDIA PANSILA,"doi:10.7910/DVN/ZHF9WC datafile 10396546 (r3-all-2018.csv.gz, md5 fd3487254ae01b22b999d6425fa62309)"
2018,NADIA,NABADWIP,MAYAPUR BAMANPUKUR-I,"doi:10.7910/DVN/ZHF9WC datafile 10396546 (r3-all-2018.csv.gz, md5 fd3487254ae01b22b999d6425fa62309)"
2018,NADIA,NABADWIP,MAYAPUR BAMANPUKUR-II,"doi:10.7910/DVN/ZHF9WC datafile 10396546 (r3-all-2018.csv.gz, md5 fd3487254ae01b22b999d6425fa62309)"
2018,NADIA,NABADWIP,SWARUPGANJ,"doi:10.7910/DVN/ZHF9WC datafile 10396546 (r3-all-2018.csv.gz, md5 fd3487254ae01b22b999d6425fa62309)"
2018,MURSHIDABAD,NABAGRAM,AMARKUNDU,"doi:10.7910/DVN/ZHF9WC datafile 10396546 (r3-all-2018.csv.gz, md5 fd3487254ae01b22b999d6425fa62309)"
2018,MURSHIDABAD,NABAGRAM,GURAPASHLA,"doi:10.7910/DVN/ZHF9WC datafile 10396546 (r3-all-2018.csv.gz, md5 fd3487254ae01b22b999d6425fa62309)"
2018,MURSHIDABAD,NABAGRAM,HAJBIBIDANGA,"doi:10.7910/DVN/ZHF9WC datafile 10396546 (r3-all-2018.csv.gz, md5 fd3487254ae01b22b999d6425fa62309)"
2018,MURSHIDABAD,NABAGRAM,KIRITESWARI,"doi:10.7910/DVN/ZHF9WC datafile 10396546 (r3-all-2018.csv.gz, md5 fd3487254ae01b22b999d6425fa62309)"
2018,MURSHIDABAD,NABAGRAM,MAHURUL,"doi:10.7910/DVN/ZHF9WC datafile 10396546 (r3-all-2018.csv.gz, md5 fd3487254ae01b22b999d6425fa62309)"
2018,MURSHIDABAD,NABAGRAM,NABAGRAM,"doi:10.7910/DVN/ZHF9WC datafile 10396546 (r3-all-2018.csv.gz, md5 fd3487254ae01b22b999d6425fa62309)"
2018,MURSHIDABAD,NABAGRAM,NARAYANPUR,"doi:10.7910/DVN/ZHF9WC datafile 10396546 (r3-all-2018.csv.gz, md5 fd3487254ae01b22b999d6425fa62309)"
2018,MURSHIDABAD,NABAGRAM,PANCHGRAM,"doi:10.7910/DVN/ZHF9WC datafile 10396546 (r3-all-2018.csv.gz, md5 fd3487254ae01b22b999d6425fa62309)"
2018,MURSHIDABAD,NABAGRAM,RASULPUR,"doi:10.7910/DVN/ZHF9WC datafile 10396546 (r3-all-2018.csv.gz, md5 fd3487254ae01b22b999d6425fa62309)"
2018,MURSHIDABAD,NABAGRAM,SHIBPUR,"doi:10.7910/DVN/ZHF9WC datafile 10396546 (r3-all-2018.csv.gz, md5 fd3487254ae01b22b999d6425fa62309)"
2018,JALPAIGURI,NAGRAKATA,ANGRABHASA-I,"doi:10.7910/DVN/ZHF9WC datafile 10396546 (r3-all-2018.csv.gz, md5 fd3487254ae01b22b999d6425fa62309)"
2018,JALPAIGURI,NAGRAKATA,ANGRABHASA-II,"doi:10.7910/DVN/ZHF9WC datafile 10396546 (r3-all-2018.csv.gz, md5 fd3487254ae01b22b999d6425fa62309)"
2018,JALPAIGURI,NAGRAKATA,CHAMPAGURI,"doi:10.7910/DVN/ZHF9WC datafile 10396546 (r3-all-2018.csv.gz, md5 fd3487254ae01b22b999d6425fa62309)"
2018,JALPAIGURI,NAGRAKATA,LUKSAN,"doi:10.7910/DVN/ZHF9WC datafile 10396546 (r3-all-2018.csv.gz, md5 fd3487254ae01b22b999d6425fa62309)"
2018,JALPAIGURI,NAGRAKATA,SULKAPARA,"doi:10.7910/DVN/ZHF9WC datafile 10396546 (r3-all-2018.csv.gz, md5 fd3487254ae01b22b999d6425fa62309)"
2018,NADIA,NAKASHIPARA,BETHUADAHARI-I,"doi:10.7910/DVN/ZHF9WC datafile 10396546 (r3-all-2018.csv.gz, md5 fd3487254ae01b22b999d6425fa62309)"
2018,NADIA,NAKASHIPARA,BETHUADAHARI-II,"doi:10.7910/DVN/ZHF9WC datafile 10396546 (r3-all-2018.csv.gz, md5 fd3487254ae01b22b999d6425fa62309)"
2018,NADIA,NAKASHIPARA,BIKRAMPUR,"doi:10.7910/DVN/ZHF9WC datafile 10396546 (r3-all-2018.csv.gz, md5 fd3487254ae01b22b999d6425fa62309)"
2018,NADIA,NAKASHIPARA,BILKUMARI,"doi:10.7910/DVN/ZHF9WC datafile 10396546 (r3-all-2018.csv.gz, md5 fd3487254ae01b22b999d6425fa62309)"
2018,NADIA,NAKASHIPARA,BILLWAGRAM,"doi:10.7910/DVN/ZHF9WC datafile 10396546 (r3-all-2018.csv.gz, md5 fd3487254ae01b22b999d6425fa62309)"
2018,NADIA,NAKASHIPARA,BIRPUR-I,"doi:10.7910/DVN/ZHF9WC datafile 10396546 (r3-all-2018.csv.gz, md5 fd3487254ae01b22b999d6425fa62309)"
2018,NADIA,NAKASHIPARA,BIRPUR-II,"doi:10.7910/DVN/ZHF9WC datafile 10396546 (r3-all-2018.csv.gz, md5 fd3487254ae01b22b999d6425fa62309)"
2018,NADIA,NAKASHIPARA,DHANANJAYPUR,"doi:10.7910/DVN/ZHF9WC datafile 10396546 (r3-all-2018.csv.gz, md5 fd3487254ae01b22b999d6425fa62309)"
2018,NADIA,NAKASHIPARA,DHARMADA,"doi:10.7910/DVN/ZHF9WC datafile 10396546 (r3-all-2018.csv.gz, md5 fd3487254ae01b22b999d6425fa62309)"
2018,NADIA,NAKASHIPARA,DOGACHHIA,"doi:10.7910/DVN/ZHF9WC datafile 10396546 (r3-all-2018.csv.gz, md5 fd3487254ae01b22b999d6425fa62309)"
2018,NADIA,NAKASHIPARA,HARANAGAR,"doi:10.7910/DVN/ZHF9WC datafile 10396546 (r3-all-2018.csv.gz, md5 fd3487254ae01b22b999d6425fa62309)"
2018,NADIA,NAKASHIPARA,MAJHERGRAM,"doi:10.7910/DVN/ZHF9WC datafile 10396546 (r3-all-2018.csv.gz, md5 fd3487254ae01b22b999d6425fa62309)"
2018,NADIA,NAKASHIPARA,MURAGACHHA,"doi:10.7910/DVN/ZHF9WC datafile 10396546 (r3-all-2018.csv.gz, md5 fd3487254ae01b22b999d6425fa62309)"
2018,NADIA,NAKASHIPARA,NAKASIPARA,"doi:10.7910/DVN/ZHF9WC datafile 10396546 (r3-all-2018.csv.gz, md5 fd3487254ae01b22b999d6425fa62309)"
2018,NADIA,NAKASHIPARA,PATIKABARI,"doi:10.7910/DVN/ZHF9WC datafile 10396546 (r3-all-2018.csv.gz, md5 fd3487254ae01b22b999d6425fa62309)"
2018,BIRBHUM,NALHATI-I,BANIOR,"doi:10.7910/DVN/ZHF9WC datafile 10396546 (r3-all-2018.csv.gz, md5 fd3487254ae01b22b999d6425fa62309)"
2018,BIRBHUM,NALHATI-I,BARLA,"doi:10.7910/DVN/ZHF9WC datafile 10396546 (r3-all-2018.csv.gz, md5 fd3487254ae01b22b999d6425fa62309)"
2018,BIRBHUM,NALHATI-I,BAUTIA,"doi:10.7910/DVN/ZHF9WC datafile 10396546 (r3-all-2018.csv.gz, md5 fd3487254ae01b22b999d6425fa62309)"
2018,BIRBHUM,NALHATI-I,HARIDASPUR,"doi:10.7910/DVN/ZHF9WC datafile 10396546 (r3-all-2018.csv.gz, md5 fd3487254ae01b22b999d6425fa62309)"
2018,BIRBHUM,NALHATI-I,KAITHA-I,"doi:10.7910/DVN/ZHF9WC datafile 10396546 (r3-all-2018.csv.gz, md5 fd3487254ae01b22b999d6425fa62309)"
2018,BIRBHUM,NALHATI-I,KAITHA-II,"doi:10.7910/DVN/ZHF9WC datafile 10396546 (r3-all-2018.csv.gz, md5 fd3487254ae01b22b999d6425fa62309)"
2018,BIRBHUM,NALHATI-I,KALITHA,"doi:10.7910/DVN/ZHF9WC datafile 10396546 (r3-all-2018.csv.gz, md5 fd3487254ae01b22b999d6425fa62309)"
2018,BIRBHUM,NALHATI-I,KURUMGRAM,"doi:10.7910/DVN/ZHF9WC datafile 10396546 (r3-all-2018.csv.gz, md5 fd3487254ae01b22b999d6425fa62309)"
2018,BIRBHUM,NALHATI-I,PAIKPARA,"doi:10.7910/DVN/ZHF9WC datafile 10396546 (r3-all-2018.csv.gz, md5 fd3487254ae01b22b999d6425fa62309)"
2018,BIRBHUM,NALHATI-II,BARA-I,"doi:10.7910/DVN/ZHF9WC datafile 10396546 (r3-all-2018.csv.gz, md5 fd3487254ae01b22b999d6425fa62309)"
2018,BIRBHUM,NALHATI-II,BARA-II,"doi:10.7910/DVN/ZHF9WC datafile 10396546 (r3-all-2018.csv.gz, md5 fd3487254ae01b22b999d6425fa62309)"
2018,BIRBHUM,NALHATI-II,BHADRAPUR-I,"doi:10.7910/DVN/ZHF9WC datafile 10396546 (r3-all-2018.csv.gz, md5 fd3487254ae01b22b999d6425fa62309)"
2018,BIRBHUM,NALHATI-II,BHADRAPUR-II,"doi:10.7910/DVN/ZHF9WC datafile 10396546 (r3-all-2018.csv.gz, md5 fd3487254ae01b22b999d6425fa62309)"
2018,BIRBHUM,NALHATI-II,NOAPARA,"doi:10.7910/DVN/ZHF9WC datafile 10396546 (r3-all-2018.csv.gz, md5 fd3487254ae01b22b999d6425fa62309)"
2018,BIRBHUM,NALHATI-II,SHITALGRAM,"doi:10.7910/DVN/ZHF9WC datafile 10396546 (r3-all-2018.csv.gz, md5 fd3487254ae01b22b999d6425fa62309)"
2018,24 PARGANAS SOUTH,NAMKHANA,BUDHAKHALI,"doi:10.7910/DVN/ZHF9WC datafile 10396546 (r3-all-2018.csv.gz, md5 fd3487254ae01b22b999d6425fa62309)"
2018,24 PARGANAS SOUTH,NAMKHANA,FREZARGANJ,"doi:10.7910/DVN/ZHF9WC datafile 10396546 (r3-all-2018.csv.gz, md5 fd3487254ae01b22b999d6425fa62309)"
2018,24 PARGANAS SOUTH,NAMKHANA,HARIPUR,"doi:10.7910/DVN/ZHF9WC datafile 10396546 (r3-all-2018.csv.gz, md5 fd3487254ae01b22b999d6425fa62309)"
2018,24 PARGANAS SOUTH,NAMKHANA,MAUSINI,"doi:10.7910/DVN/ZHF9WC datafile 10396546 (r3-all-2018.csv.gz, md5 fd3487254ae01b22b999d6425fa62309)"
2018,24 PARGANAS SOUTH,NAMKHANA,NAMKHANA,"doi:10.7910/DVN/ZHF9WC datafile 10396546 (r3-all-2018.csv.gz, md5 fd3487254ae01b22b999d6425fa62309)"
2018,24 PARGANAS SOUTH,NAMKHANA,NARAYANPUR,"doi:10.7910/DVN/ZHF9WC datafile 10396546 (r3-all-2018.csv.gz, md5 fd3487254ae01b22b999d6425fa62309)"
2018,24 PARGANAS SOUTH,NAMKHANA,SHIBRAMPUR,"doi:10.7910/DVN/ZHF9WC datafile 10396546 (r3-all-2018.csv.gz, md5 fd3487254ae01b22b999d6425fa62309)"
2018,PURBA MEDINIPUR,NANDAKUMAR,BARGODAGODAR,"doi:10.7910/DVN/ZHF9WC datafile 10396546 (r3-all-2018.csv.gz, md5 fd3487254ae01b22b999d6425fa62309)"
2018,PURBA MEDINIPUR,NANDAKUMAR,BASUDEVPUR,"doi:10.7910/DVN/ZHF9WC datafile 10396546 (r3-all-2018.csv.gz, md5 fd3487254ae01b22b999d6425fa62309)"
2018,PURBA MEDINIPUR,NANDAKUMAR,BYABATTARHATPASCHIM,"doi:10.7910/DVN/ZHF9WC datafile 10396546 (r3-all-2018.csv.gz, md5 fd3487254ae01b22b999d6425fa62309)"
2018,PURBA MEDINIPUR,NANDAKUMAR,BYABATTARHATPURBA,"doi:10.7910/DVN/ZHF9WC datafile 10396546 (r3-all-2018.csv.gz, md5 fd3487254ae01b22b999d6425fa62309)"
2018,PURBA MEDINIPUR,NANDAKUMAR,CHAKSIMULIA,"doi:10.7910/DVN/ZHF9WC datafile 10396546 (r3-all-2018.csv.gz, md5 fd3487254ae01b22b999d6425fa62309)"
2018,PURBA MEDINIPUR,NANDAKUMAR,DAKSHINNARIKELDA,"doi:10.7910/DVN/ZHF9WC datafile 10396546 (r3-all-2018.csv.gz, md5 fd3487254ae01b22b999d6425fa62309)"
2018,PURBA MEDINIPUR,NANDAKUMAR,KALYANPUR,"doi:10.7910/DVN/ZHF9WC datafile 10396546 (r3-all-2018.csv.gz, md5 fd3487254ae01b22b999d6425fa62309)"
2018,PURBA MEDINIPUR,NANDAKUMAR,KUMARARA,"doi:10.7910/DVN/ZHF9WC datafile 10396546 (r3-all-2018.csv.gz, md5 fd3487254ae01b22b999d6425fa62309)"
2018,PURBA MEDINIPUR,NANDAKUMAR,KUMARCHAK,"doi:10.7910/DVN/ZHF9WC datafile 10396546 (r3-all-2018.csv.gz, md5 fd3487254ae01b22b999d6425fa62309)"
2018,PURBA MEDINIPUR,NANDAKUMAR,SAORABERIAJALPAI-I,"doi:10.7910/DVN/ZHF9WC datafile 10396546 (r3-all-2018.csv.gz, md5 fd3487254ae01b22b999d6425fa62309)"
2018,PURBA MEDINIPUR,NANDAKUMAR,SAORABERIAJALPAI-II,"doi:10.7910/DVN/ZHF9WC datafile 10396546 (r3-all-2018.csv.gz, md5 fd3487254ae01b22b999d6425fa62309)"
2018,PURBA MEDINIPUR,NANDAKUMAR,SITALPURPASCHIM,"doi:10.7910/DVN/ZHF9WC datafile 10396546 (r3-all-2018.csv.gz, md5 fd3487254ae01b22b999d6425fa62309)"
2018,PURBA MEDINIPUR,NANDIGRAM-I,BHAKUTIA,"doi:10.7910/DVN/ZHF9WC datafile 10396546 (r3-all-2018.csv.gz, md5 fd3487254ae01b22b999d6425fa62309)"
2018,PURBA MEDINIPUR,NANDIGRAM-I,DAUDPUR,"doi:10.7910/DVN/ZHF9WC datafile 10396546 (r3-all-2018.csv.gz, md5 fd3487254ae01b22b999d6425fa62309)"
2018,PURBA MEDINIPUR,NANDIGRAM-I,GOKULNAGAR,"doi:10.7910/DVN/ZHF9WC datafile 10396546 (r3-all-2018.csv.gz, md5 fd3487254ae01b22b999d6425fa62309)"
2018,PURBA MEDINIPUR,NANDIGRAM-I,HARIPUR,"doi:10.7910/DVN/ZHF9WC datafile 10396546 (r3-all-2018.csv.gz, md5 fd3487254ae01b22b999d6425fa62309)"
2018,PURBA MEDINIPUR,NANDIGRAM-I,KALICHARANPUR,"doi:10.7910/DVN/ZHF9WC datafile 10396546 (r3-all-2018.csv.gz, md5 fd3487254ae01b22b999d6425fa62309)"
2018,PURBA MEDINIPUR,NANDIGRAM-I,KENDEMARIJALPAI,"doi:10.7910/DVN/ZHF9WC datafile 10396546 (r3-all-2018.csv.gz, md5 fd3487254ae01b22b999d6425fa62309)"
2018,PURBA MEDINIPUR,NANDIGRAM-I,MAHAMMADPUR,"doi:10.7910/DVN/ZHF9WC datafile 10396546 (r3-all-2018.csv.gz, md5 fd3487254ae01b22b999d6425fa62309)"
2018,PURBA MEDINIPUR,NANDIGRAM-I,NANDIGRAM,"doi:10.7910/DVN/ZHF9WC datafile 10396546 (r3-all-2018.csv.gz, md5 fd3487254ae01b22b999d6425fa62309)"
2018,PURBA MEDINIPUR,NANDIGRAM-I,SAMSABAD,"doi:10.7910/DVN/ZHF9WC datafile 10396546 (r3-all-2018.csv.gz, md5 fd3487254ae01b22b999d6425fa62309)"
2018,PURBA MEDINIPUR,NANDIGRAM-I,SONACHURA,"doi:10.7910/DVN/ZHF9WC datafile 10396546 (r3-all-2018.csv.gz, md5 fd3487254ae01b22b999d6425fa62309)"
2018,PURBA MEDINIPUR,NANDIGRAM-II,AMDABAD-I,"doi:10.7910/DVN/ZHF9WC datafile 10396546 (r3-all-2018.csv.gz, md5 fd3487254ae01b22b999d6425fa62309)"
2018,PURBA MEDINIPUR,NANDIGRAM-II,AMDABAD-II,"doi:10.7910/DVN/ZHF9WC datafile 10396546 (r3-all-2018.csv.gz, md5 fd3487254ae01b22b999d6425fa62309)"
2018,PURBA MEDINIPUR,NANDIGRAM-II,BIRULIA,"doi:10.7910/DVN/ZHF9WC datafile 10396546 (r3-all-2018.csv.gz, md5 fd3487254ae01b22b999d6425fa62309)"
2018,PURBA MEDINIPUR,NANDIGRAM-II,BOYAL-I,"doi:10.7910/DVN/ZHF9WC datafile 10396546 (r3-all-2018.csv.gz, md5 fd3487254ae01b22b999d6425fa62309)"
2018,PURBA MEDINIPUR,NANDIGRAM-II,BOYAL-II,"doi:10.7910/DVN/ZHF9WC datafile 10396546 (r3-all-2018.csv.gz, md5 fd3487254ae01b22b999d6425fa62309)"
2018,PURBA MEDINIPUR,NANDIGRAM-II,KHODAMBARI-I,"doi:10.7910/DVN/ZHF9WC datafile 10396546 (r3-all-2018.csv.gz, md5 fd3487254ae01b22b999d6425fa62309)"
2018,PURBA MEDINIPUR,NANDIGRAM-II,KHODAMBARI-II,"doi:10.7910/DVN/ZHF9WC datafile 10396546 (r3-all-2018.csv.gz, md5 fd3487254ae01b22b999d6425fa62309)"
2018,BIRBHUM,NANOOR,BARASAOTA,"doi:10.7910/DVN/ZHF9WC datafile 10396546 (r3-all-2018.csv.gz, md5 fd3487254ae01b22b999d6425fa62309)"
2018,BIRBHUM,NANOOR,CHANDIDASNANOOR,"doi:10.7910/DVN/ZHF9WC datafile 10396546 (r3-all-2018.csv.gz, md5 fd3487254ae01b22b999d6425fa62309)"
2018,BIRBHUM,NANOOR,CHARKALGRAM,"doi:10.7910/DVN/ZHF9WC datafile 10396546 (r3-all-2018.csv.gz, md5 fd3487254ae01b22b999d6425fa62309)"
2018,BIRBHUM,NANOOR,DASKALGRAM-KAREYA-I,"doi:10.7910/DVN/ZHF9WC datafile 10396546 (r3-all-2018.csv.gz, md5 fd3487254ae01b22b999d6425fa62309)"
2018,BIRBHUM,NANOOR,DASKALGRAM-KAREYA-II,"doi:10.7910/DVN/ZHF9WC datafile 10396546 (r3-all-2018.csv.gz, md5 fd3487254ae01b22b999d6425fa62309)"
2018,BIRBHUM,NANOOR,JALUNDI,"doi:10.7910/DVN/ZHF9WC datafile 10396546 (r3-all-2018.csv.gz, md5 fd3487254ae01b22b999d6425fa62309)"
2018,BIRBHUM,NANOOR,KIRNAHAR-I,"doi:10.7910/DVN/ZHF9WC datafile 10396546 (r3-all-2018.csv.gz, md5 fd3487254ae01b22b999d6425fa62309)"
2018,BIRBHUM,NANOOR,KIRNAHAR-II,"doi:10.7910/DVN/ZHF9WC datafile 10396546 (r3-all-2018.csv.gz, md5 fd3487254ae01b22b999d6425fa62309)"
2018,BIRBHUM,NANOOR,NAWANAGAR-KADDA,"doi:10.7910/DVN/ZHF9WC datafile 10396546 (r3-all-2018.csv.gz, md5 fd3487254ae01b22b999d6425fa62309)"
2018,BIRBHUM,NANOOR,THUPSARA,"doi:10.7910/DVN/ZHF9WC datafile 10396546 (r3-all-2018.csv.gz, md5 fd3487254ae01b22b999d6425fa62309)"
2018,BIRBHUM,NANOOR,UCHKARAN,"doi:10.7910/DVN/ZHF9WC datafile 10396546 (r3-all-2018.csv.gz, md5 fd3487254ae01b22b999d6425fa62309)"
2018,PASCHIM MEDINIPUR,NARAYANGARH,BAKHRABAD,"doi:10.7910/DVN/ZHF9WC datafile 10396546 (r3-all-2018.csv.gz, md5 fd3487254ae01b22b999d6425fa62309)"
2018,PASCHIM MEDINIPUR,NARAYANGARH,BELDA-I,"doi:10.7910/DVN/ZHF9WC datafile 10396546 (r3-all-2018.csv.gz, md5 fd3487254ae01b22b999d6425fa62309)"
2018,PASCHIM MEDINIPUR,NARAYANGARH,BELDA-II,"doi:10.7910/DVN/ZHF9WC datafile 10396546 (r3-all-2018.csv.gz, md5 fd3487254ae01b22b999d6425fa62309)"
2018,PASCHIM MEDINIPUR,NARAYANGARH,GRAMRAJ,"doi:10.7910/DVN/ZHF9WC datafile 10396546 (r3-all-2018.csv.gz, md5 fd3487254ae01b22b999d6425fa62309)"
2018,PASCHIM MEDINIPUR,NARAYANGARH,HEMCHANDRA,"doi:10.7910/DVN/ZHF9WC datafile 10396546 (r3-all-2018.csv.gz, md5 fd3487254ae01b22b999d6425fa62309)"
2018,PASCHIM MEDINIPUR,NARAYANGARH,KASHIPUR,"doi:10.7910/DVN/ZHF9WC datafile 10396546 (r3-all-2018.csv.gz, md5 fd3487254ae01b22b999d6425fa62309)"
2018,PASCHIM MEDINIPUR,NARAYANGARH,KHURSI,"doi:10.7910/DVN/ZHF9WC datafile 10396546 (r3-all-2018.csv.gz, md5 fd3487254ae01b22b999d6425fa62309)"
2018,PASCHIM MEDINIPUR,NARAYANGARH,KUNARPUR,"doi:10.7910/DVN/ZHF9WC datafile 10396546 (r3-all-2018.csv.gz, md5 fd3487254ae01b22b999d6425fa62309)"
2018,PASCHIM MEDINIPUR,NARAYANGARH,KUSHBASAN,"doi:10.7910/DVN/ZHF9WC datafile 10396546 (r3-all-2018.csv.gz, md5 fd3487254ae01b22b999d6425fa62309)"
2018,PASCHIM MEDINIPUR,NARAYANGARH,MANYA,"doi:10.7910/DVN/ZHF9WC datafile 10396546 (r3-all-2018.csv.gz, md5 fd3487254ae01b22b999d6425fa62309)"
2018,PASCHIM MEDINIPUR,NARAYANGARH,MOKRAMPUR,"doi:10.7910/DVN/ZHF9WC datafile 10396546 (r3-all-2018.csv.gz, md5 fd3487254ae01b22b999d6425fa62309)"
2018,PASCHIM MEDINIPUR,NARAYANGARH,NARAYANGARH,"doi:10.7910/DVN/ZHF9WC datafile 10396546 (r3-all-2018.csv.gz, md5 fd3487254ae01b22b999d6425fa62309)"
2018,PASCHIM MEDINIPUR,NARAYANGARH,NARMA,"doi:10.7910/DVN/ZHF9WC datafile 10396546 (r3-all-2018.csv.gz, md5 fd3487254ae01b22b999d6425fa62309)"
2018,PASCHIM MEDINIPUR,NARAYANGARH,PAKURSENI,"doi:10.7910/DVN/ZHF9WC datafile 10396546 (r3-all-2018.csv.gz, md5 fd3487254ae01b22b999d6425fa62309)"
2018,PASCHIM MEDINIPUR,NARAYANGARH,RANISARAI,"doi:10.7910/DVN/ZHF9WC datafile 10396546 (r3-all-2018.csv.gz, md5 fd3487254ae01b22b999d6425fa62309)"
2018,PASCHIM MEDINIPUR,NARAYANGARH,TUTRANGA,"doi:10.7910/DVN/ZHF9WC datafile 10396546 (r3-all-2018.csv.gz, md5 fd3487254ae01b22b999d6425fa62309)"
2018,MURSHIDABAD,NAWDA,BALI-I,"doi:10.7910/DVN/ZHF9WC datafile 10396546 (r3-all-2018.csv.gz, md5 fd3487254ae01b22b999d6425fa62309)"
2018,MURSHIDABAD,NAWDA,BALI-II,"doi:10.7910/DVN/ZHF9WC datafile 10396546 (r3-all-2018.csv.gz, md5 fd3487254ae01b22b999d6425fa62309)"
2018,MURSHIDABAD,NAWDA,CHANDPUR,"doi:10.7910/DVN/ZHF9WC datafile 10396546 (r3-all-2018.csv.gz, md5 fd3487254ae01b22b999d6425fa62309)"
2018,MURSHIDABAD,NAWDA,KEDARCHANDPUR-I,"doi:10.7910/DVN/ZHF9WC datafile 10396546 (r3-all-2018.csv.gz, md5 fd3487254ae01b22b999d6425fa62309)"
2018,MURSHIDABAD,NAWDA,KEDARCHANDPUR-II,"doi:10.7910/DVN/ZHF9WC datafile 10396546 (r3-all-2018.csv.gz, md5 fd3487254ae01b22b999d6425fa62309)"
2018,MURSHIDABAD,NAWDA,MADHUPUR,"doi:10.7910/DVN/ZHF9WC datafile 10396546 (r3-all-2018.csv.gz, md5 fd3487254ae01b22b999d6425fa62309)"
2018,MURSHIDABAD,NAWDA,NAODA,"doi:10.7910/DVN/ZHF9WC datafile 10396546 (r3-all-2018.csv.gz, md5 fd3487254ae01b22b999d6425fa62309)"
2018,MURSHIDABAD,NAWDA,PATIKABARI,"doi:10.7910/DVN/ZHF9WC datafile 10396546 (r3-all-2018.csv.gz, md5 fd3487254ae01b22b999d6425fa62309)"
2018,MURSHIDABAD,NAWDA,RAIPUR,"doi:10.7910/DVN/ZHF9WC datafile 10396546 (r3-all-2018.csv.gz, md5 fd3487254ae01b22b999d6425fa62309)"
2018,MURSHIDABAD,NAWDA,SARANGPUR,"doi:10.7910/DVN/ZHF9WC datafile 10396546 (r3-all-2018.csv.gz, md5 fd3487254ae01b22b999d6425fa62309)"
2018,JHARGRAM,NAYAGRAM,ARA,"doi:10.7910/DVN/ZHF9WC datafile 10396546 (r3-all-2018.csv.gz, md5 fd3487254ae01b22b999d6425fa62309)"
2018,JHARGRAM,NAYAGRAM,BALIGERIA,"doi:10.7910/DVN/ZHF9WC datafile 10396546 (r3-all-2018.csv.gz, md5 fd3487254ae01b22b999d6425fa62309)"
2018,JHARGRAM,NAYAGRAM,BARAKHAKRI,"doi:10.7910/DVN/ZHF9WC datafile 10396546 (r3-all-2018.csv.gz, md5 fd3487254ae01b22b999d6425fa62309)"
2018,JHARGRAM,NAYAGRAM,BARANEGUI,"doi:10.7910/DVN/ZHF9WC datafile 10396546 (r3-all-2018.csv.gz, md5 fd3487254ae01b22b999d6425fa62309)"
2018,JHARGRAM,NAYAGRAM,BERAJAL,"doi:10.7910/DVN/ZHF9WC datafile 10396546 (r3-all-2018.csv.gz, md5 fd3487254ae01b22b999d6425fa62309)"
2018,JHARGRAM,NAYAGRAM,CHANDABILLA,"doi:10.7910/DVN/ZHF9WC datafile 10396546 (r3-all-2018.csv.gz, md5 fd3487254ae01b22b999d6425fa62309)"
2018,JHARGRAM,NAYAGRAM,CHANDRAREKHA,"doi:10.7910/DVN/ZHF9WC datafile 10396546 (r3-all-2018.csv.gz, md5 fd3487254ae01b22b999d6425fa62309)"
2018,JHARGRAM,NAYAGRAM,JAMIRAPAL,"doi:10.7910/DVN/ZHF9WC datafile 10396546 (r3-all-2018.csv.gz, md5 fd3487254ae01b22b999d6425fa62309)"
2018,JHARGRAM,NAYAGRAM,KHARIKAMATHANI,"doi:10.7910/DVN/ZHF9WC datafile 10396546 (r3-all-2018.csv.gz, md5 fd3487254ae01b22b999d6425fa62309)"
2018,JHARGRAM,NAYAGRAM,MALAM,"doi:10.7910/DVN/ZHF9WC datafile 10396546 (r3-all-2018.csv.gz, md5 fd3487254ae01b22b999d6425fa62309)"
2018,JHARGRAM,NAYAGRAM,NAYAGRAM,"doi:10.7910/DVN/ZHF9WC datafile 10396546 (r3-all-2018.csv.gz, md5 fd3487254ae01b22b999d6425fa62309)"
2018,JHARGRAM,NAYAGRAM,PATINA,"doi:10.7910/DVN/ZHF9WC datafile 10396546 (r3-all-2018.csv.gz, md5 fd3487254ae01b22b999d6425fa62309)"
2018,PURULIA,NETURIA,BHAMURIA,"doi:10.7910/DVN/ZHF9WC datafile 10396546 (r3-all-2018.csv.gz, md5 fd3487254ae01b22b999d6425fa62309)"
2018,PURULIA,NETURIA,DIGHA,"doi:10.7910/DVN/ZHF9WC datafile 10396546 (r3-all-2018.csv.gz, md5 fd3487254ae01b22b999d6425fa62309)"
2018,PURULIA,NETURIA,GUNIARA,"doi:10.7910/DVN/ZHF9WC datafile 10396546 (r3-all-2018.csv.gz, md5 fd3487254ae01b22b999d6425fa62309)"
2018,PURULIA,NETURIA,JANARDANDIH,"doi:10.7910/DVN/ZHF9WC datafile 10396546 (r3-all-2018.csv.gz, md5 fd3487254ae01b22b999d6425fa62309)"
2018,PURULIA,NETURIA,RAIBANDH,"doi:10.7910/DVN/ZHF9WC datafile 10396546 (r3-all-2018.csv.gz, md5 fd3487254ae01b22b999d6425fa62309)"
2018,PURULIA,NETURIA,SALTORE,"doi:10.7910/DVN/ZHF9WC datafile 10396546 (r3-all-2018.csv.gz, md5 fd3487254ae01b22b999d6425fa62309)"
2018,PURULIA,NETURIA,SARBARI,"doi:10.7910/DVN/ZHF9WC datafile 10396546 (r3-all-2018.csv.gz, md5 fd3487254ae01b22b999d6425fa62309)"
2018,SILIGURI MAHAKUMA PARISAD,Naxalbari,Gossainpur,"doi:10.7910/DVN/ZHF9WC datafile 10396546 (r3-all-2018.csv.gz, md5 fd3487254ae01b22b999d6425fa62309)"
2018,SILIGURI MAHAKUMA PARISAD,Naxalbari,Hatighisa,"doi:10.7910/DVN/ZHF9WC datafile 10396546 (r3-all-2018.csv.gz, md5 fd3487254ae01b22b999d6425fa62309)"
2018,SILIGURI MAHAKUMA PARISAD,Naxalbari,Lower Bagdogra,"doi:10.7910/DVN/ZHF9WC datafile 10396546 (r3-all-2018.csv.gz, md5 fd3487254ae01b22b999d6425fa62309)"
2018,SILIGURI MAHAKUMA PARISAD,Naxalbari,Moniram,"doi:10.7910/DVN/ZHF9WC datafile 10396546 (r3-all-2018.csv.gz, md5 fd3487254ae01b22b999d6425fa62309)"
2018,SILIGURI MAHAKUMA PARISAD,Naxalbari,Naxalbari,"doi:10.7910/DVN/ZHF9WC datafile 10396546 (r3-all-2018.csv.gz, md5 fd3487254ae01b22b999d6425fa62309)"
2018,SILIGURI MAHAKUMA PARISAD,Naxalbari,Upper Bagdogra,"doi:10.7910/DVN/ZHF9WC datafile 10396546 (r3-all-2018.csv.gz, md5 fd3487254ae01b22b999d6425fa62309)"
2018,MALDAH,OLD MALDA,BHABUK,"doi:10.7910/DVN/ZHF9WC datafile 10396546 (r3-all-2018.csv.gz, md5 fd3487254ae01b22b999d6425fa62309)"
2018,MALDAH,OLD MALDA,JATRADANGA,"doi:10.7910/DVN/ZHF9WC datafile 10396546 (r3-all-2018.csv.gz, md5 fd3487254ae01b22b999d6425fa62309)"
2018,MALDAH,OLD MALDA,MAHISBATHANI,"doi:10.7910/DVN/ZHF9WC datafile 10396546 (r3-all-2018.csv.gz, md5 fd3487254ae01b22b999d6425fa62309)"
2018,MALDAH,OLD MALDA,MANGALBARI,"doi:10.7910/DVN/ZHF9WC datafile 10396546 (r3-all-2018.csv.gz, md5 fd3487254ae01b22b999d6425fa62309)"
2018,MALDAH,OLD MALDA,MUCHIA,"doi:10.7910/DVN/ZHF9WC datafile 10396546 (r3-all-2018.csv.gz, md5 fd3487254ae01b22b999d6425fa62309)"
2018,MALDAH,OLD MALDA,SAHAPUR,"doi:10.7910/DVN/ZHF9WC datafile 10396546 (r3-all-2018.csv.gz, md5 fd3487254ae01b22b999d6425fa62309)"
2018,BANKURA,ONDA,CHINGANI,"doi:10.7910/DVN/ZHF9WC datafile 10396546 (r3-all-2018.csv.gz, md5 fd3487254ae01b22b999d6425fa62309)"
2018,BANKURA,ONDA,CHURAMONIPUR,"doi:10.7910/DVN/ZHF9WC datafile 10396546 (r3-all-2018.csv.gz, md5 fd3487254ae01b22b999d6425fa62309)"
2018,BANKURA,ONDA,KALYANI,"doi:10.7910/DVN/ZHF9WC datafile 10396546 (r3-all-2018.csv.gz, md5 fd3487254ae01b22b999d6425fa62309)"
2018,BANKURA,ONDA,KANTABARI,"doi:10.7910/DVN/ZHF9WC datafile 10396546 (r3-all-2018.csv.gz, md5 fd3487254ae01b22b999d6425fa62309)"
2018,BANKURA,ONDA,LODNA,"doi:10.7910/DVN/ZHF9WC datafile 10396546 (r3-all-2018.csv.gz, md5 fd3487254ae01b22b999d6425fa62309)"
2018,BANKURA,ONDA,MAJDIHA,"doi:10.7910/DVN/ZHF9WC datafile 10396546 (r3-all-2018.csv.gz, md5 fd3487254ae01b22b999d6425fa62309)"
2018,BANKURA,ONDA,MEDINIPUR,"doi:10.7910/DVN/ZHF9WC datafile 10396546 (r3-all-2018.csv.gz, md5 fd3487254ae01b22b999d6425fa62309)"
2018,BANKURA,ONDA,NAKAIJURI,"doi:10.7910/DVN/ZHF9WC datafile 10396546 (r3-all-2018.csv.gz, md5 fd3487254ae01b22b999d6425fa62309)"
2018,BANKURA,ONDA,NIKUNJAPUR,"doi:10.7910/DVN/ZHF9WC datafile 10396546 (r3-all-2018.csv.gz, md5 fd3487254ae01b22b999d6425fa62309)"
2018,BANKURA,ONDA,ONDA-I,"doi:10.7910/DVN/ZHF9WC datafile 10396546 (r3-all-2018.csv.gz, md5 fd3487254ae01b22b999d6425fa62309)"
2018,BANKURA,ONDA,ONDA-II,"doi:10.7910/DVN/ZHF9WC datafile 10396546 (r3-all-2018.csv.gz, md5 fd3487254ae01b22b999d6425fa62309)"
2018,BANKURA,ONDA,PUNISOLE,"doi:10.7910/DVN/ZHF9WC datafile 10396546 (r3-all-2018.csv.gz, md5 fd3487254ae01b22b999d6425fa62309)"
2018,BANKURA,ONDA,RAMSAGAR,"doi:10.7910/DVN/ZHF9WC datafile 10396546 (r3-all-2018.csv.gz, md5 fd3487254ae01b22b999d6425fa62309)"
2018,BANKURA,ONDA,RATANPUR,"doi:10.7910/DVN/ZHF9WC datafile 10396546 (r3-all-2018.csv.gz, md5 fd3487254ae01b22b999d6425fa62309)"
2018,BANKURA,ONDA,SANTOR,"doi:10.7910/DVN/ZHF9WC datafile 10396546 (r3-all-2018.csv.gz, md5 fd3487254ae01b22b999d6425fa62309)"
2018,HOWRAH,PANCHLA,BANHARISHPUR,"doi:10.7910/DVN/ZHF9WC datafile 10396546 (r3-all-2018.csv.gz, md5 fd3487254ae01b22b999d6425fa62309)"
2018,HOWRAH,PANCHLA,BELDUBI,"doi:10.7910/DVN/ZHF9WC datafile 10396546 (r3-all-2018.csv.gz, md5 fd3487254ae01b22b999d6425fa62309)"
2018,HOWRAH,PANCHLA,BIKIHAKOLA,"doi:10.7910/DVN/ZHF9WC datafile 10396546 (r3-all-2018.csv.gz, md5 fd3487254ae01b22b999d6425fa62309)"
2018,HOWRAH,PANCHLA,CHARA-PANCHLA,"doi:10.7910/DVN/ZHF9WC datafile 10396546 (r3-all-2018.csv.gz, md5 fd3487254ae01b22b999d6425fa62309)"
2018,HOWRAH,PANCHLA,DEULPUR,"doi:10.7910/DVN/ZHF9WC datafile 10396546 (r3-all-2018.csv.gz, md5 fd3487254ae01b22b999d6425fa62309)"
2018,HOWRAH,PANCHLA,GANGADHARPUR,"doi:10.7910/DVN/ZHF9WC datafile 10396546 (r3-all-2018.csv.gz, md5 fd3487254ae01b22b999d6425fa62309)"
2018,HOWRAH,PANCHLA,JALABISWANATHPUR,"doi:10.7910/DVN/ZHF9WC datafile 10396546 (r3-all-2018.csv.gz, md5 fd3487254ae01b22b999d6425fa62309)"
2018,HOWRAH,PANCHLA,JUJARSAHA,"doi:10.7910/DVN/ZHF9WC datafile 10396546 (r3-all-2018.csv.gz, md5 fd3487254ae01b22b999d6425fa62309)"
2018,HOWRAH,PANCHLA,PANCHLA,"doi:10.7910/DVN/ZHF9WC datafile 10396546 (r3-all-2018.csv.gz, md5 fd3487254ae01b22b999d6425fa62309)"
2018,HOWRAH,PANCHLA,SAHAPUR,"doi:10.7910/DVN/ZHF9WC datafile 10396546 (r3-all-2018.csv.gz, md5 fd3487254ae01b22b999d6425fa62309)"
2018,HOWRAH,PANCHLA,SUVARARA,"doi:10.7910/DVN/ZHF9WC datafile 10396546 (r3-all-2018.csv.gz, md5 fd3487254ae01b22b999d6425fa62309)"
2018,PASCHIM BARDHAMAN,PANDABESHWAR,BAHULA,"doi:10.7910/DVN/ZHF9WC datafile 10396546 (r3-all-2018.csv.gz, md5 fd3487254ae01b22b999d6425fa62309)"
2018,PASCHIM BARDHAMAN,PANDABESHWAR,BAIDYANATHPUR,"doi:10.7910/DVN/ZHF9WC datafile 10396546 (r3-all-2018.csv.gz, md5 fd3487254ae01b22b999d6425fa62309)"
2018,PASCHIM BARDHAMAN,PANDABESHWAR,CHHORA,"doi:10.7910/DVN/ZHF9WC datafile 10396546 (r3-all-2018.csv.gz, md5 fd3487254ae01b22b999d6425fa62309)"
2018,PASCHIM BARDHAMAN,PANDABESHWAR,HARIPUR,"doi:10.7910/DVN/ZHF9WC datafile 10396546 (r3-all-2018.csv.gz, md5 fd3487254ae01b22b999d6425fa62309)"
2018,PASCHIM BARDHAMAN,PANDABESHWAR,KENDRA,"doi:10.7910/DVN/ZHF9WC datafile 10396546 (r3-all-2018.csv.gz, md5 fd3487254ae01b22b999d6425fa62309)"
2018,PASCHIM BARDHAMAN,PANDABESHWAR,NABAGRAM,"doi:10.7910/DVN/ZHF9WC datafile 10396546 (r3-all-2018.csv.gz, md5 fd3487254ae01b22b999d6425fa62309)"
2018,HOOGHLY,PANDUA,BANTIKABAINCHI,"doi:10.7910/DVN/ZHF9WC datafile 10396546 (r3-all-2018.csv.gz, md5 fd3487254ae01b22b999d6425fa62309)"
2018,HOOGHLY,PANDUA,BELOONDHAMASIN,"doi:10.7910/DVN/ZHF9WC datafile 10396546 (r3-all-2018.csv.gz, md5 fd3487254ae01b22b999d6425fa62309)"
2018,HOOGHLY,PANDUA,BERELAKONCHMALI,"doi:10.7910/DVN/ZHF9WC datafile 10396546 (r3-all-2018.csv.gz, md5 fd3487254ae01b22b999d6425fa62309)"
2018,HOOGHLY,PANDUA,HARALDASPUR,"doi:10.7910/DVN/ZHF9WC datafile 10396546 (r3-all-2018.csv.gz, md5 fd3487254ae01b22b999d6425fa62309)"
2018,HOOGHLY,PANDUA,ITACHUNAKHANYAN,"doi:10.7910/DVN/ZHF9WC datafile 10396546 (r3-all-2018.csv.gz, md5 fd3487254ae01b22b999d6425fa62309)"
2018,HOOGHLY,PANDUA,JAMNA,"doi:10.7910/DVN/ZHF9WC datafile 10396546 (r3-all-2018.csv.gz, md5 fd3487254ae01b22b999d6425fa62309)"
2018,HOOGHLY,PANDUA,JAMNAGARMONDALAII,"doi:10.7910/DVN/ZHF9WC datafile 10396546 (r3-all-2018.csv.gz, md5 fd3487254ae01b22b999d6425fa62309)"
2018,HOOGHLY,PANDUA,JAYERDWARBASINI,"doi:10.7910/DVN/ZHF9WC datafile 10396546 (r3-all-2018.csv.gz, md5 fd3487254ae01b22b999d6425fa62309)"
2018,HOOGHLY,PANDUA,KSHIRKUNDI-NAMAJGRAM-NIYASA,"doi:10.7910/DVN/ZHF9WC datafile 10396546 (r3-all-2018.csv.gz, md5 fd3487254ae01b22b999d6425fa62309)"
2018,HOOGHLY,PANDUA,LCHHOBADASPUR,"doi:10.7910/DVN/ZHF9WC datafile 10396546 (r3-all-2018.csv.gz, md5 fd3487254ae01b22b999d6425fa62309)"
2018,HOOGHLY,PANDUA,PANCHAGARA-TOREGRAM,"doi:10.7910/DVN/ZHF9WC datafile 10396546 (r3-all-2018.csv.gz, md5 fd3487254ae01b22b999d6425fa62309)"
2018,HOOGHLY,PANDUA,PANDUA,"doi:10.7910/DVN/ZHF9WC datafile 10396546 (r3-all-2018.csv.gz, md5 fd3487254ae01b22b999d6425fa62309)"
2018,HOOGHLY,PANDUA,RAMESWARPUR-GOPALNAGAR,"doi:10.7910/DVN/ZHF9WC datafile 10396546 (r3-all-2018.csv.gz, md5 fd3487254ae01b22b999d6425fa62309)"
2018,HOOGHLY,PANDUA,SARAI-TINNA,"doi:10.7910/DVN/ZHF9WC datafile 10396546 (r3-all-2018.csv.gz, md5 fd3487254ae01b22b999d6425fa62309)"
2018,HOOGHLY,PANDUA,SHIKHIRACHANPTA,"doi:10.7910/DVN/ZHF9WC datafile 10396546 (r3-all-2018.csv.gz, md5 fd3487254ae01b22b999d6425fa62309)"
2018,HOOGHLY,PANDUA,SIMLAGARHVITASIN,"doi:10.7910/DVN/ZHF9WC datafile 10396546 (r3-all-2018.csv.gz, md5 fd3487254ae01b22b999d6425fa62309)"
2018,PURBA MEDINIPUR,PANSKURA-I,CHAITANYAPUR-I,"doi:10.7910/DVN/ZHF9WC datafile 10396546 (r3-all-2018.csv.gz, md5 fd3487254ae01b22b999d6425fa62309)"
2018,PURBA MEDINIPUR,PANSKURA-I,CHAITANYAPUR-II,"doi:10.7910/DVN/ZHF9WC datafile 10396546 (r3-all-2018.csv.gz, md5 fd3487254ae01b22b999d6425fa62309)"
2018,PURBA MEDINIPUR,PANSKURA-I,GHOSHPUR,"doi:10.7910/DVN/ZHF9WC datafile 10396546 (r3-all-2018.csv.gz, md5 fd3487254ae01b22b999d6425fa62309)"
2018,PURBA MEDINIPUR,PANSKURA-I,GOBINDANAGAR,"doi:10.7910/DVN/ZHF9WC datafile 10396546 (r3-all-2018.csv.gz, md5 fd3487254ae01b22b999d6425fa62309)"
2018,PURBA MEDINIPUR,PANSKURA-I,HAUR,"doi:10.7910/DVN/ZHF9WC datafile 10396546 (r3-all-2018.csv.gz, md5 fd3487254ae01b22b999d6425fa62309)"
2018,PURBA MEDINIPUR,PANSKURA-I,KESHAPAT,"doi:10.7910/DVN/ZHF9WC datafile 10396546 (r3-all-2018.csv.gz, md5 fd3487254ae01b22b999d6425fa62309)"
2018,PURBA MEDINIPUR,PANSKURA-I,KHANDAKHOLA,"doi:10.7910/DVN/ZHF9WC datafile 10396546 (r3-all-2018.csv.gz, md5 fd3487254ae01b22b999d6425fa62309)"
2018,PURBA MEDINIPUR,PANSKURA-I,MYSORA,"doi:10.7910/DVN/ZHF9WC datafile 10396546 (r3-all-2018.csv.gz, md5 fd3487254ae01b22b999d6425fa62309)"
2018,PURBA MEDINIPUR,PANSKURA-I,PANSKURA-I,"doi:10.7910/DVN/ZHF9WC datafile 10396546 (r3-all-2018.csv.gz, md5 fd3487254ae01b22b999d6425fa62309)"
2018,PURBA MEDINIPUR,PANSKURA-I,PRATAPPUR-I,"doi:10.7910/DVN/ZHF9WC datafile 10396546 (r3-all-2018.csv.gz, md5 fd3487254ae01b22b999d6425fa62309)"
2018,PURBA MEDINIPUR,PANSKURA-I,PRATAPPUR-II,"doi:10.7910/DVN/ZHF9WC datafile 10396546 (r3-all-2018.csv.gz, md5 fd3487254ae01b22b999d6425fa62309)"
2018,PURBA MEDINIPUR,PANSKURA-I,PURUSOTTAMPUR,"doi:10.7910/DVN/ZHF9WC datafile 10396546 (r3-all-2018.csv.gz, md5 fd3487254ae01b22b999d6425fa62309)"
2018,PURBA MEDINIPUR,PANSKURA-I,RADHABALLAVCHAK,"doi:10.7910/DVN/ZHF9WC datafile 10396546 (r3-all-2018.csv.gz, md5 fd3487254ae01b22b999d6425fa62309)"
2018,PURBA MEDINIPUR,PANSKURA-I,RAGHUNATHBARI,"doi:10.7910/DVN/ZHF9WC datafile 10396546 (r3-all-2018.csv.gz, md5 fd3487254ae01b22b999d6425fa62309)"
2018,PURULIA,PARA,ANARA,"doi:10.7910/DVN/ZHF9WC datafile 10396546 (r3-all-2018.csv.gz, md5 fd3487254ae01b22b999d6425fa62309)"
2018,PURULIA,PARA,BAHARA,"doi:10.7910/DVN/ZHF9WC datafile 10396546 (r3-all-2018.csv.gz, md5 fd3487254ae01b22b999d6425fa62309)"
2018,PURULIA,PARA,BOWRIDIH,"doi:10.7910/DVN/ZHF9WC datafile 10396546 (r3-all-2018.csv.gz, md5 fd3487254ae01b22b999d6425fa62309)"
2018,PURULIA,PARA,DEOLI,"doi:10.7910/DVN/ZHF9WC datafile 10396546 (r3-all-2018.csv.gz, md5 fd3487254ae01b22b999d6425fa62309)"
2018,PURULIA,PARA,DUBRA,"doi:10.7910/DVN/ZHF9WC datafile 10396546 (r3-all-2018.csv.gz, md5 fd3487254ae01b22b999d6425fa62309)"
2018,PURULIA,PARA,JABARRAH-JHAPRA-I,"doi:10.7910/DVN/ZHF9WC datafile 10396546 (r3-all-2018.csv.gz, md5 fd3487254ae01b22b999d6425fa62309)"
2018,PURULIA,PARA,JABARRAH-JHAPRA-II,"doi:10.7910/DVN/ZHF9WC datafile 10396546 (r3-all-2018.csv.gz, md5 fd3487254ae01b22b999d6425fa62309)"
2018,PURULIA,PARA,NADIHASURULIA,"doi:10.7910/DVN/ZHF9WC datafile 10396546 (r3-all-2018.csv.gz, md5 fd3487254ae01b22b999d6425fa62309)"
2018,PURULIA,PARA,PARA,"doi:10.7910/DVN/ZHF9WC datafile 10396546 (r3-all-2018.csv.gz, md5 fd3487254ae01b22b999d6425fa62309)"
2018,PURULIA,PARA,UDAYPUR-JOYNAGAR,"doi:10.7910/DVN/ZHF9WC datafile 10396546 (r3-all-2018.csv.gz, md5 fd3487254ae01b22b999d6425fa62309)"
2018,PURBA MEDINIPUR,PATASHPUR-I,AMARSHI-I,"doi:10.7910/DVN/ZHF9WC datafile 10396546 (r3-all-2018.csv.gz, md5 fd3487254ae01b22b999d6425fa62309)"
2018,PURBA MEDINIPUR,PATASHPUR-I,AMARSHI-II,"doi:10.7910/DVN/ZHF9WC datafile 10396546 (r3-all-2018.csv.gz, md5 fd3487254ae01b22b999d6425fa62309)"
2018,PURBA MEDINIPUR,PATASHPUR-I,BARAHAT,"doi:10.7910/DVN/ZHF9WC datafile 10396546 (r3-all-2018.csv.gz, md5 fd3487254ae01b22b999d6425fa62309)"
2018,PURBA MEDINIPUR,PATASHPUR-I,BRAJALALPUR,"doi:10.7910/DVN/ZHF9WC datafile 10396546 (r3-all-2018.csv.gz, md5 fd3487254ae01b22b999d6425fa62309)"
2018,PURBA MEDINIPUR,PATASHPUR-I,CHISTIPUR-I,"doi:10.7910/DVN/ZHF9WC datafile 10396546 (r3-all-2018.csv.gz, md5 fd3487254ae01b22b999d6425fa62309)"
2018,PURBA MEDINIPUR,PATASHPUR-I,CHISTIPUR-II,"doi:10.7910/DVN/ZHF9WC datafile 10396546 (r3-all-2018.csv.gz, md5 fd3487254ae01b22b999d6425fa62309)"
2018,PURBA MEDINIPUR,PATASHPUR-I,GOKULPUR,"doi:10.7910/DVN/ZHF9WC datafile 10396546 (r3-all-2018.csv.gz, md5 fd3487254ae01b22b999d6425fa62309)"
2018,PURBA MEDINIPUR,PATASHPUR-I,GOPALPUR,"doi:10.7910/DVN/ZHF9WC datafile 10396546 (r3-all-2018.csv.gz, md5 fd3487254ae01b22b999d6425fa62309)"
2018,PURBA MEDINIPUR,PATASHPUR-I,NAIPUR,"doi:10.7910/DVN/ZHF9WC datafile 10396546 (r3-all-2018.csv.gz, md5 fd3487254ae01b22b999d6425fa62309)"
2018,PURBA MEDINIPUR,PATASHPUR-II,ARGOAL,"doi:10.7910/DVN/ZHF9WC datafile 10396546 (r3-all-2018.csv.gz, md5 fd3487254ae01b22b999d6425fa62309)"
2018,PURBA MEDINIPUR,PATASHPUR-II,KHARGRAM,"doi:10.7910/DVN/ZHF9WC datafile 10396546 (r3-all-2018.csv.gz, md5 fd3487254ae01b22b999d6425fa62309)"
2018,PURBA MEDINIPUR,PATASHPUR-II,MATHURA,"doi:10.7910/DVN/ZHF9WC datafile 10396546 (r3-all-2018.csv.gz, md5 fd3487254ae01b22b999d6425fa62309)"
2018,PURBA MEDINIPUR,PATASHPUR-II,PANCHET,"doi:10.7910/DVN/ZHF9WC datafile 10396546 (r3-all-2018.csv.gz, md5 fd3487254ae01b22b999d6425fa62309)"
2018,PURBA MEDINIPUR,PATASHPUR-II,PATASPUR,"doi:10.7910/DVN/ZHF9WC datafile 10396546 (r3-all-2018.csv.gz, md5 fd3487254ae01b22b999d6425fa62309)"
2018,PURBA MEDINIPUR,PATASHPUR-II,SOUTHKHANDA,"doi:10.7910/DVN/ZHF9WC datafile 10396546 (r3-all-2018.csv.gz, md5 fd3487254ae01b22b999d6425fa62309)"
2018,PURBA MEDINIPUR,PATASHPUR-II,SRIRAMPUR,"doi:10.7910/DVN/ZHF9WC datafile 10396546 (r3-all-2018.csv.gz, md5 fd3487254ae01b22b999d6425fa62309)"
2018,24 PARGANAS SOUTH,PATHAR PRATIMA,ACHINTYANAGAR,"doi:10.7910/DVN/ZHF9WC datafile 10396546 (r3-all-2018.csv.gz, md5 fd3487254ae01b22b999d6425fa62309)"
2018,24 PARGANAS SOUTH,PATHAR PRATIMA,BANASHYAMNAGAR,"doi:10.7910/DVN/ZHF9WC datafile 10396546 (r3-all-2018.csv.gz, md5 fd3487254ae01b22b999d6425fa62309)"
2018,24 PARGANAS SOUTH,PATHAR PRATIMA,BRAJABALLAVPUR,"doi:10.7910/DVN/ZHF9WC datafile 10396546 (r3-all-2018.csv.gz, md5 fd3487254ae01b22b999d6425fa62309)"
2018,24 PARGANAS SOUTH,PATHAR PRATIMA,DAKSHIN GANGADHARPUR,"doi:10.7910/DVN/ZHF9WC datafile 10396546 (r3-all-2018.csv.gz, md5 fd3487254ae01b22b999d6425fa62309)"
2018,24 PARGANAS SOUTH,PATHAR PRATIMA,DAKSHIN RAIPUR,"doi:10.7910/DVN/ZHF9WC datafile 10396546 (r3-all-2018.csv.gz, md5 fd3487254ae01b22b999d6425fa62309)"
2018,24 PARGANAS SOUTH,PATHAR PRATIMA,DIGAMBARPUR,"doi:10.7910/DVN/ZHF9WC datafile 10396546 (r3-all-2018.csv.gz, md5 fd3487254ae01b22b999d6425fa62309)"
2018,24 PARGANAS SOUTH,PATHAR PRATIMA,DURBACHATI,"doi:10.7910/DVN/ZHF9WC datafile 10396546 (r3-all-2018.csv.gz, md5 fd3487254ae01b22b999d6425fa62309)"
2018,24 PARGANAS SOUTH,PATHAR PRATIMA,G PLOT,"doi:10.7910/DVN/ZHF9WC datafile 10396546 (r3-all-2018.csv.gz, md5 fd3487254ae01b22b999d6425fa62309)"
2018,24 PARGANAS SOUTH,PATHAR PRATIMA,GOPALNAGAR,"doi:10.7910/DVN/ZHF9WC datafile 10396546 (r3-all-2018.csv.gz, md5 fd3487254ae01b22b999d6425fa62309)"
2018,24 PARGANAS SOUTH,PATHAR PRATIMA,HERAMBAGOPALPUR,"doi:10.7910/DVN/ZHF9WC datafile 10396546 (r3-all-2018.csv.gz, md5 fd3487254ae01b22b999d6425fa62309)"
2018,24 PARGANAS SOUTH,PATHAR PRATIMA,LAKSMIJANARDANPUR,"doi:10.7910/DVN/ZHF9WC datafile 10396546 (r3-all-2018.csv.gz, md5 fd3487254ae01b22b999d6425fa62309)"
2018,24 PARGANAS SOUTH,PATHAR PRATIMA,PATHARPRATIMA,"doi:10.7910/DVN/ZHF9WC datafile 10396546 (r3-all-2018.csv.gz, md5 fd3487254ae01b22b999d6425fa62309)"
2018,24 PARGANAS SOUTH,PATHAR PRATIMA,RAMGANGA,"doi:10.7910/DVN/ZHF9WC datafile 10396546 (r3-all-2018.csv.gz, md5 fd3487254ae01b22b999d6425fa62309)"
2018,24 PARGANAS SOUTH,PATHAR PRATIMA,SRIDHARNAGAR,"doi:10.7910/DVN/ZHF9WC datafile 10396546 (r3-all-2018.csv.gz, md5 fd3487254ae01b22b999d6425fa62309)"
2018,24 PARGANAS SOUTH,PATHAR PRATIMA,SRINARAYANPUR PURNACHANDRAPUR,"doi:10.7910/DVN/ZHF9WC datafile 10396546 (r3-all-2018.csv.gz, md5 fd3487254ae01b22b999d6425fa62309)"
2018,BANKURA,PATRASAYER,BALSI-I,"doi:10.7910/DVN/ZHF9WC datafile 10396546 (r3-all-2018.csv.gz, md5 fd3487254ae01b22b999d6425fa62309)"
2018,BANKURA,PATRASAYER,BALSI-II,"doi:10.7910/DVN/ZHF9WC datafile 10396546 (r3-all-2018.csv.gz, md5 fd3487254ae01b22b999d6425fa62309)"
2018,BANKURA,PATRASAYER,BELUT-RASULPUR,"doi:10.7910/DVN/ZHF9WC datafile 10396546 (r3-all-2018.csv.gz, md5 fd3487254ae01b22b999d6425fa62309)"
2018,BANKURA,PATRASAYER,BEUR BETUR,"doi:10.7910/DVN/ZHF9WC datafile 10396546 (r3-all-2018.csv.gz, md5 fd3487254ae01b22b999d6425fa62309)"
2018,BANKURA,PATRASAYER,BIRSINGHA,"doi:10.7910/DVN/ZHF9WC datafile 10396546 (r3-all-2018.csv.gz, md5 fd3487254ae01b22b999d6425fa62309)"
2018,BANKURA,PATRASAYER,HAMIRPUR,"doi:10.7910/DVN/ZHF9WC datafile 10396546 (r3-all-2018.csv.gz, md5 fd3487254ae01b22b999d6425fa62309)"
2018,BANKURA,PATRASAYER,JAMKURI,"doi:10.7910/DVN/ZHF9WC datafile 10396546 (r3-all-2018.csv.gz, md5 fd3487254ae01b22b999d6425fa62309)"
2018,BANKURA,PATRASAYER,KUSHDWIP,"doi:10.7910/DVN/ZHF9WC datafile 10396546 (r3-all-2018.csv.gz, md5 fd3487254ae01b22b999d6425fa62309)"
2018,BANKURA,PATRASAYER,NARAYANPUR,"doi:10.7910/DVN/ZHF9WC datafile 10396546 (r3-all-2018.csv.gz, md5 fd3487254ae01b22b999d6425fa62309)"
2018,BANKURA,PATRASAYER,PATRASAYAR,"doi:10.7910/DVN/ZHF9WC datafile 10396546 (r3-all-2018.csv.gz, md5 fd3487254ae01b22b999d6425fa62309)"
2018,PASCHIM MEDINIPUR,PINGLA,DHANESWARPUR,"doi:10.7910/DVN/ZHF9WC datafile 10396546 (r3-all-2018.csv.gz, md5 fd3487254ae01b22b999d6425fa62309)"
2018,PASCHIM MEDINIPUR,PINGLA,GOBORDHANPUR,"doi:10.7910/DVN/ZHF9WC datafile 10396546 (r3-all-2018.csv.gz, md5 fd3487254ae01b22b999d6425fa62309)"
2018,PASCHIM MEDINIPUR,PINGLA,JALCHAK-I,"doi:10.7910/DVN/ZHF9WC datafile 10396546 (r3-all-2018.csv.gz, md5 fd3487254ae01b22b999d6425fa62309)"
2018,PASCHIM MEDINIPUR,PINGLA,JALCHAK-II,"doi:10.7910/DVN/ZHF9WC datafile 10396546 (r3-all-2018.csv.gz, md5 fd3487254ae01b22b999d6425fa62309)"
2018,PASCHIM MEDINIPUR,PINGLA,JAMNA,"doi:10.7910/DVN/ZHF9WC datafile 10396546 (r3-all-2018.csv.gz, md5 fd3487254ae01b22b999d6425fa62309)"
2018,PASCHIM MEDINIPUR,PINGLA,KARKAI,"doi:10.7910/DVN/ZHF9WC datafile 10396546 (r3-all-2018.csv.gz, md5 fd3487254ae01b22b999d6425fa62309)"
2018,PASCHIM MEDINIPUR,PINGLA,KSHIRAI,"doi:10.7910/DVN/ZHF9WC datafile 10396546 (r3-all-2018.csv.gz, md5 fd3487254ae01b22b999d6425fa62309)"
2018,PASCHIM MEDINIPUR,PINGLA,KUSUMDA,"doi:10.7910/DVN/ZHF9WC datafile 10396546 (r3-all-2018.csv.gz, md5 fd3487254ae01b22b999d6425fa62309)"
2018,PASCHIM MEDINIPUR,PINGLA,MALIGRAM,"doi:10.7910/DVN/ZHF9WC datafile 10396546 (r3-all-2018.csv.gz, md5 fd3487254ae01b22b999d6425fa62309)"
2018,PASCHIM MEDINIPUR,PINGLA,PINDURUI,"doi:10.7910/DVN/ZHF9WC datafile 10396546 (r3-all-2018.csv.gz, md5 fd3487254ae01b22b999d6425fa62309)"
2018,HOOGHLY,POLBA-DADPUR,AKHNA,"doi:10.7910/DVN/ZHF9WC datafile 10396546 (r3-all-2018.csv.gz, md5 fd3487254ae01b22b999d6425fa62309)"
2018,HOOGHLY,POLBA-DADPUR,AMNAN,"doi:10.7910/DVN/ZHF9WC datafile 10396546 (r3-all-2018.csv.gz, md5 fd3487254ae01b22b999d6425fa62309)"
2018,HOOGHLY,POLBA-DADPUR,BABNAN,"doi:10.7910/DVN/ZHF9WC datafile 10396546 (r3-all-2018.csv.gz, md5 fd3487254ae01b22b999d6425fa62309)"
2018,HOOGHLY,POLBA-DADPUR,DADPUR,"doi:10.7910/DVN/ZHF9WC datafile 10396546 (r3-all-2018.csv.gz, md5 fd3487254ae01b22b999d6425fa62309)"
2018,HOOGHLY,POLBA-DADPUR,GOSWAMIMALIPARA,"doi:10.7910/DVN/ZHF9WC datafile 10396546 (r3-all-2018.csv.gz, md5 fd3487254ae01b22b999d6425fa62309)"
2018,HOOGHLY,POLBA-DADPUR,HARIT,"doi:10.7910/DVN/ZHF9WC datafile 10396546 (r3-all-2018.csv.gz, md5 fd3487254ae01b22b999d6425fa62309)"
2018,HOOGHLY,POLBA-DADPUR,MAHANAD,"doi:10.7910/DVN/ZHF9WC datafile 10396546 (r3-all-2018.csv.gz, md5 fd3487254ae01b22b999d6425fa62309)"
2018,HOOGHLY,POLBA-DADPUR,MAKALPUR,"doi:10.7910/DVN/ZHF9WC datafile 10396546 (r3-all-2018.csv.gz, md5 fd3487254ae01b22b999d6425fa62309)"
2018,HOOGHLY,POLBA-DADPUR,POLBA,"doi:10.7910/DVN/ZHF9WC datafile 10396546 (r3-all-2018.csv.gz, md5 fd3487254ae01b22b999d6425fa62309)"
2018,HOOGHLY,POLBA-DADPUR,RAJHAT,"doi:10.7910/DVN/ZHF9WC datafile 10396546 (r3-all-2018.csv.gz, md5 fd3487254ae01b22b999d6425fa62309)"
2018,HOOGHLY,POLBA-DADPUR,SATITHAN,"doi:10.7910/DVN/ZHF9WC datafile 10396546 (r3-all-2018.csv.gz, md5 fd3487254ae01b22b999d6425fa62309)"
2018,HOOGHLY,POLBA-DADPUR,SUGANDHA,"doi:10.7910/DVN/ZHF9WC datafile 10396546 (r3-all-2018.csv.gz, md5 fd3487254ae01b22b999d6425fa62309)"
2018,PURULIA,PUNCHA,BAGDA,"doi:10.7910/DVN/ZHF9WC datafile 10396546 (r3-all-2018.csv.gz, md5 fd3487254ae01b22b999d6425fa62309)"
2018,PURULIA,PUNCHA,CHANDRA,"doi:10.7910/DVN/ZHF9WC datafile 10396546 (r3-all-2018.csv.gz, md5 fd3487254ae01b22b999d6425fa62309)"
2018,PURULIA,PUNCHA,CHIRUDIHI,"doi:10.7910/DVN/ZHF9WC datafile 10396546 (r3-all-2018.csv.gz, md5 fd3487254ae01b22b999d6425fa62309)"
2018,PURULIA,PUNCHA,JAMBAD,"doi:10.7910/DVN/ZHF9WC datafile 10396546 (r3-all-2018.csv.gz, md5 fd3487254ae01b22b999d6425fa62309)"
2018,PURULIA,PUNCHA,KENDA,"doi:10.7910/DVN/ZHF9WC datafile 10396546 (r3-all-2018.csv.gz, md5 fd3487254ae01b22b999d6425fa62309)"
2018,PURULIA,PUNCHA,LAKHRA,"doi:10.7910/DVN/ZHF9WC datafile 10396546 (r3-all-2018.csv.gz, md5 fd3487254ae01b22b999d6425fa62309)"
2018,PURULIA,PUNCHA,NAPARA,"doi:10.7910/DVN/ZHF9WC datafile 10396546 (r3-all-2018.csv.gz, md5 fd3487254ae01b22b999d6425fa62309)"
2018,PURULIA,PUNCHA,PANIPATHAR,"doi:10.7910/DVN/ZHF9WC datafile 10396546 (r3-all-2018.csv.gz, md5 fd3487254ae01b22b999d6425fa62309)"
2018,PURULIA,PUNCHA,PIRRAH,"doi:10.7910/DVN/ZHF9WC datafile 10396546 (r3-all-2018.csv.gz, md5 fd3487254ae01b22b999d6425fa62309)"
2018,PURULIA,PUNCHA,PUNCHA,"doi:10.7910/DVN/ZHF9WC datafile 10396546 (r3-all-2018.csv.gz, md5 fd3487254ae01b22b999d6425fa62309)"
2018,PURBA BARDHAMAN,PURBASTHALI-I,BOGPUR,"doi:10.7910/DVN/ZHF9WC datafile 10396546 (r3-all-2018.csv.gz, md5 fd3487254ae01b22b999d6425fa62309)"
2018,PURBA BARDHAMAN,PURBASTHALI-I,DOGACHIA,"doi:10.7910/DVN/ZHF9WC datafile 10396546 (r3-all-2018.csv.gz, md5 fd3487254ae01b22b999d6425fa62309)"
2018,PURBA BARDHAMAN,PURBASTHALI-I,JAHANNAGAR,"doi:10.7910/DVN/ZHF9WC datafile 10396546 (r3-all-2018.csv.gz, md5 fd3487254ae01b22b999d6425fa62309)"
2018,PURBA BARDHAMAN,PURBASTHALI-I,NADANGHAT,"doi:10.7910/DVN/ZHF9WC datafile 10396546 (r3-all-2018.csv.gz, md5 fd3487254ae01b22b999d6425fa62309)"
2018,PURBA BARDHAMAN,PURBASTHALI-I,NASRATPUR,"doi:10.7910/DVN/ZHF9WC datafile 10396546 (r3-all-2018.csv.gz, md5 fd3487254ae01b22b999d6425fa62309)"
2018,PURBA BARDHAMAN,PURBASTHALI-I,SAMUDRAGARH,"doi:10.7910/DVN/ZHF9WC datafile 10396546 (r3-all-2018.csv.gz, md5 fd3487254ae01b22b999d6425fa62309)"
2018,PURBA BARDHAMAN,PURBASTHALI-I,SRIRAMPUR,"doi:10.7910/DVN/ZHF9WC datafile 10396546 (r3-all-2018.csv.gz, md5 fd3487254ae01b22b999d6425fa62309)"
2018,PURBA BARDHAMAN,PURBASTHALI-II,JHOWDANGA,"doi:10.7910/DVN/ZHF9WC datafile 10396546 (r3-all-2018.csv.gz, md5 fd3487254ae01b22b999d6425fa62309)"
2018,PURBA BARDHAMAN,PURBASTHALI-II,KALEKHANTALA-I,"doi:10.7910/DVN/ZHF9WC datafile 10396546 (r3-all-2018.csv.gz, md5 fd3487254ae01b22b999d6425fa62309)"
2018,PURBA BARDHAMAN,PURBASTHALI-II,KALEKHANTALA-II,"doi:10.7910/DVN/ZHF9WC datafile 10396546 (r3-all-2018.csv.gz, md5 fd3487254ae01b22b999d6425fa62309)"
2018,PURBA BARDHAMAN,PURBASTHALI-II,MAJIDA,"doi:10.7910/DVN/ZHF9WC datafile 10396546 (r3-all-2018.csv.gz, md5 fd3487254ae01b22b999d6425fa62309)"
2018,PURBA BARDHAMAN,PURBASTHALI-II,MERTALA,"doi:10.7910/DVN/ZHF9WC datafile 10396546 (r3-all-2018.csv.gz, md5 fd3487254ae01b22b999d6425fa62309)"
2018,PURBA BARDHAMAN,PURBASTHALI-II,MUKSHIMPARA,"doi:10.7910/DVN/ZHF9WC datafile 10396546 (r3-all-2018.csv.gz, md5 fd3487254ae01b22b999d6425fa62309)"
2018,PURBA BARDHAMAN,PURBASTHALI-II,NIMDAHA,"doi:10.7910/DVN/ZHF9WC datafile 10396546 (r3-all-2018.csv.gz, md5 fd3487254ae01b22b999d6425fa62309)"
2018,PURBA BARDHAMAN,PURBASTHALI-II,PATULI,"doi:10.7910/DVN/ZHF9WC datafile 10396546 (r3-all-2018.csv.gz, md5 fd3487254ae01b22b999d6425fa62309)"
2018,PURBA BARDHAMAN,PURBASTHALI-II,PILLA,"doi:10.7910/DVN/ZHF9WC datafile 10396546 (r3-all-2018.csv.gz, md5 fd3487254ae01b22b999d6425fa62309)"
2018,PURBA BARDHAMAN,PURBASTHALI-II,PURBASTHALI,"doi:10.7910/DVN/ZHF9WC datafile 10396546 (r3-all-2018.csv.gz, md5 fd3487254ae01b22b999d6425fa62309)"
2018,HOOGHLY,PURSURAH,BHANGAMORA,"doi:10.7910/DVN/ZHF9WC datafile 10396546 (r3-all-2018.csv.gz, md5 fd3487254ae01b22b999d6425fa62309)"
2018,HOOGHLY,PURSURAH,CHILADANGI,"doi:10.7910/DVN/ZHF9WC datafile 10396546 (r3-all-2018.csv.gz, md5 fd3487254ae01b22b999d6425fa62309)"
2018,HOOGHLY,PURSURAH,DIHIBADPUR,"doi:10.7910/DVN/ZHF9WC datafile 10396546 (r3-all-2018.csv.gz, md5 fd3487254ae01b22b999d6425fa62309)"
2018,HOOGHLY,PURSURAH,KELEPARA,"doi:10.7910/DVN/ZHF9WC datafile 10396546 (r3-all-2018.csv.gz, md5 fd3487254ae01b22b999d6425fa62309)"
2018,HOOGHLY,PURSURAH,PURSURAH-I,"doi:10.7910/DVN/ZHF9WC datafile 10396546 (r3-all-2018.csv.gz, md5 fd3487254ae01b22b999d6425fa62309)"
2018,HOOGHLY,PURSURAH,PURSURAH-II,"doi:10.7910/DVN/ZHF9WC datafile 10396546 (r3-all-2018.csv.gz, md5 fd3487254ae01b22b999d6425fa62309)"
2018,HOOGHLY,PURSURAH,SHYAMPUR,"doi:10.7910/DVN/ZHF9WC datafile 10396546 (r3-all-2018.csv.gz, md5 fd3487254ae01b22b999d6425fa62309)"
2018,HOOGHLY,PURSURAH,SREERAMPUR,"doi:10.7910/DVN/ZHF9WC datafile 10396546 (r3-all-2018.csv.gz, md5 fd3487254ae01b22b999d6425fa62309)"
2018,PURULIA,PURULIA-I,BHANDARPUARA-CHIPIDA,"doi:10.7910/DVN/ZHF9WC datafile 10396546 (r3-all-2018.csv.gz, md5 fd3487254ae01b22b999d6425fa62309)"
2018,PURULIA,PURULIA-I,CHAKALTORE,"doi:10.7910/DVN/ZHF9WC datafile 10396546 (r3-all-2018.csv.gz, md5 fd3487254ae01b22b999d6425fa62309)"
2018,PURULIA,PURULIA-I,DIMDIHA,"doi:10.7910/DVN/ZHF9WC datafile 10396546 (r3-all-2018.csv.gz, md5 fd3487254ae01b22b999d6425fa62309)"
2018,PURULIA,PURULIA-I,DURKU,"doi:10.7910/DVN/ZHF9WC datafile 10396546 (r3-all-2018.csv.gz, md5 fd3487254ae01b22b999d6425fa62309)"
2018,PURULIA,PURULIA-I,GARAFUSRA,"doi:10.7910/DVN/ZHF9WC datafile 10396546 (r3-all-2018.csv.gz, md5 fd3487254ae01b22b999d6425fa62309)"
2018,PURULIA,PURULIA-I,LAGDA,"doi:10.7910/DVN/ZHF9WC datafile 10396546 (r3-all-2018.csv.gz, md5 fd3487254ae01b22b999d6425fa62309)"
2018,PURULIA,PURULIA-I,MANARA,"doi:10.7910/DVN/ZHF9WC datafile 10396546 (r3-all-2018.csv.gz, md5 fd3487254ae01b22b999d6425fa62309)"
2018,PURULIA,PURULIA-I,SONAIJURI,"doi:10.7910/DVN/ZHF9WC datafile 10396546 (r3-all-2018.csv.gz, md5 fd3487254ae01b22b999d6425fa62309)"
2018,PURULIA,PURULIA-II,AGOYA-NARRA,"doi:10.7910/DVN/ZHF9WC datafile 10396546 (r3-all-2018.csv.gz, md5 fd3487254ae01b22b999d6425fa62309)"
2018,PURULIA,PURULIA-II,BELMA,"doi:10.7910/DVN/ZHF9WC datafile 10396546 (r3-all-2018.csv.gz, md5 fd3487254ae01b22b999d6425fa62309)"
2018,PURULIA,PURULIA-II,BHANGRA,"doi:10.7910/DVN/ZHF9WC datafile 10396546 (r3-all-2018.csv.gz, md5 fd3487254ae01b22b999d6425fa62309)"
2018,PURULIA,PURULIA-II,CHHARRADUMDUMI,"doi:10.7910/DVN/ZHF9WC datafile 10396546 (r3-all-2018.csv.gz, md5 fd3487254ae01b22b999d6425fa62309)"
2018,PURULIA,PURULIA-II,GHONGA,"doi:10.7910/DVN/ZHF9WC datafile 10396546 (r3-all-2018.csv.gz, md5 fd3487254ae01b22b999d6425fa62309)"
2018,PURULIA,PURULIA-II,GOLAMARA,"doi:10.7910/DVN/ZHF9WC datafile 10396546 (r3-all-2018.csv.gz, md5 fd3487254ae01b22b999d6425fa62309)"
2018,PURULIA,PURULIA-II,HUTMURA,"doi:10.7910/DVN/ZHF9WC datafile 10396546 (r3-all-2018.csv.gz, md5 fd3487254ae01b22b999d6425fa62309)"
2018,PURULIA,PURULIA-II,PINDRA,"doi:10.7910/DVN/ZHF9WC datafile 10396546 (r3-all-2018.csv.gz, md5 fd3487254ae01b22b999d6425fa62309)"
2018,PURULIA,PURULIA-II,RAGHABPUR,"doi:10.7910/DVN/ZHF9WC datafile 10396546 (r3-all-2018.csv.gz, md5 fd3487254ae01b22b999d6425fa62309)"
2018,SILIGURI MAHAKUMA PARISAD,Phansidewa,Bidhannagar I,"doi:10.7910/DVN/ZHF9WC datafile 10396546 (r3-all-2018.csv.gz, md5 fd3487254ae01b22b999d6425fa62309)"
2018,SILIGURI MAHAKUMA PARISAD,Phansidewa,Bidhannagar II,"doi:10.7910/DVN/ZHF9WC datafile 10396546 (r3-all-2018.csv.gz, md5 fd3487254ae01b22b999d6425fa62309)"
2018,SILIGURI MAHAKUMA PARISAD,Phansidewa,Chathat Bansgaon,"doi:10.7910/DVN/ZHF9WC datafile 10396546 (r3-all-2018.csv.gz, md5 fd3487254ae01b22b999d6425fa62309)"
2018,SILIGURI MAHAKUMA PARISAD,Phansidewa,Ghoshpukur,"doi:10.7910/DVN/ZHF9WC datafile 10396546 (r3-all-2018.csv.gz, md5 fd3487254ae01b22b999d6425fa62309)"
2018,SILIGURI MAHAKUMA PARISAD,Phansidewa,Hetmuri Singhijhora,"doi:10.7910/DVN/ZHF9WC datafile 10396546 (r3-all-2018.csv.gz, md5 fd3487254ae01b22b999d6425fa62309)"
2018,SILIGURI MAHAKUMA PARISAD,Phansidewa,Jalash Nizamtara,"doi:10.7910/DVN/ZHF9WC datafile 10396546 (r3-all-2018.csv.gz, md5 fd3487254ae01b22b999d6425fa62309)"
2018,SILIGURI MAHAKUMA PARISAD,Phansidewa,Phansidewa Bansgaon Kismat,"doi:10.7910/DVN/ZHF9WC datafile 10396546 (r3-all-2018.csv.gz, md5 fd3487254ae01b22b999d6425fa62309)"
2018,PURULIA,RAGHUNATH PUR-I,ARRAH,"doi:10.7910/DVN/ZHF9WC datafile 10396546 (r3-all-2018.csv.gz, md5 fd3487254ae01b22b999d6425fa62309)"
2018,PURULIA,RAGHUNATH PUR-I,BABUGRAM,"doi:10.7910/DVN/ZHF9WC datafile 10396546 (r3-all-2018.csv.gz, md5 fd3487254ae01b22b999d6425fa62309)"
2018,PURULIA,RAGHUNATH PUR-I,BERO,"doi:10.7910/DVN/ZHF9WC datafile 10396546 (r3-all-2018.csv.gz, md5 fd3487254ae01b22b999d6425fa62309)"
2018,PURULIA,RAGHUNATH PUR-I,CHORPAHARI,"doi:10.7910/DVN/ZHF9WC datafile 10396546 (r3-all-2018.csv.gz, md5 fd3487254ae01b22b999d6425fa62309)"
2018,PURULIA,RAGHUNATH PUR-I,KHAJURA,"doi:10.7910/DVN/ZHF9WC datafile 10396546 (r3-all-2018.csv.gz, md5 fd3487254ae01b22b999d6425fa62309)"
2018,PURULIA,RAGHUNATH PUR-I,NUTANDI,"doi:10.7910/DVN/ZHF9WC datafile 10396546 (r3-all-2018.csv.gz, md5 fd3487254ae01b22b999d6425fa62309)"
2018,PURULIA,RAGHUNATH PUR-I,SANKA,"doi:10.7910/DVN/ZHF9WC datafile 10396546 (r3-all-2018.csv.gz, md5 fd3487254ae01b22b999d6425fa62309)"
2018,MURSHIDABAD,RAGHUNATHGANJ-I,DAFARPUR,"doi:10.7910/DVN/ZHF9WC datafile 10396546 (r3-all-2018.csv.gz, md5 fd3487254ae01b22b999d6425fa62309)"
2018,MURSHIDABAD,RAGHUNATHGANJ-I,JAMUAR,"doi:10.7910/DVN/ZHF9WC datafile 10396546 (r3-all-2018.csv.gz, md5 fd3487254ae01b22b999d6425fa62309)"
2018,MURSHIDABAD,RAGHUNATHGANJ-I,JARUR,"doi:10.7910/DVN/ZHF9WC datafile 10396546 (r3-all-2018.csv.gz, md5 fd3487254ae01b22b999d6425fa62309)"
2018,MURSHIDABAD,RAGHUNATHGANJ-I,KANUPUR,"doi:10.7910/DVN/ZHF9WC datafile 10396546 (r3-all-2018.csv.gz, md5 fd3487254ae01b22b999d6425fa62309)"
2018,MURSHIDABAD,RAGHUNATHGANJ-I,MIRJAPUR,"doi:10.7910/DVN/ZHF9WC datafile 10396546 (r3-all-2018.csv.gz, md5 fd3487254ae01b22b999d6425fa62309)"
2018,MURSHIDABAD,RAGHUNATHGANJ-I,RANINAGAR,"doi:10.7910/DVN/ZHF9WC datafile 10396546 (r3-all-2018.csv.gz, md5 fd3487254ae01b22b999d6425fa62309)"
2018,MURSHIDABAD,RAGHUNATHGANJ-II,BARASIMUL DAYARAMPUR,"doi:10.7910/DVN/ZHF9WC datafile 10396546 (r3-all-2018.csv.gz, md5 fd3487254ae01b22b999d6425fa62309)"
2018,MURSHIDABAD,RAGHUNATHGANJ-II,GIRIA,"doi:10.7910/DVN/ZHF9WC datafile 10396546 (r3-all-2018.csv.gz, md5 fd3487254ae01b22b999d6425fa62309)"
2018,MURSHIDABAD,RAGHUNATHGANJ-II,JOTKAMAL,"doi:10.7910/DVN/ZHF9WC datafile 10396546 (r3-all-2018.csv.gz, md5 fd3487254ae01b22b999d6425fa62309)"
2018,MURSHIDABAD,RAGHUNATHGANJ-II,KASIADANGA,"doi:10.7910/DVN/ZHF9WC datafile 10396546 (r3-all-2018.csv.gz, md5 fd3487254ae01b22b999d6425fa62309)"
2018,MURSHIDABAD,RAGHUNATHGANJ-II,LAKSHMIJOLA,"doi:10.7910/DVN/ZHF9WC datafile 10396546 (r3-all-2018.csv.gz, md5 fd3487254ae01b22b999d6425fa62309)"
2018,MURSHIDABAD,RAGHUNATHGANJ-II,MITIPUR,"doi:10.7910/DVN/ZHF9WC datafile 10396546 (r3-all-2018.csv.gz, md5 fd3487254ae01b22b999d6425fa62309)"
2018,MURSHIDABAD,RAGHUNATHGANJ-II,SAMMATINAGAR,"doi:10.7910/DVN/ZHF9WC datafile 10396546 (r3-all-2018.csv.gz, md5 fd3487254ae01b22b999d6425fa62309)"
2018,MURSHIDABAD,RAGHUNATHGANJ-II,SEKALIPUR,"doi:10.7910/DVN/ZHF9WC datafile 10396546 (r3-all-2018.csv.gz, md5 fd3487254ae01b22b999d6425fa62309)"
2018,MURSHIDABAD,RAGHUNATHGANJ-II,SEKENDRA,"doi:10.7910/DVN/ZHF9WC datafile 10396546 (r3-all-2018.csv.gz, md5 fd3487254ae01b22b999d6425fa62309)"
2018,MURSHIDABAD,RAGHUNATHGANJ-II,TEGHARI-I,"doi:10.7910/DVN/ZHF9WC datafile 10396546 (r3-all-2018.csv.gz, md5 fd3487254ae01b22b999d6425fa62309)"
2018,PURULIA,RAGHUNATHPUR-II,BARRAH,"doi:10.7910/DVN/ZHF9WC datafile 10396546 (r3-all-2018.csv.gz, md5 fd3487254ae01b22b999d6425fa62309)"
2018,PURULIA,RAGHUNATHPUR-II,CHELIAMA,"doi:10.7910/DVN/ZHF9WC datafile 10396546 (r3-all-2018.csv.gz, md5 fd3487254ae01b22b999d6425fa62309)"
2018,PURULIA,RAGHUNATHPUR-II,JORADIH,"doi:10.7910/DVN/ZHF9WC datafile 10396546 (r3-all-2018.csv.gz, md5 fd3487254ae01b22b999d6425fa62309)"
2018,PURULIA,RAGHUNATHPUR-II,MANGALDA-MAUTORE,"doi:10.7910/DVN/ZHF9WC datafile 10396546 (r3-all-2018.csv.gz, md5 fd3487254ae01b22b999d6425fa62309)"
2018,PURULIA,RAGHUNATHPUR-II,NILDIH,"doi:10.7910/DVN/ZHF9WC datafile 10396546 (r3-all-2018.csv.gz, md5 fd3487254ae01b22b999d6425fa62309)"
2018,PURULIA,RAGHUNATHPUR-II,NUTANDIH,"doi:10.7910/DVN/ZHF9WC datafile 10396546 (r3-all-2018.csv.gz, md5 fd3487254ae01b22b999d6425fa62309)"
2018,DINAJPUR UTTAR,RAIGANJ,BAHIN,"doi:10.7910/DVN/ZHF9WC datafile 10396546 (r3-all-2018.csv.gz, md5 fd3487254ae01b22b999d6425fa62309)"
2018,DINAJPUR UTTAR,RAIGANJ,BARUA,"doi:10.7910/DVN/ZHF9WC datafile 10396546 (r3-all-2018.csv.gz, md5 fd3487254ae01b22b999d6425fa62309)"
2018,DINAJPUR UTTAR,RAIGANJ,BHATUN,"doi:10.7910/DVN/ZHF9WC datafile 10396546 (r3-all-2018.csv.gz, md5 fd3487254ae01b22b999d6425fa62309)"
2018,DINAJPUR UTTAR,RAIGANJ,BINDOLE,"doi:10.7910/DVN/ZHF9WC datafile 10396546 (r3-all-2018.csv.gz, md5 fd3487254ae01b22b999d6425fa62309)"
2018,DINAJPUR UTTAR,RAIGANJ,BIRGHOI,"doi:10.7910/DVN/ZHF9WC datafile 10396546 (r3-all-2018.csv.gz, md5 fd3487254ae01b22b999d6425fa62309)"
2018,DINAJPUR UTTAR,RAIGANJ,GOURI,"doi:10.7910/DVN/ZHF9WC datafile 10396546 (r3-all-2018.csv.gz, md5 fd3487254ae01b22b999d6425fa62309)"
2018,DINAJPUR UTTAR,RAIGANJ,JAGADISHPUR,"doi:10.7910/DVN/ZHF9WC datafile 10396546 (r3-all-2018.csv.gz, md5 fd3487254ae01b22b999d6425fa62309)"
2018,DINAJPUR UTTAR,RAIGANJ,KAMALABARI-I,"doi:10.7910/DVN/ZHF9WC datafile 10396546 (r3-all-2018.csv.gz, md5 fd3487254ae01b22b999d6425fa62309)"
2018,DINAJPUR UTTAR,RAIGANJ,KAMALABARI-II,"doi:10.7910/DVN/ZHF9WC datafile 10396546 (r3-all-2018.csv.gz, md5 fd3487254ae01b22b999d6425fa62309)"
2018,DINAJPUR UTTAR,RAIGANJ,MAHIPUR,"doi:10.7910/DVN/ZHF9WC datafile 10396546 (r3-all-2018.csv.gz, md5 fd3487254ae01b22b999d6425fa62309)"
2018,DINAJPUR UTTAR,RAIGANJ,MARAIKURA,"doi:10.7910/DVN/ZHF9WC datafile 10396546 (r3-all-2018.csv.gz, md5 fd3487254ae01b22b999d6425fa62309)"
2018,DINAJPUR UTTAR,RAIGANJ,RAMPUR,"doi:10.7910/DVN/ZHF9WC datafile 10396546 (r3-all-2018.csv.gz, md5 fd3487254ae01b22b999d6425fa62309)"
2018,DINAJPUR UTTAR,RAIGANJ,SERPUR,"doi:10.7910/DVN/ZHF9WC datafile 10396546 (r3-all-2018.csv.gz, md5 fd3487254ae01b22b999d6425fa62309)"
2018,DINAJPUR UTTAR,RAIGANJ,SITGRAM,"doi:10.7910/DVN/ZHF9WC datafile 10396546 (r3-all-2018.csv.gz, md5 fd3487254ae01b22b999d6425fa62309)"
2018,PURBA BARDHAMAN,RAINA-I,HIJALNA,"doi:10.7910/DVN/ZHF9WC datafile 10396546 (r3-all-2018.csv.gz, md5 fd3487254ae01b22b999d6425fa62309)"
2018,PURBA BARDHAMAN,RAINA-I,MUGURA,"doi:10.7910/DVN/ZHF9WC datafile 10396546 (r3-all-2018.csv.gz, md5 fd3487254ae01b22b999d6425fa62309)"
2018,PURBA BARDHAMAN,RAINA-I,NARUGRAM,"doi:10.7910/DVN/ZHF9WC datafile 10396546 (r3-all-2018.csv.gz, md5 fd3487254ae01b22b999d6425fa62309)"
2018,PURBA BARDHAMAN,RAINA-I,NATU,"doi:10.7910/DVN/ZHF9WC datafile 10396546 (r3-all-2018.csv.gz, md5 fd3487254ae01b22b999d6425fa62309)"
2018,PURBA BARDHAMAN,RAINA-I,PALASON,"doi:10.7910/DVN/ZHF9WC datafile 10396546 (r3-all-2018.csv.gz, md5 fd3487254ae01b22b999d6425fa62309)"
2018,PURBA BARDHAMAN,RAINA-I,RAINA,"doi:10.7910/DVN/ZHF9WC datafile 10396546 (r3-all-2018.csv.gz, md5 fd3487254ae01b22b999d6425fa62309)"
2018,PURBA BARDHAMAN,RAINA-I,SEHERA,"doi:10.7910/DVN/ZHF9WC datafile 10396546 (r3-all-2018.csv.gz, md5 fd3487254ae01b22b999d6425fa62309)"
2018,PURBA BARDHAMAN,RAINA-I,SHYAMSUNDAR,"doi:10.7910/DVN/ZHF9WC datafile 10396546 (r3-all-2018.csv.gz, md5 fd3487254ae01b22b999d6425fa62309)"
2018,PURBA BARDHAMAN,RAINA-II,ARUI,"doi:10.7910/DVN/ZHF9WC datafile 10396546 (r3-all-2018.csv.gz, md5 fd3487254ae01b22b999d6425fa62309)"
2018,PURBA BARDHAMAN,RAINA-II,BARABAINAN,"doi:10.7910/DVN/ZHF9WC datafile 10396546 (r3-all-2018.csv.gz, md5 fd3487254ae01b22b999d6425fa62309)"
2018,PURBA BARDHAMAN,RAINA-II,GOTAN,"doi:10.7910/DVN/ZHF9WC datafile 10396546 (r3-all-2018.csv.gz, md5 fd3487254ae01b22b999d6425fa62309)"
2018,PURBA BARDHAMAN,RAINA-II,KAITY,"doi:10.7910/DVN/ZHF9WC datafile 10396546 (r3-all-2018.csv.gz, md5 fd3487254ae01b22b999d6425fa62309)"
2018,PURBA BARDHAMAN,RAINA-II,PAHALANPUR,"doi:10.7910/DVN/ZHF9WC datafile 10396546 (r3-all-2018.csv.gz, md5 fd3487254ae01b22b999d6425fa62309)"
2018,PURBA BARDHAMAN,RAINA-II,PAINTA-I,"doi:10.7910/DVN/ZHF9WC datafile 10396546 (r3-all-2018.csv.gz, md5 fd3487254ae01b22b999d6425fa62309)"
2018,PURBA BARDHAMAN,RAINA-II,PAINTA-II,"doi:10.7910/DVN/ZHF9WC datafile 10396546 (r3-all-2018.csv.gz, md5 fd3487254ae01b22b999d6425fa62309)"
2018,PURBA BARDHAMAN,RAINA-II,UCHALAN,"doi:10.7910/DVN/ZHF9WC datafile 10396546 (r3-all-2018.csv.gz, md5 fd3487254ae01b22b999d6425fa62309)"
2018,BANKURA,RAIPUR,DHANARAH,"doi:10.7910/DVN/ZHF9WC datafile 10396546 (r3-all-2018.csv.gz, md5 fd3487254ae01b22b999d6425fa62309)"
2018,BANKURA,RAIPUR,DHEKO,"doi:10.7910/DVN/ZHF9WC datafile 10396546 (r3-all-2018.csv.gz, md5 fd3487254ae01b22b999d6425fa62309)"
2018,BANKURA,RAIPUR,DUNDAR,"doi:10.7910/DVN/ZHF9WC datafile 10396546 (r3-all-2018.csv.gz, md5 fd3487254ae01b22b999d6425fa62309)"
2018,BANKURA,RAIPUR,FULKUSMA,"doi:10.7910/DVN/ZHF9WC datafile 10396546 (r3-all-2018.csv.gz, md5 fd3487254ae01b22b999d6425fa62309)"
2018,BANKURA,RAIPUR,MELARA,"doi:10.7910/DVN/ZHF9WC datafile 10396546 (r3-all-2018.csv.gz, md5 fd3487254ae01b22b999d6425fa62309)"
2018,BANKURA,RAIPUR,MONDALKULI,"doi:10.7910/DVN/ZHF9WC datafile 10396546 (r3-all-2018.csv.gz, md5 fd3487254ae01b22b999d6425fa62309)"
2018,BANKURA,RAIPUR,MOTGODHA,"doi:10.7910/DVN/ZHF9WC datafile 10396546 (r3-all-2018.csv.gz, md5 fd3487254ae01b22b999d6425fa62309)"
2018,BANKURA,RAIPUR,RAIPUR,"doi:10.7910/DVN/ZHF9WC datafile 10396546 (r3-all-2018.csv.gz, md5 fd3487254ae01b22b999d6425fa62309)"
2018,BANKURA,RAIPUR,SHYAMSUNDARPUR,"doi:10.7910/DVN/ZHF9WC datafile 10396546 (r3-all-2018.csv.gz, md5 fd3487254ae01b22b999d6425fa62309)"
2018,BANKURA,RAIPUR,SONAGARA,"doi:10.7910/DVN/ZHF9WC datafile 10396546 (r3-all-2018.csv.gz, md5 fd3487254ae01b22b999d6425fa62309)"
2018,24 PARGANAS (NORTH),RAJARHAT,CHANDPUR,"doi:10.7910/DVN/ZHF9WC datafile 10396546 (r3-all-2018.csv.gz, md5 fd3487254ae01b22b999d6425fa62309)"
2018,24 PARGANAS (NORTH),RAJARHAT,JANGRAHATIARA-II,"doi:10.7910/DVN/ZHF9WC datafile 10396546 (r3-all-2018.csv.gz, md5 fd3487254ae01b22b999d6425fa62309)"
2018,24 PARGANAS (NORTH),RAJARHAT,MAHISBATHAN-II,"doi:10.7910/DVN/ZHF9WC datafile 10396546 (r3-all-2018.csv.gz, md5 fd3487254ae01b22b999d6425fa62309)"
2018,24 PARGANAS (NORTH),RAJARHAT,PATHARGHATA,"doi:10.7910/DVN/ZHF9WC datafile 10396546 (r3-all-2018.csv.gz, md5 fd3487254ae01b22b999d6425fa62309)"
2018,24 PARGANAS (NORTH),RAJARHAT,RAJARHAT BISHNUPUR-I,"doi:10.7910/DVN/ZHF9WC datafile 10396546 (r3-all-2018.csv.gz, md5 fd3487254ae01b22b999d6425fa62309)"
2018,24 PARGANAS (NORTH),RAJARHAT,RAJARHAT BISHNUPUR-II,"doi:10.7910/DVN/ZHF9WC datafile 10396546 (r3-all-2018.csv.gz, md5 fd3487254ae01b22b999d6425fa62309)"
2018,JALPAIGURI,RAJGANJ,BINNAGURI,"doi:10.7910/DVN/ZHF9WC datafile 10396546 (r3-all-2018.csv.gz, md5 fd3487254ae01b22b999d6425fa62309)"
2018,JALPAIGURI,RAJGANJ,DABGRAM-I,"doi:10.7910/DVN/ZHF9WC datafile 10396546 (r3-all-2018.csv.gz, md5 fd3487254ae01b22b999d6425fa62309)"
2018,JALPAIGURI,RAJGANJ,DABGRAM-II,"doi:10.7910/DVN/ZHF9WC datafile 10396546 (r3-all-2018.csv.gz, md5 fd3487254ae01b22b999d6425fa62309)"
2018,JALPAIGURI,RAJGANJ,FULBARI-I,"doi:10.7910/DVN/ZHF9WC datafile 10396546 (r3-all-2018.csv.gz, md5 fd3487254ae01b22b999d6425fa62309)"
2018,JALPAIGURI,RAJGANJ,FULBARI-II,"doi:10.7910/DVN/ZHF9WC datafile 10396546 (r3-all-2018.csv.gz, md5 fd3487254ae01b22b999d6425fa62309)"
2018,JALPAIGURI,RAJGANJ,KUKURJAN,"doi:10.7910/DVN/ZHF9WC datafile 10396546 (r3-all-2018.csv.gz, md5 fd3487254ae01b22b999d6425fa62309)"
2018,JALPAIGURI,RAJGANJ,MAJHIALI,"doi:10.7910/DVN/ZHF9WC datafile 10396546 (r3-all-2018.csv.gz, md5 fd3487254ae01b22b999d6425fa62309)"
2018,JALPAIGURI,RAJGANJ,MANTADARI,"doi:10.7910/DVN/ZHF9WC datafile 10396546 (r3-all-2018.csv.gz, md5 fd3487254ae01b22b999d6425fa62309)"
2018,JALPAIGURI,RAJGANJ,PANIKOURI,"doi:10.7910/DVN/ZHF9WC datafile 10396546 (r3-all-2018.csv.gz, md5 fd3487254ae01b22b999d6425fa62309)"
2018,JALPAIGURI,RAJGANJ,SANNYASIKATA,"doi:10.7910/DVN/ZHF9WC datafile 10396546 (r3-all-2018.csv.gz, md5 fd3487254ae01b22b999d6425fa62309)"
2018,JALPAIGURI,RAJGANJ,SIKARPUR,"doi:10.7910/DVN/ZHF9WC datafile 10396546 (r3-all-2018.csv.gz, md5 fd3487254ae01b22b999d6425fa62309)"
2018,JALPAIGURI,RAJGANJ,SUKHANI,"doi:10.7910/DVN/ZHF9WC datafile 10396546 (r3-all-2018.csv.gz, md5 fd3487254ae01b22b999d6425fa62309)"
2018,BIRBHUM,RAJNAGAR,BHABANIPUR,"doi:10.7910/DVN/ZHF9WC datafile 10396546 (r3-all-2018.csv.gz, md5 fd3487254ae01b22b999d6425fa62309)"
2018,BIRBHUM,RAJNAGAR,CHANDRAPUR,"doi:10.7910/DVN/ZHF9WC datafile 10396546 (r3-all-2018.csv.gz, md5 fd3487254ae01b22b999d6425fa62309)"
2018,BIRBHUM,RAJNAGAR,GANGMURI-JOYPUR,"doi:10.7910/DVN/ZHF9WC datafile 10396546 (r3-all-2018.csv.gz, md5 fd3487254ae01b22b999d6425fa62309)"
2018,BIRBHUM,RAJNAGAR,RAJNAGAR,"doi:10.7910/DVN/ZHF9WC datafile 10396546 (r3-all-2018.csv.gz, md5 fd3487254ae01b22b999d6425fa62309)"
2018,BIRBHUM,RAJNAGAR,TANTIPARA,"doi:10.7910/DVN/ZHF9WC datafile 10396546 (r3-all-2018.csv.gz, md5 fd3487254ae01b22b999d6425fa62309)"
2018,PURBA MEDINIPUR,RAMNAGAR-I,BADHIA,"doi:10.7910/DVN/ZHF9WC datafile 10396546 (r3-all-2018.csv.gz, md5 fd3487254ae01b22b999d6425fa62309)"
2018,PURBA MEDINIPUR,RAMNAGAR-I,BASANTAPUR,"doi:10.7910/DVN/ZHF9WC datafile 10396546 (r3-all-2018.csv.gz, md5 fd3487254ae01b22b999d6425fa62309)"
2018,PURBA MEDINIPUR,RAMNAGAR-I,GOBRA,"doi:10.7910/DVN/ZHF9WC datafile 10396546 (r3-all-2018.csv.gz, md5 fd3487254ae01b22b999d6425fa62309)"
2018,PURBA MEDINIPUR,RAMNAGAR-I,HALDIA-I,"doi:10.7910/DVN/ZHF9WC datafile 10396546 (r3-all-2018.csv.gz, md5 fd3487254ae01b22b999d6425fa62309)"
2018,PURBA MEDINIPUR,RAMNAGAR-I,HALDIA-II,"doi:10.7910/DVN/ZHF9WC datafile 10396546 (r3-all-2018.csv.gz, md5 fd3487254ae01b22b999d6425fa62309)"
2018,PURBA MEDINIPUR,RAMNAGAR-I,PADIMA-I,"doi:10.7910/DVN/ZHF9WC datafile 10396546 (r3-all-2018.csv.gz, md5 fd3487254ae01b22b999d6425fa62309)"
2018,PURBA MEDINIPUR,RAMNAGAR-I,PADIMA-II,"doi:10.7910/DVN/ZHF9WC datafile 10396546 (r3-all-2018.csv.gz, md5 fd3487254ae01b22b999d6425fa62309)"
2018,PURBA MEDINIPUR,RAMNAGAR-I,TALGACHARI-I,"doi:10.7910/DVN/ZHF9WC datafile 10396546 (r3-all-2018.csv.gz, md5 fd3487254ae01b22b999d6425fa62309)"
2018,PURBA MEDINIPUR,RAMNAGAR-I,TALGACHARI-II,"doi:10.7910/DVN/ZHF9WC datafile 10396546 (r3-all-2018.csv.gz, md5 fd3487254ae01b22b999d6425fa62309)"
2018,PURBA MEDINIPUR,RAMNAGAR-II,BADALPUR,"doi:10.7910/DVN/ZHF9WC datafile 10396546 (r3-all-2018.csv.gz, md5 fd3487254ae01b22b999d6425fa62309)"
2018,PURBA MEDINIPUR,RAMNAGAR-II,BALISAI,"doi:10.7910/DVN/ZHF9WC datafile 10396546 (r3-all-2018.csv.gz, md5 fd3487254ae01b22b999d6425fa62309)"
2018,PURBA MEDINIPUR,RAMNAGAR-II,DEPAL,"doi:10.7910/DVN/ZHF9WC datafile 10396546 (r3-all-2018.csv.gz, md5 fd3487254ae01b22b999d6425fa62309)"
2018,PURBA MEDINIPUR,RAMNAGAR-II,KADUA,"doi:10.7910/DVN/ZHF9WC datafile 10396546 (r3-all-2018.csv.gz, md5 fd3487254ae01b22b999d6425fa62309)"
2018,PURBA MEDINIPUR,RAMNAGAR-II,KALINDI,"doi:10.7910/DVN/ZHF9WC datafile 10396546 (r3-all-2018.csv.gz, md5 fd3487254ae01b22b999d6425fa62309)"
2018,PURBA MEDINIPUR,RAMNAGAR-II,MAITHANA,"doi:10.7910/DVN/ZHF9WC datafile 10396546 (r3-all-2018.csv.gz, md5 fd3487254ae01b22b999d6425fa62309)"
2018,PURBA MEDINIPUR,RAMNAGAR-II,PALDHUI,"doi:10.7910/DVN/ZHF9WC datafile 10396546 (r3-all-2018.csv.gz, md5 fd3487254ae01b22b999d6425fa62309)"
2018,PURBA MEDINIPUR,RAMNAGAR-II,SATILAPUR,"doi:10.7910/DVN/ZHF9WC datafile 10396546 (r3-all-2018.csv.gz, md5 fd3487254ae01b22b999d6425fa62309)"
2018,BIRBHUM,RAMPURHAT-I,AYAS,"doi:10.7910/DVN/ZHF9WC datafile 10396546 (r3-all-2018.csv.gz, md5 fd3487254ae01b22b999d6425fa62309)"
2018,BIRBHUM,RAMPURHAT-I,BARSHAL,"doi:10.7910/DVN/ZHF9WC datafile 10396546 (r3-all-2018.csv.gz, md5 fd3487254ae01b22b999d6425fa62309)"
2018,BIRBHUM,RAMPURHAT-I,BONHAT,"doi:10.7910/DVN/ZHF9WC datafile 10396546 (r3-all-2018.csv.gz, md5 fd3487254ae01b22b999d6425fa62309)"
2018,BIRBHUM,RAMPURHAT-I,DAKHALBATI,"doi:10.7910/DVN/ZHF9WC datafile 10396546 (r3-all-2018.csv.gz, md5 fd3487254ae01b22b999d6425fa62309)"
2018,BIRBHUM,RAMPURHAT-I,KASTHOGORA,"doi:10.7910/DVN/ZHF9WC datafile 10396546 (r3-all-2018.csv.gz, md5 fd3487254ae01b22b999d6425fa62309)"
2018,BIRBHUM,RAMPURHAT-I,KHARUN,"doi:10.7910/DVN/ZHF9WC datafile 10396546 (r3-all-2018.csv.gz, md5 fd3487254ae01b22b999d6425fa62309)"
2018,BIRBHUM,RAMPURHAT-I,KUSUMBA,"doi:10.7910/DVN/ZHF9WC datafile 10396546 (r3-all-2018.csv.gz, md5 fd3487254ae01b22b999d6425fa62309)"
2018,BIRBHUM,RAMPURHAT-I,MASHRA,"doi:10.7910/DVN/ZHF9WC datafile 10396546 (r3-all-2018.csv.gz, md5 fd3487254ae01b22b999d6425fa62309)"
2018,BIRBHUM,RAMPURHAT-I,NARAYANPUR,"doi:10.7910/DVN/ZHF9WC datafile 10396546 (r3-all-2018.csv.gz, md5 fd3487254ae01b22b999d6425fa62309)"
2018,BIRBHUM,RAMPURHAT-II,BISHNUPUR,"doi:10.7910/DVN/ZHF9WC datafile 10396546 (r3-all-2018.csv.gz, md5 fd3487254ae01b22b999d6425fa62309)"
2018,BIRBHUM,RAMPURHAT-II,BUDHIGRAM,"doi:10.7910/DVN/ZHF9WC datafile 10396546 (r3-all-2018.csv.gz, md5 fd3487254ae01b22b999d6425fa62309)"
2018,BIRBHUM,RAMPURHAT-II,DUNIGRAM,"doi:10.7910/DVN/ZHF9WC datafile 10396546 (r3-all-2018.csv.gz, md5 fd3487254ae01b22b999d6425fa62309)"
2018,BIRBHUM,RAMPURHAT-II,HANSAN-I,"doi:10.7910/DVN/ZHF9WC datafile 10396546 (r3-all-2018.csv.gz, md5 fd3487254ae01b22b999d6425fa62309)"
2018,BIRBHUM,RAMPURHAT-II,HANSAN-II,"doi:10.7910/DVN/ZHF9WC datafile 10396546 (r3-all-2018.csv.gz, md5 fd3487254ae01b22b999d6425fa62309)"
2018,BIRBHUM,RAMPURHAT-II,KALUHA,"doi:10.7910/DVN/ZHF9WC datafile 10396546 (r3-all-2018.csv.gz, md5 fd3487254ae01b22b999d6425fa62309)"
2018,BIRBHUM,RAMPURHAT-II,MARGRAM-I,"doi:10.7910/DVN/ZHF9WC datafile 10396546 (r3-all-2018.csv.gz, md5 fd3487254ae01b22b999d6425fa62309)"
2018,BIRBHUM,RAMPURHAT-II,MARGRAM-II,"doi:10.7910/DVN/ZHF9WC datafile 10396546 (r3-all-2018.csv.gz, md5 fd3487254ae01b22b999d6425fa62309)"
2018,BIRBHUM,RAMPURHAT-II,SAHAPUR,"doi:10.7910/DVN/ZHF9WC datafile 10396546 (r3-all-2018.csv.gz, md5 fd3487254ae01b22b999d6425fa62309)"
2018,NADIA,RANAGHAT-I,ANULIA,"doi:10.7910/DVN/ZHF9WC datafile 10396546 (r3-all-2018.csv.gz, md5 fd3487254ae01b22b999d6425fa62309)"
2018,NADIA,RANAGHAT-I,BARASAT,"doi:10.7910/DVN/ZHF9WC datafile 10396546 (r3-all-2018.csv.gz, md5 fd3487254ae01b22b999d6425fa62309)"
2018,NADIA,RANAGHAT-I,HABIBPUR,"doi:10.7910/DVN/ZHF9WC datafile 10396546 (r3-all-2018.csv.gz, md5 fd3487254ae01b22b999d6425fa62309)"
2018,NADIA,RANAGHAT-I,KALINARAYANPUR PAHARPUR,"doi:10.7910/DVN/ZHF9WC datafile 10396546 (r3-all-2018.csv.gz, md5 fd3487254ae01b22b999d6425fa62309)"
2018,NADIA,RANAGHAT-I,KHISMA,"doi:10.7910/DVN/ZHF9WC datafile 10396546 (r3-all-2018.csv.gz, md5 fd3487254ae01b22b999d6425fa62309)"
2018,NADIA,RANAGHAT-I,NAWPARA MASUNDA,"doi:10.7910/DVN/ZHF9WC datafile 10396546 (r3-all-2018.csv.gz, md5 fd3487254ae01b22b999d6425fa62309)"
2018,NADIA,RANAGHAT-I,PAYRADANGA,"doi:10.7910/DVN/ZHF9WC datafile 10396546 (r3-all-2018.csv.gz, md5 fd3487254ae01b22b999d6425fa62309)"
2018,NADIA,RANAGHAT-I,RAMANAGAR-I,"doi:10.7910/DVN/ZHF9WC datafile 10396546 (r3-all-2018.csv.gz, md5 fd3487254ae01b22b999d6425fa62309)"
2018,NADIA,RANAGHAT-I,RAMNAGAR-II,"doi:10.7910/DVN/ZHF9WC datafile 10396546 (r3-all-2018.csv.gz, md5 fd3487254ae01b22b999d6425fa62309)"
2018,NADIA,RANAGHAT-I,TARAPUR,"doi:10.7910/DVN/ZHF9WC datafile 10396546 (r3-all-2018.csv.gz, md5 fd3487254ae01b22b999d6425fa62309)"
2018,NADIA,RANAGHAT-II,ANISHMALI,"doi:10.7910/DVN/ZHF9WC datafile 10396546 (r3-all-2018.csv.gz, md5 fd3487254ae01b22b999d6425fa62309)"
2018,NADIA,RANAGHAT-II,ARANGHATA,"doi:10.7910/DVN/ZHF9WC datafile 10396546 (r3-all-2018.csv.gz, md5 fd3487254ae01b22b999d6425fa62309)"
2018,NADIA,RANAGHAT-II,BAHIRGACHI,"doi:10.7910/DVN/ZHF9WC datafile 10396546 (r3-all-2018.csv.gz, md5 fd3487254ae01b22b999d6425fa62309)"
2018,NADIA,RANAGHAT-II,BAIDYAPUR-I,"doi:10.7910/DVN/ZHF9WC datafile 10396546 (r3-all-2018.csv.gz, md5 fd3487254ae01b22b999d6425fa62309)"
2018,NADIA,RANAGHAT-II,BAIDYAPUR-II,"doi:10.7910/DVN/ZHF9WC datafile 10396546 (r3-all-2018.csv.gz, md5 fd3487254ae01b22b999d6425fa62309)"
2018,NADIA,RANAGHAT-II,DEBAGRAM,"doi:10.7910/DVN/ZHF9WC datafile 10396546 (r3-all-2018.csv.gz, md5 fd3487254ae01b22b999d6425fa62309)"
2018,NADIA,RANAGHAT-II,DUTTAFULIA,"doi:10.7910/DVN/ZHF9WC datafile 10396546 (r3-all-2018.csv.gz, md5 fd3487254ae01b22b999d6425fa62309)"
2018,NADIA,RANAGHAT-II,JUGALKISHORE,"doi:10.7910/DVN/ZHF9WC datafile 10396546 (r3-all-2018.csv.gz, md5 fd3487254ae01b22b999d6425fa62309)"
2018,NADIA,RANAGHAT-II,KAMALPUR,"doi:10.7910/DVN/ZHF9WC datafile 10396546 (r3-all-2018.csv.gz, md5 fd3487254ae01b22b999d6425fa62309)"
2018,NADIA,RANAGHAT-II,MAJHERGRAM,"doi:10.7910/DVN/ZHF9WC datafile 10396546 (r3-all-2018.csv.gz, md5 fd3487254ae01b22b999d6425fa62309)"
2018,NADIA,RANAGHAT-II,NOKARI,"doi:10.7910/DVN/ZHF9WC datafile 10396546 (r3-all-2018.csv.gz, md5 fd3487254ae01b22b999d6425fa62309)"
2018,NADIA,RANAGHAT-II,RAGHUNATHPUR HIJULI-I,"doi:10.7910/DVN/ZHF9WC datafile 10396546 (r3-all-2018.csv.gz, md5 fd3487254ae01b22b999d6425fa62309)"
2018,NADIA,RANAGHAT-II,RAGHUNATHPUR HIJULI-II,"doi:10.7910/DVN/ZHF9WC datafile 10396546 (r3-all-2018.csv.gz, md5 fd3487254ae01b22b999d6425fa62309)"
2018,NADIA,RANAGHAT-II,SHYAMNAGAR,"doi:10.7910/DVN/ZHF9WC datafile 10396546 (r3-all-2018.csv.gz, md5 fd3487254ae01b22b999d6425fa62309)"
2018,BANKURA,RANIBUNDH,AMBIKANAGAR,"doi:10.7910/DVN/ZHF9WC datafile 10396546 (r3-all-2018.csv.gz, md5 fd3487254ae01b22b999d6425fa62309)"
2018,BANKURA,RANIBUNDH,BARIKUL,"doi:10.7910/DVN/ZHF9WC datafile 10396546 (r3-all-2018.csv.gz, md5 fd3487254ae01b22b999d6425fa62309)"
2018,BANKURA,RANIBUNDH,HALUDKANALI,"doi:10.7910/DVN/ZHF9WC datafile 10396546 (r3-all-2018.csv.gz, md5 fd3487254ae01b22b999d6425fa62309)"
2018,BANKURA,RANIBUNDH,PUDDI,"doi:10.7910/DVN/ZHF9WC datafile 10396546 (r3-all-2018.csv.gz, md5 fd3487254ae01b22b999d6425fa62309)"
2018,BANKURA,RANIBUNDH,RAJAKATA,"doi:10.7910/DVN/ZHF9WC datafile 10396546 (r3-all-2018.csv.gz, md5 fd3487254ae01b22b999d6425fa62309)"
2018,BANKURA,RANIBUNDH,RANIBANDH,"doi:10.7910/DVN/ZHF9WC datafile 10396546 (r3-all-2018.csv.gz, md5 fd3487254ae01b22b999d6425fa62309)"
2018,BANKURA,RANIBUNDH,RAUTORA,"doi:10.7910/DVN/ZHF9WC datafile 10396546 (r3-all-2018.csv.gz, md5 fd3487254ae01b22b999d6425fa62309)"
2018,BANKURA,RANIBUNDH,RUDRA,"doi:10.7910/DVN/ZHF9WC datafile 10396546 (r3-all-2018.csv.gz, md5 fd3487254ae01b22b999d6425fa62309)"
2018,PASCHIM BARDHAMAN,RANIGANJ,AMRASOTA,"doi:10.7910/DVN/ZHF9WC datafile 10396546 (r3-all-2018.csv.gz, md5 fd3487254ae01b22b999d6425fa62309)"
2018,PASCHIM BARDHAMAN,RANIGANJ,BALLAVPUR,"doi:10.7910/DVN/ZHF9WC datafile 10396546 (r3-all-2018.csv.gz, md5 fd3487254ae01b22b999d6425fa62309)"
2018,PASCHIM BARDHAMAN,RANIGANJ,EGRA,"doi:10.7910/DVN/ZHF9WC datafile 10396546 (r3-all-2018.csv.gz, md5 fd3487254ae01b22b999d6425fa62309)"
2018,PASCHIM BARDHAMAN,RANIGANJ,JEMERI,"doi:10.7910/DVN/ZHF9WC datafile 10396546 (r3-all-2018.csv.gz, md5 fd3487254ae01b22b999d6425fa62309)"
2018,PASCHIM BARDHAMAN,RANIGANJ,RATIBATI,"doi:10.7910/DVN/ZHF9WC datafile 10396546 (r3-all-2018.csv.gz, md5 fd3487254ae01b22b999d6425fa62309)"
2018,PASCHIM BARDHAMAN,RANIGANJ,TIRAT,"doi:10.7910/DVN/ZHF9WC datafile 10396546 (r3-all-2018.csv.gz, md5 fd3487254ae01b22b999d6425fa62309)"
2018,MURSHIDABAD,RANINAGAR-I,HERAMPUR,"doi:10.7910/DVN/ZHF9WC datafile 10396546 (r3-all-2018.csv.gz, md5 fd3487254ae01b22b999d6425fa62309)"
2018,MURSHIDABAD,RANINAGAR-I,HURSHI,"doi:10.7910/DVN/ZHF9WC datafile 10396546 (r3-all-2018.csv.gz, md5 fd3487254ae01b22b999d6425fa62309)"
2018,MURSHIDABAD,RANINAGAR-I,ISLAMPURCHAK,"doi:10.7910/DVN/ZHF9WC datafile 10396546 (r3-all-2018.csv.gz, md5 fd3487254ae01b22b999d6425fa62309)"
2018,MURSHIDABAD,RANINAGAR-I,LOCHANPUR,"doi:10.7910/DVN/ZHF9WC datafile 10396546 (r3-all-2018.csv.gz, md5 fd3487254ae01b22b999d6425fa62309)"
2018,MURSHIDABAD,RANINAGAR-I,PAHARPUR,"doi:10.7910/DVN/ZHF9WC datafile 10396546 (r3-all-2018.csv.gz, md5 fd3487254ae01b22b999d6425fa62309)"
2018,MURSHIDABAD,RANINAGAR-I,TENKARAIPUR BALUMATI,"doi:10.7910/DVN/ZHF9WC datafile 10396546 (r3-all-2018.csv.gz, md5 fd3487254ae01b22b999d6425fa62309)"
2018,MURSHIDABAD,RANINAGAR-II,KALINAGAR-I,"doi:10.7910/DVN/ZHF9WC datafile 10396546 (r3-all-2018.csv.gz, md5 fd3487254ae01b22b999d6425fa62309)"
2018,MURSHIDABAD,RANINAGAR-II,KALINAGAR-II,"doi:10.7910/DVN/ZHF9WC datafile 10396546 (r3-all-2018.csv.gz, md5 fd3487254ae01b22b999d6425fa62309)"
2018,MURSHIDABAD,RANINAGAR-II,KATLAMARI-I,"doi:10.7910/DVN/ZHF9WC datafile 10396546 (r3-all-2018.csv.gz, md5 fd3487254ae01b22b999d6425fa62309)"
2018,MURSHIDABAD,RANINAGAR-II,KATLAMARI-II,"doi:10.7910/DVN/ZHF9WC datafile 10396546 (r3-all-2018.csv.gz, md5 fd3487254ae01b22b999d6425fa62309)"
2018,MURSHIDABAD,RANINAGAR-II,MALIBARI-I,"doi:10.7910/DVN/ZHF9WC datafile 10396546 (r3-all-2018.csv.gz, md5 fd3487254ae01b22b999d6425fa62309)"
2018,MURSHIDABAD,RANINAGAR-II,MALIBARI-II,"doi:10.7910/DVN/ZHF9WC datafile 10396546 (r3-all-2018.csv.gz, md5 fd3487254ae01b22b999d6425fa62309)"
2018,MURSHIDABAD,RANINAGAR-II,RAJAPUR,"doi:10.7910/DVN/ZHF9WC datafile 10396546 (r3-all-2018.csv.gz, md5 fd3487254ae01b22b999d6425fa62309)"
2018,MURSHIDABAD,RANINAGAR-II,RANINAGAR-I,"doi:10.7910/DVN/ZHF9WC datafile 10396546 (r3-all-2018.csv.gz, md5 fd3487254ae01b22b999d6425fa62309)"
2018,MURSHIDABAD,RANINAGAR-II,RANINAGAR-II,"doi:10.7910/DVN/ZHF9WC datafile 10396546 (r3-all-2018.csv.gz, md5 fd3487254ae01b22b999d6425fa62309)"
2018,MALDAH,RATUA-I,BAHARAL,"doi:10.7910/DVN/ZHF9WC datafile 10396546 (r3-all-2018.csv.gz, md5 fd3487254ae01b22b999d6425fa62309)"
2018,MALDAH,RATUA-I,BHADO,"doi:10.7910/DVN/ZHF9WC datafile 10396546 (r3-all-2018.csv.gz, md5 fd3487254ae01b22b999d6425fa62309)"
2018,MALDAH,RATUA-I,BILAIMARI,"doi:10.7910/DVN/ZHF9WC datafile 10396546 (r3-all-2018.csv.gz, md5 fd3487254ae01b22b999d6425fa62309)"
2018,MALDAH,RATUA-I,CHANDMONI-I,"doi:10.7910/DVN/ZHF9WC datafile 10396546 (r3-all-2018.csv.gz, md5 fd3487254ae01b22b999d6425fa62309)"
2018,MALDAH,RATUA-I,CHANDMONI-II,"doi:10.7910/DVN/ZHF9WC datafile 10396546 (r3-all-2018.csv.gz, md5 fd3487254ae01b22b999d6425fa62309)"
2018,MALDAH,RATUA-I,DEBIPUR,"doi:10.7910/DVN/ZHF9WC datafile 10396546 (r3-all-2018.csv.gz, md5 fd3487254ae01b22b999d6425fa62309)"
2018,MALDAH,RATUA-I,KAHALA,"doi:10.7910/DVN/ZHF9WC datafile 10396546 (r3-all-2018.csv.gz, md5 fd3487254ae01b22b999d6425fa62309)"
2018,MALDAH,RATUA-I,MAHANANDATOLA,"doi:10.7910/DVN/ZHF9WC datafile 10396546 (r3-all-2018.csv.gz, md5 fd3487254ae01b22b999d6425fa62309)"
2018,MALDAH,RATUA-I,RATUA,"doi:10.7910/DVN/ZHF9WC datafile 10396546 (r3-all-2018.csv.gz, md5 fd3487254ae01b22b999d6425fa62309)"
2018,MALDAH,RATUA-I,SAMSI,"doi:10.7910/DVN/ZHF9WC datafile 10396546 (r3-all-2018.csv.gz, md5 fd3487254ae01b22b999d6425fa62309)"
2018,MALDAH,RATUA-II,ARAIDANGA,"doi:10.7910/DVN/ZHF9WC datafile 10396546 (r3-all-2018.csv.gz, md5 fd3487254ae01b22b999d6425fa62309)"
2018,MALDAH,RATUA-II,MAHARAJPUR,"doi:10.7910/DVN/ZHF9WC datafile 10396546 (r3-all-2018.csv.gz, md5 fd3487254ae01b22b999d6425fa62309)"
2018,MALDAH,RATUA-II,PARANPUR,"doi:10.7910/DVN/ZHF9WC datafile 10396546 (r3-all-2018.csv.gz, md5 fd3487254ae01b22b999d6425fa62309)"
2018,MALDAH,RATUA-II,PEERGANJ,"doi:10.7910/DVN/ZHF9WC datafile 10396546 (r3-all-2018.csv.gz, md5 fd3487254ae01b22b999d6425fa62309)"
2018,MALDAH,RATUA-II,PUKHURIA,"doi:10.7910/DVN/ZHF9WC datafile 10396546 (r3-all-2018.csv.gz, md5 fd3487254ae01b22b999d6425fa62309)"
2018,MALDAH,RATUA-II,SAMBALPUR,"doi:10.7910/DVN/ZHF9WC datafile 10396546 (r3-all-2018.csv.gz, md5 fd3487254ae01b22b999d6425fa62309)"
2018,MALDAH,RATUA-II,SREEPUR-I,"doi:10.7910/DVN/ZHF9WC datafile 10396546 (r3-all-2018.csv.gz, md5 fd3487254ae01b22b999d6425fa62309)"
2018,MALDAH,RATUA-II,SREEPUR-II,"doi:10.7910/DVN/ZHF9WC datafile 10396546 (r3-all-2018.csv.gz, md5 fd3487254ae01b22b999d6425fa62309)"
2018,Darjeeling Gorkha Hill Council (DGHC),RONGLI RONGLIOT,LABDAH,"doi:10.7910/DVN/ZHF9WC datafile 10396546 (r3-all-2018.csv.gz, md5 fd3487254ae01b22b999d6425fa62309)"
2018,Darjeeling Gorkha Hill Council (DGHC),RONGLI RONGLIOT,LAMAHATTA,"doi:10.7910/DVN/ZHF9WC datafile 10396546 (r3-all-2018.csv.gz, md5 fd3487254ae01b22b999d6425fa62309)"
2018,Darjeeling Gorkha Hill Council (DGHC),RONGLI RONGLIOT,MANEYDARA,"doi:10.7910/DVN/ZHF9WC datafile 10396546 (r3-all-2018.csv.gz, md5 fd3487254ae01b22b999d6425fa62309)"
2018,Darjeeling Gorkha Hill Council (DGHC),RONGLI RONGLIOT,PUBANG-RAMPURIA,"doi:10.7910/DVN/ZHF9WC datafile 10396546 (r3-all-2018.csv.gz, md5 fd3487254ae01b22b999d6425fa62309)"
2018,Darjeeling Gorkha Hill Council (DGHC),RONGLI RONGLIOT,RANGLI,"doi:10.7910/DVN/ZHF9WC datafile 10396546 (r3-all-2018.csv.gz, md5 fd3487254ae01b22b999d6425fa62309)"
2018,Darjeeling Gorkha Hill Council (DGHC),RONGLI RONGLIOT,RESSEP,"doi:10.7910/DVN/ZHF9WC datafile 10396546 (r3-all-2018.csv.gz, md5 fd3487254ae01b22b999d6425fa62309)"
2018,Darjeeling Gorkha Hill Council (DGHC),RONGLI RONGLIOT,RONGCHONG,"doi:10.7910/DVN/ZHF9WC datafile 10396546 (r3-all-2018.csv.gz, md5 fd3487254ae01b22b999d6425fa62309)"
2018,Darjeeling Gorkha Hill Council (DGHC),RONGLI RONGLIOT,SINGRIMATAM,"doi:10.7910/DVN/ZHF9WC datafile 10396546 (r3-all-2018.csv.gz, md5 fd3487254ae01b22b999d6425fa62309)"
2018,Darjeeling Gorkha Hill Council (DGHC),RONGLI RONGLIOT,TACKLING-I,"doi:10.7910/DVN/ZHF9WC datafile 10396546 (r3-all-2018.csv.gz, md5 fd3487254ae01b22b999d6425fa62309)"
2018,Darjeeling Gorkha Hill Council (DGHC),RONGLI RONGLIOT,TACKLING-II,"doi:10.7910/DVN/ZHF9WC datafile 10396546 (r3-all-2018.csv.gz, md5 fd3487254ae01b22b999d6425fa62309)"
2018,Darjeeling Gorkha Hill Council (DGHC),RONGLI RONGLIOT,TAKDAH,"doi:10.7910/DVN/ZHF9WC datafile 10396546 (r3-all-2018.csv.gz, md5 fd3487254ae01b22b999d6425fa62309)"
2018,PASCHIM MEDINIPUR,SABANG,BALPAI,"doi:10.7910/DVN/ZHF9WC datafile 10396546 (r3-all-2018.csv.gz, md5 fd3487254ae01b22b999d6425fa62309)"
2018,PASCHIM MEDINIPUR,SABANG,BHEMUA,"doi:10.7910/DVN/ZHF9WC datafile 10396546 (r3-all-2018.csv.gz, md5 fd3487254ae01b22b999d6425fa62309)"
2018,PASCHIM MEDINIPUR,SABANG,BISHNUPUR,"doi:10.7910/DVN/ZHF9WC datafile 10396546 (r3-all-2018.csv.gz, md5 fd3487254ae01b22b999d6425fa62309)"
2018,PASCHIM MEDINIPUR,SABANG,BURAL,"doi:10.7910/DVN/ZHF9WC datafile 10396546 (r3-all-2018.csv.gz, md5 fd3487254ae01b22b999d6425fa62309)"
2018,PASCHIM MEDINIPUR,SABANG,CHAULKURI,"doi:10.7910/DVN/ZHF9WC datafile 10396546 (r3-all-2018.csv.gz, md5 fd3487254ae01b22b999d6425fa62309)"
2018,PASCHIM MEDINIPUR,SABANG,DANRRA,"doi:10.7910/DVN/ZHF9WC datafile 10396546 (r3-all-2018.csv.gz, md5 fd3487254ae01b22b999d6425fa62309)"
2018,PASCHIM MEDINIPUR,SABANG,DASHGRAM,"doi:10.7910/DVN/ZHF9WC datafile 10396546 (r3-all-2018.csv.gz, md5 fd3487254ae01b22b999d6425fa62309)"
2018,PASCHIM MEDINIPUR,SABANG,DEBHOG,"doi:10.7910/DVN/ZHF9WC datafile 10396546 (r3-all-2018.csv.gz, md5 fd3487254ae01b22b999d6425fa62309)"
2018,PASCHIM MEDINIPUR,SABANG,MOHAR,"doi:10.7910/DVN/ZHF9WC datafile 10396546 (r3-all-2018.csv.gz, md5 fd3487254ae01b22b999d6425fa62309)"
2018,PASCHIM MEDINIPUR,SABANG,NARAYANBARH,"doi:10.7910/DVN/ZHF9WC datafile 10396546 (r3-all-2018.csv.gz, md5 fd3487254ae01b22b999d6425fa62309)"
2018,PASCHIM MEDINIPUR,SABANG,NAWGAON,"doi:10.7910/DVN/ZHF9WC datafile 10396546 (r3-all-2018.csv.gz, md5 fd3487254ae01b22b999d6425fa62309)"
2018,PASCHIM MEDINIPUR,SABANG,SABANG,"doi:10.7910/DVN/ZHF9WC datafile 10396546 (r3-all-2018.csv.gz, md5 fd3487254ae01b22b999d6425fa62309)"
2018,PASCHIM MEDINIPUR,SABANG,SHARTA,"doi:10.7910/DVN/ZHF9WC datafile 10396546 (r3-all-2018.csv.gz, md5 fd3487254ae01b22b999d6425fa62309)"
2018,24 PARGANAS SOUTH,SAGAR,DHABLAT,"doi:10.7910/DVN/ZHF9WC datafile 10396546 (r3-all-2018.csv.gz, md5 fd3487254ae01b22b999d6425fa62309)"
2018,24 PARGANAS SOUTH,SAGAR,DHASPARA SUMATINAGAR-I,"doi:10.7910/DVN/ZHF9WC datafile 10396546 (r3-all-2018.csv.gz, md5 fd3487254ae01b22b999d6425fa62309)"
2018,24 PARGANAS SOUTH,SAGAR,DHASPARA SUMATINAGAR-II,"doi:10.7910/DVN/ZHF9WC datafile 10396546 (r3-all-2018.csv.gz, md5 fd3487254ae01b22b999d6425fa62309)"
2018,24 PARGANAS SOUTH,SAGAR,GANGASAGAR,"doi:10.7910/DVN/ZHF9WC datafile 10396546 (r3-all-2018.csv.gz, md5 fd3487254ae01b22b999d6425fa62309)"
2018,24 PARGANAS SOUTH,SAGAR,GHORAMARA,"doi:10.7910/DVN/ZHF9WC datafile 10396546 (r3-all-2018.csv.gz, md5 fd3487254ae01b22b999d6425fa62309)"
2018,24 PARGANAS SOUTH,SAGAR,MURIGANGA-I,"doi:10.7910/DVN/ZHF9WC datafile 10396546 (r3-all-2018.csv.gz, md5 fd3487254ae01b22b999d6425fa62309)"
2018,24 PARGANAS SOUTH,SAGAR,MURIGANGA-II,"doi:10.7910/DVN/ZHF9WC datafile 10396546 (r3-all-2018.csv.gz, md5 fd3487254ae01b22b999d6425fa62309)"
2018,24 PARGANAS SOUTH,SAGAR,RAMKARCHAR,"doi:10.7910/DVN/ZHF9WC datafile 10396546 (r3-all-2018.csv.gz, md5 fd3487254ae01b22b999d6425fa62309)"
2018,24 PARGANAS SOUTH,SAGAR,RUDRANAGAR,"doi:10.7910/DVN/ZHF9WC datafile 10396546 (r3-all-2018.csv.gz, md5 fd3487254ae01b22b999d6425fa62309)"
2018,MURSHIDABAD,SAGARDIGHI,BALIA,"doi:10.7910/DVN/ZHF9WC datafile 10396546 (r3-all-2018.csv.gz, md5 fd3487254ae01b22b999d6425fa62309)"
2018,MURSHIDABAD,SAGARDIGHI,BANNYESWAR,"doi:10.7910/DVN/ZHF9WC datafile 10396546 (r3-all-2018.csv.gz, md5 fd3487254ae01b22b999d6425fa62309)"
2018,MURSHIDABAD,SAGARDIGHI,BARALA,"doi:10.7910/DVN/ZHF9WC datafile 10396546 (r3-all-2018.csv.gz, md5 fd3487254ae01b22b999d6425fa62309)"
2018,MURSHIDABAD,SAGARDIGHI,BOKHARA-I,"doi:10.7910/DVN/ZHF9WC datafile 10396546 (r3-all-2018.csv.gz, md5 fd3487254ae01b22b999d6425fa62309)"
2018,MURSHIDABAD,SAGARDIGHI,BOKHARA-II,"doi:10.7910/DVN/ZHF9WC datafile 10396546 (r3-all-2018.csv.gz, md5 fd3487254ae01b22b999d6425fa62309)"
2018,MURSHIDABAD,SAGARDIGHI,GOBORDHANDANGA,"doi:10.7910/DVN/ZHF9WC datafile 10396546 (r3-all-2018.csv.gz, md5 fd3487254ae01b22b999d6425fa62309)"
2018,MURSHIDABAD,SAGARDIGHI,KABILPUR,"doi:10.7910/DVN/ZHF9WC datafile 10396546 (r3-all-2018.csv.gz, md5 fd3487254ae01b22b999d6425fa62309)"
2018,MURSHIDABAD,SAGARDIGHI,MONIGRAM,"doi:10.7910/DVN/ZHF9WC datafile 10396546 (r3-all-2018.csv.gz, md5 fd3487254ae01b22b999d6425fa62309)"
2018,MURSHIDABAD,SAGARDIGHI,MOREGRAM,"doi:10.7910/DVN/ZHF9WC datafile 10396546 (r3-all-2018.csv.gz, md5 fd3487254ae01b22b999d6425fa62309)"
2018,MURSHIDABAD,SAGARDIGHI,PATKELDANGA,"doi:10.7910/DVN/ZHF9WC datafile 10396546 (r3-all-2018.csv.gz, md5 fd3487254ae01b22b999d6425fa62309)"
2018,MURSHIDABAD,SAGARDIGHI,SAGARDIGHI,"doi:10.7910/DVN/ZHF9WC datafile 10396546 (r3-all-2018.csv.gz, md5 fd3487254ae01b22b999d6425fa62309)"
2018,BIRBHUM,SAINTHIA,AHMEDPUR,"doi:10.7910/DVN/ZHF9WC datafile 10396546 (r3-all-2018.csv.gz, md5 fd3487254ae01b22b999d6425fa62309)"
2018,BIRBHUM,SAINTHIA,AMARPUR,"doi:10.7910/DVN/ZHF9WC datafile 10396546 (r3-all-2018.csv.gz, md5 fd3487254ae01b22b999d6425fa62309)"
2018,BIRBHUM,SAINTHIA,BANAGRAM,"doi:10.7910/DVN/ZHF9WC datafile 10396546 (r3-all-2018.csv.gz, md5 fd3487254ae01b22b999d6425fa62309)"
2018,BIRBHUM,SAINTHIA,BHROMORKOL,"doi:10.7910/DVN/ZHF9WC datafile 10396546 (r3-all-2018.csv.gz, md5 fd3487254ae01b22b999d6425fa62309)"
2018,BIRBHUM,SAINTHIA,DERIAPUR,"doi:10.7910/DVN/ZHF9WC datafile 10396546 (r3-all-2018.csv.gz, md5 fd3487254ae01b22b999d6425fa62309)"
2018,BIRBHUM,SAINTHIA,FULUR,"doi:10.7910/DVN/ZHF9WC datafile 10396546 (r3-all-2018.csv.gz, md5 fd3487254ae01b22b999d6425fa62309)"
2018,BIRBHUM,SAINTHIA,HATORA,"doi:10.7910/DVN/ZHF9WC datafile 10396546 (r3-all-2018.csv.gz, md5 fd3487254ae01b22b999d6425fa62309)"
2018,BIRBHUM,SAINTHIA,HORISARA,"doi:10.7910/DVN/ZHF9WC datafile 10396546 (r3-all-2018.csv.gz, md5 fd3487254ae01b22b999d6425fa62309)"
2018,BIRBHUM,SAINTHIA,MATHPALSA,"doi:10.7910/DVN/ZHF9WC datafile 10396546 (r3-all-2018.csv.gz, md5 fd3487254ae01b22b999d6425fa62309)"
2018,BIRBHUM,SAINTHIA,PANRUI,"doi:10.7910/DVN/ZHF9WC datafile 10396546 (r3-all-2018.csv.gz, md5 fd3487254ae01b22b999d6425fa62309)"
2018,BIRBHUM,SAINTHIA,SANGRA,"doi:10.7910/DVN/ZHF9WC datafile 10396546 (r3-all-2018.csv.gz, md5 fd3487254ae01b22b999d6425fa62309)"
2018,BIRBHUM,SAINTHIA,SREENIDHIPUR,"doi:10.7910/DVN/ZHF9WC datafile 10396546 (r3-all-2018.csv.gz, md5 fd3487254ae01b22b999d6425fa62309)"
2018,PASCHIM BARDHAMAN,SALANPUR,ACCHRA,"doi:10.7910/DVN/ZHF9WC datafile 10396546 (r3-all-2018.csv.gz, md5 fd3487254ae01b22b999d6425fa62309)"
2018,PASCHIM BARDHAMAN,SALANPUR,ALLADI,"doi:10.7910/DVN/ZHF9WC datafile 10396546 (r3-all-2018.csv.gz, md5 fd3487254ae01b22b999d6425fa62309)"
2018,PASCHIM BARDHAMAN,SALANPUR,BASUDEBPUR-JEMARI,"doi:10.7910/DVN/ZHF9WC datafile 10396546 (r3-all-2018.csv.gz, md5 fd3487254ae01b22b999d6425fa62309)"
2018,PASCHIM BARDHAMAN,SALANPUR,DENDUA,"doi:10.7910/DVN/ZHF9WC datafile 10396546 (r3-all-2018.csv.gz, md5 fd3487254ae01b22b999d6425fa62309)"
2018,PASCHIM BARDHAMAN,SALANPUR,ETHORA,"doi:10.7910/DVN/ZHF9WC datafile 10396546 (r3-all-2018.csv.gz, md5 fd3487254ae01b22b999d6425fa62309)"
2018,PASCHIM BARDHAMAN,SALANPUR,FULBERIA-BOLKUNDA,"doi:10.7910/DVN/ZHF9WC datafile 10396546 (r3-all-2018.csv.gz, md5 fd3487254ae01b22b999d6425fa62309)"
2018,PASCHIM BARDHAMAN,SALANPUR,JITPUR-UTTARRAMPUR,"doi:10.7910/DVN/ZHF9WC datafile 10396546 (r3-all-2018.csv.gz, md5 fd3487254ae01b22b999d6425fa62309)"
2018,PASCHIM BARDHAMAN,SALANPUR,KALLYA,"doi:10.7910/DVN/ZHF9WC datafile 10396546 (r3-all-2018.csv.gz, md5 fd3487254ae01b22b999d6425fa62309)"
2018,PASCHIM BARDHAMAN,SALANPUR,RUPNARAYANPUR,"doi:10.7910/DVN/ZHF9WC datafile 10396546 (r3-all-2018.csv.gz, md5 fd3487254ae01b22b999d6425fa62309)"
2018,PASCHIM BARDHAMAN,SALANPUR,SALANPUR,"doi:10.7910/DVN/ZHF9WC datafile 10396546 (r3-all-2018.csv.gz, md5 fd3487254ae01b22b999d6425fa62309)"
2018,PASCHIM BARDHAMAN,SALANPUR,SAMDI,"doi:10.7910/DVN/ZHF9WC datafile 10396546 (r3-all-2018.csv.gz, md5 fd3487254ae01b22b999d6425fa62309)"
2018,PASCHIM MEDINIPUR,SALBANI,BANKIBANDH,"doi:10.7910/DVN/ZHF9WC datafile 10396546 (r3-all-2018.csv.gz, md5 fd3487254ae01b22b999d6425fa62309)"
2018,PASCHIM MEDINIPUR,SALBANI,BHIMPUR,"doi:10.7910/DVN/ZHF9WC datafile 10396546 (r3-all-2018.csv.gz, md5 fd3487254ae01b22b999d6425fa62309)"
2018,PASCHIM MEDINIPUR,SALBANI,BISHNUPUR,"doi:10.7910/DVN/ZHF9WC datafile 10396546 (r3-all-2018.csv.gz, md5 fd3487254ae01b22b999d6425fa62309)"
2018,PASCHIM MEDINIPUR,SALBANI,DEBAGRAM,"doi:10.7910/DVN/ZHF9WC datafile 10396546 (r3-all-2018.csv.gz, md5 fd3487254ae01b22b999d6425fa62309)"
2018,PASCHIM MEDINIPUR,SALBANI,GARHMAL,"doi:10.7910/DVN/ZHF9WC datafile 10396546 (r3-all-2018.csv.gz, md5 fd3487254ae01b22b999d6425fa62309)"
2018,PASCHIM MEDINIPUR,SALBANI,KARNAGARH,"doi:10.7910/DVN/ZHF9WC datafile 10396546 (r3-all-2018.csv.gz, md5 fd3487254ae01b22b999d6425fa62309)"
2018,PASCHIM MEDINIPUR,SALBANI,KASHIJORA,"doi:10.7910/DVN/ZHF9WC datafile 10396546 (r3-all-2018.csv.gz, md5 fd3487254ae01b22b999d6425fa62309)"
2018,PASCHIM MEDINIPUR,SALBANI,LALGERIA,"doi:10.7910/DVN/ZHF9WC datafile 10396546 (r3-all-2018.csv.gz, md5 fd3487254ae01b22b999d6425fa62309)"
2018,PASCHIM MEDINIPUR,SALBANI,SHALBONI,"doi:10.7910/DVN/ZHF9WC datafile 10396546 (r3-all-2018.csv.gz, md5 fd3487254ae01b22b999d6425fa62309)"
2018,PASCHIM MEDINIPUR,SALBANI,SHATPATI,"doi:10.7910/DVN/ZHF9WC datafile 10396546 (r3-all-2018.csv.gz, md5 fd3487254ae01b22b999d6425fa62309)"
2018,BANKURA,SALTORA,BAMUNTOR,"doi:10.7910/DVN/ZHF9WC datafile 10396546 (r3-all-2018.csv.gz, md5 fd3487254ae01b22b999d6425fa62309)"
2018,BANKURA,SALTORA,DHEKIA,"doi:10.7910/DVN/ZHF9WC datafile 10396546 (r3-all-2018.csv.gz, md5 fd3487254ae01b22b999d6425fa62309)"
2018,BANKURA,SALTORA,GOGRA,"doi:10.7910/DVN/ZHF9WC datafile 10396546 (r3-all-2018.csv.gz, md5 fd3487254ae01b22b999d6425fa62309)"
2018,BANKURA,SALTORA,KANURI,"doi:10.7910/DVN/ZHF9WC datafile 10396546 (r3-all-2018.csv.gz, md5 fd3487254ae01b22b999d6425fa62309)"
2018,BANKURA,SALTORA,PABRA,"doi:10.7910/DVN/ZHF9WC datafile 10396546 (r3-all-2018.csv.gz, md5 fd3487254ae01b22b999d6425fa62309)"
2018,BANKURA,SALTORA,SALMA,"doi:10.7910/DVN/ZHF9WC datafile 10396546 (r3-all-2018.csv.gz, md5 fd3487254ae01b22b999d6425fa62309)"
2018,BANKURA,SALTORA,SALTORA,"doi:10.7910/DVN/ZHF9WC datafile 10396546 (r3-all-2018.csv.gz, md5 fd3487254ae01b22b999d6425fa62309)"
2018,BANKURA,SALTORA,TILURI,"doi:10.7910/DVN/ZHF9WC datafile 10396546 (r3-all-2018.csv.gz, md5 fd3487254ae01b22b999d6425fa62309)"
2018,MURSHIDABAD,SAMSHERGANJ,BHASAIPAIKAR,"doi:10.7910/DVN/ZHF9WC datafile 10396546 (r3-all-2018.csv.gz, md5 fd3487254ae01b22b999d6425fa62309)"
2018,MURSHIDABAD,SAMSHERGANJ,BOGDADNAGAR,"doi:10.7910/DVN/ZHF9WC datafile 10396546 (r3-all-2018.csv.gz, md5 fd3487254ae01b22b999d6425fa62309)"
2018,MURSHIDABAD,SAMSHERGANJ,CHACHANDA,"doi:10.7910/DVN/ZHF9WC datafile 10396546 (r3-all-2018.csv.gz, md5 fd3487254ae01b22b999d6425fa62309)"
2018,MURSHIDABAD,SAMSHERGANJ,DOGACHHI NAPARA,"doi:10.7910/DVN/ZHF9WC datafile 10396546 (r3-all-2018.csv.gz, md5 fd3487254ae01b22b999d6425fa62309)"
2018,MURSHIDABAD,SAMSHERGANJ,GAJINAGAR MALANCHA,"doi:10.7910/DVN/ZHF9WC datafile 10396546 (r3-all-2018.csv.gz, md5 fd3487254ae01b22b999d6425fa62309)"
2018,MURSHIDABAD,SAMSHERGANJ,KANCHANTALA,"doi:10.7910/DVN/ZHF9WC datafile 10396546 (r3-all-2018.csv.gz, md5 fd3487254ae01b22b999d6425fa62309)"
2018,MURSHIDABAD,SAMSHERGANJ,NIMTITA,"doi:10.7910/DVN/ZHF9WC datafile 10396546 (r3-all-2018.csv.gz, md5 fd3487254ae01b22b999d6425fa62309)"
2018,MURSHIDABAD,SAMSHERGANJ,PRATAPGANJ,"doi:10.7910/DVN/ZHF9WC datafile 10396546 (r3-all-2018.csv.gz, md5 fd3487254ae01b22b999d6425fa62309)"
2018,MURSHIDABAD,SAMSHERGANJ,TINPUKURIA,"doi:10.7910/DVN/ZHF9WC datafile 10396546 (r3-all-2018.csv.gz, md5 fd3487254ae01b22b999d6425fa62309)"
2018,24 PARGANAS (NORTH),SANDESHKHALI-I,BAYERMARI-I,"doi:10.7910/DVN/ZHF9WC datafile 10396546 (r3-all-2018.csv.gz, md5 fd3487254ae01b22b999d6425fa62309)"
2018,24 PARGANAS (NORTH),SANDESHKHALI-I,BAYERMARI-II,"doi:10.7910/DVN/ZHF9WC datafile 10396546 (r3-all-2018.csv.gz, md5 fd3487254ae01b22b999d6425fa62309)"
2018,24 PARGANAS (NORTH),SANDESHKHALI-I,HATGACHHI,"doi:10.7910/DVN/ZHF9WC datafile 10396546 (r3-all-2018.csv.gz, md5 fd3487254ae01b22b999d6425fa62309)"
2018,24 PARGANAS (NORTH),SANDESHKHALI-I,KALINAGAR,"doi:10.7910/DVN/ZHF9WC datafile 10396546 (r3-all-2018.csv.gz, md5 fd3487254ae01b22b999d6425fa62309)"
2018,24 PARGANAS (NORTH),SANDESHKHALI-I,NAZAT-I,"doi:10.7910/DVN/ZHF9WC datafile 10396546 (r3-all-2018.csv.gz, md5 fd3487254ae01b22b999d6425fa62309)"
2018,24 PARGANAS (NORTH),SANDESHKHALI-I,NAZAT-II,"doi:10.7910/DVN/ZHF9WC datafile 10396546 (r3-all-2018.csv.gz, md5 fd3487254ae01b22b999d6425fa62309)"
2018,24 PARGANAS (NORTH),SANDESHKHALI-I,SARBERIA AGARHATI,"doi:10.7910/DVN/ZHF9WC datafile 10396546 (r3-all-2018.csv.gz, md5 fd3487254ae01b22b999d6425fa62309)"
2018,24 PARGANAS (NORTH),SANDESHKHALI-I,SEHERA RADHNAGAR,"doi:10.7910/DVN/ZHF9WC datafile 10396546 (r3-all-2018.csv.gz, md5 fd3487254ae01b22b999d6425fa62309)"
2018,24 PARGANAS (NORTH),SANDESHKHALI-II,BERMAJUR-I,"doi:10.7910/DVN/ZHF9WC datafile 10396546 (r3-all-2018.csv.gz, md5 fd3487254ae01b22b999d6425fa62309)"
2018,24 PARGANAS (NORTH),SANDESHKHALI-II,BERMAJUR-II,"doi:10.7910/DVN/ZHF9WC datafile 10396546 (r3-all-2018.csv.gz, md5 fd3487254ae01b22b999d6425fa62309)"
2018,24 PARGANAS (NORTH),SANDESHKHALI-II,DURGAMANDOP,"doi:10.7910/DVN/ZHF9WC datafile 10396546 (r3-all-2018.csv.gz, md5 fd3487254ae01b22b999d6425fa62309)"
2018,24 PARGANAS (NORTH),SANDESHKHALI-II,JELIAKHALI,"doi:10.7910/DVN/ZHF9WC datafile 10396546 (r3-all-2018.csv.gz, md5 fd3487254ae01b22b999d6425fa62309)"
2018,24 PARGANAS (NORTH),SANDESHKHALI-II,KHULNA,"doi:10.7910/DVN/ZHF9WC datafile 10396546 (r3-all-2018.csv.gz, md5 fd3487254ae01b22b999d6425fa62309)"
2018,24 PARGANAS (NORTH),SANDESHKHALI-II,KORAKATI,"doi:10.7910/DVN/ZHF9WC datafile 10396546 (r3-all-2018.csv.gz, md5 fd3487254ae01b22b999d6425fa62309)"
2018,24 PARGANAS (NORTH),SANDESHKHALI-II,MANIPUR,"doi:10.7910/DVN/ZHF9WC datafile 10396546 (r3-all-2018.csv.gz, md5 fd3487254ae01b22b999d6425fa62309)"
2018,24 PARGANAS (NORTH),SANDESHKHALI-II,SANDESHKHALI,"doi:10.7910/DVN/ZHF9WC datafile 10396546 (r3-all-2018.csv.gz, md5 fd3487254ae01b22b999d6425fa62309)"
2018,HOWRAH,SANKRAIL,ANDUL,"doi:10.7910/DVN/ZHF9WC datafile 10396546 (r3-all-2018.csv.gz, md5 fd3487254ae01b22b999d6425fa62309)"
2018,HOWRAH,SANKRAIL,BANPUR-I,"doi:10.7910/DVN/ZHF9WC datafile 10396546 (r3-all-2018.csv.gz, md5 fd3487254ae01b22b999d6425fa62309)"
2018,HOWRAH,SANKRAIL,BANPUR-II,"doi:10.7910/DVN/ZHF9WC datafile 10396546 (r3-all-2018.csv.gz, md5 fd3487254ae01b22b999d6425fa62309)"
2018,HOWRAH,SANKRAIL,DAKSHIN SANKRAIL,"doi:10.7910/DVN/ZHF9WC datafile 10396546 (r3-all-2018.csv.gz, md5 fd3487254ae01b22b999d6425fa62309)"
2018,HOWRAH,SANKRAIL,DHULAGARI,"doi:10.7910/DVN/ZHF9WC datafile 10396546 (r3-all-2018.csv.gz, md5 fd3487254ae01b22b999d6425fa62309)"
2018,HOWRAH,SANKRAIL,DUILA,"doi:10.7910/DVN/ZHF9WC datafile 10396546 (r3-all-2018.csv.gz, md5 fd3487254ae01b22b999d6425fa62309)"
2018,HOWRAH,SANKRAIL,JORHAT,"doi:10.7910/DVN/ZHF9WC datafile 10396546 (r3-all-2018.csv.gz, md5 fd3487254ae01b22b999d6425fa62309)"
2018,HOWRAH,SANKRAIL,KANDUA,"doi:10.7910/DVN/ZHF9WC datafile 10396546 (r3-all-2018.csv.gz, md5 fd3487254ae01b22b999d6425fa62309)"
2018,HOWRAH,SANKRAIL,MANIKPUR,"doi:10.7910/DVN/ZHF9WC datafile 10396546 (r3-all-2018.csv.gz, md5 fd3487254ae01b22b999d6425fa62309)"
2018,HOWRAH,SANKRAIL,MASHILA,"doi:10.7910/DVN/ZHF9WC datafile 10396546 (r3-all-2018.csv.gz, md5 fd3487254ae01b22b999d6425fa62309)"
2018,HOWRAH,SANKRAIL,NALPUR,"doi:10.7910/DVN/ZHF9WC datafile 10396546 (r3-all-2018.csv.gz, md5 fd3487254ae01b22b999d6425fa62309)"
2018,HOWRAH,SANKRAIL,PANCHPARA,"doi:10.7910/DVN/ZHF9WC datafile 10396546 (r3-all-2018.csv.gz, md5 fd3487254ae01b22b999d6425fa62309)"
2018,HOWRAH,SANKRAIL,RAGHUDEBBATI,"doi:10.7910/DVN/ZHF9WC datafile 10396546 (r3-all-2018.csv.gz, md5 fd3487254ae01b22b999d6425fa62309)"
2018,HOWRAH,SANKRAIL,SANKRAIL,"doi:10.7910/DVN/ZHF9WC datafile 10396546 (r3-all-2018.csv.gz, md5 fd3487254ae01b22b999d6425fa62309)"
2018,HOWRAH,SANKRAIL,SARENGA,"doi:10.7910/DVN/ZHF9WC datafile 10396546 (r3-all-2018.csv.gz, md5 fd3487254ae01b22b999d6425fa62309)"
2018,HOWRAH,SANKRAIL,THANAMAKUA,"doi:10.7910/DVN/ZHF9WC datafile 10396546 (r3-all-2018.csv.gz, md5 fd3487254ae01b22b999d6425fa62309)"
2018,JHARGRAM,SANKRAIL,ANDHARI,"doi:10.7910/DVN/ZHF9WC datafile 10396546 (r3-all-2018.csv.gz, md5 fd3487254ae01b22b999d6425fa62309)"
2018,JHARGRAM,SANKRAIL,CHHATRI,"doi:10.7910/DVN/ZHF9WC datafile 10396546 (r3-all-2018.csv.gz, md5 fd3487254ae01b22b999d6425fa62309)"
2018,JHARGRAM,SANKRAIL,DHANGHORI,"doi:10.7910/DVN/ZHF9WC datafile 10396546 (r3-all-2018.csv.gz, md5 fd3487254ae01b22b999d6425fa62309)"
2018,JHARGRAM,SANKRAIL,KHUDMORAI,"doi:10.7910/DVN/ZHF9WC datafile 10396546 (r3-all-2018.csv.gz, md5 fd3487254ae01b22b999d6425fa62309)"
2018,JHARGRAM,SANKRAIL,KULTIKRI,"doi:10.7910/DVN/ZHF9WC datafile 10396546 (r3-all-2018.csv.gz, md5 fd3487254ae01b22b999d6425fa62309)"
2018,JHARGRAM,SANKRAIL,LAUDAHA,"doi:10.7910/DVN/ZHF9WC datafile 10396546 (r3-all-2018.csv.gz, md5 fd3487254ae01b22b999d6425fa62309)"
2018,JHARGRAM,SANKRAIL,PATHRA,"doi:10.7910/DVN/ZHF9WC datafile 10396546 (r3-all-2018.csv.gz, md5 fd3487254ae01b22b999d6425fa62309)"
2018,JHARGRAM,SANKRAIL,RAGRAH,"doi:10.7910/DVN/ZHF9WC datafile 10396546 (r3-all-2018.csv.gz, md5 fd3487254ae01b22b999d6425fa62309)"
2018,JHARGRAM,SANKRAIL,ROHINI,"doi:10.7910/DVN/ZHF9WC datafile 10396546 (r3-all-2018.csv.gz, md5 fd3487254ae01b22b999d6425fa62309)"
2018,JHARGRAM,SANKRAIL,SANKRAIL,"doi:10.7910/DVN/ZHF9WC datafile 10396546 (r3-all-2018.csv.gz, md5 fd3487254ae01b22b999d6425fa62309)"
2018,NADIA,SANTIPUR,ARBANDI-I,"doi:10.7910/DVN/ZHF9WC datafile 10396546 (r3-all-2018.csv.gz, md5 fd3487254ae01b22b999d6425fa62309)"
2018,NADIA,SANTIPUR,ARBANDI-II,"doi:10.7910/DVN/ZHF9WC datafile 10396546 (r3-all-2018.csv.gz, md5 fd3487254ae01b22b999d6425fa62309)"
2018,NADIA,SANTIPUR,BABLA,"doi:10.7910/DVN/ZHF9WC datafile 10396546 (r3-all-2018.csv.gz, md5 fd3487254ae01b22b999d6425fa62309)"
2018,NADIA,SANTIPUR,BAGANCHRA,"doi:10.7910/DVN/ZHF9WC datafile 10396546 (r3-all-2018.csv.gz, md5 fd3487254ae01b22b999d6425fa62309)"
2018,NADIA,SANTIPUR,BELGORIA-I,"doi:10.7910/DVN/ZHF9WC datafile 10396546 (r3-all-2018.csv.gz, md5 fd3487254ae01b22b999d6425fa62309)"
2018,NADIA,SANTIPUR,BELGORIA-II,"doi:10.7910/DVN/ZHF9WC datafile 10396546 (r3-all-2018.csv.gz, md5 fd3487254ae01b22b999d6425fa62309)"
2018,NADIA,SANTIPUR,FULIA TOWNSHIP,"doi:10.7910/DVN/ZHF9WC datafile 10396546 (r3-all-2018.csv.gz, md5 fd3487254ae01b22b999d6425fa62309)"
2018,NADIA,SANTIPUR,GAYESHPUR,"doi:10.7910/DVN/ZHF9WC datafile 10396546 (r3-all-2018.csv.gz, md5 fd3487254ae01b22b999d6425fa62309)"
2018,NADIA,SANTIPUR,HARIPUR,"doi:10.7910/DVN/ZHF9WC datafile 10396546 (r3-all-2018.csv.gz, md5 fd3487254ae01b22b999d6425fa62309)"
2018,NADIA,SANTIPUR,NABLA,"doi:10.7910/DVN/ZHF9WC datafile 10396546 (r3-all-2018.csv.gz, md5 fd3487254ae01b22b999d6425fa62309)"
2018,PURULIA,SANTURI,BALITORA,"doi:10.7910/DVN/ZHF9WC datafile 10396546 (r3-all-2018.csv.gz, md5 fd3487254ae01b22b999d6425fa62309)"
2018,PURULIA,SANTURI,GARSIKA,"doi:10.7910/DVN/ZHF9WC datafile 10396546 (r3-all-2018.csv.gz, md5 fd3487254ae01b22b999d6425fa62309)"
2018,PURULIA,SANTURI,MURADI,"doi:10.7910/DVN/ZHF9WC datafile 10396546 (r3-all-2018.csv.gz, md5 fd3487254ae01b22b999d6425fa62309)"
2018,PURULIA,SANTURI,RAMCHANDRAPUR-KOTALDI,"doi:10.7910/DVN/ZHF9WC datafile 10396546 (r3-all-2018.csv.gz, md5 fd3487254ae01b22b999d6425fa62309)"
2018,PURULIA,SANTURI,SANTURI,"doi:10.7910/DVN/ZHF9WC datafile 10396546 (r3-all-2018.csv.gz, md5 fd3487254ae01b22b999d6425fa62309)"
2018,PURULIA,SANTURI,TARABARI,"doi:10.7910/DVN/ZHF9WC datafile 10396546 (r3-all-2018.csv.gz, md5 fd3487254ae01b22b999d6425fa62309)"
2018,BANKURA,SARENGA,BIKRAMPUR,"doi:10.7910/DVN/ZHF9WC datafile 10396546 (r3-all-2018.csv.gz, md5 fd3487254ae01b22b999d6425fa62309)"
2018,BANKURA,SARENGA,CHILTOR,"doi:10.7910/DVN/ZHF9WC datafile 10396546 (r3-all-2018.csv.gz, md5 fd3487254ae01b22b999d6425fa62309)"
2018,BANKURA,SARENGA,GARGARLA,"doi:10.7910/DVN/ZHF9WC datafile 10396546 (r3-all-2018.csv.gz, md5 fd3487254ae01b22b999d6425fa62309)"
2018,BANKURA,SARENGA,GOALBARI,"doi:10.7910/DVN/ZHF9WC datafile 10396546 (r3-all-2018.csv.gz, md5 fd3487254ae01b22b999d6425fa62309)"
2018,BANKURA,SARENGA,NETURPUR,"doi:10.7910/DVN/ZHF9WC datafile 10396546 (r3-all-2018.csv.gz, md5 fd3487254ae01b22b999d6425fa62309)"
2018,BANKURA,SARENGA,SARENGA,"doi:10.7910/DVN/ZHF9WC datafile 10396546 (r3-all-2018.csv.gz, md5 fd3487254ae01b22b999d6425fa62309)"
2018,PURBA MEDINIPUR,SHAHID MATANGINI,BALLUK-I,"doi:10.7910/DVN/ZHF9WC datafile 10396546 (r3-all-2018.csv.gz, md5 fd3487254ae01b22b999d6425fa62309)"
2018,PURBA MEDINIPUR,SHAHID MATANGINI,BALLUK-II,"doi:10.7910/DVN/ZHF9WC datafile 10396546 (r3-all-2018.csv.gz, md5 fd3487254ae01b22b999d6425fa62309)"
2018,PURBA MEDINIPUR,SHAHID MATANGINI,DHALHARA,"doi:10.7910/DVN/ZHF9WC datafile 10396546 (r3-all-2018.csv.gz, md5 fd3487254ae01b22b999d6425fa62309)"
2018,PURBA MEDINIPUR,SHAHID MATANGINI,KAKHARDA,"doi:10.7910/DVN/ZHF9WC datafile 10396546 (r3-all-2018.csv.gz, md5 fd3487254ae01b22b999d6425fa62309)"
2018,PURBA MEDINIPUR,SHAHID MATANGINI,KHARUI-I,"doi:10.7910/DVN/ZHF9WC datafile 10396546 (r3-all-2018.csv.gz, md5 fd3487254ae01b22b999d6425fa62309)"
2018,PURBA MEDINIPUR,SHAHID MATANGINI,KHARUI-II,"doi:10.7910/DVN/ZHF9WC datafile 10396546 (r3-all-2018.csv.gz, md5 fd3487254ae01b22b999d6425fa62309)"
2018,PURBA MEDINIPUR,SHAHID MATANGINI,RAGHUNATHPUR-I,"doi:10.7910/DVN/ZHF9WC datafile 10396546 (r3-all-2018.csv.gz, md5 fd3487254ae01b22b999d6425fa62309)"
2018,PURBA MEDINIPUR,SHAHID MATANGINI,RAGHUNATHPUR-II,"doi:10.7910/DVN/ZHF9WC datafile 10396546 (r3-all-2018.csv.gz, md5 fd3487254ae01b22b999d6425fa62309)"
2018,PURBA MEDINIPUR,SHAHID MATANGINI,SANTIPUR-I,"doi:10.7910/DVN/ZHF9WC datafile 10396546 (r3-all-2018.csv.gz, md5 fd3487254ae01b22b999d6425fa62309)"
2018,PURBA MEDINIPUR,SHAHID MATANGINI,SANTIPUR-II,"doi:10.7910/DVN/ZHF9WC datafile 10396546 (r3-all-2018.csv.gz, md5 fd3487254ae01b22b999d6425fa62309)"
2018,HOWRAH,SHYAMPUR-I,BALICHATURI,"doi:10.7910/DVN/ZHF9WC datafile 10396546 (r3-all-2018.csv.gz, md5 fd3487254ae01b22b999d6425fa62309)"
2018,HOWRAH,SHYAMPUR-I,BANESWARPUR-I,"doi:10.7910/DVN/ZHF9WC datafile 10396546 (r3-all-2018.csv.gz, md5 fd3487254ae01b22b999d6425fa62309)"
2018,HOWRAH,SHYAMPUR-I,BANESWARPUR-II,"doi:10.7910/DVN/ZHF9WC datafile 10396546 (r3-all-2018.csv.gz, md5 fd3487254ae01b22b999d6425fa62309)"
2018,HOWRAH,SHYAMPUR-I,BELARI,"doi:10.7910/DVN/ZHF9WC datafile 10396546 (r3-all-2018.csv.gz, md5 fd3487254ae01b22b999d6425fa62309)"
2018,HOWRAH,SHYAMPUR-I,DHANDALI,"doi:10.7910/DVN/ZHF9WC datafile 10396546 (r3-all-2018.csv.gz, md5 fd3487254ae01b22b999d6425fa62309)"
2018,HOWRAH,SHYAMPUR-I,DINGAKHOLA,"doi:10.7910/DVN/ZHF9WC datafile 10396546 (r3-all-2018.csv.gz, md5 fd3487254ae01b22b999d6425fa62309)"
2018,HOWRAH,SHYAMPUR-I,KAMALPUR,"doi:10.7910/DVN/ZHF9WC datafile 10396546 (r3-all-2018.csv.gz, md5 fd3487254ae01b22b999d6425fa62309)"
2018,HOWRAH,SHYAMPUR-I,NABAGRAM,"doi:10.7910/DVN/ZHF9WC datafile 10396546 (r3-all-2018.csv.gz, md5 fd3487254ae01b22b999d6425fa62309)"
2018,HOWRAH,SHYAMPUR-I,RADHAPUR,"doi:10.7910/DVN/ZHF9WC datafile 10396546 (r3-all-2018.csv.gz, md5 fd3487254ae01b22b999d6425fa62309)"
2018,HOWRAH,SHYAMPUR-I,SYAMPUR,"doi:10.7910/DVN/ZHF9WC datafile 10396546 (r3-all-2018.csv.gz, md5 fd3487254ae01b22b999d6425fa62309)"
2018,HOWRAH,SHYAMPUR-II,AMARDAHA,"doi:10.7910/DVN/ZHF9WC datafile 10396546 (r3-all-2018.csv.gz, md5 fd3487254ae01b22b999d6425fa62309)"
2018,HOWRAH,SHYAMPUR-II,BACHHRI,"doi:10.7910/DVN/ZHF9WC datafile 10396546 (r3-all-2018.csv.gz, md5 fd3487254ae01b22b999d6425fa62309)"
2018,HOWRAH,SHYAMPUR-II,BARGRAM,"doi:10.7910/DVN/ZHF9WC datafile 10396546 (r3-all-2018.csv.gz, md5 fd3487254ae01b22b999d6425fa62309)"
2018,HOWRAH,SHYAMPUR-II,DIHIMONDALGHAT-I,"doi:10.7910/DVN/ZHF9WC datafile 10396546 (r3-all-2018.csv.gz, md5 fd3487254ae01b22b999d6425fa62309)"
2018,HOWRAH,SHYAMPUR-II,DIHIMONDALGHAT-II,"doi:10.7910/DVN/ZHF9WC datafile 10396546 (r3-all-2018.csv.gz, md5 fd3487254ae01b22b999d6425fa62309)"
2018,HOWRAH,SHYAMPUR-II,KHARUBERIA,"doi:10.7910/DVN/ZHF9WC datafile 10396546 (r3-all-2018.csv.gz, md5 fd3487254ae01b22b999d6425fa62309)"
2018,HOWRAH,SHYAMPUR-II,NAKOL,"doi:10.7910/DVN/ZHF9WC datafile 10396546 (r3-all-2018.csv.gz, md5 fd3487254ae01b22b999d6425fa62309)"
2018,HOWRAH,SHYAMPUR-II,SHASHATI,"doi:10.7910/DVN/ZHF9WC datafile 10396546 (r3-all-2018.csv.gz, md5 fd3487254ae01b22b999d6425fa62309)"
2018,BANKURA,SIMLAPAL,BIKRAMPUR,"doi:10.7910/DVN/ZHF9WC datafile 10396546 (r3-all-2018.csv.gz, md5 fd3487254ae01b22b999d6425fa62309)"
2018,BANKURA,SIMLAPAL,DUBRAJPUR,"doi:10.7910/DVN/ZHF9WC datafile 10396546 (r3-all-2018.csv.gz, md5 fd3487254ae01b22b999d6425fa62309)"
2018,BANKURA,SIMLAPAL,LAKSHMISAGAR,"doi:10.7910/DVN/ZHF9WC datafile 10396546 (r3-all-2018.csv.gz, md5 fd3487254ae01b22b999d6425fa62309)"
2018,BANKURA,SIMLAPAL,MACHATORA,"doi:10.7910/DVN/ZHF9WC datafile 10396546 (r3-all-2018.csv.gz, md5 fd3487254ae01b22b999d6425fa62309)"
2018,BANKURA,SIMLAPAL,MONDALGRAM,"doi:10.7910/DVN/ZHF9WC datafile 10396546 (r3-all-2018.csv.gz, md5 fd3487254ae01b22b999d6425fa62309)"
2018,BANKURA,SIMLAPAL,PARSWALA,"doi:10.7910/DVN/ZHF9WC datafile 10396546 (r3-all-2018.csv.gz, md5 fd3487254ae01b22b999d6425fa62309)"
2018,BANKURA,SIMLAPAL,SIMLAPAL,"doi:10.7910/DVN/ZHF9WC datafile 10396546 (r3-all-2018.csv.gz, md5 fd3487254ae01b22b999d6425fa62309)"
2018,HOOGHLY,SINGUR,ANANDANAGAR,"doi:10.7910/DVN/ZHF9WC datafile 10396546 (r3-all-2018.csv.gz, md5 fd3487254ae01b22b999d6425fa62309)"
2018,HOOGHLY,SINGUR,BAGDANGACHINAMORE,"doi:10.7910/DVN/ZHF9WC datafile 10396546 (r3-all-2018.csv.gz, md5 fd3487254ae01b22b999d6425fa62309)"
2018,HOOGHLY,SINGUR,BAINCHIPOTA,"doi:10.7910/DVN/ZHF9WC datafile 10396546 (r3-all-2018.csv.gz, md5 fd3487254ae01b22b999d6425fa62309)"
2018,HOOGHLY,SINGUR,BALARAMBATI,"doi:10.7910/DVN/ZHF9WC datafile 10396546 (r3-all-2018.csv.gz, md5 fd3487254ae01b22b999d6425fa62309)"
2018,HOOGHLY,SINGUR,BARUIPARAPALTAGARH,"doi:10.7910/DVN/ZHF9WC datafile 10396546 (r3-all-2018.csv.gz, md5 fd3487254ae01b22b999d6425fa62309)"
2018,HOOGHLY,SINGUR,BASUBATI,"doi:10.7910/DVN/ZHF9WC datafile 10396546 (r3-all-2018.csv.gz, md5 fd3487254ae01b22b999d6425fa62309)"
2018,HOOGHLY,SINGUR,BERABERI,"doi:10.7910/DVN/ZHF9WC datafile 10396546 (r3-all-2018.csv.gz, md5 fd3487254ae01b22b999d6425fa62309)"
2018,HOOGHLY,SINGUR,BIGHATI,"doi:10.7910/DVN/ZHF9WC datafile 10396546 (r3-all-2018.csv.gz, md5 fd3487254ae01b22b999d6425fa62309)"
2018,HOOGHLY,SINGUR,BORA,"doi:10.7910/DVN/ZHF9WC datafile 10396546 (r3-all-2018.csv.gz, md5 fd3487254ae01b22b999d6425fa62309)"
2018,HOOGHLY,SINGUR,BORAIPAHALAMPUR,"doi:10.7910/DVN/ZHF9WC datafile 10396546 (r3-all-2018.csv.gz, md5 fd3487254ae01b22b999d6425fa62309)"
2018,HOOGHLY,SINGUR,GOPALNAGAR,"doi:10.7910/DVN/ZHF9WC datafile 10396546 (r3-all-2018.csv.gz, md5 fd3487254ae01b22b999d6425fa62309)"
2018,HOOGHLY,SINGUR,KAMARKUNDUGOPALNAGARDALUIGACHHA,"doi:10.7910/DVN/ZHF9WC datafile 10396546 (r3-all-2018.csv.gz, md5 fd3487254ae01b22b999d6425fa62309)"
2018,HOOGHLY,SINGUR,MIRZAPURBANKIPUR,"doi:10.7910/DVN/ZHF9WC datafile 10396546 (r3-all-2018.csv.gz, md5 fd3487254ae01b22b999d6425fa62309)"
2018,HOOGHLY,SINGUR,NASIBPUR,"doi:10.7910/DVN/ZHF9WC datafile 10396546 (r3-all-2018.csv.gz, md5 fd3487254ae01b22b999d6425fa62309)"
2018,HOOGHLY,SINGUR,SINGUR-I,"doi:10.7910/DVN/ZHF9WC datafile 10396546 (r3-all-2018.csv.gz, md5 fd3487254ae01b22b999d6425fa62309)"
2018,HOOGHLY,SINGUR,SINGUR-II,"doi:10.7910/DVN/ZHF9WC datafile 10396546 (r3-all-2018.csv.gz, md5 fd3487254ae01b22b999d6425fa62309)"
2018,COOCHBEHAR,SITAI,ADABARI,"doi:10.7910/DVN/ZHF9WC datafile 10396546 (r3-all-2018.csv.gz, md5 fd3487254ae01b22b999d6425fa62309)"
2018,COOCHBEHAR,SITAI,BRAHMOTTAR-CHATRA,"doi:10.7910/DVN/ZHF9WC datafile 10396546 (r3-all-2018.csv.gz, md5 fd3487254ae01b22b999d6425fa62309)"
2018,COOCHBEHAR,SITAI,CHAMTA,"doi:10.7910/DVN/ZHF9WC datafile 10396546 (r3-all-2018.csv.gz, md5 fd3487254ae01b22b999d6425fa62309)"
2018,COOCHBEHAR,SITAI,SITAI-I,"doi:10.7910/DVN/ZHF9WC datafile 10396546 (r3-all-2018.csv.gz, md5 fd3487254ae01b22b999d6425fa62309)"
2018,COOCHBEHAR,SITAI,SITAI-II,"doi:10.7910/DVN/ZHF9WC datafile 10396546 (r3-all-2018.csv.gz, md5 fd3487254ae01b22b999d6425fa62309)"
2018,COOCHBEHAR,SITALKUCHI,BAROKAIMARI,"doi:10.7910/DVN/ZHF9WC datafile 10396546 (r3-all-2018.csv.gz, md5 fd3487254ae01b22b999d6425fa62309)"
2018,COOCHBEHAR,SITALKUCHI,BHAWERTHANA,"doi:10.7910/DVN/ZHF9WC datafile 10396546 (r3-all-2018.csv.gz, md5 fd3487254ae01b22b999d6425fa62309)"
2018,COOCHBEHAR,SITALKUCHI,CHHOTOSALBARI,"doi:10.7910/DVN/ZHF9WC datafile 10396546 (r3-all-2018.csv.gz, md5 fd3487254ae01b22b999d6425fa62309)"
2018,COOCHBEHAR,SITALKUCHI,GOLENOWHATI,"doi:10.7910/DVN/ZHF9WC datafile 10396546 (r3-all-2018.csv.gz, md5 fd3487254ae01b22b999d6425fa62309)"
2018,COOCHBEHAR,SITALKUCHI,GOSAIRHAT,"doi:10.7910/DVN/ZHF9WC datafile 10396546 (r3-all-2018.csv.gz, md5 fd3487254ae01b22b999d6425fa62309)"
2018,COOCHBEHAR,SITALKUCHI,KHALISAMARI,"doi:10.7910/DVN/ZHF9WC datafile 10396546 (r3-all-2018.csv.gz, md5 fd3487254ae01b22b999d6425fa62309)"
2018,COOCHBEHAR,SITALKUCHI,LALBAZAR,"doi:10.7910/DVN/ZHF9WC datafile 10396546 (r3-all-2018.csv.gz, md5 fd3487254ae01b22b999d6425fa62309)"
2018,COOCHBEHAR,SITALKUCHI,SITALKUCHI,"doi:10.7910/DVN/ZHF9WC datafile 10396546 (r3-all-2018.csv.gz, md5 fd3487254ae01b22b999d6425fa62309)"
2018,BANKURA,SONAMUKHI,DHANSHIMLA,"doi:10.7910/DVN/ZHF9WC datafile 10396546 (r3-all-2018.csv.gz, md5 fd3487254ae01b22b999d6425fa62309)"
2018,BANKURA,SONAMUKHI,DHULAI,"doi:10.7910/DVN/ZHF9WC datafile 10396546 (r3-all-2018.csv.gz, md5 fd3487254ae01b22b999d6425fa62309)"
2018,BANKURA,SONAMUKHI,DIHIPARA,"doi:10.7910/DVN/ZHF9WC datafile 10396546 (r3-all-2018.csv.gz, md5 fd3487254ae01b22b999d6425fa62309)"
2018,BANKURA,SONAMUKHI,HAMIRHATI,"doi:10.7910/DVN/ZHF9WC datafile 10396546 (r3-all-2018.csv.gz, md5 fd3487254ae01b22b999d6425fa62309)"
2018,BANKURA,SONAMUKHI,KOCHDIHI,"doi:10.7910/DVN/ZHF9WC datafile 10396546 (r3-all-2018.csv.gz, md5 fd3487254ae01b22b999d6425fa62309)"
2018,BANKURA,SONAMUKHI,MANIKBAZAR,"doi:10.7910/DVN/ZHF9WC datafile 10396546 (r3-all-2018.csv.gz, md5 fd3487254ae01b22b999d6425fa62309)"
2018,BANKURA,SONAMUKHI,PANCHAL,"doi:10.7910/DVN/ZHF9WC datafile 10396546 (r3-all-2018.csv.gz, md5 fd3487254ae01b22b999d6425fa62309)"
2018,BANKURA,SONAMUKHI,PIYERBERA,"doi:10.7910/DVN/ZHF9WC datafile 10396546 (r3-all-2018.csv.gz, md5 fd3487254ae01b22b999d6425fa62309)"
2018,BANKURA,SONAMUKHI,PURBA NABASAN,"doi:10.7910/DVN/ZHF9WC datafile 10396546 (r3-all-2018.csv.gz, md5 fd3487254ae01b22b999d6425fa62309)"
2018,BANKURA,SONAMUKHI,RADHAMOHANPUR,"doi:10.7910/DVN/ZHF9WC datafile 10396546 (r3-all-2018.csv.gz, md5 fd3487254ae01b22b999d6425fa62309)"
2018,24 PARGANAS SOUTH,SONAR PUR,BANGOOGHLY-I,"doi:10.7910/DVN/ZHF9WC datafile 10396546 (r3-all-2018.csv.gz, md5 fd3487254ae01b22b999d6425fa62309)"
2018,24 PARGANAS SOUTH,SONAR PUR,BANHOOGHLY-II,"doi:10.7910/DVN/ZHF9WC datafile 10396546 (r3-all-2018.csv.gz, md5 fd3487254ae01b22b999d6425fa62309)"
2018,24 PARGANAS SOUTH,SONAR PUR,KALIKAPUR-I,"doi:10.7910/DVN/ZHF9WC datafile 10396546 (r3-all-2018.csv.gz, md5 fd3487254ae01b22b999d6425fa62309)"
2018,24 PARGANAS SOUTH,SONAR PUR,KALIKAPUR-II,"doi:10.7910/DVN/ZHF9WC datafile 10396546 (r3-all-2018.csv.gz, md5 fd3487254ae01b22b999d6425fa62309)"
2018,24 PARGANAS SOUTH,SONAR PUR,KAMRABAD,"doi:10.7910/DVN/ZHF9WC datafile 10396546 (r3-all-2018.csv.gz, md5 fd3487254ae01b22b999d6425fa62309)"
2018,24 PARGANAS SOUTH,SONAR PUR,KHEYADAHA-I,"doi:10.7910/DVN/ZHF9WC datafile 10396546 (r3-all-2018.csv.gz, md5 fd3487254ae01b22b999d6425fa62309)"
2018,24 PARGANAS SOUTH,SONAR PUR,KHEYADAHA-II,"doi:10.7910/DVN/ZHF9WC datafile 10396546 (r3-all-2018.csv.gz, md5 fd3487254ae01b22b999d6425fa62309)"
2018,24 PARGANAS SOUTH,SONAR PUR,LANGALBERIA,"doi:10.7910/DVN/ZHF9WC datafile 10396546 (r3-all-2018.csv.gz, md5 fd3487254ae01b22b999d6425fa62309)"
2018,24 PARGANAS SOUTH,SONAR PUR,POLEGHAT,"doi:10.7910/DVN/ZHF9WC datafile 10396546 (r3-all-2018.csv.gz, md5 fd3487254ae01b22b999d6425fa62309)"
2018,24 PARGANAS SOUTH,SONAR PUR,PRATAPNAGAR,"doi:10.7910/DVN/ZHF9WC datafile 10396546 (r3-all-2018.csv.gz, md5 fd3487254ae01b22b999d6425fa62309)"
2018,24 PARGANAS SOUTH,SONAR PUR,SONARPUR-II,"doi:10.7910/DVN/ZHF9WC datafile 10396546 (r3-all-2018.csv.gz, md5 fd3487254ae01b22b999d6425fa62309)"
2018,HOOGHLY,SRIRAMPORE-UTTARPARA,KANAIPUR,"doi:10.7910/DVN/ZHF9WC datafile 10396546 (r3-all-2018.csv.gz, md5 fd3487254ae01b22b999d6425fa62309)"
2018,HOOGHLY,SRIRAMPORE-UTTARPARA,NABAGRAM,"doi:10.7910/DVN/ZHF9WC datafile 10396546 (r3-all-2018.csv.gz, md5 fd3487254ae01b22b999d6425fa62309)"
2018,HOOGHLY,SRIRAMPORE-UTTARPARA,PAYARAPUR,"doi:10.7910/DVN/ZHF9WC datafile 10396546 (r3-all-2018.csv.gz, md5 fd3487254ae01b22b999d6425fa62309)"
2018,HOOGHLY,SRIRAMPORE-UTTARPARA,RAGHUNATHPUR,"doi:10.7910/DVN/ZHF9WC datafile 10396546 (r3-all-2018.csv.gz, md5 fd3487254ae01b22b999d6425fa62309)"
2018,HOOGHLY,SRIRAMPORE-UTTARPARA,RAJYADHARPUR,"doi:10.7910/DVN/ZHF9WC datafile 10396546 (r3-all-2018.csv.gz, md5 fd3487254ae01b22b999d6425fa62309)"
2018,HOOGHLY,SRIRAMPORE-UTTARPARA,RISHRA,"doi:10.7910/DVN/ZHF9WC datafile 10396546 (r3-all-2018.csv.gz, md5 fd3487254ae01b22b999d6425fa62309)"
2018,BIRBHUM,SURI-I,ALUNDA,"doi:10.7910/DVN/ZHF9WC datafile 10396546 (r3-all-2018.csv.gz, md5 fd3487254ae01b22b999d6425fa62309)"
2018,BIRBHUM,SURI-I,BHURKUNA,"doi:10.7910/DVN/ZHF9WC datafile 10396546 (r3-all-2018.csv.gz, md5 fd3487254ae01b22b999d6425fa62309)"
2018,BIRBHUM,SURI-I,KARIDHYA,"doi:10.7910/DVN/ZHF9WC datafile 10396546 (r3-all-2018.csv.gz, md5 fd3487254ae01b22b999d6425fa62309)"
2018,BIRBHUM,SURI-I,KHATANGA,"doi:10.7910/DVN/ZHF9WC datafile 10396546 (r3-all-2018.csv.gz, md5 fd3487254ae01b22b999d6425fa62309)"
2018,BIRBHUM,SURI-I,MALLICKPUR,"doi:10.7910/DVN/ZHF9WC datafile 10396546 (r3-all-2018.csv.gz, md5 fd3487254ae01b22b999d6425fa62309)"
2018,BIRBHUM,SURI-I,NAGARI,"doi:10.7910/DVN/ZHF9WC datafile 10396546 (r3-all-2018.csv.gz, md5 fd3487254ae01b22b999d6425fa62309)"
2018,BIRBHUM,SURI-I,TILPARA,"doi:10.7910/DVN/ZHF9WC datafile 10396546 (r3-all-2018.csv.gz, md5 fd3487254ae01b22b999d6425fa62309)"
2018,BIRBHUM,SURI-II,ABINASHPUR,"doi:10.7910/DVN/ZHF9WC datafile 10396546 (r3-all-2018.csv.gz, md5 fd3487254ae01b22b999d6425fa62309)"
2018,BIRBHUM,SURI-II,BANSHANKA,"doi:10.7910/DVN/ZHF9WC datafile 10396546 (r3-all-2018.csv.gz, md5 fd3487254ae01b22b999d6425fa62309)"
2018,BIRBHUM,SURI-II,DOMDAMA,"doi:10.7910/DVN/ZHF9WC datafile 10396546 (r3-all-2018.csv.gz, md5 fd3487254ae01b22b999d6425fa62309)"
2018,BIRBHUM,SURI-II,KENDUA,"doi:10.7910/DVN/ZHF9WC datafile 10396546 (r3-all-2018.csv.gz, md5 fd3487254ae01b22b999d6425fa62309)"
2018,BIRBHUM,SURI-II,KOMA,"doi:10.7910/DVN/ZHF9WC datafile 10396546 (r3-all-2018.csv.gz, md5 fd3487254ae01b22b999d6425fa62309)"
2018,BIRBHUM,SURI-II,PURANDARPUR,"doi:10.7910/DVN/ZHF9WC datafile 10396546 (r3-all-2018.csv.gz, md5 fd3487254ae01b22b999d6425fa62309)"
2018,PURBA MEDINIPUR,SUTAHATA,ASHADTALIA,"doi:10.7910/DVN/ZHF9WC datafile 10396546 (r3-all-2018.csv.gz, md5 fd3487254ae01b22b999d6425fa62309)"
2018,PURBA MEDINIPUR,SUTAHATA,CHAITANYAPUR,"doi:10.7910/DVN/ZHF9WC datafile 10396546 (r3-all-2018.csv.gz, md5 fd3487254ae01b22b999d6425fa62309)"
2018,PURBA MEDINIPUR,SUTAHATA,GUABERIA,"doi:10.7910/DVN/ZHF9WC datafile 10396546 (r3-all-2018.csv.gz, md5 fd3487254ae01b22b999d6425fa62309)"
2018,PURBA MEDINIPUR,SUTAHATA,HOREKHALI,"doi:10.7910/DVN/ZHF9WC datafile 10396546 (r3-all-2018.csv.gz, md5 fd3487254ae01b22b999d6425fa62309)"
2018,PURBA MEDINIPUR,SUTAHATA,JOYNAGAR,"doi:10.7910/DVN/ZHF9WC datafile 10396546 (r3-all-2018.csv.gz, md5 fd3487254ae01b22b999d6425fa62309)"
2018,PURBA MEDINIPUR,SUTAHATA,KUKRAHATI,"doi:10.7910/DVN/ZHF9WC datafile 10396546 (r3-all-2018.csv.gz, md5 fd3487254ae01b22b999d6425fa62309)"
2018,MURSHIDABAD,SUTI-I,AHIRAN,"doi:10.7910/DVN/ZHF9WC datafile 10396546 (r3-all-2018.csv.gz, md5 fd3487254ae01b22b999d6425fa62309)"
2018,MURSHIDABAD,SUTI-I,BAHUTALI,"doi:10.7910/DVN/ZHF9WC datafile 10396546 (r3-all-2018.csv.gz, md5 fd3487254ae01b22b999d6425fa62309)"
2018,MURSHIDABAD,SUTI-I,BANSABATI,"doi:10.7910/DVN/ZHF9WC datafile 10396546 (r3-all-2018.csv.gz, md5 fd3487254ae01b22b999d6425fa62309)"
2018,MURSHIDABAD,SUTI-I,HARUA,"doi:10.7910/DVN/ZHF9WC datafile 10396546 (r3-all-2018.csv.gz, md5 fd3487254ae01b22b999d6425fa62309)"
2018,MURSHIDABAD,SUTI-I,NURPUR,"doi:10.7910/DVN/ZHF9WC datafile 10396546 (r3-all-2018.csv.gz, md5 fd3487254ae01b22b999d6425fa62309)"
2018,MURSHIDABAD,SUTI-I,SADIKPUR,"doi:10.7910/DVN/ZHF9WC datafile 10396546 (r3-all-2018.csv.gz, md5 fd3487254ae01b22b999d6425fa62309)"
2018,MURSHIDABAD,SUTI-II,AURANGABAD-I,"doi:10.7910/DVN/ZHF9WC datafile 10396546 (r3-all-2018.csv.gz, md5 fd3487254ae01b22b999d6425fa62309)"
2018,MURSHIDABAD,SUTI-II,AURANGABAD-II,"doi:10.7910/DVN/ZHF9WC datafile 10396546 (r3-all-2018.csv.gz, md5 fd3487254ae01b22b999d6425fa62309)"
2018,MURSHIDABAD,SUTI-II,BAJITPUR,"doi:10.7910/DVN/ZHF9WC datafile 10396546 (r3-all-2018.csv.gz, md5 fd3487254ae01b22b999d6425fa62309)"
2018,MURSHIDABAD,SUTI-II,JAGTAI-I,"doi:10.7910/DVN/ZHF9WC datafile 10396546 (r3-all-2018.csv.gz, md5 fd3487254ae01b22b999d6425fa62309)"
2018,MURSHIDABAD,SUTI-II,JAGTAI-II,"doi:10.7910/DVN/ZHF9WC datafile 10396546 (r3-all-2018.csv.gz, md5 fd3487254ae01b22b999d6425fa62309)"
2018,MURSHIDABAD,SUTI-II,KASIMNAGAR,"doi:10.7910/DVN/ZHF9WC datafile 10396546 (r3-all-2018.csv.gz, md5 fd3487254ae01b22b999d6425fa62309)"
2018,MURSHIDABAD,SUTI-II,LAXMIPUR,"doi:10.7910/DVN/ZHF9WC datafile 10396546 (r3-all-2018.csv.gz, md5 fd3487254ae01b22b999d6425fa62309)"
2018,MURSHIDABAD,SUTI-II,MAHESAIL-I,"doi:10.7910/DVN/ZHF9WC datafile 10396546 (r3-all-2018.csv.gz, md5 fd3487254ae01b22b999d6425fa62309)"
2018,MURSHIDABAD,SUTI-II,MAHESAIL-II,"doi:10.7910/DVN/ZHF9WC datafile 10396546 (r3-all-2018.csv.gz, md5 fd3487254ae01b22b999d6425fa62309)"
2018,MURSHIDABAD,SUTI-II,UMRAPUR,"doi:10.7910/DVN/ZHF9WC datafile 10396546 (r3-all-2018.csv.gz, md5 fd3487254ae01b22b999d6425fa62309)"
2018,24 PARGANAS (NORTH),SWARUPNAGAR,BALTI NITYANANDAKATI,"doi:10.7910/DVN/ZHF9WC datafile 10396546 (r3-all-2018.csv.gz, md5 fd3487254ae01b22b999d6425fa62309)"
2018,24 PARGANAS (NORTH),SWARUPNAGAR,BANKRA GOKULPUR,"doi:10.7910/DVN/ZHF9WC datafile 10396546 (r3-all-2018.csv.gz, md5 fd3487254ae01b22b999d6425fa62309)"
2018,24 PARGANAS (NORTH),SWARUPNAGAR,BITHARI HAKIMPUR,"doi:10.7910/DVN/ZHF9WC datafile 10396546 (r3-all-2018.csv.gz, md5 fd3487254ae01b22b999d6425fa62309)"
2018,24 PARGANAS (NORTH),SWARUPNAGAR,CHARGHAT,"doi:10.7910/DVN/ZHF9WC datafile 10396546 (r3-all-2018.csv.gz, md5 fd3487254ae01b22b999d6425fa62309)"
2018,24 PARGANAS (NORTH),SWARUPNAGAR,GOBINDAPUR,"doi:10.7910/DVN/ZHF9WC datafile 10396546 (r3-all-2018.csv.gz, md5 fd3487254ae01b22b999d6425fa62309)"
2018,24 PARGANAS (NORTH),SWARUPNAGAR,KAIJURI,"doi:10.7910/DVN/ZHF9WC datafile 10396546 (r3-all-2018.csv.gz, md5 fd3487254ae01b22b999d6425fa62309)"
2018,24 PARGANAS (NORTH),SWARUPNAGAR,SAGUNA,"doi:10.7910/DVN/ZHF9WC datafile 10396546 (r3-all-2018.csv.gz, md5 fd3487254ae01b22b999d6425fa62309)"
2018,24 PARGANAS (NORTH),SWARUPNAGAR,SHARAPUL NIRMAN,"doi:10.7910/DVN/ZHF9WC datafile 10396546 (r3-all-2018.csv.gz, md5 fd3487254ae01b22b999d6425fa62309)"
2018,24 PARGANAS (NORTH),SWARUPNAGAR,SWARUPNAGAR BANGLANI,"doi:10.7910/DVN/ZHF9WC datafile 10396546 (r3-all-2018.csv.gz, md5 fd3487254ae01b22b999d6425fa62309)"
2018,24 PARGANAS (NORTH),SWARUPNAGAR,TEPUL MIRZAPUR,"doi:10.7910/DVN/ZHF9WC datafile 10396546 (r3-all-2018.csv.gz, md5 fd3487254ae01b22b999d6425fa62309)"
2018,BANKURA,TALDANGRA,AMDANGRA,"doi:10.7910/DVN/ZHF9WC datafile 10396546 (r3-all-2018.csv.gz, md5 fd3487254ae01b22b999d6425fa62309)"
2018,BANKURA,TALDANGRA,BIBARDA,"doi:10.7910/DVN/ZHF9WC datafile 10396546 (r3-all-2018.csv.gz, md5 fd3487254ae01b22b999d6425fa62309)"
2018,BANKURA,TALDANGRA,FULMATI,"doi:10.7910/DVN/ZHF9WC datafile 10396546 (r3-all-2018.csv.gz, md5 fd3487254ae01b22b999d6425fa62309)"
2018,BANKURA,TALDANGRA,HARMASRA,"doi:10.7910/DVN/ZHF9WC datafile 10396546 (r3-all-2018.csv.gz, md5 fd3487254ae01b22b999d6425fa62309)"
2018,BANKURA,TALDANGRA,KHALGRAM,"doi:10.7910/DVN/ZHF9WC datafile 10396546 (r3-all-2018.csv.gz, md5 fd3487254ae01b22b999d6425fa62309)"
2018,BANKURA,TALDANGRA,PANCHMURA,"doi:10.7910/DVN/ZHF9WC datafile 10396546 (r3-all-2018.csv.gz, md5 fd3487254ae01b22b999d6425fa62309)"
2018,BANKURA,TALDANGRA,SALTORA,"doi:10.7910/DVN/ZHF9WC datafile 10396546 (r3-all-2018.csv.gz, md5 fd3487254ae01b22b999d6425fa62309)"
2018,BANKURA,TALDANGRA,SATMAULI,"doi:10.7910/DVN/ZHF9WC datafile 10396546 (r3-all-2018.csv.gz, md5 fd3487254ae01b22b999d6425fa62309)"
2018,BANKURA,TALDANGRA,TALDANGRA,"doi:10.7910/DVN/ZHF9WC datafile 10396546 (r3-all-2018.csv.gz, md5 fd3487254ae01b22b999d6425fa62309)"
2018,PURBA MEDINIPUR,TAMLUK,ANANTAPUR-I,"doi:10.7910/DVN/ZHF9WC datafile 10396546 (r3-all-2018.csv.gz, md5 fd3487254ae01b22b999d6425fa62309)"
2018,PURBA MEDINIPUR,TAMLUK,ANANTAPUR-II,"doi:10.7910/DVN/ZHF9WC datafile 10396546 (r3-all-2018.csv.gz, md5 fd3487254ae01b22b999d6425fa62309)"
2018,PURBA MEDINIPUR,TAMLUK,BISHNUBAR-I,"doi:10.7910/DVN/ZHF9WC datafile 10396546 (r3-all-2018.csv.gz, md5 fd3487254ae01b22b999d6425fa62309)"
2018,PURBA MEDINIPUR,TAMLUK,BISHNUBAR-II,"doi:10.7910/DVN/ZHF9WC datafile 10396546 (r3-all-2018.csv.gz, md5 fd3487254ae01b22b999d6425fa62309)"
2018,PURBA MEDINIPUR,TAMLUK,NILKUNTHIA,"doi:10.7910/DVN/ZHF9WC datafile 10396546 (r3-all-2018.csv.gz, md5 fd3487254ae01b22b999d6425fa62309)"
2018,PURBA MEDINIPUR,TAMLUK,PADUMPUR-I,"doi:10.7910/DVN/ZHF9WC datafile 10396546 (r3-all-2018.csv.gz, md5 fd3487254ae01b22b999d6425fa62309)"
2018,PURBA MEDINIPUR,TAMLUK,PADUMPUR-II,"doi:10.7910/DVN/ZHF9WC datafile 10396546 (r3-all-2018.csv.gz, md5 fd3487254ae01b22b999d6425fa62309)"
2018,PURBA MEDINIPUR,TAMLUK,PIPULBERIA-I,"doi:10.7910/DVN/ZHF9WC datafile 10396546 (r3-all-2018.csv.gz, md5 fd3487254ae01b22b999d6425fa62309)"
2018,PURBA MEDINIPUR,TAMLUK,PIPULBERIA-II,"doi:10.7910/DVN/ZHF9WC datafile 10396546 (r3-all-2018.csv.gz, md5 fd3487254ae01b22b999d6425fa62309)"
2018,PURBA MEDINIPUR,TAMLUK,SRIRAMPUR-I,"doi:10.7910/DVN/ZHF9WC datafile 10396546 (r3-all-2018.csv.gz, md5 fd3487254ae01b22b999d6425fa62309)"
2018,PURBA MEDINIPUR,TAMLUK,SRIRAMPUR-II,"doi:10.7910/DVN/ZHF9WC datafile 10396546 (r3-all-2018.csv.gz, md5 fd3487254ae01b22b999d6425fa62309)"
2018,PURBA MEDINIPUR,TAMLUK,UTTARSONAMUI,"doi:10.7910/DVN/ZHF9WC datafile 10396546 (r3-all-2018.csv.gz, md5 fd3487254ae01b22b999d6425fa62309)"
2018,HOOGHLY,TARAKESWAR,ASHTARADATTAPUR,"doi:10.7910/DVN/ZHF9WC datafile 10396546 (r3-all-2018.csv.gz, md5 fd3487254ae01b22b999d6425fa62309)"
2018,HOOGHLY,TARAKESWAR,BALIGORI-I,"doi:10.7910/DVN/ZHF9WC datafile 10396546 (r3-all-2018.csv.gz, md5 fd3487254ae01b22b999d6425fa62309)"
2018,HOOGHLY,TARAKESWAR,BALIGORI-II,"doi:10.7910/DVN/ZHF9WC datafile 10396546 (r3-all-2018.csv.gz, md5 fd3487254ae01b22b999d6425fa62309)"
2018,HOOGHLY,TARAKESWAR,BHANJIPUR,"doi:10.7910/DVN/ZHF9WC datafile 10396546 (r3-all-2018.csv.gz, md5 fd3487254ae01b22b999d6425fa62309)"
2018,HOOGHLY,TARAKESWAR,CHAMPADANGA,"doi:10.7910/DVN/ZHF9WC datafile 10396546 (r3-all-2018.csv.gz, md5 fd3487254ae01b22b999d6425fa62309)"
2018,HOOGHLY,TARAKESWAR,KESABCHAK,"doi:10.7910/DVN/ZHF9WC datafile 10396546 (r3-all-2018.csv.gz, md5 fd3487254ae01b22b999d6425fa62309)"
2018,HOOGHLY,TARAKESWAR,NAITAMALPAHARPUR,"doi:10.7910/DVN/ZHF9WC datafile 10396546 (r3-all-2018.csv.gz, md5 fd3487254ae01b22b999d6425fa62309)"
2018,HOOGHLY,TARAKESWAR,PURBARAMNAGAR,"doi:10.7910/DVN/ZHF9WC datafile 10396546 (r3-all-2018.csv.gz, md5 fd3487254ae01b22b999d6425fa62309)"
2018,HOOGHLY,TARAKESWAR,SANTOSHPUR,"doi:10.7910/DVN/ZHF9WC datafile 10396546 (r3-all-2018.csv.gz, md5 fd3487254ae01b22b999d6425fa62309)"
2018,HOOGHLY,TARAKESWAR,TALPUR,"doi:10.7910/DVN/ZHF9WC datafile 10396546 (r3-all-2018.csv.gz, md5 fd3487254ae01b22b999d6425fa62309)"
2018,NADIA,TEHATTA-I,BATAI-I,"doi:10.7910/DVN/ZHF9WC datafile 10396546 (r3-all-2018.csv.gz, md5 fd3487254ae01b22b999d6425fa62309)"
2018,NADIA,TEHATTA-I,BETAI-II,"doi:10.7910/DVN/ZHF9WC datafile 10396546 (r3-all-2018.csv.gz, md5 fd3487254ae01b22b999d6425fa62309)"
2018,NADIA,TEHATTA-I,CHANDERGHAT,"doi:10.7910/DVN/ZHF9WC datafile 10396546 (r3-all-2018.csv.gz, md5 fd3487254ae01b22b999d6425fa62309)"
2018,NADIA,TEHATTA-I,CHHITKA,"doi:10.7910/DVN/ZHF9WC datafile 10396546 (r3-all-2018.csv.gz, md5 fd3487254ae01b22b999d6425fa62309)"
2018,NADIA,TEHATTA-I,KANAINAGAR,"doi:10.7910/DVN/ZHF9WC datafile 10396546 (r3-all-2018.csv.gz, md5 fd3487254ae01b22b999d6425fa62309)"
2018,NADIA,TEHATTA-I,NATNA,"doi:10.7910/DVN/ZHF9WC datafile 10396546 (r3-all-2018.csv.gz, md5 fd3487254ae01b22b999d6425fa62309)"
2018,NADIA,TEHATTA-I,PATHARGHATA-I,"doi:10.7910/DVN/ZHF9WC datafile 10396546 (r3-all-2018.csv.gz, md5 fd3487254ae01b22b999d6425fa62309)"
2018,NADIA,TEHATTA-I,PATHATGHATA-II,"doi:10.7910/DVN/ZHF9WC datafile 10396546 (r3-all-2018.csv.gz, md5 fd3487254ae01b22b999d6425fa62309)"
2018,NADIA,TEHATTA-I,RAGHUNATHPUR,"doi:10.7910/DVN/ZHF9WC datafile 10396546 (r3-all-2018.csv.gz, md5 fd3487254ae01b22b999d6425fa62309)"
2018,NADIA,TEHATTA-I,SHYAMNAGAR,"doi:10.7910/DVN/ZHF9WC datafile 10396546 (r3-all-2018.csv.gz, md5 fd3487254ae01b22b999d6425fa62309)"
2018,NADIA,TEHATTA-I,TEHATTA,"doi:10.7910/DVN/ZHF9WC datafile 10396546 (r3-all-2018.csv.gz, md5 fd3487254ae01b22b999d6425fa62309)"
2018,NADIA,TEHATTA-II,BARNIA,"doi:10.7910/DVN/ZHF9WC datafile 10396546 (r3-all-2018.csv.gz, md5 fd3487254ae01b22b999d6425fa62309)"
2018,NADIA,TEHATTA-II,GOPINATHPUR,"doi:10.7910/DVN/ZHF9WC datafile 10396546 (r3-all-2018.csv.gz, md5 fd3487254ae01b22b999d6425fa62309)"
2018,NADIA,TEHATTA-II,HANSPUKURIA,"doi:10.7910/DVN/ZHF9WC datafile 10396546 (r3-all-2018.csv.gz, md5 fd3487254ae01b22b999d6425fa62309)"
2018,NADIA,TEHATTA-II,PALASIPARA,"doi:10.7910/DVN/ZHF9WC datafile 10396546 (r3-all-2018.csv.gz, md5 fd3487254ae01b22b999d6425fa62309)"
2018,NADIA,TEHATTA-II,PALSUNDA-I,"doi:10.7910/DVN/ZHF9WC datafile 10396546 (r3-all-2018.csv.gz, md5 fd3487254ae01b22b999d6425fa62309)"
2018,NADIA,TEHATTA-II,PALSUNDA-II,"doi:10.7910/DVN/ZHF9WC datafile 10396546 (r3-all-2018.csv.gz, md5 fd3487254ae01b22b999d6425fa62309)"
2018,NADIA,TEHATTA-II,SAHEBNAGAR,"doi:10.7910/DVN/ZHF9WC datafile 10396546 (r3-all-2018.csv.gz, md5 fd3487254ae01b22b999d6425fa62309)"
2018,24 PARGANAS SOUTH,THAKURPUKUR MAHESTOLA,ASUTI-I,"doi:10.7910/DVN/ZHF9WC datafile 10396546 (r3-all-2018.csv.gz, md5 fd3487254ae01b22b999d6425fa62309)"
2018,24 PARGANAS SOUTH,THAKURPUKUR MAHESTOLA,ASUTI-II,"doi:10.7910/DVN/ZHF9WC datafile 10396546 (r3-all-2018.csv.gz, md5 fd3487254ae01b22b999d6425fa62309)"
2018,24 PARGANAS SOUTH,THAKURPUKUR MAHESTOLA,CHATTA,"doi:10.7910/DVN/ZHF9WC datafile 10396546 (r3-all-2018.csv.gz, md5 fd3487254ae01b22b999d6425fa62309)"
2018,24 PARGANAS SOUTH,THAKURPUKUR MAHESTOLA,RASPUNJA,"doi:10.7910/DVN/ZHF9WC datafile 10396546 (r3-all-2018.csv.gz, md5 fd3487254ae01b22b999d6425fa62309)"
2018,COOCHBEHAR,TUFANGANJ-I,ANDARAN-FULBARI-I,"doi:10.7910/DVN/ZHF9WC datafile 10396546 (r3-all-2018.csv.gz, md5 fd3487254ae01b22b999d6425fa62309)"
2018,COOCHBEHAR,TUFANGANJ-I,ANDARAN-FULBARI-II,"doi:10.7910/DVN/ZHF9WC datafile 10396546 (r3-all-2018.csv.gz, md5 fd3487254ae01b22b999d6425fa62309)"
2018,COOCHBEHAR,TUFANGANJ-I,BALABHUT,"doi:10.7910/DVN/ZHF9WC datafile 10396546 (r3-all-2018.csv.gz, md5 fd3487254ae01b22b999d6425fa62309)"
2018,COOCHBEHAR,TUFANGANJ-I,BALARAMPUR-I,"doi:10.7910/DVN/ZHF9WC datafile 10396546 (r3-all-2018.csv.gz, md5 fd3487254ae01b22b999d6425fa62309)"
2018,COOCHBEHAR,TUFANGANJ-I,BALARAMPUR-II,"doi:10.7910/DVN/ZHF9WC datafile 10396546 (r3-all-2018.csv.gz, md5 fd3487254ae01b22b999d6425fa62309)"
2018,COOCHBEHAR,TUFANGANJ-I,CHILKHANA-I,"doi:10.7910/DVN/ZHF9WC datafile 10396546 (r3-all-2018.csv.gz, md5 fd3487254ae01b22b999d6425fa62309)"
2018,COOCHBEHAR,TUFANGANJ-I,CHILKHANA-II,"doi:10.7910/DVN/ZHF9WC datafile 10396546 (r3-all-2018.csv.gz, md5 fd3487254ae01b22b999d6425fa62309)"
2018,COOCHBEHAR,TUFANGANJ-I,DEOCHARAI,"doi:10.7910/DVN/ZHF9WC datafile 10396546 (r3-all-2018.csv.gz, md5 fd3487254ae01b22b999d6425fa62309)"
2018,COOCHBEHAR,TUFANGANJ-I,DHALPAL-I,"doi:10.7910/DVN/ZHF9WC datafile 10396546 (r3-all-2018.csv.gz, md5 fd3487254ae01b22b999d6425fa62309)"
2018,COOCHBEHAR,TUFANGANJ-I,DHALPAL-II,"doi:10.7910/DVN/ZHF9WC datafile 10396546 (r3-all-2018.csv.gz, md5 fd3487254ae01b22b999d6425fa62309)"
2018,COOCHBEHAR,TUFANGANJ-I,MARUGANJ,"doi:10.7910/DVN/ZHF9WC datafile 10396546 (r3-all-2018.csv.gz, md5 fd3487254ae01b22b999d6425fa62309)"
2018,COOCHBEHAR,TUFANGANJ-I,NAKKATIGACHH,"doi:10.7910/DVN/ZHF9WC datafile 10396546 (r3-all-2018.csv.gz, md5 fd3487254ae01b22b999d6425fa62309)"
2018,COOCHBEHAR,TUFANGANJ-I,NATABARI-I,"doi:10.7910/DVN/ZHF9WC datafile 10396546 (r3-all-2018.csv.gz, md5 fd3487254ae01b22b999d6425fa62309)"
2018,COOCHBEHAR,TUFANGANJ-I,NATABARI-II,"doi:10.7910/DVN/ZHF9WC datafile 10396546 (r3-all-2018.csv.gz, md5 fd3487254ae01b22b999d6425fa62309)"
2018,COOCHBEHAR,TUFANGANJ-II,BAROKODALI-I,"doi:10.7910/DVN/ZHF9WC datafile 10396546 (r3-all-2018.csv.gz, md5 fd3487254ae01b22b999d6425fa62309)"
2018,COOCHBEHAR,TUFANGANJ-II,BAROKODALI-II,"doi:10.7910/DVN/ZHF9WC datafile 10396546 (r3-all-2018.csv.gz, md5 fd3487254ae01b22b999d6425fa62309)"
2018,COOCHBEHAR,TUFANGANJ-II,BHANUKUMARI-I,"doi:10.7910/DVN/ZHF9WC datafile 10396546 (r3-all-2018.csv.gz, md5 fd3487254ae01b22b999d6425fa62309)"
2018,COOCHBEHAR,TUFANGANJ-II,BHANUKUMARI-II,"doi:10.7910/DVN/ZHF9WC datafile 10396546 (r3-all-2018.csv.gz, md5 fd3487254ae01b22b999d6425fa62309)"
2018,COOCHBEHAR,TUFANGANJ-II,FALIMARI,"doi:10.7910/DVN/ZHF9WC datafile 10396546 (r3-all-2018.csv.gz, md5 fd3487254ae01b22b999d6425fa62309)"
2018,COOCHBEHAR,TUFANGANJ-II,MAHISKHUCHI-II,"doi:10.7910/DVN/ZHF9WC datafile 10396546 (r3-all-2018.csv.gz, md5 fd3487254ae01b22b999d6425fa62309)"
2018,COOCHBEHAR,TUFANGANJ-II,MAHISKUCHI-I,"doi:10.7910/DVN/ZHF9WC datafile 10396546 (r3-all-2018.csv.gz, md5 fd3487254ae01b22b999d6425fa62309)"
2018,COOCHBEHAR,TUFANGANJ-II,RAMPUR-I,"doi:10.7910/DVN/ZHF9WC datafile 10396546 (r3-all-2018.csv.gz, md5 fd3487254ae01b22b999d6425fa62309)"
2018,COOCHBEHAR,TUFANGANJ-II,RAMPUR-II,"doi:10.7910/DVN/ZHF9WC datafile 10396546 (r3-all-2018.csv.gz, md5 fd3487254ae01b22b999d6425fa62309)"
2018,COOCHBEHAR,TUFANGANJ-II,SALBARI-I,"doi:10.7910/DVN/ZHF9WC datafile 10396546 (r3-all-2018.csv.gz, md5 fd3487254ae01b22b999d6425fa62309)"
2018,COOCHBEHAR,TUFANGANJ-II,SALBARI-II,"doi:10.7910/DVN/ZHF9WC datafile 10396546 (r3-all-2018.csv.gz, md5 fd3487254ae01b22b999d6425fa62309)"
2018,DINAJPUR DAKSHIN,Tapan,AJMATPUR,"doi:10.7910/DVN/ZHF9WC datafile 10396546 (r3-all-2018.csv.gz, md5 fd3487254ae01b22b999d6425fa62309)"
2018,DINAJPUR DAKSHIN,Tapan,AUTINA,"doi:10.7910/DVN/ZHF9WC datafile 10396546 (r3-all-2018.csv.gz, md5 fd3487254ae01b22b999d6425fa62309)"
2018,DINAJPUR DAKSHIN,Tapan,DWIPKHANDA,"doi:10.7910/DVN/ZHF9WC datafile 10396546 (r3-all-2018.csv.gz, md5 fd3487254ae01b22b999d6425fa62309)"
2018,DINAJPUR DAKSHIN,Tapan,GOPHANAGAR,"doi:10.7910/DVN/ZHF9WC datafile 10396546 (r3-all-2018.csv.gz, md5 fd3487254ae01b22b999d6425fa62309)"
2018,DINAJPUR DAKSHIN,Tapan,GURAIL,"doi:10.7910/DVN/ZHF9WC datafile 10396546 (r3-all-2018.csv.gz, md5 fd3487254ae01b22b999d6425fa62309)"
2018,DINAJPUR DAKSHIN,Tapan,HARSURA,"doi:10.7910/DVN/ZHF9WC datafile 10396546 (r3-all-2018.csv.gz, md5 fd3487254ae01b22b999d6425fa62309)"
2018,DINAJPUR DAKSHIN,Tapan,HAZRATPUR,"doi:10.7910/DVN/ZHF9WC datafile 10396546 (r3-all-2018.csv.gz, md5 fd3487254ae01b22b999d6425fa62309)"
2018,DINAJPUR DAKSHIN,Tapan,MALANCHA,"doi:10.7910/DVN/ZHF9WC datafile 10396546 (r3-all-2018.csv.gz, md5 fd3487254ae01b22b999d6425fa62309)"
2018,DINAJPUR DAKSHIN,Tapan,RAMCHANDRAPUR,"doi:10.7910/DVN/ZHF9WC datafile 10396546 (r3-all-2018.csv.gz, md5 fd3487254ae01b22b999d6425fa62309)"
2018,DINAJPUR DAKSHIN,Tapan,RAMPARA CHENCHRA,"doi:10.7910/DVN/ZHF9WC datafile 10396546 (r3-all-2018.csv.gz, md5 fd3487254ae01b22b999d6425fa62309)"
2018,DINAJPUR DAKSHIN,Tapan,TAPANCHANDIPUR,"doi:10.7910/DVN/ZHF9WC datafile 10396546 (r3-all-2018.csv.gz, md5 fd3487254ae01b22b999d6425fa62309)"
2018,HOWRAH,UDAYNARAYANPUR,BHABANIPUR BIDHICHANDRAPUR,"doi:10.7910/DVN/ZHF9WC datafile 10396546 (r3-all-2018.csv.gz, md5 fd3487254ae01b22b999d6425fa62309)"
2018,HOWRAH,UDAYNARAYANPUR,DEBIPUR,"doi:10.7910/DVN/ZHF9WC datafile 10396546 (r3-all-2018.csv.gz, md5 fd3487254ae01b22b999d6425fa62309)"
2018,HOWRAH,UDAYNARAYANPUR,GARBHABANIPUR-SONATALA,"doi:10.7910/DVN/ZHF9WC datafile 10396546 (r3-all-2018.csv.gz, md5 fd3487254ae01b22b999d6425fa62309)"
2018,HOWRAH,UDAYNARAYANPUR,HARALI UDAYNARAYANPUR,"doi:10.7910/DVN/ZHF9WC datafile 10396546 (r3-all-2018.csv.gz, md5 fd3487254ae01b22b999d6425fa62309)"
2018,HOWRAH,UDAYNARAYANPUR,HARISHPUR,"doi:10.7910/DVN/ZHF9WC datafile 10396546 (r3-all-2018.csv.gz, md5 fd3487254ae01b22b999d6425fa62309)"
2018,HOWRAH,UDAYNARAYANPUR,KANUPAT MANSUKA,"doi:10.7910/DVN/ZHF9WC datafile 10396546 (r3-all-2018.csv.gz, md5 fd3487254ae01b22b999d6425fa62309)"
2018,HOWRAH,UDAYNARAYANPUR,KHILA,"doi:10.7910/DVN/ZHF9WC datafile 10396546 (r3-all-2018.csv.gz, md5 fd3487254ae01b22b999d6425fa62309)"
2018,HOWRAH,UDAYNARAYANPUR,KURCHI SHIBPUR,"doi:10.7910/DVN/ZHF9WC datafile 10396546 (r3-all-2018.csv.gz, md5 fd3487254ae01b22b999d6425fa62309)"
2018,HOWRAH,UDAYNARAYANPUR,PANCHARUL,"doi:10.7910/DVN/ZHF9WC datafile 10396546 (r3-all-2018.csv.gz, md5 fd3487254ae01b22b999d6425fa62309)"
2018,HOWRAH,UDAYNARAYANPUR,RAMPUR-DIHIBHURSUT-ASANDA,"doi:10.7910/DVN/ZHF9WC datafile 10396546 (r3-all-2018.csv.gz, md5 fd3487254ae01b22b999d6425fa62309)"
2018,HOWRAH,UDAYNARAYANPUR,SINGTI,"doi:10.7910/DVN/ZHF9WC datafile 10396546 (r3-all-2018.csv.gz, md5 fd3487254ae01b22b999d6425fa62309)"
2018,HOWRAH,ULUBERIA-I,BAHIRA,"doi:10.7910/DVN/ZHF9WC datafile 10396546 (r3-all-2018.csv.gz, md5 fd3487254ae01b22b999d6425fa62309)"
2018,HOWRAH,ULUBERIA-I,CHANDIPUR,"doi:10.7910/DVN/ZHF9WC datafile 10396546 (r3-all-2018.csv.gz, md5 fd3487254ae01b22b999d6425fa62309)"
2018,HOWRAH,ULUBERIA-I,DHULASIMLA,"doi:10.7910/DVN/ZHF9WC datafile 10396546 (r3-all-2018.csv.gz, md5 fd3487254ae01b22b999d6425fa62309)"
2018,HOWRAH,ULUBERIA-I,HATGACHHA-I,"doi:10.7910/DVN/ZHF9WC datafile 10396546 (r3-all-2018.csv.gz, md5 fd3487254ae01b22b999d6425fa62309)"
2018,HOWRAH,ULUBERIA-I,HATGACHHA-II,"doi:10.7910/DVN/ZHF9WC datafile 10396546 (r3-all-2018.csv.gz, md5 fd3487254ae01b22b999d6425fa62309)"
2018,HOWRAH,ULUBERIA-I,HEERAPUR,"doi:10.7910/DVN/ZHF9WC datafile 10396546 (r3-all-2018.csv.gz, md5 fd3487254ae01b22b999d6425fa62309)"
2018,HOWRAH,ULUBERIA-I,KALINAGAR,"doi:10.7910/DVN/ZHF9WC datafile 10396546 (r3-all-2018.csv.gz, md5 fd3487254ae01b22b999d6425fa62309)"
2018,HOWRAH,ULUBERIA-I,MAHESHPUR,"doi:10.7910/DVN/ZHF9WC datafile 10396546 (r3-all-2018.csv.gz, md5 fd3487254ae01b22b999d6425fa62309)"
2018,HOWRAH,ULUBERIA-I,TAPNA,"doi:10.7910/DVN/ZHF9WC datafile 10396546 (r3-all-2018.csv.gz, md5 fd3487254ae01b22b999d6425fa62309)"
2018,HOWRAH,ULUBERIA-II,BANIBAN,"doi:10.7910/DVN/ZHF9WC datafile 10396546 (r3-all-2018.csv.gz, md5 fd3487254ae01b22b999d6425fa62309)"
2018,HOWRAH,ULUBERIA-II,BASUDEBPUR,"doi:10.7910/DVN/ZHF9WC datafile 10396546 (r3-all-2018.csv.gz, md5 fd3487254ae01b22b999d6425fa62309)"
2018,HOWRAH,ULUBERIA-II,JOYARGORI,"doi:10.7910/DVN/ZHF9WC datafile 10396546 (r3-all-2018.csv.gz, md5 fd3487254ae01b22b999d6425fa62309)"
2018,HOWRAH,ULUBERIA-II,KHALISANI,"doi:10.7910/DVN/ZHF9WC datafile 10396546 (r3-all-2018.csv.gz, md5 fd3487254ae01b22b999d6425fa62309)"
2018,HOWRAH,ULUBERIA-II,RAGHUDEVPUR,"doi:10.7910/DVN/ZHF9WC datafile 10396546 (r3-all-2018.csv.gz, md5 fd3487254ae01b22b999d6425fa62309)"
2018,HOWRAH,ULUBERIA-II,TEHATTA-KANTABERIA-I,"doi:10.7910/DVN/ZHF9WC datafile 10396546 (r3-all-2018.csv.gz, md5 fd3487254ae01b22b999d6425fa62309)"
2018,HOWRAH,ULUBERIA-II,TEHATTA-KANTABERIA-II,"doi:10.7910/DVN/ZHF9WC datafile 10396546 (r3-all-2018.csv.gz, md5 fd3487254ae01b22b999d6425fa62309)"
2018,HOWRAH,ULUBERIA-II,TULSIBERIA,"doi:10.7910/DVN/ZHF9WC datafile 10396546 (r3-all-2018.csv.gz, md5 fd3487254ae01b22b999d6425fa62309)"
2018,BANKURA,VISHNUPUR,AYODHYA,"doi:10.7910/DVN/ZHF9WC datafile 10396546 (r3-all-2018.csv.gz, md5 fd3487254ae01b22b999d6425fa62309)"
2018,BANKURA,VISHNUPUR,BANKADAHA,"doi:10.7910/DVN/ZHF9WC datafile 10396546 (r3-all-2018.csv.gz, md5 fd3487254ae01b22b999d6425fa62309)"
2018,BANKURA,VISHNUPUR,BELSULIA,"doi:10.7910/DVN/ZHF9WC datafile 10396546 (r3-all-2018.csv.gz, md5 fd3487254ae01b22b999d6425fa62309)"
2018,BANKURA,VISHNUPUR,BHARA,"doi:10.7910/DVN/ZHF9WC datafile 10396546 (r3-all-2018.csv.gz, md5 fd3487254ae01b22b999d6425fa62309)"
2018,BANKURA,VISHNUPUR,DWARIKA-GOSSAINPUR,"doi:10.7910/DVN/ZHF9WC datafile 10396546 (r3-all-2018.csv.gz, md5 fd3487254ae01b22b999d6425fa62309)"
2018,BANKURA,VISHNUPUR,LAYEKBANDH,"doi:10.7910/DVN/ZHF9WC datafile 10396546 (r3-all-2018.csv.gz, md5 fd3487254ae01b22b999d6425fa62309)"
2018,BANKURA,VISHNUPUR,MORAR,"doi:10.7910/DVN/ZHF9WC datafile 10396546 (r3-all-2018.csv.gz, md5 fd3487254ae01b22b999d6425fa62309)"
2018,BANKURA,VISHNUPUR,RADHANAGAR,"doi:10.7910/DVN/ZHF9WC datafile 10396546 (r3-all-2018.csv.gz, md5 fd3487254ae01b22b999d6425fa62309)"
2018,BANKURA,VISHNUPUR,ULIYARA,"doi:10.7910/DVN/ZHF9WC datafile 10396546 (r3-all-2018.csv.gz, md5 fd3487254ae01b22b999d6425fa62309)"
