state,district,term,block,gram_panchayat,named_in_order,caste_reservation,woman_reserved,printed,match,assigned_by,order,source_file,source_page,source_row,gp_list
West Bengal,South 24 Parganas,2018,BARUIPUR,BEGUMPUR,True,UR,True,Begumpur,exact,matcher,"No. 6/P&RD/PGE/2018, dated 06/03/2018",s24pgs_642_Form-1B_Pradhan_1_e6a3bc68.pdf,7.0,3.0,"doi:10.7910/DVN/ZHF9WC datafile 10396546 (r3-all-2018.csv.gz, md5 fd3487254ae01b22b999d6425fa62309)"
West Bengal,South 24 Parganas,2018,BARUIPUR,BELEGACHHIA,True,SC,True,Belegachhi,transliteration,matcher,"No. 6/P&RD/PGE/2018, dated 06/03/2018",s24pgs_642_Form-1B_Pradhan_1_e6a3bc68.pdf,7.0,5.0,"doi:10.7910/DVN/ZHF9WC datafile 10396546 (r3-all-2018.csv.gz, md5 fd3487254ae01b22b999d6425fa62309)"
West Bengal,South 24 Parganas,2018,BARUIPUR,BRINDAKHALI,False,UR,False,,not_named,,"No. 6/P&RD/PGE/2018, dated 06/03/2018",,,,"doi:10.7910/DVN/ZHF9WC datafile 10396546 (r3-all-2018.csv.gz, md5 fd3487254ae01b22b999d6425fa62309)"
West Bengal,South 24 Parganas,2018,BARUIPUR,CHAMPAHATI,True,SC,False,Champahati,exact,matcher,"No. 6/P&RD/PGE/2018, dated 06/03/2018",s24pgs_642_Form-1B_Pradhan_1_e6a3bc68.pdf,7.0,2.0,"doi:10.7910/DVN/ZHF9WC datafile 10396546 (r3-all-2018.csv.gz, md5 fd3487254ae01b22b999d6425fa62309)"
West Bengal,South 24 Parganas,2018,BARUIPUR,DHAPDHAPI-I,True,SC,False,Dhap Dhapi-I,exact,matcher,"No. 6/P&RD/PGE/2018, dated 06/03/2018",s24pgs_642_Form-1B_Pradhan_1_e6a3bc68.pdf,7.0,12.0,"doi:10.7910/DVN/ZHF9WC datafile 10396546 (r3-all-2018.csv.gz, md5 fd3487254ae01b22b999d6425fa62309)"
West Bengal,South 24 Parganas,2018,BARUIPUR,DHAPDHAPI-II,True,BC,True,Dhap Dhapi-II,exact,matcher,"No. 6/P&RD/PGE/2018, dated 06/03/2018",s24pgs_642_Form-1B_Pradhan_1_e6a3bc68.pdf,7.0,13.0,"doi:10.7910/DVN/ZHF9WC datafile 10396546 (r3-all-2018.csv.gz, md5 fd3487254ae01b22b999d6425fa62309)"
West Bengal,South 24 Parganas,2018,BARUIPUR,HARDHAH,True,UR,True,Hardah,transliteration,matcher,"No. 6/P&RD/PGE/2018, dated 06/03/2018",s24pgs_642_Form-1B_Pradhan_1_e6a3bc68.pdf,7.0,4.0,"doi:10.7910/DVN/ZHF9WC datafile 10396546 (r3-all-2018.csv.gz, md5 fd3487254ae01b22b999d6425fa62309)"
West Bengal,South 24 Parganas,2018,BARUIPUR,HARIHARPUR,False,UR,False,,not_named,,"No. 6/P&RD/PGE/2018, dated 06/03/2018",,,,"doi:10.7910/DVN/ZHF9WC datafile 10396546 (r3-all-2018.csv.gz, md5 fd3487254ae01b22b999d6425fa62309)"
West Bengal,South 24 Parganas,2018,BARUIPUR,KALYANPUR,True,UR,True,Kalyanpur,exact,matcher,"No. 6/P&RD/PGE/2018, dated 06/03/2018",s24pgs_642_Form-1B_Pradhan_1_e6a3bc68.pdf,7.0,10.0,"doi:10.7910/DVN/ZHF9WC datafile 10396546 (r3-all-2018.csv.gz, md5 fd3487254ae01b22b999d6425fa62309)"
West Bengal,South 24 Parganas,2018,BARUIPUR,MADARAT,True,BC,False,Madarat,exact,matcher,"No. 6/P&RD/PGE/2018, dated 06/03/2018",s24pgs_642_Form-1B_Pradhan_1_e6a3bc68.pdf,7.0,9.0,"doi:10.7910/DVN/ZHF9WC datafile 10396546 (r3-all-2018.csv.gz, md5 fd3487254ae01b22b999d6425fa62309)"
West Bengal,South 24 Parganas,2018,BARUIPUR,MALLIKPUR,True,SC,True,Mallickpur,transliteration,matcher,"No. 6/P&RD/PGE/2018, dated 06/03/2018",s24pgs_642_Form-1B_Pradhan_1_e6a3bc68.pdf,7.0,8.0,"doi:10.7910/DVN/ZHF9WC datafile 10396546 (r3-all-2018.csv.gz, md5 fd3487254ae01b22b999d6425fa62309)"
West Bengal,South 24 Parganas,2018,BARUIPUR,NABAGRAM,True,UR,True,Nabagram,exact,matcher,"No. 6/P&RD/PGE/2018, dated 06/03/2018",s24pgs_642_Form-1B_Pradhan_1_e6a3bc68.pdf,7.0,7.0,"doi:10.7910/DVN/ZHF9WC datafile 10396546 (r3-all-2018.csv.gz, md5 fd3487254ae01b22b999d6425fa62309)"
West Bengal,South 24 Parganas,2018,BARUIPUR,RAMNAGAR-I,False,UR,False,,not_named,,"No. 6/P&RD/PGE/2018, dated 06/03/2018",,,,"doi:10.7910/DVN/ZHF9WC datafile 10396546 (r3-all-2018.csv.gz, md5 fd3487254ae01b22b999d6425fa62309)"
West Bengal,South 24 Parganas,2018,BARUIPUR,RAMNAGAR-II,True,SC,False,Ramnagar-II,exact,matcher,"No. 6/P&RD/PGE/2018, dated 06/03/2018",s24pgs_642_Form-1B_Pradhan_1_e6a3bc68.pdf,7.0,6.0,"doi:10.7910/DVN/ZHF9WC datafile 10396546 (r3-all-2018.csv.gz, md5 fd3487254ae01b22b999d6425fa62309)"
West Bengal,South 24 Parganas,2018,BARUIPUR,SHANKARPUR-I,True,UR,True,Sankarpur-I,transliteration,matcher,"No. 6/P&RD/PGE/2018, dated 06/03/2018",s24pgs_642_Form-1B_Pradhan_1_e6a3bc68.pdf,7.0,14.0,"doi:10.7910/DVN/ZHF9WC datafile 10396546 (r3-all-2018.csv.gz, md5 fd3487254ae01b22b999d6425fa62309)"
West Bengal,South 24 Parganas,2018,BARUIPUR,SHANKARPUR-II,True,BC,False,Sankarpur-II,transliteration,matcher,"No. 6/P&RD/PGE/2018, dated 06/03/2018",s24pgs_642_Form-1B_Pradhan_1_e6a3bc68.pdf,7.0,15.0,"doi:10.7910/DVN/ZHF9WC datafile 10396546 (r3-all-2018.csv.gz, md5 fd3487254ae01b22b999d6425fa62309)"
West Bengal,South 24 Parganas,2018,BARUIPUR,SHIKHARBALI-I,False,UR,False,,not_named,,"No. 6/P&RD/PGE/2018, dated 06/03/2018",,,,"doi:10.7910/DVN/ZHF9WC datafile 10396546 (r3-all-2018.csv.gz, md5 fd3487254ae01b22b999d6425fa62309)"
West Bengal,South 24 Parganas,2018,BARUIPUR,SHIKHARBALI-II,True,SC,True,Sikharbali-II,transliteration,matcher,"No. 6/P&RD/PGE/2018, dated 06/03/2018",s24pgs_642_Form-1B_Pradhan_1_e6a3bc68.pdf,7.0,11.0,"doi:10.7910/DVN/ZHF9WC datafile 10396546 (r3-all-2018.csv.gz, md5 fd3487254ae01b22b999d6425fa62309)"
West Bengal,South 24 Parganas,2018,BARUIPUR,SOUTH GARIA,False,UR,False,,not_named,,"No. 6/P&RD/PGE/2018, dated 06/03/2018",,,,"doi:10.7910/DVN/ZHF9WC datafile 10396546 (r3-all-2018.csv.gz, md5 fd3487254ae01b22b999d6425fa62309)"
West Bengal,South 24 Parganas,2018,BASANTI,AMJHARA,False,UR,False,,not_named,,"No. 6/P&RD/PGE/2018, dated 06/03/2018",,,,"doi:10.7910/DVN/ZHF9WC datafile 10396546 (r3-all-2018.csv.gz, md5 fd3487254ae01b22b999d6425fa62309)"
West Bengal,South 24 Parganas,2018,BASANTI,BASANTI,True,SC,True,Basanti,exact,matcher,"No. 6/P&RD/PGE/2018, dated 06/03/2018",s24pgs_642_Form-1B_Pradhan_1_e6a3bc68.pdf,1.0,8.0,"doi:10.7910/DVN/ZHF9WC datafile 10396546 (r3-all-2018.csv.gz, md5 fd3487254ae01b22b999d6425fa62309)"
West Bengal,South 24 Parganas,2018,BASANTI,BHARATGARH,False,UR,False,,not_named,,"No. 6/P&RD/PGE/2018, dated 06/03/2018",,,,"doi:10.7910/DVN/ZHF9WC datafile 10396546 (r3-all-2018.csv.gz, md5 fd3487254ae01b22b999d6425fa62309)"
West Bengal,South 24 Parganas,2018,BASANTI,CHARABIDYA,True,SC,True,Charavidya,transliteration,matcher,"No. 6/P&RD/PGE/2018, dated 06/03/2018",s24pgs_642_Form-1B_Pradhan_1_e6a3bc68.pdf,1.0,4.0,"doi:10.7910/DVN/ZHF9WC datafile 10396546 (r3-all-2018.csv.gz, md5 fd3487254ae01b22b999d6425fa62309)"
West Bengal,South 24 Parganas,2018,BASANTI,CHUNAKHALI,True,UR,True,Chunakhali,exact,matcher,"No. 6/P&RD/PGE/2018, dated 06/03/2018",s24pgs_642_Form-1B_Pradhan_1_e6a3bc68.pdf,1.0,2.0,"doi:10.7910/DVN/ZHF9WC datafile 10396546 (r3-all-2018.csv.gz, md5 fd3487254ae01b22b999d6425fa62309)"
West Bengal,South 24 Parganas,2018,BASANTI,FOOLMALANCHA,False,UR,False,,not_named,,"No. 6/P&RD/PGE/2018, dated 06/03/2018",,,,"doi:10.7910/DVN/ZHF9WC datafile 10396546 (r3-all-2018.csv.gz, md5 fd3487254ae01b22b999d6425fa62309)"
West Bengal,South 24 Parganas,2018,BASANTI,JHARKHALI,True,SC,True,Jharkhali,exact,matcher,"No. 6/P&RD/PGE/2018, dated 06/03/2018",s24pgs_642_Form-1B_Pradhan_1_e6a3bc68.pdf,1.0,11.0,"doi:10.7910/DVN/ZHF9WC datafile 10396546 (r3-all-2018.csv.gz, md5 fd3487254ae01b22b999d6425fa62309)"
West Bengal,South 24 Parganas,2018,BASANTI,JYOTISHPUR,True,ST,False,Jyotishpur,exact,matcher,"No. 6/P&RD/PGE/2018, dated 06/03/2018",s24pgs_642_Form-1B_Pradhan_1_e6a3bc68.pdf,1.0,9.0,"doi:10.7910/DVN/ZHF9WC datafile 10396546 (r3-all-2018.csv.gz, md5 fd3487254ae01b22b999d6425fa62309)"
West Bengal,South 24 Parganas,2018,BASANTI,KANTHALBERIA,True,UR,True,Kanthalberia,exact,matcher,"No. 6/P&RD/PGE/2018, dated 06/03/2018",s24pgs_642_Form-1B_Pradhan_1_e6a3bc68.pdf,1.0,5.0,"doi:10.7910/DVN/ZHF9WC datafile 10396546 (r3-all-2018.csv.gz, md5 fd3487254ae01b22b999d6425fa62309)"
West Bengal,South 24 Parganas,2018,BASANTI,MASZIDBATI,True,UR,True,Masjidbati,transliteration,matcher,"No. 6/P&RD/PGE/2018, dated 06/03/2018",s24pgs_642_Form-1B_Pradhan_1_e6a3bc68.pdf,1.0,3.0,"doi:10.7910/DVN/ZHF9WC datafile 10396546 (r3-all-2018.csv.gz, md5 fd3487254ae01b22b999d6425fa62309)"
West Bengal,South 24 Parganas,2018,BASANTI,NAFARGANJ,True,UR,True,Nafargunj,transliteration,matcher,"No. 6/P&RD/PGE/2018, dated 06/03/2018",s24pgs_642_Form-1B_Pradhan_1_e6a3bc68.pdf,1.0,10.0,"doi:10.7910/DVN/ZHF9WC datafile 10396546 (r3-all-2018.csv.gz, md5 fd3487254ae01b22b999d6425fa62309)"
West Bengal,South 24 Parganas,2018,BASANTI,RAMCHANDRAKHALI,True,ST,False,Ramchandrakhali,exact,matcher,"No. 6/P&RD/PGE/2018, dated 06/03/2018",s24pgs_642_Form-1B_Pradhan_1_e6a3bc68.pdf,1.0,6.0,"doi:10.7910/DVN/ZHF9WC datafile 10396546 (r3-all-2018.csv.gz, md5 fd3487254ae01b22b999d6425fa62309)"
West Bengal,South 24 Parganas,2018,BASANTI,UTTAR MOKAMBERIA,True,UR,True,Uttar Mokamberia,exact,matcher,"No. 6/P&RD/PGE/2018, dated 06/03/2018",s24pgs_642_Form-1B_Pradhan_1_e6a3bc68.pdf,1.0,7.0,"doi:10.7910/DVN/ZHF9WC datafile 10396546 (r3-all-2018.csv.gz, md5 fd3487254ae01b22b999d6425fa62309)"
West Bengal,South 24 Parganas,2018,BHANGAR-I,BODRA,True,SC,True,Bodra,exact,matcher,"No. 6/P&RD/PGE/2018, dated 06/03/2018",s24pgs_642_Form-1B_Pradhan_1_e6a3bc68.pdf,8.0,5.0,"doi:10.7910/DVN/ZHF9WC datafile 10396546 (r3-all-2018.csv.gz, md5 fd3487254ae01b22b999d6425fa62309)"
West Bengal,South 24 Parganas,2018,BHANGAR-I,CHANDANESWAR-I,True,SC,False,Chandaneswar-I,exact,matcher,"No. 6/P&RD/PGE/2018, dated 06/03/2018",s24pgs_642_Form-1B_Pradhan_1_e6a3bc68.pdf,8.0,6.0,"doi:10.7910/DVN/ZHF9WC datafile 10396546 (r3-all-2018.csv.gz, md5 fd3487254ae01b22b999d6425fa62309)"
West Bengal,South 24 Parganas,2018,BHANGAR-I,CHANDANESWAR-II,True,SC,False,Chandaneswar-II,exact,matcher,"No. 6/P&RD/PGE/2018, dated 06/03/2018",s24pgs_642_Form-1B_Pradhan_1_e6a3bc68.pdf,8.0,3.0,"doi:10.7910/DVN/ZHF9WC datafile 10396546 (r3-all-2018.csv.gz, md5 fd3487254ae01b22b999d6425fa62309)"
West Bengal,South 24 Parganas,2018,BHANGAR-I,DURGAPUR,True,UR,True,Durgapur,exact,matcher,"No. 6/P&RD/PGE/2018, dated 06/03/2018",s24pgs_642_Form-1B_Pradhan_1_e6a3bc68.pdf,8.0,7.0,"doi:10.7910/DVN/ZHF9WC datafile 10396546 (r3-all-2018.csv.gz, md5 fd3487254ae01b22b999d6425fa62309)"
West Bengal,South 24 Parganas,2018,BHANGAR-I,JAGULGACHHI,True,SC,True,Jagulgachhi,exact,matcher,"No. 6/P&RD/PGE/2018, dated 06/03/2018",s24pgs_642_Form-1B_Pradhan_1_e6a3bc68.pdf,8.0,10.0,"doi:10.7910/DVN/ZHF9WC datafile 10396546 (r3-all-2018.csv.gz, md5 fd3487254ae01b22b999d6425fa62309)"
West Bengal,South 24 Parganas,2018,BHANGAR-I,NARAYANPUR,True,SC,True,Narayanpur,exact,matcher,"No. 6/P&RD/PGE/2018, dated 06/03/2018",s24pgs_642_Form-1B_Pradhan_1_e6a3bc68.pdf,8.0,8.0,"doi:10.7910/DVN/ZHF9WC datafile 10396546 (r3-all-2018.csv.gz, md5 fd3487254ae01b22b999d6425fa62309)"
West Bengal,South 24 Parganas,2018,BHANGAR-I,PRANGANJ,True,BC,False,Prangunj,transliteration,matcher,"No. 6/P&RD/PGE/2018, dated 06/03/2018",s24pgs_642_Form-1B_Pradhan_1_e6a3bc68.pdf,8.0,9.0,"doi:10.7910/DVN/ZHF9WC datafile 10396546 (r3-all-2018.csv.gz, md5 fd3487254ae01b22b999d6425fa62309)"
West Bengal,South 24 Parganas,2018,BHANGAR-I,SHANKSAHAR,True,UR,True,Sankshahar,transliteration,matcher,"No. 6/P&RD/PGE/2018, dated 06/03/2018",s24pgs_642_Form-1B_Pradhan_1_e6a3bc68.pdf,8.0,4.0,"doi:10.7910/DVN/ZHF9WC datafile 10396546 (r3-all-2018.csv.gz, md5 fd3487254ae01b22b999d6425fa62309)"
West Bengal,South 24 Parganas,2018,BHANGAR-I,TARDA,True,ST,True,Tardah,transliteration,matcher,"No. 6/P&RD/PGE/2018, dated 06/03/2018",s24pgs_642_Form-1B_Pradhan_1_e6a3bc68.pdf,8.0,2.0,"doi:10.7910/DVN/ZHF9WC datafile 10396546 (r3-all-2018.csv.gz, md5 fd3487254ae01b22b999d6425fa62309)"
West Bengal,South 24 Parganas,2018,BHANGAR-II,BAMANGHATA,True,SC,False,Bamanghata,exact,matcher,"No. 6/P&RD/PGE/2018, dated 06/03/2018",s24pgs_642_Form-1B_Pradhan_1_e6a3bc68.pdf,12.0,2.0,"doi:10.7910/DVN/ZHF9WC datafile 10396546 (r3-all-2018.csv.gz, md5 fd3487254ae01b22b999d6425fa62309)"
West Bengal,South 24 Parganas,2018,BHANGAR-II,BENTTATA-I,False,UR,False,,not_named,,"No. 6/P&RD/PGE/2018, dated 06/03/2018",,,,"doi:10.7910/DVN/ZHF9WC datafile 10396546 (r3-all-2018.csv.gz, md5 fd3487254ae01b22b999d6425fa62309)"
West Bengal,South 24 Parganas,2018,BHANGAR-II,BENTTATA-II,True,UR,True,Beonta-II,transliteration,override,"No. 6/P&RD/PGE/2018, dated 06/03/2018",s24pgs_642_Form-1B_Pradhan_1_e6a3bc68.pdf,12.0,3.0,"doi:10.7910/DVN/ZHF9WC datafile 10396546 (r3-all-2018.csv.gz, md5 fd3487254ae01b22b999d6425fa62309)"
West Bengal,South 24 Parganas,2018,BHANGAR-II,BHAGAWANPUR,False,UR,False,,not_named,,"No. 6/P&RD/PGE/2018, dated 06/03/2018",,,,"doi:10.7910/DVN/ZHF9WC datafile 10396546 (r3-all-2018.csv.gz, md5 fd3487254ae01b22b999d6425fa62309)"
West Bengal,South 24 Parganas,2018,BHANGAR-II,BHOGALI-I,False,UR,False,,not_named,,"No. 6/P&RD/PGE/2018, dated 06/03/2018",,,,"doi:10.7910/DVN/ZHF9WC datafile 10396546 (r3-all-2018.csv.gz, md5 fd3487254ae01b22b999d6425fa62309)"
West Bengal,South 24 Parganas,2018,BHANGAR-II,BHOGALI-II,True,BC,False,Bhogali-II,exact,matcher,"No. 6/P&RD/PGE/2018, dated 06/03/2018",s24pgs_642_Form-1B_Pradhan_1_e6a3bc68.pdf,12.0,8.0,"doi:10.7910/DVN/ZHF9WC datafile 10396546 (r3-all-2018.csv.gz, md5 fd3487254ae01b22b999d6425fa62309)"
West Bengal,South 24 Parganas,2018,BHANGAR-II,CHALTABERIA,True,SC,True,Chaltaberia,exact,matcher,"No. 6/P&RD/PGE/2018, dated 06/03/2018",s24pgs_642_Form-1B_Pradhan_1_e6a3bc68.pdf,12.0,7.0,"doi:10.7910/DVN/ZHF9WC datafile 10396546 (r3-all-2018.csv.gz, md5 fd3487254ae01b22b999d6425fa62309)"
West Bengal,South 24 Parganas,2018,BHANGAR-II,CHANPUKUR,True,UR,True,Shanpukur,fuzzy,matcher,"No. 6/P&RD/PGE/2018, dated 06/03/2018",s24pgs_642_Form-1B_Pradhan_1_e6a3bc68.pdf,12.0,4.0,"doi:10.7910/DVN/ZHF9WC datafile 10396546 (r3-all-2018.csv.gz, md5 fd3487254ae01b22b999d6425fa62309)"
West Bengal,South 24 Parganas,2018,BHANGAR-II,POLERHAT-I,True,BC,True,Polerhat-I,exact,matcher,"No. 6/P&RD/PGE/2018, dated 06/03/2018",s24pgs_642_Form-1B_Pradhan_1_e6a3bc68.pdf,12.0,5.0,"doi:10.7910/DVN/ZHF9WC datafile 10396546 (r3-all-2018.csv.gz, md5 fd3487254ae01b22b999d6425fa62309)"
West Bengal,South 24 Parganas,2018,BHANGAR-II,POLERHAT-II,True,SC,False,Polerhat-II,exact,matcher,"No. 6/P&RD/PGE/2018, dated 06/03/2018",s24pgs_642_Form-1B_Pradhan_1_e6a3bc68.pdf,12.0,6.0,"doi:10.7910/DVN/ZHF9WC datafile 10396546 (r3-all-2018.csv.gz, md5 fd3487254ae01b22b999d6425fa62309)"
West Bengal,South 24 Parganas,2018,BISHNUPUR-I,AMGACHHIA,False,UR,False,,not_named,,"No. 6/P&RD/PGE/2018, dated 06/03/2018",,,,"doi:10.7910/DVN/ZHF9WC datafile 10396546 (r3-all-2018.csv.gz, md5 fd3487254ae01b22b999d6425fa62309)"
West Bengal,South 24 Parganas,2018,BISHNUPUR-I,ANDHAR MANIK,True,UR,True,Andharmanik,exact,matcher,"No. 6/P&RD/PGE/2018, dated 06/03/2018",s24pgs_642_Form-1B_Pradhan_1_e6a3bc68.pdf,11.0,11.0,"doi:10.7910/DVN/ZHF9WC datafile 10396546 (r3-all-2018.csv.gz, md5 fd3487254ae01b22b999d6425fa62309)"
West Bengal,South 24 Parganas,2018,BISHNUPUR-I,BHANDARIA KASTEKUMARI,True,SC,False,Bhandaria Kastekumari,exact,matcher,"No. 6/P&RD/PGE/2018, dated 06/03/2018",s24pgs_642_Form-1B_Pradhan_1_e6a3bc68.pdf,11.0,13.0,"doi:10.7910/DVN/ZHF9WC datafile 10396546 (r3-all-2018.csv.gz, md5 fd3487254ae01b22b999d6425fa62309)"
West Bengal,South 24 Parganas,2018,BISHNUPUR-I,DAKSHIN GAURIPUR CHAKDHIR,False,UR,False,,not_named,,"No. 6/P&RD/PGE/2018, dated 06/03/2018",,,,"doi:10.7910/DVN/ZHF9WC datafile 10396546 (r3-all-2018.csv.gz, md5 fd3487254ae01b22b999d6425fa62309)"
West Bengal,South 24 Parganas,2018,BISHNUPUR-I,JULPIA,False,UR,False,,not_named,,"No. 6/P&RD/PGE/2018, dated 06/03/2018",,,,"doi:10.7910/DVN/ZHF9WC datafile 10396546 (r3-all-2018.csv.gz, md5 fd3487254ae01b22b999d6425fa62309)"
West Bengal,South 24 Parganas,2018,BISHNUPUR-I,KEORADANGA,True,SC,True,Keoradanga,exact,matcher,"No. 6/P&RD/PGE/2018, dated 06/03/2018",s24pgs_642_Form-1B_Pradhan_1_e6a3bc68.pdf,11.0,10.0,"doi:10.7910/DVN/ZHF9WC datafile 10396546 (r3-all-2018.csv.gz, md5 fd3487254ae01b22b999d6425fa62309)"
West Bengal,South 24 Parganas,2018,BISHNUPUR-I,KULERDARI,True,UR,True,Kulerdari,exact,matcher,"No. 6/P&RD/PGE/2018, dated 06/03/2018",s24pgs_642_Form-1B_Pradhan_1_e6a3bc68.pdf,11.0,6.0,"doi:10.7910/DVN/ZHF9WC datafile 10396546 (r3-all-2018.csv.gz, md5 fd3487254ae01b22b999d6425fa62309)"
West Bengal,South 24 Parganas,2018,BISHNUPUR-I,PANAKUA,True,SC,False,Panakua,exact,matcher,"No. 6/P&RD/PGE/2018, dated 06/03/2018",s24pgs_642_Form-1B_Pradhan_1_e6a3bc68.pdf,11.0,7.0,"doi:10.7910/DVN/ZHF9WC datafile 10396546 (r3-all-2018.csv.gz, md5 fd3487254ae01b22b999d6425fa62309)"
West Bengal,South 24 Parganas,2018,BISHNUPUR-I,PASCHIM BISHNUPUR,True,BC,False,Paschim Bishnupur,exact,matcher,"No. 6/P&RD/PGE/2018, dated 06/03/2018",s24pgs_642_Form-1B_Pradhan_1_e6a3bc68.pdf,11.0,9.0,"doi:10.7910/DVN/ZHF9WC datafile 10396546 (r3-all-2018.csv.gz, md5 fd3487254ae01b22b999d6425fa62309)"
West Bengal,South 24 Parganas,2018,BISHNUPUR-I,PURBA BISHNUPUR,True,SC,True,Purba Bishnupur,exact,matcher,"No. 6/P&RD/PGE/2018, dated 06/03/2018",s24pgs_642_Form-1B_Pradhan_1_e6a3bc68.pdf,11.0,8.0,"doi:10.7910/DVN/ZHF9WC datafile 10396546 (r3-all-2018.csv.gz, md5 fd3487254ae01b22b999d6425fa62309)"
West Bengal,South 24 Parganas,2018,BISHNUPUR-I,RAKHALI,True,UR,True,Rashkhali,fuzzy,matcher,"No. 6/P&RD/PGE/2018, dated 06/03/2018",s24pgs_642_Form-1B_Pradhan_1_e6a3bc68.pdf,11.0,12.0,"doi:10.7910/DVN/ZHF9WC datafile 10396546 (r3-all-2018.csv.gz, md5 fd3487254ae01b22b999d6425fa62309)"
West Bengal,South 24 Parganas,2018,BISHNUPUR-II,BAKHRAHAT,True,BC,True,Bakrahat,transliteration,matcher,"No. 6/P&RD/PGE/2018, dated 06/03/2018",s24pgs_642_Form-1B_Pradhan_1_e6a3bc68.pdf,10.0,14.0,"doi:10.7910/DVN/ZHF9WC datafile 10396546 (r3-all-2018.csv.gz, md5 fd3487254ae01b22b999d6425fa62309)"
West Bengal,South 24 Parganas,2018,BISHNUPUR-II,CHAK ENAYETNAGAR,False,UR,False,,not_named,,"No. 6/P&RD/PGE/2018, dated 06/03/2018",,,,"doi:10.7910/DVN/ZHF9WC datafile 10396546 (r3-all-2018.csv.gz, md5 fd3487254ae01b22b999d6425fa62309)"
West Bengal,South 24 Parganas,2018,BISHNUPUR-II,CHANDI,True,UR,True,Chandi,exact,matcher,"No. 6/P&RD/PGE/2018, dated 06/03/2018",s24pgs_642_Form-1B_Pradhan_1_e6a3bc68.pdf,10.0,18.0,"doi:10.7910/DVN/ZHF9WC datafile 10396546 (r3-all-2018.csv.gz, md5 fd3487254ae01b22b999d6425fa62309)"
West Bengal,South 24 Parganas,2018,BISHNUPUR-II,GOBINDAPUR KALICHARANPUR,True,SC,False,Gobindapur Kalicharanpur,exact,matcher,"No. 6/P&RD/PGE/2018, dated 06/03/2018",s24pgs_642_Form-1B_Pradhan_1_e6a3bc68.pdf,10.0,19.0,"doi:10.7910/DVN/ZHF9WC datafile 10396546 (r3-all-2018.csv.gz, md5 fd3487254ae01b22b999d6425fa62309)"
West Bengal,South 24 Parganas,2018,BISHNUPUR-II,KANGANBERIA,False,UR,False,,not_named,,"No. 6/P&RD/PGE/2018, dated 06/03/2018",,,,"doi:10.7910/DVN/ZHF9WC datafile 10396546 (r3-all-2018.csv.gz, md5 fd3487254ae01b22b999d6425fa62309)"
West Bengal,South 24 Parganas,2018,BISHNUPUR-II,KHAGRAMURI,False,UR,False,,not_named,,"No. 6/P&RD/PGE/2018, dated 06/03/2018",,,,"doi:10.7910/DVN/ZHF9WC datafile 10396546 (r3-all-2018.csv.gz, md5 fd3487254ae01b22b999d6425fa62309)"
West Bengal,South 24 Parganas,2018,BISHNUPUR-II,MAUKHALI,True,SC,True,Moukhali,transliteration,matcher,"No. 6/P&RD/PGE/2018, dated 06/03/2018",s24pgs_642_Form-1B_Pradhan_1_e6a3bc68.pdf,10.0,16.0,"doi:10.7910/DVN/ZHF9WC datafile 10396546 (r3-all-2018.csv.gz, md5 fd3487254ae01b22b999d6425fa62309)"
West Bengal,South 24 Parganas,2018,BISHNUPUR-II,NAHAJARI,True,UR,True,Nahazari,transliteration,matcher,"No. 6/P&RD/PGE/2018, dated 06/03/2018",s24pgs_642_Form-1B_Pradhan_1_e6a3bc68.pdf,10.0,13.0,"doi:10.7910/DVN/ZHF9WC datafile 10396546 (r3-all-2018.csv.gz, md5 fd3487254ae01b22b999d6425fa62309)"
West Bengal,South 24 Parganas,2018,BISHNUPUR-II,PANCHANAN,False,UR,False,,not_named,,"No. 6/P&RD/PGE/2018, dated 06/03/2018",,,,"doi:10.7910/DVN/ZHF9WC datafile 10396546 (r3-all-2018.csv.gz, md5 fd3487254ae01b22b999d6425fa62309)"
West Bengal,South 24 Parganas,2018,BISHNUPUR-II,PATHARBERIA JAYCHANDIPUR,True,BC,False,Patharberia Joychandipur,transliteration,matcher,"No. 6/P&RD/PGE/2018, dated 06/03/2018",s24pgs_642_Form-1B_Pradhan_1_e6a3bc68.pdf,10.0,15.0,"doi:10.7910/DVN/ZHF9WC datafile 10396546 (r3-all-2018.csv.gz, md5 fd3487254ae01b22b999d6425fa62309)"
West Bengal,South 24 Parganas,2018,BISHNUPUR-II,RAMKRISHNAPUR BORHANPUR,True,UR,True,Ramkrishnapur Borhanpur,exact,matcher,"No. 6/P&RD/PGE/2018, dated 06/03/2018",s24pgs_642_Form-1B_Pradhan_1_e6a3bc68.pdf,10.0,17.0,"doi:10.7910/DVN/ZHF9WC datafile 10396546 (r3-all-2018.csv.gz, md5 fd3487254ae01b22b999d6425fa62309)"
West Bengal,South 24 Parganas,2018,BUDGE BUDGE-I,BUTA,False,UR,False,,not_named,,"No. 6/P&RD/PGE/2018, dated 06/03/2018",,,,"doi:10.7910/DVN/ZHF9WC datafile 10396546 (r3-all-2018.csv.gz, md5 fd3487254ae01b22b999d6425fa62309)"
West Bengal,South 24 Parganas,2018,BUDGE BUDGE-I,CHINGRIPOTA,True,UR,True,Chingripota,exact,matcher,"No. 6/P&RD/PGE/2018, dated 06/03/2018",s24pgs_642_Form-1B_Pradhan_1_e6a3bc68.pdf,12.0,12.0,"doi:10.7910/DVN/ZHF9WC datafile 10396546 (r3-all-2018.csv.gz, md5 fd3487254ae01b22b999d6425fa62309)"
West Bengal,South 24 Parganas,2018,BUDGE BUDGE-I,MAYAPUR,True,SC,False,Mayapur,exact,matcher,"No. 6/P&RD/PGE/2018, dated 06/03/2018",s24pgs_642_Form-1B_Pradhan_1_e6a3bc68.pdf,12.0,10.0,"doi:10.7910/DVN/ZHF9WC datafile 10396546 (r3-all-2018.csv.gz, md5 fd3487254ae01b22b999d6425fa62309)"
West Bengal,South 24 Parganas,2018,BUDGE BUDGE-I,NISCHINTAPUR,True,UR,True,Nischintapur,exact,matcher,"No. 6/P&RD/PGE/2018, dated 06/03/2018",s24pgs_642_Form-1B_Pradhan_1_e6a3bc68.pdf,12.0,11.0,"doi:10.7910/DVN/ZHF9WC datafile 10396546 (r3-all-2018.csv.gz, md5 fd3487254ae01b22b999d6425fa62309)"
West Bengal,South 24 Parganas,2018,BUDGE BUDGE-I,RAJIBPUR,False,UR,False,,not_named,,"No. 6/P&RD/PGE/2018, dated 06/03/2018",,,,"doi:10.7910/DVN/ZHF9WC datafile 10396546 (r3-all-2018.csv.gz, md5 fd3487254ae01b22b999d6425fa62309)"
West Bengal,South 24 Parganas,2018,BUDGE BUDGE-I,UTTAR RAIPUR,False,UR,False,,not_named,,"No. 6/P&RD/PGE/2018, dated 06/03/2018",,,,"doi:10.7910/DVN/ZHF9WC datafile 10396546 (r3-all-2018.csv.gz, md5 fd3487254ae01b22b999d6425fa62309)"
West Bengal,South 24 Parganas,2018,BUDGE BUDGE-II,BURUL,False,UR,False,,not_named,,"No. 6/P&RD/PGE/2018, dated 06/03/2018",,,,"doi:10.7910/DVN/ZHF9WC datafile 10396546 (r3-all-2018.csv.gz, md5 fd3487254ae01b22b999d6425fa62309)"
West Bengal,South 24 Parganas,2018,BUDGE BUDGE-II,CHAKMANIK,True,SC,False,Chakmanik,exact,matcher,"No. 6/P&RD/PGE/2018, dated 06/03/2018",s24pgs_642_Form-1B_Pradhan_1_e6a3bc68.pdf,10.0,22.0,"doi:10.7910/DVN/ZHF9WC datafile 10396546 (r3-all-2018.csv.gz, md5 fd3487254ae01b22b999d6425fa62309)"
West Bengal,South 24 Parganas,2018,BUDGE BUDGE-II,DONGARIA RAIPUR,True,SC,False,Dongaria Roypur,transliteration,matcher,"No. 6/P&RD/PGE/2018, dated 06/03/2018",s24pgs_642_Form-1B_Pradhan_1_e6a3bc68.pdf,10.0,28.0,"doi:10.7910/DVN/ZHF9WC datafile 10396546 (r3-all-2018.csv.gz, md5 fd3487254ae01b22b999d6425fa62309)"
West Bengal,South 24 Parganas,2018,BUDGE BUDGE-II,GAJA POYALI,True,UR,True,Gazapoali,transliteration,matcher,"No. 6/P&RD/PGE/2018, dated 06/03/2018",s24pgs_642_Form-1B_Pradhan_1_e6a3bc68.pdf,10.0,23.0,"doi:10.7910/DVN/ZHF9WC datafile 10396546 (r3-all-2018.csv.gz, md5 fd3487254ae01b22b999d6425fa62309)"
West Bengal,South 24 Parganas,2018,BUDGE BUDGE-II,KAMRABAD,False,UR,False,,not_named,,"No. 6/P&RD/PGE/2018, dated 06/03/2018",,,,"doi:10.7910/DVN/ZHF9WC datafile 10396546 (r3-all-2018.csv.gz, md5 fd3487254ae01b22b999d6425fa62309)"
West Bengal,South 24 Parganas,2018,BUDGE BUDGE-II,KASIPUR ALAMPUR,False,UR,False,,not_named,,"No. 6/P&RD/PGE/2018, dated 06/03/2018",,,,"doi:10.7910/DVN/ZHF9WC datafile 10396546 (r3-all-2018.csv.gz, md5 fd3487254ae01b22b999d6425fa62309)"
West Bengal,South 24 Parganas,2018,BUDGE BUDGE-II,NASKARPUR,True,BC,True,Naskarpur,exact,matcher,"No. 6/P&RD/PGE/2018, dated 06/03/2018",s24pgs_642_Form-1B_Pradhan_1_e6a3bc68.pdf,10.0,25.0,"doi:10.7910/DVN/ZHF9WC datafile 10396546 (r3-all-2018.csv.gz, md5 fd3487254ae01b22b999d6425fa62309)"
West Bengal,South 24 Parganas,2018,BUDGE BUDGE-II,NORTH BAOYALI,True,SC,True,North Bowali,transliteration,matcher,"No. 6/P&RD/PGE/2018, dated 06/03/2018",s24pgs_642_Form-1B_Pradhan_1_e6a3bc68.pdf,10.0,27.0,"doi:10.7910/DVN/ZHF9WC datafile 10396546 (r3-all-2018.csv.gz, md5 fd3487254ae01b22b999d6425fa62309)"
West Bengal,South 24 Parganas,2018,BUDGE BUDGE-II,RANIA,True,UR,True,Rania,exact,matcher,"No. 6/P&RD/PGE/2018, dated 06/03/2018",s24pgs_642_Form-1B_Pradhan_1_e6a3bc68.pdf,10.0,24.0,"doi:10.7910/DVN/ZHF9WC datafile 10396546 (r3-all-2018.csv.gz, md5 fd3487254ae01b22b999d6425fa62309)"
West Bengal,South 24 Parganas,2018,BUDGE BUDGE-II,SATGACHHIA,True,BC,True,Satgachia,transliteration,matcher,"No. 6/P&RD/PGE/2018, dated 06/03/2018",s24pgs_642_Form-1B_Pradhan_1_e6a3bc68.pdf,10.0,21.0,"doi:10.7910/DVN/ZHF9WC datafile 10396546 (r3-all-2018.csv.gz, md5 fd3487254ae01b22b999d6425fa62309)"
West Bengal,South 24 Parganas,2018,BUDGE BUDGE-II,SOUTH BAOYALI,True,UR,True,South Bowali,transliteration,matcher,"No. 6/P&RD/PGE/2018, dated 06/03/2018",s24pgs_642_Form-1B_Pradhan_1_e6a3bc68.pdf,10.0,26.0,"doi:10.7910/DVN/ZHF9WC datafile 10396546 (r3-all-2018.csv.gz, md5 fd3487254ae01b22b999d6425fa62309)"
West Bengal,South 24 Parganas,2018,CANNING-I,BANSRA,True,UR,True,Bansra,exact,matcher,"No. 6/P&RD/PGE/2018, dated 06/03/2018",s24pgs_642_Form-1B_Pradhan_1_e6a3bc68.pdf,7.0,17.0,"doi:10.7910/DVN/ZHF9WC datafile 10396546 (r3-all-2018.csv.gz, md5 fd3487254ae01b22b999d6425fa62309)"
West Bengal,South 24 Parganas,2018,CANNING-I,DARIA,False,UR,False,,not_named,,"No. 6/P&RD/PGE/2018, dated 06/03/2018",,,,"doi:10.7910/DVN/ZHF9WC datafile 10396546 (r3-all-2018.csv.gz, md5 fd3487254ae01b22b999d6425fa62309)"
West Bengal,South 24 Parganas,2018,CANNING-I,DIGHIRPAR,True,UR,True,Dighirpar,exact,matcher,"No. 6/P&RD/PGE/2018, dated 06/03/2018",s24pgs_642_Form-1B_Pradhan_1_e6a3bc68.pdf,7.0,20.0,"doi:10.7910/DVN/ZHF9WC datafile 10396546 (r3-all-2018.csv.gz, md5 fd3487254ae01b22b999d6425fa62309)"
West Bengal,South 24 Parganas,2018,CANNING-I,GOPALPUR,False,UR,False,,not_named,,"No. 6/P&RD/PGE/2018, dated 06/03/2018",,,,"doi:10.7910/DVN/ZHF9WC datafile 10396546 (r3-all-2018.csv.gz, md5 fd3487254ae01b22b999d6425fa62309)"
West Bengal,South 24 Parganas,2018,CANNING-I,HATPUKURIA,True,UR,True,Hatpukuria,exact,matcher,"No. 6/P&RD/PGE/2018, dated 06/03/2018",s24pgs_642_Form-1B_Pradhan_1_e6a3bc68.pdf,7.0,21.0,"doi:10.7910/DVN/ZHF9WC datafile 10396546 (r3-all-2018.csv.gz, md5 fd3487254ae01b22b999d6425fa62309)"
West Bengal,South 24 Parganas,2018,CANNING-I,ITKHOLA,True,SC,False,Itkhola,exact,matcher,"No. 6/P&RD/PGE/2018, dated 06/03/2018",s24pgs_642_Form-1B_Pradhan_1_e6a3bc68.pdf,7.0,23.0,"doi:10.7910/DVN/ZHF9WC datafile 10396546 (r3-all-2018.csv.gz, md5 fd3487254ae01b22b999d6425fa62309)"
West Bengal,South 24 Parganas,2018,CANNING-I,MATLA-I,False,UR,False,,not_named,,"No. 6/P&RD/PGE/2018, dated 06/03/2018",,,,"doi:10.7910/DVN/ZHF9WC datafile 10396546 (r3-all-2018.csv.gz, md5 fd3487254ae01b22b999d6425fa62309)"
West Bengal,South 24 Parganas,2018,CANNING-I,MATLA-II,True,SC,False,Matla-II,exact,matcher,"No. 6/P&RD/PGE/2018, dated 06/03/2018",s24pgs_642_Form-1B_Pradhan_1_e6a3bc68.pdf,7.0,19.0,"doi:10.7910/DVN/ZHF9WC datafile 10396546 (r3-all-2018.csv.gz, md5 fd3487254ae01b22b999d6425fa62309)"
West Bengal,South 24 Parganas,2018,CANNING-I,NIKARIGHATA,True,SC,True,Nikarighata,exact,matcher,"No. 6/P&RD/PGE/2018, dated 06/03/2018",s24pgs_642_Form-1B_Pradhan_1_e6a3bc68.pdf,7.0,22.0,"doi:10.7910/DVN/ZHF9WC datafile 10396546 (r3-all-2018.csv.gz, md5 fd3487254ae01b22b999d6425fa62309)"
West Bengal,South 24 Parganas,2018,CANNING-I,TALDI,True,SC,True,Taldi,exact,matcher,"No. 6/P&RD/PGE/2018, dated 06/03/2018",s24pgs_642_Form-1B_Pradhan_1_e6a3bc68.pdf,7.0,18.0,"doi:10.7910/DVN/ZHF9WC datafile 10396546 (r3-all-2018.csv.gz, md5 fd3487254ae01b22b999d6425fa62309)"
West Bengal,South 24 Parganas,2018,CANNING-II,ATHAROBANDI,True,BC,False,Atharabanki,fuzzy,matcher,"No. 6/P&RD/PGE/2018, dated 06/03/2018",s24pgs_642_Form-1B_Pradhan_1_e6a3bc68.pdf,2.0,13.0,"doi:10.7910/DVN/ZHF9WC datafile 10396546 (r3-all-2018.csv.gz, md5 fd3487254ae01b22b999d6425fa62309)"
West Bengal,South 24 Parganas,2018,CANNING-II,DEULI-I,False,UR,False,,not_named,,"No. 6/P&RD/PGE/2018, dated 06/03/2018",,,,"doi:10.7910/DVN/ZHF9WC datafile 10396546 (r3-all-2018.csv.gz, md5 fd3487254ae01b22b999d6425fa62309)"
West Bengal,South 24 Parganas,2018,CANNING-II,DEULI-II,True,UR,True,Deuli-II,exact,matcher,"No. 6/P&RD/PGE/2018, dated 06/03/2018",s24pgs_642_Form-1B_Pradhan_1_e6a3bc68.pdf,2.0,14.0,"doi:10.7910/DVN/ZHF9WC datafile 10396546 (r3-all-2018.csv.gz, md5 fd3487254ae01b22b999d6425fa62309)"
West Bengal,South 24 Parganas,2018,CANNING-II,KALIKATALA,True,BC,True,Kalikatala,exact,matcher,"No. 6/P&RD/PGE/2018, dated 06/03/2018",s24pgs_642_Form-1B_Pradhan_1_e6a3bc68.pdf,2.0,15.0,"doi:10.7910/DVN/ZHF9WC datafile 10396546 (r3-all-2018.csv.gz, md5 fd3487254ae01b22b999d6425fa62309)"
West Bengal,South 24 Parganas,2018,CANNING-II,MATHERDIGHI,True,UR,True,Motherdighi,transliteration,matcher,"No. 6/P&RD/PGE/2018, dated 06/03/2018",s24pgs_642_Form-1B_Pradhan_1_e6a3bc68.pdf,2.0,17.0,"doi:10.7910/DVN/ZHF9WC datafile 10396546 (r3-all-2018.csv.gz, md5 fd3487254ae01b22b999d6425fa62309)"
West Bengal,South 24 Parganas,2018,CANNING-II,NARAYANPUR,False,UR,False,,not_named,,"No. 6/P&RD/PGE/2018, dated 06/03/2018",,,,"doi:10.7910/DVN/ZHF9WC datafile 10396546 (r3-all-2018.csv.gz, md5 fd3487254ae01b22b999d6425fa62309)"
West Bengal,South 24 Parganas,2018,CANNING-II,SARENGABAD,False,UR,False,,not_named,,"No. 6/P&RD/PGE/2018, dated 06/03/2018",,,,"doi:10.7910/DVN/ZHF9WC datafile 10396546 (r3-all-2018.csv.gz, md5 fd3487254ae01b22b999d6425fa62309)"
West Bengal,South 24 Parganas,2018,CANNING-II,TAMBULDAHA-I,True,SC,False,Tambuldaha-I,exact,matcher,"No. 6/P&RD/PGE/2018, dated 06/03/2018",s24pgs_642_Form-1B_Pradhan_1_e6a3bc68.pdf,2.0,16.0,"doi:10.7910/DVN/ZHF9WC datafile 10396546 (r3-all-2018.csv.gz, md5 fd3487254ae01b22b999d6425fa62309)"
West Bengal,South 24 Parganas,2018,CANNING-II,TAMBULDAHA-II,False,UR,False,,not_named,,"No. 6/P&RD/PGE/2018, dated 06/03/2018",,,,"doi:10.7910/DVN/ZHF9WC datafile 10396546 (r3-all-2018.csv.gz, md5 fd3487254ae01b22b999d6425fa62309)"
West Bengal,South 24 Parganas,2018,DIAMOND HARBOUR-I,BASULDANGA,False,UR,False,,not_named,,"No. 6/P&RD/PGE/2018, dated 06/03/2018",,,,"doi:10.7910/DVN/ZHF9WC datafile 10396546 (r3-all-2018.csv.gz, md5 fd3487254ae01b22b999d6425fa62309)"
West Bengal,South 24 Parganas,2018,DIAMOND HARBOUR-I,BOLSIDDHI KALINAGAR,True,BC,False,Bolsiddhi Kalinagar,exact,matcher,"No. 6/P&RD/PGE/2018, dated 06/03/2018",s24pgs_642_Form-1B_Pradhan_1_e6a3bc68.pdf,9.0,23.0,"doi:10.7910/DVN/ZHF9WC datafile 10396546 (r3-all-2018.csv.gz, md5 fd3487254ae01b22b999d6425fa62309)"
West Bengal,South 24 Parganas,2018,DIAMOND HARBOUR-I,DERAK,True,SC,False,Dearak,transliteration,matcher,"No. 6/P&RD/PGE/2018, dated 06/03/2018",s24pgs_642_Form-1B_Pradhan_1_e6a3bc68.pdf,9.0,20.0,"doi:10.7910/DVN/ZHF9WC datafile 10396546 (r3-all-2018.csv.gz, md5 fd3487254ae01b22b999d6425fa62309)"
West Bengal,South 24 Parganas,2018,DIAMOND HARBOUR-I,HARINDANGA,True,UR,True,Harindanga,exact,matcher,"No. 6/P&RD/PGE/2018, dated 06/03/2018",s24pgs_642_Form-1B_Pradhan_1_e6a3bc68.pdf,9.0,22.0,"doi:10.7910/DVN/ZHF9WC datafile 10396546 (r3-all-2018.csv.gz, md5 fd3487254ae01b22b999d6425fa62309)"
West Bengal,South 24 Parganas,2018,DIAMOND HARBOUR-I,KANPUR DHANABERIA,False,UR,False,,not_named,,"No. 6/P&RD/PGE/2018, dated 06/03/2018",,,,"doi:10.7910/DVN/ZHF9WC datafile 10396546 (r3-all-2018.csv.gz, md5 fd3487254ae01b22b999d6425fa62309)"
West Bengal,South 24 Parganas,2018,DIAMOND HARBOUR-I,MASHAT,True,UR,True,Mashat,exact,matcher,"No. 6/P&RD/PGE/2018, dated 06/03/2018",s24pgs_642_Form-1B_Pradhan_1_e6a3bc68.pdf,9.0,19.0,"doi:10.7910/DVN/ZHF9WC datafile 10396546 (r3-all-2018.csv.gz, md5 fd3487254ae01b22b999d6425fa62309)"
West Bengal,South 24 Parganas,2018,DIAMOND HARBOUR-I,NETRA,False,UR,False,,not_named,,"No. 6/P&RD/PGE/2018, dated 06/03/2018",,,,"doi:10.7910/DVN/ZHF9WC datafile 10396546 (r3-all-2018.csv.gz, md5 fd3487254ae01b22b999d6425fa62309)"
West Bengal,South 24 Parganas,2018,DIAMOND HARBOUR-I,PARULIA,True,SC,True,Parulia,exact,matcher,"No. 6/P&RD/PGE/2018, dated 06/03/2018",s24pgs_642_Form-1B_Pradhan_1_e6a3bc68.pdf,9.0,21.0,"doi:10.7910/DVN/ZHF9WC datafile 10396546 (r3-all-2018.csv.gz, md5 fd3487254ae01b22b999d6425fa62309)"
West Bengal,South 24 Parganas,2018,DIAMOND HARBOUR-II,BHADURA HARIDAS,True,BC,True,Bhadura Haridas,exact,matcher,"No. 6/P&RD/PGE/2018, dated 06/03/2018",s24pgs_642_Form-1B_Pradhan_1_e6a3bc68.pdf,9.0,16.0,"doi:10.7910/DVN/ZHF9WC datafile 10396546 (r3-all-2018.csv.gz, md5 fd3487254ae01b22b999d6425fa62309)"
West Bengal,South 24 Parganas,2018,DIAMOND HARBOUR-II,KALATALAHAT,True,SC,False,Kalatalahat,exact,matcher,"No. 6/P&RD/PGE/2018, dated 06/03/2018",s24pgs_642_Form-1B_Pradhan_1_e6a3bc68.pdf,9.0,17.0,"doi:10.7910/DVN/ZHF9WC datafile 10396546 (r3-all-2018.csv.gz, md5 fd3487254ae01b22b999d6425fa62309)"
West Bengal,South 24 Parganas,2018,DIAMOND HARBOUR-II,KAMARPOL,True,SC,False,Kamarpole,transliteration,matcher,"No. 6/P&RD/PGE/2018, dated 06/03/2018",s24pgs_642_Form-1B_Pradhan_1_e6a3bc68.pdf,9.0,14.0,"doi:10.7910/DVN/ZHF9WC datafile 10396546 (r3-all-2018.csv.gz, md5 fd3487254ae01b22b999d6425fa62309)"
West Bengal,South 24 Parganas,2018,DIAMOND HARBOUR-II,KHORDO,True,UR,True,Khordo,exact,matcher,"No. 6/P&RD/PGE/2018, dated 06/03/2018",s24pgs_642_Form-1B_Pradhan_1_e6a3bc68.pdf,9.0,13.0,"doi:10.7910/DVN/ZHF9WC datafile 10396546 (r3-all-2018.csv.gz, md5 fd3487254ae01b22b999d6425fa62309)"
West Bengal,South 24 Parganas,2018,DIAMOND HARBOUR-II,MATHUR,True,SC,True,Mathur,exact,matcher,"No. 6/P&RD/PGE/2018, dated 06/03/2018",s24pgs_642_Form-1B_Pradhan_1_e6a3bc68.pdf,9.0,12.0,"doi:10.7910/DVN/ZHF9WC datafile 10396546 (r3-all-2018.csv.gz, md5 fd3487254ae01b22b999d6425fa62309)"
West Bengal,South 24 Parganas,2018,DIAMOND HARBOUR-II,NURPUR,False,UR,False,,not_named,,"No. 6/P&RD/PGE/2018, dated 06/03/2018",,,,"doi:10.7910/DVN/ZHF9WC datafile 10396546 (r3-all-2018.csv.gz, md5 fd3487254ae01b22b999d6425fa62309)"
West Bengal,South 24 Parganas,2018,DIAMOND HARBOUR-II,PATRA,True,BC,True,Patra,exact,matcher,"No. 6/P&RD/PGE/2018, dated 06/03/2018",s24pgs_642_Form-1B_Pradhan_1_e6a3bc68.pdf,9.0,15.0,"doi:10.7910/DVN/ZHF9WC datafile 10396546 (r3-all-2018.csv.gz, md5 fd3487254ae01b22b999d6425fa62309)"
West Bengal,South 24 Parganas,2018,DIAMOND HARBOUR-II,SARISA,False,UR,False,,not_named,,"No. 6/P&RD/PGE/2018, dated 06/03/2018",,,,"doi:10.7910/DVN/ZHF9WC datafile 10396546 (r3-all-2018.csv.gz, md5 fd3487254ae01b22b999d6425fa62309)"
West Bengal,South 24 Parganas,2018,FALTA,BANGANAGAR-I,True,BC,True,Banganagar-I,exact,matcher,"No. 6/P&RD/PGE/2018, dated 06/03/2018",s24pgs_642_Form-1B_Pradhan_1_e6a3bc68.pdf,10.0,5.0,"doi:10.7910/DVN/ZHF9WC datafile 10396546 (r3-all-2018.csv.gz, md5 fd3487254ae01b22b999d6425fa62309)"
West Bengal,South 24 Parganas,2018,FALTA,BANGANAGAR-II,True,UR,True,Banganagar-II,exact,matcher,"No. 6/P&RD/PGE/2018, dated 06/03/2018",s24pgs_642_Form-1B_Pradhan_1_e6a3bc68.pdf,10.0,6.0,"doi:10.7910/DVN/ZHF9WC datafile 10396546 (r3-all-2018.csv.gz, md5 fd3487254ae01b22b999d6425fa62309)"
West Bengal,South 24 Parganas,2018,FALTA,BELSINGHA-I,True,UR,True,Belsingha-I,exact,matcher,"No. 6/P&RD/PGE/2018, dated 06/03/2018",s24pgs_642_Form-1B_Pradhan_1_e6a3bc68.pdf,10.0,10.0,"doi:10.7910/DVN/ZHF9WC datafile 10396546 (r3-all-2018.csv.gz, md5 fd3487254ae01b22b999d6425fa62309)"
West Bengal,South 24 Parganas,2018,FALTA,BELSINGHA-II,True,SC,True,Belsingha-II,exact,matcher,"No. 6/P&RD/PGE/2018, dated 06/03/2018",s24pgs_642_Form-1B_Pradhan_1_e6a3bc68.pdf,10.0,9.0,"doi:10.7910/DVN/ZHF9WC datafile 10396546 (r3-all-2018.csv.gz, md5 fd3487254ae01b22b999d6425fa62309)"
West Bengal,South 24 Parganas,2018,FALTA,CHALUARI,True,SC,False,Chaluari,exact,matcher,"No. 6/P&RD/PGE/2018, dated 06/03/2018",s24pgs_642_Form-1B_Pradhan_1_e6a3bc68.pdf,10.0,7.0,"doi:10.7910/DVN/ZHF9WC datafile 10396546 (r3-all-2018.csv.gz, md5 fd3487254ae01b22b999d6425fa62309)"
West Bengal,South 24 Parganas,2018,FALTA,DEBIPUR,False,UR,False,,not_named,,"No. 6/P&RD/PGE/2018, dated 06/03/2018",,,,"doi:10.7910/DVN/ZHF9WC datafile 10396546 (r3-all-2018.csv.gz, md5 fd3487254ae01b22b999d6425fa62309)"
West Bengal,South 24 Parganas,2018,FALTA,FALTA,True,SC,False,Falta,exact,matcher,"No. 6/P&RD/PGE/2018, dated 06/03/2018",s24pgs_642_Form-1B_Pradhan_1_e6a3bc68.pdf,10.0,11.0,"doi:10.7910/DVN/ZHF9WC datafile 10396546 (r3-all-2018.csv.gz, md5 fd3487254ae01b22b999d6425fa62309)"
West Bengal,South 24 Parganas,2018,FALTA,FATEPUR,False,UR,False,,not_named,,"No. 6/P&RD/PGE/2018, dated 06/03/2018",,,,"doi:10.7910/DVN/ZHF9WC datafile 10396546 (r3-all-2018.csv.gz, md5 fd3487254ae01b22b999d6425fa62309)"
West Bengal,South 24 Parganas,2018,FALTA,GOPALPUR,True,UR,True,Gopalpur,exact,matcher,"No. 6/P&RD/PGE/2018, dated 06/03/2018",s24pgs_642_Form-1B_Pradhan_1_e6a3bc68.pdf,10.0,3.0,"doi:10.7910/DVN/ZHF9WC datafile 10396546 (r3-all-2018.csv.gz, md5 fd3487254ae01b22b999d6425fa62309)"
West Bengal,South 24 Parganas,2018,FALTA,HARINDANGA-I,False,UR,False,,not_named,,"No. 6/P&RD/PGE/2018, dated 06/03/2018",,,,"doi:10.7910/DVN/ZHF9WC datafile 10396546 (r3-all-2018.csv.gz, md5 fd3487254ae01b22b999d6425fa62309)"
West Bengal,South 24 Parganas,2018,FALTA,HARINDANGA-II,True,UR,True,Harindanga-II,exact,matcher,"No. 6/P&RD/PGE/2018, dated 06/03/2018",s24pgs_642_Form-1B_Pradhan_1_e6a3bc68.pdf,10.0,8.0,"doi:10.7910/DVN/ZHF9WC datafile 10396546 (r3-all-2018.csv.gz, md5 fd3487254ae01b22b999d6425fa62309)"
West Bengal,South 24 Parganas,2018,FALTA,MALLIKPUR,True,SC,True,Mallickpur,transliteration,matcher,"No. 6/P&RD/PGE/2018, dated 06/03/2018",s24pgs_642_Form-1B_Pradhan_1_e6a3bc68.pdf,10.0,2.0,"doi:10.7910/DVN/ZHF9WC datafile 10396546 (r3-all-2018.csv.gz, md5 fd3487254ae01b22b999d6425fa62309)"
West Bengal,South 24 Parganas,2018,FALTA,NOYAPUKURIA,True,SC,False,Noapukuria,transliteration,matcher,"No. 6/P&RD/PGE/2018, dated 06/03/2018",s24pgs_642_Form-1B_Pradhan_1_e6a3bc68.pdf,10.0,4.0,"doi:10.7910/DVN/ZHF9WC datafile 10396546 (r3-all-2018.csv.gz, md5 fd3487254ae01b22b999d6425fa62309)"
West Bengal,South 24 Parganas,2018,GOSABA,AMTALI,False,UR,False,,not_named,,"No. 6/P&RD/PGE/2018, dated 06/03/2018",,,,"doi:10.7910/DVN/ZHF9WC datafile 10396546 (r3-all-2018.csv.gz, md5 fd3487254ae01b22b999d6425fa62309)"
West Bengal,South 24 Parganas,2018,GOSABA,BALI-I,True,SC,True,Bali-I,exact,matcher,"No. 6/P&RD/PGE/2018, dated 06/03/2018",s24pgs_642_Form-1B_Pradhan_1_e6a3bc68.pdf,2.0,11.0,"doi:10.7910/DVN/ZHF9WC datafile 10396546 (r3-all-2018.csv.gz, md5 fd3487254ae01b22b999d6425fa62309)"
West Bengal,South 24 Parganas,2018,GOSABA,BALI-II,False,UR,False,,not_named,,"No. 6/P&RD/PGE/2018, dated 06/03/2018",,,,"doi:10.7910/DVN/ZHF9WC datafile 10396546 (r3-all-2018.csv.gz, md5 fd3487254ae01b22b999d6425fa62309)"
West Bengal,South 24 Parganas,2018,GOSABA,BIPRADASPUR,True,SC,True,Bipradaspur,exact,matcher,"No. 6/P&RD/PGE/2018, dated 06/03/2018",s24pgs_642_Form-1B_Pradhan_1_e6a3bc68.pdf,2.0,4.0,"doi:10.7910/DVN/ZHF9WC datafile 10396546 (r3-all-2018.csv.gz, md5 fd3487254ae01b22b999d6425fa62309)"
West Bengal,South 24 Parganas,2018,GOSABA,CHHOTA MOLLAKHALI,True,UR,True,Chotta Mollakhali,transliteration,matcher,"No. 6/P&RD/PGE/2018, dated 06/03/2018",s24pgs_642_Form-1B_Pradhan_1_e6a3bc68.pdf,2.0,7.0,"doi:10.7910/DVN/ZHF9WC datafile 10396546 (r3-all-2018.csv.gz, md5 fd3487254ae01b22b999d6425fa62309)"
West Bengal,South 24 Parganas,2018,GOSABA,GOSABA,False,UR,False,,not_named,,"No. 6/P&RD/PGE/2018, dated 06/03/2018",,,,"doi:10.7910/DVN/ZHF9WC datafile 10396546 (r3-all-2018.csv.gz, md5 fd3487254ae01b22b999d6425fa62309)"
West Bengal,South 24 Parganas,2018,GOSABA,KACHUKHALI,False,UR,False,,not_named,,"No. 6/P&RD/PGE/2018, dated 06/03/2018",,,,"doi:10.7910/DVN/ZHF9WC datafile 10396546 (r3-all-2018.csv.gz, md5 fd3487254ae01b22b999d6425fa62309)"
West Bengal,South 24 Parganas,2018,GOSABA,KUMIRMARI,True,SC,False,Kumirmari,exact,matcher,"No. 6/P&RD/PGE/2018, dated 06/03/2018",s24pgs_642_Form-1B_Pradhan_1_e6a3bc68.pdf,2.0,6.0,"doi:10.7910/DVN/ZHF9WC datafile 10396546 (r3-all-2018.csv.gz, md5 fd3487254ae01b22b999d6425fa62309)"
West Bengal,South 24 Parganas,2018,GOSABA,LAHIRIPUR,True,UR,True,Lahiripur,exact,matcher,"No. 6/P&RD/PGE/2018, dated 06/03/2018",s24pgs_642_Form-1B_Pradhan_1_e6a3bc68.pdf,2.0,10.0,"doi:10.7910/DVN/ZHF9WC datafile 10396546 (r3-all-2018.csv.gz, md5 fd3487254ae01b22b999d6425fa62309)"
West Bengal,South 24 Parganas,2018,GOSABA,PATHANKHALI,True,UR,True,Pathankhali,exact,matcher,"No. 6/P&RD/PGE/2018, dated 06/03/2018",s24pgs_642_Form-1B_Pradhan_1_e6a3bc68.pdf,2.0,3.0,"doi:10.7910/DVN/ZHF9WC datafile 10396546 (r3-all-2018.csv.gz, md5 fd3487254ae01b22b999d6425fa62309)"
West Bengal,South 24 Parganas,2018,GOSABA,RADHANAGAR-TARANAGAR,True,UR,True,Radhanagar Taranagar,exact,matcher,"No. 6/P&RD/PGE/2018, dated 06/03/2018",s24pgs_642_Form-1B_Pradhan_1_e6a3bc68.pdf,2.0,5.0,"doi:10.7910/DVN/ZHF9WC datafile 10396546 (r3-all-2018.csv.gz, md5 fd3487254ae01b22b999d6425fa62309)"
West Bengal,South 24 Parganas,2018,GOSABA,RANGABELIA,True,SC,True,Rangabelia,exact,matcher,"No. 6/P&RD/PGE/2018, dated 06/03/2018",s24pgs_642_Form-1B_Pradhan_1_e6a3bc68.pdf,2.0,8.0,"doi:10.7910/DVN/ZHF9WC datafile 10396546 (r3-all-2018.csv.gz, md5 fd3487254ae01b22b999d6425fa62309)"
West Bengal,South 24 Parganas,2018,GOSABA,SATJELIA,True,SC,False,Satjelia,exact,matcher,"No. 6/P&RD/PGE/2018, dated 06/03/2018",s24pgs_642_Form-1B_Pradhan_1_e6a3bc68.pdf,2.0,9.0,"doi:10.7910/DVN/ZHF9WC datafile 10396546 (r3-all-2018.csv.gz, md5 fd3487254ae01b22b999d6425fa62309)"
West Bengal,South 24 Parganas,2018,GOSABA,SHAMBHUNAGAR,True,SC,False,Sambhunagar,transliteration,matcher,"No. 6/P&RD/PGE/2018, dated 06/03/2018",s24pgs_642_Form-1B_Pradhan_1_e6a3bc68.pdf,2.0,2.0,"doi:10.7910/DVN/ZHF9WC datafile 10396546 (r3-all-2018.csv.gz, md5 fd3487254ae01b22b999d6425fa62309)"
West Bengal,South 24 Parganas,2018,JAYNAGAR-I,BAHARU KSHETRA,True,BC,False,Baharu-kshetro,transliteration,matcher,"No. 6/P&RD/PGE/2018, dated 06/03/2018",s24pgs_642_Form-1B_Pradhan_1_e6a3bc68.pdf,6.0,24.0,"doi:10.7910/DVN/ZHF9WC datafile 10396546 (r3-all-2018.csv.gz, md5 fd3487254ae01b22b999d6425fa62309)"
West Bengal,South 24 Parganas,2018,JAYNAGAR-I,BAMANGACHHI,False,UR,False,,not_named,,"No. 6/P&RD/PGE/2018, dated 06/03/2018",,,,"doi:10.7910/DVN/ZHF9WC datafile 10396546 (r3-all-2018.csv.gz, md5 fd3487254ae01b22b999d6425fa62309)"
West Bengal,South 24 Parganas,2018,JAYNAGAR-I,CHALTABERIA,True,SC,False,Chaltaberia,exact,matcher,"No. 6/P&RD/PGE/2018, dated 06/03/2018",s24pgs_642_Form-1B_Pradhan_1_e6a3bc68.pdf,6.0,28.0,"doi:10.7910/DVN/ZHF9WC datafile 10396546 (r3-all-2018.csv.gz, md5 fd3487254ae01b22b999d6425fa62309)"
West Bengal,South 24 Parganas,2018,JAYNAGAR-I,DAKSHIN BARASAT,True,BC,True,Dakshin Barasat,exact,matcher,"No. 6/P&RD/PGE/2018, dated 06/03/2018",s24pgs_642_Form-1B_Pradhan_1_e6a3bc68.pdf,6.0,20.0,"doi:10.7910/DVN/ZHF9WC datafile 10396546 (r3-all-2018.csv.gz, md5 fd3487254ae01b22b999d6425fa62309)"
West Bengal,South 24 Parganas,2018,JAYNAGAR-I,DHOSA CHANDANESWAR,True,UR,True,Dhosa Chandaneswar,exact,matcher,"No. 6/P&RD/PGE/2018, dated 06/03/2018",s24pgs_642_Form-1B_Pradhan_1_e6a3bc68.pdf,6.0,29.0,"doi:10.7910/DVN/ZHF9WC datafile 10396546 (r3-all-2018.csv.gz, md5 fd3487254ae01b22b999d6425fa62309)"
West Bengal,South 24 Parganas,2018,JAYNAGAR-I,HARINARAYANPUR,True,SC,False,Harinarayanpur,exact,matcher,"No. 6/P&RD/PGE/2018, dated 06/03/2018",s24pgs_642_Form-1B_Pradhan_1_e6a3bc68.pdf,6.0,21.0,"doi:10.7910/DVN/ZHF9WC datafile 10396546 (r3-all-2018.csv.gz, md5 fd3487254ae01b22b999d6425fa62309)"
West Bengal,South 24 Parganas,2018,JAYNAGAR-I,JANGALIA,True,SC,True,Jangalia,exact,matcher,"No. 6/P&RD/PGE/2018, dated 06/03/2018",s24pgs_642_Form-1B_Pradhan_1_e6a3bc68.pdf,6.0,27.0,"doi:10.7910/DVN/ZHF9WC datafile 10396546 (r3-all-2018.csv.gz, md5 fd3487254ae01b22b999d6425fa62309)"
West Bengal,South 24 Parganas,2018,JAYNAGAR-I,KHAKURDAHA,True,UR,True,Khakurdah,transliteration,matcher,"No. 6/P&RD/PGE/2018, dated 06/03/2018",s24pgs_642_Form-1B_Pradhan_1_e6a3bc68.pdf,6.0,26.0,"doi:10.7910/DVN/ZHF9WC datafile 10396546 (r3-all-2018.csv.gz, md5 fd3487254ae01b22b999d6425fa62309)"
West Bengal,South 24 Parganas,2018,JAYNAGAR-I,NARAYANITALA,False,UR,False,,not_named,,"No. 6/P&RD/PGE/2018, dated 06/03/2018",,,,"doi:10.7910/DVN/ZHF9WC datafile 10396546 (r3-all-2018.csv.gz, md5 fd3487254ae01b22b999d6425fa62309)"
West Bengal,South 24 Parganas,2018,JAYNAGAR-I,RAJAPUR KORABEG,True,UR,True,Rajapur Korabeg,exact,matcher,"No. 6/P&RD/PGE/2018, dated 06/03/2018",s24pgs_642_Form-1B_Pradhan_1_e6a3bc68.pdf,6.0,22.0,"doi:10.7910/DVN/ZHF9WC datafile 10396546 (r3-all-2018.csv.gz, md5 fd3487254ae01b22b999d6425fa62309)"
West Bengal,South 24 Parganas,2018,JAYNAGAR-I,SRIPUR,True,BC,True,Sreepur,transliteration,matcher,"No. 6/P&RD/PGE/2018, dated 06/03/2018",s24pgs_642_Form-1B_Pradhan_1_e6a3bc68.pdf,6.0,23.0,"doi:10.7910/DVN/ZHF9WC datafile 10396546 (r3-all-2018.csv.gz, md5 fd3487254ae01b22b999d6425fa62309)"
West Bengal,South 24 Parganas,2018,JAYNAGAR-I,UTTAR DURGAPUR,True,SC,True,Uttar Durgapur,exact,matcher,"No. 6/P&RD/PGE/2018, dated 06/03/2018",s24pgs_642_Form-1B_Pradhan_1_e6a3bc68.pdf,6.0,25.0,"doi:10.7910/DVN/ZHF9WC datafile 10396546 (r3-all-2018.csv.gz, md5 fd3487254ae01b22b999d6425fa62309)"
West Bengal,South 24 Parganas,2018,JAYNAGAR-II,BAISHATA,True,BC,True,Baishata,exact,matcher,"No. 6/P&RD/PGE/2018, dated 06/03/2018",s24pgs_642_Form-1B_Pradhan_1_e6a3bc68.pdf,3.0,2.0,"doi:10.7910/DVN/ZHF9WC datafile 10396546 (r3-all-2018.csv.gz, md5 fd3487254ae01b22b999d6425fa62309)"
West Bengal,South 24 Parganas,2018,JAYNAGAR-II,BELEDURGANAGAR,True,SC,True,Beledurganagar,exact,matcher,"No. 6/P&RD/PGE/2018, dated 06/03/2018",s24pgs_642_Form-1B_Pradhan_1_e6a3bc68.pdf,3.0,9.0,"doi:10.7910/DVN/ZHF9WC datafile 10396546 (r3-all-2018.csv.gz, md5 fd3487254ae01b22b999d6425fa62309)"
West Bengal,South 24 Parganas,2018,JAYNAGAR-II,CHUPRIJHARA,False,UR,False,,not_named,,"No. 6/P&RD/PGE/2018, dated 06/03/2018",,,,"doi:10.7910/DVN/ZHF9WC datafile 10396546 (r3-all-2018.csv.gz, md5 fd3487254ae01b22b999d6425fa62309)"
West Bengal,South 24 Parganas,2018,JAYNAGAR-II,FUTIGODA,True,BC,False,Futigoda,exact,matcher,"No. 6/P&RD/PGE/2018, dated 06/03/2018",s24pgs_642_Form-1B_Pradhan_1_e6a3bc68.pdf,3.0,8.0,"doi:10.7910/DVN/ZHF9WC datafile 10396546 (r3-all-2018.csv.gz, md5 fd3487254ae01b22b999d6425fa62309)"
West Bengal,South 24 Parganas,2018,JAYNAGAR-II,GARDOANI,True,BC,True,Gordewani,transliteration,matcher,"No. 6/P&RD/PGE/2018, dated 06/03/2018",s24pgs_642_Form-1B_Pradhan_1_e6a3bc68.pdf,3.0,6.0,"doi:10.7910/DVN/ZHF9WC datafile 10396546 (r3-all-2018.csv.gz, md5 fd3487254ae01b22b999d6425fa62309)"
West Bengal,South 24 Parganas,2018,JAYNAGAR-II,MANIRTAT,True,SC,True,Monirtat,transliteration,matcher,"No. 6/P&RD/PGE/2018, dated 06/03/2018",s24pgs_642_Form-1B_Pradhan_1_e6a3bc68.pdf,3.0,3.0,"doi:10.7910/DVN/ZHF9WC datafile 10396546 (r3-all-2018.csv.gz, md5 fd3487254ae01b22b999d6425fa62309)"
West Bengal,South 24 Parganas,2018,JAYNAGAR-II,MAYAHAURI,True,SC,False,Mayahowri,transliteration,matcher,"No. 6/P&RD/PGE/2018, dated 06/03/2018",s24pgs_642_Form-1B_Pradhan_1_e6a3bc68.pdf,3.0,5.0,"doi:10.7910/DVN/ZHF9WC datafile 10396546 (r3-all-2018.csv.gz, md5 fd3487254ae01b22b999d6425fa62309)"
West Bengal,South 24 Parganas,2018,JAYNAGAR-II,MAYDA,False,UR,False,,not_named,,"No. 6/P&RD/PGE/2018, dated 06/03/2018",,,,"doi:10.7910/DVN/ZHF9WC datafile 10396546 (r3-all-2018.csv.gz, md5 fd3487254ae01b22b999d6425fa62309)"
West Bengal,South 24 Parganas,2018,JAYNAGAR-II,NALGORA,True,BC,True,Nalgora,exact,matcher,"No. 6/P&RD/PGE/2018, dated 06/03/2018",s24pgs_642_Form-1B_Pradhan_1_e6a3bc68.pdf,3.0,4.0,"doi:10.7910/DVN/ZHF9WC datafile 10396546 (r3-all-2018.csv.gz, md5 fd3487254ae01b22b999d6425fa62309)"
West Bengal,South 24 Parganas,2018,JAYNAGAR-II,SAHAJADAPUR,True,UR,True,Sahajadapur,exact,matcher,"No. 6/P&RD/PGE/2018, dated 06/03/2018",s24pgs_642_Form-1B_Pradhan_1_e6a3bc68.pdf,3.0,7.0,"doi:10.7910/DVN/ZHF9WC datafile 10396546 (r3-all-2018.csv.gz, md5 fd3487254ae01b22b999d6425fa62309)"
West Bengal,South 24 Parganas,2018,KAK DWIP,BAPUJI,False,UR,False,,not_named,,"No. 6/P&RD/PGE/2018, dated 06/03/2018",,,,"doi:10.7910/DVN/ZHF9WC datafile 10396546 (r3-all-2018.csv.gz, md5 fd3487254ae01b22b999d6425fa62309)"
West Bengal,South 24 Parganas,2018,KAK DWIP,MADHUSUDANPUR,True,UR,True,Madhusudanpur,exact,matcher,"No. 6/P&RD/PGE/2018, dated 06/03/2018",s24pgs_642_Form-1B_Pradhan_1_e6a3bc68.pdf,4.0,2.0,"doi:10.7910/DVN/ZHF9WC datafile 10396546 (r3-all-2018.csv.gz, md5 fd3487254ae01b22b999d6425fa62309)"
West Bengal,South 24 Parganas,2018,KAK DWIP,NETAJI,True,UR,True,Netaji,exact,matcher,"No. 6/P&RD/PGE/2018, dated 06/03/2018",s24pgs_642_Form-1B_Pradhan_1_e6a3bc68.pdf,4.0,8.0,"doi:10.7910/DVN/ZHF9WC datafile 10396546 (r3-all-2018.csv.gz, md5 fd3487254ae01b22b999d6425fa62309)"
West Bengal,South 24 Parganas,2018,KAK DWIP,PRATAPADITYANAGAR,True,SC,True,Pratapadityanagar,exact,matcher,"No. 6/P&RD/PGE/2018, dated 06/03/2018",s24pgs_642_Form-1B_Pradhan_1_e6a3bc68.pdf,4.0,5.0,"doi:10.7910/DVN/ZHF9WC datafile 10396546 (r3-all-2018.csv.gz, md5 fd3487254ae01b22b999d6425fa62309)"
West Bengal,South 24 Parganas,2018,KAK DWIP,RABINDRA,True,SC,True,Rabindra,exact,matcher,"No. 6/P&RD/PGE/2018, dated 06/03/2018",s24pgs_642_Form-1B_Pradhan_1_e6a3bc68.pdf,4.0,9.0,"doi:10.7910/DVN/ZHF9WC datafile 10396546 (r3-all-2018.csv.gz, md5 fd3487254ae01b22b999d6425fa62309)"
West Bengal,South 24 Parganas,2018,KAK DWIP,RAMGOPALPUR,True,BC,False,Ramgopalpur,exact,matcher,"No. 6/P&RD/PGE/2018, dated 06/03/2018",s24pgs_642_Form-1B_Pradhan_1_e6a3bc68.pdf,4.0,10.0,"doi:10.7910/DVN/ZHF9WC datafile 10396546 (r3-all-2018.csv.gz, md5 fd3487254ae01b22b999d6425fa62309)"
West Bengal,South 24 Parganas,2018,KAK DWIP,RISHI BANKIMCHANDRA,True,SC,True,Rishi Bankim Chandra,exact,matcher,"No. 6/P&RD/PGE/2018, dated 06/03/2018",s24pgs_642_Form-1B_Pradhan_1_e6a3bc68.pdf,4.0,7.0,"doi:10.7910/DVN/ZHF9WC datafile 10396546 (r3-all-2018.csv.gz, md5 fd3487254ae01b22b999d6425fa62309)"
West Bengal,South 24 Parganas,2018,KAK DWIP,SRI SRI RAMKRISHNA,True,UR,True,Sri Sri Ramkrishna,exact,matcher,"No. 6/P&RD/PGE/2018, dated 06/03/2018",s24pgs_642_Form-1B_Pradhan_1_e6a3bc68.pdf,4.0,6.0,"doi:10.7910/DVN/ZHF9WC datafile 10396546 (r3-all-2018.csv.gz, md5 fd3487254ae01b22b999d6425fa62309)"
West Bengal,South 24 Parganas,2018,KAK DWIP,SRINAGAR,True,BC,False,Srinagar,exact,matcher,"No. 6/P&RD/PGE/2018, dated 06/03/2018",s24pgs_642_Form-1B_Pradhan_1_e6a3bc68.pdf,4.0,4.0,"doi:10.7910/DVN/ZHF9WC datafile 10396546 (r3-all-2018.csv.gz, md5 fd3487254ae01b22b999d6425fa62309)"
West Bengal,South 24 Parganas,2018,KAK DWIP,SURYANAGAR,True,SC,False,Surjanagar,transliteration,matcher,"No. 6/P&RD/PGE/2018, dated 06/03/2018",s24pgs_642_Form-1B_Pradhan_1_e6a3bc68.pdf,4.0,3.0,"doi:10.7910/DVN/ZHF9WC datafile 10396546 (r3-all-2018.csv.gz, md5 fd3487254ae01b22b999d6425fa62309)"
West Bengal,South 24 Parganas,2018,KAK DWIP,SWAMI BIBEKANANDA,False,UR,False,,not_named,,"No. 6/P&RD/PGE/2018, dated 06/03/2018",,,,"doi:10.7910/DVN/ZHF9WC datafile 10396546 (r3-all-2018.csv.gz, md5 fd3487254ae01b22b999d6425fa62309)"
West Bengal,South 24 Parganas,2018,KULPI,BABURMAHAL,True,UR,True,Baburmahal,exact,matcher,"No. 6/P&RD/PGE/2018, dated 06/03/2018",s24pgs_642_Form-1B_Pradhan_1_e6a3bc68.pdf,5.0,12.0,"doi:10.7910/DVN/ZHF9WC datafile 10396546 (r3-all-2018.csv.gz, md5 fd3487254ae01b22b999d6425fa62309)"
West Bengal,South 24 Parganas,2018,KULPI,BELPUKUR,True,BC,True,Belpukur,exact,matcher,"No. 6/P&RD/PGE/2018, dated 06/03/2018",s24pgs_642_Form-1B_Pradhan_1_e6a3bc68.pdf,5.0,10.0,"doi:10.7910/DVN/ZHF9WC datafile 10396546 (r3-all-2018.csv.gz, md5 fd3487254ae01b22b999d6425fa62309)"
West Bengal,South 24 Parganas,2018,KULPI,CHANDIPUR,True,SC,False,Chandipur,exact,matcher,"No. 6/P&RD/PGE/2018, dated 06/03/2018",s24pgs_642_Form-1B_Pradhan_1_e6a3bc68.pdf,5.0,8.0,"doi:10.7910/DVN/ZHF9WC datafile 10396546 (r3-all-2018.csv.gz, md5 fd3487254ae01b22b999d6425fa62309)"
West Bengal,South 24 Parganas,2018,KULPI,DHOLA,True,UR,True,Dhola,exact,matcher,"No. 6/P&RD/PGE/2018, dated 06/03/2018",s24pgs_642_Form-1B_Pradhan_1_e6a3bc68.pdf,5.0,9.0,"doi:10.7910/DVN/ZHF9WC datafile 10396546 (r3-all-2018.csv.gz, md5 fd3487254ae01b22b999d6425fa62309)"
West Bengal,South 24 Parganas,2018,KULPI,GAJIPUR,True,UR,True,Gazipur,transliteration,matcher,"No. 6/P&RD/PGE/2018, dated 06/03/2018",s24pgs_642_Form-1B_Pradhan_1_e6a3bc68.pdf,5.0,5.0,"doi:10.7910/DVN/ZHF9WC datafile 10396546 (r3-all-2018.csv.gz, md5 fd3487254ae01b22b999d6425fa62309)"
West Bengal,South 24 Parganas,2018,KULPI,ISWARIPUR,True,SC,True,Iswaripur,exact,matcher,"No. 6/P&RD/PGE/2018, dated 06/03/2018",s24pgs_642_Form-1B_Pradhan_1_e6a3bc68.pdf,5.0,4.0,"doi:10.7910/DVN/ZHF9WC datafile 10396546 (r3-all-2018.csv.gz, md5 fd3487254ae01b22b999d6425fa62309)"
West Bengal,South 24 Parganas,2018,KULPI,KAMARCHAK,True,BC,False,Kamarchak,exact,matcher,"No. 6/P&RD/PGE/2018, dated 06/03/2018",s24pgs_642_Form-1B_Pradhan_1_e6a3bc68.pdf,5.0,6.0,"doi:10.7910/DVN/ZHF9WC datafile 10396546 (r3-all-2018.csv.gz, md5 fd3487254ae01b22b999d6425fa62309)"
West Bengal,South 24 Parganas,2018,KULPI,KARANJALI,False,UR,False,,not_named,,"No. 6/P&RD/PGE/2018, dated 06/03/2018",,,,"doi:10.7910/DVN/ZHF9WC datafile 10396546 (r3-all-2018.csv.gz, md5 fd3487254ae01b22b999d6425fa62309)"
West Bengal,South 24 Parganas,2018,KULPI,KEORATALA,True,SC,False,Keoratala,exact,matcher,"No. 6/P&RD/PGE/2018, dated 06/03/2018",s24pgs_642_Form-1B_Pradhan_1_e6a3bc68.pdf,5.0,11.0,"doi:10.7910/DVN/ZHF9WC datafile 10396546 (r3-all-2018.csv.gz, md5 fd3487254ae01b22b999d6425fa62309)"
West Bengal,South 24 Parganas,2018,KULPI,KULPI,True,SC,True,Kulpi,exact,matcher,"No. 6/P&RD/PGE/2018, dated 06/03/2018",s24pgs_642_Form-1B_Pradhan_1_e6a3bc68.pdf,5.0,7.0,"doi:10.7910/DVN/ZHF9WC datafile 10396546 (r3-all-2018.csv.gz, md5 fd3487254ae01b22b999d6425fa62309)"
West Bengal,South 24 Parganas,2018,KULPI,RAJARAMPUR,True,UR,True,Rajarampur,exact,matcher,"No. 6/P&RD/PGE/2018, dated 06/03/2018",s24pgs_642_Form-1B_Pradhan_1_e6a3bc68.pdf,5.0,3.0,"doi:10.7910/DVN/ZHF9WC datafile 10396546 (r3-all-2018.csv.gz, md5 fd3487254ae01b22b999d6425fa62309)"
West Bengal,South 24 Parganas,2018,KULPI,RAMKISHORE,True,SC,False,Ramkishore,exact,matcher,"No. 6/P&RD/PGE/2018, dated 06/03/2018",s24pgs_642_Form-1B_Pradhan_1_e6a3bc68.pdf,5.0,2.0,"doi:10.7910/DVN/ZHF9WC datafile 10396546 (r3-all-2018.csv.gz, md5 fd3487254ae01b22b999d6425fa62309)"
West Bengal,South 24 Parganas,2018,KULPI,RAMKRISHNAPUR,False,UR,False,,not_named,,"No. 6/P&RD/PGE/2018, dated 06/03/2018",,,,"doi:10.7910/DVN/ZHF9WC datafile 10396546 (r3-all-2018.csv.gz, md5 fd3487254ae01b22b999d6425fa62309)"
West Bengal,South 24 Parganas,2018,KULPI,RAMNAGAR-GAZIPUR,False,UR,False,,not_named,,"No. 6/P&RD/PGE/2018, dated 06/03/2018",,,,"doi:10.7910/DVN/ZHF9WC datafile 10396546 (r3-all-2018.csv.gz, md5 fd3487254ae01b22b999d6425fa62309)"
West Bengal,South 24 Parganas,2018,KULTALI,DEULBARI DEBIPUR,True,ST,False,Deulbari Debipur,exact,matcher,"No. 6/P&RD/PGE/2018, dated 06/03/2018",s24pgs_642_Form-1B_Pradhan_1_e6a3bc68.pdf,2.0,24.0,"doi:10.7910/DVN/ZHF9WC datafile 10396546 (r3-all-2018.csv.gz, md5 fd3487254ae01b22b999d6425fa62309)"
West Bengal,South 24 Parganas,2018,KULTALI,GOPALGANJ,True,UR,True,Gopalgunj,transliteration,matcher,"No. 6/P&RD/PGE/2018, dated 06/03/2018",s24pgs_642_Form-1B_Pradhan_1_e6a3bc68.pdf,2.0,23.0,"doi:10.7910/DVN/ZHF9WC datafile 10396546 (r3-all-2018.csv.gz, md5 fd3487254ae01b22b999d6425fa62309)"
West Bengal,South 24 Parganas,2018,KULTALI,GURGURIA BHUBANESWARI,True,SC,False,Gurguria Bhubaneswari,exact,matcher,"No. 6/P&RD/PGE/2018, dated 06/03/2018",s24pgs_642_Form-1B_Pradhan_1_e6a3bc68.pdf,2.0,25.0,"doi:10.7910/DVN/ZHF9WC datafile 10396546 (r3-all-2018.csv.gz, md5 fd3487254ae01b22b999d6425fa62309)"
West Bengal,South 24 Parganas,2018,KULTALI,JALABERIA-I,True,SC,False,Jalaberia-I,exact,matcher,"No. 6/P&RD/PGE/2018, dated 06/03/2018",s24pgs_642_Form-1B_Pradhan_1_e6a3bc68.pdf,2.0,21.0,"doi:10.7910/DVN/ZHF9WC datafile 10396546 (r3-all-2018.csv.gz, md5 fd3487254ae01b22b999d6425fa62309)"
West Bengal,South 24 Parganas,2018,KULTALI,JALABERIA-II,True,SC,False,Jalaberia-II,exact,matcher,"No. 6/P&RD/PGE/2018, dated 06/03/2018",s24pgs_642_Form-1B_Pradhan_1_e6a3bc68.pdf,2.0,22.0,"doi:10.7910/DVN/ZHF9WC datafile 10396546 (r3-all-2018.csv.gz, md5 fd3487254ae01b22b999d6425fa62309)"
West Bengal,South 24 Parganas,2018,KULTALI,KUNDAKHALI GODABAR,True,SC,True,Kundakhali Godabar,exact,matcher,"No. 6/P&RD/PGE/2018, dated 06/03/2018",s24pgs_642_Form-1B_Pradhan_1_e6a3bc68.pdf,2.0,20.0,"doi:10.7910/DVN/ZHF9WC datafile 10396546 (r3-all-2018.csv.gz, md5 fd3487254ae01b22b999d6425fa62309)"
West Bengal,South 24 Parganas,2018,KULTALI,MAIPITH BAIKUNTHAPUR,True,BC,True,Maipith Baikunthapur,exact,matcher,"No. 6/P&RD/PGE/2018, dated 06/03/2018",s24pgs_642_Form-1B_Pradhan_1_e6a3bc68.pdf,2.0,26.0,"doi:10.7910/DVN/ZHF9WC datafile 10396546 (r3-all-2018.csv.gz, md5 fd3487254ae01b22b999d6425fa62309)"
West Bengal,South 24 Parganas,2018,KULTALI,MERIGANJ-I,True,BC,False,Merigunge-I,transliteration,matcher,"No. 6/P&RD/PGE/2018, dated 06/03/2018",s24pgs_642_Form-1B_Pradhan_1_e6a3bc68.pdf,2.0,19.0,"doi:10.7910/DVN/ZHF9WC datafile 10396546 (r3-all-2018.csv.gz, md5 fd3487254ae01b22b999d6425fa62309)"
West Bengal,South 24 Parganas,2018,KULTALI,MERIGANJ-II,False,UR,False,,not_named,,"No. 6/P&RD/PGE/2018, dated 06/03/2018",,,,"doi:10.7910/DVN/ZHF9WC datafile 10396546 (r3-all-2018.csv.gz, md5 fd3487254ae01b22b999d6425fa62309)"
West Bengal,South 24 Parganas,2018,MAGRA HAT-I,EKTARA,True,UR,True,Ektara,exact,matcher,"No. 6/P&RD/PGE/2018, dated 06/03/2018",s24pgs_642_Form-1B_Pradhan_1_e6a3bc68.pdf,9.0,9.0,"doi:10.7910/DVN/ZHF9WC datafile 10396546 (r3-all-2018.csv.gz, md5 fd3487254ae01b22b999d6425fa62309)"
West Bengal,South 24 Parganas,2018,MAGRA HAT-I,HARIHARPUR,True,SC,True,Hariharpur,exact,matcher,"No. 6/P&RD/PGE/2018, dated 06/03/2018",s24pgs_642_Form-1B_Pradhan_1_e6a3bc68.pdf,9.0,5.0,"doi:10.7910/DVN/ZHF9WC datafile 10396546 (r3-all-2018.csv.gz, md5 fd3487254ae01b22b999d6425fa62309)"
West Bengal,South 24 Parganas,2018,MAGRA HAT-I,KALIKAPOTA,True,UR,True,Kalikapota,exact,matcher,"No. 6/P&RD/PGE/2018, dated 06/03/2018",s24pgs_642_Form-1B_Pradhan_1_e6a3bc68.pdf,9.0,8.0,"doi:10.7910/DVN/ZHF9WC datafile 10396546 (r3-all-2018.csv.gz, md5 fd3487254ae01b22b999d6425fa62309)"
West Bengal,South 24 Parganas,2018,MAGRA HAT-I,LAKSHMIKANTAPUR,True,SC,False,Lakshmi Kantapur,exact,matcher,"No. 6/P&RD/PGE/2018, dated 06/03/2018",s24pgs_642_Form-1B_Pradhan_1_e6a3bc68.pdf,9.0,10.0,"doi:10.7910/DVN/ZHF9WC datafile 10396546 (r3-all-2018.csv.gz, md5 fd3487254ae01b22b999d6425fa62309)"
West Bengal,South 24 Parganas,2018,MAGRA HAT-I,RANGILBAD,True,BC,False,Rangilabad,transliteration,matcher,"No. 6/P&RD/PGE/2018, dated 06/03/2018",s24pgs_642_Form-1B_Pradhan_1_e6a3bc68.pdf,9.0,6.0,"doi:10.7910/DVN/ZHF9WC datafile 10396546 (r3-all-2018.csv.gz, md5 fd3487254ae01b22b999d6425fa62309)"
West Bengal,South 24 Parganas,2018,MAGRA HAT-I,SHERPUR,True,BC,False,Sherpur,exact,matcher,"No. 6/P&RD/PGE/2018, dated 06/03/2018",s24pgs_642_Form-1B_Pradhan_1_e6a3bc68.pdf,9.0,3.0,"doi:10.7910/DVN/ZHF9WC datafile 10396546 (r3-all-2018.csv.gz, md5 fd3487254ae01b22b999d6425fa62309)"
West Bengal,South 24 Parganas,2018,MAGRA HAT-I,SHRICHANDA,True,UR,True,Srichanda,transliteration,matcher,"No. 6/P&RD/PGE/2018, dated 06/03/2018",s24pgs_642_Form-1B_Pradhan_1_e6a3bc68.pdf,9.0,4.0,"doi:10.7910/DVN/ZHF9WC datafile 10396546 (r3-all-2018.csv.gz, md5 fd3487254ae01b22b999d6425fa62309)"
West Bengal,South 24 Parganas,2018,MAGRA HAT-I,SIRAKOL,True,SC,True,Sirakol,exact,matcher,"No. 6/P&RD/PGE/2018, dated 06/03/2018",s24pgs_642_Form-1B_Pradhan_1_e6a3bc68.pdf,9.0,2.0,"doi:10.7910/DVN/ZHF9WC datafile 10396546 (r3-all-2018.csv.gz, md5 fd3487254ae01b22b999d6425fa62309)"
West Bengal,South 24 Parganas,2018,MAGRA HAT-I,USTHI,True,SC,True,Usthi,exact,matcher,"No. 6/P&RD/PGE/2018, dated 06/03/2018",s24pgs_642_Form-1B_Pradhan_1_e6a3bc68.pdf,9.0,7.0,"doi:10.7910/DVN/ZHF9WC datafile 10396546 (r3-all-2018.csv.gz, md5 fd3487254ae01b22b999d6425fa62309)"
West Bengal,South 24 Parganas,2018,MAGRA HAT-I,UTTARKUSUM,False,UR,False,,not_named,,"No. 6/P&RD/PGE/2018, dated 06/03/2018",,,,"doi:10.7910/DVN/ZHF9WC datafile 10396546 (r3-all-2018.csv.gz, md5 fd3487254ae01b22b999d6425fa62309)"
West Bengal,South 24 Parganas,2018,MAGRA HAT-I,YEARPUR,False,UR,False,,not_named,,"No. 6/P&RD/PGE/2018, dated 06/03/2018",,,,"doi:10.7910/DVN/ZHF9WC datafile 10396546 (r3-all-2018.csv.gz, md5 fd3487254ae01b22b999d6425fa62309)"
West Bengal,South 24 Parganas,2018,MAGRA HAT-II,AMRATALA,True,SC,True,Amratala,exact,matcher,"No. 6/P&RD/PGE/2018, dated 06/03/2018",s24pgs_642_Form-1B_Pradhan_1_e6a3bc68.pdf,8.0,12.0,"doi:10.7910/DVN/ZHF9WC datafile 10396546 (r3-all-2018.csv.gz, md5 fd3487254ae01b22b999d6425fa62309)"
West Bengal,South 24 Parganas,2018,MAGRA HAT-II,DHAMUA DAKSHNIN,True,UR,True,Dhamua Dakshin,transliteration,matcher,"No. 6/P&RD/PGE/2018, dated 06/03/2018",s24pgs_642_Form-1B_Pradhan_1_e6a3bc68.pdf,8.0,15.0,"doi:10.7910/DVN/ZHF9WC datafile 10396546 (r3-all-2018.csv.gz, md5 fd3487254ae01b22b999d6425fa62309)"
West Bengal,South 24 Parganas,2018,MAGRA HAT-II,DHAMUA UTTAR,True,SC,True,Dhamua Uttar,exact,matcher,"No. 6/P&RD/PGE/2018, dated 06/03/2018",s24pgs_642_Form-1B_Pradhan_1_e6a3bc68.pdf,8.0,14.0,"doi:10.7910/DVN/ZHF9WC datafile 10396546 (r3-all-2018.csv.gz, md5 fd3487254ae01b22b999d6425fa62309)"
West Bengal,South 24 Parganas,2018,MAGRA HAT-II,DHANPOTA,True,SC,False,Dhanpota,exact,matcher,"No. 6/P&RD/PGE/2018, dated 06/03/2018",s24pgs_642_Form-1B_Pradhan_1_e6a3bc68.pdf,8.0,22.0,"doi:10.7910/DVN/ZHF9WC datafile 10396546 (r3-all-2018.csv.gz, md5 fd3487254ae01b22b999d6425fa62309)"
West Bengal,South 24 Parganas,2018,MAGRA HAT-II,DIHIKALAS,True,BC,True,Dihikalash,transliteration,matcher,"No. 6/P&RD/PGE/2018, dated 06/03/2018",s24pgs_642_Form-1B_Pradhan_1_e6a3bc68.pdf,8.0,17.0,"doi:10.7910/DVN/ZHF9WC datafile 10396546 (r3-all-2018.csv.gz, md5 fd3487254ae01b22b999d6425fa62309)"
West Bengal,South 24 Parganas,2018,MAGRA HAT-II,GOKARNI,False,UR,False,,not_named,,"No. 6/P&RD/PGE/2018, dated 06/03/2018",,,,"doi:10.7910/DVN/ZHF9WC datafile 10396546 (r3-all-2018.csv.gz, md5 fd3487254ae01b22b999d6425fa62309)"
West Bengal,South 24 Parganas,2018,MAGRA HAT-II,HOTOR MORJADA,False,UR,False,,not_named,,"No. 6/P&RD/PGE/2018, dated 06/03/2018",,,,"doi:10.7910/DVN/ZHF9WC datafile 10396546 (r3-all-2018.csv.gz, md5 fd3487254ae01b22b999d6425fa62309)"
West Bengal,South 24 Parganas,2018,MAGRA HAT-II,JUGDIA,True,UR,True,Jugdia,exact,matcher,"No. 6/P&RD/PGE/2018, dated 06/03/2018",s24pgs_642_Form-1B_Pradhan_1_e6a3bc68.pdf,8.0,20.0,"doi:10.7910/DVN/ZHF9WC datafile 10396546 (r3-all-2018.csv.gz, md5 fd3487254ae01b22b999d6425fa62309)"
West Bengal,South 24 Parganas,2018,MAGRA HAT-II,MAGRAHAT PASCHIM,True,SC,False,Mograhat Paschim,transliteration,matcher,"No. 6/P&RD/PGE/2018, dated 06/03/2018",s24pgs_642_Form-1B_Pradhan_1_e6a3bc68.pdf,8.0,18.0,"doi:10.7910/DVN/ZHF9WC datafile 10396546 (r3-all-2018.csv.gz, md5 fd3487254ae01b22b999d6425fa62309)"
West Bengal,South 24 Parganas,2018,MAGRA HAT-II,MAGRAHAT PURBA,True,UR,True,Mograhat Purba,transliteration,matcher,"No. 6/P&RD/PGE/2018, dated 06/03/2018",s24pgs_642_Form-1B_Pradhan_1_e6a3bc68.pdf,8.0,19.0,"doi:10.7910/DVN/ZHF9WC datafile 10396546 (r3-all-2018.csv.gz, md5 fd3487254ae01b22b999d6425fa62309)"
West Bengal,South 24 Parganas,2018,MAGRA HAT-II,MOHANPUR,True,BC,False,Mohanpur,exact,matcher,"No. 6/P&RD/PGE/2018, dated 06/03/2018",s24pgs_642_Form-1B_Pradhan_1_e6a3bc68.pdf,8.0,13.0,"doi:10.7910/DVN/ZHF9WC datafile 10396546 (r3-all-2018.csv.gz, md5 fd3487254ae01b22b999d6425fa62309)"
West Bengal,South 24 Parganas,2018,MAGRA HAT-II,MULTI,False,UR,False,,not_named,,"No. 6/P&RD/PGE/2018, dated 06/03/2018",,,,"doi:10.7910/DVN/ZHF9WC datafile 10396546 (r3-all-2018.csv.gz, md5 fd3487254ae01b22b999d6425fa62309)"
West Bengal,South 24 Parganas,2018,MAGRA HAT-II,NAINAN,True,SC,False,Nainan,exact,matcher,"No. 6/P&RD/PGE/2018, dated 06/03/2018",s24pgs_642_Form-1B_Pradhan_1_e6a3bc68.pdf,8.0,16.0,"doi:10.7910/DVN/ZHF9WC datafile 10396546 (r3-all-2018.csv.gz, md5 fd3487254ae01b22b999d6425fa62309)"
West Bengal,South 24 Parganas,2018,MAGRA HAT-II,URELCHANDPUR,True,SC,True,Urelchandpur,exact,matcher,"No. 6/P&RD/PGE/2018, dated 06/03/2018",s24pgs_642_Form-1B_Pradhan_1_e6a3bc68.pdf,8.0,21.0,"doi:10.7910/DVN/ZHF9WC datafile 10396546 (r3-all-2018.csv.gz, md5 fd3487254ae01b22b999d6425fa62309)"
West Bengal,South 24 Parganas,2018,MANDIRBAZAR,ANCHANA,True,UR,True,Anchna,transliteration,matcher,"No. 6/P&RD/PGE/2018, dated 06/03/2018",s24pgs_642_Form-1B_Pradhan_1_e6a3bc68.pdf,6.0,15.0,"doi:10.7910/DVN/ZHF9WC datafile 10396546 (r3-all-2018.csv.gz, md5 fd3487254ae01b22b999d6425fa62309)"
West Bengal,South 24 Parganas,2018,MANDIRBAZAR,CHANDPUR,True,UR,True,Chandpur Chaitanyapur,fuzzy,override,"No. 6/P&RD/PGE/2018, dated 06/03/2018",s24pgs_642_Form-1B_Pradhan_1_e6a3bc68.pdf,6.0,13.0,"doi:10.7910/DVN/ZHF9WC datafile 10396546 (r3-all-2018.csv.gz, md5 fd3487254ae01b22b999d6425fa62309)"
West Bengal,South 24 Parganas,2018,MANDIRBAZAR,DAKSHIN BISHNUPUR,True,SC,True,South Bishnupur,fuzzy,override,"No. 6/P&RD/PGE/2018, dated 06/03/2018",s24pgs_642_Form-1B_Pradhan_1_e6a3bc68.pdf,6.0,14.0,"doi:10.7910/DVN/ZHF9WC datafile 10396546 (r3-all-2018.csv.gz, md5 fd3487254ae01b22b999d6425fa62309)"
West Bengal,South 24 Parganas,2018,MANDIRBAZAR,DHANURHAT,False,UR,False,,not_named,,"No. 6/P&RD/PGE/2018, dated 06/03/2018",,,,"doi:10.7910/DVN/ZHF9WC datafile 10396546 (r3-all-2018.csv.gz, md5 fd3487254ae01b22b999d6425fa62309)"
West Bengal,South 24 Parganas,2018,MANDIRBAZAR,GABBERIA,True,BC,True,Gabberia,exact,matcher,"No. 6/P&RD/PGE/2018, dated 06/03/2018",s24pgs_642_Form-1B_Pradhan_1_e6a3bc68.pdf,6.0,17.0,"doi:10.7910/DVN/ZHF9WC datafile 10396546 (r3-all-2018.csv.gz, md5 fd3487254ae01b22b999d6425fa62309)"
West Bengal,South 24 Parganas,2018,MANDIRBAZAR,GHATESWAR,True,SC,False,Ghateswar,exact,matcher,"No. 6/P&RD/PGE/2018, dated 06/03/2018",s24pgs_642_Form-1B_Pradhan_1_e6a3bc68.pdf,6.0,18.0,"doi:10.7910/DVN/ZHF9WC datafile 10396546 (r3-all-2018.csv.gz, md5 fd3487254ae01b22b999d6425fa62309)"
West Bengal,South 24 Parganas,2018,MANDIRBAZAR,JAGADISHPUR,False,UR,False,,not_named,,"No. 6/P&RD/PGE/2018, dated 06/03/2018",,,,"doi:10.7910/DVN/ZHF9WC datafile 10396546 (r3-all-2018.csv.gz, md5 fd3487254ae01b22b999d6425fa62309)"
West Bengal,South 24 Parganas,2018,MANDIRBAZAR,KECHARKUR,True,SC,False,Kecharkur,exact,matcher,"No. 6/P&RD/PGE/2018, dated 06/03/2018",s24pgs_642_Form-1B_Pradhan_1_e6a3bc68.pdf,6.0,12.0,"doi:10.7910/DVN/ZHF9WC datafile 10396546 (r3-all-2018.csv.gz, md5 fd3487254ae01b22b999d6425fa62309)"
West Bengal,South 24 Parganas,2018,MANDIRBAZAR,KRISHNAPUR,True,SC,False,Krishnapur,exact,matcher,"No. 6/P&RD/PGE/2018, dated 06/03/2018",s24pgs_642_Form-1B_Pradhan_1_e6a3bc68.pdf,6.0,16.0,"doi:10.7910/DVN/ZHF9WC datafile 10396546 (r3-all-2018.csv.gz, md5 fd3487254ae01b22b999d6425fa62309)"
West Bengal,South 24 Parganas,2018,MANDIRBAZAR,NISAPUR,False,UR,False,,not_named,,"No. 6/P&RD/PGE/2018, dated 06/03/2018",,,,"doi:10.7910/DVN/ZHF9WC datafile 10396546 (r3-all-2018.csv.gz, md5 fd3487254ae01b22b999d6425fa62309)"
West Bengal,South 24 Parganas,2018,MATHURAPUR I,ABAD BHAGAWANPUR,True,SC,True,Abad Bhagabanpur,fuzzy,matcher,"No. 6/P&RD/PGE/2018, dated 06/03/2018",s24pgs_642_Form-1B_Pradhan_1_e6a3bc68.pdf,5.0,17.0,"doi:10.7910/DVN/ZHF9WC datafile 10396546 (r3-all-2018.csv.gz, md5 fd3487254ae01b22b999d6425fa62309)"
West Bengal,South 24 Parganas,2018,MATHURAPUR I,DAKSHIN LAKSHMINARAYANPUR,True,SC,False,Lakshmi Narayanpur Dakshin,fuzzy,override,"No. 6/P&RD/PGE/2018, dated 06/03/2018",s24pgs_642_Form-1B_Pradhan_1_e6a3bc68.pdf,5.0,20.0,"doi:10.7910/DVN/ZHF9WC datafile 10396546 (r3-all-2018.csv.gz, md5 fd3487254ae01b22b999d6425fa62309)"
West Bengal,South 24 Parganas,2018,MATHURAPUR I,DEBIPUR,True,SC,True,Debipur,exact,matcher,"No. 6/P&RD/PGE/2018, dated 06/03/2018",s24pgs_642_Form-1B_Pradhan_1_e6a3bc68.pdf,5.0,14.0,"doi:10.7910/DVN/ZHF9WC datafile 10396546 (r3-all-2018.csv.gz, md5 fd3487254ae01b22b999d6425fa62309)"
West Bengal,South 24 Parganas,2018,MATHURAPUR I,KRISHNACHANDRAPUR,True,BC,False,Krishna Chandrapur,exact,matcher,"No. 6/P&RD/PGE/2018, dated 06/03/2018",s24pgs_642_Form-1B_Pradhan_1_e6a3bc68.pdf,5.0,16.0,"doi:10.7910/DVN/ZHF9WC datafile 10396546 (r3-all-2018.csv.gz, md5 fd3487254ae01b22b999d6425fa62309)"
West Bengal,South 24 Parganas,2018,MATHURAPUR I,LALPUR,False,UR,False,,not_named,,"No. 6/P&RD/PGE/2018, dated 06/03/2018",,,,"doi:10.7910/DVN/ZHF9WC datafile 10396546 (r3-all-2018.csv.gz, md5 fd3487254ae01b22b999d6425fa62309)"
West Bengal,South 24 Parganas,2018,MATHURAPUR I,MATHURAPUR PASCHIM,True,BC,True,Mathurapur Paschim,exact,matcher,"No. 6/P&RD/PGE/2018, dated 06/03/2018",s24pgs_642_Form-1B_Pradhan_1_e6a3bc68.pdf,5.0,18.0,"doi:10.7910/DVN/ZHF9WC datafile 10396546 (r3-all-2018.csv.gz, md5 fd3487254ae01b22b999d6425fa62309)"
West Bengal,South 24 Parganas,2018,MATHURAPUR I,MATHURAPUR PURBA,True,UR,True,Mathurapur Purba,exact,matcher,"No. 6/P&RD/PGE/2018, dated 06/03/2018",s24pgs_642_Form-1B_Pradhan_1_e6a3bc68.pdf,5.0,19.0,"doi:10.7910/DVN/ZHF9WC datafile 10396546 (r3-all-2018.csv.gz, md5 fd3487254ae01b22b999d6425fa62309)"
West Bengal,South 24 Parganas,2018,MATHURAPUR I,NALUA,True,UR,True,Nalua,exact,matcher,"No. 6/P&RD/PGE/2018, dated 06/03/2018",s24pgs_642_Form-1B_Pradhan_1_e6a3bc68.pdf,5.0,15.0,"doi:10.7910/DVN/ZHF9WC datafile 10396546 (r3-all-2018.csv.gz, md5 fd3487254ae01b22b999d6425fa62309)"
West Bengal,South 24 Parganas,2018,MATHURAPUR I,SHANKARPUR,False,UR,False,,not_named,,"No. 6/P&RD/PGE/2018, dated 06/03/2018",,,,"doi:10.7910/DVN/ZHF9WC datafile 10396546 (r3-all-2018.csv.gz, md5 fd3487254ae01b22b999d6425fa62309)"
West Bengal,South 24 Parganas,2018,MATHURAPUR I,UTTAR LAKSHMINARAYANPUR,False,UR,False,,not_named,,"No. 6/P&RD/PGE/2018, dated 06/03/2018",,,,"doi:10.7910/DVN/ZHF9WC datafile 10396546 (r3-all-2018.csv.gz, md5 fd3487254ae01b22b999d6425fa62309)"
West Bengal,South 24 Parganas,2018,MATHURAPUR-II,DIGHIRPAR-BAKULTALA,True,SC,True,Dighirpar Bakultala,exact,matcher,"No. 6/P&RD/PGE/2018, dated 06/03/2018",s24pgs_642_Form-1B_Pradhan_1_e6a3bc68.pdf,6.0,7.0,"doi:10.7910/DVN/ZHF9WC datafile 10396546 (r3-all-2018.csv.gz, md5 fd3487254ae01b22b999d6425fa62309)"
West Bengal,South 24 Parganas,2018,MATHURAPUR-II,GILARCHHAT,False,UR,False,,not_named,,"No. 6/P&RD/PGE/2018, dated 06/03/2018",,,,"doi:10.7910/DVN/ZHF9WC datafile 10396546 (r3-all-2018.csv.gz, md5 fd3487254ae01b22b999d6425fa62309)"
West Bengal,South 24 Parganas,2018,MATHURAPUR-II,KANKANDIGHI,True,UR,True,Kankandighi,exact,matcher,"No. 6/P&RD/PGE/2018, dated 06/03/2018",s24pgs_642_Form-1B_Pradhan_1_e6a3bc68.pdf,6.0,8.0,"doi:10.7910/DVN/ZHF9WC datafile 10396546 (r3-all-2018.csv.gz, md5 fd3487254ae01b22b999d6425fa62309)"
West Bengal,South 24 Parganas,2018,MATHURAPUR-II,KASINAGAR,True,SC,False,Kashinagar,transliteration,matcher,"No. 6/P&RD/PGE/2018, dated 06/03/2018",s24pgs_642_Form-1B_Pradhan_1_e6a3bc68.pdf,6.0,2.0,"doi:10.7910/DVN/ZHF9WC datafile 10396546 (r3-all-2018.csv.gz, md5 fd3487254ae01b22b999d6425fa62309)"
West Bengal,South 24 Parganas,2018,MATHURAPUR-II,KAUTALA,True,SC,True,Kautala,exact,matcher,"No. 6/P&RD/PGE/2018, dated 06/03/2018",s24pgs_642_Form-1B_Pradhan_1_e6a3bc68.pdf,6.0,5.0,"doi:10.7910/DVN/ZHF9WC datafile 10396546 (r3-all-2018.csv.gz, md5 fd3487254ae01b22b999d6425fa62309)"
West Bengal,South 24 Parganas,2018,MATHURAPUR-II,KHARI,True,UR,True,Khari,exact,matcher,"No. 6/P&RD/PGE/2018, dated 06/03/2018",s24pgs_642_Form-1B_Pradhan_1_e6a3bc68.pdf,6.0,3.0,"doi:10.7910/DVN/ZHF9WC datafile 10396546 (r3-all-2018.csv.gz, md5 fd3487254ae01b22b999d6425fa62309)"
West Bengal,South 24 Parganas,2018,MATHURAPUR-II,KUMRAPARA,False,UR,False,,not_named,,"No. 6/P&RD/PGE/2018, dated 06/03/2018",,,,"doi:10.7910/DVN/ZHF9WC datafile 10396546 (r3-all-2018.csv.gz, md5 fd3487254ae01b22b999d6425fa62309)"
West Bengal,South 24 Parganas,2018,MATHURAPUR-II,NAGENDRAPUR,True,BC,False,Nagendrapur,exact,matcher,"No. 6/P&RD/PGE/2018, dated 06/03/2018",s24pgs_642_Form-1B_Pradhan_1_e6a3bc68.pdf,6.0,9.0,"doi:10.7910/DVN/ZHF9WC datafile 10396546 (r3-all-2018.csv.gz, md5 fd3487254ae01b22b999d6425fa62309)"
West Bengal,South 24 Parganas,2018,MATHURAPUR-II,NANDAKUMARPUR,True,SC,True,Nandakumarpur,exact,matcher,"No. 6/P&RD/PGE/2018, dated 06/03/2018",s24pgs_642_Form-1B_Pradhan_1_e6a3bc68.pdf,6.0,10.0,"doi:10.7910/DVN/ZHF9WC datafile 10396546 (r3-all-2018.csv.gz, md5 fd3487254ae01b22b999d6425fa62309)"
West Bengal,South 24 Parganas,2018,MATHURAPUR-II,RADHAKANTAPUR,True,UR,True,Radhakantapur,exact,matcher,"No. 6/P&RD/PGE/2018, dated 06/03/2018",s24pgs_642_Form-1B_Pradhan_1_e6a3bc68.pdf,6.0,4.0,"doi:10.7910/DVN/ZHF9WC datafile 10396546 (r3-all-2018.csv.gz, md5 fd3487254ae01b22b999d6425fa62309)"
West Bengal,South 24 Parganas,2018,MATHURAPUR-II,RAIDIGHI,True,BC,False,Raidighi,exact,matcher,"No. 6/P&RD/PGE/2018, dated 06/03/2018",s24pgs_642_Form-1B_Pradhan_1_e6a3bc68.pdf,6.0,6.0,"doi:10.7910/DVN/ZHF9WC datafile 10396546 (r3-all-2018.csv.gz, md5 fd3487254ae01b22b999d6425fa62309)"
West Bengal,South 24 Parganas,2018,NAMKHANA,BUDHAKHALI,False,UR,False,,not_named,,"No. 6/P&RD/PGE/2018, dated 06/03/2018",,,,"doi:10.7910/DVN/ZHF9WC datafile 10396546 (r3-all-2018.csv.gz, md5 fd3487254ae01b22b999d6425fa62309)"
West Bengal,South 24 Parganas,2018,NAMKHANA,FREZARGANJ,False,UR,False,,not_named,,"No. 6/P&RD/PGE/2018, dated 06/03/2018",,,,"doi:10.7910/DVN/ZHF9WC datafile 10396546 (r3-all-2018.csv.gz, md5 fd3487254ae01b22b999d6425fa62309)"
West Bengal,South 24 Parganas,2018,NAMKHANA,HARIPUR,True,SC,False,Haripur,exact,matcher,"No. 6/P&RD/PGE/2018, dated 06/03/2018",s24pgs_642_Form-1B_Pradhan_1_e6a3bc68.pdf,4.0,13.0,"doi:10.7910/DVN/ZHF9WC datafile 10396546 (r3-all-2018.csv.gz, md5 fd3487254ae01b22b999d6425fa62309)"
West Bengal,South 24 Parganas,2018,NAMKHANA,MAUSINI,True,BC,True,Moushuni,transliteration,matcher,"No. 6/P&RD/PGE/2018, dated 06/03/2018",s24pgs_642_Form-1B_Pradhan_1_e6a3bc68.pdf,4.0,15.0,"doi:10.7910/DVN/ZHF9WC datafile 10396546 (r3-all-2018.csv.gz, md5 fd3487254ae01b22b999d6425fa62309)"
West Bengal,South 24 Parganas,2018,NAMKHANA,NAMKHANA,False,UR,False,,not_named,,"No. 6/P&RD/PGE/2018, dated 06/03/2018",,,,"doi:10.7910/DVN/ZHF9WC datafile 10396546 (r3-all-2018.csv.gz, md5 fd3487254ae01b22b999d6425fa62309)"
West Bengal,South 24 Parganas,2018,NAMKHANA,NARAYANPUR,True,UR,True,Narayanpur,exact,matcher,"No. 6/P&RD/PGE/2018, dated 06/03/2018",s24pgs_642_Form-1B_Pradhan_1_e6a3bc68.pdf,4.0,12.0,"doi:10.7910/DVN/ZHF9WC datafile 10396546 (r3-all-2018.csv.gz, md5 fd3487254ae01b22b999d6425fa62309)"
West Bengal,South 24 Parganas,2018,NAMKHANA,SHIBRAMPUR,True,UR,True,Sibrampur,transliteration,matcher,"No. 6/P&RD/PGE/2018, dated 06/03/2018",s24pgs_642_Form-1B_Pradhan_1_e6a3bc68.pdf,4.0,14.0,"doi:10.7910/DVN/ZHF9WC datafile 10396546 (r3-all-2018.csv.gz, md5 fd3487254ae01b22b999d6425fa62309)"
West Bengal,South 24 Parganas,2018,PATHAR PRATIMA,ACHINTYANAGAR,False,UR,False,,not_named,,"No. 6/P&RD/PGE/2018, dated 06/03/2018",,,,"doi:10.7910/DVN/ZHF9WC datafile 10396546 (r3-all-2018.csv.gz, md5 fd3487254ae01b22b999d6425fa62309)"
West Bengal,South 24 Parganas,2018,PATHAR PRATIMA,BANASHYAMNAGAR,True,SC,False,Banashyamnagar,exact,matcher,"No. 6/P&RD/PGE/2018, dated 06/03/2018",s24pgs_642_Form-1B_Pradhan_1_e6a3bc68.pdf,3.0,21.0,"doi:10.7910/DVN/ZHF9WC datafile 10396546 (r3-all-2018.csv.gz, md5 fd3487254ae01b22b999d6425fa62309)"
West Bengal,South 24 Parganas,2018,PATHAR PRATIMA,BRAJABALLAVPUR,True,BC,True,Brajaballavpur,exact,matcher,"No. 6/P&RD/PGE/2018, dated 06/03/2018",s24pgs_642_Form-1B_Pradhan_1_e6a3bc68.pdf,3.0,20.0,"doi:10.7910/DVN/ZHF9WC datafile 10396546 (r3-all-2018.csv.gz, md5 fd3487254ae01b22b999d6425fa62309)"
West Bengal,South 24 Parganas,2018,PATHAR PRATIMA,DAKSHIN GANGADHARPUR,True,SC,False,Dakshin Gangadharpur,exact,matcher,"No. 6/P&RD/PGE/2018, dated 06/03/2018",s24pgs_642_Form-1B_Pradhan_1_e6a3bc68.pdf,3.0,11.0,"doi:10.7910/DVN/ZHF9WC datafile 10396546 (r3-all-2018.csv.gz, md5 fd3487254ae01b22b999d6425fa62309)"
West Bengal,South 24 Parganas,2018,PATHAR PRATIMA,DAKSHIN RAIPUR,True,UR,True,Dakshin Roypur,transliteration,matcher,"No. 6/P&RD/PGE/2018, dated 06/03/2018",s24pgs_642_Form-1B_Pradhan_1_e6a3bc68.pdf,3.0,12.0,"doi:10.7910/DVN/ZHF9WC datafile 10396546 (r3-all-2018.csv.gz, md5 fd3487254ae01b22b999d6425fa62309)"
West Bengal,South 24 Parganas,2018,PATHAR PRATIMA,DIGAMBARPUR,True,BC,True,Digambarpur,exact,matcher,"No. 6/P&RD/PGE/2018, dated 06/03/2018",s24pgs_642_Form-1B_Pradhan_1_e6a3bc68.pdf,3.0,13.0,"doi:10.7910/DVN/ZHF9WC datafile 10396546 (r3-all-2018.csv.gz, md5 fd3487254ae01b22b999d6425fa62309)"
West Bengal,South 24 Parganas,2018,PATHAR PRATIMA,DURBACHATI,True,SC,False,Durbachati,exact,matcher,"No. 6/P&RD/PGE/2018, dated 06/03/2018",s24pgs_642_Form-1B_Pradhan_1_e6a3bc68.pdf,3.0,14.0,"doi:10.7910/DVN/ZHF9WC datafile 10396546 (r3-all-2018.csv.gz, md5 fd3487254ae01b22b999d6425fa62309)"
West Bengal,South 24 Parganas,2018,PATHAR PRATIMA,G PLOT,True,UR,True,G-Plot,exact,matcher,"No. 6/P&RD/PGE/2018, dated 06/03/2018",s24pgs_642_Form-1B_Pradhan_1_e6a3bc68.pdf,3.0,22.0,"doi:10.7910/DVN/ZHF9WC datafile 10396546 (r3-all-2018.csv.gz, md5 fd3487254ae01b22b999d6425fa62309)"
West Bengal,South 24 Parganas,2018,PATHAR PRATIMA,GOPALNAGAR,True,BC,True,Gopalnagar,exact,matcher,"No. 6/P&RD/PGE/2018, dated 06/03/2018",s24pgs_642_Form-1B_Pradhan_1_e6a3bc68.pdf,3.0,15.0,"doi:10.7910/DVN/ZHF9WC datafile 10396546 (r3-all-2018.csv.gz, md5 fd3487254ae01b22b999d6425fa62309)"
West Bengal,South 24 Parganas,2018,PATHAR PRATIMA,HERAMBAGOPALPUR,True,SC,True,Herambagopalpur,exact,matcher,"No. 6/P&RD/PGE/2018, dated 06/03/2018",s24pgs_642_Form-1B_Pradhan_1_e6a3bc68.pdf,3.0,18.0,"doi:10.7910/DVN/ZHF9WC datafile 10396546 (r3-all-2018.csv.gz, md5 fd3487254ae01b22b999d6425fa62309)"
West Bengal,South 24 Parganas,2018,PATHAR PRATIMA,LAKSMIJANARDANPUR,True,UR,True,Lakshmi Janardhanpur,transliteration,matcher,"No. 6/P&RD/PGE/2018, dated 06/03/2018",s24pgs_642_Form-1B_Pradhan_1_e6a3bc68.pdf,3.0,17.0,"doi:10.7910/DVN/ZHF9WC datafile 10396546 (r3-all-2018.csv.gz, md5 fd3487254ae01b22b999d6425fa62309)"
West Bengal,South 24 Parganas,2018,PATHAR PRATIMA,PATHARPRATIMA,True,SC,False,Patharprotima,transliteration,matcher,"No. 6/P&RD/PGE/2018, dated 06/03/2018",s24pgs_642_Form-1B_Pradhan_1_e6a3bc68.pdf,3.0,19.0,"doi:10.7910/DVN/ZHF9WC datafile 10396546 (r3-all-2018.csv.gz, md5 fd3487254ae01b22b999d6425fa62309)"
West Bengal,South 24 Parganas,2018,PATHAR PRATIMA,RAMGANGA,True,SC,False,Ramganga,exact,matcher,"No. 6/P&RD/PGE/2018, dated 06/03/2018",s24pgs_642_Form-1B_Pradhan_1_e6a3bc68.pdf,3.0,16.0,"doi:10.7910/DVN/ZHF9WC datafile 10396546 (r3-all-2018.csv.gz, md5 fd3487254ae01b22b999d6425fa62309)"
West Bengal,South 24 Parganas,2018,PATHAR PRATIMA,SRIDHARNAGAR,False,UR,False,,not_named,,"No. 6/P&RD/PGE/2018, dated 06/03/2018",,,,"doi:10.7910/DVN/ZHF9WC datafile 10396546 (r3-all-2018.csv.gz, md5 fd3487254ae01b22b999d6425fa62309)"
West Bengal,South 24 Parganas,2018,PATHAR PRATIMA,SRINARAYANPUR PURNACHANDRAPUR,False,UR,False,,not_named,,"No. 6/P&RD/PGE/2018, dated 06/03/2018",,,,"doi:10.7910/DVN/ZHF9WC datafile 10396546 (r3-all-2018.csv.gz, md5 fd3487254ae01b22b999d6425fa62309)"
West Bengal,South 24 Parganas,2018,SAGAR,DHABLAT,True,SC,True,Dhablat,exact,matcher,"No. 6/P&RD/PGE/2018, dated 06/03/2018",s24pgs_642_Form-1B_Pradhan_1_e6a3bc68.pdf,4.0,23.0,"doi:10.7910/DVN/ZHF9WC datafile 10396546 (r3-all-2018.csv.gz, md5 fd3487254ae01b22b999d6425fa62309)"
West Bengal,South 24 Parganas,2018,SAGAR,DHASPARA SUMATINAGAR-I,True,UR,True,Dhaspara Sumatinagar-I,exact,matcher,"No. 6/P&RD/PGE/2018, dated 06/03/2018",s24pgs_642_Form-1B_Pradhan_1_e6a3bc68.pdf,4.0,19.0,"doi:10.7910/DVN/ZHF9WC datafile 10396546 (r3-all-2018.csv.gz, md5 fd3487254ae01b22b999d6425fa62309)"
West Bengal,South 24 Parganas,2018,SAGAR,DHASPARA SUMATINAGAR-II,True,SC,True,Dhaspara Sumatinagar-II,exact,matcher,"No. 6/P&RD/PGE/2018, dated 06/03/2018",s24pgs_642_Form-1B_Pradhan_1_e6a3bc68.pdf,4.0,20.0,"doi:10.7910/DVN/ZHF9WC datafile 10396546 (r3-all-2018.csv.gz, md5 fd3487254ae01b22b999d6425fa62309)"
West Bengal,South 24 Parganas,2018,SAGAR,GANGASAGAR,True,UR,True,Ganga Sagore,transliteration,matcher,"No. 6/P&RD/PGE/2018, dated 06/03/2018",s24pgs_642_Form-1B_Pradhan_1_e6a3bc68.pdf,4.0,22.0,"doi:10.7910/DVN/ZHF9WC datafile 10396546 (r3-all-2018.csv.gz, md5 fd3487254ae01b22b999d6425fa62309)"
West Bengal,South 24 Parganas,2018,SAGAR,GHORAMARA,False,UR,False,,not_named,,"No. 6/P&RD/PGE/2018, dated 06/03/2018",,,,"doi:10.7910/DVN/ZHF9WC datafile 10396546 (r3-all-2018.csv.gz, md5 fd3487254ae01b22b999d6425fa62309)"
West Bengal,South 24 Parganas,2018,SAGAR,MURIGANGA-I,True,SC,True,Muriganga-I,exact,matcher,"No. 6/P&RD/PGE/2018, dated 06/03/2018",s24pgs_642_Form-1B_Pradhan_1_e6a3bc68.pdf,4.0,17.0,"doi:10.7910/DVN/ZHF9WC datafile 10396546 (r3-all-2018.csv.gz, md5 fd3487254ae01b22b999d6425fa62309)"
West Bengal,South 24 Parganas,2018,SAGAR,MURIGANGA-II,True,SC,False,Muriganga-II,exact,matcher,"No. 6/P&RD/PGE/2018, dated 06/03/2018",s24pgs_642_Form-1B_Pradhan_1_e6a3bc68.pdf,4.0,18.0,"doi:10.7910/DVN/ZHF9WC datafile 10396546 (r3-all-2018.csv.gz, md5 fd3487254ae01b22b999d6425fa62309)"
West Bengal,South 24 Parganas,2018,SAGAR,RAMKARCHAR,False,UR,False,,not_named,,"No. 6/P&RD/PGE/2018, dated 06/03/2018",,,,"doi:10.7910/DVN/ZHF9WC datafile 10396546 (r3-all-2018.csv.gz, md5 fd3487254ae01b22b999d6425fa62309)"
West Bengal,South 24 Parganas,2018,SAGAR,RUDRANAGAR,True,BC,False,Rudranagar,exact,matcher,"No. 6/P&RD/PGE/2018, dated 06/03/2018",s24pgs_642_Form-1B_Pradhan_1_e6a3bc68.pdf,4.0,21.0,"doi:10.7910/DVN/ZHF9WC datafile 10396546 (r3-all-2018.csv.gz, md5 fd3487254ae01b22b999d6425fa62309)"
West Bengal,South 24 Parganas,2018,SONAR PUR,BANGOOGHLY-I,True,BC,True,Banhooghly-I,transliteration,matcher,"No. 6/P&RD/PGE/2018, dated 06/03/2018",s24pgs_642_Form-1B_Pradhan_1_e6a3bc68.pdf,11.0,23.0,"doi:10.7910/DVN/ZHF9WC datafile 10396546 (r3-all-2018.csv.gz, md5 fd3487254ae01b22b999d6425fa62309)"
West Bengal,South 24 Parganas,2018,SONAR PUR,BANHOOGHLY-II,True,SC,False,Bonhooghly-II,transliteration,matcher,"No. 6/P&RD/PGE/2018, dated 06/03/2018",s24pgs_642_Form-1B_Pradhan_1_e6a3bc68.pdf,11.0,22.0,"doi:10.7910/DVN/ZHF9WC datafile 10396546 (r3-all-2018.csv.gz, md5 fd3487254ae01b22b999d6425fa62309)"
West Bengal,South 24 Parganas,2018,SONAR PUR,KALIKAPUR-I,False,UR,False,,not_named,,"No. 6/P&RD/PGE/2018, dated 06/03/2018",,,,"doi:10.7910/DVN/ZHF9WC datafile 10396546 (r3-all-2018.csv.gz, md5 fd3487254ae01b22b999d6425fa62309)"
West Bengal,South 24 Parganas,2018,SONAR PUR,KALIKAPUR-II,True,UR,True,Kalikapur-II,exact,matcher,"No. 6/P&RD/PGE/2018, dated 06/03/2018",s24pgs_642_Form-1B_Pradhan_1_e6a3bc68.pdf,11.0,17.0,"doi:10.7910/DVN/ZHF9WC datafile 10396546 (r3-all-2018.csv.gz, md5 fd3487254ae01b22b999d6425fa62309)"
West Bengal,South 24 Parganas,2018,SONAR PUR,KAMRABAD,True,UR,True,Kamrabad,exact,matcher,"No. 6/P&RD/PGE/2018, dated 06/03/2018",s24pgs_642_Form-1B_Pradhan_1_e6a3bc68.pdf,11.0,21.0,"doi:10.7910/DVN/ZHF9WC datafile 10396546 (r3-all-2018.csv.gz, md5 fd3487254ae01b22b999d6425fa62309)"
West Bengal,South 24 Parganas,2018,SONAR PUR,KHEYADAHA-I,False,UR,False,,not_named,,"No. 6/P&RD/PGE/2018, dated 06/03/2018",,,,"doi:10.7910/DVN/ZHF9WC datafile 10396546 (r3-all-2018.csv.gz, md5 fd3487254ae01b22b999d6425fa62309)"
West Bengal,South 24 Parganas,2018,SONAR PUR,KHEYADAHA-II,True,UR,True,Kheadaha-II,transliteration,matcher,"No. 6/P&RD/PGE/2018, dated 06/03/2018",s24pgs_642_Form-1B_Pradhan_1_e6a3bc68.pdf,11.0,20.0,"doi:10.7910/DVN/ZHF9WC datafile 10396546 (r3-all-2018.csv.gz, md5 fd3487254ae01b22b999d6425fa62309)"
West Bengal,South 24 Parganas,2018,SONAR PUR,LANGALBERIA,True,BC,True,Langalberia,exact,matcher,"No. 6/P&RD/PGE/2018, dated 06/03/2018",s24pgs_642_Form-1B_Pradhan_1_e6a3bc68.pdf,11.0,19.0,"doi:10.7910/DVN/ZHF9WC datafile 10396546 (r3-all-2018.csv.gz, md5 fd3487254ae01b22b999d6425fa62309)"
West Bengal,South 24 Parganas,2018,SONAR PUR,POLEGHAT,True,SC,False,Poleghat,exact,matcher,"No. 6/P&RD/PGE/2018, dated 06/03/2018",s24pgs_642_Form-1B_Pradhan_1_e6a3bc68.pdf,11.0,18.0,"doi:10.7910/DVN/ZHF9WC datafile 10396546 (r3-all-2018.csv.gz, md5 fd3487254ae01b22b999d6425fa62309)"
West Bengal,South 24 Parganas,2018,SONAR PUR,PRATAPNAGAR,True,SC,True,Protapnagar,transliteration,matcher,"No. 6/P&RD/PGE/2018, dated 06/03/2018",s24pgs_642_Form-1B_Pradhan_1_e6a3bc68.pdf,11.0,15.0,"doi:10.7910/DVN/ZHF9WC datafile 10396546 (r3-all-2018.csv.gz, md5 fd3487254ae01b22b999d6425fa62309)"
West Bengal,South 24 Parganas,2018,SONAR PUR,SONARPUR-II,True,UR,True,Sonarpur-II,exact,matcher,"No. 6/P&RD/PGE/2018, dated 06/03/2018",s24pgs_642_Form-1B_Pradhan_1_e6a3bc68.pdf,11.0,16.0,"doi:10.7910/DVN/ZHF9WC datafile 10396546 (r3-all-2018.csv.gz, md5 fd3487254ae01b22b999d6425fa62309)"
West Bengal,South 24 Parganas,2018,THAKURPUKUR MAHESTOLA,ASUTI-I,True,SC,True,Ashuti-I,transliteration,matcher,"No. 6/P&RD/PGE/2018, dated 06/03/2018",s24pgs_642_Form-1B_Pradhan_1_e6a3bc68.pdf,11.0,3.0,"doi:10.7910/DVN/ZHF9WC datafile 10396546 (r3-all-2018.csv.gz, md5 fd3487254ae01b22b999d6425fa62309)"
West Bengal,South 24 Parganas,2018,THAKURPUKUR MAHESTOLA,ASUTI-II,True,UR,True,Ashuti-II,transliteration,matcher,"No. 6/P&RD/PGE/2018, dated 06/03/2018",s24pgs_642_Form-1B_Pradhan_1_e6a3bc68.pdf,11.0,4.0,"doi:10.7910/DVN/ZHF9WC datafile 10396546 (r3-all-2018.csv.gz, md5 fd3487254ae01b22b999d6425fa62309)"
West Bengal,South 24 Parganas,2018,THAKURPUKUR MAHESTOLA,CHATTA,True,SC,False,Chatta,exact,matcher,"No. 6/P&RD/PGE/2018, dated 06/03/2018",s24pgs_642_Form-1B_Pradhan_1_e6a3bc68.pdf,11.0,2.0,"doi:10.7910/DVN/ZHF9WC datafile 10396546 (r3-all-2018.csv.gz, md5 fd3487254ae01b22b999d6425fa62309)"
West Bengal,South 24 Parganas,2018,THAKURPUKUR MAHESTOLA,RASPUNJA,False,UR,False,,not_named,,"No. 6/P&RD/PGE/2018, dated 06/03/2018",,,,"doi:10.7910/DVN/ZHF9WC datafile 10396546 (r3-all-2018.csv.gz, md5 fd3487254ae01b22b999d6425fa62309)"
West Bengal,Purulia,2018,ARSHA,ARSHA,False,UR,False,,not_named,,"No. 95(170)/Panch' Elec./Prl', dated 06/03/2018 (one file per block)",,,,"doi:10.7910/DVN/ZHF9WC datafile 10396546 (r3-all-2018.csv.gz, md5 fd3487254ae01b22b999d6425fa62309)"
West Bengal,Purulia,2018,ARSHA,BELDIH,True,UR,True,BELDIH,exact,matcher,"No. 95(170)/Panch' Elec./Prl', dated 06/03/2018 (one file per block)",1B_Pradhan_Arsha.pdf,1.0,6.0,"doi:10.7910/DVN/ZHF9WC datafile 10396546 (r3-all-2018.csv.gz, md5 fd3487254ae01b22b999d6425fa62309)"
West Bengal,Purulia,2018,ARSHA,CHATUHANSA,True,UR,True,CHATUHANSA,exact,matcher,"No. 95(170)/Panch' Elec./Prl', dated 06/03/2018 (one file per block)",1B_Pradhan_Arsha.pdf,1.0,2.0,"doi:10.7910/DVN/ZHF9WC datafile 10396546 (r3-all-2018.csv.gz, md5 fd3487254ae01b22b999d6425fa62309)"
West Bengal,Purulia,2018,ARSHA,HENSLA,True,BC,False,HENSLA,exact,matcher,"No. 95(170)/Panch' Elec./Prl', dated 06/03/2018 (one file per block)",1B_Pradhan_Arsha.pdf,1.0,1.0,"doi:10.7910/DVN/ZHF9WC datafile 10396546 (r3-all-2018.csv.gz, md5 fd3487254ae01b22b999d6425fa62309)"
West Bengal,Purulia,2018,ARSHA,HETGUGUI,True,BC,True,HETGUGUI,exact,matcher,"No. 95(170)/Panch' Elec./Prl', dated 06/03/2018 (one file per block)",1B_Pradhan_Arsha.pdf,1.0,3.0,"doi:10.7910/DVN/ZHF9WC datafile 10396546 (r3-all-2018.csv.gz, md5 fd3487254ae01b22b999d6425fa62309)"
West Bengal,Purulia,2018,ARSHA,MANKIARY,True,SC,False,MANKIARY,exact,matcher,"No. 95(170)/Panch' Elec./Prl', dated 06/03/2018 (one file per block)",1B_Pradhan_Arsha.pdf,1.0,5.0,"doi:10.7910/DVN/ZHF9WC datafile 10396546 (r3-all-2018.csv.gz, md5 fd3487254ae01b22b999d6425fa62309)"
West Bengal,Purulia,2018,ARSHA,PUARA,False,UR,False,,not_named,,"No. 95(170)/Panch' Elec./Prl', dated 06/03/2018 (one file per block)",,,,"doi:10.7910/DVN/ZHF9WC datafile 10396546 (r3-all-2018.csv.gz, md5 fd3487254ae01b22b999d6425fa62309)"
West Bengal,Purulia,2018,ARSHA,SIRKABAD,True,SC,False,SIRKABAD,exact,matcher,"No. 95(170)/Panch' Elec./Prl', dated 06/03/2018 (one file per block)",1B_Pradhan_Arsha.pdf,1.0,4.0,"doi:10.7910/DVN/ZHF9WC datafile 10396546 (r3-all-2018.csv.gz, md5 fd3487254ae01b22b999d6425fa62309)"
West Bengal,Purulia,2018,BAGMUNDI,AJODHYA,False,UR,False,,not_named,,"No. 95(170)/Panch' Elec./Prl', dated 06/03/2018 (one file per block)",,,,"doi:10.7910/DVN/ZHF9WC datafile 10396546 (r3-all-2018.csv.gz, md5 fd3487254ae01b22b999d6425fa62309)"
West Bengal,Purulia,2018,BAGMUNDI,BAGHMUNDI,True,SC,False,BAGHMUNDI,exact,matcher,"No. 95(170)/Panch' Elec./Prl', dated 06/03/2018 (one file per block)",1B_Pradhan_Baghmundi.pdf,1.0,5.0,"doi:10.7910/DVN/ZHF9WC datafile 10396546 (r3-all-2018.csv.gz, md5 fd3487254ae01b22b999d6425fa62309)"
West Bengal,Purulia,2018,BAGMUNDI,BEERGRAM,True,SC,False,BIRGRAM,transliteration,matcher,"No. 95(170)/Panch' Elec./Prl', dated 06/03/2018 (one file per block)",1B_Pradhan_Baghmundi.pdf,1.0,4.0,"doi:10.7910/DVN/ZHF9WC datafile 10396546 (r3-all-2018.csv.gz, md5 fd3487254ae01b22b999d6425fa62309)"
West Bengal,Purulia,2018,BAGMUNDI,BURDA-KALIMATI,True,BC,False,BURDA-KALIMATI,exact,matcher,"No. 95(170)/Panch' Elec./Prl', dated 06/03/2018 (one file per block)",1B_Pradhan_Baghmundi.pdf,1.0,1.0,"doi:10.7910/DVN/ZHF9WC datafile 10396546 (r3-all-2018.csv.gz, md5 fd3487254ae01b22b999d6425fa62309)"
West Bengal,Purulia,2018,BAGMUNDI,MATHA,True,UR,True,MATHA,exact,matcher,"No. 95(170)/Panch' Elec./Prl', dated 06/03/2018 (one file per block)",1B_Pradhan_Baghmundi.pdf,1.0,6.0,"doi:10.7910/DVN/ZHF9WC datafile 10396546 (r3-all-2018.csv.gz, md5 fd3487254ae01b22b999d6425fa62309)"
West Bengal,Purulia,2018,BAGMUNDI,SERENGDIH,True,UR,True,SERENGDIH,exact,matcher,"No. 95(170)/Panch' Elec./Prl', dated 06/03/2018 (one file per block)",1B_Pradhan_Baghmundi.pdf,1.0,3.0,"doi:10.7910/DVN/ZHF9WC datafile 10396546 (r3-all-2018.csv.gz, md5 fd3487254ae01b22b999d6425fa62309)"
West Bengal,Purulia,2018,BAGMUNDI,SINDRI,False,UR,False,,not_named,,"No. 95(170)/Panch' Elec./Prl', dated 06/03/2018 (one file per block)",,,,"doi:10.7910/DVN/ZHF9WC datafile 10396546 (r3-all-2018.csv.gz, md5 fd3487254ae01b22b999d6425fa62309)"
West Bengal,Purulia,2018,BAGMUNDI,TUNTURI-SUISA,True,SC,False,TUNTURI-SUISA,exact,matcher,"No. 95(170)/Panch' Elec./Prl', dated 06/03/2018 (one file per block)",1B_Pradhan_Baghmundi.pdf,1.0,2.0,"doi:10.7910/DVN/ZHF9WC datafile 10396546 (r3-all-2018.csv.gz, md5 fd3487254ae01b22b999d6425fa62309)"
West Bengal,Purulia,2018,BALARAMPUR,BALARAMPUR,True,UR,True,BALARAMPUR,exact,matcher,"No. 95(170)/Panch' Elec./Prl', dated 06/03/2018 (one file per block)",1B_Pradhan_Balarampur.pdf,1.0,4.0,"doi:10.7910/DVN/ZHF9WC datafile 10396546 (r3-all-2018.csv.gz, md5 fd3487254ae01b22b999d6425fa62309)"
West Bengal,Purulia,2018,BALARAMPUR,BARAURMA,True,BC,False,BARAURMA,exact,matcher,"No. 95(170)/Panch' Elec./Prl', dated 06/03/2018 (one file per block)",1B_Pradhan_Balarampur.pdf,1.0,2.0,"doi:10.7910/DVN/ZHF9WC datafile 10396546 (r3-all-2018.csv.gz, md5 fd3487254ae01b22b999d6425fa62309)"
West Bengal,Purulia,2018,BALARAMPUR,BELA,False,UR,False,,not_named,,"No. 95(170)/Panch' Elec./Prl', dated 06/03/2018 (one file per block)",,,,"doi:10.7910/DVN/ZHF9WC datafile 10396546 (r3-all-2018.csv.gz, md5 fd3487254ae01b22b999d6425fa62309)"
West Bengal,Purulia,2018,BALARAMPUR,DARDA,True,SC,False,DARDA,exact,matcher,"No. 95(170)/Panch' Elec./Prl', dated 06/03/2018 (one file per block)",1B_Pradhan_Balarampur.pdf,1.0,6.0,"doi:10.7910/DVN/ZHF9WC datafile 10396546 (r3-all-2018.csv.gz, md5 fd3487254ae01b22b999d6425fa62309)"
West Bengal,Purulia,2018,BALARAMPUR,GENRUA,True,UR,True,GENRUA,exact,matcher,"No. 95(170)/Panch' Elec./Prl', dated 06/03/2018 (one file per block)",1B_Pradhan_Balarampur.pdf,1.0,3.0,"doi:10.7910/DVN/ZHF9WC datafile 10396546 (r3-all-2018.csv.gz, md5 fd3487254ae01b22b999d6425fa62309)"
West Bengal,Purulia,2018,BALARAMPUR,GHATBERA-KEROWA,True,SC,True,GHATBERA-KEROWA,exact,matcher,"No. 95(170)/Panch' Elec./Prl', dated 06/03/2018 (one file per block)",1B_Pradhan_Balarampur.pdf,1.0,1.0,"doi:10.7910/DVN/ZHF9WC datafile 10396546 (r3-all-2018.csv.gz, md5 fd3487254ae01b22b999d6425fa62309)"
West Bengal,Purulia,2018,BALARAMPUR,TENTLOW,True,ST,True,TENTLOW,exact,matcher,"No. 95(170)/Panch' Elec./Prl', dated 06/03/2018 (one file per block)",1B_Pradhan_Balarampur.pdf,1.0,5.0,"doi:10.7910/DVN/ZHF9WC datafile 10396546 (r3-all-2018.csv.gz, md5 fd3487254ae01b22b999d6425fa62309)"
West Bengal,Purulia,2018,BARABAZAR,BANJORA,True,ST,True,BANJORA,exact,matcher,"No. 95(170)/Panch' Elec./Prl', dated 06/03/2018 (one file per block)",1B_Pradhan_Barabazar.pdf,1.0,4.0,"doi:10.7910/DVN/ZHF9WC datafile 10396546 (r3-all-2018.csv.gz, md5 fd3487254ae01b22b999d6425fa62309)"
West Bengal,Purulia,2018,BARABAZAR,BANSBERA,False,UR,False,,not_named,,"No. 95(170)/Panch' Elec./Prl', dated 06/03/2018 (one file per block)",,,,"doi:10.7910/DVN/ZHF9WC datafile 10396546 (r3-all-2018.csv.gz, md5 fd3487254ae01b22b999d6425fa62309)"
West Bengal,Purulia,2018,BARABAZAR,BARABAZAR,True,ST,False,BARABAZAR,exact,matcher,"No. 95(170)/Panch' Elec./Prl', dated 06/03/2018 (one file per block)",1B_Pradhan_Barabazar.pdf,1.0,6.0,"doi:10.7910/DVN/ZHF9WC datafile 10396546 (r3-all-2018.csv.gz, md5 fd3487254ae01b22b999d6425fa62309)"
West Bengal,Purulia,2018,BARABAZAR,BERADA,False,UR,False,,not_named,,"No. 95(170)/Panch' Elec./Prl', dated 06/03/2018 (one file per block)",,,,"doi:10.7910/DVN/ZHF9WC datafile 10396546 (r3-all-2018.csv.gz, md5 fd3487254ae01b22b999d6425fa62309)"
West Bengal,Purulia,2018,BARABAZAR,BHAGABANDH,True,UR,True,BHAGABANDH,exact,matcher,"No. 95(170)/Panch' Elec./Prl', dated 06/03/2018 (one file per block)",1B_Pradhan_Barabazar.pdf,1.0,1.0,"doi:10.7910/DVN/ZHF9WC datafile 10396546 (r3-all-2018.csv.gz, md5 fd3487254ae01b22b999d6425fa62309)"
West Bengal,Purulia,2018,BARABAZAR,DHELATBAMU,True,UR,True,DHELATBAMU,exact,matcher,"No. 95(170)/Panch' Elec./Prl', dated 06/03/2018 (one file per block)",1B_Pradhan_Barabazar.pdf,1.0,3.0,"doi:10.7910/DVN/ZHF9WC datafile 10396546 (r3-all-2018.csv.gz, md5 fd3487254ae01b22b999d6425fa62309)"
West Bengal,Purulia,2018,BARABAZAR,LATPADA,True,UR,True,LATPADA,exact,matcher,"No. 95(170)/Panch' Elec./Prl', dated 06/03/2018 (one file per block)",1B_Pradhan_Barabazar.pdf,1.0,7.0,"doi:10.7910/DVN/ZHF9WC datafile 10396546 (r3-all-2018.csv.gz, md5 fd3487254ae01b22b999d6425fa62309)"
West Bengal,Purulia,2018,BARABAZAR,SINDRI,True,ST,True,SINDRI,exact,matcher,"No. 95(170)/Panch' Elec./Prl', dated 06/03/2018 (one file per block)",1B_Pradhan_Barabazar.pdf,1.0,8.0,"doi:10.7910/DVN/ZHF9WC datafile 10396546 (r3-all-2018.csv.gz, md5 fd3487254ae01b22b999d6425fa62309)"
West Bengal,Purulia,2018,BARABAZAR,SUKURHUTU,True,ST,True,SUKURHUTU,exact,matcher,"No. 95(170)/Panch' Elec./Prl', dated 06/03/2018 (one file per block)",1B_Pradhan_Barabazar.pdf,1.0,2.0,"doi:10.7910/DVN/ZHF9WC datafile 10396546 (r3-all-2018.csv.gz, md5 fd3487254ae01b22b999d6425fa62309)"
West Bengal,Purulia,2018,BARABAZAR,TUMRASOLE,True,UR,True,TUMRASOLE,exact,matcher,"No. 95(170)/Panch' Elec./Prl', dated 06/03/2018 (one file per block)",1B_Pradhan_Barabazar.pdf,1.0,5.0,"doi:10.7910/DVN/ZHF9WC datafile 10396546 (r3-all-2018.csv.gz, md5 fd3487254ae01b22b999d6425fa62309)"
West Bengal,Purulia,2018,BUNDWAN,BANDWAN,True,SC,False,BANDWAN,exact,matcher,"No. 95(170)/Panch' Elec./Prl', dated 06/03/2018 (one file per block)",1B_Pradhan_Bandwan.pdf,1.0,3.0,"doi:10.7910/DVN/ZHF9WC datafile 10396546 (r3-all-2018.csv.gz, md5 fd3487254ae01b22b999d6425fa62309)"
West Bengal,Purulia,2018,BUNDWAN,CHIRUDIH,False,UR,False,,not_named,,"No. 95(170)/Panch' Elec./Prl', dated 06/03/2018 (one file per block)",,,,"doi:10.7910/DVN/ZHF9WC datafile 10396546 (r3-all-2018.csv.gz, md5 fd3487254ae01b22b999d6425fa62309)"
West Bengal,Purulia,2018,BUNDWAN,DHADKA,True,ST,True,DHADKA,exact,matcher,"No. 95(170)/Panch' Elec./Prl', dated 06/03/2018 (one file per block)",1B_Pradhan_Bandwan.pdf,1.0,6.0,"doi:10.7910/DVN/ZHF9WC datafile 10396546 (r3-all-2018.csv.gz, md5 fd3487254ae01b22b999d6425fa62309)"
West Bengal,Purulia,2018,BUNDWAN,GURUR,True,ST,True,GURUR,exact,matcher,"No. 95(170)/Panch' Elec./Prl', dated 06/03/2018 (one file per block)",1B_Pradhan_Bandwan.pdf,1.0,1.0,"doi:10.7910/DVN/ZHF9WC datafile 10396546 (r3-all-2018.csv.gz, md5 fd3487254ae01b22b999d6425fa62309)"
West Bengal,Purulia,2018,BUNDWAN,KUCHIA,False,UR,False,,not_named,,"No. 95(170)/Panch' Elec./Prl', dated 06/03/2018 (one file per block)",,,,"doi:10.7910/DVN/ZHF9WC datafile 10396546 (r3-all-2018.csv.gz, md5 fd3487254ae01b22b999d6425fa62309)"
West Bengal,Purulia,2018,BUNDWAN,KUILAPAL,True,ST,True,KUILAPAL,exact,matcher,"No. 95(170)/Panch' Elec./Prl', dated 06/03/2018 (one file per block)",1B_Pradhan_Bandwan.pdf,1.0,4.0,"doi:10.7910/DVN/ZHF9WC datafile 10396546 (r3-all-2018.csv.gz, md5 fd3487254ae01b22b999d6425fa62309)"
West Bengal,Purulia,2018,BUNDWAN,KUMRA,True,UR,True,KUMRA,exact,matcher,"No. 95(170)/Panch' Elec./Prl', dated 06/03/2018 (one file per block)",1B_Pradhan_Bandwan.pdf,1.0,5.0,"doi:10.7910/DVN/ZHF9WC datafile 10396546 (r3-all-2018.csv.gz, md5 fd3487254ae01b22b999d6425fa62309)"
West Bengal,Purulia,2018,BUNDWAN,SUPUDIH,True,UR,True,SUPUDIH,exact,matcher,"No. 95(170)/Panch' Elec./Prl', dated 06/03/2018 (one file per block)",1B_Pradhan_Bandwan.pdf,1.0,2.0,"doi:10.7910/DVN/ZHF9WC datafile 10396546 (r3-all-2018.csv.gz, md5 fd3487254ae01b22b999d6425fa62309)"
West Bengal,Purulia,2018,HURA,CHATUMADAR,False,UR,False,,not_named,,"No. 95(170)/Panch' Elec./Prl', dated 06/03/2018 (one file per block)",,,,"doi:10.7910/DVN/ZHF9WC datafile 10396546 (r3-all-2018.csv.gz, md5 fd3487254ae01b22b999d6425fa62309)"
West Bengal,Purulia,2018,HURA,DALDALI,True,ST,True,DALDALI,exact,matcher,"No. 95(170)/Panch' Elec./Prl', dated 06/03/2018 (one file per block)",1B_Pradhan_Hura.pdf,1.0,1.0,"doi:10.7910/DVN/ZHF9WC datafile 10396546 (r3-all-2018.csv.gz, md5 fd3487254ae01b22b999d6425fa62309)"
West Bengal,Purulia,2018,HURA,HURA,True,UR,True,HURA,exact,matcher,"No. 95(170)/Panch' Elec./Prl', dated 06/03/2018 (one file per block)",1B_Pradhan_Hura.pdf,1.0,7.0,"doi:10.7910/DVN/ZHF9WC datafile 10396546 (r3-all-2018.csv.gz, md5 fd3487254ae01b22b999d6425fa62309)"
West Bengal,Purulia,2018,HURA,JABARRAH,True,SC,False,JABARRAH,exact,matcher,"No. 95(170)/Panch' Elec./Prl', dated 06/03/2018 (one file per block)",1B_Pradhan_Hura.pdf,1.0,6.0,"doi:10.7910/DVN/ZHF9WC datafile 10396546 (r3-all-2018.csv.gz, md5 fd3487254ae01b22b999d6425fa62309)"
West Bengal,Purulia,2018,HURA,KALABANI,True,ST,False,KALABANI,exact,matcher,"No. 95(170)/Panch' Elec./Prl', dated 06/03/2018 (one file per block)",1B_Pradhan_Hura.pdf,1.0,3.0,"doi:10.7910/DVN/ZHF9WC datafile 10396546 (r3-all-2018.csv.gz, md5 fd3487254ae01b22b999d6425fa62309)"
West Bengal,Purulia,2018,HURA,KESHERGARH,True,ST,True,KESHARGARH,transliteration,matcher,"No. 95(170)/Panch' Elec./Prl', dated 06/03/2018 (one file per block)",1B_Pradhan_Hura.pdf,1.0,5.0,"doi:10.7910/DVN/ZHF9WC datafile 10396546 (r3-all-2018.csv.gz, md5 fd3487254ae01b22b999d6425fa62309)"
West Bengal,Purulia,2018,HURA,LADHURKA,True,UR,True,LADHURKA,exact,matcher,"No. 95(170)/Panch' Elec./Prl', dated 06/03/2018 (one file per block)",1B_Pradhan_Hura.pdf,1.0,4.0,"doi:10.7910/DVN/ZHF9WC datafile 10396546 (r3-all-2018.csv.gz, md5 fd3487254ae01b22b999d6425fa62309)"
West Bengal,Purulia,2018,HURA,LAKHANPUR,False,UR,False,,not_named,,"No. 95(170)/Panch' Elec./Prl', dated 06/03/2018 (one file per block)",,,,"doi:10.7910/DVN/ZHF9WC datafile 10396546 (r3-all-2018.csv.gz, md5 fd3487254ae01b22b999d6425fa62309)"
West Bengal,Purulia,2018,HURA,MAGURIA-LALPUR,True,SC,False,MANGURIA-LALPUR,fuzzy,matcher,"No. 95(170)/Panch' Elec./Prl', dated 06/03/2018 (one file per block)",1B_Pradhan_Hura.pdf,1.0,2.0,"doi:10.7910/DVN/ZHF9WC datafile 10396546 (r3-all-2018.csv.gz, md5 fd3487254ae01b22b999d6425fa62309)"
West Bengal,Purulia,2018,HURA,RAKHERA-BISPURIA,True,ST,True,RAKHERA-BISPURIA,exact,matcher,"No. 95(170)/Panch' Elec./Prl', dated 06/03/2018 (one file per block)",1B_Pradhan_Hura.pdf,1.0,8.0,"doi:10.7910/DVN/ZHF9WC datafile 10396546 (r3-all-2018.csv.gz, md5 fd3487254ae01b22b999d6425fa62309)"
West Bengal,Purulia,2018,JAIPUR,BARAGRAM,True,SC,False,BARAGRAM,exact,matcher,"No. 95(170)/Panch' Elec./Prl', dated 06/03/2018 (one file per block)",1B_Pradhan_Joypur.pdf,1.0,4.0,"doi:10.7910/DVN/ZHF9WC datafile 10396546 (r3-all-2018.csv.gz, md5 fd3487254ae01b22b999d6425fa62309)"
West Bengal,Purulia,2018,JAIPUR,GHAGRA,True,SC,False,GHAGRA,exact,matcher,"No. 95(170)/Panch' Elec./Prl', dated 06/03/2018 (one file per block)",1B_Pradhan_Joypur.pdf,1.0,2.0,"doi:10.7910/DVN/ZHF9WC datafile 10396546 (r3-all-2018.csv.gz, md5 fd3487254ae01b22b999d6425fa62309)"
West Bengal,Purulia,2018,JAIPUR,JOYPUR,True,UR,True,JOYPUR,exact,matcher,"No. 95(170)/Panch' Elec./Prl', dated 06/03/2018 (one file per block)",1B_Pradhan_Joypur.pdf,1.0,3.0,"doi:10.7910/DVN/ZHF9WC datafile 10396546 (r3-all-2018.csv.gz, md5 fd3487254ae01b22b999d6425fa62309)"
West Bengal,Purulia,2018,JAIPUR,MUKUNDAPUR,True,ST,True,MUKUNDAPUR,exact,matcher,"No. 95(170)/Panch' Elec./Prl', dated 06/03/2018 (one file per block)",1B_Pradhan_Joypur.pdf,1.0,6.0,"doi:10.7910/DVN/ZHF9WC datafile 10396546 (r3-all-2018.csv.gz, md5 fd3487254ae01b22b999d6425fa62309)"
West Bengal,Purulia,2018,JAIPUR,ROPO,False,UR,False,,not_named,,"No. 95(170)/Panch' Elec./Prl', dated 06/03/2018 (one file per block)",,,,"doi:10.7910/DVN/ZHF9WC datafile 10396546 (r3-all-2018.csv.gz, md5 fd3487254ae01b22b999d6425fa62309)"
West Bengal,Purulia,2018,JAIPUR,SIDHI-JAMRA,True,SC,True,SIDHI-JAMRA,exact,matcher,"No. 95(170)/Panch' Elec./Prl', dated 06/03/2018 (one file per block)",1B_Pradhan_Joypur.pdf,1.0,1.0,"doi:10.7910/DVN/ZHF9WC datafile 10396546 (r3-all-2018.csv.gz, md5 fd3487254ae01b22b999d6425fa62309)"
West Bengal,Purulia,2018,JAIPUR,UPANKAHAN,True,BC,False,UPARKAHAN,fuzzy,matcher,"No. 95(170)/Panch' Elec./Prl', dated 06/03/2018 (one file per block)",1B_Pradhan_Joypur.pdf,1.0,5.0,"doi:10.7910/DVN/ZHF9WC datafile 10396546 (r3-all-2018.csv.gz, md5 fd3487254ae01b22b999d6425fa62309)"
West Bengal,Purulia,2018,JHALDA-I,HENSAHATU,True,BC,False,HENSAHATU,exact,matcher,"No. 95(170)/Panch' Elec./Prl', dated 06/03/2018 (one file per block)",1B_Pradhan_Jhalda-I.pdf,1.0,1.0,"doi:10.7910/DVN/ZHF9WC datafile 10396546 (r3-all-2018.csv.gz, md5 fd3487254ae01b22b999d6425fa62309)"
West Bengal,Purulia,2018,JHALDA-I,ICHAG,True,SC,True,ICHAG,exact,matcher,"No. 95(170)/Panch' Elec./Prl', dated 06/03/2018 (one file per block)",1B_Pradhan_Jhalda-I.pdf,1.0,4.0,"doi:10.7910/DVN/ZHF9WC datafile 10396546 (r3-all-2018.csv.gz, md5 fd3487254ae01b22b999d6425fa62309)"
West Bengal,Purulia,2018,JHALDA-I,ILU-JARGO,False,UR,False,,not_named,,"No. 95(170)/Panch' Elec./Prl', dated 06/03/2018 (one file per block)",,,,"doi:10.7910/DVN/ZHF9WC datafile 10396546 (r3-all-2018.csv.gz, md5 fd3487254ae01b22b999d6425fa62309)"
West Bengal,Purulia,2018,JHALDA-I,JHALDA-DARDA,True,ST,False,JHALDA-DARDA,exact,matcher,"No. 95(170)/Panch' Elec./Prl', dated 06/03/2018 (one file per block)",1B_Pradhan_Jhalda-I.pdf,1.0,3.0,"doi:10.7910/DVN/ZHF9WC datafile 10396546 (r3-all-2018.csv.gz, md5 fd3487254ae01b22b999d6425fa62309)"
West Bengal,Purulia,2018,JHALDA-I,KALMA,False,UR,False,,not_named,,"No. 95(170)/Panch' Elec./Prl', dated 06/03/2018 (one file per block)",,,,"doi:10.7910/DVN/ZHF9WC datafile 10396546 (r3-all-2018.csv.gz, md5 fd3487254ae01b22b999d6425fa62309)"
West Bengal,Purulia,2018,JHALDA-I,MARUMOSINA,False,UR,False,,not_named,,"No. 95(170)/Panch' Elec./Prl', dated 06/03/2018 (one file per block)",,,,"doi:10.7910/DVN/ZHF9WC datafile 10396546 (r3-all-2018.csv.gz, md5 fd3487254ae01b22b999d6425fa62309)"
West Bengal,Purulia,2018,JHALDA-I,MATHARI-KHAMAR,True,ST,False,MATHARI-KHAMAR,exact,matcher,"No. 95(170)/Panch' Elec./Prl', dated 06/03/2018 (one file per block)",1B_Pradhan_Jhalda-I.pdf,1.0,5.0,"doi:10.7910/DVN/ZHF9WC datafile 10396546 (r3-all-2018.csv.gz, md5 fd3487254ae01b22b999d6425fa62309)"
West Bengal,Purulia,2018,JHALDA-I,NOYADIH,True,UR,True,NAYADIH,transliteration,matcher,"No. 95(170)/Panch' Elec./Prl', dated 06/03/2018 (one file per block)",1B_Pradhan_Jhalda-I.pdf,1.0,6.0,"doi:10.7910/DVN/ZHF9WC datafile 10396546 (r3-all-2018.csv.gz, md5 fd3487254ae01b22b999d6425fa62309)"
West Bengal,Purulia,2018,JHALDA-I,PUSTI,True,UR,True,PUSTI,exact,matcher,"No. 95(170)/Panch' Elec./Prl', dated 06/03/2018 (one file per block)",1B_Pradhan_Jhalda-I.pdf,1.0,7.0,"doi:10.7910/DVN/ZHF9WC datafile 10396546 (r3-all-2018.csv.gz, md5 fd3487254ae01b22b999d6425fa62309)"
West Bengal,Purulia,2018,JHALDA-I,TULIN,True,UR,True,TULIN,exact,matcher,"No. 95(170)/Panch' Elec./Prl', dated 06/03/2018 (one file per block)",1B_Pradhan_Jhalda-I.pdf,1.0,2.0,"doi:10.7910/DVN/ZHF9WC datafile 10396546 (r3-all-2018.csv.gz, md5 fd3487254ae01b22b999d6425fa62309)"
West Bengal,Purulia,2018,JHALDA-II,BAMNIYA-BELYADIH,True,BC,True,BAMNIA-BELYADIH,transliteration,matcher,"No. 95(170)/Panch' Elec./Prl', dated 06/03/2018 (one file per block)",1B_Pradhan_Jhalda-II.pdf,1.0,6.0,"doi:10.7910/DVN/ZHF9WC datafile 10396546 (r3-all-2018.csv.gz, md5 fd3487254ae01b22b999d6425fa62309)"
West Bengal,Purulia,2018,JHALDA-II,BEGUNKODAR,True,ST,False,BEGUNKODAR,exact,matcher,"No. 95(170)/Panch' Elec./Prl', dated 06/03/2018 (one file per block)",1B_Pradhan_Jhalda-II.pdf,1.0,7.0,"doi:10.7910/DVN/ZHF9WC datafile 10396546 (r3-all-2018.csv.gz, md5 fd3487254ae01b22b999d6425fa62309)"
West Bengal,Purulia,2018,JHALDA-II,CHEKYA,True,SC,False,CHEKYA,exact,matcher,"No. 95(170)/Panch' Elec./Prl', dated 06/03/2018 (one file per block)",1B_Pradhan_Jhalda-II.pdf,1.0,5.0,"doi:10.7910/DVN/ZHF9WC datafile 10396546 (r3-all-2018.csv.gz, md5 fd3487254ae01b22b999d6425fa62309)"
West Bengal,Purulia,2018,JHALDA-II,CHITMU,False,UR,False,,not_named,,"No. 95(170)/Panch' Elec./Prl', dated 06/03/2018 (one file per block)",,,,"doi:10.7910/DVN/ZHF9WC datafile 10396546 (r3-all-2018.csv.gz, md5 fd3487254ae01b22b999d6425fa62309)"
West Bengal,Purulia,2018,JHALDA-II,HIRAPURADARDIH,True,UR,True,HIRAPUR-ADARDIH,exact,matcher,"No. 95(170)/Panch' Elec./Prl', dated 06/03/2018 (one file per block)",1B_Pradhan_Jhalda-II.pdf,1.0,8.0,"doi:10.7910/DVN/ZHF9WC datafile 10396546 (r3-all-2018.csv.gz, md5 fd3487254ae01b22b999d6425fa62309)"
West Bengal,Purulia,2018,JHALDA-II,MAJHIDIH,True,SC,True,MAJHIDIH,exact,matcher,"No. 95(170)/Panch' Elec./Prl', dated 06/03/2018 (one file per block)",1B_Pradhan_Jhalda-II.pdf,1.0,3.0,"doi:10.7910/DVN/ZHF9WC datafile 10396546 (r3-all-2018.csv.gz, md5 fd3487254ae01b22b999d6425fa62309)"
West Bengal,Purulia,2018,JHALDA-II,NOWAHATU,True,BC,False,NOWAHATU,exact,matcher,"No. 95(170)/Panch' Elec./Prl', dated 06/03/2018 (one file per block)",1B_Pradhan_Jhalda-II.pdf,1.0,1.0,"doi:10.7910/DVN/ZHF9WC datafile 10396546 (r3-all-2018.csv.gz, md5 fd3487254ae01b22b999d6425fa62309)"
West Bengal,Purulia,2018,JHALDA-II,RIGID,True,BC,True,RIGID,exact,matcher,"No. 95(170)/Panch' Elec./Prl', dated 06/03/2018 (one file per block)",1B_Pradhan_Jhalda-II.pdf,1.0,4.0,"doi:10.7910/DVN/ZHF9WC datafile 10396546 (r3-all-2018.csv.gz, md5 fd3487254ae01b22b999d6425fa62309)"
West Bengal,Purulia,2018,JHALDA-II,TATUARA,True,SC,False,TATUARA,exact,matcher,"No. 95(170)/Panch' Elec./Prl', dated 06/03/2018 (one file per block)",1B_Pradhan_Jhalda-II.pdf,1.0,2.0,"doi:10.7910/DVN/ZHF9WC datafile 10396546 (r3-all-2018.csv.gz, md5 fd3487254ae01b22b999d6425fa62309)"
West Bengal,Purulia,2018,KASHIPUR,AGARDI-CHITRA,True,ST,True,AGARDIH-CHITRA,transliteration,matcher,"No. 95(170)/Panch' Elec./Prl', dated 06/03/2018 (one file per block)",1B_Pradhan_Kashipur.pdf,1.0,10.0,"doi:10.7910/DVN/ZHF9WC datafile 10396546 (r3-all-2018.csv.gz, md5 fd3487254ae01b22b999d6425fa62309)"
West Bengal,Purulia,2018,KASHIPUR,BARRAH,True,ST,True,BARRAH,exact,matcher,"No. 95(170)/Panch' Elec./Prl', dated 06/03/2018 (one file per block)",1B_Pradhan_Kashipur.pdf,1.0,5.0,"doi:10.7910/DVN/ZHF9WC datafile 10396546 (r3-all-2018.csv.gz, md5 fd3487254ae01b22b999d6425fa62309)"
West Bengal,Purulia,2018,KASHIPUR,BEKO,False,UR,False,,not_named,,"No. 95(170)/Panch' Elec./Prl', dated 06/03/2018 (one file per block)",,,,"doi:10.7910/DVN/ZHF9WC datafile 10396546 (r3-all-2018.csv.gz, md5 fd3487254ae01b22b999d6425fa62309)"
West Bengal,Purulia,2018,KASHIPUR,GAGNABAD,True,ST,False,GAGNABAD,exact,matcher,"No. 95(170)/Panch' Elec./Prl', dated 06/03/2018 (one file per block)",1B_Pradhan_Kashipur.pdf,1.0,1.0,"doi:10.7910/DVN/ZHF9WC datafile 10396546 (r3-all-2018.csv.gz, md5 fd3487254ae01b22b999d6425fa62309)"
West Bengal,Purulia,2018,KASHIPUR,GORANDIH,True,SC,True,GOURANGDIH,fuzzy,matcher,"No. 95(170)/Panch' Elec./Prl', dated 06/03/2018 (one file per block)",1B_Pradhan_Kashipur.pdf,1.0,2.0,"doi:10.7910/DVN/ZHF9WC datafile 10396546 (r3-all-2018.csv.gz, md5 fd3487254ae01b22b999d6425fa62309)"
West Bengal,Purulia,2018,KASHIPUR,HADALDA-UPARRAH,True,ST,False,HADALDA-UPARRAH,exact,matcher,"No. 95(170)/Panch' Elec./Prl', dated 06/03/2018 (one file per block)",1B_Pradhan_Kashipur.pdf,1.0,6.0,"doi:10.7910/DVN/ZHF9WC datafile 10396546 (r3-all-2018.csv.gz, md5 fd3487254ae01b22b999d6425fa62309)"
West Bengal,Purulia,2018,KASHIPUR,KALIDAHA,True,UR,True,KALIDAHA,exact,matcher,"No. 95(170)/Panch' Elec./Prl', dated 06/03/2018 (one file per block)",1B_Pradhan_Kashipur.pdf,1.0,3.0,"doi:10.7910/DVN/ZHF9WC datafile 10396546 (r3-all-2018.csv.gz, md5 fd3487254ae01b22b999d6425fa62309)"
West Bengal,Purulia,2018,KASHIPUR,KASHIPUR,True,UR,True,KASHIPUR,exact,matcher,"No. 95(170)/Panch' Elec./Prl', dated 06/03/2018 (one file per block)",1B_Pradhan_Kashipur.pdf,1.0,8.0,"doi:10.7910/DVN/ZHF9WC datafile 10396546 (r3-all-2018.csv.gz, md5 fd3487254ae01b22b999d6425fa62309)"
West Bengal,Purulia,2018,KASHIPUR,MANIHARA,True,BC,False,MANIHARA,exact,matcher,"No. 95(170)/Panch' Elec./Prl', dated 06/03/2018 (one file per block)",1B_Pradhan_Kashipur.pdf,1.0,4.0,"doi:10.7910/DVN/ZHF9WC datafile 10396546 (r3-all-2018.csv.gz, md5 fd3487254ae01b22b999d6425fa62309)"
West Bengal,Purulia,2018,KASHIPUR,RANGAMATI-RANJANDIH,True,SC,True,RANGAMATI-RANJANDIH,exact,matcher,"No. 95(170)/Panch' Elec./Prl', dated 06/03/2018 (one file per block)",1B_Pradhan_Kashipur.pdf,1.0,7.0,"doi:10.7910/DVN/ZHF9WC datafile 10396546 (r3-all-2018.csv.gz, md5 fd3487254ae01b22b999d6425fa62309)"
West Bengal,Purulia,2018,KASHIPUR,SIMLA-DHANARA,True,SC,False,SIMLA-DHANERA,transliteration,matcher,"No. 95(170)/Panch' Elec./Prl', dated 06/03/2018 (one file per block)",1B_Pradhan_Kashipur.pdf,1.0,9.0,"doi:10.7910/DVN/ZHF9WC datafile 10396546 (r3-all-2018.csv.gz, md5 fd3487254ae01b22b999d6425fa62309)"
West Bengal,Purulia,2018,KASHIPUR,SONAIJURI,False,UR,False,,not_named,,"No. 95(170)/Panch' Elec./Prl', dated 06/03/2018 (one file per block)",,,,"doi:10.7910/DVN/ZHF9WC datafile 10396546 (r3-all-2018.csv.gz, md5 fd3487254ae01b22b999d6425fa62309)"
West Bengal,Purulia,2018,KASHIPUR,SONATHALI,False,UR,False,,not_named,,"No. 95(170)/Panch' Elec./Prl', dated 06/03/2018 (one file per block)",,,,"doi:10.7910/DVN/ZHF9WC datafile 10396546 (r3-all-2018.csv.gz, md5 fd3487254ae01b22b999d6425fa62309)"
West Bengal,Purulia,2018,MANBAZAR-I,BAMNIMAJHIHIRA,True,UR,True,BAMNI-MAJHIHIRA,exact,matcher,"No. 95(170)/Panch' Elec./Prl', dated 06/03/2018 (one file per block)",1B_Pradhan_Manbazar-I.pdf,1.0,2.0,"doi:10.7910/DVN/ZHF9WC datafile 10396546 (r3-all-2018.csv.gz, md5 fd3487254ae01b22b999d6425fa62309)"
West Bengal,Purulia,2018,MANBAZAR-I,BARAMASYA-RAMNAGAR,True,UR,True,BARAMESHYA-RAMNAGAR,transliteration,matcher,"No. 95(170)/Panch' Elec./Prl', dated 06/03/2018 (one file per block)",1B_Pradhan_Manbazar-I.pdf,1.0,4.0,"doi:10.7910/DVN/ZHF9WC datafile 10396546 (r3-all-2018.csv.gz, md5 fd3487254ae01b22b999d6425fa62309)"
West Bengal,Purulia,2018,MANBAZAR-I,BHALUBASA,True,BC,False,BHALUBASA,exact,matcher,"No. 95(170)/Panch' Elec./Prl', dated 06/03/2018 (one file per block)",1B_Pradhan_Manbazar-I.pdf,1.0,6.0,"doi:10.7910/DVN/ZHF9WC datafile 10396546 (r3-all-2018.csv.gz, md5 fd3487254ae01b22b999d6425fa62309)"
West Bengal,Purulia,2018,MANBAZAR-I,BISRI,True,UR,True,BISRI,exact,matcher,"No. 95(170)/Panch' Elec./Prl', dated 06/03/2018 (one file per block)",1B_Pradhan_Manbazar-I.pdf,1.0,7.0,"doi:10.7910/DVN/ZHF9WC datafile 10396546 (r3-all-2018.csv.gz, md5 fd3487254ae01b22b999d6425fa62309)"
West Bengal,Purulia,2018,MANBAZAR-I,CHANDRA-PAIRACHALI,True,ST,True,CHANDRA-PAIRACHALI,exact,matcher,"No. 95(170)/Panch' Elec./Prl', dated 06/03/2018 (one file per block)",1B_Pradhan_Manbazar-I.pdf,1.0,5.0,"doi:10.7910/DVN/ZHF9WC datafile 10396546 (r3-all-2018.csv.gz, md5 fd3487254ae01b22b999d6425fa62309)"
West Bengal,Purulia,2018,MANBAZAR-I,DHANARAH,True,ST,True,DHANARA,transliteration,matcher,"No. 95(170)/Panch' Elec./Prl', dated 06/03/2018 (one file per block)",1B_Pradhan_Manbazar-I.pdf,1.0,8.0,"doi:10.7910/DVN/ZHF9WC datafile 10396546 (r3-all-2018.csv.gz, md5 fd3487254ae01b22b999d6425fa62309)"
West Bengal,Purulia,2018,MANBAZAR-I,GOPALNAGAR,False,UR,False,,not_named,,"No. 95(170)/Panch' Elec./Prl', dated 06/03/2018 (one file per block)",,,,"doi:10.7910/DVN/ZHF9WC datafile 10396546 (r3-all-2018.csv.gz, md5 fd3487254ae01b22b999d6425fa62309)"
West Bengal,Purulia,2018,MANBAZAR-I,JITUJURI,True,ST,False,JITUJURI,exact,matcher,"No. 95(170)/Panch' Elec./Prl', dated 06/03/2018 (one file per block)",1B_Pradhan_Manbazar-I.pdf,1.0,3.0,"doi:10.7910/DVN/ZHF9WC datafile 10396546 (r3-all-2018.csv.gz, md5 fd3487254ae01b22b999d6425fa62309)"
West Bengal,Purulia,2018,MANBAZAR-I,KAMTAJANGIDIRI,True,BC,True,KAMTA-JANGIDIRI,exact,matcher,"No. 95(170)/Panch' Elec./Prl', dated 06/03/2018 (one file per block)",1B_Pradhan_Manbazar-I.pdf,1.0,1.0,"doi:10.7910/DVN/ZHF9WC datafile 10396546 (r3-all-2018.csv.gz, md5 fd3487254ae01b22b999d6425fa62309)"
West Bengal,Purulia,2018,MANBAZAR-I,MANBAZAR,False,UR,False,,not_named,,"No. 95(170)/Panch' Elec./Prl', dated 06/03/2018 (one file per block)",,,,"doi:10.7910/DVN/ZHF9WC datafile 10396546 (r3-all-2018.csv.gz, md5 fd3487254ae01b22b999d6425fa62309)"
West Bengal,Purulia,2018,MANBAZAR-II,ANKROBARAKADAM,False,UR,False,,not_named,,"No. 95(170)/Panch' Elec./Prl', dated 06/03/2018 (one file per block)",,,,"doi:10.7910/DVN/ZHF9WC datafile 10396546 (r3-all-2018.csv.gz, md5 fd3487254ae01b22b999d6425fa62309)"
West Bengal,Purulia,2018,MANBAZAR-II,BARGORIA-JAMTORIA,True,UR,True,BARGORIA-JAMTORIA,exact,matcher,"No. 95(170)/Panch' Elec./Prl', dated 06/03/2018 (one file per block)",1B_Pradhan_Manbazar-II.pdf,1.0,3.0,"doi:10.7910/DVN/ZHF9WC datafile 10396546 (r3-all-2018.csv.gz, md5 fd3487254ae01b22b999d6425fa62309)"
West Bengal,Purulia,2018,MANBAZAR-II,BARI-JAGDA,False,UR,False,,not_named,,"No. 95(170)/Panch' Elec./Prl', dated 06/03/2018 (one file per block)",,,,"doi:10.7910/DVN/ZHF9WC datafile 10396546 (r3-all-2018.csv.gz, md5 fd3487254ae01b22b999d6425fa62309)"
West Bengal,Purulia,2018,MANBAZAR-II,BOROJARAGARA,True,ST,True,BORO-JARAGORA,transliteration,matcher,"No. 95(170)/Panch' Elec./Prl', dated 06/03/2018 (one file per block)",1B_Pradhan_Manbazar-II.pdf,1.0,2.0,"doi:10.7910/DVN/ZHF9WC datafile 10396546 (r3-all-2018.csv.gz, md5 fd3487254ae01b22b999d6425fa62309)"
West Bengal,Purulia,2018,MANBAZAR-II,BURIBANDH,True,ST,True,BURIBANDH,exact,matcher,"No. 95(170)/Panch' Elec./Prl', dated 06/03/2018 (one file per block)",1B_Pradhan_Manbazar-II.pdf,1.0,4.0,"doi:10.7910/DVN/ZHF9WC datafile 10396546 (r3-all-2018.csv.gz, md5 fd3487254ae01b22b999d6425fa62309)"
West Bengal,Purulia,2018,MANBAZAR-II,DIGHI,True,UR,True,DIGHI,exact,matcher,"No. 95(170)/Panch' Elec./Prl', dated 06/03/2018 (one file per block)",1B_Pradhan_Manbazar-II.pdf,1.0,1.0,"doi:10.7910/DVN/ZHF9WC datafile 10396546 (r3-all-2018.csv.gz, md5 fd3487254ae01b22b999d6425fa62309)"
West Bengal,Purulia,2018,MANBAZAR-II,KUMARI,False,UR,False,,not_named,,"No. 95(170)/Panch' Elec./Prl', dated 06/03/2018 (one file per block)",,,,"doi:10.7910/DVN/ZHF9WC datafile 10396546 (r3-all-2018.csv.gz, md5 fd3487254ae01b22b999d6425fa62309)"
West Bengal,Purulia,2018,NETURIA,BHAMURIA,True,SC,True,BHAMURIA,exact,matcher,"No. 95(170)/Panch' Elec./Prl', dated 06/03/2018 (one file per block)",1B_Pradhan_Neturia.pdf,1.0,4.0,"doi:10.7910/DVN/ZHF9WC datafile 10396546 (r3-all-2018.csv.gz, md5 fd3487254ae01b22b999d6425fa62309)"
West Bengal,Purulia,2018,NETURIA,DIGHA,True,ST,False,DIGHA,exact,matcher,"No. 95(170)/Panch' Elec./Prl', dated 06/03/2018 (one file per block)",1B_Pradhan_Neturia.pdf,1.0,5.0,"doi:10.7910/DVN/ZHF9WC datafile 10396546 (r3-all-2018.csv.gz, md5 fd3487254ae01b22b999d6425fa62309)"
West Bengal,Purulia,2018,NETURIA,GUNIARA,True,ST,True,GUNIARA,exact,matcher,"No. 95(170)/Panch' Elec./Prl', dated 06/03/2018 (one file per block)",1B_Pradhan_Neturia.pdf,1.0,2.0,"doi:10.7910/DVN/ZHF9WC datafile 10396546 (r3-all-2018.csv.gz, md5 fd3487254ae01b22b999d6425fa62309)"
West Bengal,Purulia,2018,NETURIA,JANARDANDIH,True,UR,True,JANARDANDIH,exact,matcher,"No. 95(170)/Panch' Elec./Prl', dated 06/03/2018 (one file per block)",1B_Pradhan_Neturia.pdf,1.0,6.0,"doi:10.7910/DVN/ZHF9WC datafile 10396546 (r3-all-2018.csv.gz, md5 fd3487254ae01b22b999d6425fa62309)"
West Bengal,Purulia,2018,NETURIA,RAIBANDH,True,UR,True,RAIBANDH,exact,matcher,"No. 95(170)/Panch' Elec./Prl', dated 06/03/2018 (one file per block)",1B_Pradhan_Neturia.pdf,1.0,1.0,"doi:10.7910/DVN/ZHF9WC datafile 10396546 (r3-all-2018.csv.gz, md5 fd3487254ae01b22b999d6425fa62309)"
West Bengal,Purulia,2018,NETURIA,SALTORE,False,UR,False,,not_named,,"No. 95(170)/Panch' Elec./Prl', dated 06/03/2018 (one file per block)",,,,"doi:10.7910/DVN/ZHF9WC datafile 10396546 (r3-all-2018.csv.gz, md5 fd3487254ae01b22b999d6425fa62309)"
West Bengal,Purulia,2018,NETURIA,SARBARI,True,BC,False,SARBARI,exact,matcher,"No. 95(170)/Panch' Elec./Prl', dated 06/03/2018 (one file per block)",1B_Pradhan_Neturia.pdf,1.0,3.0,"doi:10.7910/DVN/ZHF9WC datafile 10396546 (r3-all-2018.csv.gz, md5 fd3487254ae01b22b999d6425fa62309)"
West Bengal,Purulia,2018,PARA,ANARA,True,BC,False,ANARA,exact,matcher,"No. 95(170)/Panch' Elec./Prl', dated 06/03/2018 (one file per block)",1B_Pradhan_Para.pdf,1.0,1.0,"doi:10.7910/DVN/ZHF9WC datafile 10396546 (r3-all-2018.csv.gz, md5 fd3487254ae01b22b999d6425fa62309)"
West Bengal,Purulia,2018,PARA,BAHARA,True,UR,True,BAHARA,exact,matcher,"No. 95(170)/Panch' Elec./Prl', dated 06/03/2018 (one file per block)",1B_Pradhan_Para.pdf,1.0,3.0,"doi:10.7910/DVN/ZHF9WC datafile 10396546 (r3-all-2018.csv.gz, md5 fd3487254ae01b22b999d6425fa62309)"
West Bengal,Purulia,2018,PARA,BOWRIDIH,False,UR,False,,not_named,,"No. 95(170)/Panch' Elec./Prl', dated 06/03/2018 (one file per block)",,,,"doi:10.7910/DVN/ZHF9WC datafile 10396546 (r3-all-2018.csv.gz, md5 fd3487254ae01b22b999d6425fa62309)"
West Bengal,Purulia,2018,PARA,DEOLI,True,SC,True,DEOLI,exact,matcher,"No. 95(170)/Panch' Elec./Prl', dated 06/03/2018 (one file per block)",1B_Pradhan_Para.pdf,1.0,2.0,"doi:10.7910/DVN/ZHF9WC datafile 10396546 (r3-all-2018.csv.gz, md5 fd3487254ae01b22b999d6425fa62309)"
West Bengal,Purulia,2018,PARA,DUBRA,False,UR,False,,not_named,,"No. 95(170)/Panch' Elec./Prl', dated 06/03/2018 (one file per block)",,,,"doi:10.7910/DVN/ZHF9WC datafile 10396546 (r3-all-2018.csv.gz, md5 fd3487254ae01b22b999d6425fa62309)"
West Bengal,Purulia,2018,PARA,JABARRAH-JHAPRA-I,True,SC,False,JABARRAH-JHAPRA-I,exact,matcher,"No. 95(170)/Panch' Elec./Prl', dated 06/03/2018 (one file per block)",1B_Pradhan_Para.pdf,1.0,6.0,"doi:10.7910/DVN/ZHF9WC datafile 10396546 (r3-all-2018.csv.gz, md5 fd3487254ae01b22b999d6425fa62309)"
West Bengal,Purulia,2018,PARA,JABARRAH-JHAPRA-II,True,ST,True,JABARRAH-JHAPRA-II,exact,matcher,"No. 95(170)/Panch' Elec./Prl', dated 06/03/2018 (one file per block)",1B_Pradhan_Para.pdf,1.0,7.0,"doi:10.7910/DVN/ZHF9WC datafile 10396546 (r3-all-2018.csv.gz, md5 fd3487254ae01b22b999d6425fa62309)"
West Bengal,Purulia,2018,PARA,NADIHASURULIA,False,UR,False,,not_named,,"No. 95(170)/Panch' Elec./Prl', dated 06/03/2018 (one file per block)",,,,"doi:10.7910/DVN/ZHF9WC datafile 10396546 (r3-all-2018.csv.gz, md5 fd3487254ae01b22b999d6425fa62309)"
West Bengal,Purulia,2018,PARA,PARA,True,BC,False,PARA,exact,matcher,"No. 95(170)/Panch' Elec./Prl', dated 06/03/2018 (one file per block)",1B_Pradhan_Para.pdf,1.0,5.0,"doi:10.7910/DVN/ZHF9WC datafile 10396546 (r3-all-2018.csv.gz, md5 fd3487254ae01b22b999d6425fa62309)"
West Bengal,Purulia,2018,PARA,UDAYPUR-JOYNAGAR,True,UR,True,UDAYPUR-JOYNAGAR,exact,matcher,"No. 95(170)/Panch' Elec./Prl', dated 06/03/2018 (one file per block)",1B_Pradhan_Para.pdf,1.0,4.0,"doi:10.7910/DVN/ZHF9WC datafile 10396546 (r3-all-2018.csv.gz, md5 fd3487254ae01b22b999d6425fa62309)"
West Bengal,Purulia,2018,PUNCHA,BAGDA,True,ST,True,BAGDA,exact,matcher,"No. 95(170)/Panch' Elec./Prl', dated 06/03/2018 (one file per block)",1B_Pradhan_Puncha.pdf,1.0,6.0,"doi:10.7910/DVN/ZHF9WC datafile 10396546 (r3-all-2018.csv.gz, md5 fd3487254ae01b22b999d6425fa62309)"
West Bengal,Purulia,2018,PUNCHA,CHANDRA,False,UR,False,,not_named,,"No. 95(170)/Panch' Elec./Prl', dated 06/03/2018 (one file per block)",,,,"doi:10.7910/DVN/ZHF9WC datafile 10396546 (r3-all-2018.csv.gz, md5 fd3487254ae01b22b999d6425fa62309)"
West Bengal,Purulia,2018,PUNCHA,CHIRUDIHI,True,BC,True,CHHIRUDIH,transliteration,matcher,"No. 95(170)/Panch' Elec./Prl', dated 06/03/2018 (one file per block)",1B_Pradhan_Puncha.pdf,1.0,7.0,"doi:10.7910/DVN/ZHF9WC datafile 10396546 (r3-all-2018.csv.gz, md5 fd3487254ae01b22b999d6425fa62309)"
West Bengal,Purulia,2018,PUNCHA,JAMBAD,True,SC,False,JAMBAD,exact,matcher,"No. 95(170)/Panch' Elec./Prl', dated 06/03/2018 (one file per block)",1B_Pradhan_Puncha.pdf,1.0,4.0,"doi:10.7910/DVN/ZHF9WC datafile 10396546 (r3-all-2018.csv.gz, md5 fd3487254ae01b22b999d6425fa62309)"
West Bengal,Purulia,2018,PUNCHA,KENDA,True,UR,True,KENDA,exact,matcher,"No. 95(170)/Panch' Elec./Prl', dated 06/03/2018 (one file per block)",1B_Pradhan_Puncha.pdf,1.0,1.0,"doi:10.7910/DVN/ZHF9WC datafile 10396546 (r3-all-2018.csv.gz, md5 fd3487254ae01b22b999d6425fa62309)"
West Bengal,Purulia,2018,PUNCHA,LAKHRA,True,ST,False,LAKHRA,exact,matcher,"No. 95(170)/Panch' Elec./Prl', dated 06/03/2018 (one file per block)",1B_Pradhan_Puncha.pdf,1.0,8.0,"doi:10.7910/DVN/ZHF9WC datafile 10396546 (r3-all-2018.csv.gz, md5 fd3487254ae01b22b999d6425fa62309)"
West Bengal,Purulia,2018,PUNCHA,NAPARA,True,UR,True,NAPARA,exact,matcher,"No. 95(170)/Panch' Elec./Prl', dated 06/03/2018 (one file per block)",1B_Pradhan_Puncha.pdf,1.0,5.0,"doi:10.7910/DVN/ZHF9WC datafile 10396546 (r3-all-2018.csv.gz, md5 fd3487254ae01b22b999d6425fa62309)"
West Bengal,Purulia,2018,PUNCHA,PANIPATHAR,True,ST,True,PANIPATHAR,exact,matcher,"No. 95(170)/Panch' Elec./Prl', dated 06/03/2018 (one file per block)",1B_Pradhan_Puncha.pdf,1.0,2.0,"doi:10.7910/DVN/ZHF9WC datafile 10396546 (r3-all-2018.csv.gz, md5 fd3487254ae01b22b999d6425fa62309)"
West Bengal,Purulia,2018,PUNCHA,PIRRAH,True,ST,False,PIRRAH,exact,matcher,"No. 95(170)/Panch' Elec./Prl', dated 06/03/2018 (one file per block)",1B_Pradhan_Puncha.pdf,1.0,3.0,"doi:10.7910/DVN/ZHF9WC datafile 10396546 (r3-all-2018.csv.gz, md5 fd3487254ae01b22b999d6425fa62309)"
West Bengal,Purulia,2018,PUNCHA,PUNCHA,False,UR,False,,not_named,,"No. 95(170)/Panch' Elec./Prl', dated 06/03/2018 (one file per block)",,,,"doi:10.7910/DVN/ZHF9WC datafile 10396546 (r3-all-2018.csv.gz, md5 fd3487254ae01b22b999d6425fa62309)"
West Bengal,Purulia,2018,PURULIA-I,BHANDARPUARA-CHIPIDA,True,ST,False,BHANDARPUARA-CHIPIDA,exact,matcher,"No. 95(170)/Panch' Elec./Prl', dated 06/03/2018 (one file per block)",1B_Pradhan_Purulia-I.pdf,1.0,6.0,"doi:10.7910/DVN/ZHF9WC datafile 10396546 (r3-all-2018.csv.gz, md5 fd3487254ae01b22b999d6425fa62309)"
West Bengal,Purulia,2018,PURULIA-I,CHAKALTORE,False,UR,False,,not_named,,"No. 95(170)/Panch' Elec./Prl', dated 06/03/2018 (one file per block)",,,,"doi:10.7910/DVN/ZHF9WC datafile 10396546 (r3-all-2018.csv.gz, md5 fd3487254ae01b22b999d6425fa62309)"
West Bengal,Purulia,2018,PURULIA-I,DIMDIHA,True,UR,True,DIMDIHA,exact,matcher,"No. 95(170)/Panch' Elec./Prl', dated 06/03/2018 (one file per block)",1B_Pradhan_Purulia-I.pdf,1.0,2.0,"doi:10.7910/DVN/ZHF9WC datafile 10396546 (r3-all-2018.csv.gz, md5 fd3487254ae01b22b999d6425fa62309)"
West Bengal,Purulia,2018,PURULIA-I,DURKU,True,BC,True,DURKU,exact,matcher,"No. 95(170)/Panch' Elec./Prl', dated 06/03/2018 (one file per block)",1B_Pradhan_Purulia-I.pdf,1.0,5.0,"doi:10.7910/DVN/ZHF9WC datafile 10396546 (r3-all-2018.csv.gz, md5 fd3487254ae01b22b999d6425fa62309)"
West Bengal,Purulia,2018,PURULIA-I,GARAFUSRA,True,BC,True,GARAPHUSRA,transliteration,matcher,"No. 95(170)/Panch' Elec./Prl', dated 06/03/2018 (one file per block)",1B_Pradhan_Purulia-I.pdf,1.0,1.0,"doi:10.7910/DVN/ZHF9WC datafile 10396546 (r3-all-2018.csv.gz, md5 fd3487254ae01b22b999d6425fa62309)"
West Bengal,Purulia,2018,PURULIA-I,LAGDA,True,BC,True,LAGDA,exact,matcher,"No. 95(170)/Panch' Elec./Prl', dated 06/03/2018 (one file per block)",1B_Pradhan_Purulia-I.pdf,1.0,3.0,"doi:10.7910/DVN/ZHF9WC datafile 10396546 (r3-all-2018.csv.gz, md5 fd3487254ae01b22b999d6425fa62309)"
West Bengal,Purulia,2018,PURULIA-I,MANARA,True,UR,True,MANARA,exact,matcher,"No. 95(170)/Panch' Elec./Prl', dated 06/03/2018 (one file per block)",1B_Pradhan_Purulia-I.pdf,1.0,7.0,"doi:10.7910/DVN/ZHF9WC datafile 10396546 (r3-all-2018.csv.gz, md5 fd3487254ae01b22b999d6425fa62309)"
West Bengal,Purulia,2018,PURULIA-I,SONAIJURI,True,SC,False,SONAIJURI,exact,matcher,"No. 95(170)/Panch' Elec./Prl', dated 06/03/2018 (one file per block)",1B_Pradhan_Purulia-I.pdf,1.0,4.0,"doi:10.7910/DVN/ZHF9WC datafile 10396546 (r3-all-2018.csv.gz, md5 fd3487254ae01b22b999d6425fa62309)"
West Bengal,Purulia,2018,PURULIA-II,AGOYA-NARRA,True,UR,True,AGAYA-NARRAH,transliteration,matcher,"No. 95(170)/Panch' Elec./Prl', dated 06/03/2018 (one file per block)",1B_Pradhan_Purulia-II.pdf,1.0,3.0,"doi:10.7910/DVN/ZHF9WC datafile 10396546 (r3-all-2018.csv.gz, md5 fd3487254ae01b22b999d6425fa62309)"
West Bengal,Purulia,2018,PURULIA-II,BELMA,False,UR,False,,not_named,,"No. 95(170)/Panch' Elec./Prl', dated 06/03/2018 (one file per block)",,,,"doi:10.7910/DVN/ZHF9WC datafile 10396546 (r3-all-2018.csv.gz, md5 fd3487254ae01b22b999d6425fa62309)"
West Bengal,Purulia,2018,PURULIA-II,BHANGRA,True,SC,True,BHANGRA,exact,matcher,"No. 95(170)/Panch' Elec./Prl', dated 06/03/2018 (one file per block)",1B_Pradhan_Purulia-II.pdf,1.0,4.0,"doi:10.7910/DVN/ZHF9WC datafile 10396546 (r3-all-2018.csv.gz, md5 fd3487254ae01b22b999d6425fa62309)"
West Bengal,Purulia,2018,PURULIA-II,CHHARRADUMDUMI,True,UR,True,CHHARRAH-DUMDUMI,transliteration,matcher,"No. 95(170)/Panch' Elec./Prl', dated 06/03/2018 (one file per block)",1B_Pradhan_Purulia-II.pdf,1.0,2.0,"doi:10.7910/DVN/ZHF9WC datafile 10396546 (r3-all-2018.csv.gz, md5 fd3487254ae01b22b999d6425fa62309)"
West Bengal,Purulia,2018,PURULIA-II,GHONGA,True,SC,True,GHONGA,exact,matcher,"No. 95(170)/Panch' Elec./Prl', dated 06/03/2018 (one file per block)",1B_Pradhan_Purulia-II.pdf,1.0,1.0,"doi:10.7910/DVN/ZHF9WC datafile 10396546 (r3-all-2018.csv.gz, md5 fd3487254ae01b22b999d6425fa62309)"
West Bengal,Purulia,2018,PURULIA-II,GOLAMARA,False,UR,False,,not_named,,"No. 95(170)/Panch' Elec./Prl', dated 06/03/2018 (one file per block)",,,,"doi:10.7910/DVN/ZHF9WC datafile 10396546 (r3-all-2018.csv.gz, md5 fd3487254ae01b22b999d6425fa62309)"
West Bengal,Purulia,2018,PURULIA-II,HUTMURA,False,UR,False,,not_named,,"No. 95(170)/Panch' Elec./Prl', dated 06/03/2018 (one file per block)",,,,"doi:10.7910/DVN/ZHF9WC datafile 10396546 (r3-all-2018.csv.gz, md5 fd3487254ae01b22b999d6425fa62309)"
West Bengal,Purulia,2018,PURULIA-II,PINDRA,False,UR,False,,not_named,,"No. 95(170)/Panch' Elec./Prl', dated 06/03/2018 (one file per block)",,,,"doi:10.7910/DVN/ZHF9WC datafile 10396546 (r3-all-2018.csv.gz, md5 fd3487254ae01b22b999d6425fa62309)"
West Bengal,Purulia,2018,PURULIA-II,RAGHABPUR,True,UR,True,RAGHABPUR,exact,matcher,"No. 95(170)/Panch' Elec./Prl', dated 06/03/2018 (one file per block)",1B_Pradhan_Purulia-II.pdf,1.0,5.0,"doi:10.7910/DVN/ZHF9WC datafile 10396546 (r3-all-2018.csv.gz, md5 fd3487254ae01b22b999d6425fa62309)"
West Bengal,Purulia,2018,RAGHUNATH PUR-I,ARRAH,True,BC,True,ARRAH,exact,matcher,"No. 95(170)/Panch' Elec./Prl', dated 06/03/2018 (one file per block)",1B_Pradhan_Raghunathpur-I.pdf,1.0,4.0,"doi:10.7910/DVN/ZHF9WC datafile 10396546 (r3-all-2018.csv.gz, md5 fd3487254ae01b22b999d6425fa62309)"
West Bengal,Purulia,2018,RAGHUNATH PUR-I,BABUGRAM,True,SC,True,BABUGRAM,exact,matcher,"No. 95(170)/Panch' Elec./Prl', dated 06/03/2018 (one file per block)",1B_Pradhan_Raghunathpur-I.pdf,1.0,3.0,"doi:10.7910/DVN/ZHF9WC datafile 10396546 (r3-all-2018.csv.gz, md5 fd3487254ae01b22b999d6425fa62309)"
West Bengal,Purulia,2018,RAGHUNATH PUR-I,BERO,True,UR,True,BERO,exact,matcher,"No. 95(170)/Panch' Elec./Prl', dated 06/03/2018 (one file per block)",1B_Pradhan_Raghunathpur-I.pdf,1.0,1.0,"doi:10.7910/DVN/ZHF9WC datafile 10396546 (r3-all-2018.csv.gz, md5 fd3487254ae01b22b999d6425fa62309)"
West Bengal,Purulia,2018,RAGHUNATH PUR-I,CHORPAHARI,True,ST,False,CHORPAHARI,exact,matcher,"No. 95(170)/Panch' Elec./Prl', dated 06/03/2018 (one file per block)",1B_Pradhan_Raghunathpur-I.pdf,1.0,5.0,"doi:10.7910/DVN/ZHF9WC datafile 10396546 (r3-all-2018.csv.gz, md5 fd3487254ae01b22b999d6425fa62309)"
West Bengal,Purulia,2018,RAGHUNATH PUR-I,KHAJURA,False,UR,False,,not_named,,"No. 95(170)/Panch' Elec./Prl', dated 06/03/2018 (one file per block)",,,,"doi:10.7910/DVN/ZHF9WC datafile 10396546 (r3-all-2018.csv.gz, md5 fd3487254ae01b22b999d6425fa62309)"
West Bengal,Purulia,2018,RAGHUNATH PUR-I,NUTANDI,True,UR,True,NATUNDIH,transliteration,override,"No. 95(170)/Panch' Elec./Prl', dated 06/03/2018 (one file per block)",1B_Pradhan_Raghunathpur-I.pdf,1.0,2.0,"doi:10.7910/DVN/ZHF9WC datafile 10396546 (r3-all-2018.csv.gz, md5 fd3487254ae01b22b999d6425fa62309)"
West Bengal,Purulia,2018,RAGHUNATH PUR-I,SANKA,False,UR,False,,not_named,,"No. 95(170)/Panch' Elec./Prl', dated 06/03/2018 (one file per block)",,,,"doi:10.7910/DVN/ZHF9WC datafile 10396546 (r3-all-2018.csv.gz, md5 fd3487254ae01b22b999d6425fa62309)"
West Bengal,Purulia,2018,RAGHUNATHPUR-II,BARRAH,True,SC,True,BARRAH,exact,matcher,"No. 95(170)/Panch' Elec./Prl', dated 06/03/2018 (one file per block)",1B_Pradhan_Raghunathpur-II.pdf,1.0,2.0,"doi:10.7910/DVN/ZHF9WC datafile 10396546 (r3-all-2018.csv.gz, md5 fd3487254ae01b22b999d6425fa62309)"
West Bengal,Purulia,2018,RAGHUNATHPUR-II,CHELIAMA,True,SC,False,CHELYAMA,transliteration,matcher,"No. 95(170)/Panch' Elec./Prl', dated 06/03/2018 (one file per block)",1B_Pradhan_Raghunathpur-II.pdf,1.0,1.0,"doi:10.7910/DVN/ZHF9WC datafile 10396546 (r3-all-2018.csv.gz, md5 fd3487254ae01b22b999d6425fa62309)"
West Bengal,Purulia,2018,RAGHUNATHPUR-II,JORADIH,False,UR,False,,not_named,,"No. 95(170)/Panch' Elec./Prl', dated 06/03/2018 (one file per block)",,,,"doi:10.7910/DVN/ZHF9WC datafile 10396546 (r3-all-2018.csv.gz, md5 fd3487254ae01b22b999d6425fa62309)"
West Bengal,Purulia,2018,RAGHUNATHPUR-II,MANGALDA-MAUTORE,False,UR,False,,not_named,,"No. 95(170)/Panch' Elec./Prl', dated 06/03/2018 (one file per block)",,,,"doi:10.7910/DVN/ZHF9WC datafile 10396546 (r3-all-2018.csv.gz, md5 fd3487254ae01b22b999d6425fa62309)"
West Bengal,Purulia,2018,RAGHUNATHPUR-II,NILDIH,True,UR,True,NILDIH,exact,matcher,"No. 95(170)/Panch' Elec./Prl', dated 06/03/2018 (one file per block)",1B_Pradhan_Raghunathpur-II.pdf,1.0,3.0,"doi:10.7910/DVN/ZHF9WC datafile 10396546 (r3-all-2018.csv.gz, md5 fd3487254ae01b22b999d6425fa62309)"
West Bengal,Purulia,2018,RAGHUNATHPUR-II,NUTANDIH,True,UR,True,NATUNDIH,transliteration,override,"No. 95(170)/Panch' Elec./Prl', dated 06/03/2018 (one file per block)",1B_Pradhan_Raghunathpur-II.pdf,1.0,4.0,"doi:10.7910/DVN/ZHF9WC datafile 10396546 (r3-all-2018.csv.gz, md5 fd3487254ae01b22b999d6425fa62309)"
West Bengal,Purulia,2018,SANTURI,BALITORA,False,UR,False,,not_named,,"No. 95(170)/Panch' Elec./Prl', dated 06/03/2018 (one file per block)",,,,"doi:10.7910/DVN/ZHF9WC datafile 10396546 (r3-all-2018.csv.gz, md5 fd3487254ae01b22b999d6425fa62309)"
West Bengal,Purulia,2018,SANTURI,GARSIKA,True,UR,True,GARSIKA,exact,matcher,"No. 95(170)/Panch' Elec./Prl', dated 06/03/2018 (one file per block)",1B_Pradhan_Santuri.pdf,1.0,3.0,"doi:10.7910/DVN/ZHF9WC datafile 10396546 (r3-all-2018.csv.gz, md5 fd3487254ae01b22b999d6425fa62309)"
West Bengal,Purulia,2018,SANTURI,MURADI,True,UR,True,MURADIH,transliteration,matcher,"No. 95(170)/Panch' Elec./Prl', dated 06/03/2018 (one file per block)",1B_Pradhan_Santuri.pdf,1.0,1.0,"doi:10.7910/DVN/ZHF9WC datafile 10396546 (r3-all-2018.csv.gz, md5 fd3487254ae01b22b999d6425fa62309)"
West Bengal,Purulia,2018,SANTURI,RAMCHANDRAPUR-KOTALDI,False,UR,False,,not_named,,"No. 95(170)/Panch' Elec./Prl', dated 06/03/2018 (one file per block)",,,,"doi:10.7910/DVN/ZHF9WC datafile 10396546 (r3-all-2018.csv.gz, md5 fd3487254ae01b22b999d6425fa62309)"
West Bengal,Purulia,2018,SANTURI,SANTURI,True,SC,False,SANTURI,exact,matcher,"No. 95(170)/Panch' Elec./Prl', dated 06/03/2018 (one file per block)",1B_Pradhan_Santuri.pdf,1.0,2.0,"doi:10.7910/DVN/ZHF9WC datafile 10396546 (r3-all-2018.csv.gz, md5 fd3487254ae01b22b999d6425fa62309)"
West Bengal,Purulia,2018,SANTURI,TARABARI,False,UR,False,,not_named,,"No. 95(170)/Panch' Elec./Prl', dated 06/03/2018 (one file per block)",,,,"doi:10.7910/DVN/ZHF9WC datafile 10396546 (r3-all-2018.csv.gz, md5 fd3487254ae01b22b999d6425fa62309)"
West Bengal,Alipurduar,2018,ALIPURDUAR-I,BANCHUKAMARI,False,UR,False,,not_named,,"Form 1B, Offices of the Pradhan, signed 06/03/2018",,,,"doi:10.7910/DVN/ZHF9WC datafile 10396546 (r3-all-2018.csv.gz, md5 fd3487254ae01b22b999d6425fa62309)"
West Bengal,Alipurduar,2018,ALIPURDUAR-I,CHAKOWAKHETI,True,SC,True,CHAKOWAKHETI,exact,matcher,"Form 1B, Offices of the Pradhan, signed 06/03/2018",alipurduar_OfficeBearer_a3ef850d.pdf,5.0,27.0,"doi:10.7910/DVN/ZHF9WC datafile 10396546 (r3-all-2018.csv.gz, md5 fd3487254ae01b22b999d6425fa62309)"
West Bengal,Alipurduar,2018,ALIPURDUAR-I,MATHURA,False,UR,False,,not_named,,"Form 1B, Offices of the Pradhan, signed 06/03/2018",,,,"doi:10.7910/DVN/ZHF9WC datafile 10396546 (r3-all-2018.csv.gz, md5 fd3487254ae01b22b999d6425fa62309)"
West Bengal,Alipurduar,2018,ALIPURDUAR-I,PARORPAR,True,ST,False,PARORPAR,exact,matcher,"Form 1B, Offices of the Pradhan, signed 06/03/2018",alipurduar_OfficeBearer_a3ef850d.pdf,5.0,29.0,"doi:10.7910/DVN/ZHF9WC datafile 10396546 (r3-all-2018.csv.gz, md5 fd3487254ae01b22b999d6425fa62309)"
West Bengal,Alipurduar,2018,ALIPURDUAR-I,PATLAKHAWA,True,ST,False,PATLAKHAWA,exact,matcher,"Form 1B, Offices of the Pradhan, signed 06/03/2018",alipurduar_OfficeBearer_a3ef850d.pdf,5.0,26.0,"doi:10.7910/DVN/ZHF9WC datafile 10396546 (r3-all-2018.csv.gz, md5 fd3487254ae01b22b999d6425fa62309)"
West Bengal,Alipurduar,2018,ALIPURDUAR-I,PURBA KANTHALBARI,True,SC,True,PURBA KANTHALBARI,exact,matcher,"Form 1B, Offices of the Pradhan, signed 06/03/2018",alipurduar_OfficeBearer_a3ef850d.pdf,6.0,43.0,"doi:10.7910/DVN/ZHF9WC datafile 10396546 (r3-all-2018.csv.gz, md5 fd3487254ae01b22b999d6425fa62309)"
West Bengal,Alipurduar,2018,ALIPURDUAR-I,SALKUMAR-I,True,ST,False,SHALKUMAR-I,transliteration,matcher,"Form 1B, Offices of the Pradhan, signed 06/03/2018",alipurduar_OfficeBearer_a3ef850d.pdf,5.0,24.0,"doi:10.7910/DVN/ZHF9WC datafile 10396546 (r3-all-2018.csv.gz, md5 fd3487254ae01b22b999d6425fa62309)"
West Bengal,Alipurduar,2018,ALIPURDUAR-I,SALKUMAR-II,True,SC,True,SHALKUMAR-II,transliteration,matcher,"Form 1B, Offices of the Pradhan, signed 06/03/2018",alipurduar_OfficeBearer_a3ef850d.pdf,5.0,25.0,"doi:10.7910/DVN/ZHF9WC datafile 10396546 (r3-all-2018.csv.gz, md5 fd3487254ae01b22b999d6425fa62309)"
West Bengal,Alipurduar,2018,ALIPURDUAR-I,TAPSIKHATA,True,UR,True,TAPSIKHATA,exact,matcher,"Form 1B, Offices of the Pradhan, signed 06/03/2018",alipurduar_OfficeBearer_a3ef850d.pdf,5.0,28.0,"doi:10.7910/DVN/ZHF9WC datafile 10396546 (r3-all-2018.csv.gz, md5 fd3487254ae01b22b999d6425fa62309)"
West Bengal,Alipurduar,2018,ALIPURDUAR-I,VIVEKANADA-I,True,UR,True,VIVEKANANDA-I,transliteration,matcher,"Form 1B, Offices of the Pradhan, signed 06/03/2018",alipurduar_OfficeBearer_a3ef850d.pdf,5.0,31.0,"doi:10.7910/DVN/ZHF9WC datafile 10396546 (r3-all-2018.csv.gz, md5 fd3487254ae01b22b999d6425fa62309)"
West Bengal,Alipurduar,2018,ALIPURDUAR-I,VIVEKANADA-II,True,ST,True,VIVEKANANDA-II,transliteration,matcher,"Form 1B, Offices of the Pradhan, signed 06/03/2018",alipurduar_OfficeBearer_a3ef850d.pdf,5.0,30.0,"doi:10.7910/DVN/ZHF9WC datafile 10396546 (r3-all-2018.csv.gz, md5 fd3487254ae01b22b999d6425fa62309)"
West Bengal,Alipurduar,2018,ALIPURDUAR-II,BHATIBARI,True,SC,True,BHATIBARI,exact,matcher,"Form 1B, Offices of the Pradhan, signed 06/03/2018",alipurduar_OfficeBearer_a3ef850d.pdf,5.0,13.0,"doi:10.7910/DVN/ZHF9WC datafile 10396546 (r3-all-2018.csv.gz, md5 fd3487254ae01b22b999d6425fa62309)"
West Bengal,Alipurduar,2018,ALIPURDUAR-II,CHAPORER PAR-I,False,UR,False,,not_named,,"Form 1B, Offices of the Pradhan, signed 06/03/2018",,,,"doi:10.7910/DVN/ZHF9WC datafile 10396546 (r3-all-2018.csv.gz, md5 fd3487254ae01b22b999d6425fa62309)"
West Bengal,Alipurduar,2018,ALIPURDUAR-II,CHAPORER PAR-II,True,SC,True,CHAPORER PAR-II,exact,matcher,"Form 1B, Offices of the Pradhan, signed 06/03/2018",alipurduar_OfficeBearer_a3ef850d.pdf,5.0,33.0,"doi:10.7910/DVN/ZHF9WC datafile 10396546 (r3-all-2018.csv.gz, md5 fd3487254ae01b22b999d6425fa62309)"
West Bengal,Alipurduar,2018,ALIPURDUAR-II,KOHINOOR,True,UR,True,KOHINOOR,exact,matcher,"Form 1B, Offices of the Pradhan, signed 06/03/2018",alipurduar_OfficeBearer_a3ef850d.pdf,5.0,11.0,"doi:10.7910/DVN/ZHF9WC datafile 10396546 (r3-all-2018.csv.gz, md5 fd3487254ae01b22b999d6425fa62309)"
West Bengal,Alipurduar,2018,ALIPURDUAR-II,MAHAKALGURI,True,SC,False,MAHAKALGURI,exact,matcher,"Form 1B, Offices of the Pradhan, signed 06/03/2018",alipurduar_OfficeBearer_a3ef850d.pdf,5.0,12.0,"doi:10.7910/DVN/ZHF9WC datafile 10396546 (r3-all-2018.csv.gz, md5 fd3487254ae01b22b999d6425fa62309)"
West Bengal,Alipurduar,2018,ALIPURDUAR-II,MAJHERDABRI,True,SC,True,MAJHERDABRI,exact,matcher,"Form 1B, Offices of the Pradhan, signed 06/03/2018",alipurduar_OfficeBearer_a3ef850d.pdf,5.0,23.0,"doi:10.7910/DVN/ZHF9WC datafile 10396546 (r3-all-2018.csv.gz, md5 fd3487254ae01b22b999d6425fa62309)"
West Bengal,Alipurduar,2018,ALIPURDUAR-II,PAROKATA,True,UR,True,PAROKATA,exact,matcher,"Form 1B, Offices of the Pradhan, signed 06/03/2018",alipurduar_OfficeBearer_a3ef850d.pdf,5.0,14.0,"doi:10.7910/DVN/ZHF9WC datafile 10396546 (r3-all-2018.csv.gz, md5 fd3487254ae01b22b999d6425fa62309)"
West Bengal,Alipurduar,2018,ALIPURDUAR-II,SAMUKTALA,False,UR,False,,not_named,,"Form 1B, Offices of the Pradhan, signed 06/03/2018",,,,"doi:10.7910/DVN/ZHF9WC datafile 10396546 (r3-all-2018.csv.gz, md5 fd3487254ae01b22b999d6425fa62309)"
West Bengal,Alipurduar,2018,ALIPURDUAR-II,TATPARA-I,False,UR,False,,not_named,,"Form 1B, Offices of the Pradhan, signed 06/03/2018",,,,"doi:10.7910/DVN/ZHF9WC datafile 10396546 (r3-all-2018.csv.gz, md5 fd3487254ae01b22b999d6425fa62309)"
West Bengal,Alipurduar,2018,ALIPURDUAR-II,TATPARA-II,True,SC,False,TATPARA-II,exact,matcher,"Form 1B, Offices of the Pradhan, signed 06/03/2018",alipurduar_OfficeBearer_a3ef850d.pdf,5.0,32.0,"doi:10.7910/DVN/ZHF9WC datafile 10396546 (r3-all-2018.csv.gz, md5 fd3487254ae01b22b999d6425fa62309)"
West Bengal,Alipurduar,2018,ALIPURDUAR-II,TURTURI,True,UR,True,TURTURI,exact,matcher,"Form 1B, Offices of the Pradhan, signed 06/03/2018",alipurduar_OfficeBearer_a3ef850d.pdf,5.0,10.0,"doi:10.7910/DVN/ZHF9WC datafile 10396546 (r3-all-2018.csv.gz, md5 fd3487254ae01b22b999d6425fa62309)"
West Bengal,Alipurduar,2018,FALAKATA,DALGAON,False,UR,False,,not_named,,"Form 1B, Offices of the Pradhan, signed 06/03/2018",,,,"doi:10.7910/DVN/ZHF9WC datafile 10396546 (r3-all-2018.csv.gz, md5 fd3487254ae01b22b999d6425fa62309)"
West Bengal,Alipurduar,2018,FALAKATA,DEOGAON,True,UR,True,DEOGAON,exact,matcher,"Form 1B, Offices of the Pradhan, signed 06/03/2018",alipurduar_OfficeBearer_a3ef850d.pdf,5.0,37.0,"doi:10.7910/DVN/ZHF9WC datafile 10396546 (r3-all-2018.csv.gz, md5 fd3487254ae01b22b999d6425fa62309)"
West Bengal,Alipurduar,2018,FALAKATA,DHANIRAMPUR-I,True,UR,True,DHANIRAMPUR-I,exact,matcher,"Form 1B, Offices of the Pradhan, signed 06/03/2018",alipurduar_OfficeBearer_a3ef850d.pdf,5.0,34.0,"doi:10.7910/DVN/ZHF9WC datafile 10396546 (r3-all-2018.csv.gz, md5 fd3487254ae01b22b999d6425fa62309)"
West Bengal,Alipurduar,2018,FALAKATA,DHANIRAMPUR-II,True,SC,False,DHANIRAMPUR-II,exact,matcher,"Form 1B, Offices of the Pradhan, signed 06/03/2018",alipurduar_OfficeBearer_a3ef850d.pdf,5.0,35.0,"doi:10.7910/DVN/ZHF9WC datafile 10396546 (r3-all-2018.csv.gz, md5 fd3487254ae01b22b999d6425fa62309)"
West Bengal,Alipurduar,2018,FALAKATA,FALAKATA-I,False,UR,False,,not_named,,"Form 1B, Offices of the Pradhan, signed 06/03/2018",,,,"doi:10.7910/DVN/ZHF9WC datafile 10396546 (r3-all-2018.csv.gz, md5 fd3487254ae01b22b999d6425fa62309)"
West Bengal,Alipurduar,2018,FALAKATA,FALAKATA-II,True,UR,True,FALAKATA-II,exact,matcher,"Form 1B, Offices of the Pradhan, signed 06/03/2018",alipurduar_OfficeBearer_a3ef850d.pdf,6.0,42.0,"doi:10.7910/DVN/ZHF9WC datafile 10396546 (r3-all-2018.csv.gz, md5 fd3487254ae01b22b999d6425fa62309)"
West Bengal,Alipurduar,2018,FALAKATA,GUABARNAGAR,True,SC,False,GUABARNAGAR,exact,matcher,"Form 1B, Offices of the Pradhan, signed 06/03/2018",alipurduar_OfficeBearer_a3ef850d.pdf,5.0,40.0,"doi:10.7910/DVN/ZHF9WC datafile 10396546 (r3-all-2018.csv.gz, md5 fd3487254ae01b22b999d6425fa62309)"
West Bengal,Alipurduar,2018,FALAKATA,JATESWAR-I,True,ST,True,JATESWAR-I,exact,matcher,"Form 1B, Offices of the Pradhan, signed 06/03/2018",alipurduar_OfficeBearer_a3ef850d.pdf,5.0,36.0,"doi:10.7910/DVN/ZHF9WC datafile 10396546 (r3-all-2018.csv.gz, md5 fd3487254ae01b22b999d6425fa62309)"
West Bengal,Alipurduar,2018,FALAKATA,JATESWAR-II,False,UR,False,,not_named,,"Form 1B, Offices of the Pradhan, signed 06/03/2018",,,,"doi:10.7910/DVN/ZHF9WC datafile 10396546 (r3-all-2018.csv.gz, md5 fd3487254ae01b22b999d6425fa62309)"
West Bengal,Alipurduar,2018,FALAKATA,MAIRADANGA,True,SC,True,MAIRADANGA,exact,matcher,"Form 1B, Offices of the Pradhan, signed 06/03/2018",alipurduar_OfficeBearer_a3ef850d.pdf,5.0,39.0,"doi:10.7910/DVN/ZHF9WC datafile 10396546 (r3-all-2018.csv.gz, md5 fd3487254ae01b22b999d6425fa62309)"
West Bengal,Alipurduar,2018,FALAKATA,PARANGERPAR,True,UR,True,PARANGERPAR,exact,matcher,"Form 1B, Offices of the Pradhan, signed 06/03/2018",alipurduar_OfficeBearer_a3ef850d.pdf,6.0,41.0,"doi:10.7910/DVN/ZHF9WC datafile 10396546 (r3-all-2018.csv.gz, md5 fd3487254ae01b22b999d6425fa62309)"
West Bengal,Alipurduar,2018,FALAKATA,SALKUMAR,True,ST,False,SHALKUMAR,transliteration,matcher,"Form 1B, Offices of the Pradhan, signed 06/03/2018",alipurduar_OfficeBearer_a3ef850d.pdf,5.0,38.0,"doi:10.7910/DVN/ZHF9WC datafile 10396546 (r3-all-2018.csv.gz, md5 fd3487254ae01b22b999d6425fa62309)"
West Bengal,Alipurduar,2018,KALCHINI,CHUAPARA,True,UR,True,CHUAPARA,exact,matcher,"Form 1B, Offices of the Pradhan, signed 06/03/2018",alipurduar_OfficeBearer_a3ef850d.pdf,5.0,17.0,"doi:10.7910/DVN/ZHF9WC datafile 10396546 (r3-all-2018.csv.gz, md5 fd3487254ae01b22b999d6425fa62309)"
West Bengal,Alipurduar,2018,KALCHINI,DALSINGPARA,True,ST,True,DALSING PARA,exact,matcher,"Form 1B, Offices of the Pradhan, signed 06/03/2018",alipurduar_OfficeBearer_a3ef850d.pdf,5.0,16.0,"doi:10.7910/DVN/ZHF9WC datafile 10396546 (r3-all-2018.csv.gz, md5 fd3487254ae01b22b999d6425fa62309)"
West Bengal,Alipurduar,2018,KALCHINI,GAROPARA,True,UR,True,GAROPARA,exact,matcher,"Form 1B, Offices of the Pradhan, signed 06/03/2018",alipurduar_OfficeBearer_a3ef850d.pdf,5.0,20.0,"doi:10.7910/DVN/ZHF9WC datafile 10396546 (r3-all-2018.csv.gz, md5 fd3487254ae01b22b999d6425fa62309)"
West Bengal,Alipurduar,2018,KALCHINI,JAIGAON-I,False,UR,False,,not_named,,"Form 1B, Offices of the Pradhan, signed 06/03/2018",,,,"doi:10.7910/DVN/ZHF9WC datafile 10396546 (r3-all-2018.csv.gz, md5 fd3487254ae01b22b999d6425fa62309)"
West Bengal,Alipurduar,2018,KALCHINI,JAIGAON-II,True,ST,False,JAIGAON-II,exact,matcher,"Form 1B, Offices of the Pradhan, signed 06/03/2018",alipurduar_OfficeBearer_a3ef850d.pdf,5.0,15.0,"doi:10.7910/DVN/ZHF9WC datafile 10396546 (r3-all-2018.csv.gz, md5 fd3487254ae01b22b999d6425fa62309)"
West Bengal,Alipurduar,2018,KALCHINI,KALCHINI,True,ST,True,KALCHINI,exact,matcher,"Form 1B, Offices of the Pradhan, signed 06/03/2018",alipurduar_OfficeBearer_a3ef850d.pdf,5.0,19.0,"doi:10.7910/DVN/ZHF9WC datafile 10396546 (r3-all-2018.csv.gz, md5 fd3487254ae01b22b999d6425fa62309)"
West Bengal,Alipurduar,2018,KALCHINI,LATABARI,False,UR,False,,not_named,,"Form 1B, Offices of the Pradhan, signed 06/03/2018",,,,"doi:10.7910/DVN/ZHF9WC datafile 10396546 (r3-all-2018.csv.gz, md5 fd3487254ae01b22b999d6425fa62309)"
West Bengal,Alipurduar,2018,KALCHINI,MALANGI,True,SC,False,MALANGI,exact,matcher,"Form 1B, Offices of the Pradhan, signed 06/03/2018",alipurduar_OfficeBearer_a3ef850d.pdf,5.0,18.0,"doi:10.7910/DVN/ZHF9WC datafile 10396546 (r3-all-2018.csv.gz, md5 fd3487254ae01b22b999d6425fa62309)"
West Bengal,Alipurduar,2018,KALCHINI,MENDABARI,True,ST,False,MENDABARI,exact,matcher,"Form 1B, Offices of the Pradhan, signed 06/03/2018",alipurduar_OfficeBearer_a3ef850d.pdf,5.0,21.0,"doi:10.7910/DVN/ZHF9WC datafile 10396546 (r3-all-2018.csv.gz, md5 fd3487254ae01b22b999d6425fa62309)"
West Bengal,Alipurduar,2018,KALCHINI,RAJABHATKHAOA,True,UR,True,RAJABHATKHAOA,exact,matcher,"Form 1B, Offices of the Pradhan, signed 06/03/2018",alipurduar_OfficeBearer_a3ef850d.pdf,5.0,22.0,"doi:10.7910/DVN/ZHF9WC datafile 10396546 (r3-all-2018.csv.gz, md5 fd3487254ae01b22b999d6425fa62309)"
West Bengal,Alipurduar,2018,KALCHINI,SATALI,False,UR,False,,not_named,,"Form 1B, Offices of the Pradhan, signed 06/03/2018",,,,"doi:10.7910/DVN/ZHF9WC datafile 10396546 (r3-all-2018.csv.gz, md5 fd3487254ae01b22b999d6425fa62309)"
West Bengal,Alipurduar,2018,KUMARGRAM,CHENGMARI,True,SC,False,CHENGMARI,exact,matcher,"Form 1B, Offices of the Pradhan, signed 06/03/2018",alipurduar_OfficeBearer_a3ef850d.pdf,5.0,4.0,"doi:10.7910/DVN/ZHF9WC datafile 10396546 (r3-all-2018.csv.gz, md5 fd3487254ae01b22b999d6425fa62309)"
West Bengal,Alipurduar,2018,KUMARGRAM,KAMAKHYAGURI-I,True,ST,False,KAMAKHYAGURI - I,exact,matcher,"Form 1B, Offices of the Pradhan, signed 06/03/2018",alipurduar_OfficeBearer_a3ef850d.pdf,5.0,8.0,"doi:10.7910/DVN/ZHF9WC datafile 10396546 (r3-all-2018.csv.gz, md5 fd3487254ae01b22b999d6425fa62309)"
West Bengal,Alipurduar,2018,KUMARGRAM,KAMAKHYAGURI-II,True,SC,True,KAMAKHYAGURI - II,exact,matcher,"Form 1B, Offices of the Pradhan, signed 06/03/2018",alipurduar_OfficeBearer_a3ef850d.pdf,5.0,9.0,"doi:10.7910/DVN/ZHF9WC datafile 10396546 (r3-all-2018.csv.gz, md5 fd3487254ae01b22b999d6425fa62309)"
West Bengal,Alipurduar,2018,KUMARGRAM,KHOARDANGA-I,False,UR,False,,not_named,,"Form 1B, Offices of the Pradhan, signed 06/03/2018",,,,"doi:10.7910/DVN/ZHF9WC datafile 10396546 (r3-all-2018.csv.gz, md5 fd3487254ae01b22b999d6425fa62309)"
West Bengal,Alipurduar,2018,KUMARGRAM,KHOARDANGA-II,True,SC,True,KHOARDANGA - II,exact,matcher,"Form 1B, Offices of the Pradhan, signed 06/03/2018",alipurduar_OfficeBearer_a3ef850d.pdf,5.0,7.0,"doi:10.7910/DVN/ZHF9WC datafile 10396546 (r3-all-2018.csv.gz, md5 fd3487254ae01b22b999d6425fa62309)"
West Bengal,Alipurduar,2018,KUMARGRAM,KUMARGRAM,False,UR,False,,not_named,,"Form 1B, Offices of the Pradhan, signed 06/03/2018",,,,"doi:10.7910/DVN/ZHF9WC datafile 10396546 (r3-all-2018.csv.gz, md5 fd3487254ae01b22b999d6425fa62309)"
West Bengal,Alipurduar,2018,KUMARGRAM,NEWLAND KUMARGRAM SANKOS,True,SC,False,NEWLANDS KUMARGRAM SANKOSH,fuzzy,matcher,"Form 1B, Offices of the Pradhan, signed 06/03/2018",alipurduar_OfficeBearer_a3ef850d.pdf,5.0,3.0,"doi:10.7910/DVN/ZHF9WC datafile 10396546 (r3-all-2018.csv.gz, md5 fd3487254ae01b22b999d6425fa62309)"
West Bengal,Alipurduar,2018,KUMARGRAM,RAIDAK,True,UR,True,RYDAK,transliteration,matcher,"Form 1B, Offices of the Pradhan, signed 06/03/2018",alipurduar_OfficeBearer_a3ef850d.pdf,5.0,2.0,"doi:10.7910/DVN/ZHF9WC datafile 10396546 (r3-all-2018.csv.gz, md5 fd3487254ae01b22b999d6425fa62309)"
West Bengal,Alipurduar,2018,KUMARGRAM,TURTURIKHANDA,True,UR,True,TURTURIKHANDA,exact,matcher,"Form 1B, Offices of the Pradhan, signed 06/03/2018",alipurduar_OfficeBearer_a3ef850d.pdf,5.0,1.0,"doi:10.7910/DVN/ZHF9WC datafile 10396546 (r3-all-2018.csv.gz, md5 fd3487254ae01b22b999d6425fa62309)"
West Bengal,Alipurduar,2018,KUMARGRAM,VALKA BARABISA-I,True,ST,True,VOLKA BAROBISHA - I,transliteration,matcher,"Form 1B, Offices of the Pradhan, signed 06/03/2018",alipurduar_OfficeBearer_a3ef850d.pdf,5.0,5.0,"doi:10.7910/DVN/ZHF9WC datafile 10396546 (r3-all-2018.csv.gz, md5 fd3487254ae01b22b999d6425fa62309)"
West Bengal,Alipurduar,2018,KUMARGRAM,VALKA BARABISA-II,True,UR,True,VOLKA BAROBISHA - II,transliteration,matcher,"Form 1B, Offices of the Pradhan, signed 06/03/2018",alipurduar_OfficeBearer_a3ef850d.pdf,5.0,6.0,"doi:10.7910/DVN/ZHF9WC datafile 10396546 (r3-all-2018.csv.gz, md5 fd3487254ae01b22b999d6425fa62309)"
West Bengal,Alipurduar,2018,MADARIHAT,BANDAPANI,False,UR,False,,not_named,,"Form 1B, Offices of the Pradhan, signed 06/03/2018",,,,"doi:10.7910/DVN/ZHF9WC datafile 10396546 (r3-all-2018.csv.gz, md5 fd3487254ae01b22b999d6425fa62309)"
West Bengal,Alipurduar,2018,MADARIHAT,BIRPARA-I,True,SC,False,BIRPARA-I,exact,matcher,"Form 1B, Offices of the Pradhan, signed 06/03/2018",alipurduar_OfficeBearer_a3ef850d.pdf,6.0,50.0,"doi:10.7910/DVN/ZHF9WC datafile 10396546 (r3-all-2018.csv.gz, md5 fd3487254ae01b22b999d6425fa62309)"
West Bengal,Alipurduar,2018,MADARIHAT,BIRPARA-II,True,ST,False,BIRPARA-II,exact,matcher,"Form 1B, Offices of the Pradhan, signed 06/03/2018",alipurduar_OfficeBearer_a3ef850d.pdf,6.0,44.0,"doi:10.7910/DVN/ZHF9WC datafile 10396546 (r3-all-2018.csv.gz, md5 fd3487254ae01b22b999d6425fa62309)"
West Bengal,Alipurduar,2018,MADARIHAT,HANTAPARA,True,UR,True,HANTAPARA,exact,matcher,"Form 1B, Offices of the Pradhan, signed 06/03/2018",alipurduar_OfficeBearer_a3ef850d.pdf,6.0,46.0,"doi:10.7910/DVN/ZHF9WC datafile 10396546 (r3-all-2018.csv.gz, md5 fd3487254ae01b22b999d6425fa62309)"
West Bengal,Alipurduar,2018,MADARIHAT,KHAYERBARI,True,SC,False,KHAYARBARI,transliteration,matcher,"Form 1B, Offices of the Pradhan, signed 06/03/2018",alipurduar_OfficeBearer_a3ef850d.pdf,6.0,48.0,"doi:10.7910/DVN/ZHF9WC datafile 10396546 (r3-all-2018.csv.gz, md5 fd3487254ae01b22b999d6425fa62309)"
West Bengal,Alipurduar,2018,MADARIHAT,LANKAPARA,True,UR,True,LANKAPARA,exact,matcher,"Form 1B, Offices of the Pradhan, signed 06/03/2018",alipurduar_OfficeBearer_a3ef850d.pdf,6.0,45.0,"doi:10.7910/DVN/ZHF9WC datafile 10396546 (r3-all-2018.csv.gz, md5 fd3487254ae01b22b999d6425fa62309)"
West Bengal,Alipurduar,2018,MADARIHAT,MADARIHAT,True,ST,True,MADARIHAT,exact,matcher,"Form 1B, Offices of the Pradhan, signed 06/03/2018",alipurduar_OfficeBearer_a3ef850d.pdf,6.0,47.0,"doi:10.7910/DVN/ZHF9WC datafile 10396546 (r3-all-2018.csv.gz, md5 fd3487254ae01b22b999d6425fa62309)"
West Bengal,Alipurduar,2018,MADARIHAT,RANGALIBAJNA,True,ST,True,RANGALIBAJNA,exact,matcher,"Form 1B, Offices of the Pradhan, signed 06/03/2018",alipurduar_OfficeBearer_a3ef850d.pdf,6.0,49.0,"doi:10.7910/DVN/ZHF9WC datafile 10396546 (r3-all-2018.csv.gz, md5 fd3487254ae01b22b999d6425fa62309)"
West Bengal,Alipurduar,2018,MADARIHAT,SISHUJHUMRA,False,UR,False,,not_named,,"Form 1B, Offices of the Pradhan, signed 06/03/2018",,,,"doi:10.7910/DVN/ZHF9WC datafile 10396546 (r3-all-2018.csv.gz, md5 fd3487254ae01b22b999d6425fa62309)"
West Bengal,Alipurduar,2018,MADARIHAT,TOTOPARA BALLALGURI,False,UR,False,,not_named,,"Form 1B, Offices of the Pradhan, signed 06/03/2018",,,,"doi:10.7910/DVN/ZHF9WC datafile 10396546 (r3-all-2018.csv.gz, md5 fd3487254ae01b22b999d6425fa62309)"
West Bengal,Nadia,2018,CHAKDAH,CHANDURIA-I,True,SC,False,Chanduria-I (SC),exact,matcher,"No. 95/PGE'18, dated 06.03.2018",nadia_FORM_1B_Prodhan_Upa-Prodhan-06032018_29b77844.pdf,5.0,22.0,"doi:10.7910/DVN/ZHF9WC datafile 10396546 (r3-all-2018.csv.gz, md5 fd3487254ae01b22b999d6425fa62309)"
West Bengal,Nadia,2018,CHAKDAH,DEWLI,True,SC,False,Dewli (SC),exact,matcher,"No. 95/PGE'18, dated 06.03.2018",nadia_FORM_1B_Prodhan_Upa-Prodhan-06032018_29b77844.pdf,5.0,27.0,"doi:10.7910/DVN/ZHF9WC datafile 10396546 (r3-all-2018.csv.gz, md5 fd3487254ae01b22b999d6425fa62309)"
West Bengal,Nadia,2018,CHAKDAH,DUBRA,True,UR,True,Dubra,exact,matcher,"No. 95/PGE'18, dated 06.03.2018",nadia_FORM_1B_Prodhan_Upa-Prodhan-06032018_29b77844.pdf,5.0,28.0,"doi:10.7910/DVN/ZHF9WC datafile 10396546 (r3-all-2018.csv.gz, md5 fd3487254ae01b22b999d6425fa62309)"
West Bengal,Nadia,2018,CHAKDAH,GHETUGACHHI,True,ST,True,Ghetugachhi (ST) | Ghetugachh:,exact,matcher,"No. 95/PGE'18, dated 06.03.2018",nadia_FORM_1B_Prodhan_Upa-Prodhan-06032018_29b77844.pdf,5.0,26.0,"doi:10.7910/DVN/ZHF9WC datafile 10396546 (r3-all-2018.csv.gz, md5 fd3487254ae01b22b999d6425fa62309)"
West Bengal,Nadia,2018,CHAKDAH,HINGNARA,True,UR,True,Hingnara,exact,matcher,"No. 95/PGE'18, dated 06.03.2018",nadia_FORM_1B_Prodhan_Upa-Prodhan-06032018_29b77844.pdf,5.0,29.0,"doi:10.7910/DVN/ZHF9WC datafile 10396546 (r3-all-2018.csv.gz, md5 fd3487254ae01b22b999d6425fa62309)"
West Bengal,Nadia,2018,CHAKDAH,RAUTARI,False,UR,False,,not_named,,"No. 95/PGE'18, dated 06.03.2018",,,,"doi:10.7910/DVN/ZHF9WC datafile 10396546 (r3-all-2018.csv.gz, md5 fd3487254ae01b22b999d6425fa62309)"
West Bengal,Nadia,2018,CHAKDAH,SILINDA-I,True,BC,True,Silinda-I (BC) | Silinda-I,exact,matcher,"No. 95/PGE'18, dated 06.03.2018",nadia_FORM_1B_Prodhan_Upa-Prodhan-06032018_29b77844.pdf,5.0,24.0,"doi:10.7910/DVN/ZHF9WC datafile 10396546 (r3-all-2018.csv.gz, md5 fd3487254ae01b22b999d6425fa62309)"
West Bengal,Nadia,2018,CHAKDAH,SILINDA-II,True,UR,True,Silinda-H,scan_misread,matcher,"No. 95/PGE'18, dated 06.03.2018",nadia_FORM_1B_Prodhan_Upa-Prodhan-06032018_29b77844.pdf,5.0,25.0,"doi:10.7910/DVN/ZHF9WC datafile 10396546 (r3-all-2018.csv.gz, md5 fd3487254ae01b22b999d6425fa62309)"
West Bengal,Nadia,2018,CHAKDAH,TATLA-I,False,UR,False,,not_named,,"No. 95/PGE'18, dated 06.03.2018",,,,"doi:10.7910/DVN/ZHF9WC datafile 10396546 (r3-all-2018.csv.gz, md5 fd3487254ae01b22b999d6425fa62309)"
West Bengal,Nadia,2018,CHAKDAH,TATLA-II,True,SC,False,Tatla-Il (SC),scan_misread,matcher,"No. 95/PGE'18, dated 06.03.2018",nadia_FORM_1B_Prodhan_Upa-Prodhan-06032018_29b77844.pdf,5.0,23.0,"doi:10.7910/DVN/ZHF9WC datafile 10396546 (r3-all-2018.csv.gz, md5 fd3487254ae01b22b999d6425fa62309)"
West Bengal,Nadia,2018,CHAPRA,ALFA,True,SC,True,Alfa (SC) | Alfa,exact,matcher,"No. 95/PGE'18, dated 06.03.2018",nadia_FORM_1B_Prodhan_Upa-Prodhan-06032018_29b77844.pdf,3.0,13.0,"doi:10.7910/DVN/ZHF9WC datafile 10396546 (r3-all-2018.csv.gz, md5 fd3487254ae01b22b999d6425fa62309)"
West Bengal,Nadia,2018,CHAPRA,BAGBERIA,True,SC,True,Bagberia (SC) | Bagberta,exact,matcher,"No. 95/PGE'18, dated 06.03.2018",nadia_FORM_1B_Prodhan_Upa-Prodhan-06032018_29b77844.pdf,3.0,18.0,"doi:10.7910/DVN/ZHF9WC datafile 10396546 (r3-all-2018.csv.gz, md5 fd3487254ae01b22b999d6425fa62309)"
West Bengal,Nadia,2018,CHAPRA,BRITTIHUDA,True,BC,False,Brittihuda (BC),exact,matcher,"No. 95/PGE'18, dated 06.03.2018",nadia_FORM_1B_Prodhan_Upa-Prodhan-06032018_29b77844.pdf,3.0,19.0,"doi:10.7910/DVN/ZHF9WC datafile 10396546 (r3-all-2018.csv.gz, md5 fd3487254ae01b22b999d6425fa62309)"
West Bengal,Nadia,2018,CHAPRA,CHAPRA-I,True,SC,True,Chapra-l (SC) | Chapra-!,scan_misread,matcher,"No. 95/PGE'18, dated 06.03.2018",nadia_FORM_1B_Prodhan_Upa-Prodhan-06032018_29b77844.pdf,3.0,14.0,"doi:10.7910/DVN/ZHF9WC datafile 10396546 (r3-all-2018.csv.gz, md5 fd3487254ae01b22b999d6425fa62309)"
West Bengal,Nadia,2018,CHAPRA,CHAPRA-II,True,BC,False,Chapra-II (BC),exact,matcher,"No. 95/PGE'18, dated 06.03.2018",nadia_FORM_1B_Prodhan_Upa-Prodhan-06032018_29b77844.pdf,3.0,15.0,"doi:10.7910/DVN/ZHF9WC datafile 10396546 (r3-all-2018.csv.gz, md5 fd3487254ae01b22b999d6425fa62309)"
West Bengal,Nadia,2018,CHAPRA,HATISALA-I,False,UR,False,,not_named,,"No. 95/PGE'18, dated 06.03.2018",,,,"doi:10.7910/DVN/ZHF9WC datafile 10396546 (r3-all-2018.csv.gz, md5 fd3487254ae01b22b999d6425fa62309)"
West Bengal,Nadia,2018,CHAPRA,HATISALA-II,True,UR,True,Hatishala-ll,scan_misread,matcher,"No. 95/PGE'18, dated 06.03.2018",nadia_FORM_1B_Prodhan_Upa-Prodhan-06032018_29b77844.pdf,3.0,12.0,"doi:10.7910/DVN/ZHF9WC datafile 10396546 (r3-all-2018.csv.gz, md5 fd3487254ae01b22b999d6425fa62309)"
West Bengal,Nadia,2018,CHAPRA,HATKHOLA,False,UR,False,,not_named,,"No. 95/PGE'18, dated 06.03.2018",,,,"doi:10.7910/DVN/ZHF9WC datafile 10396546 (r3-all-2018.csv.gz, md5 fd3487254ae01b22b999d6425fa62309)"
West Bengal,Nadia,2018,CHAPRA,HRIDAYPUR,True,SC,False,Hridaypur (SC),exact,matcher,"No. 95/PGE'18, dated 06.03.2018",nadia_FORM_1B_Prodhan_Upa-Prodhan-06032018_29b77844.pdf,3.0,11.0,"doi:10.7910/DVN/ZHF9WC datafile 10396546 (r3-all-2018.csv.gz, md5 fd3487254ae01b22b999d6425fa62309)"
West Bengal,Nadia,2018,CHAPRA,KALINGA,True,UR,True,Kalinga,exact,matcher,"No. 95/PGE'18, dated 06.03.2018",nadia_FORM_1B_Prodhan_Upa-Prodhan-06032018_29b77844.pdf,3.0,16.0,"doi:10.7910/DVN/ZHF9WC datafile 10396546 (r3-all-2018.csv.gz, md5 fd3487254ae01b22b999d6425fa62309)"
West Bengal,Nadia,2018,CHAPRA,MAHATPUR,False,UR,False,,not_named,,"No. 95/PGE'18, dated 06.03.2018",,,,"doi:10.7910/DVN/ZHF9WC datafile 10396546 (r3-all-2018.csv.gz, md5 fd3487254ae01b22b999d6425fa62309)"
West Bengal,Nadia,2018,CHAPRA,MAHESHPUR,False,UR,False,,not_named,,"No. 95/PGE'18, dated 06.03.2018",,,,"doi:10.7910/DVN/ZHF9WC datafile 10396546 (r3-all-2018.csv.gz, md5 fd3487254ae01b22b999d6425fa62309)"
West Bengal,Nadia,2018,CHAPRA,PIPRAGACHHI,True,UR,True,Pipragachht,fuzzy,matcher,"No. 95/PGE'18, dated 06.03.2018",nadia_FORM_1B_Prodhan_Upa-Prodhan-06032018_29b77844.pdf,3.0,17.0,"doi:10.7910/DVN/ZHF9WC datafile 10396546 (r3-all-2018.csv.gz, md5 fd3487254ae01b22b999d6425fa62309)"
West Bengal,Nadia,2018,HANSKHALI,BAGULA-I,True,UR,True,Bagula-I,exact,matcher,"No. 95/PGE'18, dated 06.03.2018",nadia_FORM_1B_Prodhan_Upa-Prodhan-06032018_29b77844.pdf,4.0,28.0,"doi:10.7910/DVN/ZHF9WC datafile 10396546 (r3-all-2018.csv.gz, md5 fd3487254ae01b22b999d6425fa62309)"
West Bengal,Nadia,2018,HANSKHALI,BAGULA-II,True,SC,True,Bagula-Il (SC) | Bagula-ll,scan_misread,matcher,"No. 95/PGE'18, dated 06.03.2018",nadia_FORM_1B_Prodhan_Upa-Prodhan-06032018_29b77844.pdf,4.0,29.0,"doi:10.7910/DVN/ZHF9WC datafile 10396546 (r3-all-2018.csv.gz, md5 fd3487254ae01b22b999d6425fa62309)"
West Bengal,Nadia,2018,HANSKHALI,BATKULLA-I,False,UR,False,,not_named,,"No. 95/PGE'18, dated 06.03.2018",,,,"doi:10.7910/DVN/ZHF9WC datafile 10396546 (r3-all-2018.csv.gz, md5 fd3487254ae01b22b999d6425fa62309)"
West Bengal,Nadia,2018,HANSKHALI,BATKULLA-II,True,SC,True,Badkulla-Hi (SC) | Badkulla-!!,fuzzy,matcher,"No. 95/PGE'18, dated 06.03.2018",nadia_FORM_1B_Prodhan_Upa-Prodhan-06032018_29b77844.pdf,4.0,31.0,"doi:10.7910/DVN/ZHF9WC datafile 10396546 (r3-all-2018.csv.gz, md5 fd3487254ae01b22b999d6425fa62309)"
West Bengal,Nadia,2018,HANSKHALI,BETNA GOBINDAPUR,True,BC,True,Betna Gobindapur (BC) | Betna Gobindapur,exact,matcher,"No. 95/PGE'18, dated 06.03.2018",nadia_FORM_1B_Prodhan_Upa-Prodhan-06032018_29b77844.pdf,4.0,24.0,"doi:10.7910/DVN/ZHF9WC datafile 10396546 (r3-all-2018.csv.gz, md5 fd3487254ae01b22b999d6425fa62309)"
West Bengal,Nadia,2018,HANSKHALI,DAKSHINPARA-I,True,SC,True,Dakshinpara-I (SC) | Dakshinpara-],exact,matcher,"No. 95/PGE'18, dated 06.03.2018",nadia_FORM_1B_Prodhan_Upa-Prodhan-06032018_29b77844.pdf,4.0,23.0,"doi:10.7910/DVN/ZHF9WC datafile 10396546 (r3-all-2018.csv.gz, md5 fd3487254ae01b22b999d6425fa62309)"
West Bengal,Nadia,2018,HANSKHALI,DAKSHINPARA-II,True,BC,False,Dakshinpara-ll (BC),scan_misread,matcher,"No. 95/PGE'18, dated 06.03.2018",nadia_FORM_1B_Prodhan_Upa-Prodhan-06032018_29b77844.pdf,4.0,22.0,"doi:10.7910/DVN/ZHF9WC datafile 10396546 (r3-all-2018.csv.gz, md5 fd3487254ae01b22b999d6425fa62309)"
West Bengal,Nadia,2018,HANSKHALI,GAJNA,True,UR,True,Gazna,transliteration,matcher,"No. 95/PGE'18, dated 06.03.2018",nadia_FORM_1B_Prodhan_Upa-Prodhan-06032018_29b77844.pdf,4.0,26.0,"doi:10.7910/DVN/ZHF9WC datafile 10396546 (r3-all-2018.csv.gz, md5 fd3487254ae01b22b999d6425fa62309)"
West Bengal,Nadia,2018,HANSKHALI,MAMJOAN,True,ST,False,Mamjoan (ST),exact,matcher,"No. 95/PGE'18, dated 06.03.2018",nadia_FORM_1B_Prodhan_Upa-Prodhan-06032018_29b77844.pdf,4.0,30.0,"doi:10.7910/DVN/ZHF9WC datafile 10396546 (r3-all-2018.csv.gz, md5 fd3487254ae01b22b999d6425fa62309)"
West Bengal,Nadia,2018,HANSKHALI,MAYURHAT-I,False,UR,False,,not_named,,"No. 95/PGE'18, dated 06.03.2018",,,,"doi:10.7910/DVN/ZHF9WC datafile 10396546 (r3-all-2018.csv.gz, md5 fd3487254ae01b22b999d6425fa62309)"
West Bengal,Nadia,2018,HANSKHALI,MAYURHAT-II,True,SC,False,Mayurhat-II (SC),exact,matcher,"No. 95/PGE'18, dated 06.03.2018",nadia_FORM_1B_Prodhan_Upa-Prodhan-06032018_29b77844.pdf,4.0,25.0,"doi:10.7910/DVN/ZHF9WC datafile 10396546 (r3-all-2018.csv.gz, md5 fd3487254ae01b22b999d6425fa62309)"
West Bengal,Nadia,2018,HANSKHALI,RAMNAGAR BARACHUPRIA-I,True,UR,True,Ramnagar Barachupria-!,scan_misread,matcher,"No. 95/PGE'18, dated 06.03.2018",nadia_FORM_1B_Prodhan_Upa-Prodhan-06032018_29b77844.pdf,4.0,27.0,"doi:10.7910/DVN/ZHF9WC datafile 10396546 (r3-all-2018.csv.gz, md5 fd3487254ae01b22b999d6425fa62309)"
West Bengal,Nadia,2018,HANSKHALI,RAMNAGAR BARACHUPRIA-II,False,UR,False,,not_named,,"No. 95/PGE'18, dated 06.03.2018",,,,"doi:10.7910/DVN/ZHF9WC datafile 10396546 (r3-all-2018.csv.gz, md5 fd3487254ae01b22b999d6425fa62309)"
West Bengal,Nadia,2018,HARINGHATA,BEROHI-I,True,UR,True,Birohi-l,scan_misread,matcher,"No. 95/PGE'18, dated 06.03.2018",nadia_FORM_1B_Prodhan_Upa-Prodhan-06032018_29b77844.pdf,6.0,4.0,"doi:10.7910/DVN/ZHF9WC datafile 10396546 (r3-all-2018.csv.gz, md5 fd3487254ae01b22b999d6425fa62309)"
West Bengal,Nadia,2018,HARINGHATA,BEROHI-II,True,SC,True,Birohi-II (SC) | Birohi-Il,transliteration,matcher,"No. 95/PGE'18, dated 06.03.2018",nadia_FORM_1B_Prodhan_Upa-Prodhan-06032018_29b77844.pdf,6.0,5.0,"doi:10.7910/DVN/ZHF9WC datafile 10396546 (r3-all-2018.csv.gz, md5 fd3487254ae01b22b999d6425fa62309)"
West Bengal,Nadia,2018,HARINGHATA,FATEPUR,True,SC,False,Fatepur (SC),exact,matcher,"No. 95/PGE'18, dated 06.03.2018",nadia_FORM_1B_Prodhan_Upa-Prodhan-06032018_29b77844.pdf,6.0,7.0,"doi:10.7910/DVN/ZHF9WC datafile 10396546 (r3-all-2018.csv.gz, md5 fd3487254ae01b22b999d6425fa62309)"
West Bengal,Nadia,2018,HARINGHATA,KASTODANGA-I,True,SC,True,Kastodanga-l (SC) | Kastedanga-!,scan_misread,matcher,"No. 95/PGE'18, dated 06.03.2018",nadia_FORM_1B_Prodhan_Upa-Prodhan-06032018_29b77844.pdf,6.0,6.0,"doi:10.7910/DVN/ZHF9WC datafile 10396546 (r3-all-2018.csv.gz, md5 fd3487254ae01b22b999d6425fa62309)"
West Bengal,Nadia,2018,HARINGHATA,KASTODANGA-II,False,UR,False,,not_named,,"No. 95/PGE'18, dated 06.03.2018",,,,"doi:10.7910/DVN/ZHF9WC datafile 10396546 (r3-all-2018.csv.gz, md5 fd3487254ae01b22b999d6425fa62309)"
West Bengal,Nadia,2018,HARINGHATA,MOLLABELIA,True,BC,False,Mollabelia (BC),exact,matcher,"No. 95/PGE'18, dated 06.03.2018",nadia_FORM_1B_Prodhan_Upa-Prodhan-06032018_29b77844.pdf,6.0,8.0,"doi:10.7910/DVN/ZHF9WC datafile 10396546 (r3-all-2018.csv.gz, md5 fd3487254ae01b22b999d6425fa62309)"
West Bengal,Nadia,2018,HARINGHATA,NAGARUKHRA-I,True,BC,True,Nagarukhra-I (BC) | Nagarukhra-!,exact,matcher,"No. 95/PGE'18, dated 06.03.2018",nadia_FORM_1B_Prodhan_Upa-Prodhan-06032018_29b77844.pdf,6.0,9.0,"doi:10.7910/DVN/ZHF9WC datafile 10396546 (r3-all-2018.csv.gz, md5 fd3487254ae01b22b999d6425fa62309)"
West Bengal,Nadia,2018,HARINGHATA,NAGARUKHRA-II,False,UR,False,,not_named,,"No. 95/PGE'18, dated 06.03.2018",,,,"doi:10.7910/DVN/ZHF9WC datafile 10396546 (r3-all-2018.csv.gz, md5 fd3487254ae01b22b999d6425fa62309)"
West Bengal,Nadia,2018,KALIGANJ,BARACHANDGHAR,False,UR,False,,not_named,,"No. 95/PGE'18, dated 06.03.2018",,,,"doi:10.7910/DVN/ZHF9WC datafile 10396546 (r3-all-2018.csv.gz, md5 fd3487254ae01b22b999d6425fa62309)"
West Bengal,Nadia,2018,KALIGANJ,DEBAGRAM,True,BC,False,Debagram (BC),exact,matcher,"No. 95/PGE'18, dated 06.03.2018",nadia_FORM_1B_Prodhan_Upa-Prodhan-06032018_29b77844.pdf,2.0,35.0,"doi:10.7910/DVN/ZHF9WC datafile 10396546 (r3-all-2018.csv.gz, md5 fd3487254ae01b22b999d6425fa62309)"
West Bengal,Nadia,2018,KALIGANJ,FARIDPUR,True,UR,True,Faridpur,exact,matcher,"No. 95/PGE'18, dated 06.03.2018",nadia_FORM_1B_Prodhan_Upa-Prodhan-06032018_29b77844.pdf,2.0,33.0,"doi:10.7910/DVN/ZHF9WC datafile 10396546 (r3-all-2018.csv.gz, md5 fd3487254ae01b22b999d6425fa62309)"
West Bengal,Nadia,2018,KALIGANJ,GOBRA,False,UR,False,,not_named,,"No. 95/PGE'18, dated 06.03.2018",,,,"doi:10.7910/DVN/ZHF9WC datafile 10396546 (r3-all-2018.csv.gz, md5 fd3487254ae01b22b999d6425fa62309)"
West Bengal,Nadia,2018,KALIGANJ,HATGACHHA,True,UR,True,Hatgachha,exact,matcher,"No. 95/PGE'18, dated 06.03.2018",nadia_FORM_1B_Prodhan_Upa-Prodhan-06032018_29b77844.pdf,2.0,30.0,"doi:10.7910/DVN/ZHF9WC datafile 10396546 (r3-all-2018.csv.gz, md5 fd3487254ae01b22b999d6425fa62309)"
West Bengal,Nadia,2018,KALIGANJ,JURANPUR,True,SC,True,Juranpur (SC) | Juranpur,exact,matcher,"No. 95/PGE'18, dated 06.03.2018",nadia_FORM_1B_Prodhan_Upa-Prodhan-06032018_29b77844.pdf,2.0,31.0,"doi:10.7910/DVN/ZHF9WC datafile 10396546 (r3-all-2018.csv.gz, md5 fd3487254ae01b22b999d6425fa62309)"
West Bengal,Nadia,2018,KALIGANJ,KALIGANJ,True,BC,True,Kaliganj (BC) | Kalhigany,exact,matcher,"No. 95/PGE'18, dated 06.03.2018",nadia_FORM_1B_Prodhan_Upa-Prodhan-06032018_29b77844.pdf,2.0,25.0,"doi:10.7910/DVN/ZHF9WC datafile 10396546 (r3-all-2018.csv.gz, md5 fd3487254ae01b22b999d6425fa62309)"
West Bengal,Nadia,2018,KALIGANJ,MATIARI,True,SC,False,Matiary (SC),transliteration,matcher,"No. 95/PGE'18, dated 06.03.2018",nadia_FORM_1B_Prodhan_Upa-Prodhan-06032018_29b77844.pdf,2.0,32.0,"doi:10.7910/DVN/ZHF9WC datafile 10396546 (r3-all-2018.csv.gz, md5 fd3487254ae01b22b999d6425fa62309)"
West Bengal,Nadia,2018,KALIGANJ,MIRA-I,True,SC,True,Mira-I (SC) | Mira-l,exact,matcher,"No. 95/PGE'18, dated 06.03.2018",nadia_FORM_1B_Prodhan_Upa-Prodhan-06032018_29b77844.pdf,2.0,28.0,"doi:10.7910/DVN/ZHF9WC datafile 10396546 (r3-all-2018.csv.gz, md5 fd3487254ae01b22b999d6425fa62309)"
West Bengal,Nadia,2018,KALIGANJ,MIRA-II,True,SC,False,Mira-II (SC),exact,matcher,"No. 95/PGE'18, dated 06.03.2018",nadia_FORM_1B_Prodhan_Upa-Prodhan-06032018_29b77844.pdf,2.0,29.0,"doi:10.7910/DVN/ZHF9WC datafile 10396546 (r3-all-2018.csv.gz, md5 fd3487254ae01b22b999d6425fa62309)"
West Bengal,Nadia,2018,KALIGANJ,PALITBEGIA,True,BC,True,Palitbegia (BC) | Palitbegia,exact,matcher,"No. 95/PGE'18, dated 06.03.2018",nadia_FORM_1B_Prodhan_Upa-Prodhan-06032018_29b77844.pdf,2.0,34.0,"doi:10.7910/DVN/ZHF9WC datafile 10396546 (r3-all-2018.csv.gz, md5 fd3487254ae01b22b999d6425fa62309)"
West Bengal,Nadia,2018,KALIGANJ,PANIGHATA,False,UR,False,,not_named,,"No. 95/PGE'18, dated 06.03.2018",,,,"doi:10.7910/DVN/ZHF9WC datafile 10396546 (r3-all-2018.csv.gz, md5 fd3487254ae01b22b999d6425fa62309)"
West Bengal,Nadia,2018,KALIGANJ,PLASSEY-I,True,UR,True,Plassey-l,scan_misread,matcher,"No. 95/PGE'18, dated 06.03.2018",nadia_FORM_1B_Prodhan_Upa-Prodhan-06032018_29b77844.pdf,2.0,26.0,"doi:10.7910/DVN/ZHF9WC datafile 10396546 (r3-all-2018.csv.gz, md5 fd3487254ae01b22b999d6425fa62309)"
West Bengal,Nadia,2018,KALIGANJ,PLASSEY-II,True,UR,True,Plassey-t!,scan_misread,matcher,"No. 95/PGE'18, dated 06.03.2018",nadia_FORM_1B_Prodhan_Upa-Prodhan-06032018_29b77844.pdf,2.0,27.0,"doi:10.7910/DVN/ZHF9WC datafile 10396546 (r3-all-2018.csv.gz, md5 fd3487254ae01b22b999d6425fa62309)"
West Bengal,Nadia,2018,KALIGANJ,RAJARMPUR GHORAIKHETRA,False,UR,False,,not_named,,"No. 95/PGE'18, dated 06.03.2018",,,,"doi:10.7910/DVN/ZHF9WC datafile 10396546 (r3-all-2018.csv.gz, md5 fd3487254ae01b22b999d6425fa62309)"
West Bengal,Nadia,2018,KALYANI,CHANDURIA-II,False,UR,False,,not_named,,"No. 95/PGE'18, dated 06.03.2018",,,,"doi:10.7910/DVN/ZHF9WC datafile 10396546 (r3-all-2018.csv.gz, md5 fd3487254ae01b22b999d6425fa62309)"
West Bengal,Nadia,2018,KALYANI,KANCHARAPARA,False,UR,False,,not_named,,"No. 95/PGE'18, dated 06.03.2018",,,,"doi:10.7910/DVN/ZHF9WC datafile 10396546 (r3-all-2018.csv.gz, md5 fd3487254ae01b22b999d6425fa62309)"
West Bengal,Nadia,2018,KALYANI,MADANPUR-I,True,UR,True,Madanpur-I,exact,matcher,"No. 95/PGE'18, dated 06.03.2018",nadia_FORM_1B_Prodhan_Upa-Prodhan-06032018_29b77844.pdf,5.0,31.0,"doi:10.7910/DVN/ZHF9WC datafile 10396546 (r3-all-2018.csv.gz, md5 fd3487254ae01b22b999d6425fa62309)"
West Bengal,Nadia,2018,KALYANI,MADANPUR-II,True,SC,False,Madanpur-II (SC),exact,matcher,"No. 95/PGE'18, dated 06.03.2018",nadia_FORM_1B_Prodhan_Upa-Prodhan-06032018_29b77844.pdf,5.0,32.0,"doi:10.7910/DVN/ZHF9WC datafile 10396546 (r3-all-2018.csv.gz, md5 fd3487254ae01b22b999d6425fa62309)"
West Bengal,Nadia,2018,KALYANI,SAGUNA,False,UR,False,,not_named,,"No. 95/PGE'18, dated 06.03.2018",,,,"doi:10.7910/DVN/ZHF9WC datafile 10396546 (r3-all-2018.csv.gz, md5 fd3487254ae01b22b999d6425fa62309)"
West Bengal,Nadia,2018,KALYANI,SARATI,True,UR,True,Sarati,exact,matcher,"No. 95/PGE'18, dated 06.03.2018",nadia_FORM_1B_Prodhan_Upa-Prodhan-06032018_29b77844.pdf,5.0,33.0,"doi:10.7910/DVN/ZHF9WC datafile 10396546 (r3-all-2018.csv.gz, md5 fd3487254ae01b22b999d6425fa62309)"
West Bengal,Nadia,2018,KALYANI,SIMURALI,True,SC,True,Shimurali (SC) | Shimurali,transliteration,matcher,"No. 95/PGE'18, dated 06.03.2018",nadia_FORM_1B_Prodhan_Upa-Prodhan-06032018_29b77844.pdf,5.0,34.0,"doi:10.7910/DVN/ZHF9WC datafile 10396546 (r3-all-2018.csv.gz, md5 fd3487254ae01b22b999d6425fa62309)"
West Bengal,Nadia,2018,KARIMPUR-1,HAREKRISHNAPUR,True,UR,True,Harekrishnapur,exact,matcher,"No. 95/PGE'18, dated 06.03.2018",nadia_FORM_1B_Prodhan_Upa-Prodhan-06032018_29b77844.pdf,1.0,13.0,"doi:10.7910/DVN/ZHF9WC datafile 10396546 (r3-all-2018.csv.gz, md5 fd3487254ae01b22b999d6425fa62309)"
West Bengal,Nadia,2018,KARIMPUR-1,HOGOLBARIA,False,UR,False,,not_named,,"No. 95/PGE'18, dated 06.03.2018",,,,"doi:10.7910/DVN/ZHF9WC datafile 10396546 (r3-all-2018.csv.gz, md5 fd3487254ae01b22b999d6425fa62309)"
West Bengal,Nadia,2018,KARIMPUR-1,JAMASHERPUR,False,UR,False,,not_named,,"No. 95/PGE'18, dated 06.03.2018",,,,"doi:10.7910/DVN/ZHF9WC datafile 10396546 (r3-all-2018.csv.gz, md5 fd3487254ae01b22b999d6425fa62309)"
West Bengal,Nadia,2018,KARIMPUR-1,KARIMPUR-I,True,SC,False,Karimpur-! (SC),scan_misread,matcher,"No. 95/PGE'18, dated 06.03.2018",nadia_FORM_1B_Prodhan_Upa-Prodhan-06032018_29b77844.pdf,1.0,11.0,"doi:10.7910/DVN/ZHF9WC datafile 10396546 (r3-all-2018.csv.gz, md5 fd3487254ae01b22b999d6425fa62309)"
West Bengal,Nadia,2018,KARIMPUR-1,KARIMPUR-II,True,UR,True,Karimpur-Il,scan_misread,matcher,"No. 95/PGE'18, dated 06.03.2018",nadia_FORM_1B_Prodhan_Upa-Prodhan-06032018_29b77844.pdf,1.0,12.0,"doi:10.7910/DVN/ZHF9WC datafile 10396546 (r3-all-2018.csv.gz, md5 fd3487254ae01b22b999d6425fa62309)"
West Bengal,Nadia,2018,KARIMPUR-1,MADHUGARI,True,SC,True,Madhugari (SC) | Madhugari,exact,matcher,"No. 95/PGE'18, dated 06.03.2018",nadia_FORM_1B_Prodhan_Upa-Prodhan-06032018_29b77844.pdf,1.0,14.0,"doi:10.7910/DVN/ZHF9WC datafile 10396546 (r3-all-2018.csv.gz, md5 fd3487254ae01b22b999d6425fa62309)"
West Bengal,Nadia,2018,KARIMPUR-1,PIPULBARIA,True,UR,True,Pipulberia,transliteration,matcher,"No. 95/PGE'18, dated 06.03.2018",nadia_FORM_1B_Prodhan_Upa-Prodhan-06032018_29b77844.pdf,1.0,16.0,"doi:10.7910/DVN/ZHF9WC datafile 10396546 (r3-all-2018.csv.gz, md5 fd3487254ae01b22b999d6425fa62309)"
West Bengal,Nadia,2018,KARIMPUR-1,SHIKARPUR,True,SC,False,Shikarpur (SC),exact,matcher,"No. 95/PGE'18, dated 06.03.2018",nadia_FORM_1B_Prodhan_Upa-Prodhan-06032018_29b77844.pdf,1.0,15.0,"doi:10.7910/DVN/ZHF9WC datafile 10396546 (r3-all-2018.csv.gz, md5 fd3487254ae01b22b999d6425fa62309)"
West Bengal,Nadia,2018,KARIMPUR-II,DHORADAHA-I,False,UR,False,,not_named,,"No. 95/PGE'18, dated 06.03.2018",,,,"doi:10.7910/DVN/ZHF9WC datafile 10396546 (r3-all-2018.csv.gz, md5 fd3487254ae01b22b999d6425fa62309)"
West Bengal,Nadia,2018,KARIMPUR-II,DHORADAHA-II,True,BC,False,Dhoradaha-il (BC),scan_misread,matcher,"No. 95/PGE'18, dated 06.03.2018",nadia_FORM_1B_Prodhan_Upa-Prodhan-06032018_29b77844.pdf,1.0,4.0,"doi:10.7910/DVN/ZHF9WC datafile 10396546 (r3-all-2018.csv.gz, md5 fd3487254ae01b22b999d6425fa62309)"
West Bengal,Nadia,2018,KARIMPUR-II,DIGHAL KANDI,True,SC,False,Dighalkandi (SC),exact,matcher,"No. 95/PGE'18, dated 06.03.2018",nadia_FORM_1B_Prodhan_Upa-Prodhan-06032018_29b77844.pdf,1.0,7.0,"doi:10.7910/DVN/ZHF9WC datafile 10396546 (r3-all-2018.csv.gz, md5 fd3487254ae01b22b999d6425fa62309)"
West Bengal,Nadia,2018,KARIMPUR-II,MURUTIA,False,UR,False,,not_named,,"No. 95/PGE'18, dated 06.03.2018",,,,"doi:10.7910/DVN/ZHF9WC datafile 10396546 (r3-all-2018.csv.gz, md5 fd3487254ae01b22b999d6425fa62309)"
West Bengal,Nadia,2018,KARIMPUR-II,NANDANPUR,False,UR,False,,not_named,,"No. 95/PGE'18, dated 06.03.2018",,,,"doi:10.7910/DVN/ZHF9WC datafile 10396546 (r3-all-2018.csv.gz, md5 fd3487254ae01b22b999d6425fa62309)"
West Bengal,Nadia,2018,KARIMPUR-II,NARAYANPUR-I,True,UR,True,Narayanpur-l,scan_misread,matcher,"No. 95/PGE'18, dated 06.03.2018",nadia_FORM_1B_Prodhan_Upa-Prodhan-06032018_29b77844.pdf,1.0,8.0,"doi:10.7910/DVN/ZHF9WC datafile 10396546 (r3-all-2018.csv.gz, md5 fd3487254ae01b22b999d6425fa62309)"
West Bengal,Nadia,2018,KARIMPUR-II,NARAYANPUR-II,True,BC,True,Narayanpur-H! (BC) | Narayanpur-Il,scan_misread,matcher,"No. 95/PGE'18, dated 06.03.2018",nadia_FORM_1B_Prodhan_Upa-Prodhan-06032018_29b77844.pdf,1.0,9.0,"doi:10.7910/DVN/ZHF9WC datafile 10396546 (r3-all-2018.csv.gz, md5 fd3487254ae01b22b999d6425fa62309)"
West Bengal,Nadia,2018,KARIMPUR-II,NATIDANGA-I,True,UR,True,Natidanga-I,exact,matcher,"No. 95/PGE'18, dated 06.03.2018",nadia_FORM_1B_Prodhan_Upa-Prodhan-06032018_29b77844.pdf,1.0,5.0,"doi:10.7910/DVN/ZHF9WC datafile 10396546 (r3-all-2018.csv.gz, md5 fd3487254ae01b22b999d6425fa62309)"
West Bengal,Nadia,2018,KARIMPUR-II,NATIDANGA-II,True,SC,True,Natidanga-{l (SC) | Natidanga-ll,scan_misread,matcher,"No. 95/PGE'18, dated 06.03.2018",nadia_FORM_1B_Prodhan_Upa-Prodhan-06032018_29b77844.pdf,1.0,6.0,"doi:10.7910/DVN/ZHF9WC datafile 10396546 (r3-all-2018.csv.gz, md5 fd3487254ae01b22b999d6425fa62309)"
West Bengal,Nadia,2018,KARIMPUR-II,RAHAMATPUR,False,UR,False,,not_named,,"No. 95/PGE'18, dated 06.03.2018",,,,"doi:10.7910/DVN/ZHF9WC datafile 10396546 (r3-all-2018.csv.gz, md5 fd3487254ae01b22b999d6425fa62309)"
West Bengal,Nadia,2018,KRISHNAGANJ,BHAJANGHAT TUNGI,True,SC,False,BhajanghatTungi (SC),exact,matcher,"No. 95/PGE'18, dated 06.03.2018",nadia_FORM_1B_Prodhan_Upa-Prodhan-06032018_29b77844.pdf,3.0,8.0,"doi:10.7910/DVN/ZHF9WC datafile 10396546 (r3-all-2018.csv.gz, md5 fd3487254ae01b22b999d6425fa62309)"
West Bengal,Nadia,2018,KRISHNAGANJ,GOBINDAPUR,True,SC,False,Gobindapur (SC),exact,matcher,"No. 95/PGE'18, dated 06.03.2018",nadia_FORM_1B_Prodhan_Upa-Prodhan-06032018_29b77844.pdf,3.0,6.0,"doi:10.7910/DVN/ZHF9WC datafile 10396546 (r3-all-2018.csv.gz, md5 fd3487254ae01b22b999d6425fa62309)"
West Bengal,Nadia,2018,KRISHNAGANJ,JOYGHATA,True,UR,True,Joyghata,exact,matcher,"No. 95/PGE'18, dated 06.03.2018",nadia_FORM_1B_Prodhan_Upa-Prodhan-06032018_29b77844.pdf,3.0,4.0,"doi:10.7910/DVN/ZHF9WC datafile 10396546 (r3-all-2018.csv.gz, md5 fd3487254ae01b22b999d6425fa62309)"
West Bengal,Nadia,2018,KRISHNAGANJ,KRISHNAGANJ,False,UR,False,,not_named,,"No. 95/PGE'18, dated 06.03.2018",,,,"doi:10.7910/DVN/ZHF9WC datafile 10396546 (r3-all-2018.csv.gz, md5 fd3487254ae01b22b999d6425fa62309)"
West Bengal,Nadia,2018,KRISHNAGANJ,MAITIARY BANPUR,True,UR,True,Matiary Banpur,transliteration,matcher,"No. 95/PGE'18, dated 06.03.2018",nadia_FORM_1B_Prodhan_Upa-Prodhan-06032018_29b77844.pdf,3.0,9.0,"doi:10.7910/DVN/ZHF9WC datafile 10396546 (r3-all-2018.csv.gz, md5 fd3487254ae01b22b999d6425fa62309)"
West Bengal,Nadia,2018,KRISHNAGANJ,SHIBNIBAS,True,UR,True,Shibnibas,exact,matcher,"No. 95/PGE'18, dated 06.03.2018",nadia_FORM_1B_Prodhan_Upa-Prodhan-06032018_29b77844.pdf,3.0,5.0,"doi:10.7910/DVN/ZHF9WC datafile 10396546 (r3-all-2018.csv.gz, md5 fd3487254ae01b22b999d6425fa62309)"
West Bengal,Nadia,2018,KRISHNAGANJ,TALDAH MAJDIA,True,SC,True,Talda-Majdia (SC) | Talda-Majdia,transliteration,matcher,"No. 95/PGE'18, dated 06.03.2018",nadia_FORM_1B_Prodhan_Upa-Prodhan-06032018_29b77844.pdf,3.0,7.0,"doi:10.7910/DVN/ZHF9WC datafile 10396546 (r3-all-2018.csv.gz, md5 fd3487254ae01b22b999d6425fa62309)"
West Bengal,Nadia,2018,KRISHNAGAR-I,ASSANNAGAR,True,SC,True,Asannagar (SC) | Asannagar,transliteration,matcher,"No. 95/PGE'18, dated 06.03.2018",nadia_FORM_1B_Prodhan_Upa-Prodhan-06032018_29b77844.pdf,3.0,29.0,"doi:10.7910/DVN/ZHF9WC datafile 10396546 (r3-all-2018.csv.gz, md5 fd3487254ae01b22b999d6425fa62309)"
West Bengal,Nadia,2018,KRISHNAGAR-I,BHALUKA,True,SC,False,Bhaluka (SC),exact,matcher,"No. 95/PGE'18, dated 06.03.2018",nadia_FORM_1B_Prodhan_Upa-Prodhan-06032018_29b77844.pdf,4.0,3.0,"doi:10.7910/DVN/ZHF9WC datafile 10396546 (r3-all-2018.csv.gz, md5 fd3487254ae01b22b999d6425fa62309)"
West Bengal,Nadia,2018,KRISHNAGAR-I,BHANDARKHOLA,True,SC,False,Bhanderkhola (SC),transliteration,matcher,"No. 95/PGE'18, dated 06.03.2018",nadia_FORM_1B_Prodhan_Upa-Prodhan-06032018_29b77844.pdf,3.0,30.0,"doi:10.7910/DVN/ZHF9WC datafile 10396546 (r3-all-2018.csv.gz, md5 fd3487254ae01b22b999d6425fa62309)"
West Bengal,Nadia,2018,KRISHNAGAR-I,BHATJUNGLA,False,UR,False,,not_named,,"No. 95/PGE'18, dated 06.03.2018",,,,"doi:10.7910/DVN/ZHF9WC datafile 10396546 (r3-all-2018.csv.gz, md5 fd3487254ae01b22b999d6425fa62309)"
West Bengal,Nadia,2018,KRISHNAGAR-I,BHIMPUR,True,UR,True,Bhimpur,exact,matcher,"No. 95/PGE'18, dated 06.03.2018",nadia_FORM_1B_Prodhan_Upa-Prodhan-06032018_29b77844.pdf,3.0,28.0,"doi:10.7910/DVN/ZHF9WC datafile 10396546 (r3-all-2018.csv.gz, md5 fd3487254ae01b22b999d6425fa62309)"
West Bengal,Nadia,2018,KRISHNAGAR-I,CHAKDIGNAGAR,True,SC,False,Chakdignagar (SC),exact,matcher,"No. 95/PGE'18, dated 06.03.2018",nadia_FORM_1B_Prodhan_Upa-Prodhan-06032018_29b77844.pdf,3.0,32.0,"doi:10.7910/DVN/ZHF9WC datafile 10396546 (r3-all-2018.csv.gz, md5 fd3487254ae01b22b999d6425fa62309)"
West Bengal,Nadia,2018,KRISHNAGAR-I,DEYPARA,True,UR,True,Deypara,exact,matcher,"No. 95/PGE'18, dated 06.03.2018",nadia_FORM_1B_Prodhan_Upa-Prodhan-06032018_29b77844.pdf,3.0,33.0,"doi:10.7910/DVN/ZHF9WC datafile 10396546 (r3-all-2018.csv.gz, md5 fd3487254ae01b22b999d6425fa62309)"
West Bengal,Nadia,2018,KRISHNAGAR-I,DIGNAGAR,False,UR,False,,not_named,,"No. 95/PGE'18, dated 06.03.2018",,,,"doi:10.7910/DVN/ZHF9WC datafile 10396546 (r3-all-2018.csv.gz, md5 fd3487254ae01b22b999d6425fa62309)"
West Bengal,Nadia,2018,KRISHNAGAR-I,DOGACHI,True,SC,False,Dogachhi (SC),transliteration,matcher,"No. 95/PGE'18, dated 06.03.2018",nadia_FORM_1B_Prodhan_Upa-Prodhan-06032018_29b77844.pdf,3.0,31.0,"doi:10.7910/DVN/ZHF9WC datafile 10396546 (r3-all-2018.csv.gz, md5 fd3487254ae01b22b999d6425fa62309)"
West Bengal,Nadia,2018,KRISHNAGAR-I,JOANIA,True,UR,True,Joania,exact,matcher,"No. 95/PGE'18, dated 06.03.2018",nadia_FORM_1B_Prodhan_Upa-Prodhan-06032018_29b77844.pdf,3.0,34.0,"doi:10.7910/DVN/ZHF9WC datafile 10396546 (r3-all-2018.csv.gz, md5 fd3487254ae01b22b999d6425fa62309)"
West Bengal,Nadia,2018,KRISHNAGAR-I,PORAGACHHA,False,UR,False,,not_named,,"No. 95/PGE'18, dated 06.03.2018",,,,"doi:10.7910/DVN/ZHF9WC datafile 10396546 (r3-all-2018.csv.gz, md5 fd3487254ae01b22b999d6425fa62309)"
West Bengal,Nadia,2018,KRISHNAGAR-I,RUIPUKUR.,True,SC,False,Ruipukur (SC),exact,matcher,"No. 95/PGE'18, dated 06.03.2018",nadia_FORM_1B_Prodhan_Upa-Prodhan-06032018_29b77844.pdf,3.0,35.0,"doi:10.7910/DVN/ZHF9WC datafile 10396546 (r3-all-2018.csv.gz, md5 fd3487254ae01b22b999d6425fa62309)"
West Bengal,Nadia,2018,KRISHNAGAR-II,BELPUKUR,True,SC,True,Belpukur (SC) | Belpukur,exact,matcher,"No. 95/PGE'18, dated 06.03.2018",nadia_FORM_1B_Prodhan_Upa-Prodhan-06032018_29b77844.pdf,3.0,24.0,"doi:10.7910/DVN/ZHF9WC datafile 10396546 (r3-all-2018.csv.gz, md5 fd3487254ae01b22b999d6425fa62309)"
West Bengal,Nadia,2018,KRISHNAGAR-II,DHUBULIA-I,True,BC,False,Dhubulia-! (BC),scan_misread,matcher,"No. 95/PGE'18, dated 06.03.2018",nadia_FORM_1B_Prodhan_Upa-Prodhan-06032018_29b77844.pdf,3.0,25.0,"doi:10.7910/DVN/ZHF9WC datafile 10396546 (r3-all-2018.csv.gz, md5 fd3487254ae01b22b999d6425fa62309)"
West Bengal,Nadia,2018,KRISHNAGAR-II,DHUBULIA-II,True,BC,True,Dhubulia-II (BC) | Dhubulia-l!,exact,matcher,"No. 95/PGE'18, dated 06.03.2018",nadia_FORM_1B_Prodhan_Upa-Prodhan-06032018_29b77844.pdf,3.0,26.0,"doi:10.7910/DVN/ZHF9WC datafile 10396546 (r3-all-2018.csv.gz, md5 fd3487254ae01b22b999d6425fa62309)"
West Bengal,Nadia,2018,KRISHNAGAR-II,NOAPARA-I,True,BC,True,Noapara-! (BC) | Naopara-!,scan_misread,matcher,"No. 95/PGE'18, dated 06.03.2018",nadia_FORM_1B_Prodhan_Upa-Prodhan-06032018_29b77844.pdf,3.0,21.0,"doi:10.7910/DVN/ZHF9WC datafile 10396546 (r3-all-2018.csv.gz, md5 fd3487254ae01b22b999d6425fa62309)"
West Bengal,Nadia,2018,KRISHNAGAR-II,NOAPARA-II,True,SC,False,Noapara-Il (SC),scan_misread,matcher,"No. 95/PGE'18, dated 06.03.2018",nadia_FORM_1B_Prodhan_Upa-Prodhan-06032018_29b77844.pdf,3.0,22.0,"doi:10.7910/DVN/ZHF9WC datafile 10396546 (r3-all-2018.csv.gz, md5 fd3487254ae01b22b999d6425fa62309)"
West Bengal,Nadia,2018,KRISHNAGAR-II,SADHANPARA-I,True,UR,True,Sadhanpara-!,scan_misread,matcher,"No. 95/PGE'18, dated 06.03.2018",nadia_FORM_1B_Prodhan_Upa-Prodhan-06032018_29b77844.pdf,3.0,23.0,"doi:10.7910/DVN/ZHF9WC datafile 10396546 (r3-all-2018.csv.gz, md5 fd3487254ae01b22b999d6425fa62309)"
West Bengal,Nadia,2018,KRISHNAGAR-II,SADHANPARA-II,False,UR,False,,not_named,,"No. 95/PGE'18, dated 06.03.2018",,,,"doi:10.7910/DVN/ZHF9WC datafile 10396546 (r3-all-2018.csv.gz, md5 fd3487254ae01b22b999d6425fa62309)"
West Bengal,Nadia,2018,NABADWIP,BABLARI,False,UR,False,,not_named,,"No. 95/PGE'18, dated 06.03.2018",,,,"doi:10.7910/DVN/ZHF9WC datafile 10396546 (r3-all-2018.csv.gz, md5 fd3487254ae01b22b999d6425fa62309)"
West Bengal,Nadia,2018,NABADWIP,CHARMAJDIA CHARBRAHMANAGAR,True,UR,True,Char Majdia Char Brahmanagar,exact,matcher,"No. 95/PGE'18, dated 06.03.2018",nadia_FORM_1B_Prodhan_Upa-Prodhan-06032018_29b77844.pdf,4.0,6.0,"doi:10.7910/DVN/ZHF9WC datafile 10396546 (r3-all-2018.csv.gz, md5 fd3487254ae01b22b999d6425fa62309)"
West Bengal,Nadia,2018,NABADWIP,FAKIRDANGA GHOLPARA,False,UR,False,,not_named,,"No. 95/PGE'18, dated 06.03.2018",,,,"doi:10.7910/DVN/ZHF9WC datafile 10396546 (r3-all-2018.csv.gz, md5 fd3487254ae01b22b999d6425fa62309)"
West Bengal,Nadia,2018,NABADWIP,MAHISURA,False,UR,False,,not_named,,"No. 95/PGE'18, dated 06.03.2018",,,,"doi:10.7910/DVN/ZHF9WC datafile 10396546 (r3-all-2018.csv.gz, md5 fd3487254ae01b22b999d6425fa62309)"
West Bengal,Nadia,2018,NABADWIP,MAJDIA PANSILA,True,SC,True,Majdia Panshila (SC) | Majdia Panshila,transliteration,matcher,"No. 95/PGE'18, dated 06.03.2018",nadia_FORM_1B_Prodhan_Upa-Prodhan-06032018_29b77844.pdf,4.0,7.0,"doi:10.7910/DVN/ZHF9WC datafile 10396546 (r3-all-2018.csv.gz, md5 fd3487254ae01b22b999d6425fa62309)"
West Bengal,Nadia,2018,NABADWIP,MAYAPUR BAMANPUKUR-I,True,SC,True,Mayapur Bamanpukur-! (SC) | Mayapur Bamanpukur-|,scan_misread,matcher,"No. 95/PGE'18, dated 06.03.2018",nadia_FORM_1B_Prodhan_Upa-Prodhan-06032018_29b77844.pdf,4.0,8.0,"doi:10.7910/DVN/ZHF9WC datafile 10396546 (r3-all-2018.csv.gz, md5 fd3487254ae01b22b999d6425fa62309)"
West Bengal,Nadia,2018,NABADWIP,MAYAPUR BAMANPUKUR-II,True,UR,True,Mayapur Bamanpukur-I],scan_misread,matcher,"No. 95/PGE'18, dated 06.03.2018",nadia_FORM_1B_Prodhan_Upa-Prodhan-06032018_29b77844.pdf,4.0,9.0,"doi:10.7910/DVN/ZHF9WC datafile 10396546 (r3-all-2018.csv.gz, md5 fd3487254ae01b22b999d6425fa62309)"
West Bengal,Nadia,2018,NABADWIP,SWARUPGANJ,True,BC,False,Swarupganj (BC),exact,matcher,"No. 95/PGE'18, dated 06.03.2018",nadia_FORM_1B_Prodhan_Upa-Prodhan-06032018_29b77844.pdf,4.0,5.0,"doi:10.7910/DVN/ZHF9WC datafile 10396546 (r3-all-2018.csv.gz, md5 fd3487254ae01b22b999d6425fa62309)"
West Bengal,Nadia,2018,NAKASHIPARA,BETHUADAHARI-I,False,UR,False,,not_named,,"No. 95/PGE'18, dated 06.03.2018",,,,"doi:10.7910/DVN/ZHF9WC datafile 10396546 (r3-all-2018.csv.gz, md5 fd3487254ae01b22b999d6425fa62309)"
West Bengal,Nadia,2018,NAKASHIPARA,BETHUADAHARI-II,True,BC,False,Bethuadahari-I] (BC),scan_misread,matcher,"No. 95/PGE'18, dated 06.03.2018",nadia_FORM_1B_Prodhan_Upa-Prodhan-06032018_29b77844.pdf,2.0,15.0,"doi:10.7910/DVN/ZHF9WC datafile 10396546 (r3-all-2018.csv.gz, md5 fd3487254ae01b22b999d6425fa62309)"
West Bengal,Nadia,2018,NAKASHIPARA,BIKRAMPUR,True,BC,False,Bikrampur (BC),exact,matcher,"No. 95/PGE'18, dated 06.03.2018",nadia_FORM_1B_Prodhan_Upa-Prodhan-06032018_29b77844.pdf,2.0,16.0,"doi:10.7910/DVN/ZHF9WC datafile 10396546 (r3-all-2018.csv.gz, md5 fd3487254ae01b22b999d6425fa62309)"
West Bengal,Nadia,2018,NAKASHIPARA,BILKUMARI,True,SC,True,Bilkumari (SC) | Bilkumari,exact,matcher,"No. 95/PGE'18, dated 06.03.2018",nadia_FORM_1B_Prodhan_Upa-Prodhan-06032018_29b77844.pdf,2.0,12.0,"doi:10.7910/DVN/ZHF9WC datafile 10396546 (r3-all-2018.csv.gz, md5 fd3487254ae01b22b999d6425fa62309)"
West Bengal,Nadia,2018,NAKASHIPARA,BILLWAGRAM,True,SC,True,Billwagram (SC) | Billwagram,exact,matcher,"No. 95/PGE'18, dated 06.03.2018",nadia_FORM_1B_Prodhan_Upa-Prodhan-06032018_29b77844.pdf,2.0,19.0,"doi:10.7910/DVN/ZHF9WC datafile 10396546 (r3-all-2018.csv.gz, md5 fd3487254ae01b22b999d6425fa62309)"
West Bengal,Nadia,2018,NAKASHIPARA,BIRPUR-I,False,UR,False,,not_named,,"No. 95/PGE'18, dated 06.03.2018",,,,"doi:10.7910/DVN/ZHF9WC datafile 10396546 (r3-all-2018.csv.gz, md5 fd3487254ae01b22b999d6425fa62309)"
West Bengal,Nadia,2018,NAKASHIPARA,BIRPUR-II,True,SC,True,Birpur-l] (SC) | Birpur-ll,scan_misread,matcher,"No. 95/PGE'18, dated 06.03.2018",nadia_FORM_1B_Prodhan_Upa-Prodhan-06032018_29b77844.pdf,2.0,20.0,"doi:10.7910/DVN/ZHF9WC datafile 10396546 (r3-all-2018.csv.gz, md5 fd3487254ae01b22b999d6425fa62309)"
West Bengal,Nadia,2018,NAKASHIPARA,DHANANJAYPUR,True,BC,False,Dhananjoypur (BC),transliteration,matcher,"No. 95/PGE'18, dated 06.03.2018",nadia_FORM_1B_Prodhan_Upa-Prodhan-06032018_29b77844.pdf,2.0,13.0,"doi:10.7910/DVN/ZHF9WC datafile 10396546 (r3-all-2018.csv.gz, md5 fd3487254ae01b22b999d6425fa62309)"
West Bengal,Nadia,2018,NAKASHIPARA,DHARMADA,True,BC,True,Dharmada (BC) | Dharmada,exact,matcher,"No. 95/PGE'18, dated 06.03.2018",nadia_FORM_1B_Prodhan_Upa-Prodhan-06032018_29b77844.pdf,2.0,22.0,"doi:10.7910/DVN/ZHF9WC datafile 10396546 (r3-all-2018.csv.gz, md5 fd3487254ae01b22b999d6425fa62309)"
West Bengal,Nadia,2018,NAKASHIPARA,DOGACHHIA,True,SC,False,Dogachhia (SC),exact,matcher,"No. 95/PGE'18, dated 06.03.2018",nadia_FORM_1B_Prodhan_Upa-Prodhan-06032018_29b77844.pdf,2.0,21.0,"doi:10.7910/DVN/ZHF9WC datafile 10396546 (r3-all-2018.csv.gz, md5 fd3487254ae01b22b999d6425fa62309)"
West Bengal,Nadia,2018,NAKASHIPARA,HARANAGAR,False,UR,False,,not_named,,"No. 95/PGE'18, dated 06.03.2018",,,,"doi:10.7910/DVN/ZHF9WC datafile 10396546 (r3-all-2018.csv.gz, md5 fd3487254ae01b22b999d6425fa62309)"
West Bengal,Nadia,2018,NAKASHIPARA,MAJHERGRAM,True,SC,False,Majhergram (SC),exact,matcher,"No. 95/PGE'18, dated 06.03.2018",nadia_FORM_1B_Prodhan_Upa-Prodhan-06032018_29b77844.pdf,2.0,17.0,"doi:10.7910/DVN/ZHF9WC datafile 10396546 (r3-all-2018.csv.gz, md5 fd3487254ae01b22b999d6425fa62309)"
West Bengal,Nadia,2018,NAKASHIPARA,MURAGACHHA,True,UR,True,Muragachha,exact,matcher,"No. 95/PGE'18, dated 06.03.2018",nadia_FORM_1B_Prodhan_Upa-Prodhan-06032018_29b77844.pdf,2.0,23.0,"doi:10.7910/DVN/ZHF9WC datafile 10396546 (r3-all-2018.csv.gz, md5 fd3487254ae01b22b999d6425fa62309)"
West Bengal,Nadia,2018,NAKASHIPARA,NAKASIPARA,True,UR,True,Nakashipara,transliteration,matcher,"No. 95/PGE'18, dated 06.03.2018",nadia_FORM_1B_Prodhan_Upa-Prodhan-06032018_29b77844.pdf,2.0,18.0,"doi:10.7910/DVN/ZHF9WC datafile 10396546 (r3-all-2018.csv.gz, md5 fd3487254ae01b22b999d6425fa62309)"
West Bengal,Nadia,2018,NAKASHIPARA,PATIKABARI,True,UR,True,Patikabari,exact,matcher,"No. 95/PGE'18, dated 06.03.2018",nadia_FORM_1B_Prodhan_Upa-Prodhan-06032018_29b77844.pdf,2.0,14.0,"doi:10.7910/DVN/ZHF9WC datafile 10396546 (r3-all-2018.csv.gz, md5 fd3487254ae01b22b999d6425fa62309)"
West Bengal,Nadia,2018,RANAGHAT-I,ANULIA,True,UR,True,Anulia,exact,matcher,"No. 95/PGE'18, dated 06.03.2018",nadia_FORM_1B_Prodhan_Upa-Prodhan-06032018_29b77844.pdf,5.0,5.0,"doi:10.7910/DVN/ZHF9WC datafile 10396546 (r3-all-2018.csv.gz, md5 fd3487254ae01b22b999d6425fa62309)"
West Bengal,Nadia,2018,RANAGHAT-I,BARASAT,True,SC,True,Barasat (SC) | Barasat,exact,matcher,"No. 95/PGE'18, dated 06.03.2018",nadia_FORM_1B_Prodhan_Upa-Prodhan-06032018_29b77844.pdf,5.0,4.0,"doi:10.7910/DVN/ZHF9WC datafile 10396546 (r3-all-2018.csv.gz, md5 fd3487254ae01b22b999d6425fa62309)"
West Bengal,Nadia,2018,RANAGHAT-I,HABIBPUR,False,UR,False,,not_named,,"No. 95/PGE'18, dated 06.03.2018",,,,"doi:10.7910/DVN/ZHF9WC datafile 10396546 (r3-all-2018.csv.gz, md5 fd3487254ae01b22b999d6425fa62309)"
West Bengal,Nadia,2018,RANAGHAT-I,KALINARAYANPUR PAHARPUR,True,BC,True,Kalinarayanpur- Paharpur (BC) | Kalinarayanpur-Paharpur,exact,matcher,"No. 95/PGE'18, dated 06.03.2018",nadia_FORM_1B_Prodhan_Upa-Prodhan-06032018_29b77844.pdf,5.0,8.0,"doi:10.7910/DVN/ZHF9WC datafile 10396546 (r3-all-2018.csv.gz, md5 fd3487254ae01b22b999d6425fa62309)"
West Bengal,Nadia,2018,RANAGHAT-I,KHISMA,False,UR,False,,not_named,,"No. 95/PGE'18, dated 06.03.2018",,,,"doi:10.7910/DVN/ZHF9WC datafile 10396546 (r3-all-2018.csv.gz, md5 fd3487254ae01b22b999d6425fa62309)"
West Bengal,Nadia,2018,RANAGHAT-I,NAWPARA MASUNDA,True,SC,True,Nawpara Masunda(SC) | Nawpara Masunda,exact,matcher,"No. 95/PGE'18, dated 06.03.2018",nadia_FORM_1B_Prodhan_Upa-Prodhan-06032018_29b77844.pdf,5.0,7.0,"doi:10.7910/DVN/ZHF9WC datafile 10396546 (r3-all-2018.csv.gz, md5 fd3487254ae01b22b999d6425fa62309)"
West Bengal,Nadia,2018,RANAGHAT-I,PAYRADANGA,False,UR,False,,not_named,,"No. 95/PGE'18, dated 06.03.2018",,,,"doi:10.7910/DVN/ZHF9WC datafile 10396546 (r3-all-2018.csv.gz, md5 fd3487254ae01b22b999d6425fa62309)"
West Bengal,Nadia,2018,RANAGHAT-I,RAMANAGAR-I,False,UR,False,,not_named,,"No. 95/PGE'18, dated 06.03.2018",,,,"doi:10.7910/DVN/ZHF9WC datafile 10396546 (r3-all-2018.csv.gz, md5 fd3487254ae01b22b999d6425fa62309)"
West Bengal,Nadia,2018,RANAGHAT-I,RAMNAGAR-II,True,SC,False,Ramnagar-Il (SC),scan_misread,matcher,"No. 95/PGE'18, dated 06.03.2018",nadia_FORM_1B_Prodhan_Upa-Prodhan-06032018_29b77844.pdf,5.0,6.0,"doi:10.7910/DVN/ZHF9WC datafile 10396546 (r3-all-2018.csv.gz, md5 fd3487254ae01b22b999d6425fa62309)"
West Bengal,Nadia,2018,RANAGHAT-I,TARAPUR,False,UR,False,,not_named,,"No. 95/PGE'18, dated 06.03.2018",,,,"doi:10.7910/DVN/ZHF9WC datafile 10396546 (r3-all-2018.csv.gz, md5 fd3487254ae01b22b999d6425fa62309)"
West Bengal,Nadia,2018,RANAGHAT-II,ANISHMALI,True,BC,False,Anismali (BC),transliteration,matcher,"No. 95/PGE'18, dated 06.03.2018",nadia_FORM_1B_Prodhan_Upa-Prodhan-06032018_29b77844.pdf,5.0,11.0,"doi:10.7910/DVN/ZHF9WC datafile 10396546 (r3-all-2018.csv.gz, md5 fd3487254ae01b22b999d6425fa62309)"
West Bengal,Nadia,2018,RANAGHAT-II,ARANGHATA,True,SC,False,Aranghata (SC),exact,matcher,"No. 95/PGE'18, dated 06.03.2018",nadia_FORM_1B_Prodhan_Upa-Prodhan-06032018_29b77844.pdf,5.0,16.0,"doi:10.7910/DVN/ZHF9WC datafile 10396546 (r3-all-2018.csv.gz, md5 fd3487254ae01b22b999d6425fa62309)"
West Bengal,Nadia,2018,RANAGHAT-II,BAHIRGACHI,False,UR,False,,not_named,,"No. 95/PGE'18, dated 06.03.2018",,,,"doi:10.7910/DVN/ZHF9WC datafile 10396546 (r3-all-2018.csv.gz, md5 fd3487254ae01b22b999d6425fa62309)"
West Bengal,Nadia,2018,RANAGHAT-II,BAIDYAPUR-I,True,ST,False,Baidyapur-I (ST),exact,matcher,"No. 95/PGE'18, dated 06.03.2018",nadia_FORM_1B_Prodhan_Upa-Prodhan-06032018_29b77844.pdf,5.0,20.0,"doi:10.7910/DVN/ZHF9WC datafile 10396546 (r3-all-2018.csv.gz, md5 fd3487254ae01b22b999d6425fa62309)"
West Bengal,Nadia,2018,RANAGHAT-II,BAIDYAPUR-II,True,UR,True,Baidyapur II,exact,matcher,"No. 95/PGE'18, dated 06.03.2018",nadia_FORM_1B_Prodhan_Upa-Prodhan-06032018_29b77844.pdf,5.0,17.0,"doi:10.7910/DVN/ZHF9WC datafile 10396546 (r3-all-2018.csv.gz, md5 fd3487254ae01b22b999d6425fa62309)"
West Bengal,Nadia,2018,RANAGHAT-II,DEBAGRAM,True,SC,True,Debagram (SC) | Debagram,exact,matcher,"No. 95/PGE'18, dated 06.03.2018",nadia_FORM_1B_Prodhan_Upa-Prodhan-06032018_29b77844.pdf,5.0,14.0,"doi:10.7910/DVN/ZHF9WC datafile 10396546 (r3-all-2018.csv.gz, md5 fd3487254ae01b22b999d6425fa62309)"
West Bengal,Nadia,2018,RANAGHAT-II,DUTTAFULIA,True,SC,True,Duttapulia (SC) | Duttapulia,fuzzy,matcher,"No. 95/PGE'18, dated 06.03.2018",nadia_FORM_1B_Prodhan_Upa-Prodhan-06032018_29b77844.pdf,5.0,10.0,"doi:10.7910/DVN/ZHF9WC datafile 10396546 (r3-all-2018.csv.gz, md5 fd3487254ae01b22b999d6425fa62309)"
West Bengal,Nadia,2018,RANAGHAT-II,JUGALKISHORE,True,UR,True,Jugalkishore,exact,matcher,"No. 95/PGE'18, dated 06.03.2018",nadia_FORM_1B_Prodhan_Upa-Prodhan-06032018_29b77844.pdf,5.0,12.0,"doi:10.7910/DVN/ZHF9WC datafile 10396546 (r3-all-2018.csv.gz, md5 fd3487254ae01b22b999d6425fa62309)"
West Bengal,Nadia,2018,RANAGHAT-II,KAMALPUR,True,UR,True,Kamalpur,exact,matcher,"No. 95/PGE'18, dated 06.03.2018",nadia_FORM_1B_Prodhan_Upa-Prodhan-06032018_29b77844.pdf,5.0,19.0,"doi:10.7910/DVN/ZHF9WC datafile 10396546 (r3-all-2018.csv.gz, md5 fd3487254ae01b22b999d6425fa62309)"
West Bengal,Nadia,2018,RANAGHAT-II,MAJHERGRAM,True,UR,True,Majhergram,exact,matcher,"No. 95/PGE'18, dated 06.03.2018",nadia_FORM_1B_Prodhan_Upa-Prodhan-06032018_29b77844.pdf,5.0,18.0,"doi:10.7910/DVN/ZHF9WC datafile 10396546 (r3-all-2018.csv.gz, md5 fd3487254ae01b22b999d6425fa62309)"
West Bengal,Nadia,2018,RANAGHAT-II,NOKARI,True,SC,True,Nokari (SC) | Nokari,exact,matcher,"No. 95/PGE'18, dated 06.03.2018",nadia_FORM_1B_Prodhan_Upa-Prodhan-06032018_29b77844.pdf,5.0,13.0,"doi:10.7910/DVN/ZHF9WC datafile 10396546 (r3-all-2018.csv.gz, md5 fd3487254ae01b22b999d6425fa62309)"
West Bengal,Nadia,2018,RANAGHAT-II,RAGHUNATHPUR HIJULI-I,False,UR,False,,not_named,,"No. 95/PGE'18, dated 06.03.2018",,,,"doi:10.7910/DVN/ZHF9WC datafile 10396546 (r3-all-2018.csv.gz, md5 fd3487254ae01b22b999d6425fa62309)"
West Bengal,Nadia,2018,RANAGHAT-II,RAGHUNATHPUR HIJULI-II,False,UR,False,,not_named,,"No. 95/PGE'18, dated 06.03.2018",,,,"doi:10.7910/DVN/ZHF9WC datafile 10396546 (r3-all-2018.csv.gz, md5 fd3487254ae01b22b999d6425fa62309)"
West Bengal,Nadia,2018,RANAGHAT-II,SHYAMNAGAR,True,BC,True,Shyamnagar(BC) | Shyamnagar,exact,matcher,"No. 95/PGE'18, dated 06.03.2018",nadia_FORM_1B_Prodhan_Upa-Prodhan-06032018_29b77844.pdf,5.0,15.0,"doi:10.7910/DVN/ZHF9WC datafile 10396546 (r3-all-2018.csv.gz, md5 fd3487254ae01b22b999d6425fa62309)"
West Bengal,Nadia,2018,SANTIPUR,ARBANDI-I,True,UR,True,Arbandi-I,exact,matcher,"No. 95/PGE'18, dated 06.03.2018",nadia_FORM_1B_Prodhan_Upa-Prodhan-06032018_29b77844.pdf,4.0,13.0,"doi:10.7910/DVN/ZHF9WC datafile 10396546 (r3-all-2018.csv.gz, md5 fd3487254ae01b22b999d6425fa62309)"
West Bengal,Nadia,2018,SANTIPUR,ARBANDI-II,True,SC,True,Arbandi (SC) | Arbandi 1,fuzzy,override,"No. 95/PGE'18, dated 06.03.2018",nadia_FORM_1B_Prodhan_Upa-Prodhan-06032018_29b77844.pdf,4.0,20.0,"doi:10.7910/DVN/ZHF9WC datafile 10396546 (r3-all-2018.csv.gz, md5 fd3487254ae01b22b999d6425fa62309)"
West Bengal,Nadia,2018,SANTIPUR,BABLA,True,ST,True,Babla (ST) | Babla,exact,matcher,"No. 95/PGE'18, dated 06.03.2018",nadia_FORM_1B_Prodhan_Upa-Prodhan-06032018_29b77844.pdf,4.0,14.0,"doi:10.7910/DVN/ZHF9WC datafile 10396546 (r3-all-2018.csv.gz, md5 fd3487254ae01b22b999d6425fa62309)"
West Bengal,Nadia,2018,SANTIPUR,BAGANCHRA,True,UR,True,Baganchra,exact,matcher,"No. 95/PGE'18, dated 06.03.2018",nadia_FORM_1B_Prodhan_Upa-Prodhan-06032018_29b77844.pdf,4.0,19.0,"doi:10.7910/DVN/ZHF9WC datafile 10396546 (r3-all-2018.csv.gz, md5 fd3487254ae01b22b999d6425fa62309)"
West Bengal,Nadia,2018,SANTIPUR,BELGORIA-I,True,BC,True,Belgoria-I (BC) | Belgoria-I,exact,matcher,"No. 95/PGE'18, dated 06.03.2018",nadia_FORM_1B_Prodhan_Upa-Prodhan-06032018_29b77844.pdf,4.0,15.0,"doi:10.7910/DVN/ZHF9WC datafile 10396546 (r3-all-2018.csv.gz, md5 fd3487254ae01b22b999d6425fa62309)"
West Bengal,Nadia,2018,SANTIPUR,BELGORIA-II,True,SC,False,Belgoria-Il (SC),scan_misread,matcher,"No. 95/PGE'18, dated 06.03.2018",nadia_FORM_1B_Prodhan_Upa-Prodhan-06032018_29b77844.pdf,4.0,16.0,"doi:10.7910/DVN/ZHF9WC datafile 10396546 (r3-all-2018.csv.gz, md5 fd3487254ae01b22b999d6425fa62309)"
West Bengal,Nadia,2018,SANTIPUR,FULIA TOWNSHIP,True,BC,False,Fulia Township (BC),exact,matcher,"No. 95/PGE'18, dated 06.03.2018",nadia_FORM_1B_Prodhan_Upa-Prodhan-06032018_29b77844.pdf,4.0,18.0,"doi:10.7910/DVN/ZHF9WC datafile 10396546 (r3-all-2018.csv.gz, md5 fd3487254ae01b22b999d6425fa62309)"
West Bengal,Nadia,2018,SANTIPUR,GAYESHPUR,True,BC,False,Gayeshpur(BC),exact,matcher,"No. 95/PGE'18, dated 06.03.2018",nadia_FORM_1B_Prodhan_Upa-Prodhan-06032018_29b77844.pdf,4.0,11.0,"doi:10.7910/DVN/ZHF9WC datafile 10396546 (r3-all-2018.csv.gz, md5 fd3487254ae01b22b999d6425fa62309)"
West Bengal,Nadia,2018,SANTIPUR,HARIPUR,True,UR,True,Haripur,exact,matcher,"No. 95/PGE'18, dated 06.03.2018",nadia_FORM_1B_Prodhan_Upa-Prodhan-06032018_29b77844.pdf,4.0,12.0,"doi:10.7910/DVN/ZHF9WC datafile 10396546 (r3-all-2018.csv.gz, md5 fd3487254ae01b22b999d6425fa62309)"
West Bengal,Nadia,2018,SANTIPUR,NABLA,True,SC,False,Nabla (SC),exact,matcher,"No. 95/PGE'18, dated 06.03.2018",nadia_FORM_1B_Prodhan_Upa-Prodhan-06032018_29b77844.pdf,4.0,17.0,"doi:10.7910/DVN/ZHF9WC datafile 10396546 (r3-all-2018.csv.gz, md5 fd3487254ae01b22b999d6425fa62309)"
West Bengal,Nadia,2018,TEHATTA-I,BATAI-I,True,ST,True,Betai-I (ST) | Betai-l,transliteration,matcher,"No. 95/PGE'18, dated 06.03.2018",nadia_FORM_1B_Prodhan_Upa-Prodhan-06032018_29b77844.pdf,1.0,21.0,"doi:10.7910/DVN/ZHF9WC datafile 10396546 (r3-all-2018.csv.gz, md5 fd3487254ae01b22b999d6425fa62309)"
West Bengal,Nadia,2018,TEHATTA-I,BETAI-II,True,SC,False,Betai-ll (SC),scan_misread,matcher,"No. 95/PGE'18, dated 06.03.2018",nadia_FORM_1B_Prodhan_Upa-Prodhan-06032018_29b77844.pdf,1.0,22.0,"doi:10.7910/DVN/ZHF9WC datafile 10396546 (r3-all-2018.csv.gz, md5 fd3487254ae01b22b999d6425fa62309)"
West Bengal,Nadia,2018,TEHATTA-I,CHANDERGHAT,True,UR,True,Chanderghat,exact,matcher,"No. 95/PGE'18, dated 06.03.2018",nadia_FORM_1B_Prodhan_Upa-Prodhan-06032018_29b77844.pdf,1.0,20.0,"doi:10.7910/DVN/ZHF9WC datafile 10396546 (r3-all-2018.csv.gz, md5 fd3487254ae01b22b999d6425fa62309)"
West Bengal,Nadia,2018,TEHATTA-I,CHHITKA,True,UR,True,Chhitka,exact,matcher,"No. 95/PGE'18, dated 06.03.2018",nadia_FORM_1B_Prodhan_Upa-Prodhan-06032018_29b77844.pdf,1.0,24.0,"doi:10.7910/DVN/ZHF9WC datafile 10396546 (r3-all-2018.csv.gz, md5 fd3487254ae01b22b999d6425fa62309)"
West Bengal,Nadia,2018,TEHATTA-I,KANAINAGAR,True,SC,True,Kanainagar (SC) | Kanainagar,exact,matcher,"No. 95/PGE'18, dated 06.03.2018",nadia_FORM_1B_Prodhan_Upa-Prodhan-06032018_29b77844.pdf,2.0,3.0,"doi:10.7910/DVN/ZHF9WC datafile 10396546 (r3-all-2018.csv.gz, md5 fd3487254ae01b22b999d6425fa62309)"
West Bengal,Nadia,2018,TEHATTA-I,NATNA,True,SC,False,Natna (SC),exact,matcher,"No. 95/PGE'18, dated 06.03.2018",nadia_FORM_1B_Prodhan_Upa-Prodhan-06032018_29b77844.pdf,1.0,18.0,"doi:10.7910/DVN/ZHF9WC datafile 10396546 (r3-all-2018.csv.gz, md5 fd3487254ae01b22b999d6425fa62309)"
West Bengal,Nadia,2018,TEHATTA-I,PATHARGHATA-I,False,UR,False,,not_named,,"No. 95/PGE'18, dated 06.03.2018",,,,"doi:10.7910/DVN/ZHF9WC datafile 10396546 (r3-all-2018.csv.gz, md5 fd3487254ae01b22b999d6425fa62309)"
West Bengal,Nadia,2018,TEHATTA-I,PATHATGHATA-II,False,UR,False,,not_named,,"No. 95/PGE'18, dated 06.03.2018",,,,"doi:10.7910/DVN/ZHF9WC datafile 10396546 (r3-all-2018.csv.gz, md5 fd3487254ae01b22b999d6425fa62309)"
West Bengal,Nadia,2018,TEHATTA-I,RAGHUNATHPUR,True,UR,True,Raghunathpur,exact,matcher,"No. 95/PGE'18, dated 06.03.2018",nadia_FORM_1B_Prodhan_Upa-Prodhan-06032018_29b77844.pdf,1.0,23.0,"doi:10.7910/DVN/ZHF9WC datafile 10396546 (r3-all-2018.csv.gz, md5 fd3487254ae01b22b999d6425fa62309)"
West Bengal,Nadia,2018,TEHATTA-I,SHYAMNAGAR,False,UR,False,,not_named,,"No. 95/PGE'18, dated 06.03.2018",,,,"doi:10.7910/DVN/ZHF9WC datafile 10396546 (r3-all-2018.csv.gz, md5 fd3487254ae01b22b999d6425fa62309)"
West Bengal,Nadia,2018,TEHATTA-I,TEHATTA,True,SC,True,Tehatta (SC) | Tehatta,exact,matcher,"No. 95/PGE'18, dated 06.03.2018",nadia_FORM_1B_Prodhan_Upa-Prodhan-06032018_29b77844.pdf,1.0,19.0,"doi:10.7910/DVN/ZHF9WC datafile 10396546 (r3-all-2018.csv.gz, md5 fd3487254ae01b22b999d6425fa62309)"
West Bengal,Nadia,2018,TEHATTA-II,BARNIA,True,UR,True,Barnia,exact,matcher,"No. 95/PGE'18, dated 06.03.2018",nadia_FORM_1B_Prodhan_Upa-Prodhan-06032018_29b77844.pdf,2.0,9.0,"doi:10.7910/DVN/ZHF9WC datafile 10396546 (r3-all-2018.csv.gz, md5 fd3487254ae01b22b999d6425fa62309)"
West Bengal,Nadia,2018,TEHATTA-II,GOPINATHPUR,True,SC,True,Gopinathpur (SC) | Gopinathpur,exact,matcher,"No. 95/PGE'18, dated 06.03.2018",nadia_FORM_1B_Prodhan_Upa-Prodhan-06032018_29b77844.pdf,2.0,5.0,"doi:10.7910/DVN/ZHF9WC datafile 10396546 (r3-all-2018.csv.gz, md5 fd3487254ae01b22b999d6425fa62309)"
West Bengal,Nadia,2018,TEHATTA-II,HANSPUKURIA,True,SC,True,Hanspukuria (SC) | Hanspukuria,exact,matcher,"No. 95/PGE'18, dated 06.03.2018",nadia_FORM_1B_Prodhan_Upa-Prodhan-06032018_29b77844.pdf,2.0,10.0,"doi:10.7910/DVN/ZHF9WC datafile 10396546 (r3-all-2018.csv.gz, md5 fd3487254ae01b22b999d6425fa62309)"
West Bengal,Nadia,2018,TEHATTA-II,PALASIPARA,True,UR,True,Palashipara,transliteration,matcher,"No. 95/PGE'18, dated 06.03.2018",nadia_FORM_1B_Prodhan_Upa-Prodhan-06032018_29b77844.pdf,2.0,6.0,"doi:10.7910/DVN/ZHF9WC datafile 10396546 (r3-all-2018.csv.gz, md5 fd3487254ae01b22b999d6425fa62309)"
West Bengal,Nadia,2018,TEHATTA-II,PALSUNDA-I,True,BC,False,Palsunda-! (BC),scan_misread,matcher,"No. 95/PGE'18, dated 06.03.2018",nadia_FORM_1B_Prodhan_Upa-Prodhan-06032018_29b77844.pdf,2.0,8.0,"doi:10.7910/DVN/ZHF9WC datafile 10396546 (r3-all-2018.csv.gz, md5 fd3487254ae01b22b999d6425fa62309)"
West Bengal,Nadia,2018,TEHATTA-II,PALSUNDA-II,False,UR,False,,not_named,,"No. 95/PGE'18, dated 06.03.2018",,,,"doi:10.7910/DVN/ZHF9WC datafile 10396546 (r3-all-2018.csv.gz, md5 fd3487254ae01b22b999d6425fa62309)"
West Bengal,Nadia,2018,TEHATTA-II,SAHEBNAGAR,True,BC,False,Sahebnagar (BC),exact,matcher,"No. 95/PGE'18, dated 06.03.2018",nadia_FORM_1B_Prodhan_Upa-Prodhan-06032018_29b77844.pdf,2.0,7.0,"doi:10.7910/DVN/ZHF9WC datafile 10396546 (r3-all-2018.csv.gz, md5 fd3487254ae01b22b999d6425fa62309)"
West Bengal,Malda,2013,BAMONGOLA,BAMONGOLA,True,SC,False,BAMANGOLA | BAMANGOLA(SC),transliteration,matcher,"No. 334/P/PGE'13, dated 15/03/2013",malda_Office_Bearer_of_ZP_PS_GP_d4c3b045.pdf,7.0,5.0,"doi:10.7910/DVN/ZHF9WC datafile 10396541 (r3-all-2013.csv.gz, md5 e6950bd317dabe3b41bf7738c248e7ee)"
West Bengal,Malda,2013,BAMONGOLA,CHANDPUR,True,UR,False,CHANDPUR,exact,matcher,"No. 334/P/PGE'13, dated 15/03/2013",malda_Office_Bearer_of_ZP_PS_GP_d4c3b045.pdf,7.0,6.0,"doi:10.7910/DVN/ZHF9WC datafile 10396541 (r3-all-2013.csv.gz, md5 e6950bd317dabe3b41bf7738c248e7ee)"
West Bengal,Malda,2013,BAMONGOLA,GOBINDAPUR-MAHESHPUR,True,UR,True,GOBINDAPUR-MAHESHPUR | GOBINDAPUR-MAHESHPUR (W:,exact,matcher,"No. 334/P/PGE'13, dated 15/03/2013",malda_Office_Bearer_of_ZP_PS_GP_d4c3b045.pdf,7.0,4.0,"doi:10.7910/DVN/ZHF9WC datafile 10396541 (r3-all-2013.csv.gz, md5 e6950bd317dabe3b41bf7738c248e7ee)"
West Bengal,Malda,2013,BAMONGOLA,JAGDALA,True,ST,True,JAGDALA | JAGDALA (ST) | JAGDALA (STW),exact,matcher,"No. 334/P/PGE'13, dated 15/03/2013",malda_Office_Bearer_of_ZP_PS_GP_d4c3b045.pdf,7.0,8.0,"doi:10.7910/DVN/ZHF9WC datafile 10396541 (r3-all-2013.csv.gz, md5 e6950bd317dabe3b41bf7738c248e7ee)"
West Bengal,Malda,2013,BAMONGOLA,MADNABATI,True,ST,True,MADNABATI | MADNABATI (ST) | MADNABATI (STW),exact,matcher,"No. 334/P/PGE'13, dated 15/03/2013",malda_Office_Bearer_of_ZP_PS_GP_d4c3b045.pdf,7.0,3.0,"doi:10.7910/DVN/ZHF9WC datafile 10396541 (r3-all-2013.csv.gz, md5 e6950bd317dabe3b41bf7738c248e7ee)"
West Bengal,Malda,2013,BAMONGOLA,PAKUAHAT,True,UR,True,PAKUAHAT | PAKUAHAT(W),exact,matcher,"No. 334/P/PGE'13, dated 15/03/2013",malda_Office_Bearer_of_ZP_PS_GP_d4c3b045.pdf,7.0,7.0,"doi:10.7910/DVN/ZHF9WC datafile 10396541 (r3-all-2013.csv.gz, md5 e6950bd317dabe3b41bf7738c248e7ee)"
West Bengal,Malda,2013,CHANCHAL-I,ALIHANDA,True,SC,True,ALIHANDA | ALIHANDA(SC) | ALIHANDA(SCW),exact,matcher,"No. 334/P/PGE'13, dated 15/03/2013",malda_Office_Bearer_of_ZP_PS_GP_d4c3b045.pdf,8.0,15.0,"doi:10.7910/DVN/ZHF9WC datafile 10396541 (r3-all-2013.csv.gz, md5 e6950bd317dabe3b41bf7738c248e7ee)"
West Bengal,Malda,2013,CHANCHAL-I,BHAGABANPUR,True,SC,True,BHAGABANPUR(Ch-!) | BHAGABANPUR(SC) | BHAGABANPUR(SCW),exact,override,"No. 334/P/PGE'13, dated 15/03/2013",malda_Office_Bearer_of_ZP_PS_GP_d4c3b045.pdf,8.0,13.0,"doi:10.7910/DVN/ZHF9WC datafile 10396541 (r3-all-2013.csv.gz, md5 e6950bd317dabe3b41bf7738c248e7ee)"
West Bengal,Malda,2013,CHANCHAL-I,CHANCHOL,True,SC,False,CHANCHAL | CHANCHAL(SC),transliteration,matcher,"No. 334/P/PGE'13, dated 15/03/2013",malda_Office_Bearer_of_ZP_PS_GP_d4c3b045.pdf,8.0,19.0,"doi:10.7910/DVN/ZHF9WC datafile 10396541 (r3-all-2013.csv.gz, md5 e6950bd317dabe3b41bf7738c248e7ee)"
West Bengal,Malda,2013,CHANCHAL-I,KALIGRAM,True,UR,False,KALIGRAM,exact,matcher,"No. 334/P/PGE'13, dated 15/03/2013",malda_Office_Bearer_of_ZP_PS_GP_d4c3b045.pdf,8.0,16.0,"doi:10.7910/DVN/ZHF9WC datafile 10396541 (r3-all-2013.csv.gz, md5 e6950bd317dabe3b41bf7738c248e7ee)"
West Bengal,Malda,2013,CHANCHAL-I,KHARBA,True,BC,True,KHARBA | KHARBA(BC) | KHARBA(BCW),exact,matcher,"No. 334/P/PGE'13, dated 15/03/2013",malda_Office_Bearer_of_ZP_PS_GP_d4c3b045.pdf,8.0,17.0,"doi:10.7910/DVN/ZHF9WC datafile 10396541 (r3-all-2013.csv.gz, md5 e6950bd317dabe3b41bf7738c248e7ee)"
West Bengal,Malda,2013,CHANCHAL-I,MAHANANDAPUR,True,BC,True,MAHANANDAPUR | MAHANANDAPUR(BC) | MAHANANDAPUR(BCW),exact,matcher,"No. 334/P/PGE'13, dated 15/03/2013",malda_Office_Bearer_of_ZP_PS_GP_d4c3b045.pdf,8.0,12.0,"doi:10.7910/DVN/ZHF9WC datafile 10396541 (r3-all-2013.csv.gz, md5 e6950bd317dabe3b41bf7738c248e7ee)"
West Bengal,Malda,2013,CHANCHAL-I,MAKDAMPUR,True,BC,False,MOKDUMPUR | MOKDUMPUR(BC),transliteration,matcher,"No. 334/P/PGE'13, dated 15/03/2013",malda_Office_Bearer_of_ZP_PS_GP_d4c3b045.pdf,8.0,14.0,"doi:10.7910/DVN/ZHF9WC datafile 10396541 (r3-all-2013.csv.gz, md5 e6950bd317dabe3b41bf7738c248e7ee)"
West Bengal,Malda,2013,CHANCHAL-I,MOTIHARPUR,True,UR,True,MOTIHARPUR | MOTIHARPUR(W),exact,matcher,"No. 334/P/PGE'13, dated 15/03/2013",malda_Office_Bearer_of_ZP_PS_GP_d4c3b045.pdf,8.0,18.0,"doi:10.7910/DVN/ZHF9WC datafile 10396541 (r3-all-2013.csv.gz, md5 e6950bd317dabe3b41bf7738c248e7ee)"
West Bengal,Malda,2013,CHANCHAL-II,BHAKRI,True,SC,True,BHAKRI | BHAKRI(SC) | BHAKRI(SCW),exact,matcher,"No. 334/P/PGE'13, dated 15/03/2013",malda_Office_Bearer_of_ZP_PS_GP_d4c3b045.pdf,8.0,29.0,"doi:10.7910/DVN/ZHF9WC datafile 10396541 (r3-all-2013.csv.gz, md5 e6950bd317dabe3b41bf7738c248e7ee)"
West Bengal,Malda,2013,CHANCHAL-II,CHANDRAPARA,True,UR,True,CHANDRAPARA | CHANDRAPARA(W),exact,matcher,"No. 334/P/PGE'13, dated 15/03/2013",malda_Office_Bearer_of_ZP_PS_GP_d4c3b045.pdf,8.0,33.0,"doi:10.7910/DVN/ZHF9WC datafile 10396541 (r3-all-2013.csv.gz, md5 e6950bd317dabe3b41bf7738c248e7ee)"
West Bengal,Malda,2013,CHANCHAL-II,DHANGARA-BISHANPUR,True,BC,True,DHANGARA BISANPUR | DHANGARA BISANPUR(BC) | DHANGARA BISANPUR(BCW),transliteration,matcher,"No. 334/P/PGE'13, dated 15/03/2013",malda_Office_Bearer_of_ZP_PS_GP_d4c3b045.pdf,8.0,34.0,"doi:10.7910/DVN/ZHF9WC datafile 10396541 (r3-all-2013.csv.gz, md5 e6950bd317dabe3b41bf7738c248e7ee)"
West Bengal,Malda,2013,CHANCHAL-II,GOURHANDA,True,UR,True,GOURHAND | GOURHAND(W),transliteration,matcher,"No. 334/P/PGE'13, dated 15/03/2013",malda_Office_Bearer_of_ZP_PS_GP_d4c3b045.pdf,8.0,30.0,"doi:10.7910/DVN/ZHF9WC datafile 10396541 (r3-all-2013.csv.gz, md5 e6950bd317dabe3b41bf7738c248e7ee)"
West Bengal,Malda,2013,CHANCHAL-II,JALALPUR,True,BC,False,JALALPUR(Ch-II) | JALALPUR(BC),exact,override,"No. 334/P/PGE'13, dated 15/03/2013",malda_Office_Bearer_of_ZP_PS_GP_d4c3b045.pdf,8.0,32.0,"doi:10.7910/DVN/ZHF9WC datafile 10396541 (r3-all-2013.csv.gz, md5 e6950bd317dabe3b41bf7738c248e7ee)"
West Bengal,Malda,2013,CHANCHAL-II,KSHEMPUR,True,SC,False,KSHEMPUR | KSHEMPUR(SC),exact,matcher,"No. 334/P/PGE'13, dated 15/03/2013",malda_Office_Bearer_of_ZP_PS_GP_d4c3b045.pdf,8.0,35.0,"doi:10.7910/DVN/ZHF9WC datafile 10396541 (r3-all-2013.csv.gz, md5 e6950bd317dabe3b41bf7738c248e7ee)"
West Bengal,Malda,2013,CHANCHAL-II,MALATIPUR,True,UR,False,MALATIPUR,exact,matcher,"No. 334/P/PGE'13, dated 15/03/2013",malda_Office_Bearer_of_ZP_PS_GP_d4c3b045.pdf,8.0,31.0,"doi:10.7910/DVN/ZHF9WC datafile 10396541 (r3-all-2013.csv.gz, md5 e6950bd317dabe3b41bf7738c248e7ee)"
West Bengal,Malda,2013,ENGLISH BAZAR,AMRITI,True,BC,False,AMRITY | AMRITY(BC),transliteration,matcher,"No. 334/P/PGE'13, dated 15/03/2013",malda_Office_Bearer_of_ZP_PS_GP_d4c3b045.pdf,9.0,15.0,"doi:10.7910/DVN/ZHF9WC datafile 10396541 (r3-all-2013.csv.gz, md5 e6950bd317dabe3b41bf7738c248e7ee)"
West Bengal,Malda,2013,ENGLISH BAZAR,BINODPUR,True,UR,True,BINODPUR | BINODPUR(W),exact,matcher,"No. 334/P/PGE'13, dated 15/03/2013",malda_Office_Bearer_of_ZP_PS_GP_d4c3b045.pdf,9.0,14.0,"doi:10.7910/DVN/ZHF9WC datafile 10396541 (r3-all-2013.csv.gz, md5 e6950bd317dabe3b41bf7738c248e7ee)"
West Bengal,Malda,2013,ENGLISH BAZAR,FULBARIA,True,UR,True,FULBARIA | FULBARIA(W),exact,matcher,"No. 334/P/PGE'13, dated 15/03/2013",malda_Office_Bearer_of_ZP_PS_GP_d4c3b045.pdf,9.0,11.0,"doi:10.7910/DVN/ZHF9WC datafile 10396541 (r3-all-2013.csv.gz, md5 e6950bd317dabe3b41bf7738c248e7ee)"
West Bengal,Malda,2013,ENGLISH BAZAR,JADUPUR-I,True,UR,True,JADUPUR-! | JADUPUR-I(W),exact,matcher,"No. 334/P/PGE'13, dated 15/03/2013",malda_Office_Bearer_of_ZP_PS_GP_d4c3b045.pdf,9.0,18.0,"doi:10.7910/DVN/ZHF9WC datafile 10396541 (r3-all-2013.csv.gz, md5 e6950bd317dabe3b41bf7738c248e7ee)"
West Bengal,Malda,2013,ENGLISH BAZAR,JADUPUR-II,True,ST,True,JADUPUR-!! | JADUPUR-II(ST) | JADUPUR-II(STW),exact,matcher,"No. 334/P/PGE'13, dated 15/03/2013",malda_Office_Bearer_of_ZP_PS_GP_d4c3b045.pdf,9.0,19.0,"doi:10.7910/DVN/ZHF9WC datafile 10396541 (r3-all-2013.csv.gz, md5 e6950bd317dabe3b41bf7738c248e7ee)"
West Bengal,Malda,2013,ENGLISH BAZAR,KAJIGRAM,True,UR,False,KAZIGRAM,transliteration,matcher,"No. 334/P/PGE'13, dated 15/03/2013",malda_Office_Bearer_of_ZP_PS_GP_d4c3b045.pdf,9.0,16.0,"doi:10.7910/DVN/ZHF9WC datafile 10396541 (r3-all-2013.csv.gz, md5 e6950bd317dabe3b41bf7738c248e7ee)"
West Bengal,Malda,2013,ENGLISH BAZAR,KOTWALI,True,SC,True,KOTWALI | KOTWALI(SC) | KOTWALI(SCW),exact,matcher,"No. 334/P/PGE'13, dated 15/03/2013",malda_Office_Bearer_of_ZP_PS_GP_d4c3b045.pdf,9.0,17.0,"doi:10.7910/DVN/ZHF9WC datafile 10396541 (r3-all-2013.csv.gz, md5 e6950bd317dabe3b41bf7738c248e7ee)"
West Bengal,Malda,2013,ENGLISH BAZAR,MAHADIPUR,True,UR,False,MAHADIPUR,exact,matcher,"No. 334/P/PGE'13, dated 15/03/2013",malda_Office_Bearer_of_ZP_PS_GP_d4c3b045.pdf,9.0,20.0,"doi:10.7910/DVN/ZHF9WC datafile 10396541 (r3-all-2013.csv.gz, md5 e6950bd317dabe3b41bf7738c248e7ee)"
West Bengal,Malda,2013,ENGLISH BAZAR,MILKI,True,SC,True,MILK! | MILKI(SC) | MILKI(SCW),exact,matcher,"No. 334/P/PGE'13, dated 15/03/2013",malda_Office_Bearer_of_ZP_PS_GP_d4c3b045.pdf,9.0,12.0,"doi:10.7910/DVN/ZHF9WC datafile 10396541 (r3-all-2013.csv.gz, md5 e6950bd317dabe3b41bf7738c248e7ee)"
West Bengal,Malda,2013,ENGLISH BAZAR,NARHATTA,True,UR,False,NARHATTA,exact,matcher,"No. 334/P/PGE'13, dated 15/03/2013",malda_Office_Bearer_of_ZP_PS_GP_d4c3b045.pdf,9.0,13.0,"doi:10.7910/DVN/ZHF9WC datafile 10396541 (r3-all-2013.csv.gz, md5 e6950bd317dabe3b41bf7738c248e7ee)"
West Bengal,Malda,2013,ENGLISH BAZAR,SOVANAGAR,True,UR,False,SOVANAGAR,exact,matcher,"No. 334/P/PGE'13, dated 15/03/2013",malda_Office_Bearer_of_ZP_PS_GP_d4c3b045.pdf,9.0,10.0,"doi:10.7910/DVN/ZHF9WC datafile 10396541 (r3-all-2013.csv.gz, md5 e6950bd317dabe3b41bf7738c248e7ee)"
West Bengal,Malda,2013,GAZOLE,ALAL,True,BC,False,ALAL | ALAL (BC),exact,matcher,"No. 334/P/PGE'13, dated 15/03/2013",malda_Office_Bearer_of_ZP_PS_GP_d4c3b045.pdf,7.0,20.0,"doi:10.7910/DVN/ZHF9WC datafile 10396541 (r3-all-2013.csv.gz, md5 e6950bd317dabe3b41bf7738c248e7ee)"
West Bengal,Malda,2013,GAZOLE,BABUPUR,True,UR,False,BABUPUR,exact,matcher,"No. 334/P/PGE'13, dated 15/03/2013",malda_Office_Bearer_of_ZP_PS_GP_d4c3b045.pdf,7.0,23.0,"doi:10.7910/DVN/ZHF9WC datafile 10396541 (r3-all-2013.csv.gz, md5 e6950bd317dabe3b41bf7738c248e7ee)"
West Bengal,Malda,2013,GAZOLE,BAIRGACHHI-I,True,BC,True,BAIRGACHHI-I | BAIRGACHHI-I(BC) | BAIRGACHHI-I(BCW),exact,matcher,"No. 334/P/PGE'13, dated 15/03/2013",malda_Office_Bearer_of_ZP_PS_GP_d4c3b045.pdf,7.0,30.0,"doi:10.7910/DVN/ZHF9WC datafile 10396541 (r3-all-2013.csv.gz, md5 e6950bd317dabe3b41bf7738c248e7ee)"
West Bengal,Malda,2013,GAZOLE,BAIRGACHHI-II,True,UR,True,BAIRGACHHI-I] | BAIRGACHHI-II(W),exact,matcher,"No. 334/P/PGE'13, dated 15/03/2013",malda_Office_Bearer_of_ZP_PS_GP_d4c3b045.pdf,7.0,29.0,"doi:10.7910/DVN/ZHF9WC datafile 10396541 (r3-all-2013.csv.gz, md5 e6950bd317dabe3b41bf7738c248e7ee)"
West Bengal,Malda,2013,GAZOLE,CHAKNAGAR,True,SC,True,CHAKNAGAR | CHAKNAGAR(SC) | CHAKNAGAR(SCW),exact,matcher,"No. 334/P/PGE'13, dated 15/03/2013",malda_Office_Bearer_of_ZP_PS_GP_d4c3b045.pdf,7.0,24.0,"doi:10.7910/DVN/ZHF9WC datafile 10396541 (r3-all-2013.csv.gz, md5 e6950bd317dabe3b41bf7738c248e7ee)"
West Bengal,Malda,2013,GAZOLE,DEOTALA,True,ST,False,DEOTALA | DEOTALA (ST),exact,matcher,"No. 334/P/PGE'13, dated 15/03/2013",malda_Office_Bearer_of_ZP_PS_GP_d4c3b045.pdf,7.0,22.0,"doi:10.7910/DVN/ZHF9WC datafile 10396541 (r3-all-2013.csv.gz, md5 e6950bd317dabe3b41bf7738c248e7ee)"
West Bengal,Malda,2013,GAZOLE,GAZOLE-I,True,SC,True,GAZOLE-I | GAZOLE-I (SC) | GAZOLE-I (SCW),exact,matcher,"No. 334/P/PGE'13, dated 15/03/2013",malda_Office_Bearer_of_ZP_PS_GP_d4c3b045.pdf,7.0,27.0,"doi:10.7910/DVN/ZHF9WC datafile 10396541 (r3-all-2013.csv.gz, md5 e6950bd317dabe3b41bf7738c248e7ee)"
West Bengal,Malda,2013,GAZOLE,GAZOLE-II,True,ST,False,GAZOLE-II | GAZOLE-II (ST),exact,matcher,"No. 334/P/PGE'13, dated 15/03/2013",malda_Office_Bearer_of_ZP_PS_GP_d4c3b045.pdf,7.0,28.0,"doi:10.7910/DVN/ZHF9WC datafile 10396541 (r3-all-2013.csv.gz, md5 e6950bd317dabe3b41bf7738c248e7ee)"
West Bengal,Malda,2013,GAZOLE,KARKACH,True,UR,True,KARKACH | KARKACH(W),exact,matcher,"No. 334/P/PGE'13, dated 15/03/2013",malda_Office_Bearer_of_ZP_PS_GP_d4c3b045.pdf,7.0,21.0,"doi:10.7910/DVN/ZHF9WC datafile 10396541 (r3-all-2013.csv.gz, md5 e6950bd317dabe3b41bf7738c248e7ee)"
West Bengal,Malda,2013,GAZOLE,MAJHRA,True,UR,False,MAJHRA,exact,matcher,"No. 334/P/PGE'13, dated 15/03/2013",malda_Office_Bearer_of_ZP_PS_GP_d4c3b045.pdf,7.0,32.0,"doi:10.7910/DVN/ZHF9WC datafile 10396541 (r3-all-2013.csv.gz, md5 e6950bd317dabe3b41bf7738c248e7ee)"
West Bengal,Malda,2013,GAZOLE,PANDUA,True,SC,False,PANDUA | PANDUA(SC),exact,matcher,"No. 334/P/PGE'13, dated 15/03/2013",malda_Office_Bearer_of_ZP_PS_GP_d4c3b045.pdf,7.0,31.0,"doi:10.7910/DVN/ZHF9WC datafile 10396541 (r3-all-2013.csv.gz, md5 e6950bd317dabe3b41bf7738c248e7ee)"
West Bengal,Malda,2013,GAZOLE,RANIGANJ-I,True,SC,True,RANIGANJ-| | RANIGANJ-I(SC) | RANIGANJ-I(SCW),exact,matcher,"No. 334/P/PGE'13, dated 15/03/2013",malda_Office_Bearer_of_ZP_PS_GP_d4c3b045.pdf,8.0,3.0,"doi:10.7910/DVN/ZHF9WC datafile 10396541 (r3-all-2013.csv.gz, md5 e6950bd317dabe3b41bf7738c248e7ee)"
West Bengal,Malda,2013,GAZOLE,RANIGANJ-II,True,UR,True,RANIGANJ-II | RANIGANJ-II(W),exact,matcher,"No. 334/P/PGE'13, dated 15/03/2013",malda_Office_Bearer_of_ZP_PS_GP_d4c3b045.pdf,8.0,4.0,"doi:10.7910/DVN/ZHF9WC datafile 10396541 (r3-all-2013.csv.gz, md5 e6950bd317dabe3b41bf7738c248e7ee)"
West Bengal,Malda,2013,GAZOLE,SAHAJADPUR,True,BC,False,SAHAJADPUR | SAHAJADPUR(BC),exact,matcher,"No. 334/P/PGE'13, dated 15/03/2013",malda_Office_Bearer_of_ZP_PS_GP_d4c3b045.pdf,7.0,26.0,"doi:10.7910/DVN/ZHF9WC datafile 10396541 (r3-all-2013.csv.gz, md5 e6950bd317dabe3b41bf7738c248e7ee)"
West Bengal,Malda,2013,GAZOLE,SALAIDANGA,True,SC,True,SALAIDANGA | SALAIDANGA(SC) | SALAIDANGA(SCW),exact,matcher,"No. 334/P/PGE'13, dated 15/03/2013",malda_Office_Bearer_of_ZP_PS_GP_d4c3b045.pdf,7.0,25.0,"doi:10.7910/DVN/ZHF9WC datafile 10396541 (r3-all-2013.csv.gz, md5 e6950bd317dabe3b41bf7738c248e7ee)"
West Bengal,Malda,2013,HABIBPUR,AIHO,True,BC,False,AIHO | AIHO(BC),exact,matcher,"No. 334/P/PGE'13, dated 15/03/2013",malda_Office_Bearer_of_ZP_PS_GP_d4c3b045.pdf,7.0,17.0,"doi:10.7910/DVN/ZHF9WC datafile 10396541 (r3-all-2013.csv.gz, md5 e6950bd317dabe3b41bf7738c248e7ee)"
West Bengal,Malda,2013,HABIBPUR,AKTAIL,True,UR,False,AKTAIL,exact,matcher,"No. 334/P/PGE'13, dated 15/03/2013",malda_Office_Bearer_of_ZP_PS_GP_d4c3b045.pdf,7.0,10.0,"doi:10.7910/DVN/ZHF9WC datafile 10396541 (r3-all-2013.csv.gz, md5 e6950bd317dabe3b41bf7738c248e7ee)"
West Bengal,Malda,2013,HABIBPUR,BAIDYAPUR,True,SC,True,BAIDYAPUR | BAIDYAPUR(SC) | BAIDYAPUR(SCW),exact,matcher,"No. 334/P/PGE'13, dated 15/03/2013",malda_Office_Bearer_of_ZP_PS_GP_d4c3b045.pdf,7.0,11.0,"doi:10.7910/DVN/ZHF9WC datafile 10396541 (r3-all-2013.csv.gz, md5 e6950bd317dabe3b41bf7738c248e7ee)"
West Bengal,Malda,2013,HABIBPUR,BULBULCHANDI,True,ST,True,BULBULCHANDI | BULBULCHANDK(ST) | BULBULCHANDI(STW),exact,matcher,"No. 334/P/PGE'13, dated 15/03/2013",malda_Office_Bearer_of_ZP_PS_GP_d4c3b045.pdf,7.0,15.0,"doi:10.7910/DVN/ZHF9WC datafile 10396541 (r3-all-2013.csv.gz, md5 e6950bd317dabe3b41bf7738c248e7ee)"
West Bengal,Malda,2013,HABIBPUR,DHUMPUR,True,UR,True,DHUMPUR | DHUMPUR(W),exact,matcher,"No. 334/P/PGE'13, dated 15/03/2013",malda_Office_Bearer_of_ZP_PS_GP_d4c3b045.pdf,7.0,16.0,"doi:10.7910/DVN/ZHF9WC datafile 10396541 (r3-all-2013.csv.gz, md5 e6950bd317dabe3b41bf7738c248e7ee)"
West Bengal,Malda,2013,HABIBPUR,HABIBPUR,True,UR,False,HABIBPUR,exact,matcher,"No. 334/P/PGE'13, dated 15/03/2013",malda_Office_Bearer_of_ZP_PS_GP_d4c3b045.pdf,7.0,14.0,"doi:10.7910/DVN/ZHF9WC datafile 10396541 (r3-all-2013.csv.gz, md5 e6950bd317dabe3b41bf7738c248e7ee)"
West Bengal,Malda,2013,HABIBPUR,JAJAIL,True,UR,True,JAJOIL | JAJOIL(W),transliteration,matcher,"No. 334/P/PGE'13, dated 15/03/2013",malda_Office_Bearer_of_ZP_PS_GP_d4c3b045.pdf,7.0,12.0,"doi:10.7910/DVN/ZHF9WC datafile 10396541 (r3-all-2013.csv.gz, md5 e6950bd317dabe3b41bf7738c248e7ee)"
West Bengal,Malda,2013,HABIBPUR,KANTURKA,True,ST,False,KANTURKA | KANTURKA(ST),exact,matcher,"No. 334/P/PGE'13, dated 15/03/2013",malda_Office_Bearer_of_ZP_PS_GP_d4c3b045.pdf,7.0,13.0,"doi:10.7910/DVN/ZHF9WC datafile 10396541 (r3-all-2013.csv.gz, md5 e6950bd317dabe3b41bf7738c248e7ee)"
West Bengal,Malda,2013,HABIBPUR,MANGALPUR,True,ST,False,MANGALPURA | MANGALPURA(ST),transliteration,matcher,"No. 334/P/PGE'13, dated 15/03/2013",malda_Office_Bearer_of_ZP_PS_GP_d4c3b045.pdf,7.0,9.0,"doi:10.7910/DVN/ZHF9WC datafile 10396541 (r3-all-2013.csv.gz, md5 e6950bd317dabe3b41bf7738c248e7ee)"
West Bengal,Malda,2013,HABIBPUR,RISHIPUR,True,UR,False,RISHIPUR,exact,matcher,"No. 334/P/PGE'13, dated 15/03/2013",malda_Office_Bearer_of_ZP_PS_GP_d4c3b045.pdf,7.0,18.0,"doi:10.7910/DVN/ZHF9WC datafile 10396541 (r3-all-2013.csv.gz, md5 e6950bd317dabe3b41bf7738c248e7ee)"
West Bengal,Malda,2013,HABIBPUR,SREERAMPUR,True,SC,True,SRIRAMPUR | SRIRAMPUR(SC) | SRIRAMPUR(SCW),transliteration,override,"No. 334/P/PGE'13, dated 15/03/2013",malda_Office_Bearer_of_ZP_PS_GP_d4c3b045.pdf,7.0,19.0,"doi:10.7910/DVN/ZHF9WC datafile 10396541 (r3-all-2013.csv.gz, md5 e6950bd317dabe3b41bf7738c248e7ee)"
West Bengal,Malda,2013,HARISHCHANDRAPUR-I,BARUI,True,BC,True,BORO! | BORO! (BC) | BORO! (BCW),transliteration,override,"No. 334/P/PGE'13, dated 15/03/2013",malda_Office_Bearer_of_ZP_PS_GP_d4c3b045.pdf,8.0,6.0,"doi:10.7910/DVN/ZHF9WC datafile 10396541 (r3-all-2013.csv.gz, md5 e6950bd317dabe3b41bf7738c248e7ee)"
West Bengal,Malda,2013,HARISHCHANDRAPUR-I,BHINGOLE,True,UR,True,BHINGOLE | BHINGOLE(W),exact,matcher,"No. 334/P/PGE'13, dated 15/03/2013",malda_Office_Bearer_of_ZP_PS_GP_d4c3b045.pdf,8.0,10.0,"doi:10.7910/DVN/ZHF9WC datafile 10396541 (r3-all-2013.csv.gz, md5 e6950bd317dabe3b41bf7738c248e7ee)"
West Bengal,Malda,2013,HARISHCHANDRAPUR-I,HARISHCHANDRAPUR,True,ST,False,HARISHCHANDRAPUR | HARISHCHANDRAPUR(ST),exact,matcher,"No. 334/P/PGE'13, dated 15/03/2013",malda_Office_Bearer_of_ZP_PS_GP_d4c3b045.pdf,8.0,11.0,"doi:10.7910/DVN/ZHF9WC datafile 10396541 (r3-all-2013.csv.gz, md5 e6950bd317dabe3b41bf7738c248e7ee)"
West Bengal,Malda,2013,HARISHCHANDRAPUR-I,KUSIDHA,True,BC,False,KUSHIDA | KUSHIDA (BC),transliteration,matcher,"No. 334/P/PGE'13, dated 15/03/2013",malda_Office_Bearer_of_ZP_PS_GP_d4c3b045.pdf,8.0,5.0,"doi:10.7910/DVN/ZHF9WC datafile 10396541 (r3-all-2013.csv.gz, md5 e6950bd317dabe3b41bf7738c248e7ee)"
West Bengal,Malda,2013,HARISHCHANDRAPUR-I,MAHENDRAPUR,True,SC,False,MAHENDRAPUR | MAHENDRAPUR(SC),exact,matcher,"No. 334/P/PGE'13, dated 15/03/2013",malda_Office_Bearer_of_ZP_PS_GP_d4c3b045.pdf,8.0,9.0,"doi:10.7910/DVN/ZHF9WC datafile 10396541 (r3-all-2013.csv.gz, md5 e6950bd317dabe3b41bf7738c248e7ee)"
West Bengal,Malda,2013,HARISHCHANDRAPUR-I,RASHIDABAD,True,SC,False,RASHIDABAD | RASHIDABAD(SC),exact,matcher,"No. 334/P/PGE'13, dated 15/03/2013",malda_Office_Bearer_of_ZP_PS_GP_d4c3b045.pdf,8.0,7.0,"doi:10.7910/DVN/ZHF9WC datafile 10396541 (r3-all-2013.csv.gz, md5 e6950bd317dabe3b41bf7738c248e7ee)"
West Bengal,Malda,2013,HARISHCHANDRAPUR-I,TULSIHATTA,True,UR,False,TULSHIHATTA,transliteration,matcher,"No. 334/P/PGE'13, dated 15/03/2013",malda_Office_Bearer_of_ZP_PS_GP_d4c3b045.pdf,8.0,8.0,"doi:10.7910/DVN/ZHF9WC datafile 10396541 (r3-all-2013.csv.gz, md5 e6950bd317dabe3b41bf7738c248e7ee)"
West Bengal,Malda,2013,HARISHCHANDRAPUR-II,DAULATPUR,True,SC,True,DOULATPUR | DOULATPUR(SC) | DOULATPUR(SCW),transliteration,matcher,"No. 334/P/PGE'13, dated 15/03/2013",malda_Office_Bearer_of_ZP_PS_GP_d4c3b045.pdf,8.0,27.0,"doi:10.7910/DVN/ZHF9WC datafile 10396541 (r3-all-2013.csv.gz, md5 e6950bd317dabe3b41bf7738c248e7ee)"
West Bengal,Malda,2013,HARISHCHANDRAPUR-II,DOULATNAGAR,True,UR,False,DOULATNAGAR,exact,matcher,"No. 334/P/PGE'13, dated 15/03/2013",malda_Office_Bearer_of_ZP_PS_GP_d4c3b045.pdf,8.0,25.0,"doi:10.7910/DVN/ZHF9WC datafile 10396541 (r3-all-2013.csv.gz, md5 e6950bd317dabe3b41bf7738c248e7ee)"
West Bengal,Malda,2013,HARISHCHANDRAPUR-II,ISLAMPUR,True,SC,True,ISLAMPUR | ISLAMPUR(SC) | ISLAMPUR(SCW),exact,matcher,"No. 334/P/PGE'13, dated 15/03/2013",malda_Office_Bearer_of_ZP_PS_GP_d4c3b045.pdf,8.0,24.0,"doi:10.7910/DVN/ZHF9WC datafile 10396541 (r3-all-2013.csv.gz, md5 e6950bd317dabe3b41bf7738c248e7ee)"
West Bengal,Malda,2013,HARISHCHANDRAPUR-II,MALIOR-I,True,UR,False,MALIOR-|,scan_misread,matcher,"No. 334/P/PGE'13, dated 15/03/2013",malda_Office_Bearer_of_ZP_PS_GP_d4c3b045.pdf,8.0,22.0,"doi:10.7910/DVN/ZHF9WC datafile 10396541 (r3-all-2013.csv.gz, md5 e6950bd317dabe3b41bf7738c248e7ee)"
West Bengal,Malda,2013,HARISHCHANDRAPUR-II,MALIOR-II,True,UR,True,MALIOR-II | MALIOR-II(W),exact,matcher,"No. 334/P/PGE'13, dated 15/03/2013",malda_Office_Bearer_of_ZP_PS_GP_d4c3b045.pdf,8.0,23.0,"doi:10.7910/DVN/ZHF9WC datafile 10396541 (r3-all-2013.csv.gz, md5 e6950bd317dabe3b41bf7738c248e7ee)"
West Bengal,Malda,2013,HARISHCHANDRAPUR-II,MASHALDAHA,True,BC,False,MASHALDAH | MASHALDAH(BC),transliteration,matcher,"No. 334/P/PGE'13, dated 15/03/2013",malda_Office_Bearer_of_ZP_PS_GP_d4c3b045.pdf,8.0,28.0,"doi:10.7910/DVN/ZHF9WC datafile 10396541 (r3-all-2013.csv.gz, md5 e6950bd317dabe3b41bf7738c248e7ee)"
West Bengal,Malda,2013,HARISHCHANDRAPUR-II,SADLICHAK,True,BC,True,SADLICHAK | SADLICHAK(BC) | SADLICHAK(BCW),exact,matcher,"No. 334/P/PGE'13, dated 15/03/2013",malda_Office_Bearer_of_ZP_PS_GP_d4c3b045.pdf,8.0,20.0,"doi:10.7910/DVN/ZHF9WC datafile 10396541 (r3-all-2013.csv.gz, md5 e6950bd317dabe3b41bf7738c248e7ee)"
West Bengal,Malda,2013,HARISHCHANDRAPUR-II,SULTANNAGAR,True,SC,False,SULTANNAGAR | SULTANNAGAR(SC),exact,matcher,"No. 334/P/PGE'13, dated 15/03/2013",malda_Office_Bearer_of_ZP_PS_GP_d4c3b045.pdf,8.0,21.0,"doi:10.7910/DVN/ZHF9WC datafile 10396541 (r3-all-2013.csv.gz, md5 e6950bd317dabe3b41bf7738c248e7ee)"
West Bengal,Malda,2013,HARISHCHANDRAPUR-II,VALUKA,True,BC,False,BHALUKA | BHALUKA(BC),transliteration,matcher,"No. 334/P/PGE'13, dated 15/03/2013",malda_Office_Bearer_of_ZP_PS_GP_d4c3b045.pdf,8.0,26.0,"doi:10.7910/DVN/ZHF9WC datafile 10396541 (r3-all-2013.csv.gz, md5 e6950bd317dabe3b41bf7738c248e7ee)"
West Bengal,Malda,2013,KALIACHAK-I,ALINAGAR,True,SC,True,ALINAGAR | ALINAGAR(SC) | ALINAGAR(SCW),exact,matcher,"No. 334/P/PGE'13, dated 15/03/2013",malda_Office_Bearer_of_ZP_PS_GP_d4c3b045.pdf,9.0,36.0,"doi:10.7910/DVN/ZHF9WC datafile 10396541 (r3-all-2013.csv.gz, md5 e6950bd317dabe3b41bf7738c248e7ee)"
West Bengal,Malda,2013,KALIACHAK-I,ALIPUR-I,True,UR,False,ALIPUR-I,exact,matcher,"No. 334/P/PGE'13, dated 15/03/2013",malda_Office_Bearer_of_ZP_PS_GP_d4c3b045.pdf,9.0,49.0,"doi:10.7910/DVN/ZHF9WC datafile 10396541 (r3-all-2013.csv.gz, md5 e6950bd317dabe3b41bf7738c248e7ee)"
West Bengal,Malda,2013,KALIACHAK-I,ALIPUR-II,True,BC,False,ALIPUR-II | ALIPUR-1I(BC),exact,matcher,"No. 334/P/PGE'13, dated 15/03/2013",malda_Office_Bearer_of_ZP_PS_GP_d4c3b045.pdf,9.0,48.0,"doi:10.7910/DVN/ZHF9WC datafile 10396541 (r3-all-2013.csv.gz, md5 e6950bd317dabe3b41bf7738c248e7ee)"
West Bengal,Malda,2013,KALIACHAK-I,BAMONGRAM-MASHIMPUR,True,UR,False,BAMONGRAM MOSIMPUR,transliteration,matcher,"No. 334/P/PGE'13, dated 15/03/2013",malda_Office_Bearer_of_ZP_PS_GP_d4c3b045.pdf,9.0,44.0,"doi:10.7910/DVN/ZHF9WC datafile 10396541 (r3-all-2013.csv.gz, md5 e6950bd317dabe3b41bf7738c248e7ee)"
West Bengal,Malda,2013,KALIACHAK-I,GAYESHBARI,True,BC,True,GAYESHBAR!I | GAYESHBARI(BC) | GAYESHBARI(BCW),exact,matcher,"No. 334/P/PGE'13, dated 15/03/2013",malda_Office_Bearer_of_ZP_PS_GP_d4c3b045.pdf,9.0,42.0,"doi:10.7910/DVN/ZHF9WC datafile 10396541 (r3-all-2013.csv.gz, md5 e6950bd317dabe3b41bf7738c248e7ee)"
West Bengal,Malda,2013,KALIACHAK-I,JALALPUR,True,UR,False,JALALPUR (Kek-l),exact,override,"No. 334/P/PGE'13, dated 15/03/2013",malda_Office_Bearer_of_ZP_PS_GP_d4c3b045.pdf,9.0,41.0,"doi:10.7910/DVN/ZHF9WC datafile 10396541 (r3-all-2013.csv.gz, md5 e6950bd317dabe3b41bf7738c248e7ee)"
West Bengal,Malda,2013,KALIACHAK-I,JALUABADHAL,True,UR,False,JALUABADHAL,exact,matcher,"No. 334/P/PGE'13, dated 15/03/2013",malda_Office_Bearer_of_ZP_PS_GP_d4c3b045.pdf,9.0,46.0,"doi:10.7910/DVN/ZHF9WC datafile 10396541 (r3-all-2013.csv.gz, md5 e6950bd317dabe3b41bf7738c248e7ee)"
West Bengal,Malda,2013,KALIACHAK-I,KALIACHAK-I,True,UR,True,KALIACHAK-| | KALIACHAK-I(W),exact,matcher,"No. 334/P/PGE'13, dated 15/03/2013",malda_Office_Bearer_of_ZP_PS_GP_d4c3b045.pdf,9.0,37.0,"doi:10.7910/DVN/ZHF9WC datafile 10396541 (r3-all-2013.csv.gz, md5 e6950bd317dabe3b41bf7738c248e7ee)"
West Bengal,Malda,2013,KALIACHAK-I,KALIACHAK-II,True,UR,True,KALIACHAK-I| | KALIACHAK-1I(W),scan_misread,matcher,"No. 334/P/PGE'13, dated 15/03/2013",malda_Office_Bearer_of_ZP_PS_GP_d4c3b045.pdf,9.0,45.0,"doi:10.7910/DVN/ZHF9WC datafile 10396541 (r3-all-2013.csv.gz, md5 e6950bd317dabe3b41bf7738c248e7ee)"
West Bengal,Malda,2013,KALIACHAK-I,MOZAMPUR,True,UR,True,MOZAMPUR | MOZAMPUR(W),exact,matcher,"No. 334/P/PGE'13, dated 15/03/2013",malda_Office_Bearer_of_ZP_PS_GP_d4c3b045.pdf,9.0,47.0,"doi:10.7910/DVN/ZHF9WC datafile 10396541 (r3-all-2013.csv.gz, md5 e6950bd317dabe3b41bf7738c248e7ee)"
West Bengal,Malda,2013,KALIACHAK-I,NAODA-JADUPUR,True,UR,True,NAWADA JADUPUR | NAWADA JADUPUR(W),transliteration,matcher,"No. 334/P/PGE'13, dated 15/03/2013",malda_Office_Bearer_of_ZP_PS_GP_d4c3b045.pdf,9.0,40.0,"doi:10.7910/DVN/ZHF9WC datafile 10396541 (r3-all-2013.csv.gz, md5 e6950bd317dabe3b41bf7738c248e7ee)"
West Bengal,Malda,2013,KALIACHAK-I,SILAMPUR-I,True,SC,False,SILAMPUR-| | SILAMPUR-I(SC),exact,matcher,"No. 334/P/PGE'13, dated 15/03/2013",malda_Office_Bearer_of_ZP_PS_GP_d4c3b045.pdf,9.0,38.0,"doi:10.7910/DVN/ZHF9WC datafile 10396541 (r3-all-2013.csv.gz, md5 e6950bd317dabe3b41bf7738c248e7ee)"
West Bengal,Malda,2013,KALIACHAK-I,SILAMPUR-II,True,UR,False,SILAMPUR-II,exact,matcher,"No. 334/P/PGE'13, dated 15/03/2013",malda_Office_Bearer_of_ZP_PS_GP_d4c3b045.pdf,9.0,39.0,"doi:10.7910/DVN/ZHF9WC datafile 10396541 (r3-all-2013.csv.gz, md5 e6950bd317dabe3b41bf7738c248e7ee)"
West Bengal,Malda,2013,KALIACHAK-I,SUJAPUR,True,UR,True,SUJAPUR | SUJAPUR(W),exact,matcher,"No. 334/P/PGE'13, dated 15/03/2013",malda_Office_Bearer_of_ZP_PS_GP_d4c3b045.pdf,9.0,43.0,"doi:10.7910/DVN/ZHF9WC datafile 10396541 (r3-all-2013.csv.gz, md5 e6950bd317dabe3b41bf7738c248e7ee)"
West Bengal,Malda,2013,KALIACHAK-II,BANGITOLA,True,SC,False,BANGITOLA | BANGITOLA(SC),exact,matcher,"No. 334/P/PGE'13, dated 15/03/2013",malda_Office_Bearer_of_ZP_PS_GP_d4c3b045.pdf,9.0,29.0,"doi:10.7910/DVN/ZHF9WC datafile 10396541 (r3-all-2013.csv.gz, md5 e6950bd317dabe3b41bf7738c248e7ee)"
West Bengal,Malda,2013,KALIACHAK-II,GANGAPRASAD,True,SC,False,GANGAPROSAD | GANGAPROSAD(SC),transliteration,matcher,"No. 334/P/PGE'13, dated 15/03/2013",malda_Office_Bearer_of_ZP_PS_GP_d4c3b045.pdf,9.0,31.0,"doi:10.7910/DVN/ZHF9WC datafile 10396541 (r3-all-2013.csv.gz, md5 e6950bd317dabe3b41bf7738c248e7ee)"
West Bengal,Malda,2013,KALIACHAK-II,HAMIDPUR,True,BC,False,HAMIDPUR | HAMIDPUR(BC),exact,matcher,"No. 334/P/PGE'13, dated 15/03/2013",malda_Office_Bearer_of_ZP_PS_GP_d4c3b045.pdf,9.0,34.0,"doi:10.7910/DVN/ZHF9WC datafile 10396541 (r3-all-2013.csv.gz, md5 e6950bd317dabe3b41bf7738c248e7ee)"
West Bengal,Malda,2013,KALIACHAK-II,MOTHABARI,True,UR,True,MOTHABARI | MOTHABARI(W),exact,matcher,"No. 334/P/PGE'13, dated 15/03/2013",malda_Office_Bearer_of_ZP_PS_GP_d4c3b045.pdf,9.0,33.0,"doi:10.7910/DVN/ZHF9WC datafile 10396541 (r3-all-2013.csv.gz, md5 e6950bd317dabe3b41bf7738c248e7ee)"
West Bengal,Malda,2013,KALIACHAK-II,RAJNAGAR,True,UR,False,RAJNAGAR,exact,matcher,"No. 334/P/PGE'13, dated 15/03/2013",malda_Office_Bearer_of_ZP_PS_GP_d4c3b045.pdf,9.0,35.0,"doi:10.7910/DVN/ZHF9WC datafile 10396541 (r3-all-2013.csv.gz, md5 e6950bd317dabe3b41bf7738c248e7ee)"
West Bengal,Malda,2013,KALIACHAK-II,RATHBARI,True,BC,True,RATHBARI | RATHBARI(BC) | RATHBARI(BCW),exact,matcher,"No. 334/P/PGE'13, dated 15/03/2013",malda_Office_Bearer_of_ZP_PS_GP_d4c3b045.pdf,9.0,30.0,"doi:10.7910/DVN/ZHF9WC datafile 10396541 (r3-all-2013.csv.gz, md5 e6950bd317dabe3b41bf7738c248e7ee)"
West Bengal,Malda,2013,KALIACHAK-II,UTTAR LAKSHMIPUR,True,BC,True,UTTAR LAXMIPUR | UTTAR LAXMIPUR(BC) | UTTAR LAXMIPUR(BCW),transliteration,matcher,"No. 334/P/PGE'13, dated 15/03/2013",malda_Office_Bearer_of_ZP_PS_GP_d4c3b045.pdf,9.0,32.0,"doi:10.7910/DVN/ZHF9WC datafile 10396541 (r3-all-2013.csv.gz, md5 e6950bd317dabe3b41bf7738c248e7ee)"
West Bengal,Malda,2013,KALIACHAK-II,UTTAR PACHANANDAPUR-II,True,UR,False,U PANCHANANDAPUR.1I,fuzzy,override,"No. 334/P/PGE'13, dated 15/03/2013",malda_Office_Bearer_of_ZP_PS_GP_d4c3b045.pdf,9.0,28.0,"doi:10.7910/DVN/ZHF9WC datafile 10396541 (r3-all-2013.csv.gz, md5 e6950bd317dabe3b41bf7738c248e7ee)"
West Bengal,Malda,2013,KALIACHAK-II,UTTAR PANCHANANDAPUR-I,True,UR,True,U PANCHANANDAPUR-| | U PANCHANANDAPUR-I(W),exact,matcher,"No. 334/P/PGE'13, dated 15/03/2013",malda_Office_Bearer_of_ZP_PS_GP_d4c3b045.pdf,9.0,27.0,"doi:10.7910/DVN/ZHF9WC datafile 10396541 (r3-all-2013.csv.gz, md5 e6950bd317dabe3b41bf7738c248e7ee)"
West Bengal,Malda,2013,KALIACHAK-III,AKANDABARIA,True,UR,False,AKANDABARIA,exact,matcher,"No. 334/P/PGE'13, dated 15/03/2013",malda_Office_Bearer_of_ZP_PS_GP_d4c3b045.pdf,9.0,53.0,"doi:10.7910/DVN/ZHF9WC datafile 10396541 (r3-all-2013.csv.gz, md5 e6950bd317dabe3b41bf7738c248e7ee)"
West Bengal,Malda,2013,KALIACHAK-III,BAKHRABAD,True,UR,False,BAKHRABAD,exact,matcher,"No. 334/P/PGE'13, dated 15/03/2013",malda_Office_Bearer_of_ZP_PS_GP_d4c3b045.pdf,10.0,11.0,"doi:10.7910/DVN/ZHF9WC datafile 10396541 (r3-all-2013.csv.gz, md5 e6950bd317dabe3b41bf7738c248e7ee)"
West Bengal,Malda,2013,KALIACHAK-III,BEDRABAD,True,UR,False,BEDRABAD,exact,matcher,"No. 334/P/PGE'13, dated 15/03/2013",malda_Office_Bearer_of_ZP_PS_GP_d4c3b045.pdf,10.0,5.0,"doi:10.7910/DVN/ZHF9WC datafile 10396541 (r3-all-2013.csv.gz, md5 e6950bd317dabe3b41bf7738c248e7ee)"
West Bengal,Malda,2013,KALIACHAK-III,BEERNAGAR-I,True,SC,True,BIRNAGAR-| | BIRNAGAR-I(SC) | BIRNAGAR-I(SCW),transliteration,matcher,"No. 334/P/PGE'13, dated 15/03/2013",malda_Office_Bearer_of_ZP_PS_GP_d4c3b045.pdf,9.0,50.0,"doi:10.7910/DVN/ZHF9WC datafile 10396541 (r3-all-2013.csv.gz, md5 e6950bd317dabe3b41bf7738c248e7ee)"
West Bengal,Malda,2013,KALIACHAK-III,BEERNAGAR-II,True,UR,True,BIRNAGAR-I| | BIRNAGAR-II(W),transliteration,matcher,"No. 334/P/PGE'13, dated 15/03/2013",malda_Office_Bearer_of_ZP_PS_GP_d4c3b045.pdf,9.0,51.0,"doi:10.7910/DVN/ZHF9WC datafile 10396541 (r3-all-2013.csv.gz, md5 e6950bd317dabe3b41bf7738c248e7ee)"
West Bengal,Malda,2013,KALIACHAK-III,BHAGABANPUR,True,UR,False,BHAGABANPUR(Kck-III),exact,override,"No. 334/P/PGE'13, dated 15/03/2013",malda_Office_Bearer_of_ZP_PS_GP_d4c3b045.pdf,10.0,8.0,"doi:10.7910/DVN/ZHF9WC datafile 10396541 (r3-all-2013.csv.gz, md5 e6950bd317dabe3b41bf7738c248e7ee)"
West Bengal,Malda,2013,KALIACHAK-III,CHARIANANTAPUR,True,BC,False,CHARIANANTAPUR | CHARIANANTAPUR(BC),exact,matcher,"No. 334/P/PGE'13, dated 15/03/2013",malda_Office_Bearer_of_ZP_PS_GP_d4c3b045.pdf,10.0,9.0,"doi:10.7910/DVN/ZHF9WC datafile 10396541 (r3-all-2013.csv.gz, md5 e6950bd317dabe3b41bf7738c248e7ee)"
West Bengal,Malda,2013,KALIACHAK-III,GOLAPGANJ,True,BC,True,GOLAPGANJ | GOLAPGANJ(BC) | GOLAPGANJ(BCW),exact,matcher,"No. 334/P/PGE'13, dated 15/03/2013",malda_Office_Bearer_of_ZP_PS_GP_d4c3b045.pdf,10.0,3.0,"doi:10.7910/DVN/ZHF9WC datafile 10396541 (r3-all-2013.csv.gz, md5 e6950bd317dabe3b41bf7738c248e7ee)"
West Bengal,Malda,2013,KALIACHAK-III,KRISHNAPUR,True,SC,False,KRISHNAPUR | KRISHNAPUR(SC),exact,matcher,"No. 334/P/PGE'13, dated 15/03/2013",malda_Office_Bearer_of_ZP_PS_GP_d4c3b045.pdf,10.0,7.0,"doi:10.7910/DVN/ZHF9WC datafile 10396541 (r3-all-2013.csv.gz, md5 e6950bd317dabe3b41bf7738c248e7ee)"
West Bengal,Malda,2013,KALIACHAK-III,KUMBHIRA,True,UR,True,KUMBHIRA | KUMBHIRA(W),exact,matcher,"No. 334/P/PGE'13, dated 15/03/2013",malda_Office_Bearer_of_ZP_PS_GP_d4c3b045.pdf,10.0,10.0,"doi:10.7910/DVN/ZHF9WC datafile 10396541 (r3-all-2013.csv.gz, md5 e6950bd317dabe3b41bf7738c248e7ee)"
West Bengal,Malda,2013,KALIACHAK-III,LAKSHMIPUR,True,UR,True,LAXMIPUR | LAXMIPUR(W),transliteration,override,"No. 334/P/PGE'13, dated 15/03/2013",malda_Office_Bearer_of_ZP_PS_GP_d4c3b045.pdf,10.0,6.0,"doi:10.7910/DVN/ZHF9WC datafile 10396541 (r3-all-2013.csv.gz, md5 e6950bd317dabe3b41bf7738c248e7ee)"
West Bengal,Malda,2013,KALIACHAK-III,PARDEONAPUR-SOVAPUR,True,UR,True,PARDEONAPUR SOVAPUR | PARDEONAPUR SOVAPUR(VY),exact,matcher,"No. 334/P/PGE'13, dated 15/03/2013",malda_Office_Bearer_of_ZP_PS_GP_d4c3b045.pdf,10.0,12.0,"doi:10.7910/DVN/ZHF9WC datafile 10396541 (r3-all-2013.csv.gz, md5 e6950bd317dabe3b41bf7738c248e7ee)"
West Bengal,Malda,2013,KALIACHAK-III,SAHABAJPUR,True,SC,False,SAHABAJPUR | SAHABAJPUR(SC),exact,matcher,"No. 334/P/PGE'13, dated 15/03/2013",malda_Office_Bearer_of_ZP_PS_GP_d4c3b045.pdf,9.0,52.0,"doi:10.7910/DVN/ZHF9WC datafile 10396541 (r3-all-2013.csv.gz, md5 e6950bd317dabe3b41bf7738c248e7ee)"
West Bengal,Malda,2013,KALIACHAK-III,SAHABANCHAK,True,UR,True,SAHABANCHAK | SAHABANCHAK (VW),exact,matcher,"No. 334/P/PGE'13, dated 15/03/2013",malda_Office_Bearer_of_ZP_PS_GP_d4c3b045.pdf,10.0,4.0,"doi:10.7910/DVN/ZHF9WC datafile 10396541 (r3-all-2013.csv.gz, md5 e6950bd317dabe3b41bf7738c248e7ee)"
West Bengal,Malda,2013,MANIKCHAK,CHOWKI MIRDADPUR,True,UR,False,CHOWK! MIRDADPUR,transliteration,matcher,"No. 334/P/PGE'13, dated 15/03/2013",malda_Office_Bearer_of_ZP_PS_GP_d4c3b045.pdf,9.0,7.0,"doi:10.7910/DVN/ZHF9WC datafile 10396541 (r3-all-2013.csv.gz, md5 e6950bd317dabe3b41bf7738c248e7ee)"
West Bengal,Malda,2013,MANIKCHAK,DAKSHIN CHANDIPUR,True,SC,False,DAKSHIN CHANDIPUR | DAKSHIN CHANDIPUR(SC),exact,matcher,"No. 334/P/PGE'13, dated 15/03/2013",malda_Office_Bearer_of_ZP_PS_GP_d4c3b045.pdf,9.0,4.0,"doi:10.7910/DVN/ZHF9WC datafile 10396541 (r3-all-2013.csv.gz, md5 e6950bd317dabe3b41bf7738c248e7ee)"
West Bengal,Malda,2013,MANIKCHAK,DHARAMPUR,True,UR,True,DHARAMPUR | DHARAMPUR(W),exact,matcher,"No. 334/P/PGE'13, dated 15/03/2013",malda_Office_Bearer_of_ZP_PS_GP_d4c3b045.pdf,9.0,8.0,"doi:10.7910/DVN/ZHF9WC datafile 10396541 (r3-all-2013.csv.gz, md5 e6950bd317dabe3b41bf7738c248e7ee)"
West Bengal,Malda,2013,MANIKCHAK,ENAYETPUR,True,UR,True,ENAYETPUR | ENAYETPUR(W),exact,matcher,"No. 334/P/PGE'13, dated 15/03/2013",malda_Office_Bearer_of_ZP_PS_GP_d4c3b045.pdf,9.0,6.0,"doi:10.7910/DVN/ZHF9WC datafile 10396541 (r3-all-2013.csv.gz, md5 e6950bd317dabe3b41bf7738c248e7ee)"
West Bengal,Malda,2013,MANIKCHAK,GOPALPUR,True,BC,False,GOPALPUR | GOPALPUR(BC),exact,matcher,"No. 334/P/PGE'13, dated 15/03/2013",malda_Office_Bearer_of_ZP_PS_GP_d4c3b045.pdf,9.0,9.0,"doi:10.7910/DVN/ZHF9WC datafile 10396541 (r3-all-2013.csv.gz, md5 e6950bd317dabe3b41bf7738c248e7ee)"
West Bengal,Malda,2013,MANIKCHAK,HEERANANDAPUR,True,UR,True,HIRANANDAPUR | HIRANANDAPUR(W),transliteration,override,"No. 334/P/PGE'13, dated 15/03/2013",malda_Office_Bearer_of_ZP_PS_GP_d4c3b045.pdf,8.0,54.0,"doi:10.7910/DVN/ZHF9WC datafile 10396541 (r3-all-2013.csv.gz, md5 e6950bd317dabe3b41bf7738c248e7ee)"
West Bengal,Malda,2013,MANIKCHAK,MANIKCHAK,True,BC,True,MANIKCHAK | MANIKCHAK(BC) | MANIKCHAK(BCW),exact,matcher,"No. 334/P/PGE'13, dated 15/03/2013",malda_Office_Bearer_of_ZP_PS_GP_d4c3b045.pdf,9.0,5.0,"doi:10.7910/DVN/ZHF9WC datafile 10396541 (r3-all-2013.csv.gz, md5 e6950bd317dabe3b41bf7738c248e7ee)"
West Bengal,Malda,2013,MANIKCHAK,MATHURAPUR,True,UR,False,MATHURAPUR,exact,matcher,"No. 334/P/PGE'13, dated 15/03/2013",malda_Office_Bearer_of_ZP_PS_GP_d4c3b045.pdf,9.0,3.0,"doi:10.7910/DVN/ZHF9WC datafile 10396541 (r3-all-2013.csv.gz, md5 e6950bd317dabe3b41bf7738c248e7ee)"
West Bengal,Malda,2013,MANIKCHAK,NAZEERPUR,True,UR,True,NAZIRPUR | NAZIRPUR(W),transliteration,matcher,"No. 334/P/PGE'13, dated 15/03/2013",malda_Office_Bearer_of_ZP_PS_GP_d4c3b045.pdf,8.0,56.0,"doi:10.7910/DVN/ZHF9WC datafile 10396541 (r3-all-2013.csv.gz, md5 e6950bd317dabe3b41bf7738c248e7ee)"
West Bengal,Malda,2013,MANIKCHAK,NURPUR,True,SC,True,NURPUR | NURPUR(SC) | NURPUR(SCW),exact,matcher,"No. 334/P/PGE'13, dated 15/03/2013",malda_Office_Bearer_of_ZP_PS_GP_d4c3b045.pdf,8.0,57.0,"doi:10.7910/DVN/ZHF9WC datafile 10396541 (r3-all-2013.csv.gz, md5 e6950bd317dabe3b41bf7738c248e7ee)"
West Bengal,Malda,2013,MANIKCHAK,UTTAR CHANDIPUR,True,UR,False,UTTAR CHANDIPUR,exact,matcher,"No. 334/P/PGE'13, dated 15/03/2013",malda_Office_Bearer_of_ZP_PS_GP_d4c3b045.pdf,8.0,55.0,"doi:10.7910/DVN/ZHF9WC datafile 10396541 (r3-all-2013.csv.gz, md5 e6950bd317dabe3b41bf7738c248e7ee)"
West Bengal,Malda,2013,OLD MALDA,BHABUK,True,UR,True,BHABUK | BHABUK(W),exact,matcher,"No. 334/P/PGE'13, dated 15/03/2013",malda_Office_Bearer_of_ZP_PS_GP_d4c3b045.pdf,9.0,22.0,"doi:10.7910/DVN/ZHF9WC datafile 10396541 (r3-all-2013.csv.gz, md5 e6950bd317dabe3b41bf7738c248e7ee)"
West Bengal,Malda,2013,OLD MALDA,JATRADANGA,True,SC,True,JATRADANGA | JATRADANGA(SC) | JATRADANGA(SCW),exact,matcher,"No. 334/P/PGE'13, dated 15/03/2013",malda_Office_Bearer_of_ZP_PS_GP_d4c3b045.pdf,9.0,23.0,"doi:10.7910/DVN/ZHF9WC datafile 10396541 (r3-all-2013.csv.gz, md5 e6950bd317dabe3b41bf7738c248e7ee)"
West Bengal,Malda,2013,OLD MALDA,MAHISBATHANI,True,BC,False,MAHISHBATHANI | MAHISHBATHANI(BC),transliteration,matcher,"No. 334/P/PGE'13, dated 15/03/2013",malda_Office_Bearer_of_ZP_PS_GP_d4c3b045.pdf,9.0,21.0,"doi:10.7910/DVN/ZHF9WC datafile 10396541 (r3-all-2013.csv.gz, md5 e6950bd317dabe3b41bf7738c248e7ee)"
West Bengal,Malda,2013,OLD MALDA,MANGALBARI,True,BC,False,MANGALBARI | MANGALBARI(BC),exact,matcher,"No. 334/P/PGE'13, dated 15/03/2013",malda_Office_Bearer_of_ZP_PS_GP_d4c3b045.pdf,9.0,24.0,"doi:10.7910/DVN/ZHF9WC datafile 10396541 (r3-all-2013.csv.gz, md5 e6950bd317dabe3b41bf7738c248e7ee)"
West Bengal,Malda,2013,OLD MALDA,MUCHIA,True,UR,False,MUCHIA,exact,matcher,"No. 334/P/PGE'13, dated 15/03/2013",malda_Office_Bearer_of_ZP_PS_GP_d4c3b045.pdf,9.0,26.0,"doi:10.7910/DVN/ZHF9WC datafile 10396541 (r3-all-2013.csv.gz, md5 e6950bd317dabe3b41bf7738c248e7ee)"
West Bengal,Malda,2013,OLD MALDA,SAHAPUR,True,SC,True,SAHAPUR | SAHAPUR(SC) | SAHAPUR(SCW),exact,matcher,"No. 334/P/PGE'13, dated 15/03/2013",malda_Office_Bearer_of_ZP_PS_GP_d4c3b045.pdf,9.0,25.0,"doi:10.7910/DVN/ZHF9WC datafile 10396541 (r3-all-2013.csv.gz, md5 e6950bd317dabe3b41bf7738c248e7ee)"
West Bengal,Malda,2013,RATUA-I,BAHARAL,True,UR,False,BAHARAL,exact,matcher,"No. 334/P/PGE'13, dated 15/03/2013",malda_Office_Bearer_of_ZP_PS_GP_d4c3b045.pdf,8.0,48.0,"doi:10.7910/DVN/ZHF9WC datafile 10396541 (r3-all-2013.csv.gz, md5 e6950bd317dabe3b41bf7738c248e7ee)"
West Bengal,Malda,2013,RATUA-I,BHADO,True,UR,False,BHADO,exact,matcher,"No. 334/P/PGE'13, dated 15/03/2013",malda_Office_Bearer_of_ZP_PS_GP_d4c3b045.pdf,8.0,50.0,"doi:10.7910/DVN/ZHF9WC datafile 10396541 (r3-all-2013.csv.gz, md5 e6950bd317dabe3b41bf7738c248e7ee)"
West Bengal,Malda,2013,RATUA-I,BILAIMARI,True,SC,True,BELAIMARI | BELAIMARI(SC) | BELAIMARI(SCW),transliteration,matcher,"No. 334/P/PGE'13, dated 15/03/2013",malda_Office_Bearer_of_ZP_PS_GP_d4c3b045.pdf,8.0,45.0,"doi:10.7910/DVN/ZHF9WC datafile 10396541 (r3-all-2013.csv.gz, md5 e6950bd317dabe3b41bf7738c248e7ee)"
West Bengal,Malda,2013,RATUA-I,CHANDMONI-I,True,UR,False,CHANDMONI-!,scan_misread,matcher,"No. 334/P/PGE'13, dated 15/03/2013",malda_Office_Bearer_of_ZP_PS_GP_d4c3b045.pdf,8.0,53.0,"doi:10.7910/DVN/ZHF9WC datafile 10396541 (r3-all-2013.csv.gz, md5 e6950bd317dabe3b41bf7738c248e7ee)"
West Bengal,Malda,2013,RATUA-I,CHANDMONI-II,True,SC,False,CHANDMONI-II | CHANDMONI-II(SC),exact,matcher,"No. 334/P/PGE'13, dated 15/03/2013",malda_Office_Bearer_of_ZP_PS_GP_d4c3b045.pdf,8.0,52.0,"doi:10.7910/DVN/ZHF9WC datafile 10396541 (r3-all-2013.csv.gz, md5 e6950bd317dabe3b41bf7738c248e7ee)"
West Bengal,Malda,2013,RATUA-I,DEBIPUR,True,BC,False,DEBIPUR | DEBIPUR(BC),exact,matcher,"No. 334/P/PGE'13, dated 15/03/2013",malda_Office_Bearer_of_ZP_PS_GP_d4c3b045.pdf,8.0,46.0,"doi:10.7910/DVN/ZHF9WC datafile 10396541 (r3-all-2013.csv.gz, md5 e6950bd317dabe3b41bf7738c248e7ee)"
West Bengal,Malda,2013,RATUA-I,KAHALA,True,SC,True,KAHALA | KAHALA(SC) | KAHALA(SCW),exact,matcher,"No. 334/P/PGE'13, dated 15/03/2013",malda_Office_Bearer_of_ZP_PS_GP_d4c3b045.pdf,8.0,47.0,"doi:10.7910/DVN/ZHF9WC datafile 10396541 (r3-all-2013.csv.gz, md5 e6950bd317dabe3b41bf7738c248e7ee)"
West Bengal,Malda,2013,RATUA-I,MAHANANDATOLA,True,BC,False,MAHANANDATOLA | MAHANANDATOLA(BC),exact,matcher,"No. 334/P/PGE'13, dated 15/03/2013",malda_Office_Bearer_of_ZP_PS_GP_d4c3b045.pdf,8.0,44.0,"doi:10.7910/DVN/ZHF9WC datafile 10396541 (r3-all-2013.csv.gz, md5 e6950bd317dabe3b41bf7738c248e7ee)"
West Bengal,Malda,2013,RATUA-I,RATUA,True,UR,True,RATUA | RATUA(W),exact,matcher,"No. 334/P/PGE'13, dated 15/03/2013",malda_Office_Bearer_of_ZP_PS_GP_d4c3b045.pdf,8.0,49.0,"doi:10.7910/DVN/ZHF9WC datafile 10396541 (r3-all-2013.csv.gz, md5 e6950bd317dabe3b41bf7738c248e7ee)"
West Bengal,Malda,2013,RATUA-I,SAMSI,True,UR,True,SAMSI | SAMSI(W),exact,matcher,"No. 334/P/PGE'13, dated 15/03/2013",malda_Office_Bearer_of_ZP_PS_GP_d4c3b045.pdf,8.0,51.0,"doi:10.7910/DVN/ZHF9WC datafile 10396541 (r3-all-2013.csv.gz, md5 e6950bd317dabe3b41bf7738c248e7ee)"
West Bengal,Malda,2013,RATUA-II,ARAIDANGA,True,UR,False,ARAIDANGA,exact,matcher,"No. 334/P/PGE'13, dated 15/03/2013",malda_Office_Bearer_of_ZP_PS_GP_d4c3b045.pdf,8.0,42.0,"doi:10.7910/DVN/ZHF9WC datafile 10396541 (r3-all-2013.csv.gz, md5 e6950bd317dabe3b41bf7738c248e7ee)"
West Bengal,Malda,2013,RATUA-II,MAHARAJPUR,True,UR,False,MAHARAJPUR,exact,matcher,"No. 334/P/PGE'13, dated 15/03/2013",malda_Office_Bearer_of_ZP_PS_GP_d4c3b045.pdf,8.0,38.0,"doi:10.7910/DVN/ZHF9WC datafile 10396541 (r3-all-2013.csv.gz, md5 e6950bd317dabe3b41bf7738c248e7ee)"
West Bengal,Malda,2013,RATUA-II,PARANPUR,True,UR,True,PARANPUR | PARANPUR(W),exact,matcher,"No. 334/P/PGE'13, dated 15/03/2013",malda_Office_Bearer_of_ZP_PS_GP_d4c3b045.pdf,8.0,41.0,"doi:10.7910/DVN/ZHF9WC datafile 10396541 (r3-all-2013.csv.gz, md5 e6950bd317dabe3b41bf7738c248e7ee)"
West Bengal,Malda,2013,RATUA-II,PEERGANJ,True,SC,True,PIRGANJ | PIRGANJ(SC) | PIRGANJ(SCW),transliteration,matcher,"No. 334/P/PGE'13, dated 15/03/2013",malda_Office_Bearer_of_ZP_PS_GP_d4c3b045.pdf,8.0,39.0,"doi:10.7910/DVN/ZHF9WC datafile 10396541 (r3-all-2013.csv.gz, md5 e6950bd317dabe3b41bf7738c248e7ee)"
West Bengal,Malda,2013,RATUA-II,PUKHURIA,True,UR,True,PUKHURIA | PUKHURIA(W),exact,matcher,"No. 334/P/PGE'13, dated 15/03/2013",malda_Office_Bearer_of_ZP_PS_GP_d4c3b045.pdf,8.0,43.0,"doi:10.7910/DVN/ZHF9WC datafile 10396541 (r3-all-2013.csv.gz, md5 e6950bd317dabe3b41bf7738c248e7ee)"
West Bengal,Malda,2013,RATUA-II,SAMBALPUR,True,BC,False,SAMBALPUR | SAMBALPUR(BC),exact,matcher,"No. 334/P/PGE'13, dated 15/03/2013",malda_Office_Bearer_of_ZP_PS_GP_d4c3b045.pdf,8.0,40.0,"doi:10.7910/DVN/ZHF9WC datafile 10396541 (r3-all-2013.csv.gz, md5 e6950bd317dabe3b41bf7738c248e7ee)"
West Bengal,Malda,2013,RATUA-II,SREEPUR-I,True,UR,False,SRIPUR-I,transliteration,matcher,"No. 334/P/PGE'13, dated 15/03/2013",malda_Office_Bearer_of_ZP_PS_GP_d4c3b045.pdf,8.0,36.0,"doi:10.7910/DVN/ZHF9WC datafile 10396541 (r3-all-2013.csv.gz, md5 e6950bd317dabe3b41bf7738c248e7ee)"
West Bengal,Malda,2013,RATUA-II,SREEPUR-II,True,UR,True,SRIPUR-II | SRIPUR-II(W),transliteration,matcher,"No. 334/P/PGE'13, dated 15/03/2013",malda_Office_Bearer_of_ZP_PS_GP_d4c3b045.pdf,8.0,37.0,"doi:10.7910/DVN/ZHF9WC datafile 10396541 (r3-all-2013.csv.gz, md5 e6950bd317dabe3b41bf7738c248e7ee)"
