row_id,state,district,year,record_kind,block_printed,gram_panchayat_printed,zp_constituency_raw,zp_number_printed,source_gp_list_position,source_path,source_sha256,source_page,source_table,source_table_row,source_constituency_index,raw_constituency_text,source_bbox,source_membership_cell_bbox,source_coordinate_system,raw_cells,visual_review_path,visual_review_sha256,review_status,quality_flags
f94e2c8c2d7c6ccab804,West Bengal,Nadia,2013,gp_block_membership,Karimpur-II,Dhoradaha-I,Karimpur-II/ZP-1,1,0,data/wb/gp_source_search/historical_expansion/nadia_Panchayat_20General_20Election_20-_20final_20book_election_202013__cf50563e.pdf,238810badd4a39a733192c9c269ae3cea0171701253e159de32ae912c1211c43,71,0,1,0,"Karimpur-II/ZP-1
Dhoradaha-I,Dhoradaha-II,Natidanga-I
and Natidanga-II grams","[63.71999999999999, 201.5, 560.6200200000001, 235.57999999999993]","[204.17000000000002, 201.5, 399.910005, 235.57999999999993]","PDF points, top-left origin","[""Karimpur-II"", ""3"", ""Karimpur-II/ZP-1\nDhoradaha-I,Dhoradaha-II,Natidanga-I\nand Natidanga-II grams"", ""BC"", ""Women""]",data/wb/derived/nadia_2013_handbook/membership_visual_audit.json,228c0381abce0fa14d3f575f105e9c1bca2ccdb31b57677f7f5be6c2dd66a3d4,full_source_visual_review_single_assistant,
6ad8c90e15ff31bfda00,West Bengal,Nadia,2013,gp_block_membership,Karimpur-II,Dhoradaha-II,Karimpur-II/ZP-1,1,1,data/wb/gp_source_search/historical_expansion/nadia_Panchayat_20General_20Election_20-_20final_20book_election_202013__cf50563e.pdf,238810badd4a39a733192c9c269ae3cea0171701253e159de32ae912c1211c43,71,0,1,0,"Karimpur-II/ZP-1
Dhoradaha-I,Dhoradaha-II,Natidanga-I
and Natidanga-II grams","[63.71999999999999, 201.5, 560.6200200000001, 235.57999999999993]","[204.17000000000002, 201.5, 399.910005, 235.57999999999993]","PDF points, top-left origin","[""Karimpur-II"", ""3"", ""Karimpur-II/ZP-1\nDhoradaha-I,Dhoradaha-II,Natidanga-I\nand Natidanga-II grams"", ""BC"", ""Women""]",data/wb/derived/nadia_2013_handbook/membership_visual_audit.json,228c0381abce0fa14d3f575f105e9c1bca2ccdb31b57677f7f5be6c2dd66a3d4,full_source_visual_review_single_assistant,
9d81f4ae6306dcdc6522,West Bengal,Nadia,2013,gp_block_membership,Karimpur-II,Natidanga-I,Karimpur-II/ZP-1,1,2,data/wb/gp_source_search/historical_expansion/nadia_Panchayat_20General_20Election_20-_20final_20book_election_202013__cf50563e.pdf,238810badd4a39a733192c9c269ae3cea0171701253e159de32ae912c1211c43,71,0,1,0,"Karimpur-II/ZP-1
Dhoradaha-I,Dhoradaha-II,Natidanga-I
and Natidanga-II grams","[63.71999999999999, 201.5, 560.6200200000001, 235.57999999999993]","[204.17000000000002, 201.5, 399.910005, 235.57999999999993]","PDF points, top-left origin","[""Karimpur-II"", ""3"", ""Karimpur-II/ZP-1\nDhoradaha-I,Dhoradaha-II,Natidanga-I\nand Natidanga-II grams"", ""BC"", ""Women""]",data/wb/derived/nadia_2013_handbook/membership_visual_audit.json,228c0381abce0fa14d3f575f105e9c1bca2ccdb31b57677f7f5be6c2dd66a3d4,full_source_visual_review_single_assistant,
022e97a5bb21616cde4d,West Bengal,Nadia,2013,gp_block_membership,Karimpur-II,Natidanga-II,Karimpur-II/ZP-1,1,3,data/wb/gp_source_search/historical_expansion/nadia_Panchayat_20General_20Election_20-_20final_20book_election_202013__cf50563e.pdf,238810badd4a39a733192c9c269ae3cea0171701253e159de32ae912c1211c43,71,0,1,0,"Karimpur-II/ZP-1
Dhoradaha-I,Dhoradaha-II,Natidanga-I
and Natidanga-II grams","[63.71999999999999, 201.5, 560.6200200000001, 235.57999999999993]","[204.17000000000002, 201.5, 399.910005, 235.57999999999993]","PDF points, top-left origin","[""Karimpur-II"", ""3"", ""Karimpur-II/ZP-1\nDhoradaha-I,Dhoradaha-II,Natidanga-I\nand Natidanga-II grams"", ""BC"", ""Women""]",data/wb/derived/nadia_2013_handbook/membership_visual_audit.json,228c0381abce0fa14d3f575f105e9c1bca2ccdb31b57677f7f5be6c2dd66a3d4,full_source_visual_review_single_assistant,
b8938fb3e3d7286d0729,West Bengal,Nadia,2013,gp_block_membership,Karimpur-II,Rahamatpur,Karimpur-II/ZP-2,2,0,data/wb/gp_source_search/historical_expansion/nadia_Panchayat_20General_20Election_20-_20final_20book_election_202013__cf50563e.pdf,238810badd4a39a733192c9c269ae3cea0171701253e159de32ae912c1211c43,71,0,2,0,"Karimpur-II/ZP-2
Rahamatpur,Murutia and Dighalkandi
gram","[63.71999999999999, 235.57999999999993, 560.6200200000001, 314.33000999999996]","[204.17000000000002, 235.57999999999993, 399.910005, 314.33000999999996]","PDF points, top-left origin","[""Karimpur-II"", ""3"", ""Karimpur-II/ZP-2\nRahamatpur,Murutia and Dighalkandi\ngram\nKarimpur-II/ZP-3\nNarayanpur-I,Narayanpur-II and\nNandanpur grams"", """", ""Women""]",data/wb/derived/nadia_2013_handbook/membership_visual_audit.json,228c0381abce0fa14d3f575f105e9c1bca2ccdb31b57677f7f5be6c2dd66a3d4,full_source_visual_review_single_assistant,
94e13f7895eacc74e92d,West Bengal,Nadia,2013,gp_block_membership,Karimpur-II,Murutia,Karimpur-II/ZP-2,2,1,data/wb/gp_source_search/historical_expansion/nadia_Panchayat_20General_20Election_20-_20final_20book_election_202013__cf50563e.pdf,238810badd4a39a733192c9c269ae3cea0171701253e159de32ae912c1211c43,71,0,2,0,"Karimpur-II/ZP-2
Rahamatpur,Murutia and Dighalkandi
gram","[63.71999999999999, 235.57999999999993, 560.6200200000001, 314.33000999999996]","[204.17000000000002, 235.57999999999993, 399.910005, 314.33000999999996]","PDF points, top-left origin","[""Karimpur-II"", ""3"", ""Karimpur-II/ZP-2\nRahamatpur,Murutia and Dighalkandi\ngram\nKarimpur-II/ZP-3\nNarayanpur-I,Narayanpur-II and\nNandanpur grams"", """", ""Women""]",data/wb/derived/nadia_2013_handbook/membership_visual_audit.json,228c0381abce0fa14d3f575f105e9c1bca2ccdb31b57677f7f5be6c2dd66a3d4,full_source_visual_review_single_assistant,
0b094129e159c387d7fa,West Bengal,Nadia,2013,gp_block_membership,Karimpur-II,Dighalkandi,Karimpur-II/ZP-2,2,2,data/wb/gp_source_search/historical_expansion/nadia_Panchayat_20General_20Election_20-_20final_20book_election_202013__cf50563e.pdf,238810badd4a39a733192c9c269ae3cea0171701253e159de32ae912c1211c43,71,0,2,0,"Karimpur-II/ZP-2
Rahamatpur,Murutia and Dighalkandi
gram","[63.71999999999999, 235.57999999999993, 560.6200200000001, 314.33000999999996]","[204.17000000000002, 235.57999999999993, 399.910005, 314.33000999999996]","PDF points, top-left origin","[""Karimpur-II"", ""3"", ""Karimpur-II/ZP-2\nRahamatpur,Murutia and Dighalkandi\ngram\nKarimpur-II/ZP-3\nNarayanpur-I,Narayanpur-II and\nNandanpur grams"", """", ""Women""]",data/wb/derived/nadia_2013_handbook/membership_visual_audit.json,228c0381abce0fa14d3f575f105e9c1bca2ccdb31b57677f7f5be6c2dd66a3d4,full_source_visual_review_single_assistant,
00ce26846ff2874bb299,West Bengal,Nadia,2013,gp_block_membership,Karimpur-II,Narayanpur-I,Karimpur-II/ZP-3,3,0,data/wb/gp_source_search/historical_expansion/nadia_Panchayat_20General_20Election_20-_20final_20book_election_202013__cf50563e.pdf,238810badd4a39a733192c9c269ae3cea0171701253e159de32ae912c1211c43,71,0,2,1,"Karimpur-II/ZP-3
Narayanpur-I,Narayanpur-II and
Nandanpur grams","[63.71999999999999, 235.57999999999993, 560.6200200000001, 314.33000999999996]","[204.17000000000002, 235.57999999999993, 399.910005, 314.33000999999996]","PDF points, top-left origin","[""Karimpur-II"", ""3"", ""Karimpur-II/ZP-2\nRahamatpur,Murutia and Dighalkandi\ngram\nKarimpur-II/ZP-3\nNarayanpur-I,Narayanpur-II and\nNandanpur grams"", """", ""Women""]",data/wb/derived/nadia_2013_handbook/membership_visual_audit.json,228c0381abce0fa14d3f575f105e9c1bca2ccdb31b57677f7f5be6c2dd66a3d4,full_source_visual_review_single_assistant,
912929fe84ae1c2e9ec0,West Bengal,Nadia,2013,gp_block_membership,Karimpur-II,Narayanpur-II,Karimpur-II/ZP-3,3,1,data/wb/gp_source_search/historical_expansion/nadia_Panchayat_20General_20Election_20-_20final_20book_election_202013__cf50563e.pdf,238810badd4a39a733192c9c269ae3cea0171701253e159de32ae912c1211c43,71,0,2,1,"Karimpur-II/ZP-3
Narayanpur-I,Narayanpur-II and
Nandanpur grams","[63.71999999999999, 235.57999999999993, 560.6200200000001, 314.33000999999996]","[204.17000000000002, 235.57999999999993, 399.910005, 314.33000999999996]","PDF points, top-left origin","[""Karimpur-II"", ""3"", ""Karimpur-II/ZP-2\nRahamatpur,Murutia and Dighalkandi\ngram\nKarimpur-II/ZP-3\nNarayanpur-I,Narayanpur-II and\nNandanpur grams"", """", ""Women""]",data/wb/derived/nadia_2013_handbook/membership_visual_audit.json,228c0381abce0fa14d3f575f105e9c1bca2ccdb31b57677f7f5be6c2dd66a3d4,full_source_visual_review_single_assistant,
2bcf672f98e4283c3773,West Bengal,Nadia,2013,gp_block_membership,Karimpur-II,Nandanpur,Karimpur-II/ZP-3,3,2,data/wb/gp_source_search/historical_expansion/nadia_Panchayat_20General_20Election_20-_20final_20book_election_202013__cf50563e.pdf,238810badd4a39a733192c9c269ae3cea0171701253e159de32ae912c1211c43,71,0,2,1,"Karimpur-II/ZP-3
Narayanpur-I,Narayanpur-II and
Nandanpur grams","[63.71999999999999, 235.57999999999993, 560.6200200000001, 314.33000999999996]","[204.17000000000002, 235.57999999999993, 399.910005, 314.33000999999996]","PDF points, top-left origin","[""Karimpur-II"", ""3"", ""Karimpur-II/ZP-2\nRahamatpur,Murutia and Dighalkandi\ngram\nKarimpur-II/ZP-3\nNarayanpur-I,Narayanpur-II and\nNandanpur grams"", """", ""Women""]",data/wb/derived/nadia_2013_handbook/membership_visual_audit.json,228c0381abce0fa14d3f575f105e9c1bca2ccdb31b57677f7f5be6c2dd66a3d4,full_source_visual_review_single_assistant,
df1d0358d91dcb5d0020,West Bengal,Nadia,2013,gp_block_membership,Karimpur-I,Karimpur-I,Karimpur-I/ZP-4,4,0,data/wb/gp_source_search/historical_expansion/nadia_Panchayat_20General_20Election_20-_20final_20book_election_202013__cf50563e.pdf,238810badd4a39a733192c9c269ae3cea0171701253e159de32ae912c1211c43,71,0,3,0,"Karimpur-I/ZP-4
Karimpur-I and Karimpur-II grams","[63.71999999999999, 314.33000999999996, 560.6200200000001, 437.9300099999999]","[204.17000000000002, 314.33000999999996, 399.910005, 437.9300099999999]","PDF points, top-left origin","[""Karimpur-I"", ""3"", ""Karimpur-I/ZP-4\nKarimpur-I and Karimpur-II grams\nKarimpur-I/ZP-5\nJamsherpur,harekrishnapur and\nMadhugari grams\nKarimpur-I/ZP-6\nPipulberia,Hogalberia and Shikarpur\ngrams"", """", ""Women\nWomen""]",data/wb/derived/nadia_2013_handbook/membership_visual_audit.json,228c0381abce0fa14d3f575f105e9c1bca2ccdb31b57677f7f5be6c2dd66a3d4,full_source_visual_review_single_assistant,
174cf7737cb141eb3a7e,West Bengal,Nadia,2013,gp_block_membership,Karimpur-I,Karimpur-II,Karimpur-I/ZP-4,4,1,data/wb/gp_source_search/historical_expansion/nadia_Panchayat_20General_20Election_20-_20final_20book_election_202013__cf50563e.pdf,238810badd4a39a733192c9c269ae3cea0171701253e159de32ae912c1211c43,71,0,3,0,"Karimpur-I/ZP-4
Karimpur-I and Karimpur-II grams","[63.71999999999999, 314.33000999999996, 560.6200200000001, 437.9300099999999]","[204.17000000000002, 314.33000999999996, 399.910005, 437.9300099999999]","PDF points, top-left origin","[""Karimpur-I"", ""3"", ""Karimpur-I/ZP-4\nKarimpur-I and Karimpur-II grams\nKarimpur-I/ZP-5\nJamsherpur,harekrishnapur and\nMadhugari grams\nKarimpur-I/ZP-6\nPipulberia,Hogalberia and Shikarpur\ngrams"", """", ""Women\nWomen""]",data/wb/derived/nadia_2013_handbook/membership_visual_audit.json,228c0381abce0fa14d3f575f105e9c1bca2ccdb31b57677f7f5be6c2dd66a3d4,full_source_visual_review_single_assistant,
c1747869da58f7357388,West Bengal,Nadia,2013,gp_block_membership,Karimpur-I,Jamsherpur,Karimpur-I/ZP-5,5,0,data/wb/gp_source_search/historical_expansion/nadia_Panchayat_20General_20Election_20-_20final_20book_election_202013__cf50563e.pdf,238810badd4a39a733192c9c269ae3cea0171701253e159de32ae912c1211c43,71,0,3,1,"Karimpur-I/ZP-5
Jamsherpur,harekrishnapur and
Madhugari grams","[63.71999999999999, 314.33000999999996, 560.6200200000001, 437.9300099999999]","[204.17000000000002, 314.33000999999996, 399.910005, 437.9300099999999]","PDF points, top-left origin","[""Karimpur-I"", ""3"", ""Karimpur-I/ZP-4\nKarimpur-I and Karimpur-II grams\nKarimpur-I/ZP-5\nJamsherpur,harekrishnapur and\nMadhugari grams\nKarimpur-I/ZP-6\nPipulberia,Hogalberia and Shikarpur\ngrams"", """", ""Women\nWomen""]",data/wb/derived/nadia_2013_handbook/membership_visual_audit.json,228c0381abce0fa14d3f575f105e9c1bca2ccdb31b57677f7f5be6c2dd66a3d4,full_source_visual_review_single_assistant,
ef15254cdd1f346e563f,West Bengal,Nadia,2013,gp_block_membership,Karimpur-I,harekrishnapur,Karimpur-I/ZP-5,5,1,data/wb/gp_source_search/historical_expansion/nadia_Panchayat_20General_20Election_20-_20final_20book_election_202013__cf50563e.pdf,238810badd4a39a733192c9c269ae3cea0171701253e159de32ae912c1211c43,71,0,3,1,"Karimpur-I/ZP-5
Jamsherpur,harekrishnapur and
Madhugari grams","[63.71999999999999, 314.33000999999996, 560.6200200000001, 437.9300099999999]","[204.17000000000002, 314.33000999999996, 399.910005, 437.9300099999999]","PDF points, top-left origin","[""Karimpur-I"", ""3"", ""Karimpur-I/ZP-4\nKarimpur-I and Karimpur-II grams\nKarimpur-I/ZP-5\nJamsherpur,harekrishnapur and\nMadhugari grams\nKarimpur-I/ZP-6\nPipulberia,Hogalberia and Shikarpur\ngrams"", """", ""Women\nWomen""]",data/wb/derived/nadia_2013_handbook/membership_visual_audit.json,228c0381abce0fa14d3f575f105e9c1bca2ccdb31b57677f7f5be6c2dd66a3d4,full_source_visual_review_single_assistant,
a54e359daaba07ae0160,West Bengal,Nadia,2013,gp_block_membership,Karimpur-I,Madhugari,Karimpur-I/ZP-5,5,2,data/wb/gp_source_search/historical_expansion/nadia_Panchayat_20General_20Election_20-_20final_20book_election_202013__cf50563e.pdf,238810badd4a39a733192c9c269ae3cea0171701253e159de32ae912c1211c43,71,0,3,1,"Karimpur-I/ZP-5
Jamsherpur,harekrishnapur and
Madhugari grams","[63.71999999999999, 314.33000999999996, 560.6200200000001, 437.9300099999999]","[204.17000000000002, 314.33000999999996, 399.910005, 437.9300099999999]","PDF points, top-left origin","[""Karimpur-I"", ""3"", ""Karimpur-I/ZP-4\nKarimpur-I and Karimpur-II grams\nKarimpur-I/ZP-5\nJamsherpur,harekrishnapur and\nMadhugari grams\nKarimpur-I/ZP-6\nPipulberia,Hogalberia and Shikarpur\ngrams"", """", ""Women\nWomen""]",data/wb/derived/nadia_2013_handbook/membership_visual_audit.json,228c0381abce0fa14d3f575f105e9c1bca2ccdb31b57677f7f5be6c2dd66a3d4,full_source_visual_review_single_assistant,
b304fd0dfec59c6b3760,West Bengal,Nadia,2013,gp_block_membership,Karimpur-I,Pipulberia,Karimpur-I/ZP-6,6,0,data/wb/gp_source_search/historical_expansion/nadia_Panchayat_20General_20Election_20-_20final_20book_election_202013__cf50563e.pdf,238810badd4a39a733192c9c269ae3cea0171701253e159de32ae912c1211c43,71,0,3,2,"Karimpur-I/ZP-6
Pipulberia,Hogalberia and Shikarpur
grams","[63.71999999999999, 314.33000999999996, 560.6200200000001, 437.9300099999999]","[204.17000000000002, 314.33000999999996, 399.910005, 437.9300099999999]","PDF points, top-left origin","[""Karimpur-I"", ""3"", ""Karimpur-I/ZP-4\nKarimpur-I and Karimpur-II grams\nKarimpur-I/ZP-5\nJamsherpur,harekrishnapur and\nMadhugari grams\nKarimpur-I/ZP-6\nPipulberia,Hogalberia and Shikarpur\ngrams"", """", ""Women\nWomen""]",data/wb/derived/nadia_2013_handbook/membership_visual_audit.json,228c0381abce0fa14d3f575f105e9c1bca2ccdb31b57677f7f5be6c2dd66a3d4,full_source_visual_review_single_assistant,
94d38164708709da3e47,West Bengal,Nadia,2013,gp_block_membership,Karimpur-I,Hogalberia,Karimpur-I/ZP-6,6,1,data/wb/gp_source_search/historical_expansion/nadia_Panchayat_20General_20Election_20-_20final_20book_election_202013__cf50563e.pdf,238810badd4a39a733192c9c269ae3cea0171701253e159de32ae912c1211c43,71,0,3,2,"Karimpur-I/ZP-6
Pipulberia,Hogalberia and Shikarpur
grams","[63.71999999999999, 314.33000999999996, 560.6200200000001, 437.9300099999999]","[204.17000000000002, 314.33000999999996, 399.910005, 437.9300099999999]","PDF points, top-left origin","[""Karimpur-I"", ""3"", ""Karimpur-I/ZP-4\nKarimpur-I and Karimpur-II grams\nKarimpur-I/ZP-5\nJamsherpur,harekrishnapur and\nMadhugari grams\nKarimpur-I/ZP-6\nPipulberia,Hogalberia and Shikarpur\ngrams"", """", ""Women\nWomen""]",data/wb/derived/nadia_2013_handbook/membership_visual_audit.json,228c0381abce0fa14d3f575f105e9c1bca2ccdb31b57677f7f5be6c2dd66a3d4,full_source_visual_review_single_assistant,
83bd227235b81fc7b926,West Bengal,Nadia,2013,gp_block_membership,Karimpur-I,Shikarpur,Karimpur-I/ZP-6,6,2,data/wb/gp_source_search/historical_expansion/nadia_Panchayat_20General_20Election_20-_20final_20book_election_202013__cf50563e.pdf,238810badd4a39a733192c9c269ae3cea0171701253e159de32ae912c1211c43,71,0,3,2,"Karimpur-I/ZP-6
Pipulberia,Hogalberia and Shikarpur
grams","[63.71999999999999, 314.33000999999996, 560.6200200000001, 437.9300099999999]","[204.17000000000002, 314.33000999999996, 399.910005, 437.9300099999999]","PDF points, top-left origin","[""Karimpur-I"", ""3"", ""Karimpur-I/ZP-4\nKarimpur-I and Karimpur-II grams\nKarimpur-I/ZP-5\nJamsherpur,harekrishnapur and\nMadhugari grams\nKarimpur-I/ZP-6\nPipulberia,Hogalberia and Shikarpur\ngrams"", """", ""Women\nWomen""]",data/wb/derived/nadia_2013_handbook/membership_visual_audit.json,228c0381abce0fa14d3f575f105e9c1bca2ccdb31b57677f7f5be6c2dd66a3d4,full_source_visual_review_single_assistant,
72d7b874b69f525c23fa,West Bengal,Nadia,2013,gp_block_membership,Tehatta-I,Chhitka,Tehatta-I/ZP-7,7,0,data/wb/gp_source_search/historical_expansion/nadia_Panchayat_20General_20Election_20-_20final_20book_election_202013__cf50563e.pdf,238810badd4a39a733192c9c269ae3cea0171701253e159de32ae912c1211c43,71,0,4,0,"Tehatta-I/ZP-7
Chhitka,Kanainagar and Betai-I grams","[63.71999999999999, 437.9300099999999, 560.6200200000001, 550.3899799999999]","[204.17000000000002, 437.9300099999999, 399.910005, 550.3899799999999]","PDF points, top-left origin","[""Tehatta-I"", ""3"", ""Tehatta-I/ZP-7\nChhitka,Kanainagar and Betai-I grams\nTehatta-I/ZP-8\nBetaiII,Shyamnagar,Raghunathpur and\nTehatta grams\nTehatta-I/ZP-9\nNatna,Patharghata-I,Patharghata-II and\nChanderghat grams"", ""SC"", ""Women""]",data/wb/derived/nadia_2013_handbook/membership_visual_audit.json,228c0381abce0fa14d3f575f105e9c1bca2ccdb31b57677f7f5be6c2dd66a3d4,full_source_visual_review_single_assistant,
9ee2744434d60f3f55f4,West Bengal,Nadia,2013,gp_block_membership,Tehatta-I,Kanainagar,Tehatta-I/ZP-7,7,1,data/wb/gp_source_search/historical_expansion/nadia_Panchayat_20General_20Election_20-_20final_20book_election_202013__cf50563e.pdf,238810badd4a39a733192c9c269ae3cea0171701253e159de32ae912c1211c43,71,0,4,0,"Tehatta-I/ZP-7
Chhitka,Kanainagar and Betai-I grams","[63.71999999999999, 437.9300099999999, 560.6200200000001, 550.3899799999999]","[204.17000000000002, 437.9300099999999, 399.910005, 550.3899799999999]","PDF points, top-left origin","[""Tehatta-I"", ""3"", ""Tehatta-I/ZP-7\nChhitka,Kanainagar and Betai-I grams\nTehatta-I/ZP-8\nBetaiII,Shyamnagar,Raghunathpur and\nTehatta grams\nTehatta-I/ZP-9\nNatna,Patharghata-I,Patharghata-II and\nChanderghat grams"", ""SC"", ""Women""]",data/wb/derived/nadia_2013_handbook/membership_visual_audit.json,228c0381abce0fa14d3f575f105e9c1bca2ccdb31b57677f7f5be6c2dd66a3d4,full_source_visual_review_single_assistant,
0fc95ad78951292c974b,West Bengal,Nadia,2013,gp_block_membership,Tehatta-I,Betai-I,Tehatta-I/ZP-7,7,2,data/wb/gp_source_search/historical_expansion/nadia_Panchayat_20General_20Election_20-_20final_20book_election_202013__cf50563e.pdf,238810badd4a39a733192c9c269ae3cea0171701253e159de32ae912c1211c43,71,0,4,0,"Tehatta-I/ZP-7
Chhitka,Kanainagar and Betai-I grams","[63.71999999999999, 437.9300099999999, 560.6200200000001, 550.3899799999999]","[204.17000000000002, 437.9300099999999, 399.910005, 550.3899799999999]","PDF points, top-left origin","[""Tehatta-I"", ""3"", ""Tehatta-I/ZP-7\nChhitka,Kanainagar and Betai-I grams\nTehatta-I/ZP-8\nBetaiII,Shyamnagar,Raghunathpur and\nTehatta grams\nTehatta-I/ZP-9\nNatna,Patharghata-I,Patharghata-II and\nChanderghat grams"", ""SC"", ""Women""]",data/wb/derived/nadia_2013_handbook/membership_visual_audit.json,228c0381abce0fa14d3f575f105e9c1bca2ccdb31b57677f7f5be6c2dd66a3d4,full_source_visual_review_single_assistant,
8d0f998608341c0a22ac,West Bengal,Nadia,2013,gp_block_membership,Tehatta-I,BetaiII,Tehatta-I/ZP-8,8,0,data/wb/gp_source_search/historical_expansion/nadia_Panchayat_20General_20Election_20-_20final_20book_election_202013__cf50563e.pdf,238810badd4a39a733192c9c269ae3cea0171701253e159de32ae912c1211c43,71,0,4,1,"Tehatta-I/ZP-8
BetaiII,Shyamnagar,Raghunathpur and
Tehatta grams","[63.71999999999999, 437.9300099999999, 560.6200200000001, 550.3899799999999]","[204.17000000000002, 437.9300099999999, 399.910005, 550.3899799999999]","PDF points, top-left origin","[""Tehatta-I"", ""3"", ""Tehatta-I/ZP-7\nChhitka,Kanainagar and Betai-I grams\nTehatta-I/ZP-8\nBetaiII,Shyamnagar,Raghunathpur and\nTehatta grams\nTehatta-I/ZP-9\nNatna,Patharghata-I,Patharghata-II and\nChanderghat grams"", ""SC"", ""Women""]",data/wb/derived/nadia_2013_handbook/membership_visual_audit.json,228c0381abce0fa14d3f575f105e9c1bca2ccdb31b57677f7f5be6c2dd66a3d4,full_source_visual_review_single_assistant,
6d27eb3ef49af8596039,West Bengal,Nadia,2013,gp_block_membership,Tehatta-I,Shyamnagar,Tehatta-I/ZP-8,8,1,data/wb/gp_source_search/historical_expansion/nadia_Panchayat_20General_20Election_20-_20final_20book_election_202013__cf50563e.pdf,238810badd4a39a733192c9c269ae3cea0171701253e159de32ae912c1211c43,71,0,4,1,"Tehatta-I/ZP-8
BetaiII,Shyamnagar,Raghunathpur and
Tehatta grams","[63.71999999999999, 437.9300099999999, 560.6200200000001, 550.3899799999999]","[204.17000000000002, 437.9300099999999, 399.910005, 550.3899799999999]","PDF points, top-left origin","[""Tehatta-I"", ""3"", ""Tehatta-I/ZP-7\nChhitka,Kanainagar and Betai-I grams\nTehatta-I/ZP-8\nBetaiII,Shyamnagar,Raghunathpur and\nTehatta grams\nTehatta-I/ZP-9\nNatna,Patharghata-I,Patharghata-II and\nChanderghat grams"", ""SC"", ""Women""]",data/wb/derived/nadia_2013_handbook/membership_visual_audit.json,228c0381abce0fa14d3f575f105e9c1bca2ccdb31b57677f7f5be6c2dd66a3d4,full_source_visual_review_single_assistant,same_gp_name_printed_in_multiple_blocks
794f6f58e1e1c8a12ad3,West Bengal,Nadia,2013,gp_block_membership,Tehatta-I,Raghunathpur,Tehatta-I/ZP-8,8,2,data/wb/gp_source_search/historical_expansion/nadia_Panchayat_20General_20Election_20-_20final_20book_election_202013__cf50563e.pdf,238810badd4a39a733192c9c269ae3cea0171701253e159de32ae912c1211c43,71,0,4,1,"Tehatta-I/ZP-8
BetaiII,Shyamnagar,Raghunathpur and
Tehatta grams","[63.71999999999999, 437.9300099999999, 560.6200200000001, 550.3899799999999]","[204.17000000000002, 437.9300099999999, 399.910005, 550.3899799999999]","PDF points, top-left origin","[""Tehatta-I"", ""3"", ""Tehatta-I/ZP-7\nChhitka,Kanainagar and Betai-I grams\nTehatta-I/ZP-8\nBetaiII,Shyamnagar,Raghunathpur and\nTehatta grams\nTehatta-I/ZP-9\nNatna,Patharghata-I,Patharghata-II and\nChanderghat grams"", ""SC"", ""Women""]",data/wb/derived/nadia_2013_handbook/membership_visual_audit.json,228c0381abce0fa14d3f575f105e9c1bca2ccdb31b57677f7f5be6c2dd66a3d4,full_source_visual_review_single_assistant,
9d06f88ab680e18808e9,West Bengal,Nadia,2013,gp_block_membership,Tehatta-I,Tehatta,Tehatta-I/ZP-8,8,3,data/wb/gp_source_search/historical_expansion/nadia_Panchayat_20General_20Election_20-_20final_20book_election_202013__cf50563e.pdf,238810badd4a39a733192c9c269ae3cea0171701253e159de32ae912c1211c43,71,0,4,1,"Tehatta-I/ZP-8
BetaiII,Shyamnagar,Raghunathpur and
Tehatta grams","[63.71999999999999, 437.9300099999999, 560.6200200000001, 550.3899799999999]","[204.17000000000002, 437.9300099999999, 399.910005, 550.3899799999999]","PDF points, top-left origin","[""Tehatta-I"", ""3"", ""Tehatta-I/ZP-7\nChhitka,Kanainagar and Betai-I grams\nTehatta-I/ZP-8\nBetaiII,Shyamnagar,Raghunathpur and\nTehatta grams\nTehatta-I/ZP-9\nNatna,Patharghata-I,Patharghata-II and\nChanderghat grams"", ""SC"", ""Women""]",data/wb/derived/nadia_2013_handbook/membership_visual_audit.json,228c0381abce0fa14d3f575f105e9c1bca2ccdb31b57677f7f5be6c2dd66a3d4,full_source_visual_review_single_assistant,
b6539a53912f50b795a8,West Bengal,Nadia,2013,gp_block_membership,Tehatta-I,Natna,Tehatta-I/ZP-9,9,0,data/wb/gp_source_search/historical_expansion/nadia_Panchayat_20General_20Election_20-_20final_20book_election_202013__cf50563e.pdf,238810badd4a39a733192c9c269ae3cea0171701253e159de32ae912c1211c43,71,0,4,2,"Tehatta-I/ZP-9
Natna,Patharghata-I,Patharghata-II and
Chanderghat grams","[63.71999999999999, 437.9300099999999, 560.6200200000001, 550.3899799999999]","[204.17000000000002, 437.9300099999999, 399.910005, 550.3899799999999]","PDF points, top-left origin","[""Tehatta-I"", ""3"", ""Tehatta-I/ZP-7\nChhitka,Kanainagar and Betai-I grams\nTehatta-I/ZP-8\nBetaiII,Shyamnagar,Raghunathpur and\nTehatta grams\nTehatta-I/ZP-9\nNatna,Patharghata-I,Patharghata-II and\nChanderghat grams"", ""SC"", ""Women""]",data/wb/derived/nadia_2013_handbook/membership_visual_audit.json,228c0381abce0fa14d3f575f105e9c1bca2ccdb31b57677f7f5be6c2dd66a3d4,full_source_visual_review_single_assistant,
e9a6d0f32e96d6803207,West Bengal,Nadia,2013,gp_block_membership,Tehatta-I,Patharghata-I,Tehatta-I/ZP-9,9,1,data/wb/gp_source_search/historical_expansion/nadia_Panchayat_20General_20Election_20-_20final_20book_election_202013__cf50563e.pdf,238810badd4a39a733192c9c269ae3cea0171701253e159de32ae912c1211c43,71,0,4,2,"Tehatta-I/ZP-9
Natna,Patharghata-I,Patharghata-II and
Chanderghat grams","[63.71999999999999, 437.9300099999999, 560.6200200000001, 550.3899799999999]","[204.17000000000002, 437.9300099999999, 399.910005, 550.3899799999999]","PDF points, top-left origin","[""Tehatta-I"", ""3"", ""Tehatta-I/ZP-7\nChhitka,Kanainagar and Betai-I grams\nTehatta-I/ZP-8\nBetaiII,Shyamnagar,Raghunathpur and\nTehatta grams\nTehatta-I/ZP-9\nNatna,Patharghata-I,Patharghata-II and\nChanderghat grams"", ""SC"", ""Women""]",data/wb/derived/nadia_2013_handbook/membership_visual_audit.json,228c0381abce0fa14d3f575f105e9c1bca2ccdb31b57677f7f5be6c2dd66a3d4,full_source_visual_review_single_assistant,
ef99b2ae9941737052fd,West Bengal,Nadia,2013,gp_block_membership,Tehatta-I,Patharghata-II,Tehatta-I/ZP-9,9,2,data/wb/gp_source_search/historical_expansion/nadia_Panchayat_20General_20Election_20-_20final_20book_election_202013__cf50563e.pdf,238810badd4a39a733192c9c269ae3cea0171701253e159de32ae912c1211c43,71,0,4,2,"Tehatta-I/ZP-9
Natna,Patharghata-I,Patharghata-II and
Chanderghat grams","[63.71999999999999, 437.9300099999999, 560.6200200000001, 550.3899799999999]","[204.17000000000002, 437.9300099999999, 399.910005, 550.3899799999999]","PDF points, top-left origin","[""Tehatta-I"", ""3"", ""Tehatta-I/ZP-7\nChhitka,Kanainagar and Betai-I grams\nTehatta-I/ZP-8\nBetaiII,Shyamnagar,Raghunathpur and\nTehatta grams\nTehatta-I/ZP-9\nNatna,Patharghata-I,Patharghata-II and\nChanderghat grams"", ""SC"", ""Women""]",data/wb/derived/nadia_2013_handbook/membership_visual_audit.json,228c0381abce0fa14d3f575f105e9c1bca2ccdb31b57677f7f5be6c2dd66a3d4,full_source_visual_review_single_assistant,
296ea2720720bb52b998,West Bengal,Nadia,2013,gp_block_membership,Tehatta-I,Chanderghat,Tehatta-I/ZP-9,9,3,data/wb/gp_source_search/historical_expansion/nadia_Panchayat_20General_20Election_20-_20final_20book_election_202013__cf50563e.pdf,238810badd4a39a733192c9c269ae3cea0171701253e159de32ae912c1211c43,71,0,4,2,"Tehatta-I/ZP-9
Natna,Patharghata-I,Patharghata-II and
Chanderghat grams","[63.71999999999999, 437.9300099999999, 560.6200200000001, 550.3899799999999]","[204.17000000000002, 437.9300099999999, 399.910005, 550.3899799999999]","PDF points, top-left origin","[""Tehatta-I"", ""3"", ""Tehatta-I/ZP-7\nChhitka,Kanainagar and Betai-I grams\nTehatta-I/ZP-8\nBetaiII,Shyamnagar,Raghunathpur and\nTehatta grams\nTehatta-I/ZP-9\nNatna,Patharghata-I,Patharghata-II and\nChanderghat grams"", ""SC"", ""Women""]",data/wb/derived/nadia_2013_handbook/membership_visual_audit.json,228c0381abce0fa14d3f575f105e9c1bca2ccdb31b57677f7f5be6c2dd66a3d4,full_source_visual_review_single_assistant,
f656c0e47c78513cdf9d,West Bengal,Nadia,2013,gp_block_membership,Tehatta-II,Gopinathpur,Tehatta-II/ZP-10,10,0,data/wb/gp_source_search/historical_expansion/nadia_Panchayat_20General_20Election_20-_20final_20book_election_202013__cf50563e.pdf,238810badd4a39a733192c9c269ae3cea0171701253e159de32ae912c1211c43,71,0,5,0,"Tehatta-II/ZP-10
Gopinathpur,Sahebnagar and
Palashipara grams","[63.71999999999999, 550.3899799999999, 560.6200200000001, 629.23001]","[204.17000000000002, 550.3899799999999, 399.910005, 629.23001]","PDF points, top-left origin","[""Tehatta-II"", ""2"", ""Tehatta-II/ZP-10\nGopinathpur,Sahebnagar and\nPalashipara grams\nTehatta-II/ZP-11\nPalsunda-I,Palsunda-II,Hanspukuriaand\nBarnia grams"", """", ""Women""]",data/wb/derived/nadia_2013_handbook/membership_visual_audit.json,228c0381abce0fa14d3f575f105e9c1bca2ccdb31b57677f7f5be6c2dd66a3d4,full_source_visual_review_single_assistant,
d18fd3c9b8ac7bbf8924,West Bengal,Nadia,2013,gp_block_membership,Tehatta-II,Sahebnagar,Tehatta-II/ZP-10,10,1,data/wb/gp_source_search/historical_expansion/nadia_Panchayat_20General_20Election_20-_20final_20book_election_202013__cf50563e.pdf,238810badd4a39a733192c9c269ae3cea0171701253e159de32ae912c1211c43,71,0,5,0,"Tehatta-II/ZP-10
Gopinathpur,Sahebnagar and
Palashipara grams","[63.71999999999999, 550.3899799999999, 560.6200200000001, 629.23001]","[204.17000000000002, 550.3899799999999, 399.910005, 629.23001]","PDF points, top-left origin","[""Tehatta-II"", ""2"", ""Tehatta-II/ZP-10\nGopinathpur,Sahebnagar and\nPalashipara grams\nTehatta-II/ZP-11\nPalsunda-I,Palsunda-II,Hanspukuriaand\nBarnia grams"", """", ""Women""]",data/wb/derived/nadia_2013_handbook/membership_visual_audit.json,228c0381abce0fa14d3f575f105e9c1bca2ccdb31b57677f7f5be6c2dd66a3d4,full_source_visual_review_single_assistant,
6ac52d78ad1f77a6771c,West Bengal,Nadia,2013,gp_block_membership,Tehatta-II,Palashipara,Tehatta-II/ZP-10,10,2,data/wb/gp_source_search/historical_expansion/nadia_Panchayat_20General_20Election_20-_20final_20book_election_202013__cf50563e.pdf,238810badd4a39a733192c9c269ae3cea0171701253e159de32ae912c1211c43,71,0,5,0,"Tehatta-II/ZP-10
Gopinathpur,Sahebnagar and
Palashipara grams","[63.71999999999999, 550.3899799999999, 560.6200200000001, 629.23001]","[204.17000000000002, 550.3899799999999, 399.910005, 629.23001]","PDF points, top-left origin","[""Tehatta-II"", ""2"", ""Tehatta-II/ZP-10\nGopinathpur,Sahebnagar and\nPalashipara grams\nTehatta-II/ZP-11\nPalsunda-I,Palsunda-II,Hanspukuriaand\nBarnia grams"", """", ""Women""]",data/wb/derived/nadia_2013_handbook/membership_visual_audit.json,228c0381abce0fa14d3f575f105e9c1bca2ccdb31b57677f7f5be6c2dd66a3d4,full_source_visual_review_single_assistant,
bebc3cc73fa477e5728c,West Bengal,Nadia,2013,gp_block_membership,Tehatta-II,Palsunda-I,Tehatta-II/ZP-11,11,0,data/wb/gp_source_search/historical_expansion/nadia_Panchayat_20General_20Election_20-_20final_20book_election_202013__cf50563e.pdf,238810badd4a39a733192c9c269ae3cea0171701253e159de32ae912c1211c43,71,0,5,1,"Tehatta-II/ZP-11
Palsunda-I,Palsunda-II,Hanspukuriaand
Barnia grams","[63.71999999999999, 550.3899799999999, 560.6200200000001, 629.23001]","[204.17000000000002, 550.3899799999999, 399.910005, 629.23001]","PDF points, top-left origin","[""Tehatta-II"", ""2"", ""Tehatta-II/ZP-10\nGopinathpur,Sahebnagar and\nPalashipara grams\nTehatta-II/ZP-11\nPalsunda-I,Palsunda-II,Hanspukuriaand\nBarnia grams"", """", ""Women""]",data/wb/derived/nadia_2013_handbook/membership_visual_audit.json,228c0381abce0fa14d3f575f105e9c1bca2ccdb31b57677f7f5be6c2dd66a3d4,full_source_visual_review_single_assistant,
1620c85b2b02490de790,West Bengal,Nadia,2013,gp_block_membership,Tehatta-II,Palsunda-II,Tehatta-II/ZP-11,11,1,data/wb/gp_source_search/historical_expansion/nadia_Panchayat_20General_20Election_20-_20final_20book_election_202013__cf50563e.pdf,238810badd4a39a733192c9c269ae3cea0171701253e159de32ae912c1211c43,71,0,5,1,"Tehatta-II/ZP-11
Palsunda-I,Palsunda-II,Hanspukuriaand
Barnia grams","[63.71999999999999, 550.3899799999999, 560.6200200000001, 629.23001]","[204.17000000000002, 550.3899799999999, 399.910005, 629.23001]","PDF points, top-left origin","[""Tehatta-II"", ""2"", ""Tehatta-II/ZP-10\nGopinathpur,Sahebnagar and\nPalashipara grams\nTehatta-II/ZP-11\nPalsunda-I,Palsunda-II,Hanspukuriaand\nBarnia grams"", """", ""Women""]",data/wb/derived/nadia_2013_handbook/membership_visual_audit.json,228c0381abce0fa14d3f575f105e9c1bca2ccdb31b57677f7f5be6c2dd66a3d4,full_source_visual_review_single_assistant,
907dbbb215d2a5d76a08,West Bengal,Nadia,2013,gp_block_membership,Tehatta-II,Hanspukuria,Tehatta-II/ZP-11,11,2,data/wb/gp_source_search/historical_expansion/nadia_Panchayat_20General_20Election_20-_20final_20book_election_202013__cf50563e.pdf,238810badd4a39a733192c9c269ae3cea0171701253e159de32ae912c1211c43,71,0,5,1,"Tehatta-II/ZP-11
Palsunda-I,Palsunda-II,Hanspukuriaand
Barnia grams","[63.71999999999999, 550.3899799999999, 560.6200200000001, 629.23001]","[204.17000000000002, 550.3899799999999, 399.910005, 629.23001]","PDF points, top-left origin","[""Tehatta-II"", ""2"", ""Tehatta-II/ZP-10\nGopinathpur,Sahebnagar and\nPalashipara grams\nTehatta-II/ZP-11\nPalsunda-I,Palsunda-II,Hanspukuriaand\nBarnia grams"", """", ""Women""]",data/wb/derived/nadia_2013_handbook/membership_visual_audit.json,228c0381abce0fa14d3f575f105e9c1bca2ccdb31b57677f7f5be6c2dd66a3d4,full_source_visual_review_single_assistant,
4ee4d0a53e19817228db,West Bengal,Nadia,2013,gp_block_membership,Tehatta-II,Barnia,Tehatta-II/ZP-11,11,3,data/wb/gp_source_search/historical_expansion/nadia_Panchayat_20General_20Election_20-_20final_20book_election_202013__cf50563e.pdf,238810badd4a39a733192c9c269ae3cea0171701253e159de32ae912c1211c43,71,0,5,1,"Tehatta-II/ZP-11
Palsunda-I,Palsunda-II,Hanspukuriaand
Barnia grams","[63.71999999999999, 550.3899799999999, 560.6200200000001, 629.23001]","[204.17000000000002, 550.3899799999999, 399.910005, 629.23001]","PDF points, top-left origin","[""Tehatta-II"", ""2"", ""Tehatta-II/ZP-10\nGopinathpur,Sahebnagar and\nPalashipara grams\nTehatta-II/ZP-11\nPalsunda-I,Palsunda-II,Hanspukuriaand\nBarnia grams"", """", ""Women""]",data/wb/derived/nadia_2013_handbook/membership_visual_audit.json,228c0381abce0fa14d3f575f105e9c1bca2ccdb31b57677f7f5be6c2dd66a3d4,full_source_visual_review_single_assistant,
3ae53f4a164a3b21c439,West Bengal,Nadia,2013,gp_block_membership,Nakashipara,Haranagar,Nakashipara/ZP-12,12,0,data/wb/gp_source_search/historical_expansion/nadia_Panchayat_20General_20Election_20-_20final_20book_election_202013__cf50563e.pdf,238810badd4a39a733192c9c269ae3cea0171701253e159de32ae912c1211c43,71,0,6,0,"Nakashipara/ZP-12
Haranagar,
Bikrampur,Bilkumari,Dhananjaypur and
Patikabari grams","[63.71999999999999, 629.23001, 560.6200200000001, 764.01601]","[204.17000000000002, 629.23001, 399.910005, 764.01601]","PDF points, top-left origin","[""Nakashipara"", ""3"", ""Nakashipara/ZP-12\nHaranagar,\nBikrampur,Bilkumari,Dhananjaypur and\nPatikabari grams\nNakashipara/ZP-13\nMajhergram,\nNakashipara,Billagram,Bethuadahari-\nI,Bethuadahari-II grams"", ""SC\nSC"", ""Women""]",data/wb/derived/nadia_2013_handbook/membership_visual_audit.json,228c0381abce0fa14d3f575f105e9c1bca2ccdb31b57677f7f5be6c2dd66a3d4,full_source_visual_review_single_assistant,
83efb059212401dcf226,West Bengal,Nadia,2013,gp_block_membership,Nakashipara,Bikrampur,Nakashipara/ZP-12,12,1,data/wb/gp_source_search/historical_expansion/nadia_Panchayat_20General_20Election_20-_20final_20book_election_202013__cf50563e.pdf,238810badd4a39a733192c9c269ae3cea0171701253e159de32ae912c1211c43,71,0,6,0,"Nakashipara/ZP-12
Haranagar,
Bikrampur,Bilkumari,Dhananjaypur and
Patikabari grams","[63.71999999999999, 629.23001, 560.6200200000001, 764.01601]","[204.17000000000002, 629.23001, 399.910005, 764.01601]","PDF points, top-left origin","[""Nakashipara"", ""3"", ""Nakashipara/ZP-12\nHaranagar,\nBikrampur,Bilkumari,Dhananjaypur and\nPatikabari grams\nNakashipara/ZP-13\nMajhergram,\nNakashipara,Billagram,Bethuadahari-\nI,Bethuadahari-II grams"", ""SC\nSC"", ""Women""]",data/wb/derived/nadia_2013_handbook/membership_visual_audit.json,228c0381abce0fa14d3f575f105e9c1bca2ccdb31b57677f7f5be6c2dd66a3d4,full_source_visual_review_single_assistant,
e642dc4d72a3f87f343e,West Bengal,Nadia,2013,gp_block_membership,Nakashipara,Bilkumari,Nakashipara/ZP-12,12,2,data/wb/gp_source_search/historical_expansion/nadia_Panchayat_20General_20Election_20-_20final_20book_election_202013__cf50563e.pdf,238810badd4a39a733192c9c269ae3cea0171701253e159de32ae912c1211c43,71,0,6,0,"Nakashipara/ZP-12
Haranagar,
Bikrampur,Bilkumari,Dhananjaypur and
Patikabari grams","[63.71999999999999, 629.23001, 560.6200200000001, 764.01601]","[204.17000000000002, 629.23001, 399.910005, 764.01601]","PDF points, top-left origin","[""Nakashipara"", ""3"", ""Nakashipara/ZP-12\nHaranagar,\nBikrampur,Bilkumari,Dhananjaypur and\nPatikabari grams\nNakashipara/ZP-13\nMajhergram,\nNakashipara,Billagram,Bethuadahari-\nI,Bethuadahari-II grams"", ""SC\nSC"", ""Women""]",data/wb/derived/nadia_2013_handbook/membership_visual_audit.json,228c0381abce0fa14d3f575f105e9c1bca2ccdb31b57677f7f5be6c2dd66a3d4,full_source_visual_review_single_assistant,
191e45a163a22f61aac7,West Bengal,Nadia,2013,gp_block_membership,Nakashipara,Dhananjaypur,Nakashipara/ZP-12,12,3,data/wb/gp_source_search/historical_expansion/nadia_Panchayat_20General_20Election_20-_20final_20book_election_202013__cf50563e.pdf,238810badd4a39a733192c9c269ae3cea0171701253e159de32ae912c1211c43,71,0,6,0,"Nakashipara/ZP-12
Haranagar,
Bikrampur,Bilkumari,Dhananjaypur and
Patikabari grams","[63.71999999999999, 629.23001, 560.6200200000001, 764.01601]","[204.17000000000002, 629.23001, 399.910005, 764.01601]","PDF points, top-left origin","[""Nakashipara"", ""3"", ""Nakashipara/ZP-12\nHaranagar,\nBikrampur,Bilkumari,Dhananjaypur and\nPatikabari grams\nNakashipara/ZP-13\nMajhergram,\nNakashipara,Billagram,Bethuadahari-\nI,Bethuadahari-II grams"", ""SC\nSC"", ""Women""]",data/wb/derived/nadia_2013_handbook/membership_visual_audit.json,228c0381abce0fa14d3f575f105e9c1bca2ccdb31b57677f7f5be6c2dd66a3d4,full_source_visual_review_single_assistant,
7977e3fb127c1bd55a36,West Bengal,Nadia,2013,gp_block_membership,Nakashipara,Patikabari,Nakashipara/ZP-12,12,4,data/wb/gp_source_search/historical_expansion/nadia_Panchayat_20General_20Election_20-_20final_20book_election_202013__cf50563e.pdf,238810badd4a39a733192c9c269ae3cea0171701253e159de32ae912c1211c43,71,0,6,0,"Nakashipara/ZP-12
Haranagar,
Bikrampur,Bilkumari,Dhananjaypur and
Patikabari grams","[63.71999999999999, 629.23001, 560.6200200000001, 764.01601]","[204.17000000000002, 629.23001, 399.910005, 764.01601]","PDF points, top-left origin","[""Nakashipara"", ""3"", ""Nakashipara/ZP-12\nHaranagar,\nBikrampur,Bilkumari,Dhananjaypur and\nPatikabari grams\nNakashipara/ZP-13\nMajhergram,\nNakashipara,Billagram,Bethuadahari-\nI,Bethuadahari-II grams"", ""SC\nSC"", ""Women""]",data/wb/derived/nadia_2013_handbook/membership_visual_audit.json,228c0381abce0fa14d3f575f105e9c1bca2ccdb31b57677f7f5be6c2dd66a3d4,full_source_visual_review_single_assistant,
d6df5841943bfdd17b89,West Bengal,Nadia,2013,gp_block_membership,Nakashipara,Majhergram,Nakashipara/ZP-13,13,0,data/wb/gp_source_search/historical_expansion/nadia_Panchayat_20General_20Election_20-_20final_20book_election_202013__cf50563e.pdf,238810badd4a39a733192c9c269ae3cea0171701253e159de32ae912c1211c43,71,0,6,1,"Nakashipara/ZP-13
Majhergram,
Nakashipara,Billagram,Bethuadahari-
I,Bethuadahari-II grams","[63.71999999999999, 629.23001, 560.6200200000001, 764.01601]","[204.17000000000002, 629.23001, 399.910005, 764.01601]","PDF points, top-left origin","[""Nakashipara"", ""3"", ""Nakashipara/ZP-12\nHaranagar,\nBikrampur,Bilkumari,Dhananjaypur and\nPatikabari grams\nNakashipara/ZP-13\nMajhergram,\nNakashipara,Billagram,Bethuadahari-\nI,Bethuadahari-II grams"", ""SC\nSC"", ""Women""]",data/wb/derived/nadia_2013_handbook/membership_visual_audit.json,228c0381abce0fa14d3f575f105e9c1bca2ccdb31b57677f7f5be6c2dd66a3d4,full_source_visual_review_single_assistant,same_gp_name_printed_in_multiple_blocks
01bec5507c266360024e,West Bengal,Nadia,2013,gp_block_membership,Nakashipara,Nakashipara,Nakashipara/ZP-13,13,1,data/wb/gp_source_search/historical_expansion/nadia_Panchayat_20General_20Election_20-_20final_20book_election_202013__cf50563e.pdf,238810badd4a39a733192c9c269ae3cea0171701253e159de32ae912c1211c43,71,0,6,1,"Nakashipara/ZP-13
Majhergram,
Nakashipara,Billagram,Bethuadahari-
I,Bethuadahari-II grams","[63.71999999999999, 629.23001, 560.6200200000001, 764.01601]","[204.17000000000002, 629.23001, 399.910005, 764.01601]","PDF points, top-left origin","[""Nakashipara"", ""3"", ""Nakashipara/ZP-12\nHaranagar,\nBikrampur,Bilkumari,Dhananjaypur and\nPatikabari grams\nNakashipara/ZP-13\nMajhergram,\nNakashipara,Billagram,Bethuadahari-\nI,Bethuadahari-II grams"", ""SC\nSC"", ""Women""]",data/wb/derived/nadia_2013_handbook/membership_visual_audit.json,228c0381abce0fa14d3f575f105e9c1bca2ccdb31b57677f7f5be6c2dd66a3d4,full_source_visual_review_single_assistant,
e488326247c7ba89ef66,West Bengal,Nadia,2013,gp_block_membership,Nakashipara,Billagram,Nakashipara/ZP-13,13,2,data/wb/gp_source_search/historical_expansion/nadia_Panchayat_20General_20Election_20-_20final_20book_election_202013__cf50563e.pdf,238810badd4a39a733192c9c269ae3cea0171701253e159de32ae912c1211c43,71,0,6,1,"Nakashipara/ZP-13
Majhergram,
Nakashipara,Billagram,Bethuadahari-
I,Bethuadahari-II grams","[63.71999999999999, 629.23001, 560.6200200000001, 764.01601]","[204.17000000000002, 629.23001, 399.910005, 764.01601]","PDF points, top-left origin","[""Nakashipara"", ""3"", ""Nakashipara/ZP-12\nHaranagar,\nBikrampur,Bilkumari,Dhananjaypur and\nPatikabari grams\nNakashipara/ZP-13\nMajhergram,\nNakashipara,Billagram,Bethuadahari-\nI,Bethuadahari-II grams"", ""SC\nSC"", ""Women""]",data/wb/derived/nadia_2013_handbook/membership_visual_audit.json,228c0381abce0fa14d3f575f105e9c1bca2ccdb31b57677f7f5be6c2dd66a3d4,full_source_visual_review_single_assistant,
0b93fc0e0f562928b44b,West Bengal,Nadia,2013,gp_block_membership,Nakashipara,Bethuadahari-I,Nakashipara/ZP-13,13,3,data/wb/gp_source_search/historical_expansion/nadia_Panchayat_20General_20Election_20-_20final_20book_election_202013__cf50563e.pdf,238810badd4a39a733192c9c269ae3cea0171701253e159de32ae912c1211c43,71,0,6,1,"Nakashipara/ZP-13
Majhergram,
Nakashipara,Billagram,Bethuadahari-
I,Bethuadahari-II grams","[63.71999999999999, 629.23001, 560.6200200000001, 764.01601]","[204.17000000000002, 629.23001, 399.910005, 764.01601]","PDF points, top-left origin","[""Nakashipara"", ""3"", ""Nakashipara/ZP-12\nHaranagar,\nBikrampur,Bilkumari,Dhananjaypur and\nPatikabari grams\nNakashipara/ZP-13\nMajhergram,\nNakashipara,Billagram,Bethuadahari-\nI,Bethuadahari-II grams"", ""SC\nSC"", ""Women""]",data/wb/derived/nadia_2013_handbook/membership_visual_audit.json,228c0381abce0fa14d3f575f105e9c1bca2ccdb31b57677f7f5be6c2dd66a3d4,full_source_visual_review_single_assistant,
02589be8b7139d2023b0,West Bengal,Nadia,2013,gp_block_membership,Nakashipara,Bethuadahari-II,Nakashipara/ZP-13,13,4,data/wb/gp_source_search/historical_expansion/nadia_Panchayat_20General_20Election_20-_20final_20book_election_202013__cf50563e.pdf,238810badd4a39a733192c9c269ae3cea0171701253e159de32ae912c1211c43,71,0,6,1,"Nakashipara/ZP-13
Majhergram,
Nakashipara,Billagram,Bethuadahari-
I,Bethuadahari-II grams","[63.71999999999999, 629.23001, 560.6200200000001, 764.01601]","[204.17000000000002, 629.23001, 399.910005, 764.01601]","PDF points, top-left origin","[""Nakashipara"", ""3"", ""Nakashipara/ZP-12\nHaranagar,\nBikrampur,Bilkumari,Dhananjaypur and\nPatikabari grams\nNakashipara/ZP-13\nMajhergram,\nNakashipara,Billagram,Bethuadahari-\nI,Bethuadahari-II grams"", ""SC\nSC"", ""Women""]",data/wb/derived/nadia_2013_handbook/membership_visual_audit.json,228c0381abce0fa14d3f575f105e9c1bca2ccdb31b57677f7f5be6c2dd66a3d4,full_source_visual_review_single_assistant,
d28326b5a9221093876c,West Bengal,Nadia,2013,gp_block_membership,Nakashipara,Birpur-II,Nakashipara/ZP-14,14,0,data/wb/gp_source_search/historical_expansion/nadia_Panchayat_20General_20Election_20-_20final_20book_election_202013__cf50563e.pdf,238810badd4a39a733192c9c269ae3cea0171701253e159de32ae912c1211c43,72,0,1,0,"Nakashipara/ZP-14
Birpur-II,Birpur-I,Dogachhia,Muragachha
and Dharmadah grams","[63.71999999999999, 195.8599999999999, 560.6200200000001, 229.93999499999995]","[192.98, 195.8599999999999, 399.910005, 229.93999499999995]","PDF points, top-left origin","[""Nakashipara"", """", ""Nakashipara/ZP-14\nBirpur-II,Birpur-I,Dogachhia,Muragachha\nand Dharmadah grams"", ""BC"", ""Women""]",data/wb/derived/nadia_2013_handbook/membership_visual_audit.json,228c0381abce0fa14d3f575f105e9c1bca2ccdb31b57677f7f5be6c2dd66a3d4,full_source_visual_review_single_assistant,
621c8c3dacd9e8a20ac8,West Bengal,Nadia,2013,gp_block_membership,Nakashipara,Birpur-I,Nakashipara/ZP-14,14,1,data/wb/gp_source_search/historical_expansion/nadia_Panchayat_20General_20Election_20-_20final_20book_election_202013__cf50563e.pdf,238810badd4a39a733192c9c269ae3cea0171701253e159de32ae912c1211c43,72,0,1,0,"Nakashipara/ZP-14
Birpur-II,Birpur-I,Dogachhia,Muragachha
and Dharmadah grams","[63.71999999999999, 195.8599999999999, 560.6200200000001, 229.93999499999995]","[192.98, 195.8599999999999, 399.910005, 229.93999499999995]","PDF points, top-left origin","[""Nakashipara"", """", ""Nakashipara/ZP-14\nBirpur-II,Birpur-I,Dogachhia,Muragachha\nand Dharmadah grams"", ""BC"", ""Women""]",data/wb/derived/nadia_2013_handbook/membership_visual_audit.json,228c0381abce0fa14d3f575f105e9c1bca2ccdb31b57677f7f5be6c2dd66a3d4,full_source_visual_review_single_assistant,
3dfd5ce47e4f5ceda8f3,West Bengal,Nadia,2013,gp_block_membership,Nakashipara,Dogachhia,Nakashipara/ZP-14,14,2,data/wb/gp_source_search/historical_expansion/nadia_Panchayat_20General_20Election_20-_20final_20book_election_202013__cf50563e.pdf,238810badd4a39a733192c9c269ae3cea0171701253e159de32ae912c1211c43,72,0,1,0,"Nakashipara/ZP-14
Birpur-II,Birpur-I,Dogachhia,Muragachha
and Dharmadah grams","[63.71999999999999, 195.8599999999999, 560.6200200000001, 229.93999499999995]","[192.98, 195.8599999999999, 399.910005, 229.93999499999995]","PDF points, top-left origin","[""Nakashipara"", """", ""Nakashipara/ZP-14\nBirpur-II,Birpur-I,Dogachhia,Muragachha\nand Dharmadah grams"", ""BC"", ""Women""]",data/wb/derived/nadia_2013_handbook/membership_visual_audit.json,228c0381abce0fa14d3f575f105e9c1bca2ccdb31b57677f7f5be6c2dd66a3d4,full_source_visual_review_single_assistant,
3c3c1d2cb6b610bd33cf,West Bengal,Nadia,2013,gp_block_membership,Nakashipara,Muragachha,Nakashipara/ZP-14,14,3,data/wb/gp_source_search/historical_expansion/nadia_Panchayat_20General_20Election_20-_20final_20book_election_202013__cf50563e.pdf,238810badd4a39a733192c9c269ae3cea0171701253e159de32ae912c1211c43,72,0,1,0,"Nakashipara/ZP-14
Birpur-II,Birpur-I,Dogachhia,Muragachha
and Dharmadah grams","[63.71999999999999, 195.8599999999999, 560.6200200000001, 229.93999499999995]","[192.98, 195.8599999999999, 399.910005, 229.93999499999995]","PDF points, top-left origin","[""Nakashipara"", """", ""Nakashipara/ZP-14\nBirpur-II,Birpur-I,Dogachhia,Muragachha\nand Dharmadah grams"", ""BC"", ""Women""]",data/wb/derived/nadia_2013_handbook/membership_visual_audit.json,228c0381abce0fa14d3f575f105e9c1bca2ccdb31b57677f7f5be6c2dd66a3d4,full_source_visual_review_single_assistant,
f1f431e08de83dfcae1e,West Bengal,Nadia,2013,gp_block_membership,Nakashipara,Dharmadah,Nakashipara/ZP-14,14,4,data/wb/gp_source_search/historical_expansion/nadia_Panchayat_20General_20Election_20-_20final_20book_election_202013__cf50563e.pdf,238810badd4a39a733192c9c269ae3cea0171701253e159de32ae912c1211c43,72,0,1,0,"Nakashipara/ZP-14
Birpur-II,Birpur-I,Dogachhia,Muragachha
and Dharmadah grams","[63.71999999999999, 195.8599999999999, 560.6200200000001, 229.93999499999995]","[192.98, 195.8599999999999, 399.910005, 229.93999499999995]","PDF points, top-left origin","[""Nakashipara"", """", ""Nakashipara/ZP-14\nBirpur-II,Birpur-I,Dogachhia,Muragachha\nand Dharmadah grams"", ""BC"", ""Women""]",data/wb/derived/nadia_2013_handbook/membership_visual_audit.json,228c0381abce0fa14d3f575f105e9c1bca2ccdb31b57677f7f5be6c2dd66a3d4,full_source_visual_review_single_assistant,
054d1ca70ecab09c0cd1,West Bengal,Nadia,2013,gp_block_membership,Kaliganj,Palassey-II,Kaliganj/ZP-15,15,0,data/wb/gp_source_search/historical_expansion/nadia_Panchayat_20General_20Election_20-_20final_20book_election_202013__cf50563e.pdf,238810badd4a39a733192c9c269ae3cea0171701253e159de32ae912c1211c43,72,0,2,0,"Kaliganj/ZP-15
Palassey-II,Mira-I,Barachandghar,Mira-II
and Palassey-I grams","[63.71999999999999, 229.93999499999995, 560.6200200000001, 387.05001]","[192.98, 229.93999499999995, 399.910005, 387.05001]","PDF points, top-left origin","[""Kaliganj"", ""3"", ""Kaliganj/ZP-15\nPalassey-II,Mira-I,Barachandghar,Mira-II\nand Palassey-I grams\nKaliganj/ZP-16\nKaliganj,Panighata,Debagram and\nHatgachha grams\nKaliganj/ZP-17\nJuranpur,Gobra,Matiary,Faridpur,palitbegi\na and Rajarampur grams"", ""SC"", ""Women""]",data/wb/derived/nadia_2013_handbook/membership_visual_audit.json,228c0381abce0fa14d3f575f105e9c1bca2ccdb31b57677f7f5be6c2dd66a3d4,full_source_visual_review_single_assistant,
847947b4f2e9e0e581d1,West Bengal,Nadia,2013,gp_block_membership,Kaliganj,Mira-I,Kaliganj/ZP-15,15,1,data/wb/gp_source_search/historical_expansion/nadia_Panchayat_20General_20Election_20-_20final_20book_election_202013__cf50563e.pdf,238810badd4a39a733192c9c269ae3cea0171701253e159de32ae912c1211c43,72,0,2,0,"Kaliganj/ZP-15
Palassey-II,Mira-I,Barachandghar,Mira-II
and Palassey-I grams","[63.71999999999999, 229.93999499999995, 560.6200200000001, 387.05001]","[192.98, 229.93999499999995, 399.910005, 387.05001]","PDF points, top-left origin","[""Kaliganj"", ""3"", ""Kaliganj/ZP-15\nPalassey-II,Mira-I,Barachandghar,Mira-II\nand Palassey-I grams\nKaliganj/ZP-16\nKaliganj,Panighata,Debagram and\nHatgachha grams\nKaliganj/ZP-17\nJuranpur,Gobra,Matiary,Faridpur,palitbegi\na and Rajarampur grams"", ""SC"", ""Women""]",data/wb/derived/nadia_2013_handbook/membership_visual_audit.json,228c0381abce0fa14d3f575f105e9c1bca2ccdb31b57677f7f5be6c2dd66a3d4,full_source_visual_review_single_assistant,
adeb82198b960982ec03,West Bengal,Nadia,2013,gp_block_membership,Kaliganj,Barachandghar,Kaliganj/ZP-15,15,2,data/wb/gp_source_search/historical_expansion/nadia_Panchayat_20General_20Election_20-_20final_20book_election_202013__cf50563e.pdf,238810badd4a39a733192c9c269ae3cea0171701253e159de32ae912c1211c43,72,0,2,0,"Kaliganj/ZP-15
Palassey-II,Mira-I,Barachandghar,Mira-II
and Palassey-I grams","[63.71999999999999, 229.93999499999995, 560.6200200000001, 387.05001]","[192.98, 229.93999499999995, 399.910005, 387.05001]","PDF points, top-left origin","[""Kaliganj"", ""3"", ""Kaliganj/ZP-15\nPalassey-II,Mira-I,Barachandghar,Mira-II\nand Palassey-I grams\nKaliganj/ZP-16\nKaliganj,Panighata,Debagram and\nHatgachha grams\nKaliganj/ZP-17\nJuranpur,Gobra,Matiary,Faridpur,palitbegi\na and Rajarampur grams"", ""SC"", ""Women""]",data/wb/derived/nadia_2013_handbook/membership_visual_audit.json,228c0381abce0fa14d3f575f105e9c1bca2ccdb31b57677f7f5be6c2dd66a3d4,full_source_visual_review_single_assistant,
39a94268f69150173daf,West Bengal,Nadia,2013,gp_block_membership,Kaliganj,Mira-II,Kaliganj/ZP-15,15,3,data/wb/gp_source_search/historical_expansion/nadia_Panchayat_20General_20Election_20-_20final_20book_election_202013__cf50563e.pdf,238810badd4a39a733192c9c269ae3cea0171701253e159de32ae912c1211c43,72,0,2,0,"Kaliganj/ZP-15
Palassey-II,Mira-I,Barachandghar,Mira-II
and Palassey-I grams","[63.71999999999999, 229.93999499999995, 560.6200200000001, 387.05001]","[192.98, 229.93999499999995, 399.910005, 387.05001]","PDF points, top-left origin","[""Kaliganj"", ""3"", ""Kaliganj/ZP-15\nPalassey-II,Mira-I,Barachandghar,Mira-II\nand Palassey-I grams\nKaliganj/ZP-16\nKaliganj,Panighata,Debagram and\nHatgachha grams\nKaliganj/ZP-17\nJuranpur,Gobra,Matiary,Faridpur,palitbegi\na and Rajarampur grams"", ""SC"", ""Women""]",data/wb/derived/nadia_2013_handbook/membership_visual_audit.json,228c0381abce0fa14d3f575f105e9c1bca2ccdb31b57677f7f5be6c2dd66a3d4,full_source_visual_review_single_assistant,
dd970f2fd970afaebb22,West Bengal,Nadia,2013,gp_block_membership,Kaliganj,Palassey-I,Kaliganj/ZP-15,15,4,data/wb/gp_source_search/historical_expansion/nadia_Panchayat_20General_20Election_20-_20final_20book_election_202013__cf50563e.pdf,238810badd4a39a733192c9c269ae3cea0171701253e159de32ae912c1211c43,72,0,2,0,"Kaliganj/ZP-15
Palassey-II,Mira-I,Barachandghar,Mira-II
and Palassey-I grams","[63.71999999999999, 229.93999499999995, 560.6200200000001, 387.05001]","[192.98, 229.93999499999995, 399.910005, 387.05001]","PDF points, top-left origin","[""Kaliganj"", ""3"", ""Kaliganj/ZP-15\nPalassey-II,Mira-I,Barachandghar,Mira-II\nand Palassey-I grams\nKaliganj/ZP-16\nKaliganj,Panighata,Debagram and\nHatgachha grams\nKaliganj/ZP-17\nJuranpur,Gobra,Matiary,Faridpur,palitbegi\na and Rajarampur grams"", ""SC"", ""Women""]",data/wb/derived/nadia_2013_handbook/membership_visual_audit.json,228c0381abce0fa14d3f575f105e9c1bca2ccdb31b57677f7f5be6c2dd66a3d4,full_source_visual_review_single_assistant,
85391ad9042ddbd4f8ab,West Bengal,Nadia,2013,gp_block_membership,Kaliganj,Kaliganj,Kaliganj/ZP-16,16,0,data/wb/gp_source_search/historical_expansion/nadia_Panchayat_20General_20Election_20-_20final_20book_election_202013__cf50563e.pdf,238810badd4a39a733192c9c269ae3cea0171701253e159de32ae912c1211c43,72,0,2,1,"Kaliganj/ZP-16
Kaliganj,Panighata,Debagram and
Hatgachha grams","[63.71999999999999, 229.93999499999995, 560.6200200000001, 387.05001]","[192.98, 229.93999499999995, 399.910005, 387.05001]","PDF points, top-left origin","[""Kaliganj"", ""3"", ""Kaliganj/ZP-15\nPalassey-II,Mira-I,Barachandghar,Mira-II\nand Palassey-I grams\nKaliganj/ZP-16\nKaliganj,Panighata,Debagram and\nHatgachha grams\nKaliganj/ZP-17\nJuranpur,Gobra,Matiary,Faridpur,palitbegi\na and Rajarampur grams"", ""SC"", ""Women""]",data/wb/derived/nadia_2013_handbook/membership_visual_audit.json,228c0381abce0fa14d3f575f105e9c1bca2ccdb31b57677f7f5be6c2dd66a3d4,full_source_visual_review_single_assistant,
a694cf8859ea05b5dea0,West Bengal,Nadia,2013,gp_block_membership,Kaliganj,Panighata,Kaliganj/ZP-16,16,1,data/wb/gp_source_search/historical_expansion/nadia_Panchayat_20General_20Election_20-_20final_20book_election_202013__cf50563e.pdf,238810badd4a39a733192c9c269ae3cea0171701253e159de32ae912c1211c43,72,0,2,1,"Kaliganj/ZP-16
Kaliganj,Panighata,Debagram and
Hatgachha grams","[63.71999999999999, 229.93999499999995, 560.6200200000001, 387.05001]","[192.98, 229.93999499999995, 399.910005, 387.05001]","PDF points, top-left origin","[""Kaliganj"", ""3"", ""Kaliganj/ZP-15\nPalassey-II,Mira-I,Barachandghar,Mira-II\nand Palassey-I grams\nKaliganj/ZP-16\nKaliganj,Panighata,Debagram and\nHatgachha grams\nKaliganj/ZP-17\nJuranpur,Gobra,Matiary,Faridpur,palitbegi\na and Rajarampur grams"", ""SC"", ""Women""]",data/wb/derived/nadia_2013_handbook/membership_visual_audit.json,228c0381abce0fa14d3f575f105e9c1bca2ccdb31b57677f7f5be6c2dd66a3d4,full_source_visual_review_single_assistant,
808658d0798bb3a40de3,West Bengal,Nadia,2013,gp_block_membership,Kaliganj,Debagram,Kaliganj/ZP-16,16,2,data/wb/gp_source_search/historical_expansion/nadia_Panchayat_20General_20Election_20-_20final_20book_election_202013__cf50563e.pdf,238810badd4a39a733192c9c269ae3cea0171701253e159de32ae912c1211c43,72,0,2,1,"Kaliganj/ZP-16
Kaliganj,Panighata,Debagram and
Hatgachha grams","[63.71999999999999, 229.93999499999995, 560.6200200000001, 387.05001]","[192.98, 229.93999499999995, 399.910005, 387.05001]","PDF points, top-left origin","[""Kaliganj"", ""3"", ""Kaliganj/ZP-15\nPalassey-II,Mira-I,Barachandghar,Mira-II\nand Palassey-I grams\nKaliganj/ZP-16\nKaliganj,Panighata,Debagram and\nHatgachha grams\nKaliganj/ZP-17\nJuranpur,Gobra,Matiary,Faridpur,palitbegi\na and Rajarampur grams"", ""SC"", ""Women""]",data/wb/derived/nadia_2013_handbook/membership_visual_audit.json,228c0381abce0fa14d3f575f105e9c1bca2ccdb31b57677f7f5be6c2dd66a3d4,full_source_visual_review_single_assistant,same_gp_name_printed_in_multiple_blocks
e03e08f2e76ac8695214,West Bengal,Nadia,2013,gp_block_membership,Kaliganj,Hatgachha,Kaliganj/ZP-16,16,3,data/wb/gp_source_search/historical_expansion/nadia_Panchayat_20General_20Election_20-_20final_20book_election_202013__cf50563e.pdf,238810badd4a39a733192c9c269ae3cea0171701253e159de32ae912c1211c43,72,0,2,1,"Kaliganj/ZP-16
Kaliganj,Panighata,Debagram and
Hatgachha grams","[63.71999999999999, 229.93999499999995, 560.6200200000001, 387.05001]","[192.98, 229.93999499999995, 399.910005, 387.05001]","PDF points, top-left origin","[""Kaliganj"", ""3"", ""Kaliganj/ZP-15\nPalassey-II,Mira-I,Barachandghar,Mira-II\nand Palassey-I grams\nKaliganj/ZP-16\nKaliganj,Panighata,Debagram and\nHatgachha grams\nKaliganj/ZP-17\nJuranpur,Gobra,Matiary,Faridpur,palitbegi\na and Rajarampur grams"", ""SC"", ""Women""]",data/wb/derived/nadia_2013_handbook/membership_visual_audit.json,228c0381abce0fa14d3f575f105e9c1bca2ccdb31b57677f7f5be6c2dd66a3d4,full_source_visual_review_single_assistant,
805936383b60a2e5962f,West Bengal,Nadia,2013,gp_block_membership,Kaliganj,Juranpur,Kaliganj/ZP-17,17,0,data/wb/gp_source_search/historical_expansion/nadia_Panchayat_20General_20Election_20-_20final_20book_election_202013__cf50563e.pdf,238810badd4a39a733192c9c269ae3cea0171701253e159de32ae912c1211c43,72,0,2,2,"Kaliganj/ZP-17
Juranpur,Gobra,Matiary,Faridpur,palitbegi
a and Rajarampur grams","[63.71999999999999, 229.93999499999995, 560.6200200000001, 387.05001]","[192.98, 229.93999499999995, 399.910005, 387.05001]","PDF points, top-left origin","[""Kaliganj"", ""3"", ""Kaliganj/ZP-15\nPalassey-II,Mira-I,Barachandghar,Mira-II\nand Palassey-I grams\nKaliganj/ZP-16\nKaliganj,Panighata,Debagram and\nHatgachha grams\nKaliganj/ZP-17\nJuranpur,Gobra,Matiary,Faridpur,palitbegi\na and Rajarampur grams"", ""SC"", ""Women""]",data/wb/derived/nadia_2013_handbook/membership_visual_audit.json,228c0381abce0fa14d3f575f105e9c1bca2ccdb31b57677f7f5be6c2dd66a3d4,full_source_visual_review_single_assistant,
380c53f78b1afa08a5ee,West Bengal,Nadia,2013,gp_block_membership,Kaliganj,Gobra,Kaliganj/ZP-17,17,1,data/wb/gp_source_search/historical_expansion/nadia_Panchayat_20General_20Election_20-_20final_20book_election_202013__cf50563e.pdf,238810badd4a39a733192c9c269ae3cea0171701253e159de32ae912c1211c43,72,0,2,2,"Kaliganj/ZP-17
Juranpur,Gobra,Matiary,Faridpur,palitbegi
a and Rajarampur grams","[63.71999999999999, 229.93999499999995, 560.6200200000001, 387.05001]","[192.98, 229.93999499999995, 399.910005, 387.05001]","PDF points, top-left origin","[""Kaliganj"", ""3"", ""Kaliganj/ZP-15\nPalassey-II,Mira-I,Barachandghar,Mira-II\nand Palassey-I grams\nKaliganj/ZP-16\nKaliganj,Panighata,Debagram and\nHatgachha grams\nKaliganj/ZP-17\nJuranpur,Gobra,Matiary,Faridpur,palitbegi\na and Rajarampur grams"", ""SC"", ""Women""]",data/wb/derived/nadia_2013_handbook/membership_visual_audit.json,228c0381abce0fa14d3f575f105e9c1bca2ccdb31b57677f7f5be6c2dd66a3d4,full_source_visual_review_single_assistant,
83d7d79a8c196187a135,West Bengal,Nadia,2013,gp_block_membership,Kaliganj,Matiary,Kaliganj/ZP-17,17,2,data/wb/gp_source_search/historical_expansion/nadia_Panchayat_20General_20Election_20-_20final_20book_election_202013__cf50563e.pdf,238810badd4a39a733192c9c269ae3cea0171701253e159de32ae912c1211c43,72,0,2,2,"Kaliganj/ZP-17
Juranpur,Gobra,Matiary,Faridpur,palitbegi
a and Rajarampur grams","[63.71999999999999, 229.93999499999995, 560.6200200000001, 387.05001]","[192.98, 229.93999499999995, 399.910005, 387.05001]","PDF points, top-left origin","[""Kaliganj"", ""3"", ""Kaliganj/ZP-15\nPalassey-II,Mira-I,Barachandghar,Mira-II\nand Palassey-I grams\nKaliganj/ZP-16\nKaliganj,Panighata,Debagram and\nHatgachha grams\nKaliganj/ZP-17\nJuranpur,Gobra,Matiary,Faridpur,palitbegi\na and Rajarampur grams"", ""SC"", ""Women""]",data/wb/derived/nadia_2013_handbook/membership_visual_audit.json,228c0381abce0fa14d3f575f105e9c1bca2ccdb31b57677f7f5be6c2dd66a3d4,full_source_visual_review_single_assistant,
c7fcec1a7c70603806bc,West Bengal,Nadia,2013,gp_block_membership,Kaliganj,Faridpur,Kaliganj/ZP-17,17,3,data/wb/gp_source_search/historical_expansion/nadia_Panchayat_20General_20Election_20-_20final_20book_election_202013__cf50563e.pdf,238810badd4a39a733192c9c269ae3cea0171701253e159de32ae912c1211c43,72,0,2,2,"Kaliganj/ZP-17
Juranpur,Gobra,Matiary,Faridpur,palitbegi
a and Rajarampur grams","[63.71999999999999, 229.93999499999995, 560.6200200000001, 387.05001]","[192.98, 229.93999499999995, 399.910005, 387.05001]","PDF points, top-left origin","[""Kaliganj"", ""3"", ""Kaliganj/ZP-15\nPalassey-II,Mira-I,Barachandghar,Mira-II\nand Palassey-I grams\nKaliganj/ZP-16\nKaliganj,Panighata,Debagram and\nHatgachha grams\nKaliganj/ZP-17\nJuranpur,Gobra,Matiary,Faridpur,palitbegi\na and Rajarampur grams"", ""SC"", ""Women""]",data/wb/derived/nadia_2013_handbook/membership_visual_audit.json,228c0381abce0fa14d3f575f105e9c1bca2ccdb31b57677f7f5be6c2dd66a3d4,full_source_visual_review_single_assistant,
8b3060c1f3104b06f451,West Bengal,Nadia,2013,gp_block_membership,Kaliganj,palitbegia,Kaliganj/ZP-17,17,4,data/wb/gp_source_search/historical_expansion/nadia_Panchayat_20General_20Election_20-_20final_20book_election_202013__cf50563e.pdf,238810badd4a39a733192c9c269ae3cea0171701253e159de32ae912c1211c43,72,0,2,2,"Kaliganj/ZP-17
Juranpur,Gobra,Matiary,Faridpur,palitbegi
a and Rajarampur grams","[63.71999999999999, 229.93999499999995, 560.6200200000001, 387.05001]","[192.98, 229.93999499999995, 399.910005, 387.05001]","PDF points, top-left origin","[""Kaliganj"", ""3"", ""Kaliganj/ZP-15\nPalassey-II,Mira-I,Barachandghar,Mira-II\nand Palassey-I grams\nKaliganj/ZP-16\nKaliganj,Panighata,Debagram and\nHatgachha grams\nKaliganj/ZP-17\nJuranpur,Gobra,Matiary,Faridpur,palitbegi\na and Rajarampur grams"", ""SC"", ""Women""]",data/wb/derived/nadia_2013_handbook/membership_visual_audit.json,228c0381abce0fa14d3f575f105e9c1bca2ccdb31b57677f7f5be6c2dd66a3d4,full_source_visual_review_single_assistant,
d0001f2bbe0aebab89a7,West Bengal,Nadia,2013,gp_block_membership,Kaliganj,Rajarampur,Kaliganj/ZP-17,17,5,data/wb/gp_source_search/historical_expansion/nadia_Panchayat_20General_20Election_20-_20final_20book_election_202013__cf50563e.pdf,238810badd4a39a733192c9c269ae3cea0171701253e159de32ae912c1211c43,72,0,2,2,"Kaliganj/ZP-17
Juranpur,Gobra,Matiary,Faridpur,palitbegi
a and Rajarampur grams","[63.71999999999999, 229.93999499999995, 560.6200200000001, 387.05001]","[192.98, 229.93999499999995, 399.910005, 387.05001]","PDF points, top-left origin","[""Kaliganj"", ""3"", ""Kaliganj/ZP-15\nPalassey-II,Mira-I,Barachandghar,Mira-II\nand Palassey-I grams\nKaliganj/ZP-16\nKaliganj,Panighata,Debagram and\nHatgachha grams\nKaliganj/ZP-17\nJuranpur,Gobra,Matiary,Faridpur,palitbegi\na and Rajarampur grams"", ""SC"", ""Women""]",data/wb/derived/nadia_2013_handbook/membership_visual_audit.json,228c0381abce0fa14d3f575f105e9c1bca2ccdb31b57677f7f5be6c2dd66a3d4,full_source_visual_review_single_assistant,
b9dcf7fc8ff77ef7a054,West Bengal,Nadia,2013,gp_block_membership,Chapra,Hatishala-I,Chapra/ZP-18,18,0,data/wb/gp_source_search/historical_expansion/nadia_Panchayat_20General_20Election_20-_20final_20book_election_202013__cf50563e.pdf,238810badd4a39a733192c9c269ae3cea0171701253e159de32ae912c1211c43,72,0,3,0,"Chapra/ZP-18
Hatishala-I,Hridaypur,Hatishala-II,Alfa and
Brittihuda grams","[63.71999999999999, 387.05001, 560.6200200000001, 532.99001]","[192.98, 387.05001, 399.910005, 532.99001]","PDF points, top-left origin","[""Chapra"", ""3"", ""Chapra/ZP-18\nHatishala-I,Hridaypur,Hatishala-II,Alfa and\nBrittihuda grams\nChapra/ZP-19\nChapra-I,Chapra-II,Mahatpur and Kalinga\ngrams\nChapra/ZP-19\nHatkhola,Pipragachhi,maheshpur and\nBagberia grams"", ""BC\nBC"", ""Women""]",data/wb/derived/nadia_2013_handbook/membership_visual_audit.json,228c0381abce0fa14d3f575f105e9c1bca2ccdb31b57677f7f5be6c2dd66a3d4,full_source_visual_review_single_assistant,
fd6fab44e51dcd930a45,West Bengal,Nadia,2013,gp_block_membership,Chapra,Hridaypur,Chapra/ZP-18,18,1,data/wb/gp_source_search/historical_expansion/nadia_Panchayat_20General_20Election_20-_20final_20book_election_202013__cf50563e.pdf,238810badd4a39a733192c9c269ae3cea0171701253e159de32ae912c1211c43,72,0,3,0,"Chapra/ZP-18
Hatishala-I,Hridaypur,Hatishala-II,Alfa and
Brittihuda grams","[63.71999999999999, 387.05001, 560.6200200000001, 532.99001]","[192.98, 387.05001, 399.910005, 532.99001]","PDF points, top-left origin","[""Chapra"", ""3"", ""Chapra/ZP-18\nHatishala-I,Hridaypur,Hatishala-II,Alfa and\nBrittihuda grams\nChapra/ZP-19\nChapra-I,Chapra-II,Mahatpur and Kalinga\ngrams\nChapra/ZP-19\nHatkhola,Pipragachhi,maheshpur and\nBagberia grams"", ""BC\nBC"", ""Women""]",data/wb/derived/nadia_2013_handbook/membership_visual_audit.json,228c0381abce0fa14d3f575f105e9c1bca2ccdb31b57677f7f5be6c2dd66a3d4,full_source_visual_review_single_assistant,
785225b1f0377a0946f2,West Bengal,Nadia,2013,gp_block_membership,Chapra,Hatishala-II,Chapra/ZP-18,18,2,data/wb/gp_source_search/historical_expansion/nadia_Panchayat_20General_20Election_20-_20final_20book_election_202013__cf50563e.pdf,238810badd4a39a733192c9c269ae3cea0171701253e159de32ae912c1211c43,72,0,3,0,"Chapra/ZP-18
Hatishala-I,Hridaypur,Hatishala-II,Alfa and
Brittihuda grams","[63.71999999999999, 387.05001, 560.6200200000001, 532.99001]","[192.98, 387.05001, 399.910005, 532.99001]","PDF points, top-left origin","[""Chapra"", ""3"", ""Chapra/ZP-18\nHatishala-I,Hridaypur,Hatishala-II,Alfa and\nBrittihuda grams\nChapra/ZP-19\nChapra-I,Chapra-II,Mahatpur and Kalinga\ngrams\nChapra/ZP-19\nHatkhola,Pipragachhi,maheshpur and\nBagberia grams"", ""BC\nBC"", ""Women""]",data/wb/derived/nadia_2013_handbook/membership_visual_audit.json,228c0381abce0fa14d3f575f105e9c1bca2ccdb31b57677f7f5be6c2dd66a3d4,full_source_visual_review_single_assistant,
c9653998bb1bed864c5f,West Bengal,Nadia,2013,gp_block_membership,Chapra,Alfa,Chapra/ZP-18,18,3,data/wb/gp_source_search/historical_expansion/nadia_Panchayat_20General_20Election_20-_20final_20book_election_202013__cf50563e.pdf,238810badd4a39a733192c9c269ae3cea0171701253e159de32ae912c1211c43,72,0,3,0,"Chapra/ZP-18
Hatishala-I,Hridaypur,Hatishala-II,Alfa and
Brittihuda grams","[63.71999999999999, 387.05001, 560.6200200000001, 532.99001]","[192.98, 387.05001, 399.910005, 532.99001]","PDF points, top-left origin","[""Chapra"", ""3"", ""Chapra/ZP-18\nHatishala-I,Hridaypur,Hatishala-II,Alfa and\nBrittihuda grams\nChapra/ZP-19\nChapra-I,Chapra-II,Mahatpur and Kalinga\ngrams\nChapra/ZP-19\nHatkhola,Pipragachhi,maheshpur and\nBagberia grams"", ""BC\nBC"", ""Women""]",data/wb/derived/nadia_2013_handbook/membership_visual_audit.json,228c0381abce0fa14d3f575f105e9c1bca2ccdb31b57677f7f5be6c2dd66a3d4,full_source_visual_review_single_assistant,
e7a87cc95b5e85aeb6db,West Bengal,Nadia,2013,gp_block_membership,Chapra,Brittihuda,Chapra/ZP-18,18,4,data/wb/gp_source_search/historical_expansion/nadia_Panchayat_20General_20Election_20-_20final_20book_election_202013__cf50563e.pdf,238810badd4a39a733192c9c269ae3cea0171701253e159de32ae912c1211c43,72,0,3,0,"Chapra/ZP-18
Hatishala-I,Hridaypur,Hatishala-II,Alfa and
Brittihuda grams","[63.71999999999999, 387.05001, 560.6200200000001, 532.99001]","[192.98, 387.05001, 399.910005, 532.99001]","PDF points, top-left origin","[""Chapra"", ""3"", ""Chapra/ZP-18\nHatishala-I,Hridaypur,Hatishala-II,Alfa and\nBrittihuda grams\nChapra/ZP-19\nChapra-I,Chapra-II,Mahatpur and Kalinga\ngrams\nChapra/ZP-19\nHatkhola,Pipragachhi,maheshpur and\nBagberia grams"", ""BC\nBC"", ""Women""]",data/wb/derived/nadia_2013_handbook/membership_visual_audit.json,228c0381abce0fa14d3f575f105e9c1bca2ccdb31b57677f7f5be6c2dd66a3d4,full_source_visual_review_single_assistant,
79eedcb0d46db547c331,West Bengal,Nadia,2013,gp_block_membership,Chapra,Chapra-I,Chapra/ZP-19,19,0,data/wb/gp_source_search/historical_expansion/nadia_Panchayat_20General_20Election_20-_20final_20book_election_202013__cf50563e.pdf,238810badd4a39a733192c9c269ae3cea0171701253e159de32ae912c1211c43,72,0,3,1,"Chapra/ZP-19
Chapra-I,Chapra-II,Mahatpur and Kalinga
grams","[63.71999999999999, 387.05001, 560.6200200000001, 532.99001]","[192.98, 387.05001, 399.910005, 532.99001]","PDF points, top-left origin","[""Chapra"", ""3"", ""Chapra/ZP-18\nHatishala-I,Hridaypur,Hatishala-II,Alfa and\nBrittihuda grams\nChapra/ZP-19\nChapra-I,Chapra-II,Mahatpur and Kalinga\ngrams\nChapra/ZP-19\nHatkhola,Pipragachhi,maheshpur and\nBagberia grams"", ""BC\nBC"", ""Women""]",data/wb/derived/nadia_2013_handbook/membership_visual_audit.json,228c0381abce0fa14d3f575f105e9c1bca2ccdb31b57677f7f5be6c2dd66a3d4,full_source_visual_review_single_assistant,duplicated_zp_label_printed
5f019325c57c6f02c30f,West Bengal,Nadia,2013,gp_block_membership,Chapra,Chapra-II,Chapra/ZP-19,19,1,data/wb/gp_source_search/historical_expansion/nadia_Panchayat_20General_20Election_20-_20final_20book_election_202013__cf50563e.pdf,238810badd4a39a733192c9c269ae3cea0171701253e159de32ae912c1211c43,72,0,3,1,"Chapra/ZP-19
Chapra-I,Chapra-II,Mahatpur and Kalinga
grams","[63.71999999999999, 387.05001, 560.6200200000001, 532.99001]","[192.98, 387.05001, 399.910005, 532.99001]","PDF points, top-left origin","[""Chapra"", ""3"", ""Chapra/ZP-18\nHatishala-I,Hridaypur,Hatishala-II,Alfa and\nBrittihuda grams\nChapra/ZP-19\nChapra-I,Chapra-II,Mahatpur and Kalinga\ngrams\nChapra/ZP-19\nHatkhola,Pipragachhi,maheshpur and\nBagberia grams"", ""BC\nBC"", ""Women""]",data/wb/derived/nadia_2013_handbook/membership_visual_audit.json,228c0381abce0fa14d3f575f105e9c1bca2ccdb31b57677f7f5be6c2dd66a3d4,full_source_visual_review_single_assistant,duplicated_zp_label_printed
bf5f23001da20b1099a3,West Bengal,Nadia,2013,gp_block_membership,Chapra,Mahatpur,Chapra/ZP-19,19,2,data/wb/gp_source_search/historical_expansion/nadia_Panchayat_20General_20Election_20-_20final_20book_election_202013__cf50563e.pdf,238810badd4a39a733192c9c269ae3cea0171701253e159de32ae912c1211c43,72,0,3,1,"Chapra/ZP-19
Chapra-I,Chapra-II,Mahatpur and Kalinga
grams","[63.71999999999999, 387.05001, 560.6200200000001, 532.99001]","[192.98, 387.05001, 399.910005, 532.99001]","PDF points, top-left origin","[""Chapra"", ""3"", ""Chapra/ZP-18\nHatishala-I,Hridaypur,Hatishala-II,Alfa and\nBrittihuda grams\nChapra/ZP-19\nChapra-I,Chapra-II,Mahatpur and Kalinga\ngrams\nChapra/ZP-19\nHatkhola,Pipragachhi,maheshpur and\nBagberia grams"", ""BC\nBC"", ""Women""]",data/wb/derived/nadia_2013_handbook/membership_visual_audit.json,228c0381abce0fa14d3f575f105e9c1bca2ccdb31b57677f7f5be6c2dd66a3d4,full_source_visual_review_single_assistant,duplicated_zp_label_printed
bcae347d269c57230ab9,West Bengal,Nadia,2013,gp_block_membership,Chapra,Kalinga,Chapra/ZP-19,19,3,data/wb/gp_source_search/historical_expansion/nadia_Panchayat_20General_20Election_20-_20final_20book_election_202013__cf50563e.pdf,238810badd4a39a733192c9c269ae3cea0171701253e159de32ae912c1211c43,72,0,3,1,"Chapra/ZP-19
Chapra-I,Chapra-II,Mahatpur and Kalinga
grams","[63.71999999999999, 387.05001, 560.6200200000001, 532.99001]","[192.98, 387.05001, 399.910005, 532.99001]","PDF points, top-left origin","[""Chapra"", ""3"", ""Chapra/ZP-18\nHatishala-I,Hridaypur,Hatishala-II,Alfa and\nBrittihuda grams\nChapra/ZP-19\nChapra-I,Chapra-II,Mahatpur and Kalinga\ngrams\nChapra/ZP-19\nHatkhola,Pipragachhi,maheshpur and\nBagberia grams"", ""BC\nBC"", ""Women""]",data/wb/derived/nadia_2013_handbook/membership_visual_audit.json,228c0381abce0fa14d3f575f105e9c1bca2ccdb31b57677f7f5be6c2dd66a3d4,full_source_visual_review_single_assistant,duplicated_zp_label_printed
6fb7af0a1f1fcd1898bd,West Bengal,Nadia,2013,gp_block_membership,Chapra,Hatkhola,Chapra/ZP-19,19,0,data/wb/gp_source_search/historical_expansion/nadia_Panchayat_20General_20Election_20-_20final_20book_election_202013__cf50563e.pdf,238810badd4a39a733192c9c269ae3cea0171701253e159de32ae912c1211c43,72,0,3,2,"Chapra/ZP-19
Hatkhola,Pipragachhi,maheshpur and
Bagberia grams","[63.71999999999999, 387.05001, 560.6200200000001, 532.99001]","[192.98, 387.05001, 399.910005, 532.99001]","PDF points, top-left origin","[""Chapra"", ""3"", ""Chapra/ZP-18\nHatishala-I,Hridaypur,Hatishala-II,Alfa and\nBrittihuda grams\nChapra/ZP-19\nChapra-I,Chapra-II,Mahatpur and Kalinga\ngrams\nChapra/ZP-19\nHatkhola,Pipragachhi,maheshpur and\nBagberia grams"", ""BC\nBC"", ""Women""]",data/wb/derived/nadia_2013_handbook/membership_visual_audit.json,228c0381abce0fa14d3f575f105e9c1bca2ccdb31b57677f7f5be6c2dd66a3d4,full_source_visual_review_single_assistant,duplicated_zp_label_printed
58afc3504cf3a18fc4ac,West Bengal,Nadia,2013,gp_block_membership,Chapra,Pipragachhi,Chapra/ZP-19,19,1,data/wb/gp_source_search/historical_expansion/nadia_Panchayat_20General_20Election_20-_20final_20book_election_202013__cf50563e.pdf,238810badd4a39a733192c9c269ae3cea0171701253e159de32ae912c1211c43,72,0,3,2,"Chapra/ZP-19
Hatkhola,Pipragachhi,maheshpur and
Bagberia grams","[63.71999999999999, 387.05001, 560.6200200000001, 532.99001]","[192.98, 387.05001, 399.910005, 532.99001]","PDF points, top-left origin","[""Chapra"", ""3"", ""Chapra/ZP-18\nHatishala-I,Hridaypur,Hatishala-II,Alfa and\nBrittihuda grams\nChapra/ZP-19\nChapra-I,Chapra-II,Mahatpur and Kalinga\ngrams\nChapra/ZP-19\nHatkhola,Pipragachhi,maheshpur and\nBagberia grams"", ""BC\nBC"", ""Women""]",data/wb/derived/nadia_2013_handbook/membership_visual_audit.json,228c0381abce0fa14d3f575f105e9c1bca2ccdb31b57677f7f5be6c2dd66a3d4,full_source_visual_review_single_assistant,duplicated_zp_label_printed
57c548cdce9ee602d715,West Bengal,Nadia,2013,gp_block_membership,Chapra,maheshpur,Chapra/ZP-19,19,2,data/wb/gp_source_search/historical_expansion/nadia_Panchayat_20General_20Election_20-_20final_20book_election_202013__cf50563e.pdf,238810badd4a39a733192c9c269ae3cea0171701253e159de32ae912c1211c43,72,0,3,2,"Chapra/ZP-19
Hatkhola,Pipragachhi,maheshpur and
Bagberia grams","[63.71999999999999, 387.05001, 560.6200200000001, 532.99001]","[192.98, 387.05001, 399.910005, 532.99001]","PDF points, top-left origin","[""Chapra"", ""3"", ""Chapra/ZP-18\nHatishala-I,Hridaypur,Hatishala-II,Alfa and\nBrittihuda grams\nChapra/ZP-19\nChapra-I,Chapra-II,Mahatpur and Kalinga\ngrams\nChapra/ZP-19\nHatkhola,Pipragachhi,maheshpur and\nBagberia grams"", ""BC\nBC"", ""Women""]",data/wb/derived/nadia_2013_handbook/membership_visual_audit.json,228c0381abce0fa14d3f575f105e9c1bca2ccdb31b57677f7f5be6c2dd66a3d4,full_source_visual_review_single_assistant,duplicated_zp_label_printed
764499c4bd69f10b674f,West Bengal,Nadia,2013,gp_block_membership,Chapra,Bagberia,Chapra/ZP-19,19,3,data/wb/gp_source_search/historical_expansion/nadia_Panchayat_20General_20Election_20-_20final_20book_election_202013__cf50563e.pdf,238810badd4a39a733192c9c269ae3cea0171701253e159de32ae912c1211c43,72,0,3,2,"Chapra/ZP-19
Hatkhola,Pipragachhi,maheshpur and
Bagberia grams","[63.71999999999999, 387.05001, 560.6200200000001, 532.99001]","[192.98, 387.05001, 399.910005, 532.99001]","PDF points, top-left origin","[""Chapra"", ""3"", ""Chapra/ZP-18\nHatishala-I,Hridaypur,Hatishala-II,Alfa and\nBrittihuda grams\nChapra/ZP-19\nChapra-I,Chapra-II,Mahatpur and Kalinga\ngrams\nChapra/ZP-19\nHatkhola,Pipragachhi,maheshpur and\nBagberia grams"", ""BC\nBC"", ""Women""]",data/wb/derived/nadia_2013_handbook/membership_visual_audit.json,228c0381abce0fa14d3f575f105e9c1bca2ccdb31b57677f7f5be6c2dd66a3d4,full_source_visual_review_single_assistant,duplicated_zp_label_printed
0ae58fa5b2662e812cc4,West Bengal,Nadia,2013,gp_block_membership,Krishnanagar-I,Bhimpur,Krishnanagar-I/ZP-21,21,0,data/wb/gp_source_search/historical_expansion/nadia_Panchayat_20General_20Election_20-_20final_20book_election_202013__cf50563e.pdf,238810badd4a39a733192c9c269ae3cea0171701253e159de32ae912c1211c43,72,0,4,0,"Krishnanagar-I/ZP-21
Bhimpur,Assannagar,Bhanderkhola and
Poragachha grams","[63.71999999999999, 532.99001, 560.6200200000001, 679.0599799999999]","[192.98, 532.99001, 399.910005, 679.0599799999999]","PDF points, top-left origin","[""Krishnanagar-I"", ""3"", ""Krishnanagar-I/ZP-21\nBhimpur,Assannagar,Bhanderkhola and\nPoragachha grams\nKrishnanagar-I/ZP-22\nDogachhi,Bhatjangla,Chakdignagar and\nDignagar grams\nKrishnanagar-I/ZP-23\nDeypara,Joania,Ruipukur and Bhaluka\ngrams"", ""SC"", ""Women\nWomen""]",data/wb/derived/nadia_2013_handbook/membership_visual_audit.json,228c0381abce0fa14d3f575f105e9c1bca2ccdb31b57677f7f5be6c2dd66a3d4,full_source_visual_review_single_assistant,
a7e474c3b4c0801514cf,West Bengal,Nadia,2013,gp_block_membership,Krishnanagar-I,Assannagar,Krishnanagar-I/ZP-21,21,1,data/wb/gp_source_search/historical_expansion/nadia_Panchayat_20General_20Election_20-_20final_20book_election_202013__cf50563e.pdf,238810badd4a39a733192c9c269ae3cea0171701253e159de32ae912c1211c43,72,0,4,0,"Krishnanagar-I/ZP-21
Bhimpur,Assannagar,Bhanderkhola and
Poragachha grams","[63.71999999999999, 532.99001, 560.6200200000001, 679.0599799999999]","[192.98, 532.99001, 399.910005, 679.0599799999999]","PDF points, top-left origin","[""Krishnanagar-I"", ""3"", ""Krishnanagar-I/ZP-21\nBhimpur,Assannagar,Bhanderkhola and\nPoragachha grams\nKrishnanagar-I/ZP-22\nDogachhi,Bhatjangla,Chakdignagar and\nDignagar grams\nKrishnanagar-I/ZP-23\nDeypara,Joania,Ruipukur and Bhaluka\ngrams"", ""SC"", ""Women\nWomen""]",data/wb/derived/nadia_2013_handbook/membership_visual_audit.json,228c0381abce0fa14d3f575f105e9c1bca2ccdb31b57677f7f5be6c2dd66a3d4,full_source_visual_review_single_assistant,
fcf7adfca2a10f6a5a32,West Bengal,Nadia,2013,gp_block_membership,Krishnanagar-I,Bhanderkhola,Krishnanagar-I/ZP-21,21,2,data/wb/gp_source_search/historical_expansion/nadia_Panchayat_20General_20Election_20-_20final_20book_election_202013__cf50563e.pdf,238810badd4a39a733192c9c269ae3cea0171701253e159de32ae912c1211c43,72,0,4,0,"Krishnanagar-I/ZP-21
Bhimpur,Assannagar,Bhanderkhola and
Poragachha grams","[63.71999999999999, 532.99001, 560.6200200000001, 679.0599799999999]","[192.98, 532.99001, 399.910005, 679.0599799999999]","PDF points, top-left origin","[""Krishnanagar-I"", ""3"", ""Krishnanagar-I/ZP-21\nBhimpur,Assannagar,Bhanderkhola and\nPoragachha grams\nKrishnanagar-I/ZP-22\nDogachhi,Bhatjangla,Chakdignagar and\nDignagar grams\nKrishnanagar-I/ZP-23\nDeypara,Joania,Ruipukur and Bhaluka\ngrams"", ""SC"", ""Women\nWomen""]",data/wb/derived/nadia_2013_handbook/membership_visual_audit.json,228c0381abce0fa14d3f575f105e9c1bca2ccdb31b57677f7f5be6c2dd66a3d4,full_source_visual_review_single_assistant,
4cf0a2c16bbc6258a812,West Bengal,Nadia,2013,gp_block_membership,Krishnanagar-I,Poragachha,Krishnanagar-I/ZP-21,21,3,data/wb/gp_source_search/historical_expansion/nadia_Panchayat_20General_20Election_20-_20final_20book_election_202013__cf50563e.pdf,238810badd4a39a733192c9c269ae3cea0171701253e159de32ae912c1211c43,72,0,4,0,"Krishnanagar-I/ZP-21
Bhimpur,Assannagar,Bhanderkhola and
Poragachha grams","[63.71999999999999, 532.99001, 560.6200200000001, 679.0599799999999]","[192.98, 532.99001, 399.910005, 679.0599799999999]","PDF points, top-left origin","[""Krishnanagar-I"", ""3"", ""Krishnanagar-I/ZP-21\nBhimpur,Assannagar,Bhanderkhola and\nPoragachha grams\nKrishnanagar-I/ZP-22\nDogachhi,Bhatjangla,Chakdignagar and\nDignagar grams\nKrishnanagar-I/ZP-23\nDeypara,Joania,Ruipukur and Bhaluka\ngrams"", ""SC"", ""Women\nWomen""]",data/wb/derived/nadia_2013_handbook/membership_visual_audit.json,228c0381abce0fa14d3f575f105e9c1bca2ccdb31b57677f7f5be6c2dd66a3d4,full_source_visual_review_single_assistant,
114bd793bfce632f878d,West Bengal,Nadia,2013,gp_block_membership,Krishnanagar-I,Dogachhi,Krishnanagar-I/ZP-22,22,0,data/wb/gp_source_search/historical_expansion/nadia_Panchayat_20General_20Election_20-_20final_20book_election_202013__cf50563e.pdf,238810badd4a39a733192c9c269ae3cea0171701253e159de32ae912c1211c43,72,0,4,1,"Krishnanagar-I/ZP-22
Dogachhi,Bhatjangla,Chakdignagar and
Dignagar grams","[63.71999999999999, 532.99001, 560.6200200000001, 679.0599799999999]","[192.98, 532.99001, 399.910005, 679.0599799999999]","PDF points, top-left origin","[""Krishnanagar-I"", ""3"", ""Krishnanagar-I/ZP-21\nBhimpur,Assannagar,Bhanderkhola and\nPoragachha grams\nKrishnanagar-I/ZP-22\nDogachhi,Bhatjangla,Chakdignagar and\nDignagar grams\nKrishnanagar-I/ZP-23\nDeypara,Joania,Ruipukur and Bhaluka\ngrams"", ""SC"", ""Women\nWomen""]",data/wb/derived/nadia_2013_handbook/membership_visual_audit.json,228c0381abce0fa14d3f575f105e9c1bca2ccdb31b57677f7f5be6c2dd66a3d4,full_source_visual_review_single_assistant,
1fedaa6a2dfec9a0ba5a,West Bengal,Nadia,2013,gp_block_membership,Krishnanagar-I,Bhatjangla,Krishnanagar-I/ZP-22,22,1,data/wb/gp_source_search/historical_expansion/nadia_Panchayat_20General_20Election_20-_20final_20book_election_202013__cf50563e.pdf,238810badd4a39a733192c9c269ae3cea0171701253e159de32ae912c1211c43,72,0,4,1,"Krishnanagar-I/ZP-22
Dogachhi,Bhatjangla,Chakdignagar and
Dignagar grams","[63.71999999999999, 532.99001, 560.6200200000001, 679.0599799999999]","[192.98, 532.99001, 399.910005, 679.0599799999999]","PDF points, top-left origin","[""Krishnanagar-I"", ""3"", ""Krishnanagar-I/ZP-21\nBhimpur,Assannagar,Bhanderkhola and\nPoragachha grams\nKrishnanagar-I/ZP-22\nDogachhi,Bhatjangla,Chakdignagar and\nDignagar grams\nKrishnanagar-I/ZP-23\nDeypara,Joania,Ruipukur and Bhaluka\ngrams"", ""SC"", ""Women\nWomen""]",data/wb/derived/nadia_2013_handbook/membership_visual_audit.json,228c0381abce0fa14d3f575f105e9c1bca2ccdb31b57677f7f5be6c2dd66a3d4,full_source_visual_review_single_assistant,
b3187ae006b48a936b5b,West Bengal,Nadia,2013,gp_block_membership,Krishnanagar-I,Chakdignagar,Krishnanagar-I/ZP-22,22,2,data/wb/gp_source_search/historical_expansion/nadia_Panchayat_20General_20Election_20-_20final_20book_election_202013__cf50563e.pdf,238810badd4a39a733192c9c269ae3cea0171701253e159de32ae912c1211c43,72,0,4,1,"Krishnanagar-I/ZP-22
Dogachhi,Bhatjangla,Chakdignagar and
Dignagar grams","[63.71999999999999, 532.99001, 560.6200200000001, 679.0599799999999]","[192.98, 532.99001, 399.910005, 679.0599799999999]","PDF points, top-left origin","[""Krishnanagar-I"", ""3"", ""Krishnanagar-I/ZP-21\nBhimpur,Assannagar,Bhanderkhola and\nPoragachha grams\nKrishnanagar-I/ZP-22\nDogachhi,Bhatjangla,Chakdignagar and\nDignagar grams\nKrishnanagar-I/ZP-23\nDeypara,Joania,Ruipukur and Bhaluka\ngrams"", ""SC"", ""Women\nWomen""]",data/wb/derived/nadia_2013_handbook/membership_visual_audit.json,228c0381abce0fa14d3f575f105e9c1bca2ccdb31b57677f7f5be6c2dd66a3d4,full_source_visual_review_single_assistant,
69f160c01421257dc12b,West Bengal,Nadia,2013,gp_block_membership,Krishnanagar-I,Dignagar,Krishnanagar-I/ZP-22,22,3,data/wb/gp_source_search/historical_expansion/nadia_Panchayat_20General_20Election_20-_20final_20book_election_202013__cf50563e.pdf,238810badd4a39a733192c9c269ae3cea0171701253e159de32ae912c1211c43,72,0,4,1,"Krishnanagar-I/ZP-22
Dogachhi,Bhatjangla,Chakdignagar and
Dignagar grams","[63.71999999999999, 532.99001, 560.6200200000001, 679.0599799999999]","[192.98, 532.99001, 399.910005, 679.0599799999999]","PDF points, top-left origin","[""Krishnanagar-I"", ""3"", ""Krishnanagar-I/ZP-21\nBhimpur,Assannagar,Bhanderkhola and\nPoragachha grams\nKrishnanagar-I/ZP-22\nDogachhi,Bhatjangla,Chakdignagar and\nDignagar grams\nKrishnanagar-I/ZP-23\nDeypara,Joania,Ruipukur and Bhaluka\ngrams"", ""SC"", ""Women\nWomen""]",data/wb/derived/nadia_2013_handbook/membership_visual_audit.json,228c0381abce0fa14d3f575f105e9c1bca2ccdb31b57677f7f5be6c2dd66a3d4,full_source_visual_review_single_assistant,
d04aa9bc5dfec84efe1e,West Bengal,Nadia,2013,gp_block_membership,Krishnanagar-I,Deypara,Krishnanagar-I/ZP-23,23,0,data/wb/gp_source_search/historical_expansion/nadia_Panchayat_20General_20Election_20-_20final_20book_election_202013__cf50563e.pdf,238810badd4a39a733192c9c269ae3cea0171701253e159de32ae912c1211c43,72,0,4,2,"Krishnanagar-I/ZP-23
Deypara,Joania,Ruipukur and Bhaluka
grams","[63.71999999999999, 532.99001, 560.6200200000001, 679.0599799999999]","[192.98, 532.99001, 399.910005, 679.0599799999999]","PDF points, top-left origin","[""Krishnanagar-I"", ""3"", ""Krishnanagar-I/ZP-21\nBhimpur,Assannagar,Bhanderkhola and\nPoragachha grams\nKrishnanagar-I/ZP-22\nDogachhi,Bhatjangla,Chakdignagar and\nDignagar grams\nKrishnanagar-I/ZP-23\nDeypara,Joania,Ruipukur and Bhaluka\ngrams"", ""SC"", ""Women\nWomen""]",data/wb/derived/nadia_2013_handbook/membership_visual_audit.json,228c0381abce0fa14d3f575f105e9c1bca2ccdb31b57677f7f5be6c2dd66a3d4,full_source_visual_review_single_assistant,
1f49a3bbd05c1b7b030d,West Bengal,Nadia,2013,gp_block_membership,Krishnanagar-I,Joania,Krishnanagar-I/ZP-23,23,1,data/wb/gp_source_search/historical_expansion/nadia_Panchayat_20General_20Election_20-_20final_20book_election_202013__cf50563e.pdf,238810badd4a39a733192c9c269ae3cea0171701253e159de32ae912c1211c43,72,0,4,2,"Krishnanagar-I/ZP-23
Deypara,Joania,Ruipukur and Bhaluka
grams","[63.71999999999999, 532.99001, 560.6200200000001, 679.0599799999999]","[192.98, 532.99001, 399.910005, 679.0599799999999]","PDF points, top-left origin","[""Krishnanagar-I"", ""3"", ""Krishnanagar-I/ZP-21\nBhimpur,Assannagar,Bhanderkhola and\nPoragachha grams\nKrishnanagar-I/ZP-22\nDogachhi,Bhatjangla,Chakdignagar and\nDignagar grams\nKrishnanagar-I/ZP-23\nDeypara,Joania,Ruipukur and Bhaluka\ngrams"", ""SC"", ""Women\nWomen""]",data/wb/derived/nadia_2013_handbook/membership_visual_audit.json,228c0381abce0fa14d3f575f105e9c1bca2ccdb31b57677f7f5be6c2dd66a3d4,full_source_visual_review_single_assistant,
bc957c84512dfc88f8c1,West Bengal,Nadia,2013,gp_block_membership,Krishnanagar-I,Ruipukur,Krishnanagar-I/ZP-23,23,2,data/wb/gp_source_search/historical_expansion/nadia_Panchayat_20General_20Election_20-_20final_20book_election_202013__cf50563e.pdf,238810badd4a39a733192c9c269ae3cea0171701253e159de32ae912c1211c43,72,0,4,2,"Krishnanagar-I/ZP-23
Deypara,Joania,Ruipukur and Bhaluka
grams","[63.71999999999999, 532.99001, 560.6200200000001, 679.0599799999999]","[192.98, 532.99001, 399.910005, 679.0599799999999]","PDF points, top-left origin","[""Krishnanagar-I"", ""3"", ""Krishnanagar-I/ZP-21\nBhimpur,Assannagar,Bhanderkhola and\nPoragachha grams\nKrishnanagar-I/ZP-22\nDogachhi,Bhatjangla,Chakdignagar and\nDignagar grams\nKrishnanagar-I/ZP-23\nDeypara,Joania,Ruipukur and Bhaluka\ngrams"", ""SC"", ""Women\nWomen""]",data/wb/derived/nadia_2013_handbook/membership_visual_audit.json,228c0381abce0fa14d3f575f105e9c1bca2ccdb31b57677f7f5be6c2dd66a3d4,full_source_visual_review_single_assistant,
d0408acfe718caf4999c,West Bengal,Nadia,2013,gp_block_membership,Krishnanagar-I,Bhaluka,Krishnanagar-I/ZP-23,23,3,data/wb/gp_source_search/historical_expansion/nadia_Panchayat_20General_20Election_20-_20final_20book_election_202013__cf50563e.pdf,238810badd4a39a733192c9c269ae3cea0171701253e159de32ae912c1211c43,72,0,4,2,"Krishnanagar-I/ZP-23
Deypara,Joania,Ruipukur and Bhaluka
grams","[63.71999999999999, 532.99001, 560.6200200000001, 679.0599799999999]","[192.98, 532.99001, 399.910005, 679.0599799999999]","PDF points, top-left origin","[""Krishnanagar-I"", ""3"", ""Krishnanagar-I/ZP-21\nBhimpur,Assannagar,Bhanderkhola and\nPoragachha grams\nKrishnanagar-I/ZP-22\nDogachhi,Bhatjangla,Chakdignagar and\nDignagar grams\nKrishnanagar-I/ZP-23\nDeypara,Joania,Ruipukur and Bhaluka\ngrams"", ""SC"", ""Women\nWomen""]",data/wb/derived/nadia_2013_handbook/membership_visual_audit.json,228c0381abce0fa14d3f575f105e9c1bca2ccdb31b57677f7f5be6c2dd66a3d4,full_source_visual_review_single_assistant,
5f5dd995e2611699f1a2,West Bengal,Nadia,2013,gp_block_membership,Nabadwip,Mayapur-Bamanpukur-II,Nabadwip/ZP-24,24,0,data/wb/gp_source_search/historical_expansion/nadia_Panchayat_20General_20Election_20-_20final_20book_election_202013__cf50563e.pdf,238810badd4a39a733192c9c269ae3cea0171701253e159de32ae912c1211c43,73,0,1,0,"Nabadwip/ZP-24
Mayapur-Bamanpukur-II,Mayapur-
Bamanpukur-I,Bablari and Mahisura
grams","[63.72, 195.8599999999999, 560.62002, 297.05001]","[192.98000000000002, 195.8599999999999, 399.910005, 297.05001]","PDF points, top-left origin","[""Nabadwip"", ""2"", ""Nabadwip/ZP-24\nMayapur-Bamanpukur-II,Mayapur-\nBamanpukur-I,Bablari and Mahisura\ngrams\nNabadwip/ZP-25\nSwarupganj,Charmajdia-\nCharbrahmanagar,Majdia-Panshila and\nFakirdanga-Gholapara grams"", ""BC"", ""Women""]",data/wb/derived/nadia_2013_handbook/membership_visual_audit.json,228c0381abce0fa14d3f575f105e9c1bca2ccdb31b57677f7f5be6c2dd66a3d4,full_source_visual_review_single_assistant,
ed0a0c522f39e5e69932,West Bengal,Nadia,2013,gp_block_membership,Nabadwip,Mayapur-Bamanpukur-I,Nabadwip/ZP-24,24,1,data/wb/gp_source_search/historical_expansion/nadia_Panchayat_20General_20Election_20-_20final_20book_election_202013__cf50563e.pdf,238810badd4a39a733192c9c269ae3cea0171701253e159de32ae912c1211c43,73,0,1,0,"Nabadwip/ZP-24
Mayapur-Bamanpukur-II,Mayapur-
Bamanpukur-I,Bablari and Mahisura
grams","[63.72, 195.8599999999999, 560.62002, 297.05001]","[192.98000000000002, 195.8599999999999, 399.910005, 297.05001]","PDF points, top-left origin","[""Nabadwip"", ""2"", ""Nabadwip/ZP-24\nMayapur-Bamanpukur-II,Mayapur-\nBamanpukur-I,Bablari and Mahisura\ngrams\nNabadwip/ZP-25\nSwarupganj,Charmajdia-\nCharbrahmanagar,Majdia-Panshila and\nFakirdanga-Gholapara grams"", ""BC"", ""Women""]",data/wb/derived/nadia_2013_handbook/membership_visual_audit.json,228c0381abce0fa14d3f575f105e9c1bca2ccdb31b57677f7f5be6c2dd66a3d4,full_source_visual_review_single_assistant,
990e451b4f44fa5b9fde,West Bengal,Nadia,2013,gp_block_membership,Nabadwip,Bablari,Nabadwip/ZP-24,24,2,data/wb/gp_source_search/historical_expansion/nadia_Panchayat_20General_20Election_20-_20final_20book_election_202013__cf50563e.pdf,238810badd4a39a733192c9c269ae3cea0171701253e159de32ae912c1211c43,73,0,1,0,"Nabadwip/ZP-24
Mayapur-Bamanpukur-II,Mayapur-
Bamanpukur-I,Bablari and Mahisura
grams","[63.72, 195.8599999999999, 560.62002, 297.05001]","[192.98000000000002, 195.8599999999999, 399.910005, 297.05001]","PDF points, top-left origin","[""Nabadwip"", ""2"", ""Nabadwip/ZP-24\nMayapur-Bamanpukur-II,Mayapur-\nBamanpukur-I,Bablari and Mahisura\ngrams\nNabadwip/ZP-25\nSwarupganj,Charmajdia-\nCharbrahmanagar,Majdia-Panshila and\nFakirdanga-Gholapara grams"", ""BC"", ""Women""]",data/wb/derived/nadia_2013_handbook/membership_visual_audit.json,228c0381abce0fa14d3f575f105e9c1bca2ccdb31b57677f7f5be6c2dd66a3d4,full_source_visual_review_single_assistant,
43778ab6e3f1729f7547,West Bengal,Nadia,2013,gp_block_membership,Nabadwip,Mahisura,Nabadwip/ZP-24,24,3,data/wb/gp_source_search/historical_expansion/nadia_Panchayat_20General_20Election_20-_20final_20book_election_202013__cf50563e.pdf,238810badd4a39a733192c9c269ae3cea0171701253e159de32ae912c1211c43,73,0,1,0,"Nabadwip/ZP-24
Mayapur-Bamanpukur-II,Mayapur-
Bamanpukur-I,Bablari and Mahisura
grams","[63.72, 195.8599999999999, 560.62002, 297.05001]","[192.98000000000002, 195.8599999999999, 399.910005, 297.05001]","PDF points, top-left origin","[""Nabadwip"", ""2"", ""Nabadwip/ZP-24\nMayapur-Bamanpukur-II,Mayapur-\nBamanpukur-I,Bablari and Mahisura\ngrams\nNabadwip/ZP-25\nSwarupganj,Charmajdia-\nCharbrahmanagar,Majdia-Panshila and\nFakirdanga-Gholapara grams"", ""BC"", ""Women""]",data/wb/derived/nadia_2013_handbook/membership_visual_audit.json,228c0381abce0fa14d3f575f105e9c1bca2ccdb31b57677f7f5be6c2dd66a3d4,full_source_visual_review_single_assistant,
1012981063022f4cd86e,West Bengal,Nadia,2013,gp_block_membership,Nabadwip,Swarupganj,Nabadwip/ZP-25,25,0,data/wb/gp_source_search/historical_expansion/nadia_Panchayat_20General_20Election_20-_20final_20book_election_202013__cf50563e.pdf,238810badd4a39a733192c9c269ae3cea0171701253e159de32ae912c1211c43,73,0,1,1,"Nabadwip/ZP-25
Swarupganj,Charmajdia-
Charbrahmanagar,Majdia-Panshila and
Fakirdanga-Gholapara grams","[63.72, 195.8599999999999, 560.62002, 297.05001]","[192.98000000000002, 195.8599999999999, 399.910005, 297.05001]","PDF points, top-left origin","[""Nabadwip"", ""2"", ""Nabadwip/ZP-24\nMayapur-Bamanpukur-II,Mayapur-\nBamanpukur-I,Bablari and Mahisura\ngrams\nNabadwip/ZP-25\nSwarupganj,Charmajdia-\nCharbrahmanagar,Majdia-Panshila and\nFakirdanga-Gholapara grams"", ""BC"", ""Women""]",data/wb/derived/nadia_2013_handbook/membership_visual_audit.json,228c0381abce0fa14d3f575f105e9c1bca2ccdb31b57677f7f5be6c2dd66a3d4,full_source_visual_review_single_assistant,
e063a03cc364bf30d354,West Bengal,Nadia,2013,gp_block_membership,Nabadwip,Charmajdia-Charbrahmanagar,Nabadwip/ZP-25,25,1,data/wb/gp_source_search/historical_expansion/nadia_Panchayat_20General_20Election_20-_20final_20book_election_202013__cf50563e.pdf,238810badd4a39a733192c9c269ae3cea0171701253e159de32ae912c1211c43,73,0,1,1,"Nabadwip/ZP-25
Swarupganj,Charmajdia-
Charbrahmanagar,Majdia-Panshila and
Fakirdanga-Gholapara grams","[63.72, 195.8599999999999, 560.62002, 297.05001]","[192.98000000000002, 195.8599999999999, 399.910005, 297.05001]","PDF points, top-left origin","[""Nabadwip"", ""2"", ""Nabadwip/ZP-24\nMayapur-Bamanpukur-II,Mayapur-\nBamanpukur-I,Bablari and Mahisura\ngrams\nNabadwip/ZP-25\nSwarupganj,Charmajdia-\nCharbrahmanagar,Majdia-Panshila and\nFakirdanga-Gholapara grams"", ""BC"", ""Women""]",data/wb/derived/nadia_2013_handbook/membership_visual_audit.json,228c0381abce0fa14d3f575f105e9c1bca2ccdb31b57677f7f5be6c2dd66a3d4,full_source_visual_review_single_assistant,
47476433ece539c0de42,West Bengal,Nadia,2013,gp_block_membership,Nabadwip,Majdia-Panshila,Nabadwip/ZP-25,25,2,data/wb/gp_source_search/historical_expansion/nadia_Panchayat_20General_20Election_20-_20final_20book_election_202013__cf50563e.pdf,238810badd4a39a733192c9c269ae3cea0171701253e159de32ae912c1211c43,73,0,1,1,"Nabadwip/ZP-25
Swarupganj,Charmajdia-
Charbrahmanagar,Majdia-Panshila and
Fakirdanga-Gholapara grams","[63.72, 195.8599999999999, 560.62002, 297.05001]","[192.98000000000002, 195.8599999999999, 399.910005, 297.05001]","PDF points, top-left origin","[""Nabadwip"", ""2"", ""Nabadwip/ZP-24\nMayapur-Bamanpukur-II,Mayapur-\nBamanpukur-I,Bablari and Mahisura\ngrams\nNabadwip/ZP-25\nSwarupganj,Charmajdia-\nCharbrahmanagar,Majdia-Panshila and\nFakirdanga-Gholapara grams"", ""BC"", ""Women""]",data/wb/derived/nadia_2013_handbook/membership_visual_audit.json,228c0381abce0fa14d3f575f105e9c1bca2ccdb31b57677f7f5be6c2dd66a3d4,full_source_visual_review_single_assistant,
25a73c37436e298dac62,West Bengal,Nadia,2013,gp_block_membership,Nabadwip,Fakirdanga-Gholapara,Nabadwip/ZP-25,25,3,data/wb/gp_source_search/historical_expansion/nadia_Panchayat_20General_20Election_20-_20final_20book_election_202013__cf50563e.pdf,238810badd4a39a733192c9c269ae3cea0171701253e159de32ae912c1211c43,73,0,1,1,"Nabadwip/ZP-25
Swarupganj,Charmajdia-
Charbrahmanagar,Majdia-Panshila and
Fakirdanga-Gholapara grams","[63.72, 195.8599999999999, 560.62002, 297.05001]","[192.98000000000002, 195.8599999999999, 399.910005, 297.05001]","PDF points, top-left origin","[""Nabadwip"", ""2"", ""Nabadwip/ZP-24\nMayapur-Bamanpukur-II,Mayapur-\nBamanpukur-I,Bablari and Mahisura\ngrams\nNabadwip/ZP-25\nSwarupganj,Charmajdia-\nCharbrahmanagar,Majdia-Panshila and\nFakirdanga-Gholapara grams"", ""BC"", ""Women""]",data/wb/derived/nadia_2013_handbook/membership_visual_audit.json,228c0381abce0fa14d3f575f105e9c1bca2ccdb31b57677f7f5be6c2dd66a3d4,full_source_visual_review_single_assistant,
acff830cbffeb3db6b80,West Bengal,Nadia,2013,gp_block_membership,Krishnanagar-II,Sadhanpara-I,Krishnanagar-II/ZP-26,26,0,data/wb/gp_source_search/historical_expansion/nadia_Panchayat_20General_20Election_20-_20final_20book_election_202013__cf50563e.pdf,238810badd4a39a733192c9c269ae3cea0171701253e159de32ae912c1211c43,73,0,2,0,"Krishnanagar-II/ZP-26
Sadhanpara-I,Sadhanpara-II and Belpukur
grams","[63.72, 297.05001, 560.62002, 398.2100099999999]","[192.98000000000002, 297.05001, 399.910005, 398.2100099999999]","PDF points, top-left origin","[""Krishnanagar-II"", ""2"", ""Krishnanagar-II/ZP-26\nSadhanpara-I,Sadhanpara-II and Belpukur\ngrams\nKrishnanagar-II/ZP-27\nNoapara-I,Noapara-II,Dhubulia-I and\nDhubuia-II grams"", ""BC"", ""Women""]",data/wb/derived/nadia_2013_handbook/membership_visual_audit.json,228c0381abce0fa14d3f575f105e9c1bca2ccdb31b57677f7f5be6c2dd66a3d4,full_source_visual_review_single_assistant,
2b4572eb5f0abaf80c0d,West Bengal,Nadia,2013,gp_block_membership,Krishnanagar-II,Sadhanpara-II,Krishnanagar-II/ZP-26,26,1,data/wb/gp_source_search/historical_expansion/nadia_Panchayat_20General_20Election_20-_20final_20book_election_202013__cf50563e.pdf,238810badd4a39a733192c9c269ae3cea0171701253e159de32ae912c1211c43,73,0,2,0,"Krishnanagar-II/ZP-26
Sadhanpara-I,Sadhanpara-II and Belpukur
grams","[63.72, 297.05001, 560.62002, 398.2100099999999]","[192.98000000000002, 297.05001, 399.910005, 398.2100099999999]","PDF points, top-left origin","[""Krishnanagar-II"", ""2"", ""Krishnanagar-II/ZP-26\nSadhanpara-I,Sadhanpara-II and Belpukur\ngrams\nKrishnanagar-II/ZP-27\nNoapara-I,Noapara-II,Dhubulia-I and\nDhubuia-II grams"", ""BC"", ""Women""]",data/wb/derived/nadia_2013_handbook/membership_visual_audit.json,228c0381abce0fa14d3f575f105e9c1bca2ccdb31b57677f7f5be6c2dd66a3d4,full_source_visual_review_single_assistant,
c03989a912e28ae3fdf7,West Bengal,Nadia,2013,gp_block_membership,Krishnanagar-II,Belpukur,Krishnanagar-II/ZP-26,26,2,data/wb/gp_source_search/historical_expansion/nadia_Panchayat_20General_20Election_20-_20final_20book_election_202013__cf50563e.pdf,238810badd4a39a733192c9c269ae3cea0171701253e159de32ae912c1211c43,73,0,2,0,"Krishnanagar-II/ZP-26
Sadhanpara-I,Sadhanpara-II and Belpukur
grams","[63.72, 297.05001, 560.62002, 398.2100099999999]","[192.98000000000002, 297.05001, 399.910005, 398.2100099999999]","PDF points, top-left origin","[""Krishnanagar-II"", ""2"", ""Krishnanagar-II/ZP-26\nSadhanpara-I,Sadhanpara-II and Belpukur\ngrams\nKrishnanagar-II/ZP-27\nNoapara-I,Noapara-II,Dhubulia-I and\nDhubuia-II grams"", ""BC"", ""Women""]",data/wb/derived/nadia_2013_handbook/membership_visual_audit.json,228c0381abce0fa14d3f575f105e9c1bca2ccdb31b57677f7f5be6c2dd66a3d4,full_source_visual_review_single_assistant,
052ccd90408f04b7750b,West Bengal,Nadia,2013,gp_block_membership,Krishnanagar-II,Noapara-I,Krishnanagar-II/ZP-27,27,0,data/wb/gp_source_search/historical_expansion/nadia_Panchayat_20General_20Election_20-_20final_20book_election_202013__cf50563e.pdf,238810badd4a39a733192c9c269ae3cea0171701253e159de32ae912c1211c43,73,0,2,1,"Krishnanagar-II/ZP-27
Noapara-I,Noapara-II,Dhubulia-I and
Dhubuia-II grams","[63.72, 297.05001, 560.62002, 398.2100099999999]","[192.98000000000002, 297.05001, 399.910005, 398.2100099999999]","PDF points, top-left origin","[""Krishnanagar-II"", ""2"", ""Krishnanagar-II/ZP-26\nSadhanpara-I,Sadhanpara-II and Belpukur\ngrams\nKrishnanagar-II/ZP-27\nNoapara-I,Noapara-II,Dhubulia-I and\nDhubuia-II grams"", ""BC"", ""Women""]",data/wb/derived/nadia_2013_handbook/membership_visual_audit.json,228c0381abce0fa14d3f575f105e9c1bca2ccdb31b57677f7f5be6c2dd66a3d4,full_source_visual_review_single_assistant,
6f3c9801bbfd8e4774f4,West Bengal,Nadia,2013,gp_block_membership,Krishnanagar-II,Noapara-II,Krishnanagar-II/ZP-27,27,1,data/wb/gp_source_search/historical_expansion/nadia_Panchayat_20General_20Election_20-_20final_20book_election_202013__cf50563e.pdf,238810badd4a39a733192c9c269ae3cea0171701253e159de32ae912c1211c43,73,0,2,1,"Krishnanagar-II/ZP-27
Noapara-I,Noapara-II,Dhubulia-I and
Dhubuia-II grams","[63.72, 297.05001, 560.62002, 398.2100099999999]","[192.98000000000002, 297.05001, 399.910005, 398.2100099999999]","PDF points, top-left origin","[""Krishnanagar-II"", ""2"", ""Krishnanagar-II/ZP-26\nSadhanpara-I,Sadhanpara-II and Belpukur\ngrams\nKrishnanagar-II/ZP-27\nNoapara-I,Noapara-II,Dhubulia-I and\nDhubuia-II grams"", ""BC"", ""Women""]",data/wb/derived/nadia_2013_handbook/membership_visual_audit.json,228c0381abce0fa14d3f575f105e9c1bca2ccdb31b57677f7f5be6c2dd66a3d4,full_source_visual_review_single_assistant,
81aebb56c350ee16d9c2,West Bengal,Nadia,2013,gp_block_membership,Krishnanagar-II,Dhubulia-I,Krishnanagar-II/ZP-27,27,2,data/wb/gp_source_search/historical_expansion/nadia_Panchayat_20General_20Election_20-_20final_20book_election_202013__cf50563e.pdf,238810badd4a39a733192c9c269ae3cea0171701253e159de32ae912c1211c43,73,0,2,1,"Krishnanagar-II/ZP-27
Noapara-I,Noapara-II,Dhubulia-I and
Dhubuia-II grams","[63.72, 297.05001, 560.62002, 398.2100099999999]","[192.98000000000002, 297.05001, 399.910005, 398.2100099999999]","PDF points, top-left origin","[""Krishnanagar-II"", ""2"", ""Krishnanagar-II/ZP-26\nSadhanpara-I,Sadhanpara-II and Belpukur\ngrams\nKrishnanagar-II/ZP-27\nNoapara-I,Noapara-II,Dhubulia-I and\nDhubuia-II grams"", ""BC"", ""Women""]",data/wb/derived/nadia_2013_handbook/membership_visual_audit.json,228c0381abce0fa14d3f575f105e9c1bca2ccdb31b57677f7f5be6c2dd66a3d4,full_source_visual_review_single_assistant,
21b11df08b8a3d6297e5,West Bengal,Nadia,2013,gp_block_membership,Krishnanagar-II,Dhubuia-II,Krishnanagar-II/ZP-27,27,3,data/wb/gp_source_search/historical_expansion/nadia_Panchayat_20General_20Election_20-_20final_20book_election_202013__cf50563e.pdf,238810badd4a39a733192c9c269ae3cea0171701253e159de32ae912c1211c43,73,0,2,1,"Krishnanagar-II/ZP-27
Noapara-I,Noapara-II,Dhubulia-I and
Dhubuia-II grams","[63.72, 297.05001, 560.62002, 398.2100099999999]","[192.98000000000002, 297.05001, 399.910005, 398.2100099999999]","PDF points, top-left origin","[""Krishnanagar-II"", ""2"", ""Krishnanagar-II/ZP-26\nSadhanpara-I,Sadhanpara-II and Belpukur\ngrams\nKrishnanagar-II/ZP-27\nNoapara-I,Noapara-II,Dhubulia-I and\nDhubuia-II grams"", ""BC"", ""Women""]",data/wb/derived/nadia_2013_handbook/membership_visual_audit.json,228c0381abce0fa14d3f575f105e9c1bca2ccdb31b57677f7f5be6c2dd66a3d4,full_source_visual_review_single_assistant,
c1701490c6ec3264a6b2,West Bengal,Nadia,2013,gp_block_membership,Santipur,Gayehpur,Santipur/ZP-28,28,0,data/wb/gp_source_search/historical_expansion/nadia_Panchayat_20General_20Election_20-_20final_20book_election_202013__cf50563e.pdf,238810badd4a39a733192c9c269ae3cea0171701253e159de32ae912c1211c43,73,0,3,0,"Santipur/ZP-28
Gayehpur,Baganchra and haripur grams","[63.72, 398.2100099999999, 560.62002, 510.66999500000003]","[192.98000000000002, 398.2100099999999, 399.910005, 510.66999500000003]","PDF points, top-left origin","[""Santipur"", ""3"", ""Santipur/ZP-28\nGayehpur,Baganchra and haripur grams\nSantipur/ZP-29\nBabla,Belgoria-II and Belgoria-I grams\nSantipur/ZP-30\nArbandi-II,Arbandi-I,Fulia Township and\nNabla grams"", ""SC\nSC"", ""Women\nWomen""]",data/wb/derived/nadia_2013_handbook/membership_visual_audit.json,228c0381abce0fa14d3f575f105e9c1bca2ccdb31b57677f7f5be6c2dd66a3d4,full_source_visual_review_single_assistant,
248f1f679c186858f67c,West Bengal,Nadia,2013,gp_block_membership,Santipur,Baganchra,Santipur/ZP-28,28,1,data/wb/gp_source_search/historical_expansion/nadia_Panchayat_20General_20Election_20-_20final_20book_election_202013__cf50563e.pdf,238810badd4a39a733192c9c269ae3cea0171701253e159de32ae912c1211c43,73,0,3,0,"Santipur/ZP-28
Gayehpur,Baganchra and haripur grams","[63.72, 398.2100099999999, 560.62002, 510.66999500000003]","[192.98000000000002, 398.2100099999999, 399.910005, 510.66999500000003]","PDF points, top-left origin","[""Santipur"", ""3"", ""Santipur/ZP-28\nGayehpur,Baganchra and haripur grams\nSantipur/ZP-29\nBabla,Belgoria-II and Belgoria-I grams\nSantipur/ZP-30\nArbandi-II,Arbandi-I,Fulia Township and\nNabla grams"", ""SC\nSC"", ""Women\nWomen""]",data/wb/derived/nadia_2013_handbook/membership_visual_audit.json,228c0381abce0fa14d3f575f105e9c1bca2ccdb31b57677f7f5be6c2dd66a3d4,full_source_visual_review_single_assistant,
fe70d05e772812234b98,West Bengal,Nadia,2013,gp_block_membership,Santipur,haripur,Santipur/ZP-28,28,2,data/wb/gp_source_search/historical_expansion/nadia_Panchayat_20General_20Election_20-_20final_20book_election_202013__cf50563e.pdf,238810badd4a39a733192c9c269ae3cea0171701253e159de32ae912c1211c43,73,0,3,0,"Santipur/ZP-28
Gayehpur,Baganchra and haripur grams","[63.72, 398.2100099999999, 560.62002, 510.66999500000003]","[192.98000000000002, 398.2100099999999, 399.910005, 510.66999500000003]","PDF points, top-left origin","[""Santipur"", ""3"", ""Santipur/ZP-28\nGayehpur,Baganchra and haripur grams\nSantipur/ZP-29\nBabla,Belgoria-II and Belgoria-I grams\nSantipur/ZP-30\nArbandi-II,Arbandi-I,Fulia Township and\nNabla grams"", ""SC\nSC"", ""Women\nWomen""]",data/wb/derived/nadia_2013_handbook/membership_visual_audit.json,228c0381abce0fa14d3f575f105e9c1bca2ccdb31b57677f7f5be6c2dd66a3d4,full_source_visual_review_single_assistant,
def658555e8d77c890f9,West Bengal,Nadia,2013,gp_block_membership,Santipur,Babla,Santipur/ZP-29,29,0,data/wb/gp_source_search/historical_expansion/nadia_Panchayat_20General_20Election_20-_20final_20book_election_202013__cf50563e.pdf,238810badd4a39a733192c9c269ae3cea0171701253e159de32ae912c1211c43,73,0,3,1,"Santipur/ZP-29
Babla,Belgoria-II and Belgoria-I grams","[63.72, 398.2100099999999, 560.62002, 510.66999500000003]","[192.98000000000002, 398.2100099999999, 399.910005, 510.66999500000003]","PDF points, top-left origin","[""Santipur"", ""3"", ""Santipur/ZP-28\nGayehpur,Baganchra and haripur grams\nSantipur/ZP-29\nBabla,Belgoria-II and Belgoria-I grams\nSantipur/ZP-30\nArbandi-II,Arbandi-I,Fulia Township and\nNabla grams"", ""SC\nSC"", ""Women\nWomen""]",data/wb/derived/nadia_2013_handbook/membership_visual_audit.json,228c0381abce0fa14d3f575f105e9c1bca2ccdb31b57677f7f5be6c2dd66a3d4,full_source_visual_review_single_assistant,
012b91646ff9a7bc20c4,West Bengal,Nadia,2013,gp_block_membership,Santipur,Belgoria-II,Santipur/ZP-29,29,1,data/wb/gp_source_search/historical_expansion/nadia_Panchayat_20General_20Election_20-_20final_20book_election_202013__cf50563e.pdf,238810badd4a39a733192c9c269ae3cea0171701253e159de32ae912c1211c43,73,0,3,1,"Santipur/ZP-29
Babla,Belgoria-II and Belgoria-I grams","[63.72, 398.2100099999999, 560.62002, 510.66999500000003]","[192.98000000000002, 398.2100099999999, 399.910005, 510.66999500000003]","PDF points, top-left origin","[""Santipur"", ""3"", ""Santipur/ZP-28\nGayehpur,Baganchra and haripur grams\nSantipur/ZP-29\nBabla,Belgoria-II and Belgoria-I grams\nSantipur/ZP-30\nArbandi-II,Arbandi-I,Fulia Township and\nNabla grams"", ""SC\nSC"", ""Women\nWomen""]",data/wb/derived/nadia_2013_handbook/membership_visual_audit.json,228c0381abce0fa14d3f575f105e9c1bca2ccdb31b57677f7f5be6c2dd66a3d4,full_source_visual_review_single_assistant,
8b18db1f7845818682bc,West Bengal,Nadia,2013,gp_block_membership,Santipur,Belgoria-I,Santipur/ZP-29,29,2,data/wb/gp_source_search/historical_expansion/nadia_Panchayat_20General_20Election_20-_20final_20book_election_202013__cf50563e.pdf,238810badd4a39a733192c9c269ae3cea0171701253e159de32ae912c1211c43,73,0,3,1,"Santipur/ZP-29
Babla,Belgoria-II and Belgoria-I grams","[63.72, 398.2100099999999, 560.62002, 510.66999500000003]","[192.98000000000002, 398.2100099999999, 399.910005, 510.66999500000003]","PDF points, top-left origin","[""Santipur"", ""3"", ""Santipur/ZP-28\nGayehpur,Baganchra and haripur grams\nSantipur/ZP-29\nBabla,Belgoria-II and Belgoria-I grams\nSantipur/ZP-30\nArbandi-II,Arbandi-I,Fulia Township and\nNabla grams"", ""SC\nSC"", ""Women\nWomen""]",data/wb/derived/nadia_2013_handbook/membership_visual_audit.json,228c0381abce0fa14d3f575f105e9c1bca2ccdb31b57677f7f5be6c2dd66a3d4,full_source_visual_review_single_assistant,
7443b787463e9d00ca14,West Bengal,Nadia,2013,gp_block_membership,Santipur,Arbandi-II,Santipur/ZP-30,30,0,data/wb/gp_source_search/historical_expansion/nadia_Panchayat_20General_20Election_20-_20final_20book_election_202013__cf50563e.pdf,238810badd4a39a733192c9c269ae3cea0171701253e159de32ae912c1211c43,73,0,3,2,"Santipur/ZP-30
Arbandi-II,Arbandi-I,Fulia Township and
Nabla grams","[63.72, 398.2100099999999, 560.62002, 510.66999500000003]","[192.98000000000002, 398.2100099999999, 399.910005, 510.66999500000003]","PDF points, top-left origin","[""Santipur"", ""3"", ""Santipur/ZP-28\nGayehpur,Baganchra and haripur grams\nSantipur/ZP-29\nBabla,Belgoria-II and Belgoria-I grams\nSantipur/ZP-30\nArbandi-II,Arbandi-I,Fulia Township and\nNabla grams"", ""SC\nSC"", ""Women\nWomen""]",data/wb/derived/nadia_2013_handbook/membership_visual_audit.json,228c0381abce0fa14d3f575f105e9c1bca2ccdb31b57677f7f5be6c2dd66a3d4,full_source_visual_review_single_assistant,
1cec7bd803752322a1a1,West Bengal,Nadia,2013,gp_block_membership,Santipur,Arbandi-I,Santipur/ZP-30,30,1,data/wb/gp_source_search/historical_expansion/nadia_Panchayat_20General_20Election_20-_20final_20book_election_202013__cf50563e.pdf,238810badd4a39a733192c9c269ae3cea0171701253e159de32ae912c1211c43,73,0,3,2,"Santipur/ZP-30
Arbandi-II,Arbandi-I,Fulia Township and
Nabla grams","[63.72, 398.2100099999999, 560.62002, 510.66999500000003]","[192.98000000000002, 398.2100099999999, 399.910005, 510.66999500000003]","PDF points, top-left origin","[""Santipur"", ""3"", ""Santipur/ZP-28\nGayehpur,Baganchra and haripur grams\nSantipur/ZP-29\nBabla,Belgoria-II and Belgoria-I grams\nSantipur/ZP-30\nArbandi-II,Arbandi-I,Fulia Township and\nNabla grams"", ""SC\nSC"", ""Women\nWomen""]",data/wb/derived/nadia_2013_handbook/membership_visual_audit.json,228c0381abce0fa14d3f575f105e9c1bca2ccdb31b57677f7f5be6c2dd66a3d4,full_source_visual_review_single_assistant,
730f60a680739b0f3926,West Bengal,Nadia,2013,gp_block_membership,Santipur,Fulia Township,Santipur/ZP-30,30,2,data/wb/gp_source_search/historical_expansion/nadia_Panchayat_20General_20Election_20-_20final_20book_election_202013__cf50563e.pdf,238810badd4a39a733192c9c269ae3cea0171701253e159de32ae912c1211c43,73,0,3,2,"Santipur/ZP-30
Arbandi-II,Arbandi-I,Fulia Township and
Nabla grams","[63.72, 398.2100099999999, 560.62002, 510.66999500000003]","[192.98000000000002, 398.2100099999999, 399.910005, 510.66999500000003]","PDF points, top-left origin","[""Santipur"", ""3"", ""Santipur/ZP-28\nGayehpur,Baganchra and haripur grams\nSantipur/ZP-29\nBabla,Belgoria-II and Belgoria-I grams\nSantipur/ZP-30\nArbandi-II,Arbandi-I,Fulia Township and\nNabla grams"", ""SC\nSC"", ""Women\nWomen""]",data/wb/derived/nadia_2013_handbook/membership_visual_audit.json,228c0381abce0fa14d3f575f105e9c1bca2ccdb31b57677f7f5be6c2dd66a3d4,full_source_visual_review_single_assistant,
6d511cf8e7632fb8a0c5,West Bengal,Nadia,2013,gp_block_membership,Santipur,Nabla,Santipur/ZP-30,30,3,data/wb/gp_source_search/historical_expansion/nadia_Panchayat_20General_20Election_20-_20final_20book_election_202013__cf50563e.pdf,238810badd4a39a733192c9c269ae3cea0171701253e159de32ae912c1211c43,73,0,3,2,"Santipur/ZP-30
Arbandi-II,Arbandi-I,Fulia Township and
Nabla grams","[63.72, 398.2100099999999, 560.62002, 510.66999500000003]","[192.98000000000002, 398.2100099999999, 399.910005, 510.66999500000003]","PDF points, top-left origin","[""Santipur"", ""3"", ""Santipur/ZP-28\nGayehpur,Baganchra and haripur grams\nSantipur/ZP-29\nBabla,Belgoria-II and Belgoria-I grams\nSantipur/ZP-30\nArbandi-II,Arbandi-I,Fulia Township and\nNabla grams"", ""SC\nSC"", ""Women\nWomen""]",data/wb/derived/nadia_2013_handbook/membership_visual_audit.json,228c0381abce0fa14d3f575f105e9c1bca2ccdb31b57677f7f5be6c2dd66a3d4,full_source_visual_review_single_assistant,
59d66996bf6f8db7e283,West Bengal,Nadia,2013,gp_block_membership,Ranaghat-I,Barasat,Ranaghat-I/ZP-31,31,0,data/wb/gp_source_search/historical_expansion/nadia_Panchayat_20General_20Election_20-_20final_20book_election_202013__cf50563e.pdf,238810badd4a39a733192c9c269ae3cea0171701253e159de32ae912c1211c43,73,0,4,0,"Ranaghat-I/ZP-31
Barasat,Khisma and Kalinarayanpur
grams","[63.72, 510.66999500000003, 560.62002, 634.2699799999999]","[192.98000000000002, 510.66999500000003, 399.910005, 634.2699799999999]","PDF points, top-left origin","[""Ranaghat-I"", ""3"", ""Ranaghat-I/ZP-31\nBarasat,Khisma and Kalinarayanpur\ngrams\nRanaghat-I./ZP-32\nRamnagar-I,Ramnagar-II and Habibpur\ngrams\nRanaghat-I/ZP-33\nTarapur,Noapara-Masunda,Anulia and\nPayradanga grams"", ""SC\nSC"", ""Women""]",data/wb/derived/nadia_2013_handbook/membership_visual_audit.json,228c0381abce0fa14d3f575f105e9c1bca2ccdb31b57677f7f5be6c2dd66a3d4,full_source_visual_review_single_assistant,
03242941d68fd0a35104,West Bengal,Nadia,2013,gp_block_membership,Ranaghat-I,Khisma,Ranaghat-I/ZP-31,31,1,data/wb/gp_source_search/historical_expansion/nadia_Panchayat_20General_20Election_20-_20final_20book_election_202013__cf50563e.pdf,238810badd4a39a733192c9c269ae3cea0171701253e159de32ae912c1211c43,73,0,4,0,"Ranaghat-I/ZP-31
Barasat,Khisma and Kalinarayanpur
grams","[63.72, 510.66999500000003, 560.62002, 634.2699799999999]","[192.98000000000002, 510.66999500000003, 399.910005, 634.2699799999999]","PDF points, top-left origin","[""Ranaghat-I"", ""3"", ""Ranaghat-I/ZP-31\nBarasat,Khisma and Kalinarayanpur\ngrams\nRanaghat-I./ZP-32\nRamnagar-I,Ramnagar-II and Habibpur\ngrams\nRanaghat-I/ZP-33\nTarapur,Noapara-Masunda,Anulia and\nPayradanga grams"", ""SC\nSC"", ""Women""]",data/wb/derived/nadia_2013_handbook/membership_visual_audit.json,228c0381abce0fa14d3f575f105e9c1bca2ccdb31b57677f7f5be6c2dd66a3d4,full_source_visual_review_single_assistant,
1b5826487afdc0ad3448,West Bengal,Nadia,2013,gp_block_membership,Ranaghat-I,Kalinarayanpur,Ranaghat-I/ZP-31,31,2,data/wb/gp_source_search/historical_expansion/nadia_Panchayat_20General_20Election_20-_20final_20book_election_202013__cf50563e.pdf,238810badd4a39a733192c9c269ae3cea0171701253e159de32ae912c1211c43,73,0,4,0,"Ranaghat-I/ZP-31
Barasat,Khisma and Kalinarayanpur
grams","[63.72, 510.66999500000003, 560.62002, 634.2699799999999]","[192.98000000000002, 510.66999500000003, 399.910005, 634.2699799999999]","PDF points, top-left origin","[""Ranaghat-I"", ""3"", ""Ranaghat-I/ZP-31\nBarasat,Khisma and Kalinarayanpur\ngrams\nRanaghat-I./ZP-32\nRamnagar-I,Ramnagar-II and Habibpur\ngrams\nRanaghat-I/ZP-33\nTarapur,Noapara-Masunda,Anulia and\nPayradanga grams"", ""SC\nSC"", ""Women""]",data/wb/derived/nadia_2013_handbook/membership_visual_audit.json,228c0381abce0fa14d3f575f105e9c1bca2ccdb31b57677f7f5be6c2dd66a3d4,full_source_visual_review_single_assistant,
0611c6f0bffa3eb5d4f5,West Bengal,Nadia,2013,gp_block_membership,Ranaghat-I,Ramnagar-I,Ranaghat-I./ZP-32,32,0,data/wb/gp_source_search/historical_expansion/nadia_Panchayat_20General_20Election_20-_20final_20book_election_202013__cf50563e.pdf,238810badd4a39a733192c9c269ae3cea0171701253e159de32ae912c1211c43,73,0,4,1,"Ranaghat-I./ZP-32
Ramnagar-I,Ramnagar-II and Habibpur
grams","[63.72, 510.66999500000003, 560.62002, 634.2699799999999]","[192.98000000000002, 510.66999500000003, 399.910005, 634.2699799999999]","PDF points, top-left origin","[""Ranaghat-I"", ""3"", ""Ranaghat-I/ZP-31\nBarasat,Khisma and Kalinarayanpur\ngrams\nRanaghat-I./ZP-32\nRamnagar-I,Ramnagar-II and Habibpur\ngrams\nRanaghat-I/ZP-33\nTarapur,Noapara-Masunda,Anulia and\nPayradanga grams"", ""SC\nSC"", ""Women""]",data/wb/derived/nadia_2013_handbook/membership_visual_audit.json,228c0381abce0fa14d3f575f105e9c1bca2ccdb31b57677f7f5be6c2dd66a3d4,full_source_visual_review_single_assistant,
5e664da5e6211acc3e9f,West Bengal,Nadia,2013,gp_block_membership,Ranaghat-I,Ramnagar-II,Ranaghat-I./ZP-32,32,1,data/wb/gp_source_search/historical_expansion/nadia_Panchayat_20General_20Election_20-_20final_20book_election_202013__cf50563e.pdf,238810badd4a39a733192c9c269ae3cea0171701253e159de32ae912c1211c43,73,0,4,1,"Ranaghat-I./ZP-32
Ramnagar-I,Ramnagar-II and Habibpur
grams","[63.72, 510.66999500000003, 560.62002, 634.2699799999999]","[192.98000000000002, 510.66999500000003, 399.910005, 634.2699799999999]","PDF points, top-left origin","[""Ranaghat-I"", ""3"", ""Ranaghat-I/ZP-31\nBarasat,Khisma and Kalinarayanpur\ngrams\nRanaghat-I./ZP-32\nRamnagar-I,Ramnagar-II and Habibpur\ngrams\nRanaghat-I/ZP-33\nTarapur,Noapara-Masunda,Anulia and\nPayradanga grams"", ""SC\nSC"", ""Women""]",data/wb/derived/nadia_2013_handbook/membership_visual_audit.json,228c0381abce0fa14d3f575f105e9c1bca2ccdb31b57677f7f5be6c2dd66a3d4,full_source_visual_review_single_assistant,
07f8ac9a5f5531ce5661,West Bengal,Nadia,2013,gp_block_membership,Ranaghat-I,Habibpur,Ranaghat-I./ZP-32,32,2,data/wb/gp_source_search/historical_expansion/nadia_Panchayat_20General_20Election_20-_20final_20book_election_202013__cf50563e.pdf,238810badd4a39a733192c9c269ae3cea0171701253e159de32ae912c1211c43,73,0,4,1,"Ranaghat-I./ZP-32
Ramnagar-I,Ramnagar-II and Habibpur
grams","[63.72, 510.66999500000003, 560.62002, 634.2699799999999]","[192.98000000000002, 510.66999500000003, 399.910005, 634.2699799999999]","PDF points, top-left origin","[""Ranaghat-I"", ""3"", ""Ranaghat-I/ZP-31\nBarasat,Khisma and Kalinarayanpur\ngrams\nRanaghat-I./ZP-32\nRamnagar-I,Ramnagar-II and Habibpur\ngrams\nRanaghat-I/ZP-33\nTarapur,Noapara-Masunda,Anulia and\nPayradanga grams"", ""SC\nSC"", ""Women""]",data/wb/derived/nadia_2013_handbook/membership_visual_audit.json,228c0381abce0fa14d3f575f105e9c1bca2ccdb31b57677f7f5be6c2dd66a3d4,full_source_visual_review_single_assistant,
bd3908b12e07c233fb8f,West Bengal,Nadia,2013,gp_block_membership,Ranaghat-I,Tarapur,Ranaghat-I/ZP-33,33,0,data/wb/gp_source_search/historical_expansion/nadia_Panchayat_20General_20Election_20-_20final_20book_election_202013__cf50563e.pdf,238810badd4a39a733192c9c269ae3cea0171701253e159de32ae912c1211c43,73,0,4,2,"Ranaghat-I/ZP-33
Tarapur,Noapara-Masunda,Anulia and
Payradanga grams","[63.72, 510.66999500000003, 560.62002, 634.2699799999999]","[192.98000000000002, 510.66999500000003, 399.910005, 634.2699799999999]","PDF points, top-left origin","[""Ranaghat-I"", ""3"", ""Ranaghat-I/ZP-31\nBarasat,Khisma and Kalinarayanpur\ngrams\nRanaghat-I./ZP-32\nRamnagar-I,Ramnagar-II and Habibpur\ngrams\nRanaghat-I/ZP-33\nTarapur,Noapara-Masunda,Anulia and\nPayradanga grams"", ""SC\nSC"", ""Women""]",data/wb/derived/nadia_2013_handbook/membership_visual_audit.json,228c0381abce0fa14d3f575f105e9c1bca2ccdb31b57677f7f5be6c2dd66a3d4,full_source_visual_review_single_assistant,
7f1420ca00e94004daee,West Bengal,Nadia,2013,gp_block_membership,Ranaghat-I,Noapara-Masunda,Ranaghat-I/ZP-33,33,1,data/wb/gp_source_search/historical_expansion/nadia_Panchayat_20General_20Election_20-_20final_20book_election_202013__cf50563e.pdf,238810badd4a39a733192c9c269ae3cea0171701253e159de32ae912c1211c43,73,0,4,2,"Ranaghat-I/ZP-33
Tarapur,Noapara-Masunda,Anulia and
Payradanga grams","[63.72, 510.66999500000003, 560.62002, 634.2699799999999]","[192.98000000000002, 510.66999500000003, 399.910005, 634.2699799999999]","PDF points, top-left origin","[""Ranaghat-I"", ""3"", ""Ranaghat-I/ZP-31\nBarasat,Khisma and Kalinarayanpur\ngrams\nRanaghat-I./ZP-32\nRamnagar-I,Ramnagar-II and Habibpur\ngrams\nRanaghat-I/ZP-33\nTarapur,Noapara-Masunda,Anulia and\nPayradanga grams"", ""SC\nSC"", ""Women""]",data/wb/derived/nadia_2013_handbook/membership_visual_audit.json,228c0381abce0fa14d3f575f105e9c1bca2ccdb31b57677f7f5be6c2dd66a3d4,full_source_visual_review_single_assistant,
700bc2caafe2fb64bcd2,West Bengal,Nadia,2013,gp_block_membership,Ranaghat-I,Anulia,Ranaghat-I/ZP-33,33,2,data/wb/gp_source_search/historical_expansion/nadia_Panchayat_20General_20Election_20-_20final_20book_election_202013__cf50563e.pdf,238810badd4a39a733192c9c269ae3cea0171701253e159de32ae912c1211c43,73,0,4,2,"Ranaghat-I/ZP-33
Tarapur,Noapara-Masunda,Anulia and
Payradanga grams","[63.72, 510.66999500000003, 560.62002, 634.2699799999999]","[192.98000000000002, 510.66999500000003, 399.910005, 634.2699799999999]","PDF points, top-left origin","[""Ranaghat-I"", ""3"", ""Ranaghat-I/ZP-31\nBarasat,Khisma and Kalinarayanpur\ngrams\nRanaghat-I./ZP-32\nRamnagar-I,Ramnagar-II and Habibpur\ngrams\nRanaghat-I/ZP-33\nTarapur,Noapara-Masunda,Anulia and\nPayradanga grams"", ""SC\nSC"", ""Women""]",data/wb/derived/nadia_2013_handbook/membership_visual_audit.json,228c0381abce0fa14d3f575f105e9c1bca2ccdb31b57677f7f5be6c2dd66a3d4,full_source_visual_review_single_assistant,
1f54c0822167729291a4,West Bengal,Nadia,2013,gp_block_membership,Ranaghat-I,Payradanga,Ranaghat-I/ZP-33,33,3,data/wb/gp_source_search/historical_expansion/nadia_Panchayat_20General_20Election_20-_20final_20book_election_202013__cf50563e.pdf,238810badd4a39a733192c9c269ae3cea0171701253e159de32ae912c1211c43,73,0,4,2,"Ranaghat-I/ZP-33
Tarapur,Noapara-Masunda,Anulia and
Payradanga grams","[63.72, 510.66999500000003, 560.62002, 634.2699799999999]","[192.98000000000002, 510.66999500000003, 399.910005, 634.2699799999999]","PDF points, top-left origin","[""Ranaghat-I"", ""3"", ""Ranaghat-I/ZP-31\nBarasat,Khisma and Kalinarayanpur\ngrams\nRanaghat-I./ZP-32\nRamnagar-I,Ramnagar-II and Habibpur\ngrams\nRanaghat-I/ZP-33\nTarapur,Noapara-Masunda,Anulia and\nPayradanga grams"", ""SC\nSC"", ""Women""]",data/wb/derived/nadia_2013_handbook/membership_visual_audit.json,228c0381abce0fa14d3f575f105e9c1bca2ccdb31b57677f7f5be6c2dd66a3d4,full_source_visual_review_single_assistant,
ad2647d041ef1a671a96,West Bengal,Nadia,2013,gp_block_membership,Krishnaganj,Gobindapur,Krishnaganj/ZP-34,34,0,data/wb/gp_source_search/historical_expansion/nadia_Panchayat_20General_20Election_20-_20final_20book_election_202013__cf50563e.pdf,238810badd4a39a733192c9c269ae3cea0171701253e159de32ae912c1211c43,73,0,5,0,"Krishnaganj/ZP-34
Gobindapur,Joyghata and Krishnaganj
grams","[63.72, 634.2699799999999, 560.62002, 713.1400099999998]","[192.98000000000002, 634.2699799999999, 399.910005, 713.1400099999998]","PDF points, top-left origin","[""Krishnaganj"", ""2"", ""Krishnaganj/ZP-34\nGobindapur,Joyghata and Krishnaganj\ngrams\nKrishnaganj/ZP-35\nMatiary-Banpur,taldah-Majdia,Shibnibas\nand Bhajanghat Tungi grams"", ""SC"", ""Women""]",data/wb/derived/nadia_2013_handbook/membership_visual_audit.json,228c0381abce0fa14d3f575f105e9c1bca2ccdb31b57677f7f5be6c2dd66a3d4,full_source_visual_review_single_assistant,
7b281ca1530710593bb7,West Bengal,Nadia,2013,gp_block_membership,Krishnaganj,Joyghata,Krishnaganj/ZP-34,34,1,data/wb/gp_source_search/historical_expansion/nadia_Panchayat_20General_20Election_20-_20final_20book_election_202013__cf50563e.pdf,238810badd4a39a733192c9c269ae3cea0171701253e159de32ae912c1211c43,73,0,5,0,"Krishnaganj/ZP-34
Gobindapur,Joyghata and Krishnaganj
grams","[63.72, 634.2699799999999, 560.62002, 713.1400099999998]","[192.98000000000002, 634.2699799999999, 399.910005, 713.1400099999998]","PDF points, top-left origin","[""Krishnaganj"", ""2"", ""Krishnaganj/ZP-34\nGobindapur,Joyghata and Krishnaganj\ngrams\nKrishnaganj/ZP-35\nMatiary-Banpur,taldah-Majdia,Shibnibas\nand Bhajanghat Tungi grams"", ""SC"", ""Women""]",data/wb/derived/nadia_2013_handbook/membership_visual_audit.json,228c0381abce0fa14d3f575f105e9c1bca2ccdb31b57677f7f5be6c2dd66a3d4,full_source_visual_review_single_assistant,
6655606add39567db966,West Bengal,Nadia,2013,gp_block_membership,Krishnaganj,Krishnaganj,Krishnaganj/ZP-34,34,2,data/wb/gp_source_search/historical_expansion/nadia_Panchayat_20General_20Election_20-_20final_20book_election_202013__cf50563e.pdf,238810badd4a39a733192c9c269ae3cea0171701253e159de32ae912c1211c43,73,0,5,0,"Krishnaganj/ZP-34
Gobindapur,Joyghata and Krishnaganj
grams","[63.72, 634.2699799999999, 560.62002, 713.1400099999998]","[192.98000000000002, 634.2699799999999, 399.910005, 713.1400099999998]","PDF points, top-left origin","[""Krishnaganj"", ""2"", ""Krishnaganj/ZP-34\nGobindapur,Joyghata and Krishnaganj\ngrams\nKrishnaganj/ZP-35\nMatiary-Banpur,taldah-Majdia,Shibnibas\nand Bhajanghat Tungi grams"", ""SC"", ""Women""]",data/wb/derived/nadia_2013_handbook/membership_visual_audit.json,228c0381abce0fa14d3f575f105e9c1bca2ccdb31b57677f7f5be6c2dd66a3d4,full_source_visual_review_single_assistant,
0f90a43b8d82b55d17d7,West Bengal,Nadia,2013,gp_block_membership,Krishnaganj,Matiary-Banpur,Krishnaganj/ZP-35,35,0,data/wb/gp_source_search/historical_expansion/nadia_Panchayat_20General_20Election_20-_20final_20book_election_202013__cf50563e.pdf,238810badd4a39a733192c9c269ae3cea0171701253e159de32ae912c1211c43,73,0,5,1,"Krishnaganj/ZP-35
Matiary-Banpur,taldah-Majdia,Shibnibas
and Bhajanghat Tungi grams","[63.72, 634.2699799999999, 560.62002, 713.1400099999998]","[192.98000000000002, 634.2699799999999, 399.910005, 713.1400099999998]","PDF points, top-left origin","[""Krishnaganj"", ""2"", ""Krishnaganj/ZP-34\nGobindapur,Joyghata and Krishnaganj\ngrams\nKrishnaganj/ZP-35\nMatiary-Banpur,taldah-Majdia,Shibnibas\nand Bhajanghat Tungi grams"", ""SC"", ""Women""]",data/wb/derived/nadia_2013_handbook/membership_visual_audit.json,228c0381abce0fa14d3f575f105e9c1bca2ccdb31b57677f7f5be6c2dd66a3d4,full_source_visual_review_single_assistant,
71eb3bdaf56bf3a9d1af,West Bengal,Nadia,2013,gp_block_membership,Krishnaganj,taldah-Majdia,Krishnaganj/ZP-35,35,1,data/wb/gp_source_search/historical_expansion/nadia_Panchayat_20General_20Election_20-_20final_20book_election_202013__cf50563e.pdf,238810badd4a39a733192c9c269ae3cea0171701253e159de32ae912c1211c43,73,0,5,1,"Krishnaganj/ZP-35
Matiary-Banpur,taldah-Majdia,Shibnibas
and Bhajanghat Tungi grams","[63.72, 634.2699799999999, 560.62002, 713.1400099999998]","[192.98000000000002, 634.2699799999999, 399.910005, 713.1400099999998]","PDF points, top-left origin","[""Krishnaganj"", ""2"", ""Krishnaganj/ZP-34\nGobindapur,Joyghata and Krishnaganj\ngrams\nKrishnaganj/ZP-35\nMatiary-Banpur,taldah-Majdia,Shibnibas\nand Bhajanghat Tungi grams"", ""SC"", ""Women""]",data/wb/derived/nadia_2013_handbook/membership_visual_audit.json,228c0381abce0fa14d3f575f105e9c1bca2ccdb31b57677f7f5be6c2dd66a3d4,full_source_visual_review_single_assistant,
fd427404243eadb88858,West Bengal,Nadia,2013,gp_block_membership,Krishnaganj,Shibnibas,Krishnaganj/ZP-35,35,2,data/wb/gp_source_search/historical_expansion/nadia_Panchayat_20General_20Election_20-_20final_20book_election_202013__cf50563e.pdf,238810badd4a39a733192c9c269ae3cea0171701253e159de32ae912c1211c43,73,0,5,1,"Krishnaganj/ZP-35
Matiary-Banpur,taldah-Majdia,Shibnibas
and Bhajanghat Tungi grams","[63.72, 634.2699799999999, 560.62002, 713.1400099999998]","[192.98000000000002, 634.2699799999999, 399.910005, 713.1400099999998]","PDF points, top-left origin","[""Krishnaganj"", ""2"", ""Krishnaganj/ZP-34\nGobindapur,Joyghata and Krishnaganj\ngrams\nKrishnaganj/ZP-35\nMatiary-Banpur,taldah-Majdia,Shibnibas\nand Bhajanghat Tungi grams"", ""SC"", ""Women""]",data/wb/derived/nadia_2013_handbook/membership_visual_audit.json,228c0381abce0fa14d3f575f105e9c1bca2ccdb31b57677f7f5be6c2dd66a3d4,full_source_visual_review_single_assistant,
5cc53c62d6725b7e02d2,West Bengal,Nadia,2013,gp_block_membership,Krishnaganj,Bhajanghat Tungi,Krishnaganj/ZP-35,35,3,data/wb/gp_source_search/historical_expansion/nadia_Panchayat_20General_20Election_20-_20final_20book_election_202013__cf50563e.pdf,238810badd4a39a733192c9c269ae3cea0171701253e159de32ae912c1211c43,73,0,5,1,"Krishnaganj/ZP-35
Matiary-Banpur,taldah-Majdia,Shibnibas
and Bhajanghat Tungi grams","[63.72, 634.2699799999999, 560.62002, 713.1400099999998]","[192.98000000000002, 634.2699799999999, 399.910005, 713.1400099999998]","PDF points, top-left origin","[""Krishnaganj"", ""2"", ""Krishnaganj/ZP-34\nGobindapur,Joyghata and Krishnaganj\ngrams\nKrishnaganj/ZP-35\nMatiary-Banpur,taldah-Majdia,Shibnibas\nand Bhajanghat Tungi grams"", ""SC"", ""Women""]",data/wb/derived/nadia_2013_handbook/membership_visual_audit.json,228c0381abce0fa14d3f575f105e9c1bca2ccdb31b57677f7f5be6c2dd66a3d4,full_source_visual_review_single_assistant,
a7eb4abc00ef34449c72,West Bengal,Nadia,2013,gp_block_membership,Hanskhali,Dakshinpara-II,Hanskhali/ZP-36,36,0,data/wb/gp_source_search/historical_expansion/nadia_Panchayat_20General_20Election_20-_20final_20book_election_202013__cf50563e.pdf,238810badd4a39a733192c9c269ae3cea0171701253e159de32ae912c1211c43,74,0,1,0,"Hanskhali/ZP-36
Dakshinpara-II,Dakshinpara-I,Badkulla-
II,Badkulla-I and Mamjoan grams","[63.71999999999999, 195.8599999999999, 560.6200200000001, 364.24999499999996]","[192.98, 195.8599999999999, 399.910005, 364.24999499999996]","PDF points, top-left origin","[""Hanskhali"", ""3"", ""Hanskhali/ZP-36\nDakshinpara-II,Dakshinpara-I,Badkulla-\nII,Badkulla-I and Mamjoan grams\nHanskhali/ZP-37\nBetnagobindapur,Mayurhat-I,Mayurhat-II\nand Gazna grams\nHanskhali/ZP-38\nBagula-II,Bagula-I,Ramnagar-Barachupria-\nII,Ramnagar-barachupria-II grams"", ""SC\nSC"", ""Women""]",data/wb/derived/nadia_2013_handbook/membership_visual_audit.json,228c0381abce0fa14d3f575f105e9c1bca2ccdb31b57677f7f5be6c2dd66a3d4,full_source_visual_review_single_assistant,
27737c47cd084c36b586,West Bengal,Nadia,2013,gp_block_membership,Hanskhali,Dakshinpara-I,Hanskhali/ZP-36,36,1,data/wb/gp_source_search/historical_expansion/nadia_Panchayat_20General_20Election_20-_20final_20book_election_202013__cf50563e.pdf,238810badd4a39a733192c9c269ae3cea0171701253e159de32ae912c1211c43,74,0,1,0,"Hanskhali/ZP-36
Dakshinpara-II,Dakshinpara-I,Badkulla-
II,Badkulla-I and Mamjoan grams","[63.71999999999999, 195.8599999999999, 560.6200200000001, 364.24999499999996]","[192.98, 195.8599999999999, 399.910005, 364.24999499999996]","PDF points, top-left origin","[""Hanskhali"", ""3"", ""Hanskhali/ZP-36\nDakshinpara-II,Dakshinpara-I,Badkulla-\nII,Badkulla-I and Mamjoan grams\nHanskhali/ZP-37\nBetnagobindapur,Mayurhat-I,Mayurhat-II\nand Gazna grams\nHanskhali/ZP-38\nBagula-II,Bagula-I,Ramnagar-Barachupria-\nII,Ramnagar-barachupria-II grams"", ""SC\nSC"", ""Women""]",data/wb/derived/nadia_2013_handbook/membership_visual_audit.json,228c0381abce0fa14d3f575f105e9c1bca2ccdb31b57677f7f5be6c2dd66a3d4,full_source_visual_review_single_assistant,
7b5a3c908d55ef6b4d81,West Bengal,Nadia,2013,gp_block_membership,Hanskhali,Badkulla-II,Hanskhali/ZP-36,36,2,data/wb/gp_source_search/historical_expansion/nadia_Panchayat_20General_20Election_20-_20final_20book_election_202013__cf50563e.pdf,238810badd4a39a733192c9c269ae3cea0171701253e159de32ae912c1211c43,74,0,1,0,"Hanskhali/ZP-36
Dakshinpara-II,Dakshinpara-I,Badkulla-
II,Badkulla-I and Mamjoan grams","[63.71999999999999, 195.8599999999999, 560.6200200000001, 364.24999499999996]","[192.98, 195.8599999999999, 399.910005, 364.24999499999996]","PDF points, top-left origin","[""Hanskhali"", ""3"", ""Hanskhali/ZP-36\nDakshinpara-II,Dakshinpara-I,Badkulla-\nII,Badkulla-I and Mamjoan grams\nHanskhali/ZP-37\nBetnagobindapur,Mayurhat-I,Mayurhat-II\nand Gazna grams\nHanskhali/ZP-38\nBagula-II,Bagula-I,Ramnagar-Barachupria-\nII,Ramnagar-barachupria-II grams"", ""SC\nSC"", ""Women""]",data/wb/derived/nadia_2013_handbook/membership_visual_audit.json,228c0381abce0fa14d3f575f105e9c1bca2ccdb31b57677f7f5be6c2dd66a3d4,full_source_visual_review_single_assistant,
55152437308bebf52547,West Bengal,Nadia,2013,gp_block_membership,Hanskhali,Badkulla-I,Hanskhali/ZP-36,36,3,data/wb/gp_source_search/historical_expansion/nadia_Panchayat_20General_20Election_20-_20final_20book_election_202013__cf50563e.pdf,238810badd4a39a733192c9c269ae3cea0171701253e159de32ae912c1211c43,74,0,1,0,"Hanskhali/ZP-36
Dakshinpara-II,Dakshinpara-I,Badkulla-
II,Badkulla-I and Mamjoan grams","[63.71999999999999, 195.8599999999999, 560.6200200000001, 364.24999499999996]","[192.98, 195.8599999999999, 399.910005, 364.24999499999996]","PDF points, top-left origin","[""Hanskhali"", ""3"", ""Hanskhali/ZP-36\nDakshinpara-II,Dakshinpara-I,Badkulla-\nII,Badkulla-I and Mamjoan grams\nHanskhali/ZP-37\nBetnagobindapur,Mayurhat-I,Mayurhat-II\nand Gazna grams\nHanskhali/ZP-38\nBagula-II,Bagula-I,Ramnagar-Barachupria-\nII,Ramnagar-barachupria-II grams"", ""SC\nSC"", ""Women""]",data/wb/derived/nadia_2013_handbook/membership_visual_audit.json,228c0381abce0fa14d3f575f105e9c1bca2ccdb31b57677f7f5be6c2dd66a3d4,full_source_visual_review_single_assistant,
2f7d17624f87d52e4d6e,West Bengal,Nadia,2013,gp_block_membership,Hanskhali,Mamjoan,Hanskhali/ZP-36,36,4,data/wb/gp_source_search/historical_expansion/nadia_Panchayat_20General_20Election_20-_20final_20book_election_202013__cf50563e.pdf,238810badd4a39a733192c9c269ae3cea0171701253e159de32ae912c1211c43,74,0,1,0,"Hanskhali/ZP-36
Dakshinpara-II,Dakshinpara-I,Badkulla-
II,Badkulla-I and Mamjoan grams","[63.71999999999999, 195.8599999999999, 560.6200200000001, 364.24999499999996]","[192.98, 195.8599999999999, 399.910005, 364.24999499999996]","PDF points, top-left origin","[""Hanskhali"", ""3"", ""Hanskhali/ZP-36\nDakshinpara-II,Dakshinpara-I,Badkulla-\nII,Badkulla-I and Mamjoan grams\nHanskhali/ZP-37\nBetnagobindapur,Mayurhat-I,Mayurhat-II\nand Gazna grams\nHanskhali/ZP-38\nBagula-II,Bagula-I,Ramnagar-Barachupria-\nII,Ramnagar-barachupria-II grams"", ""SC\nSC"", ""Women""]",data/wb/derived/nadia_2013_handbook/membership_visual_audit.json,228c0381abce0fa14d3f575f105e9c1bca2ccdb31b57677f7f5be6c2dd66a3d4,full_source_visual_review_single_assistant,
3fbaa3c8734fe672dc93,West Bengal,Nadia,2013,gp_block_membership,Hanskhali,Betnagobindapur,Hanskhali/ZP-37,37,0,data/wb/gp_source_search/historical_expansion/nadia_Panchayat_20General_20Election_20-_20final_20book_election_202013__cf50563e.pdf,238810badd4a39a733192c9c269ae3cea0171701253e159de32ae912c1211c43,74,0,1,1,"Hanskhali/ZP-37
Betnagobindapur,Mayurhat-I,Mayurhat-II
and Gazna grams","[63.71999999999999, 195.8599999999999, 560.6200200000001, 364.24999499999996]","[192.98, 195.8599999999999, 399.910005, 364.24999499999996]","PDF points, top-left origin","[""Hanskhali"", ""3"", ""Hanskhali/ZP-36\nDakshinpara-II,Dakshinpara-I,Badkulla-\nII,Badkulla-I and Mamjoan grams\nHanskhali/ZP-37\nBetnagobindapur,Mayurhat-I,Mayurhat-II\nand Gazna grams\nHanskhali/ZP-38\nBagula-II,Bagula-I,Ramnagar-Barachupria-\nII,Ramnagar-barachupria-II grams"", ""SC\nSC"", ""Women""]",data/wb/derived/nadia_2013_handbook/membership_visual_audit.json,228c0381abce0fa14d3f575f105e9c1bca2ccdb31b57677f7f5be6c2dd66a3d4,full_source_visual_review_single_assistant,
07dbe5a81cc87b2a6c67,West Bengal,Nadia,2013,gp_block_membership,Hanskhali,Mayurhat-I,Hanskhali/ZP-37,37,1,data/wb/gp_source_search/historical_expansion/nadia_Panchayat_20General_20Election_20-_20final_20book_election_202013__cf50563e.pdf,238810badd4a39a733192c9c269ae3cea0171701253e159de32ae912c1211c43,74,0,1,1,"Hanskhali/ZP-37
Betnagobindapur,Mayurhat-I,Mayurhat-II
and Gazna grams","[63.71999999999999, 195.8599999999999, 560.6200200000001, 364.24999499999996]","[192.98, 195.8599999999999, 399.910005, 364.24999499999996]","PDF points, top-left origin","[""Hanskhali"", ""3"", ""Hanskhali/ZP-36\nDakshinpara-II,Dakshinpara-I,Badkulla-\nII,Badkulla-I and Mamjoan grams\nHanskhali/ZP-37\nBetnagobindapur,Mayurhat-I,Mayurhat-II\nand Gazna grams\nHanskhali/ZP-38\nBagula-II,Bagula-I,Ramnagar-Barachupria-\nII,Ramnagar-barachupria-II grams"", ""SC\nSC"", ""Women""]",data/wb/derived/nadia_2013_handbook/membership_visual_audit.json,228c0381abce0fa14d3f575f105e9c1bca2ccdb31b57677f7f5be6c2dd66a3d4,full_source_visual_review_single_assistant,
b715f940d79be82c5622,West Bengal,Nadia,2013,gp_block_membership,Hanskhali,Mayurhat-II,Hanskhali/ZP-37,37,2,data/wb/gp_source_search/historical_expansion/nadia_Panchayat_20General_20Election_20-_20final_20book_election_202013__cf50563e.pdf,238810badd4a39a733192c9c269ae3cea0171701253e159de32ae912c1211c43,74,0,1,1,"Hanskhali/ZP-37
Betnagobindapur,Mayurhat-I,Mayurhat-II
and Gazna grams","[63.71999999999999, 195.8599999999999, 560.6200200000001, 364.24999499999996]","[192.98, 195.8599999999999, 399.910005, 364.24999499999996]","PDF points, top-left origin","[""Hanskhali"", ""3"", ""Hanskhali/ZP-36\nDakshinpara-II,Dakshinpara-I,Badkulla-\nII,Badkulla-I and Mamjoan grams\nHanskhali/ZP-37\nBetnagobindapur,Mayurhat-I,Mayurhat-II\nand Gazna grams\nHanskhali/ZP-38\nBagula-II,Bagula-I,Ramnagar-Barachupria-\nII,Ramnagar-barachupria-II grams"", ""SC\nSC"", ""Women""]",data/wb/derived/nadia_2013_handbook/membership_visual_audit.json,228c0381abce0fa14d3f575f105e9c1bca2ccdb31b57677f7f5be6c2dd66a3d4,full_source_visual_review_single_assistant,
447156b655677e0c3d69,West Bengal,Nadia,2013,gp_block_membership,Hanskhali,Gazna,Hanskhali/ZP-37,37,3,data/wb/gp_source_search/historical_expansion/nadia_Panchayat_20General_20Election_20-_20final_20book_election_202013__cf50563e.pdf,238810badd4a39a733192c9c269ae3cea0171701253e159de32ae912c1211c43,74,0,1,1,"Hanskhali/ZP-37
Betnagobindapur,Mayurhat-I,Mayurhat-II
and Gazna grams","[63.71999999999999, 195.8599999999999, 560.6200200000001, 364.24999499999996]","[192.98, 195.8599999999999, 399.910005, 364.24999499999996]","PDF points, top-left origin","[""Hanskhali"", ""3"", ""Hanskhali/ZP-36\nDakshinpara-II,Dakshinpara-I,Badkulla-\nII,Badkulla-I and Mamjoan grams\nHanskhali/ZP-37\nBetnagobindapur,Mayurhat-I,Mayurhat-II\nand Gazna grams\nHanskhali/ZP-38\nBagula-II,Bagula-I,Ramnagar-Barachupria-\nII,Ramnagar-barachupria-II grams"", ""SC\nSC"", ""Women""]",data/wb/derived/nadia_2013_handbook/membership_visual_audit.json,228c0381abce0fa14d3f575f105e9c1bca2ccdb31b57677f7f5be6c2dd66a3d4,full_source_visual_review_single_assistant,
96ab6d41d30cda9f8309,West Bengal,Nadia,2013,gp_block_membership,Hanskhali,Bagula-II,Hanskhali/ZP-38,38,0,data/wb/gp_source_search/historical_expansion/nadia_Panchayat_20General_20Election_20-_20final_20book_election_202013__cf50563e.pdf,238810badd4a39a733192c9c269ae3cea0171701253e159de32ae912c1211c43,74,0,1,2,"Hanskhali/ZP-38
Bagula-II,Bagula-I,Ramnagar-Barachupria-
II,Ramnagar-barachupria-II grams","[63.71999999999999, 195.8599999999999, 560.6200200000001, 364.24999499999996]","[192.98, 195.8599999999999, 399.910005, 364.24999499999996]","PDF points, top-left origin","[""Hanskhali"", ""3"", ""Hanskhali/ZP-36\nDakshinpara-II,Dakshinpara-I,Badkulla-\nII,Badkulla-I and Mamjoan grams\nHanskhali/ZP-37\nBetnagobindapur,Mayurhat-I,Mayurhat-II\nand Gazna grams\nHanskhali/ZP-38\nBagula-II,Bagula-I,Ramnagar-Barachupria-\nII,Ramnagar-barachupria-II grams"", ""SC\nSC"", ""Women""]",data/wb/derived/nadia_2013_handbook/membership_visual_audit.json,228c0381abce0fa14d3f575f105e9c1bca2ccdb31b57677f7f5be6c2dd66a3d4,full_source_visual_review_single_assistant,
d3bb04f6a44147df0e9f,West Bengal,Nadia,2013,gp_block_membership,Hanskhali,Bagula-I,Hanskhali/ZP-38,38,1,data/wb/gp_source_search/historical_expansion/nadia_Panchayat_20General_20Election_20-_20final_20book_election_202013__cf50563e.pdf,238810badd4a39a733192c9c269ae3cea0171701253e159de32ae912c1211c43,74,0,1,2,"Hanskhali/ZP-38
Bagula-II,Bagula-I,Ramnagar-Barachupria-
II,Ramnagar-barachupria-II grams","[63.71999999999999, 195.8599999999999, 560.6200200000001, 364.24999499999996]","[192.98, 195.8599999999999, 399.910005, 364.24999499999996]","PDF points, top-left origin","[""Hanskhali"", ""3"", ""Hanskhali/ZP-36\nDakshinpara-II,Dakshinpara-I,Badkulla-\nII,Badkulla-I and Mamjoan grams\nHanskhali/ZP-37\nBetnagobindapur,Mayurhat-I,Mayurhat-II\nand Gazna grams\nHanskhali/ZP-38\nBagula-II,Bagula-I,Ramnagar-Barachupria-\nII,Ramnagar-barachupria-II grams"", ""SC\nSC"", ""Women""]",data/wb/derived/nadia_2013_handbook/membership_visual_audit.json,228c0381abce0fa14d3f575f105e9c1bca2ccdb31b57677f7f5be6c2dd66a3d4,full_source_visual_review_single_assistant,
fb6067b96117e7326f30,West Bengal,Nadia,2013,gp_block_membership,Hanskhali,Ramnagar-Barachupria-II,Hanskhali/ZP-38,38,2,data/wb/gp_source_search/historical_expansion/nadia_Panchayat_20General_20Election_20-_20final_20book_election_202013__cf50563e.pdf,238810badd4a39a733192c9c269ae3cea0171701253e159de32ae912c1211c43,74,0,1,2,"Hanskhali/ZP-38
Bagula-II,Bagula-I,Ramnagar-Barachupria-
II,Ramnagar-barachupria-II grams","[63.71999999999999, 195.8599999999999, 560.6200200000001, 364.24999499999996]","[192.98, 195.8599999999999, 399.910005, 364.24999499999996]","PDF points, top-left origin","[""Hanskhali"", ""3"", ""Hanskhali/ZP-36\nDakshinpara-II,Dakshinpara-I,Badkulla-\nII,Badkulla-I and Mamjoan grams\nHanskhali/ZP-37\nBetnagobindapur,Mayurhat-I,Mayurhat-II\nand Gazna grams\nHanskhali/ZP-38\nBagula-II,Bagula-I,Ramnagar-Barachupria-\nII,Ramnagar-barachupria-II grams"", ""SC\nSC"", ""Women""]",data/wb/derived/nadia_2013_handbook/membership_visual_audit.json,228c0381abce0fa14d3f575f105e9c1bca2ccdb31b57677f7f5be6c2dd66a3d4,full_source_visual_review_single_assistant,duplicate_gp_membership_printed_case_insensitive
445d36bfa78029176038,West Bengal,Nadia,2013,gp_block_membership,Hanskhali,Ramnagar-barachupria-II,Hanskhali/ZP-38,38,3,data/wb/gp_source_search/historical_expansion/nadia_Panchayat_20General_20Election_20-_20final_20book_election_202013__cf50563e.pdf,238810badd4a39a733192c9c269ae3cea0171701253e159de32ae912c1211c43,74,0,1,2,"Hanskhali/ZP-38
Bagula-II,Bagula-I,Ramnagar-Barachupria-
II,Ramnagar-barachupria-II grams","[63.71999999999999, 195.8599999999999, 560.6200200000001, 364.24999499999996]","[192.98, 195.8599999999999, 399.910005, 364.24999499999996]","PDF points, top-left origin","[""Hanskhali"", ""3"", ""Hanskhali/ZP-36\nDakshinpara-II,Dakshinpara-I,Badkulla-\nII,Badkulla-I and Mamjoan grams\nHanskhali/ZP-37\nBetnagobindapur,Mayurhat-I,Mayurhat-II\nand Gazna grams\nHanskhali/ZP-38\nBagula-II,Bagula-I,Ramnagar-Barachupria-\nII,Ramnagar-barachupria-II grams"", ""SC\nSC"", ""Women""]",data/wb/derived/nadia_2013_handbook/membership_visual_audit.json,228c0381abce0fa14d3f575f105e9c1bca2ccdb31b57677f7f5be6c2dd66a3d4,full_source_visual_review_single_assistant,duplicate_gp_membership_printed_case_insensitive
bcbd13e1ef3782f13ed5,West Bengal,Nadia,2013,gp_block_membership,Ranaghat-II,Aranghata,Ranaghat-II/ZP-39,39,0,data/wb/gp_source_search/historical_expansion/nadia_Panchayat_20General_20Election_20-_20final_20book_election_202013__cf50563e.pdf,238810badd4a39a733192c9c269ae3cea0171701253e159de32ae912c1211c43,74,0,2,0,"Ranaghat-II/ZP-39
Aranghata,bahirgachhi,Duttapulia and
Jugalkishore grams","[63.71999999999999, 364.24999499999996, 560.6200200000001, 499.029995]","[192.98, 364.24999499999996, 399.910005, 499.029995]","PDF points, top-left origin","[""Ranaghat-II"", ""3"", ""Ranaghat-II/ZP-39\nAranghata,bahirgachhi,Duttapulia and\nJugalkishore grams\nRanaghat-II/ZP-40\nRaghunathpur-Hijuli-\nII,kamalpur,Raghunathpur-Hijuli-I,Nokari\nand Shyamnagar grams\nRanaghat-II/ZP-41\nAnismali,Baidyapur-II,Baidyapur-\nI,Debagram and Majhergram grams"", ""ST"", ""Women\nWomen""]",data/wb/derived/nadia_2013_handbook/membership_visual_audit.json,228c0381abce0fa14d3f575f105e9c1bca2ccdb31b57677f7f5be6c2dd66a3d4,full_source_visual_review_single_assistant,
1a1ec7251f93099dc344,West Bengal,Nadia,2013,gp_block_membership,Ranaghat-II,bahirgachhi,Ranaghat-II/ZP-39,39,1,data/wb/gp_source_search/historical_expansion/nadia_Panchayat_20General_20Election_20-_20final_20book_election_202013__cf50563e.pdf,238810badd4a39a733192c9c269ae3cea0171701253e159de32ae912c1211c43,74,0,2,0,"Ranaghat-II/ZP-39
Aranghata,bahirgachhi,Duttapulia and
Jugalkishore grams","[63.71999999999999, 364.24999499999996, 560.6200200000001, 499.029995]","[192.98, 364.24999499999996, 399.910005, 499.029995]","PDF points, top-left origin","[""Ranaghat-II"", ""3"", ""Ranaghat-II/ZP-39\nAranghata,bahirgachhi,Duttapulia and\nJugalkishore grams\nRanaghat-II/ZP-40\nRaghunathpur-Hijuli-\nII,kamalpur,Raghunathpur-Hijuli-I,Nokari\nand Shyamnagar grams\nRanaghat-II/ZP-41\nAnismali,Baidyapur-II,Baidyapur-\nI,Debagram and Majhergram grams"", ""ST"", ""Women\nWomen""]",data/wb/derived/nadia_2013_handbook/membership_visual_audit.json,228c0381abce0fa14d3f575f105e9c1bca2ccdb31b57677f7f5be6c2dd66a3d4,full_source_visual_review_single_assistant,
7656fca1582547f2de8d,West Bengal,Nadia,2013,gp_block_membership,Ranaghat-II,Duttapulia,Ranaghat-II/ZP-39,39,2,data/wb/gp_source_search/historical_expansion/nadia_Panchayat_20General_20Election_20-_20final_20book_election_202013__cf50563e.pdf,238810badd4a39a733192c9c269ae3cea0171701253e159de32ae912c1211c43,74,0,2,0,"Ranaghat-II/ZP-39
Aranghata,bahirgachhi,Duttapulia and
Jugalkishore grams","[63.71999999999999, 364.24999499999996, 560.6200200000001, 499.029995]","[192.98, 364.24999499999996, 399.910005, 499.029995]","PDF points, top-left origin","[""Ranaghat-II"", ""3"", ""Ranaghat-II/ZP-39\nAranghata,bahirgachhi,Duttapulia and\nJugalkishore grams\nRanaghat-II/ZP-40\nRaghunathpur-Hijuli-\nII,kamalpur,Raghunathpur-Hijuli-I,Nokari\nand Shyamnagar grams\nRanaghat-II/ZP-41\nAnismali,Baidyapur-II,Baidyapur-\nI,Debagram and Majhergram grams"", ""ST"", ""Women\nWomen""]",data/wb/derived/nadia_2013_handbook/membership_visual_audit.json,228c0381abce0fa14d3f575f105e9c1bca2ccdb31b57677f7f5be6c2dd66a3d4,full_source_visual_review_single_assistant,
ca9bc54abea6cf2691d0,West Bengal,Nadia,2013,gp_block_membership,Ranaghat-II,Jugalkishore,Ranaghat-II/ZP-39,39,3,data/wb/gp_source_search/historical_expansion/nadia_Panchayat_20General_20Election_20-_20final_20book_election_202013__cf50563e.pdf,238810badd4a39a733192c9c269ae3cea0171701253e159de32ae912c1211c43,74,0,2,0,"Ranaghat-II/ZP-39
Aranghata,bahirgachhi,Duttapulia and
Jugalkishore grams","[63.71999999999999, 364.24999499999996, 560.6200200000001, 499.029995]","[192.98, 364.24999499999996, 399.910005, 499.029995]","PDF points, top-left origin","[""Ranaghat-II"", ""3"", ""Ranaghat-II/ZP-39\nAranghata,bahirgachhi,Duttapulia and\nJugalkishore grams\nRanaghat-II/ZP-40\nRaghunathpur-Hijuli-\nII,kamalpur,Raghunathpur-Hijuli-I,Nokari\nand Shyamnagar grams\nRanaghat-II/ZP-41\nAnismali,Baidyapur-II,Baidyapur-\nI,Debagram and Majhergram grams"", ""ST"", ""Women\nWomen""]",data/wb/derived/nadia_2013_handbook/membership_visual_audit.json,228c0381abce0fa14d3f575f105e9c1bca2ccdb31b57677f7f5be6c2dd66a3d4,full_source_visual_review_single_assistant,
5a6263d7a1799e35ada2,West Bengal,Nadia,2013,gp_block_membership,Ranaghat-II,Raghunathpur-Hijuli-II,Ranaghat-II/ZP-40,40,0,data/wb/gp_source_search/historical_expansion/nadia_Panchayat_20General_20Election_20-_20final_20book_election_202013__cf50563e.pdf,238810badd4a39a733192c9c269ae3cea0171701253e159de32ae912c1211c43,74,0,2,1,"Ranaghat-II/ZP-40
Raghunathpur-Hijuli-
II,kamalpur,Raghunathpur-Hijuli-I,Nokari
and Shyamnagar grams","[63.71999999999999, 364.24999499999996, 560.6200200000001, 499.029995]","[192.98, 364.24999499999996, 399.910005, 499.029995]","PDF points, top-left origin","[""Ranaghat-II"", ""3"", ""Ranaghat-II/ZP-39\nAranghata,bahirgachhi,Duttapulia and\nJugalkishore grams\nRanaghat-II/ZP-40\nRaghunathpur-Hijuli-\nII,kamalpur,Raghunathpur-Hijuli-I,Nokari\nand Shyamnagar grams\nRanaghat-II/ZP-41\nAnismali,Baidyapur-II,Baidyapur-\nI,Debagram and Majhergram grams"", ""ST"", ""Women\nWomen""]",data/wb/derived/nadia_2013_handbook/membership_visual_audit.json,228c0381abce0fa14d3f575f105e9c1bca2ccdb31b57677f7f5be6c2dd66a3d4,full_source_visual_review_single_assistant,
9d88321189c2dab65e9d,West Bengal,Nadia,2013,gp_block_membership,Ranaghat-II,kamalpur,Ranaghat-II/ZP-40,40,1,data/wb/gp_source_search/historical_expansion/nadia_Panchayat_20General_20Election_20-_20final_20book_election_202013__cf50563e.pdf,238810badd4a39a733192c9c269ae3cea0171701253e159de32ae912c1211c43,74,0,2,1,"Ranaghat-II/ZP-40
Raghunathpur-Hijuli-
II,kamalpur,Raghunathpur-Hijuli-I,Nokari
and Shyamnagar grams","[63.71999999999999, 364.24999499999996, 560.6200200000001, 499.029995]","[192.98, 364.24999499999996, 399.910005, 499.029995]","PDF points, top-left origin","[""Ranaghat-II"", ""3"", ""Ranaghat-II/ZP-39\nAranghata,bahirgachhi,Duttapulia and\nJugalkishore grams\nRanaghat-II/ZP-40\nRaghunathpur-Hijuli-\nII,kamalpur,Raghunathpur-Hijuli-I,Nokari\nand Shyamnagar grams\nRanaghat-II/ZP-41\nAnismali,Baidyapur-II,Baidyapur-\nI,Debagram and Majhergram grams"", ""ST"", ""Women\nWomen""]",data/wb/derived/nadia_2013_handbook/membership_visual_audit.json,228c0381abce0fa14d3f575f105e9c1bca2ccdb31b57677f7f5be6c2dd66a3d4,full_source_visual_review_single_assistant,
fea80fd28cd0d92fe4a7,West Bengal,Nadia,2013,gp_block_membership,Ranaghat-II,Raghunathpur-Hijuli-I,Ranaghat-II/ZP-40,40,2,data/wb/gp_source_search/historical_expansion/nadia_Panchayat_20General_20Election_20-_20final_20book_election_202013__cf50563e.pdf,238810badd4a39a733192c9c269ae3cea0171701253e159de32ae912c1211c43,74,0,2,1,"Ranaghat-II/ZP-40
Raghunathpur-Hijuli-
II,kamalpur,Raghunathpur-Hijuli-I,Nokari
and Shyamnagar grams","[63.71999999999999, 364.24999499999996, 560.6200200000001, 499.029995]","[192.98, 364.24999499999996, 399.910005, 499.029995]","PDF points, top-left origin","[""Ranaghat-II"", ""3"", ""Ranaghat-II/ZP-39\nAranghata,bahirgachhi,Duttapulia and\nJugalkishore grams\nRanaghat-II/ZP-40\nRaghunathpur-Hijuli-\nII,kamalpur,Raghunathpur-Hijuli-I,Nokari\nand Shyamnagar grams\nRanaghat-II/ZP-41\nAnismali,Baidyapur-II,Baidyapur-\nI,Debagram and Majhergram grams"", ""ST"", ""Women\nWomen""]",data/wb/derived/nadia_2013_handbook/membership_visual_audit.json,228c0381abce0fa14d3f575f105e9c1bca2ccdb31b57677f7f5be6c2dd66a3d4,full_source_visual_review_single_assistant,
70103feb5a5c141e19c6,West Bengal,Nadia,2013,gp_block_membership,Ranaghat-II,Nokari,Ranaghat-II/ZP-40,40,3,data/wb/gp_source_search/historical_expansion/nadia_Panchayat_20General_20Election_20-_20final_20book_election_202013__cf50563e.pdf,238810badd4a39a733192c9c269ae3cea0171701253e159de32ae912c1211c43,74,0,2,1,"Ranaghat-II/ZP-40
Raghunathpur-Hijuli-
II,kamalpur,Raghunathpur-Hijuli-I,Nokari
and Shyamnagar grams","[63.71999999999999, 364.24999499999996, 560.6200200000001, 499.029995]","[192.98, 364.24999499999996, 399.910005, 499.029995]","PDF points, top-left origin","[""Ranaghat-II"", ""3"", ""Ranaghat-II/ZP-39\nAranghata,bahirgachhi,Duttapulia and\nJugalkishore grams\nRanaghat-II/ZP-40\nRaghunathpur-Hijuli-\nII,kamalpur,Raghunathpur-Hijuli-I,Nokari\nand Shyamnagar grams\nRanaghat-II/ZP-41\nAnismali,Baidyapur-II,Baidyapur-\nI,Debagram and Majhergram grams"", ""ST"", ""Women\nWomen""]",data/wb/derived/nadia_2013_handbook/membership_visual_audit.json,228c0381abce0fa14d3f575f105e9c1bca2ccdb31b57677f7f5be6c2dd66a3d4,full_source_visual_review_single_assistant,
a98aa25a2df63ac700c7,West Bengal,Nadia,2013,gp_block_membership,Ranaghat-II,Shyamnagar,Ranaghat-II/ZP-40,40,4,data/wb/gp_source_search/historical_expansion/nadia_Panchayat_20General_20Election_20-_20final_20book_election_202013__cf50563e.pdf,238810badd4a39a733192c9c269ae3cea0171701253e159de32ae912c1211c43,74,0,2,1,"Ranaghat-II/ZP-40
Raghunathpur-Hijuli-
II,kamalpur,Raghunathpur-Hijuli-I,Nokari
and Shyamnagar grams","[63.71999999999999, 364.24999499999996, 560.6200200000001, 499.029995]","[192.98, 364.24999499999996, 399.910005, 499.029995]","PDF points, top-left origin","[""Ranaghat-II"", ""3"", ""Ranaghat-II/ZP-39\nAranghata,bahirgachhi,Duttapulia and\nJugalkishore grams\nRanaghat-II/ZP-40\nRaghunathpur-Hijuli-\nII,kamalpur,Raghunathpur-Hijuli-I,Nokari\nand Shyamnagar grams\nRanaghat-II/ZP-41\nAnismali,Baidyapur-II,Baidyapur-\nI,Debagram and Majhergram grams"", ""ST"", ""Women\nWomen""]",data/wb/derived/nadia_2013_handbook/membership_visual_audit.json,228c0381abce0fa14d3f575f105e9c1bca2ccdb31b57677f7f5be6c2dd66a3d4,full_source_visual_review_single_assistant,same_gp_name_printed_in_multiple_blocks
a09a0e95f40235228486,West Bengal,Nadia,2013,gp_block_membership,Ranaghat-II,Anismali,Ranaghat-II/ZP-41,41,0,data/wb/gp_source_search/historical_expansion/nadia_Panchayat_20General_20Election_20-_20final_20book_election_202013__cf50563e.pdf,238810badd4a39a733192c9c269ae3cea0171701253e159de32ae912c1211c43,74,0,2,2,"Ranaghat-II/ZP-41
Anismali,Baidyapur-II,Baidyapur-
I,Debagram and Majhergram grams","[63.71999999999999, 364.24999499999996, 560.6200200000001, 499.029995]","[192.98, 364.24999499999996, 399.910005, 499.029995]","PDF points, top-left origin","[""Ranaghat-II"", ""3"", ""Ranaghat-II/ZP-39\nAranghata,bahirgachhi,Duttapulia and\nJugalkishore grams\nRanaghat-II/ZP-40\nRaghunathpur-Hijuli-\nII,kamalpur,Raghunathpur-Hijuli-I,Nokari\nand Shyamnagar grams\nRanaghat-II/ZP-41\nAnismali,Baidyapur-II,Baidyapur-\nI,Debagram and Majhergram grams"", ""ST"", ""Women\nWomen""]",data/wb/derived/nadia_2013_handbook/membership_visual_audit.json,228c0381abce0fa14d3f575f105e9c1bca2ccdb31b57677f7f5be6c2dd66a3d4,full_source_visual_review_single_assistant,
953a1f29e4876b206f99,West Bengal,Nadia,2013,gp_block_membership,Ranaghat-II,Baidyapur-II,Ranaghat-II/ZP-41,41,1,data/wb/gp_source_search/historical_expansion/nadia_Panchayat_20General_20Election_20-_20final_20book_election_202013__cf50563e.pdf,238810badd4a39a733192c9c269ae3cea0171701253e159de32ae912c1211c43,74,0,2,2,"Ranaghat-II/ZP-41
Anismali,Baidyapur-II,Baidyapur-
I,Debagram and Majhergram grams","[63.71999999999999, 364.24999499999996, 560.6200200000001, 499.029995]","[192.98, 364.24999499999996, 399.910005, 499.029995]","PDF points, top-left origin","[""Ranaghat-II"", ""3"", ""Ranaghat-II/ZP-39\nAranghata,bahirgachhi,Duttapulia and\nJugalkishore grams\nRanaghat-II/ZP-40\nRaghunathpur-Hijuli-\nII,kamalpur,Raghunathpur-Hijuli-I,Nokari\nand Shyamnagar grams\nRanaghat-II/ZP-41\nAnismali,Baidyapur-II,Baidyapur-\nI,Debagram and Majhergram grams"", ""ST"", ""Women\nWomen""]",data/wb/derived/nadia_2013_handbook/membership_visual_audit.json,228c0381abce0fa14d3f575f105e9c1bca2ccdb31b57677f7f5be6c2dd66a3d4,full_source_visual_review_single_assistant,
d2c96e045fa47e84ecf6,West Bengal,Nadia,2013,gp_block_membership,Ranaghat-II,Baidyapur-I,Ranaghat-II/ZP-41,41,2,data/wb/gp_source_search/historical_expansion/nadia_Panchayat_20General_20Election_20-_20final_20book_election_202013__cf50563e.pdf,238810badd4a39a733192c9c269ae3cea0171701253e159de32ae912c1211c43,74,0,2,2,"Ranaghat-II/ZP-41
Anismali,Baidyapur-II,Baidyapur-
I,Debagram and Majhergram grams","[63.71999999999999, 364.24999499999996, 560.6200200000001, 499.029995]","[192.98, 364.24999499999996, 399.910005, 499.029995]","PDF points, top-left origin","[""Ranaghat-II"", ""3"", ""Ranaghat-II/ZP-39\nAranghata,bahirgachhi,Duttapulia and\nJugalkishore grams\nRanaghat-II/ZP-40\nRaghunathpur-Hijuli-\nII,kamalpur,Raghunathpur-Hijuli-I,Nokari\nand Shyamnagar grams\nRanaghat-II/ZP-41\nAnismali,Baidyapur-II,Baidyapur-\nI,Debagram and Majhergram grams"", ""ST"", ""Women\nWomen""]",data/wb/derived/nadia_2013_handbook/membership_visual_audit.json,228c0381abce0fa14d3f575f105e9c1bca2ccdb31b57677f7f5be6c2dd66a3d4,full_source_visual_review_single_assistant,
f98611c872b90d23733a,West Bengal,Nadia,2013,gp_block_membership,Ranaghat-II,Debagram,Ranaghat-II/ZP-41,41,3,data/wb/gp_source_search/historical_expansion/nadia_Panchayat_20General_20Election_20-_20final_20book_election_202013__cf50563e.pdf,238810badd4a39a733192c9c269ae3cea0171701253e159de32ae912c1211c43,74,0,2,2,"Ranaghat-II/ZP-41
Anismali,Baidyapur-II,Baidyapur-
I,Debagram and Majhergram grams","[63.71999999999999, 364.24999499999996, 560.6200200000001, 499.029995]","[192.98, 364.24999499999996, 399.910005, 499.029995]","PDF points, top-left origin","[""Ranaghat-II"", ""3"", ""Ranaghat-II/ZP-39\nAranghata,bahirgachhi,Duttapulia and\nJugalkishore grams\nRanaghat-II/ZP-40\nRaghunathpur-Hijuli-\nII,kamalpur,Raghunathpur-Hijuli-I,Nokari\nand Shyamnagar grams\nRanaghat-II/ZP-41\nAnismali,Baidyapur-II,Baidyapur-\nI,Debagram and Majhergram grams"", ""ST"", ""Women\nWomen""]",data/wb/derived/nadia_2013_handbook/membership_visual_audit.json,228c0381abce0fa14d3f575f105e9c1bca2ccdb31b57677f7f5be6c2dd66a3d4,full_source_visual_review_single_assistant,same_gp_name_printed_in_multiple_blocks
cfe7faea37892543d321,West Bengal,Nadia,2013,gp_block_membership,Ranaghat-II,Majhergram,Ranaghat-II/ZP-41,41,4,data/wb/gp_source_search/historical_expansion/nadia_Panchayat_20General_20Election_20-_20final_20book_election_202013__cf50563e.pdf,238810badd4a39a733192c9c269ae3cea0171701253e159de32ae912c1211c43,74,0,2,2,"Ranaghat-II/ZP-41
Anismali,Baidyapur-II,Baidyapur-
I,Debagram and Majhergram grams","[63.71999999999999, 364.24999499999996, 560.6200200000001, 499.029995]","[192.98, 364.24999499999996, 399.910005, 499.029995]","PDF points, top-left origin","[""Ranaghat-II"", ""3"", ""Ranaghat-II/ZP-39\nAranghata,bahirgachhi,Duttapulia and\nJugalkishore grams\nRanaghat-II/ZP-40\nRaghunathpur-Hijuli-\nII,kamalpur,Raghunathpur-Hijuli-I,Nokari\nand Shyamnagar grams\nRanaghat-II/ZP-41\nAnismali,Baidyapur-II,Baidyapur-\nI,Debagram and Majhergram grams"", ""ST"", ""Women\nWomen""]",data/wb/derived/nadia_2013_handbook/membership_visual_audit.json,228c0381abce0fa14d3f575f105e9c1bca2ccdb31b57677f7f5be6c2dd66a3d4,full_source_visual_review_single_assistant,same_gp_name_printed_in_multiple_blocks
3150add58440e8376d9a,West Bengal,Nadia,2013,gp_block_membership,Chakdaha,Chanduria-I,Chakdaha/ZP-42,42,0,data/wb/gp_source_search/historical_expansion/nadia_Panchayat_20General_20Election_20-_20final_20book_election_202013__cf50563e.pdf,238810badd4a39a733192c9c269ae3cea0171701253e159de32ae912c1211c43,74,0,3,0,"Chakdaha/ZP-42
Chanduria-I,Tatla-I,Dubra,Tatla-II,Rautari
and Chanduria-II grams","[63.71999999999999, 499.029995, 560.6200200000001, 622.51001]","[192.98, 499.029995, 399.910005, 622.51001]","PDF points, top-left origin","[""Chakdaha"", ""3"", ""Chakdaha/ZP-42\nChanduria-I,Tatla-I,Dubra,Tatla-II,Rautari\nand Chanduria-II grams\nChakdaha/ZP-43\nSilinda-I,Ghetugachhi,Silinda-II,Hingnara\nand Dewli grams\nChakdaha/ZP-44\nMadanpur-I, Simurali,Saguna,Madanpur-\nII,Sarati and Kanchrapara grams"", ""SC\nSC"", ""Women\nWomen""]",data/wb/derived/nadia_2013_handbook/membership_visual_audit.json,228c0381abce0fa14d3f575f105e9c1bca2ccdb31b57677f7f5be6c2dd66a3d4,full_source_visual_review_single_assistant,
0b17784123318d29754a,West Bengal,Nadia,2013,gp_block_membership,Chakdaha,Tatla-I,Chakdaha/ZP-42,42,1,data/wb/gp_source_search/historical_expansion/nadia_Panchayat_20General_20Election_20-_20final_20book_election_202013__cf50563e.pdf,238810badd4a39a733192c9c269ae3cea0171701253e159de32ae912c1211c43,74,0,3,0,"Chakdaha/ZP-42
Chanduria-I,Tatla-I,Dubra,Tatla-II,Rautari
and Chanduria-II grams","[63.71999999999999, 499.029995, 560.6200200000001, 622.51001]","[192.98, 499.029995, 399.910005, 622.51001]","PDF points, top-left origin","[""Chakdaha"", ""3"", ""Chakdaha/ZP-42\nChanduria-I,Tatla-I,Dubra,Tatla-II,Rautari\nand Chanduria-II grams\nChakdaha/ZP-43\nSilinda-I,Ghetugachhi,Silinda-II,Hingnara\nand Dewli grams\nChakdaha/ZP-44\nMadanpur-I, Simurali,Saguna,Madanpur-\nII,Sarati and Kanchrapara grams"", ""SC\nSC"", ""Women\nWomen""]",data/wb/derived/nadia_2013_handbook/membership_visual_audit.json,228c0381abce0fa14d3f575f105e9c1bca2ccdb31b57677f7f5be6c2dd66a3d4,full_source_visual_review_single_assistant,
76fb8ec00222f4694484,West Bengal,Nadia,2013,gp_block_membership,Chakdaha,Dubra,Chakdaha/ZP-42,42,2,data/wb/gp_source_search/historical_expansion/nadia_Panchayat_20General_20Election_20-_20final_20book_election_202013__cf50563e.pdf,238810badd4a39a733192c9c269ae3cea0171701253e159de32ae912c1211c43,74,0,3,0,"Chakdaha/ZP-42
Chanduria-I,Tatla-I,Dubra,Tatla-II,Rautari
and Chanduria-II grams","[63.71999999999999, 499.029995, 560.6200200000001, 622.51001]","[192.98, 499.029995, 399.910005, 622.51001]","PDF points, top-left origin","[""Chakdaha"", ""3"", ""Chakdaha/ZP-42\nChanduria-I,Tatla-I,Dubra,Tatla-II,Rautari\nand Chanduria-II grams\nChakdaha/ZP-43\nSilinda-I,Ghetugachhi,Silinda-II,Hingnara\nand Dewli grams\nChakdaha/ZP-44\nMadanpur-I, Simurali,Saguna,Madanpur-\nII,Sarati and Kanchrapara grams"", ""SC\nSC"", ""Women\nWomen""]",data/wb/derived/nadia_2013_handbook/membership_visual_audit.json,228c0381abce0fa14d3f575f105e9c1bca2ccdb31b57677f7f5be6c2dd66a3d4,full_source_visual_review_single_assistant,
dbd8a3b9e4e8f1b88d39,West Bengal,Nadia,2013,gp_block_membership,Chakdaha,Tatla-II,Chakdaha/ZP-42,42,3,data/wb/gp_source_search/historical_expansion/nadia_Panchayat_20General_20Election_20-_20final_20book_election_202013__cf50563e.pdf,238810badd4a39a733192c9c269ae3cea0171701253e159de32ae912c1211c43,74,0,3,0,"Chakdaha/ZP-42
Chanduria-I,Tatla-I,Dubra,Tatla-II,Rautari
and Chanduria-II grams","[63.71999999999999, 499.029995, 560.6200200000001, 622.51001]","[192.98, 499.029995, 399.910005, 622.51001]","PDF points, top-left origin","[""Chakdaha"", ""3"", ""Chakdaha/ZP-42\nChanduria-I,Tatla-I,Dubra,Tatla-II,Rautari\nand Chanduria-II grams\nChakdaha/ZP-43\nSilinda-I,Ghetugachhi,Silinda-II,Hingnara\nand Dewli grams\nChakdaha/ZP-44\nMadanpur-I, Simurali,Saguna,Madanpur-\nII,Sarati and Kanchrapara grams"", ""SC\nSC"", ""Women\nWomen""]",data/wb/derived/nadia_2013_handbook/membership_visual_audit.json,228c0381abce0fa14d3f575f105e9c1bca2ccdb31b57677f7f5be6c2dd66a3d4,full_source_visual_review_single_assistant,
e3603a5f46786914c461,West Bengal,Nadia,2013,gp_block_membership,Chakdaha,Rautari,Chakdaha/ZP-42,42,4,data/wb/gp_source_search/historical_expansion/nadia_Panchayat_20General_20Election_20-_20final_20book_election_202013__cf50563e.pdf,238810badd4a39a733192c9c269ae3cea0171701253e159de32ae912c1211c43,74,0,3,0,"Chakdaha/ZP-42
Chanduria-I,Tatla-I,Dubra,Tatla-II,Rautari
and Chanduria-II grams","[63.71999999999999, 499.029995, 560.6200200000001, 622.51001]","[192.98, 499.029995, 399.910005, 622.51001]","PDF points, top-left origin","[""Chakdaha"", ""3"", ""Chakdaha/ZP-42\nChanduria-I,Tatla-I,Dubra,Tatla-II,Rautari\nand Chanduria-II grams\nChakdaha/ZP-43\nSilinda-I,Ghetugachhi,Silinda-II,Hingnara\nand Dewli grams\nChakdaha/ZP-44\nMadanpur-I, Simurali,Saguna,Madanpur-\nII,Sarati and Kanchrapara grams"", ""SC\nSC"", ""Women\nWomen""]",data/wb/derived/nadia_2013_handbook/membership_visual_audit.json,228c0381abce0fa14d3f575f105e9c1bca2ccdb31b57677f7f5be6c2dd66a3d4,full_source_visual_review_single_assistant,
ceef89e072adc640a4a0,West Bengal,Nadia,2013,gp_block_membership,Chakdaha,Chanduria-II,Chakdaha/ZP-42,42,5,data/wb/gp_source_search/historical_expansion/nadia_Panchayat_20General_20Election_20-_20final_20book_election_202013__cf50563e.pdf,238810badd4a39a733192c9c269ae3cea0171701253e159de32ae912c1211c43,74,0,3,0,"Chakdaha/ZP-42
Chanduria-I,Tatla-I,Dubra,Tatla-II,Rautari
and Chanduria-II grams","[63.71999999999999, 499.029995, 560.6200200000001, 622.51001]","[192.98, 499.029995, 399.910005, 622.51001]","PDF points, top-left origin","[""Chakdaha"", ""3"", ""Chakdaha/ZP-42\nChanduria-I,Tatla-I,Dubra,Tatla-II,Rautari\nand Chanduria-II grams\nChakdaha/ZP-43\nSilinda-I,Ghetugachhi,Silinda-II,Hingnara\nand Dewli grams\nChakdaha/ZP-44\nMadanpur-I, Simurali,Saguna,Madanpur-\nII,Sarati and Kanchrapara grams"", ""SC\nSC"", ""Women\nWomen""]",data/wb/derived/nadia_2013_handbook/membership_visual_audit.json,228c0381abce0fa14d3f575f105e9c1bca2ccdb31b57677f7f5be6c2dd66a3d4,full_source_visual_review_single_assistant,
f37c72357fe9681eb30a,West Bengal,Nadia,2013,gp_block_membership,Chakdaha,Silinda-I,Chakdaha/ZP-43,43,0,data/wb/gp_source_search/historical_expansion/nadia_Panchayat_20General_20Election_20-_20final_20book_election_202013__cf50563e.pdf,238810badd4a39a733192c9c269ae3cea0171701253e159de32ae912c1211c43,74,0,3,1,"Chakdaha/ZP-43
Silinda-I,Ghetugachhi,Silinda-II,Hingnara
and Dewli grams","[63.71999999999999, 499.029995, 560.6200200000001, 622.51001]","[192.98, 499.029995, 399.910005, 622.51001]","PDF points, top-left origin","[""Chakdaha"", ""3"", ""Chakdaha/ZP-42\nChanduria-I,Tatla-I,Dubra,Tatla-II,Rautari\nand Chanduria-II grams\nChakdaha/ZP-43\nSilinda-I,Ghetugachhi,Silinda-II,Hingnara\nand Dewli grams\nChakdaha/ZP-44\nMadanpur-I, Simurali,Saguna,Madanpur-\nII,Sarati and Kanchrapara grams"", ""SC\nSC"", ""Women\nWomen""]",data/wb/derived/nadia_2013_handbook/membership_visual_audit.json,228c0381abce0fa14d3f575f105e9c1bca2ccdb31b57677f7f5be6c2dd66a3d4,full_source_visual_review_single_assistant,
e3047031b8c3444a93a7,West Bengal,Nadia,2013,gp_block_membership,Chakdaha,Ghetugachhi,Chakdaha/ZP-43,43,1,data/wb/gp_source_search/historical_expansion/nadia_Panchayat_20General_20Election_20-_20final_20book_election_202013__cf50563e.pdf,238810badd4a39a733192c9c269ae3cea0171701253e159de32ae912c1211c43,74,0,3,1,"Chakdaha/ZP-43
Silinda-I,Ghetugachhi,Silinda-II,Hingnara
and Dewli grams","[63.71999999999999, 499.029995, 560.6200200000001, 622.51001]","[192.98, 499.029995, 399.910005, 622.51001]","PDF points, top-left origin","[""Chakdaha"", ""3"", ""Chakdaha/ZP-42\nChanduria-I,Tatla-I,Dubra,Tatla-II,Rautari\nand Chanduria-II grams\nChakdaha/ZP-43\nSilinda-I,Ghetugachhi,Silinda-II,Hingnara\nand Dewli grams\nChakdaha/ZP-44\nMadanpur-I, Simurali,Saguna,Madanpur-\nII,Sarati and Kanchrapara grams"", ""SC\nSC"", ""Women\nWomen""]",data/wb/derived/nadia_2013_handbook/membership_visual_audit.json,228c0381abce0fa14d3f575f105e9c1bca2ccdb31b57677f7f5be6c2dd66a3d4,full_source_visual_review_single_assistant,
7e6211f2857f6535b2fe,West Bengal,Nadia,2013,gp_block_membership,Chakdaha,Silinda-II,Chakdaha/ZP-43,43,2,data/wb/gp_source_search/historical_expansion/nadia_Panchayat_20General_20Election_20-_20final_20book_election_202013__cf50563e.pdf,238810badd4a39a733192c9c269ae3cea0171701253e159de32ae912c1211c43,74,0,3,1,"Chakdaha/ZP-43
Silinda-I,Ghetugachhi,Silinda-II,Hingnara
and Dewli grams","[63.71999999999999, 499.029995, 560.6200200000001, 622.51001]","[192.98, 499.029995, 399.910005, 622.51001]","PDF points, top-left origin","[""Chakdaha"", ""3"", ""Chakdaha/ZP-42\nChanduria-I,Tatla-I,Dubra,Tatla-II,Rautari\nand Chanduria-II grams\nChakdaha/ZP-43\nSilinda-I,Ghetugachhi,Silinda-II,Hingnara\nand Dewli grams\nChakdaha/ZP-44\nMadanpur-I, Simurali,Saguna,Madanpur-\nII,Sarati and Kanchrapara grams"", ""SC\nSC"", ""Women\nWomen""]",data/wb/derived/nadia_2013_handbook/membership_visual_audit.json,228c0381abce0fa14d3f575f105e9c1bca2ccdb31b57677f7f5be6c2dd66a3d4,full_source_visual_review_single_assistant,
384834255c6a792d0846,West Bengal,Nadia,2013,gp_block_membership,Chakdaha,Hingnara,Chakdaha/ZP-43,43,3,data/wb/gp_source_search/historical_expansion/nadia_Panchayat_20General_20Election_20-_20final_20book_election_202013__cf50563e.pdf,238810badd4a39a733192c9c269ae3cea0171701253e159de32ae912c1211c43,74,0,3,1,"Chakdaha/ZP-43
Silinda-I,Ghetugachhi,Silinda-II,Hingnara
and Dewli grams","[63.71999999999999, 499.029995, 560.6200200000001, 622.51001]","[192.98, 499.029995, 399.910005, 622.51001]","PDF points, top-left origin","[""Chakdaha"", ""3"", ""Chakdaha/ZP-42\nChanduria-I,Tatla-I,Dubra,Tatla-II,Rautari\nand Chanduria-II grams\nChakdaha/ZP-43\nSilinda-I,Ghetugachhi,Silinda-II,Hingnara\nand Dewli grams\nChakdaha/ZP-44\nMadanpur-I, Simurali,Saguna,Madanpur-\nII,Sarati and Kanchrapara grams"", ""SC\nSC"", ""Women\nWomen""]",data/wb/derived/nadia_2013_handbook/membership_visual_audit.json,228c0381abce0fa14d3f575f105e9c1bca2ccdb31b57677f7f5be6c2dd66a3d4,full_source_visual_review_single_assistant,
7663e95ed09c94696b17,West Bengal,Nadia,2013,gp_block_membership,Chakdaha,Dewli,Chakdaha/ZP-43,43,4,data/wb/gp_source_search/historical_expansion/nadia_Panchayat_20General_20Election_20-_20final_20book_election_202013__cf50563e.pdf,238810badd4a39a733192c9c269ae3cea0171701253e159de32ae912c1211c43,74,0,3,1,"Chakdaha/ZP-43
Silinda-I,Ghetugachhi,Silinda-II,Hingnara
and Dewli grams","[63.71999999999999, 499.029995, 560.6200200000001, 622.51001]","[192.98, 499.029995, 399.910005, 622.51001]","PDF points, top-left origin","[""Chakdaha"", ""3"", ""Chakdaha/ZP-42\nChanduria-I,Tatla-I,Dubra,Tatla-II,Rautari\nand Chanduria-II grams\nChakdaha/ZP-43\nSilinda-I,Ghetugachhi,Silinda-II,Hingnara\nand Dewli grams\nChakdaha/ZP-44\nMadanpur-I, Simurali,Saguna,Madanpur-\nII,Sarati and Kanchrapara grams"", ""SC\nSC"", ""Women\nWomen""]",data/wb/derived/nadia_2013_handbook/membership_visual_audit.json,228c0381abce0fa14d3f575f105e9c1bca2ccdb31b57677f7f5be6c2dd66a3d4,full_source_visual_review_single_assistant,
39ab5d6ef46c365a1db4,West Bengal,Nadia,2013,gp_block_membership,Chakdaha,Madanpur-I,Chakdaha/ZP-44,44,0,data/wb/gp_source_search/historical_expansion/nadia_Panchayat_20General_20Election_20-_20final_20book_election_202013__cf50563e.pdf,238810badd4a39a733192c9c269ae3cea0171701253e159de32ae912c1211c43,74,0,3,2,"Chakdaha/ZP-44
Madanpur-I, Simurali,Saguna,Madanpur-
II,Sarati and Kanchrapara grams","[63.71999999999999, 499.029995, 560.6200200000001, 622.51001]","[192.98, 499.029995, 399.910005, 622.51001]","PDF points, top-left origin","[""Chakdaha"", ""3"", ""Chakdaha/ZP-42\nChanduria-I,Tatla-I,Dubra,Tatla-II,Rautari\nand Chanduria-II grams\nChakdaha/ZP-43\nSilinda-I,Ghetugachhi,Silinda-II,Hingnara\nand Dewli grams\nChakdaha/ZP-44\nMadanpur-I, Simurali,Saguna,Madanpur-\nII,Sarati and Kanchrapara grams"", ""SC\nSC"", ""Women\nWomen""]",data/wb/derived/nadia_2013_handbook/membership_visual_audit.json,228c0381abce0fa14d3f575f105e9c1bca2ccdb31b57677f7f5be6c2dd66a3d4,full_source_visual_review_single_assistant,
db653c7d44e8b8b17ca9,West Bengal,Nadia,2013,gp_block_membership,Chakdaha,Simurali,Chakdaha/ZP-44,44,1,data/wb/gp_source_search/historical_expansion/nadia_Panchayat_20General_20Election_20-_20final_20book_election_202013__cf50563e.pdf,238810badd4a39a733192c9c269ae3cea0171701253e159de32ae912c1211c43,74,0,3,2,"Chakdaha/ZP-44
Madanpur-I, Simurali,Saguna,Madanpur-
II,Sarati and Kanchrapara grams","[63.71999999999999, 499.029995, 560.6200200000001, 622.51001]","[192.98, 499.029995, 399.910005, 622.51001]","PDF points, top-left origin","[""Chakdaha"", ""3"", ""Chakdaha/ZP-42\nChanduria-I,Tatla-I,Dubra,Tatla-II,Rautari\nand Chanduria-II grams\nChakdaha/ZP-43\nSilinda-I,Ghetugachhi,Silinda-II,Hingnara\nand Dewli grams\nChakdaha/ZP-44\nMadanpur-I, Simurali,Saguna,Madanpur-\nII,Sarati and Kanchrapara grams"", ""SC\nSC"", ""Women\nWomen""]",data/wb/derived/nadia_2013_handbook/membership_visual_audit.json,228c0381abce0fa14d3f575f105e9c1bca2ccdb31b57677f7f5be6c2dd66a3d4,full_source_visual_review_single_assistant,
326bbda0b08d8680b322,West Bengal,Nadia,2013,gp_block_membership,Chakdaha,Saguna,Chakdaha/ZP-44,44,2,data/wb/gp_source_search/historical_expansion/nadia_Panchayat_20General_20Election_20-_20final_20book_election_202013__cf50563e.pdf,238810badd4a39a733192c9c269ae3cea0171701253e159de32ae912c1211c43,74,0,3,2,"Chakdaha/ZP-44
Madanpur-I, Simurali,Saguna,Madanpur-
II,Sarati and Kanchrapara grams","[63.71999999999999, 499.029995, 560.6200200000001, 622.51001]","[192.98, 499.029995, 399.910005, 622.51001]","PDF points, top-left origin","[""Chakdaha"", ""3"", ""Chakdaha/ZP-42\nChanduria-I,Tatla-I,Dubra,Tatla-II,Rautari\nand Chanduria-II grams\nChakdaha/ZP-43\nSilinda-I,Ghetugachhi,Silinda-II,Hingnara\nand Dewli grams\nChakdaha/ZP-44\nMadanpur-I, Simurali,Saguna,Madanpur-\nII,Sarati and Kanchrapara grams"", ""SC\nSC"", ""Women\nWomen""]",data/wb/derived/nadia_2013_handbook/membership_visual_audit.json,228c0381abce0fa14d3f575f105e9c1bca2ccdb31b57677f7f5be6c2dd66a3d4,full_source_visual_review_single_assistant,
ad0918fcf851ba3b8d89,West Bengal,Nadia,2013,gp_block_membership,Chakdaha,Madanpur-II,Chakdaha/ZP-44,44,3,data/wb/gp_source_search/historical_expansion/nadia_Panchayat_20General_20Election_20-_20final_20book_election_202013__cf50563e.pdf,238810badd4a39a733192c9c269ae3cea0171701253e159de32ae912c1211c43,74,0,3,2,"Chakdaha/ZP-44
Madanpur-I, Simurali,Saguna,Madanpur-
II,Sarati and Kanchrapara grams","[63.71999999999999, 499.029995, 560.6200200000001, 622.51001]","[192.98, 499.029995, 399.910005, 622.51001]","PDF points, top-left origin","[""Chakdaha"", ""3"", ""Chakdaha/ZP-42\nChanduria-I,Tatla-I,Dubra,Tatla-II,Rautari\nand Chanduria-II grams\nChakdaha/ZP-43\nSilinda-I,Ghetugachhi,Silinda-II,Hingnara\nand Dewli grams\nChakdaha/ZP-44\nMadanpur-I, Simurali,Saguna,Madanpur-\nII,Sarati and Kanchrapara grams"", ""SC\nSC"", ""Women\nWomen""]",data/wb/derived/nadia_2013_handbook/membership_visual_audit.json,228c0381abce0fa14d3f575f105e9c1bca2ccdb31b57677f7f5be6c2dd66a3d4,full_source_visual_review_single_assistant,
a96ee97d2f2005503cd8,West Bengal,Nadia,2013,gp_block_membership,Chakdaha,Sarati,Chakdaha/ZP-44,44,4,data/wb/gp_source_search/historical_expansion/nadia_Panchayat_20General_20Election_20-_20final_20book_election_202013__cf50563e.pdf,238810badd4a39a733192c9c269ae3cea0171701253e159de32ae912c1211c43,74,0,3,2,"Chakdaha/ZP-44
Madanpur-I, Simurali,Saguna,Madanpur-
II,Sarati and Kanchrapara grams","[63.71999999999999, 499.029995, 560.6200200000001, 622.51001]","[192.98, 499.029995, 399.910005, 622.51001]","PDF points, top-left origin","[""Chakdaha"", ""3"", ""Chakdaha/ZP-42\nChanduria-I,Tatla-I,Dubra,Tatla-II,Rautari\nand Chanduria-II grams\nChakdaha/ZP-43\nSilinda-I,Ghetugachhi,Silinda-II,Hingnara\nand Dewli grams\nChakdaha/ZP-44\nMadanpur-I, Simurali,Saguna,Madanpur-\nII,Sarati and Kanchrapara grams"", ""SC\nSC"", ""Women\nWomen""]",data/wb/derived/nadia_2013_handbook/membership_visual_audit.json,228c0381abce0fa14d3f575f105e9c1bca2ccdb31b57677f7f5be6c2dd66a3d4,full_source_visual_review_single_assistant,
6455dd0eb2c9868ca221,West Bengal,Nadia,2013,gp_block_membership,Chakdaha,Kanchrapara,Chakdaha/ZP-44,44,5,data/wb/gp_source_search/historical_expansion/nadia_Panchayat_20General_20Election_20-_20final_20book_election_202013__cf50563e.pdf,238810badd4a39a733192c9c269ae3cea0171701253e159de32ae912c1211c43,74,0,3,2,"Chakdaha/ZP-44
Madanpur-I, Simurali,Saguna,Madanpur-
II,Sarati and Kanchrapara grams","[63.71999999999999, 499.029995, 560.6200200000001, 622.51001]","[192.98, 499.029995, 399.910005, 622.51001]","PDF points, top-left origin","[""Chakdaha"", ""3"", ""Chakdaha/ZP-42\nChanduria-I,Tatla-I,Dubra,Tatla-II,Rautari\nand Chanduria-II grams\nChakdaha/ZP-43\nSilinda-I,Ghetugachhi,Silinda-II,Hingnara\nand Dewli grams\nChakdaha/ZP-44\nMadanpur-I, Simurali,Saguna,Madanpur-\nII,Sarati and Kanchrapara grams"", ""SC\nSC"", ""Women\nWomen""]",data/wb/derived/nadia_2013_handbook/membership_visual_audit.json,228c0381abce0fa14d3f575f105e9c1bca2ccdb31b57677f7f5be6c2dd66a3d4,full_source_visual_review_single_assistant,
1d62f612a088c4b5a9e1,West Bengal,Nadia,2013,gp_block_membership,Haringhata,Kastodanga-II,Haringhata/ZP-45,45,0,data/wb/gp_source_search/historical_expansion/nadia_Panchayat_20General_20Election_20-_20final_20book_election_202013__cf50563e.pdf,238810badd4a39a733192c9c269ae3cea0171701253e159de32ae912c1211c43,74,0,4,0,"Haringhata/ZP-45
Kastodanga-II,Kastodanga-I and
Mollaberia grams","[63.71999999999999, 622.51001, 560.6200200000001, 734.98001]","[192.98, 622.51001, 399.910005, 734.98001]","PDF points, top-left origin","[""Haringhata"", ""3"", ""Haringhata/ZP-45\nKastodanga-II,Kastodanga-I and\nMollaberia grams\nHaringhata/ZP-46\nBirohi-II,Birohi-I,Haringhata-II grams\nHaringhata/ZP-47\nFatepur,nagarukhra-I and Nagarukhra-II\ngrams"", ""SC\nSC"", """"]",data/wb/derived/nadia_2013_handbook/membership_visual_audit.json,228c0381abce0fa14d3f575f105e9c1bca2ccdb31b57677f7f5be6c2dd66a3d4,full_source_visual_review_single_assistant,
dafe85e45ba5c900ca57,West Bengal,Nadia,2013,gp_block_membership,Haringhata,Kastodanga-I,Haringhata/ZP-45,45,1,data/wb/gp_source_search/historical_expansion/nadia_Panchayat_20General_20Election_20-_20final_20book_election_202013__cf50563e.pdf,238810badd4a39a733192c9c269ae3cea0171701253e159de32ae912c1211c43,74,0,4,0,"Haringhata/ZP-45
Kastodanga-II,Kastodanga-I and
Mollaberia grams","[63.71999999999999, 622.51001, 560.6200200000001, 734.98001]","[192.98, 622.51001, 399.910005, 734.98001]","PDF points, top-left origin","[""Haringhata"", ""3"", ""Haringhata/ZP-45\nKastodanga-II,Kastodanga-I and\nMollaberia grams\nHaringhata/ZP-46\nBirohi-II,Birohi-I,Haringhata-II grams\nHaringhata/ZP-47\nFatepur,nagarukhra-I and Nagarukhra-II\ngrams"", ""SC\nSC"", """"]",data/wb/derived/nadia_2013_handbook/membership_visual_audit.json,228c0381abce0fa14d3f575f105e9c1bca2ccdb31b57677f7f5be6c2dd66a3d4,full_source_visual_review_single_assistant,
448ed1e15b10c6ca2cd2,West Bengal,Nadia,2013,gp_block_membership,Haringhata,Mollaberia,Haringhata/ZP-45,45,2,data/wb/gp_source_search/historical_expansion/nadia_Panchayat_20General_20Election_20-_20final_20book_election_202013__cf50563e.pdf,238810badd4a39a733192c9c269ae3cea0171701253e159de32ae912c1211c43,74,0,4,0,"Haringhata/ZP-45
Kastodanga-II,Kastodanga-I and
Mollaberia grams","[63.71999999999999, 622.51001, 560.6200200000001, 734.98001]","[192.98, 622.51001, 399.910005, 734.98001]","PDF points, top-left origin","[""Haringhata"", ""3"", ""Haringhata/ZP-45\nKastodanga-II,Kastodanga-I and\nMollaberia grams\nHaringhata/ZP-46\nBirohi-II,Birohi-I,Haringhata-II grams\nHaringhata/ZP-47\nFatepur,nagarukhra-I and Nagarukhra-II\ngrams"", ""SC\nSC"", """"]",data/wb/derived/nadia_2013_handbook/membership_visual_audit.json,228c0381abce0fa14d3f575f105e9c1bca2ccdb31b57677f7f5be6c2dd66a3d4,full_source_visual_review_single_assistant,
72b12bde406129bb9a0a,West Bengal,Nadia,2013,gp_block_membership,Haringhata,Birohi-II,Haringhata/ZP-46,46,0,data/wb/gp_source_search/historical_expansion/nadia_Panchayat_20General_20Election_20-_20final_20book_election_202013__cf50563e.pdf,238810badd4a39a733192c9c269ae3cea0171701253e159de32ae912c1211c43,74,0,4,1,"Haringhata/ZP-46
Birohi-II,Birohi-I,Haringhata-II grams","[63.71999999999999, 622.51001, 560.6200200000001, 734.98001]","[192.98, 622.51001, 399.910005, 734.98001]","PDF points, top-left origin","[""Haringhata"", ""3"", ""Haringhata/ZP-45\nKastodanga-II,Kastodanga-I and\nMollaberia grams\nHaringhata/ZP-46\nBirohi-II,Birohi-I,Haringhata-II grams\nHaringhata/ZP-47\nFatepur,nagarukhra-I and Nagarukhra-II\ngrams"", ""SC\nSC"", """"]",data/wb/derived/nadia_2013_handbook/membership_visual_audit.json,228c0381abce0fa14d3f575f105e9c1bca2ccdb31b57677f7f5be6c2dd66a3d4,full_source_visual_review_single_assistant,
4028354bf95b8b76396f,West Bengal,Nadia,2013,gp_block_membership,Haringhata,Birohi-I,Haringhata/ZP-46,46,1,data/wb/gp_source_search/historical_expansion/nadia_Panchayat_20General_20Election_20-_20final_20book_election_202013__cf50563e.pdf,238810badd4a39a733192c9c269ae3cea0171701253e159de32ae912c1211c43,74,0,4,1,"Haringhata/ZP-46
Birohi-II,Birohi-I,Haringhata-II grams","[63.71999999999999, 622.51001, 560.6200200000001, 734.98001]","[192.98, 622.51001, 399.910005, 734.98001]","PDF points, top-left origin","[""Haringhata"", ""3"", ""Haringhata/ZP-45\nKastodanga-II,Kastodanga-I and\nMollaberia grams\nHaringhata/ZP-46\nBirohi-II,Birohi-I,Haringhata-II grams\nHaringhata/ZP-47\nFatepur,nagarukhra-I and Nagarukhra-II\ngrams"", ""SC\nSC"", """"]",data/wb/derived/nadia_2013_handbook/membership_visual_audit.json,228c0381abce0fa14d3f575f105e9c1bca2ccdb31b57677f7f5be6c2dd66a3d4,full_source_visual_review_single_assistant,
c4a6614f80d6244b20ba,West Bengal,Nadia,2013,gp_block_membership,Haringhata,Haringhata-II,Haringhata/ZP-46,46,2,data/wb/gp_source_search/historical_expansion/nadia_Panchayat_20General_20Election_20-_20final_20book_election_202013__cf50563e.pdf,238810badd4a39a733192c9c269ae3cea0171701253e159de32ae912c1211c43,74,0,4,1,"Haringhata/ZP-46
Birohi-II,Birohi-I,Haringhata-II grams","[63.71999999999999, 622.51001, 560.6200200000001, 734.98001]","[192.98, 622.51001, 399.910005, 734.98001]","PDF points, top-left origin","[""Haringhata"", ""3"", ""Haringhata/ZP-45\nKastodanga-II,Kastodanga-I and\nMollaberia grams\nHaringhata/ZP-46\nBirohi-II,Birohi-I,Haringhata-II grams\nHaringhata/ZP-47\nFatepur,nagarukhra-I and Nagarukhra-II\ngrams"", ""SC\nSC"", """"]",data/wb/derived/nadia_2013_handbook/membership_visual_audit.json,228c0381abce0fa14d3f575f105e9c1bca2ccdb31b57677f7f5be6c2dd66a3d4,full_source_visual_review_single_assistant,
220e7f9e30930a122243,West Bengal,Nadia,2013,gp_block_membership,Haringhata,Fatepur,Haringhata/ZP-47,47,0,data/wb/gp_source_search/historical_expansion/nadia_Panchayat_20General_20Election_20-_20final_20book_election_202013__cf50563e.pdf,238810badd4a39a733192c9c269ae3cea0171701253e159de32ae912c1211c43,74,0,4,2,"Haringhata/ZP-47
Fatepur,nagarukhra-I and Nagarukhra-II
grams","[63.71999999999999, 622.51001, 560.6200200000001, 734.98001]","[192.98, 622.51001, 399.910005, 734.98001]","PDF points, top-left origin","[""Haringhata"", ""3"", ""Haringhata/ZP-45\nKastodanga-II,Kastodanga-I and\nMollaberia grams\nHaringhata/ZP-46\nBirohi-II,Birohi-I,Haringhata-II grams\nHaringhata/ZP-47\nFatepur,nagarukhra-I and Nagarukhra-II\ngrams"", ""SC\nSC"", """"]",data/wb/derived/nadia_2013_handbook/membership_visual_audit.json,228c0381abce0fa14d3f575f105e9c1bca2ccdb31b57677f7f5be6c2dd66a3d4,full_source_visual_review_single_assistant,
b0470545b30eeac0b332,West Bengal,Nadia,2013,gp_block_membership,Haringhata,nagarukhra-I,Haringhata/ZP-47,47,1,data/wb/gp_source_search/historical_expansion/nadia_Panchayat_20General_20Election_20-_20final_20book_election_202013__cf50563e.pdf,238810badd4a39a733192c9c269ae3cea0171701253e159de32ae912c1211c43,74,0,4,2,"Haringhata/ZP-47
Fatepur,nagarukhra-I and Nagarukhra-II
grams","[63.71999999999999, 622.51001, 560.6200200000001, 734.98001]","[192.98, 622.51001, 399.910005, 734.98001]","PDF points, top-left origin","[""Haringhata"", ""3"", ""Haringhata/ZP-45\nKastodanga-II,Kastodanga-I and\nMollaberia grams\nHaringhata/ZP-46\nBirohi-II,Birohi-I,Haringhata-II grams\nHaringhata/ZP-47\nFatepur,nagarukhra-I and Nagarukhra-II\ngrams"", ""SC\nSC"", """"]",data/wb/derived/nadia_2013_handbook/membership_visual_audit.json,228c0381abce0fa14d3f575f105e9c1bca2ccdb31b57677f7f5be6c2dd66a3d4,full_source_visual_review_single_assistant,
50dc98a73ceb8d37cca4,West Bengal,Nadia,2013,gp_block_membership,Haringhata,Nagarukhra-II,Haringhata/ZP-47,47,2,data/wb/gp_source_search/historical_expansion/nadia_Panchayat_20General_20Election_20-_20final_20book_election_202013__cf50563e.pdf,238810badd4a39a733192c9c269ae3cea0171701253e159de32ae912c1211c43,74,0,4,2,"Haringhata/ZP-47
Fatepur,nagarukhra-I and Nagarukhra-II
grams","[63.71999999999999, 622.51001, 560.6200200000001, 734.98001]","[192.98, 622.51001, 399.910005, 734.98001]","PDF points, top-left origin","[""Haringhata"", ""3"", ""Haringhata/ZP-45\nKastodanga-II,Kastodanga-I and\nMollaberia grams\nHaringhata/ZP-46\nBirohi-II,Birohi-I,Haringhata-II grams\nHaringhata/ZP-47\nFatepur,nagarukhra-I and Nagarukhra-II\ngrams"", ""SC\nSC"", """"]",data/wb/derived/nadia_2013_handbook/membership_visual_audit.json,228c0381abce0fa14d3f575f105e9c1bca2ccdb31b57677f7f5be6c2dd66a3d4,full_source_visual_review_single_assistant,
