row_id,source_path,source_sha256,source_page,source_table,source_table_row,source_bbox,source_coordinate_system,raw_cells,state,district,year,tier,gram_panchayat,block,assembly_parts_raw,electors_2012,constituencies_2008,seats_2008,single_seated_constituencies_2013,double_seated_constituencies_2013,constituencies_2013,seats_2013,st_nonwomen_seats,sc_nonwomen_seats,obc_nonwomen_seats,st_women_seats,sc_women_seats,obc_women_seats,women_other_seats,source_list_scope,review_status,quality_flags
81ac8af46ffd32c2b749,data/wb/gp_source_search/historical_expansion/nadia_Panchayat_20General_20Election_20-_20final_20book_election_202013__cf50563e.pdf,238810badd4a39a733192c9c269ae3cea0171701253e159de32ae912c1211c43,49,0,3,"[131.42, 204.05000000000007, 777.4599900000001, 219.65000000000003]","PDF points, top-left origin","[""77/1 - 77/17"", ""11508"", ""9"", ""11"", ""13"", ""0"", ""13"", ""13"", ""0"", ""0"", ""3"", ""0"", ""2"", ""1"", ""3""]",West Bengal,Nadia,2013,gp_member_aggregate,,,77/1 - 77/17,11508,9,11,13,0,13,13,0,0,3,0,2,1,3,ward_counts_not_office_status,native_extracted_review_stage,gp_name_not_printed_on_page
1b6a01bb30af3e3a82f5,data/wb/gp_source_search/historical_expansion/nadia_Panchayat_20General_20Election_20-_20final_20book_election_202013__cf50563e.pdf,238810badd4a39a733192c9c269ae3cea0171701253e159de32ae912c1211c43,49,0,4,"[131.42, 219.65000000000003, 777.4599900000001, 235.13000000000005]","PDF points, top-left origin","[""77/18 - 33"", ""11789"", ""9"", ""11"", ""14"", ""0"", ""14"", ""14"", ""0"", ""0"", ""3"", ""0"", ""0"", ""2"", ""5""]",West Bengal,Nadia,2013,gp_member_aggregate,,,77/18 - 33,11789,9,11,14,0,14,14,0,0,3,0,0,2,5,ward_counts_not_office_status,native_extracted_review_stage,gp_name_not_printed_on_page
8ea487ad346ea08ffeba,data/wb/gp_source_search/historical_expansion/nadia_Panchayat_20General_20Election_20-_20final_20book_election_202013__cf50563e.pdf,238810badd4a39a733192c9c269ae3cea0171701253e159de32ae912c1211c43,49,0,5,"[131.42, 235.13000000000005, 777.4599900000001, 250.60999500000005]","PDF points, top-left origin","[""77/34 - 46"", ""10158"", ""9"", ""9"", ""12"", ""0"", ""12"", ""12"", ""0"", ""0"", ""3"", ""0"", ""0"", ""3"", ""3""]",West Bengal,Nadia,2013,gp_member_aggregate,,,77/34 - 46,10158,9,9,12,0,12,12,0,0,3,0,0,3,3,ward_counts_not_office_status,native_extracted_review_stage,gp_name_not_printed_on_page
2fa7551091a5bb9bec67,data/wb/gp_source_search/historical_expansion/nadia_Panchayat_20General_20Election_20-_20final_20book_election_202013__cf50563e.pdf,238810badd4a39a733192c9c269ae3cea0171701253e159de32ae912c1211c43,49,0,6,"[131.42, 250.60999500000005, 777.4599900000001, 266.08999500000004]","PDF points, top-left origin","[""77/47-62"", ""11196"", ""10"", ""11"", ""13"", ""0"", ""13"", ""13"", ""0"", ""1"", ""2"", ""0"", ""0"", ""3"", ""3""]",West Bengal,Nadia,2013,gp_member_aggregate,,,77/47-62,11196,10,11,13,0,13,13,0,1,2,0,0,3,3,ward_counts_not_office_status,native_extracted_review_stage,gp_name_not_printed_on_page
e48346df5c910d638560,data/wb/gp_source_search/historical_expansion/nadia_Panchayat_20General_20Election_20-_20final_20book_election_202013__cf50563e.pdf,238810badd4a39a733192c9c269ae3cea0171701253e159de32ae912c1211c43,49,0,7,"[131.42, 266.08999500000004, 777.4599900000001, 281.56999500000006]","PDF points, top-left origin","[""77/63 - 91"", ""22211"", ""19"", ""21"", ""25"", ""0"", ""25"", ""25"", ""0"", ""4"", ""2"", ""0"", ""3"", ""3"", ""6""]",West Bengal,Nadia,2013,gp_member_aggregate,,,77/63 - 91,22211,19,21,25,0,25,25,0,4,2,0,3,3,6,ward_counts_not_office_status,native_extracted_review_stage,gp_name_not_printed_on_page
c54b03c7beb346f16c70,data/wb/gp_source_search/historical_expansion/nadia_Panchayat_20General_20Election_20-_20final_20book_election_202013__cf50563e.pdf,238810badd4a39a733192c9c269ae3cea0171701253e159de32ae912c1211c43,49,0,8,"[131.42, 281.56999500000006, 777.4599900000001, 297.05001000000004]","PDF points, top-left origin","[""77/247-259"", ""10133"", ""8"", ""10"", ""12"", ""0"", ""12"", ""12"", ""0"", ""1"", ""2"", ""0"", ""2"", ""1"", ""3""]",West Bengal,Nadia,2013,gp_member_aggregate,,,77/247-259,10133,8,10,12,0,12,12,0,1,2,0,2,1,3,ward_counts_not_office_status,native_extracted_review_stage,gp_name_not_printed_on_page
04d52bdf629ec7dbfbc5,data/wb/gp_source_search/historical_expansion/nadia_Panchayat_20General_20Election_20-_20final_20book_election_202013__cf50563e.pdf,238810badd4a39a733192c9c269ae3cea0171701253e159de32ae912c1211c43,49,0,9,"[131.42, 297.05001000000004, 777.4599900000001, 312.64999500000005]","PDF points, top-left origin","[""78/64-88"", ""17102"", ""16"", ""17"", ""20"", ""0"", ""20"", ""20"", ""1"", ""2"", ""2"", ""0"", ""2"", ""3"", ""5""]",West Bengal,Nadia,2013,gp_member_aggregate,,,78/64-88,17102,16,17,20,0,20,20,1,2,2,0,2,3,5,ward_counts_not_office_status,native_extracted_review_stage,gp_name_not_printed_on_page
7fab6717c25c873e46c5,data/wb/gp_source_search/historical_expansion/nadia_Panchayat_20General_20Election_20-_20final_20book_election_202013__cf50563e.pdf,238810badd4a39a733192c9c269ae3cea0171701253e159de32ae912c1211c43,49,0,10,"[131.42, 312.64999500000005, 777.4599900000001, 328.15001000000007]","PDF points, top-left origin","[""78/1-19"", ""13430"", ""9"", ""13"", ""15"", ""0"", ""15"", ""15"", ""0"", ""0"", ""4"", ""0"", ""0"", ""3"", ""4""]",West Bengal,Nadia,2013,gp_member_aggregate,,,78/1-19,13430,9,13,15,0,15,15,0,0,4,0,0,3,4,ward_counts_not_office_status,native_extracted_review_stage,gp_name_not_printed_on_page
ebf0fc3103f6454e9ab2,data/wb/gp_source_search/historical_expansion/nadia_Panchayat_20General_20Election_20-_20final_20book_election_202013__cf50563e.pdf,238810badd4a39a733192c9c269ae3cea0171701253e159de32ae912c1211c43,49,0,11,"[131.42, 328.15001000000007, 777.4599900000001, 343.62999500000006]","PDF points, top-left origin","[""78/20-35"", ""11542"", ""10"", ""11"", ""13"", ""0"", ""13"", ""13"", ""0"", ""1"", ""2"", ""0"", ""0"", ""3"", ""3""]",West Bengal,Nadia,2013,gp_member_aggregate,,,78/20-35,11542,10,11,13,0,13,13,0,1,2,0,0,3,3,ward_counts_not_office_status,native_extracted_review_stage,gp_name_not_printed_on_page
f53e735ddbd45198840e,data/wb/gp_source_search/historical_expansion/nadia_Panchayat_20General_20Election_20-_20final_20book_election_202013__cf50563e.pdf,238810badd4a39a733192c9c269ae3cea0171701253e159de32ae912c1211c43,49,0,12,"[131.42, 343.62999500000006, 777.4599900000001, 359.1100100000001]","PDF points, top-left origin","[""78/36-63"", ""21260"", ""18"", ""21"", ""24"", ""0"", ""24"", ""24"", ""0"", ""5"", ""1"", ""0"", ""6"", ""0"", ""6""]",West Bengal,Nadia,2013,gp_member_aggregate,,,78/36-63,21260,18,21,24,0,24,24,0,5,1,0,6,0,6,ward_counts_not_office_status,native_extracted_review_stage,gp_name_not_printed_on_page
86e176e92f1a77ffb4eb,data/wb/gp_source_search/historical_expansion/nadia_Panchayat_20General_20Election_20-_20final_20book_election_202013__cf50563e.pdf,238810badd4a39a733192c9c269ae3cea0171701253e159de32ae912c1211c43,49,0,14,"[131.42, 376.869995, 777.4599900000001, 392.349995]","PDF points, top-left origin","[""77/92-114"", ""19168"", ""12"", ""18"", ""22"", ""0"", ""22"", ""22"", ""0"", ""2"", ""2"", ""0"", ""2"", ""1"", ""8""]",West Bengal,Nadia,2013,gp_member_aggregate,,,77/92-114,19168,12,18,22,0,22,22,0,2,2,0,2,1,8,ward_counts_not_office_status,native_extracted_review_stage,gp_name_not_printed_on_page
39c49248bd7a913e11a4,data/wb/gp_source_search/historical_expansion/nadia_Panchayat_20General_20Election_20-_20final_20book_election_202013__cf50563e.pdf,238810badd4a39a733192c9c269ae3cea0171701253e159de32ae912c1211c43,49,0,15,"[131.42, 392.349995, 777.4599900000001, 407.83001]","PDF points, top-left origin","[""77/115-137"", ""19141"", ""12"", ""18"", ""22"", ""0"", ""22"", ""22"", ""0"", ""3"", ""2"", ""0"", ""2"", ""2"", ""7""]",West Bengal,Nadia,2013,gp_member_aggregate,,,77/115-137,19141,12,18,22,0,22,22,0,3,2,0,2,2,7,ward_counts_not_office_status,native_extracted_review_stage,gp_name_not_printed_on_page
79282fbfb342c6a1c6d4,data/wb/gp_source_search/historical_expansion/nadia_Panchayat_20General_20Election_20-_20final_20book_election_202013__cf50563e.pdf,238810badd4a39a733192c9c269ae3cea0171701253e159de32ae912c1211c43,49,0,16,"[131.42, 407.83001, 777.4599900000001, 423.43001000000004]","PDF points, top-left origin","[""77/138-163"", ""20880"", ""15"", ""19"", ""24"", ""0"", ""24"", ""24"", ""0"", ""3"", ""3"", ""1"", ""3"", ""2"", ""6""]",West Bengal,Nadia,2013,gp_member_aggregate,,,77/138-163,20880,15,19,24,0,24,24,0,3,3,1,3,2,6,ward_counts_not_office_status,native_extracted_review_stage,gp_name_not_printed_on_page
0b12d11451f054b07c27,data/wb/gp_source_search/historical_expansion/nadia_Panchayat_20General_20Election_20-_20final_20book_election_202013__cf50563e.pdf,238810badd4a39a733192c9c269ae3cea0171701253e159de32ae912c1211c43,49,0,17,"[131.42, 423.43001000000004, 777.4599900000001, 438.9099950000001]","PDF points, top-left origin","[""77/164-182"", ""15284"", ""11"", ""15"", ""17"", ""0"", ""17"", ""17"", ""0"", ""0"", ""4"", ""0"", ""2"", ""2"", ""4""]",West Bengal,Nadia,2013,gp_member_aggregate,,,77/164-182,15284,11,15,17,0,17,17,0,0,4,0,2,2,4,ward_counts_not_office_status,native_extracted_review_stage,gp_name_not_printed_on_page
3469497da24a62b01c65,data/wb/gp_source_search/historical_expansion/nadia_Panchayat_20General_20Election_20-_20final_20book_election_202013__cf50563e.pdf,238810badd4a39a733192c9c269ae3cea0171701253e159de32ae912c1211c43,49,0,18,"[131.42, 438.9099950000001, 777.4599900000001, 454.4199950000001]","PDF points, top-left origin","[""77/183-188"", ""3867"", ""3"", ""5"", ""5"", ""0"", ""5"", ""5"", ""0"", ""1"", ""0"", ""0"", ""0"", ""1"", ""1""]",West Bengal,Nadia,2013,gp_member_aggregate,,,77/183-188,3867,3,5,5,0,5,5,0,1,0,0,0,1,1,ward_counts_not_office_status,native_extracted_review_stage,gp_name_not_printed_on_page
6d64b5cafe744303f034,data/wb/gp_source_search/historical_expansion/nadia_Panchayat_20General_20Election_20-_20final_20book_election_202013__cf50563e.pdf,238810badd4a39a733192c9c269ae3cea0171701253e159de32ae912c1211c43,49,0,19,"[131.42, 454.4199950000001, 777.4599900000001, 469.89999500000005]","PDF points, top-left origin","[""77/189-207"", ""15165"", ""11"", ""14"", ""17"", ""0"", ""17"", ""17"", ""1"", ""2"", ""1"", ""0"", ""2"", ""2"", ""4""]",West Bengal,Nadia,2013,gp_member_aggregate,,,77/189-207,15165,11,14,17,0,17,17,1,2,1,0,2,2,4,ward_counts_not_office_status,native_extracted_review_stage,gp_name_not_printed_on_page
7fce8334fcf8f56d9473,data/wb/gp_source_search/historical_expansion/nadia_Panchayat_20General_20Election_20-_20final_20book_election_202013__cf50563e.pdf,238810badd4a39a733192c9c269ae3cea0171701253e159de32ae912c1211c43,49,0,20,"[131.42, 469.89999500000005, 777.4599900000001, 485.38001]","PDF points, top-left origin","[""77/208-230"", ""18168"", ""13"", ""18"", ""21"", ""0"", ""21"", ""21"", ""1"", ""1"", ""3"", ""0"", ""3"", ""2"", ""5""]",West Bengal,Nadia,2013,gp_member_aggregate,,,77/208-230,18168,13,18,21,0,21,21,1,1,3,0,3,2,5,ward_counts_not_office_status,native_extracted_review_stage,gp_name_not_printed_on_page
f43391ae9865eae39f82,data/wb/gp_source_search/historical_expansion/nadia_Panchayat_20General_20Election_20-_20final_20book_election_202013__cf50563e.pdf,238810badd4a39a733192c9c269ae3cea0171701253e159de32ae912c1211c43,49,0,21,"[131.42, 485.38001, 777.4599900000001, 500.85599500000006]","PDF points, top-left origin","[""77/231-246"", ""13509"", ""10"", ""13"", ""16"", ""0"", ""16"", ""16"", ""0"", ""1"", ""3"", ""1"", ""1"", ""1"", ""5""]",West Bengal,Nadia,2013,gp_member_aggregate,,,77/231-246,13509,10,13,16,0,16,16,0,1,3,1,1,1,5,ward_counts_not_office_status,native_extracted_review_stage,gp_name_not_printed_on_page
8b9a62c76b24b71009b0,data/wb/gp_source_search/historical_expansion/nadia_Panchayat_20General_20Election_20-_20final_20book_election_202013__cf50563e.pdf,238810badd4a39a733192c9c269ae3cea0171701253e159de32ae912c1211c43,50,0,0,"[122.42, 107.30000000000007, 741.82002, 123.74000000000007]","PDF points, top-left origin","[""Chhitka"", ""78/89- 117"", ""21796"", ""16"", ""20"", ""25"", ""0"", ""25"", ""25"", ""0"", ""6"", ""0"", ""0"", ""6"", ""0"", ""6""]",West Bengal,Nadia,2013,gp_member_aggregate,Chhitka,,78/89- 117,21796,16,20,25,0,25,25,0,6,0,0,6,0,6,ward_counts_not_office_status,native_extracted_review_stage,
248dd251ccaa7a6649ca,data/wb/gp_source_search/historical_expansion/nadia_Panchayat_20General_20Election_20-_20final_20book_election_202013__cf50563e.pdf,238810badd4a39a733192c9c269ae3cea0171701253e159de32ae912c1211c43,50,0,1,"[122.42, 123.74000000000007, 741.82002, 140.18000000000006]","PDF points, top-left origin","[""Kanainagar"", ""78/118-139"", ""16978"", ""12"", ""16"", ""19"", ""0"", ""19"", ""19"", ""0"", ""1"", ""4"", ""0"", ""2"", ""2"", ""5""]",West Bengal,Nadia,2013,gp_member_aggregate,Kanainagar,,78/118-139,16978,12,16,19,0,19,19,0,1,4,0,2,2,5,ward_counts_not_office_status,native_extracted_review_stage,
4201c538121a5c12d690,data/wb/gp_source_search/historical_expansion/nadia_Panchayat_20General_20Election_20-_20final_20book_election_202013__cf50563e.pdf,238810badd4a39a733192c9c269ae3cea0171701253e159de32ae912c1211c43,50,0,2,"[122.42, 140.18000000000006, 741.82002, 161.65999500000004]","PDF points, top-left origin","[""Raghunathpur"", ""78/221-235"", ""11784"", ""10"", ""12"", ""14"", ""0"", ""14"", ""14"", ""0"", ""0"", ""3"", ""0"", ""2"", ""0"", ""5""]",West Bengal,Nadia,2013,gp_member_aggregate,Raghunathpur,,78/221-235,11784,10,12,14,0,14,14,0,0,3,0,2,0,5,ward_counts_not_office_status,native_extracted_review_stage,
19aba553d297539e9a45,data/wb/gp_source_search/historical_expansion/nadia_Panchayat_20General_20Election_20-_20final_20book_election_202013__cf50563e.pdf,238810badd4a39a733192c9c269ae3cea0171701253e159de32ae912c1211c43,50,0,3,"[122.42, 161.65999500000004, 741.82002, 185.18000000000006]","PDF points, top-left origin","[""Shyamnagar"", ""78/140 -\n158"", ""13783"", ""11"", ""13"", ""16"", ""0"", ""16"", ""16"", ""1"", ""0"", ""3"", ""0"", ""3"", ""1"", ""4""]",West Bengal,Nadia,2013,gp_member_aggregate,Shyamnagar,,78/140 - 158,13783,11,13,16,0,16,16,1,0,3,0,3,1,4,ward_counts_not_office_status,native_extracted_review_stage,
c100025a0f73a741d934,data/wb/gp_source_search/historical_expansion/nadia_Panchayat_20General_20Election_20-_20final_20book_election_202013__cf50563e.pdf,238810badd4a39a733192c9c269ae3cea0171701253e159de32ae912c1211c43,50,0,4,"[122.42, 185.18000000000006, 741.82002, 201.65000000000003]","PDF points, top-left origin","[""Chanderghat"", ""79/191-205"", ""11171"", ""8"", ""11"", ""13"", ""0"", ""13"", ""13"", ""0"", ""1"", ""1"", ""0"", ""1"", ""0"", ""5""]",West Bengal,Nadia,2013,gp_member_aggregate,Chanderghat,,79/191-205,11171,8,11,13,0,13,13,0,1,1,0,1,0,5,ward_counts_not_office_status,native_extracted_review_stage,
52fe0bd8b94b51d47b6d,data/wb/gp_source_search/historical_expansion/nadia_Panchayat_20General_20Election_20-_20final_20book_election_202013__cf50563e.pdf,238810badd4a39a733192c9c269ae3cea0171701253e159de32ae912c1211c43,50,0,5,"[122.42, 201.65000000000003, 741.82002, 225.05000000000007]","PDF points, top-left origin","[""Betai-II"", ""78/ 159-\n177"", ""15281"", ""10"", ""14"", ""17"", ""0"", ""17"", ""17"", ""0"", ""4"", ""0"", ""0"", ""4"", ""0"", ""4""]",West Bengal,Nadia,2013,gp_member_aggregate,Betai-II,,78/ 159- 177,15281,10,14,17,0,17,17,0,4,0,0,4,0,4,ward_counts_not_office_status,native_extracted_review_stage,
8cb3d24bd986adeab8df,data/wb/gp_source_search/historical_expansion/nadia_Panchayat_20General_20Election_20-_20final_20book_election_202013__cf50563e.pdf,238810badd4a39a733192c9c269ae3cea0171701253e159de32ae912c1211c43,50,0,6,"[122.42, 225.05000000000007, 741.82002, 248.45000000000005]","PDF points, top-left origin","[""Betai-I"", ""78/ 178-\n196"", ""13257"", ""10"", ""12"", ""15"", ""0"", ""15"", ""15"", ""1"", ""3"", ""0"", ""0"", ""3"", ""0"", ""4""]",West Bengal,Nadia,2013,gp_member_aggregate,Betai-I,,78/ 178- 196,13257,10,12,15,0,15,15,1,3,0,0,3,0,4,ward_counts_not_office_status,native_extracted_review_stage,
9f06e50085ae0f2c1f8d,data/wb/gp_source_search/historical_expansion/nadia_Panchayat_20General_20Election_20-_20final_20book_election_202013__cf50563e.pdf,238810badd4a39a733192c9c269ae3cea0171701253e159de32ae912c1211c43,50,0,7,"[122.42, 248.45000000000005, 741.82002, 271.96999500000004]","PDF points, top-left origin","[""Natna"", ""78/ 197-\n220"", ""18006"", ""12"", ""18"", ""21"", ""0"", ""21"", ""21"", ""0"", ""5"", ""0"", ""0"", ""5"", ""0"", ""5""]",West Bengal,Nadia,2013,gp_member_aggregate,Natna,,78/ 197- 220,18006,12,18,21,0,21,21,0,5,0,0,5,0,5,ward_counts_not_office_status,native_extracted_review_stage,
cca5bc88f03e5b339f65,data/wb/gp_source_search/historical_expansion/nadia_Panchayat_20General_20Election_20-_20final_20book_election_202013__cf50563e.pdf,238810badd4a39a733192c9c269ae3cea0171701253e159de32ae912c1211c43,50,0,8,"[122.42, 271.96999500000004, 741.82002, 288.40999500000004]","PDF points, top-left origin","[""Tehatta"", ""78/236-259"", ""18006"", ""14"", ""17"", ""21"", ""0"", ""21"", ""21"", ""0"", ""2"", ""3"", ""0"", ""2"", ""3"", ""5""]",West Bengal,Nadia,2013,gp_member_aggregate,Tehatta,,78/236-259,18006,14,17,21,0,21,21,0,2,3,0,2,3,5,ward_counts_not_office_status,native_extracted_review_stage,
74c0ce1e0777b329d379,data/wb/gp_source_search/historical_expansion/nadia_Panchayat_20General_20Election_20-_20final_20book_election_202013__cf50563e.pdf,238810badd4a39a733192c9c269ae3cea0171701253e159de32ae912c1211c43,50,0,9,"[122.42, 288.40999500000004, 741.82002, 304.84999500000004]","PDF points, top-left origin","[""Patharghata-II"", ""79/206-219"", ""10741"", ""9"", ""11"", ""12"", ""0"", ""12"", ""12"", ""0"", ""0"", ""3"", ""0"", ""1"", ""2"", ""3""]",West Bengal,Nadia,2013,gp_member_aggregate,Patharghata-II,,79/206-219,10741,9,11,12,0,12,12,0,0,3,0,1,2,3,ward_counts_not_office_status,native_extracted_review_stage,
ff1f28d83d79a0d12274,data/wb/gp_source_search/historical_expansion/nadia_Panchayat_20General_20Election_20-_20final_20book_election_202013__cf50563e.pdf,238810badd4a39a733192c9c269ae3cea0171701253e159de32ae912c1211c43,50,0,10,"[122.42, 304.84999500000004, 741.82002, 328.27001000000007]","PDF points, top-left origin","[""Patharghata-I"", ""78/ 260-\n273"", ""10190"", ""8"", ""10"", ""12"", ""0"", ""12"", ""12"", ""0"", ""0"", ""3"", ""0"", ""0"", ""3"", ""3""]",West Bengal,Nadia,2013,gp_member_aggregate,Patharghata-I,,78/ 260- 273,10190,8,10,12,0,12,12,0,0,3,0,0,3,3,ward_counts_not_office_status,native_extracted_review_stage,
a519b5ce935459ffed31,data/wb/gp_source_search/historical_expansion/nadia_Panchayat_20General_20Election_20-_20final_20book_election_202013__cf50563e.pdf,238810badd4a39a733192c9c269ae3cea0171701253e159de32ae912c1211c43,50,0,12,"[122.42, 340.27001, 741.82002, 356.71001]","PDF points, top-left origin","[""Gopinathpur"", ""79/26-40"", null, ""12406"", null, null, null, ""7"", null, ""11"", ""14"", ""0"", ""14"", ""14"", ""0"", ""2""]",West Bengal,Nadia,2013,gp_member_aggregate,Gopinathpur,,79/26-40,12406,7,11,14,0,14,14,0,2,,,,,,ward_counts_not_office_status,native_extracted_review_stage,count_cells_missing_or_unreadable
990c12643a3b0b18c68a,data/wb/gp_source_search/historical_expansion/nadia_Panchayat_20General_20Election_20-_20final_20book_election_202013__cf50563e.pdf,238810badd4a39a733192c9c269ae3cea0171701253e159de32ae912c1211c43,50,0,13,"[122.42, 356.71001, 741.82002, 373.15001000000007]","PDF points, top-left origin","[""Sahebnagar"", ""79/1-25"", ""18943"", ""11"", null, null, null, ""17"", null, ""22"", ""0"", ""22"", ""22"", ""0"", ""0"", ""4""]",West Bengal,Nadia,2013,gp_member_aggregate,Sahebnagar,,79/1-25,18943,11,17,22,0,22,22,0,0,4,,,,,ward_counts_not_office_status,native_extracted_review_stage,count_cells_missing_or_unreadable
4be375f53955322c4d93,data/wb/gp_source_search/historical_expansion/nadia_Panchayat_20General_20Election_20-_20final_20book_election_202013__cf50563e.pdf,238810badd4a39a733192c9c269ae3cea0171701253e159de32ae912c1211c43,50,0,14,"[122.42, 373.15001000000007, 741.82002, 389.58999500000004]","PDF points, top-left origin","[""Palsunda-I"", ""79/41-56"", ""12178"", ""6"", null, null, null, ""11"", null, ""14"", ""0"", ""14"", ""14"", ""0"", ""1"", ""3""]",West Bengal,Nadia,2013,gp_member_aggregate,Palsunda-I,,79/41-56,12178,6,11,14,0,14,14,0,1,3,,,,,ward_counts_not_office_status,native_extracted_review_stage,count_cells_missing_or_unreadable
140896b60b6fcde386be,data/wb/gp_source_search/historical_expansion/nadia_Panchayat_20General_20Election_20-_20final_20book_election_202013__cf50563e.pdf,238810badd4a39a733192c9c269ae3cea0171701253e159de32ae912c1211c43,50,0,15,"[122.42, 389.58999500000004, 741.82002, 406.02999500000004]","PDF points, top-left origin","[""Palsunda-II"", ""79/77-88"", ""9424"", ""5"", null, null, null, ""8"", null, ""11"", ""0"", ""11"", ""11"", ""0"", ""3"", ""0""]",West Bengal,Nadia,2013,gp_member_aggregate,Palsunda-II,,79/77-88,9424,5,8,11,0,11,11,0,3,0,,,,,ward_counts_not_office_status,native_extracted_review_stage,count_cells_missing_or_unreadable
2e1042989d7e4e70745a,data/wb/gp_source_search/historical_expansion/nadia_Panchayat_20General_20Election_20-_20final_20book_election_202013__cf50563e.pdf,238810badd4a39a733192c9c269ae3cea0171701253e159de32ae912c1211c43,50,0,16,"[122.42, 406.02999500000004, 741.82002, 422.4699950000001]","PDF points, top-left origin","[""Palashipara"", ""79/57-76"", ""15974"", ""10"", null, null, null, ""15"", null, ""18"", ""0"", ""18"", ""18"", ""0"", ""2"", ""2""]",West Bengal,Nadia,2013,gp_member_aggregate,Palashipara,,79/57-76,15974,10,15,18,0,18,18,0,2,2,,,,,ward_counts_not_office_status,native_extracted_review_stage,count_cells_missing_or_unreadable
0b7faf39043ff5fc601f,data/wb/gp_source_search/historical_expansion/nadia_Panchayat_20General_20Election_20-_20final_20book_election_202013__cf50563e.pdf,238810badd4a39a733192c9c269ae3cea0171701253e159de32ae912c1211c43,50,0,17,"[122.42, 422.4699950000001, 741.82002, 438.90999500000015]","PDF points, top-left origin","[""Hanspukuria"", ""79/110-123"", ""12794"", ""7"", null, null, null, ""12"", null, ""13"", ""1"", ""14"", ""15"", ""0"", ""1"", ""2""]",West Bengal,Nadia,2013,gp_member_aggregate,Hanspukuria,,79/110-123,12794,7,12,13,1,14,15,0,1,2,,,,,ward_counts_not_office_status,native_extracted_review_stage,count_cells_missing_or_unreadable
d1ae0cf01782b18e164a,data/wb/gp_source_search/historical_expansion/nadia_Panchayat_20General_20Election_20-_20final_20book_election_202013__cf50563e.pdf,238810badd4a39a733192c9c269ae3cea0171701253e159de32ae912c1211c43,50,0,18,"[122.42, 438.90999500000015, 741.82002, 455.3800100000001]","PDF points, top-left origin","[""Barnia"", ""79/89-109"", ""16566"", ""9"", null, null, null, ""15"", null, ""19"", ""0"", ""19"", ""19"", ""0"", ""2"", ""3""]",West Bengal,Nadia,2013,gp_member_aggregate,Barnia,,79/89-109,16566,9,15,19,0,19,19,0,2,3,,,,,ward_counts_not_office_status,native_extracted_review_stage,count_cells_missing_or_unreadable
ba9ad8066c54109fb5c8,data/wb/gp_source_search/historical_expansion/nadia_Panchayat_20General_20Election_20-_20final_20book_election_202013__cf50563e.pdf,238810badd4a39a733192c9c269ae3cea0171701253e159de32ae912c1211c43,51,0,0,"[124.58, 27.24000000000001, 775.41999, 50.639999999999986]","PDF points, top-left origin","[""Haranagar"", ""79/124-\n142"", ""14907"", ""11"", ""14"", ""17"", ""0"", ""17"", ""17"", ""0"", ""0"", ""4"", ""0"", ""0"", ""3"", ""5""]",West Bengal,Nadia,2013,gp_member_aggregate,Haranagar,,79/124- 142,14907,11,14,17,0,17,17,0,0,4,0,0,3,5,ward_counts_not_office_status,native_extracted_review_stage,
141601a35ab3bb282240,data/wb/gp_source_search/historical_expansion/nadia_Panchayat_20General_20Election_20-_20final_20book_election_202013__cf50563e.pdf,238810badd4a39a733192c9c269ae3cea0171701253e159de32ae912c1211c43,51,0,1,"[124.58, 50.639999999999986, 775.41999, 74.06000000000006]","PDF points, top-left origin","[""Bilkumari"", ""79/168-\n190"", ""18159"", ""12"", ""17"", ""21"", ""0"", ""21"", ""21"", ""0"", ""3"", ""2"", ""0"", ""3"", ""2"", ""5""]",West Bengal,Nadia,2013,gp_member_aggregate,Bilkumari,,79/168- 190,18159,12,17,21,0,21,21,0,3,2,0,3,2,5,ward_counts_not_office_status,native_extracted_review_stage,
532d6133715ea26a1395,data/wb/gp_source_search/historical_expansion/nadia_Panchayat_20General_20Election_20-_20final_20book_election_202013__cf50563e.pdf,238810badd4a39a733192c9c269ae3cea0171701253e159de32ae912c1211c43,51,0,2,"[124.58, 74.06000000000006, 775.41999, 97.46000000000004]","PDF points, top-left origin","[""Dhananjoypur"", ""79/220-\n243"", ""18394"", ""13"", ""17"", ""21"", ""0"", ""21"", ""21"", ""0"", ""2"", ""3"", ""0"", ""2"", ""3"", ""5""]",West Bengal,Nadia,2013,gp_member_aggregate,Dhananjoypur,,79/220- 243,18394,13,17,21,0,21,21,0,2,3,0,2,3,5,ward_counts_not_office_status,native_extracted_review_stage,
bbb39b67d32e07ea149a,data/wb/gp_source_search/historical_expansion/nadia_Panchayat_20General_20Election_20-_20final_20book_election_202013__cf50563e.pdf,238810badd4a39a733192c9c269ae3cea0171701253e159de32ae912c1211c43,51,0,3,"[124.58, 97.46000000000004, 775.41999, 120.98000000000002]","PDF points, top-left origin","[""Patikabari"", ""81/136-\n154"", ""14298"", ""10"", ""13"", ""16"", ""0"", ""16"", ""16"", ""0"", ""4"", ""0"", ""0"", ""4"", ""0"", ""4""]",West Bengal,Nadia,2013,gp_member_aggregate,Patikabari,,81/136- 154,14298,10,13,16,0,16,16,0,4,0,0,4,0,4,ward_counts_not_office_status,native_extracted_review_stage,
575bedd980c4835235a4,data/wb/gp_source_search/historical_expansion/nadia_Panchayat_20General_20Election_20-_20final_20book_election_202013__cf50563e.pdf,238810badd4a39a733192c9c269ae3cea0171701253e159de32ae912c1211c43,51,0,4,"[124.58, 120.98000000000002, 775.41999, 144.37999500000006]","PDF points, top-left origin","[""Bethuadahari-II"", ""81/116-\n135"", ""15746"", ""11"", ""15"", ""18"", ""0"", ""18"", ""18"", ""0"", ""4"", ""1"", ""0"", ""2"", ""2"", ""5""]",West Bengal,Nadia,2013,gp_member_aggregate,Bethuadahari-II,,81/116- 135,15746,11,15,18,0,18,18,0,4,1,0,2,2,5,ward_counts_not_office_status,native_extracted_review_stage,
2de72bb47cc796e90a01,data/wb/gp_source_search/historical_expansion/nadia_Panchayat_20General_20Election_20-_20final_20book_election_202013__cf50563e.pdf,238810badd4a39a733192c9c269ae3cea0171701253e159de32ae912c1211c43,51,0,5,"[124.58, 144.37999500000006, 775.41999, 167.78000000000003]","PDF points, top-left origin","[""Bethuadahari-I"", ""81/90-\n115"", ""21273"", ""13"", ""20"", ""24"", ""0"", ""24"", ""24"", ""0"", ""5"", ""1"", ""0"", ""5"", ""1"", ""6""]",West Bengal,Nadia,2013,gp_member_aggregate,Bethuadahari-I,,81/90- 115,21273,13,20,24,0,24,24,0,5,1,0,5,1,6,ward_counts_not_office_status,native_extracted_review_stage,
2b0c74c9fbac35a83232,data/wb/gp_source_search/historical_expansion/nadia_Panchayat_20General_20Election_20-_20final_20book_election_202013__cf50563e.pdf,238810badd4a39a733192c9c269ae3cea0171701253e159de32ae912c1211c43,51,0,6,"[124.58, 167.78000000000003, 775.41999, 191.32999500000005]","PDF points, top-left origin","[""Bikrampur"", ""79/143-\n167"", ""18396"", ""12"", ""16"", ""21"", ""0"", ""21"", ""21"", ""0"", ""2"", ""3"", ""0"", ""2"", ""2"", ""6""]",West Bengal,Nadia,2013,gp_member_aggregate,Bikrampur,,79/143- 167,18396,12,16,21,0,21,21,0,2,3,0,2,2,6,ward_counts_not_office_status,native_extracted_review_stage,
cad35df750cab0f33cce,data/wb/gp_source_search/historical_expansion/nadia_Panchayat_20General_20Election_20-_20final_20book_election_202013__cf50563e.pdf,238810badd4a39a733192c9c269ae3cea0171701253e159de32ae912c1211c43,51,0,7,"[124.58, 191.32999500000005, 775.41999, 203.81000000000006]","PDF points, top-left origin","[""Majhergram"", ""81/23-41"", ""13476"", ""10"", ""13"", ""15"", ""0"", ""15"", ""15"", ""0"", ""2"", ""2"", ""0"", ""1"", ""2"", ""4""]",West Bengal,Nadia,2013,gp_member_aggregate,Majhergram,,81/23-41,13476,10,13,15,0,15,15,0,2,2,0,1,2,4,ward_counts_not_office_status,native_extracted_review_stage,
9685b904bb4a06da8665,data/wb/gp_source_search/historical_expansion/nadia_Panchayat_20General_20Election_20-_20final_20book_election_202013__cf50563e.pdf,238810badd4a39a733192c9c269ae3cea0171701253e159de32ae912c1211c43,51,0,8,"[124.58, 203.81000000000006, 775.41999, 216.29000000000002]","PDF points, top-left origin","[""Nakashipara"", ""81/42-62"", ""15210"", ""12"", ""14"", ""17"", ""0"", ""17"", ""17"", ""1"", ""2"", ""1"", ""0"", ""2"", ""2"", ""4""]",West Bengal,Nadia,2013,gp_member_aggregate,Nakashipara,,81/42-62,15210,12,14,17,0,17,17,1,2,1,0,2,2,4,ward_counts_not_office_status,native_extracted_review_stage,
82833cc54b8317eaebf0,data/wb/gp_source_search/historical_expansion/nadia_Panchayat_20General_20Election_20-_20final_20book_election_202013__cf50563e.pdf,238810badd4a39a733192c9c269ae3cea0171701253e159de32ae912c1211c43,51,0,9,"[124.58, 216.29000000000002, 775.41999, 228.77000000000004]","PDF points, top-left origin","[""Billwagram"", ""81/63-89"", ""21480"", ""15"", ""19"", ""24"", ""0"", ""24"", ""24"", ""0"", ""4"", ""2"", ""0"", ""5"", ""1"", ""6""]",West Bengal,Nadia,2013,gp_member_aggregate,Billwagram,,81/63-89,21480,15,19,24,0,24,24,0,4,2,0,5,1,6,ward_counts_not_office_status,native_extracted_review_stage,
4ca8605803d0c97d30f9,data/wb/gp_source_search/historical_expansion/nadia_Panchayat_20General_20Election_20-_20final_20book_election_202013__cf50563e.pdf,238810badd4a39a733192c9c269ae3cea0171701253e159de32ae912c1211c43,51,0,10,"[124.58, 228.77000000000004, 775.41999, 252.17000000000002]","PDF points, top-left origin","[""Birpur-II"", ""81/155-\n169"", ""13178"", ""9"", ""12"", ""15"", ""0"", ""15"", ""15"", ""0"", ""1"", ""3"", ""0"", ""1"", ""2"", ""4""]",West Bengal,Nadia,2013,gp_member_aggregate,Birpur-II,,81/155- 169,13178,9,12,15,0,15,15,0,1,3,0,1,2,4,ward_counts_not_office_status,native_extracted_review_stage,
e654d4ed57ea408867a4,data/wb/gp_source_search/historical_expansion/nadia_Panchayat_20General_20Election_20-_20final_20book_election_202013__cf50563e.pdf,238810badd4a39a733192c9c269ae3cea0171701253e159de32ae912c1211c43,51,0,11,"[124.58, 252.17000000000002, 775.41999, 275.68999500000007]","PDF points, top-left origin","[""Birpur-I"", ""81/170-\n179"", ""9248"", ""5"", ""8"", ""9"", ""1"", ""10"", ""11"", ""0"", ""2"", ""1"", ""0"", ""0"", ""2"", ""3""]",West Bengal,Nadia,2013,gp_member_aggregate,Birpur-I,,81/170- 179,9248,5,8,9,1,10,11,0,2,1,0,0,2,3,ward_counts_not_office_status,native_extracted_review_stage,
b204f7c370ce6c748500,data/wb/gp_source_search/historical_expansion/nadia_Panchayat_20General_20Election_20-_20final_20book_election_202013__cf50563e.pdf,238810badd4a39a733192c9c269ae3cea0171701253e159de32ae912c1211c43,51,0,12,"[124.58, 275.68999500000007, 775.41999, 299.08999500000004]","PDF points, top-left origin","[""Dogachhia"", ""81/180-\n198"", ""15044"", ""12"", ""14"", ""17"", ""0"", ""17"", ""17"", ""0"", ""0"", ""4"", ""0"", ""2"", ""2"", ""4""]",West Bengal,Nadia,2013,gp_member_aggregate,Dogachhia,,81/180- 198,15044,12,14,17,0,17,17,0,0,4,0,2,2,4,ward_counts_not_office_status,native_extracted_review_stage,
643b8c59b7bf07530044,data/wb/gp_source_search/historical_expansion/nadia_Panchayat_20General_20Election_20-_20final_20book_election_202013__cf50563e.pdf,238810badd4a39a733192c9c269ae3cea0171701253e159de32ae912c1211c43,51,0,13,"[124.58, 299.08999500000004, 775.41999, 322.50999500000006]","PDF points, top-left origin","[""Dharmada"", ""81/225-\n246"", ""16509"", ""13"", ""15"", ""19"", ""0"", ""19"", ""19"", ""1"", ""1"", ""3"", ""0"", ""2"", ""2"", ""5""]",West Bengal,Nadia,2013,gp_member_aggregate,Dharmada,,81/225- 246,16509,13,15,19,0,19,19,1,1,3,0,2,2,5,ward_counts_not_office_status,native_extracted_review_stage,
d2bd95091fd020ab6ef2,data/wb/gp_source_search/historical_expansion/nadia_Panchayat_20General_20Election_20-_20final_20book_election_202013__cf50563e.pdf,238810badd4a39a733192c9c269ae3cea0171701253e159de32ae912c1211c43,51,0,14,"[124.58, 322.50999500000006, 775.41999, 346.02999500000004]","PDF points, top-left origin","[""Muragacha"", ""81/199-\n224"", ""19598"", ""14"", ""18"", ""22"", ""0"", ""22"", ""22"", ""1"", ""2"", ""3"", ""0"", ""3"", ""2"", ""6""]",West Bengal,Nadia,2013,gp_member_aggregate,Muragacha,,81/199- 224,19598,14,18,22,0,22,22,1,2,3,0,3,2,6,ward_counts_not_office_status,native_extracted_review_stage,
e4871edde0120fdfdbaa,data/wb/gp_source_search/historical_expansion/nadia_Panchayat_20General_20Election_20-_20final_20book_election_202013__cf50563e.pdf,238810badd4a39a733192c9c269ae3cea0171701253e159de32ae912c1211c43,51,0,16,"[124.58, 365.94999500000006, 775.41999, 389.46999500000004]","PDF points, top-left origin","[""Kaliganj"", ""80/86-\n111"", ""18151"", ""16"", ""17"", ""21"", ""0"", ""21"", ""21"", ""0"", ""2"", ""3"", ""0"", ""2"", ""3"", ""5""]",West Bengal,Nadia,2013,gp_member_aggregate,Kaliganj,,80/86- 111,18151,16,17,21,0,21,21,0,2,3,0,2,3,5,ward_counts_not_office_status,native_extracted_review_stage,
564545bdfc80765e3305,data/wb/gp_source_search/historical_expansion/nadia_Panchayat_20General_20Election_20-_20final_20book_election_202013__cf50563e.pdf,238810badd4a39a733192c9c269ae3cea0171701253e159de32ae912c1211c43,51,0,17,"[124.58, 389.46999500000004, 775.41999, 401.94999500000006]","PDF points, top-left origin","[""Plassey-I"", ""80/71-85"", ""11208"", ""8"", ""10"", ""13"", ""0"", ""13"", ""13"", ""0"", ""0"", ""1"", ""0"", ""0"", ""1"", ""5""]",West Bengal,Nadia,2013,gp_member_aggregate,Plassey-I,,80/71-85,11208,8,10,13,0,13,13,0,0,1,0,0,1,5,ward_counts_not_office_status,native_extracted_review_stage,
64118229fa87ab26973d,data/wb/gp_source_search/historical_expansion/nadia_Panchayat_20General_20Election_20-_20final_20book_election_202013__cf50563e.pdf,238810badd4a39a733192c9c269ae3cea0171701253e159de32ae912c1211c43,51,0,18,"[124.58, 401.94999500000006, 775.41999, 414.43001000000004]","PDF points, top-left origin","[""Plassey-II"", ""80/1-11"", ""8558"", ""6"", ""8"", ""10"", ""0"", ""10"", ""10"", ""0"", ""0"", ""1"", ""0"", ""1"", ""0"", ""4""]",West Bengal,Nadia,2013,gp_member_aggregate,Plassey-II,,80/1-11,8558,6,8,10,0,10,10,0,0,1,0,1,0,4,ward_counts_not_office_status,native_extracted_review_stage,
9988d9b89b434f5a5ae3,data/wb/gp_source_search/historical_expansion/nadia_Panchayat_20General_20Election_20-_20final_20book_election_202013__cf50563e.pdf,238810badd4a39a733192c9c269ae3cea0171701253e159de32ae912c1211c43,51,0,19,"[124.58, 414.43001000000004, 775.41999, 426.9099950000001]","PDF points, top-left origin","[""Mira - I"", ""80/12-27"", ""12520"", ""10"", ""12"", ""14"", ""0"", ""14"", ""14"", ""0"", ""1"", ""1"", ""0"", ""0"", ""2"", ""5""]",West Bengal,Nadia,2013,gp_member_aggregate,Mira - I,,80/12-27,12520,10,12,14,0,14,14,0,1,1,0,0,2,5,ward_counts_not_office_status,native_extracted_review_stage,
70c6d39e0d21b1f7ac0d,data/wb/gp_source_search/historical_expansion/nadia_Panchayat_20General_20Election_20-_20final_20book_election_202013__cf50563e.pdf,238810badd4a39a733192c9c269ae3cea0171701253e159de32ae912c1211c43,51,0,20,"[124.58, 426.9099950000001, 775.41999, 439.38999500000006]","PDF points, top-left origin","[""Mira - II"", ""80/54-70"", ""13009"", ""10"", ""12"", ""15"", ""0"", ""15"", ""15"", ""0"", ""1"", ""2"", ""0"", ""1"", ""1"", ""5""]",West Bengal,Nadia,2013,gp_member_aggregate,Mira - II,,80/54-70,13009,10,12,15,0,15,15,0,1,2,0,1,1,5,ward_counts_not_office_status,native_extracted_review_stage,
a29bf49709c9fc660275,data/wb/gp_source_search/historical_expansion/nadia_Panchayat_20General_20Election_20-_20final_20book_election_202013__cf50563e.pdf,238810badd4a39a733192c9c269ae3cea0171701253e159de32ae912c1211c43,51,0,21,"[124.58, 439.38999500000006, 775.41999, 451.89999500000005]","PDF points, top-left origin","[""Barachnadghar"", ""80/28-53"", ""19945"", ""15"", ""17"", ""23"", ""0"", ""23"", ""23"", ""0"", ""1"", ""4"", ""0"", ""2"", ""2"", ""7""]",West Bengal,Nadia,2013,gp_member_aggregate,Barachnadghar,,80/28-53,19945,15,17,23,0,23,23,0,1,4,0,2,2,7,ward_counts_not_office_status,native_extracted_review_stage,
fbe8696c3328d2c4e17c,data/wb/gp_source_search/historical_expansion/nadia_Panchayat_20General_20Election_20-_20final_20book_election_202013__cf50563e.pdf,238810badd4a39a733192c9c269ae3cea0171701253e159de32ae912c1211c43,51,0,22,"[124.58, 451.89999500000005, 775.41999, 475.4199950000001]","PDF points, top-left origin","[""Panighata"", ""80/112-\n133"", ""16223"", ""13"", ""15"", ""19"", ""0"", ""19"", ""19"", ""0"", ""1"", ""2"", ""0"", ""2"", ""1"", ""6""]",West Bengal,Nadia,2013,gp_member_aggregate,Panighata,,80/112- 133,16223,13,15,19,0,19,19,0,1,2,0,2,1,6,ward_counts_not_office_status,native_extracted_review_stage,
219502cedd98f9f58e50,data/wb/gp_source_search/historical_expansion/nadia_Panchayat_20General_20Election_20-_20final_20book_election_202013__cf50563e.pdf,238810badd4a39a733192c9c269ae3cea0171701253e159de32ae912c1211c43,51,0,23,"[124.58, 475.4199950000001, 775.41999, 498.8160100000001]","PDF points, top-left origin","[""Hatgachha"", ""80/166-\n188"", ""16448"", ""14"", ""15"", ""19"", ""0"", ""19"", ""19"", ""0"", ""0"", ""3"", ""0"", ""1"", ""2"", ""6""]",West Bengal,Nadia,2013,gp_member_aggregate,Hatgachha,,80/166- 188,16448,14,15,19,0,19,19,0,0,3,0,1,2,6,ward_counts_not_office_status,native_extracted_review_stage,
0564661188eaa977a8b0,data/wb/gp_source_search/historical_expansion/nadia_Panchayat_20General_20Election_20-_20final_20book_election_202013__cf50563e.pdf,238810badd4a39a733192c9c269ae3cea0171701253e159de32ae912c1211c43,51,0,24,"[124.58, 498.8160100000001, 775.41999, 522.2160100000001]","PDF points, top-left origin","[""Juranpur"", ""80/189-\n207"", ""13943"", ""13"", ""13"", ""16"", ""0"", ""16"", ""16"", ""0"", ""1"", ""2"", ""0"", ""2"", ""1"", ""5""]",West Bengal,Nadia,2013,gp_member_aggregate,Juranpur,,80/189- 207,13943,13,13,16,0,16,16,0,1,2,0,2,1,5,ward_counts_not_office_status,native_extracted_review_stage,
0eddff1b62605ae5e066,data/wb/gp_source_search/historical_expansion/nadia_Panchayat_20General_20Election_20-_20final_20book_election_202013__cf50563e.pdf,238810badd4a39a733192c9c269ae3cea0171701253e159de32ae912c1211c43,52,0,0,"[124.58000000000001, 69.38, 775.41999, 92.78000000000003]","PDF points, top-left origin","[""Gobra"", ""80/208-\n227"", ""15974"", ""12"", ""14"", ""18"", ""0"", ""18"", ""18"", ""0"", ""3"", ""1"", ""0"", ""2"", ""2"", ""5""]",West Bengal,Nadia,2013,gp_member_aggregate,Gobra,,80/208- 227,15974,12,14,18,0,18,18,0,3,1,0,2,2,5,ward_counts_not_office_status,native_extracted_review_stage,
7fc4618d740ab96bedf8,data/wb/gp_source_search/historical_expansion/nadia_Panchayat_20General_20Election_20-_20final_20book_election_202013__cf50563e.pdf,238810badd4a39a733192c9c269ae3cea0171701253e159de32ae912c1211c43,52,0,1,"[124.58000000000001, 92.78000000000003, 775.41999, 116.18000000000006]","PDF points, top-left origin","[""Matiary"", ""80/228-\n241"", ""9848"", ""9"", ""10"", ""11"", ""0"", ""11"", ""11"", ""0"", ""1"", ""1"", ""0"", ""1"", ""0"", ""4""]",West Bengal,Nadia,2013,gp_member_aggregate,Matiary,,80/228- 241,9848,9,10,11,0,11,11,0,1,1,0,1,0,4,ward_counts_not_office_status,native_extracted_review_stage,
0c7bacdfce8438ce422d,data/wb/gp_source_search/historical_expansion/nadia_Panchayat_20General_20Election_20-_20final_20book_election_202013__cf50563e.pdf,238810badd4a39a733192c9c269ae3cea0171701253e159de32ae912c1211c43,52,0,2,"[124.58000000000001, 116.18000000000006, 775.41999, 139.70000000000005]","PDF points, top-left origin","[""Faridpur"", ""80/242-\n255"", ""10933"", ""9"", ""10"", ""13"", ""0"", ""13"", ""13"", ""0"", ""3"", ""0"", ""0"", ""0"", ""3"", ""3""]",West Bengal,Nadia,2013,gp_member_aggregate,Faridpur,,80/242- 255,10933,9,10,13,0,13,13,0,3,0,0,0,3,3,ward_counts_not_office_status,native_extracted_review_stage,
4d76ce8fb521d4e5d8ed,data/wb/gp_source_search/historical_expansion/nadia_Panchayat_20General_20Election_20-_20final_20book_election_202013__cf50563e.pdf,238810badd4a39a733192c9c269ae3cea0171701253e159de32ae912c1211c43,52,0,3,"[124.58000000000001, 139.70000000000005, 775.41999, 166.46000000000004]","PDF points, top-left origin","[""Rajarampur-\nGhoraikshetra"", ""81/14-22"", ""7954"", ""8"", ""8"", ""9"", ""0"", ""9"", ""9"", ""0"", ""2"", ""0"", ""0"", ""1"", ""1"", ""2""]",West Bengal,Nadia,2013,gp_member_aggregate,Rajarampur- Ghoraikshetra,,81/14-22,7954,8,8,9,0,9,9,0,2,0,0,1,1,2,ward_counts_not_office_status,native_extracted_review_stage,
ea1da776f2ea8509f3d0,data/wb/gp_source_search/historical_expansion/nadia_Panchayat_20General_20Election_20-_20final_20book_election_202013__cf50563e.pdf,238810badd4a39a733192c9c269ae3cea0171701253e159de32ae912c1211c43,52,0,4,"[124.58000000000001, 166.46000000000004, 775.41999, 178.93999500000007]","PDF points, top-left origin","[""Palitbegia"", ""81/1-13"", ""10181"", ""9"", ""10"", ""12"", ""0"", ""12"", ""12"", ""0"", ""1"", ""1"", ""0"", ""1"", ""1"", ""4""]",West Bengal,Nadia,2013,gp_member_aggregate,Palitbegia,,81/1-13,10181,9,10,12,0,12,12,0,1,1,0,1,1,4,ward_counts_not_office_status,native_extracted_review_stage,
d98faefbf1c6d174e3b5,data/wb/gp_source_search/historical_expansion/nadia_Panchayat_20General_20Election_20-_20final_20book_election_202013__cf50563e.pdf,238810badd4a39a733192c9c269ae3cea0171701253e159de32ae912c1211c43,52,0,5,"[124.58000000000001, 178.93999500000007, 775.41999, 202.37000000000006]","PDF points, top-left origin","[""Debagram"", ""80/134-\n165"", ""25045"", ""18"", ""22"", ""28"", ""0"", ""28"", ""28"", ""0"", ""1"", ""6"", ""0"", ""4"", ""3"", ""7""]",West Bengal,Nadia,2013,gp_member_aggregate,Debagram,,80/134- 165,25045,18,22,28,0,28,28,0,1,6,0,4,3,7,ward_counts_not_office_status,native_extracted_review_stage,
706b66b7d6f0f769a084,data/wb/gp_source_search/historical_expansion/nadia_Panchayat_20General_20Election_20-_20final_20book_election_202013__cf50563e.pdf,238810badd4a39a733192c9c269ae3cea0171701253e159de32ae912c1211c43,52,1,0,"[124.58000000000001, 239.81000000000006, 775.41999, 253.24999500000007]","PDF points, top-left origin","[""Hridaypur"", ""82/17-35"", ""13481"", ""11"", ""13"", ""15"", ""0"", ""15"", ""15"", ""0"", ""0"", ""4"", ""0"", ""1"", ""2"", ""4""]",West Bengal,Nadia,2013,gp_member_aggregate,Hridaypur,,82/17-35,13481,11,13,15,0,15,15,0,0,4,0,1,2,4,ward_counts_not_office_status,native_extracted_review_stage,
65a56226b901ad92d7d8,data/wb/gp_source_search/historical_expansion/nadia_Panchayat_20General_20Election_20-_20final_20book_election_202013__cf50563e.pdf,238810badd4a39a733192c9c269ae3cea0171701253e159de32ae912c1211c43,52,1,1,"[124.58000000000001, 253.24999500000007, 775.41999, 266.68999500000007]","PDF points, top-left origin","[""Hatisala-I"", ""82/1-16"", ""12540"", ""8"", ""12"", ""14"", ""0"", ""14"", ""14"", ""0"", ""0"", ""3"", ""0"", ""1"", ""2"", ""4""]",West Bengal,Nadia,2013,gp_member_aggregate,Hatisala-I,,82/1-16,12540,8,12,14,0,14,14,0,0,3,0,1,2,4,ward_counts_not_office_status,native_extracted_review_stage,
02a51349d50731fa2f31,data/wb/gp_source_search/historical_expansion/nadia_Panchayat_20General_20Election_20-_20final_20book_election_202013__cf50563e.pdf,238810badd4a39a733192c9c269ae3cea0171701253e159de32ae912c1211c43,52,1,2,"[124.58000000000001, 266.68999500000007, 775.41999, 280.12999500000006]","PDF points, top-left origin","[""Hatisala-II"", ""82/36-52"", ""13319"", ""8"", ""13"", ""15"", ""0"", ""15"", ""15"", ""0"", ""1"", ""3"", ""0"", ""0"", ""3"", ""4""]",West Bengal,Nadia,2013,gp_member_aggregate,Hatisala-II,,82/36-52,13319,8,13,15,0,15,15,0,1,3,0,0,3,4,ward_counts_not_office_status,native_extracted_review_stage,
1c40b12036ff6cda59c9,data/wb/gp_source_search/historical_expansion/nadia_Panchayat_20General_20Election_20-_20final_20book_election_202013__cf50563e.pdf,238810badd4a39a733192c9c269ae3cea0171701253e159de32ae912c1211c43,52,1,3,"[124.58000000000001, 280.12999500000006, 775.41999, 293.56999500000006]","PDF points, top-left origin","[""Alfa"", ""82/53-71"", ""13392"", ""10"", ""13"", ""15"", ""0"", ""15"", ""15"", ""0"", ""0"", ""4"", ""0"", ""1"", ""2"", ""4""]",West Bengal,Nadia,2013,gp_member_aggregate,Alfa,,82/53-71,13392,10,13,15,0,15,15,0,0,4,0,1,2,4,ward_counts_not_office_status,native_extracted_review_stage,
e81aab44f21ccc7736e4,data/wb/gp_source_search/historical_expansion/nadia_Panchayat_20General_20Election_20-_20final_20book_election_202013__cf50563e.pdf,238810badd4a39a733192c9c269ae3cea0171701253e159de32ae912c1211c43,52,1,4,"[124.58000000000001, 293.56999500000006, 775.41999, 307.00999500000006]","PDF points, top-left origin","[""Brittihuda"", ""82/96-125"", ""19110"", ""13"", ""18"", ""22"", ""0"", ""22"", ""22"", ""0"", ""1"", ""5"", ""0"", ""0"", ""5"", ""6""]",West Bengal,Nadia,2013,gp_member_aggregate,Brittihuda,,82/96-125,19110,13,18,22,0,22,22,0,1,5,0,0,5,6,ward_counts_not_office_status,native_extracted_review_stage,
4e5f5f2f1092ff7d8c91,data/wb/gp_source_search/historical_expansion/nadia_Panchayat_20General_20Election_20-_20final_20book_election_202013__cf50563e.pdf,238810badd4a39a733192c9c269ae3cea0171701253e159de32ae912c1211c43,52,1,5,"[124.58000000000001, 307.00999500000006, 775.41999, 329.22999500000003]","PDF points, top-left origin","[""Chapra-I"", ""82/171-\n192"", ""14792"", ""9"", ""14"", ""17"", ""0"", ""17"", ""17"", ""0"", ""1"", ""3"", ""0"", ""1"", ""3"", ""4""]",West Bengal,Nadia,2013,gp_member_aggregate,Chapra-I,,82/171- 192,14792,9,14,17,0,17,17,0,1,3,0,1,3,4,ward_counts_not_office_status,native_extracted_review_stage,
4c6de00919ace77fdee5,data/wb/gp_source_search/historical_expansion/nadia_Panchayat_20General_20Election_20-_20final_20book_election_202013__cf50563e.pdf,238810badd4a39a733192c9c269ae3cea0171701253e159de32ae912c1211c43,52,1,6,"[124.58000000000001, 329.22999500000003, 775.41999, 351.3099950000001]","PDF points, top-left origin","[""Chapra-II"", ""82/193-\n209"", ""12555"", ""9"", ""12"", ""14"", ""0"", ""14"", ""14"", ""0"", ""1"", ""3"", ""0"", ""0"", ""3"", ""4""]",West Bengal,Nadia,2013,gp_member_aggregate,Chapra-II,,82/193- 209,12555,9,12,14,0,14,14,0,1,3,0,0,3,4,ward_counts_not_office_status,native_extracted_review_stage,
195f6c76f7b53b04c7b4,data/wb/gp_source_search/historical_expansion/nadia_Panchayat_20General_20Election_20-_20final_20book_election_202013__cf50563e.pdf,238810badd4a39a733192c9c269ae3cea0171701253e159de32ae912c1211c43,52,1,7,"[124.58000000000001, 351.3099950000001, 775.41999, 373.3900100000001]","PDF points, top-left origin","[""Mahatpur"", ""82/256-\n279"", ""16342"", ""11"", ""15"", ""19"", ""0"", ""19"", ""19"", ""0"", ""0"", ""5"", ""0"", ""2"", ""2"", ""5""]",West Bengal,Nadia,2013,gp_member_aggregate,Mahatpur,,82/256- 279,16342,11,15,19,0,19,19,0,0,5,0,2,2,5,ward_counts_not_office_status,native_extracted_review_stage,
21361b6bbcf5470417de,data/wb/gp_source_search/historical_expansion/nadia_Panchayat_20General_20Election_20-_20final_20book_election_202013__cf50563e.pdf,238810badd4a39a733192c9c269ae3cea0171701253e159de32ae912c1211c43,52,1,8,"[124.58000000000001, 373.3900100000001, 775.41999, 395.46999500000004]","PDF points, top-left origin","[""Kalinga"", ""82/210-\n240"", ""20652"", ""16"", ""20"", ""23"", ""0"", ""23"", ""23"", ""0"", ""3"", ""3"", ""0"", ""3"", ""2"", ""6""]",West Bengal,Nadia,2013,gp_member_aggregate,Kalinga,,82/210- 240,20652,16,20,23,0,23,23,0,3,3,0,3,2,6,ward_counts_not_office_status,native_extracted_review_stage,
49b6de22808c7518ec32,data/wb/gp_source_search/historical_expansion/nadia_Panchayat_20General_20Election_20-_20final_20book_election_202013__cf50563e.pdf,238810badd4a39a733192c9c269ae3cea0171701253e159de32ae912c1211c43,52,1,9,"[124.58000000000001, 395.46999500000004, 775.41999, 408.9099950000001]","PDF points, top-left origin","[""Hatkhola"", ""82/72-95"", ""14529"", ""11"", ""14"", ""17"", ""0"", ""17"", ""17"", ""0"", ""1"", ""3"", ""0"", ""1"", ""3"", ""4""]",West Bengal,Nadia,2013,gp_member_aggregate,Hatkhola,,82/72-95,14529,11,14,17,0,17,17,0,1,3,0,1,3,4,ward_counts_not_office_status,native_extracted_review_stage,
573271872d4ee0502dd0,data/wb/gp_source_search/historical_expansion/nadia_Panchayat_20General_20Election_20-_20final_20book_election_202013__cf50563e.pdf,238810badd4a39a733192c9c269ae3cea0171701253e159de32ae912c1211c43,52,1,10,"[124.58000000000001, 408.9099950000001, 775.41999, 430.9900100000001]","PDF points, top-left origin","[""Pipragachhi"", ""82/126-\n150"", ""18281"", ""12"", ""17"", ""21"", ""0"", ""21"", ""21"", ""0"", ""3"", ""2"", ""0"", ""4"", ""1"", ""5""]",West Bengal,Nadia,2013,gp_member_aggregate,Pipragachhi,,82/126- 150,18281,12,17,21,0,21,21,0,3,2,0,4,1,5,ward_counts_not_office_status,native_extracted_review_stage,
a881876b9f7f17e9b952,data/wb/gp_source_search/historical_expansion/nadia_Panchayat_20General_20Election_20-_20final_20book_election_202013__cf50563e.pdf,238810badd4a39a733192c9c269ae3cea0171701253e159de32ae912c1211c43,52,1,11,"[124.58000000000001, 430.9900100000001, 775.41999, 453.1000100000001]","PDF points, top-left origin","[""Maheshpur"", ""82/151-\n170"", ""13330"", ""9"", ""13"", ""15"", ""0"", ""15"", ""15"", ""0"", ""4"", ""0"", ""0"", ""3"", ""0"", ""4""]",West Bengal,Nadia,2013,gp_member_aggregate,Maheshpur,,82/151- 170,13330,9,13,15,0,15,15,0,4,0,0,3,0,4,ward_counts_not_office_status,native_extracted_review_stage,
7df2c70cfeaa11f9acc3,data/wb/gp_source_search/historical_expansion/nadia_Panchayat_20General_20Election_20-_20final_20book_election_202013__cf50563e.pdf,238810badd4a39a733192c9c269ae3cea0171701253e159de32ae912c1211c43,52,1,12,"[124.58000000000001, 453.1000100000001, 775.41999, 475.1799950000001]","PDF points, top-left origin","[""Bagberia"", ""82/241-\n255"", ""10831"", ""8"", ""10"", ""13"", ""0"", ""13"", ""13"", ""0"", ""2"", ""1"", ""0"", ""3"", ""0"", ""3""]",West Bengal,Nadia,2013,gp_member_aggregate,Bagberia,,82/241- 255,10831,8,10,13,0,13,13,0,2,1,0,3,0,3,ward_counts_not_office_status,native_extracted_review_stage,
18318a22d6e760fe19d7,data/wb/gp_source_search/historical_expansion/nadia_Panchayat_20General_20Election_20-_20final_20book_election_202013__cf50563e.pdf,238810badd4a39a733192c9c269ae3cea0171701253e159de32ae912c1211c43,52,1,14,"[124.58000000000001, 489.2200100000001, 775.41999, 511.29599500000006]","PDF points, top-left origin","[""Bhimpur"", ""83/167-\n193"", ""19723"", ""16"", ""19"", ""22"", ""0"", ""22"", ""22"", ""0"", ""6"", ""0"", ""0"", ""4"", ""1"", ""6""]",West Bengal,Nadia,2013,gp_member_aggregate,Bhimpur,,83/167- 193,19723,16,19,22,0,22,22,0,6,0,0,4,1,6,ward_counts_not_office_status,native_extracted_review_stage,
97b97e02dd6709f18ba2,data/wb/gp_source_search/historical_expansion/nadia_Panchayat_20General_20Election_20-_20final_20book_election_202013__cf50563e.pdf,238810badd4a39a733192c9c269ae3cea0171701253e159de32ae912c1211c43,53,0,0,"[124.58000000000001, 69.38, 775.41999, 91.46000000000004]","PDF points, top-left origin","[""Assannagar"", ""83/194-\n214"", ""16666"", ""12"", ""16"", ""19"", null, ""0"", ""19"", ""19"", null, ""0"", ""5"", ""0"", ""0"", ""4"", ""0"", ""5""]",West Bengal,Nadia,2013,gp_member_aggregate,Assannagar,,83/194- 214,16666,12,16,19,0,19,19,0,5,0,0,4,0,5,ward_counts_not_office_status,native_extracted_review_stage,
3fdd1a9bb3de509f574b,data/wb/gp_source_search/historical_expansion/nadia_Panchayat_20General_20Election_20-_20final_20book_election_202013__cf50563e.pdf,238810badd4a39a733192c9c269ae3cea0171701253e159de32ae912c1211c43,53,0,1,"[124.58000000000001, 91.46000000000004, 775.41999, 113.54000000000002]","PDF points, top-left origin","[""Bhanderkhola"", ""83/146-\n166"", ""15241"", ""12"", ""14"", ""17"", null, ""0"", ""17"", ""17"", null, ""0"", ""2"", ""2"", ""0"", ""3"", ""1"", ""4""]",West Bengal,Nadia,2013,gp_member_aggregate,Bhanderkhola,,83/146- 166,15241,12,14,17,0,17,17,0,2,2,0,3,1,4,ward_counts_not_office_status,native_extracted_review_stage,
382bce84be2a10864d2b,data/wb/gp_source_search/historical_expansion/nadia_Panchayat_20General_20Election_20-_20final_20book_election_202013__cf50563e.pdf,238810badd4a39a733192c9c269ae3cea0171701253e159de32ae912c1211c43,53,0,2,"[124.58000000000001, 113.54000000000002, 775.41999, 135.62000000000006]","PDF points, top-left origin","[""Poragachha"", ""83/215-\n237"", ""16862"", ""15"", ""16"", ""19"", null, ""0"", ""19"", ""19"", null, ""0"", ""2"", ""3"", ""0"", ""2"", ""2"", ""5""]",West Bengal,Nadia,2013,gp_member_aggregate,Poragachha,,83/215- 237,16862,15,16,19,0,19,19,0,2,3,0,2,2,5,ward_counts_not_office_status,native_extracted_review_stage,
ec32c981e92fc3e725d6,data/wb/gp_source_search/historical_expansion/nadia_Panchayat_20General_20Election_20-_20final_20book_election_202013__cf50563e.pdf,238810badd4a39a733192c9c269ae3cea0171701253e159de32ae912c1211c43,53,0,3,"[124.58000000000001, 135.62000000000006, 775.41999, 157.70000000000005]","PDF points, top-left origin","[""Dogachhi"", ""83/238-\n268"", ""24388"", ""16"", ""21"", ""28"", null, ""0"", ""28"", ""28"", null, ""3"", ""4"", ""0"", ""0"", ""7"", ""0"", ""7""]",West Bengal,Nadia,2013,gp_member_aggregate,Dogachhi,,83/238- 268,24388,16,21,28,0,28,28,3,4,0,0,7,0,7,ward_counts_not_office_status,native_extracted_review_stage,
25086d8b9b0789675c3b,data/wb/gp_source_search/historical_expansion/nadia_Panchayat_20General_20Election_20-_20final_20book_election_202013__cf50563e.pdf,238810badd4a39a733192c9c269ae3cea0171701253e159de32ae912c1211c43,53,0,4,"[124.58000000000001, 157.70000000000005, 775.41999, 179.78000000000003]","PDF points, top-left origin","[""Bhatjungla"", ""85/163-\n193"", ""23907"", ""17"", ""22"", ""27"", null, ""0"", ""27"", ""27"", null, ""0"", ""4"", ""3"", ""0"", ""5"", ""1"", ""7""]",West Bengal,Nadia,2013,gp_member_aggregate,Bhatjungla,,85/163- 193,23907,17,22,27,0,27,27,0,4,3,0,5,1,7,ward_counts_not_office_status,native_extracted_review_stage,
8f6a8d806c696c854401,data/wb/gp_source_search/historical_expansion/nadia_Panchayat_20General_20Election_20-_20final_20book_election_202013__cf50563e.pdf,238810badd4a39a733192c9c269ae3cea0171701253e159de32ae912c1211c43,53,0,5,"[124.58000000000001, 179.78000000000003, 775.41999, 201.88999500000006]","PDF points, top-left origin","[""Chak-Dignagar"", ""85/194-\n215"", ""15841"", ""13"", ""16"", ""18"", null, ""0"", ""18"", ""18"", null, ""1"", ""4"", ""0"", ""0"", ""4"", ""0"", ""5""]",West Bengal,Nadia,2013,gp_member_aggregate,Chak-Dignagar,,85/194- 215,15841,13,16,18,0,18,18,1,4,0,0,4,0,5,ward_counts_not_office_status,native_extracted_review_stage,
5580a0a5260f6ce548ba,data/wb/gp_source_search/historical_expansion/nadia_Panchayat_20General_20Election_20-_20final_20book_election_202013__cf50563e.pdf,238810badd4a39a733192c9c269ae3cea0171701253e159de32ae912c1211c43,53,0,6,"[124.58000000000001, 201.88999500000006, 775.41999, 223.96999500000004]","PDF points, top-left origin","[""Dignagar"", ""85/216-\n236"", ""15697"", ""13"", ""15"", ""18"", null, ""0"", ""18"", ""18"", null, ""0"", ""2"", ""2"", ""0"", ""1"", ""3"", ""5""]",West Bengal,Nadia,2013,gp_member_aggregate,Dignagar,,85/216- 236,15697,13,15,18,0,18,18,0,2,2,0,1,3,5,ward_counts_not_office_status,native_extracted_review_stage,
e45b9c4ef1f3eb8c042e,data/wb/gp_source_search/historical_expansion/nadia_Panchayat_20General_20Election_20-_20final_20book_election_202013__cf50563e.pdf,238810badd4a39a733192c9c269ae3cea0171701253e159de32ae912c1211c43,53,0,7,"[124.58000000000001, 223.96999500000004, 775.41999, 246.04999500000008]","PDF points, top-left origin","[""Deypara"", ""85/117-\n141"", ""18504"", ""15"", ""17"", ""21"", null, ""0"", ""21"", ""21"", null, ""0"", ""3"", ""2"", ""0"", ""3"", ""2"", ""5""]",West Bengal,Nadia,2013,gp_member_aggregate,Deypara,,85/117- 141,18504,15,17,21,0,21,21,0,3,2,0,3,2,5,ward_counts_not_office_status,native_extracted_review_stage,
6a28692e0481fa71a46b,data/wb/gp_source_search/historical_expansion/nadia_Panchayat_20General_20Election_20-_20final_20book_election_202013__cf50563e.pdf,238810badd4a39a733192c9c269ae3cea0171701253e159de32ae912c1211c43,53,0,8,"[124.58000000000001, 246.04999500000008, 775.41999, 268.12999500000006]","PDF points, top-left origin","[""Joania"", ""84/245-\n264"", ""14004"", ""11"", ""13"", ""16"", null, ""0"", ""16"", ""16"", null, ""2"", ""2"", ""0"", ""1"", ""3"", ""0"", ""4""]",West Bengal,Nadia,2013,gp_member_aggregate,Joania,,84/245- 264,14004,11,13,16,0,16,16,2,2,0,1,3,0,4,ward_counts_not_office_status,native_extracted_review_stage,
4c915832ee4c59a50c4e,data/wb/gp_source_search/historical_expansion/nadia_Panchayat_20General_20Election_20-_20final_20book_election_202013__cf50563e.pdf,238810badd4a39a733192c9c269ae3cea0171701253e159de32ae912c1211c43,53,0,9,"[124.58000000000001, 268.12999500000006, 775.41999, 290.21001]","PDF points, top-left origin","[""Ruipukur"", ""85/142-\n162"", ""15162"", ""12"", ""15"", ""17"", null, ""0"", ""17"", ""17"", null, ""0"", ""1"", ""3"", ""0"", ""3"", ""1"", ""4""]",West Bengal,Nadia,2013,gp_member_aggregate,Ruipukur,,85/142- 162,15162,12,15,17,0,17,17,0,1,3,0,3,1,4,ward_counts_not_office_status,native_extracted_review_stage,
cafced6f1f1ef05c8176,data/wb/gp_source_search/historical_expansion/nadia_Panchayat_20General_20Election_20-_20final_20book_election_202013__cf50563e.pdf,238810badd4a39a733192c9c269ae3cea0171701253e159de32ae912c1211c43,53,0,10,"[124.58000000000001, 290.21001, 775.41999, 312.28999500000003]","PDF points, top-left origin","[""Bhaluka"", ""84/228-\n244"", ""12136"", ""9"", ""11"", ""14"", null, ""0"", ""14"", ""14"", null, ""0"", ""3"", ""1"", ""0"", ""1"", ""2"", ""4""]",West Bengal,Nadia,2013,gp_member_aggregate,Bhaluka,,84/228- 244,12136,9,11,14,0,14,14,0,3,1,0,1,2,4,ward_counts_not_office_status,native_extracted_review_stage,
be3eae0c6cfe56c9deff,data/wb/gp_source_search/historical_expansion/nadia_Panchayat_20General_20Election_20-_20final_20book_election_202013__cf50563e.pdf,238810badd4a39a733192c9c269ae3cea0171701253e159de32ae912c1211c43,53,0,13,"[124.58000000000001, 347.58999500000004, 775.41999, 362.34999500000004]","PDF points, top-left origin","[""Krishnaganj"", ""88/73-96"", ""17449"", ""13"", ""17"", ""20"", null, ""0"", ""20"", ""20"", ""0"", null, ""5"", ""0"", ""0"", ""5"", ""0"", ""5""]",West Bengal,Nadia,2013,gp_member_aggregate,Krishnaganj,,88/73-96,17449,13,17,20,0,20,20,0,5,0,0,5,0,5,ward_counts_not_office_status,native_extracted_review_stage,
7c3bb72afbc074469eee,data/wb/gp_source_search/historical_expansion/nadia_Panchayat_20General_20Election_20-_20final_20book_election_202013__cf50563e.pdf,238810badd4a39a733192c9c269ae3cea0171701253e159de32ae912c1211c43,53,0,14,"[124.58000000000001, 362.34999500000004, 775.41999, 385.749995]","PDF points, top-left origin","[""Shibnibash"", ""88/97-\n111"", ""11409"", ""7"", ""11"", ""13"", null, ""0"", ""13"", ""13"", ""0"", null, ""3"", ""0"", ""1"", ""2"", ""0"", ""3""]",West Bengal,Nadia,2013,gp_member_aggregate,Shibnibash,,88/97- 111,11409,7,11,13,0,13,13,0,3,0,1,2,0,3,ward_counts_not_office_status,native_extracted_review_stage,
5fc2f00292a19df6713b,data/wb/gp_source_search/historical_expansion/nadia_Panchayat_20General_20Election_20-_20final_20book_election_202013__cf50563e.pdf,238810badd4a39a733192c9c269ae3cea0171701253e159de32ae912c1211c43,53,0,15,"[124.58000000000001, 385.749995, 775.41999, 400.50999500000006]","PDF points, top-left origin","[""Taldaha-Majdia"", ""88/35-55"", ""15359"", ""12"", ""15"", ""18"", null, ""0"", ""18"", ""18"", ""2"", null, ""3"", ""0"", ""0"", ""4"", ""0"", ""5""]",West Bengal,Nadia,2013,gp_member_aggregate,Taldaha-Majdia,,88/35-55,15359,12,15,18,0,18,18,2,3,0,0,4,0,5,ward_counts_not_office_status,native_extracted_review_stage,
0d4228380c8d13308dc9,data/wb/gp_source_search/historical_expansion/nadia_Panchayat_20General_20Election_20-_20final_20book_election_202013__cf50563e.pdf,238810badd4a39a733192c9c269ae3cea0171701253e159de32ae912c1211c43,53,0,16,"[124.58000000000001, 400.50999500000006, 775.41999, 415.27001000000007]","PDF points, top-left origin","[""Joyghata"", ""88/56-72"", ""14831"", ""12"", ""14"", ""17"", null, ""0"", ""17"", ""17"", ""0"", null, ""4"", ""0"", ""0"", ""4"", ""0"", ""4""]",West Bengal,Nadia,2013,gp_member_aggregate,Joyghata,,88/56-72,14831,12,14,17,0,17,17,0,4,0,0,4,0,4,ward_counts_not_office_status,native_extracted_review_stage,
e779bd36ebd2587d3ff0,data/wb/gp_source_search/historical_expansion/nadia_Panchayat_20General_20Election_20-_20final_20book_election_202013__cf50563e.pdf,238810badd4a39a733192c9c269ae3cea0171701253e159de32ae912c1211c43,53,0,17,"[124.58000000000001, 415.27001000000007, 775.41999, 430.02999500000004]","PDF points, top-left origin","[""Gobindapur"", ""88/1-15"", ""11181"", ""8"", ""11"", ""13"", null, ""0"", ""13"", ""13"", ""1"", null, ""2"", ""0"", ""0"", ""3"", ""0"", ""3""]",West Bengal,Nadia,2013,gp_member_aggregate,Gobindapur,,88/1-15,11181,8,11,13,0,13,13,1,2,0,0,3,0,3,ward_counts_not_office_status,native_extracted_review_stage,
18f4d38b5303dc8ce594,data/wb/gp_source_search/historical_expansion/nadia_Panchayat_20General_20Election_20-_20final_20book_election_202013__cf50563e.pdf,238810badd4a39a733192c9c269ae3cea0171701253e159de32ae912c1211c43,53,0,18,"[124.58000000000001, 430.02999500000004, 775.41999, 444.69999500000006]","PDF points, top-left origin","[""Matiary-Banpur"", ""88/16-34"", ""15060"", ""11"", ""15"", ""17"", null, ""0"", ""17"", ""17"", ""1"", null, ""3"", ""0"", ""0"", ""2"", ""2"", ""4""]",West Bengal,Nadia,2013,gp_member_aggregate,Matiary-Banpur,,88/16-34,15060,11,15,17,0,17,17,1,3,0,0,2,2,4,ward_counts_not_office_status,native_extracted_review_stage,
f25e60cd6d6a14db7d62,data/wb/gp_source_search/historical_expansion/nadia_Panchayat_20General_20Election_20-_20final_20book_election_202013__cf50563e.pdf,238810badd4a39a733192c9c269ae3cea0171701253e159de32ae912c1211c43,53,0,19,"[124.58000000000001, 444.69999500000006, 775.41999, 468.2200100000001]","PDF points, top-left origin","[""Bhajanghat-Tungi"", ""88/112-\n129"", ""12536"", ""8"", ""12"", ""14"", null, ""0"", ""14"", ""14"", ""2"", null, ""2"", ""0"", ""0"", ""3"", ""0"", ""4""]",West Bengal,Nadia,2013,gp_member_aggregate,Bhajanghat-Tungi,,88/112- 129,12536,8,12,14,0,14,14,2,2,0,0,3,0,4,ward_counts_not_office_status,native_extracted_review_stage,
8527deca70769e6cbbd9,data/wb/gp_source_search/historical_expansion/nadia_Panchayat_20General_20Election_20-_20final_20book_election_202013__cf50563e.pdf,238810badd4a39a733192c9c269ae3cea0171701253e159de32ae912c1211c43,53,0,21,"[124.58000000000001, 491.97999500000003, 775.41999, 512.01601]","PDF points, top-left origin","[""Naopara-I"", ""85/17-34"", ""13773"", ""10"", ""13"", null, ""16"", ""0"", ""16"", ""16"", ""0"", null, ""2"", ""2"", ""0"", ""1"", ""3"", ""4""]",West Bengal,Nadia,2013,gp_member_aggregate,Naopara-I,,85/17-34,13773,10,13,16,0,16,16,0,2,2,0,1,3,4,ward_counts_not_office_status,native_extracted_review_stage,
bf766356771a7dbd7730,data/wb/gp_source_search/historical_expansion/nadia_Panchayat_20General_20Election_20-_20final_20book_election_202013__cf50563e.pdf,238810badd4a39a733192c9c269ae3cea0171701253e159de32ae912c1211c43,54,0,0,"[124.58000000000001, 69.38, 775.41999, 86.42000000000002]","PDF points, top-left origin","[""Naopara-II"", ""85/35-48"", ""10377"", null, ""8"", ""10"", ""12"", ""0"", ""12"", ""12"", null, ""0"", null, ""1"", ""2"", ""0"", ""0"", null, ""3"", null, ""3""]",West Bengal,Nadia,2013,gp_member_aggregate,Naopara-II,,85/35-48,10377,8,10,12,0,12,12,0,1,2,0,0,3,3,ward_counts_not_office_status,native_extracted_review_stage,
c8a06fe6822711672ea2,data/wb/gp_source_search/historical_expansion/nadia_Panchayat_20General_20Election_20-_20final_20book_election_202013__cf50563e.pdf,238810badd4a39a733192c9c269ae3cea0171701253e159de32ae912c1211c43,54,0,1,"[124.58000000000001, 86.42000000000002, 775.41999, 101.06000000000006]","PDF points, top-left origin","[""Sadhanpara-I"", ""85/1-16"", ""12088"", null, ""9"", ""12"", ""14"", ""0"", ""14"", ""14"", null, ""0"", null, ""2"", ""2"", ""0"", ""0"", null, ""3"", null, ""4""]",West Bengal,Nadia,2013,gp_member_aggregate,Sadhanpara-I,,85/1-16,12088,9,12,14,0,14,14,0,2,2,0,0,3,4,ward_counts_not_office_status,native_extracted_review_stage,
658f754bcb882ca4c3aa,data/wb/gp_source_search/historical_expansion/nadia_Panchayat_20General_20Election_20-_20final_20book_election_202013__cf50563e.pdf,238810badd4a39a733192c9c269ae3cea0171701253e159de32ae912c1211c43,54,0,2,"[124.58000000000001, 101.06000000000006, 775.41999, 116.66000000000003]","PDF points, top-left origin","[""Sadhanpara-II"", ""85/49-58"", ""8574"", null, ""6"", ""8"", ""10"", ""0"", ""10"", ""10"", null, ""0"", null, ""3"", ""0"", ""1"", ""1"", null, ""0"", null, ""3""]",West Bengal,Nadia,2013,gp_member_aggregate,Sadhanpara-II,,85/49-58,8574,6,8,10,0,10,10,0,3,0,1,1,0,3,ward_counts_not_office_status,native_extracted_review_stage,
164f99f1ee40f07a47c5,data/wb/gp_source_search/historical_expansion/nadia_Panchayat_20General_20Election_20-_20final_20book_election_202013__cf50563e.pdf,238810badd4a39a733192c9c269ae3cea0171701253e159de32ae912c1211c43,54,0,3,"[124.58000000000001, 116.66000000000003, 775.41999, 131.42000000000002]","PDF points, top-left origin","[""Belpukur"", ""85/59-81"", ""18220"", null, ""14"", ""18"", ""21"", ""0"", ""21"", ""21"", null, ""0"", null, ""1"", ""4"", ""0"", ""1"", null, ""4"", null, ""5""]",West Bengal,Nadia,2013,gp_member_aggregate,Belpukur,,85/59-81,18220,14,18,21,0,21,21,0,1,4,0,1,4,5,ward_counts_not_office_status,native_extracted_review_stage,
717402b1e22490e986ed,data/wb/gp_source_search/historical_expansion/nadia_Panchayat_20General_20Election_20-_20final_20book_election_202013__cf50563e.pdf,238810badd4a39a733192c9c269ae3cea0171701253e159de32ae912c1211c43,54,0,4,"[124.58000000000001, 131.42000000000002, 775.41999, 154.82000000000005]","PDF points, top-left origin","[""Dhubulia-I"", ""85/82-\n100"", ""14616"", null, ""10"", ""14"", ""17"", ""0"", ""17"", ""17"", null, ""0"", null, ""3"", ""1"", ""0"", ""2"", null, ""2"", null, ""4""]",West Bengal,Nadia,2013,gp_member_aggregate,Dhubulia-I,,85/82- 100,14616,10,14,17,0,17,17,0,3,1,0,2,2,4,ward_counts_not_office_status,native_extracted_review_stage,
ce3c8322e6879fc97cf5,data/wb/gp_source_search/historical_expansion/nadia_Panchayat_20General_20Election_20-_20final_20book_election_202013__cf50563e.pdf,238810badd4a39a733192c9c269ae3cea0171701253e159de32ae912c1211c43,54,0,5,"[124.58000000000001, 154.82000000000005, 775.41999, 178.22000000000003]","PDF points, top-left origin","[""Dhubulia-II"", ""85/101-\n116"", ""11286"", null, ""9"", ""11"", ""13"", ""0"", ""13"", ""13"", null, ""0"", null, ""1"", ""2"", ""0"", ""1"", null, ""2"", null, ""3""]",West Bengal,Nadia,2013,gp_member_aggregate,Dhubulia-II,,85/101- 116,11286,9,11,13,0,13,13,0,1,2,0,1,2,3,ward_counts_not_office_status,native_extracted_review_stage,
79914b2a7b629d5cd971,data/wb/gp_source_search/historical_expansion/nadia_Panchayat_20General_20Election_20-_20final_20book_election_202013__cf50563e.pdf,238810badd4a39a733192c9c269ae3cea0171701253e159de32ae912c1211c43,54,0,7,"[124.58000000000001, 190.73000000000002, 775.41999, 219.05000000000007]","PDF points, top-left origin","[""Mayapur\nBamanpukur-II"", ""84/1-13"", ""10132"", null, ""9"", ""10"", ""12"", ""0"", ""12"", ""12"", null, ""0"", null, ""1"", ""2"", ""0"", ""0"", null, ""3"", null, ""3""]",West Bengal,Nadia,2013,gp_member_aggregate,Mayapur Bamanpukur-II,,84/1-13,10132,9,10,12,0,12,12,0,1,2,0,0,3,3,ward_counts_not_office_status,native_extracted_review_stage,
d38acb8db9d941bb1937,data/wb/gp_source_search/historical_expansion/nadia_Panchayat_20General_20Election_20-_20final_20book_election_202013__cf50563e.pdf,238810badd4a39a733192c9c269ae3cea0171701253e159de32ae912c1211c43,54,0,8,"[124.58000000000001, 219.05000000000007, 775.41999, 247.96999500000004]","PDF points, top-left origin","[""Mayapur\nBamanpukur-I"", ""84/14-30"", ""13854"", null, ""10"", ""13"", ""16"", ""0"", ""16"", ""16"", null, ""0"", null, ""1"", ""2"", ""0"", ""1"", null, ""1"", null, ""6""]",West Bengal,Nadia,2013,gp_member_aggregate,Mayapur Bamanpukur-I,,84/14-30,13854,10,13,16,0,16,16,0,1,2,0,1,1,6,ward_counts_not_office_status,native_extracted_review_stage,
bf23451587595a4dd2f0,data/wb/gp_source_search/historical_expansion/nadia_Panchayat_20General_20Election_20-_20final_20book_election_202013__cf50563e.pdf,238810badd4a39a733192c9c269ae3cea0171701253e159de32ae912c1211c43,54,0,9,"[124.58000000000001, 247.96999500000004, 775.41999, 271.4900100000001]","PDF points, top-left origin","[""Swarupganj"", ""84/154-\n181"", ""19496"", null, ""14"", ""19"", ""22"", ""0"", ""22"", ""22"", null, ""0"", null, ""2"", ""4"", ""0"", ""3"", null, ""2"", null, ""6""]",West Bengal,Nadia,2013,gp_member_aggregate,Swarupganj,,84/154- 181,19496,14,19,22,0,22,22,0,2,4,0,3,2,6,ward_counts_not_office_status,native_extracted_review_stage,
3b8dd646e29c56d66e93,data/wb/gp_source_search/historical_expansion/nadia_Panchayat_20General_20Election_20-_20final_20book_election_202013__cf50563e.pdf,238810badd4a39a733192c9c269ae3cea0171701253e159de32ae912c1211c43,54,0,10,"[124.58000000000001, 271.4900100000001, 775.41999, 297.40999500000004]","PDF points, top-left origin","[""Charmajdia\nCharbramhanagar"", ""84/182-\n192"", ""9416"", null, ""7"", ""10"", ""11"", ""0"", ""11"", ""11"", null, ""0"", null, ""2"", ""1"", ""0"", ""1"", null, ""1"", null, ""3""]",West Bengal,Nadia,2013,gp_member_aggregate,Charmajdia Charbramhanagar,,84/182- 192,9416,7,10,11,0,11,11,0,2,1,0,1,1,3,ward_counts_not_office_status,native_extracted_review_stage,
2359f0139fae1805bd47,data/wb/gp_source_search/historical_expansion/nadia_Panchayat_20General_20Election_20-_20final_20book_election_202013__cf50563e.pdf,238810badd4a39a733192c9c269ae3cea0171701253e159de32ae912c1211c43,54,0,11,"[124.58000000000001, 297.40999500000004, 775.41999, 312.17001000000005]","PDF points, top-left origin","[""Bablari"", ""84/31-37"", ""5718"", null, ""4"", ""6"", ""7"", ""0"", ""7"", ""7"", null, ""0"", null, ""1"", ""1"", ""0"", ""0"", null, ""1"", null, ""2""]",West Bengal,Nadia,2013,gp_member_aggregate,Bablari,,84/31-37,5718,4,6,7,0,7,7,0,1,1,0,0,1,2,ward_counts_not_office_status,native_extracted_review_stage,
19774a38e7d2fd84ecd1,data/wb/gp_source_search/historical_expansion/nadia_Panchayat_20General_20Election_20-_20final_20book_election_202013__cf50563e.pdf,238810badd4a39a733192c9c269ae3cea0171701253e159de32ae912c1211c43,54,0,12,"[124.58000000000001, 312.17001000000005, 775.41999, 335.71001]","PDF points, top-left origin","[""Mahishura"", ""84/217-\n227"", ""8088"", null, ""8"", ""8"", ""9"", ""0"", ""9"", ""9"", null, ""0"", null, ""0"", ""2"", ""0"", ""1"", null, ""1"", null, ""2""]",West Bengal,Nadia,2013,gp_member_aggregate,Mahishura,,84/217- 227,8088,8,8,9,0,9,9,0,0,2,0,1,1,2,ward_counts_not_office_status,native_extracted_review_stage,
a59f3b7b010956da55f1,data/wb/gp_source_search/historical_expansion/nadia_Panchayat_20General_20Election_20-_20final_20book_election_202013__cf50563e.pdf,238810badd4a39a733192c9c269ae3cea0171701253e159de32ae912c1211c43,54,0,13,"[124.58000000000001, 335.71001, 775.41999, 359.1100100000001]","PDF points, top-left origin","[""Majdia-Panshila"", ""84/193-\n216"", ""16616"", null, ""13"", ""16"", ""19"", ""0"", ""19"", ""19"", null, ""1"", null, ""2"", ""2"", ""0"", ""3"", null, ""1"", null, ""5""]",West Bengal,Nadia,2013,gp_member_aggregate,Majdia-Panshila,,84/193- 216,16616,13,16,19,0,19,19,1,2,2,0,3,1,5,ward_counts_not_office_status,native_extracted_review_stage,
7b4562d32afa6a1622e2,data/wb/gp_source_search/historical_expansion/nadia_Panchayat_20General_20Election_20-_20final_20book_election_202013__cf50563e.pdf,238810badd4a39a733192c9c269ae3cea0171701253e159de32ae912c1211c43,54,0,14,"[124.58000000000001, 359.1100100000001, 775.41999, 388.02999500000004]","PDF points, top-left origin","[""Fakhirdanga\nGholapara"", ""84/265-\n274"", ""7045"", null, ""6"", ""7"", ""8"", ""0"", ""8"", ""8"", null, ""0"", null, ""0"", ""2"", ""0"", ""0"", null, ""2"", null, ""2""]",West Bengal,Nadia,2013,gp_member_aggregate,Fakhirdanga Gholapara,,84/265- 274,7045,6,7,8,0,8,8,0,0,2,0,0,2,2,ward_counts_not_office_status,native_extracted_review_stage,
70f7970e227f9dbab996,data/wb/gp_source_search/historical_expansion/nadia_Panchayat_20General_20Election_20-_20final_20book_election_202013__cf50563e.pdf,238810badd4a39a733192c9c269ae3cea0171701253e159de32ae912c1211c43,54,0,17,"[124.58000000000001, 430.50999500000006, 775.41999, 452.13999500000006]","PDF points, top-left origin","[""Gayeshpur"", ""86/1-19"", null, ""13216"", ""11"", ""13"", ""15"", ""0"", ""15"", null, ""15"", ""0"", ""4"", null, ""0"", ""1"", null, ""1"", null, ""1"", ""4""]",West Bengal,Nadia,2013,gp_member_aggregate,Gayeshpur,,86/1-19,13216,11,13,15,0,15,15,0,4,0,1,1,1,4,ward_counts_not_office_status,native_extracted_review_stage,
ed0b09aa21b3bbf5d74a,data/wb/gp_source_search/historical_expansion/nadia_Panchayat_20General_20Election_20-_20final_20book_election_202013__cf50563e.pdf,238810badd4a39a733192c9c269ae3cea0171701253e159de32ae912c1211c43,54,0,18,"[124.58000000000001, 452.13999500000006, 775.41999, 466.78001000000006]","PDF points, top-left origin","[""Baganchara"", ""86/20-34"", null, ""11399"", ""9"", ""11"", ""13"", ""0"", ""13"", null, ""13"", ""0"", ""3"", null, ""0"", ""0"", null, ""3"", null, ""0"", ""3""]",West Bengal,Nadia,2013,gp_member_aggregate,Baganchara,,86/20-34,11399,9,11,13,0,13,13,0,3,0,0,3,0,3,ward_counts_not_office_status,native_extracted_review_stage,
c5b5c083deea1b0c56f2,data/wb/gp_source_search/historical_expansion/nadia_Panchayat_20General_20Election_20-_20final_20book_election_202013__cf50563e.pdf,238810badd4a39a733192c9c269ae3cea0171701253e159de32ae912c1211c43,54,0,19,"[124.58000000000001, 466.78001000000006, 775.41999, 481.53999500000003]","PDF points, top-left origin","[""Arbandi-II"", ""87/1-16"", null, ""12972"", ""12"", ""12"", ""15"", ""0"", ""15"", null, ""15"", ""1"", ""2"", null, ""1"", ""0"", null, ""3"", null, ""0"", ""4""]",West Bengal,Nadia,2013,gp_member_aggregate,Arbandi-II,,87/1-16,12972,12,12,15,0,15,15,1,2,1,0,3,0,4,ward_counts_not_office_status,native_extracted_review_stage,
519f43773795d9d20a90,data/wb/gp_source_search/historical_expansion/nadia_Panchayat_20General_20Election_20-_20final_20book_election_202013__cf50563e.pdf,238810badd4a39a733192c9c269ae3cea0171701253e159de32ae912c1211c43,54,0,20,"[124.58000000000001, 481.53999500000003, 775.41999, 496.29599500000006]","PDF points, top-left origin","[""Arbandi-I"", ""87/17-32"", null, ""12135"", ""9"", ""12"", ""14"", ""0"", ""14"", null, ""14"", ""1"", ""3"", null, ""0"", ""0"", null, ""2"", null, ""1"", ""4""]",West Bengal,Nadia,2013,gp_member_aggregate,Arbandi-I,,87/17-32,12135,9,12,14,0,14,14,1,3,0,0,2,1,4,ward_counts_not_office_status,native_extracted_review_stage,
03022524c15f45871106,data/wb/gp_source_search/historical_expansion/nadia_Panchayat_20General_20Election_20-_20final_20book_election_202013__cf50563e.pdf,238810badd4a39a733192c9c269ae3cea0171701253e159de32ae912c1211c43,54,0,21,"[124.58000000000001, 496.29599500000006, 775.41999, 511.05601]","PDF points, top-left origin","[""Babla"", ""86/35-56"", null, ""17635"", ""14"", ""17"", ""20"", ""0"", ""20"", null, ""20"", ""0"", ""5"", null, ""0"", ""1"", null, ""1"", null, ""3"", ""5""]",West Bengal,Nadia,2013,gp_member_aggregate,Babla,,86/35-56,17635,14,17,20,0,20,20,0,5,0,1,1,3,5,ward_counts_not_office_status,native_extracted_review_stage,
b04a302b02a7b6fd264c,data/wb/gp_source_search/historical_expansion/nadia_Panchayat_20General_20Election_20-_20final_20book_election_202013__cf50563e.pdf,238810badd4a39a733192c9c269ae3cea0171701253e159de32ae912c1211c43,55,0,0,"[124.58, 69.38, 775.41999, 84.14000000000004]","PDF points, top-left origin","[""Haripur"", ""86/57-85"", ""22674"", ""16"", ""21"", ""26"", ""0"", ""26"", ""26"", ""0"", ""7"", ""0"", ""0"", ""6"", ""0"", ""7""]",West Bengal,Nadia,2013,gp_member_aggregate,Haripur,,86/57-85,22674,16,21,26,0,26,26,0,7,0,0,6,0,7,ward_counts_not_office_status,native_extracted_review_stage,
0d3da4a975924aa6878a,data/wb/gp_source_search/historical_expansion/nadia_Panchayat_20General_20Election_20-_20final_20book_election_202013__cf50563e.pdf,238810badd4a39a733192c9c269ae3cea0171701253e159de32ae912c1211c43,55,0,1,"[124.58, 84.14000000000004, 775.41999, 107.54000000000002]","PDF points, top-left origin","[""Belgoria-II"", ""86/218-\n233"", ""12865"", ""9"", ""12"", ""15"", ""0"", ""15"", ""15"", ""0"", ""4"", ""0"", ""0"", ""3"", ""0"", ""4""]",West Bengal,Nadia,2013,gp_member_aggregate,Belgoria-II,,86/218- 233,12865,9,12,15,0,15,15,0,4,0,0,3,0,4,ward_counts_not_office_status,native_extracted_review_stage,
375798c96f607a0f4fd9,data/wb/gp_source_search/historical_expansion/nadia_Panchayat_20General_20Election_20-_20final_20book_election_202013__cf50563e.pdf,238810badd4a39a733192c9c269ae3cea0171701253e159de32ae912c1211c43,55,0,2,"[124.58, 107.54000000000002, 775.41999, 130.93999500000007]","PDF points, top-left origin","[""Belgoria-I"", ""86/234-\n256"", ""17819"", ""13"", ""17"", ""20"", ""0"", ""20"", ""20"", ""0"", ""3"", ""2"", ""1"", ""3"", ""1"", ""5""]",West Bengal,Nadia,2013,gp_member_aggregate,Belgoria-I,,86/234- 256,17819,13,17,20,0,20,20,0,3,2,1,3,1,5,ward_counts_not_office_status,native_extracted_review_stage,
96f3048a05ad49db144b,data/wb/gp_source_search/historical_expansion/nadia_Panchayat_20General_20Election_20-_20final_20book_election_202013__cf50563e.pdf,238810badd4a39a733192c9c269ae3cea0171701253e159de32ae912c1211c43,55,0,3,"[124.58, 130.93999500000007, 775.41999, 145.70000000000005]","PDF points, top-left origin","[""Fulia Township"", ""87/65-72"", ""6118"", ""4"", ""7"", ""7"", ""0"", ""7"", ""7"", ""0"", ""1"", ""1"", ""0"", ""1"", ""0"", ""2""]",West Bengal,Nadia,2013,gp_member_aggregate,Fulia Township,,87/65-72,6118,4,7,7,0,7,7,0,1,1,0,1,0,2,ward_counts_not_office_status,native_extracted_review_stage,
a41c8499aaad624ad844,data/wb/gp_source_search/historical_expansion/nadia_Panchayat_20General_20Election_20-_20final_20book_election_202013__cf50563e.pdf,238810badd4a39a733192c9c269ae3cea0171701253e159de32ae912c1211c43,55,0,4,"[124.58, 145.70000000000005, 775.41999, 160.46000000000004]","PDF points, top-left origin","[""Nabla"", ""87/33-64"", ""24125"", ""17"", ""23"", ""27"", ""0"", ""27"", ""27"", ""1"", ""5"", ""1"", ""0"", ""4"", ""2"", ""7""]",West Bengal,Nadia,2013,gp_member_aggregate,Nabla,,87/33-64,24125,17,23,27,0,27,27,1,5,1,0,4,2,7,ward_counts_not_office_status,native_extracted_review_stage,
cc3fa10053af604694c2,data/wb/gp_source_search/historical_expansion/nadia_Panchayat_20General_20Election_20-_20final_20book_election_202013__cf50563e.pdf,238810badd4a39a733192c9c269ae3cea0171701253e159de32ae912c1211c43,55,0,6,"[124.58, 174.50000000000006, 775.41999, 197.93000000000006]","PDF points, top-left origin","[""Daskhinpara-II"", ""88/130-\n145"", ""12320"", ""11"", ""12"", ""14"", ""0"", ""14"", ""14"", ""0"", ""4"", ""0"", ""1"", ""1"", ""1"", ""4""]",West Bengal,Nadia,2013,gp_member_aggregate,Daskhinpara-II,,88/130- 145,12320,11,12,14,0,14,14,0,4,0,1,1,1,4,ward_counts_not_office_status,native_extracted_review_stage,
e34ddb25dae182fdcd37,data/wb/gp_source_search/historical_expansion/nadia_Panchayat_20General_20Election_20-_20final_20book_election_202013__cf50563e.pdf,238810badd4a39a733192c9c269ae3cea0171701253e159de32ae912c1211c43,55,0,7,"[124.58, 197.93000000000006, 775.41999, 221.32999500000005]","PDF points, top-left origin","[""Daskhinpara-I"", ""88/146-\n156"", ""9156"", ""8"", ""9"", ""11"", ""0"", ""11"", ""11"", ""0"", ""3"", ""0"", ""0"", ""0"", ""2"", ""3""]",West Bengal,Nadia,2013,gp_member_aggregate,Daskhinpara-I,,88/146- 156,9156,8,9,11,0,11,11,0,3,0,0,0,2,3,ward_counts_not_office_status,native_extracted_review_stage,
8b11f3fd4bf5ad59dbe2,data/wb/gp_source_search/historical_expansion/nadia_Panchayat_20General_20Election_20-_20final_20book_election_202013__cf50563e.pdf,238810badd4a39a733192c9c269ae3cea0171701253e159de32ae912c1211c43,55,0,8,"[124.58, 221.32999500000005, 775.41999, 244.85000000000002]","PDF points, top-left origin","[""Betna Gobindapur"", ""88/157-\n184"", ""20259"", ""18"", ""20"", ""23"", ""0"", ""23"", ""23"", ""0"", ""4"", ""2"", ""0"", ""5"", ""0"", ""6""]",West Bengal,Nadia,2013,gp_member_aggregate,Betna Gobindapur,,88/157- 184,20259,18,20,23,0,23,23,0,4,2,0,5,0,6,ward_counts_not_office_status,native_extracted_review_stage,
2f4927fffe10005e9867,data/wb/gp_source_search/historical_expansion/nadia_Panchayat_20General_20Election_20-_20final_20book_election_202013__cf50563e.pdf,238810badd4a39a733192c9c269ae3cea0171701253e159de32ae912c1211c43,55,0,9,"[124.58, 244.85000000000002, 775.41999, 268.24999500000007]","PDF points, top-left origin","[""Mayurhat-II"", ""88/185-\n199"", ""11962"", ""9"", ""11"", ""14"", ""0"", ""14"", ""14"", ""0"", ""4"", ""0"", ""0"", ""3"", ""0"", ""4""]",West Bengal,Nadia,2013,gp_member_aggregate,Mayurhat-II,,88/185- 199,11962,9,11,14,0,14,14,0,4,0,0,3,0,4,ward_counts_not_office_status,native_extracted_review_stage,
107d79d76f93d8733094,data/wb/gp_source_search/historical_expansion/nadia_Panchayat_20General_20Election_20-_20final_20book_election_202013__cf50563e.pdf,238810badd4a39a733192c9c269ae3cea0171701253e159de32ae912c1211c43,55,0,10,"[124.58, 268.24999500000007, 775.41999, 291.64999500000005]","PDF points, top-left origin","[""Mayurhat-I"", ""88/200-\n218"", ""13359"", ""12"", ""12"", ""15"", ""0"", ""15"", ""15"", ""0"", ""4"", ""0"", ""0"", ""3"", ""0"", ""4""]",West Bengal,Nadia,2013,gp_member_aggregate,Mayurhat-I,,88/200- 218,13359,12,12,15,0,15,15,0,4,0,0,3,0,4,ward_counts_not_office_status,native_extracted_review_stage,
2c0aebe9e430fda3c399,data/wb/gp_source_search/historical_expansion/nadia_Panchayat_20General_20Election_20-_20final_20book_election_202013__cf50563e.pdf,238810badd4a39a733192c9c269ae3cea0171701253e159de32ae912c1211c43,55,0,11,"[124.58, 291.64999500000005, 775.41999, 315.17001000000005]","PDF points, top-left origin","[""Gazna"", ""88/219-\n250"", ""22288"", ""17"", ""21"", ""25"", ""0"", ""25"", ""25"", ""1"", ""5"", ""0"", ""0"", ""6"", ""0"", ""6""]",West Bengal,Nadia,2013,gp_member_aggregate,Gazna,,88/219- 250,22288,17,21,25,0,25,25,1,5,0,0,6,0,6,ward_counts_not_office_status,native_extracted_review_stage,
a38eb633923d5567a98b,data/wb/gp_source_search/historical_expansion/nadia_Panchayat_20General_20Election_20-_20final_20book_election_202013__cf50563e.pdf,238810badd4a39a733192c9c269ae3cea0171701253e159de32ae912c1211c43,55,0,12,"[124.58, 315.17001000000005, 775.41999, 343.3900100000001]","PDF points, top-left origin","[""Ramnagar-\nBarachupria-I"", ""89/93-109"", ""12784"", ""10"", ""12"", ""15"", ""0"", ""15"", ""15"", ""1"", ""3"", ""0"", ""0"", ""1"", ""2"", ""4""]",West Bengal,Nadia,2013,gp_member_aggregate,Ramnagar- Barachupria-I,,89/93-109,12784,10,12,15,0,15,15,1,3,0,0,1,2,4,ward_counts_not_office_status,native_extracted_review_stage,
f354be6e7751536a23b5,data/wb/gp_source_search/historical_expansion/nadia_Panchayat_20General_20Election_20-_20final_20book_election_202013__cf50563e.pdf,238810badd4a39a733192c9c269ae3cea0171701253e159de32ae912c1211c43,55,0,13,"[124.58, 343.3900100000001, 775.41999, 373.15001000000007]","PDF points, top-left origin","[""Ramnagar\n-Barachupria-II"", ""89/77-92"", ""12947"", ""9"", ""11"", ""15"", ""0"", ""15"", ""15"", ""0"", ""4"", ""0"", ""0"", ""3"", ""0"", ""4""]",West Bengal,Nadia,2013,gp_member_aggregate,Ramnagar -Barachupria-II,,89/77-92,12947,9,11,15,0,15,15,0,4,0,0,3,0,4,ward_counts_not_office_status,native_extracted_review_stage,
ceed6d1c8a55734b1081,data/wb/gp_source_search/historical_expansion/nadia_Panchayat_20General_20Election_20-_20final_20book_election_202013__cf50563e.pdf,238810badd4a39a733192c9c269ae3cea0171701253e159de32ae912c1211c43,55,0,14,"[124.58, 373.15001000000007, 775.41999, 387.9099950000001]","PDF points, top-left origin","[""Bagula-I"", ""89/53-76"", ""18683"", ""13"", ""16"", ""21"", ""0"", ""21"", ""21"", ""0"", ""5"", ""0"", ""0"", ""5"", ""0"", ""5""]",West Bengal,Nadia,2013,gp_member_aggregate,Bagula-I,,89/53-76,18683,13,16,21,0,21,21,0,5,0,0,5,0,5,ward_counts_not_office_status,native_extracted_review_stage,
874db6fbaba401ed2f7c,data/wb/gp_source_search/historical_expansion/nadia_Panchayat_20General_20Election_20-_20final_20book_election_202013__cf50563e.pdf,238810badd4a39a733192c9c269ae3cea0171701253e159de32ae912c1211c43,55,0,15,"[124.58, 387.9099950000001, 775.41999, 402.6699950000001]","PDF points, top-left origin","[""Bagula-II"", ""89/21-52"", ""23239"", ""20"", ""22"", ""26"", ""0"", ""26"", ""26"", ""1"", ""6"", ""0"", ""0"", ""6"", ""0"", ""7""]",West Bengal,Nadia,2013,gp_member_aggregate,Bagula-II,,89/21-52,23239,20,22,26,0,26,26,1,6,0,0,6,0,7,ward_counts_not_office_status,native_extracted_review_stage,
479cad30ccb1d2108c6f,data/wb/gp_source_search/historical_expansion/nadia_Panchayat_20General_20Election_20-_20final_20book_election_202013__cf50563e.pdf,238810badd4a39a733192c9c269ae3cea0171701253e159de32ae912c1211c43,55,0,16,"[124.58, 402.6699950000001, 775.41999, 417.43001000000004]","PDF points, top-left origin","[""Mamjoan"", ""89/1-20"", ""15270"", ""12"", ""14"", ""17"", ""0"", ""17"", ""17"", ""1"", ""3"", ""0"", ""0"", ""4"", ""0"", ""4""]",West Bengal,Nadia,2013,gp_member_aggregate,Mamjoan,,89/1-20,15270,12,14,17,0,17,17,1,3,0,0,4,0,4,ward_counts_not_office_status,native_extracted_review_stage,
ddc2e72dd8bdcb03b880,data/wb/gp_source_search/historical_expansion/nadia_Panchayat_20General_20Election_20-_20final_20book_election_202013__cf50563e.pdf,238810badd4a39a733192c9c269ae3cea0171701253e159de32ae912c1211c43,55,0,17,"[124.58, 417.43001000000004, 775.41999, 440.83001]","PDF points, top-left origin","[""Badkulla-II"", ""88/270-\n288"", ""14725"", ""11"", ""13"", ""17"", ""0"", ""17"", ""17"", ""0"", ""1"", ""3"", ""0"", ""2"", ""2"", ""4""]",West Bengal,Nadia,2013,gp_member_aggregate,Badkulla-II,,88/270- 288,14725,11,13,17,0,17,17,0,1,3,0,2,2,4,ward_counts_not_office_status,native_extracted_review_stage,
f84ba11870ddcb637a28,data/wb/gp_source_search/historical_expansion/nadia_Panchayat_20General_20Election_20-_20final_20book_election_202013__cf50563e.pdf,238810badd4a39a733192c9c269ae3cea0171701253e159de32ae912c1211c43,55,0,18,"[124.58, 440.83001, 775.41999, 464.25999500000006]","PDF points, top-left origin","[""Badkulla-I"", ""88/251-\n269"", ""16233"", ""10"", ""14"", ""19"", ""0"", ""19"", ""19"", ""0"", ""2"", ""1"", ""0"", ""2"", ""1"", ""6""]",West Bengal,Nadia,2013,gp_member_aggregate,Badkulla-I,,88/251- 269,16233,10,14,19,0,19,19,0,2,1,0,2,1,6,ward_counts_not_office_status,native_extracted_review_stage,
1ce1c00ac5f0203bfd56,data/wb/gp_source_search/historical_expansion/nadia_Panchayat_20General_20Election_20-_20final_20book_election_202013__cf50563e.pdf,238810badd4a39a733192c9c269ae3cea0171701253e159de32ae912c1211c43,56,0,1,"[124.58000000000001, 50.639999999999986, 775.41999, 65.42000000000007]","PDF points, top-left origin","[""Barasat"", null, ""87/73-102"", ""23505"", ""16"", ""21"", ""27"", ""0"", ""27"", ""27"", ""0"", ""7"", ""0"", ""1"", ""5"", ""0"", ""7""]",West Bengal,Nadia,2013,gp_member_aggregate,Barasat,,87/73-102,23505,16,21,27,0,27,27,0,7,0,1,5,0,7,ward_counts_not_office_status,native_extracted_review_stage,
e8b0944ee6c4bf7e6800,data/wb/gp_source_search/historical_expansion/nadia_Panchayat_20General_20Election_20-_20final_20book_election_202013__cf50563e.pdf,238810badd4a39a733192c9c269ae3cea0171701253e159de32ae912c1211c43,56,0,2,"[124.58000000000001, 65.42000000000007, 775.41999, 88.82000000000005]","PDF points, top-left origin","[""Khisma"", null, ""87/124-\n138"", ""11339"", ""8"", ""11"", ""13"", ""0"", ""13"", ""13"", ""0"", ""3"", ""0"", ""0"", ""3"", ""0"", ""3""]",West Bengal,Nadia,2013,gp_member_aggregate,Khisma,,87/124- 138,11339,8,11,13,0,13,13,0,3,0,0,3,0,3,ward_counts_not_office_status,native_extracted_review_stage,
5f2a2916a60ad5f2501a,data/wb/gp_source_search/historical_expansion/nadia_Panchayat_20General_20Election_20-_20final_20book_election_202013__cf50563e.pdf,238810badd4a39a733192c9c269ae3cea0171701253e159de32ae912c1211c43,56,0,3,"[124.58000000000001, 88.82000000000005, 775.41999, 103.58000000000004]","PDF points, top-left origin","[""Ramnagar-II"", null, ""90/1-15"", ""12956"", ""8"", ""11"", ""15"", ""0"", ""15"", ""15"", ""0"", ""4"", ""0"", ""0"", ""3"", ""0"", ""4""]",West Bengal,Nadia,2013,gp_member_aggregate,Ramnagar-II,,90/1-15,12956,8,11,15,0,15,15,0,4,0,0,3,0,4,ward_counts_not_office_status,native_extracted_review_stage,
b99320a41544813b47d4,data/wb/gp_source_search/historical_expansion/nadia_Panchayat_20General_20Election_20-_20final_20book_election_202013__cf50563e.pdf,238810badd4a39a733192c9c269ae3cea0171701253e159de32ae912c1211c43,56,0,4,"[124.58000000000001, 103.58000000000004, 775.41999, 126.98000000000002]","PDF points, top-left origin","[""Ramnagar-I"", null, ""87/191-\n208"", ""14961"", ""11"", ""15"", ""17"", ""0"", ""17"", ""17"", ""0"", ""1"", ""3"", ""0"", ""3"", ""1"", ""4""]",West Bengal,Nadia,2013,gp_member_aggregate,Ramnagar-I,,87/191- 208,14961,11,15,17,0,17,17,0,1,3,0,3,1,4,ward_counts_not_office_status,native_extracted_review_stage,
bb6296fbf6d87682298a,data/wb/gp_source_search/historical_expansion/nadia_Panchayat_20General_20Election_20-_20final_20book_election_202013__cf50563e.pdf,238810badd4a39a733192c9c269ae3cea0171701253e159de32ae912c1211c43,56,0,5,"[124.58000000000001, 126.98000000000002, 775.41999, 156.73999500000008]","PDF points, top-left origin","[""Kalinarayanpur-\nPaharpur"", null, ""87/164-\n190"", ""21327"", ""14"", ""20"", ""24"", ""0"", ""24"", ""24"", ""0"", ""5"", ""1"", ""0"", ""5"", ""1"", ""6""]",West Bengal,Nadia,2013,gp_member_aggregate,Kalinarayanpur- Paharpur,,87/164- 190,21327,14,20,24,0,24,24,0,5,1,0,5,1,6,ward_counts_not_office_status,native_extracted_review_stage,
137e5ec46b08927c7479,data/wb/gp_source_search/historical_expansion/nadia_Panchayat_20General_20Election_20-_20final_20book_election_202013__cf50563e.pdf,238810badd4a39a733192c9c269ae3cea0171701253e159de32ae912c1211c43,56,0,6,"[124.58000000000001, 156.73999500000008, 775.41999, 171.50000000000006]","PDF points, top-left origin","[""Habibpur"", null, ""90/16-33"", ""14281"", ""10"", ""13"", ""16"", ""0"", ""16"", ""16"", ""1"", ""3"", ""0"", ""0"", ""4"", ""0"", ""4""]",West Bengal,Nadia,2013,gp_member_aggregate,Habibpur,,90/16-33,14281,10,13,16,0,16,16,1,3,0,0,4,0,4,ward_counts_not_office_status,native_extracted_review_stage,
fb6e4140f7920229e472,data/wb/gp_source_search/historical_expansion/nadia_Panchayat_20General_20Election_20-_20final_20book_election_202013__cf50563e.pdf,238810badd4a39a733192c9c269ae3cea0171701253e159de32ae912c1211c43,56,0,7,"[124.58000000000001, 171.50000000000006, 775.41999, 186.26000000000005]","PDF points, top-left origin","[""Tarapur"", null, ""90/34-42"", ""7059"", ""6"", ""7"", ""8"", ""0"", ""8"", ""8"", ""0"", ""0"", ""0"", ""0"", ""1"", ""0"", ""3""]",West Bengal,Nadia,2013,gp_member_aggregate,Tarapur,,90/34-42,7059,6,7,8,0,8,8,0,0,0,0,1,0,3,ward_counts_not_office_status,native_extracted_review_stage,
af332162ecdad4d3e1a1,data/wb/gp_source_search/historical_expansion/nadia_Panchayat_20General_20Election_20-_20final_20book_election_202013__cf50563e.pdf,238810badd4a39a733192c9c269ae3cea0171701253e159de32ae912c1211c43,56,0,8,"[124.58000000000001, 186.26000000000005, 775.41999, 201.05000000000007]","PDF points, top-left origin","[""Nawpara-Masunda"", null, ""90/43-56"", ""11107"", ""9"", ""11"", ""13"", ""0"", ""13"", ""13"", ""0"", ""2"", ""1"", ""0"", ""1"", ""1"", ""4""]",West Bengal,Nadia,2013,gp_member_aggregate,Nawpara-Masunda,,90/43-56,11107,9,11,13,0,13,13,0,2,1,0,1,1,4,ward_counts_not_office_status,native_extracted_review_stage,
42e974473f7146f49910,data/wb/gp_source_search/historical_expansion/nadia_Panchayat_20General_20Election_20-_20final_20book_election_202013__cf50563e.pdf,238810badd4a39a733192c9c269ae3cea0171701253e159de32ae912c1211c43,56,0,9,"[124.58000000000001, 201.05000000000007, 775.41999, 215.81000000000006]","PDF points, top-left origin","[""Anulia"", null, ""90/57-78"", ""17950"", ""11"", ""16"", ""20"", ""0"", ""20"", ""20"", ""0"", ""4"", ""1"", ""0"", ""4"", ""1"", ""5""]",West Bengal,Nadia,2013,gp_member_aggregate,Anulia,,90/57-78,17950,11,16,20,0,20,20,0,4,1,0,4,1,5,ward_counts_not_office_status,native_extracted_review_stage,
3917604dcedb602e53e2,data/wb/gp_source_search/historical_expansion/nadia_Panchayat_20General_20Election_20-_20final_20book_election_202013__cf50563e.pdf,238810badd4a39a733192c9c269ae3cea0171701253e159de32ae912c1211c43,56,0,10,"[124.58000000000001, 215.81000000000006, 775.41999, 230.57000000000005]","PDF points, top-left origin","[""Payradanga"", null, ""90/79-104"", ""20739"", ""14"", ""20"", ""24"", ""0"", ""24"", ""24"", ""0"", ""3"", ""3"", ""0"", ""3"", ""3"", ""6""]",West Bengal,Nadia,2013,gp_member_aggregate,Payradanga,,90/79-104,20739,14,20,24,0,24,24,0,3,3,0,3,3,6,ward_counts_not_office_status,native_extracted_review_stage,
fdac22a2141369638476,data/wb/gp_source_search/historical_expansion/nadia_Panchayat_20General_20Election_20-_20final_20book_election_202013__cf50563e.pdf,238810badd4a39a733192c9c269ae3cea0171701253e159de32ae912c1211c43,56,0,12,"[124.58000000000001, 246.77000000000007, 775.41999, 265.24999500000007]","PDF points, top-left origin","[""Aranghata"", ""89/110-134"", null, ""18385"", ""15"", ""18"", ""21"", ""0"", ""21"", ""21"", ""0"", ""4"", ""1"", ""0"", ""5"", ""0"", ""5""]",West Bengal,Nadia,2013,gp_member_aggregate,Aranghata,,89/110-134,18385,15,18,21,0,21,21,0,4,1,0,5,0,5,ward_counts_not_office_status,native_extracted_review_stage,
638ee7d6aece4631c1d6,data/wb/gp_source_search/historical_expansion/nadia_Panchayat_20General_20Election_20-_20final_20book_election_202013__cf50563e.pdf,238810badd4a39a733192c9c269ae3cea0171701253e159de32ae912c1211c43,56,0,13,"[124.58000000000001, 265.24999500000007, 775.41999, 280.00999500000006]","PDF points, top-left origin","[""Bahirgachi"", ""89/135-161"", null, ""19251"", ""15"", ""18"", ""22"", ""0"", ""22"", ""22"", ""0"", ""6"", ""0"", ""0"", ""5"", ""0"", ""6""]",West Bengal,Nadia,2013,gp_member_aggregate,Bahirgachi,,89/135-161,19251,15,18,22,0,22,22,0,6,0,0,5,0,6,ward_counts_not_office_status,native_extracted_review_stage,
0ae6529fb1ff47e09c0f,data/wb/gp_source_search/historical_expansion/nadia_Panchayat_20General_20Election_20-_20final_20book_election_202013__cf50563e.pdf,238810badd4a39a733192c9c269ae3cea0171701253e159de32ae912c1211c43,56,0,14,"[124.58000000000001, 280.00999500000006, 775.41999, 294.77001000000007]","PDF points, top-left origin","[""Duttapulia"", ""89/162-202"", null, ""31454"", ""22"", ""29"", ""30"", ""0"", ""30"", ""30"", ""1"", ""7"", ""0"", ""0"", ""7"", ""0"", ""8""]",West Bengal,Nadia,2013,gp_member_aggregate,Duttapulia,,89/162-202,31454,22,29,30,0,30,30,1,7,0,0,7,0,8,ward_counts_not_office_status,native_extracted_review_stage,
ffdecaf89a54b6afab35,data/wb/gp_source_search/historical_expansion/nadia_Panchayat_20General_20Election_20-_20final_20book_election_202013__cf50563e.pdf,238810badd4a39a733192c9c269ae3cea0171701253e159de32ae912c1211c43,56,0,15,"[124.58000000000001, 294.77001000000007, 775.41999, 309.52999500000004]","PDF points, top-left origin","[""JugalKishore"", ""89/203-227"", null, ""17239"", ""14"", ""16"", ""20"", ""0"", ""20"", ""20"", ""0"", ""5"", ""0"", ""0"", ""5"", ""0"", ""5""]",West Bengal,Nadia,2013,gp_member_aggregate,JugalKishore,,89/203-227,17239,14,16,20,0,20,20,0,5,0,0,5,0,5,ward_counts_not_office_status,native_extracted_review_stage,
9d35941fccee9c3219ec,data/wb/gp_source_search/historical_expansion/nadia_Panchayat_20General_20Election_20-_20final_20book_election_202013__cf50563e.pdf,238810badd4a39a733192c9c269ae3cea0171701253e159de32ae912c1211c43,56,0,16,"[124.58000000000001, 309.52999500000004, 775.41999, 324.3099950000001]","PDF points, top-left origin","[""Kamalpur"", ""89/244-278"", null, ""25777"", ""18"", ""24"", ""29"", ""0"", ""29"", ""29"", ""0"", ""7"", ""0"", ""1"", ""6"", ""0"", ""7""]",West Bengal,Nadia,2013,gp_member_aggregate,Kamalpur,,89/244-278,25777,18,24,29,0,29,29,0,7,0,1,6,0,7,ward_counts_not_office_status,native_extracted_review_stage,
31b6ca4c5509af4e3b4c,data/wb/gp_source_search/historical_expansion/nadia_Panchayat_20General_20Election_20-_20final_20book_election_202013__cf50563e.pdf,238810badd4a39a733192c9c269ae3cea0171701253e159de32ae912c1211c43,56,0,17,"[124.58000000000001, 324.3099950000001, 775.41999, 339.06999500000006]","PDF points, top-left origin","[""Nokari"", ""90/148-172"", null, ""17932"", ""17"", ""17"", ""20"", ""0"", ""20"", ""20"", ""1"", ""4"", ""0"", ""0"", ""5"", ""0"", ""5""]",West Bengal,Nadia,2013,gp_member_aggregate,Nokari,,90/148-172,17932,17,17,20,0,20,20,1,4,0,0,5,0,5,ward_counts_not_office_status,native_extracted_review_stage,
5d7727569877060baefa,data/wb/gp_source_search/historical_expansion/nadia_Panchayat_20General_20Election_20-_20final_20book_election_202013__cf50563e.pdf,238810badd4a39a733192c9c269ae3cea0171701253e159de32ae912c1211c43,56,0,18,"[124.58000000000001, 339.06999500000006, 775.41999, 353.83001]","PDF points, top-left origin","[""Shyamnagar"", ""90/173-186"", null, ""10642"", ""9"", ""11"", ""12"", ""0"", ""12"", ""12"", ""0"", ""3"", ""0"", ""0"", ""2"", ""1"", ""3""]",West Bengal,Nadia,2013,gp_member_aggregate,Shyamnagar,,90/173-186,10642,9,11,12,0,12,12,0,3,0,0,2,1,3,ward_counts_not_office_status,native_extracted_review_stage,
45810e230933c1cc57cf,data/wb/gp_source_search/historical_expansion/nadia_Panchayat_20General_20Election_20-_20final_20book_election_202013__cf50563e.pdf,238810badd4a39a733192c9c269ae3cea0171701253e159de32ae912c1211c43,56,0,19,"[124.58000000000001, 353.83001, 775.41999, 368.58999500000004]","PDF points, top-left origin","[""Debagram"", ""90/245-275"", null, ""21797"", ""18"", ""21"", ""25"", ""0"", ""25"", ""25"", ""1"", ""5"", ""0"", ""1"", ""5"", ""0"", ""6""]",West Bengal,Nadia,2013,gp_member_aggregate,Debagram,,90/245-275,21797,18,21,25,0,25,25,1,5,0,1,5,0,6,ward_counts_not_office_status,native_extracted_review_stage,
f3aefd8645c9d539c8e5,data/wb/gp_source_search/historical_expansion/nadia_Panchayat_20General_20Election_20-_20final_20book_election_202013__cf50563e.pdf,238810badd4a39a733192c9c269ae3cea0171701253e159de32ae912c1211c43,56,0,20,"[124.58000000000001, 368.58999500000004, 775.41999, 383.34999500000004]","PDF points, top-left origin","[""Anismali"", ""90/125-147"", null, ""17539"", ""14"", ""16"", ""20"", ""0"", ""20"", ""20"", ""1"", ""2"", ""2"", ""1"", ""3"", ""1"", ""5""]",West Bengal,Nadia,2013,gp_member_aggregate,Anismali,,90/125-147,17539,14,16,20,0,20,20,1,2,2,1,3,1,5,ward_counts_not_office_status,native_extracted_review_stage,
342dc05561bb57ec54a8,data/wb/gp_source_search/historical_expansion/nadia_Panchayat_20General_20Election_20-_20final_20book_election_202013__cf50563e.pdf,238810badd4a39a733192c9c269ae3cea0171701253e159de32ae912c1211c43,56,0,21,"[124.58000000000001, 383.34999500000004, 775.41999, 398.1100100000001]","PDF points, top-left origin","[""Majhergram"", ""90/276-302"", null, ""20155"", ""17"", ""20"", ""23"", ""0"", ""23"", ""23"", ""0"", ""6"", ""0"", ""2"", ""3"", ""0"", ""6""]",West Bengal,Nadia,2013,gp_member_aggregate,Majhergram,,90/276-302,20155,17,20,23,0,23,23,0,6,0,2,3,0,6,ward_counts_not_office_status,native_extracted_review_stage,
c5fa9eafe72011e0a54d,data/wb/gp_source_search/historical_expansion/nadia_Panchayat_20General_20Election_20-_20final_20book_election_202013__cf50563e.pdf,238810badd4a39a733192c9c269ae3cea0171701253e159de32ae912c1211c43,56,0,22,"[124.58000000000001, 398.1100100000001, 775.41999, 432.9099950000001]","PDF points, top-left origin","[""Raghunathpur\n-\nHijuli-II"", ""89/228-243"", null, ""12723"", ""9"", ""12"", ""15"", ""0"", ""15"", ""15"", ""0"", ""4"", ""0"", ""0"", ""3"", ""0"", ""4""]",West Bengal,Nadia,2013,gp_member_aggregate,Raghunathpur - Hijuli-II,,89/228-243,12723,9,12,15,0,15,15,0,4,0,0,3,0,4,ward_counts_not_office_status,native_extracted_review_stage,
a29ec7370b3fe042cef6,data/wb/gp_source_search/historical_expansion/nadia_Panchayat_20General_20Election_20-_20final_20book_election_202013__cf50563e.pdf,238810badd4a39a733192c9c269ae3cea0171701253e159de32ae912c1211c43,56,0,23,"[124.58000000000001, 432.9099950000001, 775.41999, 456.45999500000005]","PDF points, top-left origin","[""Raghunathpur\n-Hijuli-I"", ""90/105-124"", null, ""14983"", ""13"", ""15"", ""17"", ""0"", ""17"", ""17"", ""0"", ""4"", ""0"", ""1"", ""3"", ""0"", ""4""]",West Bengal,Nadia,2013,gp_member_aggregate,Raghunathpur -Hijuli-I,,90/105-124,14983,13,15,17,0,17,17,0,4,0,1,3,0,4,ward_counts_not_office_status,native_extracted_review_stage,
397761e838fdff510c80,data/wb/gp_source_search/historical_expansion/nadia_Panchayat_20General_20Election_20-_20final_20book_election_202013__cf50563e.pdf,238810badd4a39a733192c9c269ae3cea0171701253e159de32ae912c1211c43,56,0,24,"[124.58000000000001, 456.45999500000005, 775.41999, 471.2200100000001]","PDF points, top-left origin","[""Baidyapur-II"", ""90/208-228"", null, ""14574"", ""11"", ""14"", ""17"", ""0"", ""17"", ""17"", ""1"", ""2"", ""1"", ""0"", ""1"", ""3"", ""4""]",West Bengal,Nadia,2013,gp_member_aggregate,Baidyapur-II,,90/208-228,14574,11,14,17,0,17,17,1,2,1,0,1,3,4,ward_counts_not_office_status,native_extracted_review_stage,
0bbccf6da531733fe5e7,data/wb/gp_source_search/historical_expansion/nadia_Panchayat_20General_20Election_20-_20final_20book_election_202013__cf50563e.pdf,238810badd4a39a733192c9c269ae3cea0171701253e159de32ae912c1211c43,56,0,25,"[124.58000000000001, 471.2200100000001, 775.41999, 485.97999500000003]","PDF points, top-left origin","[""Baidyapur-I"", ""90/229-244"", null, ""11833"", ""9"", ""12"", ""14"", ""0"", ""14"", ""14"", ""1"", ""3"", ""0"", ""1"", ""2"", ""0"", ""4""]",West Bengal,Nadia,2013,gp_member_aggregate,Baidyapur-I,,90/229-244,11833,9,12,14,0,14,14,1,3,0,1,2,0,4,ward_counts_not_office_status,native_extracted_review_stage,
fc7fa17fd9e111a61159,data/wb/gp_source_search/historical_expansion/nadia_Panchayat_20General_20Election_20-_20final_20book_election_202013__cf50563e.pdf,238810badd4a39a733192c9c269ae3cea0171701253e159de32ae912c1211c43,57,0,1,"[124.58, 92.78000000000003, 775.4199899999999, 105.26000000000005]","PDF points, top-left origin","[""Tatla-I"", ""91/115-136"", null, ""16139"", ""11"", ""15"", ""18"", ""0"", ""18"", ""18"", ""1"", ""4"", ""0"", ""3"", ""1"", ""0"", ""5""]",West Bengal,Nadia,2013,gp_member_aggregate,Tatla-I,,91/115-136,16139,11,15,18,0,18,18,1,4,0,3,1,0,5,ward_counts_not_office_status,native_extracted_review_stage,
d24a9a9f81d1749234df,data/wb/gp_source_search/historical_expansion/nadia_Panchayat_20General_20Election_20-_20final_20book_election_202013__cf50563e.pdf,238810badd4a39a733192c9c269ae3cea0171701253e159de32ae912c1211c43,57,0,2,"[124.58, 105.26000000000005, 775.4199899999999, 117.74000000000007]","PDF points, top-left origin","[""Dubra"", ""91/137-164"", null, ""20130"", ""18"", ""19"", ""23"", ""0"", ""23"", ""23"", ""1"", ""5"", ""0"", ""0"", ""5"", ""0"", ""6""]",West Bengal,Nadia,2013,gp_member_aggregate,Dubra,,91/137-164,20130,18,19,23,0,23,23,1,5,0,0,5,0,6,ward_counts_not_office_status,native_extracted_review_stage,
a7e02d84be7b6e7eeb92,data/wb/gp_source_search/historical_expansion/nadia_Panchayat_20General_20Election_20-_20final_20book_election_202013__cf50563e.pdf,238810badd4a39a733192c9c269ae3cea0171701253e159de32ae912c1211c43,57,0,3,"[124.58, 117.74000000000007, 775.4199899999999, 130.34000000000003]","PDF points, top-left origin","[""Silinda-I"", ""91/165-185"", null, ""15319"", ""12"", ""15"", ""18"", ""0"", ""18"", ""18"", ""1"", ""3"", ""1"", ""0"", ""4"", ""0"", ""5""]",West Bengal,Nadia,2013,gp_member_aggregate,Silinda-I,,91/165-185,15319,12,15,18,0,18,18,1,3,1,0,4,0,5,ward_counts_not_office_status,native_extracted_review_stage,
d25cc0b135204e387dee,data/wb/gp_source_search/historical_expansion/nadia_Panchayat_20General_20Election_20-_20final_20book_election_202013__cf50563e.pdf,238810badd4a39a733192c9c269ae3cea0171701253e159de32ae912c1211c43,57,0,4,"[124.58, 130.34000000000003, 775.4199899999999, 142.82000000000005]","PDF points, top-left origin","[""Silinda-II"", ""91/254-262"", null, ""6781"", ""6"", ""7"", ""8"", ""0"", ""8"", ""8"", ""0"", ""2"", ""0"", ""1"", ""1"", ""0"", ""2""]",West Bengal,Nadia,2013,gp_member_aggregate,Silinda-II,,91/254-262,6781,6,7,8,0,8,8,0,2,0,1,1,0,2,ward_counts_not_office_status,native_extracted_review_stage,
12dec860f126ed83ec60,data/wb/gp_source_search/historical_expansion/nadia_Panchayat_20General_20Election_20-_20final_20book_election_202013__cf50563e.pdf,238810badd4a39a733192c9c269ae3cea0171701253e159de32ae912c1211c43,57,0,5,"[124.58, 142.82000000000005, 775.4199899999999, 155.29999500000008]","PDF points, top-left origin","[""Chanduria-I"", ""91/1-26"", null, ""19251"", ""15"", ""18"", ""22"", ""0"", ""22"", ""22"", ""0"", ""4"", ""2"", ""0"", ""4"", ""1"", ""6""]",West Bengal,Nadia,2013,gp_member_aggregate,Chanduria-I,,91/1-26,19251,15,18,22,0,22,22,0,4,2,0,4,1,6,ward_counts_not_office_status,native_extracted_review_stage,
4461b940b04a51c06221,data/wb/gp_source_search/historical_expansion/nadia_Panchayat_20General_20Election_20-_20final_20book_election_202013__cf50563e.pdf,238810badd4a39a733192c9c269ae3cea0171701253e159de32ae912c1211c43,57,0,6,"[124.58, 155.29999500000008, 775.4199899999999, 167.78000000000003]","PDF points, top-left origin","[""Chanduria-II"", ""92/1-6"", null, ""4410"", ""4"", ""5"", ""5"", ""0"", ""5"", ""5"", ""0"", ""1"", ""0"", ""0"", ""1"", ""0"", ""1""]",West Bengal,Nadia,2013,gp_member_aggregate,Chanduria-II,,92/1-6,4410,4,5,5,0,5,5,0,1,0,0,1,0,1,ward_counts_not_office_status,native_extracted_review_stage,
3b37a74150039fc048ff,data/wb/gp_source_search/historical_expansion/nadia_Panchayat_20General_20Election_20-_20final_20book_election_202013__cf50563e.pdf,238810badd4a39a733192c9c269ae3cea0171701253e159de32ae912c1211c43,57,0,7,"[124.58, 167.78000000000003, 775.4199899999999, 180.26000000000005]","PDF points, top-left origin","[""Madanpur-I"", ""92/7-33"", null, ""20820"", ""14"", ""20"", ""24"", ""0"", ""24"", ""24"", ""0"", ""5"", ""1"", ""0"", ""5"", ""1"", ""6""]",West Bengal,Nadia,2013,gp_member_aggregate,Madanpur-I,,92/7-33,20820,14,20,24,0,24,24,0,5,1,0,5,1,6,ward_counts_not_office_status,native_extracted_review_stage,
591a3cb7aa1d864881fa,data/wb/gp_source_search/historical_expansion/nadia_Panchayat_20General_20Election_20-_20final_20book_election_202013__cf50563e.pdf,238810badd4a39a733192c9c269ae3cea0171701253e159de32ae912c1211c43,57,0,8,"[124.58, 180.26000000000005, 775.4199899999999, 192.77000000000004]","PDF points, top-left origin","[""Madanpur-II"", ""92/80-98"", null, ""12834"", ""10"", ""13"", ""15"", ""0"", ""15"", ""15"", ""0"", ""4"", ""0"", ""0"", ""3"", ""0"", ""4""]",West Bengal,Nadia,2013,gp_member_aggregate,Madanpur-II,,92/80-98,12834,10,13,15,0,15,15,0,4,0,0,3,0,4,ward_counts_not_office_status,native_extracted_review_stage,
25c71bc29a30e159aca3,data/wb/gp_source_search/historical_expansion/nadia_Panchayat_20General_20Election_20-_20final_20book_election_202013__cf50563e.pdf,238810badd4a39a733192c9c269ae3cea0171701253e159de32ae912c1211c43,57,0,9,"[124.58, 192.77000000000004, 775.4199899999999, 205.37000000000006]","PDF points, top-left origin","[""Sarati"", ""92/99-108"", null, ""7247"", ""6"", ""7"", ""9"", ""0"", ""9"", ""9"", ""0"", ""2"", ""0"", ""0"", ""1"", ""1"", ""2""]",West Bengal,Nadia,2013,gp_member_aggregate,Sarati,,92/99-108,7247,6,7,9,0,9,9,0,2,0,0,1,1,2,ward_counts_not_office_status,native_extracted_review_stage,
9c6e6b4c38545fce76a5,data/wb/gp_source_search/historical_expansion/nadia_Panchayat_20General_20Election_20-_20final_20book_election_202013__cf50563e.pdf,238810badd4a39a733192c9c269ae3cea0171701253e159de32ae912c1211c43,57,0,10,"[124.58, 205.37000000000006, 775.4199899999999, 228.77000000000004]","PDF points, top-left origin","[""Kanchrapara"", ""92/109-129,\n92/132-135"", null, ""17680"", ""17"", ""20"", ""20"", ""0"", ""20"", ""20"", ""0"", ""5"", ""0"", ""0"", ""5"", ""0"", ""5""]",West Bengal,Nadia,2013,gp_member_aggregate,Kanchrapara,,"92/109-129, 92/132-135",17680,17,20,20,0,20,20,0,5,0,0,5,0,5,ward_counts_not_office_status,native_extracted_review_stage,
7bd35f101c812a129cf9,data/wb/gp_source_search/historical_expansion/nadia_Panchayat_20General_20Election_20-_20final_20book_election_202013__cf50563e.pdf,238810badd4a39a733192c9c269ae3cea0171701253e159de32ae912c1211c43,57,0,11,"[124.58, 228.77000000000004, 775.4199899999999, 241.37000000000006]","PDF points, top-left origin","[""Saguna"", ""92/50-79"", null, ""23721"", ""16"", ""22"", ""27"", ""0"", ""27"", ""27"", ""1"", ""6"", ""0"", ""0"", ""6"", ""0"", ""7""]",West Bengal,Nadia,2013,gp_member_aggregate,Saguna,,92/50-79,23721,16,22,27,0,27,27,1,6,0,0,6,0,7,ward_counts_not_office_status,native_extracted_review_stage,
edb88855fb16a56bce63,data/wb/gp_source_search/historical_expansion/nadia_Panchayat_20General_20Election_20-_20final_20book_election_202013__cf50563e.pdf,238810badd4a39a733192c9c269ae3cea0171701253e159de32ae912c1211c43,57,0,12,"[124.58, 241.37000000000006, 775.4199899999999, 253.85000000000002]","PDF points, top-left origin","[""Tatla-II"", ""91/186-208"", null, ""17571"", ""12"", ""17"", ""20"", ""0"", ""20"", ""20"", ""1"", ""3"", ""2"", ""0"", ""2"", ""2"", ""5""]",West Bengal,Nadia,2013,gp_member_aggregate,Tatla-II,,91/186-208,17571,12,17,20,0,20,20,1,3,2,0,2,2,5,ward_counts_not_office_status,native_extracted_review_stage,
de3661cedbf8d29bad1f,data/wb/gp_source_search/historical_expansion/nadia_Panchayat_20General_20Election_20-_20final_20book_election_202013__cf50563e.pdf,238810badd4a39a733192c9c269ae3cea0171701253e159de32ae912c1211c43,57,0,13,"[124.58, 253.85000000000002, 775.4199899999999, 266.33001]","PDF points, top-left origin","[""Rautari"", ""91/209-224"", null, ""13424"", ""9"", ""12"", ""15"", ""0"", ""15"", ""15"", ""1"", ""2"", ""1"", ""0"", ""3"", ""0"", ""4""]",West Bengal,Nadia,2013,gp_member_aggregate,Rautari,,91/209-224,13424,9,12,15,0,15,15,1,2,1,0,3,0,4,ward_counts_not_office_status,native_extracted_review_stage,
8dc73393bfdeca7f049a,data/wb/gp_source_search/historical_expansion/nadia_Panchayat_20General_20Election_20-_20final_20book_election_202013__cf50563e.pdf,238810badd4a39a733192c9c269ae3cea0171701253e159de32ae912c1211c43,57,0,14,"[124.58, 266.33001, 775.4199899999999, 278.8099950000001]","PDF points, top-left origin","[""Shimurali"", ""92/34-49"", null, ""11622"", ""9"", ""11"", ""13"", ""0"", ""13"", ""13"", ""1"", ""2"", ""0"", ""0"", ""1"", ""2"", ""3""]",West Bengal,Nadia,2013,gp_member_aggregate,Shimurali,,92/34-49,11622,9,11,13,0,13,13,1,2,0,0,1,2,3,ward_counts_not_office_status,native_extracted_review_stage,
9699b1356357cc3d512e,data/wb/gp_source_search/historical_expansion/nadia_Panchayat_20General_20Election_20-_20final_20book_election_202013__cf50563e.pdf,238810badd4a39a733192c9c269ae3cea0171701253e159de32ae912c1211c43,57,0,15,"[124.58, 278.8099950000001, 775.4199899999999, 291.28999500000003]","PDF points, top-left origin","[""Ghetugachhi"", ""91/225-253"", null, ""21682"", ""18"", ""20"", ""25"", ""0"", ""25"", ""25"", ""1"", ""5"", ""0"", ""1"", ""5"", ""0"", ""6""]",West Bengal,Nadia,2013,gp_member_aggregate,Ghetugachhi,,91/225-253,21682,18,20,25,0,25,25,1,5,0,1,5,0,6,ward_counts_not_office_status,native_extracted_review_stage,
8a6bb99ace571f5e992f,data/wb/gp_source_search/historical_expansion/nadia_Panchayat_20General_20Election_20-_20final_20book_election_202013__cf50563e.pdf,238810badd4a39a733192c9c269ae3cea0171701253e159de32ae912c1211c43,57,0,16,"[124.58, 291.28999500000003, 775.4199899999999, 303.77001000000007]","PDF points, top-left origin","[""Dewli"", ""93/25-53"", null, ""21764"", ""17"", ""20"", ""25"", ""0"", ""25"", ""25"", ""1"", ""5"", ""0"", ""0"", ""6"", ""0"", ""6""]",West Bengal,Nadia,2013,gp_member_aggregate,Dewli,,93/25-53,21764,17,20,25,0,25,25,1,5,0,0,6,0,6,ward_counts_not_office_status,native_extracted_review_stage,
680472f2cf7235d1796f,data/wb/gp_source_search/historical_expansion/nadia_Panchayat_20General_20Election_20-_20final_20book_election_202013__cf50563e.pdf,238810badd4a39a733192c9c269ae3cea0171701253e159de32ae912c1211c43,57,0,17,"[124.58, 303.77001000000007, 775.4199899999999, 316.3699950000001]","PDF points, top-left origin","[""Hingnara"", ""93/1-24"", null, ""17181"", ""12"", ""17"", ""20"", ""0"", ""20"", ""20"", ""0"", ""5"", ""0"", ""1"", ""4"", ""0"", ""5""]",West Bengal,Nadia,2013,gp_member_aggregate,Hingnara,,93/1-24,17181,12,17,20,0,20,20,0,5,0,1,4,0,5,ward_counts_not_office_status,native_extracted_review_stage,
39905f67dea44a180433,data/wb/gp_source_search/historical_expansion/nadia_Panchayat_20General_20Election_20-_20final_20book_election_202013__cf50563e.pdf,238810badd4a39a733192c9c269ae3cea0171701253e159de32ae912c1211c43,57,0,19,"[124.58, 328.8699950000001, 775.4199899999999, 341.34999500000004]","PDF points, top-left origin","[""Kastodanga-II"", null, ""93/54-70"", ""12877"", ""12"", ""12"", ""15"", ""0"", ""15"", ""15"", ""1"", ""3"", ""0"", ""1"", ""2"", ""0"", ""4""]",West Bengal,Nadia,2013,gp_member_aggregate,Kastodanga-II,,93/54-70,12877,12,12,15,0,15,15,1,3,0,1,2,0,4,ward_counts_not_office_status,native_extracted_review_stage,
8a00b4a72fc2bc99655a,data/wb/gp_source_search/historical_expansion/nadia_Panchayat_20General_20Election_20-_20final_20book_election_202013__cf50563e.pdf,238810badd4a39a733192c9c269ae3cea0171701253e159de32ae912c1211c43,57,0,20,"[124.58, 341.34999500000004, 775.4199899999999, 353.83001]","PDF points, top-left origin","[""Kastodanga-I"", null, ""93/71-86"", ""13108"", ""12"", ""13"", ""15"", ""0"", ""15"", ""15"", ""0"", ""2"", ""2"", ""0"", ""3"", ""0"", ""4""]",West Bengal,Nadia,2013,gp_member_aggregate,Kastodanga-I,,93/71-86,13108,12,13,15,0,15,15,0,2,2,0,3,0,4,ward_counts_not_office_status,native_extracted_review_stage,
665a1f93129124ae1e65,data/wb/gp_source_search/historical_expansion/nadia_Panchayat_20General_20Election_20-_20final_20book_election_202013__cf50563e.pdf,238810badd4a39a733192c9c269ae3cea0171701253e159de32ae912c1211c43,57,0,21,"[124.58, 353.83001, 775.4199899999999, 366.3099950000001]","PDF points, top-left origin","[""Mollabelia"", null, ""93/87-113"", ""21292"", ""16"", ""20"", ""24"", ""0"", ""24"", ""24"", ""0"", ""5"", ""1"", ""1"", ""4"", ""1"", ""6""]",West Bengal,Nadia,2013,gp_member_aggregate,Mollabelia,,93/87-113,21292,16,20,24,0,24,24,0,5,1,1,4,1,6,ward_counts_not_office_status,native_extracted_review_stage,
d2ab7e4de5da72c0a801,data/wb/gp_source_search/historical_expansion/nadia_Panchayat_20General_20Election_20-_20final_20book_election_202013__cf50563e.pdf,238810badd4a39a733192c9c269ae3cea0171701253e159de32ae912c1211c43,57,0,22,"[124.58, 366.3099950000001, 775.4199899999999, 378.7899950000001]","PDF points, top-left origin","[""Birohi-II"", null, ""93/114-127"", ""10619"", ""10"", ""11"", ""12"", ""0"", ""12"", ""12"", ""0"", ""3"", ""0"", ""0"", ""3"", ""0"", ""3""]",West Bengal,Nadia,2013,gp_member_aggregate,Birohi-II,,93/114-127,10619,10,11,12,0,12,12,0,3,0,0,3,0,3,ward_counts_not_office_status,native_extracted_review_stage,
927ea44274d2b3431184,data/wb/gp_source_search/historical_expansion/nadia_Panchayat_20General_20Election_20-_20final_20book_election_202013__cf50563e.pdf,238810badd4a39a733192c9c269ae3cea0171701253e159de32ae912c1211c43,57,0,23,"[124.58, 378.7899950000001, 775.4199899999999, 391.3900100000001]","PDF points, top-left origin","[""Birohi-I"", null, ""93/128-142"", ""12132"", ""9"", ""11"", ""14"", ""0"", ""14"", ""14"", ""0"", ""2"", ""2"", ""1"", ""2"", ""0"", ""4""]",West Bengal,Nadia,2013,gp_member_aggregate,Birohi-I,,93/128-142,12132,9,11,14,0,14,14,0,2,2,1,2,0,4,ward_counts_not_office_status,native_extracted_review_stage,
7c01e16fed9a94668335,data/wb/gp_source_search/historical_expansion/nadia_Panchayat_20General_20Election_20-_20final_20book_election_202013__cf50563e.pdf,238810badd4a39a733192c9c269ae3cea0171701253e159de32ae912c1211c43,57,0,24,"[124.58, 391.3900100000001, 775.4199899999999, 403.869995]","PDF points, top-left origin","[""Haringhata-I"", null, ""93/143-171"", ""21368"", ""17"", ""21"", ""24"", ""0"", ""24"", ""24"", ""0"", ""4"", ""2"", ""1"", ""2"", ""3"", ""6""]",West Bengal,Nadia,2013,gp_member_aggregate,Haringhata-I,,93/143-171,21368,17,21,24,0,24,24,0,4,2,1,2,3,6,ward_counts_not_office_status,native_extracted_review_stage,
2f3d67cb5d7c81bfb251,data/wb/gp_source_search/historical_expansion/nadia_Panchayat_20General_20Election_20-_20final_20book_election_202013__cf50563e.pdf,238810badd4a39a733192c9c269ae3cea0171701253e159de32ae912c1211c43,57,0,25,"[124.58, 403.869995, 775.4199899999999, 416.34999500000004]","PDF points, top-left origin","[""Haringhata-II"", null, ""93/172-187"", ""11667"", ""11"", ""12"", ""13"", ""0"", ""13"", ""13"", ""1"", ""1"", ""1"", ""1"", ""2"", ""0"", ""3""]",West Bengal,Nadia,2013,gp_member_aggregate,Haringhata-II,,93/172-187,11667,11,12,13,0,13,13,1,1,1,1,2,0,3,ward_counts_not_office_status,native_extracted_review_stage,
712d0e99cbb307ff53f7,data/wb/gp_source_search/historical_expansion/nadia_Panchayat_20General_20Election_20-_20final_20book_election_202013__cf50563e.pdf,238810badd4a39a733192c9c269ae3cea0171701253e159de32ae912c1211c43,57,0,26,"[124.58, 416.34999500000004, 775.4199899999999, 428.83001]","PDF points, top-left origin","[""Fatepur"", null, ""93/188-214"", ""20574"", ""18"", ""19"", ""23"", ""0"", ""23"", ""23"", ""1"", ""3"", ""2"", ""0"", ""3"", ""2"", ""6""]",West Bengal,Nadia,2013,gp_member_aggregate,Fatepur,,93/188-214,20574,18,19,23,0,23,23,1,3,2,0,3,2,6,ward_counts_not_office_status,native_extracted_review_stage,
5d76321a2bf2245f43a6,data/wb/gp_source_search/historical_expansion/nadia_Panchayat_20General_20Election_20-_20final_20book_election_202013__cf50563e.pdf,238810badd4a39a733192c9c269ae3cea0171701253e159de32ae912c1211c43,57,0,27,"[124.58, 428.83001, 775.4199899999999, 441.3099950000001]","PDF points, top-left origin","[""Nagarukra-I"", null, ""93/215-233"", ""15450"", ""12"", ""15"", ""18"", ""0"", ""18"", ""18"", ""0"", ""4"", ""1"", ""0"", ""2"", ""2"", ""5""]",West Bengal,Nadia,2013,gp_member_aggregate,Nagarukra-I,,93/215-233,15450,12,15,18,0,18,18,0,4,1,0,2,2,5,ward_counts_not_office_status,native_extracted_review_stage,
7278c9dded25f08122d5,data/wb/gp_source_search/historical_expansion/nadia_Panchayat_20General_20Election_20-_20final_20book_election_202013__cf50563e.pdf,238810badd4a39a733192c9c269ae3cea0171701253e159de32ae912c1211c43,57,0,28,"[124.58, 441.3099950000001, 775.4199899999999, 453.81999500000006]","PDF points, top-left origin","[""Nagarukra-II"", null, ""93/234-256"", ""15558"", ""12"", ""14"", ""18"", ""0"", ""18"", ""18"", ""0"", ""5"", ""0"", ""1"", ""3"", ""0"", ""5""]",West Bengal,Nadia,2013,gp_member_aggregate,Nagarukra-II,,93/234-256,15558,12,14,18,0,18,18,0,5,0,1,3,0,5,ward_counts_not_office_status,native_extracted_review_stage,
