file,url,archive_url,capture,retrieved_at,district_domain,status,bytes,sha256
nadia_Panchayat_20General_20Election_20-_20final_20book_election_202013__cf50563e.pdf,http://nadia.nic.in/Election/Panchayat%20General%20Election%20-%20final%20book(election%202013).pdf,https://web.archive.org/web/20140703205812id_/http://nadia.nic.in/Election/Panchayat%20General%20Election%20-%20final%20book(election%202013).pdf,20140703205812,2026-09-06,nadia.nic.in,downloaded,10067095,238810badd4a39a733192c9c269ae3cea0171701253e159de32ae912c1211c43
nadia_Pradhan_20_20Upa-Pradhan_025b28f9.pdf,http://nadia.nic.in/Election/Pradhan%20&%20Upa-Pradhan.pdf,https://web.archive.org/web/20140703221117id_/http://nadia.nic.in/Election/Pradhan%20&%20Upa-Pradhan.pdf,20140703221117,2026-09-06,nadia.nic.in,downloaded,3806260,79149d93b415487624be4a476a3d59c1877b9db25f6c60243caf9583bffb5339
nadia_Chanduria-I_6c2262a2.pdf,http://nadia.nic.in/PanchayatElection08/Delimitation/Chakdaha/Chanduria-I.pdf,https://web.archive.org/web/20090410075027id_/http://nadia.nic.in/PanchayatElection08/Delimitation/Chakdaha/Chanduria-I.pdf,20090410075027,2026-09-06,nadia.nic.in,"HTTPSConnectionPool(host='web.archive.org', port=443): Max retries exceeded with url: /web/20090410075027id_/http://nadia.nic.in/PanchayatElection08/Delimitation/Chakdaha/Chanduria-I.pdf (Caused by NewConnectionError(""HTTPSConnection(host='web.archive.org', port=443): Failed to establish a new connection: [Errno 61] Connection refused""))",,
nadia_Chanduria-II_61a7353a.pdf,http://nadia.nic.in/PanchayatElection08/Delimitation/Chakdaha/Chanduria-II.pdf,https://web.archive.org/web/20090410073550id_/http://nadia.nic.in/PanchayatElection08/Delimitation/Chakdaha/Chanduria-II.pdf,20090410073550,2026-09-06,nadia.nic.in,"HTTPSConnectionPool(host='web.archive.org', port=443): Max retries exceeded with url: /web/20090410073550id_/http://nadia.nic.in/PanchayatElection08/Delimitation/Chakdaha/Chanduria-II.pdf (Caused by NewConnectionError(""HTTPSConnection(host='web.archive.org', port=443): Failed to establish a new connection: [Errno 61] Connection refused""))",,
nadia_Dewli_273789c8.pdf,http://nadia.nic.in/PanchayatElection08/Delimitation/Chakdaha/Dewli.pdf,https://web.archive.org/web/20090410072118id_/http://nadia.nic.in/PanchayatElection08/Delimitation/Chakdaha/Dewli.pdf,20090410072118,2026-09-06,nadia.nic.in,"HTTPSConnectionPool(host='web.archive.org', port=443): Max retries exceeded with url: /web/20090410072118id_/http://nadia.nic.in/PanchayatElection08/Delimitation/Chakdaha/Dewli.pdf (Caused by NewConnectionError(""HTTPSConnection(host='web.archive.org', port=443): Failed to establish a new connection: [Errno 61] Connection refused""))",,
nadia_Dubra_32235c0c.pdf,http://nadia.nic.in/PanchayatElection08/Delimitation/Chakdaha/Dubra.pdf,https://web.archive.org/web/20090410074102id_/http://nadia.nic.in/PanchayatElection08/Delimitation/Chakdaha/Dubra.pdf,20090410074102,2026-09-06,nadia.nic.in,"HTTPSConnectionPool(host='web.archive.org', port=443): Max retries exceeded with url: /web/20090410074102id_/http://nadia.nic.in/PanchayatElection08/Delimitation/Chakdaha/Dubra.pdf (Caused by NewConnectionError(""HTTPSConnection(host='web.archive.org', port=443): Failed to establish a new connection: [Errno 61] Connection refused""))",,
nadia_Ghetugachi_1418c9e2.pdf,http://nadia.nic.in/PanchayatElection08/Delimitation/Chakdaha/Ghetugachi.pdf,https://web.archive.org/web/20090410074456id_/http://nadia.nic.in/PanchayatElection08/Delimitation/Chakdaha/Ghetugachi.pdf,20090410074456,2026-09-06,nadia.nic.in,"HTTPSConnectionPool(host='web.archive.org', port=443): Max retries exceeded with url: /web/20090410074456id_/http://nadia.nic.in/PanchayatElection08/Delimitation/Chakdaha/Ghetugachi.pdf (Caused by NewConnectionError(""HTTPSConnection(host='web.archive.org', port=443): Failed to establish a new connection: [Errno 61] Connection refused""))",,
nadia_Hingnara_f740e87d.pdf,http://nadia.nic.in/PanchayatElection08/Delimitation/Chakdaha/Hingnara.pdf,https://web.archive.org/web/20090410074817id_/http://nadia.nic.in/PanchayatElection08/Delimitation/Chakdaha/Hingnara.pdf,20090410074817,2026-09-06,nadia.nic.in,"HTTPSConnectionPool(host='web.archive.org', port=443): Max retries exceeded with url: /web/20090410074817id_/http://nadia.nic.in/PanchayatElection08/Delimitation/Chakdaha/Hingnara.pdf (Caused by NewConnectionError(""HTTPSConnection(host='web.archive.org', port=443): Failed to establish a new connection: [Errno 61] Connection refused""))",,
nadia_Kanchrapara_ab361d0d.pdf,http://nadia.nic.in/PanchayatElection08/Delimitation/Chakdaha/Kanchrapara.pdf,https://web.archive.org/web/20090410074031id_/http://nadia.nic.in/PanchayatElection08/Delimitation/Chakdaha/Kanchrapara.pdf,20090410074031,2026-09-06,nadia.nic.in,"HTTPSConnectionPool(host='web.archive.org', port=443): Max retries exceeded with url: /web/20090410074031id_/http://nadia.nic.in/PanchayatElection08/Delimitation/Chakdaha/Kanchrapara.pdf (Caused by NewConnectionError(""HTTPSConnection(host='web.archive.org', port=443): Failed to establish a new connection: [Errno 61] Connection refused""))",,
nadia_Madanpur-I_aaeda938.pdf,http://nadia.nic.in/PanchayatElection08/Delimitation/Chakdaha/Madanpur-I.pdf,https://web.archive.org/web/20090410073934id_/http://nadia.nic.in/PanchayatElection08/Delimitation/Chakdaha/Madanpur-I.pdf,20090410073934,2026-09-06,nadia.nic.in,"HTTPSConnectionPool(host='web.archive.org', port=443): Max retries exceeded with url: /web/20090410073934id_/http://nadia.nic.in/PanchayatElection08/Delimitation/Chakdaha/Madanpur-I.pdf (Caused by NewConnectionError(""HTTPSConnection(host='web.archive.org', port=443): Failed to establish a new connection: [Errno 61] Connection refused""))",,
nadia_Madanpur-II_724c533d.pdf,http://nadia.nic.in/PanchayatElection08/Delimitation/Chakdaha/Madanpur-II.pdf,https://web.archive.org/web/20090410073126id_/http://nadia.nic.in/PanchayatElection08/Delimitation/Chakdaha/Madanpur-II.pdf,20090410073126,2026-09-06,nadia.nic.in,"HTTPSConnectionPool(host='web.archive.org', port=443): Max retries exceeded with url: /web/20090410073126id_/http://nadia.nic.in/PanchayatElection08/Delimitation/Chakdaha/Madanpur-II.pdf (Caused by NewConnectionError(""HTTPSConnection(host='web.archive.org', port=443): Failed to establish a new connection: [Errno 61] Connection refused""))",,
nadia_ORDER-_20A1_d59db5cc.pdf,http://nadia.nic.in/PanchayatElection08/Delimitation/Chakdaha/ORDER-%20A1.pdf,https://web.archive.org/web/20090410073259id_/http://nadia.nic.in/PanchayatElection08/Delimitation/Chakdaha/ORDER-%20A1.pdf,20090410073259,2026-09-06,nadia.nic.in,"HTTPSConnectionPool(host='web.archive.org', port=443): Max retries exceeded with url: /web/20090410073259id_/http://nadia.nic.in/PanchayatElection08/Delimitation/Chakdaha/ORDER-%20A1.pdf (Caused by NewConnectionError(""HTTPSConnection(host='web.archive.org', port=443): Failed to establish a new connection: [Errno 61] Connection refused""))",,
nadia_ORDER-_20B1_6ffab169.pdf,http://nadia.nic.in/PanchayatElection08/Delimitation/Chakdaha/ORDER-%20B1.pdf,https://web.archive.org/web/20090410073713id_/http://nadia.nic.in/PanchayatElection08/Delimitation/Chakdaha/ORDER-%20B1.pdf,20090410073713,2026-09-06,nadia.nic.in,"HTTPSConnectionPool(host='web.archive.org', port=443): Max retries exceeded with url: /web/20090410073713id_/http://nadia.nic.in/PanchayatElection08/Delimitation/Chakdaha/ORDER-%20B1.pdf (Caused by NewConnectionError(""HTTPSConnection(host='web.archive.org', port=443): Failed to establish a new connection: [Errno 61] Connection refused""))",,
nadia_Rautari_845ce850.pdf,http://nadia.nic.in/PanchayatElection08/Delimitation/Chakdaha/Rautari.pdf,https://web.archive.org/web/20090410072626id_/http://nadia.nic.in/PanchayatElection08/Delimitation/Chakdaha/Rautari.pdf,20090410072626,2026-09-06,nadia.nic.in,"HTTPSConnectionPool(host='web.archive.org', port=443): Max retries exceeded with url: /web/20090410072626id_/http://nadia.nic.in/PanchayatElection08/Delimitation/Chakdaha/Rautari.pdf (Caused by NewConnectionError(""HTTPSConnection(host='web.archive.org', port=443): Failed to establish a new connection: [Errno 61] Connection refused""))",,
nadia_Saguna_77c14419.pdf,http://nadia.nic.in/PanchayatElection08/Delimitation/Chakdaha/Saguna.pdf,https://web.archive.org/web/20090410072102id_/http://nadia.nic.in/PanchayatElection08/Delimitation/Chakdaha/Saguna.pdf,20090410072102,2026-09-06,nadia.nic.in,"HTTPSConnectionPool(host='web.archive.org', port=443): Max retries exceeded with url: /web/20090410072102id_/http://nadia.nic.in/PanchayatElection08/Delimitation/Chakdaha/Saguna.pdf (Caused by NewConnectionError(""HTTPSConnection(host='web.archive.org', port=443): Failed to establish a new connection: [Errno 61] Connection refused""))",,
nadia_Sarati_b6f43a10.pdf,http://nadia.nic.in/PanchayatElection08/Delimitation/Chakdaha/Sarati.pdf,https://web.archive.org/web/20090410072544id_/http://nadia.nic.in/PanchayatElection08/Delimitation/Chakdaha/Sarati.pdf,20090410072544,2026-09-06,nadia.nic.in,"HTTPSConnectionPool(host='web.archive.org', port=443): Max retries exceeded with url: /web/20090410072544id_/http://nadia.nic.in/PanchayatElection08/Delimitation/Chakdaha/Sarati.pdf (Caused by NewConnectionError(""HTTPSConnection(host='web.archive.org', port=443): Failed to establish a new connection: [Errno 61] Connection refused""))",,
nadia_Shimurali_b64bb528.pdf,http://nadia.nic.in/PanchayatElection08/Delimitation/Chakdaha/Shimurali.pdf,https://web.archive.org/web/20090410073328id_/http://nadia.nic.in/PanchayatElection08/Delimitation/Chakdaha/Shimurali.pdf,20090410073328,2026-09-06,nadia.nic.in,"HTTPSConnectionPool(host='web.archive.org', port=443): Max retries exceeded with url: /web/20090410073328id_/http://nadia.nic.in/PanchayatElection08/Delimitation/Chakdaha/Shimurali.pdf (Caused by NewConnectionError(""HTTPSConnection(host='web.archive.org', port=443): Failed to establish a new connection: [Errno 61] Connection refused""))",,
nadia_Silinda-I_7d8fc466.pdf,http://nadia.nic.in/PanchayatElection08/Delimitation/Chakdaha/Silinda-I.pdf,https://web.archive.org/web/20090410074636id_/http://nadia.nic.in/PanchayatElection08/Delimitation/Chakdaha/Silinda-I.pdf,20090410074636,2026-09-06,nadia.nic.in,"HTTPSConnectionPool(host='web.archive.org', port=443): Max retries exceeded with url: /web/20090410074636id_/http://nadia.nic.in/PanchayatElection08/Delimitation/Chakdaha/Silinda-I.pdf (Caused by NewConnectionError(""HTTPSConnection(host='web.archive.org', port=443): Failed to establish a new connection: [Errno 61] Connection refused""))",,
nadia_Silinda-II_4276c2b8.pdf,http://nadia.nic.in/PanchayatElection08/Delimitation/Chakdaha/Silinda-II.pdf,https://web.archive.org/web/20090410072913id_/http://nadia.nic.in/PanchayatElection08/Delimitation/Chakdaha/Silinda-II.pdf,20090410072913,2026-09-06,nadia.nic.in,"HTTPSConnectionPool(host='web.archive.org', port=443): Max retries exceeded with url: /web/20090410072913id_/http://nadia.nic.in/PanchayatElection08/Delimitation/Chakdaha/Silinda-II.pdf (Caused by NewConnectionError(""HTTPSConnection(host='web.archive.org', port=443): Failed to establish a new connection: [Errno 61] Connection refused""))",,
nadia_Tatla-I_702c0ed1.pdf,http://nadia.nic.in/PanchayatElection08/Delimitation/Chakdaha/Tatla-I.pdf,https://web.archive.org/web/20090410074953id_/http://nadia.nic.in/PanchayatElection08/Delimitation/Chakdaha/Tatla-I.pdf,20090410074953,2026-09-06,nadia.nic.in,"HTTPSConnectionPool(host='web.archive.org', port=443): Max retries exceeded with url: /web/20090410074953id_/http://nadia.nic.in/PanchayatElection08/Delimitation/Chakdaha/Tatla-I.pdf (Caused by NewConnectionError(""HTTPSConnection(host='web.archive.org', port=443): Failed to establish a new connection: [Errno 61] Connection refused""))",,
nadia_Tatla-II_93e73760.pdf,http://nadia.nic.in/PanchayatElection08/Delimitation/Chakdaha/Tatla-II.pdf,https://web.archive.org/web/20090410075015id_/http://nadia.nic.in/PanchayatElection08/Delimitation/Chakdaha/Tatla-II.pdf,20090410075015,2026-09-06,nadia.nic.in,"HTTPSConnectionPool(host='web.archive.org', port=443): Max retries exceeded with url: /web/20090410075015id_/http://nadia.nic.in/PanchayatElection08/Delimitation/Chakdaha/Tatla-II.pdf (Caused by NewConnectionError(""HTTPSConnection(host='web.archive.org', port=443): Failed to establish a new connection: [Errno 61] Connection refused""))",,
nadia_Form-A1_bc959e7a.pdf,http://nadia.nic.in/PanchayatElection08/Delimitation/Chapra/Form-A1.pdf,https://web.archive.org/web/20090410072532id_/http://nadia.nic.in/PanchayatElection08/Delimitation/Chapra/Form-A1.pdf,20090410072532,2026-09-06,nadia.nic.in,"HTTPSConnectionPool(host='web.archive.org', port=443): Max retries exceeded with url: /web/20090410072532id_/http://nadia.nic.in/PanchayatElection08/Delimitation/Chapra/Form-A1.pdf (Caused by NewConnectionError(""HTTPSConnection(host='web.archive.org', port=443): Failed to establish a new connection: [Errno 61] Connection refused""))",,
nadia_FORM-B1_175ed1dc.pdf,http://nadia.nic.in/PanchayatElection08/Delimitation/Chapra/FORM-B1.pdf,https://web.archive.org/web/20090410073114id_/http://nadia.nic.in/PanchayatElection08/Delimitation/Chapra/FORM-B1.pdf,20090410073114,2026-09-06,nadia.nic.in,"HTTPSConnectionPool(host='web.archive.org', port=443): Max retries exceeded with url: /web/20090410073114id_/http://nadia.nic.in/PanchayatElection08/Delimitation/Chapra/FORM-B1.pdf (Caused by NewConnectionError(""HTTPSConnection(host='web.archive.org', port=443): Failed to establish a new connection: [Errno 61] Connection refused""))",,
nadia_Badkulla-I_75f86c99.pdf,http://nadia.nic.in/PanchayatElection08/Delimitation/Hanskhali/Badkulla-I.pdf,https://web.archive.org/web/20090410072901id_/http://nadia.nic.in/PanchayatElection08/Delimitation/Hanskhali/Badkulla-I.pdf,20090410072901,2026-09-06,nadia.nic.in,"HTTPSConnectionPool(host='web.archive.org', port=443): Max retries exceeded with url: /web/20090410072901id_/http://nadia.nic.in/PanchayatElection08/Delimitation/Hanskhali/Badkulla-I.pdf (Caused by NewConnectionError(""HTTPSConnection(host='web.archive.org', port=443): Failed to establish a new connection: [Errno 61] Connection refused""))",,
nadia_Badkulla-II_70f5688a.pdf,http://nadia.nic.in/PanchayatElection08/Delimitation/Hanskhali/Badkulla-II.pdf,https://web.archive.org/web/20090410074013id_/http://nadia.nic.in/PanchayatElection08/Delimitation/Hanskhali/Badkulla-II.pdf,20090410074013,2026-09-06,nadia.nic.in,downloaded,41567,6f8772297be42efab47975930c49981d2d78c6f2ceff63454f083fd50397c555
nadia_Bagula-I_7133108e.pdf,http://nadia.nic.in/PanchayatElection08/Delimitation/Hanskhali/Bagula-I.pdf,https://web.archive.org/web/20090410074652id_/http://nadia.nic.in/PanchayatElection08/Delimitation/Hanskhali/Bagula-I.pdf,20090410074652,2026-09-06,nadia.nic.in,"HTTPSConnectionPool(host='web.archive.org', port=443): Max retries exceeded with url: /web/20090410074652id_/http://nadia.nic.in/PanchayatElection08/Delimitation/Hanskhali/Bagula-I.pdf (Caused by NewConnectionError(""HTTPSConnection(host='web.archive.org', port=443): Failed to establish a new connection: [Errno 61] Connection refused""))",,
nadia_Bagula-II_44d04588.pdf,http://nadia.nic.in/PanchayatElection08/Delimitation/Hanskhali/Bagula-II.pdf,https://web.archive.org/web/20090410072350id_/http://nadia.nic.in/PanchayatElection08/Delimitation/Hanskhali/Bagula-II.pdf,20090410072350,2026-09-06,nadia.nic.in,"HTTPSConnectionPool(host='web.archive.org', port=443): Max retries exceeded with url: /web/20090410072350id_/http://nadia.nic.in/PanchayatElection08/Delimitation/Hanskhali/Bagula-II.pdf (Caused by NewConnectionError(""HTTPSConnection(host='web.archive.org', port=443): Failed to establish a new connection: [Errno 61] Connection refused""))",,
nadia_BetnaGobindapur_428786c3.pdf,http://nadia.nic.in/PanchayatElection08/Delimitation/Hanskhali/BetnaGobindapur.pdf,https://web.archive.org/web/20090410073247id_/http://nadia.nic.in/PanchayatElection08/Delimitation/Hanskhali/BetnaGobindapur.pdf,20090410073247,2026-09-06,nadia.nic.in,"HTTPSConnectionPool(host='web.archive.org', port=443): Max retries exceeded with url: /web/20090410073247id_/http://nadia.nic.in/PanchayatElection08/Delimitation/Hanskhali/BetnaGobindapur.pdf (Caused by NewConnectionError(""HTTPSConnection(host='web.archive.org', port=443): Failed to establish a new connection: [Errno 61] Connection refused""))",,
nadia_Dakshinpara-I_1f01c697.pdf,http://nadia.nic.in/PanchayatElection08/Delimitation/Hanskhali/Dakshinpara-I.pdf,https://web.archive.org/web/20090410073337id_/http://nadia.nic.in/PanchayatElection08/Delimitation/Hanskhali/Dakshinpara-I.pdf,20090410073337,2026-09-06,nadia.nic.in,"HTTPSConnectionPool(host='web.archive.org', port=443): Max retries exceeded with url: /web/20090410073337id_/http://nadia.nic.in/PanchayatElection08/Delimitation/Hanskhali/Dakshinpara-I.pdf (Caused by NewConnectionError(""HTTPSConnection(host='web.archive.org', port=443): Failed to establish a new connection: [Errno 61] Connection refused""))",,
nadia_Dakshinpara-II_2ab64782.pdf,http://nadia.nic.in/PanchayatElection08/Delimitation/Hanskhali/Dakshinpara-II.pdf,https://web.archive.org/web/20090410074051id_/http://nadia.nic.in/PanchayatElection08/Delimitation/Hanskhali/Dakshinpara-II.pdf,20090410074051,2026-09-06,nadia.nic.in,"HTTPSConnectionPool(host='web.archive.org', port=443): Max retries exceeded with url: /web/20090410074051id_/http://nadia.nic.in/PanchayatElection08/Delimitation/Hanskhali/Dakshinpara-II.pdf (Caused by NewConnectionError(""HTTPSConnection(host='web.archive.org', port=443): Failed to establish a new connection: [Errno 61] Connection refused""))",,
nadia_Form-_20B1-Order_1bb191b6.pdf,http://nadia.nic.in/PanchayatElection08/Delimitation/Hanskhali/Form-%20B1-Order.pdf,https://web.archive.org/web/20090410072743id_/http://nadia.nic.in/PanchayatElection08/Delimitation/Hanskhali/Form-%20B1-Order.pdf,20090410072743,2026-09-06,nadia.nic.in,"HTTPSConnectionPool(host='web.archive.org', port=443): Max retries exceeded with url: /web/20090410072743id_/http://nadia.nic.in/PanchayatElection08/Delimitation/Hanskhali/Form-%20B1-Order.pdf (Caused by NewConnectionError(""HTTPSConnection(host='web.archive.org', port=443): Failed to establish a new connection: [Errno 61] Connection refused""))",,
nadia_Form-A1-Order_045e6a68.pdf,http://nadia.nic.in/PanchayatElection08/Delimitation/Hanskhali/Form-A1-Order.pdf,https://web.archive.org/web/20090410073727id_/http://nadia.nic.in/PanchayatElection08/Delimitation/Hanskhali/Form-A1-Order.pdf,20090410073727,2026-09-06,nadia.nic.in,"HTTPSConnectionPool(host='web.archive.org', port=443): Max retries exceeded with url: /web/20090410073727id_/http://nadia.nic.in/PanchayatElection08/Delimitation/Hanskhali/Form-A1-Order.pdf (Caused by NewConnectionError(""HTTPSConnection(host='web.archive.org', port=443): Failed to establish a new connection: [Errno 61] Connection refused""))",,
nadia_Form-B1-Schedule_68cd3923.pdf,http://nadia.nic.in/PanchayatElection08/Delimitation/Hanskhali/Form-B1-Schedule.pdf,https://web.archive.org/web/20090410071956id_/http://nadia.nic.in/PanchayatElection08/Delimitation/Hanskhali/Form-B1-Schedule.pdf,20090410071956,2026-09-06,nadia.nic.in,"HTTPSConnectionPool(host='web.archive.org', port=443): Max retries exceeded with url: /web/20090410071956id_/http://nadia.nic.in/PanchayatElection08/Delimitation/Hanskhali/Form-B1-Schedule.pdf (Caused by NewConnectionError(""HTTPSConnection(host='web.archive.org', port=443): Failed to establish a new connection: [Errno 61] Connection refused""))",,
nadia_Gazna_79f8fca5.pdf,http://nadia.nic.in/PanchayatElection08/Delimitation/Hanskhali/Gazna.pdf,https://web.archive.org/web/20090410073210id_/http://nadia.nic.in/PanchayatElection08/Delimitation/Hanskhali/Gazna.pdf,20090410073210,2026-09-06,nadia.nic.in,"HTTPSConnectionPool(host='web.archive.org', port=443): Max retries exceeded with url: /web/20090410073210id_/http://nadia.nic.in/PanchayatElection08/Delimitation/Hanskhali/Gazna.pdf (Caused by NewConnectionError(""HTTPSConnection(host='web.archive.org', port=443): Failed to establish a new connection: [Errno 61] Connection refused""))",,
nadia_Mamjoan_7f58bbb9.pdf,http://nadia.nic.in/PanchayatElection08/Delimitation/Hanskhali/Mamjoan.pdf,https://web.archive.org/web/20090410072432id_/http://nadia.nic.in/PanchayatElection08/Delimitation/Hanskhali/Mamjoan.pdf,20090410072432,2026-09-06,nadia.nic.in,"HTTPSConnectionPool(host='web.archive.org', port=443): Max retries exceeded with url: /web/20090410072432id_/http://nadia.nic.in/PanchayatElection08/Delimitation/Hanskhali/Mamjoan.pdf (Caused by NewConnectionError(""HTTPSConnection(host='web.archive.org', port=443): Failed to establish a new connection: [Errno 61] Connection refused""))",,
nadia_Mayurhat-I_933909ea.pdf,http://nadia.nic.in/PanchayatElection08/Delimitation/Hanskhali/Mayurhat-I.pdf,https://web.archive.org/web/20090410073856id_/http://nadia.nic.in/PanchayatElection08/Delimitation/Hanskhali/Mayurhat-I.pdf,20090410073856,2026-09-06,nadia.nic.in,"HTTPSConnectionPool(host='web.archive.org', port=443): Max retries exceeded with url: /web/20090410073856id_/http://nadia.nic.in/PanchayatElection08/Delimitation/Hanskhali/Mayurhat-I.pdf (Caused by NewConnectionError(""HTTPSConnection(host='web.archive.org', port=443): Failed to establish a new connection: [Errno 61] Connection refused""))",,
nadia_Mayurhat-II_d9fd6980.pdf,http://nadia.nic.in/PanchayatElection08/Delimitation/Hanskhali/Mayurhat-II.pdf,https://web.archive.org/web/20090410073924id_/http://nadia.nic.in/PanchayatElection08/Delimitation/Hanskhali/Mayurhat-II.pdf,20090410073924,2026-09-06,nadia.nic.in,"HTTPSConnectionPool(host='web.archive.org', port=443): Max retries exceeded with url: /web/20090410073924id_/http://nadia.nic.in/PanchayatElection08/Delimitation/Hanskhali/Mayurhat-II.pdf (Caused by NewConnectionError(""HTTPSConnection(host='web.archive.org', port=443): Failed to establish a new connection: [Errno 61] Connection refused""))",,
nadia_Ramnagar-I_373a0017.pdf,http://nadia.nic.in/PanchayatElection08/Delimitation/Hanskhali/Ramnagar-I.pdf,https://web.archive.org/web/20090410074942id_/http://nadia.nic.in/PanchayatElection08/Delimitation/Hanskhali/Ramnagar-I.pdf,20090410074942,2026-09-06,nadia.nic.in,"HTTPSConnectionPool(host='web.archive.org', port=443): Max retries exceeded with url: /web/20090410074942id_/http://nadia.nic.in/PanchayatElection08/Delimitation/Hanskhali/Ramnagar-I.pdf (Caused by NewConnectionError(""HTTPSConnection(host='web.archive.org', port=443): Failed to establish a new connection: [Errno 61] Connection refused""))",,
nadia_Ramnagar-II_c12f29ff.pdf,http://nadia.nic.in/PanchayatElection08/Delimitation/Hanskhali/Ramnagar-II.pdf,https://web.archive.org/web/20090410074800id_/http://nadia.nic.in/PanchayatElection08/Delimitation/Hanskhali/Ramnagar-II.pdf,20090410074800,2026-09-06,nadia.nic.in,"HTTPSConnectionPool(host='web.archive.org', port=443): Max retries exceeded with url: /web/20090410074800id_/http://nadia.nic.in/PanchayatElection08/Delimitation/Hanskhali/Ramnagar-II.pdf (Caused by NewConnectionError(""HTTPSConnection(host='web.archive.org', port=443): Failed to establish a new connection: [Errno 61] Connection refused""))",,
nadia_BIROHI-I_3e158079.pdf,http://nadia.nic.in/PanchayatElection08/Delimitation/Haringhata/BIROHI-I.pdf,https://web.archive.org/web/20090410074332id_/http://nadia.nic.in/PanchayatElection08/Delimitation/Haringhata/BIROHI-I.pdf,20090410074332,2026-09-06,nadia.nic.in,downloaded,71143,49611057b2633562f9db4083175d3508cb25554c6b6571edfd862459e99324f5
nadia_BIROHI-II_ae6e8535.pdf,http://nadia.nic.in/PanchayatElection08/Delimitation/Haringhata/BIROHI-II.pdf,https://web.archive.org/web/20090410074602id_/http://nadia.nic.in/PanchayatElection08/Delimitation/Haringhata/BIROHI-II.pdf,20090410074602,2026-09-06,nadia.nic.in,"HTTPSConnectionPool(host='web.archive.org', port=443): Max retries exceeded with url: /web/20090410074602id_/http://nadia.nic.in/PanchayatElection08/Delimitation/Haringhata/BIROHI-II.pdf (Caused by NewConnectionError(""HTTPSConnection(host='web.archive.org', port=443): Failed to establish a new connection: [Errno 61] Connection refused""))",,
nadia_Fatepur_59ae9e3a.pdf,http://nadia.nic.in/PanchayatElection08/Delimitation/Haringhata/Fatepur.pdf,https://web.archive.org/web/20090410074126id_/http://nadia.nic.in/PanchayatElection08/Delimitation/Haringhata/Fatepur.pdf,20090410074126,2026-09-06,nadia.nic.in,"HTTPSConnectionPool(host='web.archive.org', port=443): Max retries exceeded with url: /web/20090410074126id_/http://nadia.nic.in/PanchayatElection08/Delimitation/Haringhata/Fatepur.pdf (Caused by NewConnectionError(""HTTPSConnection(host='web.archive.org', port=443): Failed to establish a new connection: [Errno 61] Connection refused""))",,
nadia_Form-B1_81f7918c.pdf,http://nadia.nic.in/PanchayatElection08/Delimitation/Haringhata/Form-B1.pdf,https://web.archive.org/web/20090410074203id_/http://nadia.nic.in/PanchayatElection08/Delimitation/Haringhata/Form-B1.pdf,20090410074203,2026-09-06,nadia.nic.in,"HTTPSConnectionPool(host='web.archive.org', port=443): Max retries exceeded with url: /web/20090410074203id_/http://nadia.nic.in/PanchayatElection08/Delimitation/Haringhata/Form-B1.pdf (Caused by NewConnectionError(""HTTPSConnection(host='web.archive.org', port=443): Failed to establish a new connection: [Errno 61] Connection refused""))",,
nadia_Haringhata-I_ef14eb12.pdf,http://nadia.nic.in/PanchayatElection08/Delimitation/Haringhata/Haringhata-I.pdf,https://web.archive.org/web/20090410072240id_/http://nadia.nic.in/PanchayatElection08/Delimitation/Haringhata/Haringhata-I.pdf,20090410072240,2026-09-06,nadia.nic.in,"HTTPSConnectionPool(host='web.archive.org', port=443): Max retries exceeded with url: /web/20090410072240id_/http://nadia.nic.in/PanchayatElection08/Delimitation/Haringhata/Haringhata-I.pdf (Caused by NewConnectionError(""HTTPSConnection(host='web.archive.org', port=443): Failed to establish a new connection: [Errno 61] Connection refused""))",,
nadia_Haringhata-II_076006f3.pdf,http://nadia.nic.in/PanchayatElection08/Delimitation/Haringhata/Haringhata-II.pdf,https://web.archive.org/web/20090410073959id_/http://nadia.nic.in/PanchayatElection08/Delimitation/Haringhata/Haringhata-II.pdf,20090410073959,2026-09-06,nadia.nic.in,"HTTPSConnectionPool(host='web.archive.org', port=443): Max retries exceeded with url: /web/20090410073959id_/http://nadia.nic.in/PanchayatElection08/Delimitation/Haringhata/Haringhata-II.pdf (Caused by NewConnectionError(""HTTPSConnection(host='web.archive.org', port=443): Failed to establish a new connection: [Errno 61] Connection refused""))",,
nadia_Kastodanga-I_4fb90568.pdf,http://nadia.nic.in/PanchayatElection08/Delimitation/Haringhata/Kastodanga-I.pdf,https://web.archive.org/web/20090410075509id_/http://nadia.nic.in/PanchayatElection08/Delimitation/Haringhata/Kastodanga-I.pdf,20090410075509,2026-09-06,nadia.nic.in,"HTTPSConnectionPool(host='web.archive.org', port=443): Max retries exceeded with url: /web/20090410075509id_/http://nadia.nic.in/PanchayatElection08/Delimitation/Haringhata/Kastodanga-I.pdf (Caused by NewConnectionError(""HTTPSConnection(host='web.archive.org', port=443): Failed to establish a new connection: [Errno 61] Connection refused""))",,
nadia_KASTODANGA-II_c816b1ed.pdf,http://nadia.nic.in/PanchayatElection08/Delimitation/Haringhata/KASTODANGA-II.pdf,https://web.archive.org/web/20090410075149id_/http://nadia.nic.in/PanchayatElection08/Delimitation/Haringhata/KASTODANGA-II.pdf,20090410075149,2026-09-06,nadia.nic.in,"HTTPSConnectionPool(host='web.archive.org', port=443): Max retries exceeded with url: /web/20090410075149id_/http://nadia.nic.in/PanchayatElection08/Delimitation/Haringhata/KASTODANGA-II.pdf (Caused by NewConnectionError(""HTTPSConnection(host='web.archive.org', port=443): Failed to establish a new connection: [Errno 61] Connection refused""))",,
nadia_Mollabelia_c3c9ef15.pdf,http://nadia.nic.in/PanchayatElection08/Delimitation/Haringhata/Mollabelia.pdf,https://web.archive.org/web/20090410075441id_/http://nadia.nic.in/PanchayatElection08/Delimitation/Haringhata/Mollabelia.pdf,20090410075441,2026-09-06,nadia.nic.in,"HTTPSConnectionPool(host='web.archive.org', port=443): Max retries exceeded with url: /web/20090410075441id_/http://nadia.nic.in/PanchayatElection08/Delimitation/Haringhata/Mollabelia.pdf (Caused by NewConnectionError(""HTTPSConnection(host='web.archive.org', port=443): Failed to establish a new connection: [Errno 61] Connection refused""))",,
nadia_Nagarukhra-I_70b54b9c.pdf,http://nadia.nic.in/PanchayatElection08/Delimitation/Haringhata/Nagarukhra-I.pdf,https://web.archive.org/web/20090410074139id_/http://nadia.nic.in/PanchayatElection08/Delimitation/Haringhata/Nagarukhra-I.pdf,20090410074139,2026-09-06,nadia.nic.in,downloaded,74002,c685f17d97b978b45d02e02cead572879939fe4ef74229de5590cf7de0f24463
nadia_Nagtarukhra-II_d9223344.pdf,http://nadia.nic.in/PanchayatElection08/Delimitation/Haringhata/Nagtarukhra-II.pdf,https://web.archive.org/web/20090410074918id_/http://nadia.nic.in/PanchayatElection08/Delimitation/Haringhata/Nagtarukhra-II.pdf,20090410074918,2026-09-06,nadia.nic.in,"HTTPSConnectionPool(host='web.archive.org', port=443): Max retries exceeded with url: /web/20090410074918id_/http://nadia.nic.in/PanchayatElection08/Delimitation/Haringhata/Nagtarukhra-II.pdf (Caused by NewConnectionError(""HTTPSConnection(host='web.archive.org', port=443): Failed to establish a new connection: [Errno 61] Connection refused""))",,
nadia_Form-A1_c596bf47.pdf,http://nadia.nic.in/PanchayatElection08/Delimitation/Kaliganj/Form-A1.pdf,https://web.archive.org/web/20090410075039id_/http://nadia.nic.in/PanchayatElection08/Delimitation/Kaliganj/Form-A1.pdf,20090410075039,2026-09-06,nadia.nic.in,"HTTPSConnectionPool(host='web.archive.org', port=443): Max retries exceeded with url: /web/20090410075039id_/http://nadia.nic.in/PanchayatElection08/Delimitation/Kaliganj/Form-A1.pdf (Caused by NewConnectionError(""HTTPSConnection(host='web.archive.org', port=443): Failed to establish a new connection: [Errno 61] Connection refused""))",,
nadia_Form-B1_3b3350d2.pdf,http://nadia.nic.in/PanchayatElection08/Delimitation/Kaliganj/Form-B1.pdf,https://web.archive.org/web/20090410072007id_/http://nadia.nic.in/PanchayatElection08/Delimitation/Kaliganj/Form-B1.pdf,20090410072007,2026-09-06,nadia.nic.in,"HTTPSConnectionPool(host='web.archive.org', port=443): Max retries exceeded with url: /web/20090410072007id_/http://nadia.nic.in/PanchayatElection08/Delimitation/Kaliganj/Form-B1.pdf (Caused by NewConnectionError(""HTTPSConnection(host='web.archive.org', port=443): Failed to establish a new connection: [Errno 61] Connection refused""))",,
nadia_Order-A1_0a1f6fa4.pdf,http://nadia.nic.in/PanchayatElection08/Delimitation/Kaliganj/Order-A1.pdf,https://web.archive.org/web/20090410071928id_/http://nadia.nic.in/PanchayatElection08/Delimitation/Kaliganj/Order-A1.pdf,20090410071928,2026-09-06,nadia.nic.in,"HTTPSConnectionPool(host='web.archive.org', port=443): Max retries exceeded with url: /web/20090410071928id_/http://nadia.nic.in/PanchayatElection08/Delimitation/Kaliganj/Order-A1.pdf (Caused by NewConnectionError(""HTTPSConnection(host='web.archive.org', port=443): Failed to establish a new connection: [Errno 61] Connection refused""))",,
nadia_Order-B1_a4fac3f9.pdf,http://nadia.nic.in/PanchayatElection08/Delimitation/Kaliganj/Order-B1.pdf,https://web.archive.org/web/20090410072713id_/http://nadia.nic.in/PanchayatElection08/Delimitation/Kaliganj/Order-B1.pdf,20090410072713,2026-09-06,nadia.nic.in,"HTTPSConnectionPool(host='web.archive.org', port=443): Max retries exceeded with url: /web/20090410072713id_/http://nadia.nic.in/PanchayatElection08/Delimitation/Kaliganj/Order-B1.pdf (Caused by NewConnectionError(""HTTPSConnection(host='web.archive.org', port=443): Failed to establish a new connection: [Errno 61] Connection refused""))",,
nadia_Harekrishnapur_14c1cd77.pdf,http://nadia.nic.in/PanchayatElection08/Delimitation/Karimpur-I/Harekrishnapur.pdf,https://web.archive.org/web/20090410073911id_/http://nadia.nic.in/PanchayatElection08/Delimitation/Karimpur-I/Harekrishnapur.pdf,20090410073911,2026-09-06,nadia.nic.in,"HTTPSConnectionPool(host='web.archive.org', port=443): Max retries exceeded with url: /web/20090410073911id_/http://nadia.nic.in/PanchayatElection08/Delimitation/Karimpur-I/Harekrishnapur.pdf (Caused by NewConnectionError(""HTTPSConnection(host='web.archive.org', port=443): Failed to establish a new connection: [Errno 61] Connection refused""))",,
nadia_Hogalbaria_86171ab6.pdf,http://nadia.nic.in/PanchayatElection08/Delimitation/Karimpur-I/Hogalbaria.pdf,https://web.archive.org/web/20090410073656id_/http://nadia.nic.in/PanchayatElection08/Delimitation/Karimpur-I/Hogalbaria.pdf,20090410073656,2026-09-06,nadia.nic.in,"HTTPSConnectionPool(host='web.archive.org', port=443): Max retries exceeded with url: /web/20090410073656id_/http://nadia.nic.in/PanchayatElection08/Delimitation/Karimpur-I/Hogalbaria.pdf (Caused by NewConnectionError(""HTTPSConnection(host='web.archive.org', port=443): Failed to establish a new connection: [Errno 61] Connection refused""))",,
nadia_Jamsherpur_6a11d54f.pdf,http://nadia.nic.in/PanchayatElection08/Delimitation/Karimpur-I/Jamsherpur.pdf,https://web.archive.org/web/20090410072416id_/http://nadia.nic.in/PanchayatElection08/Delimitation/Karimpur-I/Jamsherpur.pdf,20090410072416,2026-09-06,nadia.nic.in,"HTTPSConnectionPool(host='web.archive.org', port=443): Max retries exceeded with url: /web/20090410072416id_/http://nadia.nic.in/PanchayatElection08/Delimitation/Karimpur-I/Jamsherpur.pdf (Caused by NewConnectionError(""HTTPSConnection(host='web.archive.org', port=443): Failed to establish a new connection: [Errno 61] Connection refused""))",,
nadia_Karimpur-I_0d2827c6.pdf,http://nadia.nic.in/PanchayatElection08/Delimitation/Karimpur-I/Karimpur-I.pdf,https://web.archive.org/web/20090410072929id_/http://nadia.nic.in/PanchayatElection08/Delimitation/Karimpur-I/Karimpur-I.pdf,20090410072929,2026-09-06,nadia.nic.in,downloaded,88091,8d63f561ba866e95548a8742a9de1cd86bad2d4c0507add278a990c2321005f4
nadia_Karimpur-II_86bd8352.pdf,http://nadia.nic.in/PanchayatElection08/Delimitation/Karimpur-I/Karimpur-II.pdf,https://web.archive.org/web/20090410073017id_/http://nadia.nic.in/PanchayatElection08/Delimitation/Karimpur-I/Karimpur-II.pdf,20090410073017,2026-09-06,nadia.nic.in,"HTTPSConnectionPool(host='web.archive.org', port=443): Max retries exceeded with url: /web/20090410073017id_/http://nadia.nic.in/PanchayatElection08/Delimitation/Karimpur-I/Karimpur-II.pdf (Caused by NewConnectionError(""HTTPSConnection(host='web.archive.org', port=443): Failed to establish a new connection: [Errno 61] Connection refused""))",,
nadia_Madhugari_3d0c3f7f.pdf,http://nadia.nic.in/PanchayatElection08/Delimitation/Karimpur-I/Madhugari.pdf,https://web.archive.org/web/20090410074840id_/http://nadia.nic.in/PanchayatElection08/Delimitation/Karimpur-I/Madhugari.pdf,20090410074840,2026-09-06,nadia.nic.in,"HTTPSConnectionPool(host='web.archive.org', port=443): Max retries exceeded with url: /web/20090410074840id_/http://nadia.nic.in/PanchayatElection08/Delimitation/Karimpur-I/Madhugari.pdf (Caused by NewConnectionError(""HTTPSConnection(host='web.archive.org', port=443): Failed to establish a new connection: [Errno 61] Connection refused""))",,
nadia_ORDER-A1_cbbf8640.pdf,http://nadia.nic.in/PanchayatElection08/Delimitation/Karimpur-I/ORDER-A1.pdf,https://web.archive.org/web/20090410073234id_/http://nadia.nic.in/PanchayatElection08/Delimitation/Karimpur-I/ORDER-A1.pdf,20090410073234,2026-09-06,nadia.nic.in,"HTTPSConnectionPool(host='web.archive.org', port=443): Max retries exceeded with url: /web/20090410073234id_/http://nadia.nic.in/PanchayatElection08/Delimitation/Karimpur-I/ORDER-A1.pdf (Caused by NewConnectionError(""HTTPSConnection(host='web.archive.org', port=443): Failed to establish a new connection: [Errno 61] Connection refused""))",,
nadia_ORDER_3c53400c.pdf,http://nadia.nic.in/PanchayatElection08/Delimitation/Karimpur-I/ORDER.pdf,https://web.archive.org/web/20090410073620id_/http://nadia.nic.in/PanchayatElection08/Delimitation/Karimpur-I/ORDER.pdf,20090410073620,2026-09-06,nadia.nic.in,"HTTPSConnectionPool(host='web.archive.org', port=443): Max retries exceeded with url: /web/20090410073620id_/http://nadia.nic.in/PanchayatElection08/Delimitation/Karimpur-I/ORDER.pdf (Caused by NewConnectionError(""HTTPSConnection(host='web.archive.org', port=443): Failed to establish a new connection: [Errno 61] Connection refused""))",,
nadia_Pipulberia_311fb789.pdf,http://nadia.nic.in/PanchayatElection08/Delimitation/Karimpur-I/Pipulberia.pdf,https://web.archive.org/web/20090410075115id_/http://nadia.nic.in/PanchayatElection08/Delimitation/Karimpur-I/Pipulberia.pdf,20090410075115,2026-09-06,nadia.nic.in,"HTTPSConnectionPool(host='web.archive.org', port=443): Max retries exceeded with url: /web/20090410075115id_/http://nadia.nic.in/PanchayatElection08/Delimitation/Karimpur-I/Pipulberia.pdf (Caused by NewConnectionError(""HTTPSConnection(host='web.archive.org', port=443): Failed to establish a new connection: [Errno 61] Connection refused""))",,
nadia_Shikarpur_43495071.pdf,http://nadia.nic.in/PanchayatElection08/Delimitation/Karimpur-I/Shikarpur.pdf,https://web.archive.org/web/20090410075342id_/http://nadia.nic.in/PanchayatElection08/Delimitation/Karimpur-I/Shikarpur.pdf,20090410075342,2026-09-06,nadia.nic.in,"HTTPSConnectionPool(host='web.archive.org', port=443): Max retries exceeded with url: /web/20090410075342id_/http://nadia.nic.in/PanchayatElection08/Delimitation/Karimpur-I/Shikarpur.pdf (Caused by NewConnectionError(""HTTPSConnection(host='web.archive.org', port=443): Failed to establish a new connection: [Errno 61] Connection refused""))",,
nadia_Dh-I_241ce14e.pdf,http://nadia.nic.in/PanchayatElection08/Delimitation/Karimpur-II/Dh-I.pdf,https://web.archive.org/web/20090410073751id_/http://nadia.nic.in/PanchayatElection08/Delimitation/Karimpur-II/Dh-I.pdf,20090410073751,2026-09-06,nadia.nic.in,"HTTPSConnectionPool(host='web.archive.org', port=443): Max retries exceeded with url: /web/20090410073751id_/http://nadia.nic.in/PanchayatElection08/Delimitation/Karimpur-II/Dh-I.pdf (Caused by NewConnectionError(""HTTPSConnection(host='web.archive.org', port=443): Failed to establish a new connection: [Errno 61] Connection refused""))",,
nadia_Dh-II_caeeb1b6.pdf,http://nadia.nic.in/PanchayatElection08/Delimitation/Karimpur-II/Dh-II.pdf,https://web.archive.org/web/20090410072306id_/http://nadia.nic.in/PanchayatElection08/Delimitation/Karimpur-II/Dh-II.pdf,20090410072306,2026-09-06,nadia.nic.in,downloaded,71726,7e975d0b13e5d3411333e6ffce17cb92e20edde68e47d1db8e3f09d45d9895f0
nadia_Digh_50a98dda.pdf,http://nadia.nic.in/PanchayatElection08/Delimitation/Karimpur-II/Digh.pdf,https://web.archive.org/web/20090410074153id_/http://nadia.nic.in/PanchayatElection08/Delimitation/Karimpur-II/Digh.pdf,20090410074153,2026-09-06,nadia.nic.in,"HTTPSConnectionPool(host='web.archive.org', port=443): Max retries exceeded with url: /web/20090410074153id_/http://nadia.nic.in/PanchayatElection08/Delimitation/Karimpur-II/Digh.pdf (Caused by NewConnectionError(""HTTPSConnection(host='web.archive.org', port=443): Failed to establish a new connection: [Errno 61] Connection refused""))",,
nadia_Muru_2ec52bfa.pdf,http://nadia.nic.in/PanchayatElection08/Delimitation/Karimpur-II/Muru.pdf,https://web.archive.org/web/20090410074618id_/http://nadia.nic.in/PanchayatElection08/Delimitation/Karimpur-II/Muru.pdf,20090410074618,2026-09-06,nadia.nic.in,"HTTPSConnectionPool(host='web.archive.org', port=443): Max retries exceeded with url: /web/20090410074618id_/http://nadia.nic.in/PanchayatElection08/Delimitation/Karimpur-II/Muru.pdf (Caused by NewConnectionError(""HTTPSConnection(host='web.archive.org', port=443): Failed to establish a new connection: [Errno 61] Connection refused""))",,
nadia_Nand_810c5005.pdf,http://nadia.nic.in/PanchayatElection08/Delimitation/Karimpur-II/Nand.pdf,https://web.archive.org/web/20090410075609id_/http://nadia.nic.in/PanchayatElection08/Delimitation/Karimpur-II/Nand.pdf,20090410075609,2026-09-06,nadia.nic.in,"HTTPSConnectionPool(host='web.archive.org', port=443): Max retries exceeded with url: /web/20090410075609id_/http://nadia.nic.in/PanchayatElection08/Delimitation/Karimpur-II/Nand.pdf (Caused by NewConnectionError(""HTTPSConnection(host='web.archive.org', port=443): Failed to establish a new connection: [Errno 61] Connection refused""))",,
nadia_Nara-I_8b24736b.pdf,http://nadia.nic.in/PanchayatElection08/Delimitation/Karimpur-II/Nara-I.pdf,https://web.archive.org/web/20090410075558id_/http://nadia.nic.in/PanchayatElection08/Delimitation/Karimpur-II/Nara-I.pdf,20090410075558,2026-09-06,nadia.nic.in,"HTTPSConnectionPool(host='web.archive.org', port=443): Max retries exceeded with url: /web/20090410075558id_/http://nadia.nic.in/PanchayatElection08/Delimitation/Karimpur-II/Nara-I.pdf (Caused by NewConnectionError(""HTTPSConnection(host='web.archive.org', port=443): Failed to establish a new connection: [Errno 61] Connection refused""))",,
nadia_Nara-II_cdd1cab4.pdf,http://nadia.nic.in/PanchayatElection08/Delimitation/Karimpur-II/Nara-II.pdf,https://web.archive.org/web/20090410074854id_/http://nadia.nic.in/PanchayatElection08/Delimitation/Karimpur-II/Nara-II.pdf,20090410074854,2026-09-06,nadia.nic.in,"HTTPSConnectionPool(host='web.archive.org', port=443): Max retries exceeded with url: /web/20090410074854id_/http://nadia.nic.in/PanchayatElection08/Delimitation/Karimpur-II/Nara-II.pdf (Caused by NewConnectionError(""HTTPSConnection(host='web.archive.org', port=443): Failed to establish a new connection: [Errno 61] Connection refused""))",,
nadia_Nati-I_80756371.pdf,http://nadia.nic.in/PanchayatElection08/Delimitation/Karimpur-II/Nati-I.pdf,https://web.archive.org/web/20090410073406id_/http://nadia.nic.in/PanchayatElection08/Delimitation/Karimpur-II/Nati-I.pdf,20090410073406,2026-09-06,nadia.nic.in,"HTTPSConnectionPool(host='web.archive.org', port=443): Max retries exceeded with url: /web/20090410073406id_/http://nadia.nic.in/PanchayatElection08/Delimitation/Karimpur-II/Nati-I.pdf (Caused by NewConnectionError(""HTTPSConnection(host='web.archive.org', port=443): Failed to establish a new connection: [Errno 61] Connection refused""))",,
nadia_Nati-II_84283aee.pdf,http://nadia.nic.in/PanchayatElection08/Delimitation/Karimpur-II/Nati-II.pdf,https://web.archive.org/web/20090410072517id_/http://nadia.nic.in/PanchayatElection08/Delimitation/Karimpur-II/Nati-II.pdf,20090410072517,2026-09-06,nadia.nic.in,"HTTPSConnectionPool(host='web.archive.org', port=443): Max retries exceeded with url: /web/20090410072517id_/http://nadia.nic.in/PanchayatElection08/Delimitation/Karimpur-II/Nati-II.pdf (Caused by NewConnectionError(""HTTPSConnection(host='web.archive.org', port=443): Failed to establish a new connection: [Errno 61] Connection refused""))",,
nadia_Order_20A1_3950681b.pdf,http://nadia.nic.in/PanchayatElection08/Delimitation/Karimpur-II/Order%20A1.pdf,https://web.archive.org/web/20090410073821id_/http://nadia.nic.in/PanchayatElection08/Delimitation/Karimpur-II/Order%20A1.pdf,20090410073821,2026-09-06,nadia.nic.in,"HTTPSConnectionPool(host='web.archive.org', port=443): Max retries exceeded with url: /web/20090410073821id_/http://nadia.nic.in/PanchayatElection08/Delimitation/Karimpur-II/Order%20A1.pdf (Caused by NewConnectionError(""HTTPSConnection(host='web.archive.org', port=443): Failed to establish a new connection: [Errno 61] Connection refused""))",,
nadia_Order_20B1_8556a244.pdf,http://nadia.nic.in/PanchayatElection08/Delimitation/Karimpur-II/Order%20B1.pdf,https://web.archive.org/web/20090410074718id_/http://nadia.nic.in/PanchayatElection08/Delimitation/Karimpur-II/Order%20B1.pdf,20090410074718,2026-09-06,nadia.nic.in,"HTTPSConnectionPool(host='web.archive.org', port=443): Max retries exceeded with url: /web/20090410074718id_/http://nadia.nic.in/PanchayatElection08/Delimitation/Karimpur-II/Order%20B1.pdf (Caused by NewConnectionError(""HTTPSConnection(host='web.archive.org', port=443): Failed to establish a new connection: [Errno 61] Connection refused""))",,
nadia_Raha_3f3eef56.pdf,http://nadia.nic.in/PanchayatElection08/Delimitation/Karimpur-II/Raha.pdf,https://web.archive.org/web/20090410074734id_/http://nadia.nic.in/PanchayatElection08/Delimitation/Karimpur-II/Raha.pdf,20090410074734,2026-09-06,nadia.nic.in,"HTTPSConnectionPool(host='web.archive.org', port=443): Max retries exceeded with url: /web/20090410074734id_/http://nadia.nic.in/PanchayatElection08/Delimitation/Karimpur-II/Raha.pdf (Caused by NewConnectionError(""HTTPSConnection(host='web.archive.org', port=443): Failed to establish a new connection: [Errno 61] Connection refused""))",,
nadia_FormABTGP_bbf62a34.pdf,http://nadia.nic.in/PanchayatElection08/Delimitation/Krishnaganj/FormABTGP.pdf,https://web.archive.org/web/20090410075004id_/http://nadia.nic.in/PanchayatElection08/Delimitation/Krishnaganj/FormABTGP.pdf,20090410075004,2026-09-06,nadia.nic.in,"HTTPSConnectionPool(host='web.archive.org', port=443): Max retries exceeded with url: /web/20090410075004id_/http://nadia.nic.in/PanchayatElection08/Delimitation/Krishnaganj/FormABTGP.pdf (Caused by NewConnectionError(""HTTPSConnection(host='web.archive.org', port=443): Failed to establish a new connection: [Errno 61] Connection refused""))",,
nadia_FormAGOBGP_d6401c99.pdf,http://nadia.nic.in/PanchayatElection08/Delimitation/Krishnaganj/FormAGOBGP.pdf,https://web.archive.org/web/20090410072730id_/http://nadia.nic.in/PanchayatElection08/Delimitation/Krishnaganj/FormAGOBGP.pdf,20090410072730,2026-09-06,nadia.nic.in,"HTTPSConnectionPool(host='web.archive.org', port=443): Max retries exceeded with url: /web/20090410072730id_/http://nadia.nic.in/PanchayatElection08/Delimitation/Krishnaganj/FormAGOBGP.pdf (Caused by NewConnectionError(""HTTPSConnection(host='web.archive.org', port=443): Failed to establish a new connection: [Errno 61] Connection refused""))",,
nadia_FormAJOYGP_808c9836.pdf,http://nadia.nic.in/PanchayatElection08/Delimitation/Krishnaganj/FormAJOYGP.pdf,https://web.archive.org/web/20090410072254id_/http://nadia.nic.in/PanchayatElection08/Delimitation/Krishnaganj/FormAJOYGP.pdf,20090410072254,2026-09-06,nadia.nic.in,"HTTPSConnectionPool(host='web.archive.org', port=443): Max retries exceeded with url: /web/20090410072254id_/http://nadia.nic.in/PanchayatElection08/Delimitation/Krishnaganj/FormAJOYGP.pdf (Caused by NewConnectionError(""HTTPSConnection(host='web.archive.org', port=443): Failed to establish a new connection: [Errno 61] Connection refused""))",,
nadia_FormAKNJGP_d68f1ead.pdf,http://nadia.nic.in/PanchayatElection08/Delimitation/Krishnaganj/FormAKNJGP.pdf,https://web.archive.org/web/20090410072850id_/http://nadia.nic.in/PanchayatElection08/Delimitation/Krishnaganj/FormAKNJGP.pdf,20090410072850,2026-09-06,nadia.nic.in,"HTTPSConnectionPool(host='web.archive.org', port=443): Max retries exceeded with url: /web/20090410072850id_/http://nadia.nic.in/PanchayatElection08/Delimitation/Krishnaganj/FormAKNJGP.pdf (Caused by NewConnectionError(""HTTPSConnection(host='web.archive.org', port=443): Failed to establish a new connection: [Errno 61] Connection refused""))",,
nadia_FormAMBGP_637807a4.pdf,http://nadia.nic.in/PanchayatElection08/Delimitation/Krishnaganj/FormAMBGP.pdf,https://web.archive.org/web/20090410073159id_/http://nadia.nic.in/PanchayatElection08/Delimitation/Krishnaganj/FormAMBGP.pdf,20090410073159,2026-09-06,nadia.nic.in,"HTTPSConnectionPool(host='web.archive.org', port=443): Max retries exceeded with url: /web/20090410073159id_/http://nadia.nic.in/PanchayatElection08/Delimitation/Krishnaganj/FormAMBGP.pdf (Caused by NewConnectionError(""HTTPSConnection(host='web.archive.org', port=443): Failed to establish a new connection: [Errno 61] Connection refused""))",,
nadia_FormASHIBGP_e587eac1.pdf,http://nadia.nic.in/PanchayatElection08/Delimitation/Krishnaganj/FormASHIBGP.pdf,https://web.archive.org/web/20090410073003id_/http://nadia.nic.in/PanchayatElection08/Delimitation/Krishnaganj/FormASHIBGP.pdf,20090410073003,2026-09-06,nadia.nic.in,"HTTPSConnectionPool(host='web.archive.org', port=443): Max retries exceeded with url: /web/20090410073003id_/http://nadia.nic.in/PanchayatElection08/Delimitation/Krishnaganj/FormASHIBGP.pdf (Caused by NewConnectionError(""HTTPSConnection(host='web.archive.org', port=443): Failed to establish a new connection: [Errno 61] Connection refused""))",,
nadia_FormATMGP_e1dd3845.pdf,http://nadia.nic.in/PanchayatElection08/Delimitation/Krishnaganj/FormATMGP.pdf,https://web.archive.org/web/20090410072130id_/http://nadia.nic.in/PanchayatElection08/Delimitation/Krishnaganj/FormATMGP.pdf,20090410072130,2026-09-06,nadia.nic.in,"HTTPSConnectionPool(host='web.archive.org', port=443): Max retries exceeded with url: /web/20090410072130id_/http://nadia.nic.in/PanchayatElection08/Delimitation/Krishnaganj/FormATMGP.pdf (Caused by NewConnectionError(""HTTPSConnection(host='web.archive.org', port=443): Failed to establish a new connection: [Errno 61] Connection refused""))",,
nadia_FormB1_f7386ca2.pdf,http://nadia.nic.in/PanchayatElection08/Delimitation/Krishnaganj/FormB1.pdf,https://web.archive.org/web/20090410074426id_/http://nadia.nic.in/PanchayatElection08/Delimitation/Krishnaganj/FormB1.pdf,20090410074426,2026-09-06,nadia.nic.in,downloaded,81663,e89b88243e09bf76fa9e0c5921c5088246e62001cb6a3d61de7c2549eb315cf4
nadia_Order-A1_792c42df.pdf,http://nadia.nic.in/PanchayatElection08/Delimitation/Krishnaganj/Order-A1.pdf,https://web.archive.org/web/20090410073050id_/http://nadia.nic.in/PanchayatElection08/Delimitation/Krishnaganj/Order-A1.pdf,20090410073050,2026-09-06,nadia.nic.in,"HTTPSConnectionPool(host='web.archive.org', port=443): Max retries exceeded with url: /web/20090410073050id_/http://nadia.nic.in/PanchayatElection08/Delimitation/Krishnaganj/Order-A1.pdf (Caused by NewConnectionError(""HTTPSConnection(host='web.archive.org', port=443): Failed to establish a new connection: [Errno 61] Connection refused""))",,
nadia_Order-B1_87526c06.pdf,http://nadia.nic.in/PanchayatElection08/Delimitation/Krishnaganj/Order-B1.pdf,https://web.archive.org/web/20090410072612id_/http://nadia.nic.in/PanchayatElection08/Delimitation/Krishnaganj/Order-B1.pdf,20090410072612,2026-09-06,nadia.nic.in,downloaded,74015,d38eb9dc2e5577b0d1651410f5d7565acd2a61f5f58cebebc75e3126d0ca4734
nadia_Form-A1_c16eed1b.pdf,http://nadia.nic.in/PanchayatElection08/Delimitation/Krishnagar-I/Form-A1.pdf,https://web.archive.org/web/20090410073945id_/http://nadia.nic.in/PanchayatElection08/Delimitation/Krishnagar-I/Form-A1.pdf,20090410073945,2026-09-06,nadia.nic.in,"HTTPSConnectionPool(host='web.archive.org', port=443): Max retries exceeded with url: /web/20090410073945id_/http://nadia.nic.in/PanchayatElection08/Delimitation/Krishnagar-I/Form-A1.pdf (Caused by NewConnectionError(""HTTPSConnection(host='web.archive.org', port=443): Failed to establish a new connection: [Errno 61] Connection refused""))",,
nadia_Form-B1_f87519e4.pdf,http://nadia.nic.in/PanchayatElection08/Delimitation/Krishnagar-I/Form-B1.pdf,https://web.archive.org/web/20090410074040id_/http://nadia.nic.in/PanchayatElection08/Delimitation/Krishnagar-I/Form-B1.pdf,20090410074040,2026-09-06,nadia.nic.in,"HTTPSConnectionPool(host='web.archive.org', port=443): Max retries exceeded with url: /web/20090410074040id_/http://nadia.nic.in/PanchayatElection08/Delimitation/Krishnagar-I/Form-B1.pdf (Caused by NewConnectionError(""HTTPSConnection(host='web.archive.org', port=443): Failed to establish a new connection: [Errno 61] Connection refused""))",,
nadia_FORM-A_Belpukur_161bcf81.pdf,http://nadia.nic.in/PanchayatElection08/Delimitation/Krishnagar-II/FORM-A_Belpukur.pdf,https://web.archive.org/web/20090410074526id_/http://nadia.nic.in/PanchayatElection08/Delimitation/Krishnagar-II/FORM-A_Belpukur.pdf,20090410074526,2026-09-06,nadia.nic.in,"HTTPSConnectionPool(host='web.archive.org', port=443): Max retries exceeded with url: /web/20090410074526id_/http://nadia.nic.in/PanchayatElection08/Delimitation/Krishnagar-II/FORM-A_Belpukur.pdf (Caused by NewConnectionError(""HTTPSConnection(host='web.archive.org', port=443): Failed to establish a new connection: [Errno 61] Connection refused""))",,
nadia_FORM-A_Dhubulia-I_7f4056af.pdf,http://nadia.nic.in/PanchayatElection08/Delimitation/Krishnagar-II/FORM-A_Dhubulia-I.pdf,https://web.archive.org/web/20090410075453id_/http://nadia.nic.in/PanchayatElection08/Delimitation/Krishnagar-II/FORM-A_Dhubulia-I.pdf,20090410075453,2026-09-06,nadia.nic.in,downloaded,80642,2170abe160fa902e8021e93bd4c4394c67be197132487be8252fd190da32287a
nadia_FORM-A_Dhubulia-II_128ab232.pdf,http://nadia.nic.in/PanchayatElection08/Delimitation/Krishnagar-II/FORM-A_Dhubulia-II.pdf,https://web.archive.org/web/20090410074343id_/http://nadia.nic.in/PanchayatElection08/Delimitation/Krishnagar-II/FORM-A_Dhubulia-II.pdf,20090410074343,2026-09-06,nadia.nic.in,"HTTPSConnectionPool(host='web.archive.org', port=443): Max retries exceeded with url: /web/20090410074343id_/http://nadia.nic.in/PanchayatElection08/Delimitation/Krishnagar-II/FORM-A_Dhubulia-II.pdf (Caused by NewConnectionError(""HTTPSConnection(host='web.archive.org', port=443): Failed to establish a new connection: [Errno 61] Connection refused""))",,
nadia_FORM-A_Nawpara-I_09c10d0a.pdf,http://nadia.nic.in/PanchayatElection08/Delimitation/Krishnagar-II/FORM-A_Nawpara-I.pdf,https://web.archive.org/web/20090410073834id_/http://nadia.nic.in/PanchayatElection08/Delimitation/Krishnagar-II/FORM-A_Nawpara-I.pdf,20090410073834,2026-09-06,nadia.nic.in,"HTTPSConnectionPool(host='web.archive.org', port=443): Max retries exceeded with url: /web/20090410073834id_/http://nadia.nic.in/PanchayatElection08/Delimitation/Krishnagar-II/FORM-A_Nawpara-I.pdf (Caused by NewConnectionError(""HTTPSConnection(host='web.archive.org', port=443): Failed to establish a new connection: [Errno 61] Connection refused""))",,
nadia_FORM-A_Nawpara-II_550f8e44.pdf,http://nadia.nic.in/PanchayatElection08/Delimitation/Krishnagar-II/FORM-A_Nawpara-II.pdf,https://web.archive.org/web/20090410075417id_/http://nadia.nic.in/PanchayatElection08/Delimitation/Krishnagar-II/FORM-A_Nawpara-II.pdf,20090410075417,2026-09-06,nadia.nic.in,downloaded,76939,33dae8eeab176b345fcb0809dc63e86d02d85778e4a983e14c3e62cb42cc0731
nadia_FORM-A_Sadhanpara-I_291a8549.pdf,http://nadia.nic.in/PanchayatElection08/Delimitation/Krishnagar-II/FORM-A_Sadhanpara-I.pdf,https://web.archive.org/web/20090410073449id_/http://nadia.nic.in/PanchayatElection08/Delimitation/Krishnagar-II/FORM-A_Sadhanpara-I.pdf,20090410073449,2026-09-06,nadia.nic.in,"HTTPSConnectionPool(host='web.archive.org', port=443): Max retries exceeded with url: /web/20090410073449id_/http://nadia.nic.in/PanchayatElection08/Delimitation/Krishnagar-II/FORM-A_Sadhanpara-I.pdf (Caused by NewConnectionError(""HTTPSConnection(host='web.archive.org', port=443): Failed to establish a new connection: [Errno 61] Connection refused""))",,
nadia_FORM-A_Sadhanpara-II_0939c266.pdf,http://nadia.nic.in/PanchayatElection08/Delimitation/Krishnagar-II/FORM-A_Sadhanpara-II.pdf,https://web.archive.org/web/20090410075315id_/http://nadia.nic.in/PanchayatElection08/Delimitation/Krishnagar-II/FORM-A_Sadhanpara-II.pdf,20090410075315,2026-09-06,nadia.nic.in,"HTTPSConnectionPool(host='web.archive.org', port=443): Max retries exceeded with url: /web/20090410075315id_/http://nadia.nic.in/PanchayatElection08/Delimitation/Krishnagar-II/FORM-A_Sadhanpara-II.pdf (Caused by NewConnectionError(""HTTPSConnection(host='web.archive.org', port=443): Failed to establish a new connection: [Errno 61] Connection refused""))",,
nadia_FORM-B_7da5a866.pdf,http://nadia.nic.in/PanchayatElection08/Delimitation/Krishnagar-II/FORM-B.pdf,https://web.archive.org/web/20090410075228id_/http://nadia.nic.in/PanchayatElection08/Delimitation/Krishnagar-II/FORM-B.pdf,20090410075228,2026-09-06,nadia.nic.in,"HTTPSConnectionPool(host='web.archive.org', port=443): Max retries exceeded with url: /web/20090410075228id_/http://nadia.nic.in/PanchayatElection08/Delimitation/Krishnagar-II/FORM-B.pdf (Caused by NewConnectionError(""HTTPSConnection(host='web.archive.org', port=443): Failed to establish a new connection: [Errno 61] Connection refused""))",,
nadia_Form_20A1_37b1730e.pdf,http://nadia.nic.in/PanchayatElection08/Delimitation/Nabadwip/Form%20A1.pdf,https://web.archive.org/web/20090410072027id_/http://nadia.nic.in/PanchayatElection08/Delimitation/Nabadwip/Form%20A1.pdf,20090410072027,2026-09-06,nadia.nic.in,downloaded,209159,e5a749cd04b80ada822983e5805c8b76ac97eb083739de0842a618e6f93ce3e6
nadia_Form-B1_38a4fa5d.pdf,http://nadia.nic.in/PanchayatElection08/Delimitation/Nabadwip/Form-B1.pdf,https://web.archive.org/web/20090410075523id_/http://nadia.nic.in/PanchayatElection08/Delimitation/Nabadwip/Form-B1.pdf,20090410075523,2026-09-06,nadia.nic.in,"HTTPSConnectionPool(host='web.archive.org', port=443): Max retries exceeded with url: /web/20090410075523id_/http://nadia.nic.in/PanchayatElection08/Delimitation/Nabadwip/Form-B1.pdf (Caused by NewConnectionError(""HTTPSConnection(host='web.archive.org', port=443): Failed to establish a new connection: [Errno 61] Connection refused""))",,
nadia_Bethuadahari-I_9c297286.pdf,http://nadia.nic.in/PanchayatElection08/Delimitation/Nakashipara/Bethuadahari-I.pdf,https://web.archive.org/web/20090410074414id_/http://nadia.nic.in/PanchayatElection08/Delimitation/Nakashipara/Bethuadahari-I.pdf,20090410074414,2026-09-06,nadia.nic.in,"HTTPSConnectionPool(host='web.archive.org', port=443): Max retries exceeded with url: /web/20090410074414id_/http://nadia.nic.in/PanchayatElection08/Delimitation/Nakashipara/Bethuadahari-I.pdf (Caused by NewConnectionError(""HTTPSConnection(host='web.archive.org', port=443): Failed to establish a new connection: [Errno 61] Connection refused""))",,
nadia_Bethuadahari-II_1022ffa7.pdf,http://nadia.nic.in/PanchayatElection08/Delimitation/Nakashipara/Bethuadahari-II.pdf,https://web.archive.org/web/20090410074828id_/http://nadia.nic.in/PanchayatElection08/Delimitation/Nakashipara/Bethuadahari-II.pdf,20090410074828,2026-09-06,nadia.nic.in,downloaded,49647,626562ef989c347f967741a1bfb9d55826f8ffac5281c42550c88045666558c8
nadia_Bikrampur_07c43b86.pdf,http://nadia.nic.in/PanchayatElection08/Delimitation/Nakashipara/Bikrampur.pdf,https://web.archive.org/web/20090410075619id_/http://nadia.nic.in/PanchayatElection08/Delimitation/Nakashipara/Bikrampur.pdf,20090410075619,2026-09-06,nadia.nic.in,downloaded,51232,56b7e42df7cec0867cd2f71c0b850cf33cc3996bb23a9b4d30eb9314cf65bd67
nadia_Bilkumari_d559629b.pdf,http://nadia.nic.in/PanchayatElection08/Delimitation/Nakashipara/Bilkumari.pdf,https://web.archive.org/web/20090410075252id_/http://nadia.nic.in/PanchayatElection08/Delimitation/Nakashipara/Bilkumari.pdf,20090410075252,2026-09-06,nadia.nic.in,"HTTPSConnectionPool(host='web.archive.org', port=443): Max retries exceeded with url: /web/20090410075252id_/http://nadia.nic.in/PanchayatElection08/Delimitation/Nakashipara/Bilkumari.pdf (Caused by NewConnectionError(""HTTPSConnection(host='web.archive.org', port=443): Failed to establish a new connection: [Errno 61] Connection refused""))",,
nadia_Billwagram_2f0531ce.pdf,http://nadia.nic.in/PanchayatElection08/Delimitation/Nakashipara/Billwagram.pdf,https://web.archive.org/web/20090410075138id_/http://nadia.nic.in/PanchayatElection08/Delimitation/Nakashipara/Billwagram.pdf,20090410075138,2026-09-06,nadia.nic.in,downloaded,50533,305f95e9f35246d8c0aa71e2be8e84ce3bddf79aea54da96e70b8d933e04bb46
nadia_Birpur-I_fc8073f4.pdf,http://nadia.nic.in/PanchayatElection08/Delimitation/Nakashipara/Birpur-I.pdf,https://web.archive.org/web/20090410075200id_/http://nadia.nic.in/PanchayatElection08/Delimitation/Nakashipara/Birpur-I.pdf,20090410075200,2026-09-06,nadia.nic.in,"HTTPSConnectionPool(host='web.archive.org', port=443): Max retries exceeded with url: /web/20090410075200id_/http://nadia.nic.in/PanchayatElection08/Delimitation/Nakashipara/Birpur-I.pdf (Caused by NewConnectionError(""HTTPSConnection(host='web.archive.org', port=443): Failed to establish a new connection: [Errno 61] Connection refused""))",,
nadia_Birpur-II_2b726376.pdf,http://nadia.nic.in/PanchayatElection08/Delimitation/Nakashipara/Birpur-II.pdf,https://web.archive.org/web/20090410074250id_/http://nadia.nic.in/PanchayatElection08/Delimitation/Nakashipara/Birpur-II.pdf,20090410074250,2026-09-06,nadia.nic.in,"HTTPSConnectionPool(host='web.archive.org', port=443): Max retries exceeded with url: /web/20090410074250id_/http://nadia.nic.in/PanchayatElection08/Delimitation/Nakashipara/Birpur-II.pdf (Caused by NewConnectionError(""HTTPSConnection(host='web.archive.org', port=443): Failed to establish a new connection: [Errno 61] Connection refused""))",,
nadia_Dhananjoypur_9961a614.pdf,http://nadia.nic.in/PanchayatElection08/Delimitation/Nakashipara/Dhananjoypur.pdf,https://web.archive.org/web/20090410073137id_/http://nadia.nic.in/PanchayatElection08/Delimitation/Nakashipara/Dhananjoypur.pdf,20090410073137,2026-09-06,nadia.nic.in,"HTTPSConnectionPool(host='web.archive.org', port=443): Max retries exceeded with url: /web/20090410073137id_/http://nadia.nic.in/PanchayatElection08/Delimitation/Nakashipara/Dhananjoypur.pdf (Caused by NewConnectionError(""HTTPSConnection(host='web.archive.org', port=443): Failed to establish a new connection: [Errno 61] Connection refused""))",,
nadia_Dharmada_46870934.pdf,http://nadia.nic.in/PanchayatElection08/Delimitation/Nakashipara/Dharmada.pdf,https://web.archive.org/web/20090410074513id_/http://nadia.nic.in/PanchayatElection08/Delimitation/Nakashipara/Dharmada.pdf,20090410074513,2026-09-06,nadia.nic.in,503 Server Error: Service Unavailable for url: https://web.archive.org/web/20090410074513id_/http://nadia.nic.in/PanchayatElection08/Delimitation/Nakashipara/Dharmada.pdf,,
nadia_Dogachhia_ebe0c6ed.pdf,http://nadia.nic.in/PanchayatElection08/Delimitation/Nakashipara/Dogachhia.pdf,https://web.archive.org/web/20090410072806id_/http://nadia.nic.in/PanchayatElection08/Delimitation/Nakashipara/Dogachhia.pdf,20090410072806,2026-09-06,nadia.nic.in,"HTTPSConnectionPool(host='web.archive.org', port=443): Max retries exceeded with url: /web/20090410072806id_/http://nadia.nic.in/PanchayatElection08/Delimitation/Nakashipara/Dogachhia.pdf (Caused by NewConnectionError(""HTTPSConnection(host='web.archive.org', port=443): Failed to establish a new connection: [Errno 61] Connection refused""))",,
nadia_Form-B1_c07fd23e.pdf,http://nadia.nic.in/PanchayatElection08/Delimitation/Nakashipara/Form-B1.pdf,https://web.archive.org/web/20090410075213id_/http://nadia.nic.in/PanchayatElection08/Delimitation/Nakashipara/Form-B1.pdf,20090410075213,2026-09-06,nadia.nic.in,"HTTPSConnectionPool(host='web.archive.org', port=443): Max retries exceeded with url: /web/20090410075213id_/http://nadia.nic.in/PanchayatElection08/Delimitation/Nakashipara/Form-B1.pdf (Caused by NewConnectionError(""HTTPSConnection(host='web.archive.org', port=443): Failed to establish a new connection: [Errno 61] Connection refused""))",,
nadia_Haranagar_0dd258bf.pdf,http://nadia.nic.in/PanchayatElection08/Delimitation/Nakashipara/Haranagar.pdf,https://web.archive.org/web/20090410073028id_/http://nadia.nic.in/PanchayatElection08/Delimitation/Nakashipara/Haranagar.pdf,20090410073028,2026-09-06,nadia.nic.in,"HTTPSConnectionPool(host='web.archive.org', port=443): Max retries exceeded with url: /web/20090410073028id_/http://nadia.nic.in/PanchayatElection08/Delimitation/Nakashipara/Haranagar.pdf (Caused by NewConnectionError(""HTTPSConnection(host='web.archive.org', port=443): Failed to establish a new connection: [Errno 61] Connection refused""))",,
nadia_Majhergram_25ee0055.pdf,http://nadia.nic.in/PanchayatElection08/Delimitation/Nakashipara/Majhergram.pdf,https://web.archive.org/web/20090410074316id_/http://nadia.nic.in/PanchayatElection08/Delimitation/Nakashipara/Majhergram.pdf,20090410074316,2026-09-06,nadia.nic.in,"HTTPSConnectionPool(host='web.archive.org', port=443): Max retries exceeded with url: /web/20090410074316id_/http://nadia.nic.in/PanchayatElection08/Delimitation/Nakashipara/Majhergram.pdf (Caused by NewConnectionError(""HTTPSConnection(host='web.archive.org', port=443): Failed to establish a new connection: [Errno 61] Connection refused""))",,
nadia_Muragachha_8aaae523.pdf,http://nadia.nic.in/PanchayatElection08/Delimitation/Nakashipara/Muragachha.pdf,https://web.archive.org/web/20090410074905id_/http://nadia.nic.in/PanchayatElection08/Delimitation/Nakashipara/Muragachha.pdf,20090410074905,2026-09-06,nadia.nic.in,"HTTPSConnectionPool(host='web.archive.org', port=443): Max retries exceeded with url: /web/20090410074905id_/http://nadia.nic.in/PanchayatElection08/Delimitation/Nakashipara/Muragachha.pdf (Caused by NewConnectionError(""HTTPSConnection(host='web.archive.org', port=443): Failed to establish a new connection: [Errno 61] Connection refused""))",,
nadia_NakashiparaGP_60d11eab.pdf,http://nadia.nic.in/PanchayatElection08/Delimitation/Nakashipara/NakashiparaGP.pdf,https://web.archive.org/web/20090410074240id_/http://nadia.nic.in/PanchayatElection08/Delimitation/Nakashipara/NakashiparaGP.pdf,20090410074240,2026-09-06,nadia.nic.in,"HTTPSConnectionPool(host='web.archive.org', port=443): Max retries exceeded with url: /web/20090410074240id_/http://nadia.nic.in/PanchayatElection08/Delimitation/Nakashipara/NakashiparaGP.pdf (Caused by NewConnectionError(""HTTPSConnection(host='web.archive.org', port=443): Failed to establish a new connection: [Errno 61] Connection refused""))",,
nadia_Order-B1_336eee9f.pdf,http://nadia.nic.in/PanchayatElection08/Delimitation/Nakashipara/Order-B1.pdf,https://web.archive.org/web/20090410072145id_/http://nadia.nic.in/PanchayatElection08/Delimitation/Nakashipara/Order-B1.pdf,20090410072145,2026-09-06,nadia.nic.in,"HTTPSConnectionPool(host='web.archive.org', port=443): Max retries exceeded with url: /web/20090410072145id_/http://nadia.nic.in/PanchayatElection08/Delimitation/Nakashipara/Order-B1.pdf (Caused by NewConnectionError(""HTTPSConnection(host='web.archive.org', port=443): Failed to establish a new connection: [Errno 61] Connection refused""))",,
nadia_OrderA1_7df1ac2f.pdf,http://nadia.nic.in/PanchayatElection08/Delimitation/Nakashipara/OrderA1.pdf,https://web.archive.org/web/20090410073502id_/http://nadia.nic.in/PanchayatElection08/Delimitation/Nakashipara/OrderA1.pdf,20090410073502,2026-09-06,nadia.nic.in,"HTTPSConnectionPool(host='web.archive.org', port=443): Max retries exceeded with url: /web/20090410073502id_/http://nadia.nic.in/PanchayatElection08/Delimitation/Nakashipara/OrderA1.pdf (Caused by NewConnectionError(""HTTPSConnection(host='web.archive.org', port=443): Failed to establish a new connection: [Errno 61] Connection refused""))",,
nadia_Patikabari_50152de2.pdf,http://nadia.nic.in/PanchayatElection08/Delimitation/Nakashipara/Patikabari.pdf,https://web.archive.org/web/20090410072947id_/http://nadia.nic.in/PanchayatElection08/Delimitation/Nakashipara/Patikabari.pdf,20090410072947,2026-09-06,nadia.nic.in,"HTTPSConnectionPool(host='web.archive.org', port=443): Max retries exceeded with url: /web/20090410072947id_/http://nadia.nic.in/PanchayatElection08/Delimitation/Nakashipara/Patikabari.pdf (Caused by NewConnectionError(""HTTPSConnection(host='web.archive.org', port=443): Failed to establish a new connection: [Errno 61] Connection refused""))",,
nadia_Anulia_96fda9db.pdf,http://nadia.nic.in/PanchayatElection08/Delimitation/Ranaghat-I/Anulia.pdf,https://web.archive.org/web/20090410073606id_/http://nadia.nic.in/PanchayatElection08/Delimitation/Ranaghat-I/Anulia.pdf,20090410073606,2026-09-06,nadia.nic.in,downloaded,77797,995c7814db06c229d51b8f771b83a2a2b3b2c638d7bd9cc9429a5f22d79a0485
nadia_Barasat_0ccb3c74.pdf,http://nadia.nic.in/PanchayatElection08/Delimitation/Ranaghat-I/Barasat.pdf,https://web.archive.org/web/20090410072640id_/http://nadia.nic.in/PanchayatElection08/Delimitation/Ranaghat-I/Barasat.pdf,20090410072640,2026-09-06,nadia.nic.in,"HTTPSConnectionPool(host='web.archive.org', port=443): Max retries exceeded with url: /web/20090410072640id_/http://nadia.nic.in/PanchayatElection08/Delimitation/Ranaghat-I/Barasat.pdf (Caused by NewConnectionError(""HTTPSConnection(host='web.archive.org', port=443): Failed to establish a new connection: [Errno 61] Connection refused""))",,
nadia_FORM-A1_4727e380.pdf,http://nadia.nic.in/PanchayatElection08/Delimitation/Ranaghat-I/FORM-A1.pdf,https://web.archive.org/web/20090410075407id_/http://nadia.nic.in/PanchayatElection08/Delimitation/Ranaghat-I/FORM-A1.pdf,20090410075407,2026-09-06,nadia.nic.in,"HTTPSConnectionPool(host='web.archive.org', port=443): Max retries exceeded with url: /web/20090410075407id_/http://nadia.nic.in/PanchayatElection08/Delimitation/Ranaghat-I/FORM-A1.pdf (Caused by NewConnectionError(""HTTPSConnection(host='web.archive.org', port=443): Failed to establish a new connection: [Errno 61] Connection refused""))",,
nadia_Form-B1_c7646eff.pdf,http://nadia.nic.in/PanchayatElection08/Delimitation/Ranaghat-I/Form-B1.pdf,https://web.archive.org/web/20090410075429id_/http://nadia.nic.in/PanchayatElection08/Delimitation/Ranaghat-I/Form-B1.pdf,20090410075429,2026-09-06,nadia.nic.in,"HTTPSConnectionPool(host='web.archive.org', port=443): Max retries exceeded with url: /web/20090410075429id_/http://nadia.nic.in/PanchayatElection08/Delimitation/Ranaghat-I/Form-B1.pdf (Caused by NewConnectionError(""HTTPSConnection(host='web.archive.org', port=443): Failed to establish a new connection: [Errno 61] Connection refused""))",,
nadia_Habibpur_c262795e.pdf,http://nadia.nic.in/PanchayatElection08/Delimitation/Ranaghat-I/Habibpur.pdf,https://web.archive.org/web/20090410075304id_/http://nadia.nic.in/PanchayatElection08/Delimitation/Ranaghat-I/Habibpur.pdf,20090410075304,2026-09-06,nadia.nic.in,"HTTPSConnectionPool(host='web.archive.org', port=443): Max retries exceeded with url: /web/20090410075304id_/http://nadia.nic.in/PanchayatElection08/Delimitation/Ranaghat-I/Habibpur.pdf (Caused by NewConnectionError(""HTTPSConnection(host='web.archive.org', port=443): Failed to establish a new connection: [Errno 61] Connection refused""))",,
nadia_Khisma_451238f0.pdf,http://nadia.nic.in/PanchayatElection08/Delimitation/Ranaghat-I/Khisma.pdf,https://web.archive.org/web/20090410074403id_/http://nadia.nic.in/PanchayatElection08/Delimitation/Ranaghat-I/Khisma.pdf,20090410074403,2026-09-06,nadia.nic.in,"HTTPSConnectionPool(host='web.archive.org', port=443): Max retries exceeded with url: /web/20090410074403id_/http://nadia.nic.in/PanchayatElection08/Delimitation/Ranaghat-I/Khisma.pdf (Caused by NewConnectionError(""HTTPSConnection(host='web.archive.org', port=443): Failed to establish a new connection: [Errno 61] Connection refused""))",,
nadia_KPGP_e9818929.pdf,http://nadia.nic.in/PanchayatElection08/Delimitation/Ranaghat-I/KPGP.pdf,https://web.archive.org/web/20090410072704id_/http://nadia.nic.in/PanchayatElection08/Delimitation/Ranaghat-I/KPGP.pdf,20090410072704,2026-09-06,nadia.nic.in,"HTTPSConnectionPool(host='web.archive.org', port=443): Max retries exceeded with url: /web/20090410072704id_/http://nadia.nic.in/PanchayatElection08/Delimitation/Ranaghat-I/KPGP.pdf (Caused by NewConnectionError(""HTTPSConnection(host='web.archive.org', port=443): Failed to establish a new connection: [Errno 61] Connection refused""))",,
nadia_Nawpara-MSD_e494d690.pdf,http://nadia.nic.in/PanchayatElection08/Delimitation/Ranaghat-I/Nawpara-MSD.pdf,https://web.archive.org/web/20090410072502id_/http://nadia.nic.in/PanchayatElection08/Delimitation/Ranaghat-I/Nawpara-MSD.pdf,20090410072502,2026-09-06,nadia.nic.in,"HTTPSConnectionPool(host='web.archive.org', port=443): Max retries exceeded with url: /web/20090410072502id_/http://nadia.nic.in/PanchayatElection08/Delimitation/Ranaghat-I/Nawpara-MSD.pdf (Caused by NewConnectionError(""HTTPSConnection(host='web.archive.org', port=443): Failed to establish a new connection: [Errno 61] Connection refused""))",,
nadia_Payradanga_0af226ef.pdf,http://nadia.nic.in/PanchayatElection08/Delimitation/Ranaghat-I/Payradanga.pdf,https://web.archive.org/web/20090410072318id_/http://nadia.nic.in/PanchayatElection08/Delimitation/Ranaghat-I/Payradanga.pdf,20090410072318,2026-09-06,nadia.nic.in,"HTTPSConnectionPool(host='web.archive.org', port=443): Max retries exceeded with url: /web/20090410072318id_/http://nadia.nic.in/PanchayatElection08/Delimitation/Ranaghat-I/Payradanga.pdf (Caused by NewConnectionError(""HTTPSConnection(host='web.archive.org', port=443): Failed to establish a new connection: [Errno 61] Connection refused""))",,
nadia_Ramnagar-I_27a1c6cd.pdf,http://nadia.nic.in/PanchayatElection08/Delimitation/Ranaghat-I/Ramnagar-I.pdf,https://web.archive.org/web/20090410072449id_/http://nadia.nic.in/PanchayatElection08/Delimitation/Ranaghat-I/Ramnagar-I.pdf,20090410072449,2026-09-06,nadia.nic.in,"HTTPSConnectionPool(host='web.archive.org', port=443): Max retries exceeded with url: /web/20090410072449id_/http://nadia.nic.in/PanchayatElection08/Delimitation/Ranaghat-I/Ramnagar-I.pdf (Caused by NewConnectionError(""HTTPSConnection(host='web.archive.org', port=443): Failed to establish a new connection: [Errno 61] Connection refused""))",,
nadia_Ramnagar-II_de95b7b3.pdf,http://nadia.nic.in/PanchayatElection08/Delimitation/Ranaghat-I/Ramnagar-II.pdf,https://web.archive.org/web/20090410072332id_/http://nadia.nic.in/PanchayatElection08/Delimitation/Ranaghat-I/Ramnagar-II.pdf,20090410072332,2026-09-06,nadia.nic.in,"HTTPSConnectionPool(host='web.archive.org', port=443): Max retries exceeded with url: /web/20090410072332id_/http://nadia.nic.in/PanchayatElection08/Delimitation/Ranaghat-I/Ramnagar-II.pdf (Caused by NewConnectionError(""HTTPSConnection(host='web.archive.org', port=443): Failed to establish a new connection: [Errno 61] Connection refused""))",,
nadia_ScheduleB1_ea11276a.pdf,http://nadia.nic.in/PanchayatElection08/Delimitation/Ranaghat-I/ScheduleB1.pdf,https://web.archive.org/web/20090410075126id_/http://nadia.nic.in/PanchayatElection08/Delimitation/Ranaghat-I/ScheduleB1.pdf,20090410075126,2026-09-06,nadia.nic.in,"HTTPSConnectionPool(host='web.archive.org', port=443): Max retries exceeded with url: /web/20090410075126id_/http://nadia.nic.in/PanchayatElection08/Delimitation/Ranaghat-I/ScheduleB1.pdf (Caused by NewConnectionError(""HTTPSConnection(host='web.archive.org', port=443): Failed to establish a new connection: [Errno 61] Connection refused""))",,
nadia_Tarapur_d8d660c2.pdf,http://nadia.nic.in/PanchayatElection08/Delimitation/Ranaghat-I/Tarapur.pdf,https://web.archive.org/web/20090410075329id_/http://nadia.nic.in/PanchayatElection08/Delimitation/Ranaghat-I/Tarapur.pdf,20090410075329,2026-09-06,nadia.nic.in,downloaded,72399,a400cbf6201e85a51890710a810aec406aa7065854836c13591cd05bc883ead8
nadia_Anismali_78392ea1.pdf,http://nadia.nic.in/PanchayatElection08/Delimitation/Ranaghat-II/Anismali.pdf,https://web.archive.org/web/20090410073517id_/http://nadia.nic.in/PanchayatElection08/Delimitation/Ranaghat-II/Anismali.pdf,20090410073517,2026-09-06,nadia.nic.in,"HTTPSConnectionPool(host='web.archive.org', port=443): Max retries exceeded with url: /web/20090410073517id_/http://nadia.nic.in/PanchayatElection08/Delimitation/Ranaghat-II/Anismali.pdf (Caused by NewConnectionError(""HTTPSConnection(host='web.archive.org', port=443): Failed to establish a new connection: [Errno 61] Connection refused""))",,
nadia_Aranghata_3845e376.pdf,http://nadia.nic.in/PanchayatElection08/Delimitation/Ranaghat-II/Aranghata.pdf,https://web.archive.org/web/20090410074545id_/http://nadia.nic.in/PanchayatElection08/Delimitation/Ranaghat-II/Aranghata.pdf,20090410074545,2026-09-06,nadia.nic.in,"HTTPSConnectionPool(host='web.archive.org', port=443): Max retries exceeded with url: /web/20090410074545id_/http://nadia.nic.in/PanchayatElection08/Delimitation/Ranaghat-II/Aranghata.pdf (Caused by NewConnectionError(""HTTPSConnection(host='web.archive.org', port=443): Failed to establish a new connection: [Errno 61] Connection refused""))",,
nadia_Bahirgachhi_32f30d2c.pdf,http://nadia.nic.in/PanchayatElection08/Delimitation/Ranaghat-II/Bahirgachhi.pdf,https://web.archive.org/web/20090410073632id_/http://nadia.nic.in/PanchayatElection08/Delimitation/Ranaghat-II/Bahirgachhi.pdf,20090410073632,2026-09-06,nadia.nic.in,"HTTPSConnectionPool(host='web.archive.org', port=443): Max retries exceeded with url: /web/20090410073632id_/http://nadia.nic.in/PanchayatElection08/Delimitation/Ranaghat-II/Bahirgachhi.pdf (Caused by NewConnectionError(""HTTPSConnection(host='web.archive.org', port=443): Failed to establish a new connection: [Errno 61] Connection refused""))",,
nadia_Baidyapur-I_1fae5b52.pdf,http://nadia.nic.in/PanchayatElection08/Delimitation/Ranaghat-II/Baidyapur-I.pdf,https://web.archive.org/web/20090410073146id_/http://nadia.nic.in/PanchayatElection08/Delimitation/Ranaghat-II/Baidyapur-I.pdf,20090410073146,2026-09-06,nadia.nic.in,"HTTPSConnectionPool(host='web.archive.org', port=443): Max retries exceeded with url: /web/20090410073146id_/http://nadia.nic.in/PanchayatElection08/Delimitation/Ranaghat-II/Baidyapur-I.pdf (Caused by NewConnectionError(""HTTPSConnection(host='web.archive.org', port=443): Failed to establish a new connection: [Errno 61] Connection refused""))",,
nadia_Baidyapur-II_e86ebeb3.pdf,http://nadia.nic.in/PanchayatElection08/Delimitation/Ranaghat-II/Baidyapur-II.pdf,https://web.archive.org/web/20090410072230id_/http://nadia.nic.in/PanchayatElection08/Delimitation/Ranaghat-II/Baidyapur-II.pdf,20090410072230,2026-09-06,nadia.nic.in,"HTTPSConnectionPool(host='web.archive.org', port=443): Max retries exceeded with url: /web/20090410072230id_/http://nadia.nic.in/PanchayatElection08/Delimitation/Ranaghat-II/Baidyapur-II.pdf (Caused by NewConnectionError(""HTTPSConnection(host='web.archive.org', port=443): Failed to establish a new connection: [Errno 61] Connection refused""))",,
nadia_Debagram_ca21d926.pdf,http://nadia.nic.in/PanchayatElection08/Delimitation/Ranaghat-II/Debagram.pdf,https://web.archive.org/web/20090410073739id_/http://nadia.nic.in/PanchayatElection08/Delimitation/Ranaghat-II/Debagram.pdf,20090410073739,2026-09-06,nadia.nic.in,"HTTPSConnectionPool(host='web.archive.org', port=443): Max retries exceeded with url: /web/20090410073739id_/http://nadia.nic.in/PanchayatElection08/Delimitation/Ranaghat-II/Debagram.pdf (Caused by NewConnectionError(""HTTPSConnection(host='web.archive.org', port=443): Failed to establish a new connection: [Errno 61] Connection refused""))",,
nadia_Duttapulia_ca44390b.pdf,http://nadia.nic.in/PanchayatElection08/Delimitation/Ranaghat-II/Duttapulia.pdf,https://web.archive.org/web/20090410072052id_/http://nadia.nic.in/PanchayatElection08/Delimitation/Ranaghat-II/Duttapulia.pdf,20090410072052,2026-09-06,nadia.nic.in,"HTTPSConnectionPool(host='web.archive.org', port=443): Max retries exceeded with url: /web/20090410072052id_/http://nadia.nic.in/PanchayatElection08/Delimitation/Ranaghat-II/Duttapulia.pdf (Caused by NewConnectionError(""HTTPSConnection(host='web.archive.org', port=443): Failed to establish a new connection: [Errno 61] Connection refused""))",,
nadia_Jugalkishore_ad648d2e.pdf,http://nadia.nic.in/PanchayatElection08/Delimitation/Ranaghat-II/Jugalkishore.pdf,https://web.archive.org/web/20090410073352id_/http://nadia.nic.in/PanchayatElection08/Delimitation/Ranaghat-II/Jugalkishore.pdf,20090410073352,2026-09-06,nadia.nic.in,downloaded,38978,8e753c41d5bf8a06a9a91cceb9e3c828411920154357f8f5c2b3f4fe8ee5f778
nadia_Kamalpur_6444cbc2.pdf,http://nadia.nic.in/PanchayatElection08/Delimitation/Ranaghat-II/Kamalpur.pdf,https://web.archive.org/web/20090410075052id_/http://nadia.nic.in/PanchayatElection08/Delimitation/Ranaghat-II/Kamalpur.pdf,20090410075052,2026-09-06,nadia.nic.in,"HTTPSConnectionPool(host='web.archive.org', port=443): Max retries exceeded with url: /web/20090410075052id_/http://nadia.nic.in/PanchayatElection08/Delimitation/Ranaghat-II/Kamalpur.pdf (Caused by NewConnectionError(""HTTPSConnection(host='web.archive.org', port=443): Failed to establish a new connection: [Errno 61] Connection refused""))",,
nadia_Majhergram_9d390213.pdf,http://nadia.nic.in/PanchayatElection08/Delimitation/Ranaghat-II/Majhergram.pdf,https://web.archive.org/web/20090410073644id_/http://nadia.nic.in/PanchayatElection08/Delimitation/Ranaghat-II/Majhergram.pdf,20090410073644,2026-09-06,nadia.nic.in,"HTTPSConnectionPool(host='web.archive.org', port=443): Max retries exceeded with url: /web/20090410073644id_/http://nadia.nic.in/PanchayatElection08/Delimitation/Ranaghat-II/Majhergram.pdf (Caused by NewConnectionError(""HTTPSConnection(host='web.archive.org', port=443): Failed to establish a new connection: [Errno 61] Connection refused""))",,
nadia_Nokari_7d8a2a12.pdf,http://nadia.nic.in/PanchayatElection08/Delimitation/Ranaghat-II/Nokari.pdf,https://web.archive.org/web/20090410072753id_/http://nadia.nic.in/PanchayatElection08/Delimitation/Ranaghat-II/Nokari.pdf,20090410072753,2026-09-06,nadia.nic.in,downloaded,38907,d952474e6435348f19cfd9984385af4d848e4a41a5cc9e81e7dc01ca42473f31
nadia_R-Hijuli-I_cdaddaad.pdf,http://nadia.nic.in/PanchayatElection08/Delimitation/Ranaghat-II/R-Hijuli-I.pdf,https://web.archive.org/web/20090410074115id_/http://nadia.nic.in/PanchayatElection08/Delimitation/Ranaghat-II/R-Hijuli-I.pdf,20090410074115,2026-09-06,nadia.nic.in,downloaded,39077,cb81edf6eddf091071c83332da85ee4afd0047a8049f9da9c09c93f6827cde0b
nadia_R-HIjuli-II_f1e36aa3.pdf,http://nadia.nic.in/PanchayatElection08/Delimitation/Ranaghat-II/R-HIjuli-II.pdf,https://web.archive.org/web/20090410072202id_/http://nadia.nic.in/PanchayatElection08/Delimitation/Ranaghat-II/R-HIjuli-II.pdf,20090410072202,2026-09-06,nadia.nic.in,"HTTPSConnectionPool(host='web.archive.org', port=443): Max retries exceeded with url: /web/20090410072202id_/http://nadia.nic.in/PanchayatElection08/Delimitation/Ranaghat-II/R-HIjuli-II.pdf (Caused by NewConnectionError(""HTTPSConnection(host='web.archive.org', port=443): Failed to establish a new connection: [Errno 61] Connection refused""))",,
nadia_Shyamnagar_6ec2319a.pdf,http://nadia.nic.in/PanchayatElection08/Delimitation/Ranaghat-II/Shyamnagar.pdf,https://web.archive.org/web/20090410074707id_/http://nadia.nic.in/PanchayatElection08/Delimitation/Ranaghat-II/Shyamnagar.pdf,20090410074707,2026-09-06,nadia.nic.in,"HTTPSConnectionPool(host='web.archive.org', port=443): Max retries exceeded with url: /web/20090410074707id_/http://nadia.nic.in/PanchayatElection08/Delimitation/Ranaghat-II/Shyamnagar.pdf (Caused by NewConnectionError(""HTTPSConnection(host='web.archive.org', port=443): Failed to establish a new connection: [Errno 61] Connection refused""))",,
nadia_ORDER_A1_89e10d5b.pdf,http://nadia.nic.in/PanchayatElection08/Delimitation/Santipur/ORDER_A1.pdf,https://web.archive.org/web/20090410073318id_/http://nadia.nic.in/PanchayatElection08/Delimitation/Santipur/ORDER_A1.pdf,20090410073318,2026-09-06,nadia.nic.in,"HTTPSConnectionPool(host='web.archive.org', port=443): Max retries exceeded with url: /web/20090410073318id_/http://nadia.nic.in/PanchayatElection08/Delimitation/Santipur/ORDER_A1.pdf (Caused by NewConnectionError(""HTTPSConnection(host='web.archive.org', port=443): Failed to establish a new connection: [Errno 61] Connection refused""))",,
nadia_ORDER_B1_cd327206.pdf,http://nadia.nic.in/PanchayatElection08/Delimitation/Santipur/ORDER_B1.pdf,https://web.archive.org/web/20090410072839id_/http://nadia.nic.in/PanchayatElection08/Delimitation/Santipur/ORDER_B1.pdf,20090410072839,2026-09-06,nadia.nic.in,"HTTPSConnectionPool(host='web.archive.org', port=443): Max retries exceeded with url: /web/20090410072839id_/http://nadia.nic.in/PanchayatElection08/Delimitation/Santipur/ORDER_B1.pdf (Caused by NewConnectionError(""HTTPSConnection(host='web.archive.org', port=443): Failed to establish a new connection: [Errno 61] Connection refused""))",,
nadia_Schedule-A1_72e4ab9c.pdf,http://nadia.nic.in/PanchayatElection08/Delimitation/Santipur/Schedule-A1.pdf,https://web.archive.org/web/20090410072651id_/http://nadia.nic.in/PanchayatElection08/Delimitation/Santipur/Schedule-A1.pdf,20090410072651,2026-09-06,nadia.nic.in,"HTTPSConnectionPool(host='web.archive.org', port=443): Max retries exceeded with url: /web/20090410072651id_/http://nadia.nic.in/PanchayatElection08/Delimitation/Santipur/Schedule-A1.pdf (Caused by NewConnectionError(""HTTPSConnection(host='web.archive.org', port=443): Failed to establish a new connection: [Errno 61] Connection refused""))",,
nadia_Schedule-B1_83189d27.pdf,http://nadia.nic.in/PanchayatElection08/Delimitation/Santipur/Schedule-B1.pdf,https://web.archive.org/web/20090410072816id_/http://nadia.nic.in/PanchayatElection08/Delimitation/Santipur/Schedule-B1.pdf,20090410072816,2026-09-06,nadia.nic.in,"HTTPSConnectionPool(host='web.archive.org', port=443): Max retries exceeded with url: /web/20090410072816id_/http://nadia.nic.in/PanchayatElection08/Delimitation/Santipur/Schedule-B1.pdf (Caused by NewConnectionError(""HTTPSConnection(host='web.archive.org', port=443): Failed to establish a new connection: [Errno 61] Connection refused""))",,
nadia_Betai-I_646cd5d0.pdf,http://nadia.nic.in/PanchayatElection08/Delimitation/Tehatta-I/Betai-I.pdf,https://web.archive.org/web/20090410073428id_/http://nadia.nic.in/PanchayatElection08/Delimitation/Tehatta-I/Betai-I.pdf,20090410073428,2026-09-06,nadia.nic.in,"HTTPSConnectionPool(host='web.archive.org', port=443): Max retries exceeded with url: /web/20090410073428id_/http://nadia.nic.in/PanchayatElection08/Delimitation/Tehatta-I/Betai-I.pdf (Caused by NewConnectionError(""HTTPSConnection(host='web.archive.org', port=443): Failed to establish a new connection: [Errno 61] Connection refused""))",,
nadia_Betai-II_c3a98bcd.pdf,http://nadia.nic.in/PanchayatElection08/Delimitation/Tehatta-I/Betai-II.pdf,https://web.archive.org/web/20090410073534id_/http://nadia.nic.in/PanchayatElection08/Delimitation/Tehatta-I/Betai-II.pdf,20090410073534,2026-09-06,nadia.nic.in,"HTTPSConnectionPool(host='web.archive.org', port=443): Max retries exceeded with url: /web/20090410073534id_/http://nadia.nic.in/PanchayatElection08/Delimitation/Tehatta-I/Betai-II.pdf (Caused by NewConnectionError(""HTTPSConnection(host='web.archive.org', port=443): Failed to establish a new connection: [Errno 61] Connection refused""))",,
nadia_Chanderghat_c1e11ea3.pdf,http://nadia.nic.in/PanchayatElection08/Delimitation/Tehatta-I/Chanderghat.pdf,https://web.archive.org/web/20090410073103id_/http://nadia.nic.in/PanchayatElection08/Delimitation/Tehatta-I/Chanderghat.pdf,20090410073103,2026-09-06,nadia.nic.in,downloaded,37085,40c23f9259fa83244c08b68ff7c7ba57a5bddfafc5632b4caf608aeabcd1c8c6
nadia_Chhitka_8ef41e1e.pdf,http://nadia.nic.in/PanchayatElection08/Delimitation/Tehatta-I/Chhitka.pdf,https://web.archive.org/web/20090410075354id_/http://nadia.nic.in/PanchayatElection08/Delimitation/Tehatta-I/Chhitka.pdf,20090410075354,2026-09-06,nadia.nic.in,"HTTPSConnectionPool(host='web.archive.org', port=443): Max retries exceeded with url: /web/20090410075354id_/http://nadia.nic.in/PanchayatElection08/Delimitation/Tehatta-I/Chhitka.pdf (Caused by NewConnectionError(""HTTPSConnection(host='web.archive.org', port=443): Failed to establish a new connection: [Errno 61] Connection refused""))",,
nadia_Kanainagar_42eb2ed1.pdf,http://nadia.nic.in/PanchayatElection08/Delimitation/Tehatta-I/Kanainagar.pdf,https://web.archive.org/web/20090410073804id_/http://nadia.nic.in/PanchayatElection08/Delimitation/Tehatta-I/Kanainagar.pdf,20090410073804,2026-09-06,nadia.nic.in,"HTTPSConnectionPool(host='web.archive.org', port=443): Max retries exceeded with url: /web/20090410073804id_/http://nadia.nic.in/PanchayatElection08/Delimitation/Tehatta-I/Kanainagar.pdf (Caused by NewConnectionError(""HTTPSConnection(host='web.archive.org', port=443): Failed to establish a new connection: [Errno 61] Connection refused""))",,
nadia_Natna_1ae6f7bd.pdf,http://nadia.nic.in/PanchayatElection08/Delimitation/Tehatta-I/Natna.pdf,https://web.archive.org/web/20090410073039id_/http://nadia.nic.in/PanchayatElection08/Delimitation/Tehatta-I/Natna.pdf,20090410073039,2026-09-06,nadia.nic.in,"HTTPSConnectionPool(host='web.archive.org', port=443): Max retries exceeded with url: /web/20090410073039id_/http://nadia.nic.in/PanchayatElection08/Delimitation/Tehatta-I/Natna.pdf (Caused by NewConnectionError(""HTTPSConnection(host='web.archive.org', port=443): Failed to establish a new connection: [Errno 61] Connection refused""))",,
nadia_Order_20A1_3d01c8a0.pdf,http://nadia.nic.in/PanchayatElection08/Delimitation/Tehatta-I/Order%20A1.pdf,https://web.archive.org/web/20090410075634id_/http://nadia.nic.in/PanchayatElection08/Delimitation/Tehatta-I/Order%20A1.pdf,20090410075634,2026-09-06,nadia.nic.in,downloaded,58924,3958b53374c9b8faa5dd3eb5b2ac26d2a75eb989242d3a6d7c03fc7c5e3b02f3
nadia_Order_20B1_55cae479.pdf,http://nadia.nic.in/PanchayatElection08/Delimitation/Tehatta-I/Order%20B1.pdf,https://web.archive.org/web/20090410074439id_/http://nadia.nic.in/PanchayatElection08/Delimitation/Tehatta-I/Order%20B1.pdf,20090410074439,2026-09-06,nadia.nic.in,"HTTPSConnectionPool(host='web.archive.org', port=443): Max retries exceeded with url: /web/20090410074439id_/http://nadia.nic.in/PanchayatElection08/Delimitation/Tehatta-I/Order%20B1.pdf (Caused by NewConnectionError(""HTTPSConnection(host='web.archive.org', port=443): Failed to establish a new connection: [Errno 61] Connection refused""))",,
nadia_PanchayatSamity_2781e82c.pdf,http://nadia.nic.in/PanchayatElection08/Delimitation/Tehatta-I/PanchayatSamity.pdf,https://web.archive.org/web/20090410073845id_/http://nadia.nic.in/PanchayatElection08/Delimitation/Tehatta-I/PanchayatSamity.pdf,20090410073845,2026-09-06,nadia.nic.in,"HTTPSConnectionPool(host='web.archive.org', port=443): Max retries exceeded with url: /web/20090410073845id_/http://nadia.nic.in/PanchayatElection08/Delimitation/Tehatta-I/PanchayatSamity.pdf (Caused by NewConnectionError(""HTTPSConnection(host='web.archive.org', port=443): Failed to establish a new connection: [Errno 61] Connection refused""))",,
nadia_Patharghata-I_88e201b1.pdf,http://nadia.nic.in/PanchayatElection08/Delimitation/Tehatta-I/Patharghata-I.pdf,https://web.archive.org/web/20090410074228id_/http://nadia.nic.in/PanchayatElection08/Delimitation/Tehatta-I/Patharghata-I.pdf,20090410074228,2026-09-06,nadia.nic.in,"HTTPSConnectionPool(host='web.archive.org', port=443): Max retries exceeded with url: /web/20090410074228id_/http://nadia.nic.in/PanchayatElection08/Delimitation/Tehatta-I/Patharghata-I.pdf (Caused by NewConnectionError(""HTTPSConnection(host='web.archive.org', port=443): Failed to establish a new connection: [Errno 61] Connection refused""))",,
nadia_Patharghata-II_0e8021f1.pdf,http://nadia.nic.in/PanchayatElection08/Delimitation/Tehatta-I/Patharghata-II.pdf,https://web.archive.org/web/20090410072042id_/http://nadia.nic.in/PanchayatElection08/Delimitation/Tehatta-I/Patharghata-II.pdf,20090410072042,2026-09-06,nadia.nic.in,downloaded,37850,57af08e3978d3ea9bb58b4dbfd47154dab921629fa0b3dc68bd88dff99685b1b
nadia_Raghunathpur_76aa3d98.pdf,http://nadia.nic.in/PanchayatElection08/Delimitation/Tehatta-I/Raghunathpur.pdf,https://web.archive.org/web/20090410072405id_/http://nadia.nic.in/PanchayatElection08/Delimitation/Tehatta-I/Raghunathpur.pdf,20090410072405,2026-09-06,nadia.nic.in,"HTTPSConnectionPool(host='web.archive.org', port=443): Max retries exceeded with url: /web/20090410072405id_/http://nadia.nic.in/PanchayatElection08/Delimitation/Tehatta-I/Raghunathpur.pdf (Caused by NewConnectionError(""HTTPSConnection(host='web.archive.org', port=443): Failed to establish a new connection: [Errno 61] Connection refused""))",,
nadia_Shyamnagar_01ae09b5.pdf,http://nadia.nic.in/PanchayatElection08/Delimitation/Tehatta-I/Shyamnagar.pdf,https://web.archive.org/web/20090410074217id_/http://nadia.nic.in/PanchayatElection08/Delimitation/Tehatta-I/Shyamnagar.pdf,20090410074217,2026-09-06,nadia.nic.in,"HTTPSConnectionPool(host='web.archive.org', port=443): Max retries exceeded with url: /web/20090410074217id_/http://nadia.nic.in/PanchayatElection08/Delimitation/Tehatta-I/Shyamnagar.pdf (Caused by NewConnectionError(""HTTPSConnection(host='web.archive.org', port=443): Failed to establish a new connection: [Errno 61] Connection refused""))",,
nadia_Tehatta_d0cc01dc.pdf,http://nadia.nic.in/PanchayatElection08/Delimitation/Tehatta-I/Tehatta.pdf,https://web.archive.org/web/20090410075536id_/http://nadia.nic.in/PanchayatElection08/Delimitation/Tehatta-I/Tehatta.pdf,20090410075536,2026-09-06,nadia.nic.in,"HTTPSConnectionPool(host='web.archive.org', port=443): Max retries exceeded with url: /web/20090410075536id_/http://nadia.nic.in/PanchayatElection08/Delimitation/Tehatta-I/Tehatta.pdf (Caused by NewConnectionError(""HTTPSConnection(host='web.archive.org', port=443): Failed to establish a new connection: [Errno 61] Connection refused""))",,
nadia_FORM-B1_24cd840f.pdf,http://nadia.nic.in/PanchayatElection08/Delimitation/Tehatta-II/FORM-B1.pdf,https://web.archive.org/web/20090410073223id_/http://nadia.nic.in/PanchayatElection08/Delimitation/Tehatta-II/FORM-B1.pdf,20090410073223,2026-09-06,nadia.nic.in,"HTTPSConnectionPool(host='web.archive.org', port=443): Max retries exceeded with url: /web/20090410073223id_/http://nadia.nic.in/PanchayatElection08/Delimitation/Tehatta-II/FORM-B1.pdf (Caused by NewConnectionError(""HTTPSConnection(host='web.archive.org', port=443): Failed to establish a new connection: [Errno 61] Connection refused""))",,
nadia_FORMA-BARNIA_1dc50808.pdf,http://nadia.nic.in/PanchayatElection08/Delimitation/Tehatta-II/FORMA-BARNIA.pdf,https://web.archive.org/web/20090410075102id_/http://nadia.nic.in/PanchayatElection08/Delimitation/Tehatta-II/FORMA-BARNIA.pdf,20090410075102,2026-09-06,nadia.nic.in,"HTTPSConnectionPool(host='web.archive.org', port=443): Max retries exceeded with url: /web/20090410075102id_/http://nadia.nic.in/PanchayatElection08/Delimitation/Tehatta-II/FORMA-BARNIA.pdf (Caused by NewConnectionError(""HTTPSConnection(host='web.archive.org', port=443): Failed to establish a new connection: [Errno 61] Connection refused""))",,
nadia_FormA-GOPINATHPUR_f6ebf3a9.pdf,http://nadia.nic.in/PanchayatElection08/Delimitation/Tehatta-II/FormA-GOPINATHPUR.pdf,https://web.archive.org/web/20090410075547id_/http://nadia.nic.in/PanchayatElection08/Delimitation/Tehatta-II/FormA-GOPINATHPUR.pdf,20090410075547,2026-09-06,nadia.nic.in,"HTTPSConnectionPool(host='web.archive.org', port=443): Max retries exceeded with url: /web/20090410075547id_/http://nadia.nic.in/PanchayatElection08/Delimitation/Tehatta-II/FormA-GOPINATHPUR.pdf (Caused by NewConnectionError(""HTTPSConnection(host='web.archive.org', port=443): Failed to establish a new connection: [Errno 61] Connection refused""))",,
nadia_FORMA-HANSPUKURIA_def437c4.pdf,http://nadia.nic.in/PanchayatElection08/Delimitation/Tehatta-II/FORMA-HANSPUKURIA.pdf,https://web.archive.org/web/20090410072829id_/http://nadia.nic.in/PanchayatElection08/Delimitation/Tehatta-II/FORMA-HANSPUKURIA.pdf,20090410072829,2026-09-06,nadia.nic.in,"HTTPSConnectionPool(host='web.archive.org', port=443): Max retries exceeded with url: /web/20090410072829id_/http://nadia.nic.in/PanchayatElection08/Delimitation/Tehatta-II/FORMA-HANSPUKURIA.pdf (Caused by NewConnectionError(""HTTPSConnection(host='web.archive.org', port=443): Failed to establish a new connection: [Errno 61] Connection refused""))",,
nadia_FORMA-PALASHIPARA_980e8c8c.pdf,http://nadia.nic.in/PanchayatElection08/Delimitation/Tehatta-II/FORMA-PALASHIPARA.pdf,https://web.archive.org/web/20090410071943id_/http://nadia.nic.in/PanchayatElection08/Delimitation/Tehatta-II/FORMA-PALASHIPARA.pdf,20090410071943,2026-09-06,nadia.nic.in,"HTTPSConnectionPool(host='web.archive.org', port=443): Max retries exceeded with url: /web/20090410071943id_/http://nadia.nic.in/PanchayatElection08/Delimitation/Tehatta-II/FORMA-PALASHIPARA.pdf (Caused by NewConnectionError(""HTTPSConnection(host='web.archive.org', port=443): Failed to establish a new connection: [Errno 61] Connection refused""))",,
nadia_FORMA-PALSUNDA-I_60ce942a.pdf,http://nadia.nic.in/PanchayatElection08/Delimitation/Tehatta-II/FORMA-PALSUNDA-I.pdf,https://web.archive.org/web/20090410074931id_/http://nadia.nic.in/PanchayatElection08/Delimitation/Tehatta-II/FORMA-PALSUNDA-I.pdf,20090410074931,2026-09-06,nadia.nic.in,downloaded,44782,97900fea0ac486e7cb4f73cd08fed4fc4b243c8e601143d2eacf81241c37c3f6
nadia_FORMA-palsunda-II_f39c35b3.pdf,http://nadia.nic.in/PanchayatElection08/Delimitation/Tehatta-II/FORMA-palsunda-II.pdf,https://web.archive.org/web/20090410074747id_/http://nadia.nic.in/PanchayatElection08/Delimitation/Tehatta-II/FORMA-palsunda-II.pdf,20090410074747,2026-09-06,nadia.nic.in,"HTTPSConnectionPool(host='web.archive.org', port=443): Max retries exceeded with url: /web/20090410074747id_/http://nadia.nic.in/PanchayatElection08/Delimitation/Tehatta-II/FORMA-palsunda-II.pdf (Caused by NewConnectionError(""HTTPSConnection(host='web.archive.org', port=443): Failed to establish a new connection: [Errno 61] Connection refused""))",,
nadia_FORMA-SAHEBNAGAR_63bf3341.pdf,http://nadia.nic.in/PanchayatElection08/Delimitation/Tehatta-II/FORMA-SAHEBNAGAR.pdf,https://web.archive.org/web/20090410075240id_/http://nadia.nic.in/PanchayatElection08/Delimitation/Tehatta-II/FORMA-SAHEBNAGAR.pdf,20090410075240,2026-09-06,nadia.nic.in,"HTTPSConnectionPool(host='web.archive.org', port=443): Max retries exceeded with url: /web/20090410075240id_/http://nadia.nic.in/PanchayatElection08/Delimitation/Tehatta-II/FORMA-SAHEBNAGAR.pdf (Caused by NewConnectionError(""HTTPSConnection(host='web.archive.org', port=443): Failed to establish a new connection: [Errno 61] Connection refused""))",,
nadia_Order-A1_40c0337b.pdf,http://nadia.nic.in/PanchayatElection08/Delimitation/Tehatta-II/Order-A1.pdf,https://web.archive.org/web/20090410072557id_/http://nadia.nic.in/PanchayatElection08/Delimitation/Tehatta-II/Order-A1.pdf,20090410072557,2026-09-06,nadia.nic.in,"HTTPSConnectionPool(host='web.archive.org', port=443): Max retries exceeded with url: /web/20090410072557id_/http://nadia.nic.in/PanchayatElection08/Delimitation/Tehatta-II/Order-A1.pdf (Caused by NewConnectionError(""HTTPSConnection(host='web.archive.org', port=443): Failed to establish a new connection: [Errno 61] Connection refused""))",,
nadia_Order-B1_b72de417.pdf,http://nadia.nic.in/PanchayatElection08/Delimitation/Tehatta-II/Order-B1.pdf,https://web.archive.org/web/20090410074302id_/http://nadia.nic.in/PanchayatElection08/Delimitation/Tehatta-II/Order-B1.pdf,20090410074302,2026-09-06,nadia.nic.in,"HTTPSConnectionPool(host='web.archive.org', port=443): Max retries exceeded with url: /web/20090410074302id_/http://nadia.nic.in/PanchayatElection08/Delimitation/Tehatta-II/Order-B1.pdf (Caused by NewConnectionError(""HTTPSConnection(host='web.archive.org', port=443): Failed to establish a new connection: [Errno 61] Connection refused""))",,
coochbehar_FormACOB1_521a5f82.pdf,http://coochbehar.nic.in:80/PanchayatElection2018/FormACOB1.pdf,https://web.archive.org/web/20180403132643id_/http://coochbehar.nic.in:80/PanchayatElection2018/FormACOB1.pdf,20180403132643,2026-09-06,coochbehar.nic.in,"HTTPSConnectionPool(host='web.archive.org', port=443): Max retries exceeded with url: /web/20180403132643id_/http://coochbehar.nic.in:80/PanchayatElection2018/FormACOB1.pdf (Caused by NewConnectionError(""HTTPSConnection(host='web.archive.org', port=443): Failed to establish a new connection: [Errno 61] Connection refused""))",,
coochbehar_FormACOB2_97d57c3b.pdf,http://coochbehar.nic.in:80/PanchayatElection2018/FormACOB2.pdf,https://web.archive.org/web/20180403132647id_/http://coochbehar.nic.in:80/PanchayatElection2018/FormACOB2.pdf,20180403132647,2026-09-06,coochbehar.nic.in,"HTTPSConnectionPool(host='web.archive.org', port=443): Max retries exceeded with url: /web/20180403132647id_/http://coochbehar.nic.in:80/PanchayatElection2018/FormACOB2.pdf (Caused by NewConnectionError(""HTTPSConnection(host='web.archive.org', port=443): Failed to establish a new connection: [Errno 61] Connection refused""))",,
coochbehar_FormADHT1_d5ee1d8b.pdf,http://coochbehar.nic.in:80/PanchayatElection2018/FormADHT1.pdf,https://web.archive.org/web/20180403132653id_/http://coochbehar.nic.in:80/PanchayatElection2018/FormADHT1.pdf,20180403132653,2026-09-06,coochbehar.nic.in,"HTTPSConnectionPool(host='web.archive.org', port=443): Max retries exceeded with url: /web/20180403132653id_/http://coochbehar.nic.in:80/PanchayatElection2018/FormADHT1.pdf (Caused by NewConnectionError(""HTTPSConnection(host='web.archive.org', port=443): Failed to establish a new connection: [Errno 61] Connection refused""))",,
