row_id,state,year,district,block,tier,serial_printed,seat_id_printed,seat_id_readings,seat_no,seat_no_basis,source_path,source_page,source_sha256,source_bbox,gram_panchayat,reservation_raw,electors,votes_polled,votes_rejected,winner_name,winner_party,gram_panchayat_printed,gram_panchayat_basis,reservation,caste_reservation,woman_reserved,geographic_label_raw,candidate_count,candidate_votes_sum,quality_flags,review_status
db8f64e50497e30962f2,West Bengal,2018,Alipurduar,Madarihat-Birpara,ps_member,1,BANDAPANI / PS-1,"[""BANDAPANI / PS-1"", ""BANDAPANI/PS-1"", ""BANDAPANI / PS-1""]",1,arabic_suffix,data/wb/gp_source_search/alipurduar_2018_results/extracted/FinalResultofPGE2018/ALL GP PS ZP IA TO IIC/MDT/A1B1C1A2B2C2.PDF,21,bdee20d0b659b47ee0c5e0794ee4173ed4569f2b7e1ac1a32bed1ec439ecdf77,"[823, 794, 1126, 873]",,Women,3788,2780,251,Jatain Minj,AITC,,not_identified_for_ps_member_constituency,W,UR,1,Madarihat-Birpara,2,2529,candidate_cells:review;seat_id:low_ocr_confidence;seat_id:readers_disagree;winner_name:readers_disagree;winner_party:readers_disagree,needs_review
73a2c88a511e5badbc41,West Bengal,2018,Alipurduar,Madarihat-Birpara,ps_member,2,BANDAPANI / PS-2,"[""BANDAPANI / PS-2"", ""BANDAPANI / 1/PS-2 PS-:"", ""BANDAPANI / PS-2""]",2,arabic_suffix,data/wb/gp_source_search/alipurduar_2018_results/extracted/FinalResultofPGE2018/ALL GP PS ZP IA TO IIC/MDT/A1B1C1A2B2C2.PDF,21,bdee20d0b659b47ee0c5e0794ee4173ed4569f2b7e1ac1a32bed1ec439ecdf77,"[823, 908, 1126, 980]",,Women,4477,3363,231,Sabita Kharia,AITC,,not_identified_for_ps_member_constituency,W,UR,1,Madarihat-Birpara,2,3132,candidate_cells:review;electors:single_reader;reservation_raw:readers_disagree;seat_id:readers_disagree;winner_name:readers_disagree;winner_party:readers_disagree,needs_review
2be3aa94a8011c430398,West Bengal,2018,Alipurduar,Madarihat-Birpara,ps_member,3,BIRPARAI / PS-3,"[""BIRPARAI / PS-3"", "". BIRPARAMI / PS-3"", ""BIRPARAI / PS-3""]",3,arabic_suffix,data/wb/gp_source_search/alipurduar_2018_results/extracted/FinalResultofPGE2018/ALL GP PS ZP IA TO IIC/MDT/A1B1C1A2B2C2.PDF,21,bdee20d0b659b47ee0c5e0794ee4173ed4569f2b7e1ac1a32bed1ec439ecdf77,"[823, 1016, 1126, 1160]",,Women,5940,4343,486,Chhunu Ghising,AITC,,not_identified_for_ps_member_constituency,W,UR,1,Madarihat-Birpara,3,3857,candidate_cells:review;reservation_raw:readers_disagree;seat_id:low_ocr_confidence;seat_id:readers_disagree;winner_name:readers_disagree;winner_party:readers_disagree,needs_review
5961a305b7b89e2bf55a,West Bengal,2018,Alipurduar,Madarihat-Birpara,ps_member,4,BIRPARA-il / PS-4,"["""", ""BIRPARA-il / PS-4"", ""BIRPARA-il / PS-4""]",4,arabic_suffix,data/wb/gp_source_search/alipurduar_2018_results/extracted/FinalResultofPGE2018/ALL GP PS ZP IA TO IIC/MDT/A1B1C1A2B2C2.PDF,21,bdee20d0b659b47ee0c5e0794ee4173ed4569f2b7e1ac1a32bed1ec439ecdf77,"[823, 1196, 1126, 1304]",,Women,4811,3134,263,Manjira Thapa,BJP,,not_identified_for_ps_member_constituency,W,UR,1,Madarihat-Birpara,3,,candidate_cells:review;reservation_raw:readers_disagree;seat_id:low_ocr_confidence;seat_id:readers_disagree;votes_polled:single_reader;winner_name:readers_disagree;winner_party:readers_disagree,needs_review
fc07620e7351a8c801f2,West Bengal,2018,Alipurduar,Madarihat-Birpara,ps_member,,LANKAFARA I FS-5,"["""", ""LANKAPARA I FS-5"", ""LANKAFARA I FS-5""]",5,arabic_suffix,data/wb/gp_source_search/alipurduar_2018_results/extracted/FinalResultofPGE2018/ALL GP PS ZP IA TO IIC/MDT/A1B1C1A2B2C2.PDF,21,bdee20d0b659b47ee0c5e0794ee4173ed4569f2b7e1ac1a32bed1ec439ecdf77,"[823, 1340, 1126, 1404]",,Scheduled Tribes,,,,,,,not_identified_for_ps_member_constituency,ST,ST,0,Madarihat-sirpara,1,0,candidate_cells:review;electors:unread_numeric;reservation_raw:readers_disagree;seat_id:low_ocr_confidence;seat_id:readers_disagree;votes_polled:unread_numeric;votes_rejected:unread_numeric;winner:not_uniquely_matched,needs_review
96d524558e22f283bf85,West Bengal,2018,Alipurduar,Madarihat-Birpara,ps_member,6,LANKAPARA / PS-6,"[""LANKAPARA / PS-6"", ""LANKAPARA / PS-6"", ""LANKAPARA / PS-6""]",6,arabic_suffix,data/wb/gp_source_search/alipurduar_2018_results/extracted/FinalResultofPGE2018/ALL GP PS ZP IA TO IIC/MDT/A1B1C1A2B2C2.PDF,21,bdee20d0b659b47ee0c5e0794ee4173ed4569f2b7e1ac1a32bed1ec439ecdf77,"[823, 1440, 1126, 1538]",,Scheduled Tribes Women,4511,,,,,,not_identified_for_ps_member_constituency,STW,ST,1,Madarihat-Birpara,1,0,reservation_raw:readers_disagree;votes_polled:unread_numeric;votes_rejected:unread_numeric;winner:not_uniquely_matched,needs_review
26309e3bc75a08aab891,West Bengal,2018,Alipurduar,Madarihat-Birpara,ps_member,,LANKAPARA / PS-7,"[""LAN KAPARA | PS- PS-7"", ""LANKAP; ARA I PS- PS-7"", ""LANKAPARA / PS-7""]",7,arabic_suffix,data/wb/gp_source_search/alipurduar_2018_results/extracted/FinalResultofPGE2018/ALL GP PS ZP IA TO IIC/MDT/A1B1C1A2B2C2.PDF,21,bdee20d0b659b47ee0c5e0794ee4173ed4569f2b7e1ac1a32bed1ec439ecdf77,"[823, 1574, 1126, 1720]",,x,3732,2357,245,Debraj Chhetri,AITC,,not_identified_for_ps_member_constituency,,,,Madarihat-Birpara,4,,candidate_cells:review;reservation:unresolved;seat_id:readers_disagree;winner_name:readers_disagree,needs_review
98dd1fc554f4c8989c1b,West Bengal,2018,Alipurduar,Madarihat-Birpara,ps_member,,TOTOPARA-BALLALGURI 1PS-8,"[""TOTOPARA-BALLALGURI} /PS-8"", ""TOTOPARACBALLALGURI"", ""TOTOPARA-BALLALGURI 1PS-8""]",8,arabic_suffix,data/wb/gp_source_search/alipurduar_2018_results/extracted/FinalResultofPGE2018/ALL GP PS ZP IA TO IIC/MDT/A1B1C1A2B2C2.PDF,21,bdee20d0b659b47ee0c5e0794ee4173ed4569f2b7e1ac1a32bed1ec439ecdf77,"[823, 1756, 1126, 1868]",,Schedule Tribe,3808,1827,129,NILU MINJ (KUJUR),AITC,,not_identified_for_ps_member_constituency,ST,ST,0,Madarihat-Birpara ©,3,,candidate_cells:review;electors:single_reader;reservation_raw:readers_disagree;seat_id:readers_disagree;winner_party:readers_disagree,needs_review
79791bc6f303d832dcac,West Bengal,2018,Alipurduar,Madarihat-Birpara,ps_member,9,HANTAPARA / PS-9,"["""", ""HANTAPARA / PS-9"", ""HANTAPARA / PS-9""]",9,arabic_suffix,data/wb/gp_source_search/alipurduar_2018_results/extracted/FinalResultofPGE2018/ALL GP PS ZP IA TO IIC/MDT/A1B1C1A2B2C2.PDF,21,bdee20d0b659b47ee0c5e0794ee4173ed4569f2b7e1ac1a32bed1ec439ecdf77,"[823, 1901, 1126, 1938]",,Women,3465,,,,:,,not_identified_for_ps_member_constituency,W,UR,1,Madarihat-Birpara,1,0,candidate_cells:review;reservation_raw:readers_disagree;seat_id:readers_disagree;votes_polled:unread_numeric;votes_rejected:unread_numeric;winner:not_uniquely_matched;winner_party:low_ocr_confidence;winner_party:readers_disagree,needs_review
ad6555b217e0fba562a6,West Bengal,2018,Alipurduar,Madarihat-Birpara,ps_member,,HANTAPARA / PS-10,"["""", ""‘AP! HANTAPARA / PS- 10"", ""HANTAPARA / PS-10""]",10,arabic_suffix,data/wb/gp_source_search/alipurduar_2018_results/extracted/FinalResultofPGE2018/ALL GP PS ZP IA TO IIC/MDT/A1B1C1A2B2C2.PDF,21,bdee20d0b659b47ee0c5e0794ee4173ed4569f2b7e1ac1a32bed1ec439ecdf77,"[823, 1972, 1126, 2462]",,,5077,3710,306,GORE KAMI,AITC,,not_identified_for_ps_member_constituency,,,,Madarihat-Birpara,2,3407,candidate_cells:review;reservation:unresolved;seat_id:readers_disagree;votes:accounting_mismatch;winner_name:low_ocr_confidence;winner_name:multiple_field_cells;winner_name:readers_disagree;winner_party:readers_disagree,needs_review
21fff2ef50c088e2b298,West Bengal,2018,Alipurduar,Madarihat-Birpara,ps_member,5,HANTAPARA / PS-11,"["""", ""HANTAPARA / PS-11"", ""HANTAPARA / PS-11""]",11,arabic_suffix,data/wb/gp_source_search/alipurduar_2018_results/extracted/FinalResultofPGE2018/ALL GP PS ZP IA TO IIC/MDT/A1B1C1A2B2C2.PDF,22,bdee20d0b659b47ee0c5e0794ee4173ed4569f2b7e1ac1a32bed1ec439ecdf77,"[844, 272, 1138, 368]",,Tribe,5325,,,,,,not_identified_for_ps_member_constituency,,,,Madarihat-Birpara,1,0,candidate_cells:review;reservation:unresolved;reservation_raw:low_ocr_confidence;reservation_raw:readers_disagree;seat_id:readers_disagree;votes_polled:unread_numeric;votes_rejected:unread_numeric;winner:not_uniquely_matched,needs_review
9084f223da4061014a9b,West Bengal,2018,Alipurduar,Madarihat-Birpara,ps_member,12,MADARIHAT / PS-12,"["""", ""MADARIHAT / PS-12"", ""MADARIHAT / PS-12""]",12,arabic_suffix,data/wb/gp_source_search/alipurduar_2018_results/extracted/FinalResultofPGE2018/ALL GP PS ZP IA TO IIC/MDT/A1B1C1A2B2C2.PDF,22,bdee20d0b659b47ee0c5e0794ee4173ed4569f2b7e1ac1a32bed1ec439ecdf77,"[844, 404, 1138, 548]",,Schedule Tribe,5240,3999,270,SANTOSH KARJEE,BUP,,not_identified_for_ps_member_constituency,ST,ST,0,Madarinai-Birpara,3,3729,candidate_cells:review;reservation_raw:readers_disagree;seat_id:readers_disagree;winner:party_mismatch;winner_name:readers_disagree;winner_party:readers_disagree,needs_review
8b67c3009ce06239f818,West Bengal,2018,Alipurduar,Madarihat-Birpara,ps_member,13,MADARIHAT / PS-13,"[""MADARIHAT / PS-13."", ""MADARIHAT / PS-13"", ""MADARIHAT / PS-13""]",13,arabic_suffix,data/wb/gp_source_search/alipurduar_2018_results/extracted/FinalResultofPGE2018/ALL GP PS ZP IA TO IIC/MDT/A1B1C1A2B2C2.PDF,22,bdee20d0b659b47ee0c5e0794ee4173ed4569f2b7e1ac1a32bed1ec439ecdf77,"[844, 584, 1138, 732]",,Schedule Caste Women,5446,4596,253,CHAINA MAJUMDAR ( BARORI ),BUP,,not_identified_for_ps_member_constituency,SCW,SC,1,Madarihat-Birpara,3,4343,candidate_cells:review;reservation_raw:readers_disagree;seat_id:readers_disagree;winner:not_uniquely_matched;winner_name:readers_disagree;winner_party:readers_disagree,needs_review
3d4b316f0b04f69ddd5a,West Bengal,2018,Alipurduar,Madarihat-Birpara,ps_member,14,MADARIHAT / PS-14,"["""", ""MADARIHAT / PS-14"", ""MADARIHAT / PS-14""]",14,arabic_suffix,data/wb/gp_source_search/alipurduar_2018_results/extracted/FinalResultofPGE2018/ALL GP PS ZP IA TO IIC/MDT/A1B1C1A2B2C2.PDF,22,bdee20d0b659b47ee0c5e0794ee4173ed4569f2b7e1ac1a32bed1ec439ecdf77,"[844, 768, 1138, 914]",,x,6370,5063,299,BINOD -CHHETRI,BJP,,not_identified_for_ps_member_constituency,,,,Madarihat-Birpara,3,4764,candidate_cells:review;reservation:unresolved;reservation_raw:readers_disagree;seat_id:readers_disagree;winner_name:low_ocr_confidence;winner_name:readers_disagree;winner_party:low_ocr_confidence;winner_party:readers_disagree,needs_review
b058a05ed91626cd7618,West Bengal,2018,Alipurduar,Madarihat-Birpara,ps_member,15,KHAIRBARI / PS-15,"["""", ""KHAIRBARI / PS-15"", ""KHAIRBARI / PS-15""]",15,arabic_suffix,data/wb/gp_source_search/alipurduar_2018_results/extracted/FinalResultofPGE2018/ALL GP PS ZP IA TO IIC/MDT/A1B1C1A2B2C2.PDF,22,bdee20d0b659b47ee0c5e0794ee4173ed4569f2b7e1ac1a32bed1ec439ecdf77,"[844, 949, 1138, 1058]",,Xx,5115,4426,249,RASHIDUL ALAM,AITC,,not_identified_for_ps_member_constituency,,,,Madarihat-Birpara,3,,candidate_cells:review;reservation:unresolved;reservation_raw:readers_disagree;seat_id:readers_disagree;winner_name:readers_disagree;winner_party:readers_disagree,needs_review
a9653988176b98b709b4,West Bengal,2018,Alipurduar,Madarihat-Birpara,ps_member,16,KHAIRBARI / PS-16,"[""KHAIRBARI / PS-16"", ""KHAIRBARI / PS-16"", ""KHAIRBARI / PS-16""]",16,arabic_suffix,data/wb/gp_source_search/alipurduar_2018_results/extracted/FinalResultofPGE2018/ALL GP PS ZP IA TO IIC/MDT/A1B1C1A2B2C2.PDF,22,bdee20d0b659b47ee0c5e0794ee4173ed4569f2b7e1ac1a32bed1ec439ecdf77,"[844, 1094, 1138, 1310]",,Women,4283,3688,230,SANDHYA SINGHA BARMAN,AITC,,not_identified_for_ps_member_constituency,W,UR,1,Mac=-mat-Birpara,3,3458,candidate_cells:review,needs_review
f9735ae60deb4b35f69a,West Bengal,2018,Alipurduar,Madarihat-Birpara,ps_member,,KHAIRBARI / PS-17,"[""KHAIRBARI / PS-17"", ""KHAIRBARI / PS- PS-17"", ""KHAIRBARI / PS-17""]",17,arabic_suffix,data/wb/gp_source_search/alipurduar_2018_results/extracted/FinalResultofPGE2018/ALL GP PS ZP IA TO IIC/MDT/A1B1C1A2B2C2.PDF,22,bdee20d0b659b47ee0c5e0794ee4173ed4569f2b7e1ac1a32bed1ec439ecdf77,"[844, 1346, 1138, 1564]",,Schedule Tribe,6928,6061,349,MITHUN ORAON,BUP,,not_identified_for_ps_member_constituency,ST,ST,0,Madarinai-Birpara,5,,candidate_cells:review;reservation_raw:low_ocr_confidence;reservation_raw:readers_disagree;seat_id:readers_disagree;votes_rejected:unread_numeric;winner_name:readers_disagree;winner_party:readers_disagree,needs_review
301db50b6a0f0cabb72a,West Bengal,2018,Alipurduar,Madarihat-Birpara,ps_member,18,RANGALIBAZNA / PS-18,"["""", ""RANGALIBAZNA / PS-18"", ""RANGALIBAZNA / PS-18""]",18,arabic_suffix,data/wb/gp_source_search/alipurduar_2018_results/extracted/FinalResultofPGE2018/ALL GP PS ZP IA TO IIC/MDT/A1B1C1A2B2C2.PDF,22,bdee20d0b659b47ee0c5e0794ee4173ed4569f2b7e1ac1a32bed1ec439ecdf77,"[844, 1600, 1138, 1708]",,Schedule Tribe Women .,5820,4508,252,KARISHMA LAKRA,AITC,,not_identified_for_ps_member_constituency,STW,ST,1,Mato matSupara,3,4256,candidate_cells:review;reservation_raw:readers_disagree;seat_id:readers_disagree;votes_polled:single_reader;votes_rejected:single_reader;winner_name:readers_disagree;winner_party:low_ocr_confidence;winner_party:readers_disagree,needs_review
72ac9b00eb13530fa7f6,West Bengal,2018,Alipurduar,Madarihat-Birpara,ps_member,19,RANGALIBAZNA / PS- 19,"[""RANGALIGAZNA/PS-| 19"", ""RANGALIBAZNA/"", ""RANGALIBAZNA / PS- 19""]",19,arabic_suffix,data/wb/gp_source_search/alipurduar_2018_results/extracted/FinalResultofPGE2018/ALL GP PS ZP IA TO IIC/MDT/A1B1C1A2B2C2.PDF,23,bdee20d0b659b47ee0c5e0794ee4173ed4569f2b7e1ac1a32bed1ec439ecdf77,"[813, 234, 1116, 408]",,Scheduie Tribe,6646,5412,274,JIBAN ORAON,AITC,,not_identified_for_ps_member_constituency,,,,Madarihat-Birpara,4,,candidate_cells:review;electors:single_reader;reservation:unresolved;reservation_raw:readers_disagree;seat_id:readers_disagree,needs_review
298f11064b3fe3f71148,West Bengal,2018,Alipurduar,Madarihat-Birpara,ps_member,20,RANGALIBAZNA / PS- 20,"[""RANGALIBAZNA / PS- 20"", ""RANGALIBAZNA / PS- 20"", ""RANGALIBAZNA / PS- 20""]",20,arabic_suffix,data/wb/gp_source_search/alipurduar_2018_results/extracted/FinalResultofPGE2018/ALL GP PS ZP IA TO IIC/MDT/A1B1C1A2B2C2.PDF,23,bdee20d0b659b47ee0c5e0794ee4173ed4569f2b7e1ac1a32bed1ec439ecdf77,"[813, 444, 1116, 658]",,x,5853,4909,216,SAJID ALAM,AITC,,not_identified_for_ps_member_constituency,,,,Madarihat-Bi,5,4693,candidate_cells:review;reservation:unresolved;reservation_raw:readers_disagree;votes_polled:single_reader;winner_name:readers_disagree;winner_party:readers_disagree,needs_review
eefd19ba88bb7612bbd9,West Bengal,2018,Alipurduar,Madarihat-Birpara,ps_member,21,BIRPARA-I/ PS-21,"[""BIRPARA-| / PS-21"", ""BIRPARA-4/ PS-21"", ""BIRPARA-I/ PS-21""]",21,arabic_suffix,data/wb/gp_source_search/alipurduar_2018_results/extracted/FinalResultofPGE2018/ALL GP PS ZP IA TO IIC/MDT/A1B1C1A2B2C2.PDF,23,bdee20d0b659b47ee0c5e0794ee4173ed4569f2b7e1ac1a32bed1ec439ecdf77,"[813, 694, 1116, 878]",,Women,6720,5066,272,Chhaya Pal Chowdhury,AITC,,not_identified_for_ps_member_constituency,W,UR,1,Madarihat-Birpara,4,4794,candidate_cells:review;seat_id:low_ocr_confidence;seat_id:readers_disagree;winner_name:readers_disagree,needs_review
225e2a9418d2c72ca9fd,West Bengal,2018,Alipurduar,Madarihat-Birpara,ps_member,22,BIRPARA-I / PS-22,"[""BIRPARA-I / PS-22"", ""BIRPARA-I/ PS-22"", ""BIRPARA-I / PS-22""]",22,arabic_suffix,data/wb/gp_source_search/alipurduar_2018_results/extracted/FinalResultofPGE2018/ALL GP PS ZP IA TO IIC/MDT/A1B1C1A2B2C2.PDF,23,bdee20d0b659b47ee0c5e0794ee4173ed4569f2b7e1ac1a32bed1ec439ecdf77,"[813, 912, 1116, 1058]",,Schedule Caste Women,8640,6706,410,Champa Sarkar,AITC,,not_identified_for_ps_member_constituency,SCW,SC,1,Madarihat-Birpara,3,6296,candidate_cells:review;reservation_raw:readers_disagree;seat_id:low_ocr_confidence;seat_id:readers_disagree;winner_name:readers_disagree;winner_party:readers_disagree,needs_review
ea3d5f8576340f17490e,West Bengal,2018,Alipurduar,Madarihat-Birpara,ps_member,23,BIRPARA4 / PS-23,"[""BIRPARAA / PS-23"", ""BIRPARAA / PS-23"", ""BIRPARA4 / PS-23""]",23,arabic_suffix,data/wb/gp_source_search/alipurduar_2018_results/extracted/FinalResultofPGE2018/ALL GP PS ZP IA TO IIC/MDT/A1B1C1A2B2C2.PDF,23,bdee20d0b659b47ee0c5e0794ee4173ed4569f2b7e1ac1a32bed1ec439ecdf77,"[813, 1094, 1116, 1200]",,Scheduled Castes,8439,6272,319,Rohit Kumar Biswakarma,AITC,,not_identified_for_ps_member_constituency,SC,SC,0,Madarihat-Birpara,2,,candidate_cells:review;reservation_raw:readers_disagree;seat_id:low_ocr_confidence;seat_id:readers_disagree;winner_name:readers_disagree,needs_review
a774a07fdf0e0fe4754c,West Bengal,2018,Alipurduar,Madarihat-Birpara,ps_member,24,SISHUJHUMRA / PS-24,"[""SISHUJHUMRA / PS-24"", ""SISHUJHUMRA / PS-24"", ""SISHUJHUMRA / PS-24""]",24,arabic_suffix,data/wb/gp_source_search/alipurduar_2018_results/extracted/FinalResultofPGE2018/ALL GP PS ZP IA TO IIC/MDT/A1B1C1A2B2C2.PDF,23,bdee20d0b659b47ee0c5e0794ee4173ed4569f2b7e1ac1a32bed1ec439ecdf77,"[813, 1236, 1116, 1344]",,x,5909,,248,Kiran Routia,BUP,,not_identified_for_ps_member_constituency,,,,Madarihat-Birpara,3,4193,candidate_cells:review;reservation:unresolved;votes_polled:readers_disagree;winner:party_mismatch,needs_review
d115100a713b069fdfe7,West Bengal,2018,Alipurduar,Madarihat-Birpara,ps_member,25,SISHUJHUMRA / PS-25,"[""SISHUJHUMRA/PS-25 ;"", ""SISHUJHUMRA/PS-25 ;"", ""SISHUJHUMRA / PS-25""]",25,arabic_suffix,data/wb/gp_source_search/alipurduar_2018_results/extracted/FinalResultofPGE2018/ALL GP PS ZP IA TO IIC/MDT/A1B1C1A2B2C2.PDF,23,bdee20d0b659b47ee0c5e0794ee4173ed4569f2b7e1ac1a32bed1ec439ecdf77,"[813, 1380, 1116, 1524]",,Schedule Tribe Women,7650,5797,530,Leena Xess.,AITC,,not_identified_for_ps_member_constituency,STW,ST,1,Madarihat-Birpara,4,,candidate_cells:review;reservation_raw:readers_disagree;seat_id:readers_disagree;winner_name:readers_disagree;winner_party:readers_disagree,needs_review
b77d0a0537e35247f9e5,West Bengal,2018,Alipurduar,Madarihat-Birpara,ps_member,,SISHUJHUMRA / PS-26,"[""SISHUJHUMRA / PS-26"", ""SISHUJHUMRA/PS-26"", ""SISHUJHUMRA / PS-26""]",26,arabic_suffix,data/wb/gp_source_search/alipurduar_2018_results/extracted/FinalResultofPGE2018/ALL GP PS ZP IA TO IIC/MDT/A1B1C1A2B2C2.PDF,23,bdee20d0b659b47ee0c5e0794ee4173ed4569f2b7e1ac1a32bed1ec439ecdf77,"[813, 1560, 1116, 1702]",,Schedule Tribe,5834,4559,,Siwat Xai,Bsr,,not_identified_for_ps_member_constituency,ST,ST,0,Madarihat-Birpara,4,44327,candidate_cells:review;electors:single_reader;reservation_raw:readers_disagree;seat_id:readers_disagree;votes_rejected:readers_disagree;winner:not_uniquely_matched;winner_name:readers_disagree;winner_party:readers_disagree,needs_review
26d99dcb46271cd5ddde,West Bengal,2018,Alipurduar,Kumargram,ps_member,17,Volka Barobisha No-/PS- XVI,"[""Volka . esas Pars"", ""Volka . a | Paes"", ""Volka Barobisha No-/PS- XVI""]",,,data/wb/gp_source_search/alipurduar_2018_results/extracted/FinalResultofPGE2018/ALL GP PS ZP IA TO IIC/KUMARGRAM/KUMAR PS IB AND IIB PART2.PDF,1,571f3c5bd4a47c4057b029f1c26f0dd043a82d2b3f7c8c4978fb8ccb48762695,"[598, 519, 1044, 879]",,Women,6204,5445,259,ASMITA DAS,BJP,,not_identified_for_ps_member_constituency,W,UR,1,Volka Barobisha No- /PS-XVII,4,5186,candidate_cells:review;seat_id:low_ocr_confidence;seat_id:number_unresolved;seat_id:readers_disagree;winner_party:readers_disagree,needs_review
5b2fbde720748e51b97d,West Bengal,2018,Alipurduar,Kumargram,ps_member,18,Volka Barobisha No-II/PS- XVIII,"[""Volka . Nols | - _ Pare"", ""Volka . No-Il/PS “ype. Par"", ""Volka Barobisha No-II/PS- XVIII""]",,,data/wb/gp_source_search/alipurduar_2018_results/extracted/FinalResultofPGE2018/ALL GP PS ZP IA TO IIC/KUMARGRAM/KUMAR PS IB AND IIB PART2.PDF,1,571f3c5bd4a47c4057b029f1c26f0dd043a82d2b3f7c8c4978fb8ccb48762695,"[598, 879, 1044, 1059]",,SC Women,3360,2954,149,MAMATA RAY,BJP,,not_identified_for_ps_member_constituency,SCW,SC,1,Volka Berobisha No- I/PS-XVIII,2,2769,seat_id:number_unresolved;seat_id:readers_disagree;votes:accounting_mismatch;winner_party:readers_disagree,needs_review
32ea76862f99ec55fbfd,West Bengal,2018,Alipurduar,Kumargram,ps_member,19,Volka Barobisha No-II/PS- XIX,"[""olka ; . No-Il/PS- Parone"", ""Volka Barobisha No-II/PS- XIX"", ""Volka Barobisha No-II/PS- XIX""]",,,data/wb/gp_source_search/alipurduar_2018_results/extracted/FinalResultofPGE2018/ALL GP PS ZP IA TO IIC/KUMARGRAM/KUMAR PS IB AND IIB PART2.PDF,1,571f3c5bd4a47c4057b029f1c26f0dd043a82d2b3f7c8c4978fb8ccb48762695,"[598, 1059, 1044, 1238]",,sc,4155,3756,184,TAPAN BARMAN,BJP,,not_identified_for_ps_member_constituency,SC,SC,0,Volka Barobisha No- I/PS-XIX,2,2778,candidate_cells:review;reservation_raw:readers_disagree;seat_id:low_ocr_confidence;seat_id:number_unresolved;seat_id:readers_disagree;votes:accounting_mismatch;winner_party:readers_disagree,needs_review
c13a0924f7230d2afbe6,West Bengal,2018,Alipurduar,Kumargram,ps_member,20,Volka Brobisha No-lI/PS-XX,"[""Volka Brobisha No-ll/PS-XX"", ""Volka Brobisha No-lI/PS-XX"", ""Volka Brobisha No-lI/PS-XX""]",,,data/wb/gp_source_search/alipurduar_2018_results/extracted/FinalResultofPGE2018/ALL GP PS ZP IA TO IIC/KUMARGRAM/KUMAR PS IB AND IIB PART2.PDF,1,571f3c5bd4a47c4057b029f1c26f0dd043a82d2b3f7c8c4978fb8ccb48762695,"[598, 1238, 1044, 1418]",,Unreserved,3548,,115,HIRAN BALA BARMAN,AITC,,not_identified_for_ps_member_constituency,UR,UR,0,Volka Brobisha No- IVPS-XX,2,2685,candidate_cells:review;seat_id:low_ocr_confidence;seat_id:number_unresolved;seat_id:readers_disagree;votes_polled:readers_disagree;winner_party:readers_disagree,needs_review
caa03c0c3e22bda2e523,West Bengal,2018,Alipurduar,Kumargram,ps_member,21,Khoardanga No-i/PS-XXI,"[""hoardanga No-I/PS-XXI"", ""K hoardanga No-l/PS-XXI"", ""Khoardanga No-i/PS-XXI""]",,,data/wb/gp_source_search/alipurduar_2018_results/extracted/FinalResultofPGE2018/ALL GP PS ZP IA TO IIC/KUMARGRAM/KUMAR PS IB AND IIB PART2.PDF,1,571f3c5bd4a47c4057b029f1c26f0dd043a82d2b3f7c8c4978fb8ccb48762695,"[598, 1418, 1044, 1778]",,Women,3336,2877,181,TRIPTILATA NARJINARI,AITC,,not_identified_for_ps_member_constituency,W,UR,1,Khoardanga No-I/PS- XXI,4,,candidate_cells:review;seat_id:low_ocr_confidence;seat_id:number_unresolved;seat_id:readers_disagree,needs_review
d30d7cbfb6f05fe5d73e,West Bengal,2018,Alipurduar,Kumargram,ps_member,,Khoardanga No-I/PS-XXIH,"[""Khoardanga No-I/PS-XXH"", ""Khoardanga No-l/PS-XX1-Unreserved"", ""Khoardanga No-I/PS-XXIH""]",,,data/wb/gp_source_search/alipurduar_2018_results/extracted/FinalResultofPGE2018/ALL GP PS ZP IA TO IIC/KUMARGRAM/KUMAR PS IB AND IIB PART2.PDF,1,571f3c5bd4a47c4057b029f1c26f0dd043a82d2b3f7c8c4978fb8ccb48762695,"[598, 1778, 1044, 2225]",,Unreserved,3715,3242,113,BIPLOB NARJINARI,AITC,,not_identified_for_ps_member_constituency,UR,UR,0,Khoardanga No-I/PS- XXII,5,3129,candidate_cells:review;reservation_raw:readers_disagree;seat_id:low_ocr_confidence;seat_id:number_unresolved;seat_id:readers_disagree,needs_review
bf990a35813544418a8a,West Bengal,2018,Alipurduar,Kumargram,ps_member,,raul 2 4 pe Nod & ame of PS Cefistitustcy with seat No.,"["""", ""Lee, = hy ‘= a / & ys put Not & ame of PS Cofistitueticy with seat No. Amat. ee oO"", ""raul 2 4 pe Nod & ame of PS Cefistitustcy with seat No.""]",,,data/wb/gp_source_search/alipurduar_2018_results/extracted/FinalResultofPGE2018/ALL GP PS ZP IA TO IIC/KUMARGRAM/KUMAR PS IB AND IIB PART2.PDF,2,571f3c5bd4a47c4057b029f1c26f0dd043a82d2b3f7c8c4978fb8ccb48762695,"[597, 238, 1046, 460]",,Reservation Status (SC/ISCWISTI STWW),,,,Name of the winning candidate,Party Affiliation,,not_identified_for_ps_member_constituency,,,,\ ane \ Kol Name of Al Panchayat « k atthe =,1,,candidate_cells:review;electors:unread_numeric;reservation:unresolved;reservation_raw:low_ocr_confidence;reservation_raw:readers_disagree;seat_id:low_ocr_confidence;seat_id:number_unresolved;seat_id:readers_disagree;votes_polled:unread_numeric;votes_rejected:unread_numeric;winner:not_uniquely_matched,needs_review
bcb1d2ed7e810ca262a7,West Bengal,2018,Alipurduar,Kumargram,ps_member,,Khoardanga No-I/PS-XXIII,"[""Khoardanga No-I/PS-XXIII"", ""Khoardanga No-I/PS-XXIII"", ""Khoardanga No-I/PS-XXIII""]",,,data/wb/gp_source_search/alipurduar_2018_results/extracted/FinalResultofPGE2018/ALL GP PS ZP IA TO IIC/KUMARGRAM/KUMAR PS IB AND IIB PART2.PDF,2,571f3c5bd4a47c4057b029f1c26f0dd043a82d2b3f7c8c4978fb8ccb48762695,"[597, 511, 1046, 782]",,ST Women,4709,4039,266,SOSHYOBOT! KARJEE,AITC,,not_identified_for_ps_member_constituency,STW,ST,1,Khoardanga No-I/PS- XXII,3,3774,candidate_cells:review;reservation_raw:readers_disagree;seat_id:number_unresolved;votes:accounting_mismatch;winner:not_uniquely_matched;winner_name:low_ocr_confidence;winner_name:readers_disagree,needs_review
b1f8b49abf16cd7af217,West Bengal,2018,Alipurduar,Kumargram,ps_member,24,Khoardanga No-II/PS- XXIV,"[""NAPS -[I/PS- eed"", ""NAPS -II1/PS- ile"", ""Khoardanga No-II/PS- XXIV""]",,,data/wb/gp_source_search/alipurduar_2018_results/extracted/FinalResultofPGE2018/ALL GP PS ZP IA TO IIC/KUMARGRAM/KUMAR PS IB AND IIB PART2.PDF,2,571f3c5bd4a47c4057b029f1c26f0dd043a82d2b3f7c8c4978fb8ccb48762695,"[597, 782, 1046, 1009]",,Ne,3905,3445,193,KISHOR KUMAR BARMAN,AITC,,not_identified_for_ps_member_constituency,,,,Khoardanga No-II/PS- XXIV,3,3252,candidate_cells:review;reservation:unresolved;reservation_raw:low_ocr_confidence;reservation_raw:multiple_field_cells;reservation_raw:readers_disagree;seat_id:number_unresolved;seat_id:readers_disagree,needs_review
55d4585ac0db4c1a724b,West Bengal,2018,Alipurduar,Kumargram,ps_member,25,Khoardanga No-II/PS- XXV,"[""Khoardanga _ No-II/PS . XXV"", ""Khoardanga 7 No-II/PS . XXV"", ""Khoardanga No-II/PS- XXV""]",,,data/wb/gp_source_search/alipurduar_2018_results/extracted/FinalResultofPGE2018/ALL GP PS ZP IA TO IIC/KUMARGRAM/KUMAR PS IB AND IIB PART2.PDF,2,571f3c5bd4a47c4057b029f1c26f0dd043a82d2b3f7c8c4978fb8ccb48762695,"[597, 1009, 1046, 1311]",,Unreserved,3299,,77,KAMAL ROY,AITC,,not_identified_for_ps_member_constituency,UR,UR,0,K hoardanga No-lI/PS- XXV,4,2706,seat_id:number_unresolved;seat_id:readers_disagree;votes_polled:readers_disagree,needs_review
958d6a64026a9c34680b,West Bengal,2018,Alipurduar,Kumargram,ps_member,,Khoardanga No-II/PS- XXVI,"[""No-II/PS- o-Ps ee"", ""Kh No-II/PS- o-Ps ee"", ""Khoardanga No-II/PS- XXVI""]",,,data/wb/gp_source_search/alipurduar_2018_results/extracted/FinalResultofPGE2018/ALL GP PS ZP IA TO IIC/KUMARGRAM/KUMAR PS IB AND IIB PART2.PDF,2,571f3c5bd4a47c4057b029f1c26f0dd043a82d2b3f7c8c4978fb8ccb48762695,"[597, 1311, 1046, 1581]",,SC Women,4007,3229,132,SUSMITA MALLICK (SARKAR),AITC,,not_identified_for_ps_member_constituency,SCW,SC,1,Khoardanga No-II/PS- XXVI,3,3097,seat_id:low_ocr_confidence;seat_id:number_unresolved;seat_id:readers_disagree,needs_review
2ee5867a36cb1308a89c,West Bengal,2018,Alipurduar,Kumargram,ps_member,,Kamakhyaguri No-I/PS- - XXVHO,"[""aL waon Noles: Kamakhyesur"", ""ab beac Sa Nee a"", ""Kamakhyaguri No-I/PS- - XXVHO""]",,,data/wb/gp_source_search/alipurduar_2018_results/extracted/FinalResultofPGE2018/ALL GP PS ZP IA TO IIC/KUMARGRAM/KUMAR PS IB AND IIB PART2.PDF,2,571f3c5bd4a47c4057b029f1c26f0dd043a82d2b3f7c8c4978fb8ccb48762695,"[597, 1581, 1046, 1942]",,SC,,4420,240,SUSHIL RAY,AITC,,not_identified_for_ps_member_constituency,SC,SC,0,Kamakhyaguri No- - HPS-KKVI ~,4,4180,electors:unread_numeric;reservation_raw:multiple_field_cells;reservation_raw:readers_disagree;seat_id:low_ocr_confidence;seat_id:number_unresolved;seat_id:readers_disagree,needs_review
623c5c68926bf59351c9,West Bengal,2018,Alipurduar,Kumargram,ps_member,28,Kamakhyaguri No-I/PS- XXVIII,"[""KamakhyaguriiNo:1/ PS erst"", ""KamakhyaguriiNo:1/ PS XXVIIL"", ""Kamakhyaguri No-I/PS- XXVIII""]",,,data/wb/gp_source_search/alipurduar_2018_results/extracted/FinalResultofPGE2018/ALL GP PS ZP IA TO IIC/KUMARGRAM/KUMAR PS IB AND IIB PART2.PDF,2,571f3c5bd4a47c4057b029f1c26f0dd043a82d2b3f7c8c4978fb8ccb48762695,"[597, 1942, 1046, 2302]",,Unreserved,4811,4192,287,ALOK RAY,BJP,,not_identified_for_ps_member_constituency,UR,UR,0,Kamakhyaguri No- V/PS-XXVIII,4,3905,seat_id:low_ocr_confidence;seat_id:number_unresolved;seat_id:readers_disagree,needs_review
c046ecd9b82c29a215a3,West Bengal,2018,Alipurduar,Kumargram,ps_member,1,{ urturikhanda/PS-I,"[""furturikhanda/PS-I"", ""furturikhanda/PS-I"", ""{ urturikhanda/PS-I""]",,,data/wb/gp_source_search/alipurduar_2018_results/extracted/FinalResultofPGE2018/ALL GP PS ZP IA TO IIC/KUMARGRAM/KUMAR PS IB AND IIB.PDF,2,975c9b245ea0187c326d4274b3750d5f66ac26d2b64fc81277db5df28039b0d3,"[580, 810, 1032, 1029]",,ST,3687,2908,141,PRATAP LAMA,BJP,,not_identified_for_ps_member_constituency,ST,ST,0,Cufturikhanda/PS-I,3,,candidate_cells:review;seat_id:low_ocr_confidence;seat_id:number_unresolved;seat_id:readers_disagree;winner:party_mismatch;winner_party:readers_disagree,needs_review
f0bf37529a38d1267e08,West Bengal,2018,Alipurduar,Kumargram,ps_member,2,Turturikhanda/PS-ll,"[""Turturikhanda/PS-I"", ""Turturikhanda/PS-II"", ""Turturikhanda/PS-ll""]",,,data/wb/gp_source_search/alipurduar_2018_results/extracted/FinalResultofPGE2018/ALL GP PS ZP IA TO IIC/KUMARGRAM/KUMAR PS IB AND IIB.PDF,2,975c9b245ea0187c326d4274b3750d5f66ac26d2b64fc81277db5df28039b0d3,"[580, 1029, 1032, 1208]",,Women,3472,2647,141,SABANTI ORAON,BJP,,not_identified_for_ps_member_constituency,W,UR,1,furturikhanda/PS-I],2,2505,seat_id:low_ocr_confidence;seat_id:number_unresolved;seat_id:readers_disagree;votes:accounting_mismatch,needs_review
9146260762fc37a4a7d4,West Bengal,2018,Alipurduar,Kumargram,ps_member,,Turturikhanda/PS-III,"[""Turturikhanda/PS-III"", ""Turturikhanda/PS-III"", ""Turturikhanda/PS-III""]",,,data/wb/gp_source_search/alipurduar_2018_results/extracted/FinalResultofPGE2018/ALL GP PS ZP IA TO IIC/KUMARGRAM/KUMAR PS IB AND IIB.PDF,2,975c9b245ea0187c326d4274b3750d5f66ac26d2b64fc81277db5df28039b0d3,"[580, 1208, 1032, 1468]",,ST Woimen,3946,2982,121,JUL! LAMA,AITC,,not_identified_for_ps_member_constituency,,,,lurturikhanda/PS-II,3,2861,candidate_cells:review;reservation:unresolved;reservation_raw:low_ocr_confidence;reservation_raw:multiple_field_cells;reservation_raw:readers_disagree;seat_id:low_ocr_confidence;seat_id:number_unresolved;winner:not_uniquely_matched;winner_name:readers_disagree,needs_review
4be83837f40510060e8f,West Bengal,2018,Alipurduar,Kumargram,ps_member,,Rydak/PS-IV,"[""Rydak/PS-IV"", ""Rydak/PS-IV"", ""Rydak/PS-IV""]",,,data/wb/gp_source_search/alipurduar_2018_results/extracted/FinalResultofPGE2018/ALL GP PS ZP IA TO IIC/KUMARGRAM/KUMAR PS IB AND IIB.PDF,2,975c9b245ea0187c326d4274b3750d5f66ac26d2b64fc81277db5df28039b0d3,"[580, 1468, 1032, 1834]",,Women,3784,3035,150,MUNNA BIBI,BJP,,not_identified_for_ps_member_constituency,W,UR,1,Rydak/PS-IV,5,,candidate_cells:review;seat_id:number_unresolved,needs_review
e18d10911a3f35a47427,West Bengal,2018,Alipurduar,Kumargram,ps_member,,Rydak/PS-V,"[""Rydak/PS-V"", ""Rydak/PS-V"", ""Rydak/PS-V""]",,,data/wb/gp_source_search/alipurduar_2018_results/extracted/FinalResultofPGE2018/ALL GP PS ZP IA TO IIC/KUMARGRAM/KUMAR PS IB AND IIB.PDF,2,975c9b245ea0187c326d4274b3750d5f66ac26d2b64fc81277db5df28039b0d3,"[580, 1834, 1032, 2116]",,Unreserved,3954,3065,217,BALABANT KUJUR,BJP,,not_identified_for_ps_member_constituency,UR,UR,0,Rydak/PS-V,4,2848,seat_id:number_unresolved,needs_review
c2f4811e26199873baca,West Bengal,2018,Alipurduar,Kumargram,ps_member,,Kamakhyaguri No-l/PS- XXIX,"[""Kamakhyaguri No-I/PS- XXIX"", ""Kamakhyaguri No-I/PS- XXIX"", ""Kamakhyaguri No-l/PS- XXIX""]",,,data/wb/gp_source_search/alipurduar_2018_results/extracted/FinalResultofPGE2018/ALL GP PS ZP IA TO IIC/KUMARGRAM/KUMAR PS IB AND IIB PART3.PDF,1,4589ce4995003666aed53d552a56b91078feb7b162c1206c6e6b97295c7208d5,"[555, 484, 1004, 754]",,SC Women,4692,3945,286,MOUMITA RAY (DAS),AITC,,not_identified_for_ps_member_constituency,SCW,SC,1,Kamakhyaguri No- /PS-XXTX,3,3659,candidate_cells:review;seat_id:low_ocr_confidence;seat_id:number_unresolved;seat_id:readers_disagree,needs_review
00b7b84382cd06bc05a8,West Bengal,2018,Alipurduar,Kumargram,ps_member,30,Kamakhyaguri No-II/PS- XXX,"[""Kamakhyaguri No-II/PS- XXX"", ""Kamakhyaguri No-II/PS- XXX"", ""Kamakhyaguri No-II/PS- XXX""]",,,data/wb/gp_source_search/alipurduar_2018_results/extracted/FinalResultofPGE2018/ALL GP PS ZP IA TO IIC/KUMARGRAM/KUMAR PS IB AND IIB PART3.PDF,1,4589ce4995003666aed53d552a56b91078feb7b162c1206c6e6b97295c7208d5,"[555, 754, 1004, 1024]",,Women,5044,4112,,SUKLA GHOSH,AITC,,not_identified_for_ps_member_constituency,W,UR,1,Kamakhyaguri No- IVP5-XXX,3,3921,seat_id:number_unresolved;votes_rejected:readers_disagree,needs_review
33fb61bfcb615839e022,West Bengal,2018,Alipurduar,Kumargram,ps_member,31,Kamakhyaguri No-l/PS- XXXI,"[""Kamakhyaguri No-II/PS- XXXI"", ""Kamakhyaguri No-l/PS- S64"", ""Kamakhyaguri No-l/PS- XXXI""]",,,data/wb/gp_source_search/alipurduar_2018_results/extracted/FinalResultofPGE2018/ALL GP PS ZP IA TO IIC/KUMARGRAM/KUMAR PS IB AND IIB PART3.PDF,1,4589ce4995003666aed53d552a56b91078feb7b162c1206c6e6b97295c7208d5,"[555, 1024, 1004, 1472]",,Unreserved,4799,4176,291,DULAL DEY,AITC,,not_identified_for_ps_member_constituency,UR,UR,0,Kamakhyaguri No- {I/PS-XXXI,5,3885,reservation_raw:readers_disagree;seat_id:low_ocr_confidence;seat_id:number_unresolved;seat_id:readers_disagree;winner_name:readers_disagree,needs_review
633a966d134077577e2d,West Bengal,2018,Alipurduar,Kumargram,ps_member,32,Kamakhyaguri No-f]/PS- XXX,"[""Kamakhyaguri No-I/PS- XXXH"", ""Kamakhyaguri No-f]/PS- XXXII"", ""Kamakhyaguri No-f]/PS- XXX""]",,,data/wb/gp_source_search/alipurduar_2018_results/extracted/FinalResultofPGE2018/ALL GP PS ZP IA TO IIC/KUMARGRAM/KUMAR PS IB AND IIB PART3.PDF,1,4589ce4995003666aed53d552a56b91078feb7b162c1206c6e6b97295c7208d5,"[555, 1472, 1004, 1742]",,Women,6388,5529,258,MINATI BARMAN (ROY),AITC,,not_identified_for_ps_member_constituency,W,UR,1,Kamakhyaguri No- IV/PS-XXXII,3,5271,candidate_cells:review;reservation_raw:readers_disagree;seat_id:low_ocr_confidence;seat_id:number_unresolved;seat_id:readers_disagree;winner_name:readers_disagree,needs_review
dba41bcbab2d16953739,West Bengal,2018,Alipurduar,Falakata,ps_member,1,Shalkumar/PS-15,"[""Shalkumar/PS-15 -"", ""Shalkumar/PS-15 -"", ""Shalkumar/PS-15""]",15,arabic_suffix,data/wb/gp_source_search/alipurduar_2018_results/extracted/FinalResultofPGE2018/ALL GP PS ZP IA TO IIC/FALAKATA/Falakata IIB.PDF,1,9cfdc984ce03e6daa5424ee3d0a18c0d46049b8d3369792d2e4268a78b534112,"[523, 726, 1022, 946]",,ST,6893,6113,352,RAM SING KAR]JI,AITC,,not_identified_for_ps_member_constituency,ST,ST,0,SALKUMAR,4,,candidate_cells:review;seat_id:readers_disagree;winner:not_uniquely_matched;winner_name:low_ocr_confidence;winner_name:readers_disagree,needs_review
1d39f6c559b16768f1c0,West Bengal,2018,Alipurduar,Falakata,ps_member,2,Shalkumar/PS-16,"[""Shalkumar/PS-16"", ""Shalkumar/PS-16"", ""Shalkumar/PS-16""]",16,arabic_suffix,data/wb/gp_source_search/alipurduar_2018_results/extracted/FinalResultofPGE2018/ALL GP PS ZP IA TO IIC/FALAKATA/Falakata IIB.PDF,1,9cfdc984ce03e6daa5424ee3d0a18c0d46049b8d3369792d2e4268a78b534112,"[523, 946, 1022, 1110]",,WwW,6671,5776,264,ANJANA ROY,BJP,,not_identified_for_ps_member_constituency,,,,SALKUMAR,3,5512,reservation:unresolved;reservation_raw:low_ocr_confidence;reservation_raw:readers_disagree,needs_review
3fbcb950b3fe1d972572,West Bengal,2018,Alipurduar,Falakata,ps_member,3,Shalkumar/PS-17,"[""Shalkumar/PS-17 -"", ""Shalkumar/PS-17 ;"", ""Shalkumar/PS-17""]",17,arabic_suffix,data/wb/gp_source_search/alipurduar_2018_results/extracted/FinalResultofPGE2018/ALL GP PS ZP IA TO IIC/FALAKATA/Falakata IIB.PDF,1,9cfdc984ce03e6daa5424ee3d0a18c0d46049b8d3369792d2e4268a78b534112,"[523, 1110, 1022, 1328]",,X,7005,6060,316,ABUL HOSSAIN,BJP,,not_identified_for_ps_member_constituency,,,,SALKUMAR,4,,candidate_cells:review;reservation:unresolved;seat_id:readers_disagree;winner:party_mismatch,needs_review
fbd4488ab42af385e485,West Bengal,2018,Alipurduar,Falakata,ps_member,4,FALAKATA-I/PS-30,"[""3 FALAKATA-I/PS-30 Wiper"", ""- FALAKATA-I/PS-30 ; ;"", ""FALAKATA-I/PS-30""]",30,arabic_suffix,data/wb/gp_source_search/alipurduar_2018_results/extracted/FinalResultofPGE2018/ALL GP PS ZP IA TO IIC/FALAKATA/Falakata IIB.PDF,1,9cfdc984ce03e6daa5424ee3d0a18c0d46049b8d3369792d2e4268a78b534112,"[523, 1328, 1022, 1546]",,W,4922,4232,171,ARCHANA DOBE,BJP,,not_identified_for_ps_member_constituency,W,UR,1,Falakata-],4,,candidate_cells:review;reservation_raw:readers_disagree;seat_id:readers_disagree,needs_review
0a9ab5ddfce5ddef6a24,West Bengal,2018,Alipurduar,Falakata,ps_member,,FALAKATA-I/PS-31,"[""FALAKATA-I/PS-31"", ""FALAKATA-I/PS-31"", ""FALAKATA-I/PS-31""]",31,arabic_suffix,data/wb/gp_source_search/alipurduar_2018_results/extracted/FinalResultofPGE2018/ALL GP PS ZP IA TO IIC/FALAKATA/Falakata IIB.PDF,1,9cfdc984ce03e6daa5424ee3d0a18c0d46049b8d3369792d2e4268a78b534112,"[523, 1546, 1022, 1820]",,X,5903,5120,262,SURESH LALA,AITC,,not_identified_for_ps_member_constituency,,,,Falakata-],5,4940,reservation:unresolved;votes:accounting_mismatch,needs_review
217db0097fde3ad1b26e,West Bengal,2018,Alipurduar,Falakata,ps_member,,FALAKATA-I/PS-32,"[""FALAKATA-I/PS-32"", ""FALAKATA-I/PS-32"", ""FALAKATA-I/PS-32""]",32,arabic_suffix,data/wb/gp_source_search/alipurduar_2018_results/extracted/FinalResultofPGE2018/ALL GP PS ZP IA TO IIC/FALAKATA/Falakata IIB.PDF,1,9cfdc984ce03e6daa5424ee3d0a18c0d46049b8d3369792d2e4268a78b534112,"[523, 1820, 1022, 2147]",,X,4775,3853,166,RATAN SARKAR,AITC,,not_identified_for_ps_member_constituency,,,,Falakata-],6,,candidate_cells:review;reservation:unresolved,needs_review
faa1e0e104e7fc64e027,West Bengal,2018,Alipurduar,Falakata,ps_member,7,MAIRADANGA/ PS-18,"[""MAIRADANGA/ PS-18"", ""MAIRADANGA/ PS-18"", ""MAIRADANGA/ PS-18""]",18,arabic_suffix,data/wb/gp_source_search/alipurduar_2018_results/extracted/FinalResultofPGE2018/ALL GP PS ZP IA TO IIC/FALAKATA/Falakata IIB.PDF,1,9cfdc984ce03e6daa5424ee3d0a18c0d46049b8d3369792d2e4268a78b534112,"[523, 2147, 1022, 2311]",,Ww,8124,6869,323,KALPANA BARMAN,AITC,,not_identified_for_ps_member_constituency,W,UR,1,MAIRADANGA,3,6608,reservation_raw:low_ocr_confidence;reservation_raw:readers_disagree;votes:accounting_mismatch,needs_review
e520bf475350e58f35e6,West Bengal,2018,Alipurduar,Falakata,ps_member,8,MAIRADANGA/ PS-19,"[""MAIRADANGA/ PS-19"", ""MAIRADANGA/ PS-19"", ""MAIRADANGA/ PS-19""]",19,arabic_suffix,data/wb/gp_source_search/alipurduar_2018_results/extracted/FinalResultofPGE2018/ALL GP PS ZP IA TO IIC/FALAKATA/Falakata IIB.PDF,1,9cfdc984ce03e6daa5424ee3d0a18c0d46049b8d3369792d2e4268a78b534112,"[523, 2311, 1022, 2475]",,xX,7095,5997,318,SANJIT DAS (SANJOY),AITC,,not_identified_for_ps_member_constituency,,,,MAIRADANGA,3,5749,candidate_cells:review;reservation:unresolved;reservation_raw:low_ocr_confidence;reservation_raw:readers_disagree;votes:accounting_mismatch;winner:not_uniquely_matched,needs_review
67eb55a922d29de24f6c,West Bengal,2018,Alipurduar,Falakata,ps_member,9,MAIRADANGA/ PS-20,"[""MAIRADANGA/ PS-20"", ""MAIRADANGA/ PS-20"", ""MAIRADANGA/ PS-20""]",20,arabic_suffix,data/wb/gp_source_search/alipurduar_2018_results/extracted/FinalResultofPGE2018/ALL GP PS ZP IA TO IIC/FALAKATA/Falakata IIB.PDF,2,9cfdc984ce03e6daa5424ee3d0a18c0d46049b8d3369792d2e4268a78b534112,"[529, 103, 1028, 266]",,SC-W,6706,5899,399,SWAPNA MANDAL,BJP,,not_identified_for_ps_member_constituency,SCW,SC,1,MAIRADANGA,3,5554,candidate_cells:review;votes:accounting_mismatch;winner:party_mismatch,needs_review
e9655e6219b65ec0a0b8,West Bengal,2018,Alipurduar,Falakata,ps_member,10,Guabarnagar/PS-24,"[""Guabarnagar/PS-24"", ""Guabarnagar/PS-24"", ""Guabarnagar/PS-24""]",24,arabic_suffix,data/wb/gp_source_search/alipurduar_2018_results/extracted/FinalResultofPGE2018/ALL GP PS ZP IA TO IIC/FALAKATA/Falakata IIB.PDF,2,9cfdc984ce03e6daa5424ee3d0a18c0d46049b8d3369792d2e4268a78b534112,"[529, 266, 1028, 444]",,SC,7183,6382,363,HARESWAR BARMAN,AITC,,not_identified_for_ps_member_constituency,SC,SC,0,GUABARNAGAR,3,5207,votes:accounting_mismatch;winner_name:readers_disagree,needs_review
edcd4c81bdffa51faf48,West Bengal,2018,Alipurduar,Falakata,ps_member,,Guabarnagar/PS-25,"[""Guabarnagar/PS-25"", ""Guabarnagar/PS-25"", ""Guabarnagar/PS-25""]",25,arabic_suffix,data/wb/gp_source_search/alipurduar_2018_results/extracted/FinalResultofPGE2018/ALL GP PS ZP IA TO IIC/FALAKATA/Falakata IIB.PDF,2,9cfdc984ce03e6daa5424ee3d0a18c0d46049b8d3369792d2e4268a78b534112,"[529, 444, 1028, 624]",,SC W,,6179,215,DURGA RANI SARKAR,AITC,,not_identified_for_ps_member_constituency,SCW,SC,1,GUABARNAGAR,3,6049,candidate_cells:review;electors:readers_disagree;votes:accounting_mismatch;winner_name:readers_disagree,needs_review
56e6905890425ee540c7,West Bengal,2018,Alipurduar,Falakata,ps_member,12,Guabarnagar/PS-26,"[""Guabarnagar/PS-26"", ""Guabarnagar/PS-26"", ""Guabarnagar/PS-26""]",26,arabic_suffix,data/wb/gp_source_search/alipurduar_2018_results/extracted/FinalResultofPGE2018/ALL GP PS ZP IA TO IIC/FALAKATA/Falakata IIB.PDF,2,9cfdc984ce03e6daa5424ee3d0a18c0d46049b8d3369792d2e4268a78b534112,"[529, 624, 1028, 805]",,X,8963,8333,402,GOPAL PADA SARKAR,AITC,,not_identified_for_ps_member_constituency,,,,GUABARNAGAR,3,6491,candidate_cells:review;reservation:unresolved;votes:accounting_mismatch;winner_name:readers_disagree,needs_review
5088d49f341f031a7590,West Bengal,2018,Alipurduar,Falakata,ps_member,13,Deogaon/PS-12,"[""Deogaon/PS-12"", ""Deogaon/PS-12"", ""Deogaon/PS-12""]",12,arabic_suffix,data/wb/gp_source_search/alipurduar_2018_results/extracted/FinalResultofPGE2018/ALL GP PS ZP IA TO IIC/FALAKATA/Falakata IIB.PDF,2,9cfdc984ce03e6daa5424ee3d0a18c0d46049b8d3369792d2e4268a78b534112,"[529, 805, 1028, 1016]",,SC W,7862,7525,437,Chhaya Roy (Dakuya),AITC,,not_identified_for_ps_member_constituency,SCW,SC,1,DEOGAON,3,7088,candidate_cells:review;reservation_raw:low_ocr_confidence;winner_name:readers_disagree,needs_review
2f54137b37e615da8152,West Bengal,2018,Alipurduar,Falakata,ps_member,14,Deogaon/PS-13,"[""Deogaon/PS-13"", ""Deogaon/PS-13"", ""Deogaon/PS-13""]",13,arabic_suffix,data/wb/gp_source_search/alipurduar_2018_results/extracted/FinalResultofPGE2018/ALL GP PS ZP IA TO IIC/FALAKATA/Falakata IIB.PDF,2,9cfdc984ce03e6daa5424ee3d0a18c0d46049b8d3369792d2e4268a78b534112,"[529, 1016, 1028, 1296]",,SC,7427,5802,316,Ranjan Barman,AITC,,not_identified_for_ps_member_constituency,SC,SC,0,DEOGAON,4,5486,candidate_cells:review;winner_party:readers_disagree,needs_review
d32df44423e19c509a3e,West Bengal,2018,Alipurduar,Falakata,ps_member,15,Deogaon/PS-14,"[""Deogaon/PS-14"", ""Deogaon/PS-14"", ""Deogaon/PS-14""]",14,arabic_suffix,data/wb/gp_source_search/alipurduar_2018_results/extracted/FinalResultofPGE2018/ALL GP PS ZP IA TO IIC/FALAKATA/Falakata IIB.PDF,2,9cfdc984ce03e6daa5424ee3d0a18c0d46049b8d3369792d2e4268a78b534112,"[529, 1296, 1028, 1506]",,SC W,6816,5838,267,Sanita Barman (Roy),AITC,,not_identified_for_ps_member_constituency,SCW,SC,1,DEOGAON,3,5571,candidate_cells:review;reservation_raw:readers_disagree;winner_name:readers_disagree,needs_review
6881c2d43666f26cff8e,West Bengal,2018,Alipurduar,Falakata,ps_member,16,DHANIRAMPUR-I/PS-1,"[""DHANIRAMPUR-I/PS-1"", ""DHANIRAMPUR-I/PS-1"", ""DHANIRAMPUR-I/PS-1""]",1,arabic_suffix,data/wb/gp_source_search/alipurduar_2018_results/extracted/FinalResultofPGE2018/ALL GP PS ZP IA TO IIC/FALAKATA/Falakata IIB.PDF,2,9cfdc984ce03e6daa5424ee3d0a18c0d46049b8d3369792d2e4268a78b534112,"[529, 1506, 1028, 1738]",,W,4542,3568,,DIPALI SAIBYA,BJP,,not_identified_for_ps_member_constituency,W,UR,1,DHANIRAMPUR-,3,3344,candidate_cells:review;votes_rejected:readers_disagree,needs_review
1c310b61ba2ec64691a2,West Bengal,2018,Alipurduar,Falakata,ps_member,17,DHANIRAMPUR-I/PS-2,"[""DHANIRAMPUR-I/PS-2"", ""- DHANIRAMPUR-I/PS-2"", ""DHANIRAMPUR-I/PS-2""]",2,arabic_suffix,data/wb/gp_source_search/alipurduar_2018_results/extracted/FinalResultofPGE2018/ALL GP PS ZP IA TO IIC/FALAKATA/Falakata IIB.PDF,2,9cfdc984ce03e6daa5424ee3d0a18c0d46049b8d3369792d2e4268a78b534112,"[529, 1738, 1028, 1903]",,W,6201,5955,280,MALATI ORAON,BJP,,not_identified_for_ps_member_constituency,W,UR,1,DHANIRAMPUR-|!,3,5527,candidate_cells:review;seat_id:readers_disagree;votes:accounting_mismatch,needs_review
33ac4b0f5c2e80fa29dd,West Bengal,2018,Alipurduar,Falakata,ps_member,,DHANIRAMPUR-I/PS-3,"[""DHANIRAMPUR-I/PS-3"", ""DHANIRAMPUR-I/PS-3"", ""DHANIRAMPUR-I/PS-3""]",3,arabic_suffix,data/wb/gp_source_search/alipurduar_2018_results/extracted/FinalResultofPGE2018/ALL GP PS ZP IA TO IIC/FALAKATA/Falakata IIB.PDF,2,9cfdc984ce03e6daa5424ee3d0a18c0d46049b8d3369792d2e4268a78b534112,"[529, 1903, 1028, 2067]",,WwW,3993,3831,280,JAMINI BALA ROY,AITC,,not_identified_for_ps_member_constituency,,,,DHANIRAMPUR-I,3,3575,candidate_cells:review;reservation:unresolved;reservation_raw:readers_disagree;votes:accounting_mismatch,needs_review
9b03c6c3a7bbf96f3cf7,West Bengal,2018,Alipurduar,Falakata,ps_member,19,DHANIRAMPUR II/PS-4,"[""DHANIRAMPURII/PS-4"", ""DHANIRAMPURII/PS-4"", ""DHANIRAMPUR II/PS-4""]",4,arabic_suffix,data/wb/gp_source_search/alipurduar_2018_results/extracted/FinalResultofPGE2018/ALL GP PS ZP IA TO IIC/FALAKATA/Falakata IIB.PDF,3,9cfdc984ce03e6daa5424ee3d0a18c0d46049b8d3369792d2e4268a78b534112,"[528, 106, 1026, 268]",,SC,6477,5550,359,SAGENDRA NATH ROY,CPI(M),,not_identified_for_ps_member_constituency,SC,SC,0,DHANIRAMPUR IJ],3,5120,seat_id:readers_disagree;votes:accounting_mismatch;winner:below_maximum;winner_name:readers_disagree,needs_review
064eb318024c4f1b408b,West Bengal,2018,Alipurduar,Falakata,ps_member,20,DHANIRAMPUR II/PS-5,"[""DHANIRAMPUR I1/PS-5"", ""DHANIRAMPURII/PS-5"", ""DHANIRAMPUR II/PS-5""]",5,arabic_suffix,data/wb/gp_source_search/alipurduar_2018_results/extracted/FinalResultofPGE2018/ALL GP PS ZP IA TO IIC/FALAKATA/Falakata IIB.PDF,3,9cfdc984ce03e6daa5424ee3d0a18c0d46049b8d3369792d2e4268a78b534112,"[528, 268, 1026, 484]",,STW,6143,5328,377,PUSNI MURMU (MARANDI),RSP,,not_identified_for_ps_member_constituency,STW,ST,1,DHANIRAMPUR II,4,,candidate_cells:review;seat_id:readers_disagree;winner_name:readers_disagree,needs_review
4d9a22e958e8e4e9a596,West Bengal,2018,Alipurduar,Falakata,ps_member,21,DHANIRAMPUR II/PS-6,"[""DHANIRAMPURII/PS-6"", ""DHANIRAMPURII/PS-6"", ""DHANIRAMPUR II/PS-6""]",6,arabic_suffix,data/wb/gp_source_search/alipurduar_2018_results/extracted/FinalResultofPGE2018/ALL GP PS ZP IA TO IIC/FALAKATA/Falakata IIB.PDF,3,9cfdc984ce03e6daa5424ee3d0a18c0d46049b8d3369792d2e4268a78b534112,"[528, 484, 1026, 648]",,ST,3831,3343,225,FULDEO UORAO,AITC,,not_identified_for_ps_member_constituency,ST,ST,0,DHANIRAMPUR II,3,3091,candidate_cells:review;seat_id:low_ocr_confidence;seat_id:readers_disagree;votes:accounting_mismatch,needs_review
919bae5da3fe72aae51c,West Bengal,2018,Alipurduar,Falakata,ps_member,22,JATESWAR-II/PS-21,"[""JATESWAR-II/PS-21"", ""JATESWAR-II/PS-21"", ""JATESWAR-II/PS-21""]",21,arabic_suffix,data/wb/gp_source_search/alipurduar_2018_results/extracted/FinalResultofPGE2018/ALL GP PS ZP IA TO IIC/FALAKATA/Falakata IIB.PDF,3,9cfdc984ce03e6daa5424ee3d0a18c0d46049b8d3369792d2e4268a78b534112,"[528, 648, 1026, 868]",,W,7124,6252,265,SHILPI SARKAR,BJP,,not_identified_for_ps_member_constituency,W,UR,1,JATESWAR-II,4,5901,candidate_cells:review;reservation_raw:readers_disagree;votes:accounting_mismatch;winner:party_mismatch,needs_review
fb16736fd59ead023cd7,West Bengal,2018,Alipurduar,Falakata,ps_member,23,JATESWAR-II/PS-22,"[""JATESWAR-II/PS-22"", ""JATESWAR-II/PS-22"", ""JATESWAR-II/PS-22""]",22,arabic_suffix,data/wb/gp_source_search/alipurduar_2018_results/extracted/FinalResultofPGE2018/ALL GP PS ZP IA TO IIC/FALAKATA/Falakata IIB.PDF,3,9cfdc984ce03e6daa5424ee3d0a18c0d46049b8d3369792d2e4268a78b534112,"[528, 868, 1026, 1032]",,SC,4682,4164,160,PRADIP BARMAN,AITC,,not_identified_for_ps_member_constituency,SC,SC,0,JATESWAR-I],3,3988,candidate_cells:review;votes:accounting_mismatch,needs_review
d2c79f51bfce952ec1cb,West Bengal,2018,Alipurduar,Falakata,ps_member,24,JATESWAR-II/PS-23,"[""JATESWAR-II/PS-23"", ""JATESWAR-II/PS-23"", ""JATESWAR-II/PS-23""]",23,arabic_suffix,data/wb/gp_source_search/alipurduar_2018_results/extracted/FinalResultofPGE2018/ALL GP PS ZP IA TO IIC/FALAKATA/Falakata IIB.PDF,3,9cfdc984ce03e6daa5424ee3d0a18c0d46049b8d3369792d2e4268a78b534112,"[528, 1032, 1026, 1196]",,SCW,5834,5207,226,NIRABALA BARMAN,AITC,,not_identified_for_ps_member_constituency,SCW,SC,1,JATESWAR-II,3,4946,candidate_cells:review;votes:accounting_mismatch;winner_name:readers_disagree,needs_review
ec734795cbfd0d18c118,West Bengal,2018,Alipurduar,Falakata,ps_member,25,Dalgaon/PS-7,"[""Dalgaon/PS-7"", ""Dalgaon/PS-7"", ""Dalgaon/PS-7""]",7,arabic_suffix,data/wb/gp_source_search/alipurduar_2018_results/extracted/FinalResultofPGE2018/ALL GP PS ZP IA TO IIC/FALAKATA/Falakata IIB.PDF,3,9cfdc984ce03e6daa5424ee3d0a18c0d46049b8d3369792d2e4268a78b534112,"[528, 1196, 1026, 1414]",,STW,4182,3114,270,Malati Tirkey Nag,AITC,,not_identified_for_ps_member_constituency,STW,ST,1,Dalgaon,4,2844,candidate_cells:review;winner_name:readers_disagree,needs_review
c75f42d921e20ae9f460,West Bengal,2018,Alipurduar,Falakata,ps_member,26,Dalgaon/PS-8,"[""Dalgaon/PS-8"", ""Dalgaon/PS-8"", ""Dalgaon/PS-8""]",8,arabic_suffix,data/wb/gp_source_search/alipurduar_2018_results/extracted/FinalResultofPGE2018/ALL GP PS ZP IA TO IIC/FALAKATA/Falakata IIB.PDF,3,9cfdc984ce03e6daa5424ee3d0a18c0d46049b8d3369792d2e4268a78b534112,"[528, 1414, 1026, 1578]",,W,4947,3987,577,Fulo Toppo,AITC,,not_identified_for_ps_member_constituency,W,UR,1,Dalgaon,3,3410,candidate_cells:review,needs_review
40c630a83aae7f62d826,West Bengal,2018,Alipurduar,Falakata,ps_member,,Jateswar-I/PS-9,"[""Jateswar-I/PS-9"", ""Jateswar-I/PS-9"", ""Jateswar-I/PS-9""]",9,arabic_suffix,data/wb/gp_source_search/alipurduar_2018_results/extracted/FinalResultofPGE2018/ALL GP PS ZP IA TO IIC/FALAKATA/Falakata IIB.PDF,3,9cfdc984ce03e6daa5424ee3d0a18c0d46049b8d3369792d2e4268a78b534112,"[528, 1578, 1026, 1961]",,SC,5105,4485,321,AGHOR NATH ROY,BJP,,not_identified_for_ps_member_constituency,SC,SC,0,JATESWAR-| GP,7,4164,candidate_cells:review;seat_id:low_ocr_confidence;winner:party_mismatch,needs_review
bf010693bb640ba2548d,West Bengal,2018,Alipurduar,Falakata,ps_member,28,Jateswar-I/PS-10,"[""Jateswar-l/PS-10"", ""Jateswar-l/PS-10"", ""Jateswar-I/PS-10""]",10,arabic_suffix,data/wb/gp_source_search/alipurduar_2018_results/extracted/FinalResultofPGE2018/ALL GP PS ZP IA TO IIC/FALAKATA/Falakata IIB.PDF,3,9cfdc984ce03e6daa5424ee3d0a18c0d46049b8d3369792d2e4268a78b534112,"[528, 1961, 1026, 2124]",,W,6855,5951,290,MOUMITA HORE KANTHA,BJP,,not_identified_for_ps_member_constituency,W,UR,1,JATESWAR-I GP,3,5661,candidate_cells:review;seat_id:readers_disagree,needs_review
bc551df43bcaceb43018,West Bengal,2018,Alipurduar,Falakata,ps_member,29,Jateswar-I/PS-11,"[""Jateswar-l/PS-11"", ""Jateswar-I/PS-11"", ""Jateswar-I/PS-11""]",11,arabic_suffix,data/wb/gp_source_search/alipurduar_2018_results/extracted/FinalResultofPGE2018/ALL GP PS ZP IA TO IIC/FALAKATA/Falakata IIB.PDF,4,9cfdc984ce03e6daa5424ee3d0a18c0d46049b8d3369792d2e4268a78b534112,"[512, 110, 1012, 1161]",,X,,4826,340,LALIT KUMAR ROY,BJP,,not_identified_for_ps_member_constituency,,,,JATESWAR-I GP,20,,candidate_cells:review;electors:readers_disagree;reservation:unresolved;seat_id:readers_disagree,needs_review
1877251dec7e6480b918,West Bengal,2018,Alipurduar,Falakata,ps_member,,Parangepar/PS-27,"[""Parangepar/PS-27"", ""Parangepar/PS-27"", """"]",27,arabic_suffix,data/wb/gp_source_search/alipurduar_2018_results/extracted/FinalResultofPGE2018/ALL GP PS ZP IA TO IIC/FALAKATA/Falakata IIB.PDF,4,9cfdc984ce03e6daa5424ee3d0a18c0d46049b8d3369792d2e4268a78b534112,"[512, 1158, 1012, 1537]",,X,4782,4021,282,JATINDRA RAY,AITC,,not_identified_for_ps_member_constituency,,,,,7,3881,candidate_cells:review;reservation:unresolved;reservation_raw:readers_disagree;seat_id:readers_disagree;votes:accounting_mismatch,needs_review
68e4212fea1f37ffc1cb,West Bengal,2018,Alipurduar,Falakata,ps_member,31,Parangepar/PS-28,"[""Parangepar/PS-28"", ""Parangepar/PS-28"", ""Parangepar/PS-28""]",28,arabic_suffix,data/wb/gp_source_search/alipurduar_2018_results/extracted/FinalResultofPGE2018/ALL GP PS ZP IA TO IIC/FALAKATA/Falakata IIB.PDF,5,9cfdc984ce03e6daa5424ee3d0a18c0d46049b8d3369792d2e4268a78b534112,"[528, 100, 1026, 256]",,X,4103,3426,,CHANDRA SHEKHAR SINHA,BJP,,not_identified_for_ps_member_constituency,,,,PARANGERPAR,3,3313,reservation:unresolved;votes_rejected:readers_disagree;winner_name:readers_disagree;winner_party:readers_disagree,needs_review
a266d0efd1df1908929d,West Bengal,2018,Alipurduar,Falakata,ps_member,32,Parangerpar/PS-29,"[""Parangerpar/PS-29"", ""Parangerpar/PS-29"", ""Parangerpar/PS-29""]",29,arabic_suffix,data/wb/gp_source_search/alipurduar_2018_results/extracted/FinalResultofPGE2018/ALL GP PS ZP IA TO IIC/FALAKATA/Falakata IIB.PDF,5,9cfdc984ce03e6daa5424ee3d0a18c0d46049b8d3369792d2e4268a78b534112,"[528, 256, 1026, 570]",,X,3320,2891,50,BALAI AIN,AITC,,not_identified_for_ps_member_constituency,,,,PARANGERPAR,6,2881,candidate_cells:review;reservation:unresolved;votes:accounting_mismatch,needs_review
753073847ff852e61a13,West Bengal,2018,Alipurduar,Falakata,ps_member,33,Falakata-Il/PS-33,"[""Falakata-II/PS-33"", ""Falakata-II/PS-33"", ""Falakata-Il/PS-33""]",33,arabic_suffix,data/wb/gp_source_search/alipurduar_2018_results/extracted/FinalResultofPGE2018/ALL GP PS ZP IA TO IIC/FALAKATA/Falakata IIB.PDF,5,9cfdc984ce03e6daa5424ee3d0a18c0d46049b8d3369792d2e4268a78b534112,"[528, 570, 1026, 742]",,SC,8498,7501,480,PRATIK BISWAS,BJP,,not_identified_for_ps_member_constituency,SC,SC,0,FALAKATA-II GP,3,7085,candidate_cells:review;seat_id:low_ocr_confidence;seat_id:readers_disagree;votes:accounting_mismatch;winner:party_mismatch,needs_review
a56e57d300579dd9b023,West Bengal,2018,Alipurduar,Falakata,ps_member,34,Falakata-II/PS-34,"[""Falakata-ll/PS-34 WR"", ""Falakata-Il/PS-34"", ""Falakata-II/PS-34""]",34,arabic_suffix,data/wb/gp_source_search/alipurduar_2018_results/extracted/FinalResultofPGE2018/ALL GP PS ZP IA TO IIC/FALAKATA/Falakata IIB.PDF,5,9cfdc984ce03e6daa5424ee3d0a18c0d46049b8d3369792d2e4268a78b534112,"[528, 742, 1026, 972]",,sc,10089,8331,435,SANDHYA BISWAS,AITC,,not_identified_for_ps_member_constituency,SC,SC,0,FALAKATA-II GP,4,7962,candidate_cells:review;seat_id:low_ocr_confidence;seat_id:readers_disagree;votes:accounting_mismatch,needs_review
eb20402f70cc913f804b,West Bengal,2018,Alipurduar,Falakata,ps_member,35,Falakata-II/PS-35,"[""Falakata-II/PS-35"", ""Falakata-Il/PS-35"", ""Falakata-II/PS-35""]",35,arabic_suffix,data/wb/gp_source_search/alipurduar_2018_results/extracted/FinalResultofPGE2018/ALL GP PS ZP IA TO IIC/FALAKATA/Falakata IIB.PDF,5,9cfdc984ce03e6daa5424ee3d0a18c0d46049b8d3369792d2e4268a78b534112,"[528, 972, 1026, 1144]",,ST,8763,7453,481,KIRAN KHARIYA,BJP,,not_identified_for_ps_member_constituency,ST,ST,0,FALAKATA-II GP,3,7047,seat_id:low_ocr_confidence;seat_id:readers_disagree;votes:accounting_mismatch,needs_review
c4c7cbd23dea831ea2f6,West Bengal,2018,Alipurduar,Alipurduar-II,ps_member,1,Turturi/PS-1,"[""Turturi/PS-1"", ""Turturi/PS-1"", ""Turturi/PS-1""]",1,arabic_suffix,data/wb/gp_source_search/alipurduar_2018_results/extracted/FinalResultofPGE2018/ALL GP PS ZP IA TO IIC/APD-II/APD-II PS IB AND IIB.PDF,2,3e827a794ed7edd4a6b8353b180aca93c63af471cdb8a9294842d222e1d65e90,"[724, 814, 1103, 1084]",,,3771,3056,209,AMITAVA ROY,AITC,,not_identified_for_ps_member_constituency,,,,Turturi,3,2847,reservation:unresolved,needs_review
4308976f7b5c0722990b,West Bengal,2018,Alipurduar,Alipurduar-II,ps_member,2,Turturi/PS-2,"[""Turturi/PS-2"", ""Turturi/PS-2"", ""Turturi/PS-2""]",2,arabic_suffix,data/wb/gp_source_search/alipurduar_2018_results/extracted/FinalResultofPGE2018/ALL GP PS ZP IA TO IIC/APD-II/APD-II PS IB AND IIB.PDF,2,3e827a794ed7edd4a6b8353b180aca93c63af471cdb8a9294842d222e1d65e90,"[724, 1084, 1103, 1352]",,ST,3795,3055,174,SOPHEN BASUMATA,AITC,,not_identified_for_ps_member_constituency,ST,ST,0,Turturi,3,2881,,automated_checks_passed
b537e762e118b264fc44,West Bengal,2018,Alipurduar,Alipurduar-II,ps_member,3,Turturi/PS-3,"[""Turturi/PS-3"", ""Turturi/PS-3"", ""Turturi/PS-3""]",3,arabic_suffix,data/wb/gp_source_search/alipurduar_2018_results/extracted/FinalResultofPGE2018/ALL GP PS ZP IA TO IIC/APD-II/APD-II PS IB AND IIB.PDF,2,3e827a794ed7edd4a6b8353b180aca93c63af471cdb8a9294842d222e1d65e90,"[724, 1352, 1103, 1621]",,W,4387,3383,,RUMPA ROY (DEBNATH),BJP,,not_identified_for_ps_member_constituency,W,UR,1,Turturi,3,,candidate_cells:review;votes_rejected:readers_disagree,needs_review
67f6dcad1ac1c4d392a7,West Bengal,2018,Alipurduar,Alipurduar-II,ps_member,,Samuktala/PS-4,"[""Samuktala/PS-4"", ""Samuktala/PS-4"", ""Samuktala/PS-4""]",4,arabic_suffix,data/wb/gp_source_search/alipurduar_2018_results/extracted/FinalResultofPGE2018/ALL GP PS ZP IA TO IIC/APD-II/APD-II PS IB AND IIB.PDF,2,3e827a794ed7edd4a6b8353b180aca93c63af471cdb8a9294842d222e1d65e90,"[724, 1621, 1103, 1891]",,,4951,3857,222,GAMALIAL HANSDA,AITC,,not_identified_for_ps_member_constituency,,,,Samuktala,3,3635,candidate_cells:review;reservation:unresolved,needs_review
c08f0b1ca04a0e2135d5,West Bengal,2018,Alipurduar,Alipurduar-II,ps_member,,Samuktala/PS-5,"[""Samuktala/PS-5"", ""Samuktala/PS-5"", ""Samuktala/PS-5""]",5,arabic_suffix,data/wb/gp_source_search/alipurduar_2018_results/extracted/FinalResultofPGE2018/ALL GP PS ZP IA TO IIC/APD-II/APD-II PS IB AND IIB.PDF,2,3e827a794ed7edd4a6b8353b180aca93c63af471cdb8a9294842d222e1d65e90,"[724, 1891, 1103, 2158]",,W,6695,5673,357,ERINA DEBNATH (MAITRA),AITC,,not_identified_for_ps_member_constituency,W,UR,1,Samuktala,3,5316,candidate_cells:review,needs_review
27111f1c05eae67d294c,West Bengal,2018,Alipurduar,Alipurduar-II,ps_member,6,Samuktala/PS-6,"[""Samuktala/PS-6"", ""Samuktala/PS-6"", ""Samuktala/PS-6""]",6,arabic_suffix,data/wb/gp_source_search/alipurduar_2018_results/extracted/FinalResultofPGE2018/ALL GP PS ZP IA TO IIC/APD-II/APD-II PS IB AND IIB.PDF,2,3e827a794ed7edd4a6b8353b180aca93c63af471cdb8a9294842d222e1d65e90,"[724, 2158, 1103, 2426]",,,5335,4426,251,AMIT SARKAR (BAPI),BJP,,not_identified_for_ps_member_constituency,,,,Samuktala,3,4175,reservation:unresolved,needs_review
bc3d6a8998bd03139bc9,West Bengal,2018,Alipurduar,Alipurduar-II,ps_member,7,Kohinoor/PS-7,"[""Kohinoor/PS-7"", ""Kohinoor/PS-7"", ""Kohinoor/PS-7""]",7,arabic_suffix,data/wb/gp_source_search/alipurduar_2018_results/extracted/FinalResultofPGE2018/ALL GP PS ZP IA TO IIC/APD-II/APD-II PS IB AND IIB.PDF,3,3e827a794ed7edd4a6b8353b180aca93c63af471cdb8a9294842d222e1d65e90,"[721, 538, 1094, 808]",,STW,4407,3519,299,ANIMA LOHARA,BJP,,not_identified_for_ps_member_constituency,STW,ST,1,Kohinoor,3,,candidate_cells:review;winner:party_mismatch,needs_review
7348e46b77bedc544997,West Bengal,2018,Alipurduar,Alipurduar-II,ps_member,8,Kohinoor/PS-8,"[""Kohinoor/PS-8"", ""Kohinoor/PS-8"", ""Kohinoor/PS-8""]",8,arabic_suffix,data/wb/gp_source_search/alipurduar_2018_results/extracted/FinalResultofPGE2018/ALL GP PS ZP IA TO IIC/APD-II/APD-II PS IB AND IIB.PDF,3,3e827a794ed7edd4a6b8353b180aca93c63af471cdb8a9294842d222e1d65e90,"[721, 808, 1094, 1023]",,ST,4332,3596,187,JUSTIN ORAON,BJP,,not_identified_for_ps_member_constituency,ST,ST,0,Kohinoor,3,3409,,automated_checks_passed
e9307e03b4ac605bd968,West Bengal,2018,Alipurduar,Alipurduar-II,ps_member,9,Mahakalguri/PS-9,"[""Mahakalguri/PS-9"", ""Mahakalguri/PS-9"", ""Mahakalguri/PS-9""]",9,arabic_suffix,data/wb/gp_source_search/alipurduar_2018_results/extracted/FinalResultofPGE2018/ALL GP PS ZP IA TO IIC/APD-II/APD-II PS IB AND IIB.PDF,3,3e827a794ed7edd4a6b8353b180aca93c63af471cdb8a9294842d222e1d65e90,"[721, 1023, 1094, 1182]",,STW,6748,5672,215,RANJANA BASUMATA,AITC,,not_identified_for_ps_member_constituency,STW,ST,1,Mahakalguri,3,5457,,automated_checks_passed
ce0b86664e2990b7e1de,West Bengal,2018,Alipurduar,Alipurduar-II,ps_member,10,Mahakalguri/PS-10,"[""Mahakalguri/PS-10"", ""Mahakalguri/PS-10"", ""Mahakalguri/PS-10""]",10,arabic_suffix,data/wb/gp_source_search/alipurduar_2018_results/extracted/FinalResultofPGE2018/ALL GP PS ZP IA TO IIC/APD-II/APD-II PS IB AND IIB.PDF,3,3e827a794ed7edd4a6b8353b180aca93c63af471cdb8a9294842d222e1d65e90,"[721, 1182, 1094, 1340]",,sc,6610,5761,231,GAYATRI BISWAS,AITC,,not_identified_for_ps_member_constituency,SC,SC,0,Mahakalguri,3,5530,,automated_checks_passed
487cff66445fcde32fae,West Bengal,2018,Alipurduar,Alipurduar-II,ps_member,11,Mahakalguri/PS-1 1,"[""Mahakalguri/PS-11"", ""Mahakalguri/PS-1 1"", ""Mahakalguri/PS-1 1""]",,,data/wb/gp_source_search/alipurduar_2018_results/extracted/FinalResultofPGE2018/ALL GP PS ZP IA TO IIC/APD-II/APD-II PS IB AND IIB.PDF,3,3e827a794ed7edd4a6b8353b180aca93c63af471cdb8a9294842d222e1d65e90,"[721, 1340, 1094, 1552]",,Ww,5622,5060,257,NANDINI ROY,AITC,,not_identified_for_ps_member_constituency,W,UR,1,Mahakalguri,4,,candidate_cells:review;seat_id:low_ocr_confidence;seat_id:number_unresolved;seat_id:readers_disagree,needs_review
1b98911ca0ee304bf7ae,West Bengal,2018,Alipurduar,Alipurduar-II,ps_member,12,Tatpara-l/PS-12,"[""Tatpara-I/PS-12"", ""Tatpara-I/PS-12"", ""Tatpara-l/PS-12""]",12,arabic_suffix,data/wb/gp_source_search/alipurduar_2018_results/extracted/FinalResultofPGE2018/ALL GP PS ZP IA TO IIC/APD-II/APD-II PS IB AND IIB.PDF,3,3e827a794ed7edd4a6b8353b180aca93c63af471cdb8a9294842d222e1d65e90,"[721, 1552, 1094, 1766]",,SCW,4050,3660,182,PURNIMA DAS,AITC,,not_identified_for_ps_member_constituency,SCW,SC,1,Tatpara-,4,3478,seat_id:readers_disagree,needs_review
98868251fa341c05981b,West Bengal,2018,Alipurduar,Alipurduar-II,ps_member,,-Tatnara-l/PS.13,"[""Tatpara-/PS-13_-"", ""Tatnara-l/PS-13"", ""-Tatnara-l/PS.13""]",,,data/wb/gp_source_search/alipurduar_2018_results/extracted/FinalResultofPGE2018/ALL GP PS ZP IA TO IIC/APD-II/APD-II PS IB AND IIB.PDF,3,3e827a794ed7edd4a6b8353b180aca93c63af471cdb8a9294842d222e1d65e90,"[721, 1766, 1094, 1978]",,,,3280,,PARIMAL DAS ~,AITC,,not_identified_for_ps_member_constituency,,,,Tatnara-!,4,3153,candidate_cells:review;electors:readers_disagree;electors:unread_numeric;reservation:unresolved;seat_id:low_ocr_confidence;seat_id:number_unresolved;seat_id:readers_disagree;votes_rejected:readers_disagree;winner_name:low_ocr_confidence;winner_name:readers_disagree,needs_review
7a4049b9c5bd592f44c3,West Bengal,2018,Alipurduar,Alipurduar-II,ps_member,14,Tatpara-I/PS-14,"[""Tatpara-l/PS-14"", ""Tatpara-I/PS-14"", ""Tatpara-I/PS-14""]",14,arabic_suffix,data/wb/gp_source_search/alipurduar_2018_results/extracted/FinalResultofPGE2018/ALL GP PS ZP IA TO IIC/APD-II/APD-II PS IB AND IIB.PDF,3,3e827a794ed7edd4a6b8353b180aca93c63af471cdb8a9294842d222e1d65e90,"[721, 1978, 1094, 2188]",,Sc,4352,3920,188,NALINI RANJAN RAY,AITC,,not_identified_for_ps_member_constituency,SC,SC,0,Tatpara-,4,3732,candidate_cells:review;seat_id:readers_disagree,needs_review
b6b77bc1d63e13a3061f,West Bengal,2018,Alipurduar,Alipurduar-II,ps_member,15,Bhatibari/PS-15,"[""Bhatibari/PS-15"", ""Bhatibari/PS-15"", ""Bhatibari/PS-15""]",15,arabic_suffix,data/wb/gp_source_search/alipurduar_2018_results/extracted/FinalResultofPGE2018/ALL GP PS ZP IA TO IIC/APD-II/APD-II PS IB AND IIB.PDF,3,3e827a794ed7edd4a6b8353b180aca93c63af471cdb8a9294842d222e1d65e90,"[721, 2188, 1094, 2346]",,SCW,6685,5882,347,ALPANA SARKAR,AITC,,not_identified_for_ps_member_constituency,SCW,SC,1,Bhatibari,3,5535,,automated_checks_passed
6a10f1091cc2195e0b2c,West Bengal,2018,Alipurduar,Alipurduar-II,ps_member,16,Bhatibari/PS-16,"[""Bhatibari/PS-16"", ""Bhatibari/PS-16"", ""Bhatibari/PS-16""]",16,arabic_suffix,data/wb/gp_source_search/alipurduar_2018_results/extracted/FinalResultofPGE2018/ALL GP PS ZP IA TO IIC/APD-II/APD-II PS IB AND IIB.PDF,4,3e827a794ed7edd4a6b8353b180aca93c63af471cdb8a9294842d222e1d65e90,"[717, 538, 1095, 752]",,SC,5801,5136,263,JYOTI DAS (ADHIKARY),AITC,,not_identified_for_ps_member_constituency,SC,SC,0,Bhatibari,4,4873,,automated_checks_passed
c5507cde9966cc6514a2,West Bengal,2018,Alipurduar,Alipurduar-II,ps_member,,Bhatibari/PS-17,"[""Bhatibari/PS-17"", ""Bhatibari/PS-17"", ""Bhatibari/PS-17""]",17,arabic_suffix,data/wb/gp_source_search/alipurduar_2018_results/extracted/FinalResultofPGE2018/ALL GP PS ZP IA TO IIC/APD-II/APD-II PS IB AND IIB.PDF,4,3e827a794ed7edd4a6b8353b180aca93c63af471cdb8a9294842d222e1d65e90,"[717, 752, 1095, 912]",,W,5847,5257,235,NAMITA TALUKDAR,AITC,,not_identified_for_ps_member_constituency,W,UR,1,Bhatibari,3,,candidate_cells:review;reservation_raw:readers_disagree,needs_review
f708181bcb9a76eec581,West Bengal,2018,Alipurduar,Alipurduar-II,ps_member,18,Parokata/PS-18,"[""Parokata/PS-18"", ""Parokata/PS-18"", ""Parokata/PS-18""]",18,arabic_suffix,data/wb/gp_source_search/alipurduar_2018_results/extracted/FinalResultofPGE2018/ALL GP PS ZP IA TO IIC/APD-II/APD-II PS IB AND IIB.PDF,4,3e827a794ed7edd4a6b8353b180aca93c63af471cdb8a9294842d222e1d65e90,"[717, 912, 1095, 1072]",,,6300,5634,263,BHELU SARKAR,AITC,,not_identified_for_ps_member_constituency,,,,Parokata,3,5371,reservation:unresolved,needs_review
0f65717c79e246a037b2,West Bengal,2018,Alipurduar,Alipurduar-II,ps_member,19,Parokata/PS-19,"[""Parokata/PS-19"", ""Parokata/PS-19"", ""Parokata/PS-19""]",19,arabic_suffix,data/wb/gp_source_search/alipurduar_2018_results/extracted/FinalResultofPGE2018/ALL GP PS ZP IA TO IIC/APD-II/APD-II PS IB AND IIB.PDF,4,3e827a794ed7edd4a6b8353b180aca93c63af471cdb8a9294842d222e1d65e90,"[717, 1072, 1095, 1178]",,ScW,,5017,273,DIPIKA SINGH,AITC,,not_identified_for_ps_member_constituency,SCW,SC,1,Parokata,2,4744,candidate_cells:review;electors:readers_disagree;reservation_raw:low_ocr_confidence;winner:party_mismatch,needs_review
0a401c7ed70280796a6a,West Bengal,2018,Alipurduar,Alipurduar-II,ps_member,20,Parokata/PS-20,"[""Parokata/PS-20"", ""Parokata/PS-20"", ""Parokata/PS-20""]",20,arabic_suffix,data/wb/gp_source_search/alipurduar_2018_results/extracted/FinalResultofPGE2018/ALL GP PS ZP IA TO IIC/APD-II/APD-II PS IB AND IIB.PDF,4,3e827a794ed7edd4a6b8353b180aca93c63af471cdb8a9294842d222e1d65e90,"[717, 1178, 1095, 1336]",,Sc,6018,5285,340,BHARAT CH ADHIKARY,BJP,,not_identified_for_ps_member_constituency,SC,SC,0,Parokata,3,4945,,automated_checks_passed
339e6a02b6afaff02f5a,West Bengal,2018,Alipurduar,Alipurduar-II,ps_member,21,Majherdabri/PS-21,"[""Majherdabri/PS-21"", ""Majherdabri/PS-21"", ""Majherdabri/PS-21""]",21,arabic_suffix,data/wb/gp_source_search/alipurduar_2018_results/extracted/FinalResultofPGE2018/ALL GP PS ZP IA TO IIC/APD-II/APD-II PS IB AND IIB.PDF,4,3e827a794ed7edd4a6b8353b180aca93c63af471cdb8a9294842d222e1d65e90,"[717, 1336, 1095, 1548]",,STW,7789,6546,402,NAMITA SANGMA(NARJINARY),AITC,,not_identified_for_ps_member_constituency,STW,ST,1,Majherdabri,4,,candidate_cells:review,needs_review
17ecd06d782bc974eab2,West Bengal,2018,Alipurduar,Alipurduar-II,ps_member,22,Majherdabri/PS-22,"[""Majherdabri/PS-22"", ""Majherdabri/PS-22"", ""Majherdabri/PS-22""]",22,arabic_suffix,data/wb/gp_source_search/alipurduar_2018_results/extracted/FinalResultofPGE2018/ALL GP PS ZP IA TO IIC/APD-II/APD-II PS IB AND IIB.PDF,4,3e827a794ed7edd4a6b8353b180aca93c63af471cdb8a9294842d222e1d65e90,"[717, 1548, 1095, 1708]",,Ww,7939,6839,322,PRATIMA MAHATO,AITC,,not_identified_for_ps_member_constituency,W,UR,1,Majherdabri,3,6517,reservation_raw:low_ocr_confidence;reservation_raw:readers_disagree,needs_review
c8b6bc54f8795b3044ca,West Bengal,2018,Alipurduar,Alipurduar-II,ps_member,,Majherdabri/PS-23,"[""Majherdabri/PS-23"", ""Majherdabri/PS-23"", ""Majherdabri/PS-23""]",23,arabic_suffix,data/wb/gp_source_search/alipurduar_2018_results/extracted/FinalResultofPGE2018/ALL GP PS ZP IA TO IIC/APD-II/APD-II PS IB AND IIB.PDF,4,3e827a794ed7edd4a6b8353b180aca93c63af471cdb8a9294842d222e1d65e90,"[717, 1708, 1095, 1974]",,SC,7634,6595,388,SRIKRISHNA CHANDRA MALLIK,AITC,,not_identified_for_ps_member_constituency,SC,SC,0,Majherdabri,5,6210,candidate_cells:review;votes:accounting_mismatch,needs_review
ec9dc45e55ac63979593,West Bengal,2018,Alipurduar,Alipurduar-II,ps_member,24,Tatpara-II/PS-24,"[""Tatpara-Il/PS-24"", ""Tatpara-ll/PS-24"", ""Tatpara-II/PS-24""]",24,arabic_suffix,data/wb/gp_source_search/alipurduar_2018_results/extracted/FinalResultofPGE2018/ALL GP PS ZP IA TO IIC/APD-II/APD-II PS IB AND IIB.PDF,4,3e827a794ed7edd4a6b8353b180aca93c63af471cdb8a9294842d222e1d65e90,"[717, 1974, 1095, 2184]",,,3760,3422,155,SUDIP PAL,AITC,,not_identified_for_ps_member_constituency,,,,Tatpara-Il,4,3267,candidate_cells:review;reservation:unresolved;seat_id:readers_disagree,needs_review
4afb95b00110066a7451,West Bengal,2018,Alipurduar,Alipurduar-II,ps_member,25,Tatpara-I/PS-25,"[""Tatpara-Il/PS-25"", ""Tatpara-II/PS-25"", ""Tatpara-I/PS-25""]",25,arabic_suffix,data/wb/gp_source_search/alipurduar_2018_results/extracted/FinalResultofPGE2018/ALL GP PS ZP IA TO IIC/APD-II/APD-II PS IB AND IIB.PDF,4,3e827a794ed7edd4a6b8353b180aca93c63af471cdb8a9294842d222e1d65e90,"[717, 2184, 1095, 2342]",,Ww,4199,3753,154,KALPANA DEBNATH,AITC,,not_identified_for_ps_member_constituency,W,UR,1,Tatpara-ll,3,3599,reservation_raw:low_ocr_confidence;reservation_raw:readers_disagree;seat_id:low_ocr_confidence;seat_id:readers_disagree,needs_review
d2ecc9ff0e80c1f16b5f,West Bengal,2018,Alipurduar,Alipurduar-II,ps_member,26,Tatpara-ll/PS-26,"[""Tatpara-II/PS-26"", ""Tatpara-Il/PS-26"", ""Tatpara-ll/PS-26""]",26,arabic_suffix,data/wb/gp_source_search/alipurduar_2018_results/extracted/FinalResultofPGE2018/ALL GP PS ZP IA TO IIC/APD-II/APD-II PS IB AND IIB.PDF,5,3e827a794ed7edd4a6b8353b180aca93c63af471cdb8a9294842d222e1d65e90,"[722, 544, 1096, 704]",,SCW,,3103,,MALLIKA RAY(DAS),AITC,,not_identified_for_ps_member_constituency,SCW,SC,1,Tatpara-ll,3,2977,candidate_cells:review;electors:readers_disagree;seat_id:low_ocr_confidence;seat_id:readers_disagree;votes_rejected:readers_disagree,needs_review
a18bc9c35f41acf33256,West Bengal,2018,Alipurduar,Alipurduar-II,ps_member,27,Chaparerpar-\/PS-27,"[""Chaparerpar-/PS-27"", ""Chaparerpar-/PS-27"", ""Chaparerpar-\\/PS-27""]",27,arabic_suffix,data/wb/gp_source_search/alipurduar_2018_results/extracted/FinalResultofPGE2018/ALL GP PS ZP IA TO IIC/APD-II/APD-II PS IB AND IIB.PDF,5,3e827a794ed7edd4a6b8353b180aca93c63af471cdb8a9294842d222e1d65e90,"[722, 704, 1096, 865]",,,5452,4891,242,DILIP KUMAR ROY,AITC,,not_identified_for_ps_member_constituency,,,,Chaparerpar-l,3,4649,reservation:unresolved;seat_id:low_ocr_confidence;seat_id:readers_disagree,needs_review
5f3597b8604c8c96a4e4,West Bengal,2018,Alipurduar,Alipurduar-II,ps_member,28,Chaparerpar-l/PS-28,"[""Chaparerpar-I/PS-28"", ""Chaparerpar-I/PS-28"", ""Chaparerpar-l/PS-28""]",28,arabic_suffix,data/wb/gp_source_search/alipurduar_2018_results/extracted/FinalResultofPGE2018/ALL GP PS ZP IA TO IIC/APD-II/APD-II PS IB AND IIB.PDF,5,3e827a794ed7edd4a6b8353b180aca93c63af471cdb8a9294842d222e1d65e90,"[722, 865, 1096, 1025]",,W,5992,5367,371,BHASWATI DAS (ROY) (TUMPA),AITC,,not_identified_for_ps_member_constituency,W,UR,1,Chaparerpar-!,3,4996,seat_id:low_ocr_confidence;seat_id:readers_disagree,needs_review
cb2d685f0e1dc6f0ee56,West Bengal,2018,Alipurduar,Alipurduar-II,ps_member,29,Chaparerpar-l/PS-29,"[""Chaparerpar-l/PS-29"", ""Chaparerpar-l/PS-29"", ""Chaparerpar-l/PS-29""]",29,arabic_suffix,data/wb/gp_source_search/alipurduar_2018_results/extracted/FinalResultofPGE2018/ALL GP PS ZP IA TO IIC/APD-II/APD-II PS IB AND IIB.PDF,5,3e827a794ed7edd4a6b8353b180aca93c63af471cdb8a9294842d222e1d65e90,"[722, 1025, 1096, 1184]",,,4230,3416,157,ANUP DAS,AITC,,not_identified_for_ps_member_constituency,,,,Chaparerpar-l,3,3259,reservation:unresolved;seat_id:low_ocr_confidence,needs_review
21d5f19479ca8b25ab8e,West Bengal,2018,Alipurduar,Alipurduar-II,ps_member,30,Chaparerpar-Il/PS-30,"[""Chaparerpar-ll/PS-30"", ""Chaparerpar-ll/PS-30"", ""Chaparerpar-Il/PS-30""]",30,arabic_suffix,data/wb/gp_source_search/alipurduar_2018_results/extracted/FinalResultofPGE2018/ALL GP PS ZP IA TO IIC/APD-II/APD-II PS IB AND IIB.PDF,5,3e827a794ed7edd4a6b8353b180aca93c63af471cdb8a9294842d222e1d65e90,"[722, 1184, 1096, 1342]",,Ww,5015,4408,238,SABITA DAS(DEBSINGHA),AITC,,not_identified_for_ps_member_constituency,W,UR,1,Chaparerpar-ll,3,4170,reservation_raw:readers_disagree;seat_id:low_ocr_confidence;seat_id:readers_disagree,needs_review
c844e317a9e0c33f6f5c,West Bengal,2018,Alipurduar,Alipurduar-II,ps_member,31,Chaparerpar-Il/PS-31,"[""Chaparerpar-Il/PS-31"", ""Chaparerpar-It/PS-31"", ""Chaparerpar-Il/PS-31""]",31,arabic_suffix,data/wb/gp_source_search/alipurduar_2018_results/extracted/FinalResultofPGE2018/ALL GP PS ZP IA TO IIC/APD-II/APD-II PS IB AND IIB.PDF,5,3e827a794ed7edd4a6b8353b180aca93c63af471cdb8a9294842d222e1d65e90,"[722, 1342, 1096, 1554]",,SC,4269,3908,165,MANORANJAN ROY,AITC,,not_identified_for_ps_member_constituency,SC,SC,0,Chaparerpar-ll,4,3743,seat_id:readers_disagree,needs_review
98c4128ceb148487f2cf,West Bengal,2018,Alipurduar,Alipurduar-II,ps_member,32,Chaparerpar-Il/PS-32,"[""Chaparerpar-II/PS-32"", ""Chaparerpar-Il/PS-32"", ""Chaparerpar-Il/PS-32""]",32,arabic_suffix,data/wb/gp_source_search/alipurduar_2018_results/extracted/FinalResultofPGE2018/ALL GP PS ZP IA TO IIC/APD-II/APD-II PS IB AND IIB.PDF,5,3e827a794ed7edd4a6b8353b180aca93c63af471cdb8a9294842d222e1d65e90,"[722, 1554, 1096, 1714]",,scw,3745,3387,86,BANASRI DAS,AITC,,not_identified_for_ps_member_constituency,SCW,SC,1,Chaparerpar-ll,3,3301,seat_id:low_ocr_confidence;seat_id:readers_disagree,needs_review
a5f8e0f64bc6540cd784,West Bengal,2018,Alipurduar,Kalchini,ps_member,1,Jaigaon-Il/PS-1,"[""Jaigaon-Il/PS-1"", ""Jaigaon-Il/PS-1"", ""Jaigaon-Il/PS-1""]",1,arabic_suffix,data/wb/gp_source_search/alipurduar_2018_results/extracted/FinalResultofPGE2018/ALL GP PS ZP IA TO IIC/KALCHINI/KALCHINI PS IB AND IIB.PDF,2,280e1e3d6167a47db52178b0b2fd082d318771a07d3fc78f8ae05715ce8922c9,"[509, 750, 896, 1114]",,sc,6168,4397,252,DAYAL SARKAR,AITC,,not_identified_for_ps_member_constituency,SC,SC,0,Kalchini,4,,candidate_cells:review;seat_id:low_ocr_confidence,needs_review
60c216cf1278f609dcf3,West Bengal,2018,Alipurduar,Kalchini,ps_member,,Jaigaon-II/PS-2,"[""Jaigaon-I/PS-2"", ""Jaigaon-I/PS-2"", ""Jaigaon-II/PS-2""]",2,arabic_suffix,data/wb/gp_source_search/alipurduar_2018_results/extracted/FinalResultofPGE2018/ALL GP PS ZP IA TO IIC/KALCHINI/KALCHINI PS IB AND IIB.PDF,2,280e1e3d6167a47db52178b0b2fd082d318771a07d3fc78f8ae05715ce8922c9,"[509, 1114, 896, 1406]",,Ww,7491,6026,317,SITA DEVI RAY,AITC,,not_identified_for_ps_member_constituency,W,UR,1,Kalchini,4,,candidate_cells:review;reservation_raw:low_ocr_confidence;reservation_raw:readers_disagree;seat_id:low_ocr_confidence;seat_id:readers_disagree;winner_name:readers_disagree,needs_review
07a2cac9d48987201f10,West Bengal,2018,Alipurduar,Kalchini,ps_member,3,Jaigaon-Il/PS-3,"[""Jaigaon-ll/PS-3"", ""Jaigaon-Il/PS-3"", ""Jaigaon-Il/PS-3""]",3,arabic_suffix,data/wb/gp_source_search/alipurduar_2018_results/extracted/FinalResultofPGE2018/ALL GP PS ZP IA TO IIC/KALCHINI/KALCHINI PS IB AND IIB.PDF,2,280e1e3d6167a47db52178b0b2fd082d318771a07d3fc78f8ae05715ce8922c9,"[509, 1406, 896, 1532]",,scw,10596,7499,405,ARUNA PARIYAR (SAHA),AITC,,not_identified_for_ps_member_constituency,SCW,SC,1,Kalchini,3,,candidate_cells:review;seat_id:low_ocr_confidence;seat_id:readers_disagree,needs_review
1c0238e8de9109ae58ab,West Bengal,2018,Alipurduar,Kalchini,ps_member,4,Jaigaon-I/PS-4,"[""; Jaigaon-I/PS-4"", "". Jaigaon-l/PS-4 UP."", ""Jaigaon-I/PS-4""]",4,arabic_suffix,data/wb/gp_source_search/alipurduar_2018_results/extracted/FinalResultofPGE2018/ALL GP PS ZP IA TO IIC/KALCHINI/KALCHINI PS IB AND IIB.PDF,2,280e1e3d6167a47db52178b0b2fd082d318771a07d3fc78f8ae05715ce8922c9,"[509, 1532, 896, 1614]",,Ww,8333,6025,468,SUSHMA PRADHAN,BJP,,not_identified_for_ps_member_constituency,W,UR,1,Kalchini,2,,candidate_cells:review;reservation_raw:readers_disagree;seat_id:low_ocr_confidence;seat_id:readers_disagree,needs_review
de2a1515dcbbd62e9782,West Bengal,2018,Alipurduar,Kalchini,ps_member,,Jaigaon-I/PS-5,"[""Jaigaon-l/PS-5"", ""Jaigaon-l/PS-5"", ""Jaigaon-I/PS-5""]",5,arabic_suffix,data/wb/gp_source_search/alipurduar_2018_results/extracted/FinalResultofPGE2018/ALL GP PS ZP IA TO IIC/KALCHINI/KALCHINI PS IB AND IIB.PDF,2,280e1e3d6167a47db52178b0b2fd082d318771a07d3fc78f8ae05715ce8922c9,"[509, 1614, 896, 1740]",,ST,12436,9365,640,ROSHAN ORAON,AITC,,not_identified_for_ps_member_constituency,ST,ST,0,Kalchini,3,8748,candidate_cells:review;seat_id:low_ocr_confidence;seat_id:readers_disagree;votes:accounting_mismatch,needs_review
e72edd026ee47d0b73f2,West Bengal,2018,Alipurduar,Kalchini,ps_member,6,Jaigaon-I/PS-6,"[""; Jaigaon-/PS-6 -PS-"", ""; Jaigaon-l/PS-6 -PS-"", ""Jaigaon-I/PS-6""]",6,arabic_suffix,data/wb/gp_source_search/alipurduar_2018_results/extracted/FinalResultofPGE2018/ALL GP PS ZP IA TO IIC/KALCHINI/KALCHINI PS IB AND IIB.PDF,2,280e1e3d6167a47db52178b0b2fd082d318771a07d3fc78f8ae05715ce8922c9,"[509, 1740, 896, 1908]",,Ww,2688,2104,133,SUBANI TIRKEY,AITC,,not_identified_for_ps_member_constituency,W,UR,1,Kalchini,4,1978,candidate_cells:review;electors:single_reader;reservation_raw:readers_disagree;seat_id:low_ocr_confidence;seat_id:readers_disagree;votes:accounting_mismatch;votes_polled:single_reader;winner_name:readers_disagree,needs_review
f1cd27e96a742134f42d,West Bengal,2018,Alipurduar,Kalchini,ps_member,7,Dalsingpara/PS-7,"[""; Dalsingpara/PS-7 :"", ""; Dalsingpara/PS-7 E"", ""Dalsingpara/PS-7""]",7,arabic_suffix,data/wb/gp_source_search/alipurduar_2018_results/extracted/FinalResultofPGE2018/ALL GP PS ZP IA TO IIC/KALCHINI/KALCHINI PS IB AND IIB.PDF,2,280e1e3d6167a47db52178b0b2fd082d318771a07d3fc78f8ae05715ce8922c9,"[509, 1908, 896, 1990]",,STW,3100,2239,178,RINA THAPA (LIMBU),AITC,,not_identified_for_ps_member_constituency,STW,ST,1,Katchini,2,,candidate_cells:review;electors:single_reader;seat_id:readers_disagree;votes_polled:single_reader,needs_review
968f55f82f0014e7124f,West Bengal,2018,Alipurduar,Kalchini,ps_member,8,Dalsingpara/PS-8,"[""! ; Dalsingpara/PS-8 /PS-"", ""! , Dalsingpara/PS-8 /PS-"", ""Dalsingpara/PS-8""]",8,arabic_suffix,data/wb/gp_source_search/alipurduar_2018_results/extracted/FinalResultofPGE2018/ALL GP PS ZP IA TO IIC/KALCHINI/KALCHINI PS IB AND IIB.PDF,2,280e1e3d6167a47db52178b0b2fd082d318771a07d3fc78f8ae05715ce8922c9,"[509, 1990, 896, 2072]",,UR,5154,3731,299,RAJESH CHHETRI,BJP,,not_identified_for_ps_member_constituency,UR,UR,0,Kalchini,2,3444,candidate_cells:review;electors:single_reader;reservation_raw:readers_disagree;seat_id:readers_disagree;votes:accounting_mismatch;winner_name:low_ocr_confidence,needs_review
be4e1446012fe7a288be,West Bengal,2018,Alipurduar,Kalchini,ps_member,9,Chuapara/PS-10,"[""Chuapara/PS-10"", ""Chuapara/PS-10"", ""Chuapara/PS-10""]",10,arabic_suffix,data/wb/gp_source_search/alipurduar_2018_results/extracted/FinalResultofPGE2018/ALL GP PS ZP IA TO IIC/KALCHINI/KALCHINI PS IB AND IIB.PDF,2,280e1e3d6167a47db52178b0b2fd082d318771a07d3fc78f8ae05715ce8922c9,"[509, 2072, 896, 2192]",,Ww,4565,3658,256,USHA LAMA,AITC,,not_identified_for_ps_member_constituency,W,UR,1,Kalchini,2,3430,candidate_cells:review;reservation_raw:low_ocr_confidence;votes:accounting_mismatch,needs_review
2fbb96e4949df2fd5117,West Bengal,2018,Alipurduar,Kalchini,ps_member,,~huapara/PS-12,"[""Chuapara/PS-12"", ""Chuapara/PS-12"", ""~huapara/PS-12""]",12,arabic_suffix,data/wb/gp_source_search/alipurduar_2018_results/extracted/FinalResultofPGE2018/ALL GP PS ZP IA TO IIC/KALCHINI/KALCHINI PS IB AND IIB.PDF,3,280e1e3d6167a47db52178b0b2fd082d318771a07d3fc78f8ae05715ce8922c9,"[507, 102, 890, 186]",,STW,6966,5314,386,NAINA LAMA,AITC,,not_identified_for_ps_member_constituency,STW,ST,1,<axchini,2,,candidate_cells:review;seat_id:low_ocr_confidence;seat_id:readers_disagree;winner_name:readers_disagree;winner_party:readers_disagree,needs_review
840973c03176c77bfb64,West Bengal,2018,Alipurduar,Kalchini,ps_member,12,Vialangi/PS-13,"[""; Malangi/PS-13"", ""i Malangi/PS-13"", ""Vialangi/PS-13""]",13,arabic_suffix,data/wb/gp_source_search/alipurduar_2018_results/extracted/FinalResultofPGE2018/ALL GP PS ZP IA TO IIC/KALCHINI/KALCHINI PS IB AND IIB.PDF,3,280e1e3d6167a47db52178b0b2fd082d318771a07d3fc78f8ae05715ce8922c9,"[507, 186, 890, 350]",,ST,6434,5040,,SURESH TIRKI,BJP,,not_identified_for_ps_member_constituency,ST,ST,0,<alchini,4,,candidate_cells:review;electors:single_reader;reservation_raw:readers_disagree;seat_id:readers_disagree;votes_polled:single_reader;votes_rejected:readers_disagree;winner_name:low_ocr_confidence;winner_name:readers_disagree;winner_party:readers_disagree,needs_review
048c3e5acd59303b569e,West Bengal,2018,Alipurduar,Kalchini,ps_member,,Malangi/PS-14,"[""Malangi/PS-14"", ""Malangi/PS-14"", ""Malangi/PS-14""]",14,arabic_suffix,data/wb/gp_source_search/alipurduar_2018_results/extracted/FinalResultofPGE2018/ALL GP PS ZP IA TO IIC/KALCHINI/KALCHINI PS IB AND IIB.PDF,3,280e1e3d6167a47db52178b0b2fd082d318771a07d3fc78f8ae05715ce8922c9,"[507, 350, 890, 551]",,STW,9443,7243,680,ROSHNI KACHHAP,BJP,,not_identified_for_ps_member_constituency,STW,ST,1,Kalchini,4,,candidate_cells:review;winner_name:readers_disagree,needs_review
b19b63e9352bd5cb07e1,West Bengal,2018,Alipurduar,Kalchini,ps_member,,Malangi/PS-15,"[""Malangi/PS-15"", ""Malangi/PS-15"", ""Malangi/PS-15""]",15,arabic_suffix,data/wb/gp_source_search/alipurduar_2018_results/extracted/FinalResultofPGE2018/ALL GP PS ZP IA TO IIC/KALCHINI/KALCHINI PS IB AND IIB.PDF,3,280e1e3d6167a47db52178b0b2fd082d318771a07d3fc78f8ae05715ce8922c9,"[507, 551, 890, 714]",,ST,9142,6884,,JOSEPH ORAON (KUJUR,AITC,,not_identified_for_ps_member_constituency,ST,ST,0,Kalchini,3,,candidate_cells:review;votes_rejected:readers_disagree;winner_name:readers_disagree,needs_review
5a8e488521ca9f942f42,West Bengal,2018,Alipurduar,Kalchini,ps_member,15,Satali/PS-16,"[""Satali/PS-16"", ""Satali/PS-16"", ""Satali/PS-16""]",16,arabic_suffix,data/wb/gp_source_search/alipurduar_2018_results/extracted/FinalResultofPGE2018/ALL GP PS ZP IA TO IIC/KALCHINI/KALCHINI PS IB AND IIB.PDF,3,280e1e3d6167a47db52178b0b2fd082d318771a07d3fc78f8ae05715ce8922c9,"[507, 714, 890, 839]",,SCW,5093,4010,199,KUSUM BISWAKARMA,AITC,,not_identified_for_ps_member_constituency,SCW,SC,1,Kalchini,3,3840,candidate_cells:review;votes:accounting_mismatch;winner_name:readers_disagree,needs_review
d28c54c56a61f2c84ab5,West Bengal,2018,Alipurduar,Kalchini,ps_member,,Satali/PS-17,"[""Satali/PS-17"", ""Satali/PS-17"", ""Satali/PS-17""]",17,arabic_suffix,data/wb/gp_source_search/alipurduar_2018_results/extracted/FinalResultofPGE2018/ALL GP PS ZP IA TO IIC/KALCHINI/KALCHINI PS IB AND IIB.PDF,3,280e1e3d6167a47db52178b0b2fd082d318771a07d3fc78f8ae05715ce8922c9,"[507, 839, 890, 964]",,Ww,6074,5312,345,RAJKUMARI TIRKEY,AITC,,not_identified_for_ps_member_constituency,W,UR,1,Kalchini,3,4607,candidate_cells:review;reservation_raw:readers_disagree;votes:accounting_mismatch,needs_review
e871fadd0b3fb33883ee,West Bengal,2018,Alipurduar,Kalchini,ps_member,17,Satali/PS-18,"[""Satali/PS-18"", ""Satali/PS-18"", ""Satali/PS-18""]",18,arabic_suffix,data/wb/gp_source_search/alipurduar_2018_results/extracted/FinalResultofPGE2018/ALL GP PS ZP IA TO IIC/KALCHINI/KALCHINI PS IB AND IIB.PDF,3,280e1e3d6167a47db52178b0b2fd082d318771a07d3fc78f8ae05715ce8922c9,"[507, 964, 890, 1084]",,w,4229,3224,240,NIRALI ORAON,AITC,,not_identified_for_ps_member_constituency,W,UR,1,Kalchini,2,3005,candidate_cells:review;votes:accounting_mismatch,needs_review
aebd9b82508598966beb,West Bengal,2018,Alipurduar,Kalchini,ps_member,,Kalchini/PS-19,"[""Kalchini/PS-19"", ""Kalchini/PS-19"", ""Kalchini/PS-19""]",19,arabic_suffix,data/wb/gp_source_search/alipurduar_2018_results/extracted/FinalResultofPGE2018/ALL GP PS ZP IA TO IIC/KALCHINI/KALCHINI PS IB AND IIB.PDF,3,280e1e3d6167a47db52178b0b2fd082d318771a07d3fc78f8ae05715ce8922c9,"[507, 1084, 890, 1208]",,WwW,7223,5641,393,ARATI LAMA,AITC,,not_identified_for_ps_member_constituency,,,,Kalchini,3,5278,candidate_cells:review;reservation:unresolved;reservation_raw:low_ocr_confidence;reservation_raw:readers_disagree;votes:accounting_mismatch,needs_review
21180c5d5d6128f83de8,West Bengal,2018,Alipurduar,Kalchini,ps_member,,Kalchini/PS-20,"[""= Ichini/PS-20"", ""ro Kalchini/PS-20"", ""Kalchini/PS-20""]",20,arabic_suffix,data/wb/gp_source_search/alipurduar_2018_results/extracted/FinalResultofPGE2018/ALL GP PS ZP IA TO IIC/KALCHINI/KALCHINI PS IB AND IIB.PDF,3,280e1e3d6167a47db52178b0b2fd082d318771a07d3fc78f8ae05715ce8922c9,"[507, 1208, 890, 1292]",,UR,8528,6677,405,RAJ KUMAR BHUJEL,AITC,,not_identified_for_ps_member_constituency,UR,UR,0,Kalchini,2,,candidate_cells:review;seat_id:readers_disagree;winner_name:readers_disagree,needs_review
7efaf6a697d3f9386e41,West Bengal,2018,Alipurduar,Kalchini,ps_member,20,Kalchini/PS-21,"[""Kalchini/PS-24"", ""Kalchini/PS-21"", ""Kalchini/PS-21""]",,,data/wb/gp_source_search/alipurduar_2018_results/extracted/FinalResultofPGE2018/ALL GP PS ZP IA TO IIC/KALCHINI/KALCHINI PS IB AND IIB.PDF,3,280e1e3d6167a47db52178b0b2fd082d318771a07d3fc78f8ae05715ce8922c9,"[507, 1292, 890, 1416]",,UR,,6443,348,PREM LAMA,AITC,,not_identified_for_ps_member_constituency,UR,UR,0,Kalchini,3,6189,candidate_cells:review;electors:readers_disagree;seat_id:number_unresolved;seat_id:numeric_readers_disagree;seat_id:readers_disagree;votes:accounting_mismatch;winner_name:readers_disagree,needs_review
788de8c9bbaf2eb56052,West Bengal,2018,Alipurduar,Kalchini,ps_member,21,Garopara/PS-22,"[""Garopara/PS-22"", ""Garopara/PS-22"", ""Garopara/PS-22""]",22,arabic_suffix,data/wb/gp_source_search/alipurduar_2018_results/extracted/FinalResultofPGE2018/ALL GP PS ZP IA TO IIC/KALCHINI/KALCHINI PS IB AND IIB.PDF,3,280e1e3d6167a47db52178b0b2fd082d318771a07d3fc78f8ae05715ce8922c9,"[507, 1416, 890, 1540]",,UR,7997,,472,RABI CHIK BARAIK,AITC,,not_identified_for_ps_member_constituency,UR,UR,0,Kalchini,3,5786,candidate_cells:review;votes_polled:readers_disagree;winner_name:readers_disagree,needs_review
43ee9d1137b860854f5d,West Bengal,2018,Alipurduar,Kalchini,ps_member,,Garopara/PS-23,"[""Garopara/PS-23"", ""Garopara/PS-23"", ""Garopara/PS-23""]",23,arabic_suffix,data/wb/gp_source_search/alipurduar_2018_results/extracted/FinalResultofPGE2018/ALL GP PS ZP IA TO IIC/KALCHINI/KALCHINI PS IB AND IIB.PDF,3,280e1e3d6167a47db52178b0b2fd082d318771a07d3fc78f8ae05715ce8922c9,"[507, 1540, 890, 1741]",,UR,7613,6080,380,DEEPAK ROSHAN SURIN,BJP,,not_identified_for_ps_member_constituency,UR,UR,0,Kalchini,3,5730,candidate_cells:review;votes:accounting_mismatch,needs_review
13e7eae8ec3d025c342f,West Bengal,2018,Alipurduar,Kalchini,ps_member,,Garopara/PS-24,"[""Garopara/PS-24"", ""Garopara/PS-24"", ""Garopara/PS-24""]",24,arabic_suffix,data/wb/gp_source_search/alipurduar_2018_results/extracted/FinalResultofPGE2018/ALL GP PS ZP IA TO IIC/KALCHINI/KALCHINI PS IB AND IIB.PDF,3,280e1e3d6167a47db52178b0b2fd082d318771a07d3fc78f8ae05715ce8922c9,"[507, 1741, 890, 1986]",,UR,5391,4303,204,TAPHIL KHARIYA,BJP,,not_identified_for_ps_member_constituency,UR,UR,0,Kalchini,5,,candidate_cells:review;winner_name:readers_disagree,needs_review
0b7476cd0b7f284bc51f,West Bengal,2018,Alipurduar,Kalchini,ps_member,24,Mendabari/PS-25,"[""Mendabari/PS-2 pos"", ""Mendabari/PS- ps"", ""Mendabari/PS-25""]",25,arabic_suffix,data/wb/gp_source_search/alipurduar_2018_results/extracted/FinalResultofPGE2018/ALL GP PS ZP IA TO IIC/KALCHINI/KALCHINI PS IB AND IIB.PDF,3,280e1e3d6167a47db52178b0b2fd082d318771a07d3fc78f8ae05715ce8922c9,"[507, 1986, 890, 2184]",,UR,5636,4576,246,JYOTSNA (HAZARI) SUBA,AITC,,not_identified_for_ps_member_constituency,UR,UR,0,Kalchini,3,,candidate_cells:review;electors:single_reader;reservation_raw:readers_disagree;seat_id:readers_disagree;votes_polled:single_reader;votes_rejected:single_reader;winner_name:readers_disagree;winner_party:readers_disagree,needs_review
54af86649692c80f9ed7,West Bengal,2018,Alipurduar,Kalchini,ps_member,,Mendabari/PS-26,"[""Mendabari/PS-26"", ""Mendabari/PS-26"", ""Mendabari/PS-26""]",26,arabic_suffix,data/wb/gp_source_search/alipurduar_2018_results/extracted/FinalResultofPGE2018/ALL GP PS ZP IA TO IIC/KALCHINI/KALCHINI PS IB AND IIB.PDF,3,280e1e3d6167a47db52178b0b2fd082d318771a07d3fc78f8ae05715ce8922c9,"[507, 2184, 890, 2306]",,UR,,2419,116,SANU KHARIYA,INC,,not_identified_for_ps_member_constituency,UR,UR,0,,3,2334,candidate_cells:review;electors:readers_disagree;votes:accounting_mismatch;winner_name:readers_disagree,needs_review
19accfb7df509b5d8786,West Bengal,2018,Alipurduar,Kalchini,ps_member,,Mendabari/PS-27,"[""Mendabari/PS-27"", ""Mendabari/PS-27"", ""Mendabari/PS-27""]",27,arabic_suffix,data/wb/gp_source_search/alipurduar_2018_results/extracted/FinalResultofPGE2018/ALL GP PS ZP IA TO IIC/KALCHINI/KALCHINI PS IB AND IIB.PDF,4,280e1e3d6167a47db52178b0b2fd082d318771a07d3fc78f8ae05715ce8922c9,"[500, 60, 893, 184]",,UR,2677,2343,140,LAXMI RAVA KARJEE,AITC,,not_identified_for_ps_member_constituency,UR,UR,0,Kalch ini,3,2210,candidate_cells:review;layout:missing_leading_columns;votes:accounting_mismatch;winner_name:readers_disagree,needs_review
13d00f871499ce3d727d,West Bengal,2018,Alipurduar,Kalchini,ps_member,,Latabari/PS-28,"[""Latabari/PS-28"", ""Latabari/PS-28"", ""Latabari/PS-28""]",28,arabic_suffix,data/wb/gp_source_search/alipurduar_2018_results/extracted/FinalResultofPGE2018/ALL GP PS ZP IA TO IIC/KALCHINI/KALCHINI PS IB AND IIB.PDF,4,280e1e3d6167a47db52178b0b2fd082d318771a07d3fc78f8ae05715ce8922c9,"[500, 184, 893, 308]",,UR,9651,7664,444,DHARAMBIR JHA,BJP,,not_identified_for_ps_member_constituency,UR,UR,0,Kalchini,3,7273,candidate_cells:review;layout:missing_leading_columns;votes:accounting_mismatch;winner_party:readers_disagree,needs_review
321d0d19963b6c922aaa,West Bengal,2018,Alipurduar,Kalchini,ps_member,,Latabari/PS-29,"[""Latabari/PS-29"", ""Latabari/PS-29 ."", ""Latabari/PS-29""]",29,arabic_suffix,data/wb/gp_source_search/alipurduar_2018_results/extracted/FinalResultofPGE2018/ALL GP PS ZP IA TO IIC/KALCHINI/KALCHINI PS IB AND IIB.PDF,4,280e1e3d6167a47db52178b0b2fd082d318771a07d3fc78f8ae05715ce8922c9,"[500, 308, 893, 472]",,UR,5856,4876,162,PRAVAT MUKHERJI,AITC,,not_identified_for_ps_member_constituency,UR,UR,0,Kalchini,4,4714,candidate_cells:review;layout:missing_leading_columns;seat_id:readers_disagree;winner_name:low_ocr_confidence,needs_review
d32ba29c99ea783baa9c,West Bengal,2018,Alipurduar,Kalchini,ps_member,,Latabari/PS-30,"[""Latabari/PS-30"", ""Latabari/PS-30"", ""Latabari/PS-30""]",30,arabic_suffix,data/wb/gp_source_search/alipurduar_2018_results/extracted/FinalResultofPGE2018/ALL GP PS ZP IA TO IIC/KALCHINI/KALCHINI PS IB AND IIB.PDF,4,280e1e3d6167a47db52178b0b2fd082d318771a07d3fc78f8ae05715ce8922c9,"[500, 472, 893, 596]",,UR,5071,4239,186,RINKU SARKAR,BJP,,not_identified_for_ps_member_constituency,UR,UR,0,Katchini,3,4118,candidate_cells:review;layout:missing_leading_columns;votes:accounting_mismatch;winner_name:readers_disagree;winner_party:readers_disagree,needs_review
4a3dc90b62f12ff4a9d5,West Bengal,2018,Alipurduar,Kalchini,ps_member,,Rajabhatkhawa/PS-31,"[""; Rajabhatkhawa/PS-31"", "". Rajabhatkhawa/PS-31"", ""Rajabhatkhawa/PS-31""]",31,arabic_suffix,data/wb/gp_source_search/alipurduar_2018_results/extracted/FinalResultofPGE2018/ALL GP PS ZP IA TO IIC/KALCHINI/KALCHINI PS IB AND IIB.PDF,4,280e1e3d6167a47db52178b0b2fd082d318771a07d3fc78f8ae05715ce8922c9,"[500, 596, 893, 679]",,UR,5394,4030,,PINK! RABHA,AITC,,not_identified_for_ps_member_constituency,UR,UR,0,Kalchini,2,3828,candidate_cells:review;layout:missing_leading_columns;seat_id:readers_disagree;votes_rejected:readers_disagree;winner_name:low_ocr_confidence;winner_name:readers_disagree,needs_review
a0030c40d92e63bb3328,West Bengal,2018,Alipurduar,Kalchini,ps_member,,Rajabhatkhawa/PS-32,"[""Rajabhatkhawa/PS-32"", ""Rajabhatkhawa/PS-32"", ""Rajabhatkhawa/PS-32""]",32,arabic_suffix,data/wb/gp_source_search/alipurduar_2018_results/extracted/FinalResultofPGE2018/ALL GP PS ZP IA TO IIC/KALCHINI/KALCHINI PS IB AND IIB.PDF,4,280e1e3d6167a47db52178b0b2fd082d318771a07d3fc78f8ae05715ce8922c9,"[500, 679, 893, 804]",,UR,4069,3327,128,ANIMA TIRKEY,AITC,,not_identified_for_ps_member_constituency,UR,UR,0,Kalchini,3,3205,candidate_cells:review;layout:missing_leading_columns;votes:accounting_mismatch,needs_review
8c0ad9de332c2c9ab015,West Bengal,2018,Alipurduar,Kumargram,ps_member,6,Rydak/PS-VI,"[""Rydak/PS-VI"", ""Rydak/PS-VI1"", ""Rydak/PS-VI""]",,,data/wb/gp_source_search/alipurduar_2018_results/extracted/FinalResultofPGE2018/ALL GP PS ZP IA TO IIC/KUMARGRAM/KUMAR PS IB AND IIB PART1.PDF,1,c4c410742823792623b4ec4ee0b0dd8af42aea09e7f84fd5960ef321603cb033,"[594, 504, 1038, 784]",,ST,3787,2914,184,BASIL TIRKEE,BJP,,not_identified_for_ps_member_constituency,ST,ST,0,Rydak/PS-VI,4,2730,seat_id:number_unresolved;seat_id:readers_disagree,needs_review
65920ce4ffeede5c4e97,West Bengal,2018,Alipurduar,Kumargram,ps_member,7,Newlands Kumargram Sankosh/PS-VI,"[""Newlands Kumargram Sankosh/PS-VII"", ""Newlands Kumargram Sankosh/PS-VII"", ""Newlands Kumargram Sankosh/PS-VI""]",,,data/wb/gp_source_search/alipurduar_2018_results/extracted/FinalResultofPGE2018/ALL GP PS ZP IA TO IIC/KUMARGRAM/KUMAR PS IB AND IIB PART1.PDF,1,c4c410742823792623b4ec4ee0b0dd8af42aea09e7f84fd5960ef321603cb033,"[594, 784, 1038, 1055]",,Women,4584,3594,282,MANJEELA LAMA,AITC,,not_identified_for_ps_member_constituency,W,UR,1,Newlands Kumargram Sankosh/PS-VIL,3,3282,candidate_cells:review;seat_id:low_ocr_confidence;seat_id:number_unresolved;seat_id:readers_disagree;votes:accounting_mismatch,needs_review
913bfce154023b07162a,West Bengal,2018,Alipurduar,Kumargram,ps_member,8,Newlands Kumargram Sankosh/PS-VII],"[""Newlands Kumargram, = Sankosh/PS-VIIT"", ""Newlands Kumargram Sankosh/PS-VIII"", ""Newlands Kumargram Sankosh/PS-VII]""]",,,data/wb/gp_source_search/alipurduar_2018_results/extracted/FinalResultofPGE2018/ALL GP PS ZP IA TO IIC/KUMARGRAM/KUMAR PS IB AND IIB PART1.PDF,1,c4c410742823792623b4ec4ee0b0dd8af42aea09e7f84fd5960ef321603cb033,"[594, 1055, 1038, 1344]",,ST Women,4652,3534,195,REHENA KACHCHHAP URAO,BJP,,not_identified_for_ps_member_constituency,STW,ST,1,Newlands Kumargram Sankosh/PS-VUI,3,3339,reservation_raw:readers_disagree;seat_id:low_ocr_confidence;seat_id:number_unresolved;seat_id:readers_disagree;winner_name:readers_disagree;winner_party:readers_disagree,needs_review
b476ccdc8dc2e124b879,West Bengal,2018,Alipurduar,Kumargram,ps_member,9,Newlands Kumargram Sankosh/PS-IX,"["". Newlands Kumargram Ine SeieiTS"", ""Newlands Kumargram Sankosh/PSAX."", ""Newlands Kumargram Sankosh/PS-IX""]",,,data/wb/gp_source_search/alipurduar_2018_results/extracted/FinalResultofPGE2018/ALL GP PS ZP IA TO IIC/KUMARGRAM/KUMAR PS IB AND IIB PART1.PDF,1,c4c410742823792623b4ec4ee0b0dd8af42aea09e7f84fd5960ef321603cb033,"[594, 1380, 1038, 1627]",,ST,5065,3914,252,BENEDICT KHARIA,AITC,,not_identified_for_ps_member_constituency,ST,ST,0,Newlands Kumargram Sankosh/PS-IX,3,,candidate_cells:review;seat_id:number_unresolved;seat_id:readers_disagree;winner_name:readers_disagree;winner_party:readers_disagree,needs_review
8f0bea6ebae4dacd9a36,West Bengal,2018,Alipurduar,Kumargram,ps_member,,Kumargramn/PS-%,"[""Kumargram/PS-X"", ""Kumargramn/PS-x"", ""Kumargramn/PS-%""]",,,data/wb/gp_source_search/alipurduar_2018_results/extracted/FinalResultofPGE2018/ALL GP PS ZP IA TO IIC/KUMARGRAM/KUMAR PS IB AND IIB PART1.PDF,1,c4c410742823792623b4ec4ee0b0dd8af42aea09e7f84fd5960ef321603cb033,"[594, 1627, 1038, 1879]",,SC Women,,5497,314,DIPTI ROY (BARMAN),BJP,,not_identified_for_ps_member_constituency,SCW,SC,1,Kuinaige au/PS=X,3,5183,candidate_cells:review;electors:readers_disagree;seat_id:low_ocr_confidence;seat_id:number_unresolved;seat_id:readers_disagree;winner_name:readers_disagree,needs_review
b65188a154b263422853,West Bengal,2018,Alipurduar,Kumargram,ps_member,,Kumargram/PS-X],"[""Kumargram/PS-X1"", ""Kumargram/PS-X1"", ""Kumargram/PS-X]""]",,,data/wb/gp_source_search/alipurduar_2018_results/extracted/FinalResultofPGE2018/ALL GP PS ZP IA TO IIC/KUMARGRAM/KUMAR PS IB AND IIB PART1.PDF,1,c4c410742823792623b4ec4ee0b0dd8af42aea09e7f84fd5960ef321603cb033,"[594, 1898, 1038, 2165]",,Unreserved,5560,4618,313,PRAHALAD MOKTAN,BJP,,not_identified_for_ps_member_constituency,UR,UR,0,Kumargram/PS-XI],3,4167,seat_id:low_ocr_confidence;seat_id:number_unresolved;seat_id:readers_disagree;votes:accounting_mismatch,needs_review
ff37430a13479989c5aa,West Bengal,2018,Alipurduar,Kumargram,ps_member,12,i¥ - Kumargram/PS-XII,"[""i Kumargram/PS-XII"", ""% Kumargram/PS-XII"", ""i¥ - Kumargram/PS-XII""]",,,data/wb/gp_source_search/alipurduar_2018_results/extracted/FinalResultofPGE2018/ALL GP PS ZP IA TO IIC/KUMARGRAM/KUMAR PS IB AND IIB PART1.PDF,2,c4c410742823792623b4ec4ee0b0dd8af42aea09e7f84fd5960ef321603cb033,"[596, 500, 1044, 862]",,SC,6022,5101,273,RATHIN DAS,BJP,,not_identified_for_ps_member_constituency,SC,SC,0,Kumargran/PS-XII % /,4,4828,seat_id:low_ocr_confidence;seat_id:number_unresolved;seat_id:readers_disagree,needs_review
46f6f589277ec2e09d1d,West Bengal,2018,Alipurduar,Kumargram,ps_member,13,Chengmari/PS-X1H,"[""Chengmari/PS-X1H"", ""Chengmari/PS-XIH"", ""Chengmari/PS-X1H""]",,,data/wb/gp_source_search/alipurduar_2018_results/extracted/FinalResultofPGE2018/ALL GP PS ZP IA TO IIC/KUMARGRAM/KUMAR PS IB AND IIB PART1.PDF,2,c4c410742823792623b4ec4ee0b0dd8af42aea09e7f84fd5960ef321603cb033,"[596, 862, 1044, 1132]",,Women,5209,4348,205,PRITI LATA BARMAN (RAY SARKAR),BJP,,not_identified_for_ps_member_constituency,W,UR,1,Chengmari/PS-XI]],3,4143,seat_id:number_unresolved;seat_id:readers_disagree;winner_name:low_ocr_confidence;winner_name:readers_disagree,needs_review
83315c90700f71ca43e6,West Bengal,2018,Alipurduar,Kumargram,ps_member,,Chengmari/PS-X1V,"[""Chengmari/PS-X1V"", ""Chengmari/PS-XIV"", ""Chengmari/PS-X1V""]",,,data/wb/gp_source_search/alipurduar_2018_results/extracted/FinalResultofPGE2018/ALL GP PS ZP IA TO IIC/KUMARGRAM/KUMAR PS IB AND IIB PART1.PDF,2,c4c410742823792623b4ec4ee0b0dd8af42aea09e7f84fd5960ef321603cb033,"[596, 1132, 1044, 1492]",,ST Women,5336,4553,249,AMITA BASUMATA (DAS),BJP,,not_identified_for_ps_member_constituency,STW,ST,1,Chengmari/PS-XIV,4,4304,candidate_cells:review;seat_id:low_ocr_confidence;seat_id:number_unresolved;seat_id:readers_disagree,needs_review
af05ec61eb9ef9c4b8d5,West Bengal,2018,Alipurduar,Kumargram,ps_member,15,Volka Barobisha No-I/PS- XV,"[""Volka BarobishaNo-V/PS- | | XV"", ""Volka Barobisha NOWBS- XV"", ""Volka Barobisha No-I/PS- XV""]",,,data/wb/gp_source_search/alipurduar_2018_results/extracted/FinalResultofPGE2018/ALL GP PS ZP IA TO IIC/KUMARGRAM/KUMAR PS IB AND IIB PART1.PDF,2,c4c410742823792623b4ec4ee0b0dd8af42aea09e7f84fd5960ef321603cb033,"[596, 1492, 1044, 1763]",,Unreserved,5662,5062,271,BABU LAL SAHA,BuP,,not_identified_for_ps_member_constituency,UR,UR,0,Volka Barobisha No- [/PS-XV,3,4791,candidate_cells:review;reservation_raw:readers_disagree;seat_id:number_unresolved;seat_id:readers_disagree;winner:party_mismatch,needs_review
eb75b2905b416cd7743a,West Bengal,2018,Alipurduar,Kumargram,ps_member,16,Volka Barobisha No-I/PS- XVI,"[""Sole’ No-|/PS= soba"", ""No-_Volka.B soba No-\\/PS-"", ""Volka Barobisha No-I/PS- XVI""]",,,data/wb/gp_source_search/alipurduar_2018_results/extracted/FinalResultofPGE2018/ALL GP PS ZP IA TO IIC/KUMARGRAM/KUMAR PS IB AND IIB PART1.PDF,2,c4c410742823792623b4ec4ee0b0dd8af42aea09e7f84fd5960ef321603cb033,"[596, 1763, 1044, 2034]",,sc,7365,6381,418,BHABANI PRASAD BARMAN,BJP,,not_identified_for_ps_member_constituency,SC,SC,0,Volka Barobisha No- I/PS-XVI,3,,candidate_cells:review;reservation_raw:low_ocr_confidence;reservation_raw:multiple_field_cells;reservation_raw:readers_disagree;seat_id:low_ocr_confidence;seat_id:number_unresolved;seat_id:readers_disagree,needs_review
b58d7bc51a5537622783,West Bengal,2018,Alipurduar,Alipurduar-I,ps_member,22,Patlakhawa/PS-7,"[""Patlakhawa/PS-7"", ""Patlakhawa/PS-7"", ""Patlakhawa/PS-7""]",7,arabic_suffix,data/wb/gp_source_search/alipurduar_2018_results/extracted/FinalResultofPGE2018/ALL GP PS ZP IA TO IIC/APD-I/ANX-IB.PDF,2,b75ee19efec3b1dace3b31f485950ddd1bcc21ada6a9cdba29638bae3c484eb3,"[806, 523, 1212, 629]",,ST,5264,,,LALITA ORAON,AITC,,not_identified_for_ps_member_constituency,ST,ST,0,o 2 £ rs FS,1,,candidate_cells:review;votes_polled:unread_numeric;votes_rejected:unread_numeric,needs_review
37c74625b43274dc1fb7,West Bengal,2018,Alipurduar,Alipurduar-I,ps_member,23,Patlakhawa/PS-8,"[""Patlakhawa/PS-8"", ""Patlakhawa/PS-8"", ""Patlakhawa/PS-8""]",8,arabic_suffix,data/wb/gp_source_search/alipurduar_2018_results/extracted/FinalResultofPGE2018/ALL GP PS ZP IA TO IIC/APD-I/ANX-IB.PDF,2,b75ee19efec3b1dace3b31f485950ddd1bcc21ada6a9cdba29638bae3c484eb3,"[806, 629, 1212, 740]",,sc,4724,,,PRATIMA RAY (BARMAN,AITC,,not_identified_for_ps_member_constituency,SC,SC,0,o 2 £ rs FS,1,,candidate_cells:review;votes_polled:unread_numeric;votes_rejected:unread_numeric,needs_review
808f248d46803e0b1330,West Bengal,2018,Alipurduar,Alipurduar-I,ps_member,,Chakowakheti/PS-9,"[""Chakowakheti/PS-9"", ""Chakowakheti/PS-9"", ""Chakowakheti/PS-9""]",9,arabic_suffix,data/wb/gp_source_search/alipurduar_2018_results/extracted/FinalResultofPGE2018/ALL GP PS ZP IA TO IIC/APD-I/ANX-IB.PDF,3,b75ee19efec3b1dace3b31f485950ddd1bcc21ada6a9cdba29638bae3c484eb3,"[794, 518, 1200, 620]",,SC-WOMAN,6826,5827,,SUCHITRA ROY,BJP,,not_identified_for_ps_member_constituency,SCW,SC,1,3 = 0 3 2 oO x= oO,2,,candidate_cells:review;votes_rejected:readers_disagree;winner_party:low_ocr_confidence;winner_party:readers_disagree,needs_review
e3fb2d0e904e2376dc55,West Bengal,2018,Alipurduar,Alipurduar-I,ps_member,,Chakowakheti/PS-10,"[""Chakowakheti/PS-10"", ""Chakowakheti/PS-10"", ""Chakowakheti/PS-10""]",10,arabic_suffix,data/wb/gp_source_search/alipurduar_2018_results/extracted/FinalResultofPGE2018/ALL GP PS ZP IA TO IIC/APD-I/ANX-IB.PDF,3,b75ee19efec3b1dace3b31f485950ddd1bcc21ada6a9cdba29638bae3c484eb3,"[794, 620, 1200, 760]",,UR,6899,5942,354,PRAMILA ROY,AITC,,not_identified_for_ps_member_constituency,UR,UR,0,3 = 0 3 2 oO x= oO,3,5588,candidate_cells:review,needs_review
66759a30af79465df2b5,West Bengal,2018,Alipurduar,Alipurduar-I,ps_member,,Chakowakheti/PS-11,"[""Chakowakheti/PS-11"", ""Chakowakheti/PS-11"", ""Chakowakheti/PS-11""]",11,arabic_suffix,data/wb/gp_source_search/alipurduar_2018_results/extracted/FinalResultofPGE2018/ALL GP PS ZP IA TO IIC/APD-I/ANX-IB.PDF,3,b75ee19efec3b1dace3b31f485950ddd1bcc21ada6a9cdba29638bae3c484eb3,"[794, 760, 1200, 946]",,SC,6974,6032,,JAYANTA DEB SINGHA,AITC,,not_identified_for_ps_member_constituency,SC,SC,0,3 = 0 3 2 oO x= oO,4,5654,candidate_cells:review;votes_rejected:readers_disagree,needs_review
4081d5d7158216e963cf,West Bengal,2018,Alipurduar,Alipurduar-I,ps_member,,Mathura/PS-12,"[""Mathura/PS-12"", ""Mathura/PS-12"", ""Mathura/PS-12""]",12,arabic_suffix,data/wb/gp_source_search/alipurduar_2018_results/extracted/FinalResultofPGE2018/ALL GP PS ZP IA TO IIC/APD-I/ANX-IB.PDF,4,b75ee19efec3b1dace3b31f485950ddd1bcc21ada6a9cdba29638bae3c484eb3,"[796, 509, 1200, 610]",,ST-WOMAN,4291,3459,220,PRIYANKA ORAON,AITC,,not_identified_for_ps_member_constituency,STW,ST,1,5 es S,2,3239,candidate_cells:review;votes_rejected:single_reader,needs_review
90f86eb4aec94bcd09e0,West Bengal,2018,Alipurduar,Alipurduar-I,ps_member,,Mathura/PS-13,"[""Mathura/PS-13"", ""Mathura/PS-13"", ""Mathura/PS-13""]",13,arabic_suffix,data/wb/gp_source_search/alipurduar_2018_results/extracted/FinalResultofPGE2018/ALL GP PS ZP IA TO IIC/APD-I/ANX-IB.PDF,4,b75ee19efec3b1dace3b31f485950ddd1bcc21ada6a9cdba29638bae3c484eb3,"[796, 610, 1200, 750]",,UR,3510,2929,158,SUBRATA SARKAR(ALO),AITC,,not_identified_for_ps_member_constituency,UR,UR,0,5 es S,3,2771,,automated_checks_passed
120a0680d37aef1e153c,West Bengal,2018,Alipurduar,Alipurduar-I,ps_member,,Tapshikhata/PS-14,"[""Tapshikhata/PS-14"", ""Tapshikhata/PS-14"", ""Tapshikhata/PS-14""]",14,arabic_suffix,data/wb/gp_source_search/alipurduar_2018_results/extracted/FinalResultofPGE2018/ALL GP PS ZP IA TO IIC/APD-I/ANX-IB.PDF,5,b75ee19efec3b1dace3b31f485950ddd1bcc21ada6a9cdba29638bae3c484eb3,"[792, 508, 1199, 702]",,WOMAN,4797,3768,228,BHARATI ROY,AITC,,not_identified_for_ps_member_constituency,W,UR,1,i] = a Fi,4,3540,candidate_cells:review;votes_rejected:single_reader,needs_review
7a9b547044a70fc48f65,West Bengal,2018,Alipurduar,Alipurduar-I,ps_member,,Tapshikhata/PS-15,"[""Tapshikhata/PS-15"", ""Tapshikhata/PS-15"", ""Tapshikhata/PS-15""]",15,arabic_suffix,data/wb/gp_source_search/alipurduar_2018_results/extracted/FinalResultofPGE2018/ALL GP PS ZP IA TO IIC/APD-I/ANX-IB.PDF,5,b75ee19efec3b1dace3b31f485950ddd1bcc21ada6a9cdba29638bae3c484eb3,"[792, 702, 1199, 844]",,UR,4781,3638,163,LAXMI KANTA RAVA,AITC,,not_identified_for_ps_member_constituency,UR,UR,0,i] = a Fi,3,3475,,automated_checks_passed
33badf9ce7a156f3fc06,West Bengal,2018,Alipurduar,Alipurduar-I,ps_member,,Tapshikhata/PS-16,"[""Tapshikhata/PS-16"", ""Tapshikhata/PS-16"", ""Tapshikhata/PS-16""]",16,arabic_suffix,data/wb/gp_source_search/alipurduar_2018_results/extracted/FinalResultofPGE2018/ALL GP PS ZP IA TO IIC/APD-I/ANX-IB.PDF,5,b75ee19efec3b1dace3b31f485950ddd1bcc21ada6a9cdba29638bae3c484eb3,"[792, 844, 1199, 936]",,WOMAN,4168,3567,188,GAURI BARMAN,AITC,,not_identified_for_ps_member_constituency,W,UR,1,i] = a Fi,2,3379,candidate_cells:review,needs_review
023140be77e1ee43a7fc,West Bengal,2018,Alipurduar,Alipurduar-I,ps_member,,Pararpar/PS-17,"[""Pararpar/PS-17"", ""Pararpar/PS-17"", ""Pararpar/PS-17""]",17,arabic_suffix,data/wb/gp_source_search/alipurduar_2018_results/extracted/FinalResultofPGE2018/ALL GP PS ZP IA TO IIC/APD-I/ANX-IB.PDF,6,b75ee19efec3b1dace3b31f485950ddd1bcc21ada6a9cdba29638bae3c484eb3,"[788, 510, 1194, 612]",,UR,5911,4954,220,ALPANA RAY (DAS),AITC,,not_identified_for_ps_member_constituency,UR,UR,0,a fe &,2,,candidate_cells:review;votes_rejected:single_reader,needs_review
5e661c409d6543bc23b0,West Bengal,2018,Alipurduar,Alipurduar-I,ps_member,,Pararpar/PS-18,"[""Pararpar/PS-18"", ""Pararpar/PS-18"", ""Pararpar/PS-18""]",18,arabic_suffix,data/wb/gp_source_search/alipurduar_2018_results/extracted/FinalResultofPGE2018/ALL GP PS ZP IA TO IIC/APD-I/ANX-IB.PDF,6,b75ee19efec3b1dace3b31f485950ddd1bcc21ada6a9cdba29638bae3c484eb3,"[788, 612, 1194, 846]",,sc,5838,4991,245,PUUSH KANTI RAY,AITC,,not_identified_for_ps_member_constituency,SC,SC,0,a fe &,5,4746,winner:not_uniquely_matched;winner_name:low_ocr_confidence;winner_name:readers_disagree,needs_review
09c00faf4d3ae969379d,West Bengal,2018,Alipurduar,Alipurduar-I,ps_member,,Pararpar/PS-19,"[""Pararpar/PS-19"", ""Pararpar/PS-19"", ""Pararpar/PS-19""]",19,arabic_suffix,data/wb/gp_source_search/alipurduar_2018_results/extracted/FinalResultofPGE2018/ALL GP PS ZP IA TO IIC/APD-I/ANX-IB.PDF,6,b75ee19efec3b1dace3b31f485950ddd1bcc21ada6a9cdba29638bae3c484eb3,"[788, 846, 1194, 985]",,SC-WOMAN,4957,4477,294,JABA ROY ADHIKARY,AITC,,not_identified_for_ps_member_constituency,SCW,SC,1,a fe &,3,4183,candidate_cells:review,needs_review
31035ad2b8fb1d5f58d1,West Bengal,2018,Alipurduar,Alipurduar-I,ps_member,,Banchukamari/PS-20,"[""Banchukamari/PS-20"", ""Banchukamari/PS-20"", ""Banchukamari/PS-20""]",20,arabic_suffix,data/wb/gp_source_search/alipurduar_2018_results/extracted/FinalResultofPGE2018/ALL GP PS ZP IA TO IIC/APD-I/ANX-IB.PDF,7,b75ee19efec3b1dace3b31f485950ddd1bcc21ada6a9cdba29638bae3c484eb3,"[804, 531, 1208, 726]",,WOMAN,5730,4780,334,LAHSI BHAGAT,AITC,,not_identified_for_ps_member_constituency,W,UR,1,ro a £ x oS 3 cS S iS & aQ,4,4446,candidate_cells:review;votes_rejected:single_reader;winner:not_uniquely_matched;winner_name:readers_disagree,needs_review
6f2e5c9fca94301691ea,West Bengal,2018,Alipurduar,Alipurduar-I,ps_member,,Banchukamari/PS-21,"[""Banchukamari/PS-21 ."", ""Banchukamari/PS-21"", ""Banchukamari/PS-21""]",21,arabic_suffix,data/wb/gp_source_search/alipurduar_2018_results/extracted/FinalResultofPGE2018/ALL GP PS ZP IA TO IIC/APD-I/ANX-IB.PDF,7,b75ee19efec3b1dace3b31f485950ddd1bcc21ada6a9cdba29638bae3c484eb3,"[804, 726, 1208, 954]",,Sc,5741,5178,225,JHAB KUMAR ROY (KANC,AITC,,not_identified_for_ps_member_constituency,SC,SC,0,ro a £ x oS 3 cS S iS & aQ,4,4953,candidate_cells:review;seat_id:readers_disagree;winner:not_uniquely_matched;winner_name:low_ocr_confidence;winner_name:readers_disagree,needs_review
f49674ac21556207bfc6,West Bengal,2018,Alipurduar,Alipurduar-I,ps_member,,Banchukamari/PS-22,"[""Banchukamari/PS-22"", ""Banchukamari/PS-22"", ""Banchukamari/PS-22""]",22,arabic_suffix,data/wb/gp_source_search/alipurduar_2018_results/extracted/FinalResultofPGE2018/ALL GP PS ZP IA TO IIC/APD-I/ANX-IB.PDF,7,b75ee19efec3b1dace3b31f485950ddd1bcc21ada6a9cdba29638bae3c484eb3,"[804, 954, 1208, 1182]",,SC-WOMAN,5752,5111,258,DALI BARMA (ROY),AITC,,not_identified_for_ps_member_constituency,SCW,SC,1,ro a £ x oS 3 cS S iS & aQ,4,4853,candidate_cells:review,needs_review
b7776a0cc097b15d6710,West Bengal,2018,Alipurduar,Alipurduar-I,ps_member,,Vivekananda-ll/PS-23,"[""Vivekananda-lI/PS-23"", ""Vivekananda-II/PS-23"", ""Vivekananda-ll/PS-23""]",23,arabic_suffix,data/wb/gp_source_search/alipurduar_2018_results/extracted/FinalResultofPGE2018/ALL GP PS ZP IA TO IIC/APD-I/ANX-IB.PDF,8,b75ee19efec3b1dace3b31f485950ddd1bcc21ada6a9cdba29638bae3c484eb3,"[800, 521, 1208, 669]",,ST,5749,4723,364,PRIYANKA LAMA,AITC,,not_identified_for_ps_member_constituency,ST,ST,0,a >,3,4359,candidate_cells:review;seat_id:low_ocr_confidence;seat_id:readers_disagree,needs_review
372ec01368ff04f4a6f8,West Bengal,2018,Alipurduar,Alipurduar-I,ps_member,,Vivekananda-II/PS-24,"[""Vivekananda-II/PS-24"", ""Vivekananda-Il/PS-24"", ""Vivekananda-II/PS-24""]",24,arabic_suffix,data/wb/gp_source_search/alipurduar_2018_results/extracted/FinalResultofPGE2018/ALL GP PS ZP IA TO IIC/APD-I/ANX-IB.PDF,8,b75ee19efec3b1dace3b31f485950ddd1bcc21ada6a9cdba29638bae3c484eb3,"[800, 669, 1208, 894]",,UR,5246,4248,252,RANIL MUKHERIEE (BAB,AITC,,not_identified_for_ps_member_constituency,UR,UR,0,a >,3,3996,candidate_cells:review;seat_id:low_ocr_confidence;seat_id:readers_disagree;winner:not_uniquely_matched;winner_name:readers_disagree,needs_review
88bb0db2b05f4d857c80,West Bengal,2018,Alipurduar,Alipurduar-I,ps_member,,Vivekananda-lI/PS-25,"[""Vivekananda-tI/PS-25"", ""Vivekananda-tI/PS-25"", ""Vivekananda-lI/PS-25""]",25,arabic_suffix,data/wb/gp_source_search/alipurduar_2018_results/extracted/FinalResultofPGE2018/ALL GP PS ZP IA TO IIC/APD-I/ANX-IB.PDF,8,b75ee19efec3b1dace3b31f485950ddd1bcc21ada6a9cdba29638bae3c484eb3,"[800, 894, 1208, 1076]",,WOMAN,6598,5375,313,SHIPRA DUTTA,AITC,,not_identified_for_ps_member_constituency,W,UR,1,a >,3,,candidate_cells:review;seat_id:low_ocr_confidence;seat_id:readers_disagree,needs_review
95dae32427f25d94a1b6,West Bengal,2018,Alipurduar,Alipurduar-I,ps_member,,Vivekananda-|/PS-26,"["". Vivekananda-I/PS-26 Y"", ""Vivekananda-|/PS-26"", ""Vivekananda-|/PS-26""]",26,arabic_suffix,data/wb/gp_source_search/alipurduar_2018_results/extracted/FinalResultofPGE2018/ALL GP PS ZP IA TO IIC/APD-I/ANX-IB.PDF,9,b75ee19efec3b1dace3b31f485950ddd1bcc21ada6a9cdba29638bae3c484eb3,"[789, 526, 1194, 890]",,UR,5297,4238,239,SWAJIT SENGUPTA(BHOL,AITC,,not_identified_for_ps_member_constituency,UR,UR,0,8 mo] c oO x & [=F 2 >,5,3999,candidate_cells:review;seat_id:low_ocr_confidence;seat_id:readers_disagree;winner:not_uniquely_matched;winner_name:low_ocr_confidence;winner_name:readers_disagree,needs_review
afb6dd6e5e516bc4371c,West Bengal,2018,Alipurduar,Alipurduar-I,ps_member,,Vivekananda-|/PS-27,"[""Vivekananda-|/PS-27"", ""Vivekananda-I/PS-27"", ""Vivekananda-|/PS-27""]",27,arabic_suffix,data/wb/gp_source_search/alipurduar_2018_results/extracted/FinalResultofPGE2018/ALL GP PS ZP IA TO IIC/APD-I/ANX-IB.PDF,9,b75ee19efec3b1dace3b31f485950ddd1bcc21ada6a9cdba29638bae3c484eb3,"[789, 890, 1194, 1072]",,WOMAN,4407,3679,198,PAPI KAR (DAS),AITC,,not_identified_for_ps_member_constituency,W,UR,1,8 mo] c oO x & [=F 2 >,3,3481,candidate_cells:review;seat_id:low_ocr_confidence;seat_id:readers_disagree,needs_review
c050e3280a8c292d63cf,West Bengal,2018,Alipurduar,Alipurduar-I,ps_member,,Vivekananda-I/PS-28,"[""WV Vivekananda-l/PS-28 /'"", ""Vivek: ivekananda-l/ da-I/PS-28"", ""Vivekananda-I/PS-28""]",28,arabic_suffix,data/wb/gp_source_search/alipurduar_2018_results/extracted/FinalResultofPGE2018/ALL GP PS ZP IA TO IIC/APD-I/ANX-IB.PDF,9,b75ee19efec3b1dace3b31f485950ddd1bcc21ada6a9cdba29638bae3c484eb3,"[789, 1072, 1194, 1384]",,SC-WOMAN,5440,4637,198,LAKSHMI DEBI BARMAN (SINGHA)[SANDHYA],AITC,,not_identified_for_ps_member_constituency,SCW,SC,1,8 mo] c oO x & [=F 2 >,4,4439,candidate_cells:review;seat_id:readers_disagree,needs_review
544ee378fa46c751ebae,West Bengal,2018,Alipurduar,Alipurduar-I,ps_member,,Purbakathalbari/PS-29,"[""Purbakathalbari/PS-29"", ""Purbakathalbari/PS-29"", ""Purbakathalbari/PS-29""]",29,arabic_suffix,data/wb/gp_source_search/alipurduar_2018_results/extracted/FinalResultofPGE2018/ALL GP PS ZP IA TO IIC/APD-I/ANX-IB.PDF,10,b75ee19efec3b1dace3b31f485950ddd1bcc21ada6a9cdba29638bae3c484eb3,"[788, 518, 1194, 704]",,UR,6599,5493,397,GOUTAM SARKAR,BJP,,not_identified_for_ps_member_constituency,UR,UR,0,3 2 @ eS) x oO cs:] cS) a a,3,5096,candidate_cells:review,needs_review
89a213f38068dcfc2f73,West Bengal,2018,Alipurduar,Alipurduar-I,ps_member,,Purbakathalbari/PS-30,"[""Purbakathalbari/PS-30"", ""Purbakathalbari/PS-30"", ""Purbakathalbari/PS-30""]",30,arabic_suffix,data/wb/gp_source_search/alipurduar_2018_results/extracted/FinalResultofPGE2018/ALL GP PS ZP IA TO IIC/APD-I/ANX-IB.PDF,10,b75ee19efec3b1dace3b31f485950ddd1bcc21ada6a9cdba29638bae3c484eb3,"[788, 704, 1194, 986]",,sc,6363,5339,327,CHANDAN BARMAN,BJP,,not_identified_for_ps_member_constituency,SC,SC,0,3 2 @ eS) x oO cs:] cS) a a,5,,candidate_cells:review;winner_party:readers_disagree,needs_review
ca422dedd335d016764b,West Bengal,2018,Alipurduar,Alipurduar-I,ps_member,,Purbakathalbari/PS-31,"[""Purbakathalbari/PS-31"", ""Purbakathalbari/PS-31"", ""Purbakathalbari/PS-31""]",31,arabic_suffix,data/wb/gp_source_search/alipurduar_2018_results/extracted/FinalResultofPGE2018/ALL GP PS ZP IA TO IIC/APD-I/ANX-IB.PDF,10,b75ee19efec3b1dace3b31f485950ddd1bcc21ada6a9cdba29638bae3c484eb3,"[788, 986, 1194, 1212]",,WOMAN,5455,4682,290,MOLI BHUIYA,AITC,,not_identified_for_ps_member_constituency,W,UR,1,3 2 @ eS) x oO cs:] cS) a a,3,4392,candidate_cells:review,needs_review
16c3387ebecf6318605c,West Bengal,2018,Alipurduar,Alipurduar-I,ps_member,,Salkumar-I/PS-1,"[""Salkumar-I/PS-1"", ""Salkumar-I/PS-1"", ""Salkumar-I/PS-1""]",1,arabic_suffix,data/wb/gp_source_search/alipurduar_2018_results/extracted/FinalResultofPGE2018/ALL GP PS ZP IA TO IIC/APD-I/ANX-IB.PDF,11,b75ee19efec3b1dace3b31f485950ddd1bcc21ada6a9cdba29638bae3c484eb3,"[798, 722, 1204, 870]",,sc,3944,3089,203,KARTIK KIRTANIA,AITC,,not_identified_for_ps_member_constituency,SC,SC,0,5 £ Zz 8,3,2886,,automated_checks_passed
5c7cc327c9d1ceff221d,West Bengal,2018,Alipurduar,Alipurduar-I,ps_member,,Salkumar-l/PS-2,"[""Salkumar-I/PS-2"", ""Salkumar-I/PS-2"", ""Salkumar-l/PS-2""]",2,arabic_suffix,data/wb/gp_source_search/alipurduar_2018_results/extracted/FinalResultofPGE2018/ALL GP PS ZP IA TO IIC/APD-I/ANX-IB.PDF,11,b75ee19efec3b1dace3b31f485950ddd1bcc21ada6a9cdba29638bae3c484eb3,"[798, 870, 1204, 1048]",,WOMAN,4646,4020,135,BASU MAJUMDAR (CHAI,BJP,,not_identified_for_ps_member_constituency,W,UR,1,5 £ Zz 8,2,4020,candidate_cells:review;seat_id:low_ocr_confidence;seat_id:readers_disagree;votes:accounting_mismatch;winner:not_uniquely_matched;winner_name:readers_disagree,needs_review
0370ce30475d5b79bcd2,West Bengal,2018,Alipurduar,Alipurduar-I,ps_member,,Salkumar-|/PS-3,"[""Salkumar-I/PS-3 -1/PS-"", ""Salkumar-I/PS-3"", ""Salkumar-|/PS-3""]",3,arabic_suffix,data/wb/gp_source_search/alipurduar_2018_results/extracted/FinalResultofPGE2018/ALL GP PS ZP IA TO IIC/APD-I/ANX-IB.PDF,11,b75ee19efec3b1dace3b31f485950ddd1bcc21ada6a9cdba29638bae3c484eb3,"[798, 1048, 1204, 1270]",,SC-WOMAN,3814,3255,236,KABITA ROY PRAMANIK,BJP,,not_identified_for_ps_member_constituency,SCW,SC,1,5 £ Zz 8,3,,candidate_cells:review;reservation_raw:readers_disagree;seat_id:low_ocr_confidence;seat_id:readers_disagree;winner_name:readers_disagree,needs_review
aeba33af8fdf2fe11dda,West Bengal,2018,Alipurduar,Alipurduar-I,ps_member,,Salkumar-ll/PS-4,"[""Salkumar-ll/PS-4"", ""Salkumar-II/PS-4"", ""Salkumar-ll/PS-4""]",4,arabic_suffix,data/wb/gp_source_search/alipurduar_2018_results/extracted/FinalResultofPGE2018/ALL GP PS ZP IA TO IIC/APD-I/ANX-IB.PDF,12,b75ee19efec3b1dace3b31f485950ddd1bcc21ada6a9cdba29638bae3c484eb3,"[792, 540, 1198, 873]",,UR,4434,3883,234,HARIPRASAD RAY,AITC,,not_identified_for_ps_member_constituency,UR,UR,0,E = a,5,,candidate_cells:review;seat_id:readers_disagree;votes_rejected:single_reader,needs_review
5e9f744bef9bff54a3b1,West Bengal,2018,Alipurduar,Alipurduar-I,ps_member,,Salkumar-II/PS-5,"[""Salkumar-Il/PS-5"", ""Salkumar-Il/PS-5"", ""Salkumar-II/PS-5""]",5,arabic_suffix,data/wb/gp_source_search/alipurduar_2018_results/extracted/FinalResultofPGE2018/ALL GP PS ZP IA TO IIC/APD-I/ANX-IB.PDF,12,b75ee19efec3b1dace3b31f485950ddd1bcc21ada6a9cdba29638bae3c484eb3,"[792, 873, 1198, 1012]",,ST,5038,4225,157,BANDHANU KHERIYA,AITC,,not_identified_for_ps_member_constituency,ST,ST,0,E = a,3,4068,seat_id:low_ocr_confidence;seat_id:readers_disagree,needs_review
e775f6e7c881db2c0210,West Bengal,2018,Alipurduar,Alipurduar-I,ps_member,,Salkumar-ll/PS-6,"[""Salkumar-lI/PS-6"", ""Salkumar-lI/PS-6"", ""Salkumar-ll/PS-6""]",6,arabic_suffix,data/wb/gp_source_search/alipurduar_2018_results/extracted/FinalResultofPGE2018/ALL GP PS ZP IA TO IIC/APD-I/ANX-IB.PDF,12,b75ee19efec3b1dace3b31f485950ddd1bcc21ada6a9cdba29638bae3c484eb3,"[792, 1012, 1198, 1328]",,SC-WOMAN,4234,3675,235,MANIKA RAY,AITC,,not_identified_for_ps_member_constituency,SCW,SC,1,E = a,5,3440,candidate_cells:review;seat_id:low_ocr_confidence;seat_id:readers_disagree,needs_review
