year,ward_number,path,sha256,fetched_at
2012,1,raw/profiles/2012_108.json.gz,38f574eee0e9e86f89f1bfff7f98cc3d9deb5ea5d73c497a0344ac74f511110c,2026-09-12T03:42:27.045523+00:00
2012,10,raw/profiles/2012_427.json.gz,2ffcec6c27c404064c5f5d1e12e01e7de71d0c69529479d860d7af41edf9c8a6,2026-09-12T03:42:27.046095+00:00
2012,100,raw/profiles/2012_200.json.gz,26ce165b5a506ac4d25f2e2215f03b407b16e99e2e6538eab3cdfc7c43ee1e9e,2026-09-12T03:42:27.250156+00:00
2012,101,raw/profiles/2012_201.json.gz,43c5f4347301d35d50a91c3fddd3cabe26adc52445c823cbe96d4cb180ee724f,2026-09-12T03:42:27.248383+00:00
2012,102,raw/profiles/2012_517.json.gz,9cb7dfb419edd72f42277beed01d3b9284619c21b45924df7b9f9dc89f88b1c7,2026-09-12T03:42:27.447766+00:00
2012,103,raw/profiles/2012_413.json.gz,4e5a627763ca05ed38eb2efced8050cd5bb119eca4ae8f57efa2c944df64f9a4,2026-09-12T03:42:27.449296+00:00
2012,104,raw/profiles/2012_773.json.gz,f5aeda2ff250283513ff45b037757ca36a5ab2b91957bfbef75448a02f49a196,2026-09-12T03:42:27.685774+00:00
2012,105,raw/profiles/2012_204.json.gz,b5352429ac3634f2c87fdbecacd1a04a74d66d5b2a89022131edd6b7c9955d40,2026-09-12T03:42:27.686214+00:00
2012,108,raw/profiles/2012_1115.json.gz,bd7f13cd40f57742ad6ca5d9ecadece4d6d346644ed4a778085da6a4bd65d204,2026-09-12T03:42:27.907275+00:00
2012,109,raw/profiles/2012_207.json.gz,b2828c6dd3448d9275860b4ec0392d858cd61ab3c61bfbbdbe1af7d24c1ae01d,2026-09-12T03:42:27.906522+00:00
2012,11,raw/profiles/2012_117.json.gz,6d1ed5a42cff33b018b20862ea936c2dc387e8d9eb36e6178312b214bf36a4d6,2026-09-12T03:42:28.106323+00:00
2012,110,raw/profiles/2012_208.json.gz,35f9fa52b8d0fa246498816fe424d677a477b30945a18ecdde5b5ffd9455de7f,2026-09-12T03:42:28.106863+00:00
2012,111,raw/profiles/2012_523.json.gz,885e928c83ff34da39998dfe18e08638d273a2e647c6d108e537bbd5be4cd168,2026-09-12T03:42:28.308525+00:00
2012,112,raw/profiles/2012_524.json.gz,982c91890b5d50b3498ef6fc3314e1fc490b9a665bfbbbd4f6a780e5491a1484,2026-09-12T03:42:28.307958+00:00
2012,113,raw/profiles/2012_210.json.gz,216cd208ddb11642dc745f72d088731bf68d6db7162fbff01c52017e3acea8d6,2026-09-12T03:42:28.514138+00:00
2012,114,raw/profiles/2012_416.json.gz,84424916f428bdae08279c1f2480b185e327d32e237c78eabc2da400d2ef4969,2026-09-12T03:42:28.589325+00:00
2012,116,raw/profiles/2012_529.json.gz,9cddf0c4c20649612e6384bd794eb7eab02ceb56f48e9f64f9f55cf2cae2a66f,2026-09-12T03:42:28.720386+00:00
2012,117,raw/profiles/2012_212.json.gz,4649de8f327fe032ce8973bb88e206ac158b38abad33d51ba739e757738e52dc,2026-09-12T03:42:28.786917+00:00
2012,118,raw/profiles/2012_213.json.gz,eb73ffdf212d966cfb22a7c145523db54f088c038b5c1981f6be7613972f83de,2026-09-12T03:42:28.942450+00:00
2012,119,raw/profiles/2012_214.json.gz,bc898d6814f580f9eccf5ea1ec1ec804b752f0594acd3209ce231af45b6d3349,2026-09-12T03:42:28.983575+00:00
2012,12,raw/profiles/2012_406.json.gz,db914a95fae9683d9284d552e878ed9a208e87590ad6897599e1ac1b50ffcf76,2026-09-12T03:42:29.144319+00:00
2012,121,raw/profiles/2012_216.json.gz,1847f2f430bbc477f97db21d781b9f0853425f654850f32aa5e149a1023ecffa,2026-09-12T03:42:29.255751+00:00
2012,122,raw/profiles/2012_217.json.gz,684cfb2d214e716c462052df0954298c04004c287a2486d1a043a12c21844dad,2026-09-12T03:42:29.349029+00:00
2012,123,raw/profiles/2012_218.json.gz,4c7c4c5b20b0f74a8e1380d11a060b9303e532731060aad7d8e6f4407cb84ebb,2026-09-12T03:42:29.464731+00:00
2012,125,raw/profiles/2012_537.json.gz,2ccdbf78d55a9f3226fae37a326558a6967a0e386b1e276d35d52fa4db971677,2026-09-12T03:42:29.553001+00:00
2012,126,raw/profiles/2012_2133.json.gz,2faedfdaafff4203d41470a7470ca969b32a7ea153293e51111975bb5090934f,2026-09-12T03:42:29.675398+00:00
2012,127,raw/profiles/2012_222.json.gz,70437b43791f0e29e1a2cea95fe07cec05026e40f926c06a8dc944f5e4dff763,2026-09-12T03:42:29.780625+00:00
2012,128,raw/profiles/2012_2145.json.gz,192e93855f083cd2e87dd0460d4c502e8e35e4854b1f44f78f487151d317454d,2026-09-12T03:42:29.878333+00:00
2012,129,raw/profiles/2012_541.json.gz,ac664fcf9db349011a2c072d24c30858f4e100915eb02ea43dd43efa19771dd1,2026-09-12T03:42:29.990381+00:00
2012,13,raw/profiles/2012_430.json.gz,13f42244dea16ba11cc75b7f27086f4bad351216a99f4f8bb6304075005b8acd,2026-09-12T03:42:30.081380+00:00
2012,130,raw/profiles/2012_542.json.gz,0aca4fc85b834db0b39eecc717104618b1e661fd21ebe4e5d434bbb77fef7ea4,2026-09-12T03:42:30.697126+00:00
2012,131,raw/profiles/2012_2161.json.gz,f784cbd66f716ce99e9709937637251033c9ff6520a36cea819df08f29330dfb,2026-09-12T03:42:30.311526+00:00
2012,133,raw/profiles/2012_2175.json.gz,bddcfaca7b54f7d14b5e21d76c17819c327ab8bbc0390cf4ee2001abbdba8f2a,2026-09-12T03:42:30.523876+00:00
2012,134,raw/profiles/2012_2211.json.gz,0f94f7d85cb1a21d504bacdadd0deea7f9f322724fbd1315974f684b3aafc1da,2026-09-12T03:42:30.720956+00:00
2012,135,raw/profiles/2012_230.json.gz,d5585d4cc7b904e81ab446b8f071d9b8c8794706096921536e270d4f3d695db5,2026-09-12T03:42:30.899204+00:00
2012,136,raw/profiles/2012_231.json.gz,d5e6c8ddf6b47c28d835ef1b70d90a0d1c8c8089497cb71c173861fb3f210b35,2026-09-12T03:42:30.926703+00:00
2012,137,raw/profiles/2012_2243.json.gz,aa3bc0b5783bcdf861081a887c868b97ffa4472171bff2273ff25b1a2025d141,2026-09-12T03:42:31.098177+00:00
2012,138,raw/profiles/2012_2250.json.gz,ef4bd20c2242caea11631bb10f7b6843d1748f28d8f9160b4779a1bdf2413dd7,2026-09-12T03:42:31.125268+00:00
2012,139,raw/profiles/2012_2270.json.gz,bf134b4619a72bae66301570538e9e8d853424cb96a61e004efcc72e8668c436,2026-09-12T03:42:31.355092+00:00
2012,14,raw/profiles/2012_113.json.gz,d087ad13ea513b7fa2ae2a0451c5c8bba1c198bea914a24d081c8adcd1881aa4,2026-09-12T03:42:31.355587+00:00
2012,141,raw/profiles/2012_553.json.gz,144e272d61d7432eb9dce978953bbfb958b9de983371c014b9f54004ac58e82e,2026-09-12T03:42:31.562030+00:00
2012,142,raw/profiles/2012_1587.json.gz,a14496b6126daa3c0f4f30f5de47466f0abe3d3a3a7a39463b2c6cc533fd8018,2026-09-12T03:42:31.561544+00:00
2012,143,raw/profiles/2012_240.json.gz,e2abfe873af66b26a1a3f4481f5ecebbd2b81a8a1204a2db4d6211ab4298332f,2026-09-12T03:42:31.767915+00:00
2012,144,raw/profiles/2012_1614.json.gz,b9573b94cb0c5f6d6a0d5c57c852d0a126e0882aa4c7288b145d78ee6c8e81e9,2026-09-12T03:42:31.767648+00:00
2012,145,raw/profiles/2012_1644.json.gz,85bcbdee512d0d9aa438b9329c693afb74abe2588ef6a10c15edbd1ab7a9c30f,2026-09-12T03:42:31.968497+00:00
2012,146,raw/profiles/2012_243.json.gz,f7e7b3f64c4a8246abf08a20458ba3c7ef18ba01c4f9d791e516852f6d643c8b,2026-09-12T03:42:31.967498+00:00
2012,147,raw/profiles/2012_1680.json.gz,0ce76beb80c8520389d80d65a8aa913cd176a57530f0879f792d46e82117278e,2026-09-12T03:42:32.170518+00:00
2012,148,raw/profiles/2012_245.json.gz,d0456bc7daaca463353b2ef819bf2bb30c455a292522705aace0897fc6512cb8,2026-09-12T03:42:32.169795+00:00
2012,15,raw/profiles/2012_284.json.gz,3279e210b37add87c467effeefb597678936d067dc771b2d5ff8c50a3296161b,2026-09-12T03:42:32.405486+00:00
2012,150,raw/profiles/2012_616.json.gz,1dc669457ba8389433b0af57dcb0baf91c68a5480bf0630b2c5a0461f9fd4c93,2026-09-12T03:42:32.405837+00:00
2012,151,raw/profiles/2012_411.json.gz,4d327697fbeb79719ebb51ec9a81cac4b3a5c1df8a6fa6e79eea6a621995f929,2026-09-12T03:42:32.611520+00:00
2012,152,raw/profiles/2012_1086.json.gz,43cd46ffc5977caded97fb1689772e3d834f0c6566035b12018d74a6981d1eeb,2026-09-12T03:42:32.621616+00:00
2012,153,raw/profiles/2012_246.json.gz,656e520d04b32d0cd2001166cd7311f103b6fd59bce9381b35861f31d8541932,2026-09-12T03:42:32.814916+00:00
2012,154,raw/profiles/2012_561.json.gz,ed791584e844d354231002628603e97b9c5c25449fa90f22a5562ce09d75b42e,2026-09-12T03:42:32.824119+00:00
2012,155,raw/profiles/2012_562.json.gz,d6e186a26645dcae9cb3839396c42e6b31101113b513f91c62969dc67aa24b19,2026-09-12T03:42:33.013616+00:00
2012,156,raw/profiles/2012_563.json.gz,c54fde54d8fe6181b6186e12eaee4d1a46fc57f09985e082fcff13bf4ce352a1,2026-09-12T03:42:33.023011+00:00
2012,158,raw/profiles/2012_2222.json.gz,350291b66e5da051b530bee36d418ffa7ba722c510396eae00fd8b431bcd2660,2026-09-12T03:42:33.214013+00:00
2012,159,raw/profiles/2012_567.json.gz,66c5249e384a15dca9d2137935c1b743453147057a39e0e05fad415d185e6535,2026-09-12T03:42:33.229627+00:00
2012,16,raw/profiles/2012_433.json.gz,6d27df6ec1e3d2b48ffbb23780f0e8b91ebc5f5dec7bc62b823b95d12d3c1a8e,2026-09-12T03:42:33.451597+00:00
2012,161,raw/profiles/2012_292.json.gz,b5a6599131823557ab5f5af70c38b01064fa5f4fbf2216be943ca3ee33a6cce3,2026-09-12T03:42:33.453343+00:00
2012,162,raw/profiles/2012_570.json.gz,50fd485917cc6bf50b806f2e3d47dc0a31420b29065427a16ebd434db3764cff,2026-09-12T03:42:33.664983+00:00
2012,163,raw/profiles/2012_294.json.gz,1ab67642ef535d11bf3126ea8a44f8a50a2620a51a9753ab8bc8901c32f22edb,2026-09-12T03:42:33.665716+00:00
2012,164,raw/profiles/2012_295.json.gz,ed9bf3637908af332c919f3bcc298e7866e3aeb4d021ebe0cc98f8589a7e3062,2026-09-12T03:42:33.877318+00:00
2012,165,raw/profiles/2012_296.json.gz,d77de6567e83e5ac13e5c615334e6e36c42847a2e4f71a70c23f3453001a4739,2026-09-12T03:42:33.884966+00:00
2012,168,raw/profiles/2012_299.json.gz,a7dc8d72fd0ab7b113dc5d68f75048d22fa14ee00613c516fbb5ec001f9f9cf8,2026-09-12T03:42:34.075708+00:00
2012,169,raw/profiles/2012_2352.json.gz,51f9d1770e1c3f31150e8600450eb8bfa8ccfbf695ca73bced0e20e764e883a5,2026-09-12T03:42:34.200376+00:00
2012,170,raw/profiles/2012_2355.json.gz,2bbf4afbbf0ac30ea6b28be9968d001178659a919f236b7cb94ad65e341b5cdf,2026-09-12T03:42:34.285016+00:00
2012,171,raw/profiles/2012_2388.json.gz,6a7c88640c634aa81ef0b72584669edfdb4857a572c9f729a61130817d7bb37f,2026-09-12T03:42:34.408161+00:00
2012,173,raw/profiles/2012_304.json.gz,728675b4bb98495808e0ebc1eff6af6e23d4d1df47a572271e4dd37d768e8592,2026-09-12T03:42:34.502011+00:00
2012,174,raw/profiles/2012_2398.json.gz,af896a2c710a5638a44b0a914eaec0fb9b074b2d4b4431fa5fdf7ccb9920d5c4,2026-09-12T03:42:34.707962+00:00
2012,175,raw/profiles/2012_306.json.gz,7433fb6b26d55ed4c5f714c66894a2b8070ac1d089d35bbf09adf8f31e10b3b8,2026-09-12T03:42:34.709345+00:00
2012,177,raw/profiles/2012_308.json.gz,558aa8d621e0d9e926faaeaedfd10d23481cff29b164cc6e585f438893fcaa94,2026-09-12T03:42:34.910965+00:00
2012,179,raw/profiles/2012_2592.json.gz,12064e5bc6bcd4a7c8b20b583b26e342549946eef0cbb8eaa7b22cfdd4741093,2026-09-12T03:42:34.910649+00:00
2012,18,raw/profiles/2012_407.json.gz,3c27fd824a3972187285f01462377f41404097c124b12e7cdcd4622edc6b3327,2026-09-12T03:42:35.110363+00:00
2012,180,raw/profiles/2012_587.json.gz,04a1260a92ca681320421b3a14a90ae77cdfbf6fd6629c7b3ba9e66cc085992d,2026-09-12T03:42:35.111099+00:00
2012,181,raw/profiles/2012_312.json.gz,df15306b93a9ddf97c1086950be9f24c69a83f3f55d27a9ae9ca2afe30d46e02,2026-09-12T03:42:35.317066+00:00
2012,182,raw/profiles/2012_313.json.gz,fc130178a33d49cafaf1dbef68a7fb7ea9002b642747f9494d9417016e058114,2026-09-12T03:42:35.317385+00:00
2012,183,raw/profiles/2012_2620.json.gz,004b1f80630ef6c908553900f71a48b994b1da30988c3d2d1fe8b4b2fd3860b6,2026-09-12T03:42:35.548727+00:00
2012,184,raw/profiles/2012_315.json.gz,fe5f91d7c34991f3f6a5fd63905c728873615396418a7339d5670d560459b1ef,2026-09-12T03:42:35.550359+00:00
2012,185,raw/profiles/2012_592.json.gz,a7312be3d4b7c32d16a3bff903f5abe3c75a5fcbd0984b0b5f8c2530ed4f1a5d,2026-09-12T03:42:35.757043+00:00
2012,187,raw/profiles/2012_2558.json.gz,52014162d7b4873e8b3c781576e60ec5082e1a4714d77d6b9679e2f1aa688b9a,2026-09-12T03:42:35.765028+00:00
2012,188,raw/profiles/2012_319.json.gz,616ce5f1be0f8900dbfafb58cec0e3167498b15e4a5c805f90b43fcb560781f7,2026-09-12T03:42:36.472835+00:00
2012,189,raw/profiles/2012_320.json.gz,42e856f3c80268cde91e2ef6530aca8d88d18f771f7da55edd588fd80968513a,2026-09-12T03:42:35.972685+00:00
2012,19,raw/profiles/2012_436.json.gz,9d5d5ca2ef3a48600b7480f6285d2dc6dd3ec919dbb4fa2a6e1b83616de5f835,2026-09-12T03:42:36.180988+00:00
2012,190,raw/profiles/2012_597.json.gz,94a9fceb02b66d469a972097f05c0d321cf6e4ae8161be767fa00ffae192dfe1,2026-09-12T03:42:36.466890+00:00
2012,191,raw/profiles/2012_322.json.gz,654eef13074b757eff8da4a9ac581123f1684334ddeb4da0ccd3c4f1ed2ac91c,2026-09-12T03:42:36.667506+00:00
2012,192,raw/profiles/2012_323.json.gz,2e5360c42250d5cf412f473155c99a48f1371ec4c334a2de925bffd6af63e3b5,2026-09-12T03:42:36.670889+00:00
2012,193,raw/profiles/2012_599.json.gz,c3721340f90069e5f98dffde3bb5cded4a412cb9e772ccc991a008f183d299b1,2026-09-12T03:42:36.869608+00:00
2012,195,raw/profiles/2012_844.json.gz,a1843f4655cb29bd380a945e220a328f0402534a0d4286d91a55395aee5bb13c,2026-09-12T03:42:36.868562+00:00
2012,196,raw/profiles/2012_602.json.gz,6209ef8c0b0f883a30681f4fe8c8dc3457a1d0a971a9af8d7e0c46cfc1006efd,2026-09-12T03:42:37.125005+00:00
2012,197,raw/profiles/2012_328.json.gz,50955960badab2696028e35bbb75aae4522acf4c83a22f8ddb9377aabe3111bd,2026-09-12T03:42:37.127192+00:00
2012,198,raw/profiles/2012_329.json.gz,1e459c02f5c10b5d6a981421e6d77101328ef9710c28085fafb843e335db979d,2026-09-12T03:42:37.330574+00:00
2012,199,raw/profiles/2012_1042.json.gz,04de8ec607694b9ed928d9d900c678ac9f9479ceac9481a9e664537a24536353,2026-09-12T03:42:37.342738+00:00
2012,2,raw/profiles/2012_404.json.gz,8eced937e16eed79c066c7fcb966c7013cedb79ddb18fe37901583b5b3b6954e,2026-09-12T03:42:37.537208+00:00
2012,20,raw/profiles/2012_123.json.gz,b7a8ccc7059cdbc9010617afadf2b3b3a67480eaa75d2377aedbc229be742519,2026-09-12T03:42:37.544576+00:00
2012,200,raw/profiles/2012_2413.json.gz,985f1a7c7d8114ba51cb357570503022b482f5344e88ee487ff1ad17f38f80e7,2026-09-12T03:42:37.739825+00:00
2012,206,raw/profiles/2012_856.json.gz,74ab57700bfaac5032551bf16848cc5feeb98dfb1d60a1b92ad344f0f237768e,2026-09-12T03:42:37.747710+00:00
2012,207,raw/profiles/2012_1025.json.gz,02d3c3e36967d5ea133ef3f5550cb04966cadeea7a3f3d79d89af4a564ebd3b6,2026-09-12T03:42:37.939412+00:00
2012,209,raw/profiles/2012_619.json.gz,f5ab33e401dddb9bb57cfe8257047fb07a19d6a5d53380c5e132325c538b9c06,2026-09-12T03:42:37.944963+00:00
2012,21,raw/profiles/2012_124.json.gz,d775b0ce85f00624601da3614016a97a81ff41eafcdf15954eaf8ab6fb9ad06f,2026-09-12T03:42:38.172255+00:00
2012,210,raw/profiles/2012_620.json.gz,63f9a45ea9ebfd64931475e037b9366d74a9ec99dd52e5d2ed81bff176600617,2026-09-12T03:42:38.694985+00:00
2012,212,raw/profiles/2012_343.json.gz,d0dd375cfbe4080d1e69d60c090e03a3dcce079b06e2d993d97d80a3feeab4d6,2026-09-12T03:42:38.388603+00:00
2012,214,raw/profiles/2012_1170.json.gz,ed91b0ba83599b4abd2cc8cc0ea0ded58899afe5640129165ecdfa98d8e513d3,2026-09-12T03:42:38.601710+00:00
2012,215,raw/profiles/2012_1173.json.gz,9bd12ac6e18d31f3ecf0a0342344d25882fe267af21eb9ecc5bcfc073914cac1,2026-09-12T03:42:38.893205+00:00
2012,217,raw/profiles/2012_348.json.gz,ac87e85f9e52ded4fd988dfd668e2b9f9df33809ffe452d732d52691cdd61e5c,2026-09-12T03:42:38.901399+00:00
2012,218,raw/profiles/2012_349.json.gz,d8a588bb28f3f93fbc0af15944516639433ba8fd436fe51df62f9a1dd640cd47,2026-09-12T03:42:39.106894+00:00
2012,219,raw/profiles/2012_350.json.gz,52f31b5ee045c471e47b35fee738f0e2b69fed2e6890a3c21b632d9f008c85bf,2026-09-12T03:42:39.110904+00:00
2012,22,raw/profiles/2012_439.json.gz,01a9cb1bf86fd05a12e1f75466340e2fe678eb4567568ea1bcda5efb8ad7b945,2026-09-12T03:42:39.309499+00:00
2012,220,raw/profiles/2012_351.json.gz,5b0fd74d3d40721041fe9cb2256f8f87cbda88867e9ec455b30dff40a223ba4f,2026-09-12T03:42:39.316107+00:00
2012,221,raw/profiles/2012_352.json.gz,de25bcab0ecf109f5c8dd40b833dbea1ff553226f9ae8c4ada30260d142e429e,2026-09-12T03:42:39.505939+00:00
2012,222,raw/profiles/2012_353.json.gz,996eb351f26ef0734a5328dcbf42fe6a565e0700ecb2656db9e5e6e51c02f174,2026-09-12T03:42:39.516167+00:00
2012,223,raw/profiles/2012_354.json.gz,3549208856a2666c857fe7c8888a3756fd452f38e870274e942c0bbc9352b046,2026-09-12T03:42:39.746357+00:00
2012,229,raw/profiles/2012_360.json.gz,eefcf4a0d4f2196d5727d56091bc980efc99de45bb074f798d802e4d3d1c2924,2026-09-12T03:42:39.746932+00:00
2012,23,raw/profiles/2012_126.json.gz,a5accd50a8b2eb43565da8f805c5fe8491d0bc2b6d0b18386871f80d004193ab,2026-09-12T03:42:39.952003+00:00
2012,230,raw/profiles/2012_1463.json.gz,5161a93f5bbb2abbd43949cce5a1f6dfaa10d27fdea7bcf3c0b38bc0b2b559ad,2026-09-12T03:42:39.954701+00:00
2012,232,raw/profiles/2012_363.json.gz,7b0d852a68f513d30d731e97612c54cff51a792fe70155f0886f9465f4cfb217,2026-09-12T03:42:40.158085+00:00
2012,233,raw/profiles/2012_643.json.gz,c8b5620dfb15d917f07acb90c67d513da7ad789210f329cd3d85d458ab5884dc,2026-09-12T03:42:40.158960+00:00
2012,234,raw/profiles/2012_646.json.gz,b75d6af50fa80eda3ac2d4db260da11312b011ac71248f5412c0bd3aec20aacd,2026-09-12T03:42:40.359263+00:00
2012,235,raw/profiles/2012_366.json.gz,b764737667fe434a0732d59aeadf3d1adc32e1feb21989499772476ddafbca88,2026-09-12T03:42:40.360552+00:00
2012,236,raw/profiles/2012_648.json.gz,bbb5f603480768b819a9d39f002b155744648d97afe47180cfe0b49abdac0b57,2026-09-12T03:42:40.554476+00:00
2012,238,raw/profiles/2012_369.json.gz,dd8cf715ba4c3db346219dcb0d3d8e073467ea7e08a16fd79a805fbb0a6f7054,2026-09-12T03:42:40.558584+00:00
2012,239,raw/profiles/2012_2062.json.gz,f7c15b0096176d6cb5f0f364095163cfc35749918345ad47ea55671aadbd1be7,2026-09-12T03:42:40.810949+00:00
2012,24,raw/profiles/2012_1622.json.gz,1dc4a95d7803e3370a44cf2f7a4b92e4ffbda9e04bf59e12df7d742639eaca21,2026-09-12T03:42:40.811969+00:00
2012,240,raw/profiles/2012_371.json.gz,2b1b9cbd74839c422216afdf0ca3061330d956f15a709d0c05b28d3b230bad7f,2026-09-12T03:42:41.024348+00:00
2012,241,raw/profiles/2012_372.json.gz,1fa6b91f9406e4fd84f7ebae23f74989e0f504cf63aff843f95dd69015a4b251,2026-09-12T03:42:41.023457+00:00
2012,242,raw/profiles/2012_373.json.gz,b35f5eae881f0afa7dc7beba75b3b308f86a2e6fefa6e99b2611973765b1578f,2026-09-12T03:42:41.317366+00:00
2012,243,raw/profiles/2012_657.json.gz,d996ac448b6bb32bef895c0d14d3050f46cea138854f0e999293120e28492471,2026-09-12T03:42:41.318565+00:00
2012,244,raw/profiles/2012_375.json.gz,53b3493a094834ede6703605b1e487364c22489a4cf96d6c05a789eb246447e2,2026-09-12T03:42:41.521837+00:00
2012,246,raw/profiles/2012_377.json.gz,2d7ce3e4fa20ff5ca127c70b7b1638fa1b3c37c29c794cb16e54cb17bb03dd36,2026-09-12T03:42:41.522915+00:00
2012,247,raw/profiles/2012_378.json.gz,b22cfc1a4c1321f0e4496280e8db77444070fa4025c98b0d30310c63cf8b8916,2026-09-12T03:42:41.727752+00:00
2012,248,raw/profiles/2012_379.json.gz,327b0a0aaaf491099263d2f67c24ba15ab18be4e90406bec2c5eb51798cd99fd,2026-09-12T03:42:41.727438+00:00
2012,249,raw/profiles/2012_1906.json.gz,93377476120408dc70972de180be005d5d9e2f543ec19b24076f12dd34863531,2026-09-12T03:42:41.923632+00:00
2012,253,raw/profiles/2012_668.json.gz,62de846dc6c1f121d8b21243e1cbbb09a7556cc57aeccb8aeda5601312233126,2026-09-12T03:42:41.945959+00:00
2012,255,raw/profiles/2012_1819.json.gz,998df7ecc1a58bcb034ae7fe99f170a4f6686b2c79587bde5bb9251082282862,2026-09-12T03:42:42.142699+00:00
2012,256,raw/profiles/2012_387.json.gz,00716098a81d3c09ee0a06e516fee06192aae8ab2f25ce3e7162ddaeffded6c1,2026-09-12T03:42:42.221386+00:00
2012,257,raw/profiles/2012_671.json.gz,be2f3cbec7aca48fc0b09e9e478f3702de9afcdaadb35b0eb67dc14fb1edb5e7,2026-09-12T03:42:42.371528+00:00
2012,261,raw/profiles/2012_392.json.gz,d95f5c738a5c51529e60139ced0637ae5f5c42877f8a17083eecf2fdfbd88d84,2026-09-12T03:42:42.423416+00:00
2012,262,raw/profiles/2012_989.json.gz,c0d1df9538e7cae95a62c48927364cf66a7376f562788a7672cbfc1aff920b65,2026-09-12T03:42:42.587203+00:00
2012,263,raw/profiles/2012_394.json.gz,880b5cac1a04f3d2cf0e5bd54bc23970195805a78fee95ea48c2d179a2ebd75a,2026-09-12T03:42:42.616867+00:00
2012,264,raw/profiles/2012_395.json.gz,6ec76eb707ddc7632f6ab58d8de161d8ad04501251a572da18f07452cee70998,2026-09-12T03:42:42.794996+00:00
2012,265,raw/profiles/2012_396.json.gz,cbc2395ca7777c9708e024bbc13996d0905d69a4758cb308e7b2116b5703b0cf,2026-09-12T03:42:42.889985+00:00
2012,266,raw/profiles/2012_397.json.gz,7647db1e1257d546afc7a68bf5a17a8e7355c5b2fa62168344abea84309b3f28,2026-09-12T03:42:42.997099+00:00
2012,267,raw/profiles/2012_681.json.gz,d41f8223b21e506f41a606b792b0685316c6e11fdbb4b4838371ff0a9ccca561,2026-09-12T03:42:43.098406+00:00
2012,268,raw/profiles/2012_682.json.gz,734270a26736f1cd4245796ab27e2a8528f0f26d4e765ef1206294f2c33b8f57,2026-09-12T03:42:43.278056+00:00
2012,29,raw/profiles/2012_446.json.gz,0c2f71263572e344892a2e092f537b64d21fbcc6ec4e6c086cc962ab33e20ada,2026-09-12T03:42:43.304275+00:00
2012,3,raw/profiles/2012_420.json.gz,43e7fe0f50f3e2256318c85e4fa3fff208a9230033bf34b90e245e04340f712c,2026-09-12T03:42:43.482303+00:00
2012,30,raw/profiles/2012_133.json.gz,3994b38313ea7d380c0e235601a6ff4b05eca265748afb20f352a72965f4d493,2026-09-12T03:42:43.508399+00:00
2012,31,raw/profiles/2012_448.json.gz,8e96333130cfe1580f4bdbb9f73771b2ad089d003ac39647bbfaacfd8ad2bee6,2026-09-12T03:42:43.685510+00:00
2012,32,raw/profiles/2012_1728.json.gz,80c2405e1fcde5a5c7a80a8f3f6ae2f38300729a51dea9d2fded613903c9dcb5,2026-09-12T03:42:43.714427+00:00
2012,33,raw/profiles/2012_135.json.gz,2c1368a79c3a12d29f44d828ac1680a3ac42138b554a41a120ecb52c710e2f53,2026-09-12T03:42:43.938815+00:00
2012,34,raw/profiles/2012_136.json.gz,2a65bf9d6279576ee9dc79e361c8887a5dd981b82589fcb7ff8d79f7032c1d6e,2026-09-12T03:42:43.939859+00:00
2012,35,raw/profiles/2012_1056.json.gz,ac75866ac7a7f169ccd179064fe28e680aa86cb97172aed9fed7475a6e0b1466,2026-09-12T03:42:44.142926+00:00
2012,37,raw/profiles/2012_139.json.gz,f7fbc0220bbde35a832785e40ff102815710391e45dda599f93646d0b1aaf27c,2026-09-12T03:42:44.141759+00:00
2012,39,raw/profiles/2012_75.json.gz,c19894da622b4690fd03209ebb47fb26cff87bccf42b899712db76ce942c8f74,2026-09-12T03:42:44.355675+00:00
2012,4,raw/profiles/2012_654.json.gz,19f8ec46006bc89955725138c8f85518a55d6b6ce68d9a4a1dab542080b15131,2026-09-12T03:42:44.353953+00:00
2012,40,raw/profiles/2012_1851.json.gz,4ad8e6a971c55c07cf60c4913fe49bd09c09009f97493fc5bf138ca053e9b665,2026-09-12T03:42:44.634878+00:00
2012,41,raw/profiles/2012_142.json.gz,914428e1899196713149e7a2017afe91f7eeb437867da058c69e0b701e0cc0c4,2026-09-12T03:42:44.635366+00:00
2012,42,raw/profiles/2012_459.json.gz,ed36e8c41c626fea3e9bd119d85682e7829873c9fbdcf49505039ad256269192,2026-09-12T03:42:44.842553+00:00
2012,43,raw/profiles/2012_460.json.gz,a548036267c6ba8a9427bd66bd0e387701dd2e62553d47464b982d26b6b713e6,2026-09-12T03:42:44.849086+00:00
2012,44,raw/profiles/2012_145.json.gz,0446c87ec393eda520e1191f7fec8918601c1ed5d44309aea7dc3101cac1c1c9,2026-09-12T03:42:45.045271+00:00
2012,46,raw/profiles/2012_463.json.gz,d9e1f7ee6018c8c87163b4bec57f4b9ab74ac105b7e7588e11418eb2d25fa5be,2026-09-12T03:42:45.068237+00:00
2012,47,raw/profiles/2012_1951.json.gz,0616a0956dbe6a22bea1dee1210d108efbc254e2fcacdea64b4864c4289f9231,2026-09-12T03:42:45.255948+00:00
2012,48,raw/profiles/2012_1965.json.gz,0c50849a0dc94e865b22b6dd836d25e838370eb28229ce71780f56af554ddf0e,2026-09-12T03:42:45.371984+00:00
2012,49,raw/profiles/2012_150.json.gz,627844e768528296edd91e5d4ed978a40bc6fb79c4033a21af6f57ec7d38a221,2026-09-12T03:42:45.456289+00:00
2012,5,raw/profiles/2012_405.json.gz,5d30a529c373992858f1df2950ae639e83881d9b19f6e07a0b4847ffa404a088,2026-09-12T03:42:45.585140+00:00
2012,50,raw/profiles/2012_151.json.gz,aa2ea846243f8174bf17e515bae9b41c5fe320e985698904180f4e053b7553ec,2026-09-12T03:42:45.686434+00:00
2012,51,raw/profiles/2012_152.json.gz,fc60d51f9ec47f67f90c92e032c82ee66d8529cef98a707ee6a42566c05e5abf,2026-09-12T03:42:45.787562+00:00
2012,53,raw/profiles/2012_154.json.gz,2f6caacf5412bc121748958c5dd22b667518b8c5096b41db0ac9e2d8ab2f0740,2026-09-12T03:42:45.898187+00:00
2012,55,raw/profiles/2012_1465.json.gz,d9b8bf9d6259d4372a7d329117a9200f5a56ff1e4f07512a62314cdbb5720bf5,2026-09-12T03:42:46.081579+00:00
2012,56,raw/profiles/2012_156.json.gz,057467867dd319f80581235ffc1ab002a257d4874c7b312e2e4e2c943075fc06,2026-09-12T03:42:46.120098+00:00
2012,57,raw/profiles/2012_157.json.gz,4fdd8711505e3089c9ac17d1af04ddac8b5796a3fe8f3439c46ffd509659dcdd,2026-09-12T03:42:46.282138+00:00
2012,58,raw/profiles/2012_158.json.gz,6619d92bcecf2b1e43fe3ca302ef4269936882739d1baf6a1056cf3f5b6aa181,2026-09-12T03:42:46.407471+00:00
2012,59,raw/profiles/2012_475.json.gz,2f2064402692f13f7bbddfbb949f54d367910c3d4c74314c1c336289ee725a1c,2026-09-12T03:42:46.490365+00:00
2012,6,raw/profiles/2012_6.json.gz,e81015692add0f9d6a24fba10622bc69ad8577dfc14ccc483ed97f217f18737e,2026-09-12T03:42:46.609710+00:00
2012,60,raw/profiles/2012_476.json.gz,7c646bde1723cbb0b2496911b54a24a043ae06750a6d920ee1a0e6b51f1b209d,2026-09-12T03:42:46.732413+00:00
2012,61,raw/profiles/2012_2009.json.gz,4f5b6de54b40921ed7e53555af9400a63ef752134759d003383423e85c626bd9,2026-09-12T03:42:46.809309+00:00
2012,63,raw/profiles/2012_163.json.gz,e9af9a31e999881128d8ac80adf1d11e0aa0138f1a75c492711a8eea165f4c9e,2026-09-12T03:42:46.947124+00:00
2012,64,raw/profiles/2012_164.json.gz,6bdc8b540a4bf5f6e7715b0b3124a56b18ce690212818baaecfd8968d4b461dc,2026-09-12T03:42:47.008655+00:00
2012,65,raw/profiles/2012_481.json.gz,f1f3cc414a8033aaa0fcd7125459d2f76563f1865c49b2e0c00928879d03da4a,2026-09-12T03:42:47.160924+00:00
2012,66,raw/profiles/2012_166.json.gz,81baf2d0547ce42c1b1ae66cd3d8e060fd0974791b5e7012cc98f02aa4706d67,2026-09-12T03:42:47.256776+00:00
2012,68,raw/profiles/2012_168.json.gz,24430fb54c3fb6dad636f18f6a21aaf1a2d2ece374f48803bdbda39ce52a3823,2026-09-12T03:42:47.365735+00:00
2012,69,raw/profiles/2012_169.json.gz,a018ca55adb554520265ad4d19f46eb4349171963ea0cfb449fc7072987b1352,2026-09-12T03:42:47.462383+00:00
2012,7,raw/profiles/2012_423.json.gz,ef32a66ac5b48d603562834f0da120e4ceae9ebe9e7b966a912c59759587871c,2026-09-12T03:42:47.643444+00:00
2012,70,raw/profiles/2012_170.json.gz,b74dbeee2efcd6c18d4be3ea3cba5c18654e02f7a3c5df084657fcc17813ac2e,2026-09-12T03:42:47.663360+00:00
2012,72,raw/profiles/2012_172.json.gz,2dc070f6958d4aa679c9e50625faffb014e9f8d8ab5f5c11f06e5767df685113,2026-09-12T03:42:47.841194+00:00
2012,73,raw/profiles/2012_173.json.gz,693734eee1b811d742cf766aebe84b72c6a13b95d5e4aa112b59322dafd2a031,2026-09-12T03:42:47.857448+00:00
2012,74,raw/profiles/2012_490.json.gz,82cde631c0e797bbf335b39e6ee275983be78293167071bf1f53c7bbaaaac084,2026-09-12T03:42:48.042870+00:00
2012,75,raw/profiles/2012_491.json.gz,98b2f343505cd0b3a8836170b38eba4fcbb5e64a45b2ee0d290066043fe52ca6,2026-09-12T03:42:48.058267+00:00
2012,76,raw/profiles/2012_1697.json.gz,210e734d21a969ca1d654168a6d8bb9f4acea95218536cf93323942e55e2f617,2026-09-12T03:42:48.307416+00:00
2012,77,raw/profiles/2012_493.json.gz,b917864ba2a0c73eb3ca7f74d160cb6cd79d26dc67dbe782f01a59c6e55b2227,2026-09-12T03:42:48.308553+00:00
2012,78,raw/profiles/2012_494.json.gz,41bbe7e14b7218e69a5cab1e89a4501d82a44aee863ef3cd6dcbeed40196c813,2026-09-12T03:42:48.521338+00:00
2012,79,raw/profiles/2012_1866.json.gz,37824700ee27416e25eee7fadab156df997621b582ee84fb2e4ed03e0c489658,2026-09-12T03:42:48.526516+00:00
2012,80,raw/profiles/2012_180.json.gz,fa02372a73a42a658778ddadb21580f505227f5d4c8a32bfb5b87aa1032116db,2026-09-12T03:42:48.731647+00:00
2012,81,raw/profiles/2012_497.json.gz,023a31fcaf8bf313e6e5fcacc123e9789f210f714093074e2bb4d8490c0be669,2026-09-12T03:42:49.225157+00:00
2012,82,raw/profiles/2012_1919.json.gz,75f24b2aa8c73714052b3a3bb682da41c71763b940c467636a81ae7fe4113dfb,2026-09-12T03:42:48.935656+00:00
2012,83,raw/profiles/2012_499.json.gz,95139babf229090fbf59a2e3aa938c5c167f5bbb991075128d0b986ff7169487,2026-09-12T03:42:49.228664+00:00
2012,84,raw/profiles/2012_1446.json.gz,a306cd00e5775b81297e87657c1c28aaa4aa3957debfda5e85dde0aff0718ed1,2026-09-12T03:42:49.427743+00:00
2012,85,raw/profiles/2012_501.json.gz,359bb7d16446a525e3795c6cf62033ca4a54e0f1126065ec6949e01efaec7092,2026-09-12T03:42:49.428203+00:00
2012,86,raw/profiles/2012_1415.json.gz,206f18457b317c2f8edacdb7be245b117baa3c68443d0f9185036c80fccb342e,2026-09-12T03:42:49.627556+00:00
2012,87,raw/profiles/2012_186.json.gz,9e9ee95ddeacd5f8344f53487c9930fc2c15a7332fc6b0e4b6c7cc7642a81ebb,2026-09-12T03:42:49.626235+00:00
2012,89,raw/profiles/2012_189.json.gz,da84161351f5d04ce7e2a38adfe1d1b7b5a55622855755ef0aaaf05585d12168,2026-09-12T03:42:49.881738+00:00
2012,9,raw/profiles/2012_426.json.gz,93648eceae3d033a134bfed11504fed679aa21ac90e0e230ee7e57ea45b621bf,2026-09-12T03:42:49.882597+00:00
2012,90,raw/profiles/2012_506.json.gz,e725d588d4b7aefd8ae4313fc8354c6cc538a456ec7fc2fb0e2a7d25fe6ce0b7,2026-09-12T03:42:50.931096+00:00
2012,91,raw/profiles/2012_191.json.gz,1ff38ed251744cda19a384403932ac02f4c0fdd8c5578673eb9228d8af7b5102,2026-09-12T03:42:50.931755+00:00
2012,92,raw/profiles/2012_192.json.gz,db55c23d9a8d22c0dc788deba467182ba678c1549733ca2262706a4c7b22f57a,2026-09-12T03:42:51.141150+00:00
2012,93,raw/profiles/2012_193.json.gz,965dd281fde3b1266155448bb01645c95871266ec472e92a2cda97e141c14cd9,2026-09-12T03:42:51.139594+00:00
2012,94,raw/profiles/2012_194.json.gz,c7634decc38c930dc5bc820d4fe13815c9cdeff66fdcc027831bb2e74c12ee43,2026-09-12T03:42:51.340237+00:00
2012,95,raw/profiles/2012_195.json.gz,6ae5425d78e9297c56f2e8a6aacd30e3212b536696e97cf1ff3329e63233a259,2026-09-12T03:42:51.341339+00:00
2012,97,raw/profiles/2012_197.json.gz,bd1fc5aae94dfcc588693f8d4062ed00001844adfbb90777ca3446acdd927405,2026-09-12T03:42:51.544620+00:00
2012,98,raw/profiles/2012_198.json.gz,015225146fab40375e07da1d3ec2a4f69108e3b1a6a5fdd4416bd864d195596f,2026-09-12T03:42:51.744623+00:00
2012,99,raw/profiles/2012_199.json.gz,9ce389839fdd9aade600ae0c9aafdbaa8ed9dc3e64a6c27cfdd253e08307837f,2026-09-12T03:42:51.754898+00:00
2012,107,raw/profiles/2012_1110.json.gz,0654efd8992ecaa3a2a1e2cd0f8fa68f6bfa9fa40753a59dbd1962d4d8eb7a9e,2026-09-12T03:42:51.982412+00:00
2012,115,raw/profiles/2012_417.json.gz,e9b555737fa5a1f57a7426adfffe8c9acba286e3bdb9274ecd3eb8cc90423a67,2026-09-12T03:42:51.981781+00:00
2012,124,raw/profiles/2012_2454.json.gz,ce88e9b120e0b85493558806e5f9579079d145ee25464411705f4bc29e553a67,2026-09-12T03:42:52.199917+00:00
2012,132,raw/profiles/2012_2169.json.gz,d3da7719fc6b1cf54b743f0f0f39c4b4678a7f3858cfb5ff00efcdda01b462d0,2026-09-12T03:42:52.197481+00:00
2012,140,raw/profiles/2012_235.json.gz,eddbd5470c2bca2960818d0cd5c9e78f5a1f190635e84861d0294bf7445581bb,2026-09-12T03:42:52.408766+00:00
2012,149,raw/profiles/2012_409.json.gz,ac051b47dd1d39c5bd7433cb0625480e9ccfe53fcbbe5773309a8e6d71115d24,2026-09-12T03:42:52.409240+00:00
2012,157,raw/profiles/2012_564.json.gz,185a0d00db4087366fcf17709245c815cd7397dee9a35bf3cfef03f5d18efc74,2026-09-12T03:42:52.698678+00:00
2012,167,raw/profiles/2012_2339.json.gz,cbf9283fb95e00daadc70dabfe2ee32bdfa4578854ac6718742a4228a8c1ff96,2026-09-12T03:42:52.697567+00:00
2012,178,raw/profiles/2012_585.json.gz,43f2d60c7495b3e74a61f7f70b431d66f50eb4da0006df67b4a8029e0b421d02,2026-09-12T03:42:52.906570+00:00
2012,186,raw/profiles/2012_317.json.gz,7fa4742b76c519ab70ab34c89f9d55848fbd92ba0dffe73a5ceb979e32ae6485,2026-09-12T03:42:52.906251+00:00
2012,194,raw/profiles/2012_325.json.gz,baa083a7e0ef42aa6a1c04f205175209df032c1bd95a9f66a5e37068297c823f,2026-09-12T03:42:53.108408+00:00
2012,205,raw/profiles/2012_611.json.gz,26b9c7adb9ece28957e367b62d88f6af9093243cf018057255f61fc2e10334b6,2026-09-12T03:42:53.106647+00:00
2012,216,raw/profiles/2012_626.json.gz,2c7da7f48f0d3e1d2da8d35f129a2c7219fc1f6ba5d544ba543bc5f72e4a685b,2026-09-12T03:42:53.305635+00:00
2012,224,raw/profiles/2012_355.json.gz,1200ebf58ccce4781f7f5acc30fed144d095b2f1f0fcec46ecb7971d30832871,2026-09-12T03:42:53.312012+00:00
2012,237,raw/profiles/2012_368.json.gz,ee99d8d67b9641412e05d100bd3220c175a1310a76dc727858b192c1d32336a7,2026-09-12T03:42:53.548149+00:00
2012,245,raw/profiles/2012_660.json.gz,23ca764198c735623c80cc023a969ba4fa0c2a174afb916d6d7b13fcd18e1583,2026-09-12T03:42:53.550110+00:00
2012,260,raw/profiles/2012_1706.json.gz,99ebd498532ca308d5b5ff04fc2e57bd295a57081f8d0f2d7c30cac8d4ae9de5,2026-09-12T03:42:53.763502+00:00
2012,272,raw/profiles/2012_403.json.gz,2c527fe6e16d804275c7e0950cdae8b90265a7a4b69e962d3ee236f4fd09f2c7,2026-09-12T03:42:53.765848+00:00
2012,36,raw/profiles/2012_1789.json.gz,6bce1e54c34797766da0ff5895c4ec88dfe4a255ceed353dd2d9f832e15cb6c9,2026-09-12T03:42:53.969167+00:00
2012,45,raw/profiles/2012_146.json.gz,2ba0d72e4db0a084b2c6d258c95f08f298faf63eda6ef11ea5ac959d0695d451,2026-09-12T03:42:53.969780+00:00
2012,54,raw/profiles/2012_155.json.gz,472025870e0d89953a5630ec61cb8ef0b089a0f5bbe5ec25a9e7f2d386ed58d1,2026-09-12T03:42:54.169878+00:00
2012,62,raw/profiles/2012_478.json.gz,ed0bb5d0a7dcb745bf8e341d8885a56a45e30f120ec589c78145ca2add948ce2,2026-09-12T03:42:54.171948+00:00
2012,71,raw/profiles/2012_171.json.gz,f03812b3f8265425c916f77135a86c43a3107bd83bf68ab5e78fd0385c7078aa,2026-09-12T03:42:54.370195+00:00
2012,8,raw/profiles/2012_111.json.gz,e9fc73ec931ed7cd63bb4040ddf4e81ede3bfaed60dd617a65083bf3c047ab91,2026-09-12T03:42:54.374211+00:00
2012,88,raw/profiles/2012_188.json.gz,371532097a50bfef70f06ce621bef6dd2c95f4523861ccb33c5579543c8f7172,2026-09-12T03:42:54.596118+00:00
2012,96,raw/profiles/2012_196.json.gz,04626942f1ff82bf1a6826c64db80398187bdb417c7ef8c066a84538699fb295,2026-09-12T03:42:54.596398+00:00
2017,11-N,raw/profiles/2017_2405.json.gz,150696890cd8bda75eb2296411fe5a56c73438be7ce0a40ef6ce65dc05092a4d,2026-09-12T03:42:54.804385+00:00
2017,1-E,raw/profiles/2017_2190.json.gz,64401165eac18b175a05a192bea08c2b6182cc2d387aaa2d90817dcce299823b,2026-09-12T03:42:54.800241+00:00
2017,1-N,raw/profiles/2017_99.json.gz,14a349809a2c6edfdeb75f8040f776484513b4fedc0a4ac76d3b4c10281ec069,2026-09-12T03:42:55.003439+00:00
2017,1-S,raw/profiles/2017_1994.json.gz,9a7b108b79a8a77f227e3ce85fefd01f1090bb95b755389558a758c5431f19a6,2026-09-12T03:42:55.008474+00:00
2017,2-E,raw/profiles/2017_2201.json.gz,430cba61ee2242643a7f69c7b38c4e1b0448207ac2a03e55c2ed4aaea6401b7d,2026-09-12T03:42:55.201887+00:00
2017,2-N,raw/profiles/2017_1989.json.gz,a02df2192bbcc608f4d5b9b32fb95cedc220eed79996572788a03cd818a3ec23,2026-09-12T03:42:55.210740+00:00
2017,2-S,raw/profiles/2017_2002.json.gz,19d55c2afbd8580abaa90b03fd7ea68c0e2010733cce8f45944e920c8e4909ea,2026-09-12T03:42:55.400612+00:00
2017,3-E,raw/profiles/2017_2211.json.gz,442545e34aed5dc4ea802cc21020b0c1d97fb022a1d5d3db9d1dcfaa4303a1fd,2026-09-12T03:42:55.409083+00:00
2017,3-S,raw/profiles/2017_2012.json.gz,6a6b785f297300b66a72e656bd51a4ace729d9f482acaf0db896d3bebe22798f,2026-09-12T03:42:55.650715+00:00
2017,4-E,raw/profiles/2017_2229.json.gz,af1712cf8e7d3b3284a809804b3973b5cd1fa1b76317cd4aaf8f6874e2112d0d,2026-09-12T03:42:55.651561+00:00
2017,4-N,raw/profiles/2017_168.json.gz,944967536705e5855c0bd411f63e8b237f162296a4400006e4befa8db0a98212,2026-09-12T03:42:55.850394+00:00
2017,4-S,raw/profiles/2017_2018.json.gz,ea8b8b95c71843ddd35ba17acf0a8d8f491ebcc9e640316db068ff5b5c030e14,2026-09-12T03:42:55.857156+00:00
2017,5-E,raw/profiles/2017_305.json.gz,5ad53a459c14668866c8258d50fa35d0a41efed9582bd6d5b63699e83a7fd197,2026-09-12T03:42:56.050272+00:00
2017,5-N,raw/profiles/2017_1968.json.gz,7632c8817ef9d9b5aeff1b40415e99b1979bebd1be2b2a937e6dfc976fb89065,2026-09-12T03:42:56.064906+00:00
2017,5-S,raw/profiles/2017_2022.json.gz,d2b76edee2fc80f58dd8c25e6580e44d08ce6b61b213f30644c1806346f4b6ac,2026-09-12T03:42:56.260885+00:00
2017,6-N,raw/profiles/2017_1983.json.gz,352b616c7ff722a91215e2beea016b37993ec4da881edf55c86fede7f75fedf4,2026-09-12T03:42:56.267117+00:00
2017,7-E,raw/profiles/2017_282.json.gz,9e284a322910d84cb42d4ba691023b2d0134c875a7cb290c2b3b7629c30d37a6,2026-09-12T03:42:56.471445+00:00
2017,7-N,raw/profiles/2017_1959.json.gz,edd88fbc41fd5a290fd7045dfc2961aa309b1558458ecb121d6dcb771e24839a,2026-09-12T03:42:56.465070+00:00
2017,7-S,raw/profiles/2017_349.json.gz,d9d3391aed2ab294f49dcdcec89df2f08a63573a04ec4aba97d8e15ac354cc7a,2026-09-12T03:42:56.698142+00:00
2017,8-E,raw/profiles/2017_276.json.gz,85597ed28b6743e9ada9dfb36293c67c2f1ee319d77f422c4c1b1a391adad4df,2026-09-12T03:42:56.703250+00:00
2017,8-N,raw/profiles/2017_1953.json.gz,5151b31132a4cbc577423f3b3df42b4d96075f9ff39bede4f054c07ac8ca6aa8,2026-09-12T03:42:56.910115+00:00
2017,8-S,raw/profiles/2017_2032.json.gz,2fb32ff87590b58d8ab81e183d48ef3f6127228abfb53dd952a7faafd816ccf2,2026-09-12T03:42:56.914498+00:00
2017,9-E,raw/profiles/2017_2783.json.gz,a1cb6dcf5a65d61b5de7071f371997f49dee07b99e9b78fbcb74f6e966c27141,2026-09-12T03:42:57.118429+00:00
2017,9-N,raw/profiles/2017_1940.json.gz,bfa2bd2f172f43aae93735b57aaa7d8b7c4b6f1918568b53854b05b42165f74e,2026-09-12T03:42:57.120467+00:00
2017,10-E,raw/profiles/2017_53.json.gz,a94081ab457a7ffb4ebdc3be5e11cb7e8f0e7d586c5f098853f89c3624703d3f,2026-09-12T03:42:57.320269+00:00
2017,10-N,raw/profiles/2017_1926.json.gz,ce14577d6cc1f8cbfb750ef641b6df4e335e7e153ba825510a7bf4c3f8dc324c,2026-09-12T03:42:57.320604+00:00
2017,10-S,raw/profiles/2017_2270.json.gz,39432a4a89014c539b79c6686a9d21e916cf2a21dda654bbfbfebd4c75834156,2026-09-12T03:42:57.524037+00:00
2017,11-E,raw/profiles/2017_854.json.gz,0f9ae82301029b540a97ef06531fae5b27f8c69a908f1a55f92f7dcf0198e98f,2026-09-12T03:42:57.603820+00:00
2017,11-S,raw/profiles/2017_2033.json.gz,2848d11c1288a0dc00ae85f3edb5ec5b73647f883ba8fe11e5b996b3ee03b359,2026-09-12T03:42:57.742711+00:00
2017,12-E,raw/profiles/2017_870.json.gz,db0577226e50391290d6152c98a22dab35d305567b196598524d4ceffc0e287b,2026-09-12T03:42:57.810319+00:00
2017,12-N,raw/profiles/2017_907.json.gz,5c121429ab4f3c322ac722e8163dce2927f5e4d9e0d8bc3a0d6056b984e68e73,2026-09-12T03:42:57.952166+00:00
2017,12-S,raw/profiles/2017_2034.json.gz,790c4245c2e52733a23111b041a47b8bf7ddb46f0ef4af39c940d8cbafb65fe5,2026-09-12T03:42:58.009478+00:00
2017,13-N,raw/profiles/2017_921.json.gz,4075e4e810e1fbea35ae17987ba4cec04b740e4eea18fd791ba8f021f6bb22ce,2026-09-12T03:42:58.155985+00:00
2017,13-S,raw/profiles/2017_2046.json.gz,3ae8ed862f5815f7cc429db5316053de22653312542f90fe39510996bee82424,2026-09-12T03:42:58.268112+00:00
2017,14-E,raw/profiles/2017_882.json.gz,e6ab7fdc219cd5d74fea068613d848fac4731fced06abf2b540c1135a2492994,2026-09-12T03:42:58.367310+00:00
2017,14-N,raw/profiles/2017_928.json.gz,28fc1e63f62ec3436a45a53e776c23ffe99aca0a7aa0007b2c2d7feb31886942,2026-09-12T03:43:01.168684+00:00
2017,14-S,raw/profiles/2017_2329.json.gz,de1da62a74c49130ceffc314767876052e10e0804ca48be39f8e9745ebe8d6dc,2026-09-12T03:42:58.569232+00:00
2017,15-E,raw/profiles/2017_2283.json.gz,838f779319641cc526ea714178f0a371e1188bfe016dce785e8be182253df014,2026-09-12T03:42:58.792328+00:00
2017,15-N,raw/profiles/2017_937.json.gz,3bdcc9b9508a6e185871c719eaedd820adca5efcfb00d17d1ae8cc601e2284f2,2026-09-12T03:42:59.005514+00:00
2017,15-S,raw/profiles/2017_2331.json.gz,b6961cc5c45df89c18b697bf42e2c4fe0067caf6231e19dad80c6ecaff9a7903,2026-09-12T03:42:59.217057+00:00
2017,16-S,raw/profiles/2017_2057.json.gz,c798ce0586d734356b50022f89c6fbf750fa8f7aedee0f70f3cdcbd7d03f853f,2026-09-12T03:42:59.423570+00:00
2017,17-E,raw/profiles/2017_2298.json.gz,31a1724a47eb9fbdc5029a426d8a7b992f34d7fb2f21cacf89f18a0a9bc97151,2026-09-12T03:42:59.707833+00:00
2017,17-N,raw/profiles/2017_2446.json.gz,b3147d61a807a67bec1d1644bf71167ec60750a3044e9e0d9b2f0e849154c10b,2026-09-12T03:42:59.910534+00:00
2017,17-S,raw/profiles/2017_373.json.gz,9c6d4701e61970b5b2aa33aa4c858c489c9cac6b9e3af928f48f86abb9a1240d,2026-09-12T03:43:00.117934+00:00
2017,18-E,raw/profiles/2017_257.json.gz,6fdf2fad6754b79d900716207e297c3d5ca4005fb68f102e3b2a826e94c0d9d7,2026-09-12T03:43:00.364099+00:00
2017,18-N,raw/profiles/2017_2457.json.gz,7a7ded82c433ada14aaf2ce76e12aa870f07613d73f48eae46d2650caa66e89f,2026-09-12T03:43:00.569847+00:00
2017,18-S,raw/profiles/2017_2053.json.gz,a2d7c99c7f7921f4f102679d12be7f57df32ca7b418fbd478140914ec72e2d20,2026-09-12T03:43:00.774404+00:00
2017,19-E,raw/profiles/2017_2308.json.gz,e08d11174fb322c1486ad5c338f60fde5c13b2d13ca96185dd96604f0cf7ddfd,2026-09-12T03:43:00.973976+00:00
2017,19-S,raw/profiles/2017_2522.json.gz,ba1c4734694e0f5689d7cdf152f3db9c94ca947ef4779a27e8462349ea7d9148,2026-09-12T03:43:01.180198+00:00
2017,20-E,raw/profiles/2017_254.json.gz,ff7ceab637b8b5a315743711a0bfc6aaa80c96be7cde2c7d8d15d05649a37548,2026-09-12T03:43:01.414937+00:00
2017,20-N,raw/profiles/2017_2474.json.gz,39a8d6d2b3b3270a57ccc06fdbc8bc97b5745efe751e8654e4fc53add8901434,2026-09-12T03:43:01.415437+00:00
2017,20-S,raw/profiles/2017_2531.json.gz,04b71226535b3c7743c04cb9494ababefa12d5555148e50b77d87695f3c391b0,2026-09-12T03:43:01.620556+00:00
2017,21-E,raw/profiles/2017_252.json.gz,ed9f6be5d18e4c2eb0872795d34736ee41fa8327ab4ef8a4d7cf45fc945c7f60,2026-09-12T03:43:01.626929+00:00
2017,21-N,raw/profiles/2017_2491.json.gz,a6266f6138b389a7ca875d880606e4ccc5561c8ee6041eed762fb1ee110b1a10,2026-09-12T03:43:01.825578+00:00
2017,21-S,raw/profiles/2017_2070.json.gz,dbdb2711e0cad5f9fa1e26d2e9859037ea17cb75dfca9f516385da7c102b0b50,2026-09-12T03:43:01.826156+00:00
2017,22-E,raw/profiles/2017_245.json.gz,6589d33454172847ef419aa353e1e4a8f7bc660fdc0a2dc8eba9be52b5c60b55,2026-09-12T03:43:02.030052+00:00
2017,22-S,raw/profiles/2017_2552.json.gz,091fca9f2e48d485a2ff69506fa4c5d01d026121778ab7abb45aafaa01f84a83,2026-09-12T03:43:02.035895+00:00
2017,23-E,raw/profiles/2017_242.json.gz,238c67f68def71d7760fb6f0992ce9aeda3e4a449c29734deff59362d4b05ba1,2026-09-12T03:43:02.227168+00:00
2017,23-N,raw/profiles/2017_2512.json.gz,f587c6d4b25f1664a61d7eb616aeaacc67658c881c5e1309d76860f12be00d0f,2026-09-12T03:43:02.339336+00:00
2017,23-S,raw/profiles/2017_2074.json.gz,e6270b7dc93a154cadc53a311f185798e296c49a06904c15d2481da8b602bdb7,2026-09-12T03:43:02.465162+00:00
2017,24-E,raw/profiles/2017_2328.json.gz,9de1142784bc9a5a335103d1f9c781fa1d1b33c384436de8e1762d7d2c0f89b4,2026-09-12T03:43:02.551230+00:00
2017,24-N,raw/profiles/2017_989.json.gz,0f8c51e1c1e70840f2dbafcde2a0cf0048223a1e0e619c60573a5533f32833d6,2026-09-12T03:43:02.679248+00:00
2017,25-E,raw/profiles/2017_2338.json.gz,009a1ee432d57e7d3a430c70de91cf394733bc0b45d9cbcdb28585f56e54cda7,2026-09-12T03:43:02.755195+00:00
2017,25-N,raw/profiles/2017_976.json.gz,7001b25683bdb6e5ec406c9633635a7b411fd8f1c5e1a4b7058850d330f574f4,2026-09-12T03:43:02.885732+00:00
2017,26-E,raw/profiles/2017_226.json.gz,a288e865a2c45952b269f657eba6084f8df6b161bef20149e871fa688a72212f,2026-09-12T03:43:02.985714+00:00
2017,26-N,raw/profiles/2017_983.json.gz,59ddaa02a631197c72ba775598c86cb47392bc3118264fa0f6331ca45c003edc,2026-09-12T03:43:03.082591+00:00
2017,26-S,raw/profiles/2017_2100.json.gz,f05a9962267de997e38385ee495ead4f896a39adc1105a14143c38fe347195d2,2026-09-12T03:43:03.190115+00:00
2017,27-E,raw/profiles/2017_2346.json.gz,56f303b8caa982a4e5ed8767e8f6d87028c1bd02f55b918123b82842eae405f0,2026-09-12T03:43:03.279847+00:00
2017,27-N,raw/profiles/2017_1005.json.gz,9925a9b3a2ac3f070956ad787fb9182def1670bcc49d0651856a4a5b8eefa70d,2026-09-12T03:43:03.891010+00:00
2017,27-S,raw/profiles/2017_2102.json.gz,45dc19d562c56e81eff3e71cade11c87d3a01ab000e097eb3369d7c7db963af8,2026-09-12T03:43:03.509880+00:00
2017,28-E,raw/profiles/2017_324.json.gz,8062acc7c6bb91da8373b1f17f19b246c2f2ec83745d2c08660c9b827a252bc3,2026-09-12T03:43:03.713385+00:00
2017,28-N,raw/profiles/2017_1025.json.gz,afd20a78ee440c4d07605f2ae36b577c8d314c3f3be0d063beece6d6fbac01ae,2026-09-12T03:43:03.911997+00:00
2017,29-E,raw/profiles/2017_2360.json.gz,786f082e95044bd799a888fa49a95e63ea8090303b25d6d52f75fb389d54ac18,2026-09-12T03:43:04.096664+00:00
2017,29-N,raw/profiles/2017_2651.json.gz,4aee0f5173caa2f36d11a2668f96a70d9e33ed021442436ad451c5f397a733a9,2026-09-12T03:43:04.112269+00:00
2017,29-S,raw/profiles/2017_2702.json.gz,8ea9933e2b93e58a27b9ec6889564fb1e7814c8466e831f07ad03e6f12314a37,2026-09-12T03:43:04.562592+00:00
2017,30-E,raw/profiles/2017_890.json.gz,41e3428e8061b717bbc9125b8e42814098da040d832e91c98a2a0eb64d936159,2026-09-12T03:43:04.308929+00:00
2017,30-N,raw/profiles/2017_2655.json.gz,7f8eeec015c501f1d3ee260ef0f641965e04f0052843504585348c953cfe9728,2026-09-12T03:43:04.559166+00:00
2017,30-S,raw/profiles/2017_2112.json.gz,febf019ffbb167143cefc964d0bdbc0479a6a47d482fd7a1dae13553b7f6859f,2026-09-12T03:43:04.759705+00:00
2017,31-E,raw/profiles/2017_784.json.gz,fdaa64f165dd70ff66c8f570c9cc5bc8524d52d19b077ed7948e67185000c3d0,2026-09-12T03:43:04.774442+00:00
2017,31-N,raw/profiles/2017_2663.json.gz,ef882d522793627a60cb468507ca7d99195a065268c8a84aa6710e70494938a2,2026-09-12T03:43:04.964002+00:00
2017,32-E,raw/profiles/2017_789.json.gz,c6a95721ca4ae9e8ef32463daa7b87ed0112538c5a951d10182548b86f101276,2026-09-12T03:43:04.978956+00:00
2017,32-N,raw/profiles/2017_1087.json.gz,000ecdf1f508bfe666e12313b667c40b2a089b9511adbbc3ef6a0e1b219d08f2,2026-09-12T03:43:05.163412+00:00
2017,32-S,raw/profiles/2017_2134.json.gz,e0c9486694821f823d68e9e0aa014c6fcfafaff36db766ac5183e300f5fd50bd,2026-09-12T03:43:05.190808+00:00
2017,33-E,raw/profiles/2017_2387.json.gz,683b43b84f9a4127fdb7cac7a6bc7156f783ca6b31bfe0524fced44111ef3a89,2026-09-12T03:43:05.364305+00:00
2017,33-N,raw/profiles/2017_1059.json.gz,ed2f699ac7b9ec70550bf5ef1c97e909d220900336a3352ecc2b9ecb9bc10ed5,2026-09-12T03:43:05.469573+00:00
2017,33-S,raw/profiles/2017_2795.json.gz,d381483be91f7d4dc7510f6e7107f9332c5109ce92f46f072254eb46de3a46e7,2026-09-12T03:43:05.606050+00:00
2017,34-E,raw/profiles/2017_44.json.gz,7ecbab284f18c41afa5cf01793eea06423d73b8d0e3b64f3b4b12020b3904387,2026-09-12T03:43:05.669806+00:00
2017,34-N,raw/profiles/2017_1073.json.gz,048cfcc8ecc1fa62d04ce64337c5fcb086f0c2fb329adaf9e5bf37dcc9b72f95,2026-09-12T03:43:05.816191+00:00
2017,35-E,raw/profiles/2017_2414.json.gz,cb422f241e232e27a6befe226559f6c9fc536511693517743f7d5a47343902de,2026-09-12T03:43:05.870407+00:00
2017,35-N,raw/profiles/2017_1099.json.gz,417a331cf7496d7e0bb69d2ab2ac9db49a7579109ebf6ec1e793717be6b571c9,2026-09-12T03:43:06.024079+00:00
2017,35-S,raw/profiles/2017_3034.json.gz,8c0fbe9b725b2572b817360e203f9819aad9e66891bbedd44c4cc8ab5d7f1409,2026-09-12T03:43:06.147029+00:00
2017,36-E,raw/profiles/2017_776.json.gz,2ea788190ecb55d2d17ee53ef805faf9c8bc8d3806ff6d302e74a736937e277d,2026-09-12T03:43:06.222057+00:00
2017,36-N,raw/profiles/2017_1111.json.gz,f69caf0c32d038ed6cb08da01d354e52d2e23c0efc80a2c6839f713f217c54b9,2026-09-12T03:43:06.384242+00:00
2017,36-S,raw/profiles/2017_2163.json.gz,38d62d0bc307ce63d0d3c0783a6750119a2d1f4b0c4d3c6c321e83247eca105b,2026-09-12T03:43:06.423393+00:00
2017,37-E,raw/profiles/2017_476.json.gz,62271950826af07c18c744a033609b88ce36948b4e721429e7272febeaa8ae2e,2026-09-12T03:43:06.655965+00:00
2017,37-N,raw/profiles/2017_1126.json.gz,d9645e8c97f31bf5081f0113b29ba12d099b8b8a97f258af2fcf13e09e044de2,2026-09-12T03:43:06.657864+00:00
2017,38-E,raw/profiles/2017_770.json.gz,557a81464c52a1fc2446bc116f66b38d1bc4517546bde5bf8e2641612080a534,2026-09-12T03:43:06.869489+00:00
2017,38-N,raw/profiles/2017_1148.json.gz,942a8b1baaa4b08020877e4747fc66c4ef0c620af1a28884929c878d862a09cc,2026-09-12T03:43:06.877169+00:00
2017,38-S,raw/profiles/2017_2178.json.gz,9d9b9dfc64cea3a8c75ac87fa5d5b624c7cf8f8283d6be52d0b36953c1337a7b,2026-09-12T03:43:07.079500+00:00
2017,39-E,raw/profiles/2017_2518.json.gz,6eb08920853e162d3597882f46556ef3ce61d1d2ecb75f3355af48fb45666daf,2026-09-12T03:43:07.084865+00:00
2017,39-N,raw/profiles/2017_1162.json.gz,1cf8654650209b23413e2195fe6c4e413c0886cf8b0624f0eaf3cf612cf5f043,2026-09-12T03:43:07.289353+00:00
2017,39-S,raw/profiles/2017_422.json.gz,19a12ff42bbc784ea6c1fca0d4befec4786a5045effffcf6a52a5482ec14ec02,2026-09-12T03:43:07.388192+00:00
2017,40-N,raw/profiles/2017_1313.json.gz,b3c65df72e18b17cad04cf2106fe5f44e9d0bc80120cdee5d1f50115bd207f0c,2026-09-12T03:43:07.565670+00:00
2017,40-S,raw/profiles/2017_2184.json.gz,20930dc9a31d8655cb5f10d4e85e8608f1e55d4c946d14183311e64e4fb15188,2026-09-12T03:43:07.589870+00:00
2017,41-N,raw/profiles/2017_1368.json.gz,e7314898b4a9f1aa6b6826823437331f3fe11d3565492874b4b282cbf9a82838,2026-09-12T03:43:07.764167+00:00
2017,41-S,raw/profiles/2017_293.json.gz,177756b9cce1a3efa434b3f361f229a09efb669c6a39ebc7ca111a64adf10998,2026-09-12T03:43:07.791293+00:00
2017,42-E,raw/profiles/2017_747.json.gz,bea67c79c59c173c1ee1e6548716cc45b2c2f7a810394a176c76a2360cbfc528,2026-09-12T03:43:07.968086+00:00
2017,42-N,raw/profiles/2017_2737.json.gz,e2fe077055ca506653586a06d89991f848175afbfdddf9c64b8910f8c5f1c61f,2026-09-12T03:43:07.990488+00:00
2017,42-S,raw/profiles/2017_415.json.gz,33204afea8c63d3599cbf674d24391126e43be16f81bdd8aa9585d93fb8c31a8,2026-09-12T03:43:08.236969+00:00
2017,43-E,raw/profiles/2017_2636.json.gz,01ab13680a63d684ea70d93c4912a3fbfec4c6c99a654519c53691da76d70814,2026-09-12T03:43:08.243796+00:00
2017,43-N,raw/profiles/2017_2774.json.gz,f8f42315194f65214aa710d65d834d74afc172b2b62b8d4693b72dc7f1b32bf9,2026-09-12T03:43:08.445506+00:00
2017,43-S,raw/profiles/2017_451.json.gz,754ff6b8ecb51fc8bc52dbaa1e153aa553b73355f5688ba2cfcf76e2a92eee67,2026-09-12T03:43:08.454686+00:00
2017,44-N,raw/profiles/2017_1383.json.gz,0e1d2bd07d0afd8fdc776620627cea48a3bf12f145290a1b128c9dfe99f26355,2026-09-12T03:43:08.666133+00:00
2017,44-S,raw/profiles/2017_486.json.gz,b57cf595cb42441ebbc11fb9b004e32cad3c8e514429b638a9520dcbea355b6b,2026-09-12T03:43:08.673577+00:00
2017,45-E,raw/profiles/2017_617.json.gz,cec39a99d8f987a34960d45746f5c3280781210220269a6eddf9cd5f346e589b,2026-09-12T03:43:08.958257+00:00
2017,45-N,raw/profiles/2017_1401.json.gz,5889e32718db9be31de2a705b815a81b3f5423e444f17bf9a7db0fd555179748,2026-09-12T03:43:08.955892+00:00
2017,45-S,raw/profiles/2017_511.json.gz,1302617576990013ff948ed0c14ab2a59ec19e24f56567a8a76a0820ed05b9cf,2026-09-12T03:43:09.160894+00:00
2017,46-E,raw/profiles/2017_611.json.gz,89f253a2d7305dc6ecd5968c3e41f54351e3119a1ce70195583e53683f09844e,2026-09-12T03:43:09.159999+00:00
2017,46-N,raw/profiles/2017_1407.json.gz,01b5587e2c7407a997f60b1b2a6e18e96a78577abba8aa730dd45a5b5e72c6d4,2026-09-12T03:43:09.366752+00:00
2017,46-S,raw/profiles/2017_536.json.gz,b77648c6f63dcfc2b34841c4b93d3b6a1bb667905ad0f914b3efca88f9a31e8a,2026-09-12T03:43:09.373075+00:00
2017,47-N,raw/profiles/2017_1421.json.gz,ef9528956efceb4ce9658eb9b0c1c591f36eb5a47509ce78aa8fa68978b6d6fc,2026-09-12T03:43:09.578063+00:00
2017,47-S,raw/profiles/2017_396.json.gz,62812748903fc193f681f1ccefd9972e6c76bf7b43cbafd8d7fb1d2da0e62b2b,2026-09-12T03:43:09.586138+00:00
2017,48-E,raw/profiles/2017_2676.json.gz,2f73d7ef4b513cff2916af25a26837054e4e1695ddbe80fe5a16c3f75832b4d2,2026-09-12T03:43:09.803419+00:00
2017,48-N,raw/profiles/2017_1437.json.gz,8f4e9d8779249a05dc0e532cb516bb020c16ab13e6c10009a9c347d5a908b69f,2026-09-12T03:43:09.804752+00:00
2017,48-S,raw/profiles/2017_2948.json.gz,8645fdb9ca518ba31e549fdd7a6bba99887de1981144c2d6b4f2449d1f7fc3d8,2026-09-12T03:43:10.042057+00:00
2017,49-E,raw/profiles/2017_2685.json.gz,8448b08685f743ea4c5562424bfa12b24d4682d7e0f54963b79e0a91de8b68b8,2026-09-12T03:43:10.042580+00:00
2017,49-N,raw/profiles/2017_2830.json.gz,4c33fd4d989fa0d22d43e5987435df4ac9387e6f4814a05e26d3ae4bdca9eebf,2026-09-12T03:43:10.239137+00:00
2017,49-S,raw/profiles/2017_377.json.gz,db1d29add19be2b1a9ef6c5fb60a6929dc24a3417fec3b90828e9e9b29a29a80,2026-09-12T03:43:10.327503+00:00
2017,50-N,raw/profiles/2017_1470.json.gz,249155b483f3d620752a30e0916351376f1ccddfc7365402a98b4e2ec3bc9322,2026-09-12T03:43:10.522149+00:00
2017,50-S,raw/profiles/2017_526.json.gz,b52d10b04043edf41cc511201b8a1f93996237fbf0165f07f28bf7e4e8597409,2026-09-12T03:43:10.538868+00:00
2017,51-E,raw/profiles/2017_566.json.gz,8c419da11aa879b6cae5003f3d110928843b26944386ddd416d9905c0be399bd,2026-09-12T03:43:11.262409+00:00
2017,51-N,raw/profiles/2017_1491.json.gz,c80bad20e041b62eb3e741205ff9beb7607efbeb7c8eb12a5106b0e009bd4ba2,2026-09-12T03:43:10.747733+00:00
2017,51-S,raw/profiles/2017_2963.json.gz,d3e742cf3d20e93a35765f6eddde860b22f5c3a2828c64940726dbb11f5e4b3c,2026-09-12T03:43:10.947989+00:00
2017,52-E,raw/profiles/2017_740.json.gz,95616c9ed8dc8ad279fa34d833ebded31b08592922ccafb8dc5e223066acfa50,2026-09-12T03:43:11.146390+00:00
2017,52-N,raw/profiles/2017_1519.json.gz,e8624426407b82845ca9b4e43aabb39d00913cf3da6c79ca94ab3a81ab6d2475,2026-09-12T03:43:11.374523+00:00
2017,52-S,raw/profiles/2017_502.json.gz,3ad8c422c1db937605bf2778db873b9b4d38d2749c912dd2007aa4657b754c23,2026-09-12T03:43:11.464095+00:00
2017,53-N,raw/profiles/2017_1564.json.gz,d8cc23f354e12f5f911d0534e527e512374d4a4aa8548fb799af60ad06f7578b,2026-09-12T03:43:11.585839+00:00
2017,53-S,raw/profiles/2017_2239.json.gz,36d37af8d5cd1c75221ac73382892f0cbeac623bd7d417df7f1a0e94114411fe,2026-09-12T03:43:11.665453+00:00
2017,54-E,raw/profiles/2017_720.json.gz,21910b68ae7ae8c9e43272c9160af51479bf5e9090a9fe754111aa0c2f0bd052,2026-09-12T03:43:11.797944+00:00
2017,54-N,raw/profiles/2017_1583.json.gz,4454930a97cd12a5f484ed9473b1ee7aa927dfb7071f319a4917892192278e7e,2026-09-12T03:43:11.900512+00:00
2017,54-S,raw/profiles/2017_469.json.gz,861484016b9d3fe455a44a29501e8edf8ac9fa4e37fba0a3149c455c15dc8dfe,2026-09-12T03:43:12.701782+00:00
2017,55-E,raw/profiles/2017_2719.json.gz,ed762fbb07ec17a87cebcb7fe1a6481737c46bf78534e240129a6d529b84aa7b,2026-09-12T03:43:12.108382+00:00
2017,55-N,raw/profiles/2017_1571.json.gz,9520eff4c4376450498f4bc078c5149198a54b4b7e94cc4558cf93931e6ed421,2026-09-12T03:43:12.309540+00:00
2017,55-S,raw/profiles/2017_2248.json.gz,e35d096428e6e578efc9e1a447099d8e837a05d9287735e802605a1b7325244c,2026-09-12T03:43:12.522384+00:00
2017,56-N,raw/profiles/2017_1593.json.gz,f3a5d8eedf46834c106549fe7edbf1dbdbb8f033ed6ffb0fc6aa3c2fd24117b5,2026-09-12T03:43:12.737173+00:00
2017,56-S,raw/profiles/2017_452.json.gz,cc1ecf08e63ace4b0e5c7f78a3cc0b7f25c7cb5421e7f591c2e1a8b85e5d065e,2026-09-12T03:43:12.946908+00:00
2017,57-E,raw/profiles/2017_2741.json.gz,4d820b94e347ddd7b87e3fabf4ad8066a529b99a458d23441d0ff9bb6f94bcce,2026-09-12T03:43:12.947782+00:00
2017,57-N,raw/profiles/2017_1595.json.gz,b9876ddd191c23319d6b862e34cf7832acc08a1af2a3993687f5c0f83b77de8b,2026-09-12T03:43:13.702694+00:00
2017,57-S,raw/profiles/2017_441.json.gz,795dcefd43504def3fa6e8f329ed0f9c2e3f0a12d7b7239eb4c437d10e10ce20,2026-09-12T03:43:13.668648+00:00
2017,58-E,raw/profiles/2017_713.json.gz,d8a7d49493f87f0818b604853b68e9dd9f265578ad21871e5e65027a826abe75,2026-09-12T03:43:13.867653+00:00
2017,58-N,raw/profiles/2017_1604.json.gz,99e831bf42c271b91ea718273f1f460c42f6153971ccc826fd593648ce4629f5,2026-09-12T03:43:13.900970+00:00
2017,58-S,raw/profiles/2017_432.json.gz,da3e00b944e960c0fdc20d40f2772de327c840475b60c2959b715ef8fdd2aad0,2026-09-12T03:43:14.072916+00:00
2017,59-N,raw/profiles/2017_1611.json.gz,1decddb063a080d436e8f1f5d598cc45b6c4caaad228199f4d648c2f4babab8f,2026-09-12T03:43:14.206696+00:00
2017,59-S,raw/profiles/2017_647.json.gz,dd55adcbaeb369fac9eab41a1551d0cf3257b04700807c28e84b865d84209956,2026-09-12T03:43:14.269336+00:00
2017,60-E,raw/profiles/2017_704.json.gz,a7a54d7f6d70821d87b35cc2c55a3d7e9a4aa39528d8ab8686dd315a4acd1752,2026-09-12T03:43:15.044223+00:00
2017,60-N,raw/profiles/2017_1617.json.gz,f1769c4d1b0e2696845b174786eb8313d199c617996a31192f70dd645f294ad6,2026-09-12T03:43:14.522942+00:00
2017,60-S,raw/profiles/2017_553.json.gz,ade35ae9a051c3ea7e39cfb7e43d858b4a3ab153a95f74682d24e51f0e991edc,2026-09-12T03:43:14.737139+00:00
2017,61-E,raw/profiles/2017_689.json.gz,9897a602f4d96ee824466530dd5e649a5c2934a2a19676a8afc2922e8aba4772,2026-09-12T03:43:14.945863+00:00
2017,61-N,raw/profiles/2017_1623.json.gz,f74339749cc3774815f14e867c94958ec2e5980c8b9ab1f848f81b0416648cf4,2026-09-12T03:43:15.145791+00:00
2017,61-S,raw/profiles/2017_587.json.gz,1efdea76c11d6184aa46fcd89dcb386b39171d9c045fdbe35aa9db7f555ef855,2026-09-12T03:43:15.258345+00:00
2017,62-N,raw/profiles/2017_1841.json.gz,6261a7bc5820f19be3e99681bd8dbf5ba48e32cb0ad284b26c9a844a38c75d33,2026-09-12T03:43:15.344796+00:00
2017,62-S,raw/profiles/2017_632.json.gz,f416f23bef633f4e4ed33493f8435c290e5229e4a1a4bae74b5be641afa92430,2026-09-12T03:43:15.463684+00:00
2017,63-E,raw/profiles/2017_9.json.gz,1ae99033833af0fa40cb04f222915aaafa6d8a772c2fedd8494edd3081c02042,2026-09-12T03:43:15.573365+00:00
2017,63-N,raw/profiles/2017_1636.json.gz,16c20c5a0b1be7cbf16a114e018d0c4e9c34df8235ebdc83cebd608fedff5b85,2026-09-12T03:43:15.663449+00:00
2017,63-S,raw/profiles/2017_624.json.gz,a667ee912ded42c4a7d0dc64348f9c1d829aab98b76a8ed943c0410e5f41cdf4,2026-09-12T03:43:15.776936+00:00
2017,64-E,raw/profiles/2017_6.json.gz,46f2192b3b800e29f8859869995857d4a34b24c0f6fa35723cc0a0d0d7fb0207,2026-09-12T03:43:16.681679+00:00
2017,64-N,raw/profiles/2017_1829.json.gz,9a3bad58355b17c7caf1d8a8fe5bde438934a8c0cf22f7b75acbb996d3819333,2026-09-12T03:43:15.982355+00:00
2017,64-S,raw/profiles/2017_808.json.gz,8310cf4a2240104fd25baa7512158798025d15e00bb4617a0ebad13960e71c29,2026-09-12T03:43:16.189794+00:00
2017,65-S,raw/profiles/2017_802.json.gz,f8483ad519a9f23444ddb34280e06dd5caa871092e53a09e4603d9b31ac6324b,2026-09-12T03:43:16.388977+00:00
2017,66-N,raw/profiles/2017_1646.json.gz,f75d50f449e5bd063b5de3fb9698f1e00af899ae9cea60b9793d8ce26e38b479,2026-09-12T03:43:16.623480+00:00
2017,66-S,raw/profiles/2017_838.json.gz,c823aafd6de13a09f2cff077d1c0d3842414e437ec51e101f93814b035c55796,2026-09-12T03:43:16.828465+00:00
2017,67-N,raw/profiles/2017_2472.json.gz,ba31ab358d1a7835585fd7ab7187b09109050d426b9260e167903eff3050f970,2026-09-12T03:43:16.876132+00:00
2017,67-S,raw/profiles/2017_829.json.gz,d618536776ac99c74208b5c5c3f6521eaa9bf0390a1bd72dcfd56f0b00216f63,2026-09-12T03:43:17.027399+00:00
2017,68-N,raw/profiles/2017_1657.json.gz,262bf7b533f59c1a08273d63c960c149be5262c94c87d6b71ba22f2a935eaa37,2026-09-12T03:43:17.141986+00:00
2017,68-S,raw/profiles/2017_817.json.gz,cd57f80101c3b23da3f7e4f55709baf231df0950d3a4b97d3e9c6907e5997d26,2026-09-12T03:43:17.220811+00:00
2017,69-N,raw/profiles/2017_1665.json.gz,395ec2e318d226222659236d43e3f6e847ada3ee67128f391d876458b87bfe1c,2026-09-12T03:43:17.355999+00:00
2017,70-N,raw/profiles/2017_1672.json.gz,2b5c4fa8c72fa34afb23b19cc7ed16eb4abed2cfd367abd1e3c22b177a6b8b2c,2026-09-12T03:43:17.417585+00:00
2017,70-S,raw/profiles/2017_2571.json.gz,65b7b43c47a00168d31ad1985f2a446f1ac02e42330abc93b346004eb856e2c7,2026-09-12T03:43:17.554748+00:00
2017,71-S,raw/profiles/2017_2579.json.gz,d27596b9dd9f02ae5b6de3838ed30aac134fffdd998acc547c0fff7d5e26de81,2026-09-12T03:43:17.666823+00:00
2017,72-N,raw/profiles/2017_1678.json.gz,75e3ce5cdd4919f2e5713ef9401cbd40a3931bea6ff7b3458f0ead9c00acce5f,2026-09-12T03:43:17.759787+00:00
2017,72-S,raw/profiles/2017_1206.json.gz,b8a9ce7a14d0f3c8f02939afc81b3cda8201737009e04da2279696a5e29fe19d,2026-09-12T03:43:17.873194+00:00
2017,73-N,raw/profiles/2017_1679.json.gz,bb6d3c277f32464bb77579075cb07521dc7c641a0255b237c319510089db5c3d,2026-09-12T03:43:17.957817+00:00
2017,73-S,raw/profiles/2017_1215.json.gz,a73fdd9dcefe359ed7824ec04b44607034bfc08592a1264b4651468bda042a58,2026-09-12T03:43:18.072816+00:00
2017,74-N,raw/profiles/2017_1687.json.gz,8eca8735dfdd03b938bc7dd6e6139e529479ea8561242767ceac8d3ec30b8673,2026-09-12T03:43:18.195302+00:00
2017,75-N,raw/profiles/2017_1821.json.gz,6894826e57be9d8b1891244f016da6343cdaee3521e185df779f2d5f2a7f5dac,2026-09-12T03:43:18.272644+00:00
2017,75-S,raw/profiles/2017_196.json.gz,e3640ca59897fe189ab87dfd9bb24ce5e90f25ac65f4632cbcb3c9f5d553e447,2026-09-12T03:43:18.402881+00:00
2017,76-N,raw/profiles/2017_2615.json.gz,f6cfa920e4ff57c60d522a42c982e0ca349c0b91d55c717fc4a58558aeb02bd5,2026-09-12T03:43:18.476418+00:00
2017,76-S,raw/profiles/2017_948.json.gz,3ed48c7b2d90342d688423d4b45b3156cd20718f13cbe8f427d2f71fbba82b5f,2026-09-12T03:43:18.606274+00:00
2017,77-N,raw/profiles/2017_2623.json.gz,2035f81bcd4e9361f97a2834054cf944b117fdee0b0a54b4c717bb3fb82c912c,2026-09-12T03:43:18.713770+00:00
2017,77-S,raw/profiles/2017_2688.json.gz,dba8882a7cc87b68f945ed2f0f89e9215b4432424a6f612d067692379ed3209c,2026-09-12T03:43:18.808908+00:00
2017,78-N,raw/profiles/2017_2629.json.gz,5e5569366c301c0cecfe178e737ba0261c73d26bcb22ea63df00125eeb1e2c93,2026-09-12T03:43:18.929316+00:00
2017,78-S,raw/profiles/2017_2714.json.gz,44a2e30f186afba7a30915f7ae8926b3c63206b0e1547eb3c4a9387aa7f142dd,2026-09-12T03:43:19.007997+00:00
2017,79-S,raw/profiles/2017_962.json.gz,9d76dba5d5af66b57ca1b76ee87d329ea5d5d0fbd051ed62eb993a8cb33317a9,2026-09-12T03:43:19.138156+00:00
2017,80-N,raw/profiles/2017_1697.json.gz,95858b91968b98f801139b339aae77a81869eb91a596cf3570f9fbbe7af8ed12,2026-09-12T03:43:19.242070+00:00
2017,80-S,raw/profiles/2017_970.json.gz,dfeb1d4baa6748852dd41b0f30b3f15b50a9a10f0c5eca683b0ae0a36779557a,2026-09-12T03:43:19.335412+00:00
2017,81-N,raw/profiles/2017_2839.json.gz,8686557086c73448f9e89c2cfad2423acefe2835ba66d878cccee420b04ef7f2,2026-09-12T03:43:19.453443+00:00
2017,81-S,raw/profiles/2017_1556.json.gz,413989c272362fe5f789ad762875d0f6e20430ce3428c667c6268680c5b01c3f,2026-09-12T03:43:19.533954+00:00
2017,82-N,raw/profiles/2017_2845.json.gz,a5109145fb7ea29ad4f6969def43071042cd1c22a575fdaf16a79749dd0397a8,2026-09-12T03:43:19.663887+00:00
2017,82-S,raw/profiles/2017_1290.json.gz,ca07e7c9a3aea6cc707b0827348c4e929617f43d08dd9b98dfef2e7a4bf8a79b,2026-09-12T03:43:19.766435+00:00
2017,83-N,raw/profiles/2017_2852.json.gz,aa382d1675e483d820cdd1a926e267fde97c36610ac5e88cc1da4b2c4703dffa,2026-09-12T03:43:19.869917+00:00
2017,84-N,raw/profiles/2017_1714.json.gz,13bdc62f22d9d9ca3901e9f87c27f5e1850e3737ae3d4bc8c3bfae810c8ae8c8,2026-09-12T03:43:19.981945+00:00
2017,84-S,raw/profiles/2017_120.json.gz,0c634211f81a5575b624d4835fd9c247f4812253a0d8e6d55681a2ff33554aa1,2026-09-12T03:43:20.176894+00:00
2017,85-N,raw/profiles/2017_1723.json.gz,fa231f0fc96aee5d8852e40b83e2f9ff0f61deb16bc82bc54cc6fb4179669de2,2026-09-12T03:43:20.186757+00:00
2017,85-S,raw/profiles/2017_2879.json.gz,5c2a4dc6efe9a00667e3570c9675fded2f54316f16bf21480c0b8597e8dee971,2026-09-12T03:43:20.392063+00:00
2017,86-N,raw/profiles/2017_2862.json.gz,b08816d64f12b314e89386df59a8d501fe81ea4b41d59ced2ab5af253b02eb2a,2026-09-12T03:43:20.396573+00:00
2017,86-S,raw/profiles/2017_1338.json.gz,f3cee52032eef42ff8913947dfa124fcca72ad655cdf4033c7efb22af306e3fc,2026-09-12T03:43:20.668631+00:00
2017,87-N,raw/profiles/2017_2863.json.gz,fb07ac222a959e4582999de702da437de4b786fc5a33c1a294b3a2449e55696f,2026-09-12T03:43:20.668248+00:00
2017,87-S,raw/profiles/2017_1538.json.gz,bf53ae8a0520b2ee559e2b4f52c1a7fcd7a200dabbeade240ee44bb2f9f05e3b,2026-09-12T03:43:20.870930+00:00
2017,88-S,raw/profiles/2017_2884.json.gz,4dfe7a9fab3faf32053bf75fa1b17986880f587e9c62e6c6523b3a2de8a1cba3,2026-09-12T03:43:20.869108+00:00
2017,89-N,raw/profiles/2017_1745.json.gz,57f79203976ff209f76a56f9842b374fe98d5df84d322f1cc7e46b5824f83383,2026-09-12T03:43:21.075015+00:00
2017,89-S,raw/profiles/2017_1449.json.gz,f8f251a5dfd799e0f461407fa603a27dc1fe44692ee6eca13929d4bd04a6906a,2026-09-12T03:43:21.077433+00:00
2017,90-N,raw/profiles/2017_1784.json.gz,816298f6688a8b2feaa9bd71afac32be6d72e2804ff9cf00a53cff395e313418,2026-09-12T03:43:21.336921+00:00
2017,90-S,raw/profiles/2017_1465.json.gz,5203d7027bf8878d990cd43561c1bf4307c83d780da49b15982762f60f740244,2026-09-12T03:43:21.337534+00:00
2017,91-N,raw/profiles/2017_1796.json.gz,5d054cbd668455aea9a9e8c863aadabeea0f326abac280cb265bbf7f3499428f,2026-09-12T03:43:21.551151+00:00
2017,91-S,raw/profiles/2017_1484.json.gz,627f7d3850d7d17f5a8919fc6935fce6caee771edf75ab3c5fe97336a2dae1de,2026-09-12T03:43:21.551662+00:00
2017,92-N,raw/profiles/2017_2988.json.gz,b4d76d380af46d7ea779e0a2a61596c28140dab7c9678d4caa39064fd0d7bfa0,2026-09-12T03:43:21.752850+00:00
2017,93-N,raw/profiles/2017_2891.json.gz,771015c3769266f068e40ed97f69898e454f902b922d8ea6054db7590357392d,2026-09-12T03:43:21.750287+00:00
2017,93-S,raw/profiles/2017_1357.json.gz,10caa74471a5adb40cd7bf1a2ceebcffe4044d48bc1d921ae442200b873e9fa9,2026-09-12T03:43:21.943636+00:00
2017,94-N,raw/profiles/2017_2898.json.gz,3e89fcb206b47401e51dc5c6e472737be49975e886373ee32fd15c5a52ce3cb1,2026-09-12T03:43:21.951922+00:00
2017,94-S,raw/profiles/2017_1528.json.gz,a5aedf0c5f655d86b3e7b14cd7bdb78c1e13cce04dddc972d65eb88d9a915292,2026-09-12T03:43:22.139507+00:00
2017,95-N,raw/profiles/2017_2908.json.gz,d8a4e5f6b284f846aaf266f2440c00b1b9e72d74676dd37394d6abdcadf8b808,2026-09-12T03:43:22.149169+00:00
2017,95-S,raw/profiles/2017_1352.json.gz,0d9b54b5be83d6fb80aa0000e738b0048d19f47952900bfb11e9ae58d5967a73,2026-09-12T03:43:22.387142+00:00
2017,96-N,raw/profiles/2017_1808.json.gz,ca7614d865d14dbfa1a17c75cb9cb95f97fd0fed8b46a22022b24e20809b0bb1,2026-09-12T03:43:22.386534+00:00
2017,96-S,raw/profiles/2017_1326.json.gz,e2be5647e5e347be4451d820d53a02531712d81dd8c43f2000c3294ed47cd43a,2026-09-12T03:43:22.596654+00:00
2017,97-S,raw/profiles/2017_1305.json.gz,b824b18deb107e2fe8ae919352b710ad9714d551507da1db671febb10b612f1a,2026-09-12T03:43:22.595447+00:00
2017,98-N,raw/profiles/2017_1766.json.gz,1d8f3febc3d9a9fa267faa3b59bad405067a6d187bf0cf58ef4fa2d9f4d6d555,2026-09-12T03:43:23.313590+00:00
2017,98-S,raw/profiles/2017_1412.json.gz,a7a30a4c3ef2a780b5bef0ef5848b193cdaca145bffd5d16c07ed0a9c10f796c,2026-09-12T03:43:22.805665+00:00
2017,99-N,raw/profiles/2017_1759.json.gz,89b6dd0c2a8a196f4a1ed3eafeb041d333241e08fbf4a52e0f1af8471a35a6f1,2026-09-12T03:43:23.008263+00:00
2017,99-S,raw/profiles/2017_1195.json.gz,790184d775c0f39aed2d5f7855aa471cf4cfcffdd964e34bb2750e6f4d9efb12,2026-09-12T03:43:23.213748+00:00
2017,100-N,raw/profiles/2017_1857.json.gz,49273ed5e17935af1dccfb863bb9e1705a3f9e7525c9030b558db06fd06d49d5,2026-09-12T03:43:23.444053+00:00
2017,100-S,raw/profiles/2017_3000.json.gz,867dda21d25ccc3d25d91a64a72adc6a4bc0a24db302563bbc97744a8bf4349f,2026-09-12T03:43:23.519151+00:00
2017,101-N,raw/profiles/2017_1853.json.gz,aefe08eb6c2c737881f3b7ca8cf11718f25202bcc19b45d5de1f0e7283a477c4,2026-09-12T03:43:23.648838+00:00
2017,102-N,raw/profiles/2017_1859.json.gz,4491f40403da5a82e1e918fa9f72cfe623f04c95a4fa1baec9a47cadc7b31c9d,2026-09-12T03:43:23.724374+00:00
2017,102-S,raw/profiles/2017_158.json.gz,250c1a4454475c6759dabd73b838188d56de436d36354f045f7eb14cc849b848,2026-09-12T03:43:25.283643+00:00
2017,103-N,raw/profiles/2017_1869.json.gz,f9f06ad03565572aa17b98a6456a0db4e9bcd6a760882a4d2ccfb0b8e6b465ca,2026-09-12T03:43:23.960327+00:00
2017,103-S,raw/profiles/2017_2983.json.gz,88f15aaa48ee18c0d8d9cfa23222d9caaa845d6d16b2986be824214956005a25,2026-09-12T03:43:24.169049+00:00
2017,104-N,raw/profiles/2017_1878.json.gz,a2b21ed06c579416e8719c4b14b6b3b4eedfec0355fa6b6a012bac7159229161,2026-09-12T03:43:24.376251+00:00
2017,104-S,raw/profiles/2017_2974.json.gz,b09dd223676122e207c803d556eabe0ae4831c46c2ef2a76230e39813447fa1d,2026-09-12T03:43:24.575060+00:00
2017,3-N,raw/profiles/2017_137.json.gz,8d36dfa55be46671d3c95afb4b29ff8b7ecaf294f2dfe88dc2ac6acfff3de881,2026-09-12T03:43:24.776175+00:00
2017,6-S,raw/profiles/2017_347.json.gz,e4163de14300795957c6d0ddeef16b54d7a9424413131f5ccc39247c6f8d996c,2026-09-12T03:43:25.005499+00:00
2017,9-S,raw/profiles/2017_2024.json.gz,0e02818c163b81a28f943f015f94e4ac0380c8aacd67cccaee6ddf9ea542cee5,2026-09-12T03:43:25.218730+00:00
2017,13-E,raw/profiles/2017_874.json.gz,8dbebb10baf0cd099268fa13e871c84f6b166dff34e3fc55b740cd699348a667,2026-09-12T03:43:25.425546+00:00
2017,16-E,raw/profiles/2017_889.json.gz,bf2275a29d141816370b3bfdc8f7d01d50aa1127c7bffa9bc60aaf7c64e4d36d,2026-09-12T03:43:25.730391+00:00
2017,19-N,raw/profiles/2017_2465.json.gz,a046c2cbfdaf1ec8ebfb3a3d7900d218c551366254bea54095a45894c207e5c6,2026-09-12T03:43:25.629699+00:00
2017,22-N,raw/profiles/2017_2498.json.gz,6187779e2e2103a37c9f60d4f7725ed1fc39395aeed577c0bec9885dc67f0a9a,2026-09-12T03:43:25.834376+00:00
2017,25-S,raw/profiles/2017_2091.json.gz,18d19f1824364d1551386b8b4d9ec50e8498d08dbd4710ca8965591a84e90d4e,2026-09-12T03:43:25.952524+00:00
2017,28-S,raw/profiles/2017_2699.json.gz,255744605d1b03ef3e48b79a4616e7b01526d40423f8cf97d03ba85c0dc108f0,2026-09-12T03:43:26.036959+00:00
2017,31-S,raw/profiles/2017_2307.json.gz,bcd6b3438e87b791dc22e897b345600a23ea8dd038c7b32bd45befef45751607,2026-09-12T03:43:26.253419+00:00
2017,34-S,raw/profiles/2017_2803.json.gz,e8e275c628ef20dcc45f854f5b70075ff4220d7c78ac27d5d0dad2df4b49e277,2026-09-12T03:43:26.265401+00:00
2017,37-S,raw/profiles/2017_213.json.gz,0d316f320a1a6d3528b70411e22a49e52f784997270c9c18f137625af85e2fae,2026-09-12T03:43:26.465968+00:00
2017,41-E,raw/profiles/2017_2578.json.gz,baa98aa05cf676c7155b2560254d6d3f4945021fbbb8e471cc41b41d7a0db6cd,2026-09-12T03:43:26.477241+00:00
2017,44-E,raw/profiles/2017_561.json.gz,45585c0f5fa9e8c0180c9f71c0a5447486e8c712d59f1be402744ace9567caed,2026-09-12T03:43:26.665797+00:00
2017,47-E,raw/profiles/2017_603.json.gz,63fc7371ca548505687e09bd3914cfb9649b6de39e5b2a9be65fcc206ac8091d,2026-09-12T03:43:26.771626+00:00
2017,50-E,raw/profiles/2017_2692.json.gz,f372145856427645748257a746370d6011dcd154f027db2ce5685053fc9a8ebd,2026-09-12T03:43:26.874140+00:00
2017,53-E,raw/profiles/2017_728.json.gz,4302c0370b02d93c80ae0d40aa3697080cbedfe077bf4392d3d6e7ae6d9df399,2026-09-12T03:43:26.988056+00:00
2017,56-E,raw/profiles/2017_2728.json.gz,7e7bc04d9ebf24f0ee99dac64dfbcc156568e59ff1a1840926b99f6e3f83e642,2026-09-12T03:43:27.107744+00:00
2017,59-E,raw/profiles/2017_2758.json.gz,f7aa91ee8fb423cc8f71826ff12d84f9e070686f94c9200e849775e555e32c48,2026-09-12T03:43:27.207694+00:00
2017,62-E,raw/profiles/2017_680.json.gz,ec158cb90b77ceea1ca78b54bf01427b902f1bf50072b88203d6b4393450bbe0,2026-09-12T03:43:27.356221+00:00
2017,65-N,raw/profiles/2017_1639.json.gz,fe781ccbb16924a7bbdd64a5d83756b88ae9533b3e16ef07e4eab8f6c1e0ea91,2026-09-12T03:43:27.500910+00:00
2017,69-S,raw/profiles/2017_1188.json.gz,30288a299ac7f9969c439d25c708b1fdb188a8d136830e630bd44cf5bea31c5b,2026-09-12T03:43:27.629256+00:00
2017,74-S,raw/profiles/2017_184.json.gz,7e5d1b8b74aaf5b94e45a253fe3242783d5ba72c015ff392282a0d2a63ec816e,2026-09-12T03:43:27.703551+00:00
2017,79-N,raw/profiles/2017_1694.json.gz,06e60902b95f352d48e1018308fbad3d8040762cf4d454063b6fb1ae5b2d0cf1,2026-09-12T03:43:27.843155+00:00
2017,83-S,raw/profiles/2017_117.json.gz,63a18f516e35a43b7bbfb35666b37a4405dbe8e629e5e8c0edf99cc14bc5c8ea,2026-09-12T03:43:27.908121+00:00
2017,88-N,raw/profiles/2017_2869.json.gz,2b640d658ca36ed7c1a5d989550dfff19e4f4d1db56e5466e2c5637f71d81415,2026-09-12T03:43:28.567332+00:00
2017,92-S,raw/profiles/2017_1504.json.gz,5075a831732b0c71fef5ff0918404bddc3f8418349a01b3da8b48b016c506e5f,2026-09-12T03:43:28.155958+00:00
2017,97-N,raw/profiles/2017_2915.json.gz,247077028978630acd90a8531e67c1e9b906b3d863c55414038b8ff6e3f98755,2026-09-12T03:43:28.885883+00:00
2017,101-S,raw/profiles/2017_3024.json.gz,53c59de3b9054da81a72ae42bd884512b29cb8aa1c6b04fbcae5e879f0f6a351,2026-09-12T03:43:28.774321+00:00
2022,1,raw/profiles/2022_4906.json.gz,c7f6b2efd8beb80eea6a4a823c4575320dab13de0cd0e9c46e928d887fd0dab6,2026-09-12T03:43:28.975272+00:00
2022,10,raw/profiles/2022_4989.json.gz,a9d0b3604be5f82a984e2ec801cc8e58ea6d9f02b8b87a7fdc72cb38f70194b2,2026-09-12T03:43:29.096825+00:00
2022,100,raw/profiles/2022_5767.json.gz,268eacdba978df1ae0c5ab9945f8d9e333e23a2a6ead90c33f0d3ef597b933cf,2026-09-12T03:43:29.199825+00:00
2022,101,raw/profiles/2022_5773.json.gz,3a5112f609fb1cd5fa7f855d5ba6ed91dd94f5bf227f056822c118bd94ea2009,2026-09-12T03:43:29.302690+00:00
2022,102,raw/profiles/2022_5776.json.gz,194e8726637d9392594ea38b04e4c5195b9009b48d389a8f6a98356831a8a967,2026-09-12T03:43:29.419195+00:00
2022,103,raw/profiles/2022_5782.json.gz,6a1f2498ffec794da71521f3905644ac03fc75b3aaca6547f3334d17307023a5,2026-09-12T03:43:29.505931+00:00
2022,104,raw/profiles/2022_5789.json.gz,9ae5d26c443cfd959acc941774c9599ce531c1492ebe98908ff2242229a1da00,2026-09-12T03:43:29.632279+00:00
2022,105,raw/profiles/2022_5792.json.gz,8e6de6f34e1626d9209a9c1fb202c3cfab4f3835c6b0e1ffa68cb6384d2b1b75,2026-09-12T03:43:29.712466+00:00
2022,107,raw/profiles/2022_5816.json.gz,a60e59910b876dda0ec1d0712781965d62cf5547c151a3607ab5af82550b4123,2026-09-12T03:43:29.935339+00:00
2022,108,raw/profiles/2022_5827.json.gz,0d8162db7e0a11642bee07400d682e2e57c6359cdcb2edb91f2c76698bb24793,2026-09-12T03:43:29.928751+00:00
2022,109,raw/profiles/2022_5831.json.gz,b16b16c724d2ea2a5be405484730afe97c636be86c020ab6b882b5965842487b,2026-09-12T03:43:30.136661+00:00
2022,11,raw/profiles/2022_4995.json.gz,0281192f70908f62be064e5384da05f2ebe92f1c01a813d0ea24afb79b89c577,2026-09-12T03:43:30.137155+00:00
2022,110,raw/profiles/2022_5843.json.gz,037ad5da587e64f1e7d416d30bfe7419dfae49ddfdabc9aadaff17ceceb05110,2026-09-12T03:43:30.337893+00:00
2022,111,raw/profiles/2022_6319.json.gz,f2e675bea9f814318dc6003bbe59e37a7feaacc5ef91eb3d2c63f918e0943aa1,2026-09-12T03:43:30.343224+00:00
2022,112,raw/profiles/2022_5851.json.gz,893cd0af81eb45da975a186679452ae5c86bc46b94a576e16433173999d6e49c,2026-09-12T03:43:30.541306+00:00
2022,113,raw/profiles/2022_5857.json.gz,928b5b47b18341fd5c2e4ffbe41ae327b9331e9297ac39e48f667e9b41831bee,2026-09-12T03:43:30.542508+00:00
2022,115,raw/profiles/2022_5866.json.gz,60e5198cdd2f65ed8048828c88f98a4e4fdcd101390b987c17460e3b4ddce7dd,2026-09-12T03:43:30.779195+00:00
2022,116,raw/profiles/2022_5871.json.gz,a78727a372bc130d0c423ca1a60f82785fc3d5a807a88c72bb654d61ce0aea8a,2026-09-12T03:43:30.779696+00:00
2022,117,raw/profiles/2022_5875.json.gz,3806d484a03c2767fa6e0f6ba25f48ddb2b9844cab3630d15111342441171def,2026-09-12T03:43:31.018559+00:00
2022,118,raw/profiles/2022_5883.json.gz,6e82f41e33c8dfb54753e7051fdf553d31d0c4b7097219d082fe42627ef62c53,2026-09-12T03:43:31.017104+00:00
2022,119,raw/profiles/2022_5888.json.gz,79b70c88502795af5a7fae4cf4e4a6ed79660a39e0401e845fa7f00e9f53ecb8,2026-09-12T03:43:31.297307+00:00
2022,12,raw/profiles/2022_5004.json.gz,9beee8031cbd635b27e2ae1640fb1771df1d73a9dad9b8e7838ba0a713311b50,2026-09-12T03:43:31.297855+00:00
2022,120,raw/profiles/2022_5895.json.gz,def94df6a6163ad2272fcd2ce17f554008eb1d1467cfa4f89c56f126951e64d4,2026-09-12T03:43:31.512564+00:00
2022,121,raw/profiles/2022_5903.json.gz,3130f7a0dbd3681149d489a5a93241d30c54e5b83bfc845e05a75c5512663ecb,2026-09-12T03:43:31.511949+00:00
2022,123,raw/profiles/2022_5911.json.gz,faba6afe460322f4ab449a0bba8a325e29c80dd7b90d73a4508b1d09cfe95f11,2026-09-12T03:43:31.724959+00:00
2022,124,raw/profiles/2022_5922.json.gz,09bd6619f368d7dd8cea810457ea78ac70e584a6b477c1615e948a7c0418c847,2026-09-12T03:43:31.729272+00:00
2022,125,raw/profiles/2022_5935.json.gz,42f6de98c5ef5e622e40df69a862c00db9a308b04f47b1fd4297db515d7241dd,2026-09-12T03:43:31.929575+00:00
2022,126,raw/profiles/2022_5966.json.gz,59a629950aefc40b737131301048b71550743a32a705b8881fa0f04f55d20dba,2026-09-12T03:43:32.027349+00:00
2022,127,raw/profiles/2022_5974.json.gz,9ca80a95bc0f5a290e873c2b4f41015b2266c4d03bca8f2972e81381ed8a7ff6,2026-09-12T03:43:32.217574+00:00
2022,128,raw/profiles/2022_5991.json.gz,cb7ca18157e90473e7591c711124bbfac71c6fb540b729df85ca406cd31be71a,2026-09-12T03:43:32.237166+00:00
2022,129,raw/profiles/2022_6012.json.gz,4a00b744b1394d13600e4051ad4452b4935cb97a22d858e3079e4c8425b02faa,2026-09-12T03:43:32.421629+00:00
2022,13,raw/profiles/2022_5008.json.gz,2bcca205fbec18f0b46617495cec0bb959022ba91549251343a7f08373737cab,2026-09-12T03:43:32.442115+00:00
2022,131,raw/profiles/2022_6041.json.gz,861687c6842d4801e6e1bc602b01586ee8ca2f876d82860d7eb7a18ba9402733,2026-09-12T03:43:32.626009+00:00
2022,132,raw/profiles/2022_6042.json.gz,100765a9527a1c8578476001759960faa18624a356683698f83d6abcb420c336,2026-09-12T03:43:32.649060+00:00
2022,133,raw/profiles/2022_6056.json.gz,e37530c605195cff94801b3617f3c6c158af2e4b44f60414561a166a94ae61a7,2026-09-12T03:43:32.870189+00:00
2022,134,raw/profiles/2022_6081.json.gz,97adf5317513b57484aa2a9ac3706302175e6dd3e9d7b445aaa751fe6fa0d9f4,2026-09-12T03:43:32.871419+00:00
2022,135,raw/profiles/2022_6088.json.gz,cc32f7e257a7f72304b1701f3e22359466dcd0e9a77190cefca640d4630ee7d0,2026-09-12T03:43:33.084932+00:00
2022,136,raw/profiles/2022_6110.json.gz,5992fc8b8a26b537e89581ebd12bfc82a4d2e6335651ccc284109ac562496867,2026-09-12T03:43:33.085301+00:00
2022,137,raw/profiles/2022_6116.json.gz,d519f1bbdc7dab47620aef68858b90ab3efb17b7b74b6d5d98495945a302f70a,2026-09-12T03:43:33.287195+00:00
2022,138,raw/profiles/2022_6131.json.gz,e4c49128b9c479ea63ac0670885ce42100d048b96fc74d4be21eb5636fc34c3f,2026-09-12T03:43:33.287626+00:00
2022,14,raw/profiles/2022_5013.json.gz,605cd44e99829c57415b5c920d9dd51d2a6188b8f9f0408a51a34a3d340290f0,2026-09-12T03:43:33.489567+00:00
2022,140,raw/profiles/2022_6161.json.gz,e0a7261645fb243d8d3578e4e7ec9a57157dc50848208ff5c62f4c65bed0df30,2026-09-12T03:43:33.489213+00:00
2022,141,raw/profiles/2022_6165.json.gz,075b1859509452b290d5f142304ad24f9f2ff917e0d7459dbf9f0fe4f8fb9915,2026-09-12T03:43:33.691006+00:00
2022,142,raw/profiles/2022_5739.json.gz,8a86d44200d034e3bb8cf5dc29be10b40670031a18a668e1b21c7d0ac22fe4f4,2026-09-12T03:43:33.688139+00:00
2022,143,raw/profiles/2022_5743.json.gz,75ce0ec46459b0c65debfad65eb4d4540c2f0cd18fa4198cd363cab82c17f29e,2026-09-12T03:43:33.920108+00:00
2022,144,raw/profiles/2022_5806.json.gz,fd29f73b558ef6c1f9758835ec67566ab2bf630dab581700bb9b6a886af63743,2026-09-12T03:43:33.920520+00:00
2022,145,raw/profiles/2022_5810.json.gz,0d7bb6a1914bc86d272f3985a0df8f3c4f0827e3a6a5e47098aa3b4b0cb8eba4,2026-09-12T03:43:34.125578+00:00
2022,146,raw/profiles/2022_5813.json.gz,145971ed2b3e1d9a8e6b7223199a6793dbadbddf0a2abba96c8b292d9bfd4dbd,2026-09-12T03:43:34.124858+00:00
2022,148,raw/profiles/2022_5940.json.gz,76507452673d723c2776c311ac395f464190a6925b28ae1262538c1fcda0cfb9,2026-09-12T03:43:34.336841+00:00
2022,149,raw/profiles/2022_5947.json.gz,67e59fffff5308e0ab33752c32b4543d533406461bce35185383d6a9a5e1bba3,2026-09-12T03:43:34.337466+00:00
2022,15,raw/profiles/2022_5017.json.gz,cd5996c105831f3c7db104b5a192ef52db0249156db81f7c2ae898ce0ffd1f83,2026-09-12T03:43:34.554470+00:00
2022,150,raw/profiles/2022_6286.json.gz,365633265b7c66ead3485188d5f9885a1cfed34115c491c9f75914fd0b140312,2026-09-12T03:43:34.553138+00:00
2022,151,raw/profiles/2022_6168.json.gz,7575b2b017fa02dfd68ecb9b306acde0fbb26c87adba27a2bd4fefdf6887fcd1,2026-09-12T03:43:34.846629+00:00
2022,152,raw/profiles/2022_6172.json.gz,53bd9ad715e2cc108880c3435704d230cfb269c88df3fd6d543f54727bcb4dd7,2026-09-12T03:43:34.846248+00:00
2022,153,raw/profiles/2022_6177.json.gz,b7e0fb4460ea9e1e86234647c0b113ef88012e2dcb686fed3d882e7ce5f709af,2026-09-12T03:43:35.062702+00:00
2022,154,raw/profiles/2022_6191.json.gz,7ea58f11aaa7431fd049b5ec5c5f26490bb5c1b944188859a7eb37d054f83b4d,2026-09-12T03:43:35.062099+00:00
2022,156,raw/profiles/2022_6208.json.gz,c045ba4bcae6a29fa233189472f74f52987943fbbb3c7c57cf0b032d08721031,2026-09-12T03:43:35.266383+00:00
2022,157,raw/profiles/2022_6218.json.gz,45182ae2a947c9011fd2f41f30c6eec761768c9c795144ec1eaaca5484d7589a,2026-09-12T03:43:35.270616+00:00
2022,158,raw/profiles/2022_6220.json.gz,97e8a061b01603fe0f20723b1b91a6cb9331825b215ac644801fd9de632b44f1,2026-09-12T03:43:35.496966+00:00
2022,159,raw/profiles/2022_6225.json.gz,417fb0f871aca1463b79d868543b42a97c136917e0e9dc1156edb3f19ac9c047,2026-09-12T03:43:35.496217+00:00
2022,16,raw/profiles/2022_5023.json.gz,4be017d44b7432324588a6077b9e8a1528b8ae8781f34d1b07aa94578830bc3d,2026-09-12T03:43:35.702164+00:00
2022,160,raw/profiles/2022_6232.json.gz,55434c911508760ad0cef16f1ae15ea6ba86a02e3f223f7bd8de4e3ccd64749b,2026-09-12T03:43:35.701778+00:00
2022,161,raw/profiles/2022_6239.json.gz,1dec7e6524690ca0c8a74b17bf2b3ef10a1116358725062397e376aa2f06e7e1,2026-09-12T03:43:35.904934+00:00
2022,163,raw/profiles/2022_6255.json.gz,3ae00a57c20889a3644a1a2fd44396beefd3ec70314a0ca464bdaf409bf96adb,2026-09-12T03:43:35.905468+00:00
2022,165,raw/profiles/2022_6357.json.gz,f3db70ec3b6e3bd8eeb1210812963b84f506ddaf1e78f85666bd84ffaa34c5b6,2026-09-12T03:43:36.101937+00:00
2022,166,raw/profiles/2022_6272.json.gz,069a877a6a581c18c81f03719bc62c93bb583fbb0f2bca7445665cae17be3759,2026-09-12T03:43:36.109862+00:00
2022,167,raw/profiles/2022_6277.json.gz,f762f41f6512da1cdc07341ec8818d652e0049c5289c9f2f541acaa72a0876d0,2026-09-12T03:43:36.304396+00:00
2022,168,raw/profiles/2022_5953.json.gz,9d94e30a827f23ee2557417a6d2cfa95c06606f51195ca787f5ed235b0ce898d,2026-09-12T03:43:36.314145+00:00
2022,169,raw/profiles/2022_5960.json.gz,6b3a491dfd9b9737c8d914b52198dede8c30b4a097786f5a4592c7aca7cb2cfa,2026-09-12T03:43:36.541920+00:00
2022,17,raw/profiles/2022_5027.json.gz,ff8ba2860a76310222adf377d40657fd82ce1ef7173ca5bc117f09868486e7ef,2026-09-12T03:43:36.542628+00:00
2022,170,raw/profiles/2022_5985.json.gz,2921f28574a6e8e149b1629c488140ae828c6cb515261bd8359977d819260db3,2026-09-12T03:43:36.756694+00:00
2022,171,raw/profiles/2022_6181.json.gz,75b8189847a64483ce069e6ddc68dc87207a019fe3215e7249ce86453967c0f4,2026-09-12T03:43:36.757214+00:00
2022,173,raw/profiles/2022_6188.json.gz,8ddf48bb203ece2a02d35362d06b13fb840a71f2ac5b2937bbdb1a9879865659,2026-09-12T03:43:36.961495+00:00
2022,174,raw/profiles/2022_5999.json.gz,da499ae8127e4bb87ce239288e4c50b4cd57f78a252fdb343ed381eb30e5c9cf,2026-09-12T03:43:36.964628+00:00
2022,175,raw/profiles/2022_6004.json.gz,0b53f4af510e8b1dd25f2d781d6484bcd80e00cbb48f97608573a40a8b16e027,2026-09-12T03:43:37.169633+00:00
2022,176,raw/profiles/2022_6022.json.gz,ee81b4c78bfae21966de08cbc2c5b87ff1f87b6ecc4d6e075809e73d092aa9a3,2026-09-12T03:43:37.172236+00:00
2022,177,raw/profiles/2022_6033.json.gz,6c994ccea750706bfd45e8667ac28c87f402723d3882e62e9393e024ff54f43e,2026-09-12T03:43:37.458840+00:00
2022,179,raw/profiles/2022_6065.json.gz,8c656dd11b281f94f0655585fbcfa0fc11ca96044094e6ca26a14c236f4c7a1c,2026-09-12T03:43:37.458431+00:00
2022,18,raw/profiles/2022_5032.json.gz,6dbd92e0ece85cbf8956a3d8ecf661e3832033467f1bf8366ad12a5fae352f47,2026-09-12T03:43:37.663349+00:00
2022,180,raw/profiles/2022_6071.json.gz,6939ee33d4b914b2022744fbdbf248bc1f45c746de5f44db67a7d7661a65269d,2026-09-12T03:43:37.668422+00:00
2022,182,raw/profiles/2022_6091.json.gz,cca668d09a4bfeabc983f3d932b73108a7d95374b8133afbf1c19bf34cf4f5cc,2026-09-12T03:43:37.869066+00:00
2022,183,raw/profiles/2022_6100.json.gz,00c39b16b50c15530d999368542f0d119a2042c6f07801c063aeb3936555da25,2026-09-12T03:43:37.871720+00:00
2022,184,raw/profiles/2022_6120.json.gz,d640778a64df5a7b3f60515877fb44c7e188f58432a4e8d990722f5b93ea81b3,2026-09-12T03:43:38.121008+00:00
2022,185,raw/profiles/2022_6133.json.gz,bb0dc813a7db85e59bfaacc75a3420cb134bf9d9aff6c0401132faa487a639e2,2026-09-12T03:43:38.117357+00:00
2022,186,raw/profiles/2022_6136.json.gz,7fe37ee888d3a0497ab03efccad293d74b7ba4c976ad7becedaab35e1e7c638a,2026-09-12T03:43:38.318102+00:00
2022,187,raw/profiles/2022_6140.json.gz,fa9017c1ffe270c291f3ca12c6db2d771800fc6865b3af9b437cec6fd0e49377,2026-09-12T03:43:38.322425+00:00
2022,188,raw/profiles/2022_6145.json.gz,32774c0707a04596339ac177ab18057598bab2675c1b63b3ff5cd055c8fa4376,2026-09-12T03:43:38.520325+00:00
2022,189,raw/profiles/2022_6153.json.gz,e5c9c532f65bb1820b61fa049ffc085c739e59d86546d08c9a2cfd22c49a5169,2026-09-12T03:43:38.520655+00:00
2022,190,raw/profiles/2022_5712.json.gz,f334ccc566dada033d6ae3950b9133301cc8ac16ba2db50989bae9de8497918d,2026-09-12T03:43:38.724651+00:00
2022,191,raw/profiles/2022_4896.json.gz,dd5b81f80b77fbba9caa7d58363f9761893fb6bda2c3fae7ab1ee5e684a80299,2026-09-12T03:43:38.725070+00:00
2022,192,raw/profiles/2022_5719.json.gz,2141b88e5d094820f93fc00e3c60af62b477e1762ac11811d9320b29377214f8,2026-09-12T03:43:38.925769+00:00
2022,193,raw/profiles/2022_5701.json.gz,2bcb76b21fa2ce5260b01e425bbc240d5703fb0bad9eeacc5f9e6a5313fea50d,2026-09-12T03:43:38.926098+00:00
2022,194,raw/profiles/2022_4919.json.gz,fdcab693316c7e9c91a950a6cba357a90b2ab225c3ff12779e96983a1e45f574,2026-09-12T03:43:39.163921+00:00
2022,195,raw/profiles/2022_6363.json.gz,dffe3f142c2eeb4d48c791289fdf95d800650c2286c34002781ac2200cc5e5cb,2026-09-12T03:43:39.163285+00:00
2022,196,raw/profiles/2022_5543.json.gz,d4bd08c9e9036f62dd00b6cdbaf614a5e9ba77820b2e29440ee3440540d5167b,2026-09-12T03:43:39.378776+00:00
2022,197,raw/profiles/2022_5547.json.gz,f215463f5799cc45177b418b1cd60bda3c74316201bf2d50fe9ac2acc42266e7,2026-09-12T03:43:39.373255+00:00
2022,199,raw/profiles/2022_5555.json.gz,a2c4a3b302e56f124f67b33a1fec79578987d07c3b337a6940dc7ceba37f6455,2026-09-12T03:43:39.582762+00:00
2022,2,raw/profiles/2022_4934.json.gz,0a48a8001356ef182bf7554e54cbe8a1991af0206c2746cc9f63bd5845589051,2026-09-12T03:43:39.583368+00:00
2022,20,raw/profiles/2022_5045.json.gz,679dcc6f81910bbd0b306dc60d496d0eaab8b5d97444bd09861eacb7db161ca5,2026-09-12T03:43:40.622786+00:00
2022,200,raw/profiles/2022_5526.json.gz,a2f11ac738eb9423dfaf9047762d5179610164f57a990dd218f9794fbbfaae55,2026-09-12T03:43:39.794101+00:00
2022,201,raw/profiles/2022_5531.json.gz,da0b47329741103c992e68ff27fd73d7f3d804ca255bd918fd226f5675f619f3,2026-09-12T03:43:40.070496+00:00
2022,202,raw/profiles/2022_5534.json.gz,39f5319519a33a4323afe4dc0dd4eec1f80c94bc60fe9ffaa76e96d3e6709ec2,2026-09-12T03:43:40.268832+00:00
2022,203,raw/profiles/2022_5539.json.gz,26c07f143b2591a17c7615aec9d2766086ee0f2f5a47a9a2e874797d206e2811,2026-09-12T03:43:40.471269+00:00
2022,204,raw/profiles/2022_4903.json.gz,87447ce8d1693ecee832e59b3f34ed7d71008b8e03d3382a88bb87dc6484bffb,2026-09-12T03:43:40.738469+00:00
2022,206,raw/profiles/2022_4904.json.gz,665cac65c97f3328addc7eac581351e1dadf21ddcc90d46babcaafa58c435950,2026-09-12T03:43:41.005429+00:00
2022,207,raw/profiles/2022_5520.json.gz,00dd40d8393eb01c77f851005f37920ad41a980532ae6f052db1425b0bb8f909,2026-09-12T03:43:41.495897+00:00
2022,208,raw/profiles/2022_5493.json.gz,fc3566426432cb0c2f8a2199dfc0dc45db3c292dad78490c689dc663b55965ba,2026-09-12T03:43:41.264303+00:00
2022,209,raw/profiles/2022_5498.json.gz,2a73a97ed05348e4d41660d22729ca7b17a7e1220852ad9e3d1963e60a8085a9,2026-09-12T03:43:41.487681+00:00
2022,21,raw/profiles/2022_5051.json.gz,55d281531bd9c947896a9ad228c31e5ebf8a2da766f36f21a18205675fb12bfe,2026-09-12T03:43:41.693966+00:00
2022,210,raw/profiles/2022_5505.json.gz,27733a16a6ff40c58420acf6c32fda74077b29102c57e0c979888337697d3677,2026-09-12T03:43:41.784414+00:00
2022,211,raw/profiles/2022_5511.json.gz,b16d0494d8709b29f7e6efa596dc8e2b84798347d5e448cc0b828546838cf737,2026-09-12T03:43:41.986445+00:00
2022,212,raw/profiles/2022_5484.json.gz,796ad422a6ca77ce8568eb857dfaaade191e2d28d941a0d74ece8d253eec9f5c,2026-09-12T03:43:41.994360+00:00
2022,214,raw/profiles/2022_5491.json.gz,cfdc75c1347bc7b6079806aff7d49a2917d5cd05fedd0c01b3d6bb78da7b24de,2026-09-12T03:43:42.198224+00:00
2022,215,raw/profiles/2022_5441.json.gz,a5cf1268874b36dbf2ff58ee689321a000560c31dcd288c3c45a072ff3c64137,2026-09-12T03:43:42.198615+00:00
2022,216,raw/profiles/2022_5452.json.gz,9e0883c73b2f9648506b9266f15a7d5ea6160a364ef23c1607b09e8a76d85f85,2026-09-12T03:43:42.399717+00:00
2022,217,raw/profiles/2022_5465.json.gz,72f50eecde286486aeac387cfcc62343fc69b099fabb7b624dbf830d86b542bb,2026-09-12T03:43:42.403723+00:00
2022,218,raw/profiles/2022_5425.json.gz,f1539e7eeb7cee97d5392a3e3a87b31e7ef2425760ef9adb20b753277314076d,2026-09-12T03:43:42.602508+00:00
2022,219,raw/profiles/2022_5427.json.gz,e5b928a7a7065b247777785abc29bae03d13fc7e2e4b6db4c1b067e52a73608f,2026-09-12T03:43:42.602831+00:00
2022,22,raw/profiles/2022_5054.json.gz,95aba442f98e1c5ad6b5170f73902e5f908c11c2a0c0a7b04540dac553e404ae,2026-09-12T03:43:42.834686+00:00
2022,220,raw/profiles/2022_5436.json.gz,7caa275bde7f573335c43aaf435055de73f7ec2084a402b6fb6095bc9d45f9f7,2026-09-12T03:43:42.834005+00:00
2022,222,raw/profiles/2022_5412.json.gz,277d59de1819eba1334c3c26efa325980160a74c8a0f15e6b7ea5edd5f77373e,2026-09-12T03:43:43.039855+00:00
2022,223,raw/profiles/2022_5416.json.gz,6cb5f1e1b7d7a1d71ff6dd3fdbb61c4842ec41b3d154c892d7b8172ca564d963,2026-09-12T03:43:43.038648+00:00
2022,224,raw/profiles/2022_5421.json.gz,6af8271ea48336cd30acee7c34be0a7e78b62945d8b6811070cbe7558993111f,2026-09-12T03:43:43.245040+00:00
2022,225,raw/profiles/2022_5374.json.gz,792874a5796977d36d4f06c249917287a5a10e2cb67bcfc678fee09d0354da29,2026-09-12T03:43:43.240863+00:00
2022,226,raw/profiles/2022_5381.json.gz,0b429a77dc2ffe45bbe4351aa3fcd7c11088f6134f704595a147fe3fb761f82d,2026-09-12T03:43:43.443187+00:00
2022,227,raw/profiles/2022_5393.json.gz,d4d94e3f463c3ea58ae059591e9f0deb7079efce82bcdafcbc75a01adf7ba31d,2026-09-12T03:43:43.452087+00:00
2022,228,raw/profiles/2022_6329.json.gz,3f49e49b033a55775491d9c8b5dccceaaef5326f2eeac9fae8ca5adda8b8b3d4,2026-09-12T03:43:43.647679+00:00
2022,229,raw/profiles/2022_5330.json.gz,9162345fd622ba62510e7e23fb9f10174f42629dea991ac07e64acadd89d2cd7,2026-09-12T03:43:43.665344+00:00
2022,230,raw/profiles/2022_5335.json.gz,9d80589e041aefcb70edbefe4315e18804e5f9397d2db01f3cf522afecb86b31,2026-09-12T03:43:43.895391+00:00
2022,231,raw/profiles/2022_5363.json.gz,26694d307c0558b58b1c116b98467a056297672e46ab0617f713b0347bacfc68,2026-09-12T03:43:43.897784+00:00
2022,232,raw/profiles/2022_5370.json.gz,bbbfec8812c1784a14d68f2319d8423cfe6941332218770dd9e27c0cbff4ebd3,2026-09-12T03:43:44.615362+00:00
2022,233,raw/profiles/2022_5297.json.gz,69b4490234098a0b30b3c5d23f59ca7534a64c7ab8eb4578b001ef4fa30486bb,2026-09-12T03:43:44.614938+00:00
2022,234,raw/profiles/2022_6333.json.gz,3bb9b0d7607ddb63f4540850ee9261df8665556fe869f4406600fc790c076521,2026-09-12T03:43:45.328091+00:00
2022,235,raw/profiles/2022_5316.json.gz,72f64f87a878210433099ee06a6406fd698c689e1722ec91a9036ef57088ce8d,2026-09-12T03:43:45.329922+00:00
2022,236,raw/profiles/2022_5319.json.gz,7448e4cdc9abc8c197a645e68e4244e0ac993bf03a72d1c8954b4914304c7617,2026-09-12T03:43:45.540441+00:00
2022,237,raw/profiles/2022_5272.json.gz,fa488d819b6b5ca71984b84760b667c31db293bf948a91b0ba3350005d057b11,2026-09-12T03:43:45.538104+00:00
2022,239,raw/profiles/2022_5281.json.gz,aa68d9a9f40aeac21fdf0ca173f730cac8ca7f048e7cea997d3c9a017e696ef7,2026-09-12T03:43:45.747327+00:00
2022,24,raw/profiles/2022_5068.json.gz,930622e72f20d1a7a3e430fd023a19f6395fa2cf94e4eda2943f53bcebbe29e5,2026-09-12T03:43:45.746832+00:00
2022,240,raw/profiles/2022_5286.json.gz,e8904147ea4bf299018c73409460e883ab9bc01d5ac578e0dc29005a09e2476e,2026-09-12T03:43:45.991911+00:00
2022,241,raw/profiles/2022_5201.json.gz,e0ef5889f50af30ca5aca16330bf755d7e7b91f87a8f607903aa496c8611187e,2026-09-12T03:43:45.991510+00:00
2022,242,raw/profiles/2022_5208.json.gz,94716b591a2ec8fa0ed607c895eb700708b6118e299c9fba7c9eaccb4841104f,2026-09-12T03:43:46.201762+00:00
2022,243,raw/profiles/2022_5215.json.gz,c1223e39654bde33d969a8772566fc3b3edb947771be9256fcd310932c66c1ef,2026-09-12T03:43:46.203807+00:00
2022,244,raw/profiles/2022_6338.json.gz,e71df93001efdcaf2224169c684d7f89c99964002944a3c5dbdb0379ba22f63e,2026-09-12T03:43:46.409679+00:00
2022,245,raw/profiles/2022_5227.json.gz,d7ef2347c660f31423557d6bf653a6ec0190c4269b470bfa159d9fc362700dee,2026-09-12T03:43:46.410140+00:00
2022,247,raw/profiles/2022_5132.json.gz,c3163bc572ccf2d3409fbfea656af0d5db1fc4acc8843e8867a5b6424f642a87,2026-09-12T03:43:46.700193+00:00
2022,248,raw/profiles/2022_5148.json.gz,a09807d9f11dabbb0006029a051344a5bbb81831d56c1f7116fe3e2b11c660e0,2026-09-12T03:43:46.699491+00:00
2022,249,raw/profiles/2022_5159.json.gz,3cbf9366d25852799cc459e443236a7b111df9b539c809e6bfbb3985a3178b26,2026-09-12T03:43:46.906568+00:00
2022,25,raw/profiles/2022_5071.json.gz,5120908b74bb904c34edeeb70360cb36f8ba1ea7edeed39a09221b37769c2785,2026-09-12T03:43:47.451640+00:00
2022,250,raw/profiles/2022_5180.json.gz,9857bc9a8210dbdc2801e005a44ab39fb24e2fba72ff584df4210a6fcdfecedd,2026-09-12T03:43:47.106212+00:00
2022,26,raw/profiles/2022_5077.json.gz,85a512c0a96da96fbd762ea9b2143ea7ad87e0ce64d746ac66de2c501f3813ef,2026-09-12T03:43:47.306798+00:00
2022,27,raw/profiles/2022_5085.json.gz,5de8a73806853d1f0d3149c5ae0b7f107dfada3d11ca6a4d1b914e486d0b67d6,2026-09-12T03:43:47.554899+00:00
2022,28,raw/profiles/2022_5088.json.gz,24be54fce1d0feb556fc47f0b9f2b192a4febfd52dba00bae16f48dc652c84de,2026-09-12T03:43:47.653365+00:00
2022,3,raw/profiles/2022_4940.json.gz,e34e337d283b0ab849d552bdf0add48a9230919cb716b792e607333246bb7e3a,2026-09-12T03:43:47.762992+00:00
2022,30,raw/profiles/2022_5103.json.gz,771e2efe1242d8571f8e2365b8b450b93ebaa783679e57b597dc073d972ee801,2026-09-12T03:43:47.946201+00:00
2022,31,raw/profiles/2022_5109.json.gz,4ec11d0deea39b40e9ed1d3996154948fc61a089ccfa2e2baad3499da21ec8fb,2026-09-12T03:43:47.972742+00:00
2022,32,raw/profiles/2022_5118.json.gz,f52bcc4e8bcfaca0f6bb3a3628ebe33eaa0a9cb83e3795a04a566b6778cfe61c,2026-09-12T03:43:48.153583+00:00
2022,33,raw/profiles/2022_5125.json.gz,7f2b76b0ffe7cefa5bdc5b98fdb670d0cad5d9a118375bcf051afc2ab65744d5,2026-09-12T03:43:48.173137+00:00
2022,34,raw/profiles/2022_5136.json.gz,5fbdc280aba9984a0c2fb069f5bbe63dbb3d10b924c6442b08e5c0fde3127ece,2026-09-12T03:43:48.354371+00:00
2022,35,raw/profiles/2022_5141.json.gz,99242757593a8fd2322f3ea14d4770e4068f753f17d2192ac37c83bda7113a53,2026-09-12T03:43:48.379360+00:00
2022,36,raw/profiles/2022_5156.json.gz,8acf7dc82364e287a2f8922cb2eb1e036f043edbf0565875e8f79cd9a94b6a83,2026-09-12T03:43:48.602547+00:00
2022,38,raw/profiles/2022_5171.json.gz,71be9f9cd95946d1e661e9285b98b2d4c5d07a990c3196ef128d46707725f2e4,2026-09-12T03:43:48.602144+00:00
2022,39,raw/profiles/2022_5173.json.gz,4a3365348f20d419ab2386dd64c8066ee4366508faf359eb0d8fff619db5747f,2026-09-12T03:43:48.807931+00:00
2022,4,raw/profiles/2022_4952.json.gz,11ed93897dbba7da9cb30da57a5d8de57ff584ed6d4877bccf7caf34b6d611e5,2026-09-12T03:43:48.809417+00:00
2022,40,raw/profiles/2022_5187.json.gz,af83e4f4526659edd8a7850a1a143dc7c2f943513cd83bbe7ad33434901410d8,2026-09-12T03:43:49.014812+00:00
2022,41,raw/profiles/2022_5194.json.gz,0ded7b441a100649914bb599c753056a20d46215659e11e028488e62e6c944a8,2026-09-12T03:43:49.015230+00:00
2022,42,raw/profiles/2022_5233.json.gz,57f5af24260531b80407c5ac861fdeca7ec1892f3d0f7f3b2a4d6ece98957066,2026-09-12T03:43:49.224099+00:00
2022,43,raw/profiles/2022_5237.json.gz,4170db055f664f4a4dd8b233db35c1c3707144e7fc012842e7b037f041bf1491,2026-09-12T03:43:49.223610+00:00
2022,44,raw/profiles/2022_5251.json.gz,fad0c59707785631c798060cb0fa9e0de59dfc2138ddc9317edb4b804445b63b,2026-09-12T03:43:49.436782+00:00
2022,46,raw/profiles/2022_5261.json.gz,bcd675188edcb78ad6d0cb2a9a0548e85511568ccf63bcbead0f5c6db9c578d3,2026-09-12T03:43:49.437186+00:00
2022,47,raw/profiles/2022_5263.json.gz,1b509a72aecf47d88e21e94c0c36bd34ed3309ee0cf994aba590556bd22070d0,2026-09-12T03:43:49.654859+00:00
2022,48,raw/profiles/2022_5271.json.gz,89309c69aaf038ec9bbbf4a4d531fcd3de1b2b1693657f6737c26938a4f6d428,2026-09-12T03:43:49.655655+00:00
2022,49,raw/profiles/2022_5291.json.gz,5a415781661192ab2165f199f883479076dd89dfe9cd684b50b22efdd318a7a2,2026-09-12T03:43:49.858176+00:00
2022,5,raw/profiles/2022_4956.json.gz,188700f939a31d059ff794e7d611a02879839f09475e4969829558ef39010812,2026-09-12T03:43:49.860867+00:00
2022,50,raw/profiles/2022_5300.json.gz,5355260bd361f54f8ec9c9a44aa11b12a48d8c181c23a38b7600c77d4eb071cf,2026-09-12T03:43:50.557493+00:00
2022,51,raw/profiles/2022_5308.json.gz,b16544421ef8b9c0811c8872b97244819617cab1da454b3bc865f4f45b0f20d0,2026-09-12T03:43:50.076352+00:00
2022,52,raw/profiles/2022_5324.json.gz,b725eb49e1796db73b23dd33bee71c8f32cc2ffb41258bcc43d9bdb64d2873a4,2026-09-12T03:43:50.276963+00:00
2022,54,raw/profiles/2022_4917.json.gz,5bd81793669d77e845b0fa59cfc63d3fe5626fe931180c9f46e3119261e4b208,2026-09-12T03:43:51.318919+00:00
2022,55,raw/profiles/2022_6348.json.gz,7ac4cf258e08ac367d14cd4797b29bea66875252944bce272828c9443bcbf3db,2026-09-12T03:43:50.765578+00:00
2022,56,raw/profiles/2022_5352.json.gz,5d0d33f186dd55b50f6f8c818f55a2275e9fb0c3e92032f9b45f7414587902ef,2026-09-12T03:43:50.976926+00:00
2022,57,raw/profiles/2022_5355.json.gz,ff10a7a4b150882a12214585d86a8bd75a5fb7266a390426de3234049300d93f,2026-09-12T03:43:51.237765+00:00
2022,58,raw/profiles/2022_5360.json.gz,bc4e746f9247b9e154a1991d2057ab88273ae921c9ded91bc1379c072597bfd7,2026-09-12T03:43:51.450910+00:00
2022,59,raw/profiles/2022_5378.json.gz,2e5031c2f50ac19e32bccb238e4dbcaf17fd4021ac8b90ad338e9e82a721f7e4,2026-09-12T03:43:51.526878+00:00
2022,6,raw/profiles/2022_4964.json.gz,923f69b04e238aa93f6c0ada19a9d74e32fbd15d929c8d6a268a3b3079f307d9,2026-09-12T03:43:51.656129+00:00
2022,60,raw/profiles/2022_5388.json.gz,e6ad9a10404db1e06de527e261511472c3c7fde94f5b8b1de022508fbd82f406,2026-09-12T03:43:51.748190+00:00
2022,62,raw/profiles/2022_5447.json.gz,43c54cfc6d5237d1519e0bf6a11af6d793c6d770bd2facac74850a611e1496aa,2026-09-12T03:43:51.983428+00:00
2022,63,raw/profiles/2022_5462.json.gz,db781eb1e017828dd0cc1638c4d14f78ddd7cb5c5e7170876b74455668d3644c,2026-09-12T03:43:51.983918+00:00
2022,64,raw/profiles/2022_5472.json.gz,77d40a5f5de8719f9c6c05f8b09421704d8f4772af7e1953fecb88f0600220bc,2026-09-12T03:43:52.269843+00:00
2022,65,raw/profiles/2022_5475.json.gz,149694339663da8acf47bef4b33831d4d9cda0463acd2ca2308bff52f48822f0,2026-09-12T03:43:52.270174+00:00
2022,66,raw/profiles/2022_5480.json.gz,db5bc7f5d1b7c0e296e6c09f49e5d96dc95c9a342acf7b13f0b580d42c626287,2026-09-12T03:43:52.475742+00:00
2022,67,raw/profiles/2022_5580.json.gz,3223f6ca25b78c9951eee20ad3a9ddaca311900eacd77a0de958305d8a0e1b8e,2026-09-12T03:43:52.477200+00:00
2022,68,raw/profiles/2022_5585.json.gz,6658367f23eab177059e998ebc62db1f282d0dfa0b7a68efb3390ce586ddc80e,2026-09-12T03:43:52.679372+00:00
2022,69,raw/profiles/2022_5590.json.gz,043a3cb507c28074cd8c2a3caf2b3482e2fedc7ccc5b2764e53dd4bd7a70ec70,2026-09-12T03:43:52.680234+00:00
2022,70,raw/profiles/2022_5597.json.gz,30d081794b9729cce8b375f379a663a91e687d42685fdf52afea60d67e3fd0ec,2026-09-12T03:43:52.881820+00:00
2022,71,raw/profiles/2022_6367.json.gz,06945375e6e14c8be2bcccd5972c95022270c0174c4ebfc7dd837e8cc65310c9,2026-09-12T03:43:52.882114+00:00
2022,72,raw/profiles/2022_5603.json.gz,460a298dc4a88a278a36611d14e3e0aaa8ce83edad3564e60b5870613169e22d,2026-09-12T03:43:53.085281+00:00
2022,73,raw/profiles/2022_5607.json.gz,4b77599aa71e29eb8c5fdc937f116f0cdcf16a02b7b5c11315bca7346086eab1,2026-09-12T03:43:53.084755+00:00
2022,74,raw/profiles/2022_6280.json.gz,f31301d617a16b3dc19b2031ffd1a486ce4429abfbca39a206cfe9a6e8fec44f,2026-09-12T03:43:53.323382+00:00
2022,75,raw/profiles/2022_5615.json.gz,acd9c8e8c0aa9edd6f6bd33309097032e0de0255cce2fec9f1e8512a52bfbb68,2026-09-12T03:43:53.321776+00:00
2022,76,raw/profiles/2022_5621.json.gz,78bfdbe7d524a068e283952f8ac36c9e755b9e72ffac0fc638a7010f767e034a,2026-09-12T03:43:53.529548+00:00
2022,77,raw/profiles/2022_5622.json.gz,18c3604598e03ab0bb69613f934aac3bdb1aeb4689b097ccf1b299354ca95b43,2026-09-12T03:43:53.530878+00:00
2022,79,raw/profiles/2022_5630.json.gz,7175bad542638226a8f43d5033793f91d74bbda5b57b38849b9de550e46c579c,2026-09-12T03:43:53.735068+00:00
2022,8,raw/profiles/2022_6296.json.gz,a356334ea5d466a49d5d6e31658820874282c74b7bf22563fc1dfb2def6cf975,2026-09-12T03:43:53.734552+00:00
2022,80,raw/profiles/2022_5636.json.gz,be8e98d074e01ff429ece94dd9465add4d1f07ad0b7edac880355cd87a42d661,2026-09-12T03:43:53.933257+00:00
2022,81,raw/profiles/2022_5646.json.gz,7c4eb4a2e43e5addae5e8821a425ebe9e9cc99aa0733ed60a55d5d6da3907bf5,2026-09-12T03:43:53.932953+00:00
2022,82,raw/profiles/2022_5649.json.gz,8b7475cb4003ecb785006e618616cf1a716370dfcf8cd0a4936d861958fa40b3,2026-09-12T03:43:54.142372+00:00
2022,83,raw/profiles/2022_5655.json.gz,8354f0a7025d1b0a3c930c78c6f522a4b6f6e3aa18a31f63a52ae56dc507a51c,2026-09-12T03:43:54.141956+00:00
2022,84,raw/profiles/2022_5659.json.gz,8dba056259dddde8dfe7e4d8c531b71bfc7d899a5356d8f03bb2a8cac73dc343,2026-09-12T03:43:54.366354+00:00
2022,85,raw/profiles/2022_5666.json.gz,31eacb3a6ba3d8e1217c2e2d404a22fa32b75217c39f73d38fb2db64b1f10444,2026-09-12T03:43:54.366716+00:00
2022,87,raw/profiles/2022_5675.json.gz,7d5d1cebbdf60bb4f16a634e759e03c4a505b2d85fac608f1d27b80c6c910ec4,2026-09-12T03:43:54.570920+00:00
2022,88,raw/profiles/2022_5679.json.gz,013dccd86ac6a4334da023f71995a49e5cabe9e5a892447ebeaf9ea5e9d10cd4,2026-09-12T03:43:54.570203+00:00
2022,89,raw/profiles/2022_5685.json.gz,dc7e626b3663afe4f1de7f9de18f3909a0822f007b475fa8871b9f01476eaf8c,2026-09-12T03:43:54.775986+00:00
2022,9,raw/profiles/2022_4983.json.gz,fb3812703c1529f278f036f03c83ea2c1caa3e1422b306bd224bc68ac149e979,2026-09-12T03:43:54.776447+00:00
2022,90,raw/profiles/2022_5690.json.gz,4d9d2bb477e99a0c58161db724352e0de93c7f876bc168c4ae7ae14904cbf4d2,2026-09-12T03:43:54.979043+00:00
2022,91,raw/profiles/2022_5695.json.gz,d413b0dae30ac70736706b5cf7b220694924915c8ef0f39bd2525690cb869b58,2026-09-12T03:43:54.979427+00:00
2022,92,raw/profiles/2022_5577.json.gz,58998fad8bada30466a067153b43c349ff7ac58e690420e9e41a8ab05be6e458,2026-09-12T03:43:55.179504+00:00
2022,93,raw/profiles/2022_5724.json.gz,94ea95efe74778c95ecff645067622f866dfb951f968db44b974dd7917e4074a,2026-09-12T03:43:55.179143+00:00
2022,95,raw/profiles/2022_5560.json.gz,e30852ad4bc5faa37c20733489471ced653bcf311cc2659da6c655c3e64293bb,2026-09-12T03:43:55.415480+00:00
2022,96,raw/profiles/2022_5566.json.gz,6eeac3d0a860526dfd65f29ba6f264a76ffabbbcdb0ed4e8cfd8efe1d8f600f0,2026-09-12T03:43:55.414639+00:00
2022,97,raw/profiles/2022_5571.json.gz,08e161f84470bd61435ffba2695058ccdac7001f4d4683b690896a81bb20a8d9,2026-09-12T03:43:55.635213+00:00
2022,98,raw/profiles/2022_5750.json.gz,0db46ba1009cf5ee7c8583315921a010ec79f0a3d4af21711c6d1920c22e33eb,2026-09-12T03:43:55.638402+00:00
2022,99,raw/profiles/2022_5757.json.gz,830e5a73e95b1fb46591f2be78dd4e9908f20e48ebdb227b11e9339adac38997,2026-09-12T03:43:55.942734+00:00
2022,106,raw/profiles/2022_5801.json.gz,d4eb96babe989e4a269e25d7d744b66357bfd5c5efcf09eb98c1c244458b7215,2026-09-12T03:43:55.942142+00:00
2022,114,raw/profiles/2022_5862.json.gz,65add405cf0aeda6bdf43a1d8c34580ce29d5c57958f856b1ae9633614d75e01,2026-09-12T03:43:56.150827+00:00
2022,122,raw/profiles/2022_5907.json.gz,4e77285dce369529fee594aa9b4718f9fa884caf303f2c39d3c5b86bb414a335,2026-09-12T03:43:56.163967+00:00
2022,130,raw/profiles/2022_6026.json.gz,67787d0148d124aa6cad8bd270a3b5faf07d3ae442c6fcad4cdd302dbe6db9bb,2026-09-12T03:43:56.356570+00:00
2022,139,raw/profiles/2022_6157.json.gz,28e4b56092ea37b792167f683fae87d57cbed29e987cd87279109815d4999565,2026-09-12T03:43:56.371996+00:00
2022,147,raw/profiles/2022_5949.json.gz,d0d3016946c5269f17768a08f240ba298f41386be62c1c347e77f6e6f1e48296,2026-09-12T03:43:56.559620+00:00
2022,155,raw/profiles/2022_6197.json.gz,a13dc68bcfe9ceed0fcf61e4ac011146d0c2f95aed15c6eacaac99f778bd77e5,2026-09-12T03:43:56.663370+00:00
2022,164,raw/profiles/2022_6259.json.gz,c2db075e22761a2f91df4d5569e747465113c877b9823554d41137771196b859,2026-09-12T03:43:56.758641+00:00
2022,172,raw/profiles/2022_6184.json.gz,feeef3375965d60ea5d341758cb11b4d79a12760f5f7acf1a3c0e7e36a5519bb,2026-09-12T03:43:56.867868+00:00
2022,181,raw/profiles/2022_6074.json.gz,f1e07b3dedb7c5b05555ca093d736af7dc3d6b7f802b32be093382f03aedcd07,2026-09-12T03:43:56.988938+00:00
2022,19,raw/profiles/2022_5038.json.gz,f6e40506756552431b7335921c5b58ec69679722cbb59ff4d73ee0af3422bd4c,2026-09-12T03:43:57.072000+00:00
2022,198,raw/profiles/2022_5550.json.gz,8467e694562b761b13d4ed7fad9b798e5fe9d4a06f69376fb0226112c0bc0244,2026-09-12T03:43:57.196510+00:00
2022,205,raw/profiles/2022_5517.json.gz,39a63c6defbfa07eac300b5b5d2fef412a88f2788c7eba9e7138afc3cfbb107b,2026-09-12T03:43:57.270044+00:00
2022,213,raw/profiles/2022_5490.json.gz,10d22ce944af9ad2032d559b1f43d4e4650ef417eebfd6de9618a334b3cfbd0f,2026-09-12T03:43:57.901391+00:00
2022,221,raw/profiles/2022_5408.json.gz,ab5d596727d3ce80b9e2e6bef6e8786925406d4858289a28d31a9f8b3fd83afa,2026-09-12T03:43:57.521148+00:00
2022,23,raw/profiles/2022_5064.json.gz,ec6c95f6ef92d5c234ec46061bca95b79aa717e7a5a2b17c4a0cd72d55562090,2026-09-12T03:43:57.730510+00:00
2022,238,raw/profiles/2022_5276.json.gz,f326b6143bed8990f5a34c4b862035e76be8d17a7f41e8f0f090e745eb5d30e3,2026-09-12T03:43:57.934914+00:00
2022,246,raw/profiles/2022_5126.json.gz,71998ac8f430948143d3cbb28433a5ac58b25107060b34ac4770c51452cc9d76,2026-09-12T03:43:58.117168+00:00
2022,29,raw/profiles/2022_5097.json.gz,e98220228b4ab1e6c30b268681bc967be8809713073203a0e75ab32a65161326,2026-09-12T03:43:58.131930+00:00
2022,37,raw/profiles/2022_5162.json.gz,74ba2046d21ddf286b97a5102d410caf512bc7ae1ffacbc9e6ad286218647a44,2026-09-12T03:43:58.320882+00:00
2022,45,raw/profiles/2022_5252.json.gz,87c89b4c1828e95bd930fc3b4bb3fa6e29d6b26f6e837a2e0ede267dcfbbf931,2026-09-12T03:43:58.337044+00:00
2022,53,raw/profiles/2022_5327.json.gz,4fd4050b60290108f338bdff79bb7b366c96cc47d164bb99f910ccdfe0d1ef50,2026-09-12T03:43:58.560808+00:00
2022,61,raw/profiles/2022_5397.json.gz,fe41b5c03634010f871e3b47a0517651af379fefeddbb6602cd43fc1c502953f,2026-09-12T03:43:58.562280+00:00
2022,7,raw/profiles/2022_4970.json.gz,200ab615eaea994170ad26dcce907d0e086243f1b24f5523f448aac487749ee2,2026-09-12T03:43:58.768431+00:00
2022,78,raw/profiles/2022_5628.json.gz,8262a473f38d0a23a01ed9b8e197bfb006331e487387bee6ac0d01eb4f34a5c9,2026-09-12T03:43:58.769898+00:00
2022,86,raw/profiles/2022_5670.json.gz,a900761fe2f66c0191a79c525869a3d8b4ee2483b4a8d54dfac2c31e68b502de,2026-09-12T03:43:58.980645+00:00
2022,94,raw/profiles/2022_5746.json.gz,bc161af8192a32c78d7722593c7223ed38e82a92284cf12375dd6082901776ae,2026-09-12T03:43:58.980976+00:00
