state,district,year,record_kind,gram_panchayat,gp_constituency_raw,seat_no,assembly_part_raw,polling_station_raw,ps_constituency_raw,zp_constituency_raw,source_path,source_sha256,source_page,source_table,source_row,source_table_bbox,raw_cells,quality_flags,review_status
West Bengal,Alipurduar,2018,constituency_crosswalk,Turturikhanda,Turturikhanda/I,1,"10, Kumargram(ST)/1","1, Bhutia Basti Beat Office",Turturikhanda/PS-I,Kumargram/ZP-1,data/wb/gp_source_search/historical_expansion/alipurduar_CONSTITUENCY_5fe98655.pdf,fd2063117af535c39b67f049573eb3ff1a8fcea3df4ba8c56deb6f6979cdba59,1,1,2,"[24.96, 51.029999999999944, 822.7199999999999, 558.48]","[null, ""10, Kumargram(ST)/1"", ""1, Bhutia Basti Beat Office"", ""Turturikhanda/I"", ""1"", ""Turturikhanda/PS-I"", ""Kumargram/ZP-1""]",,native_fields_parsed
West Bengal,Alipurduar,2018,constituency_crosswalk,Turturikhanda,Turturikhanda/II,2,"10, Kumargram(ST)/2","2/1, Chuniajhora Cha Bagan Pry.
School",Turturikhanda/PS-I,Kumargram/ZP-1,data/wb/gp_source_search/historical_expansion/alipurduar_CONSTITUENCY_5fe98655.pdf,fd2063117af535c39b67f049573eb3ff1a8fcea3df4ba8c56deb6f6979cdba59,1,1,3,"[24.96, 51.029999999999944, 822.7199999999999, 558.48]","[null, ""10, Kumargram(ST)/2"", ""2/1, Chuniajhora Cha Bagan Pry.\nSchool"", ""Turturikhanda/II"", ""2"", ""Turturikhanda/PS-I"", ""Kumargram/ZP-1""]",,native_fields_parsed
West Bengal,Alipurduar,2018,constituency_crosswalk,Turturikhanda,Turturikhanda/II,,"10, Kumargram(ST)/3","2/2, Chuniajhora Hindi Jr. High School",Turturikhanda/PS-I,Kumargram/ZP-1,data/wb/gp_source_search/historical_expansion/alipurduar_CONSTITUENCY_5fe98655.pdf,fd2063117af535c39b67f049573eb3ff1a8fcea3df4ba8c56deb6f6979cdba59,1,1,4,"[24.96, 51.029999999999944, 822.7199999999999, 558.48]","[null, ""10, Kumargram(ST)/3"", ""2/2, Chuniajhora Hindi Jr. High School"", ""Turturikhanda/II"", null, ""Turturikhanda/PS-I"", ""Kumargram/ZP-1""]",seat_cell_missing_or_merged,needs_review
West Bengal,Alipurduar,2018,constituency_crosswalk,Turturikhanda,Turturikhanda/III,3,"10, Kumargram(ST)/4","3, Phaskhowa Cha Bagan SC Pry.
School",Turturikhanda/PS-I,Kumargram/ZP-1,data/wb/gp_source_search/historical_expansion/alipurduar_CONSTITUENCY_5fe98655.pdf,fd2063117af535c39b67f049573eb3ff1a8fcea3df4ba8c56deb6f6979cdba59,1,1,5,"[24.96, 51.029999999999944, 822.7199999999999, 558.48]","[null, ""10, Kumargram(ST)/4"", ""3, Phaskhowa Cha Bagan SC Pry.\nSchool"", ""Turturikhanda/III"", ""3"", ""Turturikhanda/PS-I"", ""Kumargram/ZP-1""]",,native_fields_parsed
West Bengal,Alipurduar,2018,constituency_crosswalk,Turturikhanda,Turturikhanda/IV,4,"10, Kumargram(ST)/5","4, Jainti Cha Bagan Staff Club",Turturikhanda/PS-I,Kumargram/ZP-1,data/wb/gp_source_search/historical_expansion/alipurduar_CONSTITUENCY_5fe98655.pdf,fd2063117af535c39b67f049573eb3ff1a8fcea3df4ba8c56deb6f6979cdba59,1,1,6,"[24.96, 51.029999999999944, 822.7199999999999, 558.48]","[null, ""10, Kumargram(ST)/5"", ""4, Jainti Cha Bagan Staff Club"", ""Turturikhanda/IV"", ""4"", ""Turturikhanda/PS-I"", ""Kumargram/ZP-1""]",,native_fields_parsed
West Bengal,Alipurduar,2018,constituency_crosswalk,Turturikhanda,Turturikhanda/V,5,"10, Kumargram(ST)/6","5/1, Jainti Cha Bagan Pry. School",Turturikhanda/PS-II,Kumargram/ZP-1,data/wb/gp_source_search/historical_expansion/alipurduar_CONSTITUENCY_5fe98655.pdf,fd2063117af535c39b67f049573eb3ff1a8fcea3df4ba8c56deb6f6979cdba59,1,1,7,"[24.96, 51.029999999999944, 822.7199999999999, 558.48]","[null, ""10, Kumargram(ST)/6"", ""5/1, Jainti Cha Bagan Pry. School"", ""Turturikhanda/V"", ""5"", ""Turturikhanda/PS-II"", ""Kumargram/ZP-1""]",,native_fields_parsed
West Bengal,Alipurduar,2018,constituency_crosswalk,Turturikhanda,Turturikhanda/V,,"10, Kumargram(ST)/7","5/2, Subba Line SSK",Turturikhanda/PS-II,Kumargram/ZP-1,data/wb/gp_source_search/historical_expansion/alipurduar_CONSTITUENCY_5fe98655.pdf,fd2063117af535c39b67f049573eb3ff1a8fcea3df4ba8c56deb6f6979cdba59,1,1,8,"[24.96, 51.029999999999944, 822.7199999999999, 558.48]","[null, ""10, Kumargram(ST)/7"", ""5/2, Subba Line SSK"", ""Turturikhanda/V"", null, ""Turturikhanda/PS-II"", ""Kumargram/ZP-1""]",seat_cell_missing_or_merged,needs_review
West Bengal,Alipurduar,2018,constituency_crosswalk,Turturikhanda,Turturikhanda/VI,6,"10, Kumargram(ST)/8","6, Limbudhura S.C. Pry. School",Turturikhanda/PS-II,Kumargram/ZP-1,data/wb/gp_source_search/historical_expansion/alipurduar_CONSTITUENCY_5fe98655.pdf,fd2063117af535c39b67f049573eb3ff1a8fcea3df4ba8c56deb6f6979cdba59,1,1,9,"[24.96, 51.029999999999944, 822.7199999999999, 558.48]","[null, ""10, Kumargram(ST)/8"", ""6, Limbudhura S.C. Pry. School"", ""Turturikhanda/VI"", ""6"", ""Turturikhanda/PS-II"", ""Kumargram/ZP-1""]",,native_fields_parsed
West Bengal,Alipurduar,2018,constituency_crosswalk,TTuurrttuurriikkhhaannddaa/,TTuurrttuurriikkhhaannddaa//VVIIII,77,"1100,, KKuummaarrggrraamm((SSTT))//99","77,, HHaarriikkaallaa PPrryy.. SScchhooooll",TTuurrttuurriikkhhaannddaa//PPSS--IIII,KKuummaarrggrraamm//ZZPP--11,data/wb/gp_source_search/historical_expansion/alipurduar_CONSTITUENCY_5fe98655.pdf,fd2063117af535c39b67f049573eb3ff1a8fcea3df4ba8c56deb6f6979cdba59,1,1,10,"[24.96, 51.029999999999944, 822.7199999999999, 558.48]","[null, ""1100,, KKuummaarrggrraamm((SSTT))//99"", ""77,, HHaarriikkaallaa PPrryy.. SScchhooooll"", ""TTuurrttuurriikkhhaannddaa//VVIIII"", ""77"", ""TTuurrttuurriikkhhaannddaa//PPSS--IIII"", ""KKuummaarrggrraamm//ZZPP--11""]",duplicated_native_glyphs,needs_review
West Bengal,Alipurduar,2018,constituency_crosswalk,Turturikhanda,Turturikhanda/VIII,8,"10, Kumargram(ST)/10","8, Kaijali Basti S.C. Pry. School",Turturikhanda/PS-III,Kumargram/ZP-1,data/wb/gp_source_search/historical_expansion/alipurduar_CONSTITUENCY_5fe98655.pdf,fd2063117af535c39b67f049573eb3ff1a8fcea3df4ba8c56deb6f6979cdba59,1,1,11,"[24.96, 51.029999999999944, 822.7199999999999, 558.48]","[null, ""10, Kumargram(ST)/10"", ""8, Kaijali Basti S.C. Pry. School"", ""Turturikhanda/VIII"", ""8"", ""Turturikhanda/PS-III"", ""Kumargram/ZP-1""]",,native_fields_parsed
West Bengal,Alipurduar,2018,constituency_crosswalk,Turturikhanda,Turturikhanda/IX,9,"10, Kumargram(ST)/11","9/1, Turturi khanda M.S.K.",Turturikhanda/PS-III,Kumargram/ZP-1,data/wb/gp_source_search/historical_expansion/alipurduar_CONSTITUENCY_5fe98655.pdf,fd2063117af535c39b67f049573eb3ff1a8fcea3df4ba8c56deb6f6979cdba59,1,1,12,"[24.96, 51.029999999999944, 822.7199999999999, 558.48]","[null, ""10, Kumargram(ST)/11"", ""9/1, Turturi khanda M.S.K."", ""Turturikhanda/IX"", ""9"", ""Turturikhanda/PS-III"", ""Kumargram/ZP-1""]",,native_fields_parsed
West Bengal,Alipurduar,2018,constituency_crosswalk,Turturikhanda,Turturikhanda/IX,,"10, Kumargram(ST)/12","9/2, Turturi Khanda Irrigation
Bungalow",Turturikhanda/PS-III,Kumargram/ZP-1,data/wb/gp_source_search/historical_expansion/alipurduar_CONSTITUENCY_5fe98655.pdf,fd2063117af535c39b67f049573eb3ff1a8fcea3df4ba8c56deb6f6979cdba59,1,1,13,"[24.96, 51.029999999999944, 822.7199999999999, 558.48]","[null, ""10, Kumargram(ST)/12"", ""9/2, Turturi Khanda Irrigation\nBungalow"", ""Turturikhanda/IX"", null, ""Turturikhanda/PS-III"", ""Kumargram/ZP-1""]",seat_cell_missing_or_merged,needs_review
West Bengal,Alipurduar,2018,constituency_crosswalk,Turturikhanda,Turturikhanda/X,10,"10, Kumargram(ST)/13","10, Turturi T.G. Pry. School",Turturikhanda/PS-III,Kumargram/ZP-1,data/wb/gp_source_search/historical_expansion/alipurduar_CONSTITUENCY_5fe98655.pdf,fd2063117af535c39b67f049573eb3ff1a8fcea3df4ba8c56deb6f6979cdba59,1,1,14,"[24.96, 51.029999999999944, 822.7199999999999, 558.48]","[null, ""10, Kumargram(ST)/13"", ""10, Turturi T.G. Pry. School"", ""Turturikhanda/X"", ""10"", ""Turturikhanda/PS-III"", ""Kumargram/ZP-1""]",,native_fields_parsed
West Bengal,Alipurduar,2018,constituency_crosswalk,Turturikhanda,Turturikhanda/XI,11,"10, Kumargram(ST)/14","11, Turturi Cha Bagan Division Pry.
School",Turturikhanda/PS-III,Kumargram/ZP-1,data/wb/gp_source_search/historical_expansion/alipurduar_CONSTITUENCY_5fe98655.pdf,fd2063117af535c39b67f049573eb3ff1a8fcea3df4ba8c56deb6f6979cdba59,1,1,15,"[24.96, 51.029999999999944, 822.7199999999999, 558.48]","[null, ""10, Kumargram(ST)/14"", ""11, Turturi Cha Bagan Division Pry.\nSchool"", ""Turturikhanda/XI"", ""11"", ""Turturikhanda/PS-III"", ""Kumargram/ZP-1""]",,native_fields_parsed
West Bengal,Alipurduar,2018,constituency_crosswalk,Rydak,Rydak/I,1,"10, Kumargram(ST)/15","12, Rahimabad T.G. Pry. School",Rydak/PS-IV,Kumargram/ZP-1,data/wb/gp_source_search/historical_expansion/alipurduar_CONSTITUENCY_5fe98655.pdf,fd2063117af535c39b67f049573eb3ff1a8fcea3df4ba8c56deb6f6979cdba59,1,1,16,"[24.96, 51.029999999999944, 822.7199999999999, 558.48]","[null, ""10, Kumargram(ST)/15"", ""12, Rahimabad T.G. Pry. School"", ""Rydak/I"", ""1"", ""Rydak/PS-IV"", ""Kumargram/ZP-1""]",,native_fields_parsed
West Bengal,Alipurduar,2018,constituency_crosswalk,Rydak,Rydak/II,2,"10, Kumargram(ST)/16","13/1, Workers High School",Rydak/PS-IV,Kumargram/ZP-1,data/wb/gp_source_search/historical_expansion/alipurduar_CONSTITUENCY_5fe98655.pdf,fd2063117af535c39b67f049573eb3ff1a8fcea3df4ba8c56deb6f6979cdba59,1,1,17,"[24.96, 51.029999999999944, 822.7199999999999, 558.48]","[null, ""10, Kumargram(ST)/16"", ""13/1, Workers High School"", ""Rydak/II"", ""2"", ""Rydak/PS-IV"", ""Kumargram/ZP-1""]",,native_fields_parsed
West Bengal,Alipurduar,2018,constituency_crosswalk,Rydak,Rydak/II,,"10, Kumargram(ST)/17","13/2, Rahimabad Islamiya Madrasha",Rydak/PS-IV,Kumargram/ZP-1,data/wb/gp_source_search/historical_expansion/alipurduar_CONSTITUENCY_5fe98655.pdf,fd2063117af535c39b67f049573eb3ff1a8fcea3df4ba8c56deb6f6979cdba59,1,1,18,"[24.96, 51.029999999999944, 822.7199999999999, 558.48]","[null, ""10, Kumargram(ST)/17"", ""13/2, Rahimabad Islamiya Madrasha"", ""Rydak/II"", null, ""Rydak/PS-IV"", ""Kumargram/ZP-1""]",seat_cell_missing_or_merged,needs_review
West Bengal,Alipurduar,2018,constituency_crosswalk,Rydak,Rydak/III,3,"10, Kumargram(ST)/18","14/1, Rydak F.V. New Pry. School",Rydak/PS-IV,Kumargram/ZP-1,data/wb/gp_source_search/historical_expansion/alipurduar_CONSTITUENCY_5fe98655.pdf,fd2063117af535c39b67f049573eb3ff1a8fcea3df4ba8c56deb6f6979cdba59,1,1,19,"[24.96, 51.029999999999944, 822.7199999999999, 558.48]","[null, ""10, Kumargram(ST)/18"", ""14/1, Rydak F.V. New Pry. School"", ""Rydak/III"", ""3"", ""Rydak/PS-IV"", ""Kumargram/ZP-1""]",,native_fields_parsed
West Bengal,Alipurduar,2018,constituency_crosswalk,Rydak,Rydak/III,,"10, Kumargram(ST)/19","14/2, Chiro Line AWC",Rydak/PS-IV,Kumargram/ZP-1,data/wb/gp_source_search/historical_expansion/alipurduar_CONSTITUENCY_5fe98655.pdf,fd2063117af535c39b67f049573eb3ff1a8fcea3df4ba8c56deb6f6979cdba59,1,1,20,"[24.96, 51.029999999999944, 822.7199999999999, 558.48]","[null, ""10, Kumargram(ST)/19"", ""14/2, Chiro Line AWC"", ""Rydak/III"", null, ""Rydak/PS-IV"", ""Kumargram/ZP-1""]",seat_cell_missing_or_merged,needs_review
West Bengal,Alipurduar,2018,constituency_crosswalk,Rydak,Rydak/IV,4,"10, Kumargram(ST)/20","15/1, Kartik T.G. Pry. School",Rydak/PS-V,Kumargram/ZP-1,data/wb/gp_source_search/historical_expansion/alipurduar_CONSTITUENCY_5fe98655.pdf,fd2063117af535c39b67f049573eb3ff1a8fcea3df4ba8c56deb6f6979cdba59,1,1,21,"[24.96, 51.029999999999944, 822.7199999999999, 558.48]","[null, ""10, Kumargram(ST)/20"", ""15/1, Kartik T.G. Pry. School"", ""Rydak/IV"", ""4"", ""Rydak/PS-V"", ""Kumargram/ZP-1""]",,native_fields_parsed
West Bengal,Alipurduar,2018,constituency_crosswalk,Rydak,Rydak/IV,,"10, Kumargram(ST)/21","15/2, Bidyasagar SSK",Rydak/PS-V,Kumargram/ZP-1,data/wb/gp_source_search/historical_expansion/alipurduar_CONSTITUENCY_5fe98655.pdf,fd2063117af535c39b67f049573eb3ff1a8fcea3df4ba8c56deb6f6979cdba59,1,1,22,"[24.96, 51.029999999999944, 822.7199999999999, 558.48]","[null, ""10, Kumargram(ST)/21"", ""15/2, Bidyasagar SSK"", ""Rydak/IV"", null, ""Rydak/PS-V"", ""Kumargram/ZP-1""]",seat_cell_missing_or_merged,needs_review
West Bengal,Alipurduar,2018,constituency_crosswalk,Rydak,Rydak/V,5,"10, Kumargram(ST)/22","16/1, Rydak Cha Bagan Pry. School",Rydak/PS-V,Kumargram/ZP-1,data/wb/gp_source_search/historical_expansion/alipurduar_CONSTITUENCY_5fe98655.pdf,fd2063117af535c39b67f049573eb3ff1a8fcea3df4ba8c56deb6f6979cdba59,1,1,23,"[24.96, 51.029999999999944, 822.7199999999999, 558.48]","[null, ""10, Kumargram(ST)/22"", ""16/1, Rydak Cha Bagan Pry. School"", ""Rydak/V"", ""5"", ""Rydak/PS-V"", ""Kumargram/ZP-1""]",,native_fields_parsed
West Bengal,Alipurduar,2018,constituency_crosswalk,Rydak,Rydak/V,,"10, Kumargram(ST)/23","(Room No-I)
16/2, Jiban Xalxo SSK",Rydak/PS-V,Kumargram/ZP-1,data/wb/gp_source_search/historical_expansion/alipurduar_CONSTITUENCY_5fe98655.pdf,fd2063117af535c39b67f049573eb3ff1a8fcea3df4ba8c56deb6f6979cdba59,1,1,24,"[24.96, 51.029999999999944, 822.7199999999999, 558.48]","[null, ""10, Kumargram(ST)/23"", ""(Room No-I)\n16/2, Jiban Xalxo SSK"", ""Rydak/V"", null, ""Rydak/PS-V"", ""Kumargram/ZP-1""]",seat_cell_missing_or_merged,needs_review
West Bengal,Alipurduar,2018,constituency_crosswalk,Rydak,Rydak/VI,66,"1100,, KKuummaarrggrraamm((SSTT))//2244","1177,, RRyyddaakk CChhaa BBaaggaann PPrryy.. SScchhooooll
(Room No-2)",RRyyddaakk//PPSS--VV,KKuummaarrggrraamm//ZZPP--11,data/wb/gp_source_search/historical_expansion/alipurduar_CONSTITUENCY_5fe98655.pdf,fd2063117af535c39b67f049573eb3ff1a8fcea3df4ba8c56deb6f6979cdba59,1,1,25,"[24.96, 51.029999999999944, 822.7199999999999, 558.48]","[null, ""1100,, KKuummaarrggrraamm((SSTT))//2244"", ""1177,, RRyyddaakk CChhaa BBaaggaann PPrryy.. SScchhooooll\n(Room No-2)"", ""Rydak/VI"", ""66"", ""RRyyddaakk//PPSS--VV"", ""KKuummaarrggrraamm//ZZPP--11""]",duplicated_native_glyphs,needs_review
West Bengal,Alipurduar,2018,constituency_crosswalk,Rydak,Rydak/VII,7,"10, Kumargram(ST)/25","18/1, Rydak Cha Bagan Bengali Pry.
School",Rydak/PS-VI,Kumargram/ZP-1,data/wb/gp_source_search/historical_expansion/alipurduar_CONSTITUENCY_5fe98655.pdf,fd2063117af535c39b67f049573eb3ff1a8fcea3df4ba8c56deb6f6979cdba59,2,1,1,"[99.12, 17.75999999999999, 822.7199999999999, 566.04]","[""10, Kumargram(ST)/25"", ""18/1, Rydak Cha Bagan Bengali Pry.\nSchool"", ""Rydak/VII"", ""7"", ""Rydak/PS-VI"", ""Kumargram/ZP-1""]",,native_fields_parsed
West Bengal,Alipurduar,2018,constituency_crosswalk,Rydak,Rydak/VII,,"10, Kumargram(ST)/26","18/2, Merry Margaret SSK",Rydak/PS-VI,Kumargram/ZP-1,data/wb/gp_source_search/historical_expansion/alipurduar_CONSTITUENCY_5fe98655.pdf,fd2063117af535c39b67f049573eb3ff1a8fcea3df4ba8c56deb6f6979cdba59,2,1,2,"[99.12, 17.75999999999999, 822.7199999999999, 566.04]","[""10, Kumargram(ST)/26"", ""18/2, Merry Margaret SSK"", ""Rydak/VII"", null, ""Rydak/PS-VI"", ""Kumargram/ZP-1""]",seat_cell_missing_or_merged,needs_review
West Bengal,Alipurduar,2018,constituency_crosswalk,Rydak,Rydak/VIII,8,"10, Kumargram(ST)/27","19, Rydak Cha Bagan Labour Club",Rydak/PS-VI,Kumargram/ZP-1,data/wb/gp_source_search/historical_expansion/alipurduar_CONSTITUENCY_5fe98655.pdf,fd2063117af535c39b67f049573eb3ff1a8fcea3df4ba8c56deb6f6979cdba59,2,1,3,"[99.12, 17.75999999999999, 822.7199999999999, 566.04]","[""10, Kumargram(ST)/27"", ""19, Rydak Cha Bagan Labour Club"", ""Rydak/VIII"", ""8"", ""Rydak/PS-VI"", ""Kumargram/ZP-1""]",,native_fields_parsed
West Bengal,Alipurduar,2018,constituency_crosswalk,Rydak,Rydak/IX,9,"10, Kumargram(ST)/28","20, New garden Division SSK",Rydak/PS-VI,Kumargram/ZP-1,data/wb/gp_source_search/historical_expansion/alipurduar_CONSTITUENCY_5fe98655.pdf,fd2063117af535c39b67f049573eb3ff1a8fcea3df4ba8c56deb6f6979cdba59,2,1,4,"[99.12, 17.75999999999999, 822.7199999999999, 566.04]","[""10, Kumargram(ST)/28"", ""20, New garden Division SSK"", ""Rydak/IX"", ""9"", ""Rydak/PS-VI"", ""Kumargram/ZP-1""]",,native_fields_parsed
West Bengal,Alipurduar,2018,constituency_crosswalk,Rydak,Rydak/X,10,"10, Kumargram(ST)/29","21, Rydak F.V. Pry. School",Rydak/PS-VI,Kumargram/ZP-1,data/wb/gp_source_search/historical_expansion/alipurduar_CONSTITUENCY_5fe98655.pdf,fd2063117af535c39b67f049573eb3ff1a8fcea3df4ba8c56deb6f6979cdba59,2,1,5,"[99.12, 17.75999999999999, 822.7199999999999, 566.04]","[""10, Kumargram(ST)/29"", ""21, Rydak F.V. Pry. School"", ""Rydak/X"", ""10"", ""Rydak/PS-VI"", ""Kumargram/ZP-1""]",,native_fields_parsed
West Bengal,Alipurduar,2018,constituency_crosswalk,Rydak,Rydak/XI,11,"10, Kumargram(ST)/30","22, Chhipra F.V. Pry. School",Rydak/PS-VI,Kumargram/ZP-1,data/wb/gp_source_search/historical_expansion/alipurduar_CONSTITUENCY_5fe98655.pdf,fd2063117af535c39b67f049573eb3ff1a8fcea3df4ba8c56deb6f6979cdba59,2,1,6,"[99.12, 17.75999999999999, 822.7199999999999, 566.04]","[""10, Kumargram(ST)/30"", ""22, Chhipra F.V. Pry. School"", ""Rydak/XI"", ""11"", ""Rydak/PS-VI"", ""Kumargram/ZP-1""]",,native_fields_parsed
West Bengal,Alipurduar,2018,constituency_crosswalk,NKS,NKS/I,1,"10, Kumargram(ST)/31","23/1, Newlands T.G. Pry. School (Room
No-1)","Newlands Kumargram
Sankosh/PS-VII",Kumargram/ZP-2,data/wb/gp_source_search/historical_expansion/alipurduar_CONSTITUENCY_5fe98655.pdf,fd2063117af535c39b67f049573eb3ff1a8fcea3df4ba8c56deb6f6979cdba59,2,1,7,"[99.12, 17.75999999999999, 822.7199999999999, 566.04]","[""10, Kumargram(ST)/31"", ""23/1, Newlands T.G. Pry. School (Room\nNo-1)"", ""NKS/I"", ""1"", ""Newlands Kumargram\nSankosh/PS-VII"", ""Kumargram/ZP-2""]",,native_fields_parsed
West Bengal,Alipurduar,2018,constituency_crosswalk,NKS,NKS/I,,"10, Kumargram(ST)/32","23/2, Newlands T.G. Pry. School(Room
No-2)","Newlands Kumargram
Sankosh/PS-VII",Kumargram/ZP-2,data/wb/gp_source_search/historical_expansion/alipurduar_CONSTITUENCY_5fe98655.pdf,fd2063117af535c39b67f049573eb3ff1a8fcea3df4ba8c56deb6f6979cdba59,2,1,8,"[99.12, 17.75999999999999, 822.7199999999999, 566.04]","[""10, Kumargram(ST)/32"", ""23/2, Newlands T.G. Pry. School(Room\nNo-2)"", ""NKS/I"", null, ""Newlands Kumargram\nSankosh/PS-VII"", ""Kumargram/ZP-2""]",seat_cell_missing_or_merged,needs_review
West Bengal,Alipurduar,2018,constituency_crosswalk,NKS,NKS/II,2,"10, Kumargram(ST)/33","24, Newlands F.V. Pry. School","Newlands Kumargram
Sankosh/PS-VII",Kumargram/ZP-2,data/wb/gp_source_search/historical_expansion/alipurduar_CONSTITUENCY_5fe98655.pdf,fd2063117af535c39b67f049573eb3ff1a8fcea3df4ba8c56deb6f6979cdba59,2,1,9,"[99.12, 17.75999999999999, 822.7199999999999, 566.04]","[""10, Kumargram(ST)/33"", ""24, Newlands F.V. Pry. School"", ""NKS/II"", ""2"", ""Newlands Kumargram\nSankosh/PS-VII"", ""Kumargram/ZP-2""]",,native_fields_parsed
West Bengal,Alipurduar,2018,constituency_crosswalk,NKS,NKS/III,3,"10, Kumargram(ST)/34","25, Newlands T.G. Hindi Junior High
School","Newlands Kumargram
Sankosh/PS-VII",Kumargram/ZP-2,data/wb/gp_source_search/historical_expansion/alipurduar_CONSTITUENCY_5fe98655.pdf,fd2063117af535c39b67f049573eb3ff1a8fcea3df4ba8c56deb6f6979cdba59,2,1,10,"[99.12, 17.75999999999999, 822.7199999999999, 566.04]","[""10, Kumargram(ST)/34"", ""25, Newlands T.G. Hindi Junior High\nSchool"", ""NKS/III"", ""3"", ""Newlands Kumargram\nSankosh/PS-VII"", ""Kumargram/ZP-2""]",,native_fields_parsed
West Bengal,Alipurduar,2018,constituency_crosswalk,NKS,NKS/IV,4,"10, Kumargram(ST)/35","26/1, Newlands Multipurpose Building","Newlands Kumargram
Sankosh/PS-VII",Kumargram/ZP-2,data/wb/gp_source_search/historical_expansion/alipurduar_CONSTITUENCY_5fe98655.pdf,fd2063117af535c39b67f049573eb3ff1a8fcea3df4ba8c56deb6f6979cdba59,2,1,11,"[99.12, 17.75999999999999, 822.7199999999999, 566.04]","[""10, Kumargram(ST)/35"", ""26/1, Newlands Multipurpose Building"", ""NKS/IV"", ""4"", ""Newlands Kumargram\nSankosh/PS-VII"", ""Kumargram/ZP-2""]",,native_fields_parsed
West Bengal,Alipurduar,2018,constituency_crosswalk,NNKKSS/,NNKKSS//IIVV,,"1100,, KKuummaarrggrraamm((SSTT))//3366","2266//22,, NNeewwllaannddss TTGG NNeecchh LLiinnee SSSSKK","NNeewwllaannddss KKuummaarrggrraamm
Sankosh/PS-VII",KKuummaarrggrraamm//ZZPP--22,data/wb/gp_source_search/historical_expansion/alipurduar_CONSTITUENCY_5fe98655.pdf,fd2063117af535c39b67f049573eb3ff1a8fcea3df4ba8c56deb6f6979cdba59,2,1,12,"[99.12, 17.75999999999999, 822.7199999999999, 566.04]","[""1100,, KKuummaarrggrraamm((SSTT))//3366"", ""2266//22,, NNeewwllaannddss TTGG NNeecchh LLiinnee SSSSKK"", ""NNKKSS//IIVV"", null, ""NNeewwllaannddss KKuummaarrggrraamm\nSankosh/PS-VII"", ""KKuummaarrggrraamm//ZZPP--22""]",seat_cell_missing_or_merged;duplicated_native_glyphs,needs_review
West Bengal,Alipurduar,2018,constituency_crosswalk,NKS,NKS/V,5,"10, Kumargram(ST)/37","27, Banda Line ICDS No. 18","Newlands Kumargram
Sankosh/PS-VIII",Kumargram/ZP-2,data/wb/gp_source_search/historical_expansion/alipurduar_CONSTITUENCY_5fe98655.pdf,fd2063117af535c39b67f049573eb3ff1a8fcea3df4ba8c56deb6f6979cdba59,2,1,13,"[99.12, 17.75999999999999, 822.7199999999999, 566.04]","[""10, Kumargram(ST)/37"", ""27, Banda Line ICDS No. 18"", ""NKS/V"", ""5"", ""Newlands Kumargram\nSankosh/PS-VIII"", ""Kumargram/ZP-2""]",,native_fields_parsed
West Bengal,Alipurduar,2018,constituency_crosswalk,NKS,NKS/VI,6,"10, Kumargram(ST)/38","28, Kumargram F.V. Pry. School","Newlands Kumargram
Sankosh/PS-VIII",Kumargram/ZP-2,data/wb/gp_source_search/historical_expansion/alipurduar_CONSTITUENCY_5fe98655.pdf,fd2063117af535c39b67f049573eb3ff1a8fcea3df4ba8c56deb6f6979cdba59,2,1,14,"[99.12, 17.75999999999999, 822.7199999999999, 566.04]","[""10, Kumargram(ST)/38"", ""28, Kumargram F.V. Pry. School"", ""NKS/VI"", ""6"", ""Newlands Kumargram\nSankosh/PS-VIII"", ""Kumargram/ZP-2""]",,native_fields_parsed
West Bengal,Alipurduar,2018,constituency_crosswalk,NKS,NKS/VII,7,"10, Kumargram(ST)/39","29, Kumargram T.G. Pry. School
(Room No-1)","Newlands Kumargram
Sankosh/PS-VIII",Kumargram/ZP-2,data/wb/gp_source_search/historical_expansion/alipurduar_CONSTITUENCY_5fe98655.pdf,fd2063117af535c39b67f049573eb3ff1a8fcea3df4ba8c56deb6f6979cdba59,2,1,15,"[99.12, 17.75999999999999, 822.7199999999999, 566.04]","[""10, Kumargram(ST)/39"", ""29, Kumargram T.G. Pry. School\n(Room No-1)"", ""NKS/VII"", ""7"", ""Newlands Kumargram\nSankosh/PS-VIII"", ""Kumargram/ZP-2""]",,native_fields_parsed
West Bengal,Alipurduar,2018,constituency_crosswalk,NKS,NKS/VIII,8,"10, Kumargram(ST)/40","30, Kumargram T.G. Pry. School (Room
No-2)","Newlands Kumargram
Sankosh/PS-VIII",Kumargram/ZP-2,data/wb/gp_source_search/historical_expansion/alipurduar_CONSTITUENCY_5fe98655.pdf,fd2063117af535c39b67f049573eb3ff1a8fcea3df4ba8c56deb6f6979cdba59,2,1,16,"[99.12, 17.75999999999999, 822.7199999999999, 566.04]","[""10, Kumargram(ST)/40"", ""30, Kumargram T.G. Pry. School (Room\nNo-2)"", ""NKS/VIII"", ""8"", ""Newlands Kumargram\nSankosh/PS-VIII"", ""Kumargram/ZP-2""]",,native_fields_parsed
West Bengal,Alipurduar,2018,constituency_crosswalk,NKS,NKS/IX,9,"10, Kumargram(ST)/41","31, Kumargram T.G. I.C.D.S., Centre
No. 118","Newlands Kumargram
Sankosh/PS-VIII",Kumargram/ZP-2,data/wb/gp_source_search/historical_expansion/alipurduar_CONSTITUENCY_5fe98655.pdf,fd2063117af535c39b67f049573eb3ff1a8fcea3df4ba8c56deb6f6979cdba59,2,1,17,"[99.12, 17.75999999999999, 822.7199999999999, 566.04]","[""10, Kumargram(ST)/41"", ""31, Kumargram T.G. I.C.D.S., Centre\nNo. 118"", ""NKS/IX"", ""9"", ""Newlands Kumargram\nSankosh/PS-VIII"", ""Kumargram/ZP-2""]",,native_fields_parsed
West Bengal,Alipurduar,2018,constituency_crosswalk,NKS,NKS/X,10,"10, Kumargram(ST)/42","32/1, Sankosh T.G. Pry. School(Room
No-1)","Newlands Kumargram
Sankosh/PS-IX",Kumargram/ZP-2,data/wb/gp_source_search/historical_expansion/alipurduar_CONSTITUENCY_5fe98655.pdf,fd2063117af535c39b67f049573eb3ff1a8fcea3df4ba8c56deb6f6979cdba59,2,1,18,"[99.12, 17.75999999999999, 822.7199999999999, 566.04]","[""10, Kumargram(ST)/42"", ""32/1, Sankosh T.G. Pry. School(Room\nNo-1)"", ""NKS/X"", ""10"", ""Newlands Kumargram\nSankosh/PS-IX"", ""Kumargram/ZP-2""]",,native_fields_parsed
West Bengal,Alipurduar,2018,constituency_crosswalk,NKS,NKS/X,,"10, Kumargram(ST)/43","32/2, Gote Line SSK","Newlands Kumargram
Sankosh/PS-IX",Kumargram/ZP-2,data/wb/gp_source_search/historical_expansion/alipurduar_CONSTITUENCY_5fe98655.pdf,fd2063117af535c39b67f049573eb3ff1a8fcea3df4ba8c56deb6f6979cdba59,2,1,19,"[99.12, 17.75999999999999, 822.7199999999999, 566.04]","[""10, Kumargram(ST)/43"", ""32/2, Gote Line SSK"", ""NKS/X"", null, ""Newlands Kumargram\nSankosh/PS-IX"", ""Kumargram/ZP-2""]",seat_cell_missing_or_merged,needs_review
West Bengal,Alipurduar,2018,constituency_crosswalk,NKS,NKS/XI,11,"10, Kumargram(ST)/44","33, Sankosh T.G. Pry. School (Room No-
2)","Newlands Kumargram
Sankosh/PS-IX",Kumargram/ZP-2,data/wb/gp_source_search/historical_expansion/alipurduar_CONSTITUENCY_5fe98655.pdf,fd2063117af535c39b67f049573eb3ff1a8fcea3df4ba8c56deb6f6979cdba59,2,1,20,"[99.12, 17.75999999999999, 822.7199999999999, 566.04]","[""10, Kumargram(ST)/44"", ""33, Sankosh T.G. Pry. School (Room No-\n2)"", ""NKS/XI"", ""11"", ""Newlands Kumargram\nSankosh/PS-IX"", ""Kumargram/ZP-2""]",,native_fields_parsed
West Bengal,Alipurduar,2018,constituency_crosswalk,NKS,NKS/XII,12,"10, Kumargram(ST)/45","34/1, Sankosh T.G. Staff Club","Newlands Kumargram
Sankosh/PS-IX",Kumargram/ZP-2,data/wb/gp_source_search/historical_expansion/alipurduar_CONSTITUENCY_5fe98655.pdf,fd2063117af535c39b67f049573eb3ff1a8fcea3df4ba8c56deb6f6979cdba59,2,1,21,"[99.12, 17.75999999999999, 822.7199999999999, 566.04]","[""10, Kumargram(ST)/45"", ""34/1, Sankosh T.G. Staff Club"", ""NKS/XII"", ""12"", ""Newlands Kumargram\nSankosh/PS-IX"", ""Kumargram/ZP-2""]",,native_fields_parsed
West Bengal,Alipurduar,2018,constituency_crosswalk,NKS,NKS/XII,,"1100,, KKuummaarrggrraamm((SSTT))//4466","3344//22,, BBaannddaa LLiinnee SSSSKK","Newlands Kumargram
SSaannkkoosshh//PPSS--IIXX",Kumargram/ZP-2,data/wb/gp_source_search/historical_expansion/alipurduar_CONSTITUENCY_5fe98655.pdf,fd2063117af535c39b67f049573eb3ff1a8fcea3df4ba8c56deb6f6979cdba59,2,1,22,"[99.12, 17.75999999999999, 822.7199999999999, 566.04]","[""1100,, KKuummaarrggrraamm((SSTT))//4466"", ""3344//22,, BBaannddaa LLiinnee SSSSKK"", ""NKS/XII"", null, ""Newlands Kumargram\nSSaannkkoosshh//PPSS--IIXX"", ""Kumargram/ZP-2""]",seat_cell_missing_or_merged;duplicated_native_glyphs,needs_review
West Bengal,Alipurduar,2018,constituency_crosswalk,NKS,NKS/XIII,13,"10, Kumargram(ST)/47","35, Sankosh M.S.K.","Newlands Kumargram
Sankosh/PS-IX",Kumargram/ZP-2,data/wb/gp_source_search/historical_expansion/alipurduar_CONSTITUENCY_5fe98655.pdf,fd2063117af535c39b67f049573eb3ff1a8fcea3df4ba8c56deb6f6979cdba59,2,1,23,"[99.12, 17.75999999999999, 822.7199999999999, 566.04]","[""10, Kumargram(ST)/47"", ""35, Sankosh M.S.K."", ""NKS/XIII"", ""13"", ""Newlands Kumargram\nSankosh/PS-IX"", ""Kumargram/ZP-2""]",,native_fields_parsed
West Bengal,Alipurduar,2018,constituency_crosswalk,NKS,NKS/XIV,14,"10, Kumargram(ST)/48","36, Sankosh F.V. New Pry. School","Newlands Kumargram
Sankosh/PS-IX",Kumargram/ZP-2,data/wb/gp_source_search/historical_expansion/alipurduar_CONSTITUENCY_5fe98655.pdf,fd2063117af535c39b67f049573eb3ff1a8fcea3df4ba8c56deb6f6979cdba59,3,1,1,"[99.12, 17.75999999999999, 822.7199999999999, 578.16]","[""10, Kumargram(ST)/48"", ""36, Sankosh F.V. New Pry. School"", ""NKS/XIV"", ""14"", ""Newlands Kumargram\nSankosh/PS-IX"", ""Kumargram/ZP-2""]",,native_fields_parsed
West Bengal,Alipurduar,2018,constituency_crosswalk,KUMARGRAM,KUMARGRAM/I,1,"10, Kumargram(ST)/49","37, Mission English School",Kumargram/PS-X,Kumargram/ZP-2,data/wb/gp_source_search/historical_expansion/alipurduar_CONSTITUENCY_5fe98655.pdf,fd2063117af535c39b67f049573eb3ff1a8fcea3df4ba8c56deb6f6979cdba59,3,1,2,"[99.12, 17.75999999999999, 822.7199999999999, 578.16]","[""10, Kumargram(ST)/49"", ""37, Mission English School"", ""KUMARGRAM/I"", ""1"", ""Kumargram/PS-X"", ""Kumargram/ZP-2""]",,native_fields_parsed
West Bengal,Alipurduar,2018,constituency_crosswalk,KUMARGRAM,KUMARGRAM/II,2,"10, Kumargram(ST)/50","38, Pukhurigram Multipurpose Building",Kumargram/PS-X,Kumargram/ZP-2,data/wb/gp_source_search/historical_expansion/alipurduar_CONSTITUENCY_5fe98655.pdf,fd2063117af535c39b67f049573eb3ff1a8fcea3df4ba8c56deb6f6979cdba59,3,1,3,"[99.12, 17.75999999999999, 822.7199999999999, 578.16]","[""10, Kumargram(ST)/50"", ""38, Pukhurigram Multipurpose Building"", ""KUMARGRAM/II"", ""2"", ""Kumargram/PS-X"", ""Kumargram/ZP-2""]",,native_fields_parsed
West Bengal,Alipurduar,2018,constituency_crosswalk,KUMARGRAM,KUMARGRAM/III,3,"10, Kumargram(ST)/51","39, Durgabari S.C. Pry. School",Kumargram/PS-X,Kumargram/ZP-2,data/wb/gp_source_search/historical_expansion/alipurduar_CONSTITUENCY_5fe98655.pdf,fd2063117af535c39b67f049573eb3ff1a8fcea3df4ba8c56deb6f6979cdba59,3,1,4,"[99.12, 17.75999999999999, 822.7199999999999, 578.16]","[""10, Kumargram(ST)/51"", ""39, Durgabari S.C. Pry. School"", ""KUMARGRAM/III"", ""3"", ""Kumargram/PS-X"", ""Kumargram/ZP-2""]",,native_fields_parsed
West Bengal,Alipurduar,2018,constituency_crosswalk,KUMARGRAM,KUMARGRAM/IV,4,"10, Kumargram(ST)/52","40, Uttar Haldibari B.F.P. School",Kumargram/PS-X,Kumargram/ZP-2,data/wb/gp_source_search/historical_expansion/alipurduar_CONSTITUENCY_5fe98655.pdf,fd2063117af535c39b67f049573eb3ff1a8fcea3df4ba8c56deb6f6979cdba59,3,1,5,"[99.12, 17.75999999999999, 822.7199999999999, 578.16]","[""10, Kumargram(ST)/52"", ""40, Uttar Haldibari B.F.P. School"", ""KUMARGRAM/IV"", ""4"", ""Kumargram/PS-X"", ""Kumargram/ZP-2""]",,native_fields_parsed
West Bengal,Alipurduar,2018,constituency_crosswalk,KUMARGRAM,KUMARGRAM/V,5,"10, Kumargram(ST)/53","41, Uttar Haldibari Jr. High School",Kumargram/PS-X,Kumargram/ZP-2,data/wb/gp_source_search/historical_expansion/alipurduar_CONSTITUENCY_5fe98655.pdf,fd2063117af535c39b67f049573eb3ff1a8fcea3df4ba8c56deb6f6979cdba59,3,1,6,"[99.12, 17.75999999999999, 822.7199999999999, 578.16]","[""10, Kumargram(ST)/53"", ""41, Uttar Haldibari Jr. High School"", ""KUMARGRAM/V"", ""5"", ""Kumargram/PS-X"", ""Kumargram/ZP-2""]",,native_fields_parsed
West Bengal,Alipurduar,2018,constituency_crosswalk,KUMARGRAM,KUMARGRAM/VI,6,"10, Kumargram(ST)/54","42, Aichhik Pry. School",Kumargram/PS-X,Kumargram/ZP-2,data/wb/gp_source_search/historical_expansion/alipurduar_CONSTITUENCY_5fe98655.pdf,fd2063117af535c39b67f049573eb3ff1a8fcea3df4ba8c56deb6f6979cdba59,3,1,7,"[99.12, 17.75999999999999, 822.7199999999999, 578.16]","[""10, Kumargram(ST)/54"", ""42, Aichhik Pry. School"", ""KUMARGRAM/VI"", ""6"", ""Kumargram/PS-X"", ""Kumargram/ZP-2""]",,native_fields_parsed
West Bengal,Alipurduar,2018,constituency_crosswalk,KUMARGRAM,KUMARGRAM/VII,7,"10, Kumargram(ST)/55","43, Bittibari New Pry. School",Kumargram/PS-X,Kumargram/ZP-2,data/wb/gp_source_search/historical_expansion/alipurduar_CONSTITUENCY_5fe98655.pdf,fd2063117af535c39b67f049573eb3ff1a8fcea3df4ba8c56deb6f6979cdba59,3,1,8,"[99.12, 17.75999999999999, 822.7199999999999, 578.16]","[""10, Kumargram(ST)/55"", ""43, Bittibari New Pry. School"", ""KUMARGRAM/VII"", ""7"", ""Kumargram/PS-X"", ""Kumargram/ZP-2""]",,native_fields_parsed
West Bengal,Alipurduar,2018,constituency_crosswalk,KUMARGRAM,KUMARGRAM/VIII,8,"10, Kumargram(ST)/56","44/1, Madhya Haldibari B.F.P. School",Kumargram/PS-XII,Kumargram/ZP-2,data/wb/gp_source_search/historical_expansion/alipurduar_CONSTITUENCY_5fe98655.pdf,fd2063117af535c39b67f049573eb3ff1a8fcea3df4ba8c56deb6f6979cdba59,3,1,9,"[99.12, 17.75999999999999, 822.7199999999999, 578.16]","[""10, Kumargram(ST)/56"", ""44/1, Madhya Haldibari B.F.P. School"", ""KUMARGRAM/VIII"", ""8"", ""Kumargram/PS-XII"", ""Kumargram/ZP-2""]",,native_fields_parsed
West Bengal,Alipurduar,2018,constituency_crosswalk,KUMARGRAM,KUMARGRAM/VIII,,"10, Kumargram(ST)/57","44/2, Maa Ganga SSK",Kumargram/PS-XII,Kumargram/ZP-2,data/wb/gp_source_search/historical_expansion/alipurduar_CONSTITUENCY_5fe98655.pdf,fd2063117af535c39b67f049573eb3ff1a8fcea3df4ba8c56deb6f6979cdba59,3,1,10,"[99.12, 17.75999999999999, 822.7199999999999, 578.16]","[""10, Kumargram(ST)/57"", ""44/2, Maa Ganga SSK"", ""KUMARGRAM/VIII"", null, ""Kumargram/PS-XII"", ""Kumargram/ZP-2""]",seat_cell_missing_or_merged,needs_review
West Bengal,Alipurduar,2018,constituency_crosswalk,KUMARGRAM,KUMARGRAM/IX,9,"10, Kumargram(ST)/58","45/1, Amarpur B.F.P. School",Kumargram/PS-XI,Kumargram/ZP-2,data/wb/gp_source_search/historical_expansion/alipurduar_CONSTITUENCY_5fe98655.pdf,fd2063117af535c39b67f049573eb3ff1a8fcea3df4ba8c56deb6f6979cdba59,3,1,11,"[99.12, 17.75999999999999, 822.7199999999999, 578.16]","[""10, Kumargram(ST)/58"", ""45/1, Amarpur B.F.P. School"", ""KUMARGRAM/IX"", ""9"", ""Kumargram/PS-XI"", ""Kumargram/ZP-2""]",,native_fields_parsed
West Bengal,Alipurduar,2018,constituency_crosswalk,KUMARGRAM,KUMARGRAM/IX,,"10, Kumargram(ST)/59","45/2, New Amarpur Pry. School",Kumargram/PS-XI,Kumargram/ZP-2,data/wb/gp_source_search/historical_expansion/alipurduar_CONSTITUENCY_5fe98655.pdf,fd2063117af535c39b67f049573eb3ff1a8fcea3df4ba8c56deb6f6979cdba59,3,1,12,"[99.12, 17.75999999999999, 822.7199999999999, 578.16]","[""10, Kumargram(ST)/59"", ""45/2, New Amarpur Pry. School"", ""KUMARGRAM/IX"", null, ""Kumargram/PS-XI"", ""Kumargram/ZP-2""]",seat_cell_missing_or_merged,needs_review
West Bengal,Alipurduar,2018,constituency_crosswalk,KUMARGRAM,KUMARGRAM/X,10,"10, Kumargram(ST)/60","46/1, Joydebpur S.P. Pry. School",Kumargram/PS-XI,Kumargram/ZP-2,data/wb/gp_source_search/historical_expansion/alipurduar_CONSTITUENCY_5fe98655.pdf,fd2063117af535c39b67f049573eb3ff1a8fcea3df4ba8c56deb6f6979cdba59,3,1,13,"[99.12, 17.75999999999999, 822.7199999999999, 578.16]","[""10, Kumargram(ST)/60"", ""46/1, Joydebpur S.P. Pry. School"", ""KUMARGRAM/X"", ""10"", ""Kumargram/PS-XI"", ""Kumargram/ZP-2""]",,native_fields_parsed
West Bengal,Alipurduar,2018,constituency_crosswalk,KUMARGRAM,KUMARGRAM/X,,"10, Kumargram(ST)/61","46/2, Joydebpur Jr. High School",Kumargram/PS-XI,Kumargram/ZP-2,data/wb/gp_source_search/historical_expansion/alipurduar_CONSTITUENCY_5fe98655.pdf,fd2063117af535c39b67f049573eb3ff1a8fcea3df4ba8c56deb6f6979cdba59,3,1,14,"[99.12, 17.75999999999999, 822.7199999999999, 578.16]","[""10, Kumargram(ST)/61"", ""46/2, Joydebpur Jr. High School"", ""KUMARGRAM/X"", null, ""Kumargram/PS-XI"", ""Kumargram/ZP-2""]",seat_cell_missing_or_merged,needs_review
West Bengal,Alipurduar,2018,constituency_crosswalk,KKUUMMAARRGGRRAAMM/,KKUUMMAARRGGRRAAMM//XXII,1111,"1100,, KKuummaarrggrraamm((SSTT))//6622","4477,, JJooyyddeebbppuurr AAddaarrsshhaa NNeeww PPrryy..
School",KKuummaarrggrraamm//PPSS--XXII,KKuummaarrggrraamm//ZZPP--22,data/wb/gp_source_search/historical_expansion/alipurduar_CONSTITUENCY_5fe98655.pdf,fd2063117af535c39b67f049573eb3ff1a8fcea3df4ba8c56deb6f6979cdba59,3,1,15,"[99.12, 17.75999999999999, 822.7199999999999, 578.16]","[""1100,, KKuummaarrggrraamm((SSTT))//6622"", ""4477,, JJooyyddeebbppuurr AAddaarrsshhaa NNeeww PPrryy..\nSchool"", ""KKUUMMAARRGGRRAAMM//XXII"", ""1111"", ""KKuummaarrggrraamm//PPSS--XXII"", ""KKuummaarrggrraamm//ZZPP--22""]",duplicated_native_glyphs,needs_review
West Bengal,Alipurduar,2018,constituency_crosswalk,KUMARGRAM,KUMARGRAM/XII,12,"10, Kumargram(ST)/63","48, Kumargram Balika Uchcha
Vidyalaya",Kumargram/PS-XI,Kumargram/ZP-2,data/wb/gp_source_search/historical_expansion/alipurduar_CONSTITUENCY_5fe98655.pdf,fd2063117af535c39b67f049573eb3ff1a8fcea3df4ba8c56deb6f6979cdba59,3,1,16,"[99.12, 17.75999999999999, 822.7199999999999, 578.16]","[""10, Kumargram(ST)/63"", ""48, Kumargram Balika Uchcha\nVidyalaya"", ""KUMARGRAM/XII"", ""12"", ""Kumargram/PS-XI"", ""Kumargram/ZP-2""]",,native_fields_parsed
West Bengal,Alipurduar,2018,constituency_crosswalk,KUMARGRAM,KUMARGRAM/XIII,13,"10, Kumargram(ST)/64","49, Endibari S.S.K.",Kumargram/PS-XI,Kumargram/ZP-2,data/wb/gp_source_search/historical_expansion/alipurduar_CONSTITUENCY_5fe98655.pdf,fd2063117af535c39b67f049573eb3ff1a8fcea3df4ba8c56deb6f6979cdba59,3,1,17,"[99.12, 17.75999999999999, 822.7199999999999, 578.16]","[""10, Kumargram(ST)/64"", ""49, Endibari S.S.K."", ""KUMARGRAM/XIII"", ""13"", ""Kumargram/PS-XI"", ""Kumargram/ZP-2""]",,native_fields_parsed
West Bengal,Alipurduar,2018,constituency_crosswalk,KUMARGRAM,KUMARGRAM/XIV,14,"10, Kumargram(ST)/65","50, Kumargram Madan Singh High
School",Kumargram/PS-XII,Kumargram/ZP-2,data/wb/gp_source_search/historical_expansion/alipurduar_CONSTITUENCY_5fe98655.pdf,fd2063117af535c39b67f049573eb3ff1a8fcea3df4ba8c56deb6f6979cdba59,3,1,18,"[99.12, 17.75999999999999, 822.7199999999999, 578.16]","[""10, Kumargram(ST)/65"", ""50, Kumargram Madan Singh High\nSchool"", ""KUMARGRAM/XIV"", ""14"", ""Kumargram/PS-XII"", ""Kumargram/ZP-2""]",,native_fields_parsed
West Bengal,Alipurduar,2018,constituency_crosswalk,KUMARGRAM,KUMARGRAM/XV,15,"10, Kumargram(ST)/66","51, Sericulture Office, Katabari",Kumargram/PS-XII,Kumargram/ZP-2,data/wb/gp_source_search/historical_expansion/alipurduar_CONSTITUENCY_5fe98655.pdf,fd2063117af535c39b67f049573eb3ff1a8fcea3df4ba8c56deb6f6979cdba59,3,1,19,"[99.12, 17.75999999999999, 822.7199999999999, 578.16]","[""10, Kumargram(ST)/66"", ""51, Sericulture Office, Katabari"", ""KUMARGRAM/XV"", ""15"", ""Kumargram/PS-XII"", ""Kumargram/ZP-2""]",,native_fields_parsed
West Bengal,Alipurduar,2018,constituency_crosswalk,KUMARGRAM,KUMARGRAM/XVI,16,"10, Kumargram(ST)/67","52, Paglarhat B.F.P. School",Kumargram/PS-XII,Kumargram/ZP-2,data/wb/gp_source_search/historical_expansion/alipurduar_CONSTITUENCY_5fe98655.pdf,fd2063117af535c39b67f049573eb3ff1a8fcea3df4ba8c56deb6f6979cdba59,3,1,20,"[99.12, 17.75999999999999, 822.7199999999999, 578.16]","[""10, Kumargram(ST)/67"", ""52, Paglarhat B.F.P. School"", ""KUMARGRAM/XVI"", ""16"", ""Kumargram/PS-XII"", ""Kumargram/ZP-2""]",,native_fields_parsed
West Bengal,Alipurduar,2018,constituency_crosswalk,KUMARGRAM,KUMARGRAM/XVII,17,"10, Kumargram(ST)/68","53/1, Dakhinhaldibari B.F.P. School",Kumargram/PS-XII,Kumargram/ZP-2,data/wb/gp_source_search/historical_expansion/alipurduar_CONSTITUENCY_5fe98655.pdf,fd2063117af535c39b67f049573eb3ff1a8fcea3df4ba8c56deb6f6979cdba59,3,1,21,"[99.12, 17.75999999999999, 822.7199999999999, 578.16]","[""10, Kumargram(ST)/68"", ""53/1, Dakhinhaldibari B.F.P. School"", ""KUMARGRAM/XVII"", ""17"", ""Kumargram/PS-XII"", ""Kumargram/ZP-2""]",,native_fields_parsed
West Bengal,Alipurduar,2018,constituency_crosswalk,KUMARGRAM,KUMARGRAM/XVII,,"10, Kumargram(ST)/69","53/2, Jhoubari SSK",Kumargram/PS-XII,Kumargram/ZP-2,data/wb/gp_source_search/historical_expansion/alipurduar_CONSTITUENCY_5fe98655.pdf,fd2063117af535c39b67f049573eb3ff1a8fcea3df4ba8c56deb6f6979cdba59,3,1,22,"[99.12, 17.75999999999999, 822.7199999999999, 578.16]","[""10, Kumargram(ST)/69"", ""53/2, Jhoubari SSK"", ""KUMARGRAM/XVII"", null, ""Kumargram/PS-XII"", ""Kumargram/ZP-2""]",seat_cell_missing_or_merged,needs_review
West Bengal,Alipurduar,2018,constituency_crosswalk,CHENGMARI,CHENGMARI/I,1,"10, Kumargram(ST)/70","54/1, Chengmari Jr. Basic School",Chengmari/PS-XIII,Kumargram/ZP-2,data/wb/gp_source_search/historical_expansion/alipurduar_CONSTITUENCY_5fe98655.pdf,fd2063117af535c39b67f049573eb3ff1a8fcea3df4ba8c56deb6f6979cdba59,3,1,23,"[99.12, 17.75999999999999, 822.7199999999999, 578.16]","[""10, Kumargram(ST)/70"", ""54/1, Chengmari Jr. Basic School"", ""CHENGMARI/I"", ""1"", ""Chengmari/PS-XIII"", ""Kumargram/ZP-2""]",,native_fields_parsed
West Bengal,Alipurduar,2018,constituency_crosswalk,CHENGMARI,CHENGMARI/I,,"10, Kumargram(ST)/71","54/2, Sukanta Bidyapith MSK",Chengmari/PS-XIII,Kumargram/ZP-2,data/wb/gp_source_search/historical_expansion/alipurduar_CONSTITUENCY_5fe98655.pdf,fd2063117af535c39b67f049573eb3ff1a8fcea3df4ba8c56deb6f6979cdba59,3,1,24,"[99.12, 17.75999999999999, 822.7199999999999, 578.16]","[""10, Kumargram(ST)/71"", ""54/2, Sukanta Bidyapith MSK"", ""CHENGMARI/I"", null, ""Chengmari/PS-XIII"", ""Kumargram/ZP-2""]",seat_cell_missing_or_merged,needs_review
West Bengal,Alipurduar,2018,constituency_crosswalk,CHENGMARI,CHENGMARI/II,2,"10, Kumargram(ST)/72","55/1, Sahebpara B.F.P. School",Chengmari/PS-XIII,Kumargram/ZP-2,data/wb/gp_source_search/historical_expansion/alipurduar_CONSTITUENCY_5fe98655.pdf,fd2063117af535c39b67f049573eb3ff1a8fcea3df4ba8c56deb6f6979cdba59,3,1,25,"[99.12, 17.75999999999999, 822.7199999999999, 578.16]","[""10, Kumargram(ST)/72"", ""55/1, Sahebpara B.F.P. School"", ""CHENGMARI/II"", ""2"", ""Chengmari/PS-XIII"", ""Kumargram/ZP-2""]",,native_fields_parsed
West Bengal,Alipurduar,2018,constituency_crosswalk,CHENGMARI,CHENGMARI/II,,"10, Kumargram(ST)/73","55/2, Sahebpara Jr. High School",Chengmari/PS-XIII,Kumargram/ZP-2,data/wb/gp_source_search/historical_expansion/alipurduar_CONSTITUENCY_5fe98655.pdf,fd2063117af535c39b67f049573eb3ff1a8fcea3df4ba8c56deb6f6979cdba59,3,1,26,"[99.12, 17.75999999999999, 822.7199999999999, 578.16]","[""10, Kumargram(ST)/73"", ""55/2, Sahebpara Jr. High School"", ""CHENGMARI/II"", null, ""Chengmari/PS-XIII"", ""Kumargram/ZP-2""]",seat_cell_missing_or_merged,needs_review
West Bengal,Alipurduar,2018,constituency_crosswalk,CHENGMARI,CHENGMARI/III,3,"10, Kumargram(ST)/74","56/1, Hemaguri Jr. Basic School",Chengmari/PS-XIII,Kumargram/ZP-2,data/wb/gp_source_search/historical_expansion/alipurduar_CONSTITUENCY_5fe98655.pdf,fd2063117af535c39b67f049573eb3ff1a8fcea3df4ba8c56deb6f6979cdba59,3,1,27,"[99.12, 17.75999999999999, 822.7199999999999, 578.16]","[""10, Kumargram(ST)/74"", ""56/1, Hemaguri Jr. Basic School"", ""CHENGMARI/III"", ""3"", ""Chengmari/PS-XIII"", ""Kumargram/ZP-2""]",,native_fields_parsed
West Bengal,Alipurduar,2018,constituency_crosswalk,CHENGMARI,CHENGMARI/III,,"10, Kumargram(ST)/75","56/2, Kashibari SSK",Chengmari/PS-XIII,Kumargram/ZP-2,data/wb/gp_source_search/historical_expansion/alipurduar_CONSTITUENCY_5fe98655.pdf,fd2063117af535c39b67f049573eb3ff1a8fcea3df4ba8c56deb6f6979cdba59,3,1,28,"[99.12, 17.75999999999999, 822.7199999999999, 578.16]","[""10, Kumargram(ST)/75"", ""56/2, Kashibari SSK"", ""CHENGMARI/III"", null, ""Chengmari/PS-XIII"", ""Kumargram/ZP-2""]",seat_cell_missing_or_merged,needs_review
West Bengal,Alipurduar,2018,constituency_crosswalk,CCHHEENNGGMMAARRII/,CCHHEENNGGMMAARRII//IIVV,44,"1100,, KKuummaarrggrraamm((SSTT))//7766","57, Hemaguri New Pry. School
((GGhhoorraammaarraa))",CChheennggmmaarrii//PPSS--XXIIIIII,KKuummaarrggrraamm//ZZPP--22,data/wb/gp_source_search/historical_expansion/alipurduar_CONSTITUENCY_5fe98655.pdf,fd2063117af535c39b67f049573eb3ff1a8fcea3df4ba8c56deb6f6979cdba59,3,1,29,"[99.12, 17.75999999999999, 822.7199999999999, 578.16]","[""1100,, KKuummaarrggrraamm((SSTT))//7766"", ""57, Hemaguri New Pry. School\n((GGhhoorraammaarraa))"", ""CCHHEENNGGMMAARRII//IIVV"", ""44"", ""CChheennggmmaarrii//PPSS--XXIIIIII"", ""KKuummaarrggrraamm//ZZPP--22""]",duplicated_native_glyphs,needs_review
West Bengal,Alipurduar,2018,constituency_crosswalk,CHENGMARI,CHENGMARI/V,5,"10, Kumargram(ST)/77","58, Balapara F.V. Pry. School",Chengmari/PS-XIII,Kumargram/ZP-2,data/wb/gp_source_search/historical_expansion/alipurduar_CONSTITUENCY_5fe98655.pdf,fd2063117af535c39b67f049573eb3ff1a8fcea3df4ba8c56deb6f6979cdba59,3,1,30,"[99.12, 17.75999999999999, 822.7199999999999, 578.16]","[""10, Kumargram(ST)/77"", ""58, Balapara F.V. Pry. School"", ""CHENGMARI/V"", ""5"", ""Chengmari/PS-XIII"", ""Kumargram/ZP-2""]",,native_fields_parsed
West Bengal,Alipurduar,2018,constituency_crosswalk,CHENGMARI,CHENGMARI/VI,6,"10, Kumargram(ST)/78","59, Khuttimari F.V. Pry. School",Chengmari/PS-XIV,Kumargram/ZP-2,data/wb/gp_source_search/historical_expansion/alipurduar_CONSTITUENCY_5fe98655.pdf,fd2063117af535c39b67f049573eb3ff1a8fcea3df4ba8c56deb6f6979cdba59,3,1,31,"[99.12, 17.75999999999999, 822.7199999999999, 578.16]","[""10, Kumargram(ST)/78"", ""59, Khuttimari F.V. Pry. School"", ""CHENGMARI/VI"", ""6"", ""Chengmari/PS-XIV"", ""Kumargram/ZP-2""]",,native_fields_parsed
West Bengal,Alipurduar,2018,constituency_crosswalk,CHENGMARI,CHENGMARI/VII,7,"10, Kumargram(ST)/79","60/1, Bara Daldali High School",Chengmari/PS-XIV,Kumargram/ZP-2,data/wb/gp_source_search/historical_expansion/alipurduar_CONSTITUENCY_5fe98655.pdf,fd2063117af535c39b67f049573eb3ff1a8fcea3df4ba8c56deb6f6979cdba59,4,1,1,"[99.12, 17.75999999999999, 822.7199999999999, 577.8]","[""10, Kumargram(ST)/79"", ""60/1, Bara Daldali High School"", ""CHENGMARI/VII"", ""7"", ""Chengmari/PS-XIV"", ""Kumargram/ZP-2""]",,native_fields_parsed
West Bengal,Alipurduar,2018,constituency_crosswalk,CHENGMARI,CHENGMARI/VII,,"10, Kumargram(ST)/80","60/2, Bara Daldali Kalibari New
Prathamik Bidyalaya",Chengmari/PS-XIV,Kumargram/ZP-2,data/wb/gp_source_search/historical_expansion/alipurduar_CONSTITUENCY_5fe98655.pdf,fd2063117af535c39b67f049573eb3ff1a8fcea3df4ba8c56deb6f6979cdba59,4,1,2,"[99.12, 17.75999999999999, 822.7199999999999, 577.8]","[""10, Kumargram(ST)/80"", ""60/2, Bara Daldali Kalibari New\nPrathamik Bidyalaya"", ""CHENGMARI/VII"", null, ""Chengmari/PS-XIV"", ""Kumargram/ZP-2""]",seat_cell_missing_or_merged,needs_review
West Bengal,Alipurduar,2018,constituency_crosswalk,CHENGMARI,CHENGMARI/VIII,8,"10, Kumargram(ST)/81","61/1, Gajerdabri G.M.P.School",Chengmari/PS-XIV,Kumargram/ZP-2,data/wb/gp_source_search/historical_expansion/alipurduar_CONSTITUENCY_5fe98655.pdf,fd2063117af535c39b67f049573eb3ff1a8fcea3df4ba8c56deb6f6979cdba59,4,1,3,"[99.12, 17.75999999999999, 822.7199999999999, 577.8]","[""10, Kumargram(ST)/81"", ""61/1, Gajerdabri G.M.P.School"", ""CHENGMARI/VIII"", ""8"", ""Chengmari/PS-XIV"", ""Kumargram/ZP-2""]",,native_fields_parsed
West Bengal,Alipurduar,2018,constituency_crosswalk,CHENGMARI,CHENGMARI/VIII,,"10, Kumargram(ST)/82","61/2, Ghaksha Para SSK (Kadamtala)",Chengmari/PS-XIV,Kumargram/ZP-2,data/wb/gp_source_search/historical_expansion/alipurduar_CONSTITUENCY_5fe98655.pdf,fd2063117af535c39b67f049573eb3ff1a8fcea3df4ba8c56deb6f6979cdba59,4,1,4,"[99.12, 17.75999999999999, 822.7199999999999, 577.8]","[""10, Kumargram(ST)/82"", ""61/2, Ghaksha Para SSK (Kadamtala)"", ""CHENGMARI/VIII"", null, ""Chengmari/PS-XIV"", ""Kumargram/ZP-2""]",seat_cell_missing_or_merged,needs_review
West Bengal,Alipurduar,2018,constituency_crosswalk,CHENGMARI,CHENGMARI/IX,9,"10, Kumargram(ST)/83","62, Ghaksa Para S.P. Pry. School
(Shibbari)",Chengmari/PS-XIV,Kumargram/ZP-2,data/wb/gp_source_search/historical_expansion/alipurduar_CONSTITUENCY_5fe98655.pdf,fd2063117af535c39b67f049573eb3ff1a8fcea3df4ba8c56deb6f6979cdba59,4,1,5,"[99.12, 17.75999999999999, 822.7199999999999, 577.8]","[""10, Kumargram(ST)/83"", ""62, Ghaksa Para S.P. Pry. School\n(Shibbari)"", ""CHENGMARI/IX"", ""9"", ""Chengmari/PS-XIV"", ""Kumargram/ZP-2""]",,native_fields_parsed
West Bengal,Alipurduar,2018,constituency_crosswalk,CHENGMARI,CHENGMARI/X,10,"10, Kumargram(ST)/84","63, Gochhimari S.S.K.",Chengmari/PS-XIV,Kumargram/ZP-2,data/wb/gp_source_search/historical_expansion/alipurduar_CONSTITUENCY_5fe98655.pdf,fd2063117af535c39b67f049573eb3ff1a8fcea3df4ba8c56deb6f6979cdba59,4,1,6,"[99.12, 17.75999999999999, 822.7199999999999, 577.8]","[""10, Kumargram(ST)/84"", ""63, Gochhimari S.S.K."", ""CHENGMARI/X"", ""10"", ""Chengmari/PS-XIV"", ""Kumargram/ZP-2""]",,native_fields_parsed
West Bengal,Alipurduar,2018,constituency_crosswalk,VOLKA BAROBISHA -I,VOLKA BAROBISHA -I/I,1,"10, Kumargram(ST)/85","64, Radaha Nagar New Pry. School",Volka Barobisha No-I/PS-XV,Kumargram/ZP-3,data/wb/gp_source_search/historical_expansion/alipurduar_CONSTITUENCY_5fe98655.pdf,fd2063117af535c39b67f049573eb3ff1a8fcea3df4ba8c56deb6f6979cdba59,4,1,7,"[99.12, 17.75999999999999, 822.7199999999999, 577.8]","[""10, Kumargram(ST)/85"", ""64, Radaha Nagar New Pry. School"", ""VOLKA BAROBISHA -I/I"", ""1"", ""Volka Barobisha No-I/PS-XV"", ""Kumargram/ZP-3""]",,native_fields_parsed
West Bengal,Alipurduar,2018,constituency_crosswalk,VOLKA BAROBISHA -I,VOLKA BAROBISHA -I/II,2,"10, Kumargram(ST)/86","65, Adibashi Pry School",Volka Barobisha No-I/PS-XV,Kumargram/ZP-3,data/wb/gp_source_search/historical_expansion/alipurduar_CONSTITUENCY_5fe98655.pdf,fd2063117af535c39b67f049573eb3ff1a8fcea3df4ba8c56deb6f6979cdba59,4,1,8,"[99.12, 17.75999999999999, 822.7199999999999, 577.8]","[""10, Kumargram(ST)/86"", ""65, Adibashi Pry School"", ""VOLKA BAROBISHA -I/II"", ""2"", ""Volka Barobisha No-I/PS-XV"", ""Kumargram/ZP-3""]",,native_fields_parsed
West Bengal,Alipurduar,2018,constituency_crosswalk,VOLKA BAROBISHA -I,VOLKA BAROBISHA -I/III,3,"10, Kumargram(ST)/87","66/1, Radaha Nagar B.F.P. School
(Room-1)",Volka Barobisha No-I/PS-XV,Kumargram/ZP-3,data/wb/gp_source_search/historical_expansion/alipurduar_CONSTITUENCY_5fe98655.pdf,fd2063117af535c39b67f049573eb3ff1a8fcea3df4ba8c56deb6f6979cdba59,4,1,9,"[99.12, 17.75999999999999, 822.7199999999999, 577.8]","[""10, Kumargram(ST)/87"", ""66/1, Radaha Nagar B.F.P. School\n(Room-1)"", ""VOLKA BAROBISHA -I/III"", ""3"", ""Volka Barobisha No-I/PS-XV"", ""Kumargram/ZP-3""]",,native_fields_parsed
West Bengal,Alipurduar,2018,constituency_crosswalk,VOLKA BAROBISHA -I,VOLKA BAROBISHA -I/III,,"10, Kumargram(ST)/88","66/2, Radaha Nagar B.F.P. School
(Room-2)",Volka Barobisha No-I/PS-XV,Kumargram/ZP-3,data/wb/gp_source_search/historical_expansion/alipurduar_CONSTITUENCY_5fe98655.pdf,fd2063117af535c39b67f049573eb3ff1a8fcea3df4ba8c56deb6f6979cdba59,4,1,10,"[99.12, 17.75999999999999, 822.7199999999999, 577.8]","[""10, Kumargram(ST)/88"", ""66/2, Radaha Nagar B.F.P. School\n(Room-2)"", ""VOLKA BAROBISHA -I/III"", null, ""Volka Barobisha No-I/PS-XV"", ""Kumargram/ZP-3""]",seat_cell_missing_or_merged,needs_review
West Bengal,Alipurduar,2018,constituency_crosswalk,VVOOLLKKAA BBAARROOBBIISSHHAA --II/,VVOOLLKKAA BBAARROOBBIISSHHAA --II//IIVV,44,"1100,, KKuummaarrggrraamm((SSTT))//8899","6677,, BBaarroobbiisshhaa JJrr.. BBaassiicc SScchhooooll",VVoollkkaa BBaarroobbiisshhaa NNoo--II//PPSS--XXVV,KKuummaarrggrraamm//ZZPP--33,data/wb/gp_source_search/historical_expansion/alipurduar_CONSTITUENCY_5fe98655.pdf,fd2063117af535c39b67f049573eb3ff1a8fcea3df4ba8c56deb6f6979cdba59,4,1,11,"[99.12, 17.75999999999999, 822.7199999999999, 577.8]","[""1100,, KKuummaarrggrraamm((SSTT))//8899"", ""6677,, BBaarroobbiisshhaa JJrr.. BBaassiicc SScchhooooll"", ""VVOOLLKKAA BBAARROOBBIISSHHAA --II//IIVV"", ""44"", ""VVoollkkaa BBaarroobbiisshhaa NNoo--II//PPSS--XXVV"", ""KKuummaarrggrraamm//ZZPP--33""]",duplicated_native_glyphs,needs_review
West Bengal,Alipurduar,2018,constituency_crosswalk,VOLKA BAROBISHA -I,VOLKA BAROBISHA -I/V,5,"10, Kumargram(ST)/90","68, Sukanta MSK",Volka Barobisha No-I/PS-XV,Kumargram/ZP-3,data/wb/gp_source_search/historical_expansion/alipurduar_CONSTITUENCY_5fe98655.pdf,fd2063117af535c39b67f049573eb3ff1a8fcea3df4ba8c56deb6f6979cdba59,4,1,12,"[99.12, 17.75999999999999, 822.7199999999999, 577.8]","[""10, Kumargram(ST)/90"", ""68, Sukanta MSK"", ""VOLKA BAROBISHA -I/V"", ""5"", ""Volka Barobisha No-I/PS-XV"", ""Kumargram/ZP-3""]",,native_fields_parsed
West Bengal,Alipurduar,2018,constituency_crosswalk,VOLKA BAROBISHA -I,VOLKA BAROBISHA -I/VI,6,"10, Kumargram(ST)/91","69, Laskar Para New Addl. Pry. School",Volka Barobisha No-I/PS-XV,Kumargram/ZP-3,data/wb/gp_source_search/historical_expansion/alipurduar_CONSTITUENCY_5fe98655.pdf,fd2063117af535c39b67f049573eb3ff1a8fcea3df4ba8c56deb6f6979cdba59,4,1,13,"[99.12, 17.75999999999999, 822.7199999999999, 577.8]","[""10, Kumargram(ST)/91"", ""69, Laskar Para New Addl. Pry. School"", ""VOLKA BAROBISHA -I/VI"", ""6"", ""Volka Barobisha No-I/PS-XV"", ""Kumargram/ZP-3""]",,native_fields_parsed
West Bengal,Alipurduar,2018,constituency_crosswalk,VOLKA BAROBISHA -I,VOLKA BAROBISHA -I/VII,7,"10, Kumargram(ST)/92","70, Laskar Para New Additional Pry.
School",Volka Barobisha No-I/PS-XVI,Kumargram/ZP-3,data/wb/gp_source_search/historical_expansion/alipurduar_CONSTITUENCY_5fe98655.pdf,fd2063117af535c39b67f049573eb3ff1a8fcea3df4ba8c56deb6f6979cdba59,4,1,14,"[99.12, 17.75999999999999, 822.7199999999999, 577.8]","[""10, Kumargram(ST)/92"", ""70, Laskar Para New Additional Pry.\nSchool"", ""VOLKA BAROBISHA -I/VII"", ""7"", ""Volka Barobisha No-I/PS-XVI"", ""Kumargram/ZP-3""]",,native_fields_parsed
West Bengal,Alipurduar,2018,constituency_crosswalk,VOLKA BAROBISHA -I,VOLKA BAROBISHA -I/VIII,8,"10, Kumargram(ST)/93","71, Pranesh Paul Smriti Pry. School
(Room-1)",Volka Barobisha No-I/PS-XVI,Kumargram/ZP-3,data/wb/gp_source_search/historical_expansion/alipurduar_CONSTITUENCY_5fe98655.pdf,fd2063117af535c39b67f049573eb3ff1a8fcea3df4ba8c56deb6f6979cdba59,4,1,15,"[99.12, 17.75999999999999, 822.7199999999999, 577.8]","[""10, Kumargram(ST)/93"", ""71, Pranesh Paul Smriti Pry. School\n(Room-1)"", ""VOLKA BAROBISHA -I/VIII"", ""8"", ""Volka Barobisha No-I/PS-XVI"", ""Kumargram/ZP-3""]",,native_fields_parsed
West Bengal,Alipurduar,2018,constituency_crosswalk,VOLKA BAROBISHA -I,VOLKA BAROBISHA -I/IX,9,"10, Kumargram(ST)/94","72/1, Pranesh Paul Smriti Pry. School
(Room-2)",Volka Barobisha No-I/PS-XVI,Kumargram/ZP-3,data/wb/gp_source_search/historical_expansion/alipurduar_CONSTITUENCY_5fe98655.pdf,fd2063117af535c39b67f049573eb3ff1a8fcea3df4ba8c56deb6f6979cdba59,4,1,16,"[99.12, 17.75999999999999, 822.7199999999999, 577.8]","[""10, Kumargram(ST)/94"", ""72/1, Pranesh Paul Smriti Pry. School\n(Room-2)"", ""VOLKA BAROBISHA -I/IX"", ""9"", ""Volka Barobisha No-I/PS-XVI"", ""Kumargram/ZP-3""]",,native_fields_parsed
West Bengal,Alipurduar,2018,constituency_crosswalk,VOLKA BAROBISHA -I,VOLKA BAROBISHA -I/IX,,"10, Kumargram(ST)/95","72/2, Pranesh Paul Smriti jr High
School",Volka Barobisha No-I/PS-XVI,Kumargram/ZP-3,data/wb/gp_source_search/historical_expansion/alipurduar_CONSTITUENCY_5fe98655.pdf,fd2063117af535c39b67f049573eb3ff1a8fcea3df4ba8c56deb6f6979cdba59,4,1,17,"[99.12, 17.75999999999999, 822.7199999999999, 577.8]","[""10, Kumargram(ST)/95"", ""72/2, Pranesh Paul Smriti jr High\nSchool"", ""VOLKA BAROBISHA -I/IX"", null, ""Volka Barobisha No-I/PS-XVI"", ""Kumargram/ZP-3""]",seat_cell_missing_or_merged,needs_review
West Bengal,Alipurduar,2018,constituency_crosswalk,VOLKA BAROBISHA -I,VOLKA BAROBISHA -I/X,10,"10, Kumargram(ST)/96","73/1, Barobisha G. E. L. C. Pry. School
(Room-1)",Volka Barobisha No-I/PS-XVI,Kumargram/ZP-3,data/wb/gp_source_search/historical_expansion/alipurduar_CONSTITUENCY_5fe98655.pdf,fd2063117af535c39b67f049573eb3ff1a8fcea3df4ba8c56deb6f6979cdba59,4,1,18,"[99.12, 17.75999999999999, 822.7199999999999, 577.8]","[""10, Kumargram(ST)/96"", ""73/1, Barobisha G. E. L. C. Pry. School\n(Room-1)"", ""VOLKA BAROBISHA -I/X"", ""10"", ""Volka Barobisha No-I/PS-XVI"", ""Kumargram/ZP-3""]",,native_fields_parsed
West Bengal,Alipurduar,2018,constituency_crosswalk,VOLKA BAROBISHA -I,VOLKA BAROBISHA -I/X,,"10, Kumargram(ST)/97","73/2, Barobisha G. E. L. C. Pry. School
(Room-2)",Volka Barobisha No-I/PS-XVI,Kumargram/ZP-3,data/wb/gp_source_search/historical_expansion/alipurduar_CONSTITUENCY_5fe98655.pdf,fd2063117af535c39b67f049573eb3ff1a8fcea3df4ba8c56deb6f6979cdba59,4,1,19,"[99.12, 17.75999999999999, 822.7199999999999, 577.8]","[""10, Kumargram(ST)/97"", ""73/2, Barobisha G. E. L. C. Pry. School\n(Room-2)"", ""VOLKA BAROBISHA -I/X"", null, ""Volka Barobisha No-I/PS-XVI"", ""Kumargram/ZP-3""]",seat_cell_missing_or_merged,needs_review
West Bengal,Alipurduar,2018,constituency_crosswalk,VOLKA BAROBISHA -I,VOLKA BAROBISHA -I/XI,11,"10, Kumargram(ST)/98","74, Purba Chakchaka Balatary New Pry.
School",Volka Barobisha No-I/PS-XVI,Kumargram/ZP-3,data/wb/gp_source_search/historical_expansion/alipurduar_CONSTITUENCY_5fe98655.pdf,fd2063117af535c39b67f049573eb3ff1a8fcea3df4ba8c56deb6f6979cdba59,4,1,20,"[99.12, 17.75999999999999, 822.7199999999999, 577.8]","[""10, Kumargram(ST)/98"", ""74, Purba Chakchaka Balatary New Pry.\nSchool"", ""VOLKA BAROBISHA -I/XI"", ""11"", ""Volka Barobisha No-I/PS-XVI"", ""Kumargram/ZP-3""]",,native_fields_parsed
West Bengal,Alipurduar,2018,constituency_crosswalk,VVOOLLKKAA BBAARROOBBIISSHHAA --II/,VVOOLLKKAA BBAARROOBBIISSHHAA --II//XXIIII,1122,"1100,, KKuummaarrggrraamm((SSTT))//9999","75, Barobisha High School",VVoollkkaa BBaarroobbiisshhaa NNoo--II//PPSS--XXVVII,KKuummaarrggrraamm//ZZPP--33,data/wb/gp_source_search/historical_expansion/alipurduar_CONSTITUENCY_5fe98655.pdf,fd2063117af535c39b67f049573eb3ff1a8fcea3df4ba8c56deb6f6979cdba59,4,1,21,"[99.12, 17.75999999999999, 822.7199999999999, 577.8]","[""1100,, KKuummaarrggrraamm((SSTT))//9999"", ""75, Barobisha High School"", ""VVOOLLKKAA BBAARROOBBIISSHHAA --II//XXIIII"", ""1122"", ""VVoollkkaa BBaarroobbiisshhaa NNoo--II//PPSS--XXVVII"", ""KKuummaarrggrraamm//ZZPP--33""]",duplicated_native_glyphs,needs_review
West Bengal,Alipurduar,2018,constituency_crosswalk,VOLKA BAROBISHA -I,VOLKA BAROBISHA -I/XIII,13,"10, Kumargram(ST)/100","76, Swasti Sangha Pry. School",Volka Barobisha No-I/PS-XVII,Kumargram/ZP-3,data/wb/gp_source_search/historical_expansion/alipurduar_CONSTITUENCY_5fe98655.pdf,fd2063117af535c39b67f049573eb3ff1a8fcea3df4ba8c56deb6f6979cdba59,4,1,22,"[99.12, 17.75999999999999, 822.7199999999999, 577.8]","[""10, Kumargram(ST)/100"", ""76, Swasti Sangha Pry. School"", ""VOLKA BAROBISHA -I/XIII"", ""13"", ""Volka Barobisha No-I/PS-XVII"", ""Kumargram/ZP-3""]",,native_fields_parsed
West Bengal,Alipurduar,2018,constituency_crosswalk,VOLKA BAROBISHA -I,VOLKA BAROBISHA -I/XIV,14,"10, Kumargram(ST)/101","77, Dakhin Rampur New Pry. School",Volka Barobisha No-I/PS-XVII,Kumargram/ZP-3,data/wb/gp_source_search/historical_expansion/alipurduar_CONSTITUENCY_5fe98655.pdf,fd2063117af535c39b67f049573eb3ff1a8fcea3df4ba8c56deb6f6979cdba59,5,1,1,"[99.12, 17.75999999999999, 822.7199999999999, 562.92]","[""10, Kumargram(ST)/101"", ""77, Dakhin Rampur New Pry. School"", ""VOLKA BAROBISHA -I/XIV"", ""14"", ""Volka Barobisha No-I/PS-XVII"", ""Kumargram/ZP-3""]",,native_fields_parsed
West Bengal,Alipurduar,2018,constituency_crosswalk,VOLKA BAROBISHA -I,VOLKA BAROBISHA -I/XV,15,"10, Kumargram(ST)/102","78, Dakshin Rampur Special Pry School",Volka Barobisha No-I/PS-XVII,Kumargram/ZP-3,data/wb/gp_source_search/historical_expansion/alipurduar_CONSTITUENCY_5fe98655.pdf,fd2063117af535c39b67f049573eb3ff1a8fcea3df4ba8c56deb6f6979cdba59,5,1,2,"[99.12, 17.75999999999999, 822.7199999999999, 562.92]","[""10, Kumargram(ST)/102"", ""78, Dakshin Rampur Special Pry School"", ""VOLKA BAROBISHA -I/XV"", ""15"", ""Volka Barobisha No-I/PS-XVII"", ""Kumargram/ZP-3""]",,native_fields_parsed
West Bengal,Alipurduar,2018,constituency_crosswalk,VOLKA BAROBISHA -I,VOLKA BAROBISHA -I/XVI,16,"10, Kumargram(ST)/103","79/1, Barobisha Girls High School
(Room-1)",Volka Barobisha No-I/PS-XVII,Kumargram/ZP-3,data/wb/gp_source_search/historical_expansion/alipurduar_CONSTITUENCY_5fe98655.pdf,fd2063117af535c39b67f049573eb3ff1a8fcea3df4ba8c56deb6f6979cdba59,5,1,3,"[99.12, 17.75999999999999, 822.7199999999999, 562.92]","[""10, Kumargram(ST)/103"", ""79/1, Barobisha Girls High School\n(Room-1)"", ""VOLKA BAROBISHA -I/XVI"", ""16"", ""Volka Barobisha No-I/PS-XVII"", ""Kumargram/ZP-3""]",,native_fields_parsed
West Bengal,Alipurduar,2018,constituency_crosswalk,VOLKA BAROBISHA -I,VOLKA BAROBISHA -I/XVI,,"10, Kumargram(ST)/104","79/2, Barobisha Girls High School
(Room-2)",Volka Barobisha No-I/PS-XVII,Kumargram/ZP-3,data/wb/gp_source_search/historical_expansion/alipurduar_CONSTITUENCY_5fe98655.pdf,fd2063117af535c39b67f049573eb3ff1a8fcea3df4ba8c56deb6f6979cdba59,5,1,4,"[99.12, 17.75999999999999, 822.7199999999999, 562.92]","[""10, Kumargram(ST)/104"", ""79/2, Barobisha Girls High School\n(Room-2)"", ""VOLKA BAROBISHA -I/XVI"", null, ""Volka Barobisha No-I/PS-XVII"", ""Kumargram/ZP-3""]",seat_cell_missing_or_merged,needs_review
West Bengal,Alipurduar,2018,constituency_crosswalk,VOLKA BAROBISHA -I,VOLKA BAROBISHA -I/XVII,17,"10, Kumargram(ST)/105","80, Chakchaka B.F.P. School",Volka Barobisha No-I/PS-XVII,Kumargram/ZP-3,data/wb/gp_source_search/historical_expansion/alipurduar_CONSTITUENCY_5fe98655.pdf,fd2063117af535c39b67f049573eb3ff1a8fcea3df4ba8c56deb6f6979cdba59,5,1,5,"[99.12, 17.75999999999999, 822.7199999999999, 562.92]","[""10, Kumargram(ST)/105"", ""80, Chakchaka B.F.P. School"", ""VOLKA BAROBISHA -I/XVII"", ""17"", ""Volka Barobisha No-I/PS-XVII"", ""Kumargram/ZP-3""]",,native_fields_parsed
West Bengal,Alipurduar,2018,constituency_crosswalk,VOLKA BAROBISHA -I,VOLKA BAROBISHA -I/XVIII,18,"10, Kumargram(ST)/106","81, C.L.R.C., Kumargramduar (East)",Volka Barobisha No-I/PS-XVII,Kumargram/ZP-3,data/wb/gp_source_search/historical_expansion/alipurduar_CONSTITUENCY_5fe98655.pdf,fd2063117af535c39b67f049573eb3ff1a8fcea3df4ba8c56deb6f6979cdba59,5,1,6,"[99.12, 17.75999999999999, 822.7199999999999, 562.92]","[""10, Kumargram(ST)/106"", ""81, C.L.R.C., Kumargramduar (East)"", ""VOLKA BAROBISHA -I/XVIII"", ""18"", ""Volka Barobisha No-I/PS-XVII"", ""Kumargram/ZP-3""]",,native_fields_parsed
West Bengal,Alipurduar,2018,constituency_crosswalk,VOLKA BAROBISHA-II,VOLKA BAROBISHA-II/I,1,"10, Kumargram(ST)/107","82/1, Purba Salbari S.C. Pry. School",Volka Barobisha No-II/PS-XVIII,Kumargram/ZP-3,data/wb/gp_source_search/historical_expansion/alipurduar_CONSTITUENCY_5fe98655.pdf,fd2063117af535c39b67f049573eb3ff1a8fcea3df4ba8c56deb6f6979cdba59,5,1,7,"[99.12, 17.75999999999999, 822.7199999999999, 562.92]","[""10, Kumargram(ST)/107"", ""82/1, Purba Salbari S.C. Pry. School"", ""VOLKA BAROBISHA-II/I"", ""1"", ""Volka Barobisha No-II/PS-XVIII"", ""Kumargram/ZP-3""]",,native_fields_parsed
West Bengal,Alipurduar,2018,constituency_crosswalk,VOLKA BAROBISHA-II,VOLKA BAROBISHA-II/I,,"10, Kumargram(ST)/108","82/2, Jhijri Salbarai New Pry School",Volka Barobisha No-II/PS-XVIII,Kumargram/ZP-3,data/wb/gp_source_search/historical_expansion/alipurduar_CONSTITUENCY_5fe98655.pdf,fd2063117af535c39b67f049573eb3ff1a8fcea3df4ba8c56deb6f6979cdba59,5,1,8,"[99.12, 17.75999999999999, 822.7199999999999, 562.92]","[""10, Kumargram(ST)/108"", ""82/2, Jhijri Salbarai New Pry School"", ""VOLKA BAROBISHA-II/I"", null, ""Volka Barobisha No-II/PS-XVIII"", ""Kumargram/ZP-3""]",seat_cell_missing_or_merged,needs_review
West Bengal,Alipurduar,2018,constituency_crosswalk,VOLKA BAROBISHA-II,VOLKA BAROBISHA-II/II,2,"10, Kumargram(ST)/109","83, Salbari Pry. School",Volka Barobisha No-II/PS-XVIII,Kumargram/ZP-3,data/wb/gp_source_search/historical_expansion/alipurduar_CONSTITUENCY_5fe98655.pdf,fd2063117af535c39b67f049573eb3ff1a8fcea3df4ba8c56deb6f6979cdba59,5,1,9,"[99.12, 17.75999999999999, 822.7199999999999, 562.92]","[""10, Kumargram(ST)/109"", ""83, Salbari Pry. School"", ""VOLKA BAROBISHA-II/II"", ""2"", ""Volka Barobisha No-II/PS-XVIII"", ""Kumargram/ZP-3""]",,native_fields_parsed
West Bengal,Alipurduar,2018,constituency_crosswalk,VVOOLLKKAA BBAARROOBBIISSHHAA--IIII/,VVOOLLKKAA BBAARROOBBIISSHHAA--IIII//IIIIII,33,"1100,, KKuummaarrggrraamm((SSTT))//111100","84, Purba Salbari New Pry. School",VVoollkkaa BBaarroobbiisshhaa NNoo--IIII//PPSS--XXVVIIIIII,KKuummaarrggrraamm//ZZPP--33,data/wb/gp_source_search/historical_expansion/alipurduar_CONSTITUENCY_5fe98655.pdf,fd2063117af535c39b67f049573eb3ff1a8fcea3df4ba8c56deb6f6979cdba59,5,1,10,"[99.12, 17.75999999999999, 822.7199999999999, 562.92]","[""1100,, KKuummaarrggrraamm((SSTT))//111100"", ""84, Purba Salbari New Pry. School"", ""VVOOLLKKAA BBAARROOBBIISSHHAA--IIII//IIIIII"", ""33"", ""VVoollkkaa BBaarroobbiisshhaa NNoo--IIII//PPSS--XXVVIIIIII"", ""KKuummaarrggrraamm//ZZPP--33""]",duplicated_native_glyphs,needs_review
West Bengal,Alipurduar,2018,constituency_crosswalk,VOLKA BAROBISHA-II,VOLKA BAROBISHA-II/IV,4,"10, Kumargram(ST)/111","85, Volka High School",Volka Barobisha No-II/PS-XIX,Kumargram/ZP-3,data/wb/gp_source_search/historical_expansion/alipurduar_CONSTITUENCY_5fe98655.pdf,fd2063117af535c39b67f049573eb3ff1a8fcea3df4ba8c56deb6f6979cdba59,5,1,11,"[99.12, 17.75999999999999, 822.7199999999999, 562.92]","[""10, Kumargram(ST)/111"", ""85, Volka High School"", ""VOLKA BAROBISHA-II/IV"", ""4"", ""Volka Barobisha No-II/PS-XIX"", ""Kumargram/ZP-3""]",,native_fields_parsed
West Bengal,Alipurduar,2018,constituency_crosswalk,VOLKA BAROBISHA-II,VOLKA BAROBISHA-II/V,5,"10, Kumargram(ST)/112","86, Volka B.F.P. School",Volka Barobisha No-II/PS-XIX,Kumargram/ZP-3,data/wb/gp_source_search/historical_expansion/alipurduar_CONSTITUENCY_5fe98655.pdf,fd2063117af535c39b67f049573eb3ff1a8fcea3df4ba8c56deb6f6979cdba59,5,1,12,"[99.12, 17.75999999999999, 822.7199999999999, 562.92]","[""10, Kumargram(ST)/112"", ""86, Volka B.F.P. School"", ""VOLKA BAROBISHA-II/V"", ""5"", ""Volka Barobisha No-II/PS-XIX"", ""Kumargram/ZP-3""]",,native_fields_parsed
West Bengal,Alipurduar,2018,constituency_crosswalk,VOLKA BAROBISHA-II,VOLKA BAROBISHA-II/VI,6,"10, Kumargram(ST)/113","87, Pakriguri S.C. Pry. School",Volka Barobisha No-II/PS-XIX,Kumargram/ZP-3,data/wb/gp_source_search/historical_expansion/alipurduar_CONSTITUENCY_5fe98655.pdf,fd2063117af535c39b67f049573eb3ff1a8fcea3df4ba8c56deb6f6979cdba59,5,1,13,"[99.12, 17.75999999999999, 822.7199999999999, 562.92]","[""10, Kumargram(ST)/113"", ""87, Pakriguri S.C. Pry. School"", ""VOLKA BAROBISHA-II/VI"", ""6"", ""Volka Barobisha No-II/PS-XIX"", ""Kumargram/ZP-3""]",,native_fields_parsed
West Bengal,Alipurduar,2018,constituency_crosswalk,VOLKA BAROBISHA-II,VOLKA BAROBISHA-II/VII,7,"10, Kumargram(ST)/114","88, Uttar Para Prathamik Bidyalaya",Volka Barobisha No-II/PS-XIX,Kumargram/ZP-3,data/wb/gp_source_search/historical_expansion/alipurduar_CONSTITUENCY_5fe98655.pdf,fd2063117af535c39b67f049573eb3ff1a8fcea3df4ba8c56deb6f6979cdba59,5,1,14,"[99.12, 17.75999999999999, 822.7199999999999, 562.92]","[""10, Kumargram(ST)/114"", ""88, Uttar Para Prathamik Bidyalaya"", ""VOLKA BAROBISHA-II/VII"", ""7"", ""Volka Barobisha No-II/PS-XIX"", ""Kumargram/ZP-3""]",,native_fields_parsed
West Bengal,Alipurduar,2018,constituency_crosswalk,VOLKA BAROBISHA-II,VOLKA BAROBISHA-II/VIII,8,"10, Kumargram(ST)/115","89, Majerdabri High School",Volka Barobisha No-II/PS-XX,Kumargram/ZP-3,data/wb/gp_source_search/historical_expansion/alipurduar_CONSTITUENCY_5fe98655.pdf,fd2063117af535c39b67f049573eb3ff1a8fcea3df4ba8c56deb6f6979cdba59,5,1,15,"[99.12, 17.75999999999999, 822.7199999999999, 562.92]","[""10, Kumargram(ST)/115"", ""89, Majerdabri High School"", ""VOLKA BAROBISHA-II/VIII"", ""8"", ""Volka Barobisha No-II/PS-XX"", ""Kumargram/ZP-3""]",,native_fields_parsed
West Bengal,Alipurduar,2018,constituency_crosswalk,VOLKA BAROBISHA-II,VOLKA BAROBISHA-II/IX,9,"10, Kumargram(ST)/116","90, Majherdabri Nimnabuniyadi Pry
School",Volka Barobisha No-II/PS-XX,Kumargram/ZP-3,data/wb/gp_source_search/historical_expansion/alipurduar_CONSTITUENCY_5fe98655.pdf,fd2063117af535c39b67f049573eb3ff1a8fcea3df4ba8c56deb6f6979cdba59,5,1,16,"[99.12, 17.75999999999999, 822.7199999999999, 562.92]","[""10, Kumargram(ST)/116"", ""90, Majherdabri Nimnabuniyadi Pry\nSchool"", ""VOLKA BAROBISHA-II/IX"", ""9"", ""Volka Barobisha No-II/PS-XX"", ""Kumargram/ZP-3""]",,native_fields_parsed
West Bengal,Alipurduar,2018,constituency_crosswalk,VOLKA BAROBISHA-II,VOLKA BAROBISHA-II/X,10,"10, Kumargram(ST)/117","91, Pally Kalyan C.S. Pry. School",Volka Barobisha No-II/PS-XX,Kumargram/ZP-3,data/wb/gp_source_search/historical_expansion/alipurduar_CONSTITUENCY_5fe98655.pdf,fd2063117af535c39b67f049573eb3ff1a8fcea3df4ba8c56deb6f6979cdba59,5,1,17,"[99.12, 17.75999999999999, 822.7199999999999, 562.92]","[""10, Kumargram(ST)/117"", ""91, Pally Kalyan C.S. Pry. School"", ""VOLKA BAROBISHA-II/X"", ""10"", ""Volka Barobisha No-II/PS-XX"", ""Kumargram/ZP-3""]",,native_fields_parsed
West Bengal,Alipurduar,2018,constituency_crosswalk,KHOARDANGA-I,KHOARDANGA-I/I,1,"10, Kumargram(ST)/119","93, Dhantali Adarsha New Pry. School",Khoardanga No-I/PS-XXI,Kumargram/ZP-1,data/wb/gp_source_search/historical_expansion/alipurduar_CONSTITUENCY_5fe98655.pdf,fd2063117af535c39b67f049573eb3ff1a8fcea3df4ba8c56deb6f6979cdba59,5,1,19,"[99.12, 17.75999999999999, 822.7199999999999, 562.92]","[""10, Kumargram(ST)/119"", ""93, Dhantali Adarsha New Pry. School"", ""KHOARDANGA-I/I"", ""1"", ""Khoardanga No-I/PS-XXI"", ""Kumargram/ZP-1""]",,native_fields_parsed
West Bengal,Alipurduar,2018,constituency_crosswalk,KHOARDANGA-I,KHOARDANGA-I/II,2,"10, Kumargram(ST)/120","94, Lalchandpur B.F.P. School",Khoardanga No-I/PS-XXI,Kumargram/ZP-1,data/wb/gp_source_search/historical_expansion/alipurduar_CONSTITUENCY_5fe98655.pdf,fd2063117af535c39b67f049573eb3ff1a8fcea3df4ba8c56deb6f6979cdba59,5,1,20,"[99.12, 17.75999999999999, 822.7199999999999, 562.92]","[""10, Kumargram(ST)/120"", ""94, Lalchandpur B.F.P. School"", ""KHOARDANGA-I/II"", ""2"", ""Khoardanga No-I/PS-XXI"", ""Kumargram/ZP-1""]",,native_fields_parsed
West Bengal,Alipurduar,2018,constituency_crosswalk,KKHHOOAARRDDAANNGGAA--II/,KKHHOOAARRDDAANNGGAA--II//IIIIII,33,"1100,, KKuummaarrggrraamm((SSTT))//112211","95/1, Paschim Chengmari G.M.P.
SScchhooooll",KKhhooaarrddaannggaa NNoo--II//PPSS--XXXXII,KKuummaarrggrraamm//ZZPP--11,data/wb/gp_source_search/historical_expansion/alipurduar_CONSTITUENCY_5fe98655.pdf,fd2063117af535c39b67f049573eb3ff1a8fcea3df4ba8c56deb6f6979cdba59,5,1,21,"[99.12, 17.75999999999999, 822.7199999999999, 562.92]","[""1100,, KKuummaarrggrraamm((SSTT))//112211"", ""95/1, Paschim Chengmari G.M.P.\nSScchhooooll"", ""KKHHOOAARRDDAANNGGAA--II//IIIIII"", ""33"", ""KKhhooaarrddaannggaa NNoo--II//PPSS--XXXXII"", ""KKuummaarrggrraamm//ZZPP--11""]",duplicated_native_glyphs,needs_review
West Bengal,Alipurduar,2018,constituency_crosswalk,KHOARDANGA-I,KHOARDANGA-I/III,,"10, Kumargram(ST)/122","95/2, Bhupen Iswarari SSK",Khoardanga No-I/PS-XXI,Kumargram/ZP-1,data/wb/gp_source_search/historical_expansion/alipurduar_CONSTITUENCY_5fe98655.pdf,fd2063117af535c39b67f049573eb3ff1a8fcea3df4ba8c56deb6f6979cdba59,5,1,22,"[99.12, 17.75999999999999, 822.7199999999999, 562.92]","[""10, Kumargram(ST)/122"", ""95/2, Bhupen Iswarari SSK"", ""KHOARDANGA-I/III"", null, ""Khoardanga No-I/PS-XXI"", ""Kumargram/ZP-1""]",seat_cell_missing_or_merged,needs_review
West Bengal,Alipurduar,2018,constituency_crosswalk,KHOARDANGA-I,KHOARDANGA-I/IV,4,"10, Kumargram(ST)/123","96, Paschim Chengmari G.E.L.C. Pry.
School",Khoardanga No-I/PS-XXI,Kumargram/ZP-1,data/wb/gp_source_search/historical_expansion/alipurduar_CONSTITUENCY_5fe98655.pdf,fd2063117af535c39b67f049573eb3ff1a8fcea3df4ba8c56deb6f6979cdba59,6,1,1,"[99.12, 17.75999999999999, 822.7199999999999, 562.92]","[""10, Kumargram(ST)/123"", ""96, Paschim Chengmari G.E.L.C. Pry.\nSchool"", ""KHOARDANGA-I/IV"", ""4"", ""Khoardanga No-I/PS-XXI"", ""Kumargram/ZP-1""]",,native_fields_parsed
West Bengal,Alipurduar,2018,constituency_crosswalk,KHOARDANGA-I,KHOARDANGA-I/V,5,"10, Kumargram(ST)/124","97, Marakhata Jetmal High School",Khoardanga No-I/PS-XXII,Kumargram/ZP-1,data/wb/gp_source_search/historical_expansion/alipurduar_CONSTITUENCY_5fe98655.pdf,fd2063117af535c39b67f049573eb3ff1a8fcea3df4ba8c56deb6f6979cdba59,6,1,2,"[99.12, 17.75999999999999, 822.7199999999999, 562.92]","[""10, Kumargram(ST)/124"", ""97, Marakhata Jetmal High School"", ""KHOARDANGA-I/V"", ""5"", ""Khoardanga No-I/PS-XXII"", ""Kumargram/ZP-1""]",,native_fields_parsed
West Bengal,Alipurduar,2018,constituency_crosswalk,KHOARDANGA-I,KHOARDANGA-I/VI,6,"10, Kumargram(ST)/125","98, Marakhata Jr. Basic School",Khoardanga No-I/PS-XXII,Kumargram/ZP-1,data/wb/gp_source_search/historical_expansion/alipurduar_CONSTITUENCY_5fe98655.pdf,fd2063117af535c39b67f049573eb3ff1a8fcea3df4ba8c56deb6f6979cdba59,6,1,3,"[99.12, 17.75999999999999, 822.7199999999999, 562.92]","[""10, Kumargram(ST)/125"", ""98, Marakhata Jr. Basic School"", ""KHOARDANGA-I/VI"", ""6"", ""Khoardanga No-I/PS-XXII"", ""Kumargram/ZP-1""]",,native_fields_parsed
West Bengal,Alipurduar,2018,constituency_crosswalk,KHOARDANGA-I,KHOARDANGA-I/VII,7,"10, Kumargram(ST)/126","99/1, Jigauri Pry. School",Khoardanga No-I/PS-XXII,Kumargram/ZP-1,data/wb/gp_source_search/historical_expansion/alipurduar_CONSTITUENCY_5fe98655.pdf,fd2063117af535c39b67f049573eb3ff1a8fcea3df4ba8c56deb6f6979cdba59,6,1,4,"[99.12, 17.75999999999999, 822.7199999999999, 562.92]","[""10, Kumargram(ST)/126"", ""99/1, Jigauri Pry. School"", ""KHOARDANGA-I/VII"", ""7"", ""Khoardanga No-I/PS-XXII"", ""Kumargram/ZP-1""]",,native_fields_parsed
West Bengal,Alipurduar,2018,constituency_crosswalk,KHOARDANGA-I,KHOARDANGA-I/VII,,"10, Kumargram(ST)/127","99/2, Simlabari Pry. School",Khoardanga No-I/PS-XXII,Kumargram/ZP-1,data/wb/gp_source_search/historical_expansion/alipurduar_CONSTITUENCY_5fe98655.pdf,fd2063117af535c39b67f049573eb3ff1a8fcea3df4ba8c56deb6f6979cdba59,6,1,5,"[99.12, 17.75999999999999, 822.7199999999999, 562.92]","[""10, Kumargram(ST)/127"", ""99/2, Simlabari Pry. School"", ""KHOARDANGA-I/VII"", null, ""Khoardanga No-I/PS-XXII"", ""Kumargram/ZP-1""]",seat_cell_missing_or_merged,needs_review
West Bengal,Alipurduar,2018,constituency_crosswalk,KHOARDANGA-I,KHOARDANGA-I/VIII,8,"10, Kumargram(ST)/128","100, Dubasree G.M.P. School",Khoardanga No-I/PS-XXIII,Kumargram/ZP-1,data/wb/gp_source_search/historical_expansion/alipurduar_CONSTITUENCY_5fe98655.pdf,fd2063117af535c39b67f049573eb3ff1a8fcea3df4ba8c56deb6f6979cdba59,6,1,6,"[99.12, 17.75999999999999, 822.7199999999999, 562.92]","[""10, Kumargram(ST)/128"", ""100, Dubasree G.M.P. School"", ""KHOARDANGA-I/VIII"", ""8"", ""Khoardanga No-I/PS-XXIII"", ""Kumargram/ZP-1""]",,native_fields_parsed
West Bengal,Alipurduar,2018,constituency_crosswalk,KHOARDANGA-I,KHOARDANGA-I/IX,9,"10, Kumargram(ST)/129","101, Pritam Sing Memorial Pry. School",Khoardanga No-I/PS-XXIII,Kumargram/ZP-1,data/wb/gp_source_search/historical_expansion/alipurduar_CONSTITUENCY_5fe98655.pdf,fd2063117af535c39b67f049573eb3ff1a8fcea3df4ba8c56deb6f6979cdba59,6,1,7,"[99.12, 17.75999999999999, 822.7199999999999, 562.92]","[""10, Kumargram(ST)/129"", ""101, Pritam Sing Memorial Pry. School"", ""KHOARDANGA-I/IX"", ""9"", ""Khoardanga No-I/PS-XXIII"", ""Kumargram/ZP-1""]",,native_fields_parsed
West Bengal,Alipurduar,2018,constituency_crosswalk,KHOARDANGA-I,KHOARDANGA-I/X,10,"10, Kumargram(ST)/130","102/1, St. James Pry. School",Khoardanga No-I/PS-XXIII,Kumargram/ZP-1,data/wb/gp_source_search/historical_expansion/alipurduar_CONSTITUENCY_5fe98655.pdf,fd2063117af535c39b67f049573eb3ff1a8fcea3df4ba8c56deb6f6979cdba59,6,1,8,"[99.12, 17.75999999999999, 822.7199999999999, 562.92]","[""10, Kumargram(ST)/130"", ""102/1, St. James Pry. School"", ""KHOARDANGA-I/X"", ""10"", ""Khoardanga No-I/PS-XXIII"", ""Kumargram/ZP-1""]",,native_fields_parsed
West Bengal,Alipurduar,2018,constituency_crosswalk,KHOARDANGA-I,KHOARDANGA-I/X,,"10, Kumargram(ST)/131","102/2, Khalpara SSK",Khoardanga No-I/PS-XXIII,Kumargram/ZP-1,data/wb/gp_source_search/historical_expansion/alipurduar_CONSTITUENCY_5fe98655.pdf,fd2063117af535c39b67f049573eb3ff1a8fcea3df4ba8c56deb6f6979cdba59,6,1,9,"[99.12, 17.75999999999999, 822.7199999999999, 562.92]","[""10, Kumargram(ST)/131"", ""102/2, Khalpara SSK"", ""KHOARDANGA-I/X"", null, ""Khoardanga No-I/PS-XXIII"", ""Kumargram/ZP-1""]",seat_cell_missing_or_merged,needs_review
West Bengal,Alipurduar,2018,constituency_crosswalk,KHOARDANGA-I,KHOARDANGA-I/XI,11,"10, Kumargram(ST)/132","103, Jalaneswari High School",Khoardanga No-I/PS-XXIII,Kumargram/ZP-1,data/wb/gp_source_search/historical_expansion/alipurduar_CONSTITUENCY_5fe98655.pdf,fd2063117af535c39b67f049573eb3ff1a8fcea3df4ba8c56deb6f6979cdba59,6,1,10,"[99.12, 17.75999999999999, 822.7199999999999, 562.92]","[""10, Kumargram(ST)/132"", ""103, Jalaneswari High School"", ""KHOARDANGA-I/XI"", ""11"", ""Khoardanga No-I/PS-XXIII"", ""Kumargram/ZP-1""]",,native_fields_parsed
West Bengal,Alipurduar,2018,constituency_crosswalk,KHOARDANGA-II,KHOARDANGA-II/I,1,"10, Kumargram(ST)/133","104, Nararthali No-I B.F.P. School",Khoardanga No-II/PS-XXIV,Kumargram/ZP-1,data/wb/gp_source_search/historical_expansion/alipurduar_CONSTITUENCY_5fe98655.pdf,fd2063117af535c39b67f049573eb3ff1a8fcea3df4ba8c56deb6f6979cdba59,6,1,11,"[99.12, 17.75999999999999, 822.7199999999999, 562.92]","[""10, Kumargram(ST)/133"", ""104, Nararthali No-I B.F.P. School"", ""KHOARDANGA-II/I"", ""1"", ""Khoardanga No-II/PS-XXIV"", ""Kumargram/ZP-1""]",,native_fields_parsed
West Bengal,Alipurduar,2018,constituency_crosswalk,KKHHOOAARRDDAANNGGAA--IIII/,KKHHOOAARRDDAANNGGAA--IIII//IIII,22,"1100,, KKuummaarrggrraamm((SSTT))//113344","105, Madhya Nararthali Special Cadre
PPrryy.. SScchhooooll",KKhhooaarrddaannggaa NNoo--IIII//PPSS--XXXXIIVV,KKuummaarrggrraamm//ZZPP--11,data/wb/gp_source_search/historical_expansion/alipurduar_CONSTITUENCY_5fe98655.pdf,fd2063117af535c39b67f049573eb3ff1a8fcea3df4ba8c56deb6f6979cdba59,6,1,12,"[99.12, 17.75999999999999, 822.7199999999999, 562.92]","[""1100,, KKuummaarrggrraamm((SSTT))//113344"", ""105, Madhya Nararthali Special Cadre\nPPrryy.. SScchhooooll"", ""KKHHOOAARRDDAANNGGAA--IIII//IIII"", ""22"", ""KKhhooaarrddaannggaa NNoo--IIII//PPSS--XXXXIIVV"", ""KKuummaarrggrraamm//ZZPP--11""]",duplicated_native_glyphs,needs_review
West Bengal,Alipurduar,2018,constituency_crosswalk,KHOARDANGA-II,KHOARDANGA-II/III,3,"10, Kumargram(ST)/135","106, Madhya Nararthali Pry. School",Khoardanga No-II/PS-XXIV,Kumargram/ZP-1,data/wb/gp_source_search/historical_expansion/alipurduar_CONSTITUENCY_5fe98655.pdf,fd2063117af535c39b67f049573eb3ff1a8fcea3df4ba8c56deb6f6979cdba59,6,1,13,"[99.12, 17.75999999999999, 822.7199999999999, 562.92]","[""10, Kumargram(ST)/135"", ""106, Madhya Nararthali Pry. School"", ""KHOARDANGA-II/III"", ""3"", ""Khoardanga No-II/PS-XXIV"", ""Kumargram/ZP-1""]",,native_fields_parsed
West Bengal,Alipurduar,2018,constituency_crosswalk,KHOARDANGA-II,KHOARDANGA-II/IV,4,"10, Kumargram(ST)/136","107, Madhya Nararthali SSK",Khoardanga No-II/PS-XXIV,Kumargram/ZP-1,data/wb/gp_source_search/historical_expansion/alipurduar_CONSTITUENCY_5fe98655.pdf,fd2063117af535c39b67f049573eb3ff1a8fcea3df4ba8c56deb6f6979cdba59,6,1,14,"[99.12, 17.75999999999999, 822.7199999999999, 562.92]","[""10, Kumargram(ST)/136"", ""107, Madhya Nararthali SSK"", ""KHOARDANGA-II/IV"", ""4"", ""Khoardanga No-II/PS-XXIV"", ""Kumargram/ZP-1""]",,native_fields_parsed
West Bengal,Alipurduar,2018,constituency_crosswalk,KHOARDANGA-II,KHOARDANGA-II/V,5,"10, Kumargram(ST)/137","108, Chhoto Daldali BFP School",Kamakahayguri No-I/PS-XXVIII,Kumargram/ZP-1,data/wb/gp_source_search/historical_expansion/alipurduar_CONSTITUENCY_5fe98655.pdf,fd2063117af535c39b67f049573eb3ff1a8fcea3df4ba8c56deb6f6979cdba59,6,1,15,"[99.12, 17.75999999999999, 822.7199999999999, 562.92]","[""10, Kumargram(ST)/137"", ""108, Chhoto Daldali BFP School"", ""KHOARDANGA-II/V"", ""5"", ""Kamakahayguri No-I/PS-XXVIII"", ""Kumargram/ZP-1""]",,native_fields_parsed
West Bengal,Alipurduar,2018,constituency_crosswalk,KHOARDANGA-II,KHOARDANGA-II/VI,6,"10, Kumargram(ST)/138","109, Chhoto Daldali Pry. School",Kamakahayguri No-I/PS-XXVIII,Kumargram/ZP-1,data/wb/gp_source_search/historical_expansion/alipurduar_CONSTITUENCY_5fe98655.pdf,fd2063117af535c39b67f049573eb3ff1a8fcea3df4ba8c56deb6f6979cdba59,6,1,16,"[99.12, 17.75999999999999, 822.7199999999999, 562.92]","[""10, Kumargram(ST)/138"", ""109, Chhoto Daldali Pry. School"", ""KHOARDANGA-II/VI"", ""6"", ""Kamakahayguri No-I/PS-XXVIII"", ""Kumargram/ZP-1""]",,native_fields_parsed
West Bengal,Alipurduar,2018,constituency_crosswalk,KHOARDANGA-II,KHOARDANGA-II/VII,7,"10, Kumargram(ST)/139","110/1, Chhoto Daldali New Pry. School
(Room-1)",Kamakahayguri No-I/PS-XXVIII,Kumargram/ZP-1,data/wb/gp_source_search/historical_expansion/alipurduar_CONSTITUENCY_5fe98655.pdf,fd2063117af535c39b67f049573eb3ff1a8fcea3df4ba8c56deb6f6979cdba59,6,1,17,"[99.12, 17.75999999999999, 822.7199999999999, 562.92]","[""10, Kumargram(ST)/139"", ""110/1, Chhoto Daldali New Pry. School\n(Room-1)"", ""KHOARDANGA-II/VII"", ""7"", ""Kamakahayguri No-I/PS-XXVIII"", ""Kumargram/ZP-1""]",,native_fields_parsed
West Bengal,Alipurduar,2018,constituency_crosswalk,KHOARDANGA-II,KHOARDANGA-II/VII,,"10, Kumargram(ST)/140","110/2, Chhoto Daldali New Pry. School
(Room-2)",Kamakahayguri No-I/PS-XXVIII,Kumargram/ZP-1,data/wb/gp_source_search/historical_expansion/alipurduar_CONSTITUENCY_5fe98655.pdf,fd2063117af535c39b67f049573eb3ff1a8fcea3df4ba8c56deb6f6979cdba59,6,1,18,"[99.12, 17.75999999999999, 822.7199999999999, 562.92]","[""10, Kumargram(ST)/140"", ""110/2, Chhoto Daldali New Pry. School\n(Room-2)"", ""KHOARDANGA-II/VII"", null, ""Kamakahayguri No-I/PS-XXVIII"", ""Kumargram/ZP-1""]",seat_cell_missing_or_merged,needs_review
West Bengal,Alipurduar,2018,constituency_crosswalk,KHOARDANGA-II,KHOARDANGA-II/VIII,8,"10, Kumargram(ST)/141","111, Nirobala Smriti Girls High School",Kamakahayguri No-I/PS-XXVIII,Kumargram/ZP-1,data/wb/gp_source_search/historical_expansion/alipurduar_CONSTITUENCY_5fe98655.pdf,fd2063117af535c39b67f049573eb3ff1a8fcea3df4ba8c56deb6f6979cdba59,6,1,19,"[99.12, 17.75999999999999, 822.7199999999999, 562.92]","[""10, Kumargram(ST)/141"", ""111, Nirobala Smriti Girls High School"", ""KHOARDANGA-II/VIII"", ""8"", ""Kamakahayguri No-I/PS-XXVIII"", ""Kumargram/ZP-1""]",,native_fields_parsed
West Bengal,Alipurduar,2018,constituency_crosswalk,KHOARDANGA-II,KHOARDANGA-II/IX,9,"10, Kumargram(ST)/142","112, Purba Nararthali SSK",Kamakahayguri No-I/PS-XXVIII,Kumargram/ZP-1,data/wb/gp_source_search/historical_expansion/alipurduar_CONSTITUENCY_5fe98655.pdf,fd2063117af535c39b67f049573eb3ff1a8fcea3df4ba8c56deb6f6979cdba59,6,1,20,"[99.12, 17.75999999999999, 822.7199999999999, 562.92]","[""10, Kumargram(ST)/142"", ""112, Purba Nararthali SSK"", ""KHOARDANGA-II/IX"", ""9"", ""Kamakahayguri No-I/PS-XXVIII"", ""Kumargram/ZP-1""]",,native_fields_parsed
West Bengal,Alipurduar,2018,constituency_crosswalk,KHOARDANGA-II,KHOARDANGA-II/X,10,"10, Kumargram(ST)/143","113, Purba Nararthali New Pry. School",Kamakahayguri No-I/PS-XXVIII,Kumargram/ZP-1,data/wb/gp_source_search/historical_expansion/alipurduar_CONSTITUENCY_5fe98655.pdf,fd2063117af535c39b67f049573eb3ff1a8fcea3df4ba8c56deb6f6979cdba59,6,1,21,"[99.12, 17.75999999999999, 822.7199999999999, 562.92]","[""10, Kumargram(ST)/143"", ""113, Purba Nararthali New Pry. School"", ""KHOARDANGA-II/X"", ""10"", ""Kamakahayguri No-I/PS-XXVIII"", ""Kumargram/ZP-1""]",,native_fields_parsed
West Bengal,Alipurduar,2018,constituency_crosswalk,KHOARDANGA-II,KHOARDANGA-II/XI,11,"10, Kumargram(ST)/144","111144,, GGoocchhhhiimmaarrii BB..FF..PP.. SScchhooooll",Kamakahayguri No-I/PS-XXVIII,Kumargram/ZP-1,data/wb/gp_source_search/historical_expansion/alipurduar_CONSTITUENCY_5fe98655.pdf,fd2063117af535c39b67f049573eb3ff1a8fcea3df4ba8c56deb6f6979cdba59,6,1,22,"[99.12, 17.75999999999999, 822.7199999999999, 562.92]","[""10, Kumargram(ST)/144"", ""111144,, GGoocchhhhiimmaarrii BB..FF..PP.. SScchhooooll"", ""KHOARDANGA-II/XI"", ""11"", ""Kamakahayguri No-I/PS-XXVIII"", ""Kumargram/ZP-1""]",duplicated_native_glyphs,needs_review
West Bengal,Alipurduar,2018,constituency_crosswalk,KAMAKHYAGURI -I,KAMAKHYAGURI -I/I,1,"10, Kumargram(ST)/145","115, Biswanath Pry. School",Kamakahayguri No-I/PS-XXVIII,Kumargram/ZP-3,data/wb/gp_source_search/historical_expansion/alipurduar_CONSTITUENCY_5fe98655.pdf,fd2063117af535c39b67f049573eb3ff1a8fcea3df4ba8c56deb6f6979cdba59,6,1,23,"[99.12, 17.75999999999999, 822.7199999999999, 562.92]","[""10, Kumargram(ST)/145"", ""115, Biswanath Pry. School"", ""KAMAKHYAGURI -I/I"", ""1"", ""Kamakahayguri No-I/PS-XXVIII"", ""Kumargram/ZP-3""]",,native_fields_parsed
West Bengal,Alipurduar,2018,constituency_crosswalk,KAMAKHYAGURI -I,KAMAKHYAGURI -I/II,2,"10, Kumargram(ST)/146","116, Pakritala Pry School",Kamakahayguri No-I/PS-XXVIII,Kumargram/ZP-3,data/wb/gp_source_search/historical_expansion/alipurduar_CONSTITUENCY_5fe98655.pdf,fd2063117af535c39b67f049573eb3ff1a8fcea3df4ba8c56deb6f6979cdba59,7,1,1,"[99.12, 17.75999999999999, 822.7199999999999, 562.92]","[""10, Kumargram(ST)/146"", ""116, Pakritala Pry School"", ""KAMAKHYAGURI -I/II"", ""2"", ""Kamakahayguri No-I/PS-XXVIII"", ""Kumargram/ZP-3""]",,native_fields_parsed
West Bengal,Alipurduar,2018,constituency_crosswalk,KAMAKHYAGURI -I,KAMAKHYAGURI -I/III,3,"10, Kumargram(ST)/147","117, Teli Para B.F.P. School",Kamakahayguri No-I/PS-XXVIII,Kumargram/ZP-3,data/wb/gp_source_search/historical_expansion/alipurduar_CONSTITUENCY_5fe98655.pdf,fd2063117af535c39b67f049573eb3ff1a8fcea3df4ba8c56deb6f6979cdba59,7,1,2,"[99.12, 17.75999999999999, 822.7199999999999, 562.92]","[""10, Kumargram(ST)/147"", ""117, Teli Para B.F.P. School"", ""KAMAKHYAGURI -I/III"", ""3"", ""Kamakahayguri No-I/PS-XXVIII"", ""Kumargram/ZP-3""]",,native_fields_parsed
West Bengal,Alipurduar,2018,constituency_crosswalk,KAMAKHYAGURI -I,KAMAKHYAGURI -I/IV,4,"10, Kumargram(ST)/148","118, Putimari Nabajagaran Pry School",Kamakahayguri No-I/PS-XXVIII,Kumargram/ZP-3,data/wb/gp_source_search/historical_expansion/alipurduar_CONSTITUENCY_5fe98655.pdf,fd2063117af535c39b67f049573eb3ff1a8fcea3df4ba8c56deb6f6979cdba59,7,1,3,"[99.12, 17.75999999999999, 822.7199999999999, 562.92]","[""10, Kumargram(ST)/148"", ""118, Putimari Nabajagaran Pry School"", ""KAMAKHYAGURI -I/IV"", ""4"", ""Kamakahayguri No-I/PS-XXVIII"", ""Kumargram/ZP-3""]",,native_fields_parsed
West Bengal,Alipurduar,2018,constituency_crosswalk,KAMAKHYAGURI -I,KAMAKHYAGURI -I/V,5,"10, Kumargram(ST)/149","119/1, Dakhin Teli Para New Pry.
School",Kamakahayguri No-I/PS-XXVIII,Kumargram/ZP-3,data/wb/gp_source_search/historical_expansion/alipurduar_CONSTITUENCY_5fe98655.pdf,fd2063117af535c39b67f049573eb3ff1a8fcea3df4ba8c56deb6f6979cdba59,7,1,4,"[99.12, 17.75999999999999, 822.7199999999999, 562.92]","[""10, Kumargram(ST)/149"", ""119/1, Dakhin Teli Para New Pry.\nSchool"", ""KAMAKHYAGURI -I/V"", ""5"", ""Kamakahayguri No-I/PS-XXVIII"", ""Kumargram/ZP-3""]",,native_fields_parsed
West Bengal,Alipurduar,2018,constituency_crosswalk,KAMAKHYAGURI -I,KAMAKHYAGURI -I/V,,"10, Kumargram(ST)/150","119/2, Baruni Chetana Kendra",Kamakahayguri No-I/PS-XXVIII,Kumargram/ZP-3,data/wb/gp_source_search/historical_expansion/alipurduar_CONSTITUENCY_5fe98655.pdf,fd2063117af535c39b67f049573eb3ff1a8fcea3df4ba8c56deb6f6979cdba59,7,1,5,"[99.12, 17.75999999999999, 822.7199999999999, 562.92]","[""10, Kumargram(ST)/150"", ""119/2, Baruni Chetana Kendra"", ""KAMAKHYAGURI -I/V"", null, ""Kamakahayguri No-I/PS-XXVIII"", ""Kumargram/ZP-3""]",seat_cell_missing_or_merged,needs_review
West Bengal,Alipurduar,2018,constituency_crosswalk,KAMAKHYAGURI -I,KAMAKHYAGURI -I/VI,6,"10, Kumargram(ST)/151","120, Srimanta M.S.K.",Kamakahayguri No-I/PS-XXVIII,Kumargram/ZP-3,data/wb/gp_source_search/historical_expansion/alipurduar_CONSTITUENCY_5fe98655.pdf,fd2063117af535c39b67f049573eb3ff1a8fcea3df4ba8c56deb6f6979cdba59,7,1,6,"[99.12, 17.75999999999999, 822.7199999999999, 562.92]","[""10, Kumargram(ST)/151"", ""120, Srimanta M.S.K."", ""KAMAKHYAGURI -I/VI"", ""6"", ""Kamakahayguri No-I/PS-XXVIII"", ""Kumargram/ZP-3""]",,native_fields_parsed
West Bengal,Alipurduar,2018,constituency_crosswalk,KAMAKHYAGURI -I,KAMAKHYAGURI -I/VII,7,"10, Kumargram(ST)/152","121, Nararthali No. 2 B.F.P. School",Kamakahayguri No-I/PS-XXVIII,Kumargram/ZP-3,data/wb/gp_source_search/historical_expansion/alipurduar_CONSTITUENCY_5fe98655.pdf,fd2063117af535c39b67f049573eb3ff1a8fcea3df4ba8c56deb6f6979cdba59,7,1,7,"[99.12, 17.75999999999999, 822.7199999999999, 562.92]","[""10, Kumargram(ST)/152"", ""121, Nararthali No. 2 B.F.P. School"", ""KAMAKHYAGURI -I/VII"", ""7"", ""Kamakahayguri No-I/PS-XXVIII"", ""Kumargram/ZP-3""]",,native_fields_parsed
West Bengal,Alipurduar,2018,constituency_crosswalk,KAMAKHYAGURI -I,KAMAKHYAGURI -I/VIII,8,"10, Kumargram(ST)/153","122, Paschim Nararthali Nimna
Buniyadi Bidyalaya",Kamakahayguri No-I/PS-XXVIII,Kumargram/ZP-3,data/wb/gp_source_search/historical_expansion/alipurduar_CONSTITUENCY_5fe98655.pdf,fd2063117af535c39b67f049573eb3ff1a8fcea3df4ba8c56deb6f6979cdba59,7,1,8,"[99.12, 17.75999999999999, 822.7199999999999, 562.92]","[""10, Kumargram(ST)/153"", ""122, Paschim Nararthali Nimna\nBuniyadi Bidyalaya"", ""KAMAKHYAGURI -I/VIII"", ""8"", ""Kamakahayguri No-I/PS-XXVIII"", ""Kumargram/ZP-3""]",,native_fields_parsed
West Bengal,Alipurduar,2018,constituency_crosswalk,KAMAKHYAGURI -I,KAMAKHYAGURI -I/IX,9,"10, Kumargram(ST)/154","123, Mangal Singh Memorial Pry.
School",Kamakahayguri No-I/PS-XXVIII,Kumargram/ZP-3,data/wb/gp_source_search/historical_expansion/alipurduar_CONSTITUENCY_5fe98655.pdf,fd2063117af535c39b67f049573eb3ff1a8fcea3df4ba8c56deb6f6979cdba59,7,1,9,"[99.12, 17.75999999999999, 822.7199999999999, 562.92]","[""10, Kumargram(ST)/154"", ""123, Mangal Singh Memorial Pry.\nSchool"", ""KAMAKHYAGURI -I/IX"", ""9"", ""Kamakahayguri No-I/PS-XXVIII"", ""Kumargram/ZP-3""]",,native_fields_parsed
West Bengal,Alipurduar,2018,constituency_crosswalk,KKAAMMAAKKHHYYAAGGUURRII --II/,KKAAMMAAKKHHYYAAGGUURRII --II//XX,1100,"1100,, KKuummaarrggrraamm((SSTT))//115555","124, Kamakhyaguri Mission Higher
SSeeccoonnddaarryy SScchhooooll",KKaammaakkaahhaayygguurrii NNoo--II//PPSS--XXXXIIXX,KKuummaarrggrraamm//ZZPP--33,data/wb/gp_source_search/historical_expansion/alipurduar_CONSTITUENCY_5fe98655.pdf,fd2063117af535c39b67f049573eb3ff1a8fcea3df4ba8c56deb6f6979cdba59,7,1,10,"[99.12, 17.75999999999999, 822.7199999999999, 562.92]","[""1100,, KKuummaarrggrraamm((SSTT))//115555"", ""124, Kamakhyaguri Mission Higher\nSSeeccoonnddaarryy SScchhooooll"", ""KKAAMMAAKKHHYYAAGGUURRII --II//XX"", ""1100"", ""KKaammaakkaahhaayygguurrii NNoo--II//PPSS--XXXXIIXX"", ""KKuummaarrggrraamm//ZZPP--33""]",duplicated_native_glyphs,needs_review
West Bengal,Alipurduar,2018,constituency_crosswalk,KAMAKHYAGURI -I,KAMAKHYAGURI -I/XI,11,"10, Kumargram(ST)/156","125/1, Gajendra Jr. Basic School",Kamakahayguri No-I/PS-XXIX,Kumargram/ZP-3,data/wb/gp_source_search/historical_expansion/alipurduar_CONSTITUENCY_5fe98655.pdf,fd2063117af535c39b67f049573eb3ff1a8fcea3df4ba8c56deb6f6979cdba59,7,1,11,"[99.12, 17.75999999999999, 822.7199999999999, 562.92]","[""10, Kumargram(ST)/156"", ""125/1, Gajendra Jr. Basic School"", ""KAMAKHYAGURI -I/XI"", ""11"", ""Kamakahayguri No-I/PS-XXIX"", ""Kumargram/ZP-3""]",,native_fields_parsed
West Bengal,Alipurduar,2018,constituency_crosswalk,KAMAKHYAGURI -I,KAMAKHYAGURI -I/XI,,"10, Kumargram(ST)/157","125/2, Hiribol Smriti Pry. School",Kamakahayguri No-I/PS-XXIX,Kumargram/ZP-3,data/wb/gp_source_search/historical_expansion/alipurduar_CONSTITUENCY_5fe98655.pdf,fd2063117af535c39b67f049573eb3ff1a8fcea3df4ba8c56deb6f6979cdba59,7,1,12,"[99.12, 17.75999999999999, 822.7199999999999, 562.92]","[""10, Kumargram(ST)/157"", ""125/2, Hiribol Smriti Pry. School"", ""KAMAKHYAGURI -I/XI"", null, ""Kamakahayguri No-I/PS-XXIX"", ""Kumargram/ZP-3""]",seat_cell_missing_or_merged,needs_review
West Bengal,Alipurduar,2018,constituency_crosswalk,KAMAKHYAGURI -I,KAMAKHYAGURI -I/XII,12,"10, Kumargram(ST)/158","126, Tetultala Pry. School",Kamakahayguri No-I/PS-XXVIII,Kumargram/ZP-3,data/wb/gp_source_search/historical_expansion/alipurduar_CONSTITUENCY_5fe98655.pdf,fd2063117af535c39b67f049573eb3ff1a8fcea3df4ba8c56deb6f6979cdba59,7,1,13,"[99.12, 17.75999999999999, 822.7199999999999, 562.92]","[""10, Kumargram(ST)/158"", ""126, Tetultala Pry. School"", ""KAMAKHYAGURI -I/XII"", ""12"", ""Kamakahayguri No-I/PS-XXVIII"", ""Kumargram/ZP-3""]",,native_fields_parsed
West Bengal,Alipurduar,2018,constituency_crosswalk,KAMAKHYAGURI -I,KAMAKHYAGURI -I/XIII,13,"10, Kumargram(ST)/159","127, Kamakhyaguri Shibbari Pry.
School (Room No-1)",Kamakahayguri No-I/PS-XXIX,Kumargram/ZP-3,data/wb/gp_source_search/historical_expansion/alipurduar_CONSTITUENCY_5fe98655.pdf,fd2063117af535c39b67f049573eb3ff1a8fcea3df4ba8c56deb6f6979cdba59,7,1,14,"[99.12, 17.75999999999999, 822.7199999999999, 562.92]","[""10, Kumargram(ST)/159"", ""127, Kamakhyaguri Shibbari Pry.\nSchool (Room No-1)"", ""KAMAKHYAGURI -I/XIII"", ""13"", ""Kamakahayguri No-I/PS-XXIX"", ""Kumargram/ZP-3""]",,native_fields_parsed
West Bengal,Alipurduar,2018,constituency_crosswalk,KAMAKHYAGURI -I,KAMAKHYAGURI -I/XIV,14,"10, Kumargram(ST)/160","128, Kamakhyaguri Shibbari Pry.
School (Room No-2)",Kamakahayguri No-I/PS-XXIX,Kumargram/ZP-3,data/wb/gp_source_search/historical_expansion/alipurduar_CONSTITUENCY_5fe98655.pdf,fd2063117af535c39b67f049573eb3ff1a8fcea3df4ba8c56deb6f6979cdba59,7,1,15,"[99.12, 17.75999999999999, 822.7199999999999, 562.92]","[""10, Kumargram(ST)/160"", ""128, Kamakhyaguri Shibbari Pry.\nSchool (Room No-2)"", ""KAMAKHYAGURI -I/XIV"", ""14"", ""Kamakahayguri No-I/PS-XXIX"", ""Kumargram/ZP-3""]",,native_fields_parsed
West Bengal,Alipurduar,2018,constituency_crosswalk,KAMAKHYAGURI-II,KAMAKHYAGURI-II/I,1,"10, Kumargram(ST)/161","129, Saheed Kshudiram College (Room-
1)",Kamakhyaguri No-II/PS-XXX,Kumargram/ZP-3,data/wb/gp_source_search/historical_expansion/alipurduar_CONSTITUENCY_5fe98655.pdf,fd2063117af535c39b67f049573eb3ff1a8fcea3df4ba8c56deb6f6979cdba59,7,1,16,"[99.12, 17.75999999999999, 822.7199999999999, 562.92]","[""10, Kumargram(ST)/161"", ""129, Saheed Kshudiram College (Room-\n1)"", ""KAMAKHYAGURI-II/I"", ""1"", ""Kamakhyaguri No-II/PS-XXX"", ""Kumargram/ZP-3""]",,native_fields_parsed
West Bengal,Alipurduar,2018,constituency_crosswalk,KAMAKHYAGURI-II,KAMAKHYAGURI-II/II,2,"10, Kumargram(ST)/162","130, Saheed Kshudiram College (Room-
2)",Kamakhyaguri No-II/PS-XXX,Kumargram/ZP-3,data/wb/gp_source_search/historical_expansion/alipurduar_CONSTITUENCY_5fe98655.pdf,fd2063117af535c39b67f049573eb3ff1a8fcea3df4ba8c56deb6f6979cdba59,7,1,17,"[99.12, 17.75999999999999, 822.7199999999999, 562.92]","[""10, Kumargram(ST)/162"", ""130, Saheed Kshudiram College (Room-\n2)"", ""KAMAKHYAGURI-II/II"", ""2"", ""Kamakhyaguri No-II/PS-XXX"", ""Kumargram/ZP-3""]",,native_fields_parsed
West Bengal,Alipurduar,2018,constituency_crosswalk,KAMAKHYAGURI-II,KAMAKHYAGURI-II/III,3,"10, Kumargram(ST)/163","131, Vivekanada Vidyapith",Kamakhyaguri No-II/PS-XXX,Kumargram/ZP-3,data/wb/gp_source_search/historical_expansion/alipurduar_CONSTITUENCY_5fe98655.pdf,fd2063117af535c39b67f049573eb3ff1a8fcea3df4ba8c56deb6f6979cdba59,7,1,18,"[99.12, 17.75999999999999, 822.7199999999999, 562.92]","[""10, Kumargram(ST)/163"", ""131, Vivekanada Vidyapith"", ""KAMAKHYAGURI-II/III"", ""3"", ""Kamakhyaguri No-II/PS-XXX"", ""Kumargram/ZP-3""]",,native_fields_parsed
West Bengal,Alipurduar,2018,constituency_crosswalk,KAMAKHYAGURI-II,KAMAKHYAGURI-II/IV,4,"10, Kumargram(ST)/164","132, Oxford School(Private)",Kamakhyaguri No-II/PS-XXX,Kumargram/ZP-3,data/wb/gp_source_search/historical_expansion/alipurduar_CONSTITUENCY_5fe98655.pdf,fd2063117af535c39b67f049573eb3ff1a8fcea3df4ba8c56deb6f6979cdba59,7,1,19,"[99.12, 17.75999999999999, 822.7199999999999, 562.92]","[""10, Kumargram(ST)/164"", ""132, Oxford School(Private)"", ""KAMAKHYAGURI-II/IV"", ""4"", ""Kamakhyaguri No-II/PS-XXX"", ""Kumargram/ZP-3""]",,native_fields_parsed
West Bengal,Alipurduar,2018,constituency_crosswalk,KAMAKHYAGURI-II,KAMAKHYAGURI-II/V,5,"10, Kumargram(ST)/165","133, Kamakhyaguri Uchcha Balika
BBiiddyyaallaayy",Kamakhyaguri No-II/PS-XXX,Kumargram/ZP-3,data/wb/gp_source_search/historical_expansion/alipurduar_CONSTITUENCY_5fe98655.pdf,fd2063117af535c39b67f049573eb3ff1a8fcea3df4ba8c56deb6f6979cdba59,7,1,20,"[99.12, 17.75999999999999, 822.7199999999999, 562.92]","[""10, Kumargram(ST)/165"", ""133, Kamakhyaguri Uchcha Balika\nBBiiddyyaallaayy"", ""KAMAKHYAGURI-II/V"", ""5"", ""Kamakhyaguri No-II/PS-XXX"", ""Kumargram/ZP-3""]",duplicated_native_glyphs,needs_review
West Bengal,Alipurduar,2018,constituency_crosswalk,KAMAKHYAGURI-II,KAMAKHYAGURI-II/VI,6,"10, Kumargram(ST)/166","134, Durgabari Anganwari Kendra",Kamakhyaguri No-II/PS-XXX,Kumargram/ZP-3,data/wb/gp_source_search/historical_expansion/alipurduar_CONSTITUENCY_5fe98655.pdf,fd2063117af535c39b67f049573eb3ff1a8fcea3df4ba8c56deb6f6979cdba59,7,1,21,"[99.12, 17.75999999999999, 822.7199999999999, 562.92]","[""10, Kumargram(ST)/166"", ""134, Durgabari Anganwari Kendra"", ""KAMAKHYAGURI-II/VI"", ""6"", ""Kamakhyaguri No-II/PS-XXX"", ""Kumargram/ZP-3""]",,native_fields_parsed
West Bengal,Alipurduar,2018,constituency_crosswalk,KAMAKHYAGURI-II,KAMAKHYAGURI-II/VII,7,"10, Kumargram(ST)/167","135, Kamakhyaguri Uchcha
Bidyalaya(Room-1)",Kamakhyaguri No-II/PS-XXXI,Kumargram/ZP-3,data/wb/gp_source_search/historical_expansion/alipurduar_CONSTITUENCY_5fe98655.pdf,fd2063117af535c39b67f049573eb3ff1a8fcea3df4ba8c56deb6f6979cdba59,8,1,1,"[99.12, 17.75999999999999, 822.7199999999999, 563.64]","[""10, Kumargram(ST)/167"", ""135, Kamakhyaguri Uchcha\nBidyalaya(Room-1)"", ""KAMAKHYAGURI-II/VII"", ""7"", ""Kamakhyaguri No-II/PS-XXXI"", ""Kumargram/ZP-3""]",,native_fields_parsed
West Bengal,Alipurduar,2018,constituency_crosswalk,KAMAKHYAGURI-II,KAMAKHYAGURI-II/VIII,8,"10, Kumargram(ST)/168","136, Kamakhyaguri Uchcha Bidyalaya
(Room-2)",Kamakhyaguri No-II/PS-XXXI,Kumargram/ZP-3,data/wb/gp_source_search/historical_expansion/alipurduar_CONSTITUENCY_5fe98655.pdf,fd2063117af535c39b67f049573eb3ff1a8fcea3df4ba8c56deb6f6979cdba59,8,1,2,"[99.12, 17.75999999999999, 822.7199999999999, 563.64]","[""10, Kumargram(ST)/168"", ""136, Kamakhyaguri Uchcha Bidyalaya\n(Room-2)"", ""KAMAKHYAGURI-II/VIII"", ""8"", ""Kamakhyaguri No-II/PS-XXXI"", ""Kumargram/ZP-3""]",,native_fields_parsed
West Bengal,Alipurduar,2018,constituency_crosswalk,KAMAKHYAGURI-II,KAMAKHYAGURI-II/X,10,"10, Kumargram(ST)/170","138, Charak Tala Vivekananda Natya
Mancha",Kamakhyaguri No-II/PS-XXXI,Kumargram/ZP-3,data/wb/gp_source_search/historical_expansion/alipurduar_CONSTITUENCY_5fe98655.pdf,fd2063117af535c39b67f049573eb3ff1a8fcea3df4ba8c56deb6f6979cdba59,8,1,4,"[99.12, 17.75999999999999, 822.7199999999999, 563.64]","[""10, Kumargram(ST)/170"", ""138, Charak Tala Vivekananda Natya\nMancha"", ""KAMAKHYAGURI-II/X"", ""10"", ""Kamakhyaguri No-II/PS-XXXI"", ""Kumargram/ZP-3""]",,native_fields_parsed
West Bengal,Alipurduar,2018,constituency_crosswalk,KAMAKHYAGURI-II,KAMAKHYAGURI-II/XI,11,"10, Kumargram(ST)/171","139/1, Netaji Colony Jr. Basic School",Kamakhyaguri No-II/PS-XXXI,Kumargram/ZP-3,data/wb/gp_source_search/historical_expansion/alipurduar_CONSTITUENCY_5fe98655.pdf,fd2063117af535c39b67f049573eb3ff1a8fcea3df4ba8c56deb6f6979cdba59,8,1,5,"[99.12, 17.75999999999999, 822.7199999999999, 563.64]","[""10, Kumargram(ST)/171"", ""139/1, Netaji Colony Jr. Basic School"", ""KAMAKHYAGURI-II/XI"", ""11"", ""Kamakhyaguri No-II/PS-XXXI"", ""Kumargram/ZP-3""]",,native_fields_parsed
West Bengal,Alipurduar,2018,constituency_crosswalk,KAMAKHYAGURI-II,KAMAKHYAGURI-II/XI,,"10, Kumargram(ST)/172","139/2, Netaji Jr. High School",Kamakhyaguri No-II/PS-XXXI,Kumargram/ZP-3,data/wb/gp_source_search/historical_expansion/alipurduar_CONSTITUENCY_5fe98655.pdf,fd2063117af535c39b67f049573eb3ff1a8fcea3df4ba8c56deb6f6979cdba59,8,1,6,"[99.12, 17.75999999999999, 822.7199999999999, 563.64]","[""10, Kumargram(ST)/172"", ""139/2, Netaji Jr. High School"", ""KAMAKHYAGURI-II/XI"", null, ""Kamakhyaguri No-II/PS-XXXI"", ""Kumargram/ZP-3""]",seat_cell_missing_or_merged,needs_review
West Bengal,Alipurduar,2018,constituency_crosswalk,KAMAKHYAGURI-II,KAMAKHYAGURI-II/XII,12,"10, Kumargram(ST)/173","140/1, Madhya Kamkhyaguri Pry.
School",Kamakhyaguri No-II/PS-XXXII,Kumargram/ZP-3,data/wb/gp_source_search/historical_expansion/alipurduar_CONSTITUENCY_5fe98655.pdf,fd2063117af535c39b67f049573eb3ff1a8fcea3df4ba8c56deb6f6979cdba59,8,1,7,"[99.12, 17.75999999999999, 822.7199999999999, 563.64]","[""10, Kumargram(ST)/173"", ""140/1, Madhya Kamkhyaguri Pry.\nSchool"", ""KAMAKHYAGURI-II/XII"", ""12"", ""Kamakhyaguri No-II/PS-XXXII"", ""Kumargram/ZP-3""]",,native_fields_parsed
West Bengal,Alipurduar,2018,constituency_crosswalk,KAMAKHYAGURI-II,KAMAKHYAGURI-II/XII,,"10, Kumargram(ST)/174","140/2, Madhya Kamakhyaguri (Laskar
Para) SSK",Kamakhyaguri No-II/PS-XXXII,Kumargram/ZP-3,data/wb/gp_source_search/historical_expansion/alipurduar_CONSTITUENCY_5fe98655.pdf,fd2063117af535c39b67f049573eb3ff1a8fcea3df4ba8c56deb6f6979cdba59,8,1,8,"[99.12, 17.75999999999999, 822.7199999999999, 563.64]","[""10, Kumargram(ST)/174"", ""140/2, Madhya Kamakhyaguri (Laskar\nPara) SSK"", ""KAMAKHYAGURI-II/XII"", null, ""Kamakhyaguri No-II/PS-XXXII"", ""Kumargram/ZP-3""]",seat_cell_missing_or_merged,needs_review
West Bengal,Alipurduar,2018,constituency_crosswalk,KAMAKHYAGURI-II,KAMAKHYAGURI-II/XIII,13,"10, Kumargram(ST)/175","141, Madhya Kamkhyaguri Lalit Smriti
PPrraatthhaammiikk VViiddyyaallaayyaa",Kamakhyaguri No-II/PS-XXXII,Kumargram/ZP-3,data/wb/gp_source_search/historical_expansion/alipurduar_CONSTITUENCY_5fe98655.pdf,fd2063117af535c39b67f049573eb3ff1a8fcea3df4ba8c56deb6f6979cdba59,8,1,9,"[99.12, 17.75999999999999, 822.7199999999999, 563.64]","[""10, Kumargram(ST)/175"", ""141, Madhya Kamkhyaguri Lalit Smriti\nPPrraatthhaammiikk VViiddyyaallaayyaa"", ""KAMAKHYAGURI-II/XIII"", ""13"", ""Kamakhyaguri No-II/PS-XXXII"", ""Kumargram/ZP-3""]",duplicated_native_glyphs,needs_review
West Bengal,Alipurduar,2018,constituency_crosswalk,KAMAKHYAGURI-II,KAMAKHYAGURI-II/XIV,14,"10, Kumargram(ST)/176","142, Dakshin Kamakhyaguri Nimnna
Buniyadi School",Kamakhyaguri No-II/PS-XXXII,Kumargram/ZP-3,data/wb/gp_source_search/historical_expansion/alipurduar_CONSTITUENCY_5fe98655.pdf,fd2063117af535c39b67f049573eb3ff1a8fcea3df4ba8c56deb6f6979cdba59,8,1,10,"[99.12, 17.75999999999999, 822.7199999999999, 563.64]","[""10, Kumargram(ST)/176"", ""142, Dakshin Kamakhyaguri Nimnna\nBuniyadi School"", ""KAMAKHYAGURI-II/XIV"", ""14"", ""Kamakhyaguri No-II/PS-XXXII"", ""Kumargram/ZP-3""]",,native_fields_parsed
West Bengal,Alipurduar,2018,constituency_crosswalk,KAMAKHYAGURI-II,KAMAKHYAGURI-II/XV,15,"10, Kumargram(ST)/177","143/1, Dakhin Kamakhyaguri M.S.K.",Kamakhyaguri No-II/PS-XXXII,Kumargram/ZP-3,data/wb/gp_source_search/historical_expansion/alipurduar_CONSTITUENCY_5fe98655.pdf,fd2063117af535c39b67f049573eb3ff1a8fcea3df4ba8c56deb6f6979cdba59,8,1,11,"[99.12, 17.75999999999999, 822.7199999999999, 563.64]","[""10, Kumargram(ST)/177"", ""143/1, Dakhin Kamakhyaguri M.S.K."", ""KAMAKHYAGURI-II/XV"", ""15"", ""Kamakhyaguri No-II/PS-XXXII"", ""Kumargram/ZP-3""]",,native_fields_parsed
West Bengal,Alipurduar,2018,constituency_crosswalk,KAMAKHYAGURI-II,KAMAKHYAGURI-II/XV,,"10, Kumargram(ST)/178","143/2, Dakshin Kamakhayguri Pally
Unnayan Pry. School",Kamakhyaguri No-II/PS-XXXII,Kumargram/ZP-3,data/wb/gp_source_search/historical_expansion/alipurduar_CONSTITUENCY_5fe98655.pdf,fd2063117af535c39b67f049573eb3ff1a8fcea3df4ba8c56deb6f6979cdba59,8,1,12,"[99.12, 17.75999999999999, 822.7199999999999, 563.64]","[""10, Kumargram(ST)/178"", ""143/2, Dakshin Kamakhayguri Pally\nUnnayan Pry. School"", ""KAMAKHYAGURI-II/XV"", null, ""Kamakhyaguri No-II/PS-XXXII"", ""Kumargram/ZP-3""]",seat_cell_missing_or_merged,needs_review
West Bengal,Alipurduar,2018,constituency_crosswalk,KAMAKHYAGURI-II,KAMAKHYAGURI-II/XVI,16,"10, Kumargram(ST)/179","144/1, Dakhin Kamakhyaguri New Pry.
School (Room-1)",Kamakhyaguri No-II/PS-XXXII,Kumargram/ZP-3,data/wb/gp_source_search/historical_expansion/alipurduar_CONSTITUENCY_5fe98655.pdf,fd2063117af535c39b67f049573eb3ff1a8fcea3df4ba8c56deb6f6979cdba59,8,1,13,"[99.12, 17.75999999999999, 822.7199999999999, 563.64]","[""10, Kumargram(ST)/179"", ""144/1, Dakhin Kamakhyaguri New Pry.\nSchool (Room-1)"", ""KAMAKHYAGURI-II/XVI"", ""16"", ""Kamakhyaguri No-II/PS-XXXII"", ""Kumargram/ZP-3""]",,native_fields_parsed
West Bengal,Alipurduar,2018,constituency_crosswalk,KAMAKHYAGURI-II,KAMAKHYAGURI-II/XVI,,"10, Kumargram(ST)/180","144/2, Dakhsin Kamakhyaguri New
Pry. School (Room-2)",Kamakhyaguri No-II/PS-XXXII,Kumargram/ZP-3,data/wb/gp_source_search/historical_expansion/alipurduar_CONSTITUENCY_5fe98655.pdf,fd2063117af535c39b67f049573eb3ff1a8fcea3df4ba8c56deb6f6979cdba59,8,1,14,"[99.12, 17.75999999999999, 822.7199999999999, 563.64]","[""10, Kumargram(ST)/180"", ""144/2, Dakhsin Kamakhyaguri New\nPry. School (Room-2)"", ""KAMAKHYAGURI-II/XVI"", null, ""Kamakhyaguri No-II/PS-XXXII"", ""Kumargram/ZP-3""]",seat_cell_missing_or_merged,needs_review
West Bengal,Alipurduar,2018,constituency_crosswalk,Madarihat,Madarihat/I,1,14-Madarihat (ST) A.C. / 59,"51. Mujnai Cha Bagan Prathamik
VViiddyyaallaayy",Madarihat / PS-12,Madarihat / ZP-18,data/wb/gp_source_search/historical_expansion/alipurduar_CONSTITUENCY_5fe98655.pdf,fd2063117af535c39b67f049573eb3ff1a8fcea3df4ba8c56deb6f6979cdba59,11,1,18,"[99.12, 17.75999999999999, 822.7199999999999, 569.52]","[""14-Madarihat (ST) A.C. / 59"", ""51. Mujnai Cha Bagan Prathamik\nVViiddyyaallaayy"", ""Madarihat/I"", ""1"", ""Madarihat / PS-12"", ""Madarihat / ZP-18""]",duplicated_native_glyphs,needs_review
West Bengal,Alipurduar,2018,constituency_crosswalk,Madarihat,Madarihat/II,2,14-Madarihat (ST) A.C. / 60,52. Upper line SSK.,Madarihat / PS-12,Madarihat / ZP-18,data/wb/gp_source_search/historical_expansion/alipurduar_CONSTITUENCY_5fe98655.pdf,fd2063117af535c39b67f049573eb3ff1a8fcea3df4ba8c56deb6f6979cdba59,11,1,19,"[99.12, 17.75999999999999, 822.7199999999999, 569.52]","[""14-Madarihat (ST) A.C. / 60"", ""52. Upper line SSK."", ""Madarihat/II"", ""2"", ""Madarihat / PS-12"", ""Madarihat / ZP-18""]",,native_fields_parsed
West Bengal,Alipurduar,2018,constituency_crosswalk,Madarihat,Madarihat/III,3,14-Madarihat (ST) A.C. / 61,"53. Bangabari-Mujnai Prathamik
Vidyalay",Madarihat / PS-12,Madarihat / ZP-18,data/wb/gp_source_search/historical_expansion/alipurduar_CONSTITUENCY_5fe98655.pdf,fd2063117af535c39b67f049573eb3ff1a8fcea3df4ba8c56deb6f6979cdba59,12,1,1,"[99.12, 17.75999999999999, 822.7199999999999, 569.52]","[""14-Madarihat (ST) A.C. / 61"", ""53. Bangabari-Mujnai Prathamik\nVidyalay"", ""Madarihat/III"", ""3"", ""Madarihat / PS-12"", ""Madarihat / ZP-18""]",,native_fields_parsed
West Bengal,Alipurduar,2018,constituency_crosswalk,Madarihat,Madarihat/IV,4,14-Madarihat (ST) A.C. / 62,54/1. Aswininagar SSK,Madarihat / PS-13,Madarihat / ZP-18,data/wb/gp_source_search/historical_expansion/alipurduar_CONSTITUENCY_5fe98655.pdf,fd2063117af535c39b67f049573eb3ff1a8fcea3df4ba8c56deb6f6979cdba59,12,1,2,"[99.12, 17.75999999999999, 822.7199999999999, 569.52]","[""14-Madarihat (ST) A.C. / 62"", ""54/1. Aswininagar SSK"", ""Madarihat/IV"", ""4"", ""Madarihat / PS-13"", ""Madarihat / ZP-18""]",,native_fields_parsed
West Bengal,Alipurduar,2018,constituency_crosswalk,Madarihat,Madarihat/IV,4,14-Madarihat (ST) A.C. / 63,54/2. Aswininagar Primary School,Madarihat / PS-13,Madarihat / ZP-18,data/wb/gp_source_search/historical_expansion/alipurduar_CONSTITUENCY_5fe98655.pdf,fd2063117af535c39b67f049573eb3ff1a8fcea3df4ba8c56deb6f6979cdba59,12,1,3,"[99.12, 17.75999999999999, 822.7199999999999, 569.52]","[""14-Madarihat (ST) A.C. / 63"", ""54/2. Aswininagar Primary School"", ""Madarihat/IV"", ""4"", ""Madarihat / PS-13"", ""Madarihat / ZP-18""]",,native_fields_parsed
West Bengal,Alipurduar,2018,constituency_crosswalk,Madarihat,Madarihat/V,5,14-Madarihat (ST) A.C. / 64,55. Madarihat Girl’s High School.,Madarihat / PS-13,Madarihat / ZP-18,data/wb/gp_source_search/historical_expansion/alipurduar_CONSTITUENCY_5fe98655.pdf,fd2063117af535c39b67f049573eb3ff1a8fcea3df4ba8c56deb6f6979cdba59,12,1,4,"[99.12, 17.75999999999999, 822.7199999999999, 569.52]","[""14-Madarihat (ST) A.C. / 64"", ""55. Madarihat Girl’s High School."", ""Madarihat/V"", ""5"", ""Madarihat / PS-13"", ""Madarihat / ZP-18""]",,native_fields_parsed
West Bengal,Alipurduar,2018,constituency_crosswalk,Madarihat,Madarihat/VI,6,14-Madarihat (ST) A.C. / 65,56. Madarihat BFP School.,Madarihat / PS-13,Madarihat / ZP-18,data/wb/gp_source_search/historical_expansion/alipurduar_CONSTITUENCY_5fe98655.pdf,fd2063117af535c39b67f049573eb3ff1a8fcea3df4ba8c56deb6f6979cdba59,12,1,5,"[99.12, 17.75999999999999, 822.7199999999999, 569.52]","[""14-Madarihat (ST) A.C. / 65"", ""56. Madarihat BFP School."", ""Madarihat/VI"", ""6"", ""Madarihat / PS-13"", ""Madarihat / ZP-18""]",,native_fields_parsed
West Bengal,Alipurduar,2018,constituency_crosswalk,Madarihat,Madarihat/VII,7,14-Madarihat (ST) A.C. / 66,57. Subhas Nagar SSK,Madarihat / PS-13,Madarihat / ZP-18,data/wb/gp_source_search/historical_expansion/alipurduar_CONSTITUENCY_5fe98655.pdf,fd2063117af535c39b67f049573eb3ff1a8fcea3df4ba8c56deb6f6979cdba59,12,1,6,"[99.12, 17.75999999999999, 822.7199999999999, 569.52]","[""14-Madarihat (ST) A.C. / 66"", ""57. Subhas Nagar SSK"", ""Madarihat/VII"", ""7"", ""Madarihat / PS-13"", ""Madarihat / ZP-18""]",,native_fields_parsed
West Bengal,Alipurduar,2018,constituency_crosswalk,Madarihat,Madarihat/VIII,8,14-Madarihat (ST) A.C. / 67,58. Rabindra Nagar SSK,Madarihat / PS-13,Madarihat / ZP-18,data/wb/gp_source_search/historical_expansion/alipurduar_CONSTITUENCY_5fe98655.pdf,fd2063117af535c39b67f049573eb3ff1a8fcea3df4ba8c56deb6f6979cdba59,12,1,7,"[99.12, 17.75999999999999, 822.7199999999999, 569.52]","[""14-Madarihat (ST) A.C. / 67"", ""58. Rabindra Nagar SSK"", ""Madarihat/VIII"", ""8"", ""Madarihat / PS-13"", ""Madarihat / ZP-18""]",,native_fields_parsed
West Bengal,Alipurduar,2018,constituency_crosswalk,Madarihat,Madarihat/IX,9,14-Madarihat (ST) A.C. / 68,59. Uttar Khairbari Junior Basic School.,Madarihat / PS-14,Madarihat / ZP-18,data/wb/gp_source_search/historical_expansion/alipurduar_CONSTITUENCY_5fe98655.pdf,fd2063117af535c39b67f049573eb3ff1a8fcea3df4ba8c56deb6f6979cdba59,12,1,8,"[99.12, 17.75999999999999, 822.7199999999999, 569.52]","[""14-Madarihat (ST) A.C. / 68"", ""59. Uttar Khairbari Junior Basic School."", ""Madarihat/IX"", ""9"", ""Madarihat / PS-14"", ""Madarihat / ZP-18""]",,native_fields_parsed
West Bengal,Alipurduar,2018,constituency_crosswalk,MMaaddaarriihhaatt/,MMaaddaarriihhaatt//XX,1100,1144--MMaaddaarriihhaatt ((SSTT)) AA..CC.. // 6699,6600.. MMeegghh NNaatthh SSaahhaa NNaaggaarr SSSSKK,MMaaddaarriihhaatt // PPSS--1144,MMaaddaarriihhaatt // ZZPP--1188,data/wb/gp_source_search/historical_expansion/alipurduar_CONSTITUENCY_5fe98655.pdf,fd2063117af535c39b67f049573eb3ff1a8fcea3df4ba8c56deb6f6979cdba59,12,1,9,"[99.12, 17.75999999999999, 822.7199999999999, 569.52]","[""1144--MMaaddaarriihhaatt ((SSTT)) AA..CC.. // 6699"", ""6600.. MMeegghh NNaatthh SSaahhaa NNaaggaarr SSSSKK"", ""MMaaddaarriihhaatt//XX"", ""1100"", ""MMaaddaarriihhaatt // PPSS--1144"", ""MMaaddaarriihhaatt // ZZPP--1188""]",duplicated_native_glyphs,needs_review
West Bengal,Alipurduar,2018,constituency_crosswalk,Madarihat,Madarihat/XI,11,14-Madarihat (ST) A.C. / 70,61/1. Uttar Chhekamari MSK,Madarihat / PS-12,Madarihat / ZP-18,data/wb/gp_source_search/historical_expansion/alipurduar_CONSTITUENCY_5fe98655.pdf,fd2063117af535c39b67f049573eb3ff1a8fcea3df4ba8c56deb6f6979cdba59,12,1,10,"[99.12, 17.75999999999999, 822.7199999999999, 569.52]","[""14-Madarihat (ST) A.C. / 70"", ""61/1. Uttar Chhekamari MSK"", ""Madarihat/XI"", ""11"", ""Madarihat / PS-12"", ""Madarihat / ZP-18""]",,native_fields_parsed
West Bengal,Alipurduar,2018,constituency_crosswalk,Madarihat,Madarihat/XI,11,14-Madarihat (ST) A.C. / 71,61/2. Khairbari No. 1 BFP School.,Madarihat / PS-12,Madarihat / ZP-18,data/wb/gp_source_search/historical_expansion/alipurduar_CONSTITUENCY_5fe98655.pdf,fd2063117af535c39b67f049573eb3ff1a8fcea3df4ba8c56deb6f6979cdba59,12,1,11,"[99.12, 17.75999999999999, 822.7199999999999, 569.52]","[""14-Madarihat (ST) A.C. / 71"", ""61/2. Khairbari No. 1 BFP School."", ""Madarihat/XI"", ""11"", ""Madarihat / PS-12"", ""Madarihat / ZP-18""]",,native_fields_parsed
West Bengal,Alipurduar,2018,constituency_crosswalk,Madarihat,Madarihat/XII,12,14-Madarihat (ST) A.C. / 72,62/1 Radha Krishna Jatiya Vidyalay.,Madarihat / PS-14,Madarihat / ZP-18,data/wb/gp_source_search/historical_expansion/alipurduar_CONSTITUENCY_5fe98655.pdf,fd2063117af535c39b67f049573eb3ff1a8fcea3df4ba8c56deb6f6979cdba59,12,1,12,"[99.12, 17.75999999999999, 822.7199999999999, 569.52]","[""14-Madarihat (ST) A.C. / 72"", ""62/1 Radha Krishna Jatiya Vidyalay."", ""Madarihat/XII"", ""12"", ""Madarihat / PS-14"", ""Madarihat / ZP-18""]",,native_fields_parsed
West Bengal,Alipurduar,2018,constituency_crosswalk,Madarihat,Madarihat/XII,12,14-Madarihat (ST) A.C. / 73,62/2 Bhanu Nepali Vidyamandir.,Madarihat / PS-14,Madarihat / ZP-18,data/wb/gp_source_search/historical_expansion/alipurduar_CONSTITUENCY_5fe98655.pdf,fd2063117af535c39b67f049573eb3ff1a8fcea3df4ba8c56deb6f6979cdba59,12,1,13,"[99.12, 17.75999999999999, 822.7199999999999, 569.52]","[""14-Madarihat (ST) A.C. / 73"", ""62/2 Bhanu Nepali Vidyamandir."", ""Madarihat/XII"", ""12"", ""Madarihat / PS-14"", ""Madarihat / ZP-18""]",,native_fields_parsed
West Bengal,Alipurduar,2018,constituency_crosswalk,Madarihat,Madarihat/XIII,13,14-Madarihat (ST) A.C. / 74,"63. Madhya Khairbari ITDP Prathamik
Vidyalay",Madarihat / PS-12,Madarihat / ZP-18,data/wb/gp_source_search/historical_expansion/alipurduar_CONSTITUENCY_5fe98655.pdf,fd2063117af535c39b67f049573eb3ff1a8fcea3df4ba8c56deb6f6979cdba59,12,1,14,"[99.12, 17.75999999999999, 822.7199999999999, 569.52]","[""14-Madarihat (ST) A.C. / 74"", ""63. Madhya Khairbari ITDP Prathamik\nVidyalay"", ""Madarihat/XIII"", ""13"", ""Madarihat / PS-12"", ""Madarihat / ZP-18""]",,native_fields_parsed
West Bengal,Alipurduar,2018,constituency_crosswalk,Madarihat,Madarihat/XIV,14,14-Madarihat (ST) A.C. / 75,64. Deokota Nepali High School,Madarihat / PS-14,Madarihat / ZP-18,data/wb/gp_source_search/historical_expansion/alipurduar_CONSTITUENCY_5fe98655.pdf,fd2063117af535c39b67f049573eb3ff1a8fcea3df4ba8c56deb6f6979cdba59,12,1,15,"[99.12, 17.75999999999999, 822.7199999999999, 569.52]","[""14-Madarihat (ST) A.C. / 75"", ""64. Deokota Nepali High School"", ""Madarihat/XIV"", ""14"", ""Madarihat / PS-14"", ""Madarihat / ZP-18""]",,native_fields_parsed
West Bengal,Alipurduar,2018,constituency_crosswalk,Madarihat,Madarihat/XV,15,14-Madarihat (ST) A.C. / 76,65. Purba Khairbari BFP. School.,Madarihat / PS-14,Madarihat / ZP-18,data/wb/gp_source_search/historical_expansion/alipurduar_CONSTITUENCY_5fe98655.pdf,fd2063117af535c39b67f049573eb3ff1a8fcea3df4ba8c56deb6f6979cdba59,12,1,16,"[99.12, 17.75999999999999, 822.7199999999999, 569.52]","[""14-Madarihat (ST) A.C. / 76"", ""65. Purba Khairbari BFP. School."", ""Madarihat/XV"", ""15"", ""Madarihat / PS-14"", ""Madarihat / ZP-18""]",,native_fields_parsed
West Bengal,Alipurduar,2018,constituency_crosswalk,Madarihat,Madarihat/XVI,16,14-Madarihat (ST) A.C. / 77,"66/1. Shanti ITDP Prathamik Vidyalay
(Room No.1)",Madarihat / PS-14,Madarihat / ZP-18,data/wb/gp_source_search/historical_expansion/alipurduar_CONSTITUENCY_5fe98655.pdf,fd2063117af535c39b67f049573eb3ff1a8fcea3df4ba8c56deb6f6979cdba59,12,1,17,"[99.12, 17.75999999999999, 822.7199999999999, 569.52]","[""14-Madarihat (ST) A.C. / 77"", ""66/1. Shanti ITDP Prathamik Vidyalay\n(Room No.1)"", ""Madarihat/XVI"", ""16"", ""Madarihat / PS-14"", ""Madarihat / ZP-18""]",,native_fields_parsed
West Bengal,Alipurduar,2018,constituency_crosswalk,Madarihat,Madarihat/XVI,16,14-Madarihat (ST) A.C. / 78,"66/2. Shanti ITDP Prathamik Vidyalay
((RRoooomm NNoo..22))",Madarihat / PS-14,Madarihat / ZP-18,data/wb/gp_source_search/historical_expansion/alipurduar_CONSTITUENCY_5fe98655.pdf,fd2063117af535c39b67f049573eb3ff1a8fcea3df4ba8c56deb6f6979cdba59,12,1,18,"[99.12, 17.75999999999999, 822.7199999999999, 569.52]","[""14-Madarihat (ST) A.C. / 78"", ""66/2. Shanti ITDP Prathamik Vidyalay\n((RRoooomm NNoo..22))"", ""Madarihat/XVI"", ""16"", ""Madarihat / PS-14"", ""Madarihat / ZP-18""]",duplicated_native_glyphs,needs_review
West Bengal,Alipurduar,2018,constituency_crosswalk,Khairbari,Khairbari/I,1,14-Madarihat (ST) A.C. / 79,67. Konapara Pry. School,Khairbari / PS-15,Madarihat / ZP-18,data/wb/gp_source_search/historical_expansion/alipurduar_CONSTITUENCY_5fe98655.pdf,fd2063117af535c39b67f049573eb3ff1a8fcea3df4ba8c56deb6f6979cdba59,12,1,19,"[99.12, 17.75999999999999, 822.7199999999999, 569.52]","[""14-Madarihat (ST) A.C. / 79"", ""67. Konapara Pry. School"", ""Khairbari/I"", ""1"", ""Khairbari / PS-15"", ""Madarihat / ZP-18""]",,native_fields_parsed
West Bengal,Alipurduar,2018,constituency_crosswalk,Khairbari,Khairbari/II,2,14-Madarihat (ST) A.C. / 80,68. Khayerbari High Madrasha.,Khairbari / PS-15,Madarihat / ZP-18,data/wb/gp_source_search/historical_expansion/alipurduar_CONSTITUENCY_5fe98655.pdf,fd2063117af535c39b67f049573eb3ff1a8fcea3df4ba8c56deb6f6979cdba59,13,1,1,"[99.12, 17.75999999999999, 822.7199999999999, 569.52]","[""14-Madarihat (ST) A.C. / 80"", ""68. Khayerbari High Madrasha."", ""Khairbari/II"", ""2"", ""Khairbari / PS-15"", ""Madarihat / ZP-18""]",,native_fields_parsed
West Bengal,Alipurduar,2018,constituency_crosswalk,Khairbari,Khairbari/III,3,14-Madarihat (ST) A.C. / 81,69/1. Lylia Pra. School.,Khairbari / PS-15,Madarihat / ZP-18,data/wb/gp_source_search/historical_expansion/alipurduar_CONSTITUENCY_5fe98655.pdf,fd2063117af535c39b67f049573eb3ff1a8fcea3df4ba8c56deb6f6979cdba59,13,1,2,"[99.12, 17.75999999999999, 822.7199999999999, 569.52]","[""14-Madarihat (ST) A.C. / 81"", ""69/1. Lylia Pra. School."", ""Khairbari/III"", ""3"", ""Khairbari / PS-15"", ""Madarihat / ZP-18""]",,native_fields_parsed
West Bengal,Alipurduar,2018,constituency_crosswalk,Khairbari,Khairbari/III,3,14-Madarihat (ST) A.C. / 82,"69/2. Moksedia Kharejia Madrasha
Shikhya Kendra",Khairbari / PS-15,Madarihat / ZP-18,data/wb/gp_source_search/historical_expansion/alipurduar_CONSTITUENCY_5fe98655.pdf,fd2063117af535c39b67f049573eb3ff1a8fcea3df4ba8c56deb6f6979cdba59,13,1,3,"[99.12, 17.75999999999999, 822.7199999999999, 569.52]","[""14-Madarihat (ST) A.C. / 82"", ""69/2. Moksedia Kharejia Madrasha\nShikhya Kendra"", ""Khairbari/III"", ""3"", ""Khairbari / PS-15"", ""Madarihat / ZP-18""]",,native_fields_parsed
West Bengal,Alipurduar,2018,constituency_crosswalk,Khairbari,Khairbari/IV,4,14-Madarihat (ST) A.C. / 83,"70/1. Khayerbari Jr. Basic School
(Room No. 1)",Khairbari / PS-15,Madarihat / ZP-18,data/wb/gp_source_search/historical_expansion/alipurduar_CONSTITUENCY_5fe98655.pdf,fd2063117af535c39b67f049573eb3ff1a8fcea3df4ba8c56deb6f6979cdba59,13,1,4,"[99.12, 17.75999999999999, 822.7199999999999, 569.52]","[""14-Madarihat (ST) A.C. / 83"", ""70/1. Khayerbari Jr. Basic School\n(Room No. 1)"", ""Khairbari/IV"", ""4"", ""Khairbari / PS-15"", ""Madarihat / ZP-18""]",,native_fields_parsed
West Bengal,Alipurduar,2018,constituency_crosswalk,Khairbari,Khairbari/IV,4,14-Madarihat (ST) A.C. / 84,"70/2. Khayerbari Jr. Basic School
(Room No. 2)",Khairbari / PS-15,Madarihat / ZP-18,data/wb/gp_source_search/historical_expansion/alipurduar_CONSTITUENCY_5fe98655.pdf,fd2063117af535c39b67f049573eb3ff1a8fcea3df4ba8c56deb6f6979cdba59,13,1,5,"[99.12, 17.75999999999999, 822.7199999999999, 569.52]","[""14-Madarihat (ST) A.C. / 84"", ""70/2. Khayerbari Jr. Basic School\n(Room No. 2)"", ""Khairbari/IV"", ""4"", ""Khairbari / PS-15"", ""Madarihat / ZP-18""]",,native_fields_parsed
West Bengal,Alipurduar,2018,constituency_crosswalk,Khairbari,Khairbari/V,5,14-Madarihat (ST) A.C. / 85,"71/1. North Khairbari Forest Village
Primary School",Khairbari / PS-16,Madarihat / ZP-18,data/wb/gp_source_search/historical_expansion/alipurduar_CONSTITUENCY_5fe98655.pdf,fd2063117af535c39b67f049573eb3ff1a8fcea3df4ba8c56deb6f6979cdba59,13,1,6,"[99.12, 17.75999999999999, 822.7199999999999, 569.52]","[""14-Madarihat (ST) A.C. / 85"", ""71/1. North Khairbari Forest Village\nPrimary School"", ""Khairbari/V"", ""5"", ""Khairbari / PS-16"", ""Madarihat / ZP-18""]",,native_fields_parsed
West Bengal,Alipurduar,2018,constituency_crosswalk,Khairbari,Khairbari/V,5,14-Madarihat (ST) A.C. / 86,"71/2. Jageswar Memorial Pry. School
(Room No. 1)",Khairbari / PS-16,Madarihat / ZP-18,data/wb/gp_source_search/historical_expansion/alipurduar_CONSTITUENCY_5fe98655.pdf,fd2063117af535c39b67f049573eb3ff1a8fcea3df4ba8c56deb6f6979cdba59,13,1,7,"[99.12, 17.75999999999999, 822.7199999999999, 569.52]","[""14-Madarihat (ST) A.C. / 86"", ""71/2. Jageswar Memorial Pry. School\n(Room No. 1)"", ""Khairbari/V"", ""5"", ""Khairbari / PS-16"", ""Madarihat / ZP-18""]",,native_fields_parsed
West Bengal,Alipurduar,2018,constituency_crosswalk,Khairbari,Khairbari/VI,6,14-Madarihat (ST) A.C. / 87,"72. Jageswar Memorial Pry.
School(Room No. 2)",Khairbari / PS-16,Madarihat / ZP-18,data/wb/gp_source_search/historical_expansion/alipurduar_CONSTITUENCY_5fe98655.pdf,fd2063117af535c39b67f049573eb3ff1a8fcea3df4ba8c56deb6f6979cdba59,13,1,8,"[99.12, 17.75999999999999, 822.7199999999999, 569.52]","[""14-Madarihat (ST) A.C. / 87"", ""72. Jageswar Memorial Pry.\nSchool(Room No. 2)"", ""Khairbari/VI"", ""6"", ""Khairbari / PS-16"", ""Madarihat / ZP-18""]",,native_fields_parsed
West Bengal,Alipurduar,2018,constituency_crosswalk,KKhhaaiirrbbaarrii/,KKhhaaiirrbbaarrii//VVIIII,77,1144--MMaaddaarriihhaatt ((SSTT)) AA..CC.. // 8888,"73. Rangalibazna Mohan Singh High
SScchhooooll",KKhhaaiirrbbaarrii // PPSS--1166,MMaaddaarriihhaatt // ZZPP--1188,data/wb/gp_source_search/historical_expansion/alipurduar_CONSTITUENCY_5fe98655.pdf,fd2063117af535c39b67f049573eb3ff1a8fcea3df4ba8c56deb6f6979cdba59,13,1,9,"[99.12, 17.75999999999999, 822.7199999999999, 569.52]","[""1144--MMaaddaarriihhaatt ((SSTT)) AA..CC.. // 8888"", ""73. Rangalibazna Mohan Singh High\nSScchhooooll"", ""KKhhaaiirrbbaarrii//VVIIII"", ""77"", ""KKhhaaiirrbbaarrii // PPSS--1166"", ""MMaaddaarriihhaatt // ZZPP--1188""]",duplicated_native_glyphs,needs_review
West Bengal,Alipurduar,2018,constituency_crosswalk,Khairbari,Khairbari/VIII,8,14-Madarihat (ST) A.C. / 89,"74/1. Khairbari No. 2 Special Cadre Pry.
School (Room No. 1)",Khairbari / PS-16,Madarihat / ZP-18,data/wb/gp_source_search/historical_expansion/alipurduar_CONSTITUENCY_5fe98655.pdf,fd2063117af535c39b67f049573eb3ff1a8fcea3df4ba8c56deb6f6979cdba59,13,1,10,"[99.12, 17.75999999999999, 822.7199999999999, 569.52]","[""14-Madarihat (ST) A.C. / 89"", ""74/1. Khairbari No. 2 Special Cadre Pry.\nSchool (Room No. 1)"", ""Khairbari/VIII"", ""8"", ""Khairbari / PS-16"", ""Madarihat / ZP-18""]",,native_fields_parsed
West Bengal,Alipurduar,2018,constituency_crosswalk,Khairbari,Khairbari/VIII,8,14-Madarihat (ST) A.C. / 90,"74/2. Khairbari No. 2 Special Cadre Pry.
School (Room No. 2)",Khairbari / PS-16,Madarihat / ZP-18,data/wb/gp_source_search/historical_expansion/alipurduar_CONSTITUENCY_5fe98655.pdf,fd2063117af535c39b67f049573eb3ff1a8fcea3df4ba8c56deb6f6979cdba59,13,1,11,"[99.12, 17.75999999999999, 822.7199999999999, 569.52]","[""14-Madarihat (ST) A.C. / 90"", ""74/2. Khairbari No. 2 Special Cadre Pry.\nSchool (Room No. 2)"", ""Khairbari/VIII"", ""8"", ""Khairbari / PS-16"", ""Madarihat / ZP-18""]",,native_fields_parsed
West Bengal,Alipurduar,2018,constituency_crosswalk,Khairbari,Khairbari/IX,9,14-Madarihat (ST) A.C. / 91,"75. Madhya Madarihat Junior Basic
School (Room No. 1)",Khairbari / PS-17,Madarihat / ZP-18,data/wb/gp_source_search/historical_expansion/alipurduar_CONSTITUENCY_5fe98655.pdf,fd2063117af535c39b67f049573eb3ff1a8fcea3df4ba8c56deb6f6979cdba59,13,1,12,"[99.12, 17.75999999999999, 822.7199999999999, 569.52]","[""14-Madarihat (ST) A.C. / 91"", ""75. Madhya Madarihat Junior Basic\nSchool (Room No. 1)"", ""Khairbari/IX"", ""9"", ""Khairbari / PS-17"", ""Madarihat / ZP-18""]",,native_fields_parsed
West Bengal,Alipurduar,2018,constituency_crosswalk,Khairbari,Khairbari/X,10,14-Madarihat (ST) A.C. / 92,"76/1 Madhya Madarihat Junior Basic
School (Room No. 2)",Khairbari / PS-17,Madarihat / ZP-18,data/wb/gp_source_search/historical_expansion/alipurduar_CONSTITUENCY_5fe98655.pdf,fd2063117af535c39b67f049573eb3ff1a8fcea3df4ba8c56deb6f6979cdba59,13,1,13,"[99.12, 17.75999999999999, 822.7199999999999, 569.52]","[""14-Madarihat (ST) A.C. / 92"", ""76/1 Madhya Madarihat Junior Basic\nSchool (Room No. 2)"", ""Khairbari/X"", ""10"", ""Khairbari / PS-17"", ""Madarihat / ZP-18""]",,native_fields_parsed
West Bengal,Alipurduar,2018,constituency_crosswalk,Khairbari,Khairbari/X,10,14-Madarihat (ST) A.C. / 93,"76/2. Madhya Madarihat No. 1 SSK
Kendra",Khairbari / PS-17,Madarihat / ZP-18,data/wb/gp_source_search/historical_expansion/alipurduar_CONSTITUENCY_5fe98655.pdf,fd2063117af535c39b67f049573eb3ff1a8fcea3df4ba8c56deb6f6979cdba59,13,1,14,"[99.12, 17.75999999999999, 822.7199999999999, 569.52]","[""14-Madarihat (ST) A.C. / 93"", ""76/2. Madhya Madarihat No. 1 SSK\nKendra"", ""Khairbari/X"", ""10"", ""Khairbari / PS-17"", ""Madarihat / ZP-18""]",,native_fields_parsed
West Bengal,Alipurduar,2018,constituency_crosswalk,Khairbari,Khairbari/XI,11,14-Madarihat (ST) A.C. / 94,"77. Dakshin Madarihat Special Cadre
Pry. School",Khairbari / PS-17,Madarihat / ZP-18,data/wb/gp_source_search/historical_expansion/alipurduar_CONSTITUENCY_5fe98655.pdf,fd2063117af535c39b67f049573eb3ff1a8fcea3df4ba8c56deb6f6979cdba59,13,1,15,"[99.12, 17.75999999999999, 822.7199999999999, 569.52]","[""14-Madarihat (ST) A.C. / 94"", ""77. Dakshin Madarihat Special Cadre\nPry. School"", ""Khairbari/XI"", ""11"", ""Khairbari / PS-17"", ""Madarihat / ZP-18""]",,native_fields_parsed
West Bengal,Alipurduar,2018,constituency_crosswalk,Khairbari,Khairbari/XII,12,14-Madarihat (ST) A.C. / 95,"78. Dakhin Khairbari Board Prathamik
Vidyalay (Room No.1)",Khairbari / PS-17,Madarihat / ZP-18,data/wb/gp_source_search/historical_expansion/alipurduar_CONSTITUENCY_5fe98655.pdf,fd2063117af535c39b67f049573eb3ff1a8fcea3df4ba8c56deb6f6979cdba59,13,1,16,"[99.12, 17.75999999999999, 822.7199999999999, 569.52]","[""14-Madarihat (ST) A.C. / 95"", ""78. Dakhin Khairbari Board Prathamik\nVidyalay (Room No.1)"", ""Khairbari/XII"", ""12"", ""Khairbari / PS-17"", ""Madarihat / ZP-18""]",,native_fields_parsed
West Bengal,Alipurduar,2018,constituency_crosswalk,Khairbari,Khairbari/XIII,13,14-Madarihat (ST) A.C. / 96,"79. Dakhin Khairbari Board Prathamik
Vidyalay (Room No.2)",Khairbari / PS-17,Madarihat / ZP-18,data/wb/gp_source_search/historical_expansion/alipurduar_CONSTITUENCY_5fe98655.pdf,fd2063117af535c39b67f049573eb3ff1a8fcea3df4ba8c56deb6f6979cdba59,13,1,17,"[99.12, 17.75999999999999, 822.7199999999999, 569.52]","[""14-Madarihat (ST) A.C. / 96"", ""79. Dakhin Khairbari Board Prathamik\nVidyalay (Room No.2)"", ""Khairbari/XIII"", ""13"", ""Khairbari / PS-17"", ""Madarihat / ZP-18""]",,native_fields_parsed
West Bengal,Alipurduar,2018,constituency_crosswalk,Khairbari,Khairbari/XIV,14,14-Madarihat (ST) A.C. / 97,"80. Vivekananda Vidyabhaban Uchcha
VViiddyyaallaayy",Khairbari / PS-17,Madarihat / ZP-18,data/wb/gp_source_search/historical_expansion/alipurduar_CONSTITUENCY_5fe98655.pdf,fd2063117af535c39b67f049573eb3ff1a8fcea3df4ba8c56deb6f6979cdba59,13,1,18,"[99.12, 17.75999999999999, 822.7199999999999, 569.52]","[""14-Madarihat (ST) A.C. / 97"", ""80. Vivekananda Vidyabhaban Uchcha\nVViiddyyaallaayy"", ""Khairbari/XIV"", ""14"", ""Khairbari / PS-17"", ""Madarihat / ZP-18""]",duplicated_native_glyphs,needs_review
West Bengal,Alipurduar,2018,constituency_crosswalk,Khairbari,Khairbari/XV,15,14-Madarihat (ST) A.C. / 98,81. Dakshin Madarihat SSK,Khairbari / PS-17,Madarihat / ZP-18,data/wb/gp_source_search/historical_expansion/alipurduar_CONSTITUENCY_5fe98655.pdf,fd2063117af535c39b67f049573eb3ff1a8fcea3df4ba8c56deb6f6979cdba59,13,1,19,"[99.12, 17.75999999999999, 822.7199999999999, 569.52]","[""14-Madarihat (ST) A.C. / 98"", ""81. Dakshin Madarihat SSK"", ""Khairbari/XV"", ""15"", ""Khairbari / PS-17"", ""Madarihat / ZP-18""]",,native_fields_parsed
West Bengal,Alipurduar,2018,constituency_crosswalk,Rangalibazna,Rangalibazna/I,1,14-Madarihat (ST) A.C. / 99,82/1. Kalimadir SSK ( Room no : 1),Rangalibazna / PS-18,Madarihat / ZP-18,data/wb/gp_source_search/historical_expansion/alipurduar_CONSTITUENCY_5fe98655.pdf,fd2063117af535c39b67f049573eb3ff1a8fcea3df4ba8c56deb6f6979cdba59,14,1,1,"[99.12, 17.75999999999999, 822.7199999999999, 569.52]","[""14-Madarihat (ST) A.C. / 99"", ""82/1. Kalimadir SSK ( Room no : 1)"", ""Rangalibazna/I"", ""1"", ""Rangalibazna / PS-18"", ""Madarihat / ZP-18""]",,native_fields_parsed
West Bengal,Alipurduar,2018,constituency_crosswalk,Rangalibazna,Rangalibazna/I,1,14-Madarihat (ST) A.C. / 100,82/2. Kalimadir SSK ( Room no : 2),Rangalibazna / PS-18,Madarihat / ZP-18,data/wb/gp_source_search/historical_expansion/alipurduar_CONSTITUENCY_5fe98655.pdf,fd2063117af535c39b67f049573eb3ff1a8fcea3df4ba8c56deb6f6979cdba59,14,1,2,"[99.12, 17.75999999999999, 822.7199999999999, 569.52]","[""14-Madarihat (ST) A.C. / 100"", ""82/2. Kalimadir SSK ( Room no : 2)"", ""Rangalibazna/I"", ""1"", ""Rangalibazna / PS-18"", ""Madarihat / ZP-18""]",,native_fields_parsed
West Bengal,Alipurduar,2018,constituency_crosswalk,Rangalibazna,Rangalibazna/II,2,14-Madarihat (ST) A.C. / 101,"83/1. Gopalpur Cha Bagan Junior Basic
School (Room No.1)",Rangalibazna / PS-18,Madarihat / ZP-18,data/wb/gp_source_search/historical_expansion/alipurduar_CONSTITUENCY_5fe98655.pdf,fd2063117af535c39b67f049573eb3ff1a8fcea3df4ba8c56deb6f6979cdba59,14,1,3,"[99.12, 17.75999999999999, 822.7199999999999, 569.52]","[""14-Madarihat (ST) A.C. / 101"", ""83/1. Gopalpur Cha Bagan Junior Basic\nSchool (Room No.1)"", ""Rangalibazna/II"", ""2"", ""Rangalibazna / PS-18"", ""Madarihat / ZP-18""]",,native_fields_parsed
West Bengal,Alipurduar,2018,constituency_crosswalk,Rangalibazna,Rangalibazna/II,2,14-Madarihat (ST) A.C. / 102,"83/2. Gopalpur Cha Bagan Junior Basic
School (Room No.2)",Rangalibazna / PS-18,Madarihat / ZP-18,data/wb/gp_source_search/historical_expansion/alipurduar_CONSTITUENCY_5fe98655.pdf,fd2063117af535c39b67f049573eb3ff1a8fcea3df4ba8c56deb6f6979cdba59,14,1,4,"[99.12, 17.75999999999999, 822.7199999999999, 569.52]","[""14-Madarihat (ST) A.C. / 102"", ""83/2. Gopalpur Cha Bagan Junior Basic\nSchool (Room No.2)"", ""Rangalibazna/II"", ""2"", ""Rangalibazna / PS-18"", ""Madarihat / ZP-18""]",,native_fields_parsed
West Bengal,Alipurduar,2018,constituency_crosswalk,Rangalibazna,Rangalibazna/III,3,14-Madarihat (ST) A.C. / 103,"84. Dhumchi Haripur ITDP Prathamik
Vidyalay",Rangalibazna / PS-18,Madarihat / ZP-18,data/wb/gp_source_search/historical_expansion/alipurduar_CONSTITUENCY_5fe98655.pdf,fd2063117af535c39b67f049573eb3ff1a8fcea3df4ba8c56deb6f6979cdba59,14,1,5,"[99.12, 17.75999999999999, 822.7199999999999, 569.52]","[""14-Madarihat (ST) A.C. / 103"", ""84. Dhumchi Haripur ITDP Prathamik\nVidyalay"", ""Rangalibazna/III"", ""3"", ""Rangalibazna / PS-18"", ""Madarihat / ZP-18""]",,native_fields_parsed
West Bengal,Alipurduar,2018,constituency_crosswalk,Rangalibazna,Rangalibazna/IV,4,14-Madarihat (ST) A.C. / 104,85. Pradhanpara Prathamik Vidyalay,Rangalibazna / PS-18,Madarihat / ZP-18,data/wb/gp_source_search/historical_expansion/alipurduar_CONSTITUENCY_5fe98655.pdf,fd2063117af535c39b67f049573eb3ff1a8fcea3df4ba8c56deb6f6979cdba59,14,1,6,"[99.12, 17.75999999999999, 822.7199999999999, 569.52]","[""14-Madarihat (ST) A.C. / 104"", ""85. Pradhanpara Prathamik Vidyalay"", ""Rangalibazna/IV"", ""4"", ""Rangalibazna / PS-18"", ""Madarihat / ZP-18""]",,native_fields_parsed
West Bengal,Alipurduar,2018,constituency_crosswalk,Rangalibazna,Rangalibazna/V,5,14-Madarihat (ST) A.C. / 105,86. Chapaguri ITDP Primary School,Rangalibazna / PS-18,Madarihat / ZP-18,data/wb/gp_source_search/historical_expansion/alipurduar_CONSTITUENCY_5fe98655.pdf,fd2063117af535c39b67f049573eb3ff1a8fcea3df4ba8c56deb6f6979cdba59,14,1,7,"[99.12, 17.75999999999999, 822.7199999999999, 569.52]","[""14-Madarihat (ST) A.C. / 105"", ""86. Chapaguri ITDP Primary School"", ""Rangalibazna/V"", ""5"", ""Rangalibazna / PS-18"", ""Madarihat / ZP-18""]",,native_fields_parsed
West Bengal,Alipurduar,2018,constituency_crosswalk,Rangalibazna,Rangalibazna/VI,6,14-Madarihat (ST) A.C. / 106,"87. Dakshin Sishubari Junior High
School",Rangalibazna / PS-19,Madarihat / ZP-18,data/wb/gp_source_search/historical_expansion/alipurduar_CONSTITUENCY_5fe98655.pdf,fd2063117af535c39b67f049573eb3ff1a8fcea3df4ba8c56deb6f6979cdba59,14,1,8,"[99.12, 17.75999999999999, 822.7199999999999, 569.52]","[""14-Madarihat (ST) A.C. / 106"", ""87. Dakshin Sishubari Junior High\nSchool"", ""Rangalibazna/VI"", ""6"", ""Rangalibazna / PS-19"", ""Madarihat / ZP-18""]",,native_fields_parsed
West Bengal,Alipurduar,2018,constituency_crosswalk,RRaannggaalliibbaazznnaa/,RRaannggaalliibbaazznnaa//VVIIII,77,1144--MMaaddaarriihhaatt ((SSTT)) AA..CC.. // 110077,8888.. MMiillppaarraa SSSSKK,RRaannggaalliibbaazznnaa // PPSS--1199,MMaaddaarriihhaatt // ZZPP--1188,data/wb/gp_source_search/historical_expansion/alipurduar_CONSTITUENCY_5fe98655.pdf,fd2063117af535c39b67f049573eb3ff1a8fcea3df4ba8c56deb6f6979cdba59,14,1,9,"[99.12, 17.75999999999999, 822.7199999999999, 569.52]","[""1144--MMaaddaarriihhaatt ((SSTT)) AA..CC.. // 110077"", ""8888.. MMiillppaarraa SSSSKK"", ""RRaannggaalliibbaazznnaa//VVIIII"", ""77"", ""RRaannggaalliibbaazznnaa // PPSS--1199"", ""MMaaddaarriihhaatt // ZZPP--1188""]",duplicated_native_glyphs,needs_review
West Bengal,Alipurduar,2018,constituency_crosswalk,Rangalibazna,Rangalibazna/VIII,8,14-Madarihat (ST) A.C. / 108,89/1. Mujnai Junior Basic School,Rangalibazna / PS-19,Madarihat / ZP-18,data/wb/gp_source_search/historical_expansion/alipurduar_CONSTITUENCY_5fe98655.pdf,fd2063117af535c39b67f049573eb3ff1a8fcea3df4ba8c56deb6f6979cdba59,14,1,10,"[99.12, 17.75999999999999, 822.7199999999999, 569.52]","[""14-Madarihat (ST) A.C. / 108"", ""89/1. Mujnai Junior Basic School"", ""Rangalibazna/VIII"", ""8"", ""Rangalibazna / PS-19"", ""Madarihat / ZP-18""]",,native_fields_parsed
West Bengal,Alipurduar,2018,constituency_crosswalk,Rangalibazna,Rangalibazna/VIII,8,14-Madarihat (ST) A.C. / 109,89/2. Sishubari High School,Rangalibazna / PS-19,Madarihat / ZP-18,data/wb/gp_source_search/historical_expansion/alipurduar_CONSTITUENCY_5fe98655.pdf,fd2063117af535c39b67f049573eb3ff1a8fcea3df4ba8c56deb6f6979cdba59,14,1,11,"[99.12, 17.75999999999999, 822.7199999999999, 569.52]","[""14-Madarihat (ST) A.C. / 109"", ""89/2. Sishubari High School"", ""Rangalibazna/VIII"", ""8"", ""Rangalibazna / PS-19"", ""Madarihat / ZP-18""]",,native_fields_parsed
West Bengal,Alipurduar,2018,constituency_crosswalk,Rangalibazna,Rangalibazna/IX,9,14-Madarihat (ST) A.C. / 110,90. Ambari MSK,Rangalibazna / PS-19,Madarihat / ZP-18,data/wb/gp_source_search/historical_expansion/alipurduar_CONSTITUENCY_5fe98655.pdf,fd2063117af535c39b67f049573eb3ff1a8fcea3df4ba8c56deb6f6979cdba59,14,1,12,"[99.12, 17.75999999999999, 822.7199999999999, 569.52]","[""14-Madarihat (ST) A.C. / 110"", ""90. Ambari MSK"", ""Rangalibazna/IX"", ""9"", ""Rangalibazna / PS-19"", ""Madarihat / ZP-18""]",,native_fields_parsed
West Bengal,Alipurduar,2018,constituency_crosswalk,Rangalibazna,Rangalibazna/X,10,14-Madarihat (ST) A.C. / 111,91. Nabinagar Pra. Vidyalay,Rangalibazna / PS-19,Madarihat / ZP-18,data/wb/gp_source_search/historical_expansion/alipurduar_CONSTITUENCY_5fe98655.pdf,fd2063117af535c39b67f049573eb3ff1a8fcea3df4ba8c56deb6f6979cdba59,14,1,13,"[99.12, 17.75999999999999, 822.7199999999999, 569.52]","[""14-Madarihat (ST) A.C. / 111"", ""91. Nabinagar Pra. Vidyalay"", ""Rangalibazna/X"", ""10"", ""Rangalibazna / PS-19"", ""Madarihat / ZP-18""]",,native_fields_parsed
West Bengal,Alipurduar,2018,constituency_crosswalk,Rangalibazna,Rangalibazna/XI,11,14-Madarihat (ST) A.C. / 112,"92/1. Roypara BFP School (Room No.
1)",Rangalibazna / PS-19,Madarihat / ZP-18,data/wb/gp_source_search/historical_expansion/alipurduar_CONSTITUENCY_5fe98655.pdf,fd2063117af535c39b67f049573eb3ff1a8fcea3df4ba8c56deb6f6979cdba59,14,1,14,"[99.12, 17.75999999999999, 822.7199999999999, 569.52]","[""14-Madarihat (ST) A.C. / 112"", ""92/1. Roypara BFP School (Room No.\n1)"", ""Rangalibazna/XI"", ""11"", ""Rangalibazna / PS-19"", ""Madarihat / ZP-18""]",,native_fields_parsed
West Bengal,Alipurduar,2018,constituency_crosswalk,Rangalibazna,Rangalibazna/XI,11,14-Madarihat (ST) A.C. / 113,"92/2. Roypara BFP School (Room No.
2)",Rangalibazna / PS-19,Madarihat / ZP-18,data/wb/gp_source_search/historical_expansion/alipurduar_CONSTITUENCY_5fe98655.pdf,fd2063117af535c39b67f049573eb3ff1a8fcea3df4ba8c56deb6f6979cdba59,14,1,15,"[99.12, 17.75999999999999, 822.7199999999999, 569.52]","[""14-Madarihat (ST) A.C. / 113"", ""92/2. Roypara BFP School (Room No.\n2)"", ""Rangalibazna/XI"", ""11"", ""Rangalibazna / PS-19"", ""Madarihat / ZP-18""]",,native_fields_parsed
West Bengal,Alipurduar,2018,constituency_crosswalk,Rangalibazna,Rangalibazna/XII,12,14-Madarihat (ST) A.C. / 114,93. Khidirpur Rahamania High Madrasa,Rangalibazna / PS-20,Madarihat / ZP-18,data/wb/gp_source_search/historical_expansion/alipurduar_CONSTITUENCY_5fe98655.pdf,fd2063117af535c39b67f049573eb3ff1a8fcea3df4ba8c56deb6f6979cdba59,14,1,16,"[99.12, 17.75999999999999, 822.7199999999999, 569.52]","[""14-Madarihat (ST) A.C. / 114"", ""93. Khidirpur Rahamania High Madrasa"", ""Rangalibazna/XII"", ""12"", ""Rangalibazna / PS-20"", ""Madarihat / ZP-18""]",,native_fields_parsed
West Bengal,Alipurduar,2018,constituency_crosswalk,Rangalibazna,Rangalibazna/XIII,13,14-Madarihat (ST) A.C. / 115,94. Khidirpur Prathamik Vidyalay,Rangalibazna / PS-20,Madarihat / ZP-18,data/wb/gp_source_search/historical_expansion/alipurduar_CONSTITUENCY_5fe98655.pdf,fd2063117af535c39b67f049573eb3ff1a8fcea3df4ba8c56deb6f6979cdba59,14,1,17,"[99.12, 17.75999999999999, 822.7199999999999, 569.52]","[""14-Madarihat (ST) A.C. / 115"", ""94. Khidirpur Prathamik Vidyalay"", ""Rangalibazna/XIII"", ""13"", ""Rangalibazna / PS-20"", ""Madarihat / ZP-18""]",,native_fields_parsed
West Bengal,Alipurduar,2018,constituency_crosswalk,Rangalibazna,Rangalibazna/XIV,14,14-Madarihat (ST) A.C. / 116,9955//11.. DDeebbeennddrraa PPaatthhaaggaarr,Rangalibazna / PS-20,Madarihat / ZP-18,data/wb/gp_source_search/historical_expansion/alipurduar_CONSTITUENCY_5fe98655.pdf,fd2063117af535c39b67f049573eb3ff1a8fcea3df4ba8c56deb6f6979cdba59,14,1,18,"[99.12, 17.75999999999999, 822.7199999999999, 569.52]","[""14-Madarihat (ST) A.C. / 116"", ""9955//11.. DDeebbeennddrraa PPaatthhaaggaarr"", ""Rangalibazna/XIV"", ""14"", ""Rangalibazna / PS-20"", ""Madarihat / ZP-18""]",duplicated_native_glyphs,needs_review
West Bengal,Alipurduar,2018,constituency_crosswalk,Rangalibazna,Rangalibazna/XIV,14,14-Madarihat (ST) A.C. / 117,95/2. Batiatari Primary School,Rangalibazna / PS-20,Madarihat / ZP-18,data/wb/gp_source_search/historical_expansion/alipurduar_CONSTITUENCY_5fe98655.pdf,fd2063117af535c39b67f049573eb3ff1a8fcea3df4ba8c56deb6f6979cdba59,14,1,19,"[99.12, 17.75999999999999, 822.7199999999999, 569.52]","[""14-Madarihat (ST) A.C. / 117"", ""95/2. Batiatari Primary School"", ""Rangalibazna/XIV"", ""14"", ""Rangalibazna / PS-20"", ""Madarihat / ZP-18""]",,native_fields_parsed
West Bengal,Alipurduar,2018,constituency_crosswalk,Rangalibazna,Rangalibazna/XV,15,14-Madarihat (ST) A.C. / 118,96. Madhya Rangalibazna BFP School,Rangalibazna / PS-20,Madarihat / ZP-18,data/wb/gp_source_search/historical_expansion/alipurduar_CONSTITUENCY_5fe98655.pdf,fd2063117af535c39b67f049573eb3ff1a8fcea3df4ba8c56deb6f6979cdba59,15,1,1,"[99.12, 17.75999999999999, 822.7199999999999, 569.52]","[""14-Madarihat (ST) A.C. / 118"", ""96. Madhya Rangalibazna BFP School"", ""Rangalibazna/XV"", ""15"", ""Rangalibazna / PS-20"", ""Madarihat / ZP-18""]",,native_fields_parsed
West Bengal,Alipurduar,2018,constituency_crosswalk,Rangalibazna,Rangalibazna/XVI,16,14-Madarihat (ST) A.C. / 119,97. Dangapara Prathamik Vidyalay,Rangalibazna / PS-20,Madarihat / ZP-18,data/wb/gp_source_search/historical_expansion/alipurduar_CONSTITUENCY_5fe98655.pdf,fd2063117af535c39b67f049573eb3ff1a8fcea3df4ba8c56deb6f6979cdba59,15,1,2,"[99.12, 17.75999999999999, 822.7199999999999, 569.52]","[""14-Madarihat (ST) A.C. / 119"", ""97. Dangapara Prathamik Vidyalay"", ""Rangalibazna/XVI"", ""16"", ""Rangalibazna / PS-20"", ""Madarihat / ZP-18""]",,native_fields_parsed
West Bengal,Alipurduar,2018,constituency_crosswalk,Rangalibazna,Rangalibazna/XVII,17,14-Madarihat (ST) A.C. / 120,98. Prodhanpara SSK,Rangalibazna / PS-20,Madarihat / ZP-18,data/wb/gp_source_search/historical_expansion/alipurduar_CONSTITUENCY_5fe98655.pdf,fd2063117af535c39b67f049573eb3ff1a8fcea3df4ba8c56deb6f6979cdba59,15,1,3,"[99.12, 17.75999999999999, 822.7199999999999, 569.52]","[""14-Madarihat (ST) A.C. / 120"", ""98. Prodhanpara SSK"", ""Rangalibazna/XVII"", ""17"", ""Rangalibazna / PS-20"", ""Madarihat / ZP-18""]",,native_fields_parsed
West Bengal,Alipurduar,2018,constituency_crosswalk,Birpara-I,Birpara-I/I,1,14-Madarihat (ST) A.C. / 121,99. Birpara Girls High School,Birpara-I / PS-21,Madarihat / ZP-16,data/wb/gp_source_search/historical_expansion/alipurduar_CONSTITUENCY_5fe98655.pdf,fd2063117af535c39b67f049573eb3ff1a8fcea3df4ba8c56deb6f6979cdba59,15,1,4,"[99.12, 17.75999999999999, 822.7199999999999, 569.52]","[""14-Madarihat (ST) A.C. / 121"", ""99. Birpara Girls High School"", ""Birpara-I/I"", ""1"", ""Birpara-I / PS-21"", ""Madarihat / ZP-16""]",,native_fields_parsed
West Bengal,Alipurduar,2018,constituency_crosswalk,Birpara-I,Birpara-I/II,2,14-Madarihat (ST) A.C. / 122,"100/1. Birpara 2 No. State Plan
Primary School",Birpara-I / PS-21,Madarihat / ZP-16,data/wb/gp_source_search/historical_expansion/alipurduar_CONSTITUENCY_5fe98655.pdf,fd2063117af535c39b67f049573eb3ff1a8fcea3df4ba8c56deb6f6979cdba59,15,1,5,"[99.12, 17.75999999999999, 822.7199999999999, 569.52]","[""14-Madarihat (ST) A.C. / 122"", ""100/1. Birpara 2 No. State Plan\nPrimary School"", ""Birpara-I/II"", ""2"", ""Birpara-I / PS-21"", ""Madarihat / ZP-16""]",,native_fields_parsed
West Bengal,Alipurduar,2018,constituency_crosswalk,Birpara-I,Birpara-I/II,2,14-Madarihat (ST) A.C. / 123,"100/2. Birpara Special cadre
Prathamik Vidyalay",Birpara-I / PS-21,Madarihat / ZP-16,data/wb/gp_source_search/historical_expansion/alipurduar_CONSTITUENCY_5fe98655.pdf,fd2063117af535c39b67f049573eb3ff1a8fcea3df4ba8c56deb6f6979cdba59,15,1,6,"[99.12, 17.75999999999999, 822.7199999999999, 569.52]","[""14-Madarihat (ST) A.C. / 123"", ""100/2. Birpara Special cadre\nPrathamik Vidyalay"", ""Birpara-I/II"", ""2"", ""Birpara-I / PS-21"", ""Madarihat / ZP-16""]",,native_fields_parsed
West Bengal,Alipurduar,2018,constituency_crosswalk,Birpara-I,Birpara-I/III,3,14-Madarihat (ST) A.C. / 124,"101. Birpara Uchcha Vidyalay
(Room No.1)",Birpara-I / PS-21,Madarihat / ZP-16,data/wb/gp_source_search/historical_expansion/alipurduar_CONSTITUENCY_5fe98655.pdf,fd2063117af535c39b67f049573eb3ff1a8fcea3df4ba8c56deb6f6979cdba59,15,1,7,"[99.12, 17.75999999999999, 822.7199999999999, 569.52]","[""14-Madarihat (ST) A.C. / 124"", ""101. Birpara Uchcha Vidyalay\n(Room No.1)"", ""Birpara-I/III"", ""3"", ""Birpara-I / PS-21"", ""Madarihat / ZP-16""]",,native_fields_parsed
West Bengal,Alipurduar,2018,constituency_crosswalk,Birpara-I,Birpara-I/IV,4,14-Madarihat (ST) A.C. / 125,"102. Birpara Uchcha Vidyalay
(Room No. 2)",Birpara-I / PS-21,Madarihat / ZP-16,data/wb/gp_source_search/historical_expansion/alipurduar_CONSTITUENCY_5fe98655.pdf,fd2063117af535c39b67f049573eb3ff1a8fcea3df4ba8c56deb6f6979cdba59,15,1,8,"[99.12, 17.75999999999999, 822.7199999999999, 569.52]","[""14-Madarihat (ST) A.C. / 125"", ""102. Birpara Uchcha Vidyalay\n(Room No. 2)"", ""Birpara-I/IV"", ""4"", ""Birpara-I / PS-21"", ""Madarihat / ZP-16""]",,native_fields_parsed
West Bengal,Alipurduar,2018,constituency_crosswalk,BBiirrppaarraa--II/,BBiirrppaarraa--II//VV,55,1144--MMaaddaarriihhaatt ((SSTT)) AA..CC.. // 112266,110033//11.. BBiirrppaarraa MMaarroowwaarrii DDhhaarrmmaassaallaa,BBiirrppaarraa--II // PPSS--2211,MMaaddaarriihhaatt // ZZPP--1166,data/wb/gp_source_search/historical_expansion/alipurduar_CONSTITUENCY_5fe98655.pdf,fd2063117af535c39b67f049573eb3ff1a8fcea3df4ba8c56deb6f6979cdba59,15,1,9,"[99.12, 17.75999999999999, 822.7199999999999, 569.52]","[""1144--MMaaddaarriihhaatt ((SSTT)) AA..CC.. // 112266"", ""110033//11.. BBiirrppaarraa MMaarroowwaarrii DDhhaarrmmaassaallaa"", ""BBiirrppaarraa--II//VV"", ""55"", ""BBiirrppaarraa--II // PPSS--2211"", ""MMaaddaarriihhaatt // ZZPP--1166""]",duplicated_native_glyphs,needs_review
West Bengal,Alipurduar,2018,constituency_crosswalk,Birpara-I,Birpara-I/V,5,14-Madarihat (ST) A.C. / 127,103/2.Birpara Hindi Primary School,Birpara-I / PS-21,Madarihat / ZP-16,data/wb/gp_source_search/historical_expansion/alipurduar_CONSTITUENCY_5fe98655.pdf,fd2063117af535c39b67f049573eb3ff1a8fcea3df4ba8c56deb6f6979cdba59,15,1,10,"[99.12, 17.75999999999999, 822.7199999999999, 569.52]","[""14-Madarihat (ST) A.C. / 127"", ""103/2.Birpara Hindi Primary School"", ""Birpara-I/V"", ""5"", ""Birpara-I / PS-21"", ""Madarihat / ZP-16""]",,native_fields_parsed
West Bengal,Alipurduar,2018,constituency_crosswalk,Birpara-I,Birpara-I/VI,6,14-Madarihat (ST) A.C. / 128,104. Debigarhpally Prathamik Vidyalay,Birpara-I / PS-21,Madarihat / ZP-16,data/wb/gp_source_search/historical_expansion/alipurduar_CONSTITUENCY_5fe98655.pdf,fd2063117af535c39b67f049573eb3ff1a8fcea3df4ba8c56deb6f6979cdba59,15,1,11,"[99.12, 17.75999999999999, 822.7199999999999, 569.52]","[""14-Madarihat (ST) A.C. / 128"", ""104. Debigarhpally Prathamik Vidyalay"", ""Birpara-I/VI"", ""6"", ""Birpara-I / PS-21"", ""Madarihat / ZP-16""]",,native_fields_parsed
West Bengal,Alipurduar,2018,constituency_crosswalk,Birpara-I,Birpara-I/VII,7,14-Madarihat (ST) A.C. / 129,"105. Shree Mahabir Hindi Uchcha
Vidyalay (Room No.1)",Birpara-I / PS-22,Madarihat / ZP-16,data/wb/gp_source_search/historical_expansion/alipurduar_CONSTITUENCY_5fe98655.pdf,fd2063117af535c39b67f049573eb3ff1a8fcea3df4ba8c56deb6f6979cdba59,15,1,12,"[99.12, 17.75999999999999, 822.7199999999999, 569.52]","[""14-Madarihat (ST) A.C. / 129"", ""105. Shree Mahabir Hindi Uchcha\nVidyalay (Room No.1)"", ""Birpara-I/VII"", ""7"", ""Birpara-I / PS-22"", ""Madarihat / ZP-16""]",,native_fields_parsed
West Bengal,Alipurduar,2018,constituency_crosswalk,Birpara-I,Birpara-I/VIII,8,14-Madarihat (ST) A.C. / 130,"106. Shree Mahabir Hindi Uchcha
Vidyalay (Room No.2)",Birpara-I / PS-22,Madarihat / ZP-16,data/wb/gp_source_search/historical_expansion/alipurduar_CONSTITUENCY_5fe98655.pdf,fd2063117af535c39b67f049573eb3ff1a8fcea3df4ba8c56deb6f6979cdba59,15,1,13,"[99.12, 17.75999999999999, 822.7199999999999, 569.52]","[""14-Madarihat (ST) A.C. / 130"", ""106. Shree Mahabir Hindi Uchcha\nVidyalay (Room No.2)"", ""Birpara-I/VIII"", ""8"", ""Birpara-I / PS-22"", ""Madarihat / ZP-16""]",,native_fields_parsed
West Bengal,Alipurduar,2018,constituency_crosswalk,Birpara-I,Birpara-I/IX,9,14-Madarihat (ST) A.C. / 131,"107. Shree Mahabir Hindi Uchcha
Vidyalay (Room No.3)",Birpara-I / PS-22,Madarihat / ZP-16,data/wb/gp_source_search/historical_expansion/alipurduar_CONSTITUENCY_5fe98655.pdf,fd2063117af535c39b67f049573eb3ff1a8fcea3df4ba8c56deb6f6979cdba59,15,1,14,"[99.12, 17.75999999999999, 822.7199999999999, 569.52]","[""14-Madarihat (ST) A.C. / 131"", ""107. Shree Mahabir Hindi Uchcha\nVidyalay (Room No.3)"", ""Birpara-I/IX"", ""9"", ""Birpara-I / PS-22"", ""Madarihat / ZP-16""]",,native_fields_parsed
West Bengal,Alipurduar,2018,constituency_crosswalk,Birpara-I,Birpara-I/X,10,14-Madarihat (ST) A.C. / 132,"108. Shree Mahabir Hindi Uchcha
Vidyalay (Room No.4)",Birpara-I / PS-22,Madarihat / ZP-16,data/wb/gp_source_search/historical_expansion/alipurduar_CONSTITUENCY_5fe98655.pdf,fd2063117af535c39b67f049573eb3ff1a8fcea3df4ba8c56deb6f6979cdba59,15,1,15,"[99.12, 17.75999999999999, 822.7199999999999, 569.52]","[""14-Madarihat (ST) A.C. / 132"", ""108. Shree Mahabir Hindi Uchcha\nVidyalay (Room No.4)"", ""Birpara-I/X"", ""10"", ""Birpara-I / PS-22"", ""Madarihat / ZP-16""]",,native_fields_parsed
West Bengal,Alipurduar,2018,constituency_crosswalk,Birpara-I,Birpara-I/XI,11,14-Madarihat (ST) A.C. / 133,"109/1. Subhashpally Prathamik
Vidyalay (Room No. 1)",Birpara-I / PS-22,Madarihat / ZP-16,data/wb/gp_source_search/historical_expansion/alipurduar_CONSTITUENCY_5fe98655.pdf,fd2063117af535c39b67f049573eb3ff1a8fcea3df4ba8c56deb6f6979cdba59,15,1,16,"[99.12, 17.75999999999999, 822.7199999999999, 569.52]","[""14-Madarihat (ST) A.C. / 133"", ""109/1. Subhashpally Prathamik\nVidyalay (Room No. 1)"", ""Birpara-I/XI"", ""11"", ""Birpara-I / PS-22"", ""Madarihat / ZP-16""]",,native_fields_parsed
West Bengal,Alipurduar,2018,constituency_crosswalk,Birpara-I,Birpara-I/XI,11,14-Madarihat (ST) A.C. / 134,"109/2 Subhashpally Prathamik
Vidyalay (Room No. 2)",Birpara-I / PS-22,Madarihat / ZP-16,data/wb/gp_source_search/historical_expansion/alipurduar_CONSTITUENCY_5fe98655.pdf,fd2063117af535c39b67f049573eb3ff1a8fcea3df4ba8c56deb6f6979cdba59,15,1,17,"[99.12, 17.75999999999999, 822.7199999999999, 569.52]","[""14-Madarihat (ST) A.C. / 134"", ""109/2 Subhashpally Prathamik\nVidyalay (Room No. 2)"", ""Birpara-I/XI"", ""11"", ""Birpara-I / PS-22"", ""Madarihat / ZP-16""]",,native_fields_parsed
West Bengal,Alipurduar,2018,constituency_crosswalk,Birpara-I,Birpara-I/XII,12,14-Madarihat (ST) A.C. / 135,111100.. BBiirrppaarraa CCoolllleeggee ((RRoooomm NNoo.. 11)),Birpara-I / PS-22,Madarihat / ZP-16,data/wb/gp_source_search/historical_expansion/alipurduar_CONSTITUENCY_5fe98655.pdf,fd2063117af535c39b67f049573eb3ff1a8fcea3df4ba8c56deb6f6979cdba59,15,1,18,"[99.12, 17.75999999999999, 822.7199999999999, 569.52]","[""14-Madarihat (ST) A.C. / 135"", ""111100.. BBiirrppaarraa CCoolllleeggee ((RRoooomm NNoo.. 11))"", ""Birpara-I/XII"", ""12"", ""Birpara-I / PS-22"", ""Madarihat / ZP-16""]",duplicated_native_glyphs,needs_review
West Bengal,Alipurduar,2018,constituency_crosswalk,Birpara-I,Birpara-I/XIII,13,14-Madarihat (ST) A.C. / 136,111/1. Birpara College (Room No. 2),Birpara-I / PS-22,Madarihat / ZP-16,data/wb/gp_source_search/historical_expansion/alipurduar_CONSTITUENCY_5fe98655.pdf,fd2063117af535c39b67f049573eb3ff1a8fcea3df4ba8c56deb6f6979cdba59,15,1,19,"[99.12, 17.75999999999999, 822.7199999999999, 569.52]","[""14-Madarihat (ST) A.C. / 136"", ""111/1. Birpara College (Room No. 2)"", ""Birpara-I/XIII"", ""13"", ""Birpara-I / PS-22"", ""Madarihat / ZP-16""]",,native_fields_parsed
West Bengal,Alipurduar,2018,constituency_crosswalk,Birpara-I,Birpara-I/XIII,13,14-Madarihat (ST) A.C. / 137,111/2. Birpara College (Room No. 3),Birpara-I / PS-22,Madarihat / ZP-16,data/wb/gp_source_search/historical_expansion/alipurduar_CONSTITUENCY_5fe98655.pdf,fd2063117af535c39b67f049573eb3ff1a8fcea3df4ba8c56deb6f6979cdba59,16,1,1,"[99.12, 17.75999999999999, 822.7199999999999, 555.0]","[""14-Madarihat (ST) A.C. / 137"", ""111/2. Birpara College (Room No. 3)"", ""Birpara-I/XIII"", ""13"", ""Birpara-I / PS-22"", ""Madarihat / ZP-16""]",,native_fields_parsed
West Bengal,Alipurduar,2018,constituency_crosswalk,Birpara-I,Birpara-I/XIV,14,14-Madarihat (ST) A.C. / 138,"112. Birpara Nepali Uchcha Vidyalay
(Room No.1)",Birpara-I / PS-23,Madarihat / ZP-16,data/wb/gp_source_search/historical_expansion/alipurduar_CONSTITUENCY_5fe98655.pdf,fd2063117af535c39b67f049573eb3ff1a8fcea3df4ba8c56deb6f6979cdba59,16,1,2,"[99.12, 17.75999999999999, 822.7199999999999, 555.0]","[""14-Madarihat (ST) A.C. / 138"", ""112. Birpara Nepali Uchcha Vidyalay\n(Room No.1)"", ""Birpara-I/XIV"", ""14"", ""Birpara-I / PS-23"", ""Madarihat / ZP-16""]",,native_fields_parsed
West Bengal,Alipurduar,2018,constituency_crosswalk,Birpara-I,Birpara-I/XV,15,14-Madarihat (ST) A.C. / 139,"113. Birpara Nepali Uchcha Vidyalay
(Room No.2)",Birpara-I / PS-23,Madarihat / ZP-16,data/wb/gp_source_search/historical_expansion/alipurduar_CONSTITUENCY_5fe98655.pdf,fd2063117af535c39b67f049573eb3ff1a8fcea3df4ba8c56deb6f6979cdba59,16,1,3,"[99.12, 17.75999999999999, 822.7199999999999, 555.0]","[""14-Madarihat (ST) A.C. / 139"", ""113. Birpara Nepali Uchcha Vidyalay\n(Room No.2)"", ""Birpara-I/XV"", ""15"", ""Birpara-I / PS-23"", ""Madarihat / ZP-16""]",,native_fields_parsed
West Bengal,Alipurduar,2018,constituency_crosswalk,Birpara-I,Birpara-I/XVI,16,14-Madarihat (ST) A.C. / 140,"114. Birpara Nepali Christian School
(Private)",Birpara-I / PS-23,Madarihat / ZP-16,data/wb/gp_source_search/historical_expansion/alipurduar_CONSTITUENCY_5fe98655.pdf,fd2063117af535c39b67f049573eb3ff1a8fcea3df4ba8c56deb6f6979cdba59,16,1,4,"[99.12, 17.75999999999999, 822.7199999999999, 555.0]","[""14-Madarihat (ST) A.C. / 140"", ""114. Birpara Nepali Christian School\n(Private)"", ""Birpara-I/XVI"", ""16"", ""Birpara-I / PS-23"", ""Madarihat / ZP-16""]",,native_fields_parsed
West Bengal,Alipurduar,2018,constituency_crosswalk,Birpara-I,Birpara-I/XVII,17,14-Madarihat (ST) A.C. / 141,115. Barahawda ITDP Vidyalay,Birpara-I / PS-23,Madarihat / ZP-16,data/wb/gp_source_search/historical_expansion/alipurduar_CONSTITUENCY_5fe98655.pdf,fd2063117af535c39b67f049573eb3ff1a8fcea3df4ba8c56deb6f6979cdba59,16,1,5,"[99.12, 17.75999999999999, 822.7199999999999, 555.0]","[""14-Madarihat (ST) A.C. / 141"", ""115. Barahawda ITDP Vidyalay"", ""Birpara-I/XVII"", ""17"", ""Birpara-I / PS-23"", ""Madarihat / ZP-16""]",,native_fields_parsed
West Bengal,Alipurduar,2018,constituency_crosswalk,Birpara-I,Birpara-I/XVIII,18,14-Madarihat (ST) A.C. / 142,116. Lower Birbity SSK,Birpara-I / PS-23,Madarihat / ZP-16,data/wb/gp_source_search/historical_expansion/alipurduar_CONSTITUENCY_5fe98655.pdf,fd2063117af535c39b67f049573eb3ff1a8fcea3df4ba8c56deb6f6979cdba59,16,1,6,"[99.12, 17.75999999999999, 822.7199999999999, 555.0]","[""14-Madarihat (ST) A.C. / 142"", ""116. Lower Birbity SSK"", ""Birpara-I/XVIII"", ""18"", ""Birpara-I / PS-23"", ""Madarihat / ZP-16""]",,native_fields_parsed
West Bengal,Alipurduar,2018,constituency_crosswalk,Birpara-I,Birpara-I/XIX,19,14-Madarihat (ST) A.C. / 143,117. Sri Ganesh Bidya Mandir.,Birpara-I / PS-23,Madarihat / ZP-16,data/wb/gp_source_search/historical_expansion/alipurduar_CONSTITUENCY_5fe98655.pdf,fd2063117af535c39b67f049573eb3ff1a8fcea3df4ba8c56deb6f6979cdba59,16,1,7,"[99.12, 17.75999999999999, 822.7199999999999, 555.0]","[""14-Madarihat (ST) A.C. / 143"", ""117. Sri Ganesh Bidya Mandir."", ""Birpara-I/XIX"", ""19"", ""Birpara-I / PS-23"", ""Madarihat / ZP-16""]",,native_fields_parsed
West Bengal,Alipurduar,2018,constituency_crosswalk,Birpara-I,Birpara-I/XX,20,14-Madarihat (ST) A.C. / 144,118. Bhanu Bhakta Nepali Pra. Vidyalay,Birpara-I / PS-23,Madarihat / ZP-16,data/wb/gp_source_search/historical_expansion/alipurduar_CONSTITUENCY_5fe98655.pdf,fd2063117af535c39b67f049573eb3ff1a8fcea3df4ba8c56deb6f6979cdba59,16,1,8,"[99.12, 17.75999999999999, 822.7199999999999, 555.0]","[""14-Madarihat (ST) A.C. / 144"", ""118. Bhanu Bhakta Nepali Pra. Vidyalay"", ""Birpara-I/XX"", ""20"", ""Birpara-I / PS-23"", ""Madarihat / ZP-16""]",,native_fields_parsed
West Bengal,Alipurduar,2018,constituency_crosswalk,Birpara-I,Birpara-I/XXI,21,14-Madarihat (ST) A.C. / 145,119. Deokota Nepali Primary School,Birpara-I / PS-23,Madarihat / ZP-16,data/wb/gp_source_search/historical_expansion/alipurduar_CONSTITUENCY_5fe98655.pdf,fd2063117af535c39b67f049573eb3ff1a8fcea3df4ba8c56deb6f6979cdba59,16,1,9,"[99.12, 17.75999999999999, 822.7199999999999, 555.0]","[""14-Madarihat (ST) A.C. / 145"", ""119. Deokota Nepali Primary School"", ""Birpara-I/XXI"", ""21"", ""Birpara-I / PS-23"", ""Madarihat / ZP-16""]",,native_fields_parsed
West Bengal,Alipurduar,2018,constituency_crosswalk,Birpara-I,Birpara-I/XXII,22,14-Madarihat (ST) A.C. / 146,120. Mahakalpara SSK.,Birpara-I / PS-22,Madarihat / ZP-16,data/wb/gp_source_search/historical_expansion/alipurduar_CONSTITUENCY_5fe98655.pdf,fd2063117af535c39b67f049573eb3ff1a8fcea3df4ba8c56deb6f6979cdba59,16,1,10,"[99.12, 17.75999999999999, 822.7199999999999, 555.0]","[""14-Madarihat (ST) A.C. / 146"", ""120. Mahakalpara SSK."", ""Birpara-I/XXII"", ""22"", ""Birpara-I / PS-22"", ""Madarihat / ZP-16""]",,native_fields_parsed
West Bengal,Alipurduar,2018,constituency_crosswalk,Birpara-I,Birpara-I/XXIII,23,14-Madarihat (ST) A.C. / 147,121. Baburam Line SSK,Birpara-I / PS-22,Madarihat / ZP-16,data/wb/gp_source_search/historical_expansion/alipurduar_CONSTITUENCY_5fe98655.pdf,fd2063117af535c39b67f049573eb3ff1a8fcea3df4ba8c56deb6f6979cdba59,16,1,11,"[99.12, 17.75999999999999, 822.7199999999999, 555.0]","[""14-Madarihat (ST) A.C. / 147"", ""121. Baburam Line SSK"", ""Birpara-I/XXIII"", ""23"", ""Birpara-I / PS-22"", ""Madarihat / ZP-16""]",,native_fields_parsed
West Bengal,Alipurduar,2018,constituency_crosswalk,Sishujhumra,Sishujhumra/I,1,14-Madarihat (ST) A.C. / 148,"122. Rahimpur Cha Bagan State Plan
Pry. School.",Sishujhumra / PS-24,Madarihat / ZP-16,data/wb/gp_source_search/historical_expansion/alipurduar_CONSTITUENCY_5fe98655.pdf,fd2063117af535c39b67f049573eb3ff1a8fcea3df4ba8c56deb6f6979cdba59,16,1,12,"[99.12, 17.75999999999999, 822.7199999999999, 555.0]","[""14-Madarihat (ST) A.C. / 148"", ""122. Rahimpur Cha Bagan State Plan\nPry. School."", ""Sishujhumra/I"", ""1"", ""Sishujhumra / PS-24"", ""Madarihat / ZP-16""]",,native_fields_parsed
West Bengal,Alipurduar,2018,constituency_crosswalk,Sishujhumra,Sishujhumra/II,2,14-Madarihat (ST) A.C. / 149,"123. Sarugaon 3 No. Prathamik
Vidyalay.",Sishujhumra / PS-24,Madarihat / ZP-16,data/wb/gp_source_search/historical_expansion/alipurduar_CONSTITUENCY_5fe98655.pdf,fd2063117af535c39b67f049573eb3ff1a8fcea3df4ba8c56deb6f6979cdba59,16,1,13,"[99.12, 17.75999999999999, 822.7199999999999, 555.0]","[""14-Madarihat (ST) A.C. / 149"", ""123. Sarugaon 3 No. Prathamik\nVidyalay."", ""Sishujhumra/II"", ""2"", ""Sishujhumra / PS-24"", ""Madarihat / ZP-16""]",,native_fields_parsed
West Bengal,Alipurduar,2018,constituency_crosswalk,Sishujhumra,Sishujhumra/III,3,14-Madarihat (ST) A.C. / 150,"124. Nepania Special Cadre Prathamik
Vidyalay (Room No.1).",Sishujhumra / PS-24,Madarihat / ZP-16,data/wb/gp_source_search/historical_expansion/alipurduar_CONSTITUENCY_5fe98655.pdf,fd2063117af535c39b67f049573eb3ff1a8fcea3df4ba8c56deb6f6979cdba59,16,1,14,"[99.12, 17.75999999999999, 822.7199999999999, 555.0]","[""14-Madarihat (ST) A.C. / 150"", ""124. Nepania Special Cadre Prathamik\nVidyalay (Room No.1)."", ""Sishujhumra/III"", ""3"", ""Sishujhumra / PS-24"", ""Madarihat / ZP-16""]",,native_fields_parsed
West Bengal,Alipurduar,2018,constituency_crosswalk,Sishujhumra,Sishujhumra/IV,4,14-Madarihat (ST) A.C. / 151,"125. Nepania Special Cadre Prathamik
Vidyalay (Room No.2)",Sishujhumra / PS-24,Madarihat / ZP-16,data/wb/gp_source_search/historical_expansion/alipurduar_CONSTITUENCY_5fe98655.pdf,fd2063117af535c39b67f049573eb3ff1a8fcea3df4ba8c56deb6f6979cdba59,16,1,15,"[99.12, 17.75999999999999, 822.7199999999999, 555.0]","[""14-Madarihat (ST) A.C. / 151"", ""125. Nepania Special Cadre Prathamik\nVidyalay (Room No.2)"", ""Sishujhumra/IV"", ""4"", ""Sishujhumra / PS-24"", ""Madarihat / ZP-16""]",,native_fields_parsed
West Bengal,Alipurduar,2018,constituency_crosswalk,Sishujhumra,Sishujhumra/V,5,14-Madarihat (ST) A.C. / 152,126. Howradhura SSK .,Sishujhumra / PS-24,Madarihat / ZP-16,data/wb/gp_source_search/historical_expansion/alipurduar_CONSTITUENCY_5fe98655.pdf,fd2063117af535c39b67f049573eb3ff1a8fcea3df4ba8c56deb6f6979cdba59,16,1,16,"[99.12, 17.75999999999999, 822.7199999999999, 555.0]","[""14-Madarihat (ST) A.C. / 152"", ""126. Howradhura SSK ."", ""Sishujhumra/V"", ""5"", ""Sishujhumra / PS-24"", ""Madarihat / ZP-16""]",,native_fields_parsed
West Bengal,Alipurduar,2018,constituency_crosswalk,Sishujhumra,Sishujhumra/VI,6,14-Madarihat (ST) A.C. / 153,"127/1. Dimdima T.G. Pry. School
(Room No. 1)",Sishujhumra / PS-25,Madarihat / ZP-16,data/wb/gp_source_search/historical_expansion/alipurduar_CONSTITUENCY_5fe98655.pdf,fd2063117af535c39b67f049573eb3ff1a8fcea3df4ba8c56deb6f6979cdba59,16,1,17,"[99.12, 17.75999999999999, 822.7199999999999, 555.0]","[""14-Madarihat (ST) A.C. / 153"", ""127/1. Dimdima T.G. Pry. School\n(Room No. 1)"", ""Sishujhumra/VI"", ""6"", ""Sishujhumra / PS-25"", ""Madarihat / ZP-16""]",,native_fields_parsed
West Bengal,Alipurduar,2018,constituency_crosswalk,SSiisshhuujjhhuummrraa/,SSiisshhuujjhhuummrraa//VVII,66,1144--MMaaddaarriihhaatt ((SSTT)) AA..CC.. // 115544,"112277//22.. DDiimmddiimmaa TT..GG.. PPrryy.. SScchhooooll
(Room No. 2)",SSiisshhuujjhhuummrraa // PPSS--2255,MMaaddaarriihhaatt // ZZPP--1166,data/wb/gp_source_search/historical_expansion/alipurduar_CONSTITUENCY_5fe98655.pdf,fd2063117af535c39b67f049573eb3ff1a8fcea3df4ba8c56deb6f6979cdba59,16,1,18,"[99.12, 17.75999999999999, 822.7199999999999, 555.0]","[""1144--MMaaddaarriihhaatt ((SSTT)) AA..CC.. // 115544"", ""112277//22.. DDiimmddiimmaa TT..GG.. PPrryy.. SScchhooooll\n(Room No. 2)"", ""SSiisshhuujjhhuummrraa//VVII"", ""66"", ""SSiisshhuujjhhuummrraa // PPSS--2255"", ""MMaaddaarriihhaatt // ZZPP--1166""]",duplicated_native_glyphs,needs_review
West Bengal,Alipurduar,2018,constituency_crosswalk,Sishujhumra,Sishujhumra/VII,7,14-Madarihat (ST) A.C. / 155,128. New Line SSK,Sishujhumra / PS-25,Madarihat / ZP-16,data/wb/gp_source_search/historical_expansion/alipurduar_CONSTITUENCY_5fe98655.pdf,fd2063117af535c39b67f049573eb3ff1a8fcea3df4ba8c56deb6f6979cdba59,17,1,1,"[24.96, 17.75999999999999, 822.7199999999999, 569.52]","[null, ""14-Madarihat (ST) A.C. / 155"", ""128. New Line SSK"", ""Sishujhumra/VII"", ""7"", ""Sishujhumra / PS-25"", ""Madarihat / ZP-16""]",,native_fields_parsed
West Bengal,Alipurduar,2018,constituency_crosswalk,Sishujhumra,Sishujhumra/VIII,8,14-Madarihat (ST) A.C. / 156,129. Shantipara Divn. SSK,Sishujhumra / PS-25,Madarihat / ZP-16,data/wb/gp_source_search/historical_expansion/alipurduar_CONSTITUENCY_5fe98655.pdf,fd2063117af535c39b67f049573eb3ff1a8fcea3df4ba8c56deb6f6979cdba59,17,1,2,"[24.96, 17.75999999999999, 822.7199999999999, 569.52]","[null, ""14-Madarihat (ST) A.C. / 156"", ""129. Shantipara Divn. SSK"", ""Sishujhumra/VIII"", ""8"", ""Sishujhumra / PS-25"", ""Madarihat / ZP-16""]",,native_fields_parsed
West Bengal,Alipurduar,2018,constituency_crosswalk,Sishujhumra,Sishujhumra/IX,9,14-Madarihat (ST) A.C. / 157,130. Nich Line SSK,Sishujhumra / PS-25,Madarihat / ZP-16,data/wb/gp_source_search/historical_expansion/alipurduar_CONSTITUENCY_5fe98655.pdf,fd2063117af535c39b67f049573eb3ff1a8fcea3df4ba8c56deb6f6979cdba59,17,1,3,"[24.96, 17.75999999999999, 822.7199999999999, 569.52]","[null, ""14-Madarihat (ST) A.C. / 157"", ""130. Nich Line SSK"", ""Sishujhumra/IX"", ""9"", ""Sishujhumra / PS-25"", ""Madarihat / ZP-16""]",,native_fields_parsed
West Bengal,Alipurduar,2018,constituency_crosswalk,Sishujhumra,Sishujhumra/X,10,14-Madarihat (ST) A.C. / 158,"131/1. Birapara Cha Bagan Hindi
Prathamik Vidyalay (Room-1)",Sishujhumra / PS-26,Madarihat / ZP-16,data/wb/gp_source_search/historical_expansion/alipurduar_CONSTITUENCY_5fe98655.pdf,fd2063117af535c39b67f049573eb3ff1a8fcea3df4ba8c56deb6f6979cdba59,17,1,4,"[24.96, 17.75999999999999, 822.7199999999999, 569.52]","[null, ""14-Madarihat (ST) A.C. / 158"", ""131/1. Birapara Cha Bagan Hindi\nPrathamik Vidyalay (Room-1)"", ""Sishujhumra/X"", ""10"", ""Sishujhumra / PS-26"", ""Madarihat / ZP-16""]",,native_fields_parsed
West Bengal,Alipurduar,2018,constituency_crosswalk,Sishujhumra,Sishujhumra/X,10,14-Madarihat (ST) A.C. / 160,"131/2. Birpara TG Multipurpose
Building",Sishujhumra / PS-26,Madarihat / ZP-16,data/wb/gp_source_search/historical_expansion/alipurduar_CONSTITUENCY_5fe98655.pdf,fd2063117af535c39b67f049573eb3ff1a8fcea3df4ba8c56deb6f6979cdba59,17,1,5,"[24.96, 17.75999999999999, 822.7199999999999, 569.52]","[null, ""14-Madarihat (ST) A.C. / 160"", ""131/2. Birpara TG Multipurpose\nBuilding"", ""Sishujhumra/X"", ""10"", ""Sishujhumra / PS-26"", ""Madarihat / ZP-16""]",,native_fields_parsed
West Bengal,Alipurduar,2018,constituency_crosswalk,Sishujhumra,Sishujhumra/XI,11,14-Madarihat (ST) A.C. / 159,132. Birpara TG Primary School,Sishujhumra / PS-26,Madarihat / ZP-16,data/wb/gp_source_search/historical_expansion/alipurduar_CONSTITUENCY_5fe98655.pdf,fd2063117af535c39b67f049573eb3ff1a8fcea3df4ba8c56deb6f6979cdba59,17,1,6,"[24.96, 17.75999999999999, 822.7199999999999, 569.52]","[null, ""14-Madarihat (ST) A.C. / 159"", ""132. Birpara TG Primary School"", ""Sishujhumra/XI"", ""11"", ""Sishujhumra / PS-26"", ""Madarihat / ZP-16""]",,native_fields_parsed
West Bengal,Alipurduar,2018,constituency_crosswalk,Sishujhumra,Sishujhumra/XII,12,14-Madarihat (ST) A.C. / 161,"133. Birapara Cha Bagan Hindi
Prathamik Vidyalay (Room-2)",Sishujhumra / PS-26,Madarihat / ZP-16,data/wb/gp_source_search/historical_expansion/alipurduar_CONSTITUENCY_5fe98655.pdf,fd2063117af535c39b67f049573eb3ff1a8fcea3df4ba8c56deb6f6979cdba59,17,1,7,"[24.96, 17.75999999999999, 822.7199999999999, 569.52]","[null, ""14-Madarihat (ST) A.C. / 161"", ""133. Birapara Cha Bagan Hindi\nPrathamik Vidyalay (Room-2)"", ""Sishujhumra/XII"", ""12"", ""Sishujhumra / PS-26"", ""Madarihat / ZP-16""]",,native_fields_parsed
West Bengal,Alipurduar,2018,constituency_crosswalk,Sishujhumra,Sishujhumra/XIII,13,14-Madarihat (ST) A.C. / 162,"134. Birpara Cha Bagan Jateswar
Division Prathamik Vidyalay.(Room No.-
1)",Sishujhumra / PS-26,Madarihat / ZP-16,data/wb/gp_source_search/historical_expansion/alipurduar_CONSTITUENCY_5fe98655.pdf,fd2063117af535c39b67f049573eb3ff1a8fcea3df4ba8c56deb6f6979cdba59,17,1,8,"[24.96, 17.75999999999999, 822.7199999999999, 569.52]","[null, ""14-Madarihat (ST) A.C. / 162"", ""134. Birpara Cha Bagan Jateswar\nDivision Prathamik Vidyalay.(Room No.-\n1)"", ""Sishujhumra/XIII"", ""13"", ""Sishujhumra / PS-26"", ""Madarihat / ZP-16""]",,native_fields_parsed
West Bengal,Alipurduar,2018,constituency_crosswalk,Sishujhumra,Sishujhumra/XIV,14,14-Madarihat (ST) A.C. / 163,"113355.. BBiirrppaarraa CChhaa BBaaggaann JJaatteesswwaarr
Division Prathamik Vidyalay.(Room No.-
2)",Sishujhumra / PS-26,Madarihat / ZP-16,data/wb/gp_source_search/historical_expansion/alipurduar_CONSTITUENCY_5fe98655.pdf,fd2063117af535c39b67f049573eb3ff1a8fcea3df4ba8c56deb6f6979cdba59,17,1,9,"[24.96, 17.75999999999999, 822.7199999999999, 569.52]","[null, ""14-Madarihat (ST) A.C. / 163"", ""113355.. BBiirrppaarraa CChhaa BBaaggaann JJaatteesswwaarr\nDivision Prathamik Vidyalay.(Room No.-\n2)"", ""Sishujhumra/XIV"", ""14"", ""Sishujhumra / PS-26"", ""Madarihat / ZP-16""]",duplicated_native_glyphs,needs_review
West Bengal,Alipurduar,2018,constituency_crosswalk,Sishujhumra,Sishujhumra/XV,15,14-Madarihat (ST) A.C. / 164,"136. Nangdala Cha Bagan Prathamik
Vidyalay (Room No.1)",Sishujhumra / PS-25,Madarihat / ZP-16,data/wb/gp_source_search/historical_expansion/alipurduar_CONSTITUENCY_5fe98655.pdf,fd2063117af535c39b67f049573eb3ff1a8fcea3df4ba8c56deb6f6979cdba59,17,1,10,"[24.96, 17.75999999999999, 822.7199999999999, 569.52]","[null, ""14-Madarihat (ST) A.C. / 164"", ""136. Nangdala Cha Bagan Prathamik\nVidyalay (Room No.1)"", ""Sishujhumra/XV"", ""15"", ""Sishujhumra / PS-25"", ""Madarihat / ZP-16""]",,native_fields_parsed
West Bengal,Alipurduar,2018,constituency_crosswalk,Sishujhumra,Sishujhumra/XVI,16,14-Madarihat (ST) A.C. / 165,137. Mission Line ICDS Centre,Sishujhumra / PS-25,Madarihat / ZP-16,data/wb/gp_source_search/historical_expansion/alipurduar_CONSTITUENCY_5fe98655.pdf,fd2063117af535c39b67f049573eb3ff1a8fcea3df4ba8c56deb6f6979cdba59,17,1,11,"[24.96, 17.75999999999999, 822.7199999999999, 569.52]","[null, ""14-Madarihat (ST) A.C. / 165"", ""137. Mission Line ICDS Centre"", ""Sishujhumra/XVI"", ""16"", ""Sishujhumra / PS-25"", ""Madarihat / ZP-16""]",,native_fields_parsed
West Bengal,Alipurduar,2018,constituency_crosswalk,Sishujhumra,Sishujhumra/XVII,17,14-Madarihat (ST) A.C. / 166,"138. Nangdala T.G. Pry. School. (New
DPEP Building)",Sishujhumra / PS-25,Madarihat / ZP-16,data/wb/gp_source_search/historical_expansion/alipurduar_CONSTITUENCY_5fe98655.pdf,fd2063117af535c39b67f049573eb3ff1a8fcea3df4ba8c56deb6f6979cdba59,17,1,12,"[24.96, 17.75999999999999, 822.7199999999999, 569.52]","[null, ""14-Madarihat (ST) A.C. / 166"", ""138. Nangdala T.G. Pry. School. (New\nDPEP Building)"", ""Sishujhumra/XVII"", ""17"", ""Sishujhumra / PS-25"", ""Madarihat / ZP-16""]",,native_fields_parsed
West Bengal,Alipurduar,2018,constituency_crosswalk,Sishujhumra,Sishujhumra/XVIII,18,14-Madarihat (ST) A.C. / 167,"139. Nangdala T.G. Pry. School (Room
No. 2)",Sishujhumra / PS-25,Madarihat / ZP-16,data/wb/gp_source_search/historical_expansion/alipurduar_CONSTITUENCY_5fe98655.pdf,fd2063117af535c39b67f049573eb3ff1a8fcea3df4ba8c56deb6f6979cdba59,17,1,13,"[24.96, 17.75999999999999, 822.7199999999999, 569.52]","[null, ""14-Madarihat (ST) A.C. / 167"", ""139. Nangdala T.G. Pry. School (Room\nNo. 2)"", ""Sishujhumra/XVIII"", ""18"", ""Sishujhumra / PS-25"", ""Madarihat / ZP-16""]",,native_fields_parsed
West Bengal,Alipurduar,2018,constituency_crosswalk,DHANIRAMPUR-I,DHANIRAMPUR-I/I,1,13-Falakata(SC)/1,"1, Jogijhora Barabak Addl. Pry. School",Dhanirampur-I/PS-1,Falakata/ZP-13,data/wb/gp_source_search/historical_expansion/alipurduar_CONSTITUENCY_5fe98655.pdf,fd2063117af535c39b67f049573eb3ff1a8fcea3df4ba8c56deb6f6979cdba59,17,1,14,"[24.96, 17.75999999999999, 822.7199999999999, 569.52]","[""FALAKATA"", ""13-Falakata(SC)/1"", ""1, Jogijhora Barabak Addl. Pry. School"", ""DHANIRAMPUR-I/I"", ""1"", ""Dhanirampur-I/PS-1"", ""Falakata/ZP-13""]",,native_fields_parsed
West Bengal,Alipurduar,2018,constituency_crosswalk,DHANIRAMPUR-I,DHANIRAMPUR-I/II,2,13-Falakata(SC)/2,"2, Ethelbarimore Pry. School",Dhanirampur-I/PS-1,Falakata/ZP-13,data/wb/gp_source_search/historical_expansion/alipurduar_CONSTITUENCY_5fe98655.pdf,fd2063117af535c39b67f049573eb3ff1a8fcea3df4ba8c56deb6f6979cdba59,17,1,15,"[24.96, 17.75999999999999, 822.7199999999999, 569.52]","[""FALAKATA"", ""13-Falakata(SC)/2"", ""2, Ethelbarimore Pry. School"", ""DHANIRAMPUR-I/II"", ""2"", ""Dhanirampur-I/PS-1"", ""Falakata/ZP-13""]",,native_fields_parsed
West Bengal,Alipurduar,2018,constituency_crosswalk,DHANIRAMPUR-I,DHANIRAMPUR-I/III,3,13-Falakata(SC)/3,"3, Jogijhora Barabak ICDS Centre No
298",Dhanirampur-I/PS-1,Falakata/ZP-13,data/wb/gp_source_search/historical_expansion/alipurduar_CONSTITUENCY_5fe98655.pdf,fd2063117af535c39b67f049573eb3ff1a8fcea3df4ba8c56deb6f6979cdba59,17,1,16,"[24.96, 17.75999999999999, 822.7199999999999, 569.52]","[""FALAKATA"", ""13-Falakata(SC)/3"", ""3, Jogijhora Barabak ICDS Centre No\n298"", ""DHANIRAMPUR-I/III"", ""3"", ""Dhanirampur-I/PS-1"", ""Falakata/ZP-13""]",,native_fields_parsed
West Bengal,Alipurduar,2018,constituency_crosswalk,DHANIRAMPUR-I,DHANIRAMPUR-I/IV,4,13-Falakata(SC)/4,"4, Jogijhora Barabak Hindi Pry. School",Dhanirampur-I/PS-1,Falakata/ZP-13,data/wb/gp_source_search/historical_expansion/alipurduar_CONSTITUENCY_5fe98655.pdf,fd2063117af535c39b67f049573eb3ff1a8fcea3df4ba8c56deb6f6979cdba59,17,1,17,"[24.96, 17.75999999999999, 822.7199999999999, 569.52]","[""FALAKATA"", ""13-Falakata(SC)/4"", ""4, Jogijhora Barabak Hindi Pry. School"", ""DHANIRAMPUR-I/IV"", ""4"", ""Dhanirampur-I/PS-1"", ""Falakata/ZP-13""]",,native_fields_parsed
West Bengal,Alipurduar,2018,constituency_crosswalk,DDHHAANNIIRRAAMMPPUURR--II/,DDHHAANNIIRRAAMMPPUURR--II//VV,55,1133--FFaallaakkaattaa((SSCC))//55,"5, Narsingpur Special Cadre Pry. School",DDhhaanniirraammppuurr--II//PPSS--22,FFaallaakkaattaa//ZZPP--1133,data/wb/gp_source_search/historical_expansion/alipurduar_CONSTITUENCY_5fe98655.pdf,fd2063117af535c39b67f049573eb3ff1a8fcea3df4ba8c56deb6f6979cdba59,17,1,18,"[24.96, 17.75999999999999, 822.7199999999999, 569.52]","[""FALAKATA"", ""1133--FFaallaakkaattaa((SSCC))//55"", ""5, Narsingpur Special Cadre Pry. School"", ""DDHHAANNIIRRAAMMPPUURR--II//VV"", ""55"", ""DDhhaanniirraammppuurr--II//PPSS--22"", ""FFaallaakkaattaa//ZZPP--1133""]",duplicated_native_glyphs,needs_review
West Bengal,Alipurduar,2018,constituency_crosswalk,DHANIRAMPUR-I,DHANIRAMPUR-I/VI,6,13-Falakata(SC)/6,"6/1, Narsingpur Pry. School(New)",Dhanirampur-I/PS-2,Falakata/ZP-13,data/wb/gp_source_search/historical_expansion/alipurduar_CONSTITUENCY_5fe98655.pdf,fd2063117af535c39b67f049573eb3ff1a8fcea3df4ba8c56deb6f6979cdba59,17,1,19,"[24.96, 17.75999999999999, 822.7199999999999, 569.52]","[""FALAKATA"", ""13-Falakata(SC)/6"", ""6/1, Narsingpur Pry. School(New)"", ""DHANIRAMPUR-I/VI"", ""6"", ""Dhanirampur-I/PS-2"", ""Falakata/ZP-13""]",,native_fields_parsed
West Bengal,Alipurduar,2018,constituency_crosswalk,DHANIRAMPUR-I,DHANIRAMPUR-I/VI,6,13-Falakata(SC)/7,"6/2, Begam Rabeya Khatun High
School",Dhanirampur-I/PS-2,Falakata/ZP-13,data/wb/gp_source_search/historical_expansion/alipurduar_CONSTITUENCY_5fe98655.pdf,fd2063117af535c39b67f049573eb3ff1a8fcea3df4ba8c56deb6f6979cdba59,18,1,1,"[24.959999999999997, 17.75999999999999, 822.7199999999999, 569.52]","[""FALAKATA"", ""13-Falakata(SC)/7"", ""6/2, Begam Rabeya Khatun High\nSchool"", ""DHANIRAMPUR-I/VI"", ""6"", ""Dhanirampur-I/PS-2"", ""Falakata/ZP-13""]",,native_fields_parsed
West Bengal,Alipurduar,2018,constituency_crosswalk,DHANIRAMPUR-I,DHANIRAMPUR-I/VII,7,13-Falakata(SC)/8,"7, J.L. Sarogi Pry. School",Dhanirampur-I/PS-2,Falakata/ZP-13,data/wb/gp_source_search/historical_expansion/alipurduar_CONSTITUENCY_5fe98655.pdf,fd2063117af535c39b67f049573eb3ff1a8fcea3df4ba8c56deb6f6979cdba59,18,1,2,"[24.959999999999997, 17.75999999999999, 822.7199999999999, 569.52]","[""FALAKATA"", ""13-Falakata(SC)/8"", ""7, J.L. Sarogi Pry. School"", ""DHANIRAMPUR-I/VII"", ""7"", ""Dhanirampur-I/PS-2"", ""Falakata/ZP-13""]",,native_fields_parsed
West Bengal,Alipurduar,2018,constituency_crosswalk,DHANIRAMPUR-I,DHANIRAMPUR-I/VIII,8,13-Falakata(SC)/9,"8, Dhanirampur Special Cadre Pry.
School",Dhanirampur-I/PS-2,Falakata/ZP-13,data/wb/gp_source_search/historical_expansion/alipurduar_CONSTITUENCY_5fe98655.pdf,fd2063117af535c39b67f049573eb3ff1a8fcea3df4ba8c56deb6f6979cdba59,18,1,3,"[24.959999999999997, 17.75999999999999, 822.7199999999999, 569.52]","[""FALAKATA"", ""13-Falakata(SC)/9"", ""8, Dhanirampur Special Cadre Pry.\nSchool"", ""DHANIRAMPUR-I/VIII"", ""8"", ""Dhanirampur-I/PS-2"", ""Falakata/ZP-13""]",,native_fields_parsed
West Bengal,Alipurduar,2018,constituency_crosswalk,DHANIRAMPUR-I,DHANIRAMPUR-I/IX,9,13-Falakata(SC)/10,"9, Ethelbari Junior High School",Dhanirampur-I/PS-2,Falakata/ZP-13,data/wb/gp_source_search/historical_expansion/alipurduar_CONSTITUENCY_5fe98655.pdf,fd2063117af535c39b67f049573eb3ff1a8fcea3df4ba8c56deb6f6979cdba59,18,1,4,"[24.959999999999997, 17.75999999999999, 822.7199999999999, 569.52]","[""FALAKATA"", ""13-Falakata(SC)/10"", ""9, Ethelbari Junior High School"", ""DHANIRAMPUR-I/IX"", ""9"", ""Dhanirampur-I/PS-2"", ""Falakata/ZP-13""]",,native_fields_parsed
West Bengal,Alipurduar,2018,constituency_crosswalk,DHANIRAMPUR-I,DHANIRAMPUR-I/X,10,13-Falakata(SC)/11,"10, Majdoor Club A.W.C",Dhanirampur-I/PS-2,Falakata/ZP-13,data/wb/gp_source_search/historical_expansion/alipurduar_CONSTITUENCY_5fe98655.pdf,fd2063117af535c39b67f049573eb3ff1a8fcea3df4ba8c56deb6f6979cdba59,18,1,5,"[24.959999999999997, 17.75999999999999, 822.7199999999999, 569.52]","[""FALAKATA"", ""13-Falakata(SC)/11"", ""10, Majdoor Club A.W.C"", ""DHANIRAMPUR-I/X"", ""10"", ""Dhanirampur-I/PS-2"", ""Falakata/ZP-13""]",,native_fields_parsed
West Bengal,Alipurduar,2018,constituency_crosswalk,DHANIRAMPUR-I,DHANIRAMPUR-I/XI,11,13-Falakata(SC)/12,"11, Uttar Deomali Pry. School",Dhanirampur-I/PS-3,Falakata/ZP-13,data/wb/gp_source_search/historical_expansion/alipurduar_CONSTITUENCY_5fe98655.pdf,fd2063117af535c39b67f049573eb3ff1a8fcea3df4ba8c56deb6f6979cdba59,18,1,6,"[24.959999999999997, 17.75999999999999, 822.7199999999999, 569.52]","[""FALAKATA"", ""13-Falakata(SC)/12"", ""11, Uttar Deomali Pry. School"", ""DHANIRAMPUR-I/XI"", ""11"", ""Dhanirampur-I/PS-3"", ""Falakata/ZP-13""]",,native_fields_parsed
West Bengal,Alipurduar,2018,constituency_crosswalk,DHANIRAMPUR-I,DHANIRAMPUR-I/XII,12,13-Falakata(SC)/13,"12, Hasiruddin MSK",Dhanirampur-I/PS-3,Falakata/ZP-13,data/wb/gp_source_search/historical_expansion/alipurduar_CONSTITUENCY_5fe98655.pdf,fd2063117af535c39b67f049573eb3ff1a8fcea3df4ba8c56deb6f6979cdba59,18,1,7,"[24.959999999999997, 17.75999999999999, 822.7199999999999, 569.52]","[""FALAKATA"", ""13-Falakata(SC)/13"", ""12, Hasiruddin MSK"", ""DHANIRAMPUR-I/XII"", ""12"", ""Dhanirampur-I/PS-3"", ""Falakata/ZP-13""]",,native_fields_parsed
West Bengal,Alipurduar,2018,constituency_crosswalk,DHANIRAMPUR-I,DHANIRAMPUR-I/XIII,13,13-Falakata(SC)/14,"13, Sarugram No. 3 BFP School, Room
no 1",Dhanirampur-I/PS-3,Falakata/ZP-13,data/wb/gp_source_search/historical_expansion/alipurduar_CONSTITUENCY_5fe98655.pdf,fd2063117af535c39b67f049573eb3ff1a8fcea3df4ba8c56deb6f6979cdba59,18,1,8,"[24.959999999999997, 17.75999999999999, 822.7199999999999, 569.52]","[""FALAKATA"", ""13-Falakata(SC)/14"", ""13, Sarugram No. 3 BFP School, Room\nno 1"", ""DHANIRAMPUR-I/XIII"", ""13"", ""Dhanirampur-I/PS-3"", ""Falakata/ZP-13""]",,native_fields_parsed
West Bengal,Alipurduar,2018,constituency_crosswalk,DHANIRAMPUR-I,DHANIRAMPUR-I/XIV,14,13-Falakata(SC)/15,"14, Sarugram No. 3 BFP School, Room
no 2",Dhanirampur-I/PS-3,Falakata/ZP-13,data/wb/gp_source_search/historical_expansion/alipurduar_CONSTITUENCY_5fe98655.pdf,fd2063117af535c39b67f049573eb3ff1a8fcea3df4ba8c56deb6f6979cdba59,18,1,9,"[24.959999999999997, 17.75999999999999, 822.7199999999999, 569.52]","[""FALAKATA"", ""13-Falakata(SC)/15"", ""14, Sarugram No. 3 BFP School, Room\nno 2"", ""DHANIRAMPUR-I/XIV"", ""14"", ""Dhanirampur-I/PS-3"", ""Falakata/ZP-13""]",,native_fields_parsed
West Bengal,Alipurduar,2018,constituency_crosswalk,DHANIRAMPUR-II,DHANIRAMPUR-II/I,1,13-Falakata(SC)/16,"15/1, Fajlarhat Anganwadi Centre",Dhanirampur-II/PS-4,Falakata/ZP-13,data/wb/gp_source_search/historical_expansion/alipurduar_CONSTITUENCY_5fe98655.pdf,fd2063117af535c39b67f049573eb3ff1a8fcea3df4ba8c56deb6f6979cdba59,18,1,10,"[24.959999999999997, 17.75999999999999, 822.7199999999999, 569.52]","[""FALAKATA"", ""13-Falakata(SC)/16"", ""15/1, Fajlarhat Anganwadi Centre"", ""DHANIRAMPUR-II/I"", ""1"", ""Dhanirampur-II/PS-4"", ""Falakata/ZP-13""]",,native_fields_parsed
West Bengal,Alipurduar,2018,constituency_crosswalk,DHANIRAMPUR-II,DHANIRAMPUR-II/I,1,13-Falakata(SC)/17,"15/2, Beltali AWC",Dhanirampur-II/PS-4,Falakata/ZP-13,data/wb/gp_source_search/historical_expansion/alipurduar_CONSTITUENCY_5fe98655.pdf,fd2063117af535c39b67f049573eb3ff1a8fcea3df4ba8c56deb6f6979cdba59,18,1,11,"[24.959999999999997, 17.75999999999999, 822.7199999999999, 569.52]","[""FALAKATA"", ""13-Falakata(SC)/17"", ""15/2, Beltali AWC"", ""DHANIRAMPUR-II/I"", ""1"", ""Dhanirampur-II/PS-4"", ""Falakata/ZP-13""]",,native_fields_parsed
West Bengal,Alipurduar,2018,constituency_crosswalk,DHANIRAMPUR-II,DHANIRAMPUR-II/II,2,13-Falakata(SC)/18,"16, Dhanirampur No.-2 State Plan Pry.
School",Dhanirampur-II/PS-4,Falakata/ZP-13,data/wb/gp_source_search/historical_expansion/alipurduar_CONSTITUENCY_5fe98655.pdf,fd2063117af535c39b67f049573eb3ff1a8fcea3df4ba8c56deb6f6979cdba59,18,1,12,"[24.959999999999997, 17.75999999999999, 822.7199999999999, 569.52]","[""FALAKATA"", ""13-Falakata(SC)/18"", ""16, Dhanirampur No.-2 State Plan Pry.\nSchool"", ""DHANIRAMPUR-II/II"", ""2"", ""Dhanirampur-II/PS-4"", ""Falakata/ZP-13""]",,native_fields_parsed
West Bengal,Alipurduar,2018,constituency_crosswalk,DDHHAANNIIRRAAMMPPUURR--IIII/,DDHHAANNIIRRAAMMPPUURR--IIII//IIIIII,33,1133--FFaallaakkaattaa((SSCC))//1199,"1177,, JJaammuurriijjhhoorraa PPrryy.. SScchhooooll",DDhhaanniirraammppuurr--IIII//PPSS--44,FFaallaakkaattaa//ZZPP--1133,data/wb/gp_source_search/historical_expansion/alipurduar_CONSTITUENCY_5fe98655.pdf,fd2063117af535c39b67f049573eb3ff1a8fcea3df4ba8c56deb6f6979cdba59,18,1,13,"[24.959999999999997, 17.75999999999999, 822.7199999999999, 569.52]","[""FFAALLAAKKAATTAA"", ""1133--FFaallaakkaattaa((SSCC))//1199"", ""1177,, JJaammuurriijjhhoorraa PPrryy.. SScchhooooll"", ""DDHHAANNIIRRAAMMPPUURR--IIII//IIIIII"", ""33"", ""DDhhaanniirraammppuurr--IIII//PPSS--44"", ""FFaallaakkaattaa//ZZPP--1133""]",duplicated_native_glyphs,needs_review
West Bengal,Alipurduar,2018,constituency_crosswalk,DHANIRAMPUR-II,DHANIRAMPUR-II/IV,4,13-Falakata(SC)/20,"18, Chandnikura Pry School",Dhanirampur-II/PS-4,Falakata/ZP-13,data/wb/gp_source_search/historical_expansion/alipurduar_CONSTITUENCY_5fe98655.pdf,fd2063117af535c39b67f049573eb3ff1a8fcea3df4ba8c56deb6f6979cdba59,18,1,14,"[24.959999999999997, 17.75999999999999, 822.7199999999999, 569.52]","[""FALAKATA"", ""13-Falakata(SC)/20"", ""18, Chandnikura Pry School"", ""DHANIRAMPUR-II/IV"", ""4"", ""Dhanirampur-II/PS-4"", ""Falakata/ZP-13""]",,native_fields_parsed
West Bengal,Alipurduar,2018,constituency_crosswalk,DHANIRAMPUR-II,DHANIRAMPUR-II/V,5,13-Falakata(SC)/21,"19, Ghatpar C.S. Pry. School",Dhanirampur-II/PS-4,Falakata/ZP-13,data/wb/gp_source_search/historical_expansion/alipurduar_CONSTITUENCY_5fe98655.pdf,fd2063117af535c39b67f049573eb3ff1a8fcea3df4ba8c56deb6f6979cdba59,18,1,15,"[24.959999999999997, 17.75999999999999, 822.7199999999999, 569.52]","[""FALAKATA"", ""13-Falakata(SC)/21"", ""19, Ghatpar C.S. Pry. School"", ""DHANIRAMPUR-II/V"", ""5"", ""Dhanirampur-II/PS-4"", ""Falakata/ZP-13""]",,native_fields_parsed
West Bengal,Alipurduar,2018,constituency_crosswalk,DHANIRAMPUR-II,DHANIRAMPUR-II/VI,6,13-Falakata(SC)/22,"20, Sarugram No.-1 Junior Basic School",Dhanirampur-II/PS-4,Falakata/ZP-13,data/wb/gp_source_search/historical_expansion/alipurduar_CONSTITUENCY_5fe98655.pdf,fd2063117af535c39b67f049573eb3ff1a8fcea3df4ba8c56deb6f6979cdba59,18,1,16,"[24.959999999999997, 17.75999999999999, 822.7199999999999, 569.52]","[""FALAKATA"", ""13-Falakata(SC)/22"", ""20, Sarugram No.-1 Junior Basic School"", ""DHANIRAMPUR-II/VI"", ""6"", ""Dhanirampur-II/PS-4"", ""Falakata/ZP-13""]",,native_fields_parsed
West Bengal,Alipurduar,2018,constituency_crosswalk,DHANIRAMPUR-II,DHANIRAMPUR-II/VII,7,13-Falakata(SC)/23,"21, Barobank Pry School",Dhanirampur-II/PS-5,Falakata/ZP-13,data/wb/gp_source_search/historical_expansion/alipurduar_CONSTITUENCY_5fe98655.pdf,fd2063117af535c39b67f049573eb3ff1a8fcea3df4ba8c56deb6f6979cdba59,18,1,17,"[24.959999999999997, 17.75999999999999, 822.7199999999999, 569.52]","[""FALAKATA"", ""13-Falakata(SC)/23"", ""21, Barobank Pry School"", ""DHANIRAMPUR-II/VII"", ""7"", ""Dhanirampur-II/PS-5"", ""Falakata/ZP-13""]",,native_fields_parsed
West Bengal,Alipurduar,2018,constituency_crosswalk,DHANIRAMPUR-II,DHANIRAMPUR-II/VIII,8,13-Falakata(SC)/24,"22, Khagenhat Nathuni Sing High
School",Dhanirampur-II/PS-5,Falakata/ZP-13,data/wb/gp_source_search/historical_expansion/alipurduar_CONSTITUENCY_5fe98655.pdf,fd2063117af535c39b67f049573eb3ff1a8fcea3df4ba8c56deb6f6979cdba59,18,1,18,"[24.959999999999997, 17.75999999999999, 822.7199999999999, 569.52]","[""FALAKATA"", ""13-Falakata(SC)/24"", ""22, Khagenhat Nathuni Sing High\nSchool"", ""DHANIRAMPUR-II/VIII"", ""8"", ""Dhanirampur-II/PS-5"", ""Falakata/ZP-13""]",,native_fields_parsed
West Bengal,Alipurduar,2018,constituency_crosswalk,DHANIRAMPUR-II,DHANIRAMPUR-II/IX,9,13-Falakata(SC)/25,"23, Sarugaon No. 2 B.F.P. School ( Ma
Bhandani Hat)",Dhanirampur-II/PS-5,Falakata/ZP-13,data/wb/gp_source_search/historical_expansion/alipurduar_CONSTITUENCY_5fe98655.pdf,fd2063117af535c39b67f049573eb3ff1a8fcea3df4ba8c56deb6f6979cdba59,18,1,19,"[24.959999999999997, 17.75999999999999, 822.7199999999999, 569.52]","[""FALAKATA"", ""13-Falakata(SC)/25"", ""23, Sarugaon No. 2 B.F.P. School ( Ma\nBhandani Hat)"", ""DHANIRAMPUR-II/IX"", ""9"", ""Dhanirampur-II/PS-5"", ""Falakata/ZP-13""]",,native_fields_parsed
West Bengal,Alipurduar,2018,constituency_crosswalk,DHANIRAMPUR-II,DHANIRAMPUR-II/X,10,13-Falakata(SC)/26,"24, Fulmati SSK",Dhanirampur-II/PS-5,Falakata/ZP-13,data/wb/gp_source_search/historical_expansion/alipurduar_CONSTITUENCY_5fe98655.pdf,fd2063117af535c39b67f049573eb3ff1a8fcea3df4ba8c56deb6f6979cdba59,18,1,20,"[24.959999999999997, 17.75999999999999, 822.7199999999999, 569.52]","[""FALAKATA"", ""13-Falakata(SC)/26"", ""24, Fulmati SSK"", ""DHANIRAMPUR-II/X"", ""10"", ""Dhanirampur-II/PS-5"", ""Falakata/ZP-13""]",,native_fields_parsed
West Bengal,Alipurduar,2018,constituency_crosswalk,DHANIRAMPUR-II,DHANIRAMPUR-II/XI,11,13-Falakata(SC)/27,"25/1, Madeshiyapara B.F.P
School,Room No.1",Dhanirampur-II/PS-6,Falakata/ZP-13,data/wb/gp_source_search/historical_expansion/alipurduar_CONSTITUENCY_5fe98655.pdf,fd2063117af535c39b67f049573eb3ff1a8fcea3df4ba8c56deb6f6979cdba59,18,1,21,"[24.959999999999997, 17.75999999999999, 822.7199999999999, 569.52]","[""FALAKATA"", ""13-Falakata(SC)/27"", ""25/1, Madeshiyapara B.F.P\nSchool,Room No.1"", ""DHANIRAMPUR-II/XI"", ""11"", ""Dhanirampur-II/PS-6"", ""Falakata/ZP-13""]",,native_fields_parsed
West Bengal,Alipurduar,2018,constituency_crosswalk,DHANIRAMPUR-II,DHANIRAMPUR-II/XI,11,13-Falakata(SC)/28,"25/2, Madeshiyapara B.F.P School,
(Room no-2)",Dhanirampur-II/PS-6,Falakata/ZP-13,data/wb/gp_source_search/historical_expansion/alipurduar_CONSTITUENCY_5fe98655.pdf,fd2063117af535c39b67f049573eb3ff1a8fcea3df4ba8c56deb6f6979cdba59,18,1,22,"[24.959999999999997, 17.75999999999999, 822.7199999999999, 569.52]","[""FALAKATA"", ""13-Falakata(SC)/28"", ""25/2, Madeshiyapara B.F.P School,\n(Room no-2)"", ""DHANIRAMPUR-II/XI"", ""11"", ""Dhanirampur-II/PS-6"", ""Falakata/ZP-13""]",,native_fields_parsed
West Bengal,Alipurduar,2018,constituency_crosswalk,DHANIRAMPUR-II,DHANIRAMPUR-II/XII,12,13-Falakata(SC)/29,"26, Changmaritari S. T. Pry School",Dhanirampur-II/PS-6,Falakata/ZP-13,data/wb/gp_source_search/historical_expansion/alipurduar_CONSTITUENCY_5fe98655.pdf,fd2063117af535c39b67f049573eb3ff1a8fcea3df4ba8c56deb6f6979cdba59,18,1,23,"[24.959999999999997, 17.75999999999999, 822.7199999999999, 569.52]","[""FALAKATA"", ""13-Falakata(SC)/29"", ""26, Changmaritari S. T. Pry School"", ""DHANIRAMPUR-II/XII"", ""12"", ""Dhanirampur-II/PS-6"", ""Falakata/ZP-13""]",,native_fields_parsed
West Bengal,Alipurduar,2018,constituency_crosswalk,DHANIRAMPUR-II,DHANIRAMPUR-II/XIII,13,13-Falakata(SC)/30,"27/1, Shishabari Sarugaon State Plan
Pry. School",Dhanirampur-II/PS-6,Falakata/ZP-13,data/wb/gp_source_search/historical_expansion/alipurduar_CONSTITUENCY_5fe98655.pdf,fd2063117af535c39b67f049573eb3ff1a8fcea3df4ba8c56deb6f6979cdba59,18,1,24,"[24.959999999999997, 17.75999999999999, 822.7199999999999, 569.52]","[""FALAKATA"", ""13-Falakata(SC)/30"", ""27/1, Shishabari Sarugaon State Plan\nPry. School"", ""DHANIRAMPUR-II/XIII"", ""13"", ""Dhanirampur-II/PS-6"", ""Falakata/ZP-13""]",,native_fields_parsed
West Bengal,Alipurduar,2018,constituency_crosswalk,DDHHAANNIIRRAAMMPPUURR--IIII/,DDHHAANNIIRRAAMMPPUURR--IIII//XXIIIIII,1133,1133--FFaallaakkaattaa((SSCC))//3311,"2277//22,, SShhiisshhaabbaarrii SSaarruuggaaoonn BBaarrooggaaoonn
Pry. School",DDhhaanniirraammppuurr--IIII//PPSS--66,FFaallaakkaattaa//ZZPP--1133,data/wb/gp_source_search/historical_expansion/alipurduar_CONSTITUENCY_5fe98655.pdf,fd2063117af535c39b67f049573eb3ff1a8fcea3df4ba8c56deb6f6979cdba59,18,1,25,"[24.959999999999997, 17.75999999999999, 822.7199999999999, 569.52]","[""FALAKATA"", ""1133--FFaallaakkaattaa((SSCC))//3311"", ""2277//22,, SShhiisshhaabbaarrii SSaarruuggaaoonn BBaarrooggaaoonn\nPry. School"", ""DDHHAANNIIRRAAMMPPUURR--IIII//XXIIIIII"", ""1133"", ""DDhhaanniirraammppuurr--IIII//PPSS--66"", ""FFaallaakkaattaa//ZZPP--1133""]",duplicated_native_glyphs,needs_review
West Bengal,Alipurduar,2018,constituency_crosswalk,DHANIRAMPUR-II,DHANIRAMPUR-II/XIV,14,13-Falakata(SC)/32,"28/1, Shantiline AWC",Dhanirampur-II/PS-5,Falakata/ZP-13,data/wb/gp_source_search/historical_expansion/alipurduar_CONSTITUENCY_5fe98655.pdf,fd2063117af535c39b67f049573eb3ff1a8fcea3df4ba8c56deb6f6979cdba59,18,1,26,"[24.959999999999997, 17.75999999999999, 822.7199999999999, 569.52]","[""FALAKATA"", ""13-Falakata(SC)/32"", ""28/1, Shantiline AWC"", ""DHANIRAMPUR-II/XIV"", ""14"", ""Dhanirampur-II/PS-5"", ""Falakata/ZP-13""]",,native_fields_parsed
West Bengal,Alipurduar,2018,constituency_crosswalk,DHANIRAMPUR-II,DHANIRAMPUR-II/XIV,14,13-Falakata(SC)/33,"28/2, Repo Munda SSK",Dhanirampur-II/PS-5,Falakata/ZP-13,data/wb/gp_source_search/historical_expansion/alipurduar_CONSTITUENCY_5fe98655.pdf,fd2063117af535c39b67f049573eb3ff1a8fcea3df4ba8c56deb6f6979cdba59,19,1,1,"[24.959999999999997, 17.75999999999999, 822.7199999999999, 569.52]","[""FALAKATA"", ""13-Falakata(SC)/33"", ""28/2, Repo Munda SSK"", ""DHANIRAMPUR-II/XIV"", ""14"", ""Dhanirampur-II/PS-5"", ""Falakata/ZP-13""]",,native_fields_parsed
West Bengal,Alipurduar,2018,constituency_crosswalk,DHANIRAMPUR-II,DHANIRAMPUR-II/XV,15,13-Falakata(SC)/34,"29, Sarugaon Tea Garden Primary
School",Dhanirampur-II/PS-5,Falakata/ZP-13,data/wb/gp_source_search/historical_expansion/alipurduar_CONSTITUENCY_5fe98655.pdf,fd2063117af535c39b67f049573eb3ff1a8fcea3df4ba8c56deb6f6979cdba59,19,1,2,"[24.959999999999997, 17.75999999999999, 822.7199999999999, 569.52]","[""FALAKATA"", ""13-Falakata(SC)/34"", ""29, Sarugaon Tea Garden Primary\nSchool"", ""DHANIRAMPUR-II/XV"", ""15"", ""Dhanirampur-II/PS-5"", ""Falakata/ZP-13""]",,native_fields_parsed
West Bengal,Alipurduar,2018,constituency_crosswalk,DALGAON,DALGAON/I,1,13-Falakata(SC)/35,"30, Baraline SSK Tasati",Dalgaon/PS-7,Falakata/ZP-13,data/wb/gp_source_search/historical_expansion/alipurduar_CONSTITUENCY_5fe98655.pdf,fd2063117af535c39b67f049573eb3ff1a8fcea3df4ba8c56deb6f6979cdba59,19,1,3,"[24.959999999999997, 17.75999999999999, 822.7199999999999, 569.52]","[""FALAKATA"", ""13-Falakata(SC)/35"", ""30, Baraline SSK Tasati"", ""DALGAON/I"", ""1"", ""Dalgaon/PS-7"", ""Falakata/ZP-13""]",,native_fields_parsed
West Bengal,Alipurduar,2018,constituency_crosswalk,DALGAON,DALGAON/II,2,13-Falakata(SC)/36,"31, Nangdala Line SSK, Tasati",Dalgaon/PS-7,Falakata/ZP-13,data/wb/gp_source_search/historical_expansion/alipurduar_CONSTITUENCY_5fe98655.pdf,fd2063117af535c39b67f049573eb3ff1a8fcea3df4ba8c56deb6f6979cdba59,19,1,4,"[24.959999999999997, 17.75999999999999, 822.7199999999999, 569.52]","[""FALAKATA"", ""13-Falakata(SC)/36"", ""31, Nangdala Line SSK, Tasati"", ""DALGAON/II"", ""2"", ""Dalgaon/PS-7"", ""Falakata/ZP-13""]",,native_fields_parsed
West Bengal,Alipurduar,2018,constituency_crosswalk,DALGAON,DALGAON/III,3,13-Falakata(SC)/37,"32, Tasati Tea Garden Primary School",Dalgaon/PS-7,Falakata/ZP-13,data/wb/gp_source_search/historical_expansion/alipurduar_CONSTITUENCY_5fe98655.pdf,fd2063117af535c39b67f049573eb3ff1a8fcea3df4ba8c56deb6f6979cdba59,19,1,5,"[24.959999999999997, 17.75999999999999, 822.7199999999999, 569.52]","[""FALAKATA"", ""13-Falakata(SC)/37"", ""32, Tasati Tea Garden Primary School"", ""DALGAON/III"", ""3"", ""Dalgaon/PS-7"", ""Falakata/ZP-13""]",,native_fields_parsed
West Bengal,Alipurduar,2018,constituency_crosswalk,DALGAON,DALGAON/IV,4,13-Falakata(SC)/38,"33, Bali Line SSK",Dalgaon/PS-7,Falakata/ZP-13,data/wb/gp_source_search/historical_expansion/alipurduar_CONSTITUENCY_5fe98655.pdf,fd2063117af535c39b67f049573eb3ff1a8fcea3df4ba8c56deb6f6979cdba59,19,1,6,"[24.959999999999997, 17.75999999999999, 822.7199999999999, 569.52]","[""FALAKATA"", ""13-Falakata(SC)/38"", ""33, Bali Line SSK"", ""DALGAON/IV"", ""4"", ""Dalgaon/PS-7"", ""Falakata/ZP-13""]",,native_fields_parsed
West Bengal,Alipurduar,2018,constituency_crosswalk,DALGAON,DALGAON/V,5,13-Falakata(SC)/39,"34, Dalgaon T. G. Pry. School Room No
.1",Dalgaon/PS-8,Falakata/ZP-13,data/wb/gp_source_search/historical_expansion/alipurduar_CONSTITUENCY_5fe98655.pdf,fd2063117af535c39b67f049573eb3ff1a8fcea3df4ba8c56deb6f6979cdba59,19,1,7,"[24.959999999999997, 17.75999999999999, 822.7199999999999, 569.52]","[""FALAKATA"", ""13-Falakata(SC)/39"", ""34, Dalgaon T. G. Pry. School Room No\n.1"", ""DALGAON/V"", ""5"", ""Dalgaon/PS-8"", ""Falakata/ZP-13""]",,native_fields_parsed
West Bengal,Alipurduar,2018,constituency_crosswalk,DALGAON,DALGAON/VI,6,13-Falakata(SC)/40,"35, Dalgaon T. G. Pry. School Room No
.2",Dalgaon/PS-8,Falakata/ZP-13,data/wb/gp_source_search/historical_expansion/alipurduar_CONSTITUENCY_5fe98655.pdf,fd2063117af535c39b67f049573eb3ff1a8fcea3df4ba8c56deb6f6979cdba59,19,1,8,"[24.959999999999997, 17.75999999999999, 822.7199999999999, 569.52]","[""FALAKATA"", ""13-Falakata(SC)/40"", ""35, Dalgaon T. G. Pry. School Room No\n.2"", ""DALGAON/VI"", ""6"", ""Dalgaon/PS-8"", ""Falakata/ZP-13""]",,native_fields_parsed
West Bengal,Alipurduar,2018,constituency_crosswalk,DALGAON,DALGAON/VII,7,13-Falakata(SC)/41,"36/1, Dalgaon Baro Line AWC",Dalgaon/PS-8,Falakata/ZP-13,data/wb/gp_source_search/historical_expansion/alipurduar_CONSTITUENCY_5fe98655.pdf,fd2063117af535c39b67f049573eb3ff1a8fcea3df4ba8c56deb6f6979cdba59,19,1,9,"[24.959999999999997, 17.75999999999999, 822.7199999999999, 569.52]","[""FALAKATA"", ""13-Falakata(SC)/41"", ""36/1, Dalgaon Baro Line AWC"", ""DALGAON/VII"", ""7"", ""Dalgaon/PS-8"", ""Falakata/ZP-13""]",,native_fields_parsed
West Bengal,Alipurduar,2018,constituency_crosswalk,DALGAON,DALGAON/VII,7,13-Falakata(SC)/42,"36/2, Dalgaon Gari line SSK",Dalgaon/PS-8,Falakata/ZP-13,data/wb/gp_source_search/historical_expansion/alipurduar_CONSTITUENCY_5fe98655.pdf,fd2063117af535c39b67f049573eb3ff1a8fcea3df4ba8c56deb6f6979cdba59,19,1,10,"[24.959999999999997, 17.75999999999999, 822.7199999999999, 569.52]","[""FALAKATA"", ""13-Falakata(SC)/42"", ""36/2, Dalgaon Gari line SSK"", ""DALGAON/VII"", ""7"", ""Dalgaon/PS-8"", ""Falakata/ZP-13""]",,native_fields_parsed
West Bengal,Alipurduar,2018,constituency_crosswalk,DALGAON,DALGAON/VIII,8,13-Falakata(SC)/43,"37, Dalmoni Division Pry. School",Dalgaon/PS-8,Falakata/ZP-13,data/wb/gp_source_search/historical_expansion/alipurduar_CONSTITUENCY_5fe98655.pdf,fd2063117af535c39b67f049573eb3ff1a8fcea3df4ba8c56deb6f6979cdba59,19,1,11,"[24.959999999999997, 17.75999999999999, 822.7199999999999, 569.52]","[""FALAKATA"", ""13-Falakata(SC)/43"", ""37, Dalmoni Division Pry. School"", ""DALGAON/VIII"", ""8"", ""Dalgaon/PS-8"", ""Falakata/ZP-13""]",,native_fields_parsed
West Bengal,Alipurduar,2018,constituency_crosswalk,JATESWAR-I,JATESWAR-I/I,1,13-Falakata(SC)/44,"38, Alinagar Bidyapith",Jateswar-I/PS-9,Falakata/ZP-13,data/wb/gp_source_search/historical_expansion/alipurduar_CONSTITUENCY_5fe98655.pdf,fd2063117af535c39b67f049573eb3ff1a8fcea3df4ba8c56deb6f6979cdba59,19,1,12,"[24.959999999999997, 17.75999999999999, 822.7199999999999, 569.52]","[""FALAKATA"", ""13-Falakata(SC)/44"", ""38, Alinagar Bidyapith"", ""JATESWAR-I/I"", ""1"", ""Jateswar-I/PS-9"", ""Falakata/ZP-13""]",,native_fields_parsed
West Bengal,Alipurduar,2018,constituency_crosswalk,JATESWAR-I,JATESWAR-I/II,2,13-Falakata(SC)/45,"39, Alinagar Spl Cadre Pry School",Jateswar-I/PS-9,Falakata/ZP-13,data/wb/gp_source_search/historical_expansion/alipurduar_CONSTITUENCY_5fe98655.pdf,fd2063117af535c39b67f049573eb3ff1a8fcea3df4ba8c56deb6f6979cdba59,19,1,13,"[24.959999999999997, 17.75999999999999, 822.7199999999999, 569.52]","[""FALAKATA"", ""13-Falakata(SC)/45"", ""39, Alinagar Spl Cadre Pry School"", ""JATESWAR-I/II"", ""2"", ""Jateswar-I/PS-9"", ""Falakata/ZP-13""]",,native_fields_parsed
West Bengal,Alipurduar,2018,constituency_crosswalk,JATESWAR-I,JATESWAR-I/III,3,13-Falakata(SC)/46,"4400//11,, BBeennggkkaannddii BBooaarrdd FFrreeee PPrryy..
School,Room No.1",Jateswar-I/PS-9,Falakata/ZP-13,data/wb/gp_source_search/historical_expansion/alipurduar_CONSTITUENCY_5fe98655.pdf,fd2063117af535c39b67f049573eb3ff1a8fcea3df4ba8c56deb6f6979cdba59,19,1,14,"[24.959999999999997, 17.75999999999999, 822.7199999999999, 569.52]","[""FALAKATA"", ""13-Falakata(SC)/46"", ""4400//11,, BBeennggkkaannddii BBooaarrdd FFrreeee PPrryy..\nSchool,Room No.1"", ""JATESWAR-I/III"", ""3"", ""Jateswar-I/PS-9"", ""Falakata/ZP-13""]",duplicated_native_glyphs,needs_review
West Bengal,Alipurduar,2018,constituency_crosswalk,JATESWAR-I,JATESWAR-I/III,3,13-Falakata(SC)/47,"40/2, Bengkandi Board Free Pry.
School Room No.2",Jateswar-I/PS-9,Falakata/ZP-13,data/wb/gp_source_search/historical_expansion/alipurduar_CONSTITUENCY_5fe98655.pdf,fd2063117af535c39b67f049573eb3ff1a8fcea3df4ba8c56deb6f6979cdba59,19,1,15,"[24.959999999999997, 17.75999999999999, 822.7199999999999, 569.52]","[""FALAKATA"", ""13-Falakata(SC)/47"", ""40/2, Bengkandi Board Free Pry.\nSchool Room No.2"", ""JATESWAR-I/III"", ""3"", ""Jateswar-I/PS-9"", ""Falakata/ZP-13""]",,native_fields_parsed
West Bengal,Alipurduar,2018,constituency_crosswalk,JATESWAR-I,JATESWAR-I/IV,4,13-Falakata(SC)/48,"41, Bengkandi Purbapara Pry. School",Jateswar-I/PS-9,Falakata/ZP-13,data/wb/gp_source_search/historical_expansion/alipurduar_CONSTITUENCY_5fe98655.pdf,fd2063117af535c39b67f049573eb3ff1a8fcea3df4ba8c56deb6f6979cdba59,19,1,16,"[24.959999999999997, 17.75999999999999, 822.7199999999999, 569.52]","[""FALAKATA"", ""13-Falakata(SC)/48"", ""41, Bengkandi Purbapara Pry. School"", ""JATESWAR-I/IV"", ""4"", ""Jateswar-I/PS-9"", ""Falakata/ZP-13""]",,native_fields_parsed
West Bengal,Alipurduar,2018,constituency_crosswalk,JATESWAR-I,JATESWAR-I/V,5,13-Falakata(SC)/49,"42, Dalgaon No.-2 Junior Basic School",Jateswar-I/PS-9,Falakata/ZP-13,data/wb/gp_source_search/historical_expansion/alipurduar_CONSTITUENCY_5fe98655.pdf,fd2063117af535c39b67f049573eb3ff1a8fcea3df4ba8c56deb6f6979cdba59,19,1,17,"[24.959999999999997, 17.75999999999999, 822.7199999999999, 569.52]","[""FALAKATA"", ""13-Falakata(SC)/49"", ""42, Dalgaon No.-2 Junior Basic School"", ""JATESWAR-I/V"", ""5"", ""Jateswar-I/PS-9"", ""Falakata/ZP-13""]",,native_fields_parsed
West Bengal,Alipurduar,2018,constituency_crosswalk,JATESWAR-I,JATESWAR-I/VI,6,13-Falakata(SC)/50,"43, Dakshin Dhulagaon Junior Basic
School",Jateswar-I/PS-10,Falakata/ZP-13,data/wb/gp_source_search/historical_expansion/alipurduar_CONSTITUENCY_5fe98655.pdf,fd2063117af535c39b67f049573eb3ff1a8fcea3df4ba8c56deb6f6979cdba59,19,1,18,"[24.959999999999997, 17.75999999999999, 822.7199999999999, 569.52]","[""FALAKATA"", ""13-Falakata(SC)/50"", ""43, Dakshin Dhulagaon Junior Basic\nSchool"", ""JATESWAR-I/VI"", ""6"", ""Jateswar-I/PS-10"", ""Falakata/ZP-13""]",,native_fields_parsed
West Bengal,Alipurduar,2018,constituency_crosswalk,JATESWAR-I,JATESWAR-I/VII,7,13-Falakata(SC)/51,"44, Dhulagaon High School (Room No-
1)",Jateswar-I/PS-10,Falakata/ZP-13,data/wb/gp_source_search/historical_expansion/alipurduar_CONSTITUENCY_5fe98655.pdf,fd2063117af535c39b67f049573eb3ff1a8fcea3df4ba8c56deb6f6979cdba59,19,1,19,"[24.959999999999997, 17.75999999999999, 822.7199999999999, 569.52]","[""FALAKATA"", ""13-Falakata(SC)/51"", ""44, Dhulagaon High School (Room No-\n1)"", ""JATESWAR-I/VII"", ""7"", ""Jateswar-I/PS-10"", ""Falakata/ZP-13""]",,native_fields_parsed
West Bengal,Alipurduar,2018,constituency_crosswalk,JATESWAR-I,JATESWAR-I/VIII,8,13-Falakata(SC)/52,"45, Dalgaon No.-1 Board Free Pry.
School",Jateswar-I/PS-10,Falakata/ZP-13,data/wb/gp_source_search/historical_expansion/alipurduar_CONSTITUENCY_5fe98655.pdf,fd2063117af535c39b67f049573eb3ff1a8fcea3df4ba8c56deb6f6979cdba59,19,1,20,"[24.959999999999997, 17.75999999999999, 822.7199999999999, 569.52]","[""FALAKATA"", ""13-Falakata(SC)/52"", ""45, Dalgaon No.-1 Board Free Pry.\nSchool"", ""JATESWAR-I/VIII"", ""8"", ""Jateswar-I/PS-10"", ""Falakata/ZP-13""]",,native_fields_parsed
West Bengal,Alipurduar,2018,constituency_crosswalk,JATESWAR-I,JATESWAR-I/IX,9,13-Falakata(SC)/53,"46, Dhulagaon High School (Room No-
2)",Jateswar-I/PS-10,Falakata/ZP-13,data/wb/gp_source_search/historical_expansion/alipurduar_CONSTITUENCY_5fe98655.pdf,fd2063117af535c39b67f049573eb3ff1a8fcea3df4ba8c56deb6f6979cdba59,19,1,21,"[24.959999999999997, 17.75999999999999, 822.7199999999999, 569.52]","[""FALAKATA"", ""13-Falakata(SC)/53"", ""46, Dhulagaon High School (Room No-\n2)"", ""JATESWAR-I/IX"", ""9"", ""Jateswar-I/PS-10"", ""Falakata/ZP-13""]",,native_fields_parsed
West Bengal,Alipurduar,2018,constituency_crosswalk,JATESWAR-I,JATESWAR-I/X,10,13-Falakata(SC)/54,"47, Karaibari Balimantari Pry. School",Jateswar-I/PS-10,Falakata/ZP-13,data/wb/gp_source_search/historical_expansion/alipurduar_CONSTITUENCY_5fe98655.pdf,fd2063117af535c39b67f049573eb3ff1a8fcea3df4ba8c56deb6f6979cdba59,19,1,22,"[24.959999999999997, 17.75999999999999, 822.7199999999999, 569.52]","[""FALAKATA"", ""13-Falakata(SC)/54"", ""47, Karaibari Balimantari Pry. School"", ""JATESWAR-I/X"", ""10"", ""Jateswar-I/PS-10"", ""Falakata/ZP-13""]",,native_fields_parsed
West Bengal,Alipurduar,2018,constituency_crosswalk,JJAATTEESSWWAARR--II/,JJAATTEESSWWAARR--II//XXII,1111,1133--FFaallaakkaattaa((SSCC))//5555,"48/1, Dalgaon Garo Basti Pry. School",JJaatteesswwaarr--II//PPSS--1100,FFaallaakkaattaa//ZZPP--1133,data/wb/gp_source_search/historical_expansion/alipurduar_CONSTITUENCY_5fe98655.pdf,fd2063117af535c39b67f049573eb3ff1a8fcea3df4ba8c56deb6f6979cdba59,19,1,23,"[24.959999999999997, 17.75999999999999, 822.7199999999999, 569.52]","[""FALAKATA"", ""1133--FFaallaakkaattaa((SSCC))//5555"", ""48/1, Dalgaon Garo Basti Pry. School"", ""JJAATTEESSWWAARR--II//XXII"", ""1111"", ""JJaatteesswwaarr--II//PPSS--1100"", ""FFaallaakkaattaa//ZZPP--1133""]",duplicated_native_glyphs,needs_review
West Bengal,Alipurduar,2018,constituency_crosswalk,JATESWAR-I,JATESWAR-I/XI,11,13-Falakata(SC)/56,"48/2, Chekabari primary school",Jateswar-I/PS-10,Falakata/ZP-13,data/wb/gp_source_search/historical_expansion/alipurduar_CONSTITUENCY_5fe98655.pdf,fd2063117af535c39b67f049573eb3ff1a8fcea3df4ba8c56deb6f6979cdba59,19,1,24,"[24.959999999999997, 17.75999999999999, 822.7199999999999, 569.52]","[""FALAKATA"", ""13-Falakata(SC)/56"", ""48/2, Chekabari primary school"", ""JATESWAR-I/XI"", ""11"", ""Jateswar-I/PS-10"", ""Falakata/ZP-13""]",,native_fields_parsed
West Bengal,Alipurduar,2018,constituency_crosswalk,JATESWAR-I,JATESWAR-I/XII,12,13-Falakata(SC)/57,"49, Dalgaon Basti New Primary School",Jateswar-I/PS-10,Falakata/ZP-13,data/wb/gp_source_search/historical_expansion/alipurduar_CONSTITUENCY_5fe98655.pdf,fd2063117af535c39b67f049573eb3ff1a8fcea3df4ba8c56deb6f6979cdba59,20,1,1,"[24.959999999999997, 17.75999999999999, 822.7199999999999, 569.52]","[""FALAKATA"", ""13-Falakata(SC)/57"", ""49, Dalgaon Basti New Primary School"", ""JATESWAR-I/XII"", ""12"", ""Jateswar-I/PS-10"", ""Falakata/ZP-13""]",,native_fields_parsed
West Bengal,Alipurduar,2018,constituency_crosswalk,JATESWAR-I,JATESWAR-I/XIII,13,13-Falakata(SC)/58,"50, Hedayatnagar S.C Pry. School",Jateswar-I/PS-11,Falakata/ZP-13,data/wb/gp_source_search/historical_expansion/alipurduar_CONSTITUENCY_5fe98655.pdf,fd2063117af535c39b67f049573eb3ff1a8fcea3df4ba8c56deb6f6979cdba59,20,1,2,"[24.959999999999997, 17.75999999999999, 822.7199999999999, 569.52]","[""FALAKATA"", ""13-Falakata(SC)/58"", ""50, Hedayatnagar S.C Pry. School"", ""JATESWAR-I/XIII"", ""13"", ""Jateswar-I/PS-11"", ""Falakata/ZP-13""]",,native_fields_parsed
West Bengal,Alipurduar,2018,constituency_crosswalk,JATESWAR-I,JATESWAR-I/XIV,14,13-Falakata(SC)/59,"51, Shantinagar Colony Pry School",Jateswar-I/PS-11,Falakata/ZP-13,data/wb/gp_source_search/historical_expansion/alipurduar_CONSTITUENCY_5fe98655.pdf,fd2063117af535c39b67f049573eb3ff1a8fcea3df4ba8c56deb6f6979cdba59,20,1,3,"[24.959999999999997, 17.75999999999999, 822.7199999999999, 569.52]","[""FALAKATA"", ""13-Falakata(SC)/59"", ""51, Shantinagar Colony Pry School"", ""JATESWAR-I/XIV"", ""14"", ""Jateswar-I/PS-11"", ""Falakata/ZP-13""]",,native_fields_parsed
West Bengal,Alipurduar,2018,constituency_crosswalk,JATESWAR-I,JATESWAR-I/XV,15,13-Falakata(SC)/60,"52/1, Hedayatnagar New Pry
School(Jasoda)",Jateswar-I/PS-11,Falakata/ZP-13,data/wb/gp_source_search/historical_expansion/alipurduar_CONSTITUENCY_5fe98655.pdf,fd2063117af535c39b67f049573eb3ff1a8fcea3df4ba8c56deb6f6979cdba59,20,1,4,"[24.959999999999997, 17.75999999999999, 822.7199999999999, 569.52]","[""FALAKATA"", ""13-Falakata(SC)/60"", ""52/1, Hedayatnagar New Pry\nSchool(Jasoda)"", ""JATESWAR-I/XV"", ""15"", ""Jateswar-I/PS-11"", ""Falakata/ZP-13""]",,native_fields_parsed
West Bengal,Alipurduar,2018,constituency_crosswalk,JATESWAR-I,JATESWAR-I/XV,15,13-Falakata(SC)/61,"52/2, Hedayatnagar Child Education
Center",Jateswar-I/PS-11,Falakata/ZP-13,data/wb/gp_source_search/historical_expansion/alipurduar_CONSTITUENCY_5fe98655.pdf,fd2063117af535c39b67f049573eb3ff1a8fcea3df4ba8c56deb6f6979cdba59,20,1,5,"[24.959999999999997, 17.75999999999999, 822.7199999999999, 569.52]","[""FALAKATA"", ""13-Falakata(SC)/61"", ""52/2, Hedayatnagar Child Education\nCenter"", ""JATESWAR-I/XV"", ""15"", ""Jateswar-I/PS-11"", ""Falakata/ZP-13""]",,native_fields_parsed
West Bengal,Alipurduar,2018,constituency_crosswalk,JATESWAR-I,JATESWAR-I/XVI,16,13-Falakata(SC)/62,"53, Jateswar No.-I Gram Panchayat
Office",Jateswar-I/PS-11,Falakata/ZP-13,data/wb/gp_source_search/historical_expansion/alipurduar_CONSTITUENCY_5fe98655.pdf,fd2063117af535c39b67f049573eb3ff1a8fcea3df4ba8c56deb6f6979cdba59,20,1,6,"[24.959999999999997, 17.75999999999999, 822.7199999999999, 569.52]","[""FALAKATA"", ""13-Falakata(SC)/62"", ""53, Jateswar No.-I Gram Panchayat\nOffice"", ""JATESWAR-I/XVI"", ""16"", ""Jateswar-I/PS-11"", ""Falakata/ZP-13""]",,native_fields_parsed
West Bengal,Alipurduar,2018,constituency_crosswalk,JATESWAR-I,JATESWAR-I/XVII,17,13-Falakata(SC)/63,"54/1, Hedayatnagar Pry. School",Jateswar-I/PS-11,Falakata/ZP-13,data/wb/gp_source_search/historical_expansion/alipurduar_CONSTITUENCY_5fe98655.pdf,fd2063117af535c39b67f049573eb3ff1a8fcea3df4ba8c56deb6f6979cdba59,20,1,7,"[24.959999999999997, 17.75999999999999, 822.7199999999999, 569.52]","[""FALAKATA"", ""13-Falakata(SC)/63"", ""54/1, Hedayatnagar Pry. School"", ""JATESWAR-I/XVII"", ""17"", ""Jateswar-I/PS-11"", ""Falakata/ZP-13""]",,native_fields_parsed
West Bengal,Alipurduar,2018,constituency_crosswalk,JATESWAR-I,JATESWAR-I/XVII,17,13-Falakata(SC)/64,"54/2, Agradut Sangha Maitree
Pathagar",Jateswar-I/PS-11,Falakata/ZP-13,data/wb/gp_source_search/historical_expansion/alipurduar_CONSTITUENCY_5fe98655.pdf,fd2063117af535c39b67f049573eb3ff1a8fcea3df4ba8c56deb6f6979cdba59,20,1,8,"[24.959999999999997, 17.75999999999999, 822.7199999999999, 569.52]","[""FALAKATA"", ""13-Falakata(SC)/64"", ""54/2, Agradut Sangha Maitree\nPathagar"", ""JATESWAR-I/XVII"", ""17"", ""Jateswar-I/PS-11"", ""Falakata/ZP-13""]",,native_fields_parsed
West Bengal,Alipurduar,2018,constituency_crosswalk,DEOGAON,DEOGAON/I,1,13-Falakata(SC)/65,"55, Karjeepara Pry. School",Deogaon/PS-12,Falakata/ZP-14,data/wb/gp_source_search/historical_expansion/alipurduar_CONSTITUENCY_5fe98655.pdf,fd2063117af535c39b67f049573eb3ff1a8fcea3df4ba8c56deb6f6979cdba59,20,1,9,"[24.959999999999997, 17.75999999999999, 822.7199999999999, 569.52]","[""FALAKATA"", ""13-Falakata(SC)/65"", ""55, Karjeepara Pry. School"", ""DEOGAON/I"", ""1"", ""Deogaon/PS-12"", ""Falakata/ZP-14""]",,native_fields_parsed
West Bengal,Alipurduar,2018,constituency_crosswalk,DEOGAON,DEOGAON/II,2,13-Falakata(SC)/66,"56, Uttar Deogaon ICDS Centre No 370",Deogaon/PS-12,Falakata/ZP-14,data/wb/gp_source_search/historical_expansion/alipurduar_CONSTITUENCY_5fe98655.pdf,fd2063117af535c39b67f049573eb3ff1a8fcea3df4ba8c56deb6f6979cdba59,20,1,10,"[24.959999999999997, 17.75999999999999, 822.7199999999999, 569.52]","[""FALAKATA"", ""13-Falakata(SC)/66"", ""56, Uttar Deogaon ICDS Centre No 370"", ""DEOGAON/II"", ""2"", ""Deogaon/PS-12"", ""Falakata/ZP-14""]",,native_fields_parsed
West Bengal,Alipurduar,2018,constituency_crosswalk,DEOGAON,DEOGAON/III,3,13-Falakata(SC)/67,"57, Janabalitari Pry. School",Deogaon/PS-12,Falakata/ZP-14,data/wb/gp_source_search/historical_expansion/alipurduar_CONSTITUENCY_5fe98655.pdf,fd2063117af535c39b67f049573eb3ff1a8fcea3df4ba8c56deb6f6979cdba59,20,1,11,"[24.959999999999997, 17.75999999999999, 822.7199999999999, 569.52]","[""FALAKATA"", ""13-Falakata(SC)/67"", ""57, Janabalitari Pry. School"", ""DEOGAON/III"", ""3"", ""Deogaon/PS-12"", ""Falakata/ZP-14""]",,native_fields_parsed
West Bengal,Alipurduar,2018,constituency_crosswalk,DDEEOOGGAAOONN/,DDEEOOGGAAOONN//IIVV,44,1133--FFaallaakkaattaa((SSCC))//6688,"5588,, SSeeaallddaannggaa PPrryy.. SScchhooooll",DDeeooggaaoonn//PPSS--1122,FFaallaakkaattaa//ZZPP--1144,data/wb/gp_source_search/historical_expansion/alipurduar_CONSTITUENCY_5fe98655.pdf,fd2063117af535c39b67f049573eb3ff1a8fcea3df4ba8c56deb6f6979cdba59,20,1,12,"[24.959999999999997, 17.75999999999999, 822.7199999999999, 569.52]","[""FFAALLAAKKAATTAA"", ""1133--FFaallaakkaattaa((SSCC))//6688"", ""5588,, SSeeaallddaannggaa PPrryy.. SScchhooooll"", ""DDEEOOGGAAOONN//IIVV"", ""44"", ""DDeeooggaaoonn//PPSS--1122"", ""FFaallaakkaattaa//ZZPP--1144""]",duplicated_native_glyphs,needs_review
West Bengal,Alipurduar,2018,constituency_crosswalk,DEOGAON,DEOGAON/IV,4,13-Falakata(SC)/68,"58 Ka, Sealdanga Pry. School",Deogaon/PS-12,Falakata/ZP-14,data/wb/gp_source_search/historical_expansion/alipurduar_CONSTITUENCY_5fe98655.pdf,fd2063117af535c39b67f049573eb3ff1a8fcea3df4ba8c56deb6f6979cdba59,20,1,13,"[24.959999999999997, 17.75999999999999, 822.7199999999999, 569.52]","[""FALAKATA"", ""13-Falakata(SC)/68"", ""58 Ka, Sealdanga Pry. School"", ""DEOGAON/IV"", ""4"", ""Deogaon/PS-12"", ""Falakata/ZP-14""]",,native_fields_parsed
West Bengal,Alipurduar,2018,constituency_crosswalk,DEOGAON,DEOGAON/V,5,13-Falakata(SC)/69,"59, Ramjan Ali SSK",Deogaon/PS-12,Falakata/ZP-14,data/wb/gp_source_search/historical_expansion/alipurduar_CONSTITUENCY_5fe98655.pdf,fd2063117af535c39b67f049573eb3ff1a8fcea3df4ba8c56deb6f6979cdba59,20,1,14,"[24.959999999999997, 17.75999999999999, 822.7199999999999, 569.52]","[""FALAKATA"", ""13-Falakata(SC)/69"", ""59, Ramjan Ali SSK"", ""DEOGAON/V"", ""5"", ""Deogaon/PS-12"", ""Falakata/ZP-14""]",,native_fields_parsed
West Bengal,Alipurduar,2018,constituency_crosswalk,DEOGAON,DEOGAON/VI,6,13-Falakata(SC)/70,"60, Deogaon No.-1 Board Free Pry.
School",Deogaon/PS-12,Falakata/ZP-14,data/wb/gp_source_search/historical_expansion/alipurduar_CONSTITUENCY_5fe98655.pdf,fd2063117af535c39b67f049573eb3ff1a8fcea3df4ba8c56deb6f6979cdba59,20,1,15,"[24.959999999999997, 17.75999999999999, 822.7199999999999, 569.52]","[""FALAKATA"", ""13-Falakata(SC)/70"", ""60, Deogaon No.-1 Board Free Pry.\nSchool"", ""DEOGAON/VI"", ""6"", ""Deogaon/PS-12"", ""Falakata/ZP-14""]",,native_fields_parsed
West Bengal,Alipurduar,2018,constituency_crosswalk,DEOGAON,DEOGAON/VII,7,13-Falakata(SC)/71,"61, Deogaon No.-2 Junior Basic School",Deogaon/PS-12,Falakata/ZP-14,data/wb/gp_source_search/historical_expansion/alipurduar_CONSTITUENCY_5fe98655.pdf,fd2063117af535c39b67f049573eb3ff1a8fcea3df4ba8c56deb6f6979cdba59,20,1,16,"[24.959999999999997, 17.75999999999999, 822.7199999999999, 569.52]","[""FALAKATA"", ""13-Falakata(SC)/71"", ""61, Deogaon No.-2 Junior Basic School"", ""DEOGAON/VII"", ""7"", ""Deogaon/PS-12"", ""Falakata/ZP-14""]",,native_fields_parsed
West Bengal,Alipurduar,2018,constituency_crosswalk,DEOGAON,DEOGAON/VIII,8,13-Falakata(SC)/72,"62, Dakshin Deagaon Tribal para
Primary School",Deogaon/PS-12,Falakata/ZP-14,data/wb/gp_source_search/historical_expansion/alipurduar_CONSTITUENCY_5fe98655.pdf,fd2063117af535c39b67f049573eb3ff1a8fcea3df4ba8c56deb6f6979cdba59,20,1,17,"[24.959999999999997, 17.75999999999999, 822.7199999999999, 569.52]","[""FALAKATA"", ""13-Falakata(SC)/72"", ""62, Dakshin Deagaon Tribal para\nPrimary School"", ""DEOGAON/VIII"", ""8"", ""Deogaon/PS-12"", ""Falakata/ZP-14""]",,native_fields_parsed
West Bengal,Alipurduar,2018,constituency_crosswalk,DEOGAON,DEOGAON/IX,9,13-Falakata(SC)/73,"63/1, Paschim Deogaon Special Cadre
Pry. School (Room-1)",Deogaon/PS-13,Falakata/ZP-14,data/wb/gp_source_search/historical_expansion/alipurduar_CONSTITUENCY_5fe98655.pdf,fd2063117af535c39b67f049573eb3ff1a8fcea3df4ba8c56deb6f6979cdba59,20,1,18,"[24.959999999999997, 17.75999999999999, 822.7199999999999, 569.52]","[""FALAKATA"", ""13-Falakata(SC)/73"", ""63/1, Paschim Deogaon Special Cadre\nPry. School (Room-1)"", ""DEOGAON/IX"", ""9"", ""Deogaon/PS-13"", ""Falakata/ZP-14""]",,native_fields_parsed
West Bengal,Alipurduar,2018,constituency_crosswalk,DEOGAON,DEOGAON/IX,9,13-Falakata(SC)/74,"63/2, Paschim Deogaon Special Cadre
Pry. School (Room-2)",Deogaon/PS-13,Falakata/ZP-14,data/wb/gp_source_search/historical_expansion/alipurduar_CONSTITUENCY_5fe98655.pdf,fd2063117af535c39b67f049573eb3ff1a8fcea3df4ba8c56deb6f6979cdba59,20,1,19,"[24.959999999999997, 17.75999999999999, 822.7199999999999, 569.52]","[""FALAKATA"", ""13-Falakata(SC)/74"", ""63/2, Paschim Deogaon Special Cadre\nPry. School (Room-2)"", ""DEOGAON/IX"", ""9"", ""Deogaon/PS-13"", ""Falakata/ZP-14""]",,native_fields_parsed
West Bengal,Alipurduar,2018,constituency_crosswalk,DEOGAON,DEOGAON/X,10,13-Falakata(SC)/75,"64, Paschim Jharbeltali CS Pry. School",Deogaon/PS-13,Falakata/ZP-14,data/wb/gp_source_search/historical_expansion/alipurduar_CONSTITUENCY_5fe98655.pdf,fd2063117af535c39b67f049573eb3ff1a8fcea3df4ba8c56deb6f6979cdba59,20,1,20,"[24.959999999999997, 17.75999999999999, 822.7199999999999, 569.52]","[""FALAKATA"", ""13-Falakata(SC)/75"", ""64, Paschim Jharbeltali CS Pry. School"", ""DEOGAON/X"", ""10"", ""Deogaon/PS-13"", ""Falakata/ZP-14""]",,native_fields_parsed
West Bengal,Alipurduar,2018,constituency_crosswalk,DEOGAON,DEOGAON/XI,11,13-Falakata(SC)/76,"65, Jharbeltali SSK",Deogaon/PS-13,Falakata/ZP-14,data/wb/gp_source_search/historical_expansion/alipurduar_CONSTITUENCY_5fe98655.pdf,fd2063117af535c39b67f049573eb3ff1a8fcea3df4ba8c56deb6f6979cdba59,20,1,21,"[24.959999999999997, 17.75999999999999, 822.7199999999999, 569.52]","[""FALAKATA"", ""13-Falakata(SC)/76"", ""65, Jharbeltali SSK"", ""DEOGAON/XI"", ""11"", ""Deogaon/PS-13"", ""Falakata/ZP-14""]",,native_fields_parsed
West Bengal,Alipurduar,2018,constituency_crosswalk,DEOGAON,DEOGAON/XII,12,13-Falakata(SC)/77,"66/1, Sukchand Junior Basic School
(Room-1)",Deogaon/PS-13,Falakata/ZP-14,data/wb/gp_source_search/historical_expansion/alipurduar_CONSTITUENCY_5fe98655.pdf,fd2063117af535c39b67f049573eb3ff1a8fcea3df4ba8c56deb6f6979cdba59,20,1,22,"[24.959999999999997, 17.75999999999999, 822.7199999999999, 569.52]","[""FALAKATA"", ""13-Falakata(SC)/77"", ""66/1, Sukchand Junior Basic School\n(Room-1)"", ""DEOGAON/XII"", ""12"", ""Deogaon/PS-13"", ""Falakata/ZP-14""]",,native_fields_parsed
West Bengal,Alipurduar,2018,constituency_crosswalk,DDEEOOGGAAOONN/,DDEEOOGGAAOONN//XXIIII,1122,1133--FFaallaakkaattaa((SSCC))//7788,"6666//22,, SSuukkcchhaanndd JJuunniioorr BBaassiicc SScchhooooll
(Room-2)",DDeeooggaaoonn//PPSS--1133,FFaallaakkaattaa//ZZPP--1144,data/wb/gp_source_search/historical_expansion/alipurduar_CONSTITUENCY_5fe98655.pdf,fd2063117af535c39b67f049573eb3ff1a8fcea3df4ba8c56deb6f6979cdba59,20,1,23,"[24.959999999999997, 17.75999999999999, 822.7199999999999, 569.52]","[""FALAKATA"", ""1133--FFaallaakkaattaa((SSCC))//7788"", ""6666//22,, SSuukkcchhaanndd JJuunniioorr BBaassiicc SScchhooooll\n(Room-2)"", ""DDEEOOGGAAOONN//XXIIII"", ""1122"", ""DDeeooggaaoonn//PPSS--1133"", ""FFaallaakkaattaa//ZZPP--1144""]",duplicated_native_glyphs,needs_review
West Bengal,Alipurduar,2018,constituency_crosswalk,DEOGAON,DEOGAON/XIII,13,13-Falakata(SC)/79,"67, Dangerbari Pry. School",Deogaon/PS-13,Falakata/ZP-14,data/wb/gp_source_search/historical_expansion/alipurduar_CONSTITUENCY_5fe98655.pdf,fd2063117af535c39b67f049573eb3ff1a8fcea3df4ba8c56deb6f6979cdba59,20,1,24,"[24.959999999999997, 17.75999999999999, 822.7199999999999, 569.52]","[""FALAKATA"", ""13-Falakata(SC)/79"", ""67, Dangerbari Pry. School"", ""DEOGAON/XIII"", ""13"", ""Deogaon/PS-13"", ""Falakata/ZP-14""]",,native_fields_parsed
West Bengal,Alipurduar,2018,constituency_crosswalk,DEOGAON,DEOGAON/XIV,14,13-Falakata(SC)/80,"68, Purba Jhar Beltali SSK",Deogaon/PS-13,Falakata/ZP-14,data/wb/gp_source_search/historical_expansion/alipurduar_CONSTITUENCY_5fe98655.pdf,fd2063117af535c39b67f049573eb3ff1a8fcea3df4ba8c56deb6f6979cdba59,21,1,1,"[24.959999999999997, 17.75999999999999, 822.7199999999999, 569.52]","[""FALAKATA"", ""13-Falakata(SC)/80"", ""68, Purba Jhar Beltali SSK"", ""DEOGAON/XIV"", ""14"", ""Deogaon/PS-13"", ""Falakata/ZP-14""]",,native_fields_parsed
West Bengal,Alipurduar,2018,constituency_crosswalk,DEOGAON,DEOGAON/XV,15,13-Falakata(SC)/81,"69, Judhisthir S. P Pry. School",Deogaon/PS-14,Falakata/ZP-14,data/wb/gp_source_search/historical_expansion/alipurduar_CONSTITUENCY_5fe98655.pdf,fd2063117af535c39b67f049573eb3ff1a8fcea3df4ba8c56deb6f6979cdba59,21,1,2,"[24.959999999999997, 17.75999999999999, 822.7199999999999, 569.52]","[""FALAKATA"", ""13-Falakata(SC)/81"", ""69, Judhisthir S. P Pry. School"", ""DEOGAON/XV"", ""15"", ""Deogaon/PS-14"", ""Falakata/ZP-14""]",,native_fields_parsed
West Bengal,Alipurduar,2018,constituency_crosswalk,DEOGAON,DEOGAON/XVI,16,13-Falakata(SC)/82,"70, Nabanagar No.-2 State Plan Pry.
School",Deogaon/PS-14,Falakata/ZP-14,data/wb/gp_source_search/historical_expansion/alipurduar_CONSTITUENCY_5fe98655.pdf,fd2063117af535c39b67f049573eb3ff1a8fcea3df4ba8c56deb6f6979cdba59,21,1,3,"[24.959999999999997, 17.75999999999999, 822.7199999999999, 569.52]","[""FALAKATA"", ""13-Falakata(SC)/82"", ""70, Nabanagar No.-2 State Plan Pry.\nSchool"", ""DEOGAON/XVI"", ""16"", ""Deogaon/PS-14"", ""Falakata/ZP-14""]",,native_fields_parsed
West Bengal,Alipurduar,2018,constituency_crosswalk,DEOGAON,DEOGAON/XVII,17,13-Falakata(SC)/83,"71/1, Harinathpur state Plan Pry.
School",Deogaon/PS-14,Falakata/ZP-14,data/wb/gp_source_search/historical_expansion/alipurduar_CONSTITUENCY_5fe98655.pdf,fd2063117af535c39b67f049573eb3ff1a8fcea3df4ba8c56deb6f6979cdba59,21,1,4,"[24.959999999999997, 17.75999999999999, 822.7199999999999, 569.52]","[""FALAKATA"", ""13-Falakata(SC)/83"", ""71/1, Harinathpur state Plan Pry.\nSchool"", ""DEOGAON/XVII"", ""17"", ""Deogaon/PS-14"", ""Falakata/ZP-14""]",,native_fields_parsed
West Bengal,Alipurduar,2018,constituency_crosswalk,DEOGAON,DEOGAON/XVII,17,13-Falakata(SC)/84,"71/2, Harinathpur Purbapara Primary
School",Deogaon/PS-14,Falakata/ZP-14,data/wb/gp_source_search/historical_expansion/alipurduar_CONSTITUENCY_5fe98655.pdf,fd2063117af535c39b67f049573eb3ff1a8fcea3df4ba8c56deb6f6979cdba59,21,1,5,"[24.959999999999997, 17.75999999999999, 822.7199999999999, 569.52]","[""FALAKATA"", ""13-Falakata(SC)/84"", ""71/2, Harinathpur Purbapara Primary\nSchool"", ""DEOGAON/XVII"", ""17"", ""Deogaon/PS-14"", ""Falakata/ZP-14""]",,native_fields_parsed
West Bengal,Alipurduar,2018,constituency_crosswalk,DEOGAON,DEOGAON/XVIII,18,13-Falakata(SC)/85,"72/1, Kabiguru Pathagar",Deogaon/PS-14,Falakata/ZP-14,data/wb/gp_source_search/historical_expansion/alipurduar_CONSTITUENCY_5fe98655.pdf,fd2063117af535c39b67f049573eb3ff1a8fcea3df4ba8c56deb6f6979cdba59,21,1,6,"[24.959999999999997, 17.75999999999999, 822.7199999999999, 569.52]","[""FALAKATA"", ""13-Falakata(SC)/85"", ""72/1, Kabiguru Pathagar"", ""DEOGAON/XVIII"", ""18"", ""Deogaon/PS-14"", ""Falakata/ZP-14""]",,native_fields_parsed
West Bengal,Alipurduar,2018,constituency_crosswalk,DEOGAON,DEOGAON/XVIII,18,13-Falakata(SC)/86,"72/2, Swamiji Pry. School",Deogaon/PS-14,Falakata/ZP-14,data/wb/gp_source_search/historical_expansion/alipurduar_CONSTITUENCY_5fe98655.pdf,fd2063117af535c39b67f049573eb3ff1a8fcea3df4ba8c56deb6f6979cdba59,21,1,7,"[24.959999999999997, 17.75999999999999, 822.7199999999999, 569.52]","[""FALAKATA"", ""13-Falakata(SC)/86"", ""72/2, Swamiji Pry. School"", ""DEOGAON/XVIII"", ""18"", ""Deogaon/PS-14"", ""Falakata/ZP-14""]",,native_fields_parsed
West Bengal,Alipurduar,2018,constituency_crosswalk,DEOGAON,DEOGAON/XIX,19,13-Falakata(SC)/87,"73, Beltali Bhandani Board Free Pry.
School",Deogaon/PS-14,Falakata/ZP-14,data/wb/gp_source_search/historical_expansion/alipurduar_CONSTITUENCY_5fe98655.pdf,fd2063117af535c39b67f049573eb3ff1a8fcea3df4ba8c56deb6f6979cdba59,21,1,8,"[24.959999999999997, 17.75999999999999, 822.7199999999999, 569.52]","[""FALAKATA"", ""13-Falakata(SC)/87"", ""73, Beltali Bhandani Board Free Pry.\nSchool"", ""DEOGAON/XIX"", ""19"", ""Deogaon/PS-14"", ""Falakata/ZP-14""]",,native_fields_parsed
West Bengal,Alipurduar,2018,constituency_crosswalk,DEOGAON,DEOGAON/XX,20,13-Falakata(SC)/88,"74, Bhandani Pry. School",Deogaon/PS-14,Falakata/ZP-14,data/wb/gp_source_search/historical_expansion/alipurduar_CONSTITUENCY_5fe98655.pdf,fd2063117af535c39b67f049573eb3ff1a8fcea3df4ba8c56deb6f6979cdba59,21,1,9,"[24.959999999999997, 17.75999999999999, 822.7199999999999, 569.52]","[""FALAKATA"", ""13-Falakata(SC)/88"", ""74, Bhandani Pry. School"", ""DEOGAON/XX"", ""20"", ""Deogaon/PS-14"", ""Falakata/ZP-14""]",,native_fields_parsed
West Bengal,Alipurduar,2018,constituency_crosswalk,SALKUMAR,SALKUMAR/I,1,13-Falakata(SC)/89,"75, Umacharanpur Junior Basic School",Salkumar/PS-15,Falakata/ZP-14,data/wb/gp_source_search/historical_expansion/alipurduar_CONSTITUENCY_5fe98655.pdf,fd2063117af535c39b67f049573eb3ff1a8fcea3df4ba8c56deb6f6979cdba59,21,1,10,"[24.959999999999997, 17.75999999999999, 822.7199999999999, 569.52]","[""FALAKATA"", ""13-Falakata(SC)/89"", ""75, Umacharanpur Junior Basic School"", ""SALKUMAR/I"", ""1"", ""Salkumar/PS-15"", ""Falakata/ZP-14""]",,native_fields_parsed
West Bengal,Alipurduar,2018,constituency_crosswalk,SALKUMAR,SALKUMAR/II,2,13-Falakata(SC)/90,"76, Kinuram Oraon SSK",Salkumar/PS-15,Falakata/ZP-14,data/wb/gp_source_search/historical_expansion/alipurduar_CONSTITUENCY_5fe98655.pdf,fd2063117af535c39b67f049573eb3ff1a8fcea3df4ba8c56deb6f6979cdba59,21,1,11,"[24.959999999999997, 17.75999999999999, 822.7199999999999, 569.52]","[""FALAKATA"", ""13-Falakata(SC)/90"", ""76, Kinuram Oraon SSK"", ""SALKUMAR/II"", ""2"", ""Salkumar/PS-15"", ""Falakata/ZP-14""]",,native_fields_parsed
West Bengal,Alipurduar,2018,constituency_crosswalk,SALKUMAR,SALKUMAR/III,3,13-Falakata(SC)/91,"77, Necharuddin Miya AWC",Salkumar/PS-15,Falakata/ZP-14,data/wb/gp_source_search/historical_expansion/alipurduar_CONSTITUENCY_5fe98655.pdf,fd2063117af535c39b67f049573eb3ff1a8fcea3df4ba8c56deb6f6979cdba59,21,1,12,"[24.959999999999997, 17.75999999999999, 822.7199999999999, 569.52]","[""FALAKATA"", ""13-Falakata(SC)/91"", ""77, Necharuddin Miya AWC"", ""SALKUMAR/III"", ""3"", ""Salkumar/PS-15"", ""Falakata/ZP-14""]",,native_fields_parsed
West Bengal,Alipurduar,2018,constituency_crosswalk,SSAALLKKUUMMAARR/,SSAALLKKUUMMAARR//IIVV,44,1133--FFaallaakkaattaa((SSCC))//9922,"7788,, UUmmaacchhaarraannppuurr CC..SS.. PPrryy.. SScchhooooll",SSaallkkuummaarr//PPSS--1155,FFaallaakkaattaa//ZZPP--1144,data/wb/gp_source_search/historical_expansion/alipurduar_CONSTITUENCY_5fe98655.pdf,fd2063117af535c39b67f049573eb3ff1a8fcea3df4ba8c56deb6f6979cdba59,21,1,13,"[24.959999999999997, 17.75999999999999, 822.7199999999999, 569.52]","[""FFAALLAAKKAATTAA"", ""1133--FFaallaakkaattaa((SSCC))//9922"", ""7788,, UUmmaacchhaarraannppuurr CC..SS.. PPrryy.. SScchhooooll"", ""SSAALLKKUUMMAARR//IIVV"", ""44"", ""SSaallkkuummaarr//PPSS--1155"", ""FFaallaakkaattaa//ZZPP--1144""]",duplicated_native_glyphs,needs_review
West Bengal,Alipurduar,2018,constituency_crosswalk,SALKUMAR,SALKUMAR/V,5,13-Falakata(SC)/93,"79, Khawchandpara Special Cadre Pry.
School",Salkumar/PS-16,Falakata/ZP-14,data/wb/gp_source_search/historical_expansion/alipurduar_CONSTITUENCY_5fe98655.pdf,fd2063117af535c39b67f049573eb3ff1a8fcea3df4ba8c56deb6f6979cdba59,21,1,14,"[24.959999999999997, 17.75999999999999, 822.7199999999999, 569.52]","[""FALAKATA"", ""13-Falakata(SC)/93"", ""79, Khawchandpara Special Cadre Pry.\nSchool"", ""SALKUMAR/V"", ""5"", ""Salkumar/PS-16"", ""Falakata/ZP-14""]",,native_fields_parsed
West Bengal,Alipurduar,2018,constituency_crosswalk,SALKUMAR,SALKUMAR/VI,6,13-Falakata(SC)/94,"80, Khawchandpara Junior High School",Salkumar/PS-16,Falakata/ZP-14,data/wb/gp_source_search/historical_expansion/alipurduar_CONSTITUENCY_5fe98655.pdf,fd2063117af535c39b67f049573eb3ff1a8fcea3df4ba8c56deb6f6979cdba59,21,1,15,"[24.959999999999997, 17.75999999999999, 822.7199999999999, 569.52]","[""FALAKATA"", ""13-Falakata(SC)/94"", ""80, Khawchandpara Junior High School"", ""SALKUMAR/VI"", ""6"", ""Salkumar/PS-16"", ""Falakata/ZP-14""]",,native_fields_parsed
West Bengal,Alipurduar,2018,constituency_crosswalk,SALKUMAR,SALKUMAR/VII,7,13-Falakata(SC)/95,"81, Khawchandpara No.-2 S..P. Pry.
School",Salkumar/PS-16,Falakata/ZP-14,data/wb/gp_source_search/historical_expansion/alipurduar_CONSTITUENCY_5fe98655.pdf,fd2063117af535c39b67f049573eb3ff1a8fcea3df4ba8c56deb6f6979cdba59,21,1,16,"[24.959999999999997, 17.75999999999999, 822.7199999999999, 569.52]","[""FALAKATA"", ""13-Falakata(SC)/95"", ""81, Khawchandpara No.-2 S..P. Pry.\nSchool"", ""SALKUMAR/VII"", ""7"", ""Salkumar/PS-16"", ""Falakata/ZP-14""]",,native_fields_parsed
West Bengal,Alipurduar,2018,constituency_crosswalk,SALKUMAR,SALKUMAR/VIII,8,13-Falakata(SC)/96,"82, Joy Shib Sangha AWC
Khaowchandpara",Salkumar/PS-16,Falakata/ZP-14,data/wb/gp_source_search/historical_expansion/alipurduar_CONSTITUENCY_5fe98655.pdf,fd2063117af535c39b67f049573eb3ff1a8fcea3df4ba8c56deb6f6979cdba59,21,1,17,"[24.959999999999997, 17.75999999999999, 822.7199999999999, 569.52]","[""FALAKATA"", ""13-Falakata(SC)/96"", ""82, Joy Shib Sangha AWC\nKhaowchandpara"", ""SALKUMAR/VIII"", ""8"", ""Salkumar/PS-16"", ""Falakata/ZP-14""]",,native_fields_parsed
West Bengal,Alipurduar,2018,constituency_crosswalk,SALKUMAR,SALKUMAR/IX,9,13-Falakata(SC)/97,"83, 8.5 Mile AWC No- 269",Salkumar/PS-15,Falakata/ZP-14,data/wb/gp_source_search/historical_expansion/alipurduar_CONSTITUENCY_5fe98655.pdf,fd2063117af535c39b67f049573eb3ff1a8fcea3df4ba8c56deb6f6979cdba59,21,1,18,"[24.959999999999997, 17.75999999999999, 822.7199999999999, 569.52]","[""FALAKATA"", ""13-Falakata(SC)/97"", ""83, 8.5 Mile AWC No- 269"", ""SALKUMAR/IX"", ""9"", ""Salkumar/PS-15"", ""Falakata/ZP-14""]",,native_fields_parsed
West Bengal,Alipurduar,2018,constituency_crosswalk,SALKUMAR,SALKUMAR/X,10,13-Falakata(SC)/98,"84, Paschim Salkumar SSK",Salkumar/PS-15,Falakata/ZP-14,data/wb/gp_source_search/historical_expansion/alipurduar_CONSTITUENCY_5fe98655.pdf,fd2063117af535c39b67f049573eb3ff1a8fcea3df4ba8c56deb6f6979cdba59,21,1,19,"[24.959999999999997, 17.75999999999999, 822.7199999999999, 569.52]","[""FALAKATA"", ""13-Falakata(SC)/98"", ""84, Paschim Salkumar SSK"", ""SALKUMAR/X"", ""10"", ""Salkumar/PS-15"", ""Falakata/ZP-14""]",,native_fields_parsed
West Bengal,Alipurduar,2018,constituency_crosswalk,SALKUMAR,SALKUMAR/XI,11,13-Falakata(SC)/99,"85, Paschim Salkumar C.S Pry. School",Salkumar/PS-15,Falakata/ZP-14,data/wb/gp_source_search/historical_expansion/alipurduar_CONSTITUENCY_5fe98655.pdf,fd2063117af535c39b67f049573eb3ff1a8fcea3df4ba8c56deb6f6979cdba59,21,1,20,"[24.959999999999997, 17.75999999999999, 822.7199999999999, 569.52]","[""FALAKATA"", ""13-Falakata(SC)/99"", ""85, Paschim Salkumar C.S Pry. School"", ""SALKUMAR/XI"", ""11"", ""Salkumar/PS-15"", ""Falakata/ZP-14""]",,native_fields_parsed
West Bengal,Alipurduar,2018,constituency_crosswalk,SALKUMAR,SALKUMAR/XII,12,13-Falakata(SC)/100,"86, Awanganwari Centre No 78, 6 mile
Salkumar",Salkumar/PS-17,Falakata/ZP-14,data/wb/gp_source_search/historical_expansion/alipurduar_CONSTITUENCY_5fe98655.pdf,fd2063117af535c39b67f049573eb3ff1a8fcea3df4ba8c56deb6f6979cdba59,21,1,21,"[24.959999999999997, 17.75999999999999, 822.7199999999999, 569.52]","[""FALAKATA"", ""13-Falakata(SC)/100"", ""86, Awanganwari Centre No 78, 6 mile\nSalkumar"", ""SALKUMAR/XII"", ""12"", ""Salkumar/PS-17"", ""Falakata/ZP-14""]",,native_fields_parsed
West Bengal,Alipurduar,2018,constituency_crosswalk,SALKUMAR,SALKUMAR/XIII,13,13-Falakata(SC)/101,"87, Birsha Bidyabhaban High School
Room 2",Salkumar/PS-17,Falakata/ZP-14,data/wb/gp_source_search/historical_expansion/alipurduar_CONSTITUENCY_5fe98655.pdf,fd2063117af535c39b67f049573eb3ff1a8fcea3df4ba8c56deb6f6979cdba59,21,1,22,"[24.959999999999997, 17.75999999999999, 822.7199999999999, 569.52]","[""FALAKATA"", ""13-Falakata(SC)/101"", ""87, Birsha Bidyabhaban High School\nRoom 2"", ""SALKUMAR/XIII"", ""13"", ""Salkumar/PS-17"", ""Falakata/ZP-14""]",,native_fields_parsed
West Bengal,Alipurduar,2018,constituency_crosswalk,SALKUMAR,SALKUMAR/XIV,14,13-Falakata(SC)/102,"88/1, Chooto Salkumar Pry. School",Salkumar/PS-17,Falakata/ZP-14,data/wb/gp_source_search/historical_expansion/alipurduar_CONSTITUENCY_5fe98655.pdf,fd2063117af535c39b67f049573eb3ff1a8fcea3df4ba8c56deb6f6979cdba59,21,1,23,"[24.959999999999997, 17.75999999999999, 822.7199999999999, 569.52]","[""FALAKATA"", ""13-Falakata(SC)/102"", ""88/1, Chooto Salkumar Pry. School"", ""SALKUMAR/XIV"", ""14"", ""Salkumar/PS-17"", ""Falakata/ZP-14""]",,native_fields_parsed
West Bengal,Alipurduar,2018,constituency_crosswalk,SSAALLKKUUMMAARR/,SSAALLKKUUMMAARR//XXIIVV,1144,1133--FFaallaakkaattaa((SSCC))//110033,"8888//22,, MMuunnddaappaarraa SSSSKK",SSaallkkuummaarr//PPSS--1177,FFaallaakkaattaa//ZZPP--1144,data/wb/gp_source_search/historical_expansion/alipurduar_CONSTITUENCY_5fe98655.pdf,fd2063117af535c39b67f049573eb3ff1a8fcea3df4ba8c56deb6f6979cdba59,21,1,24,"[24.959999999999997, 17.75999999999999, 822.7199999999999, 569.52]","[""FFAALLAAKKAATTAA"", ""1133--FFaallaakkaattaa((SSCC))//110033"", ""8888//22,, MMuunnddaappaarraa SSSSKK"", ""SSAALLKKUUMMAARR//XXIIVV"", ""1144"", ""SSaallkkuummaarr//PPSS--1177"", ""FFaallaakkaattaa//ZZPP--1144""]",duplicated_native_glyphs,needs_review
West Bengal,Alipurduar,2018,constituency_crosswalk,SALKUMAR,SALKUMAR/XV,15,13-Falakata(SC)/104,"89/1, Hospitalpara Addl.Pry. School
(Room-1)",Salkumar/PS-16,Falakata/ZP-14,data/wb/gp_source_search/historical_expansion/alipurduar_CONSTITUENCY_5fe98655.pdf,fd2063117af535c39b67f049573eb3ff1a8fcea3df4ba8c56deb6f6979cdba59,21,1,25,"[24.959999999999997, 17.75999999999999, 822.7199999999999, 569.52]","[""FALAKATA"", ""13-Falakata(SC)/104"", ""89/1, Hospitalpara Addl.Pry. School\n(Room-1)"", ""SALKUMAR/XV"", ""15"", ""Salkumar/PS-16"", ""Falakata/ZP-14""]",,native_fields_parsed
West Bengal,Alipurduar,2018,constituency_crosswalk,SALKUMAR,SALKUMAR/XV,15,13-Falakata(SC)/105,"89/2, Hospitalpara Addl.Pry. School
(Room-2)",Salkumar/PS-16,Falakata/ZP-14,data/wb/gp_source_search/historical_expansion/alipurduar_CONSTITUENCY_5fe98655.pdf,fd2063117af535c39b67f049573eb3ff1a8fcea3df4ba8c56deb6f6979cdba59,22,1,1,"[24.959999999999997, 17.75999999999999, 822.7199999999999, 569.52]","[""FALAKATA"", ""13-Falakata(SC)/105"", ""89/2, Hospitalpara Addl.Pry. School\n(Room-2)"", ""SALKUMAR/XV"", ""15"", ""Salkumar/PS-16"", ""Falakata/ZP-14""]",,native_fields_parsed
West Bengal,Alipurduar,2018,constituency_crosswalk,SALKUMAR,SALKUMAR/XVI,16,13-Falakata(SC)/106,"90, Badaitari Ujiria High
MadrasahSchool",Salkumar/PS-16,Falakata/ZP-14,data/wb/gp_source_search/historical_expansion/alipurduar_CONSTITUENCY_5fe98655.pdf,fd2063117af535c39b67f049573eb3ff1a8fcea3df4ba8c56deb6f6979cdba59,22,1,2,"[24.959999999999997, 17.75999999999999, 822.7199999999999, 569.52]","[""FALAKATA"", ""13-Falakata(SC)/106"", ""90, Badaitari Ujiria High\nMadrasahSchool"", ""SALKUMAR/XVI"", ""16"", ""Salkumar/PS-16"", ""Falakata/ZP-14""]",,native_fields_parsed
West Bengal,Alipurduar,2018,constituency_crosswalk,SALKUMAR,SALKUMAR/XVI,16,13-Falakata(SC)/106,"90 Ka, Badaitari Ujiria High
MadrasahSchool",Salkumar/PS-16,Falakata/ZP-14,data/wb/gp_source_search/historical_expansion/alipurduar_CONSTITUENCY_5fe98655.pdf,fd2063117af535c39b67f049573eb3ff1a8fcea3df4ba8c56deb6f6979cdba59,22,1,3,"[24.959999999999997, 17.75999999999999, 822.7199999999999, 569.52]","[""FALAKATA"", ""13-Falakata(SC)/106"", ""90 Ka, Badaitari Ujiria High\nMadrasahSchool"", ""SALKUMAR/XVI"", ""16"", ""Salkumar/PS-16"", ""Falakata/ZP-14""]",,native_fields_parsed
West Bengal,Alipurduar,2018,constituency_crosswalk,SALKUMAR,SALKUMAR/XVII,17,13-Falakata(SC)/107,"91/1, Shibnathpur Board Free Pry.
School",Salkumar/PS-17,Falakata/ZP-14,data/wb/gp_source_search/historical_expansion/alipurduar_CONSTITUENCY_5fe98655.pdf,fd2063117af535c39b67f049573eb3ff1a8fcea3df4ba8c56deb6f6979cdba59,22,1,4,"[24.959999999999997, 17.75999999999999, 822.7199999999999, 569.52]","[""FALAKATA"", ""13-Falakata(SC)/107"", ""91/1, Shibnathpur Board Free Pry.\nSchool"", ""SALKUMAR/XVII"", ""17"", ""Salkumar/PS-17"", ""Falakata/ZP-14""]",,native_fields_parsed
West Bengal,Alipurduar,2018,constituency_crosswalk,SALKUMAR,SALKUMAR/XVII,17,13-Falakata(SC)/108,"91/2, Bhuban Chandra Smriti MSK",Salkumar/PS-17,Falakata/ZP-14,data/wb/gp_source_search/historical_expansion/alipurduar_CONSTITUENCY_5fe98655.pdf,fd2063117af535c39b67f049573eb3ff1a8fcea3df4ba8c56deb6f6979cdba59,22,1,5,"[24.959999999999997, 17.75999999999999, 822.7199999999999, 569.52]","[""FALAKATA"", ""13-Falakata(SC)/108"", ""91/2, Bhuban Chandra Smriti MSK"", ""SALKUMAR/XVII"", ""17"", ""Salkumar/PS-17"", ""Falakata/ZP-14""]",,native_fields_parsed
West Bengal,Alipurduar,2018,constituency_crosswalk,SALKUMAR,SALKUMAR/XVIII,18,13-Falakata(SC)/109,"92, Shibnathpur No.-2 C.S. Pry. School",Salkumar/PS-17,Falakata/ZP-14,data/wb/gp_source_search/historical_expansion/alipurduar_CONSTITUENCY_5fe98655.pdf,fd2063117af535c39b67f049573eb3ff1a8fcea3df4ba8c56deb6f6979cdba59,22,1,6,"[24.959999999999997, 17.75999999999999, 822.7199999999999, 569.52]","[""FALAKATA"", ""13-Falakata(SC)/109"", ""92, Shibnathpur No.-2 C.S. Pry. School"", ""SALKUMAR/XVIII"", ""18"", ""Salkumar/PS-17"", ""Falakata/ZP-14""]",,native_fields_parsed
West Bengal,Alipurduar,2018,constituency_crosswalk,SALKUMAR,SALKUMAR/XIX,19,13-Falakata(SC)/110,"93, Shibnathpur Achhiruddin SSK",Salkumar/PS-17,Falakata/ZP-14,data/wb/gp_source_search/historical_expansion/alipurduar_CONSTITUENCY_5fe98655.pdf,fd2063117af535c39b67f049573eb3ff1a8fcea3df4ba8c56deb6f6979cdba59,22,1,7,"[24.959999999999997, 17.75999999999999, 822.7199999999999, 569.52]","[""FALAKATA"", ""13-Falakata(SC)/110"", ""93, Shibnathpur Achhiruddin SSK"", ""SALKUMAR/XIX"", ""19"", ""Salkumar/PS-17"", ""Falakata/ZP-14""]",,native_fields_parsed
West Bengal,Alipurduar,2018,constituency_crosswalk,MAIRADANGA,MAIRADANGA/I,1,13-Falakata(SC)/111,"94, Uttar Parangerpar JB School",Mairadanga/PS-18,Falakata/ZP-14,data/wb/gp_source_search/historical_expansion/alipurduar_CONSTITUENCY_5fe98655.pdf,fd2063117af535c39b67f049573eb3ff1a8fcea3df4ba8c56deb6f6979cdba59,22,1,8,"[24.959999999999997, 17.75999999999999, 822.7199999999999, 569.52]","[""FALAKATA"", ""13-Falakata(SC)/111"", ""94, Uttar Parangerpar JB School"", ""MAIRADANGA/I"", ""1"", ""Mairadanga/PS-18"", ""Falakata/ZP-14""]",,native_fields_parsed
West Bengal,Alipurduar,2018,constituency_crosswalk,MAIRADANGA,MAIRADANGA/II,2,13-Falakata(SC)/112,"95, Moiradanga Goppu Memorial High
School (HS)",Mairadanga/PS-18,Falakata/ZP-14,data/wb/gp_source_search/historical_expansion/alipurduar_CONSTITUENCY_5fe98655.pdf,fd2063117af535c39b67f049573eb3ff1a8fcea3df4ba8c56deb6f6979cdba59,22,1,9,"[24.959999999999997, 17.75999999999999, 822.7199999999999, 569.52]","[""FALAKATA"", ""13-Falakata(SC)/112"", ""95, Moiradanga Goppu Memorial High\nSchool (HS)"", ""MAIRADANGA/II"", ""2"", ""Mairadanga/PS-18"", ""Falakata/ZP-14""]",,native_fields_parsed
West Bengal,Alipurduar,2018,constituency_crosswalk,MAIRADANGA,MAIRADANGA/III,3,13-Falakata(SC)/113,"96, Jogendrapur Junior Basic School
(Room-1)",Mairadanga/PS-18,Falakata/ZP-14,data/wb/gp_source_search/historical_expansion/alipurduar_CONSTITUENCY_5fe98655.pdf,fd2063117af535c39b67f049573eb3ff1a8fcea3df4ba8c56deb6f6979cdba59,22,1,10,"[24.959999999999997, 17.75999999999999, 822.7199999999999, 569.52]","[""FALAKATA"", ""13-Falakata(SC)/113"", ""96, Jogendrapur Junior Basic School\n(Room-1)"", ""MAIRADANGA/III"", ""3"", ""Mairadanga/PS-18"", ""Falakata/ZP-14""]",,native_fields_parsed
West Bengal,Alipurduar,2018,constituency_crosswalk,MAIRADANGA,MAIRADANGA/IV,4,13-Falakata(SC)/114,"97, Ramesh Chandra Addl. Pry. School",Mairadanga/PS-18,Falakata/ZP-14,data/wb/gp_source_search/historical_expansion/alipurduar_CONSTITUENCY_5fe98655.pdf,fd2063117af535c39b67f049573eb3ff1a8fcea3df4ba8c56deb6f6979cdba59,22,1,11,"[24.959999999999997, 17.75999999999999, 822.7199999999999, 569.52]","[""FALAKATA"", ""13-Falakata(SC)/114"", ""97, Ramesh Chandra Addl. Pry. School"", ""MAIRADANGA/IV"", ""4"", ""Mairadanga/PS-18"", ""Falakata/ZP-14""]",,native_fields_parsed
West Bengal,Alipurduar,2018,constituency_crosswalk,MAIRADANGA,MAIRADANGA/V,5,13-Falakata(SC)/115,"98, Rabi Para SSK",Mairadanga/PS-18,Falakata/ZP-14,data/wb/gp_source_search/historical_expansion/alipurduar_CONSTITUENCY_5fe98655.pdf,fd2063117af535c39b67f049573eb3ff1a8fcea3df4ba8c56deb6f6979cdba59,22,1,12,"[24.959999999999997, 17.75999999999999, 822.7199999999999, 569.52]","[""FALAKATA"", ""13-Falakata(SC)/115"", ""98, Rabi Para SSK"", ""MAIRADANGA/V"", ""5"", ""Mairadanga/PS-18"", ""Falakata/ZP-14""]",,native_fields_parsed
West Bengal,Alipurduar,2018,constituency_crosswalk,MAIRADANGA,MAIRADANGA/VI,6,13-Falakata(SC)/116,"99, Moiradanga State Plan Pry. School
(Room-1)",Mairadanga/PS-18,Falakata/ZP-14,data/wb/gp_source_search/historical_expansion/alipurduar_CONSTITUENCY_5fe98655.pdf,fd2063117af535c39b67f049573eb3ff1a8fcea3df4ba8c56deb6f6979cdba59,22,1,13,"[24.959999999999997, 17.75999999999999, 822.7199999999999, 569.52]","[""FALAKATA"", ""13-Falakata(SC)/116"", ""99, Moiradanga State Plan Pry. School\n(Room-1)"", ""MAIRADANGA/VI"", ""6"", ""Mairadanga/PS-18"", ""Falakata/ZP-14""]",,native_fields_parsed
West Bengal,Alipurduar,2018,constituency_crosswalk,MAIRADANGA,MAIRADANGA/VII,7,13-Falakata(SC)/117,"100, Moiradanga State Plan Pry.
School (Room-2)",Mairadanga/PS-18,Falakata/ZP-14,data/wb/gp_source_search/historical_expansion/alipurduar_CONSTITUENCY_5fe98655.pdf,fd2063117af535c39b67f049573eb3ff1a8fcea3df4ba8c56deb6f6979cdba59,22,1,14,"[24.959999999999997, 17.75999999999999, 822.7199999999999, 569.52]","[""FALAKATA"", ""13-Falakata(SC)/117"", ""100, Moiradanga State Plan Pry.\nSchool (Room-2)"", ""MAIRADANGA/VII"", ""7"", ""Mairadanga/PS-18"", ""Falakata/ZP-14""]",,native_fields_parsed
West Bengal,Alipurduar,2018,constituency_crosswalk,MAIRADANGA,MAIRADANGA/VIII,8,13-Falakata(SC)/118,"101, Moiradanga No.3 Pry. School",Mairadanga/PS-18,Falakata/ZP-14,data/wb/gp_source_search/historical_expansion/alipurduar_CONSTITUENCY_5fe98655.pdf,fd2063117af535c39b67f049573eb3ff1a8fcea3df4ba8c56deb6f6979cdba59,22,1,15,"[24.959999999999997, 17.75999999999999, 822.7199999999999, 569.52]","[""FALAKATA"", ""13-Falakata(SC)/118"", ""101, Moiradanga No.3 Pry. School"", ""MAIRADANGA/VIII"", ""8"", ""Mairadanga/PS-18"", ""Falakata/ZP-14""]",,native_fields_parsed
West Bengal,Alipurduar,2018,constituency_crosswalk,MAIRADANGA,MAIRADANGA/IX,9,13-Falakata(SC)/119,"102/1, Lachmandabri ITDP (Room-1)",Mairadanga/PS-19,Falakata/ZP-14,data/wb/gp_source_search/historical_expansion/alipurduar_CONSTITUENCY_5fe98655.pdf,fd2063117af535c39b67f049573eb3ff1a8fcea3df4ba8c56deb6f6979cdba59,22,1,16,"[24.959999999999997, 17.75999999999999, 822.7199999999999, 569.52]","[""FALAKATA"", ""13-Falakata(SC)/119"", ""102/1, Lachmandabri ITDP (Room-1)"", ""MAIRADANGA/IX"", ""9"", ""Mairadanga/PS-19"", ""Falakata/ZP-14""]",,native_fields_parsed
West Bengal,Alipurduar,2018,constituency_crosswalk,MAIRADANGA,MAIRADANGA/IX,9,13-Falakata(SC)/120,"102/2, Lachmandabri ITDP (Room-2)",Mairadanga/PS-19,Falakata/ZP-14,data/wb/gp_source_search/historical_expansion/alipurduar_CONSTITUENCY_5fe98655.pdf,fd2063117af535c39b67f049573eb3ff1a8fcea3df4ba8c56deb6f6979cdba59,22,1,17,"[24.959999999999997, 17.75999999999999, 822.7199999999999, 569.52]","[""FALAKATA"", ""13-Falakata(SC)/120"", ""102/2, Lachmandabri ITDP (Room-2)"", ""MAIRADANGA/IX"", ""9"", ""Mairadanga/PS-19"", ""Falakata/ZP-14""]",,native_fields_parsed
West Bengal,Alipurduar,2018,constituency_crosswalk,MAIRADANGA,MAIRADANGA/X,10,13-Falakata(SC)/121,"103, Lachmandabri Najimuddin High
School",Mairadanga/PS-19,Falakata/ZP-14,data/wb/gp_source_search/historical_expansion/alipurduar_CONSTITUENCY_5fe98655.pdf,fd2063117af535c39b67f049573eb3ff1a8fcea3df4ba8c56deb6f6979cdba59,22,1,18,"[24.959999999999997, 17.75999999999999, 822.7199999999999, 569.52]","[""FALAKATA"", ""13-Falakata(SC)/121"", ""103, Lachmandabri Najimuddin High\nSchool"", ""MAIRADANGA/X"", ""10"", ""Mairadanga/PS-19"", ""Falakata/ZP-14""]",,native_fields_parsed
West Bengal,Alipurduar,2018,constituency_crosswalk,MAIRADANGA,MAIRADANGA/XI,11,13-Falakata(SC)/122,"104, Lachmandabri Board Free Pry.
School",Mairadanga/PS-19,Falakata/ZP-14,data/wb/gp_source_search/historical_expansion/alipurduar_CONSTITUENCY_5fe98655.pdf,fd2063117af535c39b67f049573eb3ff1a8fcea3df4ba8c56deb6f6979cdba59,22,1,19,"[24.959999999999997, 17.75999999999999, 822.7199999999999, 569.52]","[""FALAKATA"", ""13-Falakata(SC)/122"", ""104, Lachmandabri Board Free Pry.\nSchool"", ""MAIRADANGA/XI"", ""11"", ""Mairadanga/PS-19"", ""Falakata/ZP-14""]",,native_fields_parsed
West Bengal,Alipurduar,2018,constituency_crosswalk,MAIRADANGA,MAIRADANGA/XII,12,13-Falakata(SC)/123,"105, Kunjanagar Special Cadre Pry.
School",Mairadanga/PS-20,Falakata/ZP-14,data/wb/gp_source_search/historical_expansion/alipurduar_CONSTITUENCY_5fe98655.pdf,fd2063117af535c39b67f049573eb3ff1a8fcea3df4ba8c56deb6f6979cdba59,22,1,20,"[24.959999999999997, 17.75999999999999, 822.7199999999999, 569.52]","[""FALAKATA"", ""13-Falakata(SC)/123"", ""105, Kunjanagar Special Cadre Pry.\nSchool"", ""MAIRADANGA/XII"", ""12"", ""Mairadanga/PS-20"", ""Falakata/ZP-14""]",,native_fields_parsed
West Bengal,Alipurduar,2018,constituency_crosswalk,MMAAIIRRAADDAANNGGAA/,MMAAIIRRAADDAANNGGAA//XXIIIIII,1133,1133--FFaallaakkaattaa((SSCC))//112244,"110066,, BBiirruuaa LLiinnee SSSSKK",MMaaiirraaddaannggaa//PPSS--2200,FFaallaakkaattaa//ZZPP--1144,data/wb/gp_source_search/historical_expansion/alipurduar_CONSTITUENCY_5fe98655.pdf,fd2063117af535c39b67f049573eb3ff1a8fcea3df4ba8c56deb6f6979cdba59,22,1,21,"[24.959999999999997, 17.75999999999999, 822.7199999999999, 569.52]","[""FFAALLAAKKAATTAA"", ""1133--FFaallaakkaattaa((SSCC))//112244"", ""110066,, BBiirruuaa LLiinnee SSSSKK"", ""MMAAIIRRAADDAANNGGAA//XXIIIIII"", ""1133"", ""MMaaiirraaddaannggaa//PPSS--2200"", ""FFaallaakkaattaa//ZZPP--1144""]",duplicated_native_glyphs,needs_review
West Bengal,Alipurduar,2018,constituency_crosswalk,MAIRADANGA,MAIRADANGA/XIV,14,13-Falakata(SC)/125,"107/1, Kunjanagar Tarun Sangha AWC",Mairadanga/PS-20,Falakata/ZP-14,data/wb/gp_source_search/historical_expansion/alipurduar_CONSTITUENCY_5fe98655.pdf,fd2063117af535c39b67f049573eb3ff1a8fcea3df4ba8c56deb6f6979cdba59,22,1,22,"[24.959999999999997, 17.75999999999999, 822.7199999999999, 569.52]","[""FALAKATA"", ""13-Falakata(SC)/125"", ""107/1, Kunjanagar Tarun Sangha AWC"", ""MAIRADANGA/XIV"", ""14"", ""Mairadanga/PS-20"", ""Falakata/ZP-14""]",,native_fields_parsed
West Bengal,Alipurduar,2018,constituency_crosswalk,MAIRADANGA,MAIRADANGA/XIV,14,13-Falakata(SC)/126,"107/2, Kunjanagar MSK",Mairadanga/PS-20,Falakata/ZP-14,data/wb/gp_source_search/historical_expansion/alipurduar_CONSTITUENCY_5fe98655.pdf,fd2063117af535c39b67f049573eb3ff1a8fcea3df4ba8c56deb6f6979cdba59,23,1,1,"[24.959999999999997, 17.75999999999999, 822.7199999999999, 569.52]","[""FALAKATA"", ""13-Falakata(SC)/126"", ""107/2, Kunjanagar MSK"", ""MAIRADANGA/XIV"", ""14"", ""Mairadanga/PS-20"", ""Falakata/ZP-14""]",,native_fields_parsed
West Bengal,Alipurduar,2018,constituency_crosswalk,MAIRADANGA,MAIRADANGA/XV,15,13-Falakata(SC)/127,"108, Talukertari Joymoti Pry. School",Mairadanga/PS-19,Falakata/ZP-14,data/wb/gp_source_search/historical_expansion/alipurduar_CONSTITUENCY_5fe98655.pdf,fd2063117af535c39b67f049573eb3ff1a8fcea3df4ba8c56deb6f6979cdba59,23,1,2,"[24.959999999999997, 17.75999999999999, 822.7199999999999, 569.52]","[""FALAKATA"", ""13-Falakata(SC)/127"", ""108, Talukertari Joymoti Pry. School"", ""MAIRADANGA/XV"", ""15"", ""Mairadanga/PS-19"", ""Falakata/ZP-14""]",,native_fields_parsed
West Bengal,Alipurduar,2018,constituency_crosswalk,MAIRADANGA,MAIRADANGA/XVI,16,13-Falakata(SC)/128,"109, Ramumunda SSK",Mairadanga/PS-19,Falakata/ZP-14,data/wb/gp_source_search/historical_expansion/alipurduar_CONSTITUENCY_5fe98655.pdf,fd2063117af535c39b67f049573eb3ff1a8fcea3df4ba8c56deb6f6979cdba59,23,1,3,"[24.959999999999997, 17.75999999999999, 822.7199999999999, 569.52]","[""FALAKATA"", ""13-Falakata(SC)/128"", ""109, Ramumunda SSK"", ""MAIRADANGA/XVI"", ""16"", ""Mairadanga/PS-19"", ""Falakata/ZP-14""]",,native_fields_parsed
West Bengal,Alipurduar,2018,constituency_crosswalk,MAIRADANGA,MAIRADANGA/XVII,17,13-Falakata(SC)/129,"110, Subal Majhi SSK",Mairadanga/PS-19,Falakata/ZP-14,data/wb/gp_source_search/historical_expansion/alipurduar_CONSTITUENCY_5fe98655.pdf,fd2063117af535c39b67f049573eb3ff1a8fcea3df4ba8c56deb6f6979cdba59,23,1,4,"[24.959999999999997, 17.75999999999999, 822.7199999999999, 569.52]","[""FALAKATA"", ""13-Falakata(SC)/129"", ""110, Subal Majhi SSK"", ""MAIRADANGA/XVII"", ""17"", ""Mairadanga/PS-19"", ""Falakata/ZP-14""]",,native_fields_parsed
West Bengal,Alipurduar,2018,constituency_crosswalk,MAIRADANGA,MAIRADANGA/XVIII,18,13-Falakata(SC)/130,"111, Talukertari Pry. School",Mairadanga/PS-19,Falakata/ZP-14,data/wb/gp_source_search/historical_expansion/alipurduar_CONSTITUENCY_5fe98655.pdf,fd2063117af535c39b67f049573eb3ff1a8fcea3df4ba8c56deb6f6979cdba59,23,1,5,"[24.959999999999997, 17.75999999999999, 822.7199999999999, 569.52]","[""FALAKATA"", ""13-Falakata(SC)/130"", ""111, Talukertari Pry. School"", ""MAIRADANGA/XVIII"", ""18"", ""Mairadanga/PS-19"", ""Falakata/ZP-14""]",,native_fields_parsed
West Bengal,Alipurduar,2018,constituency_crosswalk,MAIRADANGA,MAIRADANGA/XIX,19,13-Falakata(SC)/131,"112/1, Satpukuria Junior HIGH School",Mairadanga/PS-20,Falakata/ZP-14,data/wb/gp_source_search/historical_expansion/alipurduar_CONSTITUENCY_5fe98655.pdf,fd2063117af535c39b67f049573eb3ff1a8fcea3df4ba8c56deb6f6979cdba59,23,1,6,"[24.959999999999997, 17.75999999999999, 822.7199999999999, 569.52]","[""FALAKATA"", ""13-Falakata(SC)/131"", ""112/1, Satpukuria Junior HIGH School"", ""MAIRADANGA/XIX"", ""19"", ""Mairadanga/PS-20"", ""Falakata/ZP-14""]",,native_fields_parsed
West Bengal,Alipurduar,2018,constituency_crosswalk,MAIRADANGA,MAIRADANGA/XIX,19,13-Falakata(SC)/132,"112/2, Satpukuria Junior Basic School",Mairadanga/PS-20,Falakata/ZP-14,data/wb/gp_source_search/historical_expansion/alipurduar_CONSTITUENCY_5fe98655.pdf,fd2063117af535c39b67f049573eb3ff1a8fcea3df4ba8c56deb6f6979cdba59,23,1,7,"[24.959999999999997, 17.75999999999999, 822.7199999999999, 569.52]","[""FALAKATA"", ""13-Falakata(SC)/132"", ""112/2, Satpukuria Junior Basic School"", ""MAIRADANGA/XIX"", ""19"", ""Mairadanga/PS-20"", ""Falakata/ZP-14""]",,native_fields_parsed
West Bengal,Alipurduar,2018,constituency_crosswalk,MAIRADANGA,MAIRADANGA/XX,20,13-Falakata(SC)/133,"113/1, 3 Mile Hatkhola AWC",Mairadanga/PS-20,Falakata/ZP-14,data/wb/gp_source_search/historical_expansion/alipurduar_CONSTITUENCY_5fe98655.pdf,fd2063117af535c39b67f049573eb3ff1a8fcea3df4ba8c56deb6f6979cdba59,23,1,8,"[24.959999999999997, 17.75999999999999, 822.7199999999999, 569.52]","[""FALAKATA"", ""13-Falakata(SC)/133"", ""113/1, 3 Mile Hatkhola AWC"", ""MAIRADANGA/XX"", ""20"", ""Mairadanga/PS-20"", ""Falakata/ZP-14""]",,native_fields_parsed
West Bengal,Alipurduar,2018,constituency_crosswalk,MAIRADANGA,MAIRADANGA/XX,20,13-Falakata(SC)/134,"113/2, Jogendrapur Junior Basic School
,Room-2",Mairadanga/PS-20,Falakata/ZP-14,data/wb/gp_source_search/historical_expansion/alipurduar_CONSTITUENCY_5fe98655.pdf,fd2063117af535c39b67f049573eb3ff1a8fcea3df4ba8c56deb6f6979cdba59,23,1,9,"[24.959999999999997, 17.75999999999999, 822.7199999999999, 569.52]","[""FALAKATA"", ""13-Falakata(SC)/134"", ""113/2, Jogendrapur Junior Basic School\n,Room-2"", ""MAIRADANGA/XX"", ""20"", ""Mairadanga/PS-20"", ""Falakata/ZP-14""]",,native_fields_parsed
West Bengal,Alipurduar,2018,constituency_crosswalk,JATESWAR-II,JATESWAR-II/I,1,13-Falakata(SC)/135,"114, Jateswar No 2 S.P. Primary School",Jateswar-II/PS-21,Falakata/ZP-13,data/wb/gp_source_search/historical_expansion/alipurduar_CONSTITUENCY_5fe98655.pdf,fd2063117af535c39b67f049573eb3ff1a8fcea3df4ba8c56deb6f6979cdba59,23,1,10,"[24.959999999999997, 17.75999999999999, 822.7199999999999, 569.52]","[""FALAKATA"", ""13-Falakata(SC)/135"", ""114, Jateswar No 2 S.P. Primary School"", ""JATESWAR-II/I"", ""1"", ""Jateswar-II/PS-21"", ""Falakata/ZP-13""]",,native_fields_parsed
West Bengal,Alipurduar,2018,constituency_crosswalk,JATESWAR-II,JATESWAR-II/II,2,13-Falakata(SC)/136,"115, Jateswar BFP School",Jateswar-II/PS-21,Falakata/ZP-13,data/wb/gp_source_search/historical_expansion/alipurduar_CONSTITUENCY_5fe98655.pdf,fd2063117af535c39b67f049573eb3ff1a8fcea3df4ba8c56deb6f6979cdba59,23,1,11,"[24.959999999999997, 17.75999999999999, 822.7199999999999, 569.52]","[""FALAKATA"", ""13-Falakata(SC)/136"", ""115, Jateswar BFP School"", ""JATESWAR-II/II"", ""2"", ""Jateswar-II/PS-21"", ""Falakata/ZP-13""]",,native_fields_parsed
West Bengal,Alipurduar,2018,constituency_crosswalk,JATESWAR-II,JATESWAR-II/III,3,13-Falakata(SC)/137,"116/1, Jateswar Girls High School",Jateswar-II/PS-21,Falakata/ZP-13,data/wb/gp_source_search/historical_expansion/alipurduar_CONSTITUENCY_5fe98655.pdf,fd2063117af535c39b67f049573eb3ff1a8fcea3df4ba8c56deb6f6979cdba59,23,1,12,"[24.959999999999997, 17.75999999999999, 822.7199999999999, 569.52]","[""FALAKATA"", ""13-Falakata(SC)/137"", ""116/1, Jateswar Girls High School"", ""JATESWAR-II/III"", ""3"", ""Jateswar-II/PS-21"", ""Falakata/ZP-13""]",,native_fields_parsed
West Bengal,Alipurduar,2018,constituency_crosswalk,JJAATTEESSWWAARR--IIII/,JJAATTEESSWWAARR--IIII//IIIIII,33,1133--FFaallaakkaattaa((SSCC))//113388,"111166//22,, JJaatteesswwaarr HHiigghh SScchhooooll",JJaatteesswwaarr--IIII//PPSS--2211,FFaallaakkaattaa//ZZPP--1133,data/wb/gp_source_search/historical_expansion/alipurduar_CONSTITUENCY_5fe98655.pdf,fd2063117af535c39b67f049573eb3ff1a8fcea3df4ba8c56deb6f6979cdba59,23,1,13,"[24.959999999999997, 17.75999999999999, 822.7199999999999, 569.52]","[""FFAALLAAKKAATTAA"", ""1133--FFaallaakkaattaa((SSCC))//113388"", ""111166//22,, JJaatteesswwaarr HHiigghh SScchhooooll"", ""JJAATTEESSWWAARR--IIII//IIIIII"", ""33"", ""JJaatteesswwaarr--IIII//PPSS--2211"", ""FFaallaakkaattaa//ZZPP--1133""]",duplicated_native_glyphs,needs_review
West Bengal,Alipurduar,2018,constituency_crosswalk,JATESWAR-II,JATESWAR-II/IV,4,13-Falakata(SC)/139,"117/1, Jateswar Madrasa Siksha
Kendra",Jateswar-II/PS-21,Falakata/ZP-13,data/wb/gp_source_search/historical_expansion/alipurduar_CONSTITUENCY_5fe98655.pdf,fd2063117af535c39b67f049573eb3ff1a8fcea3df4ba8c56deb6f6979cdba59,23,1,14,"[24.959999999999997, 17.75999999999999, 822.7199999999999, 569.52]","[""FALAKATA"", ""13-Falakata(SC)/139"", ""117/1, Jateswar Madrasa Siksha\nKendra"", ""JATESWAR-II/IV"", ""4"", ""Jateswar-II/PS-21"", ""Falakata/ZP-13""]",,native_fields_parsed
West Bengal,Alipurduar,2018,constituency_crosswalk,JATESWAR-II,JATESWAR-II/IV,4,13-Falakata(SC)/140,"117/2, Purba Jateswar Pry. School",Jateswar-II/PS-21,Falakata/ZP-13,data/wb/gp_source_search/historical_expansion/alipurduar_CONSTITUENCY_5fe98655.pdf,fd2063117af535c39b67f049573eb3ff1a8fcea3df4ba8c56deb6f6979cdba59,23,1,15,"[24.959999999999997, 17.75999999999999, 822.7199999999999, 569.52]","[""FALAKATA"", ""13-Falakata(SC)/140"", ""117/2, Purba Jateswar Pry. School"", ""JATESWAR-II/IV"", ""4"", ""Jateswar-II/PS-21"", ""Falakata/ZP-13""]",,native_fields_parsed
West Bengal,Alipurduar,2018,constituency_crosswalk,JATESWAR-II,JATESWAR-II/V,5,13-Falakata(SC)/141,"118/1, Jateswar Additional No.-3
Primary School (Room-1)",Jateswar-II/PS-21,Falakata/ZP-13,data/wb/gp_source_search/historical_expansion/alipurduar_CONSTITUENCY_5fe98655.pdf,fd2063117af535c39b67f049573eb3ff1a8fcea3df4ba8c56deb6f6979cdba59,23,1,16,"[24.959999999999997, 17.75999999999999, 822.7199999999999, 569.52]","[""FALAKATA"", ""13-Falakata(SC)/141"", ""118/1, Jateswar Additional No.-3\nPrimary School (Room-1)"", ""JATESWAR-II/V"", ""5"", ""Jateswar-II/PS-21"", ""Falakata/ZP-13""]",,native_fields_parsed
West Bengal,Alipurduar,2018,constituency_crosswalk,JATESWAR-II,JATESWAR-II/V,5,13-Falakata(SC)/142,"118/2, Jateswar No 3 Junior Girls High
School",Jateswar-II/PS-21,Falakata/ZP-13,data/wb/gp_source_search/historical_expansion/alipurduar_CONSTITUENCY_5fe98655.pdf,fd2063117af535c39b67f049573eb3ff1a8fcea3df4ba8c56deb6f6979cdba59,23,1,17,"[24.959999999999997, 17.75999999999999, 822.7199999999999, 569.52]","[""FALAKATA"", ""13-Falakata(SC)/142"", ""118/2, Jateswar No 3 Junior Girls High\nSchool"", ""JATESWAR-II/V"", ""5"", ""Jateswar-II/PS-21"", ""Falakata/ZP-13""]",,native_fields_parsed
West Bengal,Alipurduar,2018,constituency_crosswalk,JATESWAR-II,JATESWAR-II/VI,6,13-Falakata(SC)/143,"119, Dakshin Jateswar Shishu Shiskha
Kendra",Jateswar-II/PS-21,Falakata/ZP-13,data/wb/gp_source_search/historical_expansion/alipurduar_CONSTITUENCY_5fe98655.pdf,fd2063117af535c39b67f049573eb3ff1a8fcea3df4ba8c56deb6f6979cdba59,23,1,18,"[24.959999999999997, 17.75999999999999, 822.7199999999999, 569.52]","[""FALAKATA"", ""13-Falakata(SC)/143"", ""119, Dakshin Jateswar Shishu Shiskha\nKendra"", ""JATESWAR-II/VI"", ""6"", ""Jateswar-II/PS-21"", ""Falakata/ZP-13""]",,native_fields_parsed
West Bengal,Alipurduar,2018,constituency_crosswalk,JATESWAR-II,JATESWAR-II/VII,7,13-Falakata(SC)/144,"120/1, Mahamaya Special Cadre Pry.
School (Room-1)",Jateswar-II/PS-22,Falakata/ZP-13,data/wb/gp_source_search/historical_expansion/alipurduar_CONSTITUENCY_5fe98655.pdf,fd2063117af535c39b67f049573eb3ff1a8fcea3df4ba8c56deb6f6979cdba59,23,1,19,"[24.959999999999997, 17.75999999999999, 822.7199999999999, 569.52]","[""FALAKATA"", ""13-Falakata(SC)/144"", ""120/1, Mahamaya Special Cadre Pry.\nSchool (Room-1)"", ""JATESWAR-II/VII"", ""7"", ""Jateswar-II/PS-22"", ""Falakata/ZP-13""]",,native_fields_parsed
West Bengal,Alipurduar,2018,constituency_crosswalk,JATESWAR-II,JATESWAR-II/VII,7,13-Falakata(SC)/145,"120/2, Mahamaya Special Cadre Pry.
School (Room-2)",Jateswar-II/PS-22,Falakata/ZP-13,data/wb/gp_source_search/historical_expansion/alipurduar_CONSTITUENCY_5fe98655.pdf,fd2063117af535c39b67f049573eb3ff1a8fcea3df4ba8c56deb6f6979cdba59,23,1,20,"[24.959999999999997, 17.75999999999999, 822.7199999999999, 569.52]","[""FALAKATA"", ""13-Falakata(SC)/145"", ""120/2, Mahamaya Special Cadre Pry.\nSchool (Room-2)"", ""JATESWAR-II/VII"", ""7"", ""Jateswar-II/PS-22"", ""Falakata/ZP-13""]",,native_fields_parsed
West Bengal,Alipurduar,2018,constituency_crosswalk,JATESWAR-II,JATESWAR-II/VIII,8,13-Falakata(SC)/146,"121, Mahamaya MSK",Jateswar-II/PS-22,Falakata/ZP-13,data/wb/gp_source_search/historical_expansion/alipurduar_CONSTITUENCY_5fe98655.pdf,fd2063117af535c39b67f049573eb3ff1a8fcea3df4ba8c56deb6f6979cdba59,23,1,21,"[24.959999999999997, 17.75999999999999, 822.7199999999999, 569.52]","[""FALAKATA"", ""13-Falakata(SC)/146"", ""121, Mahamaya MSK"", ""JATESWAR-II/VIII"", ""8"", ""Jateswar-II/PS-22"", ""Falakata/ZP-13""]",,native_fields_parsed
West Bengal,Alipurduar,2018,constituency_crosswalk,JATESWAR-II,JATESWAR-II/IX,9,13-Falakata(SC)/147,"122, Jigatari Pry. School",Jateswar-II/PS-22,Falakata/ZP-13,data/wb/gp_source_search/historical_expansion/alipurduar_CONSTITUENCY_5fe98655.pdf,fd2063117af535c39b67f049573eb3ff1a8fcea3df4ba8c56deb6f6979cdba59,23,1,22,"[24.959999999999997, 17.75999999999999, 822.7199999999999, 569.52]","[""FALAKATA"", ""13-Falakata(SC)/147"", ""122, Jigatari Pry. School"", ""JATESWAR-II/IX"", ""9"", ""Jateswar-II/PS-22"", ""Falakata/ZP-13""]",,native_fields_parsed
West Bengal,Alipurduar,2018,constituency_crosswalk,JATESWAR-II,JATESWAR-II/X,10,13-Falakata(SC)/148,"123, Nabanagar Bani Bhaban Primary
School",Jateswar-II/PS-22,Falakata/ZP-13,data/wb/gp_source_search/historical_expansion/alipurduar_CONSTITUENCY_5fe98655.pdf,fd2063117af535c39b67f049573eb3ff1a8fcea3df4ba8c56deb6f6979cdba59,23,1,23,"[24.959999999999997, 17.75999999999999, 822.7199999999999, 569.52]","[""FALAKATA"", ""13-Falakata(SC)/148"", ""123, Nabanagar Bani Bhaban Primary\nSchool"", ""JATESWAR-II/X"", ""10"", ""Jateswar-II/PS-22"", ""Falakata/ZP-13""]",,native_fields_parsed
West Bengal,Alipurduar,2018,constituency_crosswalk,JJAATTEESSWWAARR--IIII/,JJAATTEESSWWAARR--IIII//XXII,1111,1133--FFaallaakkaattaa((SSCC))//114499,"112244,, KKaalliibbaarrii NNaabbaannaaggaarr SSSSKK",JJaatteesswwaarr--IIII//PPSS--2222,FFaallaakkaattaa//ZZPP--1133,data/wb/gp_source_search/historical_expansion/alipurduar_CONSTITUENCY_5fe98655.pdf,fd2063117af535c39b67f049573eb3ff1a8fcea3df4ba8c56deb6f6979cdba59,23,1,24,"[24.959999999999997, 17.75999999999999, 822.7199999999999, 569.52]","[""FFAALLAAKKAATTAA"", ""1133--FFaallaakkaattaa((SSCC))//114499"", ""112244,, KKaalliibbaarrii NNaabbaannaaggaarr SSSSKK"", ""JJAATTEESSWWAARR--IIII//XXII"", ""1111"", ""JJaatteesswwaarr--IIII//PPSS--2222"", ""FFaallaakkaattaa//ZZPP--1133""]",duplicated_native_glyphs,needs_review
West Bengal,Alipurduar,2018,constituency_crosswalk,JATESWAR-II,JATESWAR-II/XII,12,13-Falakata(SC)/150,"125, Dalimpur Hemanta Mayee SC
Primary School",Jateswar-II/PS-23,Falakata/ZP-13,data/wb/gp_source_search/historical_expansion/alipurduar_CONSTITUENCY_5fe98655.pdf,fd2063117af535c39b67f049573eb3ff1a8fcea3df4ba8c56deb6f6979cdba59,23,1,25,"[24.959999999999997, 17.75999999999999, 822.7199999999999, 569.52]","[""FALAKATA"", ""13-Falakata(SC)/150"", ""125, Dalimpur Hemanta Mayee SC\nPrimary School"", ""JATESWAR-II/XII"", ""12"", ""Jateswar-II/PS-23"", ""Falakata/ZP-13""]",,native_fields_parsed
West Bengal,Alipurduar,2018,constituency_crosswalk,JATESWAR-II,JATESWAR-II/XIII,13,13-Falakata(SC)/151,"126, Kshirerkote High School",Jateswar-II/PS-23,Falakata/ZP-13,data/wb/gp_source_search/historical_expansion/alipurduar_CONSTITUENCY_5fe98655.pdf,fd2063117af535c39b67f049573eb3ff1a8fcea3df4ba8c56deb6f6979cdba59,24,1,1,"[24.959999999999997, 17.75999999999999, 822.7199999999999, 555.0]","[""FALAKATA"", ""13-Falakata(SC)/151"", ""126, Kshirerkote High School"", ""JATESWAR-II/XIII"", ""13"", ""Jateswar-II/PS-23"", ""Falakata/ZP-13""]",,native_fields_parsed
West Bengal,Alipurduar,2018,constituency_crosswalk,JATESWAR-II,JATESWAR-II/XIV,14,13-Falakata(SC)/152,"127, Dalimpur SP Pry. School",Jateswar-II/PS-23,Falakata/ZP-13,data/wb/gp_source_search/historical_expansion/alipurduar_CONSTITUENCY_5fe98655.pdf,fd2063117af535c39b67f049573eb3ff1a8fcea3df4ba8c56deb6f6979cdba59,24,1,2,"[24.959999999999997, 17.75999999999999, 822.7199999999999, 555.0]","[""FALAKATA"", ""13-Falakata(SC)/152"", ""127, Dalimpur SP Pry. School"", ""JATESWAR-II/XIV"", ""14"", ""Jateswar-II/PS-23"", ""Falakata/ZP-13""]",,native_fields_parsed
West Bengal,Alipurduar,2018,constituency_crosswalk,JATESWAR-II,JATESWAR-II/XV,15,13-Falakata(SC)/153,"128, Paschim Dalimpur Binod bihari
SSK",Jateswar-II/PS-23,Falakata/ZP-13,data/wb/gp_source_search/historical_expansion/alipurduar_CONSTITUENCY_5fe98655.pdf,fd2063117af535c39b67f049573eb3ff1a8fcea3df4ba8c56deb6f6979cdba59,24,1,3,"[24.959999999999997, 17.75999999999999, 822.7199999999999, 555.0]","[""FALAKATA"", ""13-Falakata(SC)/153"", ""128, Paschim Dalimpur Binod bihari\nSSK"", ""JATESWAR-II/XV"", ""15"", ""Jateswar-II/PS-23"", ""Falakata/ZP-13""]",,native_fields_parsed
West Bengal,Alipurduar,2018,constituency_crosswalk,JATESWAR-II,JATESWAR-II/XVI,16,13-Falakata(SC)/154,"129, Kshirerkote Junior Basic School",Jateswar-II/PS-23,Falakata/ZP-13,data/wb/gp_source_search/historical_expansion/alipurduar_CONSTITUENCY_5fe98655.pdf,fd2063117af535c39b67f049573eb3ff1a8fcea3df4ba8c56deb6f6979cdba59,24,1,4,"[24.959999999999997, 17.75999999999999, 822.7199999999999, 555.0]","[""FALAKATA"", ""13-Falakata(SC)/154"", ""129, Kshirerkote Junior Basic School"", ""JATESWAR-II/XVI"", ""16"", ""Jateswar-II/PS-23"", ""Falakata/ZP-13""]",,native_fields_parsed
West Bengal,Alipurduar,2018,constituency_crosswalk,JATESWAR-II,JATESWAR-II/XVII,17,13-Falakata(SC)/155,"130, Madhya Kshirerkot Junior Girls
High School",Jateswar-II/PS-23,Falakata/ZP-13,data/wb/gp_source_search/historical_expansion/alipurduar_CONSTITUENCY_5fe98655.pdf,fd2063117af535c39b67f049573eb3ff1a8fcea3df4ba8c56deb6f6979cdba59,24,1,5,"[24.959999999999997, 17.75999999999999, 822.7199999999999, 555.0]","[""FALAKATA"", ""13-Falakata(SC)/155"", ""130, Madhya Kshirerkot Junior Girls\nHigh School"", ""JATESWAR-II/XVII"", ""17"", ""Jateswar-II/PS-23"", ""Falakata/ZP-13""]",,native_fields_parsed
West Bengal,Alipurduar,2018,constituency_crosswalk,GUABARNAGAR,GUABARNAGAR/I,1,13-Falakata(SC)/156,"131, Ghatpar Board Free Primary
School",Guabarnagar/PS-24,Falakata/ZP-15,data/wb/gp_source_search/historical_expansion/alipurduar_CONSTITUENCY_5fe98655.pdf,fd2063117af535c39b67f049573eb3ff1a8fcea3df4ba8c56deb6f6979cdba59,24,1,6,"[24.959999999999997, 17.75999999999999, 822.7199999999999, 555.0]","[""FALAKATA"", ""13-Falakata(SC)/156"", ""131, Ghatpar Board Free Primary\nSchool"", ""GUABARNAGAR/I"", ""1"", ""Guabarnagar/PS-24"", ""Falakata/ZP-15""]",,native_fields_parsed
West Bengal,Alipurduar,2018,constituency_crosswalk,GUABARNAGAR,GUABARNAGAR/II,2,13-Falakata(SC)/157,"132, Promodnagar Nimna Buniyadi
Vidyalaya",Guabarnagar/PS-24,Falakata/ZP-15,data/wb/gp_source_search/historical_expansion/alipurduar_CONSTITUENCY_5fe98655.pdf,fd2063117af535c39b67f049573eb3ff1a8fcea3df4ba8c56deb6f6979cdba59,24,1,7,"[24.959999999999997, 17.75999999999999, 822.7199999999999, 555.0]","[""FALAKATA"", ""13-Falakata(SC)/157"", ""132, Promodnagar Nimna Buniyadi\nVidyalaya"", ""GUABARNAGAR/II"", ""2"", ""Guabarnagar/PS-24"", ""Falakata/ZP-15""]",,native_fields_parsed
West Bengal,Alipurduar,2018,constituency_crosswalk,GUABARNAGAR,GUABARNAGAR/III,3,13-Falakata(SC)/158,"133, Dalgaon Sarugaon Junior Basic
School",Guabarnagar/PS-24,Falakata/ZP-15,data/wb/gp_source_search/historical_expansion/alipurduar_CONSTITUENCY_5fe98655.pdf,fd2063117af535c39b67f049573eb3ff1a8fcea3df4ba8c56deb6f6979cdba59,24,1,8,"[24.959999999999997, 17.75999999999999, 822.7199999999999, 555.0]","[""FALAKATA"", ""13-Falakata(SC)/158"", ""133, Dalgaon Sarugaon Junior Basic\nSchool"", ""GUABARNAGAR/III"", ""3"", ""Guabarnagar/PS-24"", ""Falakata/ZP-15""]",,native_fields_parsed
West Bengal,Alipurduar,2018,constituency_crosswalk,GUABARNAGAR,GUABARNAGAR/IV,4,13-Falakata(SC)/159,"134, Purba Malsagaon Pry. School",Guabarnagar/PS-24,Falakata/ZP-15,data/wb/gp_source_search/historical_expansion/alipurduar_CONSTITUENCY_5fe98655.pdf,fd2063117af535c39b67f049573eb3ff1a8fcea3df4ba8c56deb6f6979cdba59,24,1,9,"[24.959999999999997, 17.75999999999999, 822.7199999999999, 555.0]","[""FALAKATA"", ""13-Falakata(SC)/159"", ""134, Purba Malsagaon Pry. School"", ""GUABARNAGAR/IV"", ""4"", ""Guabarnagar/PS-24"", ""Falakata/ZP-15""]",,native_fields_parsed
West Bengal,Alipurduar,2018,constituency_crosswalk,GUABARNAGAR,GUABARNAGAR/V,5,13-Falakata(SC)/160,"135, Paschim Malsagaon Pry. School",Guabarnagar/PS-24,Falakata/ZP-15,data/wb/gp_source_search/historical_expansion/alipurduar_CONSTITUENCY_5fe98655.pdf,fd2063117af535c39b67f049573eb3ff1a8fcea3df4ba8c56deb6f6979cdba59,24,1,10,"[24.959999999999997, 17.75999999999999, 822.7199999999999, 555.0]","[""FALAKATA"", ""13-Falakata(SC)/160"", ""135, Paschim Malsagaon Pry. School"", ""GUABARNAGAR/V"", ""5"", ""Guabarnagar/PS-24"", ""Falakata/ZP-15""]",,native_fields_parsed
West Bengal,Alipurduar,2018,constituency_crosswalk,GUABARNAGAR,GUABARNAGAR/VI,6,13-Falakata(SC)/161,"113366,, GGuuaabbaarrnnaaggaarr DDaakksshhiinnppaarraa PPrryy..
School Room 1",Guabarnagar/PS-24,Falakata/ZP-15,data/wb/gp_source_search/historical_expansion/alipurduar_CONSTITUENCY_5fe98655.pdf,fd2063117af535c39b67f049573eb3ff1a8fcea3df4ba8c56deb6f6979cdba59,24,1,11,"[24.959999999999997, 17.75999999999999, 822.7199999999999, 555.0]","[""FALAKATA"", ""13-Falakata(SC)/161"", ""113366,, GGuuaabbaarrnnaaggaarr DDaakksshhiinnppaarraa PPrryy..\nSchool Room 1"", ""GUABARNAGAR/VI"", ""6"", ""Guabarnagar/PS-24"", ""Falakata/ZP-15""]",duplicated_native_glyphs,needs_review
West Bengal,Alipurduar,2018,constituency_crosswalk,GUABARNAGAR,GUABARNAGAR/VII,7,13-Falakata(SC)/162,"137, Guabarnagar Dakshinpara Pry.
School Room 2",Guabarnagar/PS-24,Falakata/ZP-15,data/wb/gp_source_search/historical_expansion/alipurduar_CONSTITUENCY_5fe98655.pdf,fd2063117af535c39b67f049573eb3ff1a8fcea3df4ba8c56deb6f6979cdba59,24,1,12,"[24.959999999999997, 17.75999999999999, 822.7199999999999, 555.0]","[""FALAKATA"", ""13-Falakata(SC)/162"", ""137, Guabarnagar Dakshinpara Pry.\nSchool Room 2"", ""GUABARNAGAR/VII"", ""7"", ""Guabarnagar/PS-24"", ""Falakata/ZP-15""]",,native_fields_parsed
West Bengal,Alipurduar,2018,constituency_crosswalk,GUABARNAGAR,GUABARNAGAR/VIII,8,13-Falakata(SC)/163,"138, Guabarnagar Jr. Basic School",Guabarnagar/PS-25,Falakata/ZP-15,data/wb/gp_source_search/historical_expansion/alipurduar_CONSTITUENCY_5fe98655.pdf,fd2063117af535c39b67f049573eb3ff1a8fcea3df4ba8c56deb6f6979cdba59,24,1,13,"[24.959999999999997, 17.75999999999999, 822.7199999999999, 555.0]","[""FALAKATA"", ""13-Falakata(SC)/163"", ""138, Guabarnagar Jr. Basic School"", ""GUABARNAGAR/VIII"", ""8"", ""Guabarnagar/PS-25"", ""Falakata/ZP-15""]",,native_fields_parsed
West Bengal,Alipurduar,2018,constituency_crosswalk,GUABARNAGAR,GUABARNAGAR/IX,9,13-Falakata(SC)/164,"139, Sewafella Board Free Pry. School",Guabarnagar/PS-25,Falakata/ZP-15,data/wb/gp_source_search/historical_expansion/alipurduar_CONSTITUENCY_5fe98655.pdf,fd2063117af535c39b67f049573eb3ff1a8fcea3df4ba8c56deb6f6979cdba59,24,1,14,"[24.959999999999997, 17.75999999999999, 822.7199999999999, 555.0]","[""FALAKATA"", ""13-Falakata(SC)/164"", ""139, Sewafella Board Free Pry. School"", ""GUABARNAGAR/IX"", ""9"", ""Guabarnagar/PS-25"", ""Falakata/ZP-15""]",,native_fields_parsed
West Bengal,Alipurduar,2018,constituency_crosswalk,GUABARNAGAR,GUABARNAGAR/X,10,13-Falakata(SC)/165,"140, Baro Mechpara New Primary
School",Guabarnagar/PS-25,Falakata/ZP-15,data/wb/gp_source_search/historical_expansion/alipurduar_CONSTITUENCY_5fe98655.pdf,fd2063117af535c39b67f049573eb3ff1a8fcea3df4ba8c56deb6f6979cdba59,24,1,15,"[24.959999999999997, 17.75999999999999, 822.7199999999999, 555.0]","[""FALAKATA"", ""13-Falakata(SC)/165"", ""140, Baro Mechpara New Primary\nSchool"", ""GUABARNAGAR/X"", ""10"", ""Guabarnagar/PS-25"", ""Falakata/ZP-15""]",,native_fields_parsed
West Bengal,Alipurduar,2018,constituency_crosswalk,GUABARNAGAR,GUABARNAGAR/XI,11,13-Falakata(SC)/166,"141, Gokulnagaar Pry. School(Battala)",Guabarnagar/PS-25,Falakata/ZP-15,data/wb/gp_source_search/historical_expansion/alipurduar_CONSTITUENCY_5fe98655.pdf,fd2063117af535c39b67f049573eb3ff1a8fcea3df4ba8c56deb6f6979cdba59,24,1,16,"[24.959999999999997, 17.75999999999999, 822.7199999999999, 555.0]","[""FALAKATA"", ""13-Falakata(SC)/166"", ""141, Gokulnagaar Pry. School(Battala)"", ""GUABARNAGAR/XI"", ""11"", ""Guabarnagar/PS-25"", ""Falakata/ZP-15""]",,native_fields_parsed
West Bengal,Alipurduar,2018,constituency_crosswalk,GUABARNAGAR,GUABARNAGAR/XII,12,13-Falakata(SC)/167,"142, Bakribari Board Free Pry. School",Guabarnagar/PS-25,Falakata/ZP-15,data/wb/gp_source_search/historical_expansion/alipurduar_CONSTITUENCY_5fe98655.pdf,fd2063117af535c39b67f049573eb3ff1a8fcea3df4ba8c56deb6f6979cdba59,24,1,17,"[24.959999999999997, 17.75999999999999, 822.7199999999999, 555.0]","[""FALAKATA"", ""13-Falakata(SC)/167"", ""142, Bakribari Board Free Pry. School"", ""GUABARNAGAR/XII"", ""12"", ""Guabarnagar/PS-25"", ""Falakata/ZP-15""]",,native_fields_parsed
West Bengal,Alipurduar,2018,constituency_crosswalk,GUABARNAGAR,GUABARNAGAR/XIII,13,13-Falakata(SC)/168,"143, Balasunder MSK",Guabarnagar/PS-25,Falakata/ZP-15,data/wb/gp_source_search/historical_expansion/alipurduar_CONSTITUENCY_5fe98655.pdf,fd2063117af535c39b67f049573eb3ff1a8fcea3df4ba8c56deb6f6979cdba59,24,1,18,"[24.959999999999997, 17.75999999999999, 822.7199999999999, 555.0]","[""FALAKATA"", ""13-Falakata(SC)/168"", ""143, Balasunder MSK"", ""GUABARNAGAR/XIII"", ""13"", ""Guabarnagar/PS-25"", ""Falakata/ZP-15""]",,native_fields_parsed
West Bengal,Alipurduar,2018,constituency_crosswalk,GUABARNAGAR,GUABARNAGAR/XIV,14,13-Falakata(SC)/169,"144, Balasundar Special Cadre Pry.
School",Guabarnagar/PS-25,Falakata/ZP-15,data/wb/gp_source_search/historical_expansion/alipurduar_CONSTITUENCY_5fe98655.pdf,fd2063117af535c39b67f049573eb3ff1a8fcea3df4ba8c56deb6f6979cdba59,24,1,19,"[24.959999999999997, 17.75999999999999, 822.7199999999999, 555.0]","[""FALAKATA"", ""13-Falakata(SC)/169"", ""144, Balasundar Special Cadre Pry.\nSchool"", ""GUABARNAGAR/XIV"", ""14"", ""Guabarnagar/PS-25"", ""Falakata/ZP-15""]",,native_fields_parsed
West Bengal,Alipurduar,2018,constituency_crosswalk,GUABARNAGAR,GUABARNAGAR/XV,15,13-Falakata(SC)/170,"145/1, Joychandpur Modakpara Pry.
School (Room-1)",Guabarnagar/PS-26,Falakata/ZP-15,data/wb/gp_source_search/historical_expansion/alipurduar_CONSTITUENCY_5fe98655.pdf,fd2063117af535c39b67f049573eb3ff1a8fcea3df4ba8c56deb6f6979cdba59,24,1,20,"[24.959999999999997, 17.75999999999999, 822.7199999999999, 555.0]","[""FALAKATA"", ""13-Falakata(SC)/170"", ""145/1, Joychandpur Modakpara Pry.\nSchool (Room-1)"", ""GUABARNAGAR/XV"", ""15"", ""Guabarnagar/PS-26"", ""Falakata/ZP-15""]",,native_fields_parsed
West Bengal,Alipurduar,2018,constituency_crosswalk,GGUUAABBAARRNNAAGGAARR/,GGUUAABBAARRNNAAGGAARR//XXVV,1155,1133--FFaallaakkaattaa((SSCC))//117711,"114455//22,, JJooyycchhaannddppuurr MMooddaakkppaarraa PPrryy..
School (Room-2)",GGuuaabbaarrnnaaggaarr//PPSS--2266,FFaallaakkaattaa//ZZPP--1155,data/wb/gp_source_search/historical_expansion/alipurduar_CONSTITUENCY_5fe98655.pdf,fd2063117af535c39b67f049573eb3ff1a8fcea3df4ba8c56deb6f6979cdba59,24,1,21,"[24.959999999999997, 17.75999999999999, 822.7199999999999, 555.0]","[""FALAKATA"", ""1133--FFaallaakkaattaa((SSCC))//117711"", ""114455//22,, JJooyycchhaannddppuurr MMooddaakkppaarraa PPrryy..\nSchool (Room-2)"", ""GGUUAABBAARRNNAAGGAARR//XXVV"", ""1155"", ""GGuuaabbaarrnnaaggaarr//PPSS--2266"", ""FFaallaakkaattaa//ZZPP--1155""]",duplicated_native_glyphs,needs_review
West Bengal,Alipurduar,2018,constituency_crosswalk,GUABARNAGAR,GUABARNAGAR/XVI,16,13-Falakata(SC)/172,"146, Techno India Group Public School,
Falakata",Guabarnagar/PS-26,Falakata/ZP-15,data/wb/gp_source_search/historical_expansion/alipurduar_CONSTITUENCY_5fe98655.pdf,fd2063117af535c39b67f049573eb3ff1a8fcea3df4ba8c56deb6f6979cdba59,25,1,1,"[24.959999999999997, 17.75999999999999, 822.7199999999999, 555.0]","[""FALAKATA"", ""13-Falakata(SC)/172"", ""146, Techno India Group Public School,\nFalakata"", ""GUABARNAGAR/XVI"", ""16"", ""Guabarnagar/PS-26"", ""Falakata/ZP-15""]",,native_fields_parsed
West Bengal,Alipurduar,2018,constituency_crosswalk,GUABARNAGAR,GUABARNAGAR/XVII,17,13-Falakata(SC)/173,"147, Bhutnirghat Girls’ High School
(Room 1)",Guabarnagar/PS-26,Falakata/ZP-15,data/wb/gp_source_search/historical_expansion/alipurduar_CONSTITUENCY_5fe98655.pdf,fd2063117af535c39b67f049573eb3ff1a8fcea3df4ba8c56deb6f6979cdba59,25,1,2,"[24.959999999999997, 17.75999999999999, 822.7199999999999, 555.0]","[""FALAKATA"", ""13-Falakata(SC)/173"", ""147, Bhutnirghat Girls’ High School\n(Room 1)"", ""GUABARNAGAR/XVII"", ""17"", ""Guabarnagar/PS-26"", ""Falakata/ZP-15""]",,native_fields_parsed
West Bengal,Alipurduar,2018,constituency_crosswalk,GUABARNAGAR,GUABARNAGAR/XVIII,18,13-Falakata(SC)/174,"148, Bhutnirghat High School (Room 1)",Guabarnagar/PS-26,Falakata/ZP-15,data/wb/gp_source_search/historical_expansion/alipurduar_CONSTITUENCY_5fe98655.pdf,fd2063117af535c39b67f049573eb3ff1a8fcea3df4ba8c56deb6f6979cdba59,25,1,3,"[24.959999999999997, 17.75999999999999, 822.7199999999999, 555.0]","[""FALAKATA"", ""13-Falakata(SC)/174"", ""148, Bhutnirghat High School (Room 1)"", ""GUABARNAGAR/XVIII"", ""18"", ""Guabarnagar/PS-26"", ""Falakata/ZP-15""]",,native_fields_parsed
West Bengal,Alipurduar,2018,constituency_crosswalk,GUABARNAGAR,GUABARNAGAR/XIX,19,13-Falakata(SC)/175,"149, Bhutnirghat High School (Room 2)",Guabarnagar/PS-26,Falakata/ZP-15,data/wb/gp_source_search/historical_expansion/alipurduar_CONSTITUENCY_5fe98655.pdf,fd2063117af535c39b67f049573eb3ff1a8fcea3df4ba8c56deb6f6979cdba59,25,1,4,"[24.959999999999997, 17.75999999999999, 822.7199999999999, 555.0]","[""FALAKATA"", ""13-Falakata(SC)/175"", ""149, Bhutnirghat High School (Room 2)"", ""GUABARNAGAR/XIX"", ""19"", ""Guabarnagar/PS-26"", ""Falakata/ZP-15""]",,native_fields_parsed
West Bengal,Alipurduar,2018,constituency_crosswalk,GUABARNAGAR,GUABARNAGAR/XX,20,13-Falakata(SC)/176,"150/1, Bhutnirghat Girls’ High School
(room-2)",Guabarnagar/PS-26,Falakata/ZP-15,data/wb/gp_source_search/historical_expansion/alipurduar_CONSTITUENCY_5fe98655.pdf,fd2063117af535c39b67f049573eb3ff1a8fcea3df4ba8c56deb6f6979cdba59,25,1,5,"[24.959999999999997, 17.75999999999999, 822.7199999999999, 555.0]","[""FALAKATA"", ""13-Falakata(SC)/176"", ""150/1, Bhutnirghat Girls’ High School\n(room-2)"", ""GUABARNAGAR/XX"", ""20"", ""Guabarnagar/PS-26"", ""Falakata/ZP-15""]",,native_fields_parsed
West Bengal,Alipurduar,2018,constituency_crosswalk,GUABARNAGAR,GUABARNAGAR/XX,20,13-Falakata(SC)/177,"150/2, Sing Para Primary School",Guabarnagar/PS-26,Falakata/ZP-15,data/wb/gp_source_search/historical_expansion/alipurduar_CONSTITUENCY_5fe98655.pdf,fd2063117af535c39b67f049573eb3ff1a8fcea3df4ba8c56deb6f6979cdba59,25,1,6,"[24.959999999999997, 17.75999999999999, 822.7199999999999, 555.0]","[""FALAKATA"", ""13-Falakata(SC)/177"", ""150/2, Sing Para Primary School"", ""GUABARNAGAR/XX"", ""20"", ""Guabarnagar/PS-26"", ""Falakata/ZP-15""]",,native_fields_parsed
West Bengal,Alipurduar,2018,constituency_crosswalk,GUABARNAGAR,GUABARNAGAR/XXI,21,13-Falakata(SC)/178,"151, Baradoba Pry. School",Guabarnagar/PS-26,Falakata/ZP-15,data/wb/gp_source_search/historical_expansion/alipurduar_CONSTITUENCY_5fe98655.pdf,fd2063117af535c39b67f049573eb3ff1a8fcea3df4ba8c56deb6f6979cdba59,25,1,7,"[24.959999999999997, 17.75999999999999, 822.7199999999999, 555.0]","[""FALAKATA"", ""13-Falakata(SC)/178"", ""151, Baradoba Pry. School"", ""GUABARNAGAR/XXI"", ""21"", ""Guabarnagar/PS-26"", ""Falakata/ZP-15""]",,native_fields_parsed
West Bengal,Alipurduar,2018,constituency_crosswalk,GUABARNAGAR,GUABARNAGAR/XXII,22,13-Falakata(SC)/179,"152, Barodoba Junior Basic School",Guabarnagar/PS-26,Falakata/ZP-15,data/wb/gp_source_search/historical_expansion/alipurduar_CONSTITUENCY_5fe98655.pdf,fd2063117af535c39b67f049573eb3ff1a8fcea3df4ba8c56deb6f6979cdba59,25,1,8,"[24.959999999999997, 17.75999999999999, 822.7199999999999, 555.0]","[""FALAKATA"", ""13-Falakata(SC)/179"", ""152, Barodoba Junior Basic School"", ""GUABARNAGAR/XXII"", ""22"", ""Guabarnagar/PS-26"", ""Falakata/ZP-15""]",,native_fields_parsed
West Bengal,Alipurduar,2018,constituency_crosswalk,PARANGERPAR,PARANGERPAR/I,1,13-Falakata(SC)/180,"153, Swamber Bhawan",Parangepar/PS-27,Falakata/ZP-15,data/wb/gp_source_search/historical_expansion/alipurduar_CONSTITUENCY_5fe98655.pdf,fd2063117af535c39b67f049573eb3ff1a8fcea3df4ba8c56deb6f6979cdba59,25,1,9,"[24.959999999999997, 17.75999999999999, 822.7199999999999, 555.0]","[""FALAKATA"", ""13-Falakata(SC)/180"", ""153, Swamber Bhawan"", ""PARANGERPAR/I"", ""1"", ""Parangepar/PS-27"", ""Falakata/ZP-15""]",,native_fields_parsed
West Bengal,Alipurduar,2018,constituency_crosswalk,PARANGERPAR,PARANGERPAR/II,2,13-Falakata(SC)/181,"154, Shishusadan State Plan Pry.
School (Room-1)",Parangepar/PS-27,Falakata/ZP-15,data/wb/gp_source_search/historical_expansion/alipurduar_CONSTITUENCY_5fe98655.pdf,fd2063117af535c39b67f049573eb3ff1a8fcea3df4ba8c56deb6f6979cdba59,25,1,10,"[24.959999999999997, 17.75999999999999, 822.7199999999999, 555.0]","[""FALAKATA"", ""13-Falakata(SC)/181"", ""154, Shishusadan State Plan Pry.\nSchool (Room-1)"", ""PARANGERPAR/II"", ""2"", ""Parangepar/PS-27"", ""Falakata/ZP-15""]",,native_fields_parsed
West Bengal,Alipurduar,2018,constituency_crosswalk,PPAARRAANNGGEERRPPAARR/,PPAARRAANNGGEERRPPAARR//IIIIII,33,1133--FFaallaakkaattaa((SSCC))//118822,"155, Parangerpar Sishu Kalyan High
SScchhooooll ((HHSS))",PPaarraannggeeppaarr//PPSS--2277,FFaallaakkaattaa//ZZPP--1155,data/wb/gp_source_search/historical_expansion/alipurduar_CONSTITUENCY_5fe98655.pdf,fd2063117af535c39b67f049573eb3ff1a8fcea3df4ba8c56deb6f6979cdba59,25,1,11,"[24.959999999999997, 17.75999999999999, 822.7199999999999, 555.0]","[""FFAALLAAKKAATTAA"", ""1133--FFaallaakkaattaa((SSCC))//118822"", ""155, Parangerpar Sishu Kalyan High\nSScchhooooll ((HHSS))"", ""PPAARRAANNGGEERRPPAARR//IIIIII"", ""33"", ""PPaarraannggeeppaarr//PPSS--2277"", ""FFaallaakkaattaa//ZZPP--1155""]",duplicated_native_glyphs,needs_review
West Bengal,Alipurduar,2018,constituency_crosswalk,PARANGERPAR,PARANGERPAR/IV,4,13-Falakata(SC)/183,"156, Stationpara SSK",Parangepar/PS-28,Falakata/ZP-15,data/wb/gp_source_search/historical_expansion/alipurduar_CONSTITUENCY_5fe98655.pdf,fd2063117af535c39b67f049573eb3ff1a8fcea3df4ba8c56deb6f6979cdba59,25,1,12,"[24.959999999999997, 17.75999999999999, 822.7199999999999, 555.0]","[""FALAKATA"", ""13-Falakata(SC)/183"", ""156, Stationpara SSK"", ""PARANGERPAR/IV"", ""4"", ""Parangepar/PS-28"", ""Falakata/ZP-15""]",,native_fields_parsed
West Bengal,Alipurduar,2018,constituency_crosswalk,PARANGERPAR,PARANGERPAR/V,5,13-Falakata(SC)/184,"157, Shishusadan State Plan Pry.
School(Room-2)",Parangepar/PS-28,Falakata/ZP-15,data/wb/gp_source_search/historical_expansion/alipurduar_CONSTITUENCY_5fe98655.pdf,fd2063117af535c39b67f049573eb3ff1a8fcea3df4ba8c56deb6f6979cdba59,25,1,13,"[24.959999999999997, 17.75999999999999, 822.7199999999999, 555.0]","[""FALAKATA"", ""13-Falakata(SC)/184"", ""157, Shishusadan State Plan Pry.\nSchool(Room-2)"", ""PARANGERPAR/V"", ""5"", ""Parangepar/PS-28"", ""Falakata/ZP-15""]",,native_fields_parsed
West Bengal,Alipurduar,2018,constituency_crosswalk,PARANGERPAR,PARANGERPAR/VI,6,13-Falakata(SC)/185,"158, Khalishamari Addl. Pry. School",Parangepar/PS-27,Falakata/ZP-15,data/wb/gp_source_search/historical_expansion/alipurduar_CONSTITUENCY_5fe98655.pdf,fd2063117af535c39b67f049573eb3ff1a8fcea3df4ba8c56deb6f6979cdba59,25,1,14,"[24.959999999999997, 17.75999999999999, 822.7199999999999, 555.0]","[""FALAKATA"", ""13-Falakata(SC)/185"", ""158, Khalishamari Addl. Pry. School"", ""PARANGERPAR/VI"", ""6"", ""Parangepar/PS-27"", ""Falakata/ZP-15""]",,native_fields_parsed
West Bengal,Alipurduar,2018,constituency_crosswalk,PARANGERPAR,PARANGERPAR/VII,7,13-Falakata(SC)/186,"159, Parangerpar MSK",Parangepar/PS-27,Falakata/ZP-15,data/wb/gp_source_search/historical_expansion/alipurduar_CONSTITUENCY_5fe98655.pdf,fd2063117af535c39b67f049573eb3ff1a8fcea3df4ba8c56deb6f6979cdba59,25,1,15,"[24.959999999999997, 17.75999999999999, 822.7199999999999, 555.0]","[""FALAKATA"", ""13-Falakata(SC)/186"", ""159, Parangerpar MSK"", ""PARANGERPAR/VII"", ""7"", ""Parangepar/PS-27"", ""Falakata/ZP-15""]",,native_fields_parsed
West Bengal,Alipurduar,2018,constituency_crosswalk,PARANGERPAR,PARANGERPAR/VIII,8,13-Falakata(SC)/187,"160/1, Falakata College , Room-I",Parangepar/PS-28,Falakata/ZP-15,data/wb/gp_source_search/historical_expansion/alipurduar_CONSTITUENCY_5fe98655.pdf,fd2063117af535c39b67f049573eb3ff1a8fcea3df4ba8c56deb6f6979cdba59,25,1,16,"[24.959999999999997, 17.75999999999999, 822.7199999999999, 555.0]","[""FALAKATA"", ""13-Falakata(SC)/187"", ""160/1, Falakata College , Room-I"", ""PARANGERPAR/VIII"", ""8"", ""Parangepar/PS-28"", ""Falakata/ZP-15""]",,native_fields_parsed
West Bengal,Alipurduar,2018,constituency_crosswalk,PARANGERPAR,PARANGERPAR/VIII,8,13-Falakata(SC)/188,"160/2, Falakata College , Room-II",Parangepar/PS-28,Falakata/ZP-15,data/wb/gp_source_search/historical_expansion/alipurduar_CONSTITUENCY_5fe98655.pdf,fd2063117af535c39b67f049573eb3ff1a8fcea3df4ba8c56deb6f6979cdba59,25,1,17,"[24.959999999999997, 17.75999999999999, 822.7199999999999, 555.0]","[""FALAKATA"", ""13-Falakata(SC)/188"", ""160/2, Falakata College , Room-II"", ""PARANGERPAR/VIII"", ""8"", ""Parangepar/PS-28"", ""Falakata/ZP-15""]",,native_fields_parsed
West Bengal,Alipurduar,2018,constituency_crosswalk,PARANGERPAR,PARANGERPAR/IX,9,13-Falakata(SC)/189,"161, Harakrishna Nagar Pry. School",Parangepar/PS-28,Falakata/ZP-15,data/wb/gp_source_search/historical_expansion/alipurduar_CONSTITUENCY_5fe98655.pdf,fd2063117af535c39b67f049573eb3ff1a8fcea3df4ba8c56deb6f6979cdba59,25,1,18,"[24.959999999999997, 17.75999999999999, 822.7199999999999, 555.0]","[""FALAKATA"", ""13-Falakata(SC)/189"", ""161, Harakrishna Nagar Pry. School"", ""PARANGERPAR/IX"", ""9"", ""Parangepar/PS-28"", ""Falakata/ZP-15""]",,native_fields_parsed
West Bengal,Alipurduar,2018,constituency_crosswalk,PARANGERPAR,PARANGERPAR/X,10,13-Falakata(SC)/190,"162, Purba Baganbari Pry. School
(Room-1)",Parangepar/PS-29,Falakata/ZP-15,data/wb/gp_source_search/historical_expansion/alipurduar_CONSTITUENCY_5fe98655.pdf,fd2063117af535c39b67f049573eb3ff1a8fcea3df4ba8c56deb6f6979cdba59,25,1,19,"[24.959999999999997, 17.75999999999999, 822.7199999999999, 555.0]","[""FALAKATA"", ""13-Falakata(SC)/190"", ""162, Purba Baganbari Pry. School\n(Room-1)"", ""PARANGERPAR/X"", ""10"", ""Parangepar/PS-29"", ""Falakata/ZP-15""]",,native_fields_parsed
West Bengal,Alipurduar,2018,constituency_crosswalk,PARANGERPAR,PARANGERPAR/XI,11,13-Falakata(SC)/191,"163, Purba Baganbari Pry. School
(Room-2)",Parangepar/PS-29,Falakata/ZP-15,data/wb/gp_source_search/historical_expansion/alipurduar_CONSTITUENCY_5fe98655.pdf,fd2063117af535c39b67f049573eb3ff1a8fcea3df4ba8c56deb6f6979cdba59,25,1,20,"[24.959999999999997, 17.75999999999999, 822.7199999999999, 555.0]","[""FALAKATA"", ""13-Falakata(SC)/191"", ""163, Purba Baganbari Pry. School\n(Room-2)"", ""PARANGERPAR/XI"", ""11"", ""Parangepar/PS-29"", ""Falakata/ZP-15""]",,native_fields_parsed
West Bengal,Alipurduar,2018,constituency_crosswalk,PARANGERPAR,PARANGERPAR/XII,12,13-Falakata(SC)/192,"164/1, Baganbari Junior Basic School
(Room-1)",Parangepar/PS-29,Falakata/ZP-15,data/wb/gp_source_search/historical_expansion/alipurduar_CONSTITUENCY_5fe98655.pdf,fd2063117af535c39b67f049573eb3ff1a8fcea3df4ba8c56deb6f6979cdba59,25,1,21,"[24.959999999999997, 17.75999999999999, 822.7199999999999, 555.0]","[""FALAKATA"", ""13-Falakata(SC)/192"", ""164/1, Baganbari Junior Basic School\n(Room-1)"", ""PARANGERPAR/XII"", ""12"", ""Parangepar/PS-29"", ""Falakata/ZP-15""]",,native_fields_parsed
West Bengal,Alipurduar,2018,constituency_crosswalk,PARANGERPAR,PARANGERPAR/XII,12,13-Falakata(SC)/193,"164/2, Baganbari Junior Basic
School(Room-2)",Parangepar/PS-29,Falakata/ZP-15,data/wb/gp_source_search/historical_expansion/alipurduar_CONSTITUENCY_5fe98655.pdf,fd2063117af535c39b67f049573eb3ff1a8fcea3df4ba8c56deb6f6979cdba59,25,1,22,"[24.959999999999997, 17.75999999999999, 822.7199999999999, 555.0]","[""FALAKATA"", ""13-Falakata(SC)/193"", ""164/2, Baganbari Junior Basic\nSchool(Room-2)"", ""PARANGERPAR/XII"", ""12"", ""Parangepar/PS-29"", ""Falakata/ZP-15""]",,native_fields_parsed
West Bengal,Alipurduar,2018,constituency_crosswalk,FFAALLAAKKAATTAA--II/,FFAALLAAKKAATTAA--II//II,11,1133--FFaallaakkaattaa((SSCC))//119944,"165, Khudiram Bidyamandir, Room-I",FFaallaakkaattaa--II//PPSS--3300,FFaallaakkaattaa//ZZPP--1155,data/wb/gp_source_search/historical_expansion/alipurduar_CONSTITUENCY_5fe98655.pdf,fd2063117af535c39b67f049573eb3ff1a8fcea3df4ba8c56deb6f6979cdba59,25,1,23,"[24.959999999999997, 17.75999999999999, 822.7199999999999, 555.0]","[""FALAKATA"", ""1133--FFaallaakkaattaa((SSCC))//119944"", ""165, Khudiram Bidyamandir, Room-I"", ""FFAALLAAKKAATTAA--II//II"", ""11"", ""FFaallaakkaattaa--II//PPSS--3300"", ""FFaallaakkaattaa//ZZPP--1155""]",duplicated_native_glyphs,needs_review
West Bengal,Alipurduar,2018,constituency_crosswalk,FALAKATA-I,FALAKATA-I/II,2,13-Falakata(SC)/195,"166, Khudiram Bidyamandir, Room-II",Falakata-I/PS-30,Falakata/ZP-15,data/wb/gp_source_search/historical_expansion/alipurduar_CONSTITUENCY_5fe98655.pdf,fd2063117af535c39b67f049573eb3ff1a8fcea3df4ba8c56deb6f6979cdba59,26,1,1,"[24.959999999999997, 17.75999999999999, 822.7199999999999, 569.52]","[""FALAKATA"", ""13-Falakata(SC)/195"", ""166, Khudiram Bidyamandir, Room-II"", ""FALAKATA-I/II"", ""2"", ""Falakata-I/PS-30"", ""Falakata/ZP-15""]",,native_fields_parsed
West Bengal,Alipurduar,2018,constituency_crosswalk,FALAKATA-I,FALAKATA-I/III,3,13-Falakata(SC)/196,"167/1, Jadabpalli High School, Room-I",Falakata-I/PS-30,Falakata/ZP-15,data/wb/gp_source_search/historical_expansion/alipurduar_CONSTITUENCY_5fe98655.pdf,fd2063117af535c39b67f049573eb3ff1a8fcea3df4ba8c56deb6f6979cdba59,26,1,2,"[24.959999999999997, 17.75999999999999, 822.7199999999999, 569.52]","[""FALAKATA"", ""13-Falakata(SC)/196"", ""167/1, Jadabpalli High School, Room-I"", ""FALAKATA-I/III"", ""3"", ""Falakata-I/PS-30"", ""Falakata/ZP-15""]",,native_fields_parsed
West Bengal,Alipurduar,2018,constituency_crosswalk,FALAKATA-I,FALAKATA-I/III,3,13-Falakata(SC)/197,"167/2, Jadabpalli SC primary School",Falakata-I/PS-30,Falakata/ZP-15,data/wb/gp_source_search/historical_expansion/alipurduar_CONSTITUENCY_5fe98655.pdf,fd2063117af535c39b67f049573eb3ff1a8fcea3df4ba8c56deb6f6979cdba59,26,1,3,"[24.959999999999997, 17.75999999999999, 822.7199999999999, 569.52]","[""FALAKATA"", ""13-Falakata(SC)/197"", ""167/2, Jadabpalli SC primary School"", ""FALAKATA-I/III"", ""3"", ""Falakata-I/PS-30"", ""Falakata/ZP-15""]",,native_fields_parsed
West Bengal,Alipurduar,2018,constituency_crosswalk,FALAKATA-I,FALAKATA-I/IV,4,13-Falakata(SC)/198,"168, Jadabpalli High School, Room-II",Falakata-I/PS-30,Falakata/ZP-15,data/wb/gp_source_search/historical_expansion/alipurduar_CONSTITUENCY_5fe98655.pdf,fd2063117af535c39b67f049573eb3ff1a8fcea3df4ba8c56deb6f6979cdba59,26,1,4,"[24.959999999999997, 17.75999999999999, 822.7199999999999, 569.52]","[""FALAKATA"", ""13-Falakata(SC)/198"", ""168, Jadabpalli High School, Room-II"", ""FALAKATA-I/IV"", ""4"", ""Falakata-I/PS-30"", ""Falakata/ZP-15""]",,native_fields_parsed
West Bengal,Alipurduar,2018,constituency_crosswalk,FALAKATA-I,FALAKATA-I/V,5,13-Falakata(SC)/199,"169, Saradanandapalli Pry. School",Falakata-I/PS-30,Falakata/ZP-15,data/wb/gp_source_search/historical_expansion/alipurduar_CONSTITUENCY_5fe98655.pdf,fd2063117af535c39b67f049573eb3ff1a8fcea3df4ba8c56deb6f6979cdba59,26,1,5,"[24.959999999999997, 17.75999999999999, 822.7199999999999, 569.52]","[""FALAKATA"", ""13-Falakata(SC)/199"", ""169, Saradanandapalli Pry. School"", ""FALAKATA-I/V"", ""5"", ""Falakata-I/PS-30"", ""Falakata/ZP-15""]",,native_fields_parsed
West Bengal,Alipurduar,2018,constituency_crosswalk,FALAKATA-I,FALAKATA-I/VI,6,13-Falakata(SC)/200,"170, Sat Raichenga Board Pry. School",Falakata-I/PS-31,Falakata/ZP-15,data/wb/gp_source_search/historical_expansion/alipurduar_CONSTITUENCY_5fe98655.pdf,fd2063117af535c39b67f049573eb3ff1a8fcea3df4ba8c56deb6f6979cdba59,26,1,6,"[24.959999999999997, 17.75999999999999, 822.7199999999999, 569.52]","[""FALAKATA"", ""13-Falakata(SC)/200"", ""170, Sat Raichenga Board Pry. School"", ""FALAKATA-I/VI"", ""6"", ""Falakata-I/PS-31"", ""Falakata/ZP-15""]",,native_fields_parsed
West Bengal,Alipurduar,2018,constituency_crosswalk,FALAKATA-I,FALAKATA-I/VII,7,13-Falakata(SC)/201,"171, Nripen Mitra Colony S.S.K",Falakata-I/PS-31,Falakata/ZP-15,data/wb/gp_source_search/historical_expansion/alipurduar_CONSTITUENCY_5fe98655.pdf,fd2063117af535c39b67f049573eb3ff1a8fcea3df4ba8c56deb6f6979cdba59,26,1,7,"[24.959999999999997, 17.75999999999999, 822.7199999999999, 569.52]","[""FALAKATA"", ""13-Falakata(SC)/201"", ""171, Nripen Mitra Colony S.S.K"", ""FALAKATA-I/VII"", ""7"", ""Falakata-I/PS-31"", ""Falakata/ZP-15""]",,native_fields_parsed
West Bengal,Alipurduar,2018,constituency_crosswalk,FALAKATA-I,FALAKATA-I/VIII,8,13-Falakata(SC)/202,"172, Falakata Girls’ High School",Falakata-I/PS-31,Falakata/ZP-15,data/wb/gp_source_search/historical_expansion/alipurduar_CONSTITUENCY_5fe98655.pdf,fd2063117af535c39b67f049573eb3ff1a8fcea3df4ba8c56deb6f6979cdba59,26,1,8,"[24.959999999999997, 17.75999999999999, 822.7199999999999, 569.52]","[""FALAKATA"", ""13-Falakata(SC)/202"", ""172, Falakata Girls’ High School"", ""FALAKATA-I/VIII"", ""8"", ""Falakata-I/PS-31"", ""Falakata/ZP-15""]",,native_fields_parsed
West Bengal,Alipurduar,2018,constituency_crosswalk,FALAKATA-I,FALAKATA-I/IX,9,13-Falakata(SC)/203,"173, Falakata Subhas Girls’ High
School",Falakata-I/PS-31,Falakata/ZP-15,data/wb/gp_source_search/historical_expansion/alipurduar_CONSTITUENCY_5fe98655.pdf,fd2063117af535c39b67f049573eb3ff1a8fcea3df4ba8c56deb6f6979cdba59,26,1,9,"[24.959999999999997, 17.75999999999999, 822.7199999999999, 569.52]","[""FALAKATA"", ""13-Falakata(SC)/203"", ""173, Falakata Subhas Girls’ High\nSchool"", ""FALAKATA-I/IX"", ""9"", ""Falakata-I/PS-31"", ""Falakata/ZP-15""]",,native_fields_parsed
West Bengal,Alipurduar,2018,constituency_crosswalk,FALAKATA-I,FALAKATA-I/X,10,13-Falakata(SC)/204,"174/1, Subhashpalli Pry. School (Room-
1)",Falakata-I/PS-32,Falakata/ZP-15,data/wb/gp_source_search/historical_expansion/alipurduar_CONSTITUENCY_5fe98655.pdf,fd2063117af535c39b67f049573eb3ff1a8fcea3df4ba8c56deb6f6979cdba59,26,1,10,"[24.959999999999997, 17.75999999999999, 822.7199999999999, 569.52]","[""FALAKATA"", ""13-Falakata(SC)/204"", ""174/1, Subhashpalli Pry. School (Room-\n1)"", ""FALAKATA-I/X"", ""10"", ""Falakata-I/PS-32"", ""Falakata/ZP-15""]",,native_fields_parsed
West Bengal,Alipurduar,2018,constituency_crosswalk,FALAKATA-I,FALAKATA-I/X,10,13-Falakata(SC)/205,"117744//22,, SSuubbhhaasshhppaallllii PPrryy.. SScchhooooll ((RRoooomm--
2)",Falakata-I/PS-32,Falakata/ZP-15,data/wb/gp_source_search/historical_expansion/alipurduar_CONSTITUENCY_5fe98655.pdf,fd2063117af535c39b67f049573eb3ff1a8fcea3df4ba8c56deb6f6979cdba59,26,1,11,"[24.959999999999997, 17.75999999999999, 822.7199999999999, 569.52]","[""FALAKATA"", ""13-Falakata(SC)/205"", ""117744//22,, SSuubbhhaasshhppaallllii PPrryy.. SScchhooooll ((RRoooomm--\n2)"", ""FALAKATA-I/X"", ""10"", ""Falakata-I/PS-32"", ""Falakata/ZP-15""]",duplicated_native_glyphs,needs_review
West Bengal,Alipurduar,2018,constituency_crosswalk,FALAKATA-I,FALAKATA-I/XI,11,13-Falakata(SC)/206,"175, Vibekanandapalli Pry. School",Falakata-I/PS-32,Falakata/ZP-15,data/wb/gp_source_search/historical_expansion/alipurduar_CONSTITUENCY_5fe98655.pdf,fd2063117af535c39b67f049573eb3ff1a8fcea3df4ba8c56deb6f6979cdba59,26,1,12,"[24.959999999999997, 17.75999999999999, 822.7199999999999, 569.52]","[""FALAKATA"", ""13-Falakata(SC)/206"", ""175, Vibekanandapalli Pry. School"", ""FALAKATA-I/XI"", ""11"", ""Falakata-I/PS-32"", ""Falakata/ZP-15""]",,native_fields_parsed
West Bengal,Alipurduar,2018,constituency_crosswalk,FALAKATA-I,FALAKATA-I/XII,12,13-Falakata(SC)/207,"176, Falakata Nimna Buniadi Bidyalaya",Falakata-I/PS-32,Falakata/ZP-15,data/wb/gp_source_search/historical_expansion/alipurduar_CONSTITUENCY_5fe98655.pdf,fd2063117af535c39b67f049573eb3ff1a8fcea3df4ba8c56deb6f6979cdba59,26,1,13,"[24.959999999999997, 17.75999999999999, 822.7199999999999, 569.52]","[""FALAKATA"", ""13-Falakata(SC)/207"", ""176, Falakata Nimna Buniadi Bidyalaya"", ""FALAKATA-I/XII"", ""12"", ""Falakata-I/PS-32"", ""Falakata/ZP-15""]",,native_fields_parsed
West Bengal,Alipurduar,2018,constituency_crosswalk,FALAKATA-I,FALAKATA-I/XIII,13,13-Falakata(SC)/208,"177, Subhash Collony AWC",Falakata-I/PS-32,Falakata/ZP-15,data/wb/gp_source_search/historical_expansion/alipurduar_CONSTITUENCY_5fe98655.pdf,fd2063117af535c39b67f049573eb3ff1a8fcea3df4ba8c56deb6f6979cdba59,26,1,14,"[24.959999999999997, 17.75999999999999, 822.7199999999999, 569.52]","[""FALAKATA"", ""13-Falakata(SC)/208"", ""177, Subhash Collony AWC"", ""FALAKATA-I/XIII"", ""13"", ""Falakata-I/PS-32"", ""Falakata/ZP-15""]",,native_fields_parsed
West Bengal,Alipurduar,2018,constituency_crosswalk,FALAKATA-I,FALAKATA-I/XIV,14,13-Falakata(SC)/209,"178, Falakata G.S.F.(R.R) Prymary
School",Falakata-I/PS-32,Falakata/ZP-15,data/wb/gp_source_search/historical_expansion/alipurduar_CONSTITUENCY_5fe98655.pdf,fd2063117af535c39b67f049573eb3ff1a8fcea3df4ba8c56deb6f6979cdba59,26,1,15,"[24.959999999999997, 17.75999999999999, 822.7199999999999, 569.52]","[""FALAKATA"", ""13-Falakata(SC)/209"", ""178, Falakata G.S.F.(R.R) Prymary\nSchool"", ""FALAKATA-I/XIV"", ""14"", ""Falakata-I/PS-32"", ""Falakata/ZP-15""]",,native_fields_parsed
West Bengal,Alipurduar,2018,constituency_crosswalk,FALAKATA-I,FALAKATA-I/XV,15,13-Falakata(SC)/210,"179/1, Paschim Falakata Pry. School
(Room-1)",Falakata-I/PS-31,Falakata/ZP-15,data/wb/gp_source_search/historical_expansion/alipurduar_CONSTITUENCY_5fe98655.pdf,fd2063117af535c39b67f049573eb3ff1a8fcea3df4ba8c56deb6f6979cdba59,26,1,16,"[24.959999999999997, 17.75999999999999, 822.7199999999999, 569.52]","[""FALAKATA"", ""13-Falakata(SC)/210"", ""179/1, Paschim Falakata Pry. School\n(Room-1)"", ""FALAKATA-I/XV"", ""15"", ""Falakata-I/PS-31"", ""Falakata/ZP-15""]",,native_fields_parsed
West Bengal,Alipurduar,2018,constituency_crosswalk,FALAKATA-I,FALAKATA-I/XV,15,13-Falakata(SC)/211,"179/2, Paschim Falakata Pry. School
(Room-2)",Falakata-I/PS-31,Falakata/ZP-15,data/wb/gp_source_search/historical_expansion/alipurduar_CONSTITUENCY_5fe98655.pdf,fd2063117af535c39b67f049573eb3ff1a8fcea3df4ba8c56deb6f6979cdba59,26,1,17,"[24.959999999999997, 17.75999999999999, 822.7199999999999, 569.52]","[""FALAKATA"", ""13-Falakata(SC)/211"", ""179/2, Paschim Falakata Pry. School\n(Room-2)"", ""FALAKATA-I/XV"", ""15"", ""Falakata-I/PS-31"", ""Falakata/ZP-15""]",,native_fields_parsed
West Bengal,Alipurduar,2018,constituency_crosswalk,FALAKATA-I,FALAKATA-I/XVI,16,13-Falakata(SC)/212,"180/1, Sonali Sangha",Falakata-I/PS-31,Falakata/ZP-15,data/wb/gp_source_search/historical_expansion/alipurduar_CONSTITUENCY_5fe98655.pdf,fd2063117af535c39b67f049573eb3ff1a8fcea3df4ba8c56deb6f6979cdba59,26,1,18,"[24.959999999999997, 17.75999999999999, 822.7199999999999, 569.52]","[""FALAKATA"", ""13-Falakata(SC)/212"", ""180/1, Sonali Sangha"", ""FALAKATA-I/XVI"", ""16"", ""Falakata-I/PS-31"", ""Falakata/ZP-15""]",,native_fields_parsed
West Bengal,Alipurduar,2018,constituency_crosswalk,FALAKATA-I,FALAKATA-I/XVI,16,13-Falakata(SC)/213,"180/2, Milan Sangha",Falakata-I/PS-31,Falakata/ZP-15,data/wb/gp_source_search/historical_expansion/alipurduar_CONSTITUENCY_5fe98655.pdf,fd2063117af535c39b67f049573eb3ff1a8fcea3df4ba8c56deb6f6979cdba59,26,1,19,"[24.959999999999997, 17.75999999999999, 822.7199999999999, 569.52]","[""FALAKATA"", ""13-Falakata(SC)/213"", ""180/2, Milan Sangha"", ""FALAKATA-I/XVI"", ""16"", ""Falakata-I/PS-31"", ""Falakata/ZP-15""]",,native_fields_parsed
West Bengal,Alipurduar,2018,constituency_crosswalk,FALAKATA-II,FALAKATA-II/I,1,13-Falakata(SC)/214,"181, Paschim Parangerpar Junior Basic
School",Falakata-II/PS-33,Falakata/ZP-15,data/wb/gp_source_search/historical_expansion/alipurduar_CONSTITUENCY_5fe98655.pdf,fd2063117af535c39b67f049573eb3ff1a8fcea3df4ba8c56deb6f6979cdba59,26,1,20,"[24.959999999999997, 17.75999999999999, 822.7199999999999, 569.52]","[""FALAKATA"", ""13-Falakata(SC)/214"", ""181, Paschim Parangerpar Junior Basic\nSchool"", ""FALAKATA-II/I"", ""1"", ""Falakata-II/PS-33"", ""Falakata/ZP-15""]",,native_fields_parsed
West Bengal,Alipurduar,2018,constituency_crosswalk,FALAKATA-II,FALAKATA-II/II,2,13-Falakata(SC)/215,"182, Purba Chuakhola Pry. School",Falakata-II/PS-33,Falakata/ZP-15,data/wb/gp_source_search/historical_expansion/alipurduar_CONSTITUENCY_5fe98655.pdf,fd2063117af535c39b67f049573eb3ff1a8fcea3df4ba8c56deb6f6979cdba59,26,1,21,"[24.959999999999997, 17.75999999999999, 822.7199999999999, 569.52]","[""FALAKATA"", ""13-Falakata(SC)/215"", ""182, Purba Chuakhola Pry. School"", ""FALAKATA-II/II"", ""2"", ""Falakata-II/PS-33"", ""Falakata/ZP-15""]",,native_fields_parsed
West Bengal,Alipurduar,2018,constituency_crosswalk,FALAKATA-II,FALAKATA-II/III,3,13-Falakata(SC)/216,"183, Chuakhola Special Cadre Pry.
SScchhooooll ((RRoooomm--11))",Falakata-II/PS-33,Falakata/ZP-15,data/wb/gp_source_search/historical_expansion/alipurduar_CONSTITUENCY_5fe98655.pdf,fd2063117af535c39b67f049573eb3ff1a8fcea3df4ba8c56deb6f6979cdba59,26,1,22,"[24.959999999999997, 17.75999999999999, 822.7199999999999, 569.52]","[""FFAALLAAKKAATTAA"", ""13-Falakata(SC)/216"", ""183, Chuakhola Special Cadre Pry.\nSScchhooooll ((RRoooomm--11))"", ""FALAKATA-II/III"", ""3"", ""Falakata-II/PS-33"", ""Falakata/ZP-15""]",duplicated_native_glyphs,needs_review
West Bengal,Alipurduar,2018,constituency_crosswalk,FALAKATA-II,FALAKATA-II/IV,4,13-Falakata(SC)/217,"184, Chuakhola Special Cadre Pry.
School (Room-2)",Falakata-II/PS-33,Falakata/ZP-15,data/wb/gp_source_search/historical_expansion/alipurduar_CONSTITUENCY_5fe98655.pdf,fd2063117af535c39b67f049573eb3ff1a8fcea3df4ba8c56deb6f6979cdba59,26,1,23,"[24.959999999999997, 17.75999999999999, 822.7199999999999, 569.52]","[""FALAKATA"", ""13-Falakata(SC)/217"", ""184, Chuakhola Special Cadre Pry.\nSchool (Room-2)"", ""FALAKATA-II/IV"", ""4"", ""Falakata-II/PS-33"", ""Falakata/ZP-15""]",,native_fields_parsed
West Bengal,Alipurduar,2018,constituency_crosswalk,FALAKATA-II,FALAKATA-II/V,5,13-Falakata(SC)/218,"185, Ashutash pally Anganwadi Centre",Falakata-II/PS-33,Falakata/ZP-15,data/wb/gp_source_search/historical_expansion/alipurduar_CONSTITUENCY_5fe98655.pdf,fd2063117af535c39b67f049573eb3ff1a8fcea3df4ba8c56deb6f6979cdba59,27,1,1,"[24.959999999999997, 17.75999999999999, 822.7199999999999, 555.0]","[""FALAKATA"", ""13-Falakata(SC)/218"", ""185, Ashutash pally Anganwadi Centre"", ""FALAKATA-II/V"", ""5"", ""Falakata-II/PS-33"", ""Falakata/ZP-15""]",,native_fields_parsed
West Bengal,Alipurduar,2018,constituency_crosswalk,FALAKATA-II,FALAKATA-II/VI,6,13-Falakata(SC)/219,"186, Ashutoshpalli Pry School",Falakata-II/PS-33,Falakata/ZP-15,data/wb/gp_source_search/historical_expansion/alipurduar_CONSTITUENCY_5fe98655.pdf,fd2063117af535c39b67f049573eb3ff1a8fcea3df4ba8c56deb6f6979cdba59,27,1,2,"[24.959999999999997, 17.75999999999999, 822.7199999999999, 555.0]","[""FALAKATA"", ""13-Falakata(SC)/219"", ""186, Ashutoshpalli Pry School"", ""FALAKATA-II/VI"", ""6"", ""Falakata-II/PS-33"", ""Falakata/ZP-15""]",,native_fields_parsed
West Bengal,Alipurduar,2018,constituency_crosswalk,FALAKATA-II,FALAKATA-II/VII,7,13-Falakata(SC)/220,"187, Chartorsha State Plan Pry. School
(Room-1)",Falakata-II/PS-34,Falakata/ZP-15,data/wb/gp_source_search/historical_expansion/alipurduar_CONSTITUENCY_5fe98655.pdf,fd2063117af535c39b67f049573eb3ff1a8fcea3df4ba8c56deb6f6979cdba59,27,1,3,"[24.959999999999997, 17.75999999999999, 822.7199999999999, 555.0]","[""FALAKATA"", ""13-Falakata(SC)/220"", ""187, Chartorsha State Plan Pry. School\n(Room-1)"", ""FALAKATA-II/VII"", ""7"", ""Falakata-II/PS-34"", ""Falakata/ZP-15""]",,native_fields_parsed
West Bengal,Alipurduar,2018,constituency_crosswalk,FALAKATA-II,FALAKATA-II/VIII,8,13-Falakata(SC)/221,"188, Chartorsha State Plan Pry. School
(Room-2)",Falakata-II/PS-34,Falakata/ZP-15,data/wb/gp_source_search/historical_expansion/alipurduar_CONSTITUENCY_5fe98655.pdf,fd2063117af535c39b67f049573eb3ff1a8fcea3df4ba8c56deb6f6979cdba59,27,1,4,"[24.959999999999997, 17.75999999999999, 822.7199999999999, 555.0]","[""FALAKATA"", ""13-Falakata(SC)/221"", ""188, Chartorsha State Plan Pry. School\n(Room-2)"", ""FALAKATA-II/VIII"", ""8"", ""Falakata-II/PS-34"", ""Falakata/ZP-15""]",,native_fields_parsed
West Bengal,Alipurduar,2018,constituency_crosswalk,FALAKATA-II,FALAKATA-II/IX,9,13-Falakata(SC)/222,"189, Banshidharpur C. S. Pry. School",Falakata-II/PS-34,Falakata/ZP-15,data/wb/gp_source_search/historical_expansion/alipurduar_CONSTITUENCY_5fe98655.pdf,fd2063117af535c39b67f049573eb3ff1a8fcea3df4ba8c56deb6f6979cdba59,27,1,5,"[24.959999999999997, 17.75999999999999, 822.7199999999999, 555.0]","[""FALAKATA"", ""13-Falakata(SC)/222"", ""189, Banshidharpur C. S. Pry. School"", ""FALAKATA-II/IX"", ""9"", ""Falakata-II/PS-34"", ""Falakata/ZP-15""]",,native_fields_parsed
West Bengal,Alipurduar,2018,constituency_crosswalk,FALAKATA-II,FALAKATA-II/X,10,13-Falakata(SC)/223,"190, Banshidharpur New Pry. School",Falakata-II/PS-34,Falakata/ZP-15,data/wb/gp_source_search/historical_expansion/alipurduar_CONSTITUENCY_5fe98655.pdf,fd2063117af535c39b67f049573eb3ff1a8fcea3df4ba8c56deb6f6979cdba59,27,1,6,"[24.959999999999997, 17.75999999999999, 822.7199999999999, 555.0]","[""FALAKATA"", ""13-Falakata(SC)/223"", ""190, Banshidharpur New Pry. School"", ""FALAKATA-II/X"", ""10"", ""Falakata-II/PS-34"", ""Falakata/ZP-15""]",,native_fields_parsed
West Bengal,Alipurduar,2018,constituency_crosswalk,FALAKATA-II,FALAKATA-II/XI,11,13-Falakata(SC)/224,"191, Raichenga Assam More SSK",Falakata-II/PS-34,Falakata/ZP-15,data/wb/gp_source_search/historical_expansion/alipurduar_CONSTITUENCY_5fe98655.pdf,fd2063117af535c39b67f049573eb3ff1a8fcea3df4ba8c56deb6f6979cdba59,27,1,7,"[24.959999999999997, 17.75999999999999, 822.7199999999999, 555.0]","[""FALAKATA"", ""13-Falakata(SC)/224"", ""191, Raichenga Assam More SSK"", ""FALAKATA-II/XI"", ""11"", ""Falakata-II/PS-34"", ""Falakata/ZP-15""]",,native_fields_parsed
West Bengal,Alipurduar,2018,constituency_crosswalk,FALAKATA-II,FALAKATA-II/XII,12,13-Falakata(SC)/225,"192, Raichenga Junior Basic School",Falakata-II/PS-34,Falakata/ZP-15,data/wb/gp_source_search/historical_expansion/alipurduar_CONSTITUENCY_5fe98655.pdf,fd2063117af535c39b67f049573eb3ff1a8fcea3df4ba8c56deb6f6979cdba59,27,1,8,"[24.959999999999997, 17.75999999999999, 822.7199999999999, 555.0]","[""FALAKATA"", ""13-Falakata(SC)/225"", ""192, Raichenga Junior Basic School"", ""FALAKATA-II/XII"", ""12"", ""Falakata-II/PS-34"", ""Falakata/ZP-15""]",,native_fields_parsed
West Bengal,Alipurduar,2018,constituency_crosswalk,FALAKATA-II,FALAKATA-II/XIII,13,13-Falakata(SC)/226,"193, Kalipur Bandherpar Pry. School",Falakata-II/PS-34,Falakata/ZP-15,data/wb/gp_source_search/historical_expansion/alipurduar_CONSTITUENCY_5fe98655.pdf,fd2063117af535c39b67f049573eb3ff1a8fcea3df4ba8c56deb6f6979cdba59,27,1,9,"[24.959999999999997, 17.75999999999999, 822.7199999999999, 555.0]","[""FALAKATA"", ""13-Falakata(SC)/226"", ""193, Kalipur Bandherpar Pry. School"", ""FALAKATA-II/XIII"", ""13"", ""Falakata-II/PS-34"", ""Falakata/ZP-15""]",,native_fields_parsed
West Bengal,Alipurduar,2018,constituency_crosswalk,FALAKATA-II,FALAKATA-II/XIV,14,13-Falakata(SC)/227,"194, Kalipur Special Cadre Pry. School",Falakata-II/PS-34,Falakata/ZP-15,data/wb/gp_source_search/historical_expansion/alipurduar_CONSTITUENCY_5fe98655.pdf,fd2063117af535c39b67f049573eb3ff1a8fcea3df4ba8c56deb6f6979cdba59,27,1,10,"[24.959999999999997, 17.75999999999999, 822.7199999999999, 555.0]","[""FALAKATA"", ""13-Falakata(SC)/227"", ""194, Kalipur Special Cadre Pry. School"", ""FALAKATA-II/XIV"", ""14"", ""Falakata-II/PS-34"", ""Falakata/ZP-15""]",,native_fields_parsed
West Bengal,Alipurduar,2018,constituency_crosswalk,FFAALLAAKKAATTAA--IIII/,FFAALLAAKKAATTAA--IIII//XXVV,1155,1133--FFaallaakkaattaa((SSCC))//222288,"119955//11,, RRaaiicchheennggaa NN00..--22 PPrryy.. SScchhooooll",FFaallaakkaattaa--IIII//PPSS--3344,FFaallaakkaattaa//ZZPP--1155,data/wb/gp_source_search/historical_expansion/alipurduar_CONSTITUENCY_5fe98655.pdf,fd2063117af535c39b67f049573eb3ff1a8fcea3df4ba8c56deb6f6979cdba59,27,1,11,"[24.959999999999997, 17.75999999999999, 822.7199999999999, 555.0]","[""FFAALLAAKKAATTAA"", ""1133--FFaallaakkaattaa((SSCC))//222288"", ""119955//11,, RRaaiicchheennggaa NN00..--22 PPrryy.. SScchhooooll"", ""FFAALLAAKKAATTAA--IIII//XXVV"", ""1155"", ""FFaallaakkaattaa--IIII//PPSS--3344"", ""FFaallaakkaattaa//ZZPP--1155""]",duplicated_native_glyphs,needs_review
West Bengal,Alipurduar,2018,constituency_crosswalk,FALAKATA-II,FALAKATA-II/XV,15,13-Falakata(SC)/229,"195/2, Raichanga Bidyaniketan High
School",Falakata-II/PS-34,Falakata/ZP-15,data/wb/gp_source_search/historical_expansion/alipurduar_CONSTITUENCY_5fe98655.pdf,fd2063117af535c39b67f049573eb3ff1a8fcea3df4ba8c56deb6f6979cdba59,27,1,12,"[24.959999999999997, 17.75999999999999, 822.7199999999999, 555.0]","[""FALAKATA"", ""13-Falakata(SC)/229"", ""195/2, Raichanga Bidyaniketan High\nSchool"", ""FALAKATA-II/XV"", ""15"", ""Falakata-II/PS-34"", ""Falakata/ZP-15""]",,native_fields_parsed
West Bengal,Alipurduar,2018,constituency_crosswalk,FALAKATA-II,FALAKATA-II/XVI,16,13-Falakata(SC)/230,"196, Gopenagar Anganwadi Centre",Falakata-II/PS-33,Falakata/ZP-15,data/wb/gp_source_search/historical_expansion/alipurduar_CONSTITUENCY_5fe98655.pdf,fd2063117af535c39b67f049573eb3ff1a8fcea3df4ba8c56deb6f6979cdba59,27,1,13,"[24.959999999999997, 17.75999999999999, 822.7199999999999, 555.0]","[""FALAKATA"", ""13-Falakata(SC)/230"", ""196, Gopenagar Anganwadi Centre"", ""FALAKATA-II/XVI"", ""16"", ""Falakata-II/PS-33"", ""Falakata/ZP-15""]",,native_fields_parsed
West Bengal,Alipurduar,2018,constituency_crosswalk,FALAKATA-II,FALAKATA-II/XVII,17,13-Falakata(SC)/231,"197, Dakshin Parangerpar Board Free
Pry. School",Falakata-II/PS-33,Falakata/ZP-15,data/wb/gp_source_search/historical_expansion/alipurduar_CONSTITUENCY_5fe98655.pdf,fd2063117af535c39b67f049573eb3ff1a8fcea3df4ba8c56deb6f6979cdba59,27,1,14,"[24.959999999999997, 17.75999999999999, 822.7199999999999, 555.0]","[""FALAKATA"", ""13-Falakata(SC)/231"", ""197, Dakshin Parangerpar Board Free\nPry. School"", ""FALAKATA-II/XVII"", ""17"", ""Falakata-II/PS-33"", ""Falakata/ZP-15""]",,native_fields_parsed
West Bengal,Alipurduar,2018,constituency_crosswalk,FALAKATA-II,FALAKATA-II/XVIII,18,13-Falakata(SC)/232,"198, Kadambini T.G. Junior Basic
School (Room-1)",Falakata-II/PS-35,Falakata/ZP-15,data/wb/gp_source_search/historical_expansion/alipurduar_CONSTITUENCY_5fe98655.pdf,fd2063117af535c39b67f049573eb3ff1a8fcea3df4ba8c56deb6f6979cdba59,27,1,15,"[24.959999999999997, 17.75999999999999, 822.7199999999999, 555.0]","[""FALAKATA"", ""13-Falakata(SC)/232"", ""198, Kadambini T.G. Junior Basic\nSchool (Room-1)"", ""FALAKATA-II/XVIII"", ""18"", ""Falakata-II/PS-35"", ""Falakata/ZP-15""]",,native_fields_parsed
West Bengal,Alipurduar,2018,constituency_crosswalk,FALAKATA-II,FALAKATA-II/XIX,19,13-Falakata(SC)/233,"199, Kadambini T.G. Junior Basic
School (Room-2)",Falakata-II/PS-35,Falakata/ZP-15,data/wb/gp_source_search/historical_expansion/alipurduar_CONSTITUENCY_5fe98655.pdf,fd2063117af535c39b67f049573eb3ff1a8fcea3df4ba8c56deb6f6979cdba59,27,1,16,"[24.959999999999997, 17.75999999999999, 822.7199999999999, 555.0]","[""FALAKATA"", ""13-Falakata(SC)/233"", ""199, Kadambini T.G. Junior Basic\nSchool (Room-2)"", ""FALAKATA-II/XIX"", ""19"", ""Falakata-II/PS-35"", ""Falakata/ZP-15""]",,native_fields_parsed
West Bengal,Alipurduar,2018,constituency_crosswalk,FALAKATA-II,FALAKATA-II/XX,20,13-Falakata(SC)/234,"200, Kadambini SSK",Falakata-II/PS-35,Falakata/ZP-15,data/wb/gp_source_search/historical_expansion/alipurduar_CONSTITUENCY_5fe98655.pdf,fd2063117af535c39b67f049573eb3ff1a8fcea3df4ba8c56deb6f6979cdba59,27,1,17,"[24.959999999999997, 17.75999999999999, 822.7199999999999, 555.0]","[""FALAKATA"", ""13-Falakata(SC)/234"", ""200, Kadambini SSK"", ""FALAKATA-II/XX"", ""20"", ""Falakata-II/PS-35"", ""Falakata/ZP-15""]",,native_fields_parsed
West Bengal,Alipurduar,2018,constituency_crosswalk,FALAKATA-II,FALAKATA-II/XXI,21,13-Falakata(SC)/235,"201/1, Amarpally AWC",Falakata-II/PS-35,Falakata/ZP-15,data/wb/gp_source_search/historical_expansion/alipurduar_CONSTITUENCY_5fe98655.pdf,fd2063117af535c39b67f049573eb3ff1a8fcea3df4ba8c56deb6f6979cdba59,27,1,18,"[24.959999999999997, 17.75999999999999, 822.7199999999999, 555.0]","[""FALAKATA"", ""13-Falakata(SC)/235"", ""201/1, Amarpally AWC"", ""FALAKATA-II/XXI"", ""21"", ""Falakata-II/PS-35"", ""Falakata/ZP-15""]",,native_fields_parsed
West Bengal,Alipurduar,2018,constituency_crosswalk,FALAKATA-II,FALAKATA-II/XXI,21,13-Falakata(SC)/236,"201/2, Mill Road Sporting Club",Falakata-II/PS-35,Falakata/ZP-15,data/wb/gp_source_search/historical_expansion/alipurduar_CONSTITUENCY_5fe98655.pdf,fd2063117af535c39b67f049573eb3ff1a8fcea3df4ba8c56deb6f6979cdba59,27,1,19,"[24.959999999999997, 17.75999999999999, 822.7199999999999, 555.0]","[""FALAKATA"", ""13-Falakata(SC)/236"", ""201/2, Mill Road Sporting Club"", ""FALAKATA-II/XXI"", ""21"", ""Falakata-II/PS-35"", ""Falakata/ZP-15""]",,native_fields_parsed
West Bengal,Alipurduar,2018,constituency_crosswalk,FALAKATA-II,FALAKATA-II/XXII,22,13-Falakata(SC)/237,"202, Paschim Raichenga New Pry.
School(Ajay Nagar)",Falakata-II/PS-35,Falakata/ZP-15,data/wb/gp_source_search/historical_expansion/alipurduar_CONSTITUENCY_5fe98655.pdf,fd2063117af535c39b67f049573eb3ff1a8fcea3df4ba8c56deb6f6979cdba59,27,1,20,"[24.959999999999997, 17.75999999999999, 822.7199999999999, 555.0]","[""FALAKATA"", ""13-Falakata(SC)/237"", ""202, Paschim Raichenga New Pry.\nSchool(Ajay Nagar)"", ""FALAKATA-II/XXII"", ""22"", ""Falakata-II/PS-35"", ""Falakata/ZP-15""]",,native_fields_parsed
West Bengal,Alipurduar,2018,constituency_crosswalk,FALAKATA-II,FALAKATA-II/XXIII,23,13-Falakata(SC)/238,"203, Angan wari centre no-218",Falakata-II/PS-35,Falakata/ZP-15,data/wb/gp_source_search/historical_expansion/alipurduar_CONSTITUENCY_5fe98655.pdf,fd2063117af535c39b67f049573eb3ff1a8fcea3df4ba8c56deb6f6979cdba59,27,1,21,"[24.959999999999997, 17.75999999999999, 822.7199999999999, 555.0]","[""FALAKATA"", ""13-Falakata(SC)/238"", ""203, Angan wari centre no-218"", ""FALAKATA-II/XXIII"", ""23"", ""Falakata-II/PS-35"", ""Falakata/ZP-15""]",,native_fields_parsed
West Bengal,Alipurduar,2018,constituency_crosswalk,FALAKATA-II,FALAKATA-II/XXIV,24,13-Falakata(SC)/239,"204, Deshbandhupara AWC",Falakata-II/PS-35,Falakata/ZP-15,data/wb/gp_source_search/historical_expansion/alipurduar_CONSTITUENCY_5fe98655.pdf,fd2063117af535c39b67f049573eb3ff1a8fcea3df4ba8c56deb6f6979cdba59,27,1,22,"[24.959999999999997, 17.75999999999999, 822.7199999999999, 555.0]","[""FALAKATA"", ""13-Falakata(SC)/239"", ""204, Deshbandhupara AWC"", ""FALAKATA-II/XXIV"", ""24"", ""Falakata-II/PS-35"", ""Falakata/ZP-15""]",,native_fields_parsed
West Bengal,Alipurduar,2018,constituency_crosswalk,FFAALLAAKKAATTAA--IIII/,FFAALLAAKKAATTAA--IIII//XXXXVV,2255,1133--FFaallaakkaattaa((SSCC))//224400,"220055,, DDeesshhbbaannddhhuuppaarraa SSrriisshh CChhaannddaa
Pry. School",FFaallaakkaattaa--IIII//PPSS--3355,FFaallaakkaattaa//ZZPP--1155,data/wb/gp_source_search/historical_expansion/alipurduar_CONSTITUENCY_5fe98655.pdf,fd2063117af535c39b67f049573eb3ff1a8fcea3df4ba8c56deb6f6979cdba59,27,1,23,"[24.959999999999997, 17.75999999999999, 822.7199999999999, 555.0]","[""FALAKATA"", ""1133--FFaallaakkaattaa((SSCC))//224400"", ""220055,, DDeesshhbbaannddhhuuppaarraa SSrriisshh CChhaannddaa\nPry. School"", ""FFAALLAAKKAATTAA--IIII//XXXXVV"", ""2255"", ""FFaallaakkaattaa--IIII//PPSS--3355"", ""FFaallaakkaattaa//ZZPP--1155""]",duplicated_native_glyphs,needs_review
West Bengal,Alipurduar,2018,constituency_crosswalk,FALAKATA-II,FALAKATA-II/XXVI,26,13-Falakata(SC)/241,"206, Arabindapara Anganwadi Centre",Falakata-II/PS-35,Falakata/ZP-15,data/wb/gp_source_search/historical_expansion/alipurduar_CONSTITUENCY_5fe98655.pdf,fd2063117af535c39b67f049573eb3ff1a8fcea3df4ba8c56deb6f6979cdba59,28,1,1,"[24.959999999999997, 17.75999999999999, 822.7199999999999, 569.52]","[""FALAKATA"", ""13-Falakata(SC)/241"", ""206, Arabindapara Anganwadi Centre"", ""FALAKATA-II/XXVI"", ""26"", ""Falakata-II/PS-35"", ""Falakata/ZP-15""]",,native_fields_parsed
West Bengal,Alipurduar,2018,constituency_crosswalk,TURTURI,TURTURI/I,1,"10, Kumargram(ST)/181","1, NURPUR S.C. PRY. SCHOOL",TURTURI P.S. - 1,ALIPURDUAR-II / ZP-4,data/wb/gp_source_search/historical_expansion/alipurduar_CONSTITUENCY_5fe98655.pdf,fd2063117af535c39b67f049573eb3ff1a8fcea3df4ba8c56deb6f6979cdba59,28,1,2,"[24.959999999999997, 17.75999999999999, 822.7199999999999, 569.52]","[""ALIPURDUAR-II"", ""10, Kumargram(ST)/181"", ""1, NURPUR S.C. PRY. SCHOOL"", ""TURTURI/I"", ""1"", ""TURTURI P.S. - 1"", ""ALIPURDUAR-II / ZP-4""]",,native_fields_parsed
West Bengal,Alipurduar,2018,constituency_crosswalk,TURTURI,TURTURI/II,2,"10, Kumargram(ST)/182","2/1, TURTURI JR. BASIC SCHOOL",TURTURI P.S. - 2,ALIPURDUAR-II / ZP-4,data/wb/gp_source_search/historical_expansion/alipurduar_CONSTITUENCY_5fe98655.pdf,fd2063117af535c39b67f049573eb3ff1a8fcea3df4ba8c56deb6f6979cdba59,28,1,3,"[24.959999999999997, 17.75999999999999, 822.7199999999999, 569.52]","[""ALIPURDUAR-II"", ""10, Kumargram(ST)/182"", ""2/1, TURTURI JR. BASIC SCHOOL"", ""TURTURI/II"", ""2"", ""TURTURI P.S. - 2"", ""ALIPURDUAR-II / ZP-4""]",,native_fields_parsed
West Bengal,Alipurduar,2018,constituency_crosswalk,TURTURI,TURTURI/II,2,"10, Kumargram(ST)/183","2/2, ELIZABETH NEW PRY. SCHOOL",TURTURI P.S. - 2,ALIPURDUAR-II / ZP-4,data/wb/gp_source_search/historical_expansion/alipurduar_CONSTITUENCY_5fe98655.pdf,fd2063117af535c39b67f049573eb3ff1a8fcea3df4ba8c56deb6f6979cdba59,28,1,4,"[24.959999999999997, 17.75999999999999, 822.7199999999999, 569.52]","[""ALIPURDUAR-II"", ""10, Kumargram(ST)/183"", ""2/2, ELIZABETH NEW PRY. SCHOOL"", ""TURTURI/II"", ""2"", ""TURTURI P.S. - 2"", ""ALIPURDUAR-II / ZP-4""]",,native_fields_parsed
West Bengal,Alipurduar,2018,constituency_crosswalk,TURTURI,TURTURI/III,3,"10, Kumargram(ST)/184","3, ST. XAVIERS HIGH SCHOOL",TURTURI P.S. - 2,ALIPURDUAR-II / ZP-4,data/wb/gp_source_search/historical_expansion/alipurduar_CONSTITUENCY_5fe98655.pdf,fd2063117af535c39b67f049573eb3ff1a8fcea3df4ba8c56deb6f6979cdba59,28,1,5,"[24.959999999999997, 17.75999999999999, 822.7199999999999, 569.52]","[""ALIPURDUAR-II"", ""10, Kumargram(ST)/184"", ""3, ST. XAVIERS HIGH SCHOOL"", ""TURTURI/III"", ""3"", ""TURTURI P.S. - 2"", ""ALIPURDUAR-II / ZP-4""]",,native_fields_parsed
West Bengal,Alipurduar,2018,constituency_crosswalk,TURTURI,TURTURI/IV,4,"10, Kumargram(ST)/185","4, DHOWLAJHORA BASTI PRY. SCHOOL",TURTURI P.S. - 2,ALIPURDUAR-II / ZP-4,data/wb/gp_source_search/historical_expansion/alipurduar_CONSTITUENCY_5fe98655.pdf,fd2063117af535c39b67f049573eb3ff1a8fcea3df4ba8c56deb6f6979cdba59,28,1,6,"[24.959999999999997, 17.75999999999999, 822.7199999999999, 569.52]","[""ALIPURDUAR-II"", ""10, Kumargram(ST)/185"", ""4, DHOWLAJHORA BASTI PRY. SCHOOL"", ""TURTURI/IV"", ""4"", ""TURTURI P.S. - 2"", ""ALIPURDUAR-II / ZP-4""]",,native_fields_parsed
West Bengal,Alipurduar,2018,constituency_crosswalk,TURTURI,TURTURI/V,5,"10, Kumargram(ST)/186","5, RAMPUR S.C. PRY. SCHOOL",TURTURI P.S. - 2,ALIPURDUAR-II / ZP-4,data/wb/gp_source_search/historical_expansion/alipurduar_CONSTITUENCY_5fe98655.pdf,fd2063117af535c39b67f049573eb3ff1a8fcea3df4ba8c56deb6f6979cdba59,28,1,7,"[24.959999999999997, 17.75999999999999, 822.7199999999999, 569.52]","[""ALIPURDUAR-II"", ""10, Kumargram(ST)/186"", ""5, RAMPUR S.C. PRY. SCHOOL"", ""TURTURI/V"", ""5"", ""TURTURI P.S. - 2"", ""ALIPURDUAR-II / ZP-4""]",,native_fields_parsed
West Bengal,Alipurduar,2018,constituency_crosswalk,TURTURI,TURTURI/VI,6,"10, Kumargram(ST)/187","6/1, SHIMLABARI GUILD MISSION
PRIMARY SCHOOL",TURTURI P.S. - 1,ALIPURDUAR-II / ZP-4,data/wb/gp_source_search/historical_expansion/alipurduar_CONSTITUENCY_5fe98655.pdf,fd2063117af535c39b67f049573eb3ff1a8fcea3df4ba8c56deb6f6979cdba59,28,1,8,"[24.959999999999997, 17.75999999999999, 822.7199999999999, 569.52]","[""ALIPURDUAR-II"", ""10, Kumargram(ST)/187"", ""6/1, SHIMLABARI GUILD MISSION\nPRIMARY SCHOOL"", ""TURTURI/VI"", ""6"", ""TURTURI P.S. - 1"", ""ALIPURDUAR-II / ZP-4""]",,native_fields_parsed
West Bengal,Alipurduar,2018,constituency_crosswalk,TTUURRTTUURRII/,TTUURRTTUURRII//VVII,66,"1100,, KKuummaarrggrraamm((SSTT))//118888","66//22,, DDAAMMSSIIBBAADD NNEEWW PPRRYY.. SSCCHHOOOOLL",TTUURRTTUURRII PP..SS.. -- 11,AALLIIPPUURRDDUUAARR--IIII // ZZPP--44,data/wb/gp_source_search/historical_expansion/alipurduar_CONSTITUENCY_5fe98655.pdf,fd2063117af535c39b67f049573eb3ff1a8fcea3df4ba8c56deb6f6979cdba59,28,1,9,"[24.959999999999997, 17.75999999999999, 822.7199999999999, 569.52]","[""AALLIIPPUURRDDUUAARR--IIII"", ""1100,, KKuummaarrggrraamm((SSTT))//118888"", ""66//22,, DDAAMMSSIIBBAADD NNEEWW PPRRYY.. SSCCHHOOOOLL"", ""TTUURRTTUURRII//VVII"", ""66"", ""TTUURRTTUURRII PP..SS.. -- 11"", ""AALLIIPPUURRDDUUAARR--IIII // ZZPP--44""]",duplicated_native_glyphs,needs_review
West Bengal,Alipurduar,2018,constituency_crosswalk,TURTURI,TURTURI/VII,7,"10, Kumargram(ST)/189","7, LOKNATHPUR HIGH SCHOOL. ROOM-
1",TURTURI P.S. - 3,ALIPURDUAR-II / ZP-4,data/wb/gp_source_search/historical_expansion/alipurduar_CONSTITUENCY_5fe98655.pdf,fd2063117af535c39b67f049573eb3ff1a8fcea3df4ba8c56deb6f6979cdba59,28,1,10,"[24.959999999999997, 17.75999999999999, 822.7199999999999, 569.52]","[""ALIPURDUAR-II"", ""10, Kumargram(ST)/189"", ""7, LOKNATHPUR HIGH SCHOOL. ROOM-\n1"", ""TURTURI/VII"", ""7"", ""TURTURI P.S. - 3"", ""ALIPURDUAR-II / ZP-4""]",,native_fields_parsed
West Bengal,Alipurduar,2018,constituency_crosswalk,TURTURI,TURTURI/VIII,8,"10, Kumargram(ST)/190","8, LOKNATHPUR HIGH SCHOOL. ROOM-
2",TURTURI P.S. - 3,ALIPURDUAR-II / ZP-4,data/wb/gp_source_search/historical_expansion/alipurduar_CONSTITUENCY_5fe98655.pdf,fd2063117af535c39b67f049573eb3ff1a8fcea3df4ba8c56deb6f6979cdba59,28,1,11,"[24.959999999999997, 17.75999999999999, 822.7199999999999, 569.52]","[""ALIPURDUAR-II"", ""10, Kumargram(ST)/190"", ""8, LOKNATHPUR HIGH SCHOOL. ROOM-\n2"", ""TURTURI/VIII"", ""8"", ""TURTURI P.S. - 3"", ""ALIPURDUAR-II / ZP-4""]",,native_fields_parsed
West Bengal,Alipurduar,2018,constituency_crosswalk,TURTURI,TURTURI/VIII,8,"10, Kumargram(ST)/190","8/ka, LOKNATHPUR HIGH SCHOOL.
ROOM-2",TURTURI P.S. - 3,ALIPURDUAR-II / ZP-4,data/wb/gp_source_search/historical_expansion/alipurduar_CONSTITUENCY_5fe98655.pdf,fd2063117af535c39b67f049573eb3ff1a8fcea3df4ba8c56deb6f6979cdba59,28,1,12,"[24.959999999999997, 17.75999999999999, 822.7199999999999, 569.52]","[""ALIPURDUAR-II"", ""10, Kumargram(ST)/190"", ""8/ka, LOKNATHPUR HIGH SCHOOL.\nROOM-2"", ""TURTURI/VIII"", ""8"", ""TURTURI P.S. - 3"", ""ALIPURDUAR-II / ZP-4""]",,native_fields_parsed
West Bengal,Alipurduar,2018,constituency_crosswalk,TURTURI,TURTURI/IX,9,"10, Kumargram(ST)/191","9, NEW SHIMLABARI PRY. SCHOOL",TURTURI P.S. - 3,ALIPURDUAR-II / ZP-4,data/wb/gp_source_search/historical_expansion/alipurduar_CONSTITUENCY_5fe98655.pdf,fd2063117af535c39b67f049573eb3ff1a8fcea3df4ba8c56deb6f6979cdba59,28,1,13,"[24.959999999999997, 17.75999999999999, 822.7199999999999, 569.52]","[""ALIPURDUAR-II"", ""10, Kumargram(ST)/191"", ""9, NEW SHIMLABARI PRY. SCHOOL"", ""TURTURI/IX"", ""9"", ""TURTURI P.S. - 3"", ""ALIPURDUAR-II / ZP-4""]",,native_fields_parsed
West Bengal,Alipurduar,2018,constituency_crosswalk,TURTURI,TURTURI/X,10,"10, Kumargram(ST)/192","10, PANBARI DANGI I.T.D.P PRY.
SCHOOL",TURTURI P.S. - 3,ALIPURDUAR-II / ZP-4,data/wb/gp_source_search/historical_expansion/alipurduar_CONSTITUENCY_5fe98655.pdf,fd2063117af535c39b67f049573eb3ff1a8fcea3df4ba8c56deb6f6979cdba59,28,1,14,"[24.959999999999997, 17.75999999999999, 822.7199999999999, 569.52]","[""ALIPURDUAR-II"", ""10, Kumargram(ST)/192"", ""10, PANBARI DANGI I.T.D.P PRY.\nSCHOOL"", ""TURTURI/X"", ""10"", ""TURTURI P.S. - 3"", ""ALIPURDUAR-II / ZP-4""]",,native_fields_parsed
West Bengal,Alipurduar,2018,constituency_crosswalk,TURTURI,TURTURI/XI,11,"10, Kumargram(ST)/193","11, PANBARI MISSION PRY. SCHOOL",TURTURI P.S. - 1,ALIPURDUAR-II / ZP-4,data/wb/gp_source_search/historical_expansion/alipurduar_CONSTITUENCY_5fe98655.pdf,fd2063117af535c39b67f049573eb3ff1a8fcea3df4ba8c56deb6f6979cdba59,28,1,15,"[24.959999999999997, 17.75999999999999, 822.7199999999999, 569.52]","[""ALIPURDUAR-II"", ""10, Kumargram(ST)/193"", ""11, PANBARI MISSION PRY. SCHOOL"", ""TURTURI/XI"", ""11"", ""TURTURI P.S. - 1"", ""ALIPURDUAR-II / ZP-4""]",,native_fields_parsed
West Bengal,Alipurduar,2018,constituency_crosswalk,SAMUKTALA,SAMUKTALA/I,1,"10, Kumargram(ST)/194","12, BANIADABRI MISSION PRY.
SCHOOL",SAMUKTALA P.S. - 4,ALIPURDUAR-II / ZP-4,data/wb/gp_source_search/historical_expansion/alipurduar_CONSTITUENCY_5fe98655.pdf,fd2063117af535c39b67f049573eb3ff1a8fcea3df4ba8c56deb6f6979cdba59,28,1,16,"[24.959999999999997, 17.75999999999999, 822.7199999999999, 569.52]","[""ALIPURDUAR-II"", ""10, Kumargram(ST)/194"", ""12, BANIADABRI MISSION PRY.\nSCHOOL"", ""SAMUKTALA/I"", ""1"", ""SAMUKTALA P.S. - 4"", ""ALIPURDUAR-II / ZP-4""]",,native_fields_parsed
West Bengal,Alipurduar,2018,constituency_crosswalk,SAMUKTALA,SAMUKTALA/II,2,"10, Kumargram(ST)/195","13, JITPUR MISSION PRY. SCHOOL",SAMUKTALA P.S. - 4,ALIPURDUAR-II / ZP-4,data/wb/gp_source_search/historical_expansion/alipurduar_CONSTITUENCY_5fe98655.pdf,fd2063117af535c39b67f049573eb3ff1a8fcea3df4ba8c56deb6f6979cdba59,28,1,17,"[24.959999999999997, 17.75999999999999, 822.7199999999999, 569.52]","[""ALIPURDUAR-II"", ""10, Kumargram(ST)/195"", ""13, JITPUR MISSION PRY. SCHOOL"", ""SAMUKTALA/II"", ""2"", ""SAMUKTALA P.S. - 4"", ""ALIPURDUAR-II / ZP-4""]",,native_fields_parsed
West Bengal,Alipurduar,2018,constituency_crosswalk,SAMUKTALA,SAMUKTALA/III,3,"10, Kumargram(ST)/196","14/1, BANIAGAON MISSION PRY.
SSCCHHOOOOLL",SAMUKTALA P.S. - 4,ALIPURDUAR-II / ZP-4,data/wb/gp_source_search/historical_expansion/alipurduar_CONSTITUENCY_5fe98655.pdf,fd2063117af535c39b67f049573eb3ff1a8fcea3df4ba8c56deb6f6979cdba59,28,1,18,"[24.959999999999997, 17.75999999999999, 822.7199999999999, 569.52]","[""ALIPURDUAR-II"", ""10, Kumargram(ST)/196"", ""14/1, BANIAGAON MISSION PRY.\nSSCCHHOOOOLL"", ""SAMUKTALA/III"", ""3"", ""SAMUKTALA P.S. - 4"", ""ALIPURDUAR-II / ZP-4""]",duplicated_native_glyphs,needs_review
West Bengal,Alipurduar,2018,constituency_crosswalk,SAMUKTALA,SAMUKTALA/III,3,"10, Kumargram(ST)/197","14/2, ST. ALIOUS HINDI PRY. SCHOOL",SAMUKTALA P.S. - 4,ALIPURDUAR-II / ZP-4,data/wb/gp_source_search/historical_expansion/alipurduar_CONSTITUENCY_5fe98655.pdf,fd2063117af535c39b67f049573eb3ff1a8fcea3df4ba8c56deb6f6979cdba59,28,1,19,"[24.959999999999997, 17.75999999999999, 822.7199999999999, 569.52]","[""ALIPURDUAR-II"", ""10, Kumargram(ST)/197"", ""14/2, ST. ALIOUS HINDI PRY. SCHOOL"", ""SAMUKTALA/III"", ""3"", ""SAMUKTALA P.S. - 4"", ""ALIPURDUAR-II / ZP-4""]",,native_fields_parsed
West Bengal,Alipurduar,2018,constituency_crosswalk,SAMUKTALA,SAMUKTALA/IV,4,"10, Kumargram(ST)/198","15, PUKHURIYA MISSION PRY. SCHOOL
ROOM NO: 1",SAMUKTALA P.S. - 5,ALIPURDUAR-II / ZP-4,data/wb/gp_source_search/historical_expansion/alipurduar_CONSTITUENCY_5fe98655.pdf,fd2063117af535c39b67f049573eb3ff1a8fcea3df4ba8c56deb6f6979cdba59,29,1,1,"[24.959999999999997, 17.75999999999999, 822.7199999999999, 569.52]","[""ALIPURDUAR-II"", ""10, Kumargram(ST)/198"", ""15, PUKHURIYA MISSION PRY. SCHOOL\nROOM NO: 1"", ""SAMUKTALA/IV"", ""4"", ""SAMUKTALA P.S. - 5"", ""ALIPURDUAR-II / ZP-4""]",,native_fields_parsed
West Bengal,Alipurduar,2018,constituency_crosswalk,SAMUKTALA,SAMUKTALA/V,5,"10, Kumargram(ST)/199","16, PUKHURIYA MISSION PRY. SCHOOL
ROOM NO: 2",SAMUKTALA P.S. - 4,ALIPURDUAR-II / ZP-4,data/wb/gp_source_search/historical_expansion/alipurduar_CONSTITUENCY_5fe98655.pdf,fd2063117af535c39b67f049573eb3ff1a8fcea3df4ba8c56deb6f6979cdba59,29,1,2,"[24.959999999999997, 17.75999999999999, 822.7199999999999, 569.52]","[""ALIPURDUAR-II"", ""10, Kumargram(ST)/199"", ""16, PUKHURIYA MISSION PRY. SCHOOL\nROOM NO: 2"", ""SAMUKTALA/V"", ""5"", ""SAMUKTALA P.S. - 4"", ""ALIPURDUAR-II / ZP-4""]",,native_fields_parsed
West Bengal,Alipurduar,2018,constituency_crosswalk,SAMUKTALA,SAMUKTALA/VI,6,"10, Kumargram(ST)/200","17, KADAMPUR T.D. PRY. SCHOOL",SAMUKTALA P.S. - 5,ALIPURDUAR-II / ZP-4,data/wb/gp_source_search/historical_expansion/alipurduar_CONSTITUENCY_5fe98655.pdf,fd2063117af535c39b67f049573eb3ff1a8fcea3df4ba8c56deb6f6979cdba59,29,1,3,"[24.959999999999997, 17.75999999999999, 822.7199999999999, 569.52]","[""ALIPURDUAR-II"", ""10, Kumargram(ST)/200"", ""17, KADAMPUR T.D. PRY. SCHOOL"", ""SAMUKTALA/VI"", ""6"", ""SAMUKTALA P.S. - 5"", ""ALIPURDUAR-II / ZP-4""]",,native_fields_parsed
West Bengal,Alipurduar,2018,constituency_crosswalk,SAMUKTALA,SAMUKTALA/VII,7,"10, Kumargram(ST)/201","18, SAONTALPUR MISSION HIGH
SCHOOL, ROOM NO.1",SAMUKTALA P.S. - 5,ALIPURDUAR-II / ZP-4,data/wb/gp_source_search/historical_expansion/alipurduar_CONSTITUENCY_5fe98655.pdf,fd2063117af535c39b67f049573eb3ff1a8fcea3df4ba8c56deb6f6979cdba59,29,1,4,"[24.959999999999997, 17.75999999999999, 822.7199999999999, 569.52]","[""ALIPURDUAR-II"", ""10, Kumargram(ST)/201"", ""18, SAONTALPUR MISSION HIGH\nSCHOOL, ROOM NO.1"", ""SAMUKTALA/VII"", ""7"", ""SAMUKTALA P.S. - 5"", ""ALIPURDUAR-II / ZP-4""]",,native_fields_parsed
West Bengal,Alipurduar,2018,constituency_crosswalk,SAMUKTALA,SAMUKTALA/VIII,8,"10, Kumargram(ST)/202","19, JYOTIRMOYEE SSK",SAMUKTALA P.S. - 5,ALIPURDUAR-II / ZP-4,data/wb/gp_source_search/historical_expansion/alipurduar_CONSTITUENCY_5fe98655.pdf,fd2063117af535c39b67f049573eb3ff1a8fcea3df4ba8c56deb6f6979cdba59,29,1,5,"[24.959999999999997, 17.75999999999999, 822.7199999999999, 569.52]","[""ALIPURDUAR-II"", ""10, Kumargram(ST)/202"", ""19, JYOTIRMOYEE SSK"", ""SAMUKTALA/VIII"", ""8"", ""SAMUKTALA P.S. - 5"", ""ALIPURDUAR-II / ZP-4""]",,native_fields_parsed
West Bengal,Alipurduar,2018,constituency_crosswalk,SAMUKTALA,SAMUKTALA/IX,9,"10, Kumargram(ST)/203","20, SAONTALPUR MISSION HIGH
SCHOOL ROOM 2",SAMUKTALA P.S. - 5,ALIPURDUAR-II / ZP-4,data/wb/gp_source_search/historical_expansion/alipurduar_CONSTITUENCY_5fe98655.pdf,fd2063117af535c39b67f049573eb3ff1a8fcea3df4ba8c56deb6f6979cdba59,29,1,6,"[24.959999999999997, 17.75999999999999, 822.7199999999999, 569.52]","[""ALIPURDUAR-II"", ""10, Kumargram(ST)/203"", ""20, SAONTALPUR MISSION HIGH\nSCHOOL ROOM 2"", ""SAMUKTALA/IX"", ""9"", ""SAMUKTALA P.S. - 5"", ""ALIPURDUAR-II / ZP-4""]",,native_fields_parsed
West Bengal,Alipurduar,2018,constituency_crosswalk,SAMUKTALA,SAMUKTALA/X,10,"10, Kumargram(ST)/204","21, SAKTINAGAR PRY. SCHOOL",SAMUKTALA P.S. - 5,ALIPURDUAR-II / ZP-4,data/wb/gp_source_search/historical_expansion/alipurduar_CONSTITUENCY_5fe98655.pdf,fd2063117af535c39b67f049573eb3ff1a8fcea3df4ba8c56deb6f6979cdba59,29,1,7,"[24.959999999999997, 17.75999999999999, 822.7199999999999, 569.52]","[""ALIPURDUAR-II"", ""10, Kumargram(ST)/204"", ""21, SAKTINAGAR PRY. SCHOOL"", ""SAMUKTALA/X"", ""10"", ""SAMUKTALA P.S. - 5"", ""ALIPURDUAR-II / ZP-4""]",,native_fields_parsed
West Bengal,Alipurduar,2018,constituency_crosswalk,SAMUKTALA,SAMUKTALA/XI,11,"10, Kumargram(ST)/205","22, GANDHI SATABDI HINDI PRY.
SCHOOL",SAMUKTALA P.S. - 5,ALIPURDUAR-II / ZP-4,data/wb/gp_source_search/historical_expansion/alipurduar_CONSTITUENCY_5fe98655.pdf,fd2063117af535c39b67f049573eb3ff1a8fcea3df4ba8c56deb6f6979cdba59,29,1,8,"[24.959999999999997, 17.75999999999999, 822.7199999999999, 569.52]","[""ALIPURDUAR-II"", ""10, Kumargram(ST)/205"", ""22, GANDHI SATABDI HINDI PRY.\nSCHOOL"", ""SAMUKTALA/XI"", ""11"", ""SAMUKTALA P.S. - 5"", ""ALIPURDUAR-II / ZP-4""]",,native_fields_parsed
West Bengal,Alipurduar,2018,constituency_crosswalk,SSAAMMUUKKTTAALLAA/,SSAAMMUUKKTTAALLAA//XXIIII,1122,"1100,, KKuummaarrggrraamm((SSTT))//220066","23, SAMUKTALA JR. BASIC SCHOOL
RROOOOMM NNOO:: 11",SSAAMMUUKKTTAALLAA PP..SS.. -- 66,AALLIIPPUURRDDUUAARR--IIII // ZZPP--44,data/wb/gp_source_search/historical_expansion/alipurduar_CONSTITUENCY_5fe98655.pdf,fd2063117af535c39b67f049573eb3ff1a8fcea3df4ba8c56deb6f6979cdba59,29,1,9,"[24.959999999999997, 17.75999999999999, 822.7199999999999, 569.52]","[""AALLIIPPUURRDDUUAARR--IIII"", ""1100,, KKuummaarrggrraamm((SSTT))//220066"", ""23, SAMUKTALA JR. BASIC SCHOOL\nRROOOOMM NNOO:: 11"", ""SSAAMMUUKKTTAALLAA//XXIIII"", ""1122"", ""SSAAMMUUKKTTAALLAA PP..SS.. -- 66"", ""AALLIIPPUURRDDUUAARR--IIII // ZZPP--44""]",duplicated_native_glyphs,needs_review
West Bengal,Alipurduar,2018,constituency_crosswalk,SAMUKTALA,SAMUKTALA/XIII,13,"10, Kumargram(ST)/207","24, SAMUKTALA JR. BASIC SCHOOL
ROOM NO: 2",SAMUKTALA P.S. - 6,ALIPURDUAR-II / ZP-4,data/wb/gp_source_search/historical_expansion/alipurduar_CONSTITUENCY_5fe98655.pdf,fd2063117af535c39b67f049573eb3ff1a8fcea3df4ba8c56deb6f6979cdba59,29,1,10,"[24.959999999999997, 17.75999999999999, 822.7199999999999, 569.52]","[""ALIPURDUAR-II"", ""10, Kumargram(ST)/207"", ""24, SAMUKTALA JR. BASIC SCHOOL\nROOM NO: 2"", ""SAMUKTALA/XIII"", ""13"", ""SAMUKTALA P.S. - 6"", ""ALIPURDUAR-II / ZP-4""]",,native_fields_parsed
West Bengal,Alipurduar,2018,constituency_crosswalk,SAMUKTALA,SAMUKTALA/XIV,14,"10, Kumargram(ST)/208","25, GAROKHUTA PRY. SCHOOL",SAMUKTALA P.S. - 6,ALIPURDUAR-II / ZP-4,data/wb/gp_source_search/historical_expansion/alipurduar_CONSTITUENCY_5fe98655.pdf,fd2063117af535c39b67f049573eb3ff1a8fcea3df4ba8c56deb6f6979cdba59,29,1,11,"[24.959999999999997, 17.75999999999999, 822.7199999999999, 569.52]","[""ALIPURDUAR-II"", ""10, Kumargram(ST)/208"", ""25, GAROKHUTA PRY. SCHOOL"", ""SAMUKTALA/XIV"", ""14"", ""SAMUKTALA P.S. - 6"", ""ALIPURDUAR-II / ZP-4""]",,native_fields_parsed
West Bengal,Alipurduar,2018,constituency_crosswalk,SAMUKTALA,SAMUKTALA/XV,15,"10, Kumargram(ST)/209","26, SUKANTA SSK",SAMUKTALA P.S. - 6,ALIPURDUAR-II / ZP-4,data/wb/gp_source_search/historical_expansion/alipurduar_CONSTITUENCY_5fe98655.pdf,fd2063117af535c39b67f049573eb3ff1a8fcea3df4ba8c56deb6f6979cdba59,29,1,12,"[24.959999999999997, 17.75999999999999, 822.7199999999999, 569.52]","[""ALIPURDUAR-II"", ""10, Kumargram(ST)/209"", ""26, SUKANTA SSK"", ""SAMUKTALA/XV"", ""15"", ""SAMUKTALA P.S. - 6"", ""ALIPURDUAR-II / ZP-4""]",,native_fields_parsed
West Bengal,Alipurduar,2018,constituency_crosswalk,SAMUKTALA,SAMUKTALA/XVI,16,"10, Kumargram(ST)/210","27, VIVEKANANDA SSK (SAMUKTALA
BASTI)",SAMUKTALA P.S. - 6,ALIPURDUAR-II / ZP-4,data/wb/gp_source_search/historical_expansion/alipurduar_CONSTITUENCY_5fe98655.pdf,fd2063117af535c39b67f049573eb3ff1a8fcea3df4ba8c56deb6f6979cdba59,29,1,13,"[24.959999999999997, 17.75999999999999, 822.7199999999999, 569.52]","[""ALIPURDUAR-II"", ""10, Kumargram(ST)/210"", ""27, VIVEKANANDA SSK (SAMUKTALA\nBASTI)"", ""SAMUKTALA/XVI"", ""16"", ""SAMUKTALA P.S. - 6"", ""ALIPURDUAR-II / ZP-4""]",,native_fields_parsed
West Bengal,Alipurduar,2018,constituency_crosswalk,KOHINOOR,KOHINOOR/I,1,"10, Kumargram(ST)/211","28/1, DHOWLA JHORA T.G. PRY.
SCHOOL (HINDI MEDIUM), ROOM
NO.1",KOHINOOR P.S. - 7,ALIPURDUAR-II / ZP-4,data/wb/gp_source_search/historical_expansion/alipurduar_CONSTITUENCY_5fe98655.pdf,fd2063117af535c39b67f049573eb3ff1a8fcea3df4ba8c56deb6f6979cdba59,29,1,14,"[24.959999999999997, 17.75999999999999, 822.7199999999999, 569.52]","[""ALIPURDUAR-II"", ""10, Kumargram(ST)/211"", ""28/1, DHOWLA JHORA T.G. PRY.\nSCHOOL (HINDI MEDIUM), ROOM\nNO.1"", ""KOHINOOR/I"", ""1"", ""KOHINOOR P.S. - 7"", ""ALIPURDUAR-II / ZP-4""]",,native_fields_parsed
West Bengal,Alipurduar,2018,constituency_crosswalk,KOHINOOR,KOHINOOR/I,1,"10, Kumargram(ST)/212","28/2, DHOWLA JHORA T.G. PRY.
SCHOOL (HINDI MEDIUM), ROOM
NO.2",KOHINOOR P.S. - 7,ALIPURDUAR-II / ZP-4,data/wb/gp_source_search/historical_expansion/alipurduar_CONSTITUENCY_5fe98655.pdf,fd2063117af535c39b67f049573eb3ff1a8fcea3df4ba8c56deb6f6979cdba59,29,1,15,"[24.959999999999997, 17.75999999999999, 822.7199999999999, 569.52]","[""ALIPURDUAR-II"", ""10, Kumargram(ST)/212"", ""28/2, DHOWLA JHORA T.G. PRY.\nSCHOOL (HINDI MEDIUM), ROOM\nNO.2"", ""KOHINOOR/I"", ""1"", ""KOHINOOR P.S. - 7"", ""ALIPURDUAR-II / ZP-4""]",,native_fields_parsed
West Bengal,Alipurduar,2018,constituency_crosswalk,KOHINOOR,KOHINOOR/II,2,"10, Kumargram(ST)/213","29, DHOWLA JHORA T.G. PRY. SCHOOL
(BENGALI MEDIUM)",KOHINOOR P.S. - 7,ALIPURDUAR-II / ZP-4,data/wb/gp_source_search/historical_expansion/alipurduar_CONSTITUENCY_5fe98655.pdf,fd2063117af535c39b67f049573eb3ff1a8fcea3df4ba8c56deb6f6979cdba59,29,1,16,"[24.959999999999997, 17.75999999999999, 822.7199999999999, 569.52]","[""ALIPURDUAR-II"", ""10, Kumargram(ST)/213"", ""29, DHOWLA JHORA T.G. PRY. SCHOOL\n(BENGALI MEDIUM)"", ""KOHINOOR/II"", ""2"", ""KOHINOOR P.S. - 7"", ""ALIPURDUAR-II / ZP-4""]",,native_fields_parsed
West Bengal,Alipurduar,2018,constituency_crosswalk,KOHINOOR,KOHINOOR/III,3,"10, Kumargram(ST)/214","30/1, KOHINOOR TEA GARDEN
PPRRYY..SSCCHHOOOOLL",KOHINOOR P.S. - 8,ALIPURDUAR-II / ZP-4,data/wb/gp_source_search/historical_expansion/alipurduar_CONSTITUENCY_5fe98655.pdf,fd2063117af535c39b67f049573eb3ff1a8fcea3df4ba8c56deb6f6979cdba59,29,1,17,"[24.959999999999997, 17.75999999999999, 822.7199999999999, 569.52]","[""ALIPURDUAR-II"", ""10, Kumargram(ST)/214"", ""30/1, KOHINOOR TEA GARDEN\nPPRRYY..SSCCHHOOOOLL"", ""KOHINOOR/III"", ""3"", ""KOHINOOR P.S. - 8"", ""ALIPURDUAR-II / ZP-4""]",duplicated_native_glyphs,needs_review
West Bengal,Alipurduar,2018,constituency_crosswalk,KOHINOOR,KOHINOOR/III,3,"10, Kumargram(ST)/215","30/2, KOHINOOR G.P. OFFICE",KOHINOOR P.S. - 8,ALIPURDUAR-II / ZP-4,data/wb/gp_source_search/historical_expansion/alipurduar_CONSTITUENCY_5fe98655.pdf,fd2063117af535c39b67f049573eb3ff1a8fcea3df4ba8c56deb6f6979cdba59,29,1,18,"[24.959999999999997, 17.75999999999999, 822.7199999999999, 569.52]","[""ALIPURDUAR-II"", ""10, Kumargram(ST)/215"", ""30/2, KOHINOOR G.P. OFFICE"", ""KOHINOOR/III"", ""3"", ""KOHINOOR P.S. - 8"", ""ALIPURDUAR-II / ZP-4""]",,native_fields_parsed
West Bengal,Alipurduar,2018,constituency_crosswalk,KOHINOOR,KOHINOOR/IV,4,"10, Kumargram(ST)/216","31, DANGI COLONY SISHU SIKHSHA
KENDRA",KOHINOOR P.S. - 8,ALIPURDUAR-II / ZP-4,data/wb/gp_source_search/historical_expansion/alipurduar_CONSTITUENCY_5fe98655.pdf,fd2063117af535c39b67f049573eb3ff1a8fcea3df4ba8c56deb6f6979cdba59,30,1,1,"[24.959999999999997, 17.75999999999999, 822.7199999999999, 569.52]","[""ALIPURDUAR-II"", ""10, Kumargram(ST)/216"", ""31, DANGI COLONY SISHU SIKHSHA\nKENDRA"", ""KOHINOOR/IV"", ""4"", ""KOHINOOR P.S. - 8"", ""ALIPURDUAR-II / ZP-4""]",,native_fields_parsed
West Bengal,Alipurduar,2018,constituency_crosswalk,KOHINOOR,KOHINOOR/V,5,"10, Kumargram(ST)/217","32, DANGI NEW PRY. SCHOOL, ROOM
NO.1",KOHINOOR P.S. - 8,ALIPURDUAR-II / ZP-4,data/wb/gp_source_search/historical_expansion/alipurduar_CONSTITUENCY_5fe98655.pdf,fd2063117af535c39b67f049573eb3ff1a8fcea3df4ba8c56deb6f6979cdba59,30,1,2,"[24.959999999999997, 17.75999999999999, 822.7199999999999, 569.52]","[""ALIPURDUAR-II"", ""10, Kumargram(ST)/217"", ""32, DANGI NEW PRY. SCHOOL, ROOM\nNO.1"", ""KOHINOOR/V"", ""5"", ""KOHINOOR P.S. - 8"", ""ALIPURDUAR-II / ZP-4""]",,native_fields_parsed
West Bengal,Alipurduar,2018,constituency_crosswalk,KOHINOOR,KOHINOOR/VI,6,"10, Kumargram(ST)/218","33, DANGI NEW PRY. SCHOOL, ROOM
NO.2",KOHINOOR P.S. - 8,ALIPURDUAR-II / ZP-4,data/wb/gp_source_search/historical_expansion/alipurduar_CONSTITUENCY_5fe98655.pdf,fd2063117af535c39b67f049573eb3ff1a8fcea3df4ba8c56deb6f6979cdba59,30,1,3,"[24.959999999999997, 17.75999999999999, 822.7199999999999, 569.52]","[""ALIPURDUAR-II"", ""10, Kumargram(ST)/218"", ""33, DANGI NEW PRY. SCHOOL, ROOM\nNO.2"", ""KOHINOOR/VI"", ""6"", ""KOHINOOR P.S. - 8"", ""ALIPURDUAR-II / ZP-4""]",,native_fields_parsed
West Bengal,Alipurduar,2018,constituency_crosswalk,KOHINOOR,KOHINOOR/VII,7,"10, Kumargram(ST)/219","34, KOHINOOR M.S.K.. ROOM NO 1",KOHINOOR P.S. - 7,ALIPURDUAR-II / ZP-4,data/wb/gp_source_search/historical_expansion/alipurduar_CONSTITUENCY_5fe98655.pdf,fd2063117af535c39b67f049573eb3ff1a8fcea3df4ba8c56deb6f6979cdba59,30,1,4,"[24.959999999999997, 17.75999999999999, 822.7199999999999, 569.52]","[""ALIPURDUAR-II"", ""10, Kumargram(ST)/219"", ""34, KOHINOOR M.S.K.. ROOM NO 1"", ""KOHINOOR/VII"", ""7"", ""KOHINOOR P.S. - 7"", ""ALIPURDUAR-II / ZP-4""]",,native_fields_parsed
West Bengal,Alipurduar,2018,constituency_crosswalk,KOHINOOR,KOHINOOR/VIII,8,"10, Kumargram(ST)/220","35, KOHINOOR M.S.K. ROOM NO 2",KOHINOOR P.S. - 7,ALIPURDUAR-II / ZP-4,data/wb/gp_source_search/historical_expansion/alipurduar_CONSTITUENCY_5fe98655.pdf,fd2063117af535c39b67f049573eb3ff1a8fcea3df4ba8c56deb6f6979cdba59,30,1,5,"[24.959999999999997, 17.75999999999999, 822.7199999999999, 569.52]","[""ALIPURDUAR-II"", ""10, Kumargram(ST)/220"", ""35, KOHINOOR M.S.K. ROOM NO 2"", ""KOHINOOR/VIII"", ""8"", ""KOHINOOR P.S. - 7"", ""ALIPURDUAR-II / ZP-4""]",,native_fields_parsed
West Bengal,Alipurduar,2018,constituency_crosswalk,MAHAKALGURI,MAHAKALGURI/I,1,"10, Kumargram(ST)/221","36, UTTAR MAHAKALGURI
PRY.SCHOOL, ROOM NO. 1",MAHAKALGURI P.S. - 9,ALIPURDUAR-II / ZP-4,data/wb/gp_source_search/historical_expansion/alipurduar_CONSTITUENCY_5fe98655.pdf,fd2063117af535c39b67f049573eb3ff1a8fcea3df4ba8c56deb6f6979cdba59,30,1,6,"[24.959999999999997, 17.75999999999999, 822.7199999999999, 569.52]","[""ALIPURDUAR-II"", ""10, Kumargram(ST)/221"", ""36, UTTAR MAHAKALGURI\nPRY.SCHOOL, ROOM NO. 1"", ""MAHAKALGURI/I"", ""1"", ""MAHAKALGURI P.S. - 9"", ""ALIPURDUAR-II / ZP-4""]",,native_fields_parsed
West Bengal,Alipurduar,2018,constituency_crosswalk,MAHAKALGURI,MAHAKALGURI/II,2,"10, Kumargram(ST)/222","37, UTTAR MAHAKALGURI
PRY.SCHOOL, ROOM NO. 2",MAHAKALGURI P.S. - 9,ALIPURDUAR-II / ZP-4,data/wb/gp_source_search/historical_expansion/alipurduar_CONSTITUENCY_5fe98655.pdf,fd2063117af535c39b67f049573eb3ff1a8fcea3df4ba8c56deb6f6979cdba59,30,1,7,"[24.959999999999997, 17.75999999999999, 822.7199999999999, 569.52]","[""ALIPURDUAR-II"", ""10, Kumargram(ST)/222"", ""37, UTTAR MAHAKALGURI\nPRY.SCHOOL, ROOM NO. 2"", ""MAHAKALGURI/II"", ""2"", ""MAHAKALGURI P.S. - 9"", ""ALIPURDUAR-II / ZP-4""]",,native_fields_parsed
West Bengal,Alipurduar,2018,constituency_crosswalk,MAHAKALGURI,MAHAKALGURI/III,3,"10, Kumargram(ST)/223","38, MAHAKALGURI MISSION HIGH
SCHOOL",MAHAKALGURI P.S. - 9,ALIPURDUAR-II / ZP-4,data/wb/gp_source_search/historical_expansion/alipurduar_CONSTITUENCY_5fe98655.pdf,fd2063117af535c39b67f049573eb3ff1a8fcea3df4ba8c56deb6f6979cdba59,30,1,8,"[24.959999999999997, 17.75999999999999, 822.7199999999999, 569.52]","[""ALIPURDUAR-II"", ""10, Kumargram(ST)/223"", ""38, MAHAKALGURI MISSION HIGH\nSCHOOL"", ""MAHAKALGURI/III"", ""3"", ""MAHAKALGURI P.S. - 9"", ""ALIPURDUAR-II / ZP-4""]",,native_fields_parsed
West Bengal,Alipurduar,2018,constituency_crosswalk,MMAAHHAAKKAALLGGUURRII/,MMAAHHAAKKAALLGGUURRII//IIVV,44,"1100,, KKuummaarrggrraamm((SSTT))//222244","3399//11,, DDAAKKSSHHIINN MMAAHHAAKKAALLGGUURRII
UDAYAN PRY.SCHOOL, ROOM NO.1",MMAAHHAAKKAALLGGUURRII PP..SS.. -- 99,AALLIIPPUURRDDUUAARR--IIII // ZZPP--44,data/wb/gp_source_search/historical_expansion/alipurduar_CONSTITUENCY_5fe98655.pdf,fd2063117af535c39b67f049573eb3ff1a8fcea3df4ba8c56deb6f6979cdba59,30,1,9,"[24.959999999999997, 17.75999999999999, 822.7199999999999, 569.52]","[""AALLIIPPUURRDDUUAARR--IIII"", ""1100,, KKuummaarrggrraamm((SSTT))//222244"", ""3399//11,, DDAAKKSSHHIINN MMAAHHAAKKAALLGGUURRII\nUDAYAN PRY.SCHOOL, ROOM NO.1"", ""MMAAHHAAKKAALLGGUURRII//IIVV"", ""44"", ""MMAAHHAAKKAALLGGUURRII PP..SS.. -- 99"", ""AALLIIPPUURRDDUUAARR--IIII // ZZPP--44""]",duplicated_native_glyphs,needs_review
West Bengal,Alipurduar,2018,constituency_crosswalk,MAHAKALGURI,MAHAKALGURI/IV,4,"10, Kumargram(ST)/225","39/2, DAKSHIN MAHAKALGURI
UDAYAN PRY.SCHOOL, ROOM NO.2",MAHAKALGURI P.S. - 9,ALIPURDUAR-II / ZP-4,data/wb/gp_source_search/historical_expansion/alipurduar_CONSTITUENCY_5fe98655.pdf,fd2063117af535c39b67f049573eb3ff1a8fcea3df4ba8c56deb6f6979cdba59,30,1,10,"[24.959999999999997, 17.75999999999999, 822.7199999999999, 569.52]","[""ALIPURDUAR-II"", ""10, Kumargram(ST)/225"", ""39/2, DAKSHIN MAHAKALGURI\nUDAYAN PRY.SCHOOL, ROOM NO.2"", ""MAHAKALGURI/IV"", ""4"", ""MAHAKALGURI P.S. - 9"", ""ALIPURDUAR-II / ZP-4""]",,native_fields_parsed
West Bengal,Alipurduar,2018,constituency_crosswalk,MAHAKALGURI,MAHAKALGURI/V,5,"10, Kumargram(ST)/226","40/1, CHEPANI SUKANTA M.S.K",MAHAKALGURI P.S. - 10,ALIPURDUAR-II / ZP-4,data/wb/gp_source_search/historical_expansion/alipurduar_CONSTITUENCY_5fe98655.pdf,fd2063117af535c39b67f049573eb3ff1a8fcea3df4ba8c56deb6f6979cdba59,30,1,11,"[24.959999999999997, 17.75999999999999, 822.7199999999999, 569.52]","[""ALIPURDUAR-II"", ""10, Kumargram(ST)/226"", ""40/1, CHEPANI SUKANTA M.S.K"", ""MAHAKALGURI/V"", ""5"", ""MAHAKALGURI P.S. - 10"", ""ALIPURDUAR-II / ZP-4""]",,native_fields_parsed
West Bengal,Alipurduar,2018,constituency_crosswalk,MAHAKALGURI,MAHAKALGURI/V,5,"10, Kumargram(ST)/227","40/2, CHEPANI MAHAKAL SPL. CADRE
PRY. SCHOOL",MAHAKALGURI P.S. - 10,ALIPURDUAR-II / ZP-4,data/wb/gp_source_search/historical_expansion/alipurduar_CONSTITUENCY_5fe98655.pdf,fd2063117af535c39b67f049573eb3ff1a8fcea3df4ba8c56deb6f6979cdba59,30,1,12,"[24.959999999999997, 17.75999999999999, 822.7199999999999, 569.52]","[""ALIPURDUAR-II"", ""10, Kumargram(ST)/227"", ""40/2, CHEPANI MAHAKAL SPL. CADRE\nPRY. SCHOOL"", ""MAHAKALGURI/V"", ""5"", ""MAHAKALGURI P.S. - 10"", ""ALIPURDUAR-II / ZP-4""]",,native_fields_parsed
West Bengal,Alipurduar,2018,constituency_crosswalk,MAHAKALGURI,MAHAKALGURI/VI,6,"10, Kumargram(ST)/228","41, CHEPANI HIGH SCHOOL",MAHAKALGURI P.S. - 11,ALIPURDUAR-II / ZP-4,data/wb/gp_source_search/historical_expansion/alipurduar_CONSTITUENCY_5fe98655.pdf,fd2063117af535c39b67f049573eb3ff1a8fcea3df4ba8c56deb6f6979cdba59,30,1,13,"[24.959999999999997, 17.75999999999999, 822.7199999999999, 569.52]","[""ALIPURDUAR-II"", ""10, Kumargram(ST)/228"", ""41, CHEPANI HIGH SCHOOL"", ""MAHAKALGURI/VI"", ""6"", ""MAHAKALGURI P.S. - 11"", ""ALIPURDUAR-II / ZP-4""]",,native_fields_parsed
West Bengal,Alipurduar,2018,constituency_crosswalk,MAHAKALGURI,MAHAKALGURI/VII,7,"10, Kumargram(ST)/229","42, PURBA CHEPANI PRY. SCHOOL,
ROOM NO. 1",MAHAKALGURI P.S. - 11,ALIPURDUAR-II / ZP-4,data/wb/gp_source_search/historical_expansion/alipurduar_CONSTITUENCY_5fe98655.pdf,fd2063117af535c39b67f049573eb3ff1a8fcea3df4ba8c56deb6f6979cdba59,30,1,14,"[24.959999999999997, 17.75999999999999, 822.7199999999999, 569.52]","[""ALIPURDUAR-II"", ""10, Kumargram(ST)/229"", ""42, PURBA CHEPANI PRY. SCHOOL,\nROOM NO. 1"", ""MAHAKALGURI/VII"", ""7"", ""MAHAKALGURI P.S. - 11"", ""ALIPURDUAR-II / ZP-4""]",,native_fields_parsed
West Bengal,Alipurduar,2018,constituency_crosswalk,MAHAKALGURI,MAHAKALGURI/VIII,8,"10, Kumargram(ST)/230","43, PURBA CHEPANI PRY. SCHOOL
ROOM NO. 2",MAHAKALGURI P.S. - 11,ALIPURDUAR-II / ZP-4,data/wb/gp_source_search/historical_expansion/alipurduar_CONSTITUENCY_5fe98655.pdf,fd2063117af535c39b67f049573eb3ff1a8fcea3df4ba8c56deb6f6979cdba59,30,1,15,"[24.959999999999997, 17.75999999999999, 822.7199999999999, 569.52]","[""ALIPURDUAR-II"", ""10, Kumargram(ST)/230"", ""43, PURBA CHEPANI PRY. SCHOOL\nROOM NO. 2"", ""MAHAKALGURI/VIII"", ""8"", ""MAHAKALGURI P.S. - 11"", ""ALIPURDUAR-II / ZP-4""]",,native_fields_parsed
West Bengal,Alipurduar,2018,constituency_crosswalk,MAHAKALGURI,MAHAKALGURI/IX,9,"10, Kumargram(ST)/231","44, MAHAKALGURI G.P. OFFICE",MAHAKALGURI P.S. - 11,ALIPURDUAR-II / ZP-4,data/wb/gp_source_search/historical_expansion/alipurduar_CONSTITUENCY_5fe98655.pdf,fd2063117af535c39b67f049573eb3ff1a8fcea3df4ba8c56deb6f6979cdba59,30,1,16,"[24.959999999999997, 17.75999999999999, 822.7199999999999, 569.52]","[""ALIPURDUAR-II"", ""10, Kumargram(ST)/231"", ""44, MAHAKALGURI G.P. OFFICE"", ""MAHAKALGURI/IX"", ""9"", ""MAHAKALGURI P.S. - 11"", ""ALIPURDUAR-II / ZP-4""]",,native_fields_parsed
West Bengal,Alipurduar,2018,constituency_crosswalk,MAHAKALGURI,MAHAKALGURI/X,10,"10, Kumargram(ST)/232","45, MAHANANDA PRY. SCHOOL",MAHAKALGURI P.S. - 11,ALIPURDUAR-II / ZP-4,data/wb/gp_source_search/historical_expansion/alipurduar_CONSTITUENCY_5fe98655.pdf,fd2063117af535c39b67f049573eb3ff1a8fcea3df4ba8c56deb6f6979cdba59,30,1,17,"[24.959999999999997, 17.75999999999999, 822.7199999999999, 569.52]","[""ALIPURDUAR-II"", ""10, Kumargram(ST)/232"", ""45, MAHANANDA PRY. SCHOOL"", ""MAHAKALGURI/X"", ""10"", ""MAHAKALGURI P.S. - 11"", ""ALIPURDUAR-II / ZP-4""]",,native_fields_parsed
West Bengal,Alipurduar,2018,constituency_crosswalk,MAHAKALGURI,MAHAKALGURI/XI,11,"10, Kumargram(ST)/233","46, PASCHIM CHEPANI NEW PRY.
SCHOOL",MAHAKALGURI P.S. - 10,ALIPURDUAR-II / ZP-4,data/wb/gp_source_search/historical_expansion/alipurduar_CONSTITUENCY_5fe98655.pdf,fd2063117af535c39b67f049573eb3ff1a8fcea3df4ba8c56deb6f6979cdba59,30,1,18,"[24.959999999999997, 17.75999999999999, 822.7199999999999, 569.52]","[""ALIPURDUAR-II"", ""10, Kumargram(ST)/233"", ""46, PASCHIM CHEPANI NEW PRY.\nSCHOOL"", ""MAHAKALGURI/XI"", ""11"", ""MAHAKALGURI P.S. - 10"", ""ALIPURDUAR-II / ZP-4""]",,native_fields_parsed
West Bengal,Alipurduar,2018,constituency_crosswalk,MAHAKALGURI,MAHAKALGURI/XII,12,"10, Kumargram(ST)/234","47, PASCHIM CHEPANI NO: II PRY.
SCHOOL",MAHAKALGURI P.S. - 10,ALIPURDUAR-II / ZP-4,data/wb/gp_source_search/historical_expansion/alipurduar_CONSTITUENCY_5fe98655.pdf,fd2063117af535c39b67f049573eb3ff1a8fcea3df4ba8c56deb6f6979cdba59,31,1,1,"[24.959999999999997, 17.75999999999999, 822.7199999999999, 569.52]","[""ALIPURDUAR-II"", ""10, Kumargram(ST)/234"", ""47, PASCHIM CHEPANI NO: II PRY.\nSCHOOL"", ""MAHAKALGURI/XII"", ""12"", ""MAHAKALGURI P.S. - 10"", ""ALIPURDUAR-II / ZP-4""]",,native_fields_parsed
West Bengal,Alipurduar,2018,constituency_crosswalk,MAHAKALGURI,MAHAKALGURI/XIII,13,"10, Kumargram(ST)/235","48, PASCHIM CHEPANI NO: III B.F.P.
SCHOOL",MAHAKALGURI P.S. - 10,ALIPURDUAR-II / ZP-4,data/wb/gp_source_search/historical_expansion/alipurduar_CONSTITUENCY_5fe98655.pdf,fd2063117af535c39b67f049573eb3ff1a8fcea3df4ba8c56deb6f6979cdba59,31,1,2,"[24.959999999999997, 17.75999999999999, 822.7199999999999, 569.52]","[""ALIPURDUAR-II"", ""10, Kumargram(ST)/235"", ""48, PASCHIM CHEPANI NO: III B.F.P.\nSCHOOL"", ""MAHAKALGURI/XIII"", ""13"", ""MAHAKALGURI P.S. - 10"", ""ALIPURDUAR-II / ZP-4""]",,native_fields_parsed
West Bengal,Alipurduar,2018,constituency_crosswalk,MAHAKALGURI,MAHAKALGURI/XIV,14,"10, Kumargram(ST)/236","49/1, KALATAN SSK",MAHAKALGURI P.S. - 9,ALIPURDUAR-II / ZP-4,data/wb/gp_source_search/historical_expansion/alipurduar_CONSTITUENCY_5fe98655.pdf,fd2063117af535c39b67f049573eb3ff1a8fcea3df4ba8c56deb6f6979cdba59,31,1,3,"[24.959999999999997, 17.75999999999999, 822.7199999999999, 569.52]","[""ALIPURDUAR-II"", ""10, Kumargram(ST)/236"", ""49/1, KALATAN SSK"", ""MAHAKALGURI/XIV"", ""14"", ""MAHAKALGURI P.S. - 9"", ""ALIPURDUAR-II / ZP-4""]",,native_fields_parsed
West Bengal,Alipurduar,2018,constituency_crosswalk,MAHAKALGURI,MAHAKALGURI/XIV,14,"10, Kumargram(ST)/237","49/2, BOROCHOWKIRBAS I.T.D.P.
PRY.SCHOOL",MAHAKALGURI P.S. - 9,ALIPURDUAR-II / ZP-4,data/wb/gp_source_search/historical_expansion/alipurduar_CONSTITUENCY_5fe98655.pdf,fd2063117af535c39b67f049573eb3ff1a8fcea3df4ba8c56deb6f6979cdba59,31,1,4,"[24.959999999999997, 17.75999999999999, 822.7199999999999, 569.52]","[""ALIPURDUAR-II"", ""10, Kumargram(ST)/237"", ""49/2, BOROCHOWKIRBAS I.T.D.P.\nPRY.SCHOOL"", ""MAHAKALGURI/XIV"", ""14"", ""MAHAKALGURI P.S. - 9"", ""ALIPURDUAR-II / ZP-4""]",,native_fields_parsed
West Bengal,Alipurduar,2018,constituency_crosswalk,MAHAKALGURI,MAHAKALGURI/XV,15,"10, Kumargram(ST)/238","50, BOROCHOWKIRBAS JR. BASIC
SCHOOL",MAHAKALGURI P.S. - 9,ALIPURDUAR-II / ZP-4,data/wb/gp_source_search/historical_expansion/alipurduar_CONSTITUENCY_5fe98655.pdf,fd2063117af535c39b67f049573eb3ff1a8fcea3df4ba8c56deb6f6979cdba59,31,1,5,"[24.959999999999997, 17.75999999999999, 822.7199999999999, 569.52]","[""ALIPURDUAR-II"", ""10, Kumargram(ST)/238"", ""50, BOROCHOWKIRBAS JR. BASIC\nSCHOOL"", ""MAHAKALGURI/XV"", ""15"", ""MAHAKALGURI P.S. - 9"", ""ALIPURDUAR-II / ZP-4""]",,native_fields_parsed
West Bengal,Alipurduar,2018,constituency_crosswalk,MAHAKALGURI,MAHAKALGURI/XVI,16,"10, Kumargram(ST)/239","51, CHEPANI NO: I B.F.P. SCHOOL",MAHAKALGURI P.S. - 10,ALIPURDUAR-II / ZP-4,data/wb/gp_source_search/historical_expansion/alipurduar_CONSTITUENCY_5fe98655.pdf,fd2063117af535c39b67f049573eb3ff1a8fcea3df4ba8c56deb6f6979cdba59,31,1,6,"[24.959999999999997, 17.75999999999999, 822.7199999999999, 569.52]","[""ALIPURDUAR-II"", ""10, Kumargram(ST)/239"", ""51, CHEPANI NO: I B.F.P. SCHOOL"", ""MAHAKALGURI/XVI"", ""16"", ""MAHAKALGURI P.S. - 10"", ""ALIPURDUAR-II / ZP-4""]",,native_fields_parsed
West Bengal,Alipurduar,2018,constituency_crosswalk,MAHAKALGURI,MAHAKALGURI/XVII,17,"10, Kumargram(ST)/240","52/1, CHEPANI SSK",MAHAKALGURI P.S. - 10,ALIPURDUAR-II / ZP-4,data/wb/gp_source_search/historical_expansion/alipurduar_CONSTITUENCY_5fe98655.pdf,fd2063117af535c39b67f049573eb3ff1a8fcea3df4ba8c56deb6f6979cdba59,31,1,7,"[24.959999999999997, 17.75999999999999, 822.7199999999999, 569.52]","[""ALIPURDUAR-II"", ""10, Kumargram(ST)/240"", ""52/1, CHEPANI SSK"", ""MAHAKALGURI/XVII"", ""17"", ""MAHAKALGURI P.S. - 10"", ""ALIPURDUAR-II / ZP-4""]",,native_fields_parsed
West Bengal,Alipurduar,2018,constituency_crosswalk,MAHAKALGURI,MAHAKALGURI/XVII,17,"10, Kumargram(ST)/241","52/2, BIDYESWARI SSK",MAHAKALGURI P.S. - 10,ALIPURDUAR-II / ZP-4,data/wb/gp_source_search/historical_expansion/alipurduar_CONSTITUENCY_5fe98655.pdf,fd2063117af535c39b67f049573eb3ff1a8fcea3df4ba8c56deb6f6979cdba59,31,1,8,"[24.959999999999997, 17.75999999999999, 822.7199999999999, 569.52]","[""ALIPURDUAR-II"", ""10, Kumargram(ST)/241"", ""52/2, BIDYESWARI SSK"", ""MAHAKALGURI/XVII"", ""17"", ""MAHAKALGURI P.S. - 10"", ""ALIPURDUAR-II / ZP-4""]",,native_fields_parsed
West Bengal,Alipurduar,2018,constituency_crosswalk,MMAAHHAAKKAALLGGUURRII/,MMAAHHAAKKAALLGGUURRII//XXVVIIIIII,1188,"1100,, KKuummaarrggrraamm((SSTT))//224422","5533,, CCHHIIPPRRAA NNEEWW PPRRYY.. SSCCHHOOOOLL",MMAAHHAAKKAALLGGUURRII PP..SS.. -- 1111,AALLIIPPUURRDDUUAARR--IIII // ZZPP--44,data/wb/gp_source_search/historical_expansion/alipurduar_CONSTITUENCY_5fe98655.pdf,fd2063117af535c39b67f049573eb3ff1a8fcea3df4ba8c56deb6f6979cdba59,31,1,9,"[24.959999999999997, 17.75999999999999, 822.7199999999999, 569.52]","[""AALLIIPPUURRDDUUAARR--IIII"", ""1100,, KKuummaarrggrraamm((SSTT))//224422"", ""5533,, CCHHIIPPRRAA NNEEWW PPRRYY.. SSCCHHOOOOLL"", ""MMAAHHAAKKAALLGGUURRII//XXVVIIIIII"", ""1188"", ""MMAAHHAAKKAALLGGUURRII PP..SS.. -- 1111"", ""AALLIIPPUURRDDUUAARR--IIII // ZZPP--44""]",duplicated_native_glyphs,needs_review
West Bengal,Alipurduar,2018,constituency_crosswalk,TATPARA - I,TATPARA - I/I,1,"10, Kumargram(ST)/243","54, MAJIDKHANA HIGH SCHOOL",TATPARA I P.S. - 12,ALIPURDUAR-II / ZP-5,data/wb/gp_source_search/historical_expansion/alipurduar_CONSTITUENCY_5fe98655.pdf,fd2063117af535c39b67f049573eb3ff1a8fcea3df4ba8c56deb6f6979cdba59,31,1,10,"[24.959999999999997, 17.75999999999999, 822.7199999999999, 569.52]","[""ALIPURDUAR-II"", ""10, Kumargram(ST)/243"", ""54, MAJIDKHANA HIGH SCHOOL"", ""TATPARA - I/I"", ""1"", ""TATPARA I P.S. - 12"", ""ALIPURDUAR-II / ZP-5""]",,native_fields_parsed
West Bengal,Alipurduar,2018,constituency_crosswalk,TATPARA - I,TATPARA - I/II,2,"10, Kumargram(ST)/244","55, TALESWARGURI NO: II B.F.P.
SCHOOL.",TATPARA I P.S. - 13,ALIPURDUAR-II / ZP-5,data/wb/gp_source_search/historical_expansion/alipurduar_CONSTITUENCY_5fe98655.pdf,fd2063117af535c39b67f049573eb3ff1a8fcea3df4ba8c56deb6f6979cdba59,31,1,11,"[24.959999999999997, 17.75999999999999, 822.7199999999999, 569.52]","[""ALIPURDUAR-II"", ""10, Kumargram(ST)/244"", ""55, TALESWARGURI NO: II B.F.P.\nSCHOOL."", ""TATPARA - I/II"", ""2"", ""TATPARA I P.S. - 13"", ""ALIPURDUAR-II / ZP-5""]",,native_fields_parsed
West Bengal,Alipurduar,2018,constituency_crosswalk,TATPARA - I,TATPARA - I/III,3,"10, Kumargram(ST)/245","56, TATPARA TALESWARGURI NEW
PRY. SCHOOL",TATPARA I P.S. - 14,ALIPURDUAR-II / ZP-5,data/wb/gp_source_search/historical_expansion/alipurduar_CONSTITUENCY_5fe98655.pdf,fd2063117af535c39b67f049573eb3ff1a8fcea3df4ba8c56deb6f6979cdba59,31,1,12,"[24.959999999999997, 17.75999999999999, 822.7199999999999, 569.52]","[""ALIPURDUAR-II"", ""10, Kumargram(ST)/245"", ""56, TATPARA TALESWARGURI NEW\nPRY. SCHOOL"", ""TATPARA - I/III"", ""3"", ""TATPARA I P.S. - 14"", ""ALIPURDUAR-II / ZP-5""]",,native_fields_parsed
West Bengal,Alipurduar,2018,constituency_crosswalk,TATPARA - I,TATPARA - I/IV,4,"10, Kumargram(ST)/246","57, KAMARPARA JR. BASIC SCHOOL",TATPARA I P.S. - 13,ALIPURDUAR-II / ZP-5,data/wb/gp_source_search/historical_expansion/alipurduar_CONSTITUENCY_5fe98655.pdf,fd2063117af535c39b67f049573eb3ff1a8fcea3df4ba8c56deb6f6979cdba59,31,1,13,"[24.959999999999997, 17.75999999999999, 822.7199999999999, 569.52]","[""ALIPURDUAR-II"", ""10, Kumargram(ST)/246"", ""57, KAMARPARA JR. BASIC SCHOOL"", ""TATPARA - I/IV"", ""4"", ""TATPARA I P.S. - 13"", ""ALIPURDUAR-II / ZP-5""]",,native_fields_parsed
West Bengal,Alipurduar,2018,constituency_crosswalk,TATPARA - I,TATPARA - I/V,5,"10, Kumargram(ST)/247","58, UTTAR MAJIDKHANA ADARSHA
PRY. SCHOOL",TATPARA I P.S. - 13,ALIPURDUAR-II / ZP-5,data/wb/gp_source_search/historical_expansion/alipurduar_CONSTITUENCY_5fe98655.pdf,fd2063117af535c39b67f049573eb3ff1a8fcea3df4ba8c56deb6f6979cdba59,31,1,14,"[24.959999999999997, 17.75999999999999, 822.7199999999999, 569.52]","[""ALIPURDUAR-II"", ""10, Kumargram(ST)/247"", ""58, UTTAR MAJIDKHANA ADARSHA\nPRY. SCHOOL"", ""TATPARA - I/V"", ""5"", ""TATPARA I P.S. - 13"", ""ALIPURDUAR-II / ZP-5""]",,native_fields_parsed
West Bengal,Alipurduar,2018,constituency_crosswalk,TATPARA - I,TATPARA - I/VI,6,"10, Kumargram(ST)/248","59, TALESWARGURI HIGH SCHOOL",TATPARA I P.S. - 13,ALIPURDUAR-II / ZP-5,data/wb/gp_source_search/historical_expansion/alipurduar_CONSTITUENCY_5fe98655.pdf,fd2063117af535c39b67f049573eb3ff1a8fcea3df4ba8c56deb6f6979cdba59,31,1,15,"[24.959999999999997, 17.75999999999999, 822.7199999999999, 569.52]","[""ALIPURDUAR-II"", ""10, Kumargram(ST)/248"", ""59, TALESWARGURI HIGH SCHOOL"", ""TATPARA - I/VI"", ""6"", ""TATPARA I P.S. - 13"", ""ALIPURDUAR-II / ZP-5""]",,native_fields_parsed
West Bengal,Alipurduar,2018,constituency_crosswalk,TATPARA - I,TATPARA - I/VII,7,"10, Kumargram(ST)/249","60, JASHODANGA JR. BASIC SCHOOL",TATPARA I P.S. - 14,ALIPURDUAR-II / ZP-5,data/wb/gp_source_search/historical_expansion/alipurduar_CONSTITUENCY_5fe98655.pdf,fd2063117af535c39b67f049573eb3ff1a8fcea3df4ba8c56deb6f6979cdba59,31,1,16,"[24.959999999999997, 17.75999999999999, 822.7199999999999, 569.52]","[""ALIPURDUAR-II"", ""10, Kumargram(ST)/249"", ""60, JASHODANGA JR. BASIC SCHOOL"", ""TATPARA - I/VII"", ""7"", ""TATPARA I P.S. - 14"", ""ALIPURDUAR-II / ZP-5""]",,native_fields_parsed
West Bengal,Alipurduar,2018,constituency_crosswalk,TATPARA - I,TATPARA - I/VIII,8,"10, Kumargram(ST)/250","61, UTTAR JASHODANGA NEW PRY.
SCHOOL",TATPARA I P.S. - 14,ALIPURDUAR-II / ZP-5,data/wb/gp_source_search/historical_expansion/alipurduar_CONSTITUENCY_5fe98655.pdf,fd2063117af535c39b67f049573eb3ff1a8fcea3df4ba8c56deb6f6979cdba59,31,1,17,"[24.959999999999997, 17.75999999999999, 822.7199999999999, 569.52]","[""ALIPURDUAR-II"", ""10, Kumargram(ST)/250"", ""61, UTTAR JASHODANGA NEW PRY.\nSCHOOL"", ""TATPARA - I/VIII"", ""8"", ""TATPARA I P.S. - 14"", ""ALIPURDUAR-II / ZP-5""]",,native_fields_parsed
West Bengal,Alipurduar,2018,constituency_crosswalk,TATPARA - I,TATPARA - I/IX,9,"10, Kumargram(ST)/251","62, JASODANGA HIGH SCHOOL",TATPARA I P.S. - 14,ALIPURDUAR-II / ZP-5,data/wb/gp_source_search/historical_expansion/alipurduar_CONSTITUENCY_5fe98655.pdf,fd2063117af535c39b67f049573eb3ff1a8fcea3df4ba8c56deb6f6979cdba59,31,1,18,"[24.959999999999997, 17.75999999999999, 822.7199999999999, 569.52]","[""ALIPURDUAR-II"", ""10, Kumargram(ST)/251"", ""62, JASODANGA HIGH SCHOOL"", ""TATPARA - I/IX"", ""9"", ""TATPARA I P.S. - 14"", ""ALIPURDUAR-II / ZP-5""]",,native_fields_parsed
West Bengal,Alipurduar,2018,constituency_crosswalk,TATPARA - I,TATPARA - I/X,10,"10, Kumargram(ST)/252","63, TATPARA S.C. PRY. SCHOOL",TATPARA I P.S. - 12,ALIPURDUAR-II / ZP-5,data/wb/gp_source_search/historical_expansion/alipurduar_CONSTITUENCY_5fe98655.pdf,fd2063117af535c39b67f049573eb3ff1a8fcea3df4ba8c56deb6f6979cdba59,31,1,19,"[24.959999999999997, 17.75999999999999, 822.7199999999999, 569.52]","[""ALIPURDUAR-II"", ""10, Kumargram(ST)/252"", ""63, TATPARA S.C. PRY. SCHOOL"", ""TATPARA - I/X"", ""10"", ""TATPARA I P.S. - 12"", ""ALIPURDUAR-II / ZP-5""]",,native_fields_parsed
West Bengal,Alipurduar,2018,constituency_crosswalk,TATPARA - I,TATPARA - I/XI,11,"10, Kumargram(ST)/253","64, TATPARA R.R. PRY. SCHOOL, ROOM
NO. 1",TATPARA I P.S. - 12,ALIPURDUAR-II / ZP-5,data/wb/gp_source_search/historical_expansion/alipurduar_CONSTITUENCY_5fe98655.pdf,fd2063117af535c39b67f049573eb3ff1a8fcea3df4ba8c56deb6f6979cdba59,32,1,1,"[24.959999999999997, 17.75999999999999, 822.7199999999999, 569.52]","[""ALIPURDUAR-II"", ""10, Kumargram(ST)/253"", ""64, TATPARA R.R. PRY. SCHOOL, ROOM\nNO. 1"", ""TATPARA - I/XI"", ""11"", ""TATPARA I P.S. - 12"", ""ALIPURDUAR-II / ZP-5""]",,native_fields_parsed
West Bengal,Alipurduar,2018,constituency_crosswalk,TATPARA - I,TATPARA - I/XII,12,"10, Kumargram(ST)/254","65, Tatapara R.R.Pry.School, Room-2",TATPARA I P.S. - 12,ALIPURDUAR-II / ZP-5,data/wb/gp_source_search/historical_expansion/alipurduar_CONSTITUENCY_5fe98655.pdf,fd2063117af535c39b67f049573eb3ff1a8fcea3df4ba8c56deb6f6979cdba59,32,1,2,"[24.959999999999997, 17.75999999999999, 822.7199999999999, 569.52]","[""ALIPURDUAR-II"", ""10, Kumargram(ST)/254"", ""65, Tatapara R.R.Pry.School, Room-2"", ""TATPARA - I/XII"", ""12"", ""TATPARA I P.S. - 12"", ""ALIPURDUAR-II / ZP-5""]",,native_fields_parsed
West Bengal,Alipurduar,2018,constituency_crosswalk,BHATIBARI,BHATIBARI/I,1,"10, Kumargram(ST)/255","66, DAKSHIN BORAGARI NEW PRY.
SCHOOL",BHATIBARI P.S. - 15,ALIPURDUAR-II / ZP-5,data/wb/gp_source_search/historical_expansion/alipurduar_CONSTITUENCY_5fe98655.pdf,fd2063117af535c39b67f049573eb3ff1a8fcea3df4ba8c56deb6f6979cdba59,32,1,3,"[24.959999999999997, 17.75999999999999, 822.7199999999999, 569.52]","[""ALIPURDUAR-II"", ""10, Kumargram(ST)/255"", ""66, DAKSHIN BORAGARI NEW PRY.\nSCHOOL"", ""BHATIBARI/I"", ""1"", ""BHATIBARI P.S. - 15"", ""ALIPURDUAR-II / ZP-5""]",,native_fields_parsed
West Bengal,Alipurduar,2018,constituency_crosswalk,BHATIBARI,BHATIBARI/II,2,"10, Kumargram(ST)/256","67, BORAGARI B.F.P. SCHOOL",BHATIBARI P.S. - 15,ALIPURDUAR-II / ZP-5,data/wb/gp_source_search/historical_expansion/alipurduar_CONSTITUENCY_5fe98655.pdf,fd2063117af535c39b67f049573eb3ff1a8fcea3df4ba8c56deb6f6979cdba59,32,1,4,"[24.959999999999997, 17.75999999999999, 822.7199999999999, 569.52]","[""ALIPURDUAR-II"", ""10, Kumargram(ST)/256"", ""67, BORAGARI B.F.P. SCHOOL"", ""BHATIBARI/II"", ""2"", ""BHATIBARI P.S. - 15"", ""ALIPURDUAR-II / ZP-5""]",,native_fields_parsed
West Bengal,Alipurduar,2018,constituency_crosswalk,BHATIBARI,BHATIBARI/III,3,"10, Kumargram(ST)/257","68/1, DAKSHIN KUMARIJAN S.C.PRY.
SCHOOL",BHATIBARI P.S. - 15,ALIPURDUAR-II / ZP-5,data/wb/gp_source_search/historical_expansion/alipurduar_CONSTITUENCY_5fe98655.pdf,fd2063117af535c39b67f049573eb3ff1a8fcea3df4ba8c56deb6f6979cdba59,32,1,5,"[24.959999999999997, 17.75999999999999, 822.7199999999999, 569.52]","[""ALIPURDUAR-II"", ""10, Kumargram(ST)/257"", ""68/1, DAKSHIN KUMARIJAN S.C.PRY.\nSCHOOL"", ""BHATIBARI/III"", ""3"", ""BHATIBARI P.S. - 15"", ""ALIPURDUAR-II / ZP-5""]",,native_fields_parsed
West Bengal,Alipurduar,2018,constituency_crosswalk,BHATIBARI,BHATIBARI/III,3,"10, Kumargram(ST)/258","68/2, PASCHIM KUMARIJAN S.C.PRY.
SCHOOL",BHATIBARI P.S. - 15,ALIPURDUAR-II / ZP-5,data/wb/gp_source_search/historical_expansion/alipurduar_CONSTITUENCY_5fe98655.pdf,fd2063117af535c39b67f049573eb3ff1a8fcea3df4ba8c56deb6f6979cdba59,32,1,6,"[24.959999999999997, 17.75999999999999, 822.7199999999999, 569.52]","[""ALIPURDUAR-II"", ""10, Kumargram(ST)/258"", ""68/2, PASCHIM KUMARIJAN S.C.PRY.\nSCHOOL"", ""BHATIBARI/III"", ""3"", ""BHATIBARI P.S. - 15"", ""ALIPURDUAR-II / ZP-5""]",,native_fields_parsed
West Bengal,Alipurduar,2018,constituency_crosswalk,BHATIBARI,BHATIBARI/IV,4,"10, Kumargram(ST)/259","69/1, BHATIBARI NO:II S.P. PRY.
SCHOOL",BHATIBARI P.S. - 15,ALIPURDUAR-II / ZP-5,data/wb/gp_source_search/historical_expansion/alipurduar_CONSTITUENCY_5fe98655.pdf,fd2063117af535c39b67f049573eb3ff1a8fcea3df4ba8c56deb6f6979cdba59,32,1,7,"[24.959999999999997, 17.75999999999999, 822.7199999999999, 569.52]","[""ALIPURDUAR-II"", ""10, Kumargram(ST)/259"", ""69/1, BHATIBARI NO:II S.P. PRY.\nSCHOOL"", ""BHATIBARI/IV"", ""4"", ""BHATIBARI P.S. - 15"", ""ALIPURDUAR-II / ZP-5""]",,native_fields_parsed
West Bengal,Alipurduar,2018,constituency_crosswalk,BHATIBARI,BHATIBARI/IV,4,"10, Kumargram(ST)/260","69/2, VIVEKANANDA SSK (BHATIBARI)",BHATIBARI P.S. - 15,ALIPURDUAR-II / ZP-5,data/wb/gp_source_search/historical_expansion/alipurduar_CONSTITUENCY_5fe98655.pdf,fd2063117af535c39b67f049573eb3ff1a8fcea3df4ba8c56deb6f6979cdba59,32,1,8,"[24.959999999999997, 17.75999999999999, 822.7199999999999, 569.52]","[""ALIPURDUAR-II"", ""10, Kumargram(ST)/260"", ""69/2, VIVEKANANDA SSK (BHATIBARI)"", ""BHATIBARI/IV"", ""4"", ""BHATIBARI P.S. - 15"", ""ALIPURDUAR-II / ZP-5""]",,native_fields_parsed
West Bengal,Alipurduar,2018,constituency_crosswalk,BBHHAATTIIBBAARRII/,BBHHAATTIIBBAARRII//VV,55,"1100,, KKuummaarrggrraamm((SSTT))//226611","7700,, BBHHAATTIIBBAARRII NNOO..11 SS..CC.. PPRRYY.. SSCCHHOOOOLL",BBHHAATTIIBBAARRII PP..SS.. -- 1155,AALLIIPPUURRDDUUAARR--IIII // ZZPP--55,data/wb/gp_source_search/historical_expansion/alipurduar_CONSTITUENCY_5fe98655.pdf,fd2063117af535c39b67f049573eb3ff1a8fcea3df4ba8c56deb6f6979cdba59,32,1,9,"[24.959999999999997, 17.75999999999999, 822.7199999999999, 569.52]","[""AALLIIPPUURRDDUUAARR--IIII"", ""1100,, KKuummaarrggrraamm((SSTT))//226611"", ""7700,, BBHHAATTIIBBAARRII NNOO..11 SS..CC.. PPRRYY.. SSCCHHOOOOLL"", ""BBHHAATTIIBBAARRII//VV"", ""55"", ""BBHHAATTIIBBAARRII PP..SS.. -- 1155"", ""AALLIIPPUURRDDUUAARR--IIII // ZZPP--55""]",duplicated_native_glyphs,needs_review
West Bengal,Alipurduar,2018,constituency_crosswalk,BHATIBARI,BHATIBARI/VI,6,"10, Kumargram(ST)/262","71, KUMARIJAN NO:I B.F.P. SCHOOL",BHATIBARI P.S. - 15,ALIPURDUAR-II / ZP-5,data/wb/gp_source_search/historical_expansion/alipurduar_CONSTITUENCY_5fe98655.pdf,fd2063117af535c39b67f049573eb3ff1a8fcea3df4ba8c56deb6f6979cdba59,32,1,10,"[24.959999999999997, 17.75999999999999, 822.7199999999999, 569.52]","[""ALIPURDUAR-II"", ""10, Kumargram(ST)/262"", ""71, KUMARIJAN NO:I B.F.P. SCHOOL"", ""BHATIBARI/VI"", ""6"", ""BHATIBARI P.S. - 15"", ""ALIPURDUAR-II / ZP-5""]",,native_fields_parsed
West Bengal,Alipurduar,2018,constituency_crosswalk,BHATIBARI,BHATIBARI/VII,7,"10, Kumargram(ST)/263","72, BHATIBARI HIGH SCHOOL
ATTACHED PRY. SCHOOL",BHATIBARI P.S. - 16,ALIPURDUAR-II / ZP-5,data/wb/gp_source_search/historical_expansion/alipurduar_CONSTITUENCY_5fe98655.pdf,fd2063117af535c39b67f049573eb3ff1a8fcea3df4ba8c56deb6f6979cdba59,32,1,11,"[24.959999999999997, 17.75999999999999, 822.7199999999999, 569.52]","[""ALIPURDUAR-II"", ""10, Kumargram(ST)/263"", ""72, BHATIBARI HIGH SCHOOL\nATTACHED PRY. SCHOOL"", ""BHATIBARI/VII"", ""7"", ""BHATIBARI P.S. - 16"", ""ALIPURDUAR-II / ZP-5""]",,native_fields_parsed
West Bengal,Alipurduar,2018,constituency_crosswalk,BHATIBARI,BHATIBARI/VIII,8,"10, Kumargram(ST)/264","73, UTTAR BHATIBARI GIRLS' HIGH
SCHOOL",BHATIBARI P.S. - 16,ALIPURDUAR-II / ZP-5,data/wb/gp_source_search/historical_expansion/alipurduar_CONSTITUENCY_5fe98655.pdf,fd2063117af535c39b67f049573eb3ff1a8fcea3df4ba8c56deb6f6979cdba59,32,1,12,"[24.959999999999997, 17.75999999999999, 822.7199999999999, 569.52]","[""ALIPURDUAR-II"", ""10, Kumargram(ST)/264"", ""73, UTTAR BHATIBARI GIRLS' HIGH\nSCHOOL"", ""BHATIBARI/VIII"", ""8"", ""BHATIBARI P.S. - 16"", ""ALIPURDUAR-II / ZP-5""]",,native_fields_parsed
West Bengal,Alipurduar,2018,constituency_crosswalk,BHATIBARI,BHATIBARI/IX,9,"10, Kumargram(ST)/265","74, BHATIBARI HIGH SCHOOL",BHATIBARI P.S. - 16,ALIPURDUAR-II / ZP-5,data/wb/gp_source_search/historical_expansion/alipurduar_CONSTITUENCY_5fe98655.pdf,fd2063117af535c39b67f049573eb3ff1a8fcea3df4ba8c56deb6f6979cdba59,32,1,13,"[24.959999999999997, 17.75999999999999, 822.7199999999999, 569.52]","[""ALIPURDUAR-II"", ""10, Kumargram(ST)/265"", ""74, BHATIBARI HIGH SCHOOL"", ""BHATIBARI/IX"", ""9"", ""BHATIBARI P.S. - 16"", ""ALIPURDUAR-II / ZP-5""]",,native_fields_parsed
West Bengal,Alipurduar,2018,constituency_crosswalk,BHATIBARI,BHATIBARI/X,10,"10, Kumargram(ST)/266","75/1, UTTAR BHATIBARI S.C. PRY.
SCHOOL, ROOM NO.1",BHATIBARI P.S. - 16,ALIPURDUAR-II / ZP-5,data/wb/gp_source_search/historical_expansion/alipurduar_CONSTITUENCY_5fe98655.pdf,fd2063117af535c39b67f049573eb3ff1a8fcea3df4ba8c56deb6f6979cdba59,32,1,14,"[24.959999999999997, 17.75999999999999, 822.7199999999999, 569.52]","[""ALIPURDUAR-II"", ""10, Kumargram(ST)/266"", ""75/1, UTTAR BHATIBARI S.C. PRY.\nSCHOOL, ROOM NO.1"", ""BHATIBARI/X"", ""10"", ""BHATIBARI P.S. - 16"", ""ALIPURDUAR-II / ZP-5""]",,native_fields_parsed
West Bengal,Alipurduar,2018,constituency_crosswalk,BHATIBARI,BHATIBARI/I,10,"10, Kumargram(ST)/267","75/2, UTTAR BHATIBARI S.C. PRY.
SCHOOL, ROOM NO.2",BHATIBARI P.S. - 16,ALIPURDUAR-II / ZP-5,data/wb/gp_source_search/historical_expansion/alipurduar_CONSTITUENCY_5fe98655.pdf,fd2063117af535c39b67f049573eb3ff1a8fcea3df4ba8c56deb6f6979cdba59,32,1,15,"[24.959999999999997, 17.75999999999999, 822.7199999999999, 569.52]","[""ALIPURDUAR-II"", ""10, Kumargram(ST)/267"", ""75/2, UTTAR BHATIBARI S.C. PRY.\nSCHOOL, ROOM NO.2"", ""BHATIBARI/I"", ""10"", ""BHATIBARI P.S. - 16"", ""ALIPURDUAR-II / ZP-5""]",,native_fields_parsed
West Bengal,Alipurduar,2018,constituency_crosswalk,BHATIBARI,BHATIBARI/XI,11,"10, Kumargram(ST)/268","76, THANUPARA B.F.P. SCHOOL",BHATIBARI P.S. - 16,ALIPURDUAR-II / ZP-5,data/wb/gp_source_search/historical_expansion/alipurduar_CONSTITUENCY_5fe98655.pdf,fd2063117af535c39b67f049573eb3ff1a8fcea3df4ba8c56deb6f6979cdba59,32,1,16,"[24.959999999999997, 17.75999999999999, 822.7199999999999, 569.52]","[""ALIPURDUAR-II"", ""10, Kumargram(ST)/268"", ""76, THANUPARA B.F.P. SCHOOL"", ""BHATIBARI/XI"", ""11"", ""BHATIBARI P.S. - 16"", ""ALIPURDUAR-II / ZP-5""]",,native_fields_parsed
West Bengal,Alipurduar,2018,constituency_crosswalk,BHATIBARI,BHATIBARI/XII,12,"10, Kumargram(ST)/269","77, PASCHIM KHALISAMARI NEW PRY.
SCHOOL",BHATIBARI P.S. - 16,ALIPURDUAR-II / ZP-5,data/wb/gp_source_search/historical_expansion/alipurduar_CONSTITUENCY_5fe98655.pdf,fd2063117af535c39b67f049573eb3ff1a8fcea3df4ba8c56deb6f6979cdba59,32,1,17,"[24.959999999999997, 17.75999999999999, 822.7199999999999, 569.52]","[""ALIPURDUAR-II"", ""10, Kumargram(ST)/269"", ""77, PASCHIM KHALISAMARI NEW PRY.\nSCHOOL"", ""BHATIBARI/XII"", ""12"", ""BHATIBARI P.S. - 16"", ""ALIPURDUAR-II / ZP-5""]",,native_fields_parsed
West Bengal,Alipurduar,2018,constituency_crosswalk,BHATIBARI,BHATIBARI/XIII,13,"10, Kumargram(ST)/270","78, KHALISAMARI BOARD SCHOOL",BHATIBARI P.S. - 17,ALIPURDUAR-II / ZP-5,data/wb/gp_source_search/historical_expansion/alipurduar_CONSTITUENCY_5fe98655.pdf,fd2063117af535c39b67f049573eb3ff1a8fcea3df4ba8c56deb6f6979cdba59,32,1,18,"[24.959999999999997, 17.75999999999999, 822.7199999999999, 569.52]","[""ALIPURDUAR-II"", ""10, Kumargram(ST)/270"", ""78, KHALISAMARI BOARD SCHOOL"", ""BHATIBARI/XIII"", ""13"", ""BHATIBARI P.S. - 17"", ""ALIPURDUAR-II / ZP-5""]",,native_fields_parsed
West Bengal,Alipurduar,2018,constituency_crosswalk,BHATIBARI,BHATIBARI/XIV,14,"10, Kumargram(ST)/271","79, PURBA KHALISAMARI KAJI
NAJURUL M.S.K",BHATIBARI P.S. - 17,ALIPURDUAR-II / ZP-5,data/wb/gp_source_search/historical_expansion/alipurduar_CONSTITUENCY_5fe98655.pdf,fd2063117af535c39b67f049573eb3ff1a8fcea3df4ba8c56deb6f6979cdba59,32,1,19,"[24.959999999999997, 17.75999999999999, 822.7199999999999, 569.52]","[""ALIPURDUAR-II"", ""10, Kumargram(ST)/271"", ""79, PURBA KHALISAMARI KAJI\nNAJURUL M.S.K"", ""BHATIBARI/XIV"", ""14"", ""BHATIBARI P.S. - 17"", ""ALIPURDUAR-II / ZP-5""]",,native_fields_parsed
West Bengal,Alipurduar,2018,constituency_crosswalk,BHATIBARI,BHATIBARI/XV,15,"10, Kumargram(ST)/272","80, PURBA KHALISAMARI JR. BASIC
SCHOOL.",BHATIBARI P.S. - 17,ALIPURDUAR-II / ZP-5,data/wb/gp_source_search/historical_expansion/alipurduar_CONSTITUENCY_5fe98655.pdf,fd2063117af535c39b67f049573eb3ff1a8fcea3df4ba8c56deb6f6979cdba59,33,1,1,"[24.959999999999997, 17.75999999999999, 822.7199999999999, 569.52]","[""ALIPURDUAR-II"", ""10, Kumargram(ST)/272"", ""80, PURBA KHALISAMARI JR. BASIC\nSCHOOL."", ""BHATIBARI/XV"", ""15"", ""BHATIBARI P.S. - 17"", ""ALIPURDUAR-II / ZP-5""]",,native_fields_parsed
West Bengal,Alipurduar,2018,constituency_crosswalk,BHATIBARI,BHATIBARI/XVI,16,"10, Kumargram(ST)/273","81, UTTAR CHIKLIGURI S.C. PRY.
SCHOOL",BHATIBARI P.S. - 17,ALIPURDUAR-II / ZP-5,data/wb/gp_source_search/historical_expansion/alipurduar_CONSTITUENCY_5fe98655.pdf,fd2063117af535c39b67f049573eb3ff1a8fcea3df4ba8c56deb6f6979cdba59,33,1,2,"[24.959999999999997, 17.75999999999999, 822.7199999999999, 569.52]","[""ALIPURDUAR-II"", ""10, Kumargram(ST)/273"", ""81, UTTAR CHIKLIGURI S.C. PRY.\nSCHOOL"", ""BHATIBARI/XVI"", ""16"", ""BHATIBARI P.S. - 17"", ""ALIPURDUAR-II / ZP-5""]",,native_fields_parsed
West Bengal,Alipurduar,2018,constituency_crosswalk,BHATIBARI,BHATIBARI/XVIII,18,"10, Kumargram(ST)/275","83/1, KUMARIJAN NO:II B.F.P. SCHOOL",BHATIBARI P.S. - 17,ALIPURDUAR-II / ZP-5,data/wb/gp_source_search/historical_expansion/alipurduar_CONSTITUENCY_5fe98655.pdf,fd2063117af535c39b67f049573eb3ff1a8fcea3df4ba8c56deb6f6979cdba59,33,1,4,"[24.959999999999997, 17.75999999999999, 822.7199999999999, 569.52]","[""ALIPURDUAR-II"", ""10, Kumargram(ST)/275"", ""83/1, KUMARIJAN NO:II B.F.P. SCHOOL"", ""BHATIBARI/XVIII"", ""18"", ""BHATIBARI P.S. - 17"", ""ALIPURDUAR-II / ZP-5""]",,native_fields_parsed
West Bengal,Alipurduar,2018,constituency_crosswalk,BHATIBARI,BHATIBARI/XVIII,18,"10, Kumargram(ST)/276","83/2, DAKSHIN THANUPARA PRY.
SCHOOL",BHATIBARI P.S. - 17,ALIPURDUAR-II / ZP-5,data/wb/gp_source_search/historical_expansion/alipurduar_CONSTITUENCY_5fe98655.pdf,fd2063117af535c39b67f049573eb3ff1a8fcea3df4ba8c56deb6f6979cdba59,33,1,5,"[24.959999999999997, 17.75999999999999, 822.7199999999999, 569.52]","[""ALIPURDUAR-II"", ""10, Kumargram(ST)/276"", ""83/2, DAKSHIN THANUPARA PRY.\nSCHOOL"", ""BHATIBARI/XVIII"", ""18"", ""BHATIBARI P.S. - 17"", ""ALIPURDUAR-II / ZP-5""]",,native_fields_parsed
West Bengal,Alipurduar,2018,constituency_crosswalk,PAROKATA,PAROKATA/II,2,"10, Kumargram(ST)/278","85, SWAMIJI PRATHOMIK VIDHYALAYA
ROOM-1",PAROKATA P.S. - 18,ALIPURDUAR-II / ZP-5,data/wb/gp_source_search/historical_expansion/alipurduar_CONSTITUENCY_5fe98655.pdf,fd2063117af535c39b67f049573eb3ff1a8fcea3df4ba8c56deb6f6979cdba59,33,1,7,"[24.959999999999997, 17.75999999999999, 822.7199999999999, 569.52]","[""ALIPURDUAR-II"", ""10, Kumargram(ST)/278"", ""85, SWAMIJI PRATHOMIK VIDHYALAYA\nROOM-1"", ""PAROKATA/II"", ""2"", ""PAROKATA P.S. - 18"", ""ALIPURDUAR-II / ZP-5""]",,native_fields_parsed
West Bengal,Alipurduar,2018,constituency_crosswalk,PAROKATA,PAROKATA/III,3,"10, Kumargram(ST)/279","86, SWAMIJI PRATHOMIK VIDHYALAYA
ROOM-2",PAROKATA P.S. - 18,ALIPURDUAR-II / ZP-5,data/wb/gp_source_search/historical_expansion/alipurduar_CONSTITUENCY_5fe98655.pdf,fd2063117af535c39b67f049573eb3ff1a8fcea3df4ba8c56deb6f6979cdba59,33,1,8,"[24.959999999999997, 17.75999999999999, 822.7199999999999, 569.52]","[""ALIPURDUAR-II"", ""10, Kumargram(ST)/279"", ""86, SWAMIJI PRATHOMIK VIDHYALAYA\nROOM-2"", ""PAROKATA/III"", ""3"", ""PAROKATA P.S. - 18"", ""ALIPURDUAR-II / ZP-5""]",,native_fields_parsed
West Bengal,Alipurduar,2018,constituency_crosswalk,PPAARROOKKAATTAA/,PPAARROOKKAATTAA//IIVV,44,"1100,, KKuummaarrggrraamm((SSTT))//228800","8877,, CCHHIIKKLLIIGGUURRII HHIIGGHH SSCCHHOOOOLL",PPAARROOKKAATTAA PP..SS.. -- 1188,AALLIIPPUURRDDUUAARR--IIII // ZZPP--55,data/wb/gp_source_search/historical_expansion/alipurduar_CONSTITUENCY_5fe98655.pdf,fd2063117af535c39b67f049573eb3ff1a8fcea3df4ba8c56deb6f6979cdba59,33,1,9,"[24.959999999999997, 17.75999999999999, 822.7199999999999, 569.52]","[""AALLIIPPUURRDDUUAARR--IIII"", ""1100,, KKuummaarrggrraamm((SSTT))//228800"", ""8877,, CCHHIIKKLLIIGGUURRII HHIIGGHH SSCCHHOOOOLL"", ""PPAARROOKKAATTAA//IIVV"", ""44"", ""PPAARROOKKAATTAA PP..SS.. -- 1188"", ""AALLIIPPUURRDDUUAARR--IIII // ZZPP--55""]",duplicated_native_glyphs,needs_review
West Bengal,Alipurduar,2018,constituency_crosswalk,PAROKATA,PAROKATA/V,5,"10, Kumargram(ST)/281","88, CHIKLIGURI B.F.P. SCHOOL",PAROKATA P.S. - 18,ALIPURDUAR-II / ZP-5,data/wb/gp_source_search/historical_expansion/alipurduar_CONSTITUENCY_5fe98655.pdf,fd2063117af535c39b67f049573eb3ff1a8fcea3df4ba8c56deb6f6979cdba59,33,1,10,"[24.959999999999997, 17.75999999999999, 822.7199999999999, 569.52]","[""ALIPURDUAR-II"", ""10, Kumargram(ST)/281"", ""88, CHIKLIGURI B.F.P. SCHOOL"", ""PAROKATA/V"", ""5"", ""PAROKATA P.S. - 18"", ""ALIPURDUAR-II / ZP-5""]",,native_fields_parsed
West Bengal,Alipurduar,2018,constituency_crosswalk,PAROKATA,PAROKATA/VI,6,"10, Kumargram(ST)/282","89, MADHYA PAROKATA JR. BASIC
SCHOOL",PAROKATA P.S. - 18,ALIPURDUAR-II / ZP-5,data/wb/gp_source_search/historical_expansion/alipurduar_CONSTITUENCY_5fe98655.pdf,fd2063117af535c39b67f049573eb3ff1a8fcea3df4ba8c56deb6f6979cdba59,33,1,11,"[24.959999999999997, 17.75999999999999, 822.7199999999999, 569.52]","[""ALIPURDUAR-II"", ""10, Kumargram(ST)/282"", ""89, MADHYA PAROKATA JR. BASIC\nSCHOOL"", ""PAROKATA/VI"", ""6"", ""PAROKATA P.S. - 18"", ""ALIPURDUAR-II / ZP-5""]",,native_fields_parsed
West Bengal,Alipurduar,2018,constituency_crosswalk,PAROKATA,PAROKATA/VII,7,"10, Kumargram(ST)/283","90, MADHYA PAROKATA GOVT.
COLONY PRY. SCHOOL",PAROKATA P.S. - 19,ALIPURDUAR-II / ZP-5,data/wb/gp_source_search/historical_expansion/alipurduar_CONSTITUENCY_5fe98655.pdf,fd2063117af535c39b67f049573eb3ff1a8fcea3df4ba8c56deb6f6979cdba59,33,1,12,"[24.959999999999997, 17.75999999999999, 822.7199999999999, 569.52]","[""ALIPURDUAR-II"", ""10, Kumargram(ST)/283"", ""90, MADHYA PAROKATA GOVT.\nCOLONY PRY. SCHOOL"", ""PAROKATA/VII"", ""7"", ""PAROKATA P.S. - 19"", ""ALIPURDUAR-II / ZP-5""]",,native_fields_parsed
West Bengal,Alipurduar,2018,constituency_crosswalk,PAROKATA,PAROKATA/VIII,8,"10, Kumargram(ST)/284","91/1, UTTAR PAROKATA R.R. PRY.
SCHOOL",PAROKATA P.S. - 20,ALIPURDUAR-II / ZP-5,data/wb/gp_source_search/historical_expansion/alipurduar_CONSTITUENCY_5fe98655.pdf,fd2063117af535c39b67f049573eb3ff1a8fcea3df4ba8c56deb6f6979cdba59,33,1,13,"[24.959999999999997, 17.75999999999999, 822.7199999999999, 569.52]","[""ALIPURDUAR-II"", ""10, Kumargram(ST)/284"", ""91/1, UTTAR PAROKATA R.R. PRY.\nSCHOOL"", ""PAROKATA/VIII"", ""8"", ""PAROKATA P.S. - 20"", ""ALIPURDUAR-II / ZP-5""]",,native_fields_parsed
West Bengal,Alipurduar,2018,constituency_crosswalk,PAROKATA,PAROKATA/VIII,8,"10, Kumargram(ST)/285","91/2, PAROKATA HIGH SCHOOL",PAROKATA P.S. - 20,ALIPURDUAR-II / ZP-5,data/wb/gp_source_search/historical_expansion/alipurduar_CONSTITUENCY_5fe98655.pdf,fd2063117af535c39b67f049573eb3ff1a8fcea3df4ba8c56deb6f6979cdba59,33,1,14,"[24.959999999999997, 17.75999999999999, 822.7199999999999, 569.52]","[""ALIPURDUAR-II"", ""10, Kumargram(ST)/285"", ""91/2, PAROKATA HIGH SCHOOL"", ""PAROKATA/VIII"", ""8"", ""PAROKATA P.S. - 20"", ""ALIPURDUAR-II / ZP-5""]",,native_fields_parsed
West Bengal,Alipurduar,2018,constituency_crosswalk,PAROKATA,PAROKATA/IX,9,"10, Kumargram(ST)/286","92, UTTAR PAROKATA NO: II JR. BASIC
SCHOOL",PAROKATA P.S. - 20,ALIPURDUAR-II / ZP-5,data/wb/gp_source_search/historical_expansion/alipurduar_CONSTITUENCY_5fe98655.pdf,fd2063117af535c39b67f049573eb3ff1a8fcea3df4ba8c56deb6f6979cdba59,33,1,15,"[24.959999999999997, 17.75999999999999, 822.7199999999999, 569.52]","[""ALIPURDUAR-II"", ""10, Kumargram(ST)/286"", ""92, UTTAR PAROKATA NO: II JR. BASIC\nSCHOOL"", ""PAROKATA/IX"", ""9"", ""PAROKATA P.S. - 20"", ""ALIPURDUAR-II / ZP-5""]",,native_fields_parsed
West Bengal,Alipurduar,2018,constituency_crosswalk,PAROKATA,PAROKATA/X,10,"10, Kumargram(ST)/287","93, PAROKATA SISHU SIKSHYA KENDRA
(TETUL TOLA)",PAROKATA P.S. - 20,ALIPURDUAR-II / ZP-5,data/wb/gp_source_search/historical_expansion/alipurduar_CONSTITUENCY_5fe98655.pdf,fd2063117af535c39b67f049573eb3ff1a8fcea3df4ba8c56deb6f6979cdba59,33,1,16,"[24.959999999999997, 17.75999999999999, 822.7199999999999, 569.52]","[""ALIPURDUAR-II"", ""10, Kumargram(ST)/287"", ""93, PAROKATA SISHU SIKSHYA KENDRA\n(TETUL TOLA)"", ""PAROKATA/X"", ""10"", ""PAROKATA P.S. - 20"", ""ALIPURDUAR-II / ZP-5""]",,native_fields_parsed
West Bengal,Alipurduar,2018,constituency_crosswalk,PAROKATA,PAROKATA/XI,11,"10, Kumargram(ST)/288","94, UTTAR PAROKATA MULTIPURPOSE
BUILDING",PAROKATA P.S. - 20,ALIPURDUAR-II / ZP-5,data/wb/gp_source_search/historical_expansion/alipurduar_CONSTITUENCY_5fe98655.pdf,fd2063117af535c39b67f049573eb3ff1a8fcea3df4ba8c56deb6f6979cdba59,33,1,17,"[24.959999999999997, 17.75999999999999, 822.7199999999999, 569.52]","[""ALIPURDUAR-II"", ""10, Kumargram(ST)/288"", ""94, UTTAR PAROKATA MULTIPURPOSE\nBUILDING"", ""PAROKATA/XI"", ""11"", ""PAROKATA P.S. - 20"", ""ALIPURDUAR-II / ZP-5""]",,native_fields_parsed
West Bengal,Alipurduar,2018,constituency_crosswalk,PAROKATA,PAROKATA/XII,12,"10, Kumargram(ST)/289","95, MADHYA PAROKATA NEW PRY.
SSCCHHOOOOLL,, RROOOOMM NNOO.. 11",PAROKATA P.S. - 20,ALIPURDUAR-II / ZP-5,data/wb/gp_source_search/historical_expansion/alipurduar_CONSTITUENCY_5fe98655.pdf,fd2063117af535c39b67f049573eb3ff1a8fcea3df4ba8c56deb6f6979cdba59,33,1,18,"[24.959999999999997, 17.75999999999999, 822.7199999999999, 569.52]","[""ALIPURDUAR-II"", ""10, Kumargram(ST)/289"", ""95, MADHYA PAROKATA NEW PRY.\nSSCCHHOOOOLL,, RROOOOMM NNOO.. 11"", ""PAROKATA/XII"", ""12"", ""PAROKATA P.S. - 20"", ""ALIPURDUAR-II / ZP-5""]",duplicated_native_glyphs,needs_review
West Bengal,Alipurduar,2018,constituency_crosswalk,PAROKATA,PAROKATA/XIII,13,"10, Kumargram(ST)/290","96, MADHYA PAROKATA NEW PRY.
SCHOOL, ROOM NO. 2",PAROKATA P.S. - 20,ALIPURDUAR-II / ZP-5,data/wb/gp_source_search/historical_expansion/alipurduar_CONSTITUENCY_5fe98655.pdf,fd2063117af535c39b67f049573eb3ff1a8fcea3df4ba8c56deb6f6979cdba59,33,1,19,"[24.959999999999997, 17.75999999999999, 822.7199999999999, 569.52]","[""ALIPURDUAR-II"", ""10, Kumargram(ST)/290"", ""96, MADHYA PAROKATA NEW PRY.\nSCHOOL, ROOM NO. 2"", ""PAROKATA/XIII"", ""13"", ""PAROKATA P.S. - 20"", ""ALIPURDUAR-II / ZP-5""]",,native_fields_parsed
West Bengal,Alipurduar,2018,constituency_crosswalk,PAROKATA,PAROKATA/XIV,14,"10, Kumargram(ST)/291","97/1, BROJERKUTHI B.F.P. SCHOOL,
ROOM NO.1",PAROKATA P.S. - 19,ALIPURDUAR-II / ZP-5,data/wb/gp_source_search/historical_expansion/alipurduar_CONSTITUENCY_5fe98655.pdf,fd2063117af535c39b67f049573eb3ff1a8fcea3df4ba8c56deb6f6979cdba59,34,1,1,"[24.959999999999997, 17.75999999999999, 822.7199999999999, 569.52]","[""ALIPURDUAR-II"", ""10, Kumargram(ST)/291"", ""97/1, BROJERKUTHI B.F.P. SCHOOL,\nROOM NO.1"", ""PAROKATA/XIV"", ""14"", ""PAROKATA P.S. - 19"", ""ALIPURDUAR-II / ZP-5""]",,native_fields_parsed
West Bengal,Alipurduar,2018,constituency_crosswalk,PAROKATA,PAROKATA/XIV,14,"10, Kumargram(ST)/292","97/2, BROJERKUTHI B.F.P. SCHOOL,
ROOM NO.2",PAROKATA P.S. - 19,ALIPURDUAR-II / ZP-5,data/wb/gp_source_search/historical_expansion/alipurduar_CONSTITUENCY_5fe98655.pdf,fd2063117af535c39b67f049573eb3ff1a8fcea3df4ba8c56deb6f6979cdba59,34,1,2,"[24.959999999999997, 17.75999999999999, 822.7199999999999, 569.52]","[""ALIPURDUAR-II"", ""10, Kumargram(ST)/292"", ""97/2, BROJERKUTHI B.F.P. SCHOOL,\nROOM NO.2"", ""PAROKATA/XIV"", ""14"", ""PAROKATA P.S. - 19"", ""ALIPURDUAR-II / ZP-5""]",,native_fields_parsed
West Bengal,Alipurduar,2018,constituency_crosswalk,PAROKATA,PAROKATA/XV,15,"10, Kumargram(ST)/293","98, DAKSHIN PAROKATA PRY. SCHOOL",PAROKATA P.S. - 19,ALIPURDUAR-II / ZP-5,data/wb/gp_source_search/historical_expansion/alipurduar_CONSTITUENCY_5fe98655.pdf,fd2063117af535c39b67f049573eb3ff1a8fcea3df4ba8c56deb6f6979cdba59,34,1,3,"[24.959999999999997, 17.75999999999999, 822.7199999999999, 569.52]","[""ALIPURDUAR-II"", ""10, Kumargram(ST)/293"", ""98, DAKSHIN PAROKATA PRY. SCHOOL"", ""PAROKATA/XV"", ""15"", ""PAROKATA P.S. - 19"", ""ALIPURDUAR-II / ZP-5""]",,native_fields_parsed
West Bengal,Alipurduar,2018,constituency_crosswalk,PAROKATA,PAROKATA/XVI,16,"10, Kumargram(ST)/294","99, PAROKATA GRAM PANCHAYAT
OFFICE",PAROKATA P.S. - 19,ALIPURDUAR-II / ZP-5,data/wb/gp_source_search/historical_expansion/alipurduar_CONSTITUENCY_5fe98655.pdf,fd2063117af535c39b67f049573eb3ff1a8fcea3df4ba8c56deb6f6979cdba59,34,1,4,"[24.959999999999997, 17.75999999999999, 822.7199999999999, 569.52]","[""ALIPURDUAR-II"", ""10, Kumargram(ST)/294"", ""99, PAROKATA GRAM PANCHAYAT\nOFFICE"", ""PAROKATA/XVI"", ""16"", ""PAROKATA P.S. - 19"", ""ALIPURDUAR-II / ZP-5""]",,native_fields_parsed
West Bengal,Alipurduar,2018,constituency_crosswalk,PAROKATA,PAROKATA/XVII,17,"10, Kumargram(ST)/295","100, PAROKATA NO: I B.F.P. SCHOOL",PAROKATA P.S. - 19,ALIPURDUAR-II / ZP-5,data/wb/gp_source_search/historical_expansion/alipurduar_CONSTITUENCY_5fe98655.pdf,fd2063117af535c39b67f049573eb3ff1a8fcea3df4ba8c56deb6f6979cdba59,34,1,5,"[24.959999999999997, 17.75999999999999, 822.7199999999999, 569.52]","[""ALIPURDUAR-II"", ""10, Kumargram(ST)/295"", ""100, PAROKATA NO: I B.F.P. SCHOOL"", ""PAROKATA/XVII"", ""17"", ""PAROKATA P.S. - 19"", ""ALIPURDUAR-II / ZP-5""]",,native_fields_parsed
West Bengal,Alipurduar,2018,constituency_crosswalk,MAJHERDABRI,MAJHERDABRI/I,1,"11, Kalchini(ST)/229","101, SRINATHPUR T.G. PRY. SCHOOL",MAJHERDABRI P.S. - 21,ALIPURDUAR-II / ZP-9,data/wb/gp_source_search/historical_expansion/alipurduar_CONSTITUENCY_5fe98655.pdf,fd2063117af535c39b67f049573eb3ff1a8fcea3df4ba8c56deb6f6979cdba59,34,1,6,"[24.959999999999997, 17.75999999999999, 822.7199999999999, 569.52]","[""ALIPURDUAR-II"", ""11, Kalchini(ST)/229"", ""101, SRINATHPUR T.G. PRY. SCHOOL"", ""MAJHERDABRI/I"", ""1"", ""MAJHERDABRI P.S. - 21"", ""ALIPURDUAR-II / ZP-9""]",,native_fields_parsed
West Bengal,Alipurduar,2018,constituency_crosswalk,MAJHERDABRI,MAJHERDABRI/II,2,"11, Kalchini(ST)/230","102, DAKSHIN SHIBKATA PRY.SCHOOL",MAJHERDABRI P.S. - 21,ALIPURDUAR-II / ZP-9,data/wb/gp_source_search/historical_expansion/alipurduar_CONSTITUENCY_5fe98655.pdf,fd2063117af535c39b67f049573eb3ff1a8fcea3df4ba8c56deb6f6979cdba59,34,1,7,"[24.959999999999997, 17.75999999999999, 822.7199999999999, 569.52]","[""ALIPURDUAR-II"", ""11, Kalchini(ST)/230"", ""102, DAKSHIN SHIBKATA PRY.SCHOOL"", ""MAJHERDABRI/II"", ""2"", ""MAJHERDABRI P.S. - 21"", ""ALIPURDUAR-II / ZP-9""]",,native_fields_parsed
West Bengal,Alipurduar,2018,constituency_crosswalk,MAJHERDABRI,MAJHERDABRI/III,3,"11, Kalchini(ST)/231","103, UTTAR DHALKAR ADIBASI PRY.
SCHOOL",MAJHERDABRI P.S. - 21,ALIPURDUAR-II / ZP-9,data/wb/gp_source_search/historical_expansion/alipurduar_CONSTITUENCY_5fe98655.pdf,fd2063117af535c39b67f049573eb3ff1a8fcea3df4ba8c56deb6f6979cdba59,34,1,8,"[24.959999999999997, 17.75999999999999, 822.7199999999999, 569.52]","[""ALIPURDUAR-II"", ""11, Kalchini(ST)/231"", ""103, UTTAR DHALKAR ADIBASI PRY.\nSCHOOL"", ""MAJHERDABRI/III"", ""3"", ""MAJHERDABRI P.S. - 21"", ""ALIPURDUAR-II / ZP-9""]",,native_fields_parsed
West Bengal,Alipurduar,2018,constituency_crosswalk,MMAAJJHHEERRDDAABBRRII/,MMAAJJHHEERRDDAABBRRII//IIVV,44,"1111,, KKaallcchhiinnii((SSTT))//223322","104, UTTARPANIALGURI S.C.
PPRRYY..SSCCHHOOOOLL",MMAAJJHHEERRDDAABBRRII PP..SS.. -- 2222,AALLIIPPUURRDDUUAARR--IIII // ZZPP--99,data/wb/gp_source_search/historical_expansion/alipurduar_CONSTITUENCY_5fe98655.pdf,fd2063117af535c39b67f049573eb3ff1a8fcea3df4ba8c56deb6f6979cdba59,34,1,9,"[24.959999999999997, 17.75999999999999, 822.7199999999999, 569.52]","[""AALLIIPPUURRDDUUAARR--IIII"", ""1111,, KKaallcchhiinnii((SSTT))//223322"", ""104, UTTARPANIALGURI S.C.\nPPRRYY..SSCCHHOOOOLL"", ""MMAAJJHHEERRDDAABBRRII//IIVV"", ""44"", ""MMAAJJHHEERRDDAABBRRII PP..SS.. -- 2222"", ""AALLIIPPUURRDDUUAARR--IIII // ZZPP--99""]",duplicated_native_glyphs,needs_review
West Bengal,Alipurduar,2018,constituency_crosswalk,MAJHERDABRI,MAJHERDABRI/V,5,"11, Kalchini(ST)/233","105/1, UTTARPANIALGURI
PRY.SCHOOL",MAJHERDABRI P.S. - 22,ALIPURDUAR-II / ZP-9,data/wb/gp_source_search/historical_expansion/alipurduar_CONSTITUENCY_5fe98655.pdf,fd2063117af535c39b67f049573eb3ff1a8fcea3df4ba8c56deb6f6979cdba59,34,1,10,"[24.959999999999997, 17.75999999999999, 822.7199999999999, 569.52]","[""ALIPURDUAR-II"", ""11, Kalchini(ST)/233"", ""105/1, UTTARPANIALGURI\nPRY.SCHOOL"", ""MAJHERDABRI/V"", ""5"", ""MAJHERDABRI P.S. - 22"", ""ALIPURDUAR-II / ZP-9""]",,native_fields_parsed
West Bengal,Alipurduar,2018,constituency_crosswalk,MAJHERDABRI,MAJHERDABRI/V,5,"11, Kalchini(ST)/234","105/2, ST. JOSEPH PRY. SCHOOL",MAJHERDABRI P.S. - 22,ALIPURDUAR-II / ZP-9,data/wb/gp_source_search/historical_expansion/alipurduar_CONSTITUENCY_5fe98655.pdf,fd2063117af535c39b67f049573eb3ff1a8fcea3df4ba8c56deb6f6979cdba59,34,1,11,"[24.959999999999997, 17.75999999999999, 822.7199999999999, 569.52]","[""ALIPURDUAR-II"", ""11, Kalchini(ST)/234"", ""105/2, ST. JOSEPH PRY. SCHOOL"", ""MAJHERDABRI/V"", ""5"", ""MAJHERDABRI P.S. - 22"", ""ALIPURDUAR-II / ZP-9""]",,native_fields_parsed
West Bengal,Alipurduar,2018,constituency_crosswalk,MAJHERDABRI,MAJHERDABRI/VI,6,"11, Kalchini(ST)/235","106, UTTAR SHIBKATA NEW PRI.
SCHOOL",MAJHERDABRI P.S. - 21,ALIPURDUAR-II / ZP-9,data/wb/gp_source_search/historical_expansion/alipurduar_CONSTITUENCY_5fe98655.pdf,fd2063117af535c39b67f049573eb3ff1a8fcea3df4ba8c56deb6f6979cdba59,34,1,12,"[24.959999999999997, 17.75999999999999, 822.7199999999999, 569.52]","[""ALIPURDUAR-II"", ""11, Kalchini(ST)/235"", ""106, UTTAR SHIBKATA NEW PRI.\nSCHOOL"", ""MAJHERDABRI/VI"", ""6"", ""MAJHERDABRI P.S. - 21"", ""ALIPURDUAR-II / ZP-9""]",,native_fields_parsed
West Bengal,Alipurduar,2018,constituency_crosswalk,MAJHERDABRI,MAJHERDABRI/VII,7,"11, Kalchini(ST)/236","107, SHIBKATA B.F.P. SCHOOL",MAJHERDABRI P.S. - 21,ALIPURDUAR-II / ZP-9,data/wb/gp_source_search/historical_expansion/alipurduar_CONSTITUENCY_5fe98655.pdf,fd2063117af535c39b67f049573eb3ff1a8fcea3df4ba8c56deb6f6979cdba59,34,1,13,"[24.959999999999997, 17.75999999999999, 822.7199999999999, 569.52]","[""ALIPURDUAR-II"", ""11, Kalchini(ST)/236"", ""107, SHIBKATA B.F.P. SCHOOL"", ""MAJHERDABRI/VII"", ""7"", ""MAJHERDABRI P.S. - 21"", ""ALIPURDUAR-II / ZP-9""]",,native_fields_parsed
West Bengal,Alipurduar,2018,constituency_crosswalk,MAJHERDABRI,MAJHERDABRI/VIII,8,"11, Kalchini(ST)/237","108, PUTIMARI HIGH SCHOOL, ROOM
NO. 1",MAJHERDABRI P.S. - 22,ALIPURDUAR-II / ZP-9,data/wb/gp_source_search/historical_expansion/alipurduar_CONSTITUENCY_5fe98655.pdf,fd2063117af535c39b67f049573eb3ff1a8fcea3df4ba8c56deb6f6979cdba59,34,1,14,"[24.959999999999997, 17.75999999999999, 822.7199999999999, 569.52]","[""ALIPURDUAR-II"", ""11, Kalchini(ST)/237"", ""108, PUTIMARI HIGH SCHOOL, ROOM\nNO. 1"", ""MAJHERDABRI/VIII"", ""8"", ""MAJHERDABRI P.S. - 22"", ""ALIPURDUAR-II / ZP-9""]",,native_fields_parsed
West Bengal,Alipurduar,2018,constituency_crosswalk,MAJHERDABRI,MAJHERDABRI/IX,9,"11, Kalchini(ST)/238","109, PUTIMARI HIGH SCHOOL, ROOM
NO. 2",MAJHERDABRI P.S. - 22,ALIPURDUAR-II / ZP-9,data/wb/gp_source_search/historical_expansion/alipurduar_CONSTITUENCY_5fe98655.pdf,fd2063117af535c39b67f049573eb3ff1a8fcea3df4ba8c56deb6f6979cdba59,34,1,15,"[24.959999999999997, 17.75999999999999, 822.7199999999999, 569.52]","[""ALIPURDUAR-II"", ""11, Kalchini(ST)/238"", ""109, PUTIMARI HIGH SCHOOL, ROOM\nNO. 2"", ""MAJHERDABRI/IX"", ""9"", ""MAJHERDABRI P.S. - 22"", ""ALIPURDUAR-II / ZP-9""]",,native_fields_parsed
West Bengal,Alipurduar,2018,constituency_crosswalk,MAJHERDABRI,MAJHERDABRI/X,10,"11, Kalchini(ST)/239","110, DHALKAR NO: I , B.F.P. SCHOOL",MAJHERDABRI P.S. - 21,ALIPURDUAR-II / ZP-9,data/wb/gp_source_search/historical_expansion/alipurduar_CONSTITUENCY_5fe98655.pdf,fd2063117af535c39b67f049573eb3ff1a8fcea3df4ba8c56deb6f6979cdba59,34,1,16,"[24.959999999999997, 17.75999999999999, 822.7199999999999, 569.52]","[""ALIPURDUAR-II"", ""11, Kalchini(ST)/239"", ""110, DHALKAR NO: I , B.F.P. SCHOOL"", ""MAJHERDABRI/X"", ""10"", ""MAJHERDABRI P.S. - 21"", ""ALIPURDUAR-II / ZP-9""]",,native_fields_parsed
West Bengal,Alipurduar,2018,constituency_crosswalk,MAJHERDABRI,MAJHERDABRI/XI,11,"11, Kalchini(ST)/240","111, DHARMAPUR PRATHOMIK
VIDAYALAYA",MAJHERDABRI P.S. - 21,ALIPURDUAR-II / ZP-9,data/wb/gp_source_search/historical_expansion/alipurduar_CONSTITUENCY_5fe98655.pdf,fd2063117af535c39b67f049573eb3ff1a8fcea3df4ba8c56deb6f6979cdba59,34,1,17,"[24.959999999999997, 17.75999999999999, 822.7199999999999, 569.52]","[""ALIPURDUAR-II"", ""11, Kalchini(ST)/240"", ""111, DHARMAPUR PRATHOMIK\nVIDAYALAYA"", ""MAJHERDABRI/XI"", ""11"", ""MAJHERDABRI P.S. - 21"", ""ALIPURDUAR-II / ZP-9""]",,native_fields_parsed
West Bengal,Alipurduar,2018,constituency_crosswalk,MAJHERDABRI,MAJHERDABRI/XII,12,"11, Kalchini(ST)/241","112, DHALKAR NO: II , B.F.P. SCHOOL
RROOOOMM NNOO 11",MAJHERDABRI P.S. - 22,ALIPURDUAR-II / ZP-9,data/wb/gp_source_search/historical_expansion/alipurduar_CONSTITUENCY_5fe98655.pdf,fd2063117af535c39b67f049573eb3ff1a8fcea3df4ba8c56deb6f6979cdba59,34,1,18,"[24.959999999999997, 17.75999999999999, 822.7199999999999, 569.52]","[""ALIPURDUAR-II"", ""11, Kalchini(ST)/241"", ""112, DHALKAR NO: II , B.F.P. SCHOOL\nRROOOOMM NNOO 11"", ""MAJHERDABRI/XII"", ""12"", ""MAJHERDABRI P.S. - 22"", ""ALIPURDUAR-II / ZP-9""]",duplicated_native_glyphs,needs_review
West Bengal,Alipurduar,2018,constituency_crosswalk,MAJHERDABRI,MAJHERDABRI/XIII,13,"11, Kalchini(ST)/242","113, DHALKAR NO: II , B.F.P. SCHOOL
ROOM NO 2",MAJHERDABRI P.S. - 22,ALIPURDUAR-II / ZP-9,data/wb/gp_source_search/historical_expansion/alipurduar_CONSTITUENCY_5fe98655.pdf,fd2063117af535c39b67f049573eb3ff1a8fcea3df4ba8c56deb6f6979cdba59,34,1,19,"[24.959999999999997, 17.75999999999999, 822.7199999999999, 569.52]","[""ALIPURDUAR-II"", ""11, Kalchini(ST)/242"", ""113, DHALKAR NO: II , B.F.P. SCHOOL\nROOM NO 2"", ""MAJHERDABRI/XIII"", ""13"", ""MAJHERDABRI P.S. - 22"", ""ALIPURDUAR-II / ZP-9""]",,native_fields_parsed
West Bengal,Alipurduar,2018,constituency_crosswalk,MAJHERDABRI,MAJHERDABRI/XIV,14,"11, Kalchini(ST)/243","114, PURBA MAJHERDABRI PRY.
SCHOOL",MAJHERDABRI P.S. - 23,ALIPURDUAR-II / ZP-9,data/wb/gp_source_search/historical_expansion/alipurduar_CONSTITUENCY_5fe98655.pdf,fd2063117af535c39b67f049573eb3ff1a8fcea3df4ba8c56deb6f6979cdba59,35,1,1,"[24.959999999999997, 17.75999999999999, 822.7199999999999, 569.52]","[""ALIPURDUAR-II"", ""11, Kalchini(ST)/243"", ""114, PURBA MAJHERDABRI PRY.\nSCHOOL"", ""MAJHERDABRI/XIV"", ""14"", ""MAJHERDABRI P.S. - 23"", ""ALIPURDUAR-II / ZP-9""]",,native_fields_parsed
West Bengal,Alipurduar,2018,constituency_crosswalk,MAJHERDABRI,MAJHERDABRI/XV,15,"11, Kalchini(ST)/244","115, UTTAR MAJHERDABRI B.F.P.
SCHOOL ROOM NO: 1",MAJHERDABRI P.S. - 23,ALIPURDUAR-II / ZP-9,data/wb/gp_source_search/historical_expansion/alipurduar_CONSTITUENCY_5fe98655.pdf,fd2063117af535c39b67f049573eb3ff1a8fcea3df4ba8c56deb6f6979cdba59,35,1,2,"[24.959999999999997, 17.75999999999999, 822.7199999999999, 569.52]","[""ALIPURDUAR-II"", ""11, Kalchini(ST)/244"", ""115, UTTAR MAJHERDABRI B.F.P.\nSCHOOL ROOM NO: 1"", ""MAJHERDABRI/XV"", ""15"", ""MAJHERDABRI P.S. - 23"", ""ALIPURDUAR-II / ZP-9""]",,native_fields_parsed
West Bengal,Alipurduar,2018,constituency_crosswalk,MAJHERDABRI,MAJHERDABRI/XVI,16,"11, Kalchini(ST)/245","116, MADINATUL ULUM MADRASHA
SIKSHA KENDRA",MAJHERDABRI P.S. - 22,ALIPURDUAR-II / ZP-9,data/wb/gp_source_search/historical_expansion/alipurduar_CONSTITUENCY_5fe98655.pdf,fd2063117af535c39b67f049573eb3ff1a8fcea3df4ba8c56deb6f6979cdba59,35,1,3,"[24.959999999999997, 17.75999999999999, 822.7199999999999, 569.52]","[""ALIPURDUAR-II"", ""11, Kalchini(ST)/245"", ""116, MADINATUL ULUM MADRASHA\nSIKSHA KENDRA"", ""MAJHERDABRI/XVI"", ""16"", ""MAJHERDABRI P.S. - 22"", ""ALIPURDUAR-II / ZP-9""]",,native_fields_parsed
West Bengal,Alipurduar,2018,constituency_crosswalk,MAJHERDABRI,MAJHERDABRI/XVII,17,"11, Kalchini(ST)/246","117, MAJHERDABRI HIGH SCHOOL
ATTACHED PRY. SCHOOL",MAJHERDABRI P.S. - 22,ALIPURDUAR-II / ZP-9,data/wb/gp_source_search/historical_expansion/alipurduar_CONSTITUENCY_5fe98655.pdf,fd2063117af535c39b67f049573eb3ff1a8fcea3df4ba8c56deb6f6979cdba59,35,1,4,"[24.959999999999997, 17.75999999999999, 822.7199999999999, 569.52]","[""ALIPURDUAR-II"", ""11, Kalchini(ST)/246"", ""117, MAJHERDABRI HIGH SCHOOL\nATTACHED PRY. SCHOOL"", ""MAJHERDABRI/XVII"", ""17"", ""MAJHERDABRI P.S. - 22"", ""ALIPURDUAR-II / ZP-9""]",,native_fields_parsed
West Bengal,Alipurduar,2018,constituency_crosswalk,MAJHERDABRI,MAJHERDABRI/XVIII,18,"11, Kalchini(ST)/248","118/2, MAJHERDABRI HIGH SCHOOL",MAJHERDABRI P.S. - 23,ALIPURDUAR-II / ZP-9,data/wb/gp_source_search/historical_expansion/alipurduar_CONSTITUENCY_5fe98655.pdf,fd2063117af535c39b67f049573eb3ff1a8fcea3df4ba8c56deb6f6979cdba59,35,1,6,"[24.959999999999997, 17.75999999999999, 822.7199999999999, 569.52]","[""ALIPURDUAR-II"", ""11, Kalchini(ST)/248"", ""118/2, MAJHERDABRI HIGH SCHOOL"", ""MAJHERDABRI/XVIII"", ""18"", ""MAJHERDABRI P.S. - 23"", ""ALIPURDUAR-II / ZP-9""]",,native_fields_parsed
West Bengal,Alipurduar,2018,constituency_crosswalk,MAJHERDABRI,MAJHERDABRI/XIX,19,"11, Kalchini(ST)/249","119/1, DAKSHIN MAJHERDABRI B.F.P.
SCHOOL,",MAJHERDABRI P.S. - 23,ALIPURDUAR-II / ZP-9,data/wb/gp_source_search/historical_expansion/alipurduar_CONSTITUENCY_5fe98655.pdf,fd2063117af535c39b67f049573eb3ff1a8fcea3df4ba8c56deb6f6979cdba59,35,1,7,"[24.959999999999997, 17.75999999999999, 822.7199999999999, 569.52]","[""ALIPURDUAR-II"", ""11, Kalchini(ST)/249"", ""119/1, DAKSHIN MAJHERDABRI B.F.P.\nSCHOOL,"", ""MAJHERDABRI/XIX"", ""19"", ""MAJHERDABRI P.S. - 23"", ""ALIPURDUAR-II / ZP-9""]",,native_fields_parsed
West Bengal,Alipurduar,2018,constituency_crosswalk,MAJHERDABRI,MAJHERDABRI/XIX,19,"11, Kalchini(ST)/250","119/2, DAKSHIN MAJHERDABRI SSK",MAJHERDABRI P.S. - 23,ALIPURDUAR-II / ZP-9,data/wb/gp_source_search/historical_expansion/alipurduar_CONSTITUENCY_5fe98655.pdf,fd2063117af535c39b67f049573eb3ff1a8fcea3df4ba8c56deb6f6979cdba59,35,1,8,"[24.959999999999997, 17.75999999999999, 822.7199999999999, 569.52]","[""ALIPURDUAR-II"", ""11, Kalchini(ST)/250"", ""119/2, DAKSHIN MAJHERDABRI SSK"", ""MAJHERDABRI/XIX"", ""19"", ""MAJHERDABRI P.S. - 23"", ""ALIPURDUAR-II / ZP-9""]",,native_fields_parsed
West Bengal,Alipurduar,2018,constituency_crosswalk,MMAAJJHHEERRDDAABBRRII/,MMAAJJHHEERRDDAABBRRII//XXXX,2200,"1111,, KKaallcchhiinnii((SSTT))//225511","112200,, SSUUKKAANNTTAA SSMMRRIITTII SSSSKK",MMAAJJHHEERRDDAABBRRII PP..SS.. -- 2233,AALLIIPPUURRDDUUAARR--IIII // ZZPP--99,data/wb/gp_source_search/historical_expansion/alipurduar_CONSTITUENCY_5fe98655.pdf,fd2063117af535c39b67f049573eb3ff1a8fcea3df4ba8c56deb6f6979cdba59,35,1,9,"[24.959999999999997, 17.75999999999999, 822.7199999999999, 569.52]","[""AALLIIPPUURRDDUUAARR--IIII"", ""1111,, KKaallcchhiinnii((SSTT))//225511"", ""112200,, SSUUKKAANNTTAA SSMMRRIITTII SSSSKK"", ""MMAAJJHHEERRDDAABBRRII//XXXX"", ""2200"", ""MMAAJJHHEERRDDAABBRRII PP..SS.. -- 2233"", ""AALLIIPPUURRDDUUAARR--IIII // ZZPP--99""]",duplicated_native_glyphs,needs_review
West Bengal,Alipurduar,2018,constituency_crosswalk,MAJHERDABRI,MAJHERDABRI/XXI,21,"11, Kalchini(ST)/252","121, MAJHERDABRI T.G. S.C. PRY.
SCHOOL ROOM NO 1",MAJHERDABRI P.S. - 23,ALIPURDUAR-II / ZP-9,data/wb/gp_source_search/historical_expansion/alipurduar_CONSTITUENCY_5fe98655.pdf,fd2063117af535c39b67f049573eb3ff1a8fcea3df4ba8c56deb6f6979cdba59,35,1,10,"[24.959999999999997, 17.75999999999999, 822.7199999999999, 569.52]","[""ALIPURDUAR-II"", ""11, Kalchini(ST)/252"", ""121, MAJHERDABRI T.G. S.C. PRY.\nSCHOOL ROOM NO 1"", ""MAJHERDABRI/XXI"", ""21"", ""MAJHERDABRI P.S. - 23"", ""ALIPURDUAR-II / ZP-9""]",,native_fields_parsed
West Bengal,Alipurduar,2018,constituency_crosswalk,MAJHERDABRI,MAJHERDABRI/XXII,22,"11, Kalchini(ST)/253","122, MAJHERDABRI T.G. S.C. PRY.
SCHOOL ROOM NO 2",MAJHERDABRI P.S. - 23,ALIPURDUAR-II / ZP-9,data/wb/gp_source_search/historical_expansion/alipurduar_CONSTITUENCY_5fe98655.pdf,fd2063117af535c39b67f049573eb3ff1a8fcea3df4ba8c56deb6f6979cdba59,35,1,11,"[24.959999999999997, 17.75999999999999, 822.7199999999999, 569.52]","[""ALIPURDUAR-II"", ""11, Kalchini(ST)/253"", ""122, MAJHERDABRI T.G. S.C. PRY.\nSCHOOL ROOM NO 2"", ""MAJHERDABRI/XXII"", ""22"", ""MAJHERDABRI P.S. - 23"", ""ALIPURDUAR-II / ZP-9""]",,native_fields_parsed
West Bengal,Alipurduar,2018,constituency_crosswalk,TATPARA - II,TATPARA - II/I,1,"12, Alipurduar/231","123, KAYAKHATA R.R. PRY. SCHOOL",TATPARA II P.S. - 24,ALIPURDUAR-II / ZP-5,data/wb/gp_source_search/historical_expansion/alipurduar_CONSTITUENCY_5fe98655.pdf,fd2063117af535c39b67f049573eb3ff1a8fcea3df4ba8c56deb6f6979cdba59,35,1,12,"[24.959999999999997, 17.75999999999999, 822.7199999999999, 569.52]","[""ALIPURDUAR-II"", ""12, Alipurduar/231"", ""123, KAYAKHATA R.R. PRY. SCHOOL"", ""TATPARA - II/I"", ""1"", ""TATPARA II P.S. - 24"", ""ALIPURDUAR-II / ZP-5""]",,native_fields_parsed
West Bengal,Alipurduar,2018,constituency_crosswalk,TATPARA - II,TATPARA - II/II,2,"12, Alipurduar/232","124, KAYAKHATA BARMAN COLONY
S.P. PRY. SCHOOL",TATPARA II P.S. - 24,ALIPURDUAR-II / ZP-5,data/wb/gp_source_search/historical_expansion/alipurduar_CONSTITUENCY_5fe98655.pdf,fd2063117af535c39b67f049573eb3ff1a8fcea3df4ba8c56deb6f6979cdba59,35,1,13,"[24.959999999999997, 17.75999999999999, 822.7199999999999, 569.52]","[""ALIPURDUAR-II"", ""12, Alipurduar/232"", ""124, KAYAKHATA BARMAN COLONY\nS.P. PRY. SCHOOL"", ""TATPARA - II/II"", ""2"", ""TATPARA II P.S. - 24"", ""ALIPURDUAR-II / ZP-5""]",,native_fields_parsed
West Bengal,Alipurduar,2018,constituency_crosswalk,TATPARA - II,TATPARA - II/III,3,"12, Alipurduar/233","125, KAYAKHATA B.F.P. SCHOOL",TATPARA II P.S. - 24,ALIPURDUAR-II / ZP-5,data/wb/gp_source_search/historical_expansion/alipurduar_CONSTITUENCY_5fe98655.pdf,fd2063117af535c39b67f049573eb3ff1a8fcea3df4ba8c56deb6f6979cdba59,35,1,14,"[24.959999999999997, 17.75999999999999, 822.7199999999999, 569.52]","[""ALIPURDUAR-II"", ""12, Alipurduar/233"", ""125, KAYAKHATA B.F.P. SCHOOL"", ""TATPARA - II/III"", ""3"", ""TATPARA II P.S. - 24"", ""ALIPURDUAR-II / ZP-5""]",,native_fields_parsed
West Bengal,Alipurduar,2018,constituency_crosswalk,TATPARA - II,TATPARA - II/IV,4,"12, Alipurduar/234","126/1, DAKSHIN MAJIDKHANA NEW
PRY. SCHOOL",TATPARA II P.S. - 25,ALIPURDUAR-II / ZP-5,data/wb/gp_source_search/historical_expansion/alipurduar_CONSTITUENCY_5fe98655.pdf,fd2063117af535c39b67f049573eb3ff1a8fcea3df4ba8c56deb6f6979cdba59,35,1,15,"[24.959999999999997, 17.75999999999999, 822.7199999999999, 569.52]","[""ALIPURDUAR-II"", ""12, Alipurduar/234"", ""126/1, DAKSHIN MAJIDKHANA NEW\nPRY. SCHOOL"", ""TATPARA - II/IV"", ""4"", ""TATPARA II P.S. - 25"", ""ALIPURDUAR-II / ZP-5""]",,native_fields_parsed
West Bengal,Alipurduar,2018,constituency_crosswalk,TATPARA - II,TATPARA - II/IV,4,"12, Alipurduar/235","126/2, TATPARA-II G.P. OFFICE",TATPARA II P.S. - 25,ALIPURDUAR-II / ZP-5,data/wb/gp_source_search/historical_expansion/alipurduar_CONSTITUENCY_5fe98655.pdf,fd2063117af535c39b67f049573eb3ff1a8fcea3df4ba8c56deb6f6979cdba59,35,1,16,"[24.959999999999997, 17.75999999999999, 822.7199999999999, 569.52]","[""ALIPURDUAR-II"", ""12, Alipurduar/235"", ""126/2, TATPARA-II G.P. OFFICE"", ""TATPARA - II/IV"", ""4"", ""TATPARA II P.S. - 25"", ""ALIPURDUAR-II / ZP-5""]",,native_fields_parsed
West Bengal,Alipurduar,2018,constituency_crosswalk,TATPARA - II,TATPARA - II/V,5,"12, Alipurduar/236","127, BALATARI B.F.P. SCHOOL",TATPARA II P.S. - 25,ALIPURDUAR-II / ZP-5,data/wb/gp_source_search/historical_expansion/alipurduar_CONSTITUENCY_5fe98655.pdf,fd2063117af535c39b67f049573eb3ff1a8fcea3df4ba8c56deb6f6979cdba59,35,1,17,"[24.959999999999997, 17.75999999999999, 822.7199999999999, 569.52]","[""ALIPURDUAR-II"", ""12, Alipurduar/236"", ""127, BALATARI B.F.P. SCHOOL"", ""TATPARA - II/V"", ""5"", ""TATPARA II P.S. - 25"", ""ALIPURDUAR-II / ZP-5""]",,native_fields_parsed
West Bengal,Alipurduar,2018,constituency_crosswalk,TATPARA - II,TATPARA - II/VI,6,"12, Alipurduar/237","128, BINDIPARA B.F.P. SCHOOL",TATPARA II P.S. - 26,ALIPURDUAR-II / ZP-5,data/wb/gp_source_search/historical_expansion/alipurduar_CONSTITUENCY_5fe98655.pdf,fd2063117af535c39b67f049573eb3ff1a8fcea3df4ba8c56deb6f6979cdba59,35,1,18,"[24.959999999999997, 17.75999999999999, 822.7199999999999, 569.52]","[""ALIPURDUAR-II"", ""12, Alipurduar/237"", ""128, BINDIPARA B.F.P. SCHOOL"", ""TATPARA - II/VI"", ""6"", ""TATPARA II P.S. - 26"", ""ALIPURDUAR-II / ZP-5""]",,native_fields_parsed
West Bengal,Alipurduar,2018,constituency_crosswalk,TATPARA - II,TATPARA - II/VII,7,"12, Alipurduar/238","129, KHATOPARA B.F.P. SCHOOL",TATPARA II P.S. - 24,ALIPURDUAR-II / ZP-5,data/wb/gp_source_search/historical_expansion/alipurduar_CONSTITUENCY_5fe98655.pdf,fd2063117af535c39b67f049573eb3ff1a8fcea3df4ba8c56deb6f6979cdba59,35,1,19,"[24.959999999999997, 17.75999999999999, 822.7199999999999, 569.52]","[""ALIPURDUAR-II"", ""12, Alipurduar/238"", ""129, KHATOPARA B.F.P. SCHOOL"", ""TATPARA - II/VII"", ""7"", ""TATPARA II P.S. - 24"", ""ALIPURDUAR-II / ZP-5""]",,native_fields_parsed
West Bengal,Alipurduar,2018,constituency_crosswalk,TATPARA - II,TATPARA - II/VIII,8,"12, Alipurduar/239","130, KARJEEPARA B.F.P. SCHOOL",TATPARA II P.S. - 26,ALIPURDUAR-II / ZP-5,data/wb/gp_source_search/historical_expansion/alipurduar_CONSTITUENCY_5fe98655.pdf,fd2063117af535c39b67f049573eb3ff1a8fcea3df4ba8c56deb6f6979cdba59,36,1,1,"[24.959999999999997, 17.75999999999999, 822.7199999999999, 569.52]","[""ALIPURDUAR-II"", ""12, Alipurduar/239"", ""130, KARJEEPARA B.F.P. SCHOOL"", ""TATPARA - II/VIII"", ""8"", ""TATPARA II P.S. - 26"", ""ALIPURDUAR-II / ZP-5""]",,native_fields_parsed
West Bengal,Alipurduar,2018,constituency_crosswalk,TATPARA - II,TATPARA - II/IX,9,"12, Alipurduar/240","131, SINGIMARI B.F.P. SCHOOL",TATPARA II P.S. - 26,ALIPURDUAR-II / ZP-5,data/wb/gp_source_search/historical_expansion/alipurduar_CONSTITUENCY_5fe98655.pdf,fd2063117af535c39b67f049573eb3ff1a8fcea3df4ba8c56deb6f6979cdba59,36,1,2,"[24.959999999999997, 17.75999999999999, 822.7199999999999, 569.52]","[""ALIPURDUAR-II"", ""12, Alipurduar/240"", ""131, SINGIMARI B.F.P. SCHOOL"", ""TATPARA - II/IX"", ""9"", ""TATPARA II P.S. - 26"", ""ALIPURDUAR-II / ZP-5""]",,native_fields_parsed
West Bengal,Alipurduar,2018,constituency_crosswalk,TATPARA - II,TATPARA - II/X,10,"12, Alipurduar/241","132, SAUD PARA B.F.P. SCHOOL",TATPARA II P.S. - 25,ALIPURDUAR-II / ZP-5,data/wb/gp_source_search/historical_expansion/alipurduar_CONSTITUENCY_5fe98655.pdf,fd2063117af535c39b67f049573eb3ff1a8fcea3df4ba8c56deb6f6979cdba59,36,1,3,"[24.959999999999997, 17.75999999999999, 822.7199999999999, 569.52]","[""ALIPURDUAR-II"", ""12, Alipurduar/241"", ""132, SAUD PARA B.F.P. SCHOOL"", ""TATPARA - II/X"", ""10"", ""TATPARA II P.S. - 25"", ""ALIPURDUAR-II / ZP-5""]",,native_fields_parsed
West Bengal,Alipurduar,2018,constituency_crosswalk,TATPARA - II,TATPARA - II/XI,11,"12, Alipurduar/242","133, RAJ CHANDRA PRATHOMIK
VIDHYALAYA",TATPARA II P.S. - 25,ALIPURDUAR-II / ZP-5,data/wb/gp_source_search/historical_expansion/alipurduar_CONSTITUENCY_5fe98655.pdf,fd2063117af535c39b67f049573eb3ff1a8fcea3df4ba8c56deb6f6979cdba59,36,1,4,"[24.959999999999997, 17.75999999999999, 822.7199999999999, 569.52]","[""ALIPURDUAR-II"", ""12, Alipurduar/242"", ""133, RAJ CHANDRA PRATHOMIK\nVIDHYALAYA"", ""TATPARA - II/XI"", ""11"", ""TATPARA II P.S. - 25"", ""ALIPURDUAR-II / ZP-5""]",,native_fields_parsed
West Bengal,Alipurduar,2018,constituency_crosswalk,CHAPARERPAR - I,CHAPARERPAR - I/I,1,"12, Alipurduar/243","134, CHAPARERPAR AWC","CHAPARERPAR I P.S. -
27",ALIPURDUAR-II / ZP-9,data/wb/gp_source_search/historical_expansion/alipurduar_CONSTITUENCY_5fe98655.pdf,fd2063117af535c39b67f049573eb3ff1a8fcea3df4ba8c56deb6f6979cdba59,36,1,5,"[24.959999999999997, 17.75999999999999, 822.7199999999999, 569.52]","[""ALIPURDUAR-II"", ""12, Alipurduar/243"", ""134, CHAPARERPAR AWC"", ""CHAPARERPAR - I/I"", ""1"", ""CHAPARERPAR I P.S. -\n27"", ""ALIPURDUAR-II / ZP-9""]",,native_fields_parsed
West Bengal,Alipurduar,2018,constituency_crosswalk,CHAPARERPAR - I,CHAPARERPAR - I/II,2,"12, Alipurduar/244","135, KANURAM VALIKA VIDHYALAYA","CHAPARERPAR I P.S. -
27",ALIPURDUAR-II / ZP-9,data/wb/gp_source_search/historical_expansion/alipurduar_CONSTITUENCY_5fe98655.pdf,fd2063117af535c39b67f049573eb3ff1a8fcea3df4ba8c56deb6f6979cdba59,36,1,6,"[24.959999999999997, 17.75999999999999, 822.7199999999999, 569.52]","[""ALIPURDUAR-II"", ""12, Alipurduar/244"", ""135, KANURAM VALIKA VIDHYALAYA"", ""CHAPARERPAR - I/II"", ""2"", ""CHAPARERPAR I P.S. -\n27"", ""ALIPURDUAR-II / ZP-9""]",,native_fields_parsed
West Bengal,Alipurduar,2018,constituency_crosswalk,CHAPARERPAR - I,CHAPARERPAR - I/III,3,"12, Alipurduar/245","136, SALBARI MULTIPURPOSE
BUILDING","CHAPARERPAR I P.S. -
28",ALIPURDUAR-II / ZP-9,data/wb/gp_source_search/historical_expansion/alipurduar_CONSTITUENCY_5fe98655.pdf,fd2063117af535c39b67f049573eb3ff1a8fcea3df4ba8c56deb6f6979cdba59,36,1,7,"[24.959999999999997, 17.75999999999999, 822.7199999999999, 569.52]","[""ALIPURDUAR-II"", ""12, Alipurduar/245"", ""136, SALBARI MULTIPURPOSE\nBUILDING"", ""CHAPARERPAR - I/III"", ""3"", ""CHAPARERPAR I P.S. -\n28"", ""ALIPURDUAR-II / ZP-9""]",,native_fields_parsed
West Bengal,Alipurduar,2018,constituency_crosswalk,CHAPARERPAR - I,CHAPARERPAR - I/IV,4,"12, Alipurduar/246","137, PADMESWARI HIGH SCHOOL","CHAPARERPAR I P.S. -
28",ALIPURDUAR-II / ZP-9,data/wb/gp_source_search/historical_expansion/alipurduar_CONSTITUENCY_5fe98655.pdf,fd2063117af535c39b67f049573eb3ff1a8fcea3df4ba8c56deb6f6979cdba59,36,1,8,"[24.959999999999997, 17.75999999999999, 822.7199999999999, 569.52]","[""ALIPURDUAR-II"", ""12, Alipurduar/246"", ""137, PADMESWARI HIGH SCHOOL"", ""CHAPARERPAR - I/IV"", ""4"", ""CHAPARERPAR I P.S. -\n28"", ""ALIPURDUAR-II / ZP-9""]",,native_fields_parsed
West Bengal,Alipurduar,2018,constituency_crosswalk,CCHHAAPPAARREERRPPAARR -- II/,CCHHAAPPAARREERRPPAARR -- II//VV,55,"1122,, AAlliippuurrdduuaarr//224477","113388,, CCHHEENNGGPPAARRAA BB..FF..PP.. SSCCHHOOOOLL","CHAPARERPAR I P.S. -
2277",AALLIIPPUURRDDUUAARR--IIII // ZZPP--99,data/wb/gp_source_search/historical_expansion/alipurduar_CONSTITUENCY_5fe98655.pdf,fd2063117af535c39b67f049573eb3ff1a8fcea3df4ba8c56deb6f6979cdba59,36,1,9,"[24.959999999999997, 17.75999999999999, 822.7199999999999, 569.52]","[""AALLIIPPUURRDDUUAARR--IIII"", ""1122,, AAlliippuurrdduuaarr//224477"", ""113388,, CCHHEENNGGPPAARRAA BB..FF..PP.. SSCCHHOOOOLL"", ""CCHHAAPPAARREERRPPAARR -- II//VV"", ""55"", ""CHAPARERPAR I P.S. -\n2277"", ""AALLIIPPUURRDDUUAARR--IIII // ZZPP--99""]",duplicated_native_glyphs,needs_review
West Bengal,Alipurduar,2018,constituency_crosswalk,CHAPARERPAR - I,CHAPARERPAR - I/VI,6,"12, Alipurduar/248","139, CHAPORERPAR - I GRAM
PANCHAYAT OFFICE","CHAPARERPAR I P.S. -
27",ALIPURDUAR-II / ZP-9,data/wb/gp_source_search/historical_expansion/alipurduar_CONSTITUENCY_5fe98655.pdf,fd2063117af535c39b67f049573eb3ff1a8fcea3df4ba8c56deb6f6979cdba59,36,1,10,"[24.959999999999997, 17.75999999999999, 822.7199999999999, 569.52]","[""ALIPURDUAR-II"", ""12, Alipurduar/248"", ""139, CHAPORERPAR - I GRAM\nPANCHAYAT OFFICE"", ""CHAPARERPAR - I/VI"", ""6"", ""CHAPARERPAR I P.S. -\n27"", ""ALIPURDUAR-II / ZP-9""]",,native_fields_parsed
West Bengal,Alipurduar,2018,constituency_crosswalk,CHAPARERPAR - I,CHAPARERPAR - I/VII,7,"12, Alipurduar/249","140/1, SUNITY MUNDA SSK","CHAPARERPAR I P.S. -
27",ALIPURDUAR-II / ZP-9,data/wb/gp_source_search/historical_expansion/alipurduar_CONSTITUENCY_5fe98655.pdf,fd2063117af535c39b67f049573eb3ff1a8fcea3df4ba8c56deb6f6979cdba59,36,1,11,"[24.959999999999997, 17.75999999999999, 822.7199999999999, 569.52]","[""ALIPURDUAR-II"", ""12, Alipurduar/249"", ""140/1, SUNITY MUNDA SSK"", ""CHAPARERPAR - I/VII"", ""7"", ""CHAPARERPAR I P.S. -\n27"", ""ALIPURDUAR-II / ZP-9""]",,native_fields_parsed
West Bengal,Alipurduar,2018,constituency_crosswalk,CHAPARERPAR - I,CHAPARERPAR - I/VII,7,"12, Alipurduar/250","140/2, PADMER PAR NEW PRY.
SCHOOL","CHAPARERPAR I P.S. -
27",ALIPURDUAR-II / ZP-9,data/wb/gp_source_search/historical_expansion/alipurduar_CONSTITUENCY_5fe98655.pdf,fd2063117af535c39b67f049573eb3ff1a8fcea3df4ba8c56deb6f6979cdba59,36,1,12,"[24.959999999999997, 17.75999999999999, 822.7199999999999, 569.52]","[""ALIPURDUAR-II"", ""12, Alipurduar/250"", ""140/2, PADMER PAR NEW PRY.\nSCHOOL"", ""CHAPARERPAR - I/VII"", ""7"", ""CHAPARERPAR I P.S. -\n27"", ""ALIPURDUAR-II / ZP-9""]",,native_fields_parsed
West Bengal,Alipurduar,2018,constituency_crosswalk,CHAPARERPAR - I,CHAPARERPAR - I/VIII,8,"12, Alipurduar/251","141, SHANTIDEBI HIGH SCHOOL ROOM
NO: 1","CHAPARERPAR I P.S. -
29",ALIPURDUAR-II / ZP-9,data/wb/gp_source_search/historical_expansion/alipurduar_CONSTITUENCY_5fe98655.pdf,fd2063117af535c39b67f049573eb3ff1a8fcea3df4ba8c56deb6f6979cdba59,36,1,13,"[24.959999999999997, 17.75999999999999, 822.7199999999999, 569.52]","[""ALIPURDUAR-II"", ""12, Alipurduar/251"", ""141, SHANTIDEBI HIGH SCHOOL ROOM\nNO: 1"", ""CHAPARERPAR - I/VIII"", ""8"", ""CHAPARERPAR I P.S. -\n29"", ""ALIPURDUAR-II / ZP-9""]",,native_fields_parsed
West Bengal,Alipurduar,2018,constituency_crosswalk,CHAPARERPAR - I,CHAPARERPAR - I/IX,9,"12, Alipurduar/252","142, SHANTIDEBI HIGH SCHOOL ROOM
NO: 2","CHAPARERPAR I P.S. -
29",ALIPURDUAR-II / ZP-9,data/wb/gp_source_search/historical_expansion/alipurduar_CONSTITUENCY_5fe98655.pdf,fd2063117af535c39b67f049573eb3ff1a8fcea3df4ba8c56deb6f6979cdba59,36,1,14,"[24.959999999999997, 17.75999999999999, 822.7199999999999, 569.52]","[""ALIPURDUAR-II"", ""12, Alipurduar/252"", ""142, SHANTIDEBI HIGH SCHOOL ROOM\nNO: 2"", ""CHAPARERPAR - I/IX"", ""9"", ""CHAPARERPAR I P.S. -\n29"", ""ALIPURDUAR-II / ZP-9""]",,native_fields_parsed
West Bengal,Alipurduar,2018,constituency_crosswalk,CHAPARERPAR - I,CHAPARERPAR - I/X,10,"12, Alipurduar/253","143, DEBENDRA SISHU SIKHSHA
NIKETAN ROOM NO : 1","CHAPARERPAR I P.S. -
29",ALIPURDUAR-II / ZP-9,data/wb/gp_source_search/historical_expansion/alipurduar_CONSTITUENCY_5fe98655.pdf,fd2063117af535c39b67f049573eb3ff1a8fcea3df4ba8c56deb6f6979cdba59,36,1,15,"[24.959999999999997, 17.75999999999999, 822.7199999999999, 569.52]","[""ALIPURDUAR-II"", ""12, Alipurduar/253"", ""143, DEBENDRA SISHU SIKHSHA\nNIKETAN ROOM NO : 1"", ""CHAPARERPAR - I/X"", ""10"", ""CHAPARERPAR I P.S. -\n29"", ""ALIPURDUAR-II / ZP-9""]",,native_fields_parsed
West Bengal,Alipurduar,2018,constituency_crosswalk,CHAPARERPAR - I,CHAPARERPAR - I/XI,11,"12, Alipurduar/254","144, DEBENDRA SISHU SIKHSHA
NIKETAN ROOM NO : 2","CHAPARERPAR I P.S. -
29",ALIPURDUAR-II / ZP-9,data/wb/gp_source_search/historical_expansion/alipurduar_CONSTITUENCY_5fe98655.pdf,fd2063117af535c39b67f049573eb3ff1a8fcea3df4ba8c56deb6f6979cdba59,36,1,16,"[24.959999999999997, 17.75999999999999, 822.7199999999999, 569.52]","[""ALIPURDUAR-II"", ""12, Alipurduar/254"", ""144, DEBENDRA SISHU SIKHSHA\nNIKETAN ROOM NO : 2"", ""CHAPARERPAR - I/XI"", ""11"", ""CHAPARERPAR I P.S. -\n29"", ""ALIPURDUAR-II / ZP-9""]",,native_fields_parsed
West Bengal,Alipurduar,2018,constituency_crosswalk,CHAPARERPAR - I,CHAPARERPAR - I/XII,12,"12, Alipurduar/255","145, CHANDIRJHAR RUPBAR JR. BASIC
SCHOOL ROOM NO 1","CHAPARERPAR I P.S. -
28",ALIPURDUAR-II / ZP-9,data/wb/gp_source_search/historical_expansion/alipurduar_CONSTITUENCY_5fe98655.pdf,fd2063117af535c39b67f049573eb3ff1a8fcea3df4ba8c56deb6f6979cdba59,36,1,17,"[24.959999999999997, 17.75999999999999, 822.7199999999999, 569.52]","[""ALIPURDUAR-II"", ""12, Alipurduar/255"", ""145, CHANDIRJHAR RUPBAR JR. BASIC\nSCHOOL ROOM NO 1"", ""CHAPARERPAR - I/XII"", ""12"", ""CHAPARERPAR I P.S. -\n28"", ""ALIPURDUAR-II / ZP-9""]",,native_fields_parsed
West Bengal,Alipurduar,2018,constituency_crosswalk,CHAPARERPAR - I,CHAPARERPAR - I/XIII,13,"12, Alipurduar/256","146, CHANDIRJHAR RUPBAR JR. BASIC
SSCCHHOOOOLL RROOOOMM NNOO 22","CHAPARERPAR I P.S. -
2288",ALIPURDUAR-II / ZP-9,data/wb/gp_source_search/historical_expansion/alipurduar_CONSTITUENCY_5fe98655.pdf,fd2063117af535c39b67f049573eb3ff1a8fcea3df4ba8c56deb6f6979cdba59,36,1,18,"[24.959999999999997, 17.75999999999999, 822.7199999999999, 569.52]","[""ALIPURDUAR-II"", ""12, Alipurduar/256"", ""146, CHANDIRJHAR RUPBAR JR. BASIC\nSSCCHHOOOOLL RROOOOMM NNOO 22"", ""CHAPARERPAR - I/XIII"", ""13"", ""CHAPARERPAR I P.S. -\n2288"", ""ALIPURDUAR-II / ZP-9""]",duplicated_native_glyphs,needs_review
West Bengal,Alipurduar,2018,constituency_crosswalk,CHAPARERPAR - I,CHAPARERPAR - I/XIV,14,"12, Alipurduar/257","147, CHALNIR PAK BOARD SCHOOL","CHAPARERPAR I P.S. -
28",ALIPURDUAR-II / ZP-9,data/wb/gp_source_search/historical_expansion/alipurduar_CONSTITUENCY_5fe98655.pdf,fd2063117af535c39b67f049573eb3ff1a8fcea3df4ba8c56deb6f6979cdba59,36,1,19,"[24.959999999999997, 17.75999999999999, 822.7199999999999, 569.52]","[""ALIPURDUAR-II"", ""12, Alipurduar/257"", ""147, CHALNIR PAK BOARD SCHOOL"", ""CHAPARERPAR - I/XIV"", ""14"", ""CHAPARERPAR I P.S. -\n28"", ""ALIPURDUAR-II / ZP-9""]",,native_fields_parsed
West Bengal,Alipurduar,2018,constituency_crosswalk,CHAPARERPAR - I,CHAPARERPAR - I/XV,15,"12, Alipurduar/258","148, DAKSHIN CHALNIRPAK NEW PRY.
SCHOOL","CHAPARERPAR I P.S. -
28",ALIPURDUAR-II / ZP-9,data/wb/gp_source_search/historical_expansion/alipurduar_CONSTITUENCY_5fe98655.pdf,fd2063117af535c39b67f049573eb3ff1a8fcea3df4ba8c56deb6f6979cdba59,37,1,1,"[24.959999999999997, 17.75999999999999, 822.7199999999999, 555.0]","[""ALIPURDUAR-II"", ""12, Alipurduar/258"", ""148, DAKSHIN CHALNIRPAK NEW PRY.\nSCHOOL"", ""CHAPARERPAR - I/XV"", ""15"", ""CHAPARERPAR I P.S. -\n28"", ""ALIPURDUAR-II / ZP-9""]",,native_fields_parsed
West Bengal,Alipurduar,2018,constituency_crosswalk,CHAPARERPAR - II,CHAPARERPAR - II/I,1,"12, Alipurduar/259","149, VIDYASAGAR MSK","CHAPARERPAR II P.S. -
30",ALIPURDUAR-II / ZP-9,data/wb/gp_source_search/historical_expansion/alipurduar_CONSTITUENCY_5fe98655.pdf,fd2063117af535c39b67f049573eb3ff1a8fcea3df4ba8c56deb6f6979cdba59,37,1,2,"[24.959999999999997, 17.75999999999999, 822.7199999999999, 555.0]","[""ALIPURDUAR-II"", ""12, Alipurduar/259"", ""149, VIDYASAGAR MSK"", ""CHAPARERPAR - II/I"", ""1"", ""CHAPARERPAR II P.S. -\n30"", ""ALIPURDUAR-II / ZP-9""]",,native_fields_parsed
West Bengal,Alipurduar,2018,constituency_crosswalk,CHAPARERPAR - II,CHAPARERPAR - II/II,2,"12, Alipurduar/260","150, PASCHIM BOROCHOWKI BAPUJI
SISHU SIKHSA MANDIR","CHAPARERPAR II P.S. -
30",ALIPURDUAR-II / ZP-9,data/wb/gp_source_search/historical_expansion/alipurduar_CONSTITUENCY_5fe98655.pdf,fd2063117af535c39b67f049573eb3ff1a8fcea3df4ba8c56deb6f6979cdba59,37,1,3,"[24.959999999999997, 17.75999999999999, 822.7199999999999, 555.0]","[""ALIPURDUAR-II"", ""12, Alipurduar/260"", ""150, PASCHIM BOROCHOWKI BAPUJI\nSISHU SIKHSA MANDIR"", ""CHAPARERPAR - II/II"", ""2"", ""CHAPARERPAR II P.S. -\n30"", ""ALIPURDUAR-II / ZP-9""]",,native_fields_parsed
West Bengal,Alipurduar,2018,constituency_crosswalk,CHAPARERPAR - II,CHAPARERPAR - II/III,3,"12, Alipurduar/261","151, PURBA BOROCHOWKI S.C. PRY.
SCHOOL","CHAPARERPAR II P.S. -
30",ALIPURDUAR-II / ZP-9,data/wb/gp_source_search/historical_expansion/alipurduar_CONSTITUENCY_5fe98655.pdf,fd2063117af535c39b67f049573eb3ff1a8fcea3df4ba8c56deb6f6979cdba59,37,1,4,"[24.959999999999997, 17.75999999999999, 822.7199999999999, 555.0]","[""ALIPURDUAR-II"", ""12, Alipurduar/261"", ""151, PURBA BOROCHOWKI S.C. PRY.\nSCHOOL"", ""CHAPARERPAR - II/III"", ""3"", ""CHAPARERPAR II P.S. -\n30"", ""ALIPURDUAR-II / ZP-9""]",,native_fields_parsed
West Bengal,Alipurduar,2018,constituency_crosswalk,CHAPARERPAR - II,CHAPARERPAR - II/IV,4,"12, Alipurduar/262","152/1, PURBA BOROCHOWKI NEW S.C.
PRY. SCHOOL","CHAPARERPAR II P.S. -
30",ALIPURDUAR-II / ZP-9,data/wb/gp_source_search/historical_expansion/alipurduar_CONSTITUENCY_5fe98655.pdf,fd2063117af535c39b67f049573eb3ff1a8fcea3df4ba8c56deb6f6979cdba59,37,1,5,"[24.959999999999997, 17.75999999999999, 822.7199999999999, 555.0]","[""ALIPURDUAR-II"", ""12, Alipurduar/262"", ""152/1, PURBA BOROCHOWKI NEW S.C.\nPRY. SCHOOL"", ""CHAPARERPAR - II/IV"", ""4"", ""CHAPARERPAR II P.S. -\n30"", ""ALIPURDUAR-II / ZP-9""]",,native_fields_parsed
West Bengal,Alipurduar,2018,constituency_crosswalk,CHAPARERPAR - II,CHAPARERPAR - II/IV,4,"12, Alipurduar/263","152/2, SATBAKI NEW S. C. PRY.
SCHOOL","CHAPARERPAR II P.S. -
30",ALIPURDUAR-II / ZP-9,data/wb/gp_source_search/historical_expansion/alipurduar_CONSTITUENCY_5fe98655.pdf,fd2063117af535c39b67f049573eb3ff1a8fcea3df4ba8c56deb6f6979cdba59,37,1,6,"[24.959999999999997, 17.75999999999999, 822.7199999999999, 555.0]","[""ALIPURDUAR-II"", ""12, Alipurduar/263"", ""152/2, SATBAKI NEW S. C. PRY.\nSCHOOL"", ""CHAPARERPAR - II/IV"", ""4"", ""CHAPARERPAR II P.S. -\n30"", ""ALIPURDUAR-II / ZP-9""]",,native_fields_parsed
West Bengal,Alipurduar,2018,constituency_crosswalk,CHAPARERPAR - II,CHAPARERPAR - II/V,5,"12, Alipurduar/264","153, SALSALABARI MODEL HIGH
SCHOOL ROOM NO 1","CHAPARERPAR II P.S. -
31",ALIPURDUAR-II / ZP-9,data/wb/gp_source_search/historical_expansion/alipurduar_CONSTITUENCY_5fe98655.pdf,fd2063117af535c39b67f049573eb3ff1a8fcea3df4ba8c56deb6f6979cdba59,37,1,7,"[24.959999999999997, 17.75999999999999, 822.7199999999999, 555.0]","[""ALIPURDUAR-II"", ""12, Alipurduar/264"", ""153, SALSALABARI MODEL HIGH\nSCHOOL ROOM NO 1"", ""CHAPARERPAR - II/V"", ""5"", ""CHAPARERPAR II P.S. -\n31"", ""ALIPURDUAR-II / ZP-9""]",,native_fields_parsed
West Bengal,Alipurduar,2018,constituency_crosswalk,CHAPARERPAR - II,CHAPARERPAR - II/VI,6,"12, Alipurduar/265","154, SALSALABARI MODEL HIGH
SCHOOL ROOM NO 2","CHAPARERPAR II P.S. -
31",ALIPURDUAR-II / ZP-9,data/wb/gp_source_search/historical_expansion/alipurduar_CONSTITUENCY_5fe98655.pdf,fd2063117af535c39b67f049573eb3ff1a8fcea3df4ba8c56deb6f6979cdba59,37,1,8,"[24.959999999999997, 17.75999999999999, 822.7199999999999, 555.0]","[""ALIPURDUAR-II"", ""12, Alipurduar/265"", ""154, SALSALABARI MODEL HIGH\nSCHOOL ROOM NO 2"", ""CHAPARERPAR - II/VI"", ""6"", ""CHAPARERPAR II P.S. -\n31"", ""ALIPURDUAR-II / ZP-9""]",,native_fields_parsed
West Bengal,Alipurduar,2018,constituency_crosswalk,CCHHAAPPAARREERRPPAARR -- IIII/,CCHHAAPPAARREERRPPAARR -- IIII//VVIIII,77,"1122,, AAlliippuurrdduuaarr//226666","155, SALSALABARI NO:1 B.F.P.
SSCCHHOOOOLL,, RROOOOMM NNOO..11","CHAPARERPAR II P.S. -
3322",AALLIIPPUURRDDUUAARR--IIII // ZZPP--99,data/wb/gp_source_search/historical_expansion/alipurduar_CONSTITUENCY_5fe98655.pdf,fd2063117af535c39b67f049573eb3ff1a8fcea3df4ba8c56deb6f6979cdba59,37,1,9,"[24.959999999999997, 17.75999999999999, 822.7199999999999, 555.0]","[""AALLIIPPUURRDDUUAARR--IIII"", ""1122,, AAlliippuurrdduuaarr//226666"", ""155, SALSALABARI NO:1 B.F.P.\nSSCCHHOOOOLL,, RROOOOMM NNOO..11"", ""CCHHAAPPAARREERRPPAARR -- IIII//VVIIII"", ""77"", ""CHAPARERPAR II P.S. -\n3322"", ""AALLIIPPUURRDDUUAARR--IIII // ZZPP--99""]",duplicated_native_glyphs,needs_review
West Bengal,Alipurduar,2018,constituency_crosswalk,CHAPARERPAR - II,CHAPARERPAR - II/VIII,8,"12, Alipurduar/267","156, SALSALABARI NO:1 B.F.P.
SCHOOL, ROOM NO.2","CHAPARERPAR II P.S. -
32",ALIPURDUAR-II / ZP-9,data/wb/gp_source_search/historical_expansion/alipurduar_CONSTITUENCY_5fe98655.pdf,fd2063117af535c39b67f049573eb3ff1a8fcea3df4ba8c56deb6f6979cdba59,37,1,10,"[24.959999999999997, 17.75999999999999, 822.7199999999999, 555.0]","[""ALIPURDUAR-II"", ""12, Alipurduar/267"", ""156, SALSALABARI NO:1 B.F.P.\nSCHOOL, ROOM NO.2"", ""CHAPARERPAR - II/VIII"", ""8"", ""CHAPARERPAR II P.S. -\n32"", ""ALIPURDUAR-II / ZP-9""]",,native_fields_parsed
West Bengal,Alipurduar,2018,constituency_crosswalk,CHAPARERPAR - II,CHAPARERPAR - II/IX,9,"12, Alipurduar/268","157, MADHYA SALSALABARI STATE
PLAN PRY. SCHOOL","CHAPARERPAR II P.S. -
32",ALIPURDUAR-II / ZP-9,data/wb/gp_source_search/historical_expansion/alipurduar_CONSTITUENCY_5fe98655.pdf,fd2063117af535c39b67f049573eb3ff1a8fcea3df4ba8c56deb6f6979cdba59,37,1,11,"[24.959999999999997, 17.75999999999999, 822.7199999999999, 555.0]","[""ALIPURDUAR-II"", ""12, Alipurduar/268"", ""157, MADHYA SALSALABARI STATE\nPLAN PRY. SCHOOL"", ""CHAPARERPAR - II/IX"", ""9"", ""CHAPARERPAR II P.S. -\n32"", ""ALIPURDUAR-II / ZP-9""]",,native_fields_parsed
West Bengal,Alipurduar,2018,constituency_crosswalk,CHAPARERPAR - II,CHAPARERPAR - II/X,10,"12, Alipurduar/269","158/1, SALSALABARI NO: 2 B.F.P.
SCHOOL, ROOM NO.1","CHAPARERPAR II P.S. -
32",ALIPURDUAR-II / ZP-9,data/wb/gp_source_search/historical_expansion/alipurduar_CONSTITUENCY_5fe98655.pdf,fd2063117af535c39b67f049573eb3ff1a8fcea3df4ba8c56deb6f6979cdba59,37,1,12,"[24.959999999999997, 17.75999999999999, 822.7199999999999, 555.0]","[""ALIPURDUAR-II"", ""12, Alipurduar/269"", ""158/1, SALSALABARI NO: 2 B.F.P.\nSCHOOL, ROOM NO.1"", ""CHAPARERPAR - II/X"", ""10"", ""CHAPARERPAR II P.S. -\n32"", ""ALIPURDUAR-II / ZP-9""]",,native_fields_parsed
West Bengal,Alipurduar,2018,constituency_crosswalk,CHAPARERPAR - II,CHAPARERPAR - II/XI,10,"12, Alipurduar/270","158/2, SALSALABARI NO: 2 B.F.P.
SCHOOL, ROOM NO.2","CHAPARERPAR II P.S. -
32",ALIPURDUAR-II / ZP-9,data/wb/gp_source_search/historical_expansion/alipurduar_CONSTITUENCY_5fe98655.pdf,fd2063117af535c39b67f049573eb3ff1a8fcea3df4ba8c56deb6f6979cdba59,37,1,13,"[24.959999999999997, 17.75999999999999, 822.7199999999999, 555.0]","[""ALIPURDUAR-II"", ""12, Alipurduar/270"", ""158/2, SALSALABARI NO: 2 B.F.P.\nSCHOOL, ROOM NO.2"", ""CHAPARERPAR - II/XI"", ""10"", ""CHAPARERPAR II P.S. -\n32"", ""ALIPURDUAR-II / ZP-9""]",,native_fields_parsed
West Bengal,Alipurduar,2018,constituency_crosswalk,CHAPARERPAR - II,CHAPARERPAR - II/XI,11,"12, Alipurduar/271","159, UTTAR BHELUKDABRI NEW PRY.
SCHOOL","CHAPARERPAR II P.S. -
31",ALIPURDUAR-II / ZP-9,data/wb/gp_source_search/historical_expansion/alipurduar_CONSTITUENCY_5fe98655.pdf,fd2063117af535c39b67f049573eb3ff1a8fcea3df4ba8c56deb6f6979cdba59,37,1,14,"[24.959999999999997, 17.75999999999999, 822.7199999999999, 555.0]","[""ALIPURDUAR-II"", ""12, Alipurduar/271"", ""159, UTTAR BHELUKDABRI NEW PRY.\nSCHOOL"", ""CHAPARERPAR - II/XI"", ""11"", ""CHAPARERPAR II P.S. -\n31"", ""ALIPURDUAR-II / ZP-9""]",,native_fields_parsed
West Bengal,Alipurduar,2018,constituency_crosswalk,CHAPARERPAR - II,CHAPARERPAR - II/XII,12,"12, Alipurduar/272","160, BHELUKDABRI B.F.P. SCHOOL,
ROOM NO. 1","CHAPARERPAR II P.S. -
31",ALIPURDUAR-II / ZP-9,data/wb/gp_source_search/historical_expansion/alipurduar_CONSTITUENCY_5fe98655.pdf,fd2063117af535c39b67f049573eb3ff1a8fcea3df4ba8c56deb6f6979cdba59,37,1,15,"[24.959999999999997, 17.75999999999999, 822.7199999999999, 555.0]","[""ALIPURDUAR-II"", ""12, Alipurduar/272"", ""160, BHELUKDABRI B.F.P. SCHOOL,\nROOM NO. 1"", ""CHAPARERPAR - II/XII"", ""12"", ""CHAPARERPAR II P.S. -\n31"", ""ALIPURDUAR-II / ZP-9""]",,native_fields_parsed
West Bengal,Alipurduar,2018,constituency_crosswalk,CHAPARERPAR - II,CHAPARERPAR - II/XIII,13,"12, Alipurduar/273","161, BHELUKDABRI B.F.P. SCHOOL,
ROOM NO. 2","CHAPARERPAR II P.S. -
31",ALIPURDUAR-II / ZP-9,data/wb/gp_source_search/historical_expansion/alipurduar_CONSTITUENCY_5fe98655.pdf,fd2063117af535c39b67f049573eb3ff1a8fcea3df4ba8c56deb6f6979cdba59,37,1,16,"[24.959999999999997, 17.75999999999999, 822.7199999999999, 555.0]","[""ALIPURDUAR-II"", ""12, Alipurduar/273"", ""161, BHELUKDABRI B.F.P. SCHOOL,\nROOM NO. 2"", ""CHAPARERPAR - II/XIII"", ""13"", ""CHAPARERPAR II P.S. -\n31"", ""ALIPURDUAR-II / ZP-9""]",,native_fields_parsed
West Bengal,Alipurduar,2018,constituency_crosswalk,Jaigaon-II,Jaigaon-II/I,1,"11,Kalchini (ST)/1","1, Samaj Kalyan Sangha",Jaigaon-II/PS-1,Kalchini/ZP-6,data/wb/gp_source_search/historical_expansion/alipurduar_CONSTITUENCY_5fe98655.pdf,fd2063117af535c39b67f049573eb3ff1a8fcea3df4ba8c56deb6f6979cdba59,37,1,17,"[24.959999999999997, 17.75999999999999, 822.7199999999999, 555.0]","[""Kalchini"", ""11,Kalchini (ST)/1"", ""1, Samaj Kalyan Sangha"", ""Jaigaon-II/I"", ""1"", ""Jaigaon-II/PS-1"", ""Kalchini/ZP-6""]",,native_fields_parsed
West Bengal,Alipurduar,2018,constituency_crosswalk,Jaigaon-II,Jaigaon-II/II,2,"11,Kalchini (ST)/2","2, Dharamshala, Hmd Road, Jaigaon",Jaigaon-II/PS-1,Kalchini/ZP-6,data/wb/gp_source_search/historical_expansion/alipurduar_CONSTITUENCY_5fe98655.pdf,fd2063117af535c39b67f049573eb3ff1a8fcea3df4ba8c56deb6f6979cdba59,37,1,18,"[24.959999999999997, 17.75999999999999, 822.7199999999999, 555.0]","[""Kalchini"", ""11,Kalchini (ST)/2"", ""2, Dharamshala, Hmd Road, Jaigaon"", ""Jaigaon-II/II"", ""2"", ""Jaigaon-II/PS-1"", ""Kalchini/ZP-6""]",,native_fields_parsed
West Bengal,Alipurduar,2018,constituency_crosswalk,JJaaiiggaaoonn--IIII/,JJaaiiggaaoonn--IIII//IIIIII,33,"1111,,KKaallcchhiinnii ((SSTT))//33","33,, JJaaiiggaaoonn RRaammkkrriisshhnnaa VViiddyyaallaayyaa
(Beng. Med.) (Room No. 1)",JJaaiiggaaoonn--IIII//PPSS--11,KKaallcchhiinnii//ZZPP--66,data/wb/gp_source_search/historical_expansion/alipurduar_CONSTITUENCY_5fe98655.pdf,fd2063117af535c39b67f049573eb3ff1a8fcea3df4ba8c56deb6f6979cdba59,37,1,19,"[24.959999999999997, 17.75999999999999, 822.7199999999999, 555.0]","[""KKaallcchhiinnii"", ""1111,,KKaallcchhiinnii ((SSTT))//33"", ""33,, JJaaiiggaaoonn RRaammkkrriisshhnnaa VViiddyyaallaayyaa\n(Beng. Med.) (Room No. 1)"", ""JJaaiiggaaoonn--IIII//IIIIII"", ""33"", ""JJaaiiggaaoonn--IIII//PPSS--11"", ""KKaallcchhiinnii//ZZPP--66""]",duplicated_native_glyphs,needs_review
West Bengal,Alipurduar,2018,constituency_crosswalk,Jaigaon-II,Jaigaon-II/IV,4,"11,Kalchini (ST)/4","4, Jaigaon Ramkrishna Vidyalaya
(Beng. Med.) (Room No. 2)",Jaigaon-II/PS-1,Kalchini/ZP-6,data/wb/gp_source_search/historical_expansion/alipurduar_CONSTITUENCY_5fe98655.pdf,fd2063117af535c39b67f049573eb3ff1a8fcea3df4ba8c56deb6f6979cdba59,38,1,1,"[24.959999999999997, 17.75999999999999, 822.7199999999999, 555.0]","[""Kalchini"", ""11,Kalchini (ST)/4"", ""4, Jaigaon Ramkrishna Vidyalaya\n(Beng. Med.) (Room No. 2)"", ""Jaigaon-II/IV"", ""4"", ""Jaigaon-II/PS-1"", ""Kalchini/ZP-6""]",,native_fields_parsed
West Bengal,Alipurduar,2018,constituency_crosswalk,Jaigaon-II,Jaigaon-II/IV,4,"11,Kalchini (ST)/4","4(KA), Jaigaon Ramkrishna Vidyalaya
(Beng. Med.) (Room No. 3)",Jaigaon-II/PS-1,Kalchini/ZP-6,data/wb/gp_source_search/historical_expansion/alipurduar_CONSTITUENCY_5fe98655.pdf,fd2063117af535c39b67f049573eb3ff1a8fcea3df4ba8c56deb6f6979cdba59,38,1,2,"[24.959999999999997, 17.75999999999999, 822.7199999999999, 555.0]","[""Kalchini"", ""11,Kalchini (ST)/4"", ""4(KA), Jaigaon Ramkrishna Vidyalaya\n(Beng. Med.) (Room No. 3)"", ""Jaigaon-II/IV"", ""4"", ""Jaigaon-II/PS-1"", ""Kalchini/ZP-6""]",,native_fields_parsed
West Bengal,Alipurduar,2018,constituency_crosswalk,Jaigaon-II,Jaigaon-II/V,5,"11,Kalchini (ST)/5","5, St. Dominic School",Jaigaon-II/PS-1,Kalchini/ZP-6,data/wb/gp_source_search/historical_expansion/alipurduar_CONSTITUENCY_5fe98655.pdf,fd2063117af535c39b67f049573eb3ff1a8fcea3df4ba8c56deb6f6979cdba59,38,1,3,"[24.959999999999997, 17.75999999999999, 822.7199999999999, 555.0]","[""Kalchini"", ""11,Kalchini (ST)/5"", ""5, St. Dominic School"", ""Jaigaon-II/V"", ""5"", ""Jaigaon-II/PS-1"", ""Kalchini/ZP-6""]",,native_fields_parsed
West Bengal,Alipurduar,2018,constituency_crosswalk,Jaigaon-II,Jaigaon-II/VI,6,"11,Kalchini (ST)/6","6, Jaigaon Shmd School",Jaigaon-II/PS-2,Kalchini/ZP-6,data/wb/gp_source_search/historical_expansion/alipurduar_CONSTITUENCY_5fe98655.pdf,fd2063117af535c39b67f049573eb3ff1a8fcea3df4ba8c56deb6f6979cdba59,38,1,4,"[24.959999999999997, 17.75999999999999, 822.7199999999999, 555.0]","[""Kalchini"", ""11,Kalchini (ST)/6"", ""6, Jaigaon Shmd School"", ""Jaigaon-II/VI"", ""6"", ""Jaigaon-II/PS-2"", ""Kalchini/ZP-6""]",,native_fields_parsed
West Bengal,Alipurduar,2018,constituency_crosswalk,Jaigaon-II,Jaigaon-II/VII,7,"11,Kalchini (ST)/7","7, Jaigaon Jr. High School (Bengali
Medium)",Jaigaon-II/PS-2,Kalchini/ZP-6,data/wb/gp_source_search/historical_expansion/alipurduar_CONSTITUENCY_5fe98655.pdf,fd2063117af535c39b67f049573eb3ff1a8fcea3df4ba8c56deb6f6979cdba59,38,1,5,"[24.959999999999997, 17.75999999999999, 822.7199999999999, 555.0]","[""Kalchini"", ""11,Kalchini (ST)/7"", ""7, Jaigaon Jr. High School (Bengali\nMedium)"", ""Jaigaon-II/VII"", ""7"", ""Jaigaon-II/PS-2"", ""Kalchini/ZP-6""]",,native_fields_parsed
West Bengal,Alipurduar,2018,constituency_crosswalk,Jaigaon-II,Jaigaon-II/VIII,8,"11,Kalchini (ST)/8","8, Jaigaon Sukanta Vidyapith (Room
No. 1)",Jaigaon-II/PS-2,Kalchini/ZP-6,data/wb/gp_source_search/historical_expansion/alipurduar_CONSTITUENCY_5fe98655.pdf,fd2063117af535c39b67f049573eb3ff1a8fcea3df4ba8c56deb6f6979cdba59,38,1,6,"[24.959999999999997, 17.75999999999999, 822.7199999999999, 555.0]","[""Kalchini"", ""11,Kalchini (ST)/8"", ""8, Jaigaon Sukanta Vidyapith (Room\nNo. 1)"", ""Jaigaon-II/VIII"", ""8"", ""Jaigaon-II/PS-2"", ""Kalchini/ZP-6""]",,native_fields_parsed
West Bengal,Alipurduar,2018,constituency_crosswalk,Jaigaon-II,Jaigaon-II/VIII,8,"11,Kalchini (ST)/8","8(KA), Jaigaon Sukanta Vidyapith
(Room No. 2)",Jaigaon-II/PS-2,Kalchini/ZP-6,data/wb/gp_source_search/historical_expansion/alipurduar_CONSTITUENCY_5fe98655.pdf,fd2063117af535c39b67f049573eb3ff1a8fcea3df4ba8c56deb6f6979cdba59,38,1,7,"[24.959999999999997, 17.75999999999999, 822.7199999999999, 555.0]","[""Kalchini"", ""11,Kalchini (ST)/8"", ""8(KA), Jaigaon Sukanta Vidyapith\n(Room No. 2)"", ""Jaigaon-II/VIII"", ""8"", ""Jaigaon-II/PS-2"", ""Kalchini/ZP-6""]",,native_fields_parsed
West Bengal,Alipurduar,2018,constituency_crosswalk,Jaigaon-II,Jaigaon-II/IX,9,"11,Kalchini (ST)/9","9, Jaigaon Hindi Jr. High School",Jaigaon-II/PS-2,Kalchini/ZP-6,data/wb/gp_source_search/historical_expansion/alipurduar_CONSTITUENCY_5fe98655.pdf,fd2063117af535c39b67f049573eb3ff1a8fcea3df4ba8c56deb6f6979cdba59,38,1,8,"[24.959999999999997, 17.75999999999999, 822.7199999999999, 555.0]","[""Kalchini"", ""11,Kalchini (ST)/9"", ""9, Jaigaon Hindi Jr. High School"", ""Jaigaon-II/IX"", ""9"", ""Jaigaon-II/PS-2"", ""Kalchini/ZP-6""]",,native_fields_parsed
West Bengal,Alipurduar,2018,constituency_crosswalk,Jaigaon-II,Jaigaon-II/X,10,"11,Kalchini (ST)/10","10, Jaigaon Nazrul Smriti Jr. High
Madrasah",Jaigaon-II/PS-2,Kalchini/ZP-6,data/wb/gp_source_search/historical_expansion/alipurduar_CONSTITUENCY_5fe98655.pdf,fd2063117af535c39b67f049573eb3ff1a8fcea3df4ba8c56deb6f6979cdba59,38,1,9,"[24.959999999999997, 17.75999999999999, 822.7199999999999, 555.0]","[""Kalchini"", ""11,Kalchini (ST)/10"", ""10, Jaigaon Nazrul Smriti Jr. High\nMadrasah"", ""Jaigaon-II/X"", ""10"", ""Jaigaon-II/PS-2"", ""Kalchini/ZP-6""]",,native_fields_parsed
West Bengal,Alipurduar,2018,constituency_crosswalk,JJaaiiggaaoonn--IIII/,JJaaiiggaaoonn--IIII//XXII,1111,"1111,,KKaallcchhiinnii ((SSTT))//1111","11, Jaigaon B.D. Memorial Hall Pry.
SScchhooooll",JJaaiiggaaoonn--IIII//PPSS--22,KKaallcchhiinnii//ZZPP--66,data/wb/gp_source_search/historical_expansion/alipurduar_CONSTITUENCY_5fe98655.pdf,fd2063117af535c39b67f049573eb3ff1a8fcea3df4ba8c56deb6f6979cdba59,38,1,10,"[24.959999999999997, 17.75999999999999, 822.7199999999999, 555.0]","[""KKaallcchhiinnii"", ""1111,,KKaallcchhiinnii ((SSTT))//1111"", ""11, Jaigaon B.D. Memorial Hall Pry.\nSScchhooooll"", ""JJaaiiggaaoonn--IIII//XXII"", ""1111"", ""JJaaiiggaaoonn--IIII//PPSS--22"", ""KKaallcchhiinnii//ZZPP--66""]",duplicated_native_glyphs,needs_review
West Bengal,Alipurduar,2018,constituency_crosswalk,Jaigaon-II,Jaigaon-II/XII,12,"11,Kalchini (ST)/12","12, Ebenzer Academy",Jaigaon-II/PS-2,Kalchini/ZP-6,data/wb/gp_source_search/historical_expansion/alipurduar_CONSTITUENCY_5fe98655.pdf,fd2063117af535c39b67f049573eb3ff1a8fcea3df4ba8c56deb6f6979cdba59,38,1,11,"[24.959999999999997, 17.75999999999999, 822.7199999999999, 555.0]","[""Kalchini"", ""11,Kalchini (ST)/12"", ""12, Ebenzer Academy"", ""Jaigaon-II/XII"", ""12"", ""Jaigaon-II/PS-2"", ""Kalchini/ZP-6""]",,native_fields_parsed
West Bengal,Alipurduar,2018,constituency_crosswalk,Jaigaon-II,Jaigaon-II/XIII,13,"11,Kalchini (ST)/13","13, Jaigaon No. II GP Office",Jaigaon-II/PS-3,Kalchini/ZP-6,data/wb/gp_source_search/historical_expansion/alipurduar_CONSTITUENCY_5fe98655.pdf,fd2063117af535c39b67f049573eb3ff1a8fcea3df4ba8c56deb6f6979cdba59,38,1,12,"[24.959999999999997, 17.75999999999999, 822.7199999999999, 555.0]","[""Kalchini"", ""11,Kalchini (ST)/13"", ""13, Jaigaon No. II GP Office"", ""Jaigaon-II/XIII"", ""13"", ""Jaigaon-II/PS-3"", ""Kalchini/ZP-6""]",,native_fields_parsed
West Bengal,Alipurduar,2018,constituency_crosswalk,Jaigaon-II,Jaigaon-II/XIV,14,"11,Kalchini (ST)/14","14/1, Vedvyas Pry. School",Jaigaon-II/PS-3,Kalchini/ZP-6,data/wb/gp_source_search/historical_expansion/alipurduar_CONSTITUENCY_5fe98655.pdf,fd2063117af535c39b67f049573eb3ff1a8fcea3df4ba8c56deb6f6979cdba59,38,1,13,"[24.959999999999997, 17.75999999999999, 822.7199999999999, 555.0]","[""Kalchini"", ""11,Kalchini (ST)/14"", ""14/1, Vedvyas Pry. School"", ""Jaigaon-II/XIV"", ""14"", ""Jaigaon-II/PS-3"", ""Kalchini/ZP-6""]",,native_fields_parsed
West Bengal,Alipurduar,2018,constituency_crosswalk,Jaigaon-II,Jaigaon-II/XIV,14,"11,Kalchini (ST)/15","14/2, Vedvyas Jr. High School",Jaigaon-II/PS-3,Kalchini/ZP-6,data/wb/gp_source_search/historical_expansion/alipurduar_CONSTITUENCY_5fe98655.pdf,fd2063117af535c39b67f049573eb3ff1a8fcea3df4ba8c56deb6f6979cdba59,38,1,14,"[24.959999999999997, 17.75999999999999, 822.7199999999999, 555.0]","[""Kalchini"", ""11,Kalchini (ST)/15"", ""14/2, Vedvyas Jr. High School"", ""Jaigaon-II/XIV"", ""14"", ""Jaigaon-II/PS-3"", ""Kalchini/ZP-6""]",,native_fields_parsed
West Bengal,Alipurduar,2018,constituency_crosswalk,Jaigaon-II,Jaigaon-II/XV,15,"11,Kalchini (ST)/16","15, Eden English School (Room No. 1)",Jaigaon-II/PS-3,Kalchini/ZP-6,data/wb/gp_source_search/historical_expansion/alipurduar_CONSTITUENCY_5fe98655.pdf,fd2063117af535c39b67f049573eb3ff1a8fcea3df4ba8c56deb6f6979cdba59,38,1,15,"[24.959999999999997, 17.75999999999999, 822.7199999999999, 555.0]","[""Kalchini"", ""11,Kalchini (ST)/16"", ""15, Eden English School (Room No. 1)"", ""Jaigaon-II/XV"", ""15"", ""Jaigaon-II/PS-3"", ""Kalchini/ZP-6""]",,native_fields_parsed
West Bengal,Alipurduar,2018,constituency_crosswalk,Jaigaon-II,Jaigaon-II/XVI,16,"11,Kalchini (ST)/17","16, Eden English School (Room No. 2)",Jaigaon-II/PS-3,Kalchini/ZP-6,data/wb/gp_source_search/historical_expansion/alipurduar_CONSTITUENCY_5fe98655.pdf,fd2063117af535c39b67f049573eb3ff1a8fcea3df4ba8c56deb6f6979cdba59,38,1,16,"[24.959999999999997, 17.75999999999999, 822.7199999999999, 555.0]","[""Kalchini"", ""11,Kalchini (ST)/17"", ""16, Eden English School (Room No. 2)"", ""Jaigaon-II/XVI"", ""16"", ""Jaigaon-II/PS-3"", ""Kalchini/ZP-6""]",,native_fields_parsed
West Bengal,Alipurduar,2018,constituency_crosswalk,Jaigaon-II,Jaigaon-II/XVII,17,"11,Kalchini (ST)/18","17, Jaigaon Green View School (Room
No. 1)",Jaigaon-II/PS-3,Kalchini/ZP-6,data/wb/gp_source_search/historical_expansion/alipurduar_CONSTITUENCY_5fe98655.pdf,fd2063117af535c39b67f049573eb3ff1a8fcea3df4ba8c56deb6f6979cdba59,38,1,17,"[24.959999999999997, 17.75999999999999, 822.7199999999999, 555.0]","[""Kalchini"", ""11,Kalchini (ST)/18"", ""17, Jaigaon Green View School (Room\nNo. 1)"", ""Jaigaon-II/XVII"", ""17"", ""Jaigaon-II/PS-3"", ""Kalchini/ZP-6""]",,native_fields_parsed
West Bengal,Alipurduar,2018,constituency_crosswalk,Jaigaon-II,Jaigaon-II/XVII,17,"11,Kalchini (ST)/18","17(KA), Jaigaon Green View School
(Room No. 2)",Jaigaon-II/PS-3,Kalchini/ZP-6,data/wb/gp_source_search/historical_expansion/alipurduar_CONSTITUENCY_5fe98655.pdf,fd2063117af535c39b67f049573eb3ff1a8fcea3df4ba8c56deb6f6979cdba59,38,1,18,"[24.959999999999997, 17.75999999999999, 822.7199999999999, 555.0]","[""Kalchini"", ""11,Kalchini (ST)/18"", ""17(KA), Jaigaon Green View School\n(Room No. 2)"", ""Jaigaon-II/XVII"", ""17"", ""Jaigaon-II/PS-3"", ""Kalchini/ZP-6""]",,native_fields_parsed
West Bengal,Alipurduar,2018,constituency_crosswalk,Jaigaon-II,Jaigaon-II/XVIII,18,"11,Kalchini (ST)/19","18, Jharnabusty SSK Cum ICDS Centre",Jaigaon-II/PS-3,Kalchini/ZP-6,data/wb/gp_source_search/historical_expansion/alipurduar_CONSTITUENCY_5fe98655.pdf,fd2063117af535c39b67f049573eb3ff1a8fcea3df4ba8c56deb6f6979cdba59,38,1,19,"[24.959999999999997, 17.75999999999999, 822.7199999999999, 555.0]","[""Kalchini"", ""11,Kalchini (ST)/19"", ""18, Jharnabusty SSK Cum ICDS Centre"", ""Jaigaon-II/XVIII"", ""18"", ""Jaigaon-II/PS-3"", ""Kalchini/ZP-6""]",,native_fields_parsed
West Bengal,Alipurduar,2018,constituency_crosswalk,Jaigaon-II,Jaigaon-II/XIX,19,"11,Kalchini (ST)/20","19, Adarsha English School",Jaigaon-II/PS-3,Kalchini/ZP-6,data/wb/gp_source_search/historical_expansion/alipurduar_CONSTITUENCY_5fe98655.pdf,fd2063117af535c39b67f049573eb3ff1a8fcea3df4ba8c56deb6f6979cdba59,38,1,20,"[24.959999999999997, 17.75999999999999, 822.7199999999999, 555.0]","[""Kalchini"", ""11,Kalchini (ST)/20"", ""19, Adarsha English School"", ""Jaigaon-II/XIX"", ""19"", ""Jaigaon-II/PS-3"", ""Kalchini/ZP-6""]",,native_fields_parsed
West Bengal,Alipurduar,2018,constituency_crosswalk,Jaigaon-II,Jaigaon-II/XX,20,"11,Kalchini (ST)/21","20, Jaigaon Sunrise English School",Jaigaon-II/PS-3,Kalchini/ZP-6,data/wb/gp_source_search/historical_expansion/alipurduar_CONSTITUENCY_5fe98655.pdf,fd2063117af535c39b67f049573eb3ff1a8fcea3df4ba8c56deb6f6979cdba59,38,1,21,"[24.959999999999997, 17.75999999999999, 822.7199999999999, 555.0]","[""Kalchini"", ""11,Kalchini (ST)/21"", ""20, Jaigaon Sunrise English School"", ""Jaigaon-II/XX"", ""20"", ""Jaigaon-II/PS-3"", ""Kalchini/ZP-6""]",,native_fields_parsed
West Bengal,Alipurduar,2018,constituency_crosswalk,Jaigaon-II,Jaigaon-II/XXI,21,"11,Kalchini (ST)/22","21, Youth Sporting Club",Jaigaon-II/PS-3,Kalchini/ZP-6,data/wb/gp_source_search/historical_expansion/alipurduar_CONSTITUENCY_5fe98655.pdf,fd2063117af535c39b67f049573eb3ff1a8fcea3df4ba8c56deb6f6979cdba59,38,1,22,"[24.959999999999997, 17.75999999999999, 822.7199999999999, 555.0]","[""Kalchini"", ""11,Kalchini (ST)/22"", ""21, Youth Sporting Club"", ""Jaigaon-II/XXI"", ""21"", ""Jaigaon-II/PS-3"", ""Kalchini/ZP-6""]",,native_fields_parsed
West Bengal,Alipurduar,2018,constituency_crosswalk,JJaaiiggaaoonn--II/,JJaaiiggaaoonn--II//II,11,"1111,,KKaallcchhiinnii ((SSTT))//2233","2222,, JJaaiiggaaoonn NNoo.. 22 SSttaattee PPllaann PPrryy..
School (Room No. 1)",JJaaiiggaaoonn--II//PPSS--44,KKaallcchhiinnii//ZZPP--66,data/wb/gp_source_search/historical_expansion/alipurduar_CONSTITUENCY_5fe98655.pdf,fd2063117af535c39b67f049573eb3ff1a8fcea3df4ba8c56deb6f6979cdba59,38,1,23,"[24.959999999999997, 17.75999999999999, 822.7199999999999, 555.0]","[""KKaallcchhiinnii"", ""1111,,KKaallcchhiinnii ((SSTT))//2233"", ""2222,, JJaaiiggaaoonn NNoo.. 22 SSttaattee PPllaann PPrryy..\nSchool (Room No. 1)"", ""JJaaiiggaaoonn--II//II"", ""11"", ""JJaaiiggaaoonn--II//PPSS--44"", ""KKaallcchhiinnii//ZZPP--66""]",duplicated_native_glyphs,needs_review
West Bengal,Alipurduar,2018,constituency_crosswalk,Jaigaon-I,Jaigaon-I/II,2,"11,Kalchini (ST)/24","23, Jaigaon No. 2 State Plan Pry.
School (Room No. 2)",Jaigaon-I/PS-4,Kalchini/ZP-6,data/wb/gp_source_search/historical_expansion/alipurduar_CONSTITUENCY_5fe98655.pdf,fd2063117af535c39b67f049573eb3ff1a8fcea3df4ba8c56deb6f6979cdba59,39,1,1,"[24.959999999999997, 17.75999999999999, 822.7199999999999, 569.52]","[""Kalchini"", ""11,Kalchini (ST)/24"", ""23, Jaigaon No. 2 State Plan Pry.\nSchool (Room No. 2)"", ""Jaigaon-I/II"", ""2"", ""Jaigaon-I/PS-4"", ""Kalchini/ZP-6""]",,native_fields_parsed
West Bengal,Alipurduar,2018,constituency_crosswalk,Jaigaon-I,Jaigaon-I/III,3,"11,Kalchini (ST)/25","24, Nani Bhattachary Smarak Maha
Vidyalaya (Room No. 1)",Jaigaon-I/PS-5,Kalchini/ZP-6,data/wb/gp_source_search/historical_expansion/alipurduar_CONSTITUENCY_5fe98655.pdf,fd2063117af535c39b67f049573eb3ff1a8fcea3df4ba8c56deb6f6979cdba59,39,1,2,"[24.959999999999997, 17.75999999999999, 822.7199999999999, 569.52]","[""Kalchini"", ""11,Kalchini (ST)/25"", ""24, Nani Bhattachary Smarak Maha\nVidyalaya (Room No. 1)"", ""Jaigaon-I/III"", ""3"", ""Jaigaon-I/PS-5"", ""Kalchini/ZP-6""]",,native_fields_parsed
West Bengal,Alipurduar,2018,constituency_crosswalk,Jaigaon-I,Jaigaon-I/III,3,"11,Kalchini (ST)/25","24(KA), Nani Bhattachary Smarak
Maha Vidyalaya (Room No. 2)",Jaigaon-I/PS-5,Kalchini/ZP-6,data/wb/gp_source_search/historical_expansion/alipurduar_CONSTITUENCY_5fe98655.pdf,fd2063117af535c39b67f049573eb3ff1a8fcea3df4ba8c56deb6f6979cdba59,39,1,3,"[24.959999999999997, 17.75999999999999, 822.7199999999999, 569.52]","[""Kalchini"", ""11,Kalchini (ST)/25"", ""24(KA), Nani Bhattachary Smarak\nMaha Vidyalaya (Room No. 2)"", ""Jaigaon-I/III"", ""3"", ""Jaigaon-I/PS-5"", ""Kalchini/ZP-6""]",,native_fields_parsed
West Bengal,Alipurduar,2018,constituency_crosswalk,Jaigaon-I,Jaigaon-I/IV,4,"11,Kalchini (ST)/26","25, Glory Middle Secondary School",Jaigaon-I/PS-5,Kalchini/ZP-6,data/wb/gp_source_search/historical_expansion/alipurduar_CONSTITUENCY_5fe98655.pdf,fd2063117af535c39b67f049573eb3ff1a8fcea3df4ba8c56deb6f6979cdba59,39,1,4,"[24.959999999999997, 17.75999999999999, 822.7199999999999, 569.52]","[""Kalchini"", ""11,Kalchini (ST)/26"", ""25, Glory Middle Secondary School"", ""Jaigaon-I/IV"", ""4"", ""Jaigaon-I/PS-5"", ""Kalchini/ZP-6""]",,native_fields_parsed
West Bengal,Alipurduar,2018,constituency_crosswalk,Jaigaon-I,Jaigaon-I/V,5,"11,Kalchini (ST)/27","26/1, Commercial Tax Office",Jaigaon-I/PS-5,Kalchini/ZP-6,data/wb/gp_source_search/historical_expansion/alipurduar_CONSTITUENCY_5fe98655.pdf,fd2063117af535c39b67f049573eb3ff1a8fcea3df4ba8c56deb6f6979cdba59,39,1,5,"[24.959999999999997, 17.75999999999999, 822.7199999999999, 569.52]","[""Kalchini"", ""11,Kalchini (ST)/27"", ""26/1, Commercial Tax Office"", ""Jaigaon-I/V"", ""5"", ""Jaigaon-I/PS-5"", ""Kalchini/ZP-6""]",,native_fields_parsed
West Bengal,Alipurduar,2018,constituency_crosswalk,Jaigaon-I,Jaigaon-I/V,5,"11,Kalchini (ST)/28","26/2, Jaigaon Development Authority
Office (Room No. 1)",Jaigaon-I/PS-5,Kalchini/ZP-6,data/wb/gp_source_search/historical_expansion/alipurduar_CONSTITUENCY_5fe98655.pdf,fd2063117af535c39b67f049573eb3ff1a8fcea3df4ba8c56deb6f6979cdba59,39,1,6,"[24.959999999999997, 17.75999999999999, 822.7199999999999, 569.52]","[""Kalchini"", ""11,Kalchini (ST)/28"", ""26/2, Jaigaon Development Authority\nOffice (Room No. 1)"", ""Jaigaon-I/V"", ""5"", ""Jaigaon-I/PS-5"", ""Kalchini/ZP-6""]",,native_fields_parsed
West Bengal,Alipurduar,2018,constituency_crosswalk,Jaigaon-I,Jaigaon-I/V,5,"11,Kalchini (ST)/28","26/2(KA), Jaigaon Development
Authority Office (Room No. 2)",Jaigaon-I/PS-5,Kalchini/ZP-6,data/wb/gp_source_search/historical_expansion/alipurduar_CONSTITUENCY_5fe98655.pdf,fd2063117af535c39b67f049573eb3ff1a8fcea3df4ba8c56deb6f6979cdba59,39,1,7,"[24.959999999999997, 17.75999999999999, 822.7199999999999, 569.52]","[""Kalchini"", ""11,Kalchini (ST)/28"", ""26/2(KA), Jaigaon Development\nAuthority Office (Room No. 2)"", ""Jaigaon-I/V"", ""5"", ""Jaigaon-I/PS-5"", ""Kalchini/ZP-6""]",,native_fields_parsed
West Bengal,Alipurduar,2018,constituency_crosswalk,Jaigaon-I,Jaigaon-I/VI,6,"11,Kalchini (ST)/29","27, New Era Mission School",Jaigaon-I/PS-5,Kalchini/ZP-6,data/wb/gp_source_search/historical_expansion/alipurduar_CONSTITUENCY_5fe98655.pdf,fd2063117af535c39b67f049573eb3ff1a8fcea3df4ba8c56deb6f6979cdba59,39,1,8,"[24.959999999999997, 17.75999999999999, 822.7199999999999, 569.52]","[""Kalchini"", ""11,Kalchini (ST)/29"", ""27, New Era Mission School"", ""Jaigaon-I/VI"", ""6"", ""Jaigaon-I/PS-5"", ""Kalchini/ZP-6""]",,native_fields_parsed
West Bengal,Alipurduar,2018,constituency_crosswalk,Jaigaon-I,Jaigaon-I/VII,7,"11,Kalchini (ST)/30","28, Toribari ICDS Centre",Jaigaon-I/PS-4,Kalchini/ZP-6,data/wb/gp_source_search/historical_expansion/alipurduar_CONSTITUENCY_5fe98655.pdf,fd2063117af535c39b67f049573eb3ff1a8fcea3df4ba8c56deb6f6979cdba59,39,1,9,"[24.959999999999997, 17.75999999999999, 822.7199999999999, 569.52]","[""Kalchini"", ""11,Kalchini (ST)/30"", ""28, Toribari ICDS Centre"", ""Jaigaon-I/VII"", ""7"", ""Jaigaon-I/PS-4"", ""Kalchini/ZP-6""]",,native_fields_parsed
West Bengal,Alipurduar,2018,constituency_crosswalk,Jaigaon-I,Jaigaon-I/VIII,8,"11,Kalchini (ST)/31","29, SSK, Nala Sarak",Jaigaon-I/PS-4,Kalchini/ZP-6,data/wb/gp_source_search/historical_expansion/alipurduar_CONSTITUENCY_5fe98655.pdf,fd2063117af535c39b67f049573eb3ff1a8fcea3df4ba8c56deb6f6979cdba59,39,1,10,"[24.959999999999997, 17.75999999999999, 822.7199999999999, 569.52]","[""Kalchini"", ""11,Kalchini (ST)/31"", ""29, SSK, Nala Sarak"", ""Jaigaon-I/VIII"", ""8"", ""Jaigaon-I/PS-4"", ""Kalchini/ZP-6""]",,native_fields_parsed
West Bengal,Alipurduar,2018,constituency_crosswalk,JJaaiiggaaoonn--II/,JJaaiiggaaoonn--II//IIXX,99,"1111,,KKaallcchhiinnii ((SSTT))//3322","3300,, KKhhookkllaabbuussttyy SSaarraasswwaattii PPrryy.. SScchhooooll",JJaaiiggaaoonn--II//PPSS--44,KKaallcchhiinnii//ZZPP--66,data/wb/gp_source_search/historical_expansion/alipurduar_CONSTITUENCY_5fe98655.pdf,fd2063117af535c39b67f049573eb3ff1a8fcea3df4ba8c56deb6f6979cdba59,39,1,11,"[24.959999999999997, 17.75999999999999, 822.7199999999999, 569.52]","[""KKaallcchhiinnii"", ""1111,,KKaallcchhiinnii ((SSTT))//3322"", ""3300,, KKhhookkllaabbuussttyy SSaarraasswwaattii PPrryy.. SScchhooooll"", ""JJaaiiggaaoonn--II//IIXX"", ""99"", ""JJaaiiggaaoonn--II//PPSS--44"", ""KKaallcchhiinnii//ZZPP--66""]",duplicated_native_glyphs,needs_review
West Bengal,Alipurduar,2018,constituency_crosswalk,Jaigaon-I,Jaigaon-I/X,10,"11,Kalchini (ST)/33","31, Guttibari Deorali SSK",Jaigaon-I/PS-4,Kalchini/ZP-6,data/wb/gp_source_search/historical_expansion/alipurduar_CONSTITUENCY_5fe98655.pdf,fd2063117af535c39b67f049573eb3ff1a8fcea3df4ba8c56deb6f6979cdba59,39,1,12,"[24.959999999999997, 17.75999999999999, 822.7199999999999, 569.52]","[""Kalchini"", ""11,Kalchini (ST)/33"", ""31, Guttibari Deorali SSK"", ""Jaigaon-I/X"", ""10"", ""Jaigaon-I/PS-4"", ""Kalchini/ZP-6""]",,native_fields_parsed
West Bengal,Alipurduar,2018,constituency_crosswalk,Jaigaon-I,Jaigaon-I/XI,11,"11,Kalchini (ST)/34","32/1, Prabhat Tara Mission Hindi Jr.
High School",Jaigaon-I/PS-5,Kalchini/ZP-6,data/wb/gp_source_search/historical_expansion/alipurduar_CONSTITUENCY_5fe98655.pdf,fd2063117af535c39b67f049573eb3ff1a8fcea3df4ba8c56deb6f6979cdba59,39,1,13,"[24.959999999999997, 17.75999999999999, 822.7199999999999, 569.52]","[""Kalchini"", ""11,Kalchini (ST)/34"", ""32/1, Prabhat Tara Mission Hindi Jr.\nHigh School"", ""Jaigaon-I/XI"", ""11"", ""Jaigaon-I/PS-5"", ""Kalchini/ZP-6""]",,native_fields_parsed
West Bengal,Alipurduar,2018,constituency_crosswalk,Jaigaon-I,Jaigaon-I/XI,11,"11,Kalchini (ST)/35","32/2, Jaigaon Spl. Cadre Pry. School",Jaigaon-I/PS-5,Kalchini/ZP-6,data/wb/gp_source_search/historical_expansion/alipurduar_CONSTITUENCY_5fe98655.pdf,fd2063117af535c39b67f049573eb3ff1a8fcea3df4ba8c56deb6f6979cdba59,39,1,14,"[24.959999999999997, 17.75999999999999, 822.7199999999999, 569.52]","[""Kalchini"", ""11,Kalchini (ST)/35"", ""32/2, Jaigaon Spl. Cadre Pry. School"", ""Jaigaon-I/XI"", ""11"", ""Jaigaon-I/PS-5"", ""Kalchini/ZP-6""]",,native_fields_parsed
West Bengal,Alipurduar,2018,constituency_crosswalk,Jaigaon-I,Jaigaon-I/XII,12,"11,Kalchini (ST)/36","33, Grace Mission School",Jaigaon-I/PS-5,Kalchini/ZP-6,data/wb/gp_source_search/historical_expansion/alipurduar_CONSTITUENCY_5fe98655.pdf,fd2063117af535c39b67f049573eb3ff1a8fcea3df4ba8c56deb6f6979cdba59,39,1,15,"[24.959999999999997, 17.75999999999999, 822.7199999999999, 569.52]","[""Kalchini"", ""11,Kalchini (ST)/36"", ""33, Grace Mission School"", ""Jaigaon-I/XII"", ""12"", ""Jaigaon-I/PS-5"", ""Kalchini/ZP-6""]",,native_fields_parsed
West Bengal,Alipurduar,2018,constituency_crosswalk,Jaigaon-I,Jaigaon-I/XIII,13,"11,Kalchini (ST)/37","34, Choto Mechiabusty ICDS Centre",Jaigaon-I/PS-5,Kalchini/ZP-6,data/wb/gp_source_search/historical_expansion/alipurduar_CONSTITUENCY_5fe98655.pdf,fd2063117af535c39b67f049573eb3ff1a8fcea3df4ba8c56deb6f6979cdba59,39,1,16,"[24.959999999999997, 17.75999999999999, 822.7199999999999, 569.52]","[""Kalchini"", ""11,Kalchini (ST)/37"", ""34, Choto Mechiabusty ICDS Centre"", ""Jaigaon-I/XIII"", ""13"", ""Jaigaon-I/PS-5"", ""Kalchini/ZP-6""]",,native_fields_parsed
West Bengal,Alipurduar,2018,constituency_crosswalk,Jaigaon-I,Jaigaon-I/XIV,14,"11,Kalchini (ST)/38","35, Choto Mechiabusty SSK (Room No.
1)",Jaigaon-I/PS-5,Kalchini/ZP-6,data/wb/gp_source_search/historical_expansion/alipurduar_CONSTITUENCY_5fe98655.pdf,fd2063117af535c39b67f049573eb3ff1a8fcea3df4ba8c56deb6f6979cdba59,39,1,17,"[24.959999999999997, 17.75999999999999, 822.7199999999999, 569.52]","[""Kalchini"", ""11,Kalchini (ST)/38"", ""35, Choto Mechiabusty SSK (Room No.\n1)"", ""Jaigaon-I/XIV"", ""14"", ""Jaigaon-I/PS-5"", ""Kalchini/ZP-6""]",,native_fields_parsed
West Bengal,Alipurduar,2018,constituency_crosswalk,Jaigaon-I,Jaigaon-I/XIV,14,"11,Kalchini (ST)/38","35(KA), Choto Mechiabusty SSK (Room
No. 2)",Jaigaon-I/PS-5,Kalchini/ZP-6,data/wb/gp_source_search/historical_expansion/alipurduar_CONSTITUENCY_5fe98655.pdf,fd2063117af535c39b67f049573eb3ff1a8fcea3df4ba8c56deb6f6979cdba59,39,1,18,"[24.959999999999997, 17.75999999999999, 822.7199999999999, 569.52]","[""Kalchini"", ""11,Kalchini (ST)/38"", ""35(KA), Choto Mechiabusty SSK (Room\nNo. 2)"", ""Jaigaon-I/XIV"", ""14"", ""Jaigaon-I/PS-5"", ""Kalchini/ZP-6""]",,native_fields_parsed
West Bengal,Alipurduar,2018,constituency_crosswalk,Jaigaon-I,Jaigaon-I/XV,15,"11,Kalchini (ST)/39","36, Theodore English Mission School",Jaigaon-I/PS-5,Kalchini/ZP-6,data/wb/gp_source_search/historical_expansion/alipurduar_CONSTITUENCY_5fe98655.pdf,fd2063117af535c39b67f049573eb3ff1a8fcea3df4ba8c56deb6f6979cdba59,39,1,19,"[24.959999999999997, 17.75999999999999, 822.7199999999999, 569.52]","[""Kalchini"", ""11,Kalchini (ST)/39"", ""36, Theodore English Mission School"", ""Jaigaon-I/XV"", ""15"", ""Jaigaon-I/PS-5"", ""Kalchini/ZP-6""]",,native_fields_parsed
West Bengal,Alipurduar,2018,constituency_crosswalk,Jaigaon-I,Jaigaon-I/XVI,16,"11,Kalchini (ST)/40","37/1, Chandrabir SSK",Jaigaon-I/PS-4,Kalchini/ZP-6,data/wb/gp_source_search/historical_expansion/alipurduar_CONSTITUENCY_5fe98655.pdf,fd2063117af535c39b67f049573eb3ff1a8fcea3df4ba8c56deb6f6979cdba59,39,1,20,"[24.959999999999997, 17.75999999999999, 822.7199999999999, 569.52]","[""Kalchini"", ""11,Kalchini (ST)/40"", ""37/1, Chandrabir SSK"", ""Jaigaon-I/XVI"", ""16"", ""Jaigaon-I/PS-4"", ""Kalchini/ZP-6""]",,native_fields_parsed
West Bengal,Alipurduar,2018,constituency_crosswalk,Jaigaon-I,Jaigaon-I/XVI,16,"11,Kalchini (ST)/41","37/2, Saraswati Sishu Mandir",Jaigaon-I/PS-4,Kalchini/ZP-6,data/wb/gp_source_search/historical_expansion/alipurduar_CONSTITUENCY_5fe98655.pdf,fd2063117af535c39b67f049573eb3ff1a8fcea3df4ba8c56deb6f6979cdba59,39,1,21,"[24.959999999999997, 17.75999999999999, 822.7199999999999, 569.52]","[""Kalchini"", ""11,Kalchini (ST)/41"", ""37/2, Saraswati Sishu Mandir"", ""Jaigaon-I/XVI"", ""16"", ""Jaigaon-I/PS-4"", ""Kalchini/ZP-6""]",,native_fields_parsed
West Bengal,Alipurduar,2018,constituency_crosswalk,Jaigaon-I,Jaigaon-I/XVI,16,"11,Kalchini (ST)/42","37/3, Prabahaman Jana Siksha Kendra",Jaigaon-I/PS-4,Kalchini/ZP-6,data/wb/gp_source_search/historical_expansion/alipurduar_CONSTITUENCY_5fe98655.pdf,fd2063117af535c39b67f049573eb3ff1a8fcea3df4ba8c56deb6f6979cdba59,39,1,22,"[24.959999999999997, 17.75999999999999, 822.7199999999999, 569.52]","[""Kalchini"", ""11,Kalchini (ST)/42"", ""37/3, Prabahaman Jana Siksha Kendra"", ""Jaigaon-I/XVI"", ""16"", ""Jaigaon-I/PS-4"", ""Kalchini/ZP-6""]",,native_fields_parsed
West Bengal,Alipurduar,2018,constituency_crosswalk,Jaigaon-I,Jaigaon-I/XVII,17,"11,Kalchini (ST)/43","38/1, Toorsa TG Pry School (Room No.
1)",Jaigaon-I/PS-6,Kalchini/ZP-6,data/wb/gp_source_search/historical_expansion/alipurduar_CONSTITUENCY_5fe98655.pdf,fd2063117af535c39b67f049573eb3ff1a8fcea3df4ba8c56deb6f6979cdba59,39,1,23,"[24.959999999999997, 17.75999999999999, 822.7199999999999, 569.52]","[""Kalchini"", ""11,Kalchini (ST)/43"", ""38/1, Toorsa TG Pry School (Room No.\n1)"", ""Jaigaon-I/XVII"", ""17"", ""Jaigaon-I/PS-6"", ""Kalchini/ZP-6""]",,native_fields_parsed
West Bengal,Alipurduar,2018,constituency_crosswalk,Jaigaon-I,Jaigaon-I/XVII,17,"11,Kalchini (ST)/44","38/2, Toorsa TG Pry School (Room No.
2)",Jaigaon-I/PS-6,Kalchini/ZP-6,data/wb/gp_source_search/historical_expansion/alipurduar_CONSTITUENCY_5fe98655.pdf,fd2063117af535c39b67f049573eb3ff1a8fcea3df4ba8c56deb6f6979cdba59,40,1,1,"[24.959999999999997, 17.75999999999999, 822.7199999999999, 560.64]","[""Kalchini"", ""11,Kalchini (ST)/44"", ""38/2, Toorsa TG Pry School (Room No.\n2)"", ""Jaigaon-I/XVII"", ""17"", ""Jaigaon-I/PS-6"", ""Kalchini/ZP-6""]",,native_fields_parsed
West Bengal,Alipurduar,2018,constituency_crosswalk,Jaigaon-I,Jaigaon-I/XVIII,18,"11,Kalchini (ST)/45","39, Toorsa Mazdoor Club Jana Siksha
Kendra",Jaigaon-I/PS-6,Kalchini/ZP-6,data/wb/gp_source_search/historical_expansion/alipurduar_CONSTITUENCY_5fe98655.pdf,fd2063117af535c39b67f049573eb3ff1a8fcea3df4ba8c56deb6f6979cdba59,40,1,2,"[24.959999999999997, 17.75999999999999, 822.7199999999999, 560.64]","[""Kalchini"", ""11,Kalchini (ST)/45"", ""39, Toorsa Mazdoor Club Jana Siksha\nKendra"", ""Jaigaon-I/XVIII"", ""18"", ""Jaigaon-I/PS-6"", ""Kalchini/ZP-6""]",,native_fields_parsed
West Bengal,Alipurduar,2018,constituency_crosswalk,Jaigaon-I,Jaigaon-I/XIX,19,"11,Kalchini (ST)/46","40, Bihibari SSK",Jaigaon-I/PS-6,Kalchini/ZP-6,data/wb/gp_source_search/historical_expansion/alipurduar_CONSTITUENCY_5fe98655.pdf,fd2063117af535c39b67f049573eb3ff1a8fcea3df4ba8c56deb6f6979cdba59,40,1,3,"[24.959999999999997, 17.75999999999999, 822.7199999999999, 560.64]","[""Kalchini"", ""11,Kalchini (ST)/46"", ""40, Bihibari SSK"", ""Jaigaon-I/XIX"", ""19"", ""Jaigaon-I/PS-6"", ""Kalchini/ZP-6""]",,native_fields_parsed
West Bengal,Alipurduar,2018,constituency_crosswalk,Dalsingpara,Dalsingpara/I,1,"11,Kalchini (ST)/47","41, Gudamline SSK (New Building)
(Room No. 1)",Dalsingpara/PS-7,Kalchini/ZP-6,data/wb/gp_source_search/historical_expansion/alipurduar_CONSTITUENCY_5fe98655.pdf,fd2063117af535c39b67f049573eb3ff1a8fcea3df4ba8c56deb6f6979cdba59,40,1,4,"[24.959999999999997, 17.75999999999999, 822.7199999999999, 560.64]","[""Kalchini"", ""11,Kalchini (ST)/47"", ""41, Gudamline SSK (New Building)\n(Room No. 1)"", ""Dalsingpara/I"", ""1"", ""Dalsingpara/PS-7"", ""Kalchini/ZP-6""]",,native_fields_parsed
West Bengal,Alipurduar,2018,constituency_crosswalk,Dalsingpara,Dalsingpara/II,2,"11,Kalchini (ST)/48","42, Gudamline SSK (New Building)
(Room No. 2)",Dalsingpara/PS-7,Kalchini/ZP-6,data/wb/gp_source_search/historical_expansion/alipurduar_CONSTITUENCY_5fe98655.pdf,fd2063117af535c39b67f049573eb3ff1a8fcea3df4ba8c56deb6f6979cdba59,40,1,5,"[24.959999999999997, 17.75999999999999, 822.7199999999999, 560.64]","[""Kalchini"", ""11,Kalchini (ST)/48"", ""42, Gudamline SSK (New Building)\n(Room No. 2)"", ""Dalsingpara/II"", ""2"", ""Dalsingpara/PS-7"", ""Kalchini/ZP-6""]",,native_fields_parsed
West Bengal,Alipurduar,2018,constituency_crosswalk,Dalsingpara,Dalsingpara/III,3,"11,Kalchini (ST)/49","43/1, Sri Ganesh Vidyalaya (Room No.
1)",Dalsingpara/PS-7,Kalchini/ZP-6,data/wb/gp_source_search/historical_expansion/alipurduar_CONSTITUENCY_5fe98655.pdf,fd2063117af535c39b67f049573eb3ff1a8fcea3df4ba8c56deb6f6979cdba59,40,1,6,"[24.959999999999997, 17.75999999999999, 822.7199999999999, 560.64]","[""Kalchini"", ""11,Kalchini (ST)/49"", ""43/1, Sri Ganesh Vidyalaya (Room No.\n1)"", ""Dalsingpara/III"", ""3"", ""Dalsingpara/PS-7"", ""Kalchini/ZP-6""]",,native_fields_parsed
West Bengal,Alipurduar,2018,constituency_crosswalk,Dalsingpara,Dalsingpara/III,3,"11,Kalchini (ST)/50","43/2, Sri Ganesh Vidyalaya (Room No.
2)",Dalsingpara/PS-7,Kalchini/ZP-6,data/wb/gp_source_search/historical_expansion/alipurduar_CONSTITUENCY_5fe98655.pdf,fd2063117af535c39b67f049573eb3ff1a8fcea3df4ba8c56deb6f6979cdba59,40,1,7,"[24.959999999999997, 17.75999999999999, 822.7199999999999, 560.64]","[""Kalchini"", ""11,Kalchini (ST)/50"", ""43/2, Sri Ganesh Vidyalaya (Room No.\n2)"", ""Dalsingpara/III"", ""3"", ""Dalsingpara/PS-7"", ""Kalchini/ZP-6""]",,native_fields_parsed
West Bengal,Alipurduar,2018,constituency_crosswalk,Dalsingpara,Dalsingpara/IV,4,"11,Kalchini (ST)/51","44, Dalsingpara Saraswati Hindi Pry.
School (Room No. 1)",Dalsingpara/PS-8,Kalchini/ZP-6,data/wb/gp_source_search/historical_expansion/alipurduar_CONSTITUENCY_5fe98655.pdf,fd2063117af535c39b67f049573eb3ff1a8fcea3df4ba8c56deb6f6979cdba59,40,1,8,"[24.959999999999997, 17.75999999999999, 822.7199999999999, 560.64]","[""Kalchini"", ""11,Kalchini (ST)/51"", ""44, Dalsingpara Saraswati Hindi Pry.\nSchool (Room No. 1)"", ""Dalsingpara/IV"", ""4"", ""Dalsingpara/PS-8"", ""Kalchini/ZP-6""]",,native_fields_parsed
West Bengal,Alipurduar,2018,constituency_crosswalk,Dalsingpara,Dalsingpara/V,5,"11,Kalchini (ST)/52","45, Dalsingpara Saraswati Hindi Pry.
School (Room No. 2)",Dalsingpara/PS-8,Kalchini/ZP-6,data/wb/gp_source_search/historical_expansion/alipurduar_CONSTITUENCY_5fe98655.pdf,fd2063117af535c39b67f049573eb3ff1a8fcea3df4ba8c56deb6f6979cdba59,40,1,9,"[24.959999999999997, 17.75999999999999, 822.7199999999999, 560.64]","[""Kalchini"", ""11,Kalchini (ST)/52"", ""45, Dalsingpara Saraswati Hindi Pry.\nSchool (Room No. 2)"", ""Dalsingpara/V"", ""5"", ""Dalsingpara/PS-8"", ""Kalchini/ZP-6""]",,native_fields_parsed
West Bengal,Alipurduar,2018,constituency_crosswalk,Dalsingpara,Dalsingpara/VI,6,"11,Kalchini (ST)/53","46, Sri Ganesh Vidyalaya (Room No. 3)",Dalsingpara/PS-8,Kalchini/ZP-6,data/wb/gp_source_search/historical_expansion/alipurduar_CONSTITUENCY_5fe98655.pdf,fd2063117af535c39b67f049573eb3ff1a8fcea3df4ba8c56deb6f6979cdba59,40,1,10,"[24.959999999999997, 17.75999999999999, 822.7199999999999, 560.64]","[""Kalchini"", ""11,Kalchini (ST)/53"", ""46, Sri Ganesh Vidyalaya (Room No. 3)"", ""Dalsingpara/VI"", ""6"", ""Dalsingpara/PS-8"", ""Kalchini/ZP-6""]",,native_fields_parsed
West Bengal,Alipurduar,2018,constituency_crosswalk,Dalsingpara,Dalsingpara/VII,7,"11,Kalchini (ST)/54","47, Gopal Bahadur Busty Upperline SSK
(New Building)",Dalsingpara/PS-8,Kalchini/ZP-6,data/wb/gp_source_search/historical_expansion/alipurduar_CONSTITUENCY_5fe98655.pdf,fd2063117af535c39b67f049573eb3ff1a8fcea3df4ba8c56deb6f6979cdba59,40,1,11,"[24.959999999999997, 17.75999999999999, 822.7199999999999, 560.64]","[""Kalchini"", ""11,Kalchini (ST)/54"", ""47, Gopal Bahadur Busty Upperline SSK\n(New Building)"", ""Dalsingpara/VII"", ""7"", ""Dalsingpara/PS-8"", ""Kalchini/ZP-6""]",,native_fields_parsed
West Bengal,Alipurduar,2018,constituency_crosswalk,Dalsingpara,Dalsingpara/VIII,8,"11,Kalchini (ST)/55","48, Nilpara FVP School",Dalsingpara/PS-8,Kalchini/ZP-6,data/wb/gp_source_search/historical_expansion/alipurduar_CONSTITUENCY_5fe98655.pdf,fd2063117af535c39b67f049573eb3ff1a8fcea3df4ba8c56deb6f6979cdba59,40,1,12,"[24.959999999999997, 17.75999999999999, 822.7199999999999, 560.64]","[""Kalchini"", ""11,Kalchini (ST)/55"", ""48, Nilpara FVP School"", ""Dalsingpara/VIII"", ""8"", ""Dalsingpara/PS-8"", ""Kalchini/ZP-6""]",,native_fields_parsed
West Bengal,Alipurduar,2018,constituency_crosswalk,Dalsingpara,Dalsingpara/IX,9,"11,Kalchini (ST)/56","49/1, Dalsingpara Station Line SSK",Dalsingpara/PS-9,Kalchini/ZP-6,data/wb/gp_source_search/historical_expansion/alipurduar_CONSTITUENCY_5fe98655.pdf,fd2063117af535c39b67f049573eb3ff1a8fcea3df4ba8c56deb6f6979cdba59,40,1,13,"[24.959999999999997, 17.75999999999999, 822.7199999999999, 560.64]","[""Kalchini"", ""11,Kalchini (ST)/56"", ""49/1, Dalsingpara Station Line SSK"", ""Dalsingpara/IX"", ""9"", ""Dalsingpara/PS-9"", ""Kalchini/ZP-6""]",,native_fields_parsed
West Bengal,Alipurduar,2018,constituency_crosswalk,Dalsingpara,Dalsingpara/IX,9,"11,Kalchini (ST)/57","49/2, Dalsingpara Multipurpose SSK",Dalsingpara/PS-9,Kalchini/ZP-6,data/wb/gp_source_search/historical_expansion/alipurduar_CONSTITUENCY_5fe98655.pdf,fd2063117af535c39b67f049573eb3ff1a8fcea3df4ba8c56deb6f6979cdba59,40,1,14,"[24.959999999999997, 17.75999999999999, 822.7199999999999, 560.64]","[""Kalchini"", ""11,Kalchini (ST)/57"", ""49/2, Dalsingpara Multipurpose SSK"", ""Dalsingpara/IX"", ""9"", ""Dalsingpara/PS-9"", ""Kalchini/ZP-6""]",,native_fields_parsed
West Bengal,Alipurduar,2018,constituency_crosswalk,Dalsingpara,Dalsingpara/X,10,"11,Kalchini (ST)/58","50, Dalsingpara Chhetri Line Nepali
Adarsha Pathsala (Room No. 1)",Dalsingpara/PS-9,Kalchini/ZP-6,data/wb/gp_source_search/historical_expansion/alipurduar_CONSTITUENCY_5fe98655.pdf,fd2063117af535c39b67f049573eb3ff1a8fcea3df4ba8c56deb6f6979cdba59,40,1,15,"[24.959999999999997, 17.75999999999999, 822.7199999999999, 560.64]","[""Kalchini"", ""11,Kalchini (ST)/58"", ""50, Dalsingpara Chhetri Line Nepali\nAdarsha Pathsala (Room No. 1)"", ""Dalsingpara/X"", ""10"", ""Dalsingpara/PS-9"", ""Kalchini/ZP-6""]",,native_fields_parsed
West Bengal,Alipurduar,2018,constituency_crosswalk,Dalsingpara,Dalsingpara/XI,11,"11,Kalchini (ST)/59","51, Dalsingpara Chhetri Line Nepali
Adarsha Pathsala (Room No. 2)",Dalsingpara/PS-9,Kalchini/ZP-6,data/wb/gp_source_search/historical_expansion/alipurduar_CONSTITUENCY_5fe98655.pdf,fd2063117af535c39b67f049573eb3ff1a8fcea3df4ba8c56deb6f6979cdba59,40,1,16,"[24.959999999999997, 17.75999999999999, 822.7199999999999, 560.64]","[""Kalchini"", ""11,Kalchini (ST)/59"", ""51, Dalsingpara Chhetri Line Nepali\nAdarsha Pathsala (Room No. 2)"", ""Dalsingpara/XI"", ""11"", ""Dalsingpara/PS-9"", ""Kalchini/ZP-6""]",,native_fields_parsed
West Bengal,Alipurduar,2018,constituency_crosswalk,Dalsingpara,Dalsingpara/XII,12,"11,Kalchini (ST)/60","52, Sishu Siksha Kendra, Guhelo Busty",Dalsingpara/PS-9,Kalchini/ZP-6,data/wb/gp_source_search/historical_expansion/alipurduar_CONSTITUENCY_5fe98655.pdf,fd2063117af535c39b67f049573eb3ff1a8fcea3df4ba8c56deb6f6979cdba59,40,1,17,"[24.959999999999997, 17.75999999999999, 822.7199999999999, 560.64]","[""Kalchini"", ""11,Kalchini (ST)/60"", ""52, Sishu Siksha Kendra, Guhelo Busty"", ""Dalsingpara/XII"", ""12"", ""Dalsingpara/PS-9"", ""Kalchini/ZP-6""]",,native_fields_parsed
West Bengal,Alipurduar,2018,constituency_crosswalk,Dalsingpara,Dalsingpara/XIII,13,"11,Kalchini (ST)/61","53, Mahua TG Pry School",Dalsingpara/PS-9,Kalchini/ZP-6,data/wb/gp_source_search/historical_expansion/alipurduar_CONSTITUENCY_5fe98655.pdf,fd2063117af535c39b67f049573eb3ff1a8fcea3df4ba8c56deb6f6979cdba59,40,1,18,"[24.959999999999997, 17.75999999999999, 822.7199999999999, 560.64]","[""Kalchini"", ""11,Kalchini (ST)/61"", ""53, Mahua TG Pry School"", ""Dalsingpara/XIII"", ""13"", ""Dalsingpara/PS-9"", ""Kalchini/ZP-6""]",,native_fields_parsed
West Bengal,Alipurduar,2018,constituency_crosswalk,Chuapara,Chuapara/I,1,"11,Kalchini (ST)/62","54, Mechpara 2-No Line SSK (Room
No. 1)",Chuapara/PS-10,Kalchini/ZP-7,data/wb/gp_source_search/historical_expansion/alipurduar_CONSTITUENCY_5fe98655.pdf,fd2063117af535c39b67f049573eb3ff1a8fcea3df4ba8c56deb6f6979cdba59,40,1,19,"[24.959999999999997, 17.75999999999999, 822.7199999999999, 560.64]","[""Kalchini"", ""11,Kalchini (ST)/62"", ""54, Mechpara 2-No Line SSK (Room\nNo. 1)"", ""Chuapara/I"", ""1"", ""Chuapara/PS-10"", ""Kalchini/ZP-7""]",,native_fields_parsed
West Bengal,Alipurduar,2018,constituency_crosswalk,Chuapara,Chuapara/II,2,"11,Kalchini (ST)/63","55, Mechpara 2-No Line SSK (Room
No. 2)",Chuapara/PS-10,Kalchini/ZP-7,data/wb/gp_source_search/historical_expansion/alipurduar_CONSTITUENCY_5fe98655.pdf,fd2063117af535c39b67f049573eb3ff1a8fcea3df4ba8c56deb6f6979cdba59,40,1,20,"[24.959999999999997, 17.75999999999999, 822.7199999999999, 560.64]","[""Kalchini"", ""11,Kalchini (ST)/63"", ""55, Mechpara 2-No Line SSK (Room\nNo. 2)"", ""Chuapara/II"", ""2"", ""Chuapara/PS-10"", ""Kalchini/ZP-7""]",,native_fields_parsed
West Bengal,Alipurduar,2018,constituency_crosswalk,CChhuuaappaarraa/,CChhuuaappaarraa//IIIIII,33,"1111,,KKaallcchhiinnii ((SSTT))//6644","5566,, MMeecchhppaarraa TT..GG.. PPrryy.. SScchhooooll",CChhuuaappaarraa//PPSS--1100,KKaallcchhiinnii//ZZPP--77,data/wb/gp_source_search/historical_expansion/alipurduar_CONSTITUENCY_5fe98655.pdf,fd2063117af535c39b67f049573eb3ff1a8fcea3df4ba8c56deb6f6979cdba59,40,1,21,"[24.959999999999997, 17.75999999999999, 822.7199999999999, 560.64]","[""KKaallcchhiinnii"", ""1111,,KKaallcchhiinnii ((SSTT))//6644"", ""5566,, MMeecchhppaarraa TT..GG.. PPrryy.. SScchhooooll"", ""CChhuuaappaarraa//IIIIII"", ""33"", ""CChhuuaappaarraa//PPSS--1100"", ""KKaallcchhiinnii//ZZPP--77""]",duplicated_native_glyphs,needs_review
West Bengal,Alipurduar,2018,constituency_crosswalk,Chuapara,Chuapara/IV,4,"11,Kalchini (ST)/65","57, Bhado Line SSK",Chuapara/PS-10,Kalchini/ZP-7,data/wb/gp_source_search/historical_expansion/alipurduar_CONSTITUENCY_5fe98655.pdf,fd2063117af535c39b67f049573eb3ff1a8fcea3df4ba8c56deb6f6979cdba59,40,1,22,"[24.959999999999997, 17.75999999999999, 822.7199999999999, 560.64]","[""Kalchini"", ""11,Kalchini (ST)/65"", ""57, Bhado Line SSK"", ""Chuapara/IV"", ""4"", ""Chuapara/PS-10"", ""Kalchini/ZP-7""]",,native_fields_parsed
West Bengal,Alipurduar,2018,constituency_crosswalk,Chuapara,Chuapara/V,5,"11,Kalchini (ST)/66","58, Kumar Thapa Smriti Nepali
Pathsala",Chuapara/PS-10,Kalchini/ZP-7,data/wb/gp_source_search/historical_expansion/alipurduar_CONSTITUENCY_5fe98655.pdf,fd2063117af535c39b67f049573eb3ff1a8fcea3df4ba8c56deb6f6979cdba59,41,1,1,"[24.959999999999997, 17.75999999999999, 822.7199999999999, 569.52]","[""Kalchini"", ""11,Kalchini (ST)/66"", ""58, Kumar Thapa Smriti Nepali\nPathsala"", ""Chuapara/V"", ""5"", ""Chuapara/PS-10"", ""Kalchini/ZP-7""]",,native_fields_parsed
West Bengal,Alipurduar,2018,constituency_crosswalk,Chuapara,Chuapara/VI,6,"11,Kalchini (ST)/67","59, Mechpara TG No. 8 Mazdoor Club",Chuapara/PS-10,Kalchini/ZP-7,data/wb/gp_source_search/historical_expansion/alipurduar_CONSTITUENCY_5fe98655.pdf,fd2063117af535c39b67f049573eb3ff1a8fcea3df4ba8c56deb6f6979cdba59,41,1,2,"[24.959999999999997, 17.75999999999999, 822.7199999999999, 569.52]","[""Kalchini"", ""11,Kalchini (ST)/67"", ""59, Mechpara TG No. 8 Mazdoor Club"", ""Chuapara/VI"", ""6"", ""Chuapara/PS-10"", ""Kalchini/ZP-7""]",,native_fields_parsed
West Bengal,Alipurduar,2018,constituency_crosswalk,Chuapara,Chuapara/VII,7,"11,Kalchini (ST)/68","60, Chuapara G.P. Office",Chuapara/PS-11,Kalchini/ZP-7,data/wb/gp_source_search/historical_expansion/alipurduar_CONSTITUENCY_5fe98655.pdf,fd2063117af535c39b67f049573eb3ff1a8fcea3df4ba8c56deb6f6979cdba59,41,1,3,"[24.959999999999997, 17.75999999999999, 822.7199999999999, 569.52]","[""Kalchini"", ""11,Kalchini (ST)/68"", ""60, Chuapara G.P. Office"", ""Chuapara/VII"", ""7"", ""Chuapara/PS-11"", ""Kalchini/ZP-7""]",,native_fields_parsed
West Bengal,Alipurduar,2018,constituency_crosswalk,Chuapara,Chuapara/VIII,8,"11,Kalchini (ST)/69","61, Chuapara TG Pry. School (No. 3
New Building)",Chuapara/PS-11,Kalchini/ZP-7,data/wb/gp_source_search/historical_expansion/alipurduar_CONSTITUENCY_5fe98655.pdf,fd2063117af535c39b67f049573eb3ff1a8fcea3df4ba8c56deb6f6979cdba59,41,1,4,"[24.959999999999997, 17.75999999999999, 822.7199999999999, 569.52]","[""Kalchini"", ""11,Kalchini (ST)/69"", ""61, Chuapara TG Pry. School (No. 3\nNew Building)"", ""Chuapara/VIII"", ""8"", ""Chuapara/PS-11"", ""Kalchini/ZP-7""]",,native_fields_parsed
West Bengal,Alipurduar,2018,constituency_crosswalk,Chuapara,Chuapara/IX,9,"11,Kalchini (ST)/70","62/1, Chuapara T.G. Pry. School (Room
No. 1)",Chuapara/PS-11,Kalchini/ZP-7,data/wb/gp_source_search/historical_expansion/alipurduar_CONSTITUENCY_5fe98655.pdf,fd2063117af535c39b67f049573eb3ff1a8fcea3df4ba8c56deb6f6979cdba59,41,1,5,"[24.959999999999997, 17.75999999999999, 822.7199999999999, 569.52]","[""Kalchini"", ""11,Kalchini (ST)/70"", ""62/1, Chuapara T.G. Pry. School (Room\nNo. 1)"", ""Chuapara/IX"", ""9"", ""Chuapara/PS-11"", ""Kalchini/ZP-7""]",,native_fields_parsed
West Bengal,Alipurduar,2018,constituency_crosswalk,Chuapara,Chuapara/IX,9,"11,Kalchini (ST)/71","62/2, Chuapara T.G. Pry. School (Room
No. 2)",Chuapara/PS-11,Kalchini/ZP-7,data/wb/gp_source_search/historical_expansion/alipurduar_CONSTITUENCY_5fe98655.pdf,fd2063117af535c39b67f049573eb3ff1a8fcea3df4ba8c56deb6f6979cdba59,41,1,6,"[24.959999999999997, 17.75999999999999, 822.7199999999999, 569.52]","[""Kalchini"", ""11,Kalchini (ST)/71"", ""62/2, Chuapara T.G. Pry. School (Room\nNo. 2)"", ""Chuapara/IX"", ""9"", ""Chuapara/PS-11"", ""Kalchini/ZP-7""]",,native_fields_parsed
West Bengal,Alipurduar,2018,constituency_crosswalk,Chuapara,Chuapara/X,10,"11,Kalchini (ST)/72","63, Chuapara T.G. Jr. High School",Chuapara/PS-11,Kalchini/ZP-7,data/wb/gp_source_search/historical_expansion/alipurduar_CONSTITUENCY_5fe98655.pdf,fd2063117af535c39b67f049573eb3ff1a8fcea3df4ba8c56deb6f6979cdba59,41,1,7,"[24.959999999999997, 17.75999999999999, 822.7199999999999, 569.52]","[""Kalchini"", ""11,Kalchini (ST)/72"", ""63, Chuapara T.G. Jr. High School"", ""Chuapara/X"", ""10"", ""Chuapara/PS-11"", ""Kalchini/ZP-7""]",,native_fields_parsed
West Bengal,Alipurduar,2018,constituency_crosswalk,Chuapara,Chuapara/XI,11,"11,Kalchini (ST)/73","64, New Line SSK",Chuapara/PS-11,Kalchini/ZP-7,data/wb/gp_source_search/historical_expansion/alipurduar_CONSTITUENCY_5fe98655.pdf,fd2063117af535c39b67f049573eb3ff1a8fcea3df4ba8c56deb6f6979cdba59,41,1,8,"[24.959999999999997, 17.75999999999999, 822.7199999999999, 569.52]","[""Kalchini"", ""11,Kalchini (ST)/73"", ""64, New Line SSK"", ""Chuapara/XI"", ""11"", ""Chuapara/PS-11"", ""Kalchini/ZP-7""]",,native_fields_parsed
West Bengal,Alipurduar,2018,constituency_crosswalk,Chuapara,Chuapara/XII,12,"11,Kalchini (ST)/74","65, Radharani T.G. Pry. School",Chuapara/PS-11,Kalchini/ZP-7,data/wb/gp_source_search/historical_expansion/alipurduar_CONSTITUENCY_5fe98655.pdf,fd2063117af535c39b67f049573eb3ff1a8fcea3df4ba8c56deb6f6979cdba59,41,1,9,"[24.959999999999997, 17.75999999999999, 822.7199999999999, 569.52]","[""Kalchini"", ""11,Kalchini (ST)/74"", ""65, Radharani T.G. Pry. School"", ""Chuapara/XII"", ""12"", ""Chuapara/PS-11"", ""Kalchini/ZP-7""]",,native_fields_parsed
West Bengal,Alipurduar,2018,constituency_crosswalk,Chuapara,Chuapara/XIII,13,"11,Kalchini (ST)/75","66, Central Duars T.G. Pry. School",Chuapara/PS-12,Kalchini/ZP-7,data/wb/gp_source_search/historical_expansion/alipurduar_CONSTITUENCY_5fe98655.pdf,fd2063117af535c39b67f049573eb3ff1a8fcea3df4ba8c56deb6f6979cdba59,41,1,10,"[24.959999999999997, 17.75999999999999, 822.7199999999999, 569.52]","[""Kalchini"", ""11,Kalchini (ST)/75"", ""66, Central Duars T.G. Pry. School"", ""Chuapara/XIII"", ""13"", ""Chuapara/PS-12"", ""Kalchini/ZP-7""]",,native_fields_parsed
West Bengal,Alipurduar,2018,constituency_crosswalk,Chuapara,Chuapara/XIV,14,"11,Kalchini (ST)/76","67, Hatimara Sishu Siksha Kendra",Chuapara/PS-12,Kalchini/ZP-7,data/wb/gp_source_search/historical_expansion/alipurduar_CONSTITUENCY_5fe98655.pdf,fd2063117af535c39b67f049573eb3ff1a8fcea3df4ba8c56deb6f6979cdba59,41,1,11,"[24.959999999999997, 17.75999999999999, 822.7199999999999, 569.52]","[""Kalchini"", ""11,Kalchini (ST)/76"", ""67, Hatimara Sishu Siksha Kendra"", ""Chuapara/XIV"", ""14"", ""Chuapara/PS-12"", ""Kalchini/ZP-7""]",,native_fields_parsed
West Bengal,Alipurduar,2018,constituency_crosswalk,Chuapara,Chuapara/XV,15,"11,Kalchini (ST)/77","68, Hatkhola SSK (Room No. 1)",Chuapara/PS-12,Kalchini/ZP-7,data/wb/gp_source_search/historical_expansion/alipurduar_CONSTITUENCY_5fe98655.pdf,fd2063117af535c39b67f049573eb3ff1a8fcea3df4ba8c56deb6f6979cdba59,41,1,12,"[24.959999999999997, 17.75999999999999, 822.7199999999999, 569.52]","[""Kalchini"", ""11,Kalchini (ST)/77"", ""68, Hatkhola SSK (Room No. 1)"", ""Chuapara/XV"", ""15"", ""Chuapara/PS-12"", ""Kalchini/ZP-7""]",,native_fields_parsed
West Bengal,Alipurduar,2018,constituency_crosswalk,Chuapara,Chuapara/XVI,16,"11,Kalchini (ST)/78","6699//11,, CCeennttrraall DDooooaarrss TT..GG.. PPaannaa DDiivvnn..
Pry. School",Chuapara/PS-12,Kalchini/ZP-7,data/wb/gp_source_search/historical_expansion/alipurduar_CONSTITUENCY_5fe98655.pdf,fd2063117af535c39b67f049573eb3ff1a8fcea3df4ba8c56deb6f6979cdba59,41,1,13,"[24.959999999999997, 17.75999999999999, 822.7199999999999, 569.52]","[""Kalchini"", ""11,Kalchini (ST)/78"", ""6699//11,, CCeennttrraall DDooooaarrss TT..GG.. PPaannaa DDiivvnn..\nPry. School"", ""Chuapara/XVI"", ""16"", ""Chuapara/PS-12"", ""Kalchini/ZP-7""]",duplicated_native_glyphs,needs_review
West Bengal,Alipurduar,2018,constituency_crosswalk,Chuapara,Chuapara/XVI,16,"11,Kalchini (ST)/79","69/2, Hatkhola SSK (Room No. 2)",Chuapara/PS-12,Kalchini/ZP-7,data/wb/gp_source_search/historical_expansion/alipurduar_CONSTITUENCY_5fe98655.pdf,fd2063117af535c39b67f049573eb3ff1a8fcea3df4ba8c56deb6f6979cdba59,41,1,14,"[24.959999999999997, 17.75999999999999, 822.7199999999999, 569.52]","[""Kalchini"", ""11,Kalchini (ST)/79"", ""69/2, Hatkhola SSK (Room No. 2)"", ""Chuapara/XVI"", ""16"", ""Chuapara/PS-12"", ""Kalchini/ZP-7""]",,native_fields_parsed
West Bengal,Alipurduar,2018,constituency_crosswalk,Chuapara,Chuapara/XVII,17,"11,Kalchini (ST)/80","70/1, Central Dooars T.G. Rangamati
Divn. Pry. School",Chuapara/PS-12,Kalchini/ZP-7,data/wb/gp_source_search/historical_expansion/alipurduar_CONSTITUENCY_5fe98655.pdf,fd2063117af535c39b67f049573eb3ff1a8fcea3df4ba8c56deb6f6979cdba59,41,1,15,"[24.959999999999997, 17.75999999999999, 822.7199999999999, 569.52]","[""Kalchini"", ""11,Kalchini (ST)/80"", ""70/1, Central Dooars T.G. Rangamati\nDivn. Pry. School"", ""Chuapara/XVII"", ""17"", ""Chuapara/PS-12"", ""Kalchini/ZP-7""]",,native_fields_parsed
West Bengal,Alipurduar,2018,constituency_crosswalk,Chuapara,Chuapara/XVII,17,"11,Kalchini (ST)/81","70/2, ICDS Centre Rangamati Division",Chuapara/PS-12,Kalchini/ZP-7,data/wb/gp_source_search/historical_expansion/alipurduar_CONSTITUENCY_5fe98655.pdf,fd2063117af535c39b67f049573eb3ff1a8fcea3df4ba8c56deb6f6979cdba59,41,1,16,"[24.959999999999997, 17.75999999999999, 822.7199999999999, 569.52]","[""Kalchini"", ""11,Kalchini (ST)/81"", ""70/2, ICDS Centre Rangamati Division"", ""Chuapara/XVII"", ""17"", ""Chuapara/PS-12"", ""Kalchini/ZP-7""]",,native_fields_parsed
West Bengal,Alipurduar,2018,constituency_crosswalk,Chuapara,Chuapara/XVIII,18,"11,Kalchini (ST)/82","71, Central Duars T.G. Basra Divn. Pry.
School",Chuapara/PS-12,Kalchini/ZP-7,data/wb/gp_source_search/historical_expansion/alipurduar_CONSTITUENCY_5fe98655.pdf,fd2063117af535c39b67f049573eb3ff1a8fcea3df4ba8c56deb6f6979cdba59,41,1,17,"[24.959999999999997, 17.75999999999999, 822.7199999999999, 569.52]","[""Kalchini"", ""11,Kalchini (ST)/82"", ""71, Central Duars T.G. Basra Divn. Pry.\nSchool"", ""Chuapara/XVIII"", ""18"", ""Chuapara/PS-12"", ""Kalchini/ZP-7""]",,native_fields_parsed
West Bengal,Alipurduar,2018,constituency_crosswalk,Malangi,Malangi/I,1,"11,Kalchini (ST)/83","72, Beech T.G. Forest Line Pry. School",Malangi/PS-13,Kalchini/ZP-8,data/wb/gp_source_search/historical_expansion/alipurduar_CONSTITUENCY_5fe98655.pdf,fd2063117af535c39b67f049573eb3ff1a8fcea3df4ba8c56deb6f6979cdba59,41,1,18,"[24.959999999999997, 17.75999999999999, 822.7199999999999, 569.52]","[""Kalchini"", ""11,Kalchini (ST)/83"", ""72, Beech T.G. Forest Line Pry. School"", ""Malangi/I"", ""1"", ""Malangi/PS-13"", ""Kalchini/ZP-8""]",,native_fields_parsed
West Bengal,Alipurduar,2018,constituency_crosswalk,Malangi,Malangi/II,2,"11,Kalchini (ST)/84","73, Beech T.G. ICDS Centre, Gudam
Line",Malangi/PS-13,Kalchini/ZP-8,data/wb/gp_source_search/historical_expansion/alipurduar_CONSTITUENCY_5fe98655.pdf,fd2063117af535c39b67f049573eb3ff1a8fcea3df4ba8c56deb6f6979cdba59,41,1,19,"[24.959999999999997, 17.75999999999999, 822.7199999999999, 569.52]","[""Kalchini"", ""11,Kalchini (ST)/84"", ""73, Beech T.G. ICDS Centre, Gudam\nLine"", ""Malangi/II"", ""2"", ""Malangi/PS-13"", ""Kalchini/ZP-8""]",,native_fields_parsed
West Bengal,Alipurduar,2018,constituency_crosswalk,Malangi,Malangi/III,3,"11,Kalchini (ST)/85","74/1, Beech T.G. Pry. School (Room
No. 1)",Malangi/PS-13,Kalchini/ZP-8,data/wb/gp_source_search/historical_expansion/alipurduar_CONSTITUENCY_5fe98655.pdf,fd2063117af535c39b67f049573eb3ff1a8fcea3df4ba8c56deb6f6979cdba59,41,1,20,"[24.959999999999997, 17.75999999999999, 822.7199999999999, 569.52]","[""Kalchini"", ""11,Kalchini (ST)/85"", ""74/1, Beech T.G. Pry. School (Room\nNo. 1)"", ""Malangi/III"", ""3"", ""Malangi/PS-13"", ""Kalchini/ZP-8""]",,native_fields_parsed
West Bengal,Alipurduar,2018,constituency_crosswalk,Malangi,Malangi/III,3,"11,Kalchini (ST)/86","74/2, Beech T.G. Pry. School (Room
No. 1)",Malangi/PS-13,Kalchini/ZP-8,data/wb/gp_source_search/historical_expansion/alipurduar_CONSTITUENCY_5fe98655.pdf,fd2063117af535c39b67f049573eb3ff1a8fcea3df4ba8c56deb6f6979cdba59,41,1,21,"[24.959999999999997, 17.75999999999999, 822.7199999999999, 569.52]","[""Kalchini"", ""11,Kalchini (ST)/86"", ""74/2, Beech T.G. Pry. School (Room\nNo. 1)"", ""Malangi/III"", ""3"", ""Malangi/PS-13"", ""Kalchini/ZP-8""]",,native_fields_parsed
West Bengal,Alipurduar,2018,constituency_crosswalk,Malangi,Malangi/IV,4,"11,Kalchini (ST)/87","75, Beech T.G. Pry. School (Room No.
11))",Malangi/PS-13,Kalchini/ZP-8,data/wb/gp_source_search/historical_expansion/alipurduar_CONSTITUENCY_5fe98655.pdf,fd2063117af535c39b67f049573eb3ff1a8fcea3df4ba8c56deb6f6979cdba59,41,1,22,"[24.959999999999997, 17.75999999999999, 822.7199999999999, 569.52]","[""Kalchini"", ""11,Kalchini (ST)/87"", ""75, Beech T.G. Pry. School (Room No.\n11))"", ""Malangi/IV"", ""4"", ""Malangi/PS-13"", ""Kalchini/ZP-8""]",,native_fields_parsed
West Bengal,Alipurduar,2018,constituency_crosswalk,Malangi,Malangi/V,5,"11,Kalchini (ST)/88","76, Beech TG Bahun Line ICDS Centre",Malangi/PS-13,Kalchini/ZP-8,data/wb/gp_source_search/historical_expansion/alipurduar_CONSTITUENCY_5fe98655.pdf,fd2063117af535c39b67f049573eb3ff1a8fcea3df4ba8c56deb6f6979cdba59,41,1,23,"[24.959999999999997, 17.75999999999999, 822.7199999999999, 569.52]","[""Kalchini"", ""11,Kalchini (ST)/88"", ""76, Beech TG Bahun Line ICDS Centre"", ""Malangi/V"", ""5"", ""Malangi/PS-13"", ""Kalchini/ZP-8""]",,native_fields_parsed
West Bengal,Alipurduar,2018,constituency_crosswalk,Malangi,Malangi/VI,6,"11,Kalchini (ST)/89","77, Beech TG Multipurpose Building",Malangi/PS-13,Kalchini/ZP-8,data/wb/gp_source_search/historical_expansion/alipurduar_CONSTITUENCY_5fe98655.pdf,fd2063117af535c39b67f049573eb3ff1a8fcea3df4ba8c56deb6f6979cdba59,42,1,1,"[24.959999999999997, 17.75999999999999, 822.7199999999999, 555.0]","[""Kalchini"", ""11,Kalchini (ST)/89"", ""77, Beech TG Multipurpose Building"", ""Malangi/VI"", ""6"", ""Malangi/PS-13"", ""Kalchini/ZP-8""]",,native_fields_parsed
West Bengal,Alipurduar,2018,constituency_crosswalk,Malangi,Malangi/VII,7,"11,Kalchini (ST)/90","78/1, Beech T.G. Haldibari Out Divn.
Pry. School (Room No. 1)",Malangi/PS-13,Kalchini/ZP-8,data/wb/gp_source_search/historical_expansion/alipurduar_CONSTITUENCY_5fe98655.pdf,fd2063117af535c39b67f049573eb3ff1a8fcea3df4ba8c56deb6f6979cdba59,42,1,2,"[24.959999999999997, 17.75999999999999, 822.7199999999999, 555.0]","[""Kalchini"", ""11,Kalchini (ST)/90"", ""78/1, Beech T.G. Haldibari Out Divn.\nPry. School (Room No. 1)"", ""Malangi/VII"", ""7"", ""Malangi/PS-13"", ""Kalchini/ZP-8""]",,native_fields_parsed
West Bengal,Alipurduar,2018,constituency_crosswalk,Malangi,Malangi/VII,7,"11,Kalchini (ST)/91","78/2, Beech T.G. Haldibari Out Divn.
Pry. School (Room No. 2)",Malangi/PS-13,Kalchini/ZP-8,data/wb/gp_source_search/historical_expansion/alipurduar_CONSTITUENCY_5fe98655.pdf,fd2063117af535c39b67f049573eb3ff1a8fcea3df4ba8c56deb6f6979cdba59,42,1,3,"[24.959999999999997, 17.75999999999999, 822.7199999999999, 555.0]","[""Kalchini"", ""11,Kalchini (ST)/91"", ""78/2, Beech T.G. Haldibari Out Divn.\nPry. School (Room No. 2)"", ""Malangi/VII"", ""7"", ""Malangi/PS-13"", ""Kalchini/ZP-8""]",,native_fields_parsed
West Bengal,Alipurduar,2018,constituency_crosswalk,Malangi,Malangi/VIII,8,"11,Kalchini (ST)/92","79, Malangi 8 No. Pry. School (Room
No. 1)",Malangi/PS-14,Kalchini/ZP-8,data/wb/gp_source_search/historical_expansion/alipurduar_CONSTITUENCY_5fe98655.pdf,fd2063117af535c39b67f049573eb3ff1a8fcea3df4ba8c56deb6f6979cdba59,42,1,4,"[24.959999999999997, 17.75999999999999, 822.7199999999999, 555.0]","[""Kalchini"", ""11,Kalchini (ST)/92"", ""79, Malangi 8 No. Pry. School (Room\nNo. 1)"", ""Malangi/VIII"", ""8"", ""Malangi/PS-14"", ""Kalchini/ZP-8""]",,native_fields_parsed
West Bengal,Alipurduar,2018,constituency_crosswalk,Malangi,Malangi/IX,9,"11,Kalchini (ST)/93","80/1, Malangi 8 No. Pry. School (Room
No. 2)",Malangi/PS-14,Kalchini/ZP-8,data/wb/gp_source_search/historical_expansion/alipurduar_CONSTITUENCY_5fe98655.pdf,fd2063117af535c39b67f049573eb3ff1a8fcea3df4ba8c56deb6f6979cdba59,42,1,5,"[24.959999999999997, 17.75999999999999, 822.7199999999999, 555.0]","[""Kalchini"", ""11,Kalchini (ST)/93"", ""80/1, Malangi 8 No. Pry. School (Room\nNo. 2)"", ""Malangi/IX"", ""9"", ""Malangi/PS-14"", ""Kalchini/ZP-8""]",,native_fields_parsed
West Bengal,Alipurduar,2018,constituency_crosswalk,Malangi,Malangi/IX,9,"11,Kalchini (ST)/94","80/2, Malangi 8 No. Pry. School (Room
No. 3)",Malangi/PS-14,Kalchini/ZP-8,data/wb/gp_source_search/historical_expansion/alipurduar_CONSTITUENCY_5fe98655.pdf,fd2063117af535c39b67f049573eb3ff1a8fcea3df4ba8c56deb6f6979cdba59,42,1,6,"[24.959999999999997, 17.75999999999999, 822.7199999999999, 555.0]","[""Kalchini"", ""11,Kalchini (ST)/94"", ""80/2, Malangi 8 No. Pry. School (Room\nNo. 3)"", ""Malangi/IX"", ""9"", ""Malangi/PS-14"", ""Kalchini/ZP-8""]",,native_fields_parsed
West Bengal,Alipurduar,2018,constituency_crosswalk,Malangi,Malangi/X,10,"11,Kalchini (ST)/95","81, Satali T.G. Sishu Siksha Kendra",Malangi/PS-14,Kalchini/ZP-8,data/wb/gp_source_search/historical_expansion/alipurduar_CONSTITUENCY_5fe98655.pdf,fd2063117af535c39b67f049573eb3ff1a8fcea3df4ba8c56deb6f6979cdba59,42,1,7,"[24.959999999999997, 17.75999999999999, 822.7199999999999, 555.0]","[""Kalchini"", ""11,Kalchini (ST)/95"", ""81, Satali T.G. Sishu Siksha Kendra"", ""Malangi/X"", ""10"", ""Malangi/PS-14"", ""Kalchini/ZP-8""]",,native_fields_parsed
West Bengal,Alipurduar,2018,constituency_crosswalk,Malangi,Malangi/XI,11,"11,Kalchini (ST)/96","82, Satali T.G. Pry. School",Malangi/PS-14,Kalchini/ZP-8,data/wb/gp_source_search/historical_expansion/alipurduar_CONSTITUENCY_5fe98655.pdf,fd2063117af535c39b67f049573eb3ff1a8fcea3df4ba8c56deb6f6979cdba59,42,1,8,"[24.959999999999997, 17.75999999999999, 822.7199999999999, 555.0]","[""Kalchini"", ""11,Kalchini (ST)/96"", ""82, Satali T.G. Pry. School"", ""Malangi/XI"", ""11"", ""Malangi/PS-14"", ""Kalchini/ZP-8""]",,native_fields_parsed
West Bengal,Alipurduar,2018,constituency_crosswalk,Malangi,Malangi/XII,12,"11,Kalchini (ST)/97","83, Gendra Line ICDS Centre",Malangi/PS-14,Kalchini/ZP-8,data/wb/gp_source_search/historical_expansion/alipurduar_CONSTITUENCY_5fe98655.pdf,fd2063117af535c39b67f049573eb3ff1a8fcea3df4ba8c56deb6f6979cdba59,42,1,9,"[24.959999999999997, 17.75999999999999, 822.7199999999999, 555.0]","[""Kalchini"", ""11,Kalchini (ST)/97"", ""83, Gendra Line ICDS Centre"", ""Malangi/XII"", ""12"", ""Malangi/PS-14"", ""Kalchini/ZP-8""]",,native_fields_parsed
West Bengal,Alipurduar,2018,constituency_crosswalk,Malangi,Malangi/XIII,13,"11,Kalchini (ST)/98","84, Satali T.G. Staff Club",Malangi/PS-14,Kalchini/ZP-8,data/wb/gp_source_search/historical_expansion/alipurduar_CONSTITUENCY_5fe98655.pdf,fd2063117af535c39b67f049573eb3ff1a8fcea3df4ba8c56deb6f6979cdba59,42,1,10,"[24.959999999999997, 17.75999999999999, 822.7199999999999, 555.0]","[""Kalchini"", ""11,Kalchini (ST)/98"", ""84, Satali T.G. Staff Club"", ""Malangi/XIII"", ""13"", ""Malangi/PS-14"", ""Kalchini/ZP-8""]",,native_fields_parsed
West Bengal,Alipurduar,2018,constituency_crosswalk,Malangi,Malangi/XIV,14,"11,Kalchini (ST)/99","85, Mongla Line ICDS Centre",Malangi/PS-14,Kalchini/ZP-8,data/wb/gp_source_search/historical_expansion/alipurduar_CONSTITUENCY_5fe98655.pdf,fd2063117af535c39b67f049573eb3ff1a8fcea3df4ba8c56deb6f6979cdba59,42,1,11,"[24.959999999999997, 17.75999999999999, 822.7199999999999, 555.0]","[""Kalchini"", ""11,Kalchini (ST)/99"", ""85, Mongla Line ICDS Centre"", ""Malangi/XIV"", ""14"", ""Malangi/PS-14"", ""Kalchini/ZP-8""]",,native_fields_parsed
West Bengal,Alipurduar,2018,constituency_crosswalk,Malangi,Malangi/XV,15,"11,Kalchini (ST)/100","8866,, HHaassiimmaarraa HHiigghh SScchhooooll ((BBeennggaallii
Medium)",Malangi/PS-14,Kalchini/ZP-8,data/wb/gp_source_search/historical_expansion/alipurduar_CONSTITUENCY_5fe98655.pdf,fd2063117af535c39b67f049573eb3ff1a8fcea3df4ba8c56deb6f6979cdba59,42,1,12,"[24.959999999999997, 17.75999999999999, 822.7199999999999, 555.0]","[""Kalchini"", ""11,Kalchini (ST)/100"", ""8866,, HHaassiimmaarraa HHiigghh SScchhooooll ((BBeennggaallii\nMedium)"", ""Malangi/XV"", ""15"", ""Malangi/PS-14"", ""Kalchini/ZP-8""]",duplicated_native_glyphs,needs_review
West Bengal,Alipurduar,2018,constituency_crosswalk,Malangi,Malangi/XVI,16,"11,Kalchini (ST)/101","87, Hasimara High School (Hindi
Medium)",Malangi/PS-14,Kalchini/ZP-8,data/wb/gp_source_search/historical_expansion/alipurduar_CONSTITUENCY_5fe98655.pdf,fd2063117af535c39b67f049573eb3ff1a8fcea3df4ba8c56deb6f6979cdba59,42,1,13,"[24.959999999999997, 17.75999999999999, 822.7199999999999, 555.0]","[""Kalchini"", ""11,Kalchini (ST)/101"", ""87, Hasimara High School (Hindi\nMedium)"", ""Malangi/XVI"", ""16"", ""Malangi/PS-14"", ""Kalchini/ZP-8""]",,native_fields_parsed
West Bengal,Alipurduar,2018,constituency_crosswalk,Malangi,Malangi/XVII,17,"11,Kalchini (ST)/102","88, Bharnobari T.G. Pry. School (Room
No. 1)",Malangi/PS-15,Kalchini/ZP-8,data/wb/gp_source_search/historical_expansion/alipurduar_CONSTITUENCY_5fe98655.pdf,fd2063117af535c39b67f049573eb3ff1a8fcea3df4ba8c56deb6f6979cdba59,42,1,14,"[24.959999999999997, 17.75999999999999, 822.7199999999999, 555.0]","[""Kalchini"", ""11,Kalchini (ST)/102"", ""88, Bharnobari T.G. Pry. School (Room\nNo. 1)"", ""Malangi/XVII"", ""17"", ""Malangi/PS-15"", ""Kalchini/ZP-8""]",,native_fields_parsed
West Bengal,Alipurduar,2018,constituency_crosswalk,Malangi,Malangi/XVIII,18,"11,Kalchini (ST)/103","89/1, Bharnobari T.G. Pry. School
(Room No. 2)",Malangi/PS-15,Kalchini/ZP-8,data/wb/gp_source_search/historical_expansion/alipurduar_CONSTITUENCY_5fe98655.pdf,fd2063117af535c39b67f049573eb3ff1a8fcea3df4ba8c56deb6f6979cdba59,42,1,15,"[24.959999999999997, 17.75999999999999, 822.7199999999999, 555.0]","[""Kalchini"", ""11,Kalchini (ST)/103"", ""89/1, Bharnobari T.G. Pry. School\n(Room No. 2)"", ""Malangi/XVIII"", ""18"", ""Malangi/PS-15"", ""Kalchini/ZP-8""]",,native_fields_parsed
West Bengal,Alipurduar,2018,constituency_crosswalk,Malangi,Malangi/XVIII,18,"11,Kalchini (ST)/104","89/2, Bharnobari T.G Pry. School
(Room No. 3)",Malangi/PS-15,Kalchini/ZP-8,data/wb/gp_source_search/historical_expansion/alipurduar_CONSTITUENCY_5fe98655.pdf,fd2063117af535c39b67f049573eb3ff1a8fcea3df4ba8c56deb6f6979cdba59,42,1,16,"[24.959999999999997, 17.75999999999999, 822.7199999999999, 555.0]","[""Kalchini"", ""11,Kalchini (ST)/104"", ""89/2, Bharnobari T.G Pry. School\n(Room No. 3)"", ""Malangi/XVIII"", ""18"", ""Malangi/PS-15"", ""Kalchini/ZP-8""]",,native_fields_parsed
West Bengal,Alipurduar,2018,constituency_crosswalk,Malangi,Malangi/XIX,19,"11,Kalchini (ST)/105","90, Bharnobari TG Mazdoor Club",Malangi/PS-15,Kalchini/ZP-8,data/wb/gp_source_search/historical_expansion/alipurduar_CONSTITUENCY_5fe98655.pdf,fd2063117af535c39b67f049573eb3ff1a8fcea3df4ba8c56deb6f6979cdba59,42,1,17,"[24.959999999999997, 17.75999999999999, 822.7199999999999, 555.0]","[""Kalchini"", ""11,Kalchini (ST)/105"", ""90, Bharnobari TG Mazdoor Club"", ""Malangi/XIX"", ""19"", ""Malangi/PS-15"", ""Kalchini/ZP-8""]",,native_fields_parsed
West Bengal,Alipurduar,2018,constituency_crosswalk,Malangi,Malangi/XX,20,"11,Kalchini (ST)/106","91, Upperline SSK, Bharnobari T.G.
(New Building)",Malangi/PS-15,Kalchini/ZP-8,data/wb/gp_source_search/historical_expansion/alipurduar_CONSTITUENCY_5fe98655.pdf,fd2063117af535c39b67f049573eb3ff1a8fcea3df4ba8c56deb6f6979cdba59,42,1,18,"[24.959999999999997, 17.75999999999999, 822.7199999999999, 555.0]","[""Kalchini"", ""11,Kalchini (ST)/106"", ""91, Upperline SSK, Bharnobari T.G.\n(New Building)"", ""Malangi/XX"", ""20"", ""Malangi/PS-15"", ""Kalchini/ZP-8""]",,native_fields_parsed
West Bengal,Alipurduar,2018,constituency_crosswalk,Malangi,Malangi/XXI,21,"11,Kalchini (ST)/107","92, Dhobi Line SSK",Malangi/PS-15,Kalchini/ZP-8,data/wb/gp_source_search/historical_expansion/alipurduar_CONSTITUENCY_5fe98655.pdf,fd2063117af535c39b67f049573eb3ff1a8fcea3df4ba8c56deb6f6979cdba59,42,1,19,"[24.959999999999997, 17.75999999999999, 822.7199999999999, 555.0]","[""Kalchini"", ""11,Kalchini (ST)/107"", ""92, Dhobi Line SSK"", ""Malangi/XXI"", ""21"", ""Malangi/PS-15"", ""Kalchini/ZP-8""]",,native_fields_parsed
West Bengal,Alipurduar,2018,constituency_crosswalk,Malangi,Malangi/XXII,22,"11,Kalchini (ST)/108","93, Subhasini T.G. Pry. School (New
Building)",Malangi/PS-15,Kalchini/ZP-8,data/wb/gp_source_search/historical_expansion/alipurduar_CONSTITUENCY_5fe98655.pdf,fd2063117af535c39b67f049573eb3ff1a8fcea3df4ba8c56deb6f6979cdba59,42,1,20,"[24.959999999999997, 17.75999999999999, 822.7199999999999, 555.0]","[""Kalchini"", ""11,Kalchini (ST)/108"", ""93, Subhasini T.G. Pry. School (New\nBuilding)"", ""Malangi/XXII"", ""22"", ""Malangi/PS-15"", ""Kalchini/ZP-8""]",,native_fields_parsed
West Bengal,Alipurduar,2018,constituency_crosswalk,Malangi,Malangi/XXIII,23,"11,Kalchini (ST)/109","94, Subhasini T.G. Hindi Jr High School
(Room No. 1)",Malangi/PS-15,Kalchini/ZP-8,data/wb/gp_source_search/historical_expansion/alipurduar_CONSTITUENCY_5fe98655.pdf,fd2063117af535c39b67f049573eb3ff1a8fcea3df4ba8c56deb6f6979cdba59,42,1,21,"[24.959999999999997, 17.75999999999999, 822.7199999999999, 555.0]","[""Kalchini"", ""11,Kalchini (ST)/109"", ""94, Subhasini T.G. Hindi Jr High School\n(Room No. 1)"", ""Malangi/XXIII"", ""23"", ""Malangi/PS-15"", ""Kalchini/ZP-8""]",,native_fields_parsed
West Bengal,Alipurduar,2018,constituency_crosswalk,MMaallaannggii/,MMaallaannggii//XXXXIIVV,2244,"1111,,KKaallcchhiinnii ((SSTT))//111100","9955//11,, SSuubbhhaassiinnii TT..GG.. HHiinnddii JJrr HHiigghh
School (Room No. 2)",MMaallaannggii//PPSS--1155,KKaallcchhiinnii//ZZPP--88,data/wb/gp_source_search/historical_expansion/alipurduar_CONSTITUENCY_5fe98655.pdf,fd2063117af535c39b67f049573eb3ff1a8fcea3df4ba8c56deb6f6979cdba59,42,1,22,"[24.959999999999997, 17.75999999999999, 822.7199999999999, 555.0]","[""KKaallcchhiinnii"", ""1111,,KKaallcchhiinnii ((SSTT))//111100"", ""9955//11,, SSuubbhhaassiinnii TT..GG.. HHiinnddii JJrr HHiigghh\nSchool (Room No. 2)"", ""MMaallaannggii//XXXXIIVV"", ""2244"", ""MMaallaannggii//PPSS--1155"", ""KKaallcchhiinnii//ZZPP--88""]",duplicated_native_glyphs,needs_review
West Bengal,Alipurduar,2018,constituency_crosswalk,Malangi,Malangi/XXIV,24,"11,Kalchini (ST)/111","95/2, Subhasini T.G. Out Division Pry.
School",Malangi/PS-15,Kalchini/ZP-8,data/wb/gp_source_search/historical_expansion/alipurduar_CONSTITUENCY_5fe98655.pdf,fd2063117af535c39b67f049573eb3ff1a8fcea3df4ba8c56deb6f6979cdba59,43,1,1,"[24.959999999999997, 17.75999999999999, 822.7199999999999, 569.52]","[""Kalchini"", ""11,Kalchini (ST)/111"", ""95/2, Subhasini T.G. Out Division Pry.\nSchool"", ""Malangi/XXIV"", ""24"", ""Malangi/PS-15"", ""Kalchini/ZP-8""]",,native_fields_parsed
West Bengal,Alipurduar,2018,constituency_crosswalk,Satali,Satali/I,1,"11,Kalchini (ST)/112","96, New Hasimara Pry. School (Bengali
Medium)",Satali/PS-16,Kalchini/ZP-8,data/wb/gp_source_search/historical_expansion/alipurduar_CONSTITUENCY_5fe98655.pdf,fd2063117af535c39b67f049573eb3ff1a8fcea3df4ba8c56deb6f6979cdba59,43,1,2,"[24.959999999999997, 17.75999999999999, 822.7199999999999, 569.52]","[""Kalchini"", ""11,Kalchini (ST)/112"", ""96, New Hasimara Pry. School (Bengali\nMedium)"", ""Satali/I"", ""1"", ""Satali/PS-16"", ""Kalchini/ZP-8""]",,native_fields_parsed
West Bengal,Alipurduar,2018,constituency_crosswalk,Satali,Satali/II,2,"11,Kalchini (ST)/113","97, New Hasimara Msk",Satali/PS-16,Kalchini/ZP-8,data/wb/gp_source_search/historical_expansion/alipurduar_CONSTITUENCY_5fe98655.pdf,fd2063117af535c39b67f049573eb3ff1a8fcea3df4ba8c56deb6f6979cdba59,43,1,3,"[24.959999999999997, 17.75999999999999, 822.7199999999999, 569.52]","[""Kalchini"", ""11,Kalchini (ST)/113"", ""97, New Hasimara Msk"", ""Satali/II"", ""2"", ""Satali/PS-16"", ""Kalchini/ZP-8""]",,native_fields_parsed
West Bengal,Alipurduar,2018,constituency_crosswalk,Satali,Satali/III,3,"11,Kalchini (ST)/114","98, New Hasimara Sishu Vidyamandir",Satali/PS-16,Kalchini/ZP-8,data/wb/gp_source_search/historical_expansion/alipurduar_CONSTITUENCY_5fe98655.pdf,fd2063117af535c39b67f049573eb3ff1a8fcea3df4ba8c56deb6f6979cdba59,43,1,4,"[24.959999999999997, 17.75999999999999, 822.7199999999999, 569.52]","[""Kalchini"", ""11,Kalchini (ST)/114"", ""98, New Hasimara Sishu Vidyamandir"", ""Satali/III"", ""3"", ""Satali/PS-16"", ""Kalchini/ZP-8""]",,native_fields_parsed
West Bengal,Alipurduar,2018,constituency_crosswalk,Satali,Satali/IV,4,"11,Kalchini (ST)/115","99, Hasimara Gandhi Hindi Pry. School
(Room No. 1)",Satali/PS-16,Kalchini/ZP-8,data/wb/gp_source_search/historical_expansion/alipurduar_CONSTITUENCY_5fe98655.pdf,fd2063117af535c39b67f049573eb3ff1a8fcea3df4ba8c56deb6f6979cdba59,43,1,5,"[24.959999999999997, 17.75999999999999, 822.7199999999999, 569.52]","[""Kalchini"", ""11,Kalchini (ST)/115"", ""99, Hasimara Gandhi Hindi Pry. School\n(Room No. 1)"", ""Satali/IV"", ""4"", ""Satali/PS-16"", ""Kalchini/ZP-8""]",,native_fields_parsed
West Bengal,Alipurduar,2018,constituency_crosswalk,Satali,Satali/V,5,"11,Kalchini (ST)/116","100, Hasimara Gandhi Hindi Pry.
School (Room No. 2)",Satali/PS-16,Kalchini/ZP-8,data/wb/gp_source_search/historical_expansion/alipurduar_CONSTITUENCY_5fe98655.pdf,fd2063117af535c39b67f049573eb3ff1a8fcea3df4ba8c56deb6f6979cdba59,43,1,6,"[24.959999999999997, 17.75999999999999, 822.7199999999999, 569.52]","[""Kalchini"", ""11,Kalchini (ST)/116"", ""100, Hasimara Gandhi Hindi Pry.\nSchool (Room No. 2)"", ""Satali/V"", ""5"", ""Satali/PS-16"", ""Kalchini/ZP-8""]",,native_fields_parsed
West Bengal,Alipurduar,2018,constituency_crosswalk,Satali,Satali/VI,6,"11,Kalchini (ST)/117","101, Sishu Siksha Kendra, Mes
Chowpathy",Satali/PS-18,Kalchini/ZP-8,data/wb/gp_source_search/historical_expansion/alipurduar_CONSTITUENCY_5fe98655.pdf,fd2063117af535c39b67f049573eb3ff1a8fcea3df4ba8c56deb6f6979cdba59,43,1,7,"[24.959999999999997, 17.75999999999999, 822.7199999999999, 569.52]","[""Kalchini"", ""11,Kalchini (ST)/117"", ""101, Sishu Siksha Kendra, Mes\nChowpathy"", ""Satali/VI"", ""6"", ""Satali/PS-18"", ""Kalchini/ZP-8""]",,native_fields_parsed
West Bengal,Alipurduar,2018,constituency_crosswalk,Satali,Satali/VII,7,"11,Kalchini (ST)/118","102, Satali Mandalpara Borojhar Pry.
School",Satali/PS-17,Kalchini/ZP-8,data/wb/gp_source_search/historical_expansion/alipurduar_CONSTITUENCY_5fe98655.pdf,fd2063117af535c39b67f049573eb3ff1a8fcea3df4ba8c56deb6f6979cdba59,43,1,8,"[24.959999999999997, 17.75999999999999, 822.7199999999999, 569.52]","[""Kalchini"", ""11,Kalchini (ST)/118"", ""102, Satali Mandalpara Borojhar Pry.\nSchool"", ""Satali/VII"", ""7"", ""Satali/PS-17"", ""Kalchini/ZP-8""]",,native_fields_parsed
West Bengal,Alipurduar,2018,constituency_crosswalk,Satali,Satali/VIII,8,"11,Kalchini (ST)/119","103, Aksha Baksha Pry. School",Satali/PS-17,Kalchini/ZP-8,data/wb/gp_source_search/historical_expansion/alipurduar_CONSTITUENCY_5fe98655.pdf,fd2063117af535c39b67f049573eb3ff1a8fcea3df4ba8c56deb6f6979cdba59,43,1,9,"[24.959999999999997, 17.75999999999999, 822.7199999999999, 569.52]","[""Kalchini"", ""11,Kalchini (ST)/119"", ""103, Aksha Baksha Pry. School"", ""Satali/VIII"", ""8"", ""Satali/PS-17"", ""Kalchini/ZP-8""]",,native_fields_parsed
West Bengal,Alipurduar,2018,constituency_crosswalk,Satali,Satali/IX,9,"11,Kalchini (ST)/120","104/1, Satali Jr. Basic School",Satali/PS-17,Kalchini/ZP-8,data/wb/gp_source_search/historical_expansion/alipurduar_CONSTITUENCY_5fe98655.pdf,fd2063117af535c39b67f049573eb3ff1a8fcea3df4ba8c56deb6f6979cdba59,43,1,10,"[24.959999999999997, 17.75999999999999, 822.7199999999999, 569.52]","[""Kalchini"", ""11,Kalchini (ST)/120"", ""104/1, Satali Jr. Basic School"", ""Satali/IX"", ""9"", ""Satali/PS-17"", ""Kalchini/ZP-8""]",,native_fields_parsed
West Bengal,Alipurduar,2018,constituency_crosswalk,SSaattaallii/,SSaattaallii//IIXX,99,"1111,,KKaallcchhiinnii ((SSTT))//112211","110044//22,, SSiittaa PPaarraa SSSSKK",SSaattaallii//PPSS--1177,KKaallcchhiinnii//ZZPP--88,data/wb/gp_source_search/historical_expansion/alipurduar_CONSTITUENCY_5fe98655.pdf,fd2063117af535c39b67f049573eb3ff1a8fcea3df4ba8c56deb6f6979cdba59,43,1,11,"[24.959999999999997, 17.75999999999999, 822.7199999999999, 569.52]","[""KKaallcchhiinnii"", ""1111,,KKaallcchhiinnii ((SSTT))//112211"", ""110044//22,, SSiittaa PPaarraa SSSSKK"", ""SSaattaallii//IIXX"", ""99"", ""SSaattaallii//PPSS--1177"", ""KKaallcchhiinnii//ZZPP--88""]",duplicated_native_glyphs,needs_review
West Bengal,Alipurduar,2018,constituency_crosswalk,Satali,Satali/X,10,"11,Kalchini (ST)/122","105, P.C. Mittal Memorial High School",Satali/PS-17,Kalchini/ZP-8,data/wb/gp_source_search/historical_expansion/alipurduar_CONSTITUENCY_5fe98655.pdf,fd2063117af535c39b67f049573eb3ff1a8fcea3df4ba8c56deb6f6979cdba59,43,1,12,"[24.959999999999997, 17.75999999999999, 822.7199999999999, 569.52]","[""Kalchini"", ""11,Kalchini (ST)/122"", ""105, P.C. Mittal Memorial High School"", ""Satali/X"", ""10"", ""Satali/PS-17"", ""Kalchini/ZP-8""]",,native_fields_parsed
West Bengal,Alipurduar,2018,constituency_crosswalk,Satali,Satali/XI,11,"11,Kalchini (ST)/123","106, Gudam Dabri FVP School",Satali/PS-17,Kalchini/ZP-8,data/wb/gp_source_search/historical_expansion/alipurduar_CONSTITUENCY_5fe98655.pdf,fd2063117af535c39b67f049573eb3ff1a8fcea3df4ba8c56deb6f6979cdba59,43,1,13,"[24.959999999999997, 17.75999999999999, 822.7199999999999, 569.52]","[""Kalchini"", ""11,Kalchini (ST)/123"", ""106, Gudam Dabri FVP School"", ""Satali/XI"", ""11"", ""Satali/PS-17"", ""Kalchini/ZP-8""]",,native_fields_parsed
West Bengal,Alipurduar,2018,constituency_crosswalk,Satali,Satali/XII,12,"11,Kalchini (ST)/124","107/1, Mendabari Jr. Basic School",Satali/PS-17,Kalchini/ZP-8,data/wb/gp_source_search/historical_expansion/alipurduar_CONSTITUENCY_5fe98655.pdf,fd2063117af535c39b67f049573eb3ff1a8fcea3df4ba8c56deb6f6979cdba59,43,1,14,"[24.959999999999997, 17.75999999999999, 822.7199999999999, 569.52]","[""Kalchini"", ""11,Kalchini (ST)/124"", ""107/1, Mendabari Jr. Basic School"", ""Satali/XII"", ""12"", ""Satali/PS-17"", ""Kalchini/ZP-8""]",,native_fields_parsed
West Bengal,Alipurduar,2018,constituency_crosswalk,Satali,Satali/XII,12,"11,Kalchini (ST)/125","107/2, Uttar Bania Para SSK",Satali/PS-17,Kalchini/ZP-8,data/wb/gp_source_search/historical_expansion/alipurduar_CONSTITUENCY_5fe98655.pdf,fd2063117af535c39b67f049573eb3ff1a8fcea3df4ba8c56deb6f6979cdba59,43,1,15,"[24.959999999999997, 17.75999999999999, 822.7199999999999, 569.52]","[""Kalchini"", ""11,Kalchini (ST)/125"", ""107/2, Uttar Bania Para SSK"", ""Satali/XII"", ""12"", ""Satali/PS-17"", ""Kalchini/ZP-8""]",,native_fields_parsed
West Bengal,Alipurduar,2018,constituency_crosswalk,Satali,Satali/XIII,13,"11,Kalchini (ST)/126","108, Madhu T.G. Upperline SSK",Satali/PS-18,Kalchini/ZP-8,data/wb/gp_source_search/historical_expansion/alipurduar_CONSTITUENCY_5fe98655.pdf,fd2063117af535c39b67f049573eb3ff1a8fcea3df4ba8c56deb6f6979cdba59,43,1,16,"[24.959999999999997, 17.75999999999999, 822.7199999999999, 569.52]","[""Kalchini"", ""11,Kalchini (ST)/126"", ""108, Madhu T.G. Upperline SSK"", ""Satali/XIII"", ""13"", ""Satali/PS-18"", ""Kalchini/ZP-8""]",,native_fields_parsed
West Bengal,Alipurduar,2018,constituency_crosswalk,Satali,Satali/XIV,14,"11,Kalchini (ST)/127","109, Madhu T.G. Jr. Basic School",Satali/PS-18,Kalchini/ZP-8,data/wb/gp_source_search/historical_expansion/alipurduar_CONSTITUENCY_5fe98655.pdf,fd2063117af535c39b67f049573eb3ff1a8fcea3df4ba8c56deb6f6979cdba59,43,1,17,"[24.959999999999997, 17.75999999999999, 822.7199999999999, 569.52]","[""Kalchini"", ""11,Kalchini (ST)/127"", ""109, Madhu T.G. Jr. Basic School"", ""Satali/XIV"", ""14"", ""Satali/PS-18"", ""Kalchini/ZP-8""]",,native_fields_parsed
West Bengal,Alipurduar,2018,constituency_crosswalk,Satali,Satali/XV,15,"11,Kalchini (ST)/128","110, Madhu T.G. High School",Satali/PS-18,Kalchini/ZP-8,data/wb/gp_source_search/historical_expansion/alipurduar_CONSTITUENCY_5fe98655.pdf,fd2063117af535c39b67f049573eb3ff1a8fcea3df4ba8c56deb6f6979cdba59,43,1,18,"[24.959999999999997, 17.75999999999999, 822.7199999999999, 569.52]","[""Kalchini"", ""11,Kalchini (ST)/128"", ""110, Madhu T.G. High School"", ""Satali/XV"", ""15"", ""Satali/PS-18"", ""Kalchini/ZP-8""]",,native_fields_parsed
West Bengal,Alipurduar,2018,constituency_crosswalk,Kalchini,Kalchini/I,1,"11,Kalchini (ST)/129","111, Bhatpara 'A' T.G. Spl. Cadre Pry.
School",Kalchini/PS-19,Kalchini/ZP-7,data/wb/gp_source_search/historical_expansion/alipurduar_CONSTITUENCY_5fe98655.pdf,fd2063117af535c39b67f049573eb3ff1a8fcea3df4ba8c56deb6f6979cdba59,43,1,19,"[24.959999999999997, 17.75999999999999, 822.7199999999999, 569.52]","[""Kalchini"", ""11,Kalchini (ST)/129"", ""111, Bhatpara 'A' T.G. Spl. Cadre Pry.\nSchool"", ""Kalchini/I"", ""1"", ""Kalchini/PS-19"", ""Kalchini/ZP-7""]",,native_fields_parsed
West Bengal,Alipurduar,2018,constituency_crosswalk,Kalchini,Kalchini/II,2,"11,Kalchini (ST)/130","112, Bhatpara 'A' T.G. Labour Club",Kalchini/PS-19,Kalchini/ZP-7,data/wb/gp_source_search/historical_expansion/alipurduar_CONSTITUENCY_5fe98655.pdf,fd2063117af535c39b67f049573eb3ff1a8fcea3df4ba8c56deb6f6979cdba59,43,1,20,"[24.959999999999997, 17.75999999999999, 822.7199999999999, 569.52]","[""Kalchini"", ""11,Kalchini (ST)/130"", ""112, Bhatpara 'A' T.G. Labour Club"", ""Kalchini/II"", ""2"", ""Kalchini/PS-19"", ""Kalchini/ZP-7""]",,native_fields_parsed
West Bengal,Alipurduar,2018,constituency_crosswalk,Kalchini,Kalchini/III,3,"11,Kalchini (ST)/131","113, Bhatpara 'A' T.G. Neech Line SSK",Kalchini/PS-19,Kalchini/ZP-7,data/wb/gp_source_search/historical_expansion/alipurduar_CONSTITUENCY_5fe98655.pdf,fd2063117af535c39b67f049573eb3ff1a8fcea3df4ba8c56deb6f6979cdba59,43,1,21,"[24.959999999999997, 17.75999999999999, 822.7199999999999, 569.52]","[""Kalchini"", ""11,Kalchini (ST)/131"", ""113, Bhatpara 'A' T.G. Neech Line SSK"", ""Kalchini/III"", ""3"", ""Kalchini/PS-19"", ""Kalchini/ZP-7""]",,native_fields_parsed
West Bengal,Alipurduar,2018,constituency_crosswalk,Kalchini,Kalchini/IV,4,"11,Kalchini (ST)/132","114, Pana FVP School",Kalchini/PS-19,Kalchini/ZP-7,data/wb/gp_source_search/historical_expansion/alipurduar_CONSTITUENCY_5fe98655.pdf,fd2063117af535c39b67f049573eb3ff1a8fcea3df4ba8c56deb6f6979cdba59,43,1,22,"[24.959999999999997, 17.75999999999999, 822.7199999999999, 569.52]","[""Kalchini"", ""11,Kalchini (ST)/132"", ""114, Pana FVP School"", ""Kalchini/IV"", ""4"", ""Kalchini/PS-19"", ""Kalchini/ZP-7""]",,native_fields_parsed
West Bengal,Alipurduar,2018,constituency_crosswalk,Kalchini,Kalchini/V,5,"11,Kalchini (ST)/133","115, Bhatpara 'A' Lalita SSK",Kalchini/PS-19,Kalchini/ZP-7,data/wb/gp_source_search/historical_expansion/alipurduar_CONSTITUENCY_5fe98655.pdf,fd2063117af535c39b67f049573eb3ff1a8fcea3df4ba8c56deb6f6979cdba59,43,1,23,"[24.959999999999997, 17.75999999999999, 822.7199999999999, 569.52]","[""Kalchini"", ""11,Kalchini (ST)/133"", ""115, Bhatpara 'A' Lalita SSK"", ""Kalchini/V"", ""5"", ""Kalchini/PS-19"", ""Kalchini/ZP-7""]",,native_fields_parsed
West Bengal,Alipurduar,2018,constituency_crosswalk,Kalchini,Kalchini/VI,6,"11,Kalchini (ST)/134","116/1, Bhatpara 'B' T.G. Spl. Cadre
Pry. School (Room No. 1)",Kalchini/PS-19,Kalchini/ZP-7,data/wb/gp_source_search/historical_expansion/alipurduar_CONSTITUENCY_5fe98655.pdf,fd2063117af535c39b67f049573eb3ff1a8fcea3df4ba8c56deb6f6979cdba59,43,1,24,"[24.959999999999997, 17.75999999999999, 822.7199999999999, 569.52]","[""Kalchini"", ""11,Kalchini (ST)/134"", ""116/1, Bhatpara 'B' T.G. Spl. Cadre\nPry. School (Room No. 1)"", ""Kalchini/VI"", ""6"", ""Kalchini/PS-19"", ""Kalchini/ZP-7""]",,native_fields_parsed
West Bengal,Alipurduar,2018,constituency_crosswalk,KKaallcchhiinnii/,KKaallcchhiinnii//VVII,66,"1111,,KKaallcchhiinnii ((SSTT))//113355","111166//22,, BBhhaannuu BBhhaakkttaa SSSSKK",KKaallcchhiinnii//PPSS--1199,KKaallcchhiinnii//ZZPP--77,data/wb/gp_source_search/historical_expansion/alipurduar_CONSTITUENCY_5fe98655.pdf,fd2063117af535c39b67f049573eb3ff1a8fcea3df4ba8c56deb6f6979cdba59,43,1,25,"[24.959999999999997, 17.75999999999999, 822.7199999999999, 569.52]","[""KKaallcchhiinnii"", ""1111,,KKaallcchhiinnii ((SSTT))//113355"", ""111166//22,, BBhhaannuu BBhhaakkttaa SSSSKK"", ""KKaallcchhiinnii//VVII"", ""66"", ""KKaallcchhiinnii//PPSS--1199"", ""KKaallcchhiinnii//ZZPP--77""]",duplicated_native_glyphs,needs_review
West Bengal,Alipurduar,2018,constituency_crosswalk,Kalchini,Kalchini/VII,7,"11,Kalchini (ST)/136","117, Bhatpara 'B' T.G. Spl. Cadre Pry.
School (Room No. 2)",Kalchini/PS-19,Kalchini/ZP-7,data/wb/gp_source_search/historical_expansion/alipurduar_CONSTITUENCY_5fe98655.pdf,fd2063117af535c39b67f049573eb3ff1a8fcea3df4ba8c56deb6f6979cdba59,43,1,26,"[24.959999999999997, 17.75999999999999, 822.7199999999999, 569.52]","[""Kalchini"", ""11,Kalchini (ST)/136"", ""117, Bhatpara 'B' T.G. Spl. Cadre Pry.\nSchool (Room No. 2)"", ""Kalchini/VII"", ""7"", ""Kalchini/PS-19"", ""Kalchini/ZP-7""]",,native_fields_parsed
West Bengal,Alipurduar,2018,constituency_crosswalk,Kalchini,Kalchini/VIII,8,"11,Kalchini (ST)/137","118, Lower Line ICDS Centre",Kalchini/PS-19,Kalchini/ZP-7,data/wb/gp_source_search/historical_expansion/alipurduar_CONSTITUENCY_5fe98655.pdf,fd2063117af535c39b67f049573eb3ff1a8fcea3df4ba8c56deb6f6979cdba59,44,1,1,"[24.959999999999997, 17.75999999999999, 822.7199999999999, 555.0]","[""Kalchini"", ""11,Kalchini (ST)/137"", ""118, Lower Line ICDS Centre"", ""Kalchini/VIII"", ""8"", ""Kalchini/PS-19"", ""Kalchini/ZP-7""]",,native_fields_parsed
West Bengal,Alipurduar,2018,constituency_crosswalk,Kalchini,Kalchini/IX,9,"11,Kalchini (ST)/138","119/1, Chinchula T.G. No. 3 SSK",Kalchini/PS-20,Kalchini/ZP-7,data/wb/gp_source_search/historical_expansion/alipurduar_CONSTITUENCY_5fe98655.pdf,fd2063117af535c39b67f049573eb3ff1a8fcea3df4ba8c56deb6f6979cdba59,44,1,2,"[24.959999999999997, 17.75999999999999, 822.7199999999999, 555.0]","[""Kalchini"", ""11,Kalchini (ST)/138"", ""119/1, Chinchula T.G. No. 3 SSK"", ""Kalchini/IX"", ""9"", ""Kalchini/PS-20"", ""Kalchini/ZP-7""]",,native_fields_parsed
West Bengal,Alipurduar,2018,constituency_crosswalk,Kalchini,Kalchini/IX,9,"11,Kalchini (ST)/139","119/2, Chinchula T.G. No. 3 ICDS
Centre",Kalchini/PS-20,Kalchini/ZP-7,data/wb/gp_source_search/historical_expansion/alipurduar_CONSTITUENCY_5fe98655.pdf,fd2063117af535c39b67f049573eb3ff1a8fcea3df4ba8c56deb6f6979cdba59,44,1,3,"[24.959999999999997, 17.75999999999999, 822.7199999999999, 555.0]","[""Kalchini"", ""11,Kalchini (ST)/139"", ""119/2, Chinchula T.G. No. 3 ICDS\nCentre"", ""Kalchini/IX"", ""9"", ""Kalchini/PS-20"", ""Kalchini/ZP-7""]",,native_fields_parsed
West Bengal,Alipurduar,2018,constituency_crosswalk,Kalchini,Kalchini/X,10,"11,Kalchini (ST)/140","120, Chinichula T.G. Pry. School",Kalchini/PS-20,Kalchini/ZP-7,data/wb/gp_source_search/historical_expansion/alipurduar_CONSTITUENCY_5fe98655.pdf,fd2063117af535c39b67f049573eb3ff1a8fcea3df4ba8c56deb6f6979cdba59,44,1,4,"[24.959999999999997, 17.75999999999999, 822.7199999999999, 555.0]","[""Kalchini"", ""11,Kalchini (ST)/140"", ""120, Chinichula T.G. Pry. School"", ""Kalchini/X"", ""10"", ""Kalchini/PS-20"", ""Kalchini/ZP-7""]",,native_fields_parsed
West Bengal,Alipurduar,2018,constituency_crosswalk,Kalchini,Kalchini/XI,11,"11,Kalchini (ST)/141","121, Chinichula T.G. Hindi Jr High
School",Kalchini/PS-20,Kalchini/ZP-7,data/wb/gp_source_search/historical_expansion/alipurduar_CONSTITUENCY_5fe98655.pdf,fd2063117af535c39b67f049573eb3ff1a8fcea3df4ba8c56deb6f6979cdba59,44,1,5,"[24.959999999999997, 17.75999999999999, 822.7199999999999, 555.0]","[""Kalchini"", ""11,Kalchini (ST)/141"", ""121, Chinichula T.G. Hindi Jr High\nSchool"", ""Kalchini/XI"", ""11"", ""Kalchini/PS-20"", ""Kalchini/ZP-7""]",,native_fields_parsed
West Bengal,Alipurduar,2018,constituency_crosswalk,Kalchini,Kalchini/XII,12,"11,Kalchini (ST)/142","122/1, Raimatang T.G. Pry. School
(Hindi Med.) (Room No. 1)",Kalchini/PS-20,Kalchini/ZP-7,data/wb/gp_source_search/historical_expansion/alipurduar_CONSTITUENCY_5fe98655.pdf,fd2063117af535c39b67f049573eb3ff1a8fcea3df4ba8c56deb6f6979cdba59,44,1,6,"[24.959999999999997, 17.75999999999999, 822.7199999999999, 555.0]","[""Kalchini"", ""11,Kalchini (ST)/142"", ""122/1, Raimatang T.G. Pry. School\n(Hindi Med.) (Room No. 1)"", ""Kalchini/XII"", ""12"", ""Kalchini/PS-20"", ""Kalchini/ZP-7""]",,native_fields_parsed
West Bengal,Alipurduar,2018,constituency_crosswalk,Kalchini,Kalchini/XII,12,"11,Kalchini (ST)/143","122/2, Raimatang Bagan SSK",Kalchini/PS-20,Kalchini/ZP-7,data/wb/gp_source_search/historical_expansion/alipurduar_CONSTITUENCY_5fe98655.pdf,fd2063117af535c39b67f049573eb3ff1a8fcea3df4ba8c56deb6f6979cdba59,44,1,7,"[24.959999999999997, 17.75999999999999, 822.7199999999999, 555.0]","[""Kalchini"", ""11,Kalchini (ST)/143"", ""122/2, Raimatang Bagan SSK"", ""Kalchini/XII"", ""12"", ""Kalchini/PS-20"", ""Kalchini/ZP-7""]",,native_fields_parsed
West Bengal,Alipurduar,2018,constituency_crosswalk,Kalchini,Kalchini/XIII,13,"11,Kalchini (ST)/144","123, Raimatang T.G. Pry. School (Hindi
Med.) (Room No. 2)",Kalchini/PS-20,Kalchini/ZP-7,data/wb/gp_source_search/historical_expansion/alipurduar_CONSTITUENCY_5fe98655.pdf,fd2063117af535c39b67f049573eb3ff1a8fcea3df4ba8c56deb6f6979cdba59,44,1,8,"[24.959999999999997, 17.75999999999999, 822.7199999999999, 555.0]","[""Kalchini"", ""11,Kalchini (ST)/144"", ""123, Raimatang T.G. Pry. School (Hindi\nMed.) (Room No. 2)"", ""Kalchini/XIII"", ""13"", ""Kalchini/PS-20"", ""Kalchini/ZP-7""]",,native_fields_parsed
West Bengal,Alipurduar,2018,constituency_crosswalk,Kalchini,Kalchini/XIV,14,"11,Kalchini (ST)/145","124, Raimatang T.G. Pry. School
(Bengali Medium)",Kalchini/PS-20,Kalchini/ZP-7,data/wb/gp_source_search/historical_expansion/alipurduar_CONSTITUENCY_5fe98655.pdf,fd2063117af535c39b67f049573eb3ff1a8fcea3df4ba8c56deb6f6979cdba59,44,1,9,"[24.959999999999997, 17.75999999999999, 822.7199999999999, 555.0]","[""Kalchini"", ""11,Kalchini (ST)/145"", ""124, Raimatang T.G. Pry. School\n(Bengali Medium)"", ""Kalchini/XIV"", ""14"", ""Kalchini/PS-20"", ""Kalchini/ZP-7""]",,native_fields_parsed
West Bengal,Alipurduar,2018,constituency_crosswalk,Kalchini,Kalchini/XV,15,"11,Kalchini (ST)/146","125, Raimatang T.G 22-Dhura SSK
Building",Kalchini/PS-20,Kalchini/ZP-7,data/wb/gp_source_search/historical_expansion/alipurduar_CONSTITUENCY_5fe98655.pdf,fd2063117af535c39b67f049573eb3ff1a8fcea3df4ba8c56deb6f6979cdba59,44,1,10,"[24.959999999999997, 17.75999999999999, 822.7199999999999, 555.0]","[""Kalchini"", ""11,Kalchini (ST)/146"", ""125, Raimatang T.G 22-Dhura SSK\nBuilding"", ""Kalchini/XV"", ""15"", ""Kalchini/PS-20"", ""Kalchini/ZP-7""]",,native_fields_parsed
West Bengal,Alipurduar,2018,constituency_crosswalk,KKaallcchhiinnii/,KKaallcchhiinnii//XXVVII,1166,"1111,,KKaallcchhiinnii ((SSTT))//114477","126, Kalchini No. 1 T.G. Pry. School
((BBeennggaallii MMeedd))",KKaallcchhiinnii//PPSS--2200,KKaallcchhiinnii//ZZPP--77,data/wb/gp_source_search/historical_expansion/alipurduar_CONSTITUENCY_5fe98655.pdf,fd2063117af535c39b67f049573eb3ff1a8fcea3df4ba8c56deb6f6979cdba59,44,1,11,"[24.959999999999997, 17.75999999999999, 822.7199999999999, 555.0]","[""KKaallcchhiinnii"", ""1111,,KKaallcchhiinnii ((SSTT))//114477"", ""126, Kalchini No. 1 T.G. Pry. School\n((BBeennggaallii MMeedd))"", ""KKaallcchhiinnii//XXVVII"", ""1166"", ""KKaallcchhiinnii//PPSS--2200"", ""KKaallcchhiinnii//ZZPP--77""]",duplicated_native_glyphs,needs_review
West Bengal,Alipurduar,2018,constituency_crosswalk,Kalchini,Kalchini/XVII,17,"11,Kalchini (ST)/148","127, Kalchini Mazdoor Vidyalaya",Kalchini/PS-20,Kalchini/ZP-7,data/wb/gp_source_search/historical_expansion/alipurduar_CONSTITUENCY_5fe98655.pdf,fd2063117af535c39b67f049573eb3ff1a8fcea3df4ba8c56deb6f6979cdba59,44,1,12,"[24.959999999999997, 17.75999999999999, 822.7199999999999, 555.0]","[""Kalchini"", ""11,Kalchini (ST)/148"", ""127, Kalchini Mazdoor Vidyalaya"", ""Kalchini/XVII"", ""17"", ""Kalchini/PS-20"", ""Kalchini/ZP-7""]",,native_fields_parsed
West Bengal,Alipurduar,2018,constituency_crosswalk,Kalchini,Kalchini/XVIII,18,"11,Kalchini (ST)/149","128, Kalchini Hindi High School (Room
No. 1)",Kalchini/PS-21,Kalchini/ZP-7,data/wb/gp_source_search/historical_expansion/alipurduar_CONSTITUENCY_5fe98655.pdf,fd2063117af535c39b67f049573eb3ff1a8fcea3df4ba8c56deb6f6979cdba59,44,1,13,"[24.959999999999997, 17.75999999999999, 822.7199999999999, 555.0]","[""Kalchini"", ""11,Kalchini (ST)/149"", ""128, Kalchini Hindi High School (Room\nNo. 1)"", ""Kalchini/XVIII"", ""18"", ""Kalchini/PS-21"", ""Kalchini/ZP-7""]",,native_fields_parsed
West Bengal,Alipurduar,2018,constituency_crosswalk,Kalchini,Kalchini/XIX,19,"11,Kalchini (ST)/150","129, New Gorey Line SSK",Kalchini/PS-21,Kalchini/ZP-7,data/wb/gp_source_search/historical_expansion/alipurduar_CONSTITUENCY_5fe98655.pdf,fd2063117af535c39b67f049573eb3ff1a8fcea3df4ba8c56deb6f6979cdba59,44,1,14,"[24.959999999999997, 17.75999999999999, 822.7199999999999, 555.0]","[""Kalchini"", ""11,Kalchini (ST)/150"", ""129, New Gorey Line SSK"", ""Kalchini/XIX"", ""19"", ""Kalchini/PS-21"", ""Kalchini/ZP-7""]",,native_fields_parsed
West Bengal,Alipurduar,2018,constituency_crosswalk,Kalchini,Kalchini/XX,20,"11,Kalchini (ST)/151","130/1, Kalchini Hindi High School
(Room No. 2)",Kalchini/PS-21,Kalchini/ZP-7,data/wb/gp_source_search/historical_expansion/alipurduar_CONSTITUENCY_5fe98655.pdf,fd2063117af535c39b67f049573eb3ff1a8fcea3df4ba8c56deb6f6979cdba59,44,1,15,"[24.959999999999997, 17.75999999999999, 822.7199999999999, 555.0]","[""Kalchini"", ""11,Kalchini (ST)/151"", ""130/1, Kalchini Hindi High School\n(Room No. 2)"", ""Kalchini/XX"", ""20"", ""Kalchini/PS-21"", ""Kalchini/ZP-7""]",,native_fields_parsed
West Bengal,Alipurduar,2018,constituency_crosswalk,Kalchini,Kalchini/XX,20,"11,Kalchini (ST)/152","130/2, Kalchini Atheletic Club",Kalchini/PS-21,Kalchini/ZP-7,data/wb/gp_source_search/historical_expansion/alipurduar_CONSTITUENCY_5fe98655.pdf,fd2063117af535c39b67f049573eb3ff1a8fcea3df4ba8c56deb6f6979cdba59,44,1,16,"[24.959999999999997, 17.75999999999999, 822.7199999999999, 555.0]","[""Kalchini"", ""11,Kalchini (ST)/152"", ""130/2, Kalchini Atheletic Club"", ""Kalchini/XX"", ""20"", ""Kalchini/PS-21"", ""Kalchini/ZP-7""]",,native_fields_parsed
West Bengal,Alipurduar,2018,constituency_crosswalk,Kalchini,Kalchini/XXI,21,"11,Kalchini (ST)/153","131/1, Kalchini No. 3 TG Hindi Pry.
School (Room No. 1)",Kalchini/PS-21,Kalchini/ZP-7,data/wb/gp_source_search/historical_expansion/alipurduar_CONSTITUENCY_5fe98655.pdf,fd2063117af535c39b67f049573eb3ff1a8fcea3df4ba8c56deb6f6979cdba59,44,1,17,"[24.959999999999997, 17.75999999999999, 822.7199999999999, 555.0]","[""Kalchini"", ""11,Kalchini (ST)/153"", ""131/1, Kalchini No. 3 TG Hindi Pry.\nSchool (Room No. 1)"", ""Kalchini/XXI"", ""21"", ""Kalchini/PS-21"", ""Kalchini/ZP-7""]",,native_fields_parsed
West Bengal,Alipurduar,2018,constituency_crosswalk,Kalchini,Kalchini/XXI,21,"11,Kalchini (ST)/154","131/2, Kalchini No. 3 TG Hindi Pry.
School (Room No. 2)",Kalchini/PS-21,Kalchini/ZP-7,data/wb/gp_source_search/historical_expansion/alipurduar_CONSTITUENCY_5fe98655.pdf,fd2063117af535c39b67f049573eb3ff1a8fcea3df4ba8c56deb6f6979cdba59,44,1,18,"[24.959999999999997, 17.75999999999999, 822.7199999999999, 555.0]","[""Kalchini"", ""11,Kalchini (ST)/154"", ""131/2, Kalchini No. 3 TG Hindi Pry.\nSchool (Room No. 2)"", ""Kalchini/XXI"", ""21"", ""Kalchini/PS-21"", ""Kalchini/ZP-7""]",,native_fields_parsed
West Bengal,Alipurduar,2018,constituency_crosswalk,Kalchini,Kalchini/XXII,22,"11,Kalchini (ST)/155","132, Kalchini No. 2 T.G. Pry. School
(Kalchini Out Division) (Room No. 1)",Kalchini/PS-21,Kalchini/ZP-7,data/wb/gp_source_search/historical_expansion/alipurduar_CONSTITUENCY_5fe98655.pdf,fd2063117af535c39b67f049573eb3ff1a8fcea3df4ba8c56deb6f6979cdba59,44,1,19,"[24.959999999999997, 17.75999999999999, 822.7199999999999, 555.0]","[""Kalchini"", ""11,Kalchini (ST)/155"", ""132, Kalchini No. 2 T.G. Pry. School\n(Kalchini Out Division) (Room No. 1)"", ""Kalchini/XXII"", ""22"", ""Kalchini/PS-21"", ""Kalchini/ZP-7""]",,native_fields_parsed
West Bengal,Alipurduar,2018,constituency_crosswalk,Kalchini,Kalchini/XXIII,23,"11,Kalchini (ST)/156","133/1, Trolly Line SSK",Kalchini/PS-21,Kalchini/ZP-7,data/wb/gp_source_search/historical_expansion/alipurduar_CONSTITUENCY_5fe98655.pdf,fd2063117af535c39b67f049573eb3ff1a8fcea3df4ba8c56deb6f6979cdba59,44,1,20,"[24.959999999999997, 17.75999999999999, 822.7199999999999, 555.0]","[""Kalchini"", ""11,Kalchini (ST)/156"", ""133/1, Trolly Line SSK"", ""Kalchini/XXIII"", ""23"", ""Kalchini/PS-21"", ""Kalchini/ZP-7""]",,native_fields_parsed
West Bengal,Alipurduar,2018,constituency_crosswalk,Kalchini,Kalchini/XXIII,23,"11,Kalchini (ST)/157","133/2, Kalchini No. 2 T.G. Pry. School
(Kalchini Out Division) (Room No. 2)",Kalchini/PS-21,Kalchini/ZP-7,data/wb/gp_source_search/historical_expansion/alipurduar_CONSTITUENCY_5fe98655.pdf,fd2063117af535c39b67f049573eb3ff1a8fcea3df4ba8c56deb6f6979cdba59,44,1,21,"[24.959999999999997, 17.75999999999999, 822.7199999999999, 555.0]","[""Kalchini"", ""11,Kalchini (ST)/157"", ""133/2, Kalchini No. 2 T.G. Pry. School\n(Kalchini Out Division) (Room No. 2)"", ""Kalchini/XXIII"", ""23"", ""Kalchini/PS-21"", ""Kalchini/ZP-7""]",,native_fields_parsed
West Bengal,Alipurduar,2018,constituency_crosswalk,Garopara,Garopara/I,1,"11,Kalchini (ST)/158","134, Sankar Nepali High School",Garopara/PS-22,Kalchini/ZP-7,data/wb/gp_source_search/historical_expansion/alipurduar_CONSTITUENCY_5fe98655.pdf,fd2063117af535c39b67f049573eb3ff1a8fcea3df4ba8c56deb6f6979cdba59,44,1,22,"[24.959999999999997, 17.75999999999999, 822.7199999999999, 555.0]","[""Kalchini"", ""11,Kalchini (ST)/158"", ""134, Sankar Nepali High School"", ""Garopara/I"", ""1"", ""Garopara/PS-22"", ""Kalchini/ZP-7""]",,native_fields_parsed
West Bengal,Alipurduar,2018,constituency_crosswalk,Garopara,Garopara/II,2,"11,Kalchini (ST)/159","135/1, Dima West Line Special Cadre
Pry. School",Garopara/PS-22,Kalchini/ZP-7,data/wb/gp_source_search/historical_expansion/alipurduar_CONSTITUENCY_5fe98655.pdf,fd2063117af535c39b67f049573eb3ff1a8fcea3df4ba8c56deb6f6979cdba59,45,1,1,"[24.959999999999997, 17.75999999999999, 822.7199999999999, 555.0]","[""Kalchini"", ""11,Kalchini (ST)/159"", ""135/1, Dima West Line Special Cadre\nPry. School"", ""Garopara/II"", ""2"", ""Garopara/PS-22"", ""Kalchini/ZP-7""]",,native_fields_parsed
West Bengal,Alipurduar,2018,constituency_crosswalk,Garopara,Garopara/II,2,"11,Kalchini (ST)/160","135/2, ICDS Centre (Near Birsha Club)",Garopara/PS-22,Kalchini/ZP-7,data/wb/gp_source_search/historical_expansion/alipurduar_CONSTITUENCY_5fe98655.pdf,fd2063117af535c39b67f049573eb3ff1a8fcea3df4ba8c56deb6f6979cdba59,45,1,2,"[24.959999999999997, 17.75999999999999, 822.7199999999999, 555.0]","[""Kalchini"", ""11,Kalchini (ST)/160"", ""135/2, ICDS Centre (Near Birsha Club)"", ""Garopara/II"", ""2"", ""Garopara/PS-22"", ""Kalchini/ZP-7""]",,native_fields_parsed
West Bengal,Alipurduar,2018,constituency_crosswalk,Garopara,Garopara/III,3,"11,Kalchini (ST)/161","136, Dima T.G. Beech Line Pry. School
(Room No. 1)",Garopara/PS-22,Kalchini/ZP-7,data/wb/gp_source_search/historical_expansion/alipurduar_CONSTITUENCY_5fe98655.pdf,fd2063117af535c39b67f049573eb3ff1a8fcea3df4ba8c56deb6f6979cdba59,45,1,3,"[24.959999999999997, 17.75999999999999, 822.7199999999999, 555.0]","[""Kalchini"", ""11,Kalchini (ST)/161"", ""136, Dima T.G. Beech Line Pry. School\n(Room No. 1)"", ""Garopara/III"", ""3"", ""Garopara/PS-22"", ""Kalchini/ZP-7""]",,native_fields_parsed
West Bengal,Alipurduar,2018,constituency_crosswalk,Garopara,Garopara/IV,4,"11,Kalchini (ST)/162","137, Dima T.G. Beech Line Pry. School
(Room No. 2)",Garopara/PS-22,Kalchini/ZP-7,data/wb/gp_source_search/historical_expansion/alipurduar_CONSTITUENCY_5fe98655.pdf,fd2063117af535c39b67f049573eb3ff1a8fcea3df4ba8c56deb6f6979cdba59,45,1,4,"[24.959999999999997, 17.75999999999999, 822.7199999999999, 555.0]","[""Kalchini"", ""11,Kalchini (ST)/162"", ""137, Dima T.G. Beech Line Pry. School\n(Room No. 2)"", ""Garopara/IV"", ""4"", ""Garopara/PS-22"", ""Kalchini/ZP-7""]",,native_fields_parsed
West Bengal,Alipurduar,2018,constituency_crosswalk,Garopara,Garopara/V,5,"11,Kalchini (ST)/163","138, Chinchula Out Division ICDS
Centre",Garopara/PS-22,Kalchini/ZP-7,data/wb/gp_source_search/historical_expansion/alipurduar_CONSTITUENCY_5fe98655.pdf,fd2063117af535c39b67f049573eb3ff1a8fcea3df4ba8c56deb6f6979cdba59,45,1,5,"[24.959999999999997, 17.75999999999999, 822.7199999999999, 555.0]","[""Kalchini"", ""11,Kalchini (ST)/163"", ""138, Chinchula Out Division ICDS\nCentre"", ""Garopara/V"", ""5"", ""Garopara/PS-22"", ""Kalchini/ZP-7""]",,native_fields_parsed
West Bengal,Alipurduar,2018,constituency_crosswalk,Garopara,Garopara/VI,6,"11,Kalchini (ST)/164","139, Chinchula Out Division Girja Line
ICDS Centre",Garopara/PS-22,Kalchini/ZP-7,data/wb/gp_source_search/historical_expansion/alipurduar_CONSTITUENCY_5fe98655.pdf,fd2063117af535c39b67f049573eb3ff1a8fcea3df4ba8c56deb6f6979cdba59,45,1,6,"[24.959999999999997, 17.75999999999999, 822.7199999999999, 555.0]","[""Kalchini"", ""11,Kalchini (ST)/164"", ""139, Chinchula Out Division Girja Line\nICDS Centre"", ""Garopara/VI"", ""6"", ""Garopara/PS-22"", ""Kalchini/ZP-7""]",,native_fields_parsed
West Bengal,Alipurduar,2018,constituency_crosswalk,Garopara,Garopara/VII,7,"11,Kalchini (ST)/165","140, Gangutia TG Pry. School (Room
No. 1)",Garopara/PS-22,Kalchini/ZP-7,data/wb/gp_source_search/historical_expansion/alipurduar_CONSTITUENCY_5fe98655.pdf,fd2063117af535c39b67f049573eb3ff1a8fcea3df4ba8c56deb6f6979cdba59,45,1,7,"[24.959999999999997, 17.75999999999999, 822.7199999999999, 555.0]","[""Kalchini"", ""11,Kalchini (ST)/165"", ""140, Gangutia TG Pry. School (Room\nNo. 1)"", ""Garopara/VII"", ""7"", ""Garopara/PS-22"", ""Kalchini/ZP-7""]",,native_fields_parsed
West Bengal,Alipurduar,2018,constituency_crosswalk,Garopara,Garopara/VIII,8,"11,Kalchini (ST)/166","141, Gangutia TG Pry. School (Room
No. 2)",Garopara/PS-22,Kalchini/ZP-7,data/wb/gp_source_search/historical_expansion/alipurduar_CONSTITUENCY_5fe98655.pdf,fd2063117af535c39b67f049573eb3ff1a8fcea3df4ba8c56deb6f6979cdba59,45,1,8,"[24.959999999999997, 17.75999999999999, 822.7199999999999, 555.0]","[""Kalchini"", ""11,Kalchini (ST)/166"", ""141, Gangutia TG Pry. School (Room\nNo. 2)"", ""Garopara/VIII"", ""8"", ""Garopara/PS-22"", ""Kalchini/ZP-7""]",,native_fields_parsed
West Bengal,Alipurduar,2018,constituency_crosswalk,Garopara,Garopara/IX,9,"11,Kalchini (ST)/167","142/1, Rajabhat T.G. Pry. School",Garopara/PS-23,Kalchini/ZP-7,data/wb/gp_source_search/historical_expansion/alipurduar_CONSTITUENCY_5fe98655.pdf,fd2063117af535c39b67f049573eb3ff1a8fcea3df4ba8c56deb6f6979cdba59,45,1,9,"[24.959999999999997, 17.75999999999999, 822.7199999999999, 555.0]","[""Kalchini"", ""11,Kalchini (ST)/167"", ""142/1, Rajabhat T.G. Pry. School"", ""Garopara/IX"", ""9"", ""Garopara/PS-23"", ""Kalchini/ZP-7""]",,native_fields_parsed
West Bengal,Alipurduar,2018,constituency_crosswalk,Garopara,Garopara/IX,9,"11,Kalchini (ST)/168","114422//22,, RRaajjaabbhhaatt TT..GG.. JJrr HHiigghh SScchhooooll
(Girls)",Garopara/PS-23,Kalchini/ZP-7,data/wb/gp_source_search/historical_expansion/alipurduar_CONSTITUENCY_5fe98655.pdf,fd2063117af535c39b67f049573eb3ff1a8fcea3df4ba8c56deb6f6979cdba59,45,1,10,"[24.959999999999997, 17.75999999999999, 822.7199999999999, 555.0]","[""Kalchini"", ""11,Kalchini (ST)/168"", ""114422//22,, RRaajjaabbhhaatt TT..GG.. JJrr HHiigghh SScchhooooll\n(Girls)"", ""Garopara/IX"", ""9"", ""Garopara/PS-23"", ""Kalchini/ZP-7""]",duplicated_native_glyphs,needs_review
West Bengal,Alipurduar,2018,constituency_crosswalk,Garopara,Garopara/X,10,"11,Kalchini (ST)/169","143, Rajabhat T.G. Mazdoor Club",Garopara/PS-23,Kalchini/ZP-7,data/wb/gp_source_search/historical_expansion/alipurduar_CONSTITUENCY_5fe98655.pdf,fd2063117af535c39b67f049573eb3ff1a8fcea3df4ba8c56deb6f6979cdba59,45,1,11,"[24.959999999999997, 17.75999999999999, 822.7199999999999, 555.0]","[""Kalchini"", ""11,Kalchini (ST)/169"", ""143, Rajabhat T.G. Mazdoor Club"", ""Garopara/X"", ""10"", ""Garopara/PS-23"", ""Kalchini/ZP-7""]",,native_fields_parsed
West Bengal,Alipurduar,2018,constituency_crosswalk,Garopara,Garopara/XI,11,"11,Kalchini (ST)/170","144, Bhatkhawa T.G. Prathamik
Vidyalaya",Garopara/PS-23,Kalchini/ZP-7,data/wb/gp_source_search/historical_expansion/alipurduar_CONSTITUENCY_5fe98655.pdf,fd2063117af535c39b67f049573eb3ff1a8fcea3df4ba8c56deb6f6979cdba59,45,1,12,"[24.959999999999997, 17.75999999999999, 822.7199999999999, 555.0]","[""Kalchini"", ""11,Kalchini (ST)/170"", ""144, Bhatkhawa T.G. Prathamik\nVidyalaya"", ""Garopara/XI"", ""11"", ""Garopara/PS-23"", ""Kalchini/ZP-7""]",,native_fields_parsed
West Bengal,Alipurduar,2018,constituency_crosswalk,Garopara,Garopara/XII,12,"11,Kalchini (ST)/171","145, Bhatkhawa T.G. SSK, Nursery Line",Garopara/PS-23,Kalchini/ZP-7,data/wb/gp_source_search/historical_expansion/alipurduar_CONSTITUENCY_5fe98655.pdf,fd2063117af535c39b67f049573eb3ff1a8fcea3df4ba8c56deb6f6979cdba59,45,1,13,"[24.959999999999997, 17.75999999999999, 822.7199999999999, 555.0]","[""Kalchini"", ""11,Kalchini (ST)/171"", ""145, Bhatkhawa T.G. SSK, Nursery Line"", ""Garopara/XII"", ""12"", ""Garopara/PS-23"", ""Kalchini/ZP-7""]",,native_fields_parsed
West Bengal,Alipurduar,2018,constituency_crosswalk,Garopara,Garopara/XIII,13,"11,Kalchini (ST)/172","146, Bhatkhawa T.G. Mazdoor Club",Garopara/PS-23,Kalchini/ZP-7,data/wb/gp_source_search/historical_expansion/alipurduar_CONSTITUENCY_5fe98655.pdf,fd2063117af535c39b67f049573eb3ff1a8fcea3df4ba8c56deb6f6979cdba59,45,1,14,"[24.959999999999997, 17.75999999999999, 822.7199999999999, 555.0]","[""Kalchini"", ""11,Kalchini (ST)/172"", ""146, Bhatkhawa T.G. Mazdoor Club"", ""Garopara/XIII"", ""13"", ""Garopara/PS-23"", ""Kalchini/ZP-7""]",,native_fields_parsed
West Bengal,Alipurduar,2018,constituency_crosswalk,Garopara,Garopara/XIV,14,"11,Kalchini (ST)/173","147, Garopara Bidhan Chandra High
School",Garopara/PS-23,Kalchini/ZP-7,data/wb/gp_source_search/historical_expansion/alipurduar_CONSTITUENCY_5fe98655.pdf,fd2063117af535c39b67f049573eb3ff1a8fcea3df4ba8c56deb6f6979cdba59,45,1,15,"[24.959999999999997, 17.75999999999999, 822.7199999999999, 555.0]","[""Kalchini"", ""11,Kalchini (ST)/173"", ""147, Garopara Bidhan Chandra High\nSchool"", ""Garopara/XIV"", ""14"", ""Garopara/PS-23"", ""Kalchini/ZP-7""]",,native_fields_parsed
West Bengal,Alipurduar,2018,constituency_crosswalk,Garopara,Garopara/XV,15,"11,Kalchini (ST)/174","148, Manual Line ICDS Centre",Garopara/PS-23,Kalchini/ZP-7,data/wb/gp_source_search/historical_expansion/alipurduar_CONSTITUENCY_5fe98655.pdf,fd2063117af535c39b67f049573eb3ff1a8fcea3df4ba8c56deb6f6979cdba59,45,1,16,"[24.959999999999997, 17.75999999999999, 822.7199999999999, 555.0]","[""Kalchini"", ""11,Kalchini (ST)/174"", ""148, Manual Line ICDS Centre"", ""Garopara/XV"", ""15"", ""Garopara/PS-23"", ""Kalchini/ZP-7""]",,native_fields_parsed
West Bengal,Alipurduar,2018,constituency_crosswalk,Garopara,Garopara/XVI,16,"11,Kalchini (ST)/175","149, Atiabari T.G. Anganwadi Kendra
(Purab Line)",Garopara/PS-24,Kalchini/ZP-7,data/wb/gp_source_search/historical_expansion/alipurduar_CONSTITUENCY_5fe98655.pdf,fd2063117af535c39b67f049573eb3ff1a8fcea3df4ba8c56deb6f6979cdba59,45,1,17,"[24.959999999999997, 17.75999999999999, 822.7199999999999, 555.0]","[""Kalchini"", ""11,Kalchini (ST)/175"", ""149, Atiabari T.G. Anganwadi Kendra\n(Purab Line)"", ""Garopara/XVI"", ""16"", ""Garopara/PS-24"", ""Kalchini/ZP-7""]",,native_fields_parsed
West Bengal,Alipurduar,2018,constituency_crosswalk,Garopara,Garopara/XVII,17,"11,Kalchini (ST)/176","150, Munshi Line ICDS Centre",Garopara/PS-24,Kalchini/ZP-7,data/wb/gp_source_search/historical_expansion/alipurduar_CONSTITUENCY_5fe98655.pdf,fd2063117af535c39b67f049573eb3ff1a8fcea3df4ba8c56deb6f6979cdba59,45,1,18,"[24.959999999999997, 17.75999999999999, 822.7199999999999, 555.0]","[""Kalchini"", ""11,Kalchini (ST)/176"", ""150, Munshi Line ICDS Centre"", ""Garopara/XVII"", ""17"", ""Garopara/PS-24"", ""Kalchini/ZP-7""]",,native_fields_parsed
West Bengal,Alipurduar,2018,constituency_crosswalk,Garopara,Garopara/XVIII,18,"11,Kalchini (ST)/177","151/1, Atiabari T.G. Nimna Buniadi
Vidyalaya",Garopara/PS-24,Kalchini/ZP-7,data/wb/gp_source_search/historical_expansion/alipurduar_CONSTITUENCY_5fe98655.pdf,fd2063117af535c39b67f049573eb3ff1a8fcea3df4ba8c56deb6f6979cdba59,45,1,19,"[24.959999999999997, 17.75999999999999, 822.7199999999999, 555.0]","[""Kalchini"", ""11,Kalchini (ST)/177"", ""151/1, Atiabari T.G. Nimna Buniadi\nVidyalaya"", ""Garopara/XVIII"", ""18"", ""Garopara/PS-24"", ""Kalchini/ZP-7""]",,native_fields_parsed
West Bengal,Alipurduar,2018,constituency_crosswalk,Garopara,Garopara/XVIII,18,"11,Kalchini (ST)/178","151/2, 12-No Line ICDS Centre",Garopara/PS-24,Kalchini/ZP-7,data/wb/gp_source_search/historical_expansion/alipurduar_CONSTITUENCY_5fe98655.pdf,fd2063117af535c39b67f049573eb3ff1a8fcea3df4ba8c56deb6f6979cdba59,45,1,20,"[24.959999999999997, 17.75999999999999, 822.7199999999999, 555.0]","[""Kalchini"", ""11,Kalchini (ST)/178"", ""151/2, 12-No Line ICDS Centre"", ""Garopara/XVIII"", ""18"", ""Garopara/PS-24"", ""Kalchini/ZP-7""]",,native_fields_parsed
West Bengal,Alipurduar,2018,constituency_crosswalk,Garopara,Garopara/XIX,19,"11,Kalchini (ST)/179","152, Block Bangabari Division Pry.
SScchhooooll",Garopara/PS-24,Kalchini/ZP-7,data/wb/gp_source_search/historical_expansion/alipurduar_CONSTITUENCY_5fe98655.pdf,fd2063117af535c39b67f049573eb3ff1a8fcea3df4ba8c56deb6f6979cdba59,45,1,21,"[24.959999999999997, 17.75999999999999, 822.7199999999999, 555.0]","[""Kalchini"", ""11,Kalchini (ST)/179"", ""152, Block Bangabari Division Pry.\nSScchhooooll"", ""Garopara/XIX"", ""19"", ""Garopara/PS-24"", ""Kalchini/ZP-7""]",duplicated_native_glyphs,needs_review
West Bengal,Alipurduar,2018,constituency_crosswalk,Garopara,Garopara/XX,20,"11,Kalchini (ST)/180","153, Rava Busty ICDS Centre",Garopara/PS-24,Kalchini/ZP-7,data/wb/gp_source_search/historical_expansion/alipurduar_CONSTITUENCY_5fe98655.pdf,fd2063117af535c39b67f049573eb3ff1a8fcea3df4ba8c56deb6f6979cdba59,45,1,22,"[24.959999999999997, 17.75999999999999, 822.7199999999999, 555.0]","[""Kalchini"", ""11,Kalchini (ST)/180"", ""153, Rava Busty ICDS Centre"", ""Garopara/XX"", ""20"", ""Garopara/PS-24"", ""Kalchini/ZP-7""]",,native_fields_parsed
West Bengal,Alipurduar,2018,constituency_crosswalk,M e n dabari,M e n dabari/I,1,"11,Kalchini (ST)/181","154, Paschim Satali Itdp Pry. School",Mendabari/PS-25,Kalchini/ZP-8,data/wb/gp_source_search/historical_expansion/alipurduar_CONSTITUENCY_5fe98655.pdf,fd2063117af535c39b67f049573eb3ff1a8fcea3df4ba8c56deb6f6979cdba59,46,1,1,"[24.959999999999997, 17.75999999999999, 822.7199999999999, 569.52]","[""Kalchini"", ""11,Kalchini (ST)/181"", ""154, Paschim Satali Itdp Pry. School"", ""M e n dabari/I"", ""1"", ""Mendabari/PS-25"", ""Kalchini/ZP-8""]",,native_fields_parsed
West Bengal,Alipurduar,2018,constituency_crosswalk,Mendabari,Mendabari/II,2,"11,Kalchini (ST)/182","155, Lichu Tala Msk, Paschim Satali",Mendabari/PS-25,Kalchini/ZP-8,data/wb/gp_source_search/historical_expansion/alipurduar_CONSTITUENCY_5fe98655.pdf,fd2063117af535c39b67f049573eb3ff1a8fcea3df4ba8c56deb6f6979cdba59,46,1,2,"[24.959999999999997, 17.75999999999999, 822.7199999999999, 569.52]","[""Kalchini"", ""11,Kalchini (ST)/182"", ""155, Lichu Tala Msk, Paschim Satali"", ""Mendabari/II"", ""2"", ""Mendabari/PS-25"", ""Kalchini/ZP-8""]",,native_fields_parsed
West Bengal,Alipurduar,2018,constituency_crosswalk,Mendabari,Mendabari/III,3,"11,Kalchini (ST)/183","156, Paschim Satali Baniapara
Prathamik Vidyalaya",Mendabari/PS-25,Kalchini/ZP-8,data/wb/gp_source_search/historical_expansion/alipurduar_CONSTITUENCY_5fe98655.pdf,fd2063117af535c39b67f049573eb3ff1a8fcea3df4ba8c56deb6f6979cdba59,46,1,3,"[24.959999999999997, 17.75999999999999, 822.7199999999999, 569.52]","[""Kalchini"", ""11,Kalchini (ST)/183"", ""156, Paschim Satali Baniapara\nPrathamik Vidyalaya"", ""Mendabari/III"", ""3"", ""Mendabari/PS-25"", ""Kalchini/ZP-8""]",,native_fields_parsed
West Bengal,Alipurduar,2018,constituency_crosswalk,Mendabari,Mendabari/IV,4,"11,Kalchini (ST)/184","157, Dakshin Satali Pry. School",Mendabari/PS-25,Kalchini/ZP-8,data/wb/gp_source_search/historical_expansion/alipurduar_CONSTITUENCY_5fe98655.pdf,fd2063117af535c39b67f049573eb3ff1a8fcea3df4ba8c56deb6f6979cdba59,46,1,4,"[24.959999999999997, 17.75999999999999, 822.7199999999999, 569.52]","[""Kalchini"", ""11,Kalchini (ST)/184"", ""157, Dakshin Satali Pry. School"", ""Mendabari/IV"", ""4"", ""Mendabari/PS-25"", ""Kalchini/ZP-8""]",,native_fields_parsed
West Bengal,Alipurduar,2018,constituency_crosswalk,Mendabari,Mendabari/V,5,"11,Kalchini (ST)/185","158, Dakshin Satali Itdp Pry. School",Mendabari/PS-25,Kalchini/ZP-8,data/wb/gp_source_search/historical_expansion/alipurduar_CONSTITUENCY_5fe98655.pdf,fd2063117af535c39b67f049573eb3ff1a8fcea3df4ba8c56deb6f6979cdba59,46,1,5,"[24.959999999999997, 17.75999999999999, 822.7199999999999, 569.52]","[""Kalchini"", ""11,Kalchini (ST)/185"", ""158, Dakshin Satali Itdp Pry. School"", ""Mendabari/V"", ""5"", ""Mendabari/PS-25"", ""Kalchini/ZP-8""]",,native_fields_parsed
West Bengal,Alipurduar,2018,constituency_crosswalk,Mendabari,Mendabari/VI,6,"11,Kalchini (ST)/186","159, Satali Nakadala Swarna Pry.
School",Mendabari/PS-25,Kalchini/ZP-8,data/wb/gp_source_search/historical_expansion/alipurduar_CONSTITUENCY_5fe98655.pdf,fd2063117af535c39b67f049573eb3ff1a8fcea3df4ba8c56deb6f6979cdba59,46,1,6,"[24.959999999999997, 17.75999999999999, 822.7199999999999, 569.52]","[""Kalchini"", ""11,Kalchini (ST)/186"", ""159, Satali Nakadala Swarna Pry.\nSchool"", ""Mendabari/VI"", ""6"", ""Mendabari/PS-25"", ""Kalchini/ZP-8""]",,native_fields_parsed
West Bengal,Alipurduar,2018,constituency_crosswalk,Mendabari,Mendabari/VII,7,"11,Kalchini (ST)/187","160, Mendabari High School",Mendabari/PS-26,Kalchini/ZP-8,data/wb/gp_source_search/historical_expansion/alipurduar_CONSTITUENCY_5fe98655.pdf,fd2063117af535c39b67f049573eb3ff1a8fcea3df4ba8c56deb6f6979cdba59,46,1,7,"[24.959999999999997, 17.75999999999999, 822.7199999999999, 569.52]","[""Kalchini"", ""11,Kalchini (ST)/187"", ""160, Mendabari High School"", ""Mendabari/VII"", ""7"", ""Mendabari/PS-26"", ""Kalchini/ZP-8""]",,native_fields_parsed
West Bengal,Alipurduar,2018,constituency_crosswalk,Mendabari,Mendabari/VIII,8,"11,Kalchini (ST)/188","161, Bamandas Smriti Pry School",Mendabari/PS-26,Kalchini/ZP-8,data/wb/gp_source_search/historical_expansion/alipurduar_CONSTITUENCY_5fe98655.pdf,fd2063117af535c39b67f049573eb3ff1a8fcea3df4ba8c56deb6f6979cdba59,46,1,8,"[24.959999999999997, 17.75999999999999, 822.7199999999999, 569.52]","[""Kalchini"", ""11,Kalchini (ST)/188"", ""161, Bamandas Smriti Pry School"", ""Mendabari/VIII"", ""8"", ""Mendabari/PS-26"", ""Kalchini/ZP-8""]",,native_fields_parsed
West Bengal,Alipurduar,2018,constituency_crosswalk,Mendabari,Mendabari/IX,9,"11,Kalchini (ST)/189","162/1, Dakshin Mendabari Pry. School",Mendabari/PS-27,Kalchini/ZP-8,data/wb/gp_source_search/historical_expansion/alipurduar_CONSTITUENCY_5fe98655.pdf,fd2063117af535c39b67f049573eb3ff1a8fcea3df4ba8c56deb6f6979cdba59,46,1,9,"[24.959999999999997, 17.75999999999999, 822.7199999999999, 569.52]","[""Kalchini"", ""11,Kalchini (ST)/189"", ""162/1, Dakshin Mendabari Pry. School"", ""Mendabari/IX"", ""9"", ""Mendabari/PS-27"", ""Kalchini/ZP-8""]",,native_fields_parsed
West Bengal,Alipurduar,2018,constituency_crosswalk,Mendabari,Mendabari/IX,9,"11,Kalchini (ST)/190","162/2, Dakshin Mendabari Jr High
School",Mendabari/PS-27,Kalchini/ZP-8,data/wb/gp_source_search/historical_expansion/alipurduar_CONSTITUENCY_5fe98655.pdf,fd2063117af535c39b67f049573eb3ff1a8fcea3df4ba8c56deb6f6979cdba59,46,1,10,"[24.959999999999997, 17.75999999999999, 822.7199999999999, 569.52]","[""Kalchini"", ""11,Kalchini (ST)/190"", ""162/2, Dakshin Mendabari Jr High\nSchool"", ""Mendabari/IX"", ""9"", ""Mendabari/PS-27"", ""Kalchini/ZP-8""]",,native_fields_parsed
West Bengal,Alipurduar,2018,constituency_crosswalk,MMeennddaabbaarrii/,MMeennddaabbaarrii//XX,1100,"1111,,KKaallcchhiinnii ((SSTT))//119911","163, Mendabari Forest Self Help Group
BBuuiillddiinngg",MMeennddaabbaarrii//PPSS--2266,KKaallcchhiinnii//ZZPP--88,data/wb/gp_source_search/historical_expansion/alipurduar_CONSTITUENCY_5fe98655.pdf,fd2063117af535c39b67f049573eb3ff1a8fcea3df4ba8c56deb6f6979cdba59,46,1,11,"[24.959999999999997, 17.75999999999999, 822.7199999999999, 569.52]","[""KKaallcchhiinnii"", ""1111,,KKaallcchhiinnii ((SSTT))//119911"", ""163, Mendabari Forest Self Help Group\nBBuuiillddiinngg"", ""MMeennddaabbaarrii//XX"", ""1100"", ""MMeennddaabbaarrii//PPSS--2266"", ""KKaallcchhiinnii//ZZPP--88""]",duplicated_native_glyphs,needs_review
West Bengal,Alipurduar,2018,constituency_crosswalk,Mendabari,Mendabari/XI,11,"11,Kalchini (ST)/192","164, Kodalbusty FVP School",Mendabari/PS-27,Kalchini/ZP-8,data/wb/gp_source_search/historical_expansion/alipurduar_CONSTITUENCY_5fe98655.pdf,fd2063117af535c39b67f049573eb3ff1a8fcea3df4ba8c56deb6f6979cdba59,46,1,12,"[24.959999999999997, 17.75999999999999, 822.7199999999999, 569.52]","[""Kalchini"", ""11,Kalchini (ST)/192"", ""164, Kodalbusty FVP School"", ""Mendabari/XI"", ""11"", ""Mendabari/PS-27"", ""Kalchini/ZP-8""]",,native_fields_parsed
West Bengal,Alipurduar,2018,constituency_crosswalk,Latabari,Latabari/I,1,"11,Kalchini (ST)/193","165, Nimtijhora High School",Latabari/PS-28,Kalchini/ZP-8,data/wb/gp_source_search/historical_expansion/alipurduar_CONSTITUENCY_5fe98655.pdf,fd2063117af535c39b67f049573eb3ff1a8fcea3df4ba8c56deb6f6979cdba59,46,1,13,"[24.959999999999997, 17.75999999999999, 822.7199999999999, 569.52]","[""Kalchini"", ""11,Kalchini (ST)/193"", ""165, Nimtijhora High School"", ""Latabari/I"", ""1"", ""Latabari/PS-28"", ""Kalchini/ZP-8""]",,native_fields_parsed
West Bengal,Alipurduar,2018,constituency_crosswalk,Latabari,Latabari/II,2,"11,Kalchini (ST)/194","166, Nimtijhora TG SSK (Old Building)",Latabari/PS-28,Kalchini/ZP-8,data/wb/gp_source_search/historical_expansion/alipurduar_CONSTITUENCY_5fe98655.pdf,fd2063117af535c39b67f049573eb3ff1a8fcea3df4ba8c56deb6f6979cdba59,46,1,14,"[24.959999999999997, 17.75999999999999, 822.7199999999999, 569.52]","[""Kalchini"", ""11,Kalchini (ST)/194"", ""166, Nimtijhora TG SSK (Old Building)"", ""Latabari/II"", ""2"", ""Latabari/PS-28"", ""Kalchini/ZP-8""]",,native_fields_parsed
West Bengal,Alipurduar,2018,constituency_crosswalk,Latabari,Latabari/III,3,"11,Kalchini (ST)/195","167/1, Nimtijhora Jr. Basic School
(Room No. 1)",Latabari/PS-28,Kalchini/ZP-8,data/wb/gp_source_search/historical_expansion/alipurduar_CONSTITUENCY_5fe98655.pdf,fd2063117af535c39b67f049573eb3ff1a8fcea3df4ba8c56deb6f6979cdba59,46,1,15,"[24.959999999999997, 17.75999999999999, 822.7199999999999, 569.52]","[""Kalchini"", ""11,Kalchini (ST)/195"", ""167/1, Nimtijhora Jr. Basic School\n(Room No. 1)"", ""Latabari/III"", ""3"", ""Latabari/PS-28"", ""Kalchini/ZP-8""]",,native_fields_parsed
West Bengal,Alipurduar,2018,constituency_crosswalk,Latabari,Latabari/III,3,"11,Kalchini (ST)/196","167/2, Nimtijhora Jr. Basic School
(Room No. 2)",Latabari/PS-28,Kalchini/ZP-8,data/wb/gp_source_search/historical_expansion/alipurduar_CONSTITUENCY_5fe98655.pdf,fd2063117af535c39b67f049573eb3ff1a8fcea3df4ba8c56deb6f6979cdba59,46,1,16,"[24.959999999999997, 17.75999999999999, 822.7199999999999, 569.52]","[""Kalchini"", ""11,Kalchini (ST)/196"", ""167/2, Nimtijhora Jr. Basic School\n(Room No. 2)"", ""Latabari/III"", ""3"", ""Latabari/PS-28"", ""Kalchini/ZP-8""]",,native_fields_parsed
West Bengal,Alipurduar,2018,constituency_crosswalk,Latabari,Latabari/IV,4,"11,Kalchini (ST)/197","168, Haridas Smriti Jr. Basic School",Latabari/PS-28,Kalchini/ZP-8,data/wb/gp_source_search/historical_expansion/alipurduar_CONSTITUENCY_5fe98655.pdf,fd2063117af535c39b67f049573eb3ff1a8fcea3df4ba8c56deb6f6979cdba59,46,1,17,"[24.959999999999997, 17.75999999999999, 822.7199999999999, 569.52]","[""Kalchini"", ""11,Kalchini (ST)/197"", ""168, Haridas Smriti Jr. Basic School"", ""Latabari/IV"", ""4"", ""Latabari/PS-28"", ""Kalchini/ZP-8""]",,native_fields_parsed
West Bengal,Alipurduar,2018,constituency_crosswalk,Latabari,Latabari/V,5,"11,Kalchini (ST)/198","169, Asha Lata SSK, New Building",Latabari/PS-28,Kalchini/ZP-8,data/wb/gp_source_search/historical_expansion/alipurduar_CONSTITUENCY_5fe98655.pdf,fd2063117af535c39b67f049573eb3ff1a8fcea3df4ba8c56deb6f6979cdba59,46,1,18,"[24.959999999999997, 17.75999999999999, 822.7199999999999, 569.52]","[""Kalchini"", ""11,Kalchini (ST)/198"", ""169, Asha Lata SSK, New Building"", ""Latabari/V"", ""5"", ""Latabari/PS-28"", ""Kalchini/ZP-8""]",,native_fields_parsed
West Bengal,Alipurduar,2018,constituency_crosswalk,Latabari,Latabari/VI,6,"11,Kalchini (ST)/199","170, Asha Lata SSK, Old Building",Latabari/PS-28,Kalchini/ZP-8,data/wb/gp_source_search/historical_expansion/alipurduar_CONSTITUENCY_5fe98655.pdf,fd2063117af535c39b67f049573eb3ff1a8fcea3df4ba8c56deb6f6979cdba59,46,1,19,"[24.959999999999997, 17.75999999999999, 822.7199999999999, 569.52]","[""Kalchini"", ""11,Kalchini (ST)/199"", ""170, Asha Lata SSK, Old Building"", ""Latabari/VI"", ""6"", ""Latabari/PS-28"", ""Kalchini/ZP-8""]",,native_fields_parsed
West Bengal,Alipurduar,2018,constituency_crosswalk,Latabari,Latabari/VII,7,"11,Kalchini (ST)/200","171, Dakshin Latabari Prathamik
Vidyalaya",Latabari/PS-28,Kalchini/ZP-8,data/wb/gp_source_search/historical_expansion/alipurduar_CONSTITUENCY_5fe98655.pdf,fd2063117af535c39b67f049573eb3ff1a8fcea3df4ba8c56deb6f6979cdba59,46,1,20,"[24.959999999999997, 17.75999999999999, 822.7199999999999, 569.52]","[""Kalchini"", ""11,Kalchini (ST)/200"", ""171, Dakshin Latabari Prathamik\nVidyalaya"", ""Latabari/VII"", ""7"", ""Latabari/PS-28"", ""Kalchini/ZP-8""]",,native_fields_parsed
West Bengal,Alipurduar,2018,constituency_crosswalk,Latabari,Latabari/VIII,8,"11,Kalchini (ST)/201","172, Dakshin Latabari Jr High School",Latabari/PS-28,Kalchini/ZP-8,data/wb/gp_source_search/historical_expansion/alipurduar_CONSTITUENCY_5fe98655.pdf,fd2063117af535c39b67f049573eb3ff1a8fcea3df4ba8c56deb6f6979cdba59,46,1,21,"[24.959999999999997, 17.75999999999999, 822.7199999999999, 569.52]","[""Kalchini"", ""11,Kalchini (ST)/201"", ""172, Dakshin Latabari Jr High School"", ""Latabari/VIII"", ""8"", ""Latabari/PS-28"", ""Kalchini/ZP-8""]",,native_fields_parsed
West Bengal,Alipurduar,2018,constituency_crosswalk,Latabari,Latabari/IX,9,"11,Kalchini (ST)/202","173, Rabindra Jr High School",Latabari/PS-28,Kalchini/ZP-8,data/wb/gp_source_search/historical_expansion/alipurduar_CONSTITUENCY_5fe98655.pdf,fd2063117af535c39b67f049573eb3ff1a8fcea3df4ba8c56deb6f6979cdba59,46,1,22,"[24.959999999999997, 17.75999999999999, 822.7199999999999, 569.52]","[""Kalchini"", ""11,Kalchini (ST)/202"", ""173, Rabindra Jr High School"", ""Latabari/IX"", ""9"", ""Latabari/PS-28"", ""Kalchini/ZP-8""]",,native_fields_parsed
West Bengal,Alipurduar,2018,constituency_crosswalk,Latabari,Latabari/X,10,"11,Kalchini (ST)/203","174, Uttar Latabari Hindi Pry School",Latabari/PS-28,Kalchini/ZP-8,data/wb/gp_source_search/historical_expansion/alipurduar_CONSTITUENCY_5fe98655.pdf,fd2063117af535c39b67f049573eb3ff1a8fcea3df4ba8c56deb6f6979cdba59,46,1,23,"[24.959999999999997, 17.75999999999999, 822.7199999999999, 569.52]","[""Kalchini"", ""11,Kalchini (ST)/203"", ""174, Uttar Latabari Hindi Pry School"", ""Latabari/X"", ""10"", ""Latabari/PS-28"", ""Kalchini/ZP-8""]",,native_fields_parsed
West Bengal,Alipurduar,2018,constituency_crosswalk,Latabari,Latabari/XI,11,"11,Kalchini (ST)/204","175, Hamiltonganj High School (Room
No. 1)",Latabari/PS-29,Kalchini/ZP-8,data/wb/gp_source_search/historical_expansion/alipurduar_CONSTITUENCY_5fe98655.pdf,fd2063117af535c39b67f049573eb3ff1a8fcea3df4ba8c56deb6f6979cdba59,46,1,24,"[24.959999999999997, 17.75999999999999, 822.7199999999999, 569.52]","[""Kalchini"", ""11,Kalchini (ST)/204"", ""175, Hamiltonganj High School (Room\nNo. 1)"", ""Latabari/XI"", ""11"", ""Latabari/PS-29"", ""Kalchini/ZP-8""]",,native_fields_parsed
West Bengal,Alipurduar,2018,constituency_crosswalk,Latabari,Latabari/XII,12,"11,Kalchini (ST)/205","176, Subhashpally State Plan Pry.
School.",Latabari/PS-29,Kalchini/ZP-8,data/wb/gp_source_search/historical_expansion/alipurduar_CONSTITUENCY_5fe98655.pdf,fd2063117af535c39b67f049573eb3ff1a8fcea3df4ba8c56deb6f6979cdba59,47,1,1,"[24.959999999999997, 17.75999999999999, 822.7199999999999, 570.9599999999999]","[""Kalchini"", ""11,Kalchini (ST)/205"", ""176, Subhashpally State Plan Pry.\nSchool."", ""Latabari/XII"", ""12"", ""Latabari/PS-29"", ""Kalchini/ZP-8""]",,native_fields_parsed
West Bengal,Alipurduar,2018,constituency_crosswalk,Latabari,Latabari/XIII,13,"11,Kalchini (ST)/206","177, Hamiltonganj High School (Room
No. 2)",Latabari/PS-29,Kalchini/ZP-8,data/wb/gp_source_search/historical_expansion/alipurduar_CONSTITUENCY_5fe98655.pdf,fd2063117af535c39b67f049573eb3ff1a8fcea3df4ba8c56deb6f6979cdba59,47,1,2,"[24.959999999999997, 17.75999999999999, 822.7199999999999, 570.9599999999999]","[""Kalchini"", ""11,Kalchini (ST)/206"", ""177, Hamiltonganj High School (Room\nNo. 2)"", ""Latabari/XIII"", ""13"", ""Latabari/PS-29"", ""Kalchini/ZP-8""]",,native_fields_parsed
West Bengal,Alipurduar,2018,constituency_crosswalk,Latabari,Latabari/XIV,14,"11,Kalchini (ST)/207","178, Netaji Pry. School",Latabari/PS-29,Kalchini/ZP-8,data/wb/gp_source_search/historical_expansion/alipurduar_CONSTITUENCY_5fe98655.pdf,fd2063117af535c39b67f049573eb3ff1a8fcea3df4ba8c56deb6f6979cdba59,47,1,3,"[24.959999999999997, 17.75999999999999, 822.7199999999999, 570.9599999999999]","[""Kalchini"", ""11,Kalchini (ST)/207"", ""178, Netaji Pry. School"", ""Latabari/XIV"", ""14"", ""Latabari/PS-29"", ""Kalchini/ZP-8""]",,native_fields_parsed
West Bengal,Alipurduar,2018,constituency_crosswalk,Latabari,Latabari/XV,15,"11,Kalchini (ST)/208","179, Child Development Project
Office",Latabari/PS-29,Kalchini/ZP-8,data/wb/gp_source_search/historical_expansion/alipurduar_CONSTITUENCY_5fe98655.pdf,fd2063117af535c39b67f049573eb3ff1a8fcea3df4ba8c56deb6f6979cdba59,47,1,4,"[24.959999999999997, 17.75999999999999, 822.7199999999999, 570.9599999999999]","[""Kalchini"", ""11,Kalchini (ST)/208"", ""179, Child Development Project\nOffice"", ""Latabari/XV"", ""15"", ""Latabari/PS-29"", ""Kalchini/ZP-8""]",,native_fields_parsed
West Bengal,Alipurduar,2018,constituency_crosswalk,Latabari,Latabari/XVI,16,"11,Kalchini (ST)/209","180/1, Hamiltonganj BFP School",Latabari/PS-29,Kalchini/ZP-8,data/wb/gp_source_search/historical_expansion/alipurduar_CONSTITUENCY_5fe98655.pdf,fd2063117af535c39b67f049573eb3ff1a8fcea3df4ba8c56deb6f6979cdba59,47,1,5,"[24.959999999999997, 17.75999999999999, 822.7199999999999, 570.9599999999999]","[""Kalchini"", ""11,Kalchini (ST)/209"", ""180/1, Hamiltonganj BFP School"", ""Latabari/XVI"", ""16"", ""Latabari/PS-29"", ""Kalchini/ZP-8""]",,native_fields_parsed
West Bengal,Alipurduar,2018,constituency_crosswalk,Latabari,Latabari/XVI,16,"11,Kalchini (ST)/210","180/2, Latabari Gp Office",Latabari/PS-29,Kalchini/ZP-8,data/wb/gp_source_search/historical_expansion/alipurduar_CONSTITUENCY_5fe98655.pdf,fd2063117af535c39b67f049573eb3ff1a8fcea3df4ba8c56deb6f6979cdba59,47,1,6,"[24.959999999999997, 17.75999999999999, 822.7199999999999, 570.9599999999999]","[""Kalchini"", ""11,Kalchini (ST)/210"", ""180/2, Latabari Gp Office"", ""Latabari/XVI"", ""16"", ""Latabari/PS-29"", ""Kalchini/ZP-8""]",,native_fields_parsed
West Bengal,Alipurduar,2018,constituency_crosswalk,Latabari,Latabari/XVII,17,"11,Kalchini (ST)/211","181, Sarojitpally Pry. School",Latabari/PS-30,Kalchini/ZP-8,data/wb/gp_source_search/historical_expansion/alipurduar_CONSTITUENCY_5fe98655.pdf,fd2063117af535c39b67f049573eb3ff1a8fcea3df4ba8c56deb6f6979cdba59,47,1,7,"[24.959999999999997, 17.75999999999999, 822.7199999999999, 570.9599999999999]","[""Kalchini"", ""11,Kalchini (ST)/211"", ""181, Sarojitpally Pry. School"", ""Latabari/XVII"", ""17"", ""Latabari/PS-30"", ""Kalchini/ZP-8""]",,native_fields_parsed
West Bengal,Alipurduar,2018,constituency_crosswalk,Latabari,Latabari/XVIII,18,"11,Kalchini (ST)/212","182, Netaji Pally SSK",Latabari/PS-30,Kalchini/ZP-8,data/wb/gp_source_search/historical_expansion/alipurduar_CONSTITUENCY_5fe98655.pdf,fd2063117af535c39b67f049573eb3ff1a8fcea3df4ba8c56deb6f6979cdba59,47,1,8,"[24.959999999999997, 17.75999999999999, 822.7199999999999, 570.9599999999999]","[""Kalchini"", ""11,Kalchini (ST)/212"", ""182, Netaji Pally SSK"", ""Latabari/XVIII"", ""18"", ""Latabari/PS-30"", ""Kalchini/ZP-8""]",,native_fields_parsed
West Bengal,Alipurduar,2018,constituency_crosswalk,Latabari,Latabari/XIX,19,"11,Kalchini (ST)/213","183, Forwardnagar Pry. School",Latabari/PS-30,Kalchini/ZP-8,data/wb/gp_source_search/historical_expansion/alipurduar_CONSTITUENCY_5fe98655.pdf,fd2063117af535c39b67f049573eb3ff1a8fcea3df4ba8c56deb6f6979cdba59,47,1,9,"[24.959999999999997, 17.75999999999999, 822.7199999999999, 570.9599999999999]","[""Kalchini"", ""11,Kalchini (ST)/213"", ""183, Forwardnagar Pry. School"", ""Latabari/XIX"", ""19"", ""Latabari/PS-30"", ""Kalchini/ZP-8""]",,native_fields_parsed
West Bengal,Alipurduar,2018,constituency_crosswalk,Latabari,Latabari/XX,20,"11,Kalchini (ST)/214","184/1, Forwardnagar Nepali Spl. Cadre
Pry. School",Latabari/PS-30,Kalchini/ZP-8,data/wb/gp_source_search/historical_expansion/alipurduar_CONSTITUENCY_5fe98655.pdf,fd2063117af535c39b67f049573eb3ff1a8fcea3df4ba8c56deb6f6979cdba59,47,1,10,"[24.959999999999997, 17.75999999999999, 822.7199999999999, 570.9599999999999]","[""Kalchini"", ""11,Kalchini (ST)/214"", ""184/1, Forwardnagar Nepali Spl. Cadre\nPry. School"", ""Latabari/XX"", ""20"", ""Latabari/PS-30"", ""Kalchini/ZP-8""]",,native_fields_parsed
West Bengal,Alipurduar,2018,constituency_crosswalk,Latabari,Latabari/XX,20,"11,Kalchini (ST)/215","184/2, Forwardnagar SSK",Latabari/PS-30,Kalchini/ZP-8,data/wb/gp_source_search/historical_expansion/alipurduar_CONSTITUENCY_5fe98655.pdf,fd2063117af535c39b67f049573eb3ff1a8fcea3df4ba8c56deb6f6979cdba59,47,1,11,"[24.959999999999997, 17.75999999999999, 822.7199999999999, 570.9599999999999]","[""Kalchini"", ""11,Kalchini (ST)/215"", ""184/2, Forwardnagar SSK"", ""Latabari/XX"", ""20"", ""Latabari/PS-30"", ""Kalchini/ZP-8""]",,native_fields_parsed
West Bengal,Alipurduar,2018,constituency_crosswalk,Rajabhatkhawa,Rajabhatkhawa/I,1,"11,Kalchini (ST)/216","185/1, Buxaduar BFP School",Rajabhatkhawa/PS-31,Kalchini/ZP-7,data/wb/gp_source_search/historical_expansion/alipurduar_CONSTITUENCY_5fe98655.pdf,fd2063117af535c39b67f049573eb3ff1a8fcea3df4ba8c56deb6f6979cdba59,47,1,12,"[24.959999999999997, 17.75999999999999, 822.7199999999999, 570.9599999999999]","[""Kalchini"", ""11,Kalchini (ST)/216"", ""185/1, Buxaduar BFP School"", ""Rajabhatkhawa/I"", ""1"", ""Rajabhatkhawa/PS-31"", ""Kalchini/ZP-7""]",,native_fields_parsed
West Bengal,Alipurduar,2018,constituency_crosswalk,RRaajjaabbhhaattkkhhaawwaa/,RRaajjaabbhhaattkkhhaawwaa//II,11,"1111,,KKaallcchhiinnii ((SSTT))//221177","185/2, Chuna Bhatti Finish Mission Pry.
SScchhooooll",RRaajjaabbhhaattkkhhaawwaa//PPSS--3311,KKaallcchhiinnii//ZZPP--77,data/wb/gp_source_search/historical_expansion/alipurduar_CONSTITUENCY_5fe98655.pdf,fd2063117af535c39b67f049573eb3ff1a8fcea3df4ba8c56deb6f6979cdba59,47,1,13,"[24.959999999999997, 17.75999999999999, 822.7199999999999, 570.9599999999999]","[""KKaallcchhiinnii"", ""1111,,KKaallcchhiinnii ((SSTT))//221177"", ""185/2, Chuna Bhatti Finish Mission Pry.\nSScchhooooll"", ""RRaajjaabbhhaattkkhhaawwaa//II"", ""11"", ""RRaajjaabbhhaattkkhhaawwaa//PPSS--3311"", ""KKaallcchhiinnii//ZZPP--77""]",duplicated_native_glyphs,needs_review
West Bengal,Alipurduar,2018,constituency_crosswalk,Rajabhatkhawa,Rajabhatkhawa/II,2,"11,Kalchini (ST)/218","186, 28-No. Buxaduar FVP School",Rajabhatkhawa/PS-31,Kalchini/ZP-7,data/wb/gp_source_search/historical_expansion/alipurduar_CONSTITUENCY_5fe98655.pdf,fd2063117af535c39b67f049573eb3ff1a8fcea3df4ba8c56deb6f6979cdba59,47,1,14,"[24.959999999999997, 17.75999999999999, 822.7199999999999, 570.9599999999999]","[""Kalchini"", ""11,Kalchini (ST)/218"", ""186, 28-No. Buxaduar FVP School"", ""Rajabhatkhawa/II"", ""2"", ""Rajabhatkhawa/PS-31"", ""Kalchini/ZP-7""]",,native_fields_parsed
West Bengal,Alipurduar,2018,constituency_crosswalk,Rajabhatkhawa,Rajabhatkhawa/III,3,"11,Kalchini (ST)/219","187, Jayanti BFP School",Rajabhatkhawa/PS-31,Kalchini/ZP-7,data/wb/gp_source_search/historical_expansion/alipurduar_CONSTITUENCY_5fe98655.pdf,fd2063117af535c39b67f049573eb3ff1a8fcea3df4ba8c56deb6f6979cdba59,47,1,15,"[24.959999999999997, 17.75999999999999, 822.7199999999999, 570.9599999999999]","[""Kalchini"", ""11,Kalchini (ST)/219"", ""187, Jayanti BFP School"", ""Rajabhatkhawa/III"", ""3"", ""Rajabhatkhawa/PS-31"", ""Kalchini/ZP-7""]",,native_fields_parsed
West Bengal,Alipurduar,2018,constituency_crosswalk,Rajabhatkhawa,Rajabhatkhawa/IV,4,"11,Kalchini (ST)/220","188/1, Bamnibusty BFP School",Rajabhatkhawa/PS-31,Kalchini/ZP-7,data/wb/gp_source_search/historical_expansion/alipurduar_CONSTITUENCY_5fe98655.pdf,fd2063117af535c39b67f049573eb3ff1a8fcea3df4ba8c56deb6f6979cdba59,47,1,16,"[24.959999999999997, 17.75999999999999, 822.7199999999999, 570.9599999999999]","[""Kalchini"", ""11,Kalchini (ST)/220"", ""188/1, Bamnibusty BFP School"", ""Rajabhatkhawa/IV"", ""4"", ""Rajabhatkhawa/PS-31"", ""Kalchini/ZP-7""]",,native_fields_parsed
West Bengal,Alipurduar,2018,constituency_crosswalk,Rajabhatkhawa,Rajabhatkhawa/IV,4,"11,Kalchini (ST)/221","188/2, Garobusty Nepali Prathamik
Vidyalaya",Rajabhatkhawa/PS-31,Kalchini/ZP-7,data/wb/gp_source_search/historical_expansion/alipurduar_CONSTITUENCY_5fe98655.pdf,fd2063117af535c39b67f049573eb3ff1a8fcea3df4ba8c56deb6f6979cdba59,47,1,17,"[24.959999999999997, 17.75999999999999, 822.7199999999999, 570.9599999999999]","[""Kalchini"", ""11,Kalchini (ST)/221"", ""188/2, Garobusty Nepali Prathamik\nVidyalaya"", ""Rajabhatkhawa/IV"", ""4"", ""Rajabhatkhawa/PS-31"", ""Kalchini/ZP-7""]",,native_fields_parsed
West Bengal,Alipurduar,2018,constituency_crosswalk,Rajabhatkhawa,Rajabhatkhawa/V,5,"11,Kalchini (ST)/222","189/1, Rajabhatkhawa Jr. Basic School
(Room No. 1)",Rajabhatkhawa/PS-31,Kalchini/ZP-7,data/wb/gp_source_search/historical_expansion/alipurduar_CONSTITUENCY_5fe98655.pdf,fd2063117af535c39b67f049573eb3ff1a8fcea3df4ba8c56deb6f6979cdba59,47,1,18,"[24.959999999999997, 17.75999999999999, 822.7199999999999, 570.9599999999999]","[""Kalchini"", ""11,Kalchini (ST)/222"", ""189/1, Rajabhatkhawa Jr. Basic School\n(Room No. 1)"", ""Rajabhatkhawa/V"", ""5"", ""Rajabhatkhawa/PS-31"", ""Kalchini/ZP-7""]",,native_fields_parsed
West Bengal,Alipurduar,2018,constituency_crosswalk,Rajabhatkhawa,Rajabhatkhawa/V,5,"11,Kalchini (ST)/223","189/2, Rajabhatkhawa Jr. Basic School
(Room No. 2)",Rajabhatkhawa/PS-31,Kalchini/ZP-7,data/wb/gp_source_search/historical_expansion/alipurduar_CONSTITUENCY_5fe98655.pdf,fd2063117af535c39b67f049573eb3ff1a8fcea3df4ba8c56deb6f6979cdba59,47,1,19,"[24.959999999999997, 17.75999999999999, 822.7199999999999, 570.9599999999999]","[""Kalchini"", ""11,Kalchini (ST)/223"", ""189/2, Rajabhatkhawa Jr. Basic School\n(Room No. 2)"", ""Rajabhatkhawa/V"", ""5"", ""Rajabhatkhawa/PS-31"", ""Kalchini/ZP-7""]",,native_fields_parsed
West Bengal,Alipurduar,2018,constituency_crosswalk,Rajabhatkhawa,Rajabhatkhawa/VI,6,"11,Kalchini (ST)/224","190, Damanpur High School",Rajabhatkhawa/PS-32,Kalchini/ZP-7,data/wb/gp_source_search/historical_expansion/alipurduar_CONSTITUENCY_5fe98655.pdf,fd2063117af535c39b67f049573eb3ff1a8fcea3df4ba8c56deb6f6979cdba59,47,1,20,"[24.959999999999997, 17.75999999999999, 822.7199999999999, 570.9599999999999]","[""Kalchini"", ""11,Kalchini (ST)/224"", ""190, Damanpur High School"", ""Rajabhatkhawa/VI"", ""6"", ""Rajabhatkhawa/PS-32"", ""Kalchini/ZP-7""]",,native_fields_parsed
West Bengal,Alipurduar,2018,constituency_crosswalk,Rajabhatkhawa,Rajabhatkhawa/VII,7,"11,Kalchini (ST)/225","191, Kalkut FVP School",Rajabhatkhawa/PS-32,Kalchini/ZP-7,data/wb/gp_source_search/historical_expansion/alipurduar_CONSTITUENCY_5fe98655.pdf,fd2063117af535c39b67f049573eb3ff1a8fcea3df4ba8c56deb6f6979cdba59,47,1,21,"[24.959999999999997, 17.75999999999999, 822.7199999999999, 570.9599999999999]","[""Kalchini"", ""11,Kalchini (ST)/225"", ""191, Kalkut FVP School"", ""Rajabhatkhawa/VII"", ""7"", ""Rajabhatkhawa/PS-32"", ""Kalchini/ZP-7""]",,native_fields_parsed
West Bengal,Alipurduar,2018,constituency_crosswalk,Rajabhatkhawa,Rajabhatkhawa/VIII,8,"11,Kalchini (ST)/226","192/1, Gadadhar FVP School",Rajabhatkhawa/PS-32,Kalchini/ZP-7,data/wb/gp_source_search/historical_expansion/alipurduar_CONSTITUENCY_5fe98655.pdf,fd2063117af535c39b67f049573eb3ff1a8fcea3df4ba8c56deb6f6979cdba59,47,1,22,"[24.959999999999997, 17.75999999999999, 822.7199999999999, 570.9599999999999]","[""Kalchini"", ""11,Kalchini (ST)/226"", ""192/1, Gadadhar FVP School"", ""Rajabhatkhawa/VIII"", ""8"", ""Rajabhatkhawa/PS-32"", ""Kalchini/ZP-7""]",,native_fields_parsed
West Bengal,Alipurduar,2018,constituency_crosswalk,Rajabhatkhawa,Rajabhatkhawa/VIII,8,"11,Kalchini (ST)/227","192/2, Panbari Forest Villagers' Club",Rajabhatkhawa/PS-32,Kalchini/ZP-7,data/wb/gp_source_search/historical_expansion/alipurduar_CONSTITUENCY_5fe98655.pdf,fd2063117af535c39b67f049573eb3ff1a8fcea3df4ba8c56deb6f6979cdba59,47,1,23,"[24.959999999999997, 17.75999999999999, 822.7199999999999, 570.9599999999999]","[""Kalchini"", ""11,Kalchini (ST)/227"", ""192/2, Panbari Forest Villagers' Club"", ""Rajabhatkhawa/VIII"", ""8"", ""Rajabhatkhawa/PS-32"", ""Kalchini/ZP-7""]",,native_fields_parsed
West Bengal,Alipurduar,2018,constituency_crosswalk,Rajabhatkhawa,Rajabhatkhawa/IX,9,"11,Kalchini (ST)/228","193, Poro Forest Village Pry. School",Rajabhatkhawa/PS-32,Kalchini/ZP-7,data/wb/gp_source_search/historical_expansion/alipurduar_CONSTITUENCY_5fe98655.pdf,fd2063117af535c39b67f049573eb3ff1a8fcea3df4ba8c56deb6f6979cdba59,47,1,24,"[24.959999999999997, 17.75999999999999, 822.7199999999999, 570.9599999999999]","[""Kalchini"", ""11,Kalchini (ST)/228"", ""193, Poro Forest Village Pry. School"", ""Rajabhatkhawa/IX"", ""9"", ""Rajabhatkhawa/PS-32"", ""Kalchini/ZP-7""]",,native_fields_parsed
