row_id,state,district,year,stage,record_kind,local_body_printed,constituency_area_raw,seat_no,seat_no_raw,caste_raw,women_raw,caste_reservation,woman_reserved,source_path,source_sha256,source_page,source_table,source_row,source_table_bbox,raw_cells,quality_flags,review_status,bbox_coordinate_system,render_rotation_clockwise_degrees
adb5c89d22266a217092,West Bengal,Alipurduar,2023,final,district_ward_reservation,Kumargram,"Kumargram/ ZP-1 Turturikhanda, Rydak, Khoardanga-I and Khoardanga-II Grams",1,1,ST,W,ST,1,data/wb/2023/alipurduar/publication_of_final_order_showing_the_delimitation_of_constituencies_and_reservation_of_seats_for_the_zilla_p_2023030137.pdf,7575b42aaab72a3b77784e6df30ef45d81d68db188a196449fce3a4f0892258f,1,1,3,"[45.89999924999999, 661.439978, 549.359993625, 802.139982125]","[[""Kumargram"", ""3"", ""Kumargram/ ZP-1\nTurturikhanda, Rydak,\nKhoardanga-I and\nKhoardanga-II Grams"", ""ST"", ""W""]]",,native_fields_parsed,,
b65de177bfce6f648040,West Bengal,Alipurduar,2023,final,district_ward_reservation,Kumargram,"Kumargram/ ZP-2 Newlands Kumargram Sankosh, Kumargram and Chengmari Grams",2,2,,W,UR,1,data/wb/2023/alipurduar/publication_of_final_order_showing_the_delimitation_of_constituencies_and_reservation_of_seats_for_the_zilla_p_2023030137.pdf,7575b42aaab72a3b77784e6df30ef45d81d68db188a196449fce3a4f0892258f,2,1,3,"[45.83999924999999, 71.03999750000003, 549.3000037500001, 802.139994125]","[["""", """", ""Kumargram/ ZP-2\nNewlands Kumargram\nSankosh, Kumargram and\nChengmari Grams"", """", ""W""]]",,native_fields_parsed,,
4310eec0de9dc9c24b0e,West Bengal,Alipurduar,2023,final,district_ward_reservation,Kumargram,"Kumargram/ ZP-3 Volka-Barobisha-I, Volka-Barobisha-II, Kamakhyaguri-I and Kamakhyaguri-II Grams",3,3,,W,UR,1,data/wb/2023/alipurduar/publication_of_final_order_showing_the_delimitation_of_constituencies_and_reservation_of_seats_for_the_zilla_p_2023030137.pdf,7575b42aaab72a3b77784e6df30ef45d81d68db188a196449fce3a4f0892258f,2,1,4,"[45.83999924999999, 71.03999750000003, 549.3000037500001, 802.139994125]","[[null, null, ""Kumargram/ ZP-3\nVolka-Barobisha-I, Volka-Barobisha-II,\nKamakhyaguri-I and\nKamakhyaguri-II Grams"", """", ""W""]]",,native_fields_parsed,,
b3937540b9179fb80c39,West Bengal,Alipurduar,2023,final,district_ward_reservation,Alipurduar-II,"Alipurduar-II/ ZP-4 Turturi, Shamuktala, Kohinoor and Mahakalguri Grams",4,4,ST,,ST,0,data/wb/2023/alipurduar/publication_of_final_order_showing_the_delimitation_of_constituencies_and_reservation_of_seats_for_the_zilla_p_2023030137.pdf,7575b42aaab72a3b77784e6df30ef45d81d68db188a196449fce3a4f0892258f,2,1,5,"[45.83999924999999, 71.03999750000003, 549.3000037500001, 802.139994125]","[[""Alipurduar - II"", ""3"", ""Alipurduar-II/ ZP-4\nTurturi, Shamuktala,\nKohinoor and Mahakalguri Grams"", ""ST"", """"]]",,native_fields_parsed,,
49a48b7e11e66e021e29,West Bengal,Alipurduar,2023,final,district_ward_reservation,Alipurduar-II,"Alipurduar-II/ ZP-5 Tatpara-I, Bhatibari, Parokata and Tatpara-II Grams",5,5,,W,UR,1,data/wb/2023/alipurduar/publication_of_final_order_showing_the_delimitation_of_constituencies_and_reservation_of_seats_for_the_zilla_p_2023030137.pdf,7575b42aaab72a3b77784e6df30ef45d81d68db188a196449fce3a4f0892258f,2,1,6,"[45.83999924999999, 71.03999750000003, 549.3000037500001, 802.139994125]","[[null, null, ""Alipurduar-II/ ZP-5\nTatpara-I, Bhatibari,\nParokata and Tatpara-II Grams"", """", ""W""]]",,native_fields_parsed,,
e0474b3010b99030f119,West Bengal,Alipurduar,2023,final,district_ward_reservation,Alipurduar-II,"Alipurduar-II/ ZP-9 Majherdabri,Chaparerpar-I and Chaparerpar-II Grams",9,9,SC,,SC,0,data/wb/2023/alipurduar/publication_of_final_order_showing_the_delimitation_of_constituencies_and_reservation_of_seats_for_the_zilla_p_2023030137.pdf,7575b42aaab72a3b77784e6df30ef45d81d68db188a196449fce3a4f0892258f,2,1,7,"[45.83999924999999, 71.03999750000003, 549.3000037500001, 802.139994125]","[[null, null, ""Alipurduar-II/ ZP-9\nMajherdabri,Chaparerpar-I\nand Chaparerpar-II Grams"", ""SC"", """"]]",,native_fields_parsed,,
f1bff5a6cd5f395841f2,West Bengal,Alipurduar,2023,final,district_ward_reservation,Kalchini,"Kalchini/ ZP-6 Jaigaon-II, Jaigaon-I and Dalsingpara Grams",6,6,,,UR,0,data/wb/2023/alipurduar/publication_of_final_order_showing_the_delimitation_of_constituencies_and_reservation_of_seats_for_the_zilla_p_2023030137.pdf,7575b42aaab72a3b77784e6df30ef45d81d68db188a196449fce3a4f0892258f,2,1,8,"[45.83999924999999, 71.03999750000003, 549.3000037500001, 802.139994125]","[[""Kalchini"", ""3"", ""Kalchini/ ZP-6\nJaigaon-II, Jaigaon-I and\nDalsingpara Grams"", """", """"]]",,native_fields_parsed,,
1a1153ecabe4e764657a,West Bengal,Alipurduar,2023,final,district_ward_reservation,Kalchini,"Kalchini/ ZP-7 Chuapara, Kalchini, Garopara and Rajabhatkhawa Grams",7,7,,W,UR,1,data/wb/2023/alipurduar/publication_of_final_order_showing_the_delimitation_of_constituencies_and_reservation_of_seats_for_the_zilla_p_2023030137.pdf,7575b42aaab72a3b77784e6df30ef45d81d68db188a196449fce3a4f0892258f,2,1,9,"[45.83999924999999, 71.03999750000003, 549.3000037500001, 802.139994125]","[[null, null, ""Kalchini/ ZP-7\nChuapara, Kalchini,\nGaropara and Rajabhatkhawa Grams"", """", ""W""]]",,native_fields_parsed,,
8b0de83c7b25ceb46466,West Bengal,Alipurduar,2023,final,district_ward_reservation,Kalchini,"Kalchini/ ZP-8 Malangi, Satali, Mendabari and Latabari Grams",8,8,ST,W,ST,1,data/wb/2023/alipurduar/publication_of_final_order_showing_the_delimitation_of_constituencies_and_reservation_of_seats_for_the_zilla_p_2023030137.pdf,7575b42aaab72a3b77784e6df30ef45d81d68db188a196449fce3a4f0892258f,2,1,10,"[45.83999924999999, 71.03999750000003, 549.3000037500001, 802.139994125]","[[null, null, ""Kalchini/ ZP-8\nMalangi, Satali, Mendabari\nand Latabari Grams"", ""ST"", ""W""]]",,native_fields_parsed,,
b74f39d79e9303df3d92,West Bengal,Alipurduar,2023,final,district_ward_reservation,Alipurduar-I,"Alipurduar-I/ ZP-10 Salkumar-I, Salkumar-II, Patlakhawa and Purba Kathalbari Grams",10,10,SC,W,SC,1,data/wb/2023/alipurduar/publication_of_final_order_showing_the_delimitation_of_constituencies_and_reservation_of_seats_for_the_zilla_p_2023030137.pdf,7575b42aaab72a3b77784e6df30ef45d81d68db188a196449fce3a4f0892258f,2,1,11,"[45.83999924999999, 71.03999750000003, 549.3000037500001, 802.139994125]","[[""Alipurduar-I"", ""3"", ""Alipurduar-I/ ZP-10\nSalkumar-I, Salkumar-II, Patlakhawa\nand Purba Kathalbari Grams"", ""SC"", ""W""]]",,native_fields_parsed,,
6f453c44aea01aff0aed,West Bengal,Alipurduar,2023,final,district_ward_reservation,Alipurduar-I,"Alipurduar-I/ ZP-11 Chakowakheti, Mathura, Tapsikhata and Parorpar Grams",11,11,,,UR,0,data/wb/2023/alipurduar/publication_of_final_order_showing_the_delimitation_of_constituencies_and_reservation_of_seats_for_the_zilla_p_2023030137.pdf,7575b42aaab72a3b77784e6df30ef45d81d68db188a196449fce3a4f0892258f,2,1,12,"[45.83999924999999, 71.03999750000003, 549.3000037500001, 802.139994125]","[[null, null, ""Alipurduar-I/ ZP-11\nChakowakheti, Mathura, Tapsikhata\nand Parorpar Grams"", """", """"]]",,native_fields_parsed,,
7fa42ba71c8c82c4b58e,West Bengal,Alipurduar,2023,final,district_ward_reservation,Alipurduar-I,"Alipurduar-I/ ZP-12 Banchukamari, Vivekananda-II and Vivekananda-I Grams",12,12,SC,,SC,0,data/wb/2023/alipurduar/publication_of_final_order_showing_the_delimitation_of_constituencies_and_reservation_of_seats_for_the_zilla_p_2023030137.pdf,7575b42aaab72a3b77784e6df30ef45d81d68db188a196449fce3a4f0892258f,2,1,13,"[45.83999924999999, 71.03999750000003, 549.3000037500001, 802.139994125]","[[null, null, ""Alipurduar-I/ ZP-12\nBanchukamari, Vivekananda-II and\nVivekananda-I Grams"", ""SC"", """"]]",,native_fields_parsed,,
f9b4e334e31985861450,West Bengal,Alipurduar,2023,final,district_ward_reservation,Falakata,"Falakata/ ZP-13 Dhanirampur-I, Dhanirampur-II, Dalgaon and Jateswar-I Grams",13,13,,W,UR,1,data/wb/2023/alipurduar/publication_of_final_order_showing_the_delimitation_of_constituencies_and_reservation_of_seats_for_the_zilla_p_2023030137.pdf,7575b42aaab72a3b77784e6df30ef45d81d68db188a196449fce3a4f0892258f,2,1,14,"[45.83999924999999, 71.03999750000003, 549.3000037500001, 802.139994125]","[[""Falakata"", ""3"", ""Falakata/ ZP-13\nDhanirampur-I, Dhanirampur-II,\nDalgaon and Jateswar-I Grams"", """", ""W""]]",,native_fields_parsed,,
ae0662e9c4ae5a561a57,West Bengal,Alipurduar,2023,final,district_ward_reservation,Falakata,"Falakata/ ZP-14 Deogaon, Jateswar-II and Guabarnagar Grams",14,14,SC,W,SC,1,data/wb/2023/alipurduar/publication_of_final_order_showing_the_delimitation_of_constituencies_and_reservation_of_seats_for_the_zilla_p_2023030137.pdf,7575b42aaab72a3b77784e6df30ef45d81d68db188a196449fce3a4f0892258f,2,1,15,"[45.83999924999999, 71.03999750000003, 549.3000037500001, 802.139994125]","[[null, null, ""Falakata/ ZP-14\nDeogaon, Jateswar-II and\nGuabarnagar Grams"", ""SC"", ""W""]]",,native_fields_parsed,,
d6abc762dcd3a717afbd,West Bengal,Alipurduar,2023,final,district_ward_reservation,Falakata,"Falakata/ ZP-15 Salkumar, Mairadanga and Falakata-II Grams",15,15,SC,,SC,0,data/wb/2023/alipurduar/publication_of_final_order_showing_the_delimitation_of_constituencies_and_reservation_of_seats_for_the_zilla_p_2023030137.pdf,7575b42aaab72a3b77784e6df30ef45d81d68db188a196449fce3a4f0892258f,2,1,16,"[45.83999924999999, 71.03999750000003, 549.3000037500001, 802.139994125]","[[null, null, ""Falakata/ ZP-15\nSalkumar, Mairadanga and\nFalakata-II Grams"", ""SC"", """"]]",,native_fields_parsed,,
a7e9595fab1c8866f8e2,West Bengal,Alipurduar,2023,final,district_ward_reservation,Madarihat Birpara,"Madarihat Birpara/ ZP-16 Bandapani, Birpara-I and Sishujhumra Grams",16,16,ST,,ST,0,data/wb/2023/alipurduar/publication_of_final_order_showing_the_delimitation_of_constituencies_and_reservation_of_seats_for_the_zilla_p_2023030137.pdf,7575b42aaab72a3b77784e6df30ef45d81d68db188a196449fce3a4f0892258f,3,1,3,"[45.89999924999999, 71.03999750000003, 549.359993625, 314.879999375]","[[""Madarihat\nBirpara"", ""3"", ""Madarihat Birpara/ ZP-16\nBandapani, Birpara-I and\nSishujhumra Grams"", ""ST"", """"]]",,native_fields_parsed,,
09436d6101e7fb8e8df9,West Bengal,Alipurduar,2023,final,district_ward_reservation,Madarihat Birpara,"Madarihat Birpara/ ZP-17 Birpara-II, Lankapara, Totopara-Ballalguri and Hantapara Grams",17,17,,,UR,0,data/wb/2023/alipurduar/publication_of_final_order_showing_the_delimitation_of_constituencies_and_reservation_of_seats_for_the_zilla_p_2023030137.pdf,7575b42aaab72a3b77784e6df30ef45d81d68db188a196449fce3a4f0892258f,3,1,4,"[45.89999924999999, 71.03999750000003, 549.359993625, 314.879999375]","[[null, null, ""Madarihat Birpara/ ZP-17\nBirpara-II, Lankapara,\nTotopara-Ballalguri and\nHantapara Grams"", """", """"]]",,native_fields_parsed,,
c912b495189d685609e2,West Bengal,Alipurduar,2023,final,district_ward_reservation,Madarihat Birpara,"Madarihat Birpara/ ZP-18 Madarihat, Khairbari and Rangalibazna Grams",18,18,,,UR,0,data/wb/2023/alipurduar/publication_of_final_order_showing_the_delimitation_of_constituencies_and_reservation_of_seats_for_the_zilla_p_2023030137.pdf,7575b42aaab72a3b77784e6df30ef45d81d68db188a196449fce3a4f0892258f,3,1,5,"[45.89999924999999, 71.03999750000003, 549.359993625, 314.879999375]","[[null, null, ""Madarihat Birpara/ ZP-18\nMadarihat, Khairbari and\nRangalibazna Grams"", """", """"]]",,native_fields_parsed,,
0237acf7fd2645b28004,West Bengal,Cooch Behar,2023,final,district_ward_reservation,Mekhliganj,"Mekhliganj/ ZP-1 Ranirhat, Changrabandha and Bhotbari Grams",1,1,SC,W,SC,1,data/wb/2023/cooch_behar/extracted/CBR FINAL ORDER  FORM A1 B1/Cooch Behar-I/ZP FINAL ORDER.pdf,d315f43a4878095e7e8da11c56ad894cc4ef123ba6d4382cf874443335d46d94,1,1,3,"[45.89999924999999, 672.599981, 549.359993625, 802.1399813749999]","[[""Mekhliganj"", ""3"", ""Mekhliganj/ ZP-1\nRanirhat, Changrabandha and\nBhotbari Grams"", ""SC"", ""W""]]",,native_fields_parsed,,
a34d38d909ec08a4a3a6,West Bengal,Cooch Behar,2023,final,district_ward_reservation,Mekhliganj,Mekhliganj/ ZP-2 Uchhalpukuri and Jamaldah Grams,2,2,SC,,SC,0,data/wb/2023/cooch_behar/extracted/CBR FINAL ORDER  FORM A1 B1/Cooch Behar-I/ZP FINAL ORDER.pdf,d315f43a4878095e7e8da11c56ad894cc4ef123ba6d4382cf874443335d46d94,2,1,3,"[45.83999924999999, 71.03999750000003, 549.3000037500001, 802.139994125]","[["""", """", ""Mekhliganj/ ZP-2\nUchhalpukuri and Jamaldah Grams"", ""SC"", """"]]",,native_fields_parsed,,
024426b8bb1a9fccfecf,West Bengal,Cooch Behar,2023,final,district_ward_reservation,Mekhliganj,"Mekhliganj/ ZP-3 Niztaraf, Bagdokra Fulkadabri and Kuchlibari Grams",3,3,,W,UR,1,data/wb/2023/cooch_behar/extracted/CBR FINAL ORDER  FORM A1 B1/Cooch Behar-I/ZP FINAL ORDER.pdf,d315f43a4878095e7e8da11c56ad894cc4ef123ba6d4382cf874443335d46d94,2,1,4,"[45.83999924999999, 71.03999750000003, 549.3000037500001, 802.139994125]","[[null, null, ""Mekhliganj/ ZP-3\nNiztaraf, Bagdokra Fulkadabri and\nKuchlibari Grams"", """", ""W""]]",,native_fields_parsed,,
8250a58c5225c0c674b9,West Bengal,Cooch Behar,2023,final,district_ward_reservation,Haldibari,"Haldibari/ ZP-4 Boxiganj, Uttar Bara Haldibari and Per-Mekhliganj Grams",4,4,,W,UR,1,data/wb/2023/cooch_behar/extracted/CBR FINAL ORDER  FORM A1 B1/Cooch Behar-I/ZP FINAL ORDER.pdf,d315f43a4878095e7e8da11c56ad894cc4ef123ba6d4382cf874443335d46d94,2,1,5,"[45.83999924999999, 71.03999750000003, 549.3000037500001, 802.139994125]","[[""Haldibari"", ""2"", ""Haldibari/ ZP-4\nBoxiganj, Uttar Bara Haldibari and\nPer-Mekhliganj Grams"", """", ""W""]]",,native_fields_parsed,,
fdbb49c54edfaed86a0a,West Bengal,Cooch Behar,2023,final,district_ward_reservation,Haldibari,"Haldibari/ ZP-5 Dakshin Bara Haldibari, Dewanganj and Hemkumari Grams",5,5,SC,W,SC,1,data/wb/2023/cooch_behar/extracted/CBR FINAL ORDER  FORM A1 B1/Cooch Behar-I/ZP FINAL ORDER.pdf,d315f43a4878095e7e8da11c56ad894cc4ef123ba6d4382cf874443335d46d94,2,1,6,"[45.83999924999999, 71.03999750000003, 549.3000037500001, 802.139994125]","[[null, null, ""Haldibari/ ZP-5\nDakshin Bara Haldibari, Dewanganj and\nHemkumari Grams"", ""SC"", ""W""]]",,native_fields_parsed,,
ec800f5d1a0de5de27aa,West Bengal,Cooch Behar,2023,final,district_ward_reservation,Mathabhanga-II,"Mathabhanga-II/ ZP-6 Fulbari, Bara Soulmari and Latapota Grams",6,6,SC,,SC,0,data/wb/2023/cooch_behar/extracted/CBR FINAL ORDER  FORM A1 B1/Cooch Behar-I/ZP FINAL ORDER.pdf,d315f43a4878095e7e8da11c56ad894cc4ef123ba6d4382cf874443335d46d94,2,1,7,"[45.83999924999999, 71.03999750000003, 549.3000037500001, 802.139994125]","[[""Mathabhanga-II"", ""3"", ""Mathabhanga-II/ ZP-6\nFulbari, Bara Soulmari and\nLatapota Grams"", ""SC"", """"]]",,native_fields_parsed,,
f25ebbae2ea44c739db4,West Bengal,Cooch Behar,2023,final,district_ward_reservation,Mathabhanga-II,"Mathabhanga-II/ ZP-7 Ghoksadanga, Ruidanga and Unish Bisha Grams",7,7,,W,UR,1,data/wb/2023/cooch_behar/extracted/CBR FINAL ORDER  FORM A1 B1/Cooch Behar-I/ZP FINAL ORDER.pdf,d315f43a4878095e7e8da11c56ad894cc4ef123ba6d4382cf874443335d46d94,2,1,8,"[45.83999924999999, 71.03999750000003, 549.3000037500001, 802.139994125]","[[null, null, ""Mathabhanga-II/ ZP-7\nGhoksadanga, Ruidanga and\nUnish Bisha Grams"", """", ""W""]]",,native_fields_parsed,,
59751720295e3735df50,West Bengal,Cooch Behar,2023,final,district_ward_reservation,Mathabhanga-II,"Mathabhanga-II/ ZP-8 Angar Kata Paradubi, Premerdanga, Nishiganj-II and Nishiganj-I Grams",8,8,SC,W,SC,1,data/wb/2023/cooch_behar/extracted/CBR FINAL ORDER  FORM A1 B1/Cooch Behar-I/ZP FINAL ORDER.pdf,d315f43a4878095e7e8da11c56ad894cc4ef123ba6d4382cf874443335d46d94,2,1,9,"[45.83999924999999, 71.03999750000003, 549.3000037500001, 802.139994125]","[[null, null, ""Mathabhanga-II/ ZP-8\nAngar Kata Paradubi, Premerdanga,\nNishiganj-II and Nishiganj-I Grams"", ""SC"", ""W""]]",,native_fields_parsed,,
6aff1be5e77716a2436b,West Bengal,Cooch Behar,2023,final,district_ward_reservation,Mathabhanga-I,"Mathabhanga-I/ ZP-9 Hazrahat-I, Hazrahat-II, Bairagirhat and Shikarpur Grams",9,9,SC,,SC,0,data/wb/2023/cooch_behar/extracted/CBR FINAL ORDER  FORM A1 B1/Cooch Behar-I/ZP FINAL ORDER.pdf,d315f43a4878095e7e8da11c56ad894cc4ef123ba6d4382cf874443335d46d94,2,1,10,"[45.83999924999999, 71.03999750000003, 549.3000037500001, 802.139994125]","[[""Mathabhanga-I"", ""3"", ""Mathabhanga-I/ ZP-9\nHazrahat-I, Hazrahat-II, Bairagirhat and\nShikarpur Grams"", ""SC"", """"]]",,native_fields_parsed,,
2485c80c94a069d932e3,West Bengal,Cooch Behar,2023,final,district_ward_reservation,Mathabhanga-I,"Mathabhanga-I/ ZP-10 Pachagarh, Kursamari and Jorepatki Grams",10,10,,,UR,0,data/wb/2023/cooch_behar/extracted/CBR FINAL ORDER  FORM A1 B1/Cooch Behar-I/ZP FINAL ORDER.pdf,d315f43a4878095e7e8da11c56ad894cc4ef123ba6d4382cf874443335d46d94,2,1,11,"[45.83999924999999, 71.03999750000003, 549.3000037500001, 802.139994125]","[[null, null, ""Mathabhanga-I/ ZP-10\nPachagarh, Kursamari and\nJorepatki Grams"", """", """"]]",,native_fields_parsed,,
efa6769685d61ef18173,West Bengal,Cooch Behar,2023,final,district_ward_reservation,Mathabhanga-I,"Mathabhanga-I/ ZP-11 Gopalpur, Kedarhat and Nayerhat Grams",11,11,SC,W,SC,1,data/wb/2023/cooch_behar/extracted/CBR FINAL ORDER  FORM A1 B1/Cooch Behar-I/ZP FINAL ORDER.pdf,d315f43a4878095e7e8da11c56ad894cc4ef123ba6d4382cf874443335d46d94,2,1,12,"[45.83999924999999, 71.03999750000003, 549.3000037500001, 802.139994125]","[[null, null, ""Mathabhanga-I/ ZP-11\nGopalpur, Kedarhat and Nayerhat Grams"", ""SC"", ""W""]]",,native_fields_parsed,,
5cda75bfbf23ce335db3,West Bengal,Cooch Behar,2023,final,district_ward_reservation,Cooch Behar-II,"Cooch Behar-II/ ZP-12 Patlakhawa, Dhandingguri, Pundibari and Madhupur Grams",12,12,,W,UR,1,data/wb/2023/cooch_behar/extracted/CBR FINAL ORDER  FORM A1 B1/Cooch Behar-I/ZP FINAL ORDER.pdf,d315f43a4878095e7e8da11c56ad894cc4ef123ba6d4382cf874443335d46d94,2,1,13,"[45.83999924999999, 71.03999750000003, 549.3000037500001, 802.139994125]","[[""Cooch Behar-II"", ""3"", ""Cooch Behar-II/ ZP-12\nPatlakhawa, Dhandingguri,\nPundibari and Madhupur Grams"", """", ""W""]]",,native_fields_parsed,,
985222af35f3a6529739,West Bengal,Cooch Behar,2023,final,district_ward_reservation,Cooch Behar-II,"Cooch Behar-II/ ZP-13 Bararangrash, Marichbari-Kholta, Ambari, Baneswar and Gopalpur Grams",13,13,SC,,SC,0,data/wb/2023/cooch_behar/extracted/CBR FINAL ORDER  FORM A1 B1/Cooch Behar-I/ZP FINAL ORDER.pdf,d315f43a4878095e7e8da11c56ad894cc4ef123ba6d4382cf874443335d46d94,2,1,14,"[45.83999924999999, 71.03999750000003, 549.3000037500001, 802.139994125]","[[null, null, ""Cooch Behar-II/ ZP-13\nBararangrash, Marichbari-Kholta,\nAmbari, Baneswar and Gopalpur Grams"", ""SC"", """"]]",,native_fields_parsed,,
f2ef8a02604e6bc012dc,West Bengal,Cooch Behar,2023,final,district_ward_reservation,Cooch Behar-II,"Cooch Behar-II/ ZP-14 Takagachh-Rajarhat, Khagrabari, Chakchaka and Khapaidanga Grams",14,14,,,UR,0,data/wb/2023/cooch_behar/extracted/CBR FINAL ORDER  FORM A1 B1/Cooch Behar-I/ZP FINAL ORDER.pdf,d315f43a4878095e7e8da11c56ad894cc4ef123ba6d4382cf874443335d46d94,2,1,15,"[45.83999924999999, 71.03999750000003, 549.3000037500001, 802.139994125]","[[null, null, ""Cooch Behar-II/ ZP-14\nTakagachh-Rajarhat, Khagrabari,\nChakchaka and Khapaidanga Grams"", """", """"]]",,native_fields_parsed,,
1a3d42c7a20f7fdd559c,West Bengal,Cooch Behar,2023,final,district_ward_reservation,Cooch Behar-I,"Cooch Behar-I/ ZP-15 Moamari, Chilkirhat, Falimari, Chandamari and Putimari Fuleswari Grams",15,15,SC,W,SC,1,data/wb/2023/cooch_behar/extracted/CBR FINAL ORDER  FORM A1 B1/Cooch Behar-I/ZP FINAL ORDER.pdf,d315f43a4878095e7e8da11c56ad894cc4ef123ba6d4382cf874443335d46d94,2,1,16,"[45.83999924999999, 71.03999750000003, 549.3000037500001, 802.139994125]","[[""Cooch Behar-I"", ""3"", ""Cooch Behar-I/ ZP-15\nMoamari, Chilkirhat, Falimari,\nChandamari and Putimari Fuleswari Grams"", ""SC"", ""W""]]",,native_fields_parsed,,
19a6c23b742ecf3b8cc9,West Bengal,Cooch Behar,2023,final,district_ward_reservation,Cooch Behar-I,"Cooch Behar-I/ ZP-16 Patchhara, Haribhanga, Panisala, Dewanhat and Jiranpur Grams",16,16,,W,UR,1,data/wb/2023/cooch_behar/extracted/CBR FINAL ORDER  FORM A1 B1/Cooch Behar-I/ZP FINAL ORDER.pdf,d315f43a4878095e7e8da11c56ad894cc4ef123ba6d4382cf874443335d46d94,2,1,17,"[45.83999924999999, 71.03999750000003, 549.3000037500001, 802.139994125]","[[null, null, ""Cooch Behar-I/ ZP-16\nPatchhara, Haribhanga, Panisala,\nDewanhat and Jiranpur Grams"", """", ""W""]]",,native_fields_parsed,,
68b2216646c78a800956,West Bengal,Cooch Behar,2023,final,district_ward_reservation,Cooch Behar-I,"Cooch Behar-I/ ZP-17 Suktabari, Ghughumari, Dawaguri, Guriahati-I and Guriahati-II Grams",17,17,,,UR,0,data/wb/2023/cooch_behar/extracted/CBR FINAL ORDER  FORM A1 B1/Cooch Behar-I/ZP FINAL ORDER.pdf,d315f43a4878095e7e8da11c56ad894cc4ef123ba6d4382cf874443335d46d94,3,1,3,"[45.89999924999999, 71.03999750000003, 549.359993625, 802.139994125]","[["""", """", ""Cooch Behar-I/ ZP-17\nSuktabari, Ghughumari, Dawaguri,\nGuriahati-I and Guriahati-II Grams"", """", """"]]",,native_fields_parsed,,
bb6df553bbb1844c054a,West Bengal,Cooch Behar,2023,final,district_ward_reservation,Sitalkuchi,"Sitalkuchi/ ZP-18 Khalisamari, Barakaimari and Bhowaierthana Grams",18,18,SC,,SC,0,data/wb/2023/cooch_behar/extracted/CBR FINAL ORDER  FORM A1 B1/Cooch Behar-I/ZP FINAL ORDER.pdf,d315f43a4878095e7e8da11c56ad894cc4ef123ba6d4382cf874443335d46d94,3,1,4,"[45.89999924999999, 71.03999750000003, 549.359993625, 802.139994125]","[[""Sitalkuchi"", ""3"", ""Sitalkuchi/ ZP-18\nKhalisamari, Barakaimari and\nBhowaierthana Grams"", ""SC"", """"]]",,native_fields_parsed,,
5e7e129d65a54cdd1b6e,West Bengal,Cooch Behar,2023,final,district_ward_reservation,Sitalkuchi,Sitalkuchi/ ZP-19 Gossairhat and Chhotosalbari Grams,19,19,SC,W,SC,1,data/wb/2023/cooch_behar/extracted/CBR FINAL ORDER  FORM A1 B1/Cooch Behar-I/ZP FINAL ORDER.pdf,d315f43a4878095e7e8da11c56ad894cc4ef123ba6d4382cf874443335d46d94,3,1,5,"[45.89999924999999, 71.03999750000003, 549.359993625, 802.139994125]","[[null, null, ""Sitalkuchi/ ZP-19\nGossairhat and Chhotosalbari Grams"", ""SC"", ""W""]]",,native_fields_parsed,,
b194aa54817075132204,West Bengal,Cooch Behar,2023,final,district_ward_reservation,Sitalkuchi,"Sitalkuchi/ ZP-20 Sitalkuchi, Lalbazar and Golenowhati Grams",20,20,SC,,SC,0,data/wb/2023/cooch_behar/extracted/CBR FINAL ORDER  FORM A1 B1/Cooch Behar-I/ZP FINAL ORDER.pdf,d315f43a4878095e7e8da11c56ad894cc4ef123ba6d4382cf874443335d46d94,3,1,6,"[45.89999924999999, 71.03999750000003, 549.359993625, 802.139994125]","[[null, null, ""Sitalkuchi/ ZP-20\nSitalkuchi, Lalbazar and\nGolenowhati Grams"", ""SC"", """"]]",,native_fields_parsed,,
ba5337d0220837c78362,West Bengal,Cooch Behar,2023,final,district_ward_reservation,Sitai,"Sitai/ ZP-21 Adabari, Sitai-II and Sitai-I Grams",21,21,,W,UR,1,data/wb/2023/cooch_behar/extracted/CBR FINAL ORDER  FORM A1 B1/Cooch Behar-I/ZP FINAL ORDER.pdf,d315f43a4878095e7e8da11c56ad894cc4ef123ba6d4382cf874443335d46d94,3,1,7,"[45.89999924999999, 71.03999750000003, 549.359993625, 802.139994125]","[[""Sitai"", ""2"", ""Sitai/ ZP-21\nAdabari, Sitai-II and Sitai-I Grams"", """", ""W""]]",,native_fields_parsed,,
11327ee46692e1720a74,West Bengal,Cooch Behar,2023,final,district_ward_reservation,Sitai,Sitai/ ZP-22 Brahmattar Chatra and Chamta Grams,22,22,,,UR,0,data/wb/2023/cooch_behar/extracted/CBR FINAL ORDER  FORM A1 B1/Cooch Behar-I/ZP FINAL ORDER.pdf,d315f43a4878095e7e8da11c56ad894cc4ef123ba6d4382cf874443335d46d94,3,1,8,"[45.89999924999999, 71.03999750000003, 549.359993625, 802.139994125]","[[null, null, ""Sitai/ ZP-22\nBrahmattar Chatra and Chamta Grams"", """", """"]]",,native_fields_parsed,,
c68e0a00c58057bbfed5,West Bengal,Cooch Behar,2023,final,district_ward_reservation,Dinhata-I,"Dinhata-I/ ZP-23 Gosanimari-II, Gosanimari-I,Matalhat, Putimari-II and Petla Grams",23,23,,W,UR,1,data/wb/2023/cooch_behar/extracted/CBR FINAL ORDER  FORM A1 B1/Cooch Behar-I/ZP FINAL ORDER.pdf,d315f43a4878095e7e8da11c56ad894cc4ef123ba6d4382cf874443335d46d94,3,1,9,"[45.89999924999999, 71.03999750000003, 549.359993625, 802.139994125]","[[""Dinhata-I"", ""3"", ""Dinhata-I/ ZP-23\nGosanimari-II, Gosanimari-I,Matalhat,\nPutimari-II and Petla Grams"", """", ""W""]]",,native_fields_parsed,,
37c04fe03e8205cca45d,West Bengal,Cooch Behar,2023,final,district_ward_reservation,Dinhata-I,"Dinhata-I/ ZP-24 Bhetaguri-II, Bara Atiabari-II, Bhetaguri-I, Putimari-I, Dinhata Village-I and Dinhata Village-II Grams",24,24,SC,W,SC,1,data/wb/2023/cooch_behar/extracted/CBR FINAL ORDER  FORM A1 B1/Cooch Behar-I/ZP FINAL ORDER.pdf,d315f43a4878095e7e8da11c56ad894cc4ef123ba6d4382cf874443335d46d94,3,1,10,"[45.89999924999999, 71.03999750000003, 549.359993625, 802.139994125]","[[null, null, ""Dinhata-I/ ZP-24\nBhetaguri-II, Bara Atiabari-II,\nBhetaguri-I, Putimari-I,\nDinhata Village-I and\nDinhata Village-II Grams"", ""SC"", ""W""]]",,native_fields_parsed,,
e3a3027852de348c3d81,West Bengal,Cooch Behar,2023,final,district_ward_reservation,Dinhata-I,"Dinhata-I/ ZP-25 Bara Soulmari, Bara Atiabari-I, Okrabari, Gitaldaha-II and Gitaldaha-I Grams",25,25,,,UR,0,data/wb/2023/cooch_behar/extracted/CBR FINAL ORDER  FORM A1 B1/Cooch Behar-I/ZP FINAL ORDER.pdf,d315f43a4878095e7e8da11c56ad894cc4ef123ba6d4382cf874443335d46d94,3,1,11,"[45.89999924999999, 71.03999750000003, 549.359993625, 802.139994125]","[[null, null, ""Dinhata-I/ ZP-25\nBara Soulmari, Bara Atiabari-I, Okrabari,\nGitaldaha-II and Gitaldaha-I Grams"", """", """"]]",,native_fields_parsed,,
18388c238b1ffa3cacdb,West Bengal,Cooch Behar,2023,final,district_ward_reservation,Dinhata-II,"Dinhata-II/ ZP-26 Burirhat-I, Nazirhat-I, Nazirhat-II, Burirhat-II and Sahebganj Grams",26,26,SC,,SC,0,data/wb/2023/cooch_behar/extracted/CBR FINAL ORDER  FORM A1 B1/Cooch Behar-I/ZP FINAL ORDER.pdf,d315f43a4878095e7e8da11c56ad894cc4ef123ba6d4382cf874443335d46d94,3,1,12,"[45.89999924999999, 71.03999750000003, 549.359993625, 802.139994125]","[[""Dinhata-II"", ""3"", ""Dinhata-II/ ZP-26\nBurirhat-I, Nazirhat-I, Nazirhat-II,\nBurirhat-II and Sahebganj Grams"", ""SC"", """"]]",,native_fields_parsed,,
946cdf428ae61e17cbc6,West Bengal,Cooch Behar,2023,final,district_ward_reservation,Dinhata-II,"Dinhata-II/ ZP-27 Barasakdal, Bamanhat-II, Bamanhat-I and Kismat Dasgram Grams",27,27,,W,UR,1,data/wb/2023/cooch_behar/extracted/CBR FINAL ORDER  FORM A1 B1/Cooch Behar-I/ZP FINAL ORDER.pdf,d315f43a4878095e7e8da11c56ad894cc4ef123ba6d4382cf874443335d46d94,3,1,13,"[45.89999924999999, 71.03999750000003, 549.359993625, 802.139994125]","[[null, null, ""Dinhata-II/ ZP-27\nBarasakdal, Bamanhat-II, Bamanhat-I and\nKismat Dasgram Grams"", """", ""W""]]",,native_fields_parsed,,
63ea66d04e2242c793e5,West Bengal,Cooch Behar,2023,final,district_ward_reservation,Dinhata-II,"Dinhata-II/ ZP-28 Gobrachhara-Nayarhat, Chowdhurihat and Sukarurkuthi Grams",28,28,,,UR,0,data/wb/2023/cooch_behar/extracted/CBR FINAL ORDER  FORM A1 B1/Cooch Behar-I/ZP FINAL ORDER.pdf,d315f43a4878095e7e8da11c56ad894cc4ef123ba6d4382cf874443335d46d94,3,1,14,"[45.89999924999999, 71.03999750000003, 549.359993625, 802.139994125]","[[null, null, ""Dinhata-II/ ZP-28\nGobrachhara-Nayarhat, Chowdhurihat and\nSukarurkuthi Grams"", """", """"]]",,native_fields_parsed,,
76b1b1e99a25c4ade24a,West Bengal,Cooch Behar,2023,final,district_ward_reservation,Tufanganj-I,"Tufanganj-I/ ZP-29 Natabari-I, Natabari-II, Chilakhana-II, Chilakhana-I and Maruganj Grams",29,29,SC,W,SC,1,data/wb/2023/cooch_behar/extracted/CBR FINAL ORDER  FORM A1 B1/Cooch Behar-I/ZP FINAL ORDER.pdf,d315f43a4878095e7e8da11c56ad894cc4ef123ba6d4382cf874443335d46d94,4,1,3,"[45.83999924999999, 71.03999750000003, 549.3000037500001, 450.359999]","[[""Tufanganj-I"", ""3"", ""Tufanganj-I/ ZP-29\nNatabari-I, Natabari-II, Chilakhana-II,\nChilakhana-I and Maruganj Grams"", ""SC"", ""W""]]",,native_fields_parsed,,
db4e707daae303121a13,West Bengal,Cooch Behar,2023,final,district_ward_reservation,Tufanganj-I,"Tufanganj-I / ZP-30 Balarampur-I, Balarampur-II, Deocharai and Balabhut Grams",30,30,SC,,SC,0,data/wb/2023/cooch_behar/extracted/CBR FINAL ORDER  FORM A1 B1/Cooch Behar-I/ZP FINAL ORDER.pdf,d315f43a4878095e7e8da11c56ad894cc4ef123ba6d4382cf874443335d46d94,4,1,4,"[45.83999924999999, 71.03999750000003, 549.3000037500001, 450.359999]","[[null, null, ""Tufanganj-I / ZP-30\nBalarampur-I, Balarampur-II,\nDeocharai and Balabhut Grams"", ""SC"", """"]]",,native_fields_parsed,,
f3f2369ce9f0f9453daa,West Bengal,Cooch Behar,2023,final,district_ward_reservation,Tufanganj-I,"Tufanganj-I/ ZP-31 Dhalpal-II, Andaran Fulbari-II, Dhalpal-I, Andaran Fulbari-I and Nakkatigachh Grams",31,31,,W,UR,1,data/wb/2023/cooch_behar/extracted/CBR FINAL ORDER  FORM A1 B1/Cooch Behar-I/ZP FINAL ORDER.pdf,d315f43a4878095e7e8da11c56ad894cc4ef123ba6d4382cf874443335d46d94,4,1,5,"[45.83999924999999, 71.03999750000003, 549.3000037500001, 450.359999]","[[null, null, ""Tufanganj-I/ ZP-31\nDhalpal-II, Andaran Fulbari-II,\nDhalpal-I, Andaran Fulbari-I and\nNakkatigachh Grams"", """", ""W""]]",,native_fields_parsed,,
ebe91215d36a210c78c2,West Bengal,Cooch Behar,2023,final,district_ward_reservation,Tufanganj-II,"Tufanganj-II / ZP-32 Salbari-I, Barokodali-I and Barokodali-II Grams",32,32,,,UR,0,data/wb/2023/cooch_behar/extracted/CBR FINAL ORDER  FORM A1 B1/Cooch Behar-I/ZP FINAL ORDER.pdf,d315f43a4878095e7e8da11c56ad894cc4ef123ba6d4382cf874443335d46d94,4,1,6,"[45.83999924999999, 71.03999750000003, 549.3000037500001, 450.359999]","[[""Tufanganj-II"", ""3"", ""Tufanganj-II / ZP-32\nSalbari-I, Barokodali-I and\nBarokodali-II Grams"", """", """"]]",,native_fields_parsed,,
08f6d6272e4399146f84,West Bengal,Cooch Behar,2023,final,district_ward_reservation,Tufanganj-II,"Tufanganj-II/ ZP-33 Mahishkuchi-II, Bhanukumari-I, Bhanukumari-II and Salbari-II Grams",33,33,SC,,SC,0,data/wb/2023/cooch_behar/extracted/CBR FINAL ORDER  FORM A1 B1/Cooch Behar-I/ZP FINAL ORDER.pdf,d315f43a4878095e7e8da11c56ad894cc4ef123ba6d4382cf874443335d46d94,4,1,7,"[45.83999924999999, 71.03999750000003, 549.3000037500001, 450.359999]","[[null, null, ""Tufanganj-II/ ZP-33\nMahishkuchi-II, Bhanukumari-I,\nBhanukumari-II and Salbari-II Grams"", ""SC"", """"]]",,native_fields_parsed,,
9b7024bb2ba991d881c3,West Bengal,Cooch Behar,2023,final,district_ward_reservation,Tufanganj-II,"Tufanganj-II/ ZP-34 Rampur-II, Rampur-I, Falimari and Mahishkuchi-I Grams",34,34,,,UR,0,data/wb/2023/cooch_behar/extracted/CBR FINAL ORDER  FORM A1 B1/Cooch Behar-I/ZP FINAL ORDER.pdf,d315f43a4878095e7e8da11c56ad894cc4ef123ba6d4382cf874443335d46d94,4,1,8,"[45.83999924999999, 71.03999750000003, 549.3000037500001, 450.359999]","[[null, null, ""Tufanganj-II/ ZP-34\nRampur-II, Rampur-I, Falimari and\nMahishkuchi-I Grams"", """", """"]]",,native_fields_parsed,,
c7aa997d44dd5a313726,West Bengal,Cooch Behar,2018,draft,block_ward_reservation,Moamari,Moamari/PS-1,1,1,-,1 W,UR,1,data/wb/gp_source_search/historical_expansion/coochbehar_FormBCOB1_6d5aedcd.pdf,7ad8f4b1d88effc2ab1ec8f56bdf23a7b96d2d14f8691dddb6d4a13f294c7e15,2,1,4,"[54.324000000000005, 73.38000000000005, 779.4600149999999, 338.049985]","[[""Moamari"", ""3"", ""Moamari/PS-1"", ""Moamari/I"", ""4/1"", ""-"", ""1 W""], [null, null, null, ""Moamari/II"", ""4/2"", null, null], [null, null, null, ""Moamari/III"", ""4/3"", null, null], [null, null, null, ""Moamari/IV"", ""4/4"", null, null]]",,native_fields_parsed,,
982fc63f7f228ddbe4f4,West Bengal,Cooch Behar,2018,draft,block_ward_reservation,Moamari,Moamari/PS-2,2,2,-,2 W,UR,1,data/wb/gp_source_search/historical_expansion/coochbehar_FormBCOB1_6d5aedcd.pdf,7ad8f4b1d88effc2ab1ec8f56bdf23a7b96d2d14f8691dddb6d4a13f294c7e15,2,1,8,"[54.324000000000005, 73.38000000000005, 779.4600149999999, 338.049985]","[[null, null, ""Moamari/PS-2"", ""Moamari/V"", ""4/5"", null, null], [null, null, null, ""Moamari/VI"", ""4/6"", ""-"", ""2 W""], [null, null, null, ""Moamari/VII"", ""4/7"", null, null], [null, null, null, null, ""4/8"", null, null]]",,native_fields_parsed,,
5cce8210c03266d36ee3,West Bengal,Cooch Behar,2018,draft,block_ward_reservation,Moamari,Moamari/PS-3,3,3,3 BC,-,BC,0,data/wb/gp_source_search/historical_expansion/coochbehar_FormBCOB1_6d5aedcd.pdf,7ad8f4b1d88effc2ab1ec8f56bdf23a7b96d2d14f8691dddb6d4a13f294c7e15,2,1,12,"[54.324000000000005, 73.38000000000005, 779.4600149999999, 338.049985]","[[null, null, ""Moamari/PS-3"", ""Moamari/VIII"", ""4/9"", null, null], [null, null, null, ""Moamari/IX"", ""4/10"", ""3 BC"", ""-""], [null, null, null, ""Moamari/X"", ""4/11"", null, null], [null, null, null, ""Moamari/XI"", ""4/12"", null, null], [null, null, null, ""Moamari/XII"", ""4/13"", null, null]]",,native_fields_parsed,,
0091d722a5f83cc3e312,West Bengal,Cooch Behar,2018,draft,block_ward_reservation,Chilkirhat,Chilkirhat/PS-4,4,4,4 SC,4 W,SC,1,data/wb/gp_source_search/historical_expansion/coochbehar_FormBCOB1_6d5aedcd.pdf,7ad8f4b1d88effc2ab1ec8f56bdf23a7b96d2d14f8691dddb6d4a13f294c7e15,3,1,4,"[54.324000000000005, 14.699999999999989, 779.4600149999999, 348.9700000000001]","[[""Chilkirhat"", ""3"", ""Chilkirhat/PS-4"", ""Chilkirhat/I"", ""4/14"", ""4 SC"", ""4 W""], [null, null, null, ""Chilkirhat/II"", ""4/15"", null, null], [null, null, null, ""Chilkirhat/III"", ""4/16"", null, null], [null, null, null, ""Chilkirhat/IV"", ""4/17"", null, null], [null, null, null, ""Chilkirhat/V"", ""4/18"", null, null], [null, null, null, ""Chilkirhat/VI"", ""4/19"", null, null]]",,native_fields_parsed,,
b8a86a1242b6db597062,West Bengal,Cooch Behar,2018,draft,block_ward_reservation,Chilkirhat,Chilkirhat/PS-5,5,5,5 SC,-,SC,0,data/wb/gp_source_search/historical_expansion/coochbehar_FormBCOB1_6d5aedcd.pdf,7ad8f4b1d88effc2ab1ec8f56bdf23a7b96d2d14f8691dddb6d4a13f294c7e15,3,1,10,"[54.324000000000005, 14.699999999999989, 779.4600149999999, 348.9700000000001]","[[null, null, ""Chilkirhat/PS-5"", ""Chilkirhat/VII"", ""4/20"", ""5 SC"", ""-""], [null, null, null, ""Chilkirhat/VIII"", ""4/21"", null, null], [null, null, null, null, ""4/22"", null, null], [null, null, null, ""Chilkirhat/IX"", ""4/23"", null, null], [null, null, null, ""Chilkirhat/X"", ""4/24"", null, null]]",,native_fields_parsed,,
a2b79d3f22e255423c8c,West Bengal,Cooch Behar,2018,draft,block_ward_reservation,Chilkirhat,Chilkirhat/PS-6,6,6,6 SC,6 W,SC,1,data/wb/gp_source_search/historical_expansion/coochbehar_FormBCOB1_6d5aedcd.pdf,7ad8f4b1d88effc2ab1ec8f56bdf23a7b96d2d14f8691dddb6d4a13f294c7e15,3,1,15,"[54.324000000000005, 14.699999999999989, 779.4600149999999, 348.9700000000001]","[[null, null, ""Chilkirhat/PS-6"", ""Chilkirhat/XI"", ""4/25"", ""6 SC"", ""6 W""], [null, null, null, null, ""4/26"", null, null], [null, null, null, ""Chilkirhat/XII"", ""4/27"", null, null], [null, null, null, ""Chilkirhat/XIII"", ""4/28"", null, null], [null, null, null, ""Chilkirhat/XIV"", ""4/29"", null, null], [null, null, null, ""Chilkirhat/XV"", ""4/30"", null, null], [null, null, null, ""Chilkirhat/XVI"", ""4/31"", null, null]]",,native_fields_parsed,,
692c14b23a8b4a0f5286,West Bengal,Cooch Behar,2018,draft,block_ward_reservation,Falimari,Falimari/PS-7,7,7,7 SC,-,SC,0,data/wb/gp_source_search/historical_expansion/coochbehar_FormBCOB1_6d5aedcd.pdf,7ad8f4b1d88effc2ab1ec8f56bdf23a7b96d2d14f8691dddb6d4a13f294c7e15,4,1,4,"[54.324000000000005, 14.699999999999989, 779.4600149999999, 390.7300000000001]","[[""Falimari"", ""3"", ""Falimari/PS-7"", ""Falimari/I"", ""4/32"", ""7 SC"", ""-""], [null, null, null, null, ""4/33"", null, null], [null, null, null, ""Falimari/II"", ""4/34"", null, null], [null, null, null, ""Falimari/III"", ""4/35"", null, null], [null, null, null, ""Falimari/IV"", ""4/36"", null, null], [null, null, null, ""Falimari/XI"", ""4/45"", null, null]]",,native_fields_parsed,,
4d479271b35a8ca64104,West Bengal,Cooch Behar,2018,draft,block_ward_reservation,Falimari,Falimari/PS-8,8,8,8 SC,8 W,SC,1,data/wb/gp_source_search/historical_expansion/coochbehar_FormBCOB1_6d5aedcd.pdf,7ad8f4b1d88effc2ab1ec8f56bdf23a7b96d2d14f8691dddb6d4a13f294c7e15,4,1,10,"[54.324000000000005, 14.699999999999989, 779.4600149999999, 390.7300000000001]","[[null, null, ""Falimari/PS-8"", ""Falimari/V"", ""4/37"", ""8 SC"", ""8 W""], [null, null, null, ""Falimari/VI"", ""4/38"", null, null], [null, null, null, ""Falimari/VII"", ""4/39"", null, null], [null, null, null, ""Falimari/VIII"", ""4/40"", null, null], [null, null, null, ""Falimari/IX"", ""4/41"", null, null], [null, null, null, null, ""4/42"", null, null], [null, null, null, ""Falimari/X"", ""4/43"", null, null], [null, null, null, null, ""4/44"", null, null]]",,native_fields_parsed,,
3614c5e61914258b5b2a,West Bengal,Cooch Behar,2018,draft,block_ward_reservation,Falimari,Falimari/PS-9,9,9,-,9 W,UR,1,data/wb/gp_source_search/historical_expansion/coochbehar_FormBCOB1_6d5aedcd.pdf,7ad8f4b1d88effc2ab1ec8f56bdf23a7b96d2d14f8691dddb6d4a13f294c7e15,4,1,18,"[54.324000000000005, 14.699999999999989, 779.4600149999999, 390.7300000000001]","[[null, null, ""Falimari/PS-9"", ""Falimari/XII"", ""4/46"", ""-"", ""9 W""], [null, null, null, ""Falimari/XIII"", ""4/47"", null, null], [null, null, null, ""Falimari/XIV"", ""4/48"", null, null], [null, null, null, ""Falimari/XV"", ""4/49"", null, null], [null, null, null, ""Falimari/XVI"", ""4/50"", null, null], [null, null, null, ""Falimari/XVII"", ""4/51"", null, null], [null, null, null, null, ""4/52"", null, null]]",,native_fields_parsed,,
b58a8cb5845d11e996fb,West Bengal,Cooch Behar,2018,draft,block_ward_reservation,Chandamari,Chandamari/PS-10,10,10,10 SC,-,SC,0,data/wb/gp_source_search/historical_expansion/coochbehar_FormBCOB1_6d5aedcd.pdf,7ad8f4b1d88effc2ab1ec8f56bdf23a7b96d2d14f8691dddb6d4a13f294c7e15,5,1,4,"[54.324000000000005, 14.699999999999989, 779.4600149999999, 362.89000000000004]","[[""Chandamari"", ""3"", ""Chandamari/PS-10"", ""Chandamari/I"", ""4/53"", ""10 SC"", ""-""], [null, null, null, null, ""4/54"", null, null], [null, null, null, ""Chandamari/II"", ""4/55"", null, null], [null, null, null, ""Chandamari/III"", ""4/56"", null, null], [null, null, null, ""Chandamari/VI"", ""4/59"", null, null], [null, null, null, null, ""4/60"", null, null], [null, null, null, ""Chandamari/XII"", ""4/66"", null, null]]",,native_fields_parsed,,
11ec38d776060f8cfa3f,West Bengal,Cooch Behar,2018,draft,block_ward_reservation,Chandamari,Chandamari/PS-11,11,11,-,-,UR,0,data/wb/gp_source_search/historical_expansion/coochbehar_FormBCOB1_6d5aedcd.pdf,7ad8f4b1d88effc2ab1ec8f56bdf23a7b96d2d14f8691dddb6d4a13f294c7e15,5,1,11,"[54.324000000000005, 14.699999999999989, 779.4600149999999, 362.89000000000004]","[[null, null, ""Chandamari/PS-11"", ""Chandamari/IV"", ""4/57"", ""-"", ""-""], [null, null, null, ""Chandamari/V"", ""4/58"", null, null], [null, null, null, ""Chandamari/VII"", ""4/61"", null, null], [null, null, null, ""Chandamari/VIII"", ""4/62"", null, null], [null, null, null, ""Chandamari/IX"", ""4/63"", null, null]]",,native_fields_parsed,,
1b1cd8101ab768f4ac22,West Bengal,Cooch Behar,2018,draft,block_ward_reservation,Chandamari,Chandamari/PS-12,12,12,12 SC,12 W,SC,1,data/wb/gp_source_search/historical_expansion/coochbehar_FormBCOB1_6d5aedcd.pdf,7ad8f4b1d88effc2ab1ec8f56bdf23a7b96d2d14f8691dddb6d4a13f294c7e15,5,1,16,"[54.324000000000005, 14.699999999999989, 779.4600149999999, 362.89000000000004]","[[null, null, ""Chandamari/PS-12"", ""Chandamari/X"", ""4/64"", ""12 SC"", ""12 W""], [null, null, null, ""Chandamari/XI"", ""4/65"", null, null], [null, null, null, ""Chandamari/XIII"", ""4/67"", null, null], [null, null, null, null, ""4/68"", null, null], [null, null, null, ""Chandamari/XIV"", ""4/69"", null, null], [null, null, null, ""Chandamari/XV"", ""4/70"", null, null], [null, null, null, ""Chandamari/XVI"", ""4/71"", null, null]]",,native_fields_parsed,,
09c263c2b31472e645ed,West Bengal,Cooch Behar,2018,draft,block_ward_reservation,Putimari Fuleswari,Putimari Fuleswari/PS-13,13,13,13 SC,-,SC,0,data/wb/gp_source_search/historical_expansion/coochbehar_FormBCOB1_6d5aedcd.pdf,7ad8f4b1d88effc2ab1ec8f56bdf23a7b96d2d14f8691dddb6d4a13f294c7e15,6,1,4,"[54.324000000000005, 14.699999999999989, 779.4600149999999, 376.81000000000006]","[[""Putimari\nFuleswari"", ""3"", ""Putimari Fuleswari/PS-13"", ""Putimari Fuleswari/I"", ""4/72"", ""13 SC"", ""-""], [null, null, null, ""Putimari Fuleswari/II"", ""4/73"", null, null], [null, null, null, ""Putimari Fuleswari/III"", ""4/74"", null, null], [null, null, null, ""Putimari Fuleswari/XI"", ""4/84"", null, null], [null, null, null, ""Putimari Fuleswari/XII"", ""4/85"", null, null], [null, null, null, ""Putimari Fuleswari/XIII"", ""4/86"", null, null], [null, null, null, ""Putimari Fuleswari/XIV"", ""4/87"", null, null]]",,native_fields_parsed,,
a9257bb0ef8da61b111f,West Bengal,Cooch Behar,2018,draft,block_ward_reservation,Putimari Fuleswari,Putimari Fuleswari/PS-14,14,14,14 SC,14 W,SC,1,data/wb/gp_source_search/historical_expansion/coochbehar_FormBCOB1_6d5aedcd.pdf,7ad8f4b1d88effc2ab1ec8f56bdf23a7b96d2d14f8691dddb6d4a13f294c7e15,6,1,11,"[54.324000000000005, 14.699999999999989, 779.4600149999999, 376.81000000000006]","[[null, null, ""Putimari Fuleswari/PS-14"", ""Putimari Fuleswari/IV"", ""4/75"", ""14 SC"", ""14 W""], [null, null, null, ""Putimari Fuleswari/V"", ""4/76"", null, null], [null, null, null, null, ""4/77"", null, null], [null, null, null, ""Putimari Fuleswari/VIII"", ""4/80"", null, null], [null, null, null, null, ""4/81"", null, null], [null, null, null, ""Putimari Fuleswari/IX"", ""4/82"", null, null], [null, null, null, ""Putimari Fuleswari/X"", ""4/83"", null, null]]",,native_fields_parsed,,
6df9ad4dbd0e888b17ec,West Bengal,Cooch Behar,2018,draft,block_ward_reservation,Putimari Fuleswari,Putimari Fuleswari/PS-15,15,15,15 SC,-,SC,0,data/wb/gp_source_search/historical_expansion/coochbehar_FormBCOB1_6d5aedcd.pdf,7ad8f4b1d88effc2ab1ec8f56bdf23a7b96d2d14f8691dddb6d4a13f294c7e15,6,1,18,"[54.324000000000005, 14.699999999999989, 779.4600149999999, 376.81000000000006]","[[null, null, ""Putimari Fuleswari/PS-15"", ""Putimari Fuleswari/VI"", ""4/78"", ""15 SC"", ""-""], [null, null, null, ""Putimari Fuleswari/VII"", ""4/79"", null, null], [null, null, null, ""Putimari Fuleswari/XV"", ""4/88"", null, null], [null, null, null, ""Putimari Fuleswari/XVI"", ""4/89"", null, null], [null, null, null, ""Putimari Fuleswari/XVII"", ""4/90"", null, null], [null, null, null, null, ""4/91"", null, null]]",,native_fields_parsed,,
7e8bc338406efa7c07ec,West Bengal,Cooch Behar,2018,draft,block_ward_reservation,Patchhara,Patchhara/PS-16,16,16,-,16 W,UR,1,data/wb/gp_source_search/historical_expansion/coochbehar_FormBCOB1_6d5aedcd.pdf,7ad8f4b1d88effc2ab1ec8f56bdf23a7b96d2d14f8691dddb6d4a13f294c7e15,7,1,4,"[54.324000000000005, 14.699999999999989, 779.4600149999999, 335.049985]","[[""Patchhara"", ""3"", ""Patchhara/PS-16"", ""Patchhara/I"", ""4/92"", ""-"", ""16 W""], [null, null, null, null, ""4/93"", null, null], [null, null, null, ""Patchhara/II"", ""4/94"", null, null], [null, null, null, ""Patchhara/III"", ""4/95"", null, null], [null, null, null, ""Patchhara/IV"", ""4/96"", null, null], [null, null, null, ""Patchhara/V"", ""4/97"", null, null]]",,native_fields_parsed,,
f2f70e185d434a768711,West Bengal,Cooch Behar,2018,draft,block_ward_reservation,Patchhara,Patchhara/PS-17,17,17,-,17 W,UR,1,data/wb/gp_source_search/historical_expansion/coochbehar_FormBCOB1_6d5aedcd.pdf,7ad8f4b1d88effc2ab1ec8f56bdf23a7b96d2d14f8691dddb6d4a13f294c7e15,7,1,10,"[54.324000000000005, 14.699999999999989, 779.4600149999999, 335.049985]","[[null, null, ""Patchhara/PS-17"", ""Patchhara/VI"", ""4/98"", ""-"", ""17 W""], [null, null, null, ""Patchhara/VII"", ""4/99"", null, null], [null, null, null, ""Patchhara/XIII"", ""4/105"", null, null], [null, null, null, null, ""4/106"", null, null], [null, null, null, ""Patchhara/XIV"", ""4/107"", null, null], [null, null, null, null, ""4/108"", null, null]]",,native_fields_parsed,,
60fe9dcb2d4cf396db9f,West Bengal,Cooch Behar,2018,draft,block_ward_reservation,Patchhara,Patchhara/PS-18,18,18,18 SC,18 W,SC,1,data/wb/gp_source_search/historical_expansion/coochbehar_FormBCOB1_6d5aedcd.pdf,7ad8f4b1d88effc2ab1ec8f56bdf23a7b96d2d14f8691dddb6d4a13f294c7e15,7,1,16,"[54.324000000000005, 14.699999999999989, 779.4600149999999, 335.049985]","[[null, null, ""Patchhara/PS-18"", ""Patchhara/VIII"", ""4/100"", ""18 SC"", ""18 W""], [null, null, null, ""Patchhara/IX"", ""4/101"", null, null], [null, null, null, ""Patchhara/X"", ""4/102"", null, null], [null, null, null, ""Patchhara/XI"", ""4/103"", null, null], [null, null, null, ""Patchhara/XII"", ""4/104"", null, null]]",,native_fields_parsed,,
1bece572d983ac66a034,West Bengal,Cooch Behar,2018,draft,block_ward_reservation,Haribhanga,Haribhanga/PS-19,19,19,-,19 W,UR,1,data/wb/gp_source_search/historical_expansion/coochbehar_FormBCOB1_6d5aedcd.pdf,7ad8f4b1d88effc2ab1ec8f56bdf23a7b96d2d14f8691dddb6d4a13f294c7e15,8,1,4,"[54.324000000000005, 14.699999999999989, 779.4600149999999, 390.7300000000001]","[[""Haribhanga"", ""3"", ""Haribhanga/PS-19"", ""Haribhanga/I"", ""4/109"", ""-"", ""19 W""], [null, null, null, null, ""4/110"", null, null], [null, null, null, ""Haribhanga/II"", ""4/111"", null, null], [null, null, null, ""Haribhanga/III"", ""4/112"", null, null], [null, null, null, ""Haribhanga/IV"", ""4/113"", null, null], [null, null, null, ""Haribhanga/XI"", ""4/120"", null, null], [null, null, null, ""Haribhanga/XII"", ""4/121"", null, null], [null, null, null, ""Haribhanga/XIII"", ""4/122"", null, null]]",,native_fields_parsed,,
d97d6006d7d59d46f42e,West Bengal,Cooch Behar,2018,draft,block_ward_reservation,Haribhanga,Haribhanga/PS-20,20,20,20 SC,-,SC,0,data/wb/gp_source_search/historical_expansion/coochbehar_FormBCOB1_6d5aedcd.pdf,7ad8f4b1d88effc2ab1ec8f56bdf23a7b96d2d14f8691dddb6d4a13f294c7e15,8,1,12,"[54.324000000000005, 14.699999999999989, 779.4600149999999, 390.7300000000001]","[[null, null, ""Haribhanga/PS-20"", ""Haribhanga/V"", ""4/114"", ""20 SC"", ""-""], [null, null, null, ""Haribhanga/VI"", ""4/115"", null, null], [null, null, null, ""Haribhanga/VII"", ""4/116"", null, null], [null, null, null, ""Haribhanga/VIII"", ""4/117"", null, null], [null, null, null, ""Haribhanga/IX"", ""4/118"", null, null], [null, null, null, ""Haribhanga/X"", ""4/119"", null, null]]",,native_fields_parsed,,
8af3c34231f5971bda19,West Bengal,Cooch Behar,2018,draft,block_ward_reservation,Haribhanga,Haribhanga/PS-21,21,21,21 SC,21 W,SC,1,data/wb/gp_source_search/historical_expansion/coochbehar_FormBCOB1_6d5aedcd.pdf,7ad8f4b1d88effc2ab1ec8f56bdf23a7b96d2d14f8691dddb6d4a13f294c7e15,8,1,18,"[54.324000000000005, 14.699999999999989, 779.4600149999999, 390.7300000000001]","[[null, null, ""Haribhanga/PS-21"", ""Haribhanga/XIV"", ""4/123"", ""21 SC"", ""21 W""], [null, null, null, ""Haribhanga/XV"", ""4/124"", null, null], [null, null, null, ""Haribhanga/XVI"", ""4/125"", null, null], [null, null, null, null, ""4/126"", null, null], [null, null, null, ""Haribhanga/XVII"", ""4/127"", null, null], [null, null, null, ""Haribhanga/XVIII"", ""4/128"", null, null], [null, null, null, ""Haribhanga/XIX"", ""4/129"", null, null]]",,native_fields_parsed,,
2569c77d5664f00a3494,West Bengal,Cooch Behar,2018,draft,block_ward_reservation,Suktabari,Suktabari/PS-22,22,22,-,-,UR,0,data/wb/gp_source_search/historical_expansion/coochbehar_FormBCOB1_6d5aedcd.pdf,7ad8f4b1d88effc2ab1ec8f56bdf23a7b96d2d14f8691dddb6d4a13f294c7e15,9,1,4,"[54.324000000000005, 14.699999999999989, 779.4600149999999, 362.89000000000004]","[[""Suktabari"", ""3"", ""Suktabari/PS-22"", ""Suktabari/I"", ""4/130"", ""-"", ""-""], [null, null, null, null, ""4/131"", null, null], [null, null, null, ""Suktabari/II"", ""4/132"", null, null], [null, null, null, null, ""4/133"", null, null], [null, null, null, ""Suktabari/VII"", ""4/139"", null, null], [null, null, null, ""Suktabari/VIII"", ""4/140"", null, null]]",,native_fields_parsed,,
2007f2efad6a21cfb392,West Bengal,Cooch Behar,2018,draft,block_ward_reservation,Suktabari,Suktabari/PS-23,23,23,-,23 W,UR,1,data/wb/gp_source_search/historical_expansion/coochbehar_FormBCOB1_6d5aedcd.pdf,7ad8f4b1d88effc2ab1ec8f56bdf23a7b96d2d14f8691dddb6d4a13f294c7e15,9,1,10,"[54.324000000000005, 14.699999999999989, 779.4600149999999, 362.89000000000004]","[[null, null, ""Suktabari/PS-23"", ""Suktabari/III"", ""4/134"", ""-"", ""23 W""], [null, null, null, null, ""4/135"", null, null], [null, null, null, ""Suktabari/IV"", ""4/136"", null, null], [null, null, null, ""Suktabari/IX"", ""4/141"", null, null], [null, null, null, ""Suktabari/X"", ""4/142"", null, null], [null, null, null, ""Suktabari/XI"", ""4/143"", null, null], [null, null, null, ""Suktabari/XII"", ""4/144"", null, null]]",,native_fields_parsed,,
a411b4b48dfd8cce0af1,West Bengal,Cooch Behar,2018,draft,block_ward_reservation,Suktabari,Suktabari/PS-24,24,24,-,-,UR,0,data/wb/gp_source_search/historical_expansion/coochbehar_FormBCOB1_6d5aedcd.pdf,7ad8f4b1d88effc2ab1ec8f56bdf23a7b96d2d14f8691dddb6d4a13f294c7e15,9,1,17,"[54.324000000000005, 14.699999999999989, 779.4600149999999, 362.89000000000004]","[[null, null, ""Suktabari/PS-24"", ""Suktabari/V"", ""4/137"", ""-"", ""-""], [null, null, null, ""Suktabari/VI"", ""4/138"", null, null], [null, null, null, ""Suktabari/XIII"", ""4/145"", null, null], [null, null, null, null, ""4/146"", null, null], [null, null, null, ""Suktabari/XIV"", ""4/147"", null, null], [null, null, null, ""Suktabari/XV"", ""4/148"", null, null]]",,native_fields_parsed,,
d11d1938ba74ba43ba0e,West Bengal,Cooch Behar,2018,draft,block_ward_reservation,Ghughumari,Ghughumari/PS-25,25,25,25 BC,-,BC,0,data/wb/gp_source_search/historical_expansion/coochbehar_FormBCOB1_6d5aedcd.pdf,7ad8f4b1d88effc2ab1ec8f56bdf23a7b96d2d14f8691dddb6d4a13f294c7e15,10,1,4,"[54.324000000000005, 14.699999999999989, 779.4600149999999, 403.2100000000001]","[[""Ghughumari"", ""3"", ""Ghughumari/PS-25"", ""Ghughumari/I"", ""4/149"", ""25 BC"", ""-""], [null, null, null, ""Ghughumari/II"", ""4/150"", null, null], [null, null, null, ""Ghughumari/III"", ""4/151"", null, null], [null, null, null, ""Ghughumari/IV"", ""4/152"", null, null], [null, null, null, ""Ghughumari/V"", ""4/153"", null, null], [null, null, null, ""Ghughumari/VI"", ""4/154"", null, null], [null, null, null, ""Ghughumari/VII"", ""4/155"", null, null]]",,native_fields_parsed,,
e7aa0756377a4e164126,West Bengal,Cooch Behar,2018,draft,block_ward_reservation,Ghughumari,Ghughumari/PS-26,26,26,-,26 W,UR,1,data/wb/gp_source_search/historical_expansion/coochbehar_FormBCOB1_6d5aedcd.pdf,7ad8f4b1d88effc2ab1ec8f56bdf23a7b96d2d14f8691dddb6d4a13f294c7e15,10,1,11,"[54.324000000000005, 14.699999999999989, 779.4600149999999, 403.2100000000001]","[[null, null, ""Ghughumari/PS-26"", ""Ghughumari/VIII"", ""4/156"", ""-"", ""26 W""], [null, null, null, ""Ghughumari/IX"", ""4/157"", null, null], [null, null, null, ""Ghughumari/X"", ""4/158"", null, null], [null, null, null, ""Ghughumari/XI"", ""4/159"", null, null], [null, null, null, ""Ghughumari/XII"", ""4/160"", null, null], [null, null, null, ""Ghughumari/XIII"", ""4/161"", null, null], [null, null, null, ""Ghughumari/XIV"", ""4/162"", null, null], [null, null, null, ""Ghughumari/XV"", ""4/163"", null, null], [null, null, null, null, ""4/164"", null, null]]",,native_fields_parsed,,
57a9b2e589be7c98d683,West Bengal,Cooch Behar,2018,draft,block_ward_reservation,Ghughumari,Ghughumari/PS-27,27,27,-,-,UR,0,data/wb/gp_source_search/historical_expansion/coochbehar_FormBCOB1_6d5aedcd.pdf,7ad8f4b1d88effc2ab1ec8f56bdf23a7b96d2d14f8691dddb6d4a13f294c7e15,10,1,20,"[54.324000000000005, 14.699999999999989, 779.4600149999999, 403.2100000000001]","[[null, null, ""Ghughumari/PS-27"", ""Ghughumari/XVI"", ""4/165"", ""-"", ""-""], [null, null, null, ""Ghughumari/XVII"", ""4/166"", null, null], [null, null, null, ""Ghughumari/XVIII"", ""4/167"", null, null], [null, null, null, null, ""4/168"", null, null], [null, null, null, ""Ghughumari/XIX"", ""4/169"", null, null], [null, null, null, ""Ghughumari/XX"", ""4/170"", null, null], [null, null, null, ""Ghughumari/XXI"", ""4/171"", null, null]]",,native_fields_parsed,,
0a2547beb22be1f12899,West Bengal,Cooch Behar,2018,draft,block_ward_reservation,DAWAGURI,DAWAGURI/PS-28,28,28,28 SC,28 W,SC,1,data/wb/gp_source_search/historical_expansion/coochbehar_FormBCOB1_6d5aedcd.pdf,7ad8f4b1d88effc2ab1ec8f56bdf23a7b96d2d14f8691dddb6d4a13f294c7e15,11,1,4,"[54.324000000000005, 14.699999999999989, 779.4600149999999, 357.61000000000007]","[[""DAWAGURI"", ""3"", ""DAWAGURI/PS-28"", ""DAWAGURI/I"", ""8/109"", ""28 SC"", ""28 W""], [null, null, null, ""DAWAGURI/II"", ""8/110"", null, null], [null, null, null, ""DAWAGURI/III"", ""8/111"", null, null], [null, null, null, ""DAWAGURI/IV"", ""8/112"", null, null], [null, null, null, null, ""8/113"", null, null], [null, null, null, ""DAWAGURI/V"", ""8/114"", null, null], [null, null, null, null, ""8/115"", null, null]]",,native_fields_parsed,,
3e563bc794d35e485b96,West Bengal,Cooch Behar,2018,draft,block_ward_reservation,DAWAGURI,DAWAGURI/PS-29,29,29,29 SC,-,SC,0,data/wb/gp_source_search/historical_expansion/coochbehar_FormBCOB1_6d5aedcd.pdf,7ad8f4b1d88effc2ab1ec8f56bdf23a7b96d2d14f8691dddb6d4a13f294c7e15,11,1,11,"[54.324000000000005, 14.699999999999989, 779.4600149999999, 357.61000000000007]","[[null, null, ""DAWAGURI/PS-29"", ""DAWAGURI/VI"", ""8/116"", ""29 SC"", ""-""], [null, null, null, ""DAWAGURI/VII"", ""8/117"", null, null], [null, null, null, ""DAWAGURI/VIII"", ""8/118"", null, null], [null, null, null, null, ""8/119"", null, null], [null, null, null, ""DAWAGURI/IX"", ""8/120"", null, null], [null, null, null, null, ""8/121"", null, null]]",,native_fields_parsed,,
10adcc8a33cb2ed6d902,West Bengal,Cooch Behar,2018,draft,block_ward_reservation,DAWAGURI,DAWAGURI/PS-30,30,30,30 SC,30 W,SC,1,data/wb/gp_source_search/historical_expansion/coochbehar_FormBCOB1_6d5aedcd.pdf,7ad8f4b1d88effc2ab1ec8f56bdf23a7b96d2d14f8691dddb6d4a13f294c7e15,11,1,17,"[54.324000000000005, 14.699999999999989, 779.4600149999999, 357.61000000000007]","[[null, null, ""DAWAGURI/PS-30"", ""DAWAGURI/X"", ""8/122"", ""30 SC"", ""30 W""], [null, null, null, ""DAWAGURI/XI"", ""8/123"", null, null], [null, null, null, ""DAWAGURI/XII"", ""8/124"", null, null], [null, null, null, null, ""8/125"", null, null], [null, null, null, ""DAWAGURI/XIII"", ""8/126"", null, null], [null, null, null, ""DAWAGURI/XIV"", ""8/127"", null, null], [null, null, null, ""DAWAGURI/XV"", ""8/128"", null, null]]",,native_fields_parsed,,
e77f95e7c692da754c76,West Bengal,Cooch Behar,2018,draft,block_ward_reservation,GURIAHATI - I,GURIAHATI - I/PS-31,31,31,-,31 W,UR,1,data/wb/gp_source_search/historical_expansion/coochbehar_FormBCOB1_6d5aedcd.pdf,7ad8f4b1d88effc2ab1ec8f56bdf23a7b96d2d14f8691dddb6d4a13f294c7e15,12,1,4,"[54.324000000000005, 14.699999999999989, 779.4600149999999, 331.69000000000005]","[[""GURIAHATI - I"", ""3"", ""GURIAHATI - I/PS-31"", ""GURIAHATI - I/I"", ""8/129"", ""-"", ""31 W""], [null, null, null, ""GURIAHATI - I/II"", ""8/130"", null, null], [null, null, null, ""GURIAHATI - I/III"", ""8/131"", null, null], [null, null, null, null, ""8/132"", null, null], [null, null, null, ""GURIAHATI - I/IV"", ""8/133"", null, null], [null, null, null, null, ""8/134"", null, null], [null, null, null, ""GURIAHATI - I/XIV"", ""8/145"", null, null]]",,native_fields_parsed,,
57b8b59dd332baf88a98,West Bengal,Cooch Behar,2018,draft,block_ward_reservation,GURIAHATI - I,GURIAHATI - I/PS-32,32,32,-,32 W,UR,1,data/wb/gp_source_search/historical_expansion/coochbehar_FormBCOB1_6d5aedcd.pdf,7ad8f4b1d88effc2ab1ec8f56bdf23a7b96d2d14f8691dddb6d4a13f294c7e15,12,1,11,"[54.324000000000005, 14.699999999999989, 779.4600149999999, 331.69000000000005]","[[null, null, ""GURIAHATI - I/PS-32"", ""GURIAHATI - I/V"", ""8/135"", ""-"", ""32 W""], [null, null, null, ""GURIAHATI - I/VI"", ""8/136"", null, null], [null, null, null, ""GURIAHATI - I/VII"", ""8/137"", null, null], [null, null, null, ""GURIAHATI - I/VIII"", ""8/138"", null, null], [null, null, null, ""GURIAHATI - I/IX"", ""8/139"", null, null], [null, null, null, ""GURIAHATI - I/X"", ""8/140"", null, null]]",,native_fields_parsed,,
a839c659001d9c1b6b9f,West Bengal,Cooch Behar,2018,draft,block_ward_reservation,GURIAHATI - I,GURIAHATI - I/PS-33,33,33,-,-,UR,0,data/wb/gp_source_search/historical_expansion/coochbehar_FormBCOB1_6d5aedcd.pdf,7ad8f4b1d88effc2ab1ec8f56bdf23a7b96d2d14f8691dddb6d4a13f294c7e15,12,1,17,"[54.324000000000005, 14.699999999999989, 779.4600149999999, 331.69000000000005]","[[null, null, ""GURIAHATI - I/PS-33"", ""GURIAHATI - I/XI"", ""8/141"", ""-"", ""-""], [null, null, null, ""GURIAHATI - I/XII"", ""8/142"", null, null], [null, null, null, ""GURIAHATI - I/XIII"", ""8/143"", null, null], [null, null, null, null, ""8/144"", null, null], [null, null, null, ""GURIAHATI - I/XV"", ""8/146"", null, null]]",,native_fields_parsed,,
bdfb3d5021efb1115db2,West Bengal,Cooch Behar,2018,draft,block_ward_reservation,GURIAHATI - II,GURIAHATI - II/PS-34,34,34,-,34 W,UR,1,data/wb/gp_source_search/historical_expansion/coochbehar_FormBCOB1_6d5aedcd.pdf,7ad8f4b1d88effc2ab1ec8f56bdf23a7b96d2d14f8691dddb6d4a13f294c7e15,13,1,4,"[54.324000000000005, 14.699999999999989, 779.4600149999999, 348.37000000000006]","[[""GURIAHATI - II"", ""3"", ""GURIAHATI - II/PS-34"", ""GURIAHATI - II/I"", ""8/147"", ""-"", ""34 W""], [null, null, null, null, ""8/148"", null, null], [null, null, null, ""GURIAHATI - II/II"", ""8/149"", null, null], [null, null, null, ""GURIAHATI - II/III"", ""8/150"", null, null], [null, null, null, ""GURIAHATI - II/VIII"", ""8/156"", null, null], [null, null, null, ""GURIAHATI - II/IX"", ""8/157"", null, null]]",,native_fields_parsed,,
cb9f3f7afb969c24a51a,West Bengal,Cooch Behar,2018,draft,block_ward_reservation,GURIAHATI - II,GURIAHATI - II/PS-35,35,35,-,-,UR,0,data/wb/gp_source_search/historical_expansion/coochbehar_FormBCOB1_6d5aedcd.pdf,7ad8f4b1d88effc2ab1ec8f56bdf23a7b96d2d14f8691dddb6d4a13f294c7e15,13,1,10,"[54.324000000000005, 14.699999999999989, 779.4600149999999, 348.37000000000006]","[[null, null, ""GURIAHATI - II/PS-35"", ""GURIAHATI - II/IV"", ""8/151"", ""-"", ""-""], [null, null, null, null, ""8/152"", null, null], [null, null, null, ""GURIAHATI - II/V"", ""8/153"", null, null], [null, null, null, ""GURIAHATI - II/VI"", ""8/154"", null, null], [null, null, null, ""GURIAHATI - II/VII"", ""8/155"", null, null], [null, null, null, ""GURIAHATI - II/X"", ""8/158"", null, null]]",,native_fields_parsed,,
a490975dd2d2449671a6,West Bengal,Cooch Behar,2018,draft,block_ward_reservation,GURIAHATI - II,GURIAHATI - II/PS-36,36,36,36 BC,-,BC,0,data/wb/gp_source_search/historical_expansion/coochbehar_FormBCOB1_6d5aedcd.pdf,7ad8f4b1d88effc2ab1ec8f56bdf23a7b96d2d14f8691dddb6d4a13f294c7e15,13,1,16,"[54.324000000000005, 14.699999999999989, 779.4600149999999, 348.37000000000006]","[[null, null, ""GURIAHATI - II/PS-36"", ""GURIAHATI - II/XI"", ""8/159"", ""36 BC"", ""-""], [null, null, null, ""GURIAHATI - II/XII"", ""8/160"", null, null], [null, null, null, ""GURIAHATI - II/XIII"", ""8/161"", null, null], [null, null, null, ""GURIAHATI - II/XIV"", ""8/162"", null, null], [null, null, null, ""GURIAHATI - II/XV"", ""8/163"", null, null], [null, null, null, ""GURIAHATI - II/XVI"", ""8/164"", null, null], [null, null, null, ""GURIAHATI - II/XVII"", ""8/165"", null, null]]",,native_fields_parsed,,
63b1c404a06b4c261d5f,West Bengal,Cooch Behar,2018,draft,block_ward_reservation,PANISALA,PANISALA/PS-37,37,37,37 BC,37 W,BC,1,data/wb/gp_source_search/historical_expansion/coochbehar_FormBCOB1_6d5aedcd.pdf,7ad8f4b1d88effc2ab1ec8f56bdf23a7b96d2d14f8691dddb6d4a13f294c7e15,14,1,4,"[54.324000000000005, 14.699999999999989, 779.4600149999999, 344.65000000000003]","[[""PANISALA"", ""3"", ""PANISALA/PS-37"", ""PANISALA/I"", ""8/166"", ""37 BC"", ""37 W""], [null, null, null, null, ""8/167"", null, null], [null, null, null, ""PANISALA/II"", ""8/168"", null, null], [null, null, null, ""PANISALA/III"", ""8/169"", null, null], [null, null, null, ""PANISALA/V"", ""8/171"", null, null], [null, null, null, ""PANISALA/VI"", ""8/172"", null, null]]",,native_fields_parsed,,
3cf6ed6fcb5ed390d1a5,West Bengal,Cooch Behar,2018,draft,block_ward_reservation,PANISALA,PANISALA/PS-38,38,38,-,-,UR,0,data/wb/gp_source_search/historical_expansion/coochbehar_FormBCOB1_6d5aedcd.pdf,7ad8f4b1d88effc2ab1ec8f56bdf23a7b96d2d14f8691dddb6d4a13f294c7e15,14,1,10,"[54.324000000000005, 14.699999999999989, 779.4600149999999, 344.65000000000003]","[[null, null, ""PANISALA/PS-38"", ""PANISALA/IV"", ""8/170"", ""-"", ""-""], [null, null, null, ""PANISALA/VII"", ""8/173"", null, null], [null, null, null, ""PANISALA/VIII"", ""8/174"", null, null], [null, null, null, ""PANISALA/IX"", ""8/175"", null, null], [null, null, null, ""PANISALA/X"", ""8/176"", null, null], [null, null, null, ""PANISALA/XI"", ""8/177"", null, null]]",,native_fields_parsed,,
7bba3ba5f4aa5c4c6497,West Bengal,Cooch Behar,2018,draft,block_ward_reservation,PANISALA,PANISALA/PS-39,39,39,-,-,UR,0,data/wb/gp_source_search/historical_expansion/coochbehar_FormBCOB1_6d5aedcd.pdf,7ad8f4b1d88effc2ab1ec8f56bdf23a7b96d2d14f8691dddb6d4a13f294c7e15,14,1,16,"[54.324000000000005, 14.699999999999989, 779.4600149999999, 344.65000000000003]","[[null, null, ""PANISALA/PS-39"", ""PANISALA/XII"", ""8/178"", ""-"", ""-""], [null, null, null, null, ""8/179"", null, null], [null, null, null, ""PANISALA/XIII"", ""8/180"", null, null], [null, null, null, ""PANISALA/XIV"", ""8/181"", null, null], [null, null, null, ""PANISALA/XV"", ""8/182"", null, null], [null, null, null, ""PANISALA/XVI"", ""8/183"", null, null], [null, null, null, ""PANISALA/XVII"", ""8/184"", null, null]]",,native_fields_parsed,,
74c10956a4c9d98dd069,West Bengal,Cooch Behar,2018,draft,block_ward_reservation,DEWANHAT,DEWANHAT/PS-40,40,40,-,-,UR,0,data/wb/gp_source_search/historical_expansion/coochbehar_FormBCOB1_6d5aedcd.pdf,7ad8f4b1d88effc2ab1ec8f56bdf23a7b96d2d14f8691dddb6d4a13f294c7e15,15,1,4,"[54.324000000000005, 14.699999999999989, 779.4600149999999, 326.8900000000001]","[[""DEWANHAT"", ""3"", ""DEWANHAT/PS-40"", ""DEWANHAT/I"", ""8/185"", ""-"", ""-""], [null, null, null, ""DEWANHAT/II"", ""8/186"", null, null], [null, null, null, ""DEWANHAT/V"", ""8/190"", null, null], [null, null, null, ""DEWANHAT/VI"", ""8/191"", null, null], [null, null, null, ""DEWANHAT/VII"", ""8/192"", null, null], [null, null, null, ""DEWANHAT/VIII"", ""8/193"", null, null], [null, null, null, ""DEWANHAT/IX"", ""8/194"", null, null]]",,native_fields_parsed,,
6c226d3a6606cd21c822,West Bengal,Cooch Behar,2018,draft,block_ward_reservation,DEWANHAT,DEWANHAT/PS-41,41,41,-,-,UR,0,data/wb/gp_source_search/historical_expansion/coochbehar_FormBCOB1_6d5aedcd.pdf,7ad8f4b1d88effc2ab1ec8f56bdf23a7b96d2d14f8691dddb6d4a13f294c7e15,15,1,11,"[54.324000000000005, 14.699999999999989, 779.4600149999999, 326.8900000000001]","[[null, null, ""DEWANHAT/PS-41"", ""DEWANHAT/III"", ""8/187"", ""-"", ""-""], [null, null, null, ""DEWANHAT/IV"", ""8/188"", null, null], [null, null, null, null, ""8/189"", null, null], [null, null, null, ""DEWANHAT/XVI"", ""8/201"", null, null], [null, null, null, ""DEWANHAT/XVII"", ""8/202"", null, null]]",,native_fields_parsed,,
9f99a50d77b1b66ab85e,West Bengal,Cooch Behar,2018,draft,block_ward_reservation,DEWANHAT,DEWANHAT/PS-42,42,42,42 SC,-,SC,0,data/wb/gp_source_search/historical_expansion/coochbehar_FormBCOB1_6d5aedcd.pdf,7ad8f4b1d88effc2ab1ec8f56bdf23a7b96d2d14f8691dddb6d4a13f294c7e15,15,1,16,"[54.324000000000005, 14.699999999999989, 779.4600149999999, 326.8900000000001]","[[null, null, ""DEWANHAT/PS-42"", ""DEWANHAT/X"", ""8/195"", ""42 SC"", ""-""], [null, null, null, ""DEWANHAT/XI"", ""8/196"", null, null], [null, null, null, ""DEWANHAT/XII"", ""8/197"", null, null], [null, null, null, ""DEWANHAT/XIII"", ""8/198"", null, null], [null, null, null, ""DEWANHAT/XIV"", ""8/199"", null, null], [null, null, null, ""DEWANHAT/XV"", ""8/200"", null, null]]",,native_fields_parsed,,
6843690121a86feb41bf,West Bengal,Cooch Behar,2018,draft,block_ward_reservation,JIRANPUR,JIRANPUR/PS-43,43,43,-,-,UR,0,data/wb/gp_source_search/historical_expansion/coochbehar_FormBCOB1_6d5aedcd.pdf,7ad8f4b1d88effc2ab1ec8f56bdf23a7b96d2d14f8691dddb6d4a13f294c7e15,16,1,4,"[54.324000000000005, 14.699999999999989, 779.4600149999999, 266.87]","[[""JIRANPUR"", ""3"", ""JIRANPUR/PS-43"", ""JIRANPUR/I"", ""8/203"", ""-"", ""-""], [null, null, null, ""JIRANPUR/II"", ""8/204"", null, null], [null, null, null, ""JIRANPUR/III"", ""8/205"", null, null], [null, null, null, null, ""8/206"", null, null]]",,native_fields_parsed,,
5b5d88cd42c45f6e0a3d,West Bengal,Cooch Behar,2018,draft,block_ward_reservation,JIRANPUR,JIRANPUR/PS-44,44,44,-,-,UR,0,data/wb/gp_source_search/historical_expansion/coochbehar_FormBCOB1_6d5aedcd.pdf,7ad8f4b1d88effc2ab1ec8f56bdf23a7b96d2d14f8691dddb6d4a13f294c7e15,16,1,8,"[54.324000000000005, 14.699999999999989, 779.4600149999999, 266.87]","[[null, null, ""JIRANPUR/PS-44"", ""JIRANPUR/IV"", ""8/207"", ""-"", ""-""], [null, null, null, ""JIRANPUR/V"", ""8/208"", null, null], [null, null, null, ""JIRANPUR/VI"", ""8/209"", null, null], [null, null, null, ""JIRANPUR/VII"", ""8/210"", null, null], [null, null, null, ""JIRANPUR/VIII"", ""8/211"", null, null]]",,native_fields_parsed,,
a983e0f17e14957a1461,West Bengal,Cooch Behar,2018,draft,block_ward_reservation,JIRANPUR,JIRANPUR/PS-45,45,45,45 SC,45 W,SC,1,data/wb/gp_source_search/historical_expansion/coochbehar_FormBCOB1_6d5aedcd.pdf,7ad8f4b1d88effc2ab1ec8f56bdf23a7b96d2d14f8691dddb6d4a13f294c7e15,16,1,13,"[54.324000000000005, 14.699999999999989, 779.4600149999999, 266.87]","[[null, null, ""JIRANPUR/PS-45"", ""JIRANPUR/IX"", ""8/212"", ""45 SC"", ""45 W""], [null, null, null, ""JIRANPUR/X"", ""8/213"", null, null], [null, null, null, ""JIRANPUR/XI"", ""8/214"", null, null], [null, null, null, ""JIRANPUR/XII"", ""8/215"", null, null]]",,native_fields_parsed,,
4dfbb3443a40a5b46f86,West Bengal,Cooch Behar,2018,draft,block_ward_reservation,PATLAKHAWA,PATLAKHAWA/PS–1,1,1,,1–WOMEN,UR,,data/wb/gp_source_search/historical_expansion/coochbehar_FormBCOB2_dcb6371b.pdf,959b10bf3293cd4904556db000ee8d1fdb7043ec7acf2513331bb26c44ac49a9,2,1,4,"[111.2, 44.81999999999999, 758.2200149999999, 432.76000000000005]","[[""A\nW\nA\nH\nK\nA\nL\nT\nA\nP"", ""3"", ""PATLAKHAWA/PS–1"", ""PATLAKHAWA/III"", ""3"", ""3/3"", """", ""1–WOMEN""], [null, null, null, ""PATLAKHAWA/IV"", ""4"", ""3/4"", null, null], [null, null, null, ""PATLAKHAWA/V"", ""5"", ""3/5"", null, null], [null, null, null, ""PATLAKHAWA/VI"", ""6"", ""3/6"", null, null], [null, null, null, ""PATLAKHAWA/VII"", ""7"", ""3/7"", null, null], [null, null, null, ""PATLAKHAWA/VIII"", ""8"", ""3/8"", null, null], [null, null, null, ""PATLAKHAWA/IX"", ""9"", ""3/9"", null, null]]",reservation_cell_unread,needs_review,,
f03a240de51370d8de79,West Bengal,Cooch Behar,2018,draft,block_ward_reservation,PATLAKHAWA,PATLAKHAWA/PS–2,2,2,2–SC,,,0,data/wb/gp_source_search/historical_expansion/coochbehar_FormBCOB2_dcb6371b.pdf,959b10bf3293cd4904556db000ee8d1fdb7043ec7acf2513331bb26c44ac49a9,2,1,11,"[111.2, 44.81999999999999, 758.2200149999999, 432.76000000000005]","[[null, null, ""PATLAKHAWA/PS–2"", ""PATLAKHAWA/I"", ""1"", ""3/1"", ""2–SC"", """"], [null, null, null, ""PATLAKHAWA/II"", ""2"", ""3/2"", null, null], [null, null, null, ""PATLAKHAWA/X"", ""10/1, 10/2"", ""3/10, 11"", null, null], [null, null, null, ""PATLAKHAWA/XI"", ""11"", ""3/12"", null, null], [null, null, null, ""PATLAKHAWA/XII"", ""12"", ""3/13"", null, null], [null, null, null, ""PATLAKHAWA/XIII"", ""13"", ""3/14"", null, null]]",reservation_cell_unread,needs_review,,
3f5497c0c0b1fc4f5138,West Bengal,Cooch Behar,2018,draft,block_ward_reservation,PATLAKHAWA,PATLAKHAWA/PS–3,3,3,,3–WOMEN,UR,,data/wb/gp_source_search/historical_expansion/coochbehar_FormBCOB2_dcb6371b.pdf,959b10bf3293cd4904556db000ee8d1fdb7043ec7acf2513331bb26c44ac49a9,2,1,17,"[111.2, 44.81999999999999, 758.2200149999999, 432.76000000000005]","[[null, null, ""PATLAKHAWA/PS–3"", ""PATLAKHAWA/XIV"", ""14"", ""3/15"", """", ""3–WOMEN""], [null, null, null, ""PATLAKHAWA/XV"", ""15"", ""3/16"", null, null], [null, null, null, ""PATLAKHAWA/XVI"", ""16"", ""3/17"", null, null], [null, null, null, ""PATLAKHAWA/XVII"", ""17"", ""3/18"", null, null], [null, null, null, ""PATLAKHAWA/XVIII"", ""18"", ""3/19"", null, null], [null, null, null, ""PATLAKHAWA/XIX"", ""19"", ""3/20"", null, null], [null, null, null, ""PATLAKHAWA/XX"", ""20"", ""3/21"", null, null]]",reservation_cell_unread,needs_review,,
acfe5c1f962d57f56b42,West Bengal,Cooch Behar,2018,draft,block_ward_reservation,BARARANGRASH,BARARANGRASH/PS–4 PATLAKHAWA/PS–1,4,4,,"4–WOMEN
1–WOMEN",UR,,data/wb/gp_source_search/historical_expansion/coochbehar_FormBCOB2_dcb6371b.pdf,959b10bf3293cd4904556db000ee8d1fdb7043ec7acf2513331bb26c44ac49a9,3,1,4,"[111.2, 44.81999999999999, 758.2200149999999, 336.48998500000005]","[[""H\nS\nA\nR\nG\nN\nA\nR\nA\nA\nW\nR\nAA\nHB\nK\nA\nL\nT\nA\nP"", ""3\n3"", ""BARARANGRASH/PS–4\nPATLAKHAWA/PS–1"", ""BARARANGRASH/I"", ""21"", ""3/22"", """", ""4–WOMEN\n1–WOMEN""], [null, null, null, ""BARARANGRASH/II"", ""22"", ""3/23"", null, null], [null, null, null, ""BARARANGRASH/III"", ""23"", ""3/24"", null, null], [null, null, null, ""BARARANGRASH/IV"", ""24/1, 24/2"", ""3/25, 26"", null, null]]",reservation_cell_unread,needs_review,,
0432c62d8713d79c84b0,West Bengal,Cooch Behar,2018,draft,block_ward_reservation,BARARANGRASH,BARARANGRASH/PS–5,5,5,,5–WOMEN,UR,,data/wb/gp_source_search/historical_expansion/coochbehar_FormBCOB2_dcb6371b.pdf,959b10bf3293cd4904556db000ee8d1fdb7043ec7acf2513331bb26c44ac49a9,3,1,8,"[111.2, 44.81999999999999, 758.2200149999999, 336.48998500000005]","[[null, null, ""BARARANGRASH/PS–5"", ""BARARANGRASH/V"", ""25"", ""3/27"", """", ""5–WOMEN""], [null, null, null, ""BARARANGRASH/VI"", ""26"", ""3/28"", null, null], [null, null, null, ""BARARANGRASH/VII"", ""27"", ""3/29"", null, null], [null, null, null, ""BARARANGRASH/X"", ""30/1, 30/2"", ""3/32, 33"", null, null], [null, null, null, ""BARARANGRASH/XI"", ""31"", ""3/34"", null, null], [null, null, null, ""BARARANGRASH/XII"", ""32"", ""3/35"", null, null]]",reservation_cell_unread,needs_review,,
c1e593ef284601e68c97,West Bengal,Cooch Behar,2018,draft,block_ward_reservation,BARARANGRASH,BARARANGRASH/PS–6,6,6,6–SC,6–WOMEN,,,data/wb/gp_source_search/historical_expansion/coochbehar_FormBCOB2_dcb6371b.pdf,959b10bf3293cd4904556db000ee8d1fdb7043ec7acf2513331bb26c44ac49a9,3,1,14,"[111.2, 44.81999999999999, 758.2200149999999, 336.48998500000005]","[[null, null, ""BARARANGRASH/PS–6"", ""BARARANGRASH/VIII"", ""28"", ""3/30"", ""6–SC"", ""6–WOMEN""], [null, null, null, ""BARARANGRASH/IX"", ""29"", ""3/31"", null, null], [null, null, null, ""BARARANGRASH/XIII"", ""33"", ""3/36"", null, null], [null, null, null, ""BARARANGRASH/XIV"", ""34/1, 34/2"", ""3/37, 38"", null, null]]",reservation_cell_unread;reservation_cell_unread,needs_review,,
717a6bd7c35633608d3d,West Bengal,Cooch Behar,2018,draft,block_ward_reservation,PMAATRLICAHKBHAARWIA K/PHSO–L1TA,PMAATRLICAHKBHAARWIA K/PHSO–L1TA/PS–7,7,7,7–SC,1–WOMEN,,,data/wb/gp_source_search/historical_expansion/coochbehar_FormBCOB2_dcb6371b.pdf,959b10bf3293cd4904556db000ee8d1fdb7043ec7acf2513331bb26c44ac49a9,4,1,4,"[111.2, 44.81999999999999, 758.2200149999999, 461.0800000000001]","[[""A\nA\nT\nLW\nOA\nHH\nKK\nIR A\nL\nAT\nBA\nHP\nC\nIR\nA\nM"", ""3\n3"", ""PMAATRLICAHKBHAARWIA K/PHSO–L1TA/PS–7"", ""MARICHBARI KHOLTA/XVII"", ""51"", ""3/57"", ""7–SC"", ""1–WOMEN""], [null, null, null, ""MARICHBARI KHOLTA/XVIII"", ""52"", ""3/58"", null, null], [null, null, null, ""MARICHBARI KHOLTA/XIX"", ""53/1, 53/2"", ""3/59, 60"", null, null], [null, null, null, ""MARICHBARI KHOLTA/XX"", ""54/1, 54/2"", ""3/61, 62"", null, null], [null, null, null, ""MARICHBARI KHOLTA/XXI"", ""55"", ""3/63"", null, null], [null, null, null, ""MARICHBARI KHOLTA/XXII"", ""56"", ""3/64"", null, null], [null, null, null, ""MARICHBARI KHOLTA/XXIII"", ""57"", ""3/65"", null, null], [null, null, null, ""MARICHBARI KHOLTA/XXIV"", ""58"", ""3/66"", null, null]]",reservation_cell_unread;reservation_cell_unread,needs_review,,
8c2b7c0c0d0c2056e245,West Bengal,Cooch Behar,2018,draft,block_ward_reservation,MARICHBARI KHOLTA,MARICHBARI KHOLTA/PS–8,8,8,8–SC,8–WOMEN,,,data/wb/gp_source_search/historical_expansion/coochbehar_FormBCOB2_dcb6371b.pdf,959b10bf3293cd4904556db000ee8d1fdb7043ec7acf2513331bb26c44ac49a9,4,1,12,"[111.2, 44.81999999999999, 758.2200149999999, 461.0800000000001]","[[null, null, ""MARICHBARI KHOLTA/PS–8"", ""MARICHBARI KHOLTA/VIII"", ""42"", ""3/47"", ""8–SC"", ""8–WOMEN""], [null, null, null, ""MARICHBARI KHOLTA/IX"", ""43"", ""3/48"", null, null], [null, null, null, ""MARICHBARI KHOLTA/X"", ""44"", ""3/49"", null, null], [null, null, null, ""MARICHBARI KHOLTA/XI"", ""45"", ""3/50"", null, null], [null, null, null, ""MARICHBARI KHOLTA/XII"", ""46"", ""3/51"", null, null], [null, null, null, ""MARICHBARI KHOLTA/XIII"", ""47"", ""3/52"", null, null], [null, null, null, ""MARICHBARI KHOLTA/XIV"", ""48"", ""3/53"", null, null], [null, null, null, ""MARICHBARI KHOLTA/XV"", ""49"", ""3/54"", null, null], [null, null, null, ""MARICHBARI KHOLTA/XVI"", ""50/1, 50/2"", ""3/55, 56"", null, null]]",reservation_cell_unread;reservation_cell_unread,needs_review,,
6c429bb6ffd16e9b6ecc,West Bengal,Cooch Behar,2018,draft,block_ward_reservation,MARICHBARI KHOLTA,MARICHBARI KHOLTA/PS–9,9,9,,9–WOMEN,UR,,data/wb/gp_source_search/historical_expansion/coochbehar_FormBCOB2_dcb6371b.pdf,959b10bf3293cd4904556db000ee8d1fdb7043ec7acf2513331bb26c44ac49a9,4,1,21,"[111.2, 44.81999999999999, 758.2200149999999, 461.0800000000001]","[[null, null, ""MARICHBARI KHOLTA/PS–9"", ""MARICHBARI KHOLTA/I"", ""35/1, 35/2"", ""3/39, 40"", """", ""9–WOMEN""], [null, null, null, ""MARICHBARI KHOLTA/II"", ""36"", ""3/41"", null, null], [null, null, null, ""MARICHBARI KHOLTA/III"", ""37"", ""3/42"", null, null], [null, null, null, ""MARICHBARI KHOLTA/IV"", ""38"", ""3/43"", null, null], [null, null, null, ""MARICHBARI KHOLTA/V"", ""39"", ""3/44"", null, null], [null, null, null, ""MARICHBARI KHOLTA/VI"", ""40"", ""3/45"", null, null], [null, null, null, ""MARICHBARI KHOLTA/VII"", ""41"", ""3/46"", null, null]]",reservation_cell_unread,needs_review,,
e22700eb78ea55036d3c,West Bengal,Cooch Behar,2018,draft,block_ward_reservation,AMBARI,AMBARI/PS–10 PATLAKHAWA/PS–1,10,10,10–SC,1–WOMEN,,,data/wb/gp_source_search/historical_expansion/coochbehar_FormBCOB2_dcb6371b.pdf,959b10bf3293cd4904556db000ee8d1fdb7043ec7acf2513331bb26c44ac49a9,5,1,4,"[111.2, 44.81999999999999, 758.2200149999999, 352.69000000000005]","[[""IR\nA\nB\nAM\nWA\nA\nH\nK\nA\nL\nT\nA\nP"", ""3\n3"", ""AMBARI/PS–10\nPATLAKHAWA/PS–1"", ""AMBARI/I"", ""59"", ""3/67"", ""10–SC"", ""1–WOMEN""], [null, null, null, ""AMBARI/II"", ""60"", ""3/68"", null, null], [null, null, null, ""AMBARI/III"", ""61"", ""3/69"", null, null], [null, null, null, ""AMBARI/IV"", ""62"", ""3/70"", null, null], [null, null, null, ""AMBARI/V"", ""63"", ""3/71"", null, null], [null, null, null, ""AMBARI/VI"", ""64"", ""3/72"", null, null]]",reservation_cell_unread;reservation_cell_unread,needs_review,,
f41ee6a61a5c94157f75,West Bengal,Cooch Behar,2018,draft,block_ward_reservation,AMBARI,AMBARI/PS–11,11,11,11–SC,11–WOMEN,,,data/wb/gp_source_search/historical_expansion/coochbehar_FormBCOB2_dcb6371b.pdf,959b10bf3293cd4904556db000ee8d1fdb7043ec7acf2513331bb26c44ac49a9,5,1,10,"[111.2, 44.81999999999999, 758.2200149999999, 352.69000000000005]","[[null, null, ""AMBARI/PS–11"", ""AMBARI/VII"", ""65"", ""3/73"", ""11–SC"", ""11–WOMEN""], [null, null, null, ""AMBARI/VIII"", ""66"", ""3/74"", null, null], [null, null, null, ""AMBARI/IX"", ""67"", ""3/75"", null, null], [null, null, null, ""AMBARI/XI"", ""69"", ""3/78"", null, null], [null, null, null, ""AMBARI/XII"", ""70"", ""3/79"", null, null]]",reservation_cell_unread;reservation_cell_unread,needs_review,,
cbd6eb7de02b37f3dee4,West Bengal,Cooch Behar,2018,draft,block_ward_reservation,AMBARI,AMBARI/PS–12,12,12,,12–WOMEN,UR,,data/wb/gp_source_search/historical_expansion/coochbehar_FormBCOB2_dcb6371b.pdf,959b10bf3293cd4904556db000ee8d1fdb7043ec7acf2513331bb26c44ac49a9,5,1,15,"[111.2, 44.81999999999999, 758.2200149999999, 352.69000000000005]","[[null, null, ""AMBARI/PS–12"", ""AMBARI/X"", ""68/1, 68/2"", ""3/76, 77"", """", ""12–WOMEN""], [null, null, null, ""AMBARI/XIII"", ""71/1, 71/2"", ""3/80, 81"", null, null], [null, null, null, ""AMBARI/XIV"", ""72"", ""3/82"", null, null], [null, null, null, ""AMBARI/XV"", ""73/1, 73/2"", ""3/83, 84"", null, null]]",reservation_cell_unread,needs_review,,
1762e9cfa9d04e0c1269,West Bengal,Cooch Behar,2018,draft,block_ward_reservation,BANESWAR,BANESWAR/PS–13 PATLAKHAWA/PS–1,13,13,,1–WOMEN,UR,,data/wb/gp_source_search/historical_expansion/coochbehar_FormBCOB2_dcb6371b.pdf,959b10bf3293cd4904556db000ee8d1fdb7043ec7acf2513331bb26c44ac49a9,6,1,4,"[111.2, 44.81999999999999, 758.2200149999999, 368.89000000000004]","[[""R\nA\nW\nAS\nWE\nN\nA\nA\nH\nB\nK\nA\nL\nT\nA\nP"", ""3\n3"", ""BANESWAR/PS–13\nPATLAKHAWA/PS–1"", ""BANESWAR/I"", ""74"", ""3/85"", """", ""1–WOMEN""], [null, null, null, ""BANESWAR/II"", ""75"", ""3/86"", null, null], [null, null, null, ""BANESWAR/III"", ""76"", ""3/87"", null, null], [null, null, null, ""BANESWAR/IV"", ""77"", ""3/88"", null, null], [null, null, null, ""BANESWAR/XI"", ""84"", ""3/97"", null, null]]",reservation_cell_unread,needs_review,,
fa6a225067a212b0a2e8,West Bengal,Cooch Behar,2018,draft,block_ward_reservation,BANESWAR,BANESWAR/PS–14,14,14,14–SC,,,0,data/wb/gp_source_search/historical_expansion/coochbehar_FormBCOB2_dcb6371b.pdf,959b10bf3293cd4904556db000ee8d1fdb7043ec7acf2513331bb26c44ac49a9,6,1,9,"[111.2, 44.81999999999999, 758.2200149999999, 368.89000000000004]","[[null, null, ""BANESWAR/PS–14"", ""BANESWAR/V"", ""78"", ""3/89"", ""14–SC"", """"], [null, null, null, ""BANESWAR/VI"", ""79"", ""3/90"", null, null], [null, null, null, ""BANESWAR/VII"", ""80/1, 80/2"", ""3/91, 92"", null, null], [null, null, null, ""BANESWAR/VIII"", ""81/1, 81/2"", ""3/93, 94"", null, null], [null, null, null, ""BANESWAR/IX"", ""82"", ""3/95"", null, null], [null, null, null, ""BANESWAR/X"", ""83"", ""3/96"", null, null]]",reservation_cell_unread,needs_review,,
f28e6acd85d793c2f7da,West Bengal,Cooch Behar,2018,draft,block_ward_reservation,BANESWAR,BANESWAR/PS–15,15,15,,15–WOMEN,UR,,data/wb/gp_source_search/historical_expansion/coochbehar_FormBCOB2_dcb6371b.pdf,959b10bf3293cd4904556db000ee8d1fdb7043ec7acf2513331bb26c44ac49a9,6,1,15,"[111.2, 44.81999999999999, 758.2200149999999, 368.89000000000004]","[[null, null, ""BANESWAR/PS–15"", ""BANESWAR/XII"", ""85"", ""3/98"", """", ""15–WOMEN""], [null, null, null, ""BANESWAR/XIII"", ""86"", ""3/99"", null, null], [null, null, null, ""BANESWAR/XIV"", ""87"", ""3/100"", null, null], [null, null, null, ""BANESWAR/XV"", ""88"", ""3/101"", null, null], [null, null, null, ""BANESWAR/XVI"", ""89"", ""3/102"", null, null]]",reservation_cell_unread,needs_review,,
84728934147b24080104,West Bengal,Cooch Behar,2018,draft,block_ward_reservation,GOPALPUR,GOPALPUR/PS–16 PATLAKHAWA/PS–1,16,16,16–SC,"16–WOMEN
1–WOMEN",,,data/wb/gp_source_search/historical_expansion/coochbehar_FormBCOB2_dcb6371b.pdf,959b10bf3293cd4904556db000ee8d1fdb7043ec7acf2513331bb26c44ac49a9,7,1,4,"[111.2, 44.81999999999999, 758.2200149999999, 417.48998500000005]","[[""AR\nWU\nAP\nHL\nA\nK\nP\nA\nO\nL\nTG\nA\nP"", ""3\n3"", ""GOPALPUR/PS–16\nPATLAKHAWA/PS–1"", ""GOPALPUR/I"", ""90"", ""3/103"", ""16–SC"", ""16–WOMEN\n1–WOMEN""], [null, null, null, ""GOPALPUR/II"", ""91"", ""3/104"", null, null], [null, null, null, ""GOPALPUR/III"", ""92"", ""3/105"", null, null], [null, null, null, ""GOPALPUR/IV"", ""93/1, 93/2"", ""3/106, 107"", null, null], [null, null, null, ""GOPALPUR/V"", ""94"", ""3/108"", null, null], [null, null, null, ""GOPALPUR/VI"", ""95"", ""3/109"", null, null]]",reservation_cell_unread;reservation_cell_unread,needs_review,,
115b06e40f638d3741d2,West Bengal,Cooch Behar,2018,draft,block_ward_reservation,GOPALPUR,GOPALPUR/PS–17,17,17,17–SC,,,0,data/wb/gp_source_search/historical_expansion/coochbehar_FormBCOB2_dcb6371b.pdf,959b10bf3293cd4904556db000ee8d1fdb7043ec7acf2513331bb26c44ac49a9,7,1,10,"[111.2, 44.81999999999999, 758.2200149999999, 417.48998500000005]","[[null, null, ""GOPALPUR/PS–17"", ""GOPALPUR/XII"", ""101"", ""3/116"", ""17–SC"", """"], [null, null, null, ""GOPALPUR/XIV"", ""103/1, 103/2"", ""3/118, 119"", null, null], [null, null, null, ""GOPALPUR/XV"", ""104"", ""3/120"", null, null], [null, null, null, ""GOPALPUR/XVI"", ""105"", ""3/121"", null, null], [null, null, null, ""GOPALPUR/XVII"", ""106/1, 106/2"", ""3/122, 123"", null, null], [null, null, null, ""GOPALPUR/XVIII"", ""107"", ""3/124"", null, null], [null, null, null, ""GOPALPUR/XIX"", ""108/1, 108/2"", ""3/125, 126"", null, null]]",reservation_cell_unread,needs_review,,
addedd62b0ce64517dd2,West Bengal,Cooch Behar,2018,draft,block_ward_reservation,GOPALPUR,GOPALPUR/PS–18,18,18,,,UR,0,data/wb/gp_source_search/historical_expansion/coochbehar_FormBCOB2_dcb6371b.pdf,959b10bf3293cd4904556db000ee8d1fdb7043ec7acf2513331bb26c44ac49a9,7,1,17,"[111.2, 44.81999999999999, 758.2200149999999, 417.48998500000005]","[[null, null, ""GOPALPUR/PS–18"", ""GOPALPUR/VII"", ""96"", ""3/110"", """", """"], [null, null, null, ""GOPALPUR/VIII"", ""97"", ""3/111"", null, null], [null, null, null, ""GOPALPUR/IX"", ""98"", ""3/112"", null, null], [null, null, null, ""GOPALPUR/X"", ""99/1, 99/2"", ""3/113, 114"", null, null], [null, null, null, ""GOPALPUR/XI"", ""100"", ""3/115"", null, null], [null, null, null, ""GOPALPUR/XIII"", ""102"", ""3/117"", null, null]]",,native_fields_parsed,,
00616db14103140f30ce,West Bengal,Cooch Behar,2018,draft,block_ward_reservation,PDAHTALNAGKDHHAINWGAG/PUSR–I1,PDAHTALNAGKDHHAINWGAG/PUSR–I1/PS–19,19,19,19–SC,119––WWOOMMEENN,,,data/wb/gp_source_search/historical_expansion/coochbehar_FormBCOB2_dcb6371b.pdf,959b10bf3293cd4904556db000ee8d1fdb7043ec7acf2513331bb26c44ac49a9,8,1,4,"[111.2, 44.81999999999999, 758.2200149999999, 401.29]","[[""IR\nU\nG\nAG\nWN\nAIH\nHD\nKG\nAN\nLA\nTH\nA\nD\nP"", ""3\n3"", ""PDAHTALNAGKDHHAINWGAG/PUSR–I1/PS–19"", ""DHANGDHINGGURI/XI"", ""119/1, 119/2"", ""3/139, 140"", ""19–SC"", ""119––WWOOMMEENN""], [null, null, null, ""DHANGDHINGGURI/XII"", ""120"", ""3/141"", null, null], [null, null, null, ""DHANGDHINGGURI/XIII"", ""121"", ""3/142"", null, null], [null, null, null, ""DHANGDHINGGURI/XIV"", ""122"", ""3/143"", null, null], [null, null, null, ""DHANGDHINGGURI/XV"", ""123"", ""3/144"", null, null], [null, null, null, ""DHANGDHINGGURI/XVII"", ""125"", ""3/146"", null, null], [null, null, null, ""DHANGDHINGGURI/XVIII"", ""126"", ""3/147"", null, null]]",reservation_cell_unread;reservation_cell_unread,needs_review,,
f8ec2067b12ea5b2cdf1,West Bengal,Cooch Behar,2018,draft,block_ward_reservation,DHANGDHINGGURI,DHANGDHINGGURI/PS–20,20,20,,20–WOMEN,UR,,data/wb/gp_source_search/historical_expansion/coochbehar_FormBCOB2_dcb6371b.pdf,959b10bf3293cd4904556db000ee8d1fdb7043ec7acf2513331bb26c44ac49a9,8,1,11,"[111.2, 44.81999999999999, 758.2200149999999, 401.29]","[[null, null, ""DHANGDHINGGURI/PS–20"", ""DHANGDHINGGURI/I"", ""109"", ""3/127"", """", ""20–WOMEN""], [null, null, null, ""DHANGDHINGGURI/II"", ""110"", ""3/128"", null, null], [null, null, null, ""DHANGDHINGGURI/III"", ""111"", ""3/129"", null, null], [null, null, null, ""DHANGDHINGGURI/IV"", ""112/1, 112/2"", ""3/130, 131"", null, null], [null, null, null, ""DHANGDHINGGURI/XVI"", ""124"", ""3/145"", null, null]]",reservation_cell_unread,needs_review,,
f4c6d5bce99bd3b4e901,West Bengal,Cooch Behar,2018,draft,block_ward_reservation,DHANGDHINGGURI,DHANGDHINGGURI/PS–21,21,21,,,UR,0,data/wb/gp_source_search/historical_expansion/coochbehar_FormBCOB2_dcb6371b.pdf,959b10bf3293cd4904556db000ee8d1fdb7043ec7acf2513331bb26c44ac49a9,8,1,16,"[111.2, 44.81999999999999, 758.2200149999999, 401.29]","[[null, null, ""DHANGDHINGGURI/PS–21"", ""DHANGDHINGGURI/V"", ""113/1, 113/2"", ""3/132, 133"", """", """"], [null, null, null, ""DHANGDHINGGURI/VI"", ""114"", ""3/134"", null, null], [null, null, null, ""DHANGDHINGGURI/VII"", ""115"", ""3/135"", null, null], [null, null, null, ""DHANGDHINGGURI/VIII"", ""116"", ""3/136"", null, null], [null, null, null, ""DHANGDHINGGURI/IX"", ""117"", ""3/137"", null, null], [null, null, null, ""DHANGDHINGGURI/X"", ""118"", ""3/138"", null, null]]",,native_fields_parsed,,
6a059b1ee46b91e9c044,West Bengal,Cooch Behar,2018,draft,block_ward_reservation,PATLAKHAWA,PATLAKHAWA/PS–1 PUNDIBARI/PS–22,1,1,,"1–WOMEN
22–WOMEN",UR,,data/wb/gp_source_search/historical_expansion/coochbehar_FormBCOB2_dcb6371b.pdf,959b10bf3293cd4904556db000ee8d1fdb7043ec7acf2513331bb26c44ac49a9,9,1,4,"[111.2, 44.81999999999999, 758.2200149999999, 461.0800000000001]","[[""A\nW\nA\nIRH\nAK\nBA\nID L\nT\nNA\nUP\nP"", ""3\n3"", ""PATLAKHAWA/PS–1\nPUNDIBARI/PS–22"", ""PUNDIBARI/I"", ""127"", ""3/148"", """", ""1–WOMEN\n22–WOMEN""], [null, null, null, ""PUNDIBARI/II"", ""128"", ""3/149"", null, null], [null, null, null, ""PUNDIBARI/III"", ""129"", ""3/150"", null, null], [null, null, null, ""PUNDIBARI/IV"", ""130"", ""3/151"", null, null], [null, null, null, ""PUNDIBARI/VI"", ""132/1, 132/2"", ""3/153, 154"", null, null], [null, null, null, ""PUNDIBARI/VII"", ""133"", ""3/155"", null, null], [null, null, null, ""PUNDIBARI/VIII"", ""134"", ""3/156"", null, null], [null, null, null, ""PUNDIBARI/IX"", ""135"", ""3/157"", null, null], [null, null, null, ""PUNDIBARI/X"", ""136"", ""3/158"", null, null]]",reservation_cell_unread,needs_review,,
1f3e210e538b164f9a2a,West Bengal,Cooch Behar,2018,draft,block_ward_reservation,PUNDIBARI,PUNDIBARI/PS–23,23,23,,,UR,0,data/wb/gp_source_search/historical_expansion/coochbehar_FormBCOB2_dcb6371b.pdf,959b10bf3293cd4904556db000ee8d1fdb7043ec7acf2513331bb26c44ac49a9,9,1,13,"[111.2, 44.81999999999999, 758.2200149999999, 461.0800000000001]","[[null, null, ""PUNDIBARI/PS–23"", ""PUNDIBARI/V"", ""131"", ""3/152"", """", """"], [null, null, null, ""PUNDIBARI/XI"", ""137/1, 137/2"", ""3/159, 160"", null, null], [null, null, null, ""PUNDIBARI/XII"", ""138/1, 138/2"", ""3/161, 162"", null, null], [null, null, null, ""PUNDIBARI/XIII"", ""139"", ""3/163"", null, null], [null, null, null, ""PUNDIBARI/XIV"", ""140"", ""3/164"", null, null], [null, null, null, ""PUNDIBARI/XV"", ""141"", ""3/165"", null, null], [null, null, null, ""PUNDIBARI/XVI"", ""142"", ""3/166"", null, null], [null, null, null, ""PUNDIBARI/XVII"", ""143/1, 143/2"", ""3/167, 168"", null, null]]",,native_fields_parsed,,
da59e37fb9f8174a5fa4,West Bengal,Cooch Behar,2018,draft,block_ward_reservation,PUNDIBARI,PUNDIBARI/PS–24,24,24,24–SC,,,0,data/wb/gp_source_search/historical_expansion/coochbehar_FormBCOB2_dcb6371b.pdf,959b10bf3293cd4904556db000ee8d1fdb7043ec7acf2513331bb26c44ac49a9,9,1,21,"[111.2, 44.81999999999999, 758.2200149999999, 461.0800000000001]","[[null, null, ""PUNDIBARI/PS–24"", ""PUNDIBARI/XVIII"", ""144"", ""3/169"", ""24–SC"", """"], [null, null, null, ""PUNDIBARI/XIX"", ""145"", ""3/170"", null, null], [null, null, null, ""PUNDIBARI/XX"", ""146"", ""3/171"", null, null], [null, null, null, ""PUNDIBARI/XXI"", ""147"", ""3/172"", null, null], [null, null, null, ""PUNDIBARI/XXII"", ""148"", ""3/173"", null, null], [null, null, null, ""PUNDIBARI/XXIII"", ""149"", ""3/174"", null, null], [null, null, null, ""PUNDIBARI/XXIV"", ""150"", ""3/175"", null, null]]",reservation_cell_unread,needs_review,,
632a0c5cbd5c36a4db36,West Bengal,Cooch Behar,2018,draft,block_ward_reservation,MADHUPUR,MADHUPUR/PS–25 PATLAKHAWA/PS–1,25,25,,1–WOMEN,UR,,data/wb/gp_source_search/historical_expansion/coochbehar_FormBCOB2_dcb6371b.pdf,959b10bf3293cd4904556db000ee8d1fdb7043ec7acf2513331bb26c44ac49a9,10,1,4,"[111.2, 44.81999999999999, 758.2200149999999, 417.48998500000005]","[[""AR\nWU\nAP\nHU\nKH\nAD\nLA\nTM\nA\nP"", ""3\n3"", ""MADHUPUR/PS–25\nPATLAKHAWA/PS–1"", ""MADHUPUR/I"", ""151"", ""3/176"", """", ""1–WOMEN""], [null, null, null, ""MADHUPUR/II"", ""152"", ""3/177"", null, null], [null, null, null, ""MADHUPUR/III"", ""153/1, 153/2"", ""3/178, 179"", null, null], [null, null, null, ""MADHUPUR/IV"", ""154"", ""3/180"", null, null], [null, null, null, ""MADHUPUR/V"", ""155"", ""3/181"", null, null], [null, null, null, ""MADHUPUR/VI"", ""156"", ""3/182"", null, null]]",reservation_cell_unread,needs_review,,
66b2932f4bf66b50ebf5,West Bengal,Cooch Behar,2018,draft,block_ward_reservation,MADHUPUR,MADHUPUR/PS–26,26,26,,,UR,0,data/wb/gp_source_search/historical_expansion/coochbehar_FormBCOB2_dcb6371b.pdf,959b10bf3293cd4904556db000ee8d1fdb7043ec7acf2513331bb26c44ac49a9,10,1,10,"[111.2, 44.81999999999999, 758.2200149999999, 417.48998500000005]","[[null, null, ""MADHUPUR/PS–26"", ""MADHUPUR/VII"", ""157/1, 157/2"", ""3/183, 185"", """", """"], [null, null, null, ""MADHUPUR/VIII"", ""158"", ""3/184"", null, null], [null, null, null, ""MADHUPUR/IX"", ""159"", ""3/186"", null, null], [null, null, null, ""MADHUPUR/X"", ""160"", ""3/187"", null, null], [null, null, null, ""MADHUPUR/XI"", ""161"", ""3/188"", null, null], [null, null, null, ""MADHUPUR/XIV"", ""164"", ""3/191"", null, null], [null, null, null, ""MADHUPUR/XV"", ""165"", ""3/192"", null, null]]",,native_fields_parsed,,
e32089ee6d6492dd7210,West Bengal,Cooch Behar,2018,draft,block_ward_reservation,MADHUPUR,MADHUPUR/PS–27,27,27,,,UR,0,data/wb/gp_source_search/historical_expansion/coochbehar_FormBCOB2_dcb6371b.pdf,959b10bf3293cd4904556db000ee8d1fdb7043ec7acf2513331bb26c44ac49a9,10,1,17,"[111.2, 44.81999999999999, 758.2200149999999, 417.48998500000005]","[[null, null, ""MADHUPUR/PS–27"", ""MADHUPUR/XII"", ""162"", ""3/189"", """", """"], [null, null, null, ""MADHUPUR/XIII"", ""163"", ""3/190"", null, null], [null, null, null, ""MADHUPUR/XVI"", ""166"", ""3/193"", null, null], [null, null, null, ""MADHUPUR/XVII"", ""167"", ""3/194"", null, null], [null, null, null, ""MADHUPUR/XVIII"", ""168/1, 168/2"", ""3/195, 196"", null, null], [null, null, null, ""MADHUPUR/XIX"", ""169"", ""3/197"", null, null]]",,native_fields_parsed,,
4d5de36dabf6d5a33dc5,West Bengal,Cooch Behar,2018,draft,block_ward_reservation,PATLAKHAWA,PATLAKHAWA/PS–1 TAKAGACHH RAJARHAT/PS–28,1,1,28–BC,"1–WOMEN
28–WOMEN",,,data/wb/gp_source_search/historical_expansion/coochbehar_FormBCOB2_dcb6371b.pdf,959b10bf3293cd4904556db000ee8d1fdb7043ec7acf2513331bb26c44ac49a9,11,1,4,"[111.2, 44.81999999999999, 758.2200149999999, 449.92]","[[""T\nA\nH\nA\nR\nW\nA\nJA\nAH\nRK\nA\nH\nL\nHT\nCA\nAP\nG\nA\nK\nA\nT"", ""3\n3"", ""PATLAKHAWA/PS–1\nTAKAGACHH RAJARHAT/PS–28"", ""TAKAGACHH RAJARHAT/V"", ""174"", ""3/203"", ""28–BC"", ""1–WOMEN\n28–WOMEN""], [null, null, null, ""TAKAGACHH RAJARHAT/VI"", ""175"", ""3/204"", null, null], [null, null, null, ""TAKAGACHH RAJARHAT/VII"", ""176"", ""3/205"", null, null], [null, null, null, ""TAKAGACHH RAJARHAT/VIII"", ""177/1, 177/2"", ""3/206, 207"", null, null], [null, null, null, ""TAKAGACHH RAJARHAT/IX"", ""178"", ""3/208"", null, null], [null, null, null, ""TAKAGACHH RAJARHAT/X"", ""179"", ""3/209"", null, null], [null, null, null, ""TAKAGACHH RAJARHAT/XI"", ""180"", ""3/210"", null, null], [null, null, null, ""TAKAGACHH RAJARHAT/XII"", ""181"", ""3/211"", null, null]]",reservation_cell_unread;reservation_cell_unread,needs_review,,
4f5416e9bdfaed9945b0,West Bengal,Cooch Behar,2018,draft,block_ward_reservation,TAKAGACHH RAJARHAT,TAKAGACHH RAJARHAT/PS–29,29,29,29–SC,,,0,data/wb/gp_source_search/historical_expansion/coochbehar_FormBCOB2_dcb6371b.pdf,959b10bf3293cd4904556db000ee8d1fdb7043ec7acf2513331bb26c44ac49a9,11,1,12,"[111.2, 44.81999999999999, 758.2200149999999, 449.92]","[[null, null, ""TAKAGACHH RAJARHAT/PS–29"", ""TAKAGACHH RAJARHAT/XIII"", ""182"", ""3/212"", ""29–SC"", """"], [null, null, null, ""TAKAGACHH RAJARHAT/XIV"", ""183"", ""3/213"", null, null], [null, null, null, ""TAKAGACHH RAJARHAT/XV"", ""184/1, 184/2"", ""3/214, 215"", null, null], [null, null, null, ""TAKAGACHH RAJARHAT/XVI"", ""185"", ""3/216"", null, null], [null, null, null, ""TAKAGACHH RAJARHAT/XVII"", ""186/1, 186/2"", ""3/217, 218"", null, null], [null, null, null, ""TAKAGACHH RAJARHAT/XX"", ""189"", ""3/222"", null, null], [null, null, null, ""TAKAGACHH RAJARHAT/XXI"", ""190"", ""3/223"", null, null]]",reservation_cell_unread,needs_review,,
495cade6b2bfede9ecd4,West Bengal,Cooch Behar,2018,draft,block_ward_reservation,TAKAGACHH RAJARHAT,TAKAGACHH RAJARHAT/PS–30,30,30,30–SC,30–WOMEN,,,data/wb/gp_source_search/historical_expansion/coochbehar_FormBCOB2_dcb6371b.pdf,959b10bf3293cd4904556db000ee8d1fdb7043ec7acf2513331bb26c44ac49a9,11,1,19,"[111.2, 44.81999999999999, 758.2200149999999, 449.92]","[[null, null, ""TAKAGACHH RAJARHAT/PS–30"", ""TAKAGACHH RAJARHAT/I"", ""170"", ""3/198"", ""30–SC"", ""30–WOMEN""], [null, null, null, ""TAKAGACHH RAJARHAT/II"", ""171/1, 171/2"", ""3/199, 200"", null, null], [null, null, null, ""TAKAGACHH RAJARHAT/III"", ""172"", ""3/201"", null, null], [null, null, null, ""TAKAGACHH RAJARHAT/IV"", ""173"", ""3/202"", null, null], [null, null, null, ""TAKAGACHH RAJARHAT/XVIII"", ""187/1, 187/2"", ""3/219, 220"", null, null], [null, null, null, ""TAKAGACHH RAJARHAT/XIX"", ""188"", ""3/221"", null, null]]",reservation_cell_unread;reservation_cell_unread,needs_review,,
a562fa948c13b0769f78,West Bengal,Cooch Behar,2018,draft,block_ward_reservation,PATLAKHAWA,PATLAKHAWA/PS–1 KHAGRABARI/PS–31,1,1,31–SC,1–WOMEN,,,data/wb/gp_source_search/historical_expansion/coochbehar_FormBCOB2_dcb6371b.pdf,959b10bf3293cd4904556db000ee8d1fdb7043ec7acf2513331bb26c44ac49a9,12,1,4,"[111.2, 44.81999999999999, 758.2200149999999, 492.0400000000001]","[[""A\nW\nA\nH\nIR K\nA\nA\nL\nBT\nAA\nRP\nG\nA\nH\nK"", ""3\n3"", ""PATLAKHAWA/PS–1\nKHAGRABARI/PS–31"", ""KHAGRABARI/I"", ""191"", ""3/224"", ""31–SC"", ""1–WOMEN""], [null, null, null, ""KHAGRABARI/II"", ""192"", ""3/225"", null, null], [null, null, null, ""KHAGRABARI/III"", ""193/1, 193/2"", ""3/226, 228"", null, null], [null, null, null, ""KHAGRABARI/IV"", ""194"", ""3/227"", null, null], [null, null, null, ""KHAGRABARI/V"", ""195"", ""3/229"", null, null], [null, null, null, ""KHAGRABARI/XV"", ""205"", ""3/242"", null, null], [null, null, null, ""KHAGRABARI/XVI"", ""206"", ""3/243"", null, null], [null, null, null, ""KHAGRABARI/XXII"", ""212"", ""3/250"", null, null], [null, null, null, ""KHAGRABARI/XXIII"", ""213"", ""3/251"", null, null]]",reservation_cell_unread;reservation_cell_unread,needs_review,,
0191b0c0582fa5427983,West Bengal,Cooch Behar,2018,draft,block_ward_reservation,KHAGRABARI,KHAGRABARI/PS–32,32,32,,,UR,0,data/wb/gp_source_search/historical_expansion/coochbehar_FormBCOB2_dcb6371b.pdf,959b10bf3293cd4904556db000ee8d1fdb7043ec7acf2513331bb26c44ac49a9,12,1,13,"[111.2, 44.81999999999999, 758.2200149999999, 492.0400000000001]","[[null, null, ""KHAGRABARI/PS–32"", ""KHAGRABARI/XI"", ""201"", ""3/236"", """", """"], [null, null, null, ""KHAGRABARI/XVII"", ""207"", ""3/244"", null, null], [null, null, null, ""KHAGRABARI/XVIII"", ""208"", ""3/245"", null, null], [null, null, null, ""KHAGRABARI/XIX"", ""209/1, 209/2"", ""3/246, 247"", null, null], [null, null, null, ""KHAGRABARI/XX"", ""210"", ""3/248"", null, null], [null, null, null, ""KHAGRABARI/XXI"", ""211"", ""3/249"", null, null], [null, null, null, ""KHAGRABARI/XXIV"", ""214"", ""3/252"", null, null], [null, null, null, ""KHAGRABARI/XXV"", ""215"", ""3/253"", null, null], [null, null, null, ""KHAGRABARI/XXVI"", ""216"", ""3/254"", null, null], [null, null, null, ""KHAGRABARI/XXVII"", ""217"", ""3/255"", null, null]]",,native_fields_parsed,,
9a5f96cae5ddef2812db,West Bengal,Cooch Behar,2018,draft,block_ward_reservation,KHAGRABARI,KHAGRABARI/PS–33,33,33,33–SC,33–WOMEN,,,data/wb/gp_source_search/historical_expansion/coochbehar_FormBCOB2_dcb6371b.pdf,959b10bf3293cd4904556db000ee8d1fdb7043ec7acf2513331bb26c44ac49a9,12,1,23,"[111.2, 44.81999999999999, 758.2200149999999, 492.0400000000001]","[[null, null, ""KHAGRABARI/PS–33"", ""KHAGRABARI/VI"", ""196/1, 196/2"", ""3/230, 231"", ""33–SC"", ""33–WOMEN""], [null, null, null, ""KHAGRABARI/VII"", ""197"", ""3/232"", null, null], [null, null, null, ""KHAGRABARI/VIII"", ""198"", ""3/233"", null, null], [null, null, null, ""KHAGRABARI/IX"", ""199"", ""3/234"", null, null], [null, null, null, ""KHAGRABARI/X"", ""200"", ""3/235"", null, null], [null, null, null, ""KHAGRABARI/XII"", ""202/1, 202/2"", ""3/237, 238"", null, null], [null, null, null, ""KHAGRABARI/XIII"", ""203/1, 203/2"", ""3/239, 240"", null, null], [null, null, null, ""KHAGRABARI/XIV"", ""204"", ""3/241"", null, null]]",reservation_cell_unread;reservation_cell_unread,needs_review,,
3c28821427a3de894a47,West Bengal,Cooch Behar,2018,draft,block_ward_reservation,PATLAKHAWA,PATLAKHAWA/PS–1 CHAKCHAKA/PS–34,1,1,34–SC,1–WOMEN,,,data/wb/gp_source_search/historical_expansion/coochbehar_FormBCOB2_dcb6371b.pdf,959b10bf3293cd4904556db000ee8d1fdb7043ec7acf2513331bb26c44ac49a9,13,1,4,"[111.2, 44.81999999999999, 758.2200149999999, 482.32000000000005]","[[""A\nW\nA\nH\nAK\nKA\nAL\nHT\nCA\nKP\nA\nH\nC"", ""3\n3"", ""PATLAKHAWA/PS–1\nCHAKCHAKA/PS–34"", ""CHAKCHAKA/VII"", ""224"", ""3/264"", ""34–SC"", ""1–WOMEN""], [null, null, null, ""CHAKCHAKA/VIII"", ""225/1, 225/2"", ""3/265, 268"", null, null], [null, null, null, ""CHAKCHAKA/IX"", ""226"", ""3/266"", null, null], [null, null, null, ""CHAKCHAKA/X"", ""227"", ""3/267"", null, null], [null, null, null, ""CHAKCHAKA/XI"", ""228"", ""3/269"", null, null], [null, null, null, ""CHAKCHAKA/XII"", ""229"", ""3/270"", null, null], [null, null, null, ""CHAKCHAKA/XIII"", ""230"", ""3/271"", null, null], [null, null, null, ""CHAKCHAKA/XIV"", ""231"", ""3/272"", null, null], [null, null, null, ""CHAKCHAKA/XVIII"", ""235"", ""3/278"", null, null]]",reservation_cell_unread;reservation_cell_unread,needs_review,,
285f79eaa89af03dabc7,West Bengal,Cooch Behar,2018,draft,block_ward_reservation,CHAKCHAKA,CHAKCHAKA/PS–35,35,35,,,UR,0,data/wb/gp_source_search/historical_expansion/coochbehar_FormBCOB2_dcb6371b.pdf,959b10bf3293cd4904556db000ee8d1fdb7043ec7acf2513331bb26c44ac49a9,13,1,13,"[111.2, 44.81999999999999, 758.2200149999999, 482.32000000000005]","[[null, null, ""CHAKCHAKA/PS–35"", ""CHAKCHAKA/I"", ""218/1, 218/2"", ""3/256, 257"", """", """"], [null, null, null, ""CHAKCHAKA/II"", ""219"", ""3/258"", null, null], [null, null, null, ""CHAKCHAKA/III"", ""220"", ""3/259"", null, null], [null, null, null, ""CHAKCHAKA/IV"", ""221"", ""3/260"", null, null], [null, null, null, ""CHAKCHAKA/V"", ""222/1, 222/2"", ""3/261, 263"", null, null], [null, null, null, ""CHAKCHAKA/VI"", ""223"", ""3/262"", null, null]]",,native_fields_parsed,,
d3cf44f06901da951bf9,West Bengal,Cooch Behar,2018,draft,block_ward_reservation,CHAKCHAKA,CHAKCHAKA/PS–36,36,36,,,UR,0,data/wb/gp_source_search/historical_expansion/coochbehar_FormBCOB2_dcb6371b.pdf,959b10bf3293cd4904556db000ee8d1fdb7043ec7acf2513331bb26c44ac49a9,13,1,19,"[111.2, 44.81999999999999, 758.2200149999999, 482.32000000000005]","[[null, null, ""CHAKCHAKA/PS–36"", ""CHAKCHAKA/XV"", ""232/1, 232/2"", ""3/273, 275"", """", """"], [null, null, null, ""CHAKCHAKA/XVI"", ""233"", ""3/274"", null, null], [null, null, null, ""CHAKCHAKA/XVII"", ""234/1, 234/2"", ""3/276, 277"", null, null], [null, null, null, ""CHAKCHAKA/XIX"", ""236"", ""3/279"", null, null], [null, null, null, ""CHAKCHAKA/XX"", ""237/1, 237/2"", ""3/280, 282"", null, null], [null, null, null, ""CHAKCHAKA/XXI"", ""238"", ""3/281"", null, null], [null, null, null, ""CHAKCHAKA/XXII"", ""239"", ""3/283"", null, null], [null, null, null, ""CHAKCHAKA/XXIII"", ""240"", ""3/284"", null, null]]",,native_fields_parsed,,
99a827bd0c5e13d68fe2,West Bengal,Cooch Behar,2018,draft,block_ward_reservation,KHAPAIDANGA,KHAPAIDANGA/PS–37 PATLAKHAWA/PS–1,37,37,37–SC,"37–WOMEN
1–WOMEN",,,data/wb/gp_source_search/historical_expansion/coochbehar_FormBCOB2_dcb6371b.pdf,959b10bf3293cd4904556db000ee8d1fdb7043ec7acf2513331bb26c44ac49a9,14,1,4,"[111.2, 44.81999999999999, 758.2200149999999, 385.0900000000001]","[[""A\nG\nN\nAA\nWD\nIA\nA\nHP\nKA\nAH\nLK\nT\nA\nP"", ""3\n3"", ""KHAPAIDANGA/PS–37\nPATLAKHAWA/PS–1"", ""KHAPAIDANGA/XI"", ""251"", ""3/297"", ""37–SC"", ""37–WOMEN\n1–WOMEN""], [null, null, null, ""KHAPAIDANGA/XII"", ""252"", ""3/298"", null, null], [null, null, null, ""KHAPAIDANGA/XIII"", ""253"", ""3/299"", null, null], [null, null, null, ""KHAPAIDANGA/XIV"", ""254"", ""3/300"", null, null], [null, null, null, ""KHAPAIDANGA/XV"", ""255"", ""3/301"", null, null], [null, null, null, ""KHAPAIDANGA/XVII"", ""257/1, 257/2"", ""3/303, 304"", null, null]]",reservation_cell_unread;reservation_cell_unread,needs_review,,
f66cb7ce59cb8faa45f3,West Bengal,Cooch Behar,2018,draft,block_ward_reservation,KHAPAIDANGA,KHAPAIDANGA/PS–38,38,38,38–SC,,,0,data/wb/gp_source_search/historical_expansion/coochbehar_FormBCOB2_dcb6371b.pdf,959b10bf3293cd4904556db000ee8d1fdb7043ec7acf2513331bb26c44ac49a9,14,1,10,"[111.2, 44.81999999999999, 758.2200149999999, 385.0900000000001]","[[null, null, ""KHAPAIDANGA/PS–38"", ""KHAPAIDANGA/V"", ""245/1, 245/2"", ""3/290, 292"", ""38–SC"", """"], [null, null, null, ""KHAPAIDANGA/VI"", ""246"", ""3/291"", null, null], [null, null, null, ""KHAPAIDANGA/VII"", ""247"", ""3/293"", null, null], [null, null, null, ""KHAPAIDANGA/VIII"", ""248"", ""3/294"", null, null], [null, null, null, ""KHAPAIDANGA/IX"", ""249"", ""3/295"", null, null], [null, null, null, ""KHAPAIDANGA/XVI"", ""256"", ""3/302"", null, null]]",reservation_cell_unread,needs_review,,
328644a9fb0dc79f426b,West Bengal,Cooch Behar,2018,draft,block_ward_reservation,KHAPAIDANGA,KHAPAIDANGA/PS–39,39,39,,39–WOMEN,UR,,data/wb/gp_source_search/historical_expansion/coochbehar_FormBCOB2_dcb6371b.pdf,959b10bf3293cd4904556db000ee8d1fdb7043ec7acf2513331bb26c44ac49a9,14,1,16,"[111.2, 44.81999999999999, 758.2200149999999, 385.0900000000001]","[[null, null, ""KHAPAIDANGA/PS–39"", ""KHAPAIDANGA/I"", ""241/1, 241/2"", ""3/285, 286"", """", ""39–WOMEN""], [null, null, null, ""KHAPAIDANGA/II"", ""242"", ""3/287"", null, null], [null, null, null, ""KHAPAIDANGA/III"", ""243"", ""3/288"", null, null], [null, null, null, ""KHAPAIDANGA/IV"", ""244"", ""3/289"", null, null], [null, null, null, ""KHAPAIDANGA/X"", ""250"", ""3/296"", null, null]]",reservation_cell_unread,needs_review,,
c54bd1f2c6b5db8926a9,West Bengal,Cooch Behar,2018,draft,block_ward_reservation,Gosanimari-II,Gosanimari-II/PS-1,1,1,1-SC,,SC,0,data/wb/gp_source_search/historical_expansion/coochbehar_FormBDHT1_73ad0791.pdf,bc9ff0f153074cadd6d02b2f73f4bdd0f4d84c2c4bfbece64cda23dcc82d5b2b,1,1,4,"[50.88399999999999, 249.63000333333335, 800.6550050000001, 520.3960133333334]","[[""I\nI\n-\nir\na\nm\nin\na\ns\no\nG"", ""3"", ""Gosanimari-II/PS-1"", ""Gosanimari-II/I"", ""1"", ""6"", ""96"", ""1-SC"", """"], [null, null, null, ""Gosanimari-II/II"", ""2"", ""6"", ""97"", null, null], [null, null, null, ""Gosanimari-II/III"", ""3/1"", ""6"", ""98"", null, null], [null, null, null, ""Gosanimari-II/III"", ""3/2"", ""6"", ""99"", null, null]]",,native_fields_parsed,,
ed0510b273e83df78dcd,West Bengal,Cooch Behar,2018,draft,block_ward_reservation,Gosanimari-II,Gosanimari-II/PS-2,2,2,,2-W,UR,1,data/wb/gp_source_search/historical_expansion/coochbehar_FormBDHT1_73ad0791.pdf,bc9ff0f153074cadd6d02b2f73f4bdd0f4d84c2c4bfbece64cda23dcc82d5b2b,1,1,8,"[50.88399999999999, 249.63000333333335, 800.6550050000001, 520.3960133333334]","[[null, null, ""Gosanimari-II/PS-2"", ""Gosanimari-II/IV"", ""4"", ""6"", ""100"", """", ""2-W""], [null, null, null, ""Gosanimari-II/V"", ""5"", ""6"", ""101"", null, null], [null, null, null, ""Gosanimari-II/XI"", ""11"", ""6"", ""107"", null, null], [null, null, null, ""Gosanimari-II/XII"", ""12"", ""6"", ""108"", null, null], [null, null, null, ""Gosanimari-II/XIII"", ""13"", ""6"", ""109"", null, null]]",,native_fields_parsed,,
742490272316a5adf670,West Bengal,Cooch Behar,2018,draft,block_ward_reservation,Gosanimari-II,Gosanimari-II/PS-3,3,3,3-SC,3-SCW,SC,1,data/wb/gp_source_search/historical_expansion/coochbehar_FormBDHT1_73ad0791.pdf,bc9ff0f153074cadd6d02b2f73f4bdd0f4d84c2c4bfbece64cda23dcc82d5b2b,1,1,13,"[50.88399999999999, 249.63000333333335, 800.6550050000001, 520.3960133333334]","[[null, null, ""Gosanimari-II/PS-3"", ""Gosanimari-II/VI"", ""6"", ""6"", ""102"", ""3-SC"", ""3-SCW""], [null, null, null, ""Gosanimari-II/VII"", ""7"", ""6"", ""103"", null, null], [null, null, null, ""Gosanimari-II/VIII"", ""8"", ""6"", ""104"", null, null], [null, null, null, ""Gosanimari-II/IX"", ""9"", ""6"", ""105"", null, null], [null, null, null, ""Gosanimari-II/X"", ""10"", ""6"", ""106"", null, null]]",,native_fields_parsed,,
6e46b057f52bc7d0b2b5,West Bengal,Cooch Behar,2018,draft,block_ward_reservation,Gosanimari-I,Gosanimari-I/PS-4,4,4,4-SC,,SC,0,data/wb/gp_source_search/historical_expansion/coochbehar_FormBDHT1_73ad0791.pdf,bc9ff0f153074cadd6d02b2f73f4bdd0f4d84c2c4bfbece64cda23dcc82d5b2b,2,1,4,"[50.88399999999999, 14.5, 801.1000066666667, 328.1299933333334]","[[""I\n-\nir\na\nm\nin\na\ns\no\nG"", ""3"", ""Gosanimari-I/PS-4"", ""Gosanimari-I/I"", ""14"", ""6"", ""110"", ""4-SC"", """"], [null, null, null, ""Gosanimari-I/II"", ""15"", ""6"", ""111"", null, null], [null, null, null, ""Gosanimari-I/III"", ""16"", ""6"", ""112"", null, null], [null, null, null, ""Gosanimari-I/IV"", ""17"", ""6"", ""113"", null, null], [null, null, null, ""Gosanimari-I/V"", ""18"", ""6"", ""114"", null, null], [null, null, null, ""Gosanimari-I/VI"", ""19"", ""6"", ""115"", null, null]]",,native_fields_parsed,,
224d2cda43a13165db00,West Bengal,Cooch Behar,2018,draft,block_ward_reservation,Gosanimari-I,Gosanimari-I/PS-5,5,5,,5-W,UR,1,data/wb/gp_source_search/historical_expansion/coochbehar_FormBDHT1_73ad0791.pdf,bc9ff0f153074cadd6d02b2f73f4bdd0f4d84c2c4bfbece64cda23dcc82d5b2b,2,1,10,"[50.88399999999999, 14.5, 801.1000066666667, 328.1299933333334]","[[null, null, ""Gosanimari-I/PS-5"", ""Gosanimari-I/VII"", ""20"", ""6"", ""116"", """", ""5-W""], [null, null, null, ""Gosanimari-I/VIII"", ""21"", ""6"", ""117"", null, null], [null, null, null, ""Gosanimari-I/IX"", ""22"", ""6"", ""118"", null, null], [null, null, null, ""Gosanimari-I/X"", ""23"", ""6"", ""119"", null, null], [null, null, null, ""Gosanimari-I/XVI"", ""29"", ""6"", ""126"", null, null]]",,native_fields_parsed,,
35737377d73238a37da4,West Bengal,Cooch Behar,2018,draft,block_ward_reservation,Gosanimari-I,Gosanimari-I/PS-6,6,6,6-SC,6-SCW,SC,1,data/wb/gp_source_search/historical_expansion/coochbehar_FormBDHT1_73ad0791.pdf,bc9ff0f153074cadd6d02b2f73f4bdd0f4d84c2c4bfbece64cda23dcc82d5b2b,2,1,15,"[50.88399999999999, 14.5, 801.1000066666667, 328.1299933333334]","[[null, null, ""Gosanimari-I/PS-6"", ""Gosanimari-I/XI"", ""24"", ""6"", ""120"", ""6-SC"", ""6-SCW""], [null, null, null, ""Gosanimari-I/XII"", ""25"", ""6"", ""121"", null, null], [null, null, null, ""Gosanimari-I/XIII"", ""26"", ""6"", ""122"", null, null], [null, null, null, ""Gosanimari-I/XIV"", ""27"", ""6"", ""123"", null, null], [null, null, null, ""Gosanimari-I/XV"", ""28/1"", ""6"", ""124"", null, null], [null, null, null, ""Gosanimari-I/XV"", ""28/2"", ""6"", ""125"", null, null]]",,native_fields_parsed,,
cb0f348dc59b4bc61e5a,West Bengal,Cooch Behar,2018,draft,block_ward_reservation,Matalhat,Matalhat /PS-7,7,7,7-SC,,SC,0,data/wb/gp_source_search/historical_expansion/coochbehar_FormBDHT1_73ad0791.pdf,bc9ff0f153074cadd6d02b2f73f4bdd0f4d84c2c4bfbece64cda23dcc82d5b2b,3,1,4,"[50.88399999999999, 14.5, 801.1000066666667, 400.7300033333334]","[[""t\na\nh\nla\nt\na\nM"", ""3"", ""Matalhat /PS-7"", ""Matalhat /I"", ""30/1"", ""6"", ""127"", ""7-SC"", """"], [null, null, null, ""Matalhat /I"", ""30/2"", ""6"", ""128"", null, null], [null, null, null, ""Matalhat /II"", ""31"", ""6"", ""129"", null, null], [null, null, null, ""Matalhat /III"", ""32"", ""6"", ""130"", null, null], [null, null, null, ""Matalhat /XV"", ""44"", ""6"", ""144"", null, null], [null, null, null, ""Matalhat /XVI"", ""45"", ""6"", ""145"", null, null], [null, null, null, ""Matalhat /XVII"", ""46/1"", ""6"", ""146"", null, null], [null, null, null, ""Matalhat /XVII"", ""46/2"", ""6"", ""147"", null, null], [null, null, null, ""Matalhat /XVIII"", ""47"", ""6"", ""148"", null, null]]",,native_fields_parsed,,
6ddf3343648a1e3b22f9,West Bengal,Cooch Behar,2018,draft,block_ward_reservation,Matalhat,Matalhat /PS-8,8,8,8-SC,8-SCW,SC,1,data/wb/gp_source_search/historical_expansion/coochbehar_FormBDHT1_73ad0791.pdf,bc9ff0f153074cadd6d02b2f73f4bdd0f4d84c2c4bfbece64cda23dcc82d5b2b,3,1,13,"[50.88399999999999, 14.5, 801.1000066666667, 400.7300033333334]","[[null, null, ""Matalhat /PS-8"", ""Matalhat /IV"", ""33"", ""6"", ""131"", ""8-SC"", ""8-SCW""], [null, null, null, ""Matalhat /V"", ""34"", ""6"", ""132"", null, null], [null, null, null, ""Matalhat /VI"", ""35"", ""6"", ""133"", null, null], [null, null, null, ""Matalhat /VII"", ""36/1"", ""6"", ""134"", null, null], [null, null, null, ""Matalhat /VII"", ""36/2"", ""6"", ""135"", null, null], [null, null, null, ""Matalhat /VIII"", ""37"", ""6"", ""136"", null, null]]",,native_fields_parsed,,
03580215e66ca93b36ea,West Bengal,Cooch Behar,2018,draft,block_ward_reservation,Matalhat,Matalhat /PS-9,9,9,9-SC,,SC,0,data/wb/gp_source_search/historical_expansion/coochbehar_FormBDHT1_73ad0791.pdf,bc9ff0f153074cadd6d02b2f73f4bdd0f4d84c2c4bfbece64cda23dcc82d5b2b,3,1,19,"[50.88399999999999, 14.5, 801.1000066666667, 400.7300033333334]","[[null, null, ""Matalhat /PS-9"", ""Matalhat /IX"", ""38"", ""6"", ""137"", ""9-SC"", """"], [null, null, null, ""Matalhat /X"", ""39"", ""6"", ""138"", null, null], [null, null, null, ""Matalhat /XI"", ""40"", ""6"", ""139"", null, null], [null, null, null, ""Matalhat /XII"", ""41"", ""6"", ""140"", null, null], [null, null, null, ""Matalhat /XIII"", ""42/1"", ""6"", ""141"", null, null], [null, null, null, ""Matalhat /XIII"", ""42/2"", ""6"", ""142"", null, null], [null, null, null, ""Matalhat /XIV"", ""43"", ""6"", ""143"", null, null]]",,native_fields_parsed,,
fcd699b43a59c7c507a6,West Bengal,Cooch Behar,2018,draft,block_ward_reservation,Bhetaguri-II,Bhetaguri-II/PS-10,10,10,,10-W,UR,1,data/wb/gp_source_search/historical_expansion/coochbehar_FormBDHT1_73ad0791.pdf,bc9ff0f153074cadd6d02b2f73f4bdd0f4d84c2c4bfbece64cda23dcc82d5b2b,4,1,4,"[50.88399999999999, 14.5, 801.1000066666667, 444.32000333333343]","[[""I\nI\n-\nir\nu\ng\na\nt\ne\nh\nB"", ""3"", ""Bhetaguri-II/PS-10"", ""Bhetaguri-II/I"", ""48"", ""6"", ""149"", """", ""10-W""], [null, null, null, ""Bhetaguri-II/II"", ""49"", ""6"", ""150"", null, null], [null, null, null, ""Bhetaguri-II/III"", ""50"", ""6"", ""151"", null, null], [null, null, null, ""Bhetaguri-II/IV"", ""51"", ""6"", ""152"", null, null], [null, null, null, ""Bhetaguri-II/V"", ""52"", ""6"", ""153"", null, null]]",,native_fields_parsed,,
be2e23d3d87add8daafc,West Bengal,Cooch Behar,2018,draft,block_ward_reservation,Bhetaguri-II,Bhetaguri-II/PS-11,11,11,11-SC,11-SCW,SC,1,data/wb/gp_source_search/historical_expansion/coochbehar_FormBDHT1_73ad0791.pdf,bc9ff0f153074cadd6d02b2f73f4bdd0f4d84c2c4bfbece64cda23dcc82d5b2b,4,1,9,"[50.88399999999999, 14.5, 801.1000066666667, 444.32000333333343]","[[null, null, ""Bhetaguri-II/PS-11"", ""Bhetaguri-II/VI"", ""53/1"", ""6"", ""154"", ""11-SC"", ""11-SCW""], [null, null, null, ""Bhetaguri-II/VI"", ""53/2"", ""6"", ""155"", null, null], [null, null, null, ""Bhetaguri-II/VII"", ""54"", ""6"", ""156"", null, null], [null, null, null, ""Bhetaguri-II/VIII"", ""55"", ""6"", ""157"", null, null], [null, null, null, ""Bhetaguri-II/IX"", ""56"", ""6"", ""158"", null, null], [null, null, null, ""Bhetaguri-II/X"", ""57"", ""6"", ""159"", null, null]]",,native_fields_parsed,,
c405d2829c14a63167f6,West Bengal,Cooch Behar,2018,draft,block_ward_reservation,Bhetaguri-II,Bhetaguri-II/PS-12,12,12,12-SC,,SC,0,data/wb/gp_source_search/historical_expansion/coochbehar_FormBDHT1_73ad0791.pdf,bc9ff0f153074cadd6d02b2f73f4bdd0f4d84c2c4bfbece64cda23dcc82d5b2b,4,1,15,"[50.88399999999999, 14.5, 801.1000066666667, 444.32000333333343]","[[null, null, ""Bhetaguri-II/PS-12"", ""Bhetaguri-II/XI"", ""58"", ""6"", ""160"", ""12-SC"", """"], [null, null, null, ""Bhetaguri-II/XII"", ""59"", ""6"", ""161"", null, null], [null, null, null, ""Bhetaguri-II/XIII"", ""60"", ""6"", ""162"", null, null], [null, null, null, ""Bhetaguri-II/XIV"", ""61"", ""6"", ""163"", null, null]]",,native_fields_parsed,,
1ed869f8d6b26419ef77,West Bengal,Cooch Behar,2018,draft,block_ward_reservation,Putimari-II,Putimari-II/PS-13,13,13,13-SC,13-SCW,SC,1,data/wb/gp_source_search/historical_expansion/coochbehar_FormBDHT1_73ad0791.pdf,bc9ff0f153074cadd6d02b2f73f4bdd0f4d84c2c4bfbece64cda23dcc82d5b2b,4,1,19,"[50.88399999999999, 14.5, 801.1000066666667, 444.32000333333343]","[[""I\nI\n-\nir\na\nm\nit\nu\nP"", ""2"", ""Putimari-II/PS-13"", ""Putimari-II/I"", ""62/1"", ""6"", ""164"", ""13-SC"", ""13-SCW""], [null, null, null, ""Putimari-II/I"", ""62/2"", ""6"", ""165"", null, null], [null, null, null, ""Putimari-II/II"", ""63"", ""6"", ""166"", null, null], [null, null, null, ""Putimari-II/III"", ""64"", ""6"", ""167"", null, null], [null, null, null, ""Putimari-II/IV"", ""65"", ""6"", ""168"", null, null], [null, null, null, ""Putimari-II/V"", ""66"", ""6"", ""169"", null, null]]",,native_fields_parsed,,
9585d720228cec1c028a,West Bengal,Cooch Behar,2018,draft,block_ward_reservation,Putimari-II,Putimari-II/PS-14,14,14,14-SC,,SC,0,data/wb/gp_source_search/historical_expansion/coochbehar_FormBDHT1_73ad0791.pdf,bc9ff0f153074cadd6d02b2f73f4bdd0f4d84c2c4bfbece64cda23dcc82d5b2b,4,1,25,"[50.88399999999999, 14.5, 801.1000066666667, 444.32000333333343]","[[null, null, ""Putimari-II/PS-14"", ""Putimari-II/VI"", ""67"", ""6"", ""170"", ""14-SC"", """"], [null, null, null, ""Putimari-II/VII"", ""68"", ""6"", ""171"", null, null], [null, null, null, ""Putimari-II/VIII"", ""69"", ""6"", ""172"", null, null], [null, null, null, ""Putimari-II/IX"", ""70"", ""6"", ""173"", null, null]]",,native_fields_parsed,,
31f9824a9499726ac5d3,West Bengal,Cooch Behar,2018,draft,block_ward_reservation,Petla,Petla /PS-15,15,15,,,UR,0,data/wb/gp_source_search/historical_expansion/coochbehar_FormBDHT1_73ad0791.pdf,bc9ff0f153074cadd6d02b2f73f4bdd0f4d84c2c4bfbece64cda23dcc82d5b2b,5,1,4,"[50.88399999999999, 14.5, 801.1000066666667, 415.9699933333334]","[[""a\nlt\ne\nP"", ""3"", ""Petla /PS-15"", ""Petla /I"", ""71"", ""6"", ""174"", """", """"], [null, null, null, ""Petla /II"", ""72"", ""6"", ""175"", null, null], [null, null, null, ""Petla /IV"", ""74/1"", ""6"", ""177"", null, null], [null, null, null, ""Petla /IV"", ""74/2"", ""6"", ""178"", null, null], [null, null, null, ""Petla /V"", ""75/1"", ""6"", ""179"", null, null], [null, null, null, ""Petla /V"", ""75/2"", ""6"", ""180"", null, null], [null, null, null, ""Petla /XIV"", ""84"", ""6"", ""189"", null, null], [null, null, null, ""Petla /XV"", ""85"", ""6"", ""190"", null, null]]",,native_fields_parsed,,
e1843beec9b432d6dbb1,West Bengal,Cooch Behar,2018,draft,block_ward_reservation,Petla,Petla /PS-16,16,16,,16-W,UR,1,data/wb/gp_source_search/historical_expansion/coochbehar_FormBDHT1_73ad0791.pdf,bc9ff0f153074cadd6d02b2f73f4bdd0f4d84c2c4bfbece64cda23dcc82d5b2b,5,1,12,"[50.88399999999999, 14.5, 801.1000066666667, 415.9699933333334]","[[null, null, ""Petla /PS-16"", ""Petla /III"", ""73"", ""6"", ""176"", """", ""16-W""], [null, null, null, ""Petla /VI"", ""76"", ""6"", ""181"", null, null], [null, null, null, ""Petla /VII"", ""77"", ""6"", ""182"", null, null], [null, null, null, ""Petla /XI"", ""81"", ""6"", ""186"", null, null], [null, null, null, ""Petla /XII"", ""82"", ""6"", ""187"", null, null], [null, null, null, ""Petla /XIII"", ""83"", ""6"", ""188"", null, null], [null, null, null, ""Petla /XVII"", ""87"", ""6"", ""192"", null, null], [null, null, null, ""Petla /XVIII"", ""88"", ""6"", ""193"", null, null]]",,native_fields_parsed,,
954cb6a221efe58c0841,West Bengal,Cooch Behar,2018,draft,block_ward_reservation,Petla,Petla /PS-17,17,17,17-SC,17-SCW,SC,1,data/wb/gp_source_search/historical_expansion/coochbehar_FormBDHT1_73ad0791.pdf,bc9ff0f153074cadd6d02b2f73f4bdd0f4d84c2c4bfbece64cda23dcc82d5b2b,5,1,20,"[50.88399999999999, 14.5, 801.1000066666667, 415.9699933333334]","[[null, null, ""Petla /PS-17"", ""Petla /VIII"", ""78"", ""6"", ""183"", ""17-SC"", ""17-SCW""], [null, null, null, ""Petla /IX"", ""79"", ""6"", ""184"", null, null], [null, null, null, ""Petla /X"", ""80"", ""6"", ""185"", null, null], [null, null, null, ""Petla /XVI"", ""86"", ""6"", ""191"", null, null], [null, null, null, ""Petla /XIX"", ""89"", ""6"", ""194"", null, null], [null, null, null, ""Petla /XX"", ""90"", ""6"", ""195"", null, null], [null, null, null, ""Petla /XXI"", ""91"", ""6"", ""196"", null, null]]",,native_fields_parsed,,
a2971b8596f320063ea1,West Bengal,Cooch Behar,2018,draft,block_ward_reservation,Baro Soulmari,Baro Soulmari /PS-18,18,18,,,UR,0,data/wb/gp_source_search/historical_expansion/coochbehar_FormBDHT1_73ad0791.pdf,bc9ff0f153074cadd6d02b2f73f4bdd0f4d84c2c4bfbece64cda23dcc82d5b2b,6,1,4,"[50.88399999999999, 14.5, 801.1000066666667, 487.8800033333334]","[[""ir\na\nm\nlu\no\nS\no\nr\na\nB"", ""3"", ""Baro Soulmari /PS-18"", ""Baro Soulmari /I"", ""92"", ""6"", ""197"", """", """"], [null, null, null, ""Baro Soulmari /II"", ""93"", ""6"", ""198"", null, null], [null, null, null, ""Baro Soulmari /III"", ""94"", ""6"", ""199"", null, null], [null, null, null, ""Baro Soulmari /IV"", ""95"", ""6"", ""200"", null, null], [null, null, null, ""Baro Soulmari /V"", ""96"", ""6"", ""201"", null, null]]",,native_fields_parsed,,
e1fbdbedf13e21b8ad08,West Bengal,Cooch Behar,2018,draft,block_ward_reservation,Baro Soulmari,Baro Soulmari /PS-19,19,19,19-SC,,SC,0,data/wb/gp_source_search/historical_expansion/coochbehar_FormBDHT1_73ad0791.pdf,bc9ff0f153074cadd6d02b2f73f4bdd0f4d84c2c4bfbece64cda23dcc82d5b2b,6,1,9,"[50.88399999999999, 14.5, 801.1000066666667, 487.8800033333334]","[[null, null, ""Baro Soulmari /PS-19"", ""Baro Soulmari /VI"", ""97/1"", ""6"", ""202"", ""19-SC"", """"], [null, null, null, ""Baro Soulmari /VI"", ""97/2"", ""6"", ""203"", null, null], [null, null, null, ""Baro Soulmari /VII"", ""98"", ""6"", ""204"", null, null], [null, null, null, ""Baro Soulmari /VIII"", ""99"", ""6"", ""205"", null, null], [null, null, null, ""Baro Soulmari /IX"", ""100"", ""6"", ""206"", null, null]]",,native_fields_parsed,,
f950d3a27b3b7c0c7243,West Bengal,Cooch Behar,2018,draft,block_ward_reservation,Baro Soulmari,Baro Soulmari /PS-20,20,20,,20-W,UR,1,data/wb/gp_source_search/historical_expansion/coochbehar_FormBDHT1_73ad0791.pdf,bc9ff0f153074cadd6d02b2f73f4bdd0f4d84c2c4bfbece64cda23dcc82d5b2b,6,1,14,"[50.88399999999999, 14.5, 801.1000066666667, 487.8800033333334]","[[null, null, ""Baro Soulmari /PS-20"", ""Baro Soulmari /X"", ""101"", ""6"", ""207"", """", ""20-W""], [null, null, null, ""Baro Soulmari /XI"", ""102"", ""6"", ""208"", null, null], [null, null, null, ""Baro Soulmari /XII"", ""103"", ""6"", ""209"", null, null], [null, null, null, ""Baro Soulmari /XIII"", ""104"", ""6"", ""210"", null, null], [null, null, null, ""Baro Soulmari /XIV"", ""105"", ""6"", ""211"", null, null]]",,native_fields_parsed,,
56f4dd93c2f51e7e23aa,West Bengal,Cooch Behar,2018,draft,block_ward_reservation,Baro Atiabari-II,Baro Atiabari-II/PS-21,21,21,,,UR,0,data/wb/gp_source_search/historical_expansion/coochbehar_FormBDHT1_73ad0791.pdf,bc9ff0f153074cadd6d02b2f73f4bdd0f4d84c2c4bfbece64cda23dcc82d5b2b,6,1,19,"[50.88399999999999, 14.5, 801.1000066666667, 487.8800033333334]","[[""I\nI\n-\nir\na\nb\na\nit\nA\no\nr\na\nB"", ""3"", ""Baro Atiabari-II/PS-21"", ""Baro Atiabari-II/I"", ""106"", ""6"", ""212"", """", """"], [null, null, null, ""Baro Atiabari-II/II"", ""107"", ""6"", ""213"", null, null], [null, null, null, ""Baro Atiabari-II/III"", ""108"", ""6"", ""214"", null, null], [null, null, null, ""Baro Atiabari-II/IV"", ""109"", ""6"", ""215"", null, null], [null, null, null, ""Baro Atiabari-II/V"", ""110"", ""6"", ""216"", null, null]]",,native_fields_parsed,,
7868798ffa5003d8f174,West Bengal,Cooch Behar,2018,draft,block_ward_reservation,Baro Atiabari-II,Baro Atiabari-II/PS-22,22,22,,22-W,UR,1,data/wb/gp_source_search/historical_expansion/coochbehar_FormBDHT1_73ad0791.pdf,bc9ff0f153074cadd6d02b2f73f4bdd0f4d84c2c4bfbece64cda23dcc82d5b2b,6,1,24,"[50.88399999999999, 14.5, 801.1000066666667, 487.8800033333334]","[[null, null, ""Baro Atiabari-II/PS-22"", ""Baro Atiabari-II/VI"", ""111"", ""6"", ""217"", """", ""22-W""], [null, null, null, ""Baro Atiabari-II/VII"", ""112"", ""6"", ""218"", null, null], [null, null, null, ""Baro Atiabari-II/IX"", ""114"", ""6"", ""220"", null, null], [null, null, null, ""Baro Atiabari-II/X"", ""115"", ""6"", ""221"", null, null]]",,native_fields_parsed,,
61f34c3b993988e1d52d,West Bengal,Cooch Behar,2018,draft,block_ward_reservation,Baro Atiabari-II,Baro Atiabari-II/PS-23,23,23,,,UR,0,data/wb/gp_source_search/historical_expansion/coochbehar_FormBDHT1_73ad0791.pdf,bc9ff0f153074cadd6d02b2f73f4bdd0f4d84c2c4bfbece64cda23dcc82d5b2b,6,1,28,"[50.88399999999999, 14.5, 801.1000066666667, 487.8800033333334]","[[null, null, ""Baro Atiabari-II/PS-23"", ""Baro Atiabari-II/VIII"", ""113"", ""6"", ""219"", """", """"], [null, null, null, ""Baro Atiabari-II/XI"", ""116"", ""6"", ""222"", null, null], [null, null, null, ""Baro Atiabari-II/XII"", ""117/1"", ""6"", ""223"", null, null], [null, null, null, ""Baro Atiabari-II/XII"", ""117/2"", ""6"", ""224"", null, null]]",,native_fields_parsed,,
f0dc168105d1e565c29d,West Bengal,Cooch Behar,2018,draft,block_ward_reservation,Baro Atiabari-I,Baro Atiabari-I/PS-24,24,24,24-BC,24-BCW,BC,1,data/wb/gp_source_search/historical_expansion/coochbehar_FormBDHT1_73ad0791.pdf,bc9ff0f153074cadd6d02b2f73f4bdd0f4d84c2c4bfbece64cda23dcc82d5b2b,7,1,4,"[50.88399999999999, 14.5, 801.1000066666667, 270.0299933333334]","[[""I\n-\nir\na\nb\na\nit\nA\no\nr\na\nB"", ""3"", ""Baro Atiabari-I/PS-24"", ""Baro Atiabari-I/I"", ""118"", ""6"", ""225"", ""24-BC"", ""24-BCW""], [null, null, null, ""Baro Atiabari-I/II"", ""119"", ""6"", ""226"", null, null], [null, null, null, ""Baro Atiabari-I/III"", ""120"", ""6"", ""227"", null, null], [null, null, null, ""Baro Atiabari-I/IV"", ""121"", ""6"", ""228"", null, null]]",,native_fields_parsed,,
c6076d081dd8f66da9e2,West Bengal,Cooch Behar,2018,draft,block_ward_reservation,Baro Atiabari-I,Baro Atiabari-I/PS-25,25,25,,25-W,UR,1,data/wb/gp_source_search/historical_expansion/coochbehar_FormBDHT1_73ad0791.pdf,bc9ff0f153074cadd6d02b2f73f4bdd0f4d84c2c4bfbece64cda23dcc82d5b2b,7,1,8,"[50.88399999999999, 14.5, 801.1000066666667, 270.0299933333334]","[[null, null, ""Baro Atiabari-I/PS-25"", ""Baro Atiabari-I/V"", ""122"", ""6"", ""229"", """", ""25-W""], [null, null, null, ""Baro Atiabari-I/VI"", ""123"", ""6"", ""230"", null, null], [null, null, null, ""Baro Atiabari-I/VII"", ""124"", ""6"", ""231"", null, null], [null, null, null, ""Baro Atiabari-I/VIII"", ""125"", ""6"", ""232"", null, null]]",,native_fields_parsed,,
4c1d1aee25ad160c2a30,West Bengal,Cooch Behar,2018,draft,block_ward_reservation,Baro Atiabari-I,Baro Atiabari-I/PS-26,26,26,,26-W,UR,1,data/wb/gp_source_search/historical_expansion/coochbehar_FormBDHT1_73ad0791.pdf,bc9ff0f153074cadd6d02b2f73f4bdd0f4d84c2c4bfbece64cda23dcc82d5b2b,7,1,12,"[50.88399999999999, 14.5, 801.1000066666667, 270.0299933333334]","[[null, null, ""Baro Atiabari-I/PS-26"", ""Baro Atiabari-I/IX"", ""126/1"", ""6"", ""233"", """", ""26-W""], [null, null, null, ""Baro Atiabari-I/IX"", ""126/2"", ""6"", ""234"", null, null], [null, null, null, ""Baro Atiabari-I/X"", ""127"", ""6"", ""235"", null, null], [null, null, null, ""Baro Atiabari-I/XI"", ""128"", ""6"", ""236"", null, null], [null, null, null, ""Baro Atiabari-I/XII"", ""129"", ""6"", ""237"", null, null]]",,native_fields_parsed,,
5392ad628ed5a59ad34f,West Bengal,Cooch Behar,2018,draft,block_ward_reservation,Okrabari,Okrabari / PS-27,27,27,,,UR,0,data/wb/gp_source_search/historical_expansion/coochbehar_FormBDHT1_73ad0791.pdf,bc9ff0f153074cadd6d02b2f73f4bdd0f4d84c2c4bfbece64cda23dcc82d5b2b,8,1,4,"[50.88399999999999, 14.5, 801.1000066666667, 444.32000333333343]","[[""ir\na\nb\na\nr\nk\nO"", ""3"", ""Okrabari / PS-27"", ""Okrabari /I"", ""130"", ""6"", ""238"", """", """"], [null, null, null, ""Okrabari /II"", ""131"", ""6"", ""239"", null, null], [null, null, null, ""Okrabari /III"", ""132"", ""6"", ""240"", null, null], [null, null, null, ""Okrabari /IV"", ""133"", ""6"", ""241"", null, null], [null, null, null, ""Okrabari /V"", ""134/1"", ""6"", ""242"", null, null], [null, null, null, ""Okrabari /V"", ""134/2"", ""6"", ""243"", null, null], [null, null, null, ""Okrabari /VI"", ""135/1"", ""6"", ""244"", null, null], [null, null, null, ""Okrabari /VI"", ""135/2"", ""6"", ""245"", null, null], [null, null, null, ""Okrabari /VII"", ""136"", ""6"", ""246"", null, null]]",,native_fields_parsed,,
f0524236bb89ef30ba73,West Bengal,Cooch Behar,2018,draft,block_ward_reservation,Okrabari,Okrabari / PS-28,28,28,28-BC,,BC,0,data/wb/gp_source_search/historical_expansion/coochbehar_FormBDHT1_73ad0791.pdf,bc9ff0f153074cadd6d02b2f73f4bdd0f4d84c2c4bfbece64cda23dcc82d5b2b,8,1,13,"[50.88399999999999, 14.5, 801.1000066666667, 444.32000333333343]","[[null, null, ""Okrabari / PS-28"", ""Okrabari /VIII"", ""137"", ""6"", ""247"", ""28-BC"", """"], [null, null, null, ""Okrabari /IX"", ""138"", ""6"", ""248"", null, null], [null, null, null, ""Okrabari /X"", ""139"", ""6"", ""249"", null, null], [null, null, null, ""Okrabari /XIII"", ""142"", ""6"", ""252"", null, null], [null, null, null, ""Okrabari /XIV"", ""143"", ""6"", ""253"", null, null], [null, null, null, ""Okrabari /XV"", ""144"", ""6"", ""254"", null, null]]",,native_fields_parsed,,
d4cfec8a6c3d3b4b9803,West Bengal,Cooch Behar,2018,draft,block_ward_reservation,Okrabari,Okrabari / PS-29,29,29,29-BC,29-BCW,BC,1,data/wb/gp_source_search/historical_expansion/coochbehar_FormBDHT1_73ad0791.pdf,bc9ff0f153074cadd6d02b2f73f4bdd0f4d84c2c4bfbece64cda23dcc82d5b2b,8,1,19,"[50.88399999999999, 14.5, 801.1000066666667, 444.32000333333343]","[[null, null, ""Okrabari / PS-29"", ""Okrabari /XI"", ""140"", ""6"", ""250"", ""29-BC"", ""29-BCW""], [null, null, null, ""Okrabari /XII"", ""141"", ""6"", ""251"", null, null], [null, null, null, ""Okrabari /XVI"", ""145"", ""6"", ""255"", null, null], [null, null, null, ""Okrabari /XVII"", ""146/1"", ""6"", ""256"", null, null], [null, null, null, ""Okrabari /XVII"", ""146/2"", ""6"", ""257"", null, null], [null, null, null, ""Okrabari /XVIII"", ""147"", ""6"", ""258"", null, null], [null, null, null, ""Okrabari /XIX"", ""148"", ""6"", ""259"", null, null], [null, null, null, ""Okrabari /XX"", ""149"", ""6"", ""260"", null, null], [null, null, null, ""Okrabari /XXI"", ""150"", ""6"", ""261"", null, null], [null, null, null, ""Okrabari /XXII"", ""151"", ""6"", ""262"", null, null]]",,native_fields_parsed,,
c787a7fe2a18581fee46,West Bengal,Cooch Behar,2018,draft,block_ward_reservation,Gitaldaha-II,Gitaldaha-II/PS-30,30,30,30-SC,,SC,0,data/wb/gp_source_search/historical_expansion/coochbehar_FormBDHT1_73ad0791.pdf,bc9ff0f153074cadd6d02b2f73f4bdd0f4d84c2c4bfbece64cda23dcc82d5b2b,9,1,4,"[50.88399999999999, 14.5, 801.1000066666667, 429.79999333333336]","[[""I\nI\n-\na\nh\na\nd\nla\nt\niG"", ""2"", ""Gitaldaha-II/PS-30"", ""Gitaldaha-II/I"", ""152"", ""6"", ""263"", ""30-SC"", """"], [null, null, null, ""Gitaldaha-II/II"", ""153/1"", ""6"", ""264"", null, null], [null, null, null, ""Gitaldaha-II/II"", ""153/2"", ""6"", ""265"", null, null], [null, null, null, ""Gitaldaha-II/III"", ""154"", ""6"", ""266"", null, null], [null, null, null, ""Gitaldaha-II/IV"", ""155"", ""6"", ""267"", null, null]]",,native_fields_parsed,,
88284b1d3c7e32658b0c,West Bengal,Cooch Behar,2018,draft,block_ward_reservation,Gitaldaha-II,Gitaldaha-II/PS-31,31,31,31-SC,31-SCW,SC,1,data/wb/gp_source_search/historical_expansion/coochbehar_FormBDHT1_73ad0791.pdf,bc9ff0f153074cadd6d02b2f73f4bdd0f4d84c2c4bfbece64cda23dcc82d5b2b,9,1,9,"[50.88399999999999, 14.5, 801.1000066666667, 429.79999333333336]","[[null, null, ""Gitaldaha-II/PS-31"", ""Gitaldaha-II/V"", ""156"", ""6"", ""268"", ""31-SC"", ""31-SCW""], [null, null, null, ""Gitaldaha-II/VI"", ""157"", ""6"", ""269"", null, null], [null, null, null, ""Gitaldaha-II/VII"", ""158"", ""6"", ""270"", null, null], [null, null, null, ""Gitaldaha-II/VIII"", ""159"", ""6"", ""271"", null, null], [null, null, null, ""Gitaldaha-II/IX"", ""160"", ""6"", ""272"", null, null], [null, null, null, ""Gitaldaha-II/X"", ""161"", ""6"", ""273"", null, null]]",,native_fields_parsed,,
c7f5fb0b6df760e2524b,West Bengal,Cooch Behar,2018,draft,block_ward_reservation,Gitaldaha-I,Gitaldaha-I/PS-32,32,32,,,UR,0,data/wb/gp_source_search/historical_expansion/coochbehar_FormBDHT1_73ad0791.pdf,bc9ff0f153074cadd6d02b2f73f4bdd0f4d84c2c4bfbece64cda23dcc82d5b2b,9,1,15,"[50.88399999999999, 14.5, 801.1000066666667, 429.79999333333336]","[[""I\n-\na\nh\na\nd\nla\nt\niG"", ""3"", ""Gitaldaha-I/PS-32"", ""Gitaldaha-I/I"", ""162"", ""6"", ""274"", """", """"], [null, null, null, ""Gitaldaha-I/II"", ""163"", ""6"", ""275"", null, null], [null, null, null, ""Gitaldaha-I/III"", ""164"", ""6"", ""276"", null, null], [null, null, null, ""Gitaldaha-I/IV"", ""165"", ""6"", ""277"", null, null]]",,native_fields_parsed,,
4a186e330282845c6533,West Bengal,Cooch Behar,2018,draft,block_ward_reservation,Gitaldaha-I,Gitaldaha-I/PS-33,33,33,,,UR,0,data/wb/gp_source_search/historical_expansion/coochbehar_FormBDHT1_73ad0791.pdf,bc9ff0f153074cadd6d02b2f73f4bdd0f4d84c2c4bfbece64cda23dcc82d5b2b,9,1,19,"[50.88399999999999, 14.5, 801.1000066666667, 429.79999333333336]","[[null, null, ""Gitaldaha-I/PS-33"", ""Gitaldaha-I/V"", ""166"", ""6"", ""278"", """", """"], [null, null, null, ""Gitaldaha-I/VI"", ""167"", ""6"", ""279"", null, null], [null, null, null, ""Gitaldaha-I/VII"", ""168"", ""6"", ""280"", null, null], [null, null, null, ""Gitaldaha-I/VIII"", ""169"", ""6"", ""281"", null, null]]",,native_fields_parsed,,
e5cc768fc6c0460174e6,West Bengal,Cooch Behar,2018,draft,block_ward_reservation,Gitaldaha-I,Gitaldaha-I/PS-34,34,34,,,UR,0,data/wb/gp_source_search/historical_expansion/coochbehar_FormBDHT1_73ad0791.pdf,bc9ff0f153074cadd6d02b2f73f4bdd0f4d84c2c4bfbece64cda23dcc82d5b2b,9,1,23,"[50.88399999999999, 14.5, 801.1000066666667, 429.79999333333336]","[[null, null, ""Gitaldaha-I/PS-34"", ""Gitaldaha-I/IX"", ""170"", ""6"", ""282"", """", """"], [null, null, null, ""Gitaldaha-I/X"", ""171/1"", ""6"", ""283"", null, null], [null, null, null, ""Gitaldaha-I/X"", ""171/2"", ""6"", ""284"", null, null], [null, null, null, ""Gitaldaha-I/XI"", ""172/1"", ""6"", ""285"", null, null], [null, null, null, ""Gitaldaha-I/XI"", ""172/2"", ""6"", ""286"", null, null]]",,native_fields_parsed,,
67edb4de33d935fdcd18,West Bengal,Cooch Behar,2018,draft,block_ward_reservation,Bhetaguri-I,Bhetaguri-I/PS-35,35,35,35-SC,,SC,0,data/wb/gp_source_search/historical_expansion/coochbehar_FormBDHT1_73ad0791.pdf,bc9ff0f153074cadd6d02b2f73f4bdd0f4d84c2c4bfbece64cda23dcc82d5b2b,10,1,4,"[50.88399999999999, 14.5, 801.1000066666667, 502.39600333333334]","[[""I\n-\nir\nu\ng\na\nt\ne\nh\nB"", ""2"", ""Bhetaguri-I/PS-35"", ""Bhetaguri-I/I"", ""173"", ""7"", ""222"", ""35-SC"", """"], [null, null, null, ""Bhetaguri-I/II"", ""174"", ""7"", ""223"", null, null], [null, null, null, ""Bhetaguri-I/III"", ""175"", ""7"", ""224"", null, null], [null, null, null, ""Bhetaguri-I/IV"", ""176"", ""7"", ""225"", null, null], [null, null, null, ""Bhetaguri-I/V"", ""177/1"", ""7"", ""226"", null, null], [null, null, null, ""Bhetaguri-I/V"", ""177/2"", ""7"", ""227"", null, null]]",,native_fields_parsed,,
4b472380e1a6ff90f8c5,West Bengal,Cooch Behar,2018,draft,block_ward_reservation,Bhetaguri-I,Bhetaguri-I/PS-36,36,36,,,UR,0,data/wb/gp_source_search/historical_expansion/coochbehar_FormBDHT1_73ad0791.pdf,bc9ff0f153074cadd6d02b2f73f4bdd0f4d84c2c4bfbece64cda23dcc82d5b2b,10,1,10,"[50.88399999999999, 14.5, 801.1000066666667, 502.39600333333334]","[[null, null, ""Bhetaguri-I/PS-36"", ""Bhetaguri-I/VI"", ""178"", ""7"", ""228"", """", """"], [null, null, null, ""Bhetaguri-I/VII"", ""179"", ""7"", ""229"", null, null], [null, null, null, ""Bhetaguri-I/VIII"", ""180/1"", ""7"", ""230"", null, null], [null, null, null, ""Bhetaguri-I/VIII"", ""180/2"", ""7"", ""231"", null, null], [null, null, null, ""Bhetaguri-I/IX"", ""181"", ""7"", ""232"", null, null], [null, null, null, ""Bhetaguri-I/X"", ""182"", ""7"", ""233"", null, null]]",,native_fields_parsed,,
189fdf4bfaeabdadf593,West Bengal,Cooch Behar,2018,draft,block_ward_reservation,Putimari-I,Putimari-I/PS-37,37,37,,37-W,UR,1,data/wb/gp_source_search/historical_expansion/coochbehar_FormBDHT1_73ad0791.pdf,bc9ff0f153074cadd6d02b2f73f4bdd0f4d84c2c4bfbece64cda23dcc82d5b2b,10,1,16,"[50.88399999999999, 14.5, 801.1000066666667, 502.39600333333334]","[[""I\n-\nir\na\nm\nit\nu\nP"", ""3"", ""Putimari-I/PS-37"", ""Putimari-I/I"", ""183"", ""7"", ""234"", """", ""37-W""], [null, null, null, ""Putimari-I/II"", ""184"", ""7"", ""235"", null, null], [null, null, null, ""Putimari-I/VII"", ""189"", ""7"", ""241"", null, null], [null, null, null, ""Putimari-I/VIII"", ""190"", ""7"", ""242"", null, null], [null, null, null, ""Putimari-I/IX"", ""191/1"", ""7"", ""243"", null, null], [null, null, null, ""Putimari-I/IX"", ""191/2"", ""7"", ""244"", null, null]]",,native_fields_parsed,,
80ce4fe0830cfa76578a,West Bengal,Cooch Behar,2018,draft,block_ward_reservation,Putimari-I,Putimari-I/PS-38,38,38,38-SC,38-SCW,SC,1,data/wb/gp_source_search/historical_expansion/coochbehar_FormBDHT1_73ad0791.pdf,bc9ff0f153074cadd6d02b2f73f4bdd0f4d84c2c4bfbece64cda23dcc82d5b2b,10,1,22,"[50.88399999999999, 14.5, 801.1000066666667, 502.39600333333334]","[[null, null, ""Putimari-I/PS-38"", ""Putimari-I/III"", ""185/1"", ""7"", ""236"", ""38-SC"", ""38-SCW""], [null, null, null, ""Putimari-I/III"", ""185/2"", ""7"", ""237"", null, null], [null, null, null, ""Putimari-I/XII"", ""194"", ""7"", ""247"", null, null], [null, null, null, ""Putimari-I/XIII"", ""195"", ""7"", ""248"", null, null], [null, null, null, ""Putimari-I/XIV"", ""196"", ""7"", ""249"", null, null], [null, null, null, ""Putimari-I/XV"", ""197"", ""7"", ""250"", null, null]]",,native_fields_parsed,,
e813a8c500a198fee2f9,West Bengal,Cooch Behar,2018,draft,block_ward_reservation,Putimari-I,Putimari-I/PS-39,39,39,,,UR,0,data/wb/gp_source_search/historical_expansion/coochbehar_FormBDHT1_73ad0791.pdf,bc9ff0f153074cadd6d02b2f73f4bdd0f4d84c2c4bfbece64cda23dcc82d5b2b,10,1,28,"[50.88399999999999, 14.5, 801.1000066666667, 502.39600333333334]","[[null, null, ""Putimari-I/PS-39"", ""Putimari-I/IV"", ""186"", ""7"", ""238"", """", """"], [null, null, null, ""Putimari-I/V"", ""187"", ""7"", ""239"", null, null], [null, null, null, ""Putimari-I/VI"", ""188"", ""7"", ""240"", null, null], [null, null, null, ""Putimari-I/X"", ""192"", ""7"", ""245"", null, null], [null, null, null, ""Putimari-I/XI"", ""193"", ""7"", ""246"", null, null]]",,native_fields_parsed,,
70ea1228bc7b19b2b577,West Bengal,Cooch Behar,2018,draft,block_ward_reservation,Dinhata Village-I,Dinhata Village-I/PS-40,40,40,40-SC,,SC,0,data/wb/gp_source_search/historical_expansion/coochbehar_FormBDHT1_73ad0791.pdf,bc9ff0f153074cadd6d02b2f73f4bdd0f4d84c2c4bfbece64cda23dcc82d5b2b,11,1,4,"[50.88399999999999, 14.5, 801.1000066666667, 444.32000333333343]","[[""I\n-\ne\ng\na\nlliV\na\nt\na\nh\nn\niD"", ""2"", ""Dinhata Village-I/PS-40"", ""Dinhata Village -I/I"", ""198"", ""7"", ""251"", ""40-SC"", """"], [null, null, null, ""Dinhata Village -I/II"", ""199"", ""7"", ""252"", null, null], [null, null, null, ""Dinhata Village -I/III"", ""200"", ""7"", ""253"", null, null], [null, null, null, ""Dinhata Village -I/IV"", ""201"", ""7"", ""254"", null, null], [null, null, null, ""Dinhata Village -I/V"", ""202"", ""7"", ""255"", null, null]]",,native_fields_parsed,,
a7f6391b9d7c47dd0546,West Bengal,Cooch Behar,2018,draft,block_ward_reservation,Dinhata Village-I,Dinhata Village-I/PS-41,41,41,,41-W,UR,1,data/wb/gp_source_search/historical_expansion/coochbehar_FormBDHT1_73ad0791.pdf,bc9ff0f153074cadd6d02b2f73f4bdd0f4d84c2c4bfbece64cda23dcc82d5b2b,11,1,9,"[50.88399999999999, 14.5, 801.1000066666667, 444.32000333333343]","[[null, null, ""Dinhata Village-I/PS-41"", ""Dinhata Village -I/VI"", ""203"", ""7"", ""256"", """", ""41-W""], [null, null, null, ""Dinhata Village -I/VII"", ""204"", ""7"", ""257"", null, null], [null, null, null, ""Dinhata Village -I/VIII"", ""205"", ""7"", ""258"", null, null], [null, null, null, ""Dinhata Village -I/IX"", ""206"", ""7"", ""259"", null, null]]",,native_fields_parsed,,
3e35f7d64cb8b76a9d8d,West Bengal,Cooch Behar,2018,draft,block_ward_reservation,Dinhata Village-II,Dinhata Village-II/PS-42,42,42,,,UR,0,data/wb/gp_source_search/historical_expansion/coochbehar_FormBDHT1_73ad0791.pdf,bc9ff0f153074cadd6d02b2f73f4bdd0f4d84c2c4bfbece64cda23dcc82d5b2b,11,1,13,"[50.88399999999999, 14.5, 801.1000066666667, 444.32000333333343]","[[""I\nI\n-\ne\ng\na\nlliV\na\nt\na\nh\nn\niD"", ""3"", ""Dinhata Village-II/PS-42"", ""Dinhata Village -II/I"", ""207"", ""7"", ""260"", """", """"], [null, null, null, ""Dinhata Village -II/II"", ""208"", ""7"", ""261"", null, null], [null, null, null, ""Dinhata Village -II/III"", ""209/1"", ""7"", ""262"", null, null], [null, null, null, ""Dinhata Village -II/III"", ""209/2"", ""7"", ""263"", null, null], [null, null, null, ""Dinhata Village -II/VI"", ""212"", ""7"", ""267"", null, null]]",,native_fields_parsed,,
ae0ba2f7d2b19e48cb3d,West Bengal,Cooch Behar,2018,draft,block_ward_reservation,Dinhata Village-II,Dinhata Village-II/PS-43,43,43,43-SC,43-SCW,SC,1,data/wb/gp_source_search/historical_expansion/coochbehar_FormBDHT1_73ad0791.pdf,bc9ff0f153074cadd6d02b2f73f4bdd0f4d84c2c4bfbece64cda23dcc82d5b2b,11,1,18,"[50.88399999999999, 14.5, 801.1000066666667, 444.32000333333343]","[[null, null, ""Dinhata Village-II/PS-43"", ""Dinhata Village -II/IV"", ""210"", ""7"", ""264"", ""43-SC"", ""43-SCW""], [null, null, null, ""Dinhata Village -II/VII"", ""213"", ""7"", ""268"", null, null], [null, null, null, ""Dinhata Village -II/XI"", ""217"", ""7"", ""272"", null, null], [null, null, null, ""Dinhata Village -II/XII"", ""218"", ""7"", ""273"", null, null], [null, null, null, ""Dinhata Village -II/XIII"", ""219"", ""7"", ""274"", null, null]]",,native_fields_parsed,,
ac6374a79adf79156ec1,West Bengal,Cooch Behar,2018,draft,block_ward_reservation,Dinhata Village-II,Dinhata Village-II/PS-44,44,44,,44-W,UR,1,data/wb/gp_source_search/historical_expansion/coochbehar_FormBDHT1_73ad0791.pdf,bc9ff0f153074cadd6d02b2f73f4bdd0f4d84c2c4bfbece64cda23dcc82d5b2b,11,1,23,"[50.88399999999999, 14.5, 801.1000066666667, 444.32000333333343]","[[null, null, ""Dinhata Village-II/PS-44"", ""Dinhata Village -II/V"", ""211/1"", ""7"", ""265"", """", ""44-W""], [null, null, null, ""Dinhata Village -II/V"", ""211/2"", ""7"", ""266"", null, null], [null, null, null, ""Dinhata Village -II/VIII"", ""214"", ""7"", ""269"", null, null], [null, null, null, ""Dinhata Village -II/IX"", ""215"", ""7"", ""270"", null, null], [null, null, null, ""Dinhata Village -II/X"", ""216"", ""7"", ""271"", null, null], [null, null, null, ""Dinhata Village -II/XIV"", ""220"", ""7"", ""275"", null, null]]",,native_fields_parsed,,
ae6208870b6b2770138f,West Bengal,Cooch Behar,2018,draft,block_ward_reservation,Burirhat-I,Burirhat-I/PS-1,1,1,SC,,SC,0,data/wb/gp_source_search/historical_expansion/coochbehar_FormBDHT2_12a8d5c9.pdf,474d41a821254f4c61c48dc3d4bb482f4f6834011d44e5818531f95c4303013c,1,1,6,"[48.596000000000004, 74.13999999999999, 789.9933355555555, 493.74399600000004]","[["""", """", ""Burirhat-I/PS-1"", ""I-1,II-2,III-3,IX-9,X-10"", ""1,2,3,4,12,13"", ""SC"", """"]]",,native_fields_parsed,,
1f012b5e216cabfc8d74,West Bengal,Cooch Behar,2018,draft,block_ward_reservation,Burirhat-I,Burirhat-I/PS-2,2,2,SC,W,SC,1,data/wb/gp_source_search/historical_expansion/coochbehar_FormBDHT2_12a8d5c9.pdf,474d41a821254f4c61c48dc3d4bb482f4f6834011d44e5818531f95c4303013c,1,1,7,"[48.596000000000004, 74.13999999999999, 789.9933355555555, 493.74399600000004]","[[""Burirhat-I"", ""2"", ""Burirhat-I/PS-2"", ""IV-4,V-5,VI-6,VII-7,VIII-8"", ""5,6,7,8,9,10,11"", ""SC"", ""W""]]",,native_fields_parsed,,
6d74d6b3e7384084a6e0,West Bengal,Cooch Behar,2018,draft,block_ward_reservation,Nazirhat-I,Nazirhat-I/PS-3,3,3,SC,,SC,0,data/wb/gp_source_search/historical_expansion/coochbehar_FormBDHT2_12a8d5c9.pdf,474d41a821254f4c61c48dc3d4bb482f4f6834011d44e5818531f95c4303013c,1,1,8,"[48.596000000000004, 74.13999999999999, 789.9933355555555, 493.74399600000004]","[[""Nazirhat-I"", ""3"", ""Nazirhat-I/PS-3"", ""I-1,II-2,III-3,IV-4,"", ""14,15,16,17,18"", ""SC"", """"]]",,native_fields_parsed,,
78f2a7120b0c33dff65b,West Bengal,Cooch Behar,2018,draft,block_ward_reservation,Nazirhat-I,Nazirhat-I/PS-4,4,4,,W,UR,1,data/wb/gp_source_search/historical_expansion/coochbehar_FormBDHT2_12a8d5c9.pdf,474d41a821254f4c61c48dc3d4bb482f4f6834011d44e5818531f95c4303013c,1,1,9,"[48.596000000000004, 74.13999999999999, 789.9933355555555, 493.74399600000004]","[[null, null, ""Nazirhat-I/PS-4"", ""V-5,VI-6,VII-7"", ""19,20,21"", """", ""W""]]",,native_fields_parsed,,
7af51cfe760526331587,West Bengal,Cooch Behar,2018,draft,block_ward_reservation,Nazirhat-I,Nazirhat-I/PS-5,5,5,,W,UR,1,data/wb/gp_source_search/historical_expansion/coochbehar_FormBDHT2_12a8d5c9.pdf,474d41a821254f4c61c48dc3d4bb482f4f6834011d44e5818531f95c4303013c,1,1,10,"[48.596000000000004, 74.13999999999999, 789.9933355555555, 493.74399600000004]","[["""", """", ""Nazirhat-I/PS-5"", ""VIII-8,IX-9,X-10,XI-11,XII-12"", ""22,23,24,25,26"", """", ""W""]]",,native_fields_parsed,,
b1bc80d5c3277df2202b,West Bengal,Cooch Behar,2018,draft,block_ward_reservation,Nazirhat-II,Nazirhat-II/PS-6,6,6,SC,W,SC,1,data/wb/gp_source_search/historical_expansion/coochbehar_FormBDHT2_12a8d5c9.pdf,474d41a821254f4c61c48dc3d4bb482f4f6834011d44e5818531f95c4303013c,1,1,11,"[48.596000000000004, 74.13999999999999, 789.9933355555555, 493.74399600000004]","[["""", """", ""Nazirhat-II/PS-6"", ""I-1,II-2,III-3"", ""27,28,29,30"", ""SC"", ""W""]]",,native_fields_parsed,,
4c54687af5f828c1b31c,West Bengal,Cooch Behar,2018,draft,block_ward_reservation,Nazirhat-II,Nazirhat-II/PS-7,7,7,SC,,SC,0,data/wb/gp_source_search/historical_expansion/coochbehar_FormBDHT2_12a8d5c9.pdf,474d41a821254f4c61c48dc3d4bb482f4f6834011d44e5818531f95c4303013c,1,1,12,"[48.596000000000004, 74.13999999999999, 789.9933355555555, 493.74399600000004]","[[""Nazirhat-II"", ""3"", ""Nazirhat-II/PS-7"", ""IV-4,V-5,VI-6,,VII-7,VIII-8,IX-9"", ""31,32,33,34,35,36,37"", ""SC"", """"]]",,native_fields_parsed,,
ded706ed3e1a58e9b746,West Bengal,Cooch Behar,2018,draft,block_ward_reservation,Nazirhat-II,Nazirhat-II/PS-8,8,8,SC,W,SC,1,data/wb/gp_source_search/historical_expansion/coochbehar_FormBDHT2_12a8d5c9.pdf,474d41a821254f4c61c48dc3d4bb482f4f6834011d44e5818531f95c4303013c,1,1,13,"[48.596000000000004, 74.13999999999999, 789.9933355555555, 493.74399600000004]","[[null, null, ""Nazirhat-II/PS-8"", ""X-10,XI-11,XII-12,XIII-13,XIV-14"", ""38,39,40,41,42,43"", ""SC"", ""W""]]",,native_fields_parsed,,
83a6a05bdbe5bb0be97d,West Bengal,Cooch Behar,2018,draft,block_ward_reservation,Burirhat-II,Burirhat-II/PS-9,9,9,SC,,SC,0,data/wb/gp_source_search/historical_expansion/coochbehar_FormBDHT2_12a8d5c9.pdf,474d41a821254f4c61c48dc3d4bb482f4f6834011d44e5818531f95c4303013c,1,1,14,"[48.596000000000004, 74.13999999999999, 789.9933355555555, 493.74399600000004]","[["""", """", ""Burirhat-II/PS-9"", ""I-1,II-2,III-3,IV-4"", ""44,45,46,47,48"", ""SC"", """"]]",,native_fields_parsed,,
0170dad72118bafc8834,West Bengal,Cooch Behar,2018,draft,block_ward_reservation,Burirhat-II,Burirhat-II/PS-10,10,10,SC,W,SC,1,data/wb/gp_source_search/historical_expansion/coochbehar_FormBDHT2_12a8d5c9.pdf,474d41a821254f4c61c48dc3d4bb482f4f6834011d44e5818531f95c4303013c,1,1,15,"[48.596000000000004, 74.13999999999999, 789.9933355555555, 493.74399600000004]","[[""Burirhat-II"", ""3"", ""Burirhat-II/PS-10"", ""V-5,VI-6,VII-7,VIII-8"", ""49,50,51,52"", ""SC"", ""W""]]",,native_fields_parsed,,
36878354fb4854b3aefd,West Bengal,Cooch Behar,2018,draft,block_ward_reservation,Burirhat-II,Burirhat-II/PS-11,11,11,SC,,SC,0,data/wb/gp_source_search/historical_expansion/coochbehar_FormBDHT2_12a8d5c9.pdf,474d41a821254f4c61c48dc3d4bb482f4f6834011d44e5818531f95c4303013c,1,1,16,"[48.596000000000004, 74.13999999999999, 789.9933355555555, 493.74399600000004]","[["""", """", ""Burirhat-II/PS-11"", ""IX-9,X-10,XI-11,XII-12,XIII-13"", ""53,54,55,56,57"", ""SC"", """"]]",,native_fields_parsed,,
ad3baba3161328075e8f,West Bengal,Cooch Behar,2018,draft,block_ward_reservation,Barasakdal,Barasakdal/PS-12,12,12,SC,W,SC,1,data/wb/gp_source_search/historical_expansion/coochbehar_FormBDHT2_12a8d5c9.pdf,474d41a821254f4c61c48dc3d4bb482f4f6834011d44e5818531f95c4303013c,1,1,17,"[48.596000000000004, 74.13999999999999, 789.9933355555555, 493.74399600000004]","[["""", """", ""Barasakdal/PS-12"", ""I-1,II-2,IX-9,XI-11,XII-12,XIII-13,XIV-14"", ""58,59,68,71,72,73,74"", ""SC"", ""W""]]",,native_fields_parsed,,
e6c152aab781624ea04f,West Bengal,Cooch Behar,2018,draft,block_ward_reservation,Barasakdal,Barasakdal/PS-13,13,13,,,UR,0,data/wb/gp_source_search/historical_expansion/coochbehar_FormBDHT2_12a8d5c9.pdf,474d41a821254f4c61c48dc3d4bb482f4f6834011d44e5818531f95c4303013c,1,1,18,"[48.596000000000004, 74.13999999999999, 789.9933355555555, 493.74399600000004]","[[""Barasakdal"", ""3"", ""Barasakdal/PS-13"", ""II-2,IV-4,V-5,VI-6,VII-7,VIII-8"", ""60,61,62,63,64,65,66,67"", """", """"]]",,native_fields_parsed,,
33c36b11cea861bcc7f8,West Bengal,Cooch Behar,2018,draft,block_ward_reservation,Barasakdal,Barasakdal/PS-14,14,14,,W,UR,1,data/wb/gp_source_search/historical_expansion/coochbehar_FormBDHT2_12a8d5c9.pdf,474d41a821254f4c61c48dc3d4bb482f4f6834011d44e5818531f95c4303013c,1,1,19,"[48.596000000000004, 74.13999999999999, 789.9933355555555, 493.74399600000004]","[["""", """", ""Barasakdal/PS-14"", ""X-10,XV-15,XVI-16,XVII-17,XVIII-18"", ""69,70,75,76,77,78,79"", """", ""W""]]",,native_fields_parsed,,
dd9324e5002d31323cad,West Bengal,Cooch Behar,2018,draft,block_ward_reservation,Sahebganj,Sahebganj/PS-15,15,15,,,UR,0,data/wb/gp_source_search/historical_expansion/coochbehar_FormBDHT2_12a8d5c9.pdf,474d41a821254f4c61c48dc3d4bb482f4f6834011d44e5818531f95c4303013c,2,1,4,"[48.57458823529412, 12.340000000000032, 789.9685742857143, 432.0250025]","[["""", """", ""Sahebganj/PS-15"", ""I-1,VIII-8,IX-9,X-10,XII-12"", ""80,81,90,91,92,95"", """", """"]]",,native_fields_parsed,,
be4868779875d810fb5d,West Bengal,Cooch Behar,2018,draft,block_ward_reservation,Sahebganj,Sahebganj/PS-16,16,16,,W,UR,1,data/wb/gp_source_search/historical_expansion/coochbehar_FormBDHT2_12a8d5c9.pdf,474d41a821254f4c61c48dc3d4bb482f4f6834011d44e5818531f95c4303013c,2,1,5,"[48.57458823529412, 12.340000000000032, 789.9685742857143, 432.0250025]","[[""Sahebganj"", ""3"", ""Sahebganj/PS-16"", ""II-2,III-3,IV-4,V-5,VI-6,VII-7"", ""83,84,85,86,87,88,89"", """", ""W""]]",,native_fields_parsed,,
46d125feb8e022a59a5c,West Bengal,Cooch Behar,2018,draft,block_ward_reservation,Sahebganj,Sahebganj/PS-17,17,17,,,UR,0,data/wb/gp_source_search/historical_expansion/coochbehar_FormBDHT2_12a8d5c9.pdf,474d41a821254f4c61c48dc3d4bb482f4f6834011d44e5818531f95c4303013c,2,1,6,"[48.57458823529412, 12.340000000000032, 789.9685742857143, 432.0250025]","[[null, null, ""Sahebganj/PS-17"", ""XI-11,XIII-13,XIV-14,XV-15,XVI-16,XVII-17"", ""93,94,96,97,98,99,100"", """", """"]]",,native_fields_parsed,,
43a67b58223d27a33ba7,West Bengal,Cooch Behar,2018,draft,block_ward_reservation,Bamanhat-II,Bamanhat-II/PS-18,18,18,SC,,SC,0,data/wb/gp_source_search/historical_expansion/coochbehar_FormBDHT2_12a8d5c9.pdf,474d41a821254f4c61c48dc3d4bb482f4f6834011d44e5818531f95c4303013c,2,1,7,"[48.57458823529412, 12.340000000000032, 789.9685742857143, 432.0250025]","[["""", """", ""Bamanhat-II/PS-18"", ""I-1,II-2,V-5,VIII-8"", ""101,102,105,109"", ""SC"", """"]]",,native_fields_parsed,,
c9cb91d79b0d1306409d,West Bengal,Cooch Behar,2018,draft,block_ward_reservation,Bamanhat-II,Bamanhat-II/PS-19,19,19,,W,UR,1,data/wb/gp_source_search/historical_expansion/coochbehar_FormBDHT2_12a8d5c9.pdf,474d41a821254f4c61c48dc3d4bb482f4f6834011d44e5818531f95c4303013c,2,1,8,"[48.57458823529412, 12.340000000000032, 789.9685742857143, 432.0250025]","[[""Bamanhat-II"", ""3"", ""Bamanhat-II/PS-19"", ""III-3,IV-4,VI-6,VII-7"", ""103,104,106,107,108"", """", ""W""]]",,native_fields_parsed,,
cbaa37ffe68406df6d6d,West Bengal,Cooch Behar,2018,draft,block_ward_reservation,Bamanhat-II,Bamanhat-II/PS-20,20,20,,,UR,0,data/wb/gp_source_search/historical_expansion/coochbehar_FormBDHT2_12a8d5c9.pdf,474d41a821254f4c61c48dc3d4bb482f4f6834011d44e5818531f95c4303013c,2,1,9,"[48.57458823529412, 12.340000000000032, 789.9685742857143, 432.0250025]","[["""", """", ""Bamanhat-II/PS-20"", ""IX-9,X-10,XI-11"", ""110,111,112,113,"", """", """"]]",,native_fields_parsed,,
7b66bb5ea5a3e32b9de7,West Bengal,Cooch Behar,2018,draft,block_ward_reservation,Bamanhat-I,Bamanhat-I/PS-21,21,21,SC,W,SC,1,data/wb/gp_source_search/historical_expansion/coochbehar_FormBDHT2_12a8d5c9.pdf,474d41a821254f4c61c48dc3d4bb482f4f6834011d44e5818531f95c4303013c,2,1,10,"[48.57458823529412, 12.340000000000032, 789.9685742857143, 432.0250025]","[[""Bamanhat-I"", ""3"", ""Bamanhat-I/PS-21"", ""II-2,III-3,IV-4,V-5"", ""115,116,117,118,119"", ""SC"", ""W""]]",,native_fields_parsed,,
efbecd7a959eedfdf11d,West Bengal,Cooch Behar,2018,draft,block_ward_reservation,Bamanhat-I,Bamanhat-I/PS-22,22,22,,W,UR,1,data/wb/gp_source_search/historical_expansion/coochbehar_FormBDHT2_12a8d5c9.pdf,474d41a821254f4c61c48dc3d4bb482f4f6834011d44e5818531f95c4303013c,2,1,11,"[48.57458823529412, 12.340000000000032, 789.9685742857143, 432.0250025]","[[null, null, ""Bamanhat-I/PS-22"", ""VI-6,VII-7,VIII-8,XII-12"", ""120,121,122,126,129,130"", """", ""W""]]",,native_fields_parsed,,
5dcaecb4e010a2c7e882,West Bengal,Cooch Behar,2018,draft,block_ward_reservation,Bamanhat-I,Bamanhat-I/PS-23,23,23,SC,,SC,0,data/wb/gp_source_search/historical_expansion/coochbehar_FormBDHT2_12a8d5c9.pdf,474d41a821254f4c61c48dc3d4bb482f4f6834011d44e5818531f95c4303013c,2,1,12,"[48.57458823529412, 12.340000000000032, 789.9685742857143, 432.0250025]","[[null, null, ""Bamanhat-I/PS-23"", ""I-1,IX-9,X-10,XI-11,XIII-13"", ""114,123,124,125,127,128"", ""SC"", """"]]",,native_fields_parsed,,
94c704b7e7663547c5df,West Bengal,Cooch Behar,2018,draft,block_ward_reservation,K'Dasgram,K'Dasgram/PS-24,24,24,,,UR,0,data/wb/gp_source_search/historical_expansion/coochbehar_FormBDHT2_12a8d5c9.pdf,474d41a821254f4c61c48dc3d4bb482f4f6834011d44e5818531f95c4303013c,2,1,13,"[48.57458823529412, 12.340000000000032, 789.9685742857143, 432.0250025]","[["""", """", ""K'Dasgram/PS-24"", ""I-1,II-2,III-3,IV-4,VIII-8,IX-9"", ""131,132,133,134,135,140,141"", """", """"]]",,native_fields_parsed,,
7eb3a4194da18182fc57,West Bengal,Cooch Behar,2018,draft,block_ward_reservation,K'Dasgram,K'Dasgram/PS-25,25,25,SC,W,SC,1,data/wb/gp_source_search/historical_expansion/coochbehar_FormBDHT2_12a8d5c9.pdf,474d41a821254f4c61c48dc3d4bb482f4f6834011d44e5818531f95c4303013c,2,1,14,"[48.57458823529412, 12.340000000000032, 789.9685742857143, 432.0250025]","[[""K'Dasgram"", ""3"", ""K'Dasgram/PS-25"", ""V-5,VI-6,X-10,XI-11,XIV-14"", ""136,137,142,143,146"", ""SC"", ""W""]]",,native_fields_parsed,,
dd4a0bc87bc45e1de67f,West Bengal,Cooch Behar,2018,draft,block_ward_reservation,K'Dasgram,K'Dasgram/PS-26,26,26,,,UR,0,data/wb/gp_source_search/historical_expansion/coochbehar_FormBDHT2_12a8d5c9.pdf,474d41a821254f4c61c48dc3d4bb482f4f6834011d44e5818531f95c4303013c,2,1,15,"[48.57458823529412, 12.340000000000032, 789.9685742857143, 432.0250025]","[[null, null, ""K'Dasgram/PS-26"", ""VII-7, VII-7, XII-12,XIII-13,XV-15,XVI-16"", ""138,139,144,145,147,148"", """", """"]]",,native_fields_parsed,,
13853ed89ef20bc80ce8,West Bengal,Cooch Behar,2018,draft,block_ward_reservation,G'Nayerhat,G'Nayerhat/PS-27,27,27,,,UR,0,data/wb/gp_source_search/historical_expansion/coochbehar_FormBDHT2_12a8d5c9.pdf,474d41a821254f4c61c48dc3d4bb482f4f6834011d44e5818531f95c4303013c,2,1,16,"[48.57458823529412, 12.340000000000032, 789.9685742857143, 432.0250025]","[["""", """", ""G'Nayerhat/PS-27"", ""I-1,II-2,III-3,IV-4,V-5,XIX-19, XX-20,XXI-21,XXII-22"", ""149,150,151,152,153,170,\n171,172,173,174"", """", """"]]",,native_fields_parsed,,
b8b850e41caa4cc38731,West Bengal,Cooch Behar,2018,draft,block_ward_reservation,G'Nayerhat,G'Nayerhat/PS-28,28,28,SC,,SC,0,data/wb/gp_source_search/historical_expansion/coochbehar_FormBDHT2_12a8d5c9.pdf,474d41a821254f4c61c48dc3d4bb482f4f6834011d44e5818531f95c4303013c,2,1,17,"[48.57458823529412, 12.340000000000032, 789.9685742857143, 432.0250025]","[[""G'Nayerhat"", ""3"", ""G'Nayerhat/PS-28"", ""VI-6, VII-7,VIII-8,IX-9,X-10,XIII-13,XIV-14"", ""154,155,156,157,158,\n159,162,163,164"", ""SC"", """"]]",,native_fields_parsed,,
beedc12066903dd88af1,West Bengal,Cooch Behar,2018,draft,block_ward_reservation,G'Nayerhat,G'Nayerhat/PS-29,29,29,,W,UR,1,data/wb/gp_source_search/historical_expansion/coochbehar_FormBDHT2_12a8d5c9.pdf,474d41a821254f4c61c48dc3d4bb482f4f6834011d44e5818531f95c4303013c,2,1,18,"[48.57458823529412, 12.340000000000032, 789.9685742857143, 432.0250025]","[["""", """", ""G'Nayerhat/PS-29"", ""XI-11,XII-12,XV-15,XVI-16, XVII-17, XVIII-18,XXIII-\n23"", ""160,161,165,166,167,168,175"", """", ""W""]]",,native_fields_parsed,,
5447af6e1ebaea5f08d3,West Bengal,Cooch Behar,2018,draft,block_ward_reservation,Chowdhurihat,Chowdhurihat/PS-30,30,30,,,UR,0,data/wb/gp_source_search/historical_expansion/coochbehar_FormBDHT2_12a8d5c9.pdf,474d41a821254f4c61c48dc3d4bb482f4f6834011d44e5818531f95c4303013c,2,1,19,"[48.57458823529412, 12.340000000000032, 789.9685742857143, 432.0250025]","[["""", """", ""Chowdhurihat/PS-30"", ""I-1,II-2,XII-12,XIII-13,XIV-14,XVI-16, XVII-17"", ""176,178,188,189,190,191,194,195"", """", """"]]",,native_fields_parsed,,
c85de9a9e708e399e03b,West Bengal,Cooch Behar,2018,draft,block_ward_reservation,Chowdhurihat,Chowdhurihat/PS-31,31,31,,W,UR,1,data/wb/gp_source_search/historical_expansion/coochbehar_FormBDHT2_12a8d5c9.pdf,474d41a821254f4c61c48dc3d4bb482f4f6834011d44e5818531f95c4303013c,2,1,20,"[48.57458823529412, 12.340000000000032, 789.9685742857143, 432.0250025]","[[""Chowdhurihat"", ""3"", ""Chowdhurihat/PS-31"", ""III-3, IV-4,V-5,VI-6,IX-9,X-10,XI-11"", ""178,179,180,181,184,185,186,188"", """", ""W""]]",,native_fields_parsed,,
69867a324781588d94c6,West Bengal,Cooch Behar,2018,draft,block_ward_reservation,Chowdhurihat,Chowdhurihat/PS-32,32,32,,,UR,0,data/wb/gp_source_search/historical_expansion/coochbehar_FormBDHT2_12a8d5c9.pdf,474d41a821254f4c61c48dc3d4bb482f4f6834011d44e5818531f95c4303013c,2,1,21,"[48.57458823529412, 12.340000000000032, 789.9685742857143, 432.0250025]","[[null, null, ""Chowdhurihat/PS-32"", ""VII-7,VIII-8,XV-15, XVIII-18,XIX-19, XX-20, XXI-21"", ""182,183,192,193,196,197,\n198,199,200"", """", """"]]",,native_fields_parsed,,
d7eb758ec2c27f97083a,West Bengal,Cooch Behar,2018,draft,block_ward_reservation,Sukarurkuthi,Sukarurkuthi/PS-33,33,33,,W,UR,1,data/wb/gp_source_search/historical_expansion/coochbehar_FormBDHT2_12a8d5c9.pdf,474d41a821254f4c61c48dc3d4bb482f4f6834011d44e5818531f95c4303013c,2,1,22,"[48.57458823529412, 12.340000000000032, 789.9685742857143, 432.0250025]","[[""Sukarurkuthi"", ""3"", ""Sukarurkuthi/PS-33"", ""III-3,IV-4,V-5,VI-6,XII-12"", ""203,204,205,206,207,215,216"", """", ""W""]]",,native_fields_parsed,,
2ab475aa38faf7f2119e,West Bengal,Cooch Behar,2018,draft,block_ward_reservation,Sukarurkuthi,Sukarurkuthi/PS-34,34,34,SC,W,SC,1,data/wb/gp_source_search/historical_expansion/coochbehar_FormBDHT2_12a8d5c9.pdf,474d41a821254f4c61c48dc3d4bb482f4f6834011d44e5818531f95c4303013c,2,1,23,"[48.57458823529412, 12.340000000000032, 789.9685742857143, 432.0250025]","[[null, null, ""Sukarurkuthi/PS-34"", ""I-1,II-2,VII-7,VIII-8,IX-9"", ""201,202,208,209,210,211"", ""SC"", ""W""]]",,native_fields_parsed,,
0e80627bcb607600c7fa,West Bengal,Cooch Behar,2018,draft,block_ward_reservation,Sukarurkuthi,Sukarurkuthi/PS-35,35,35,BC,,BC,0,data/wb/gp_source_search/historical_expansion/coochbehar_FormBDHT2_12a8d5c9.pdf,474d41a821254f4c61c48dc3d4bb482f4f6834011d44e5818531f95c4303013c,2,1,24,"[48.57458823529412, 12.340000000000032, 789.9685742857143, 432.0250025]","[["""", """", ""Sukarurkuthi/PS-35"", ""X-10,XI-11,XIII-13,XIV-14,XV-15,XVI-16,XVII-17"", ""213,214,216,218,219,220,221"", ""BC"", """"]]",,native_fields_parsed,,
390324355c0d3353347a,West Bengal,Cooch Behar,2018,draft,block_ward_reservation,BOXIGANJ,BOXIGANJ /PS-1,1,1,1-SC,,SC,0,data/wb/gp_source_search/historical_expansion/coochbehar_FormBHLD_86668c52.pdf,6ef443e83c85ece9eed5c46ac452a90b901e195cb6332c4fe9a86a4a35a72088,2,1,4,"[18.004, 46.78000000000005, 825.525005, 384.55000000000007]","[[""J\nN\nA\nG\nI\nX\nO\nB"", ""3"", ""BOXIGANJ /PS-1"", ""BOXIGANJ /I"", ""1"", ""AC PART NO. 1/97"", ""1-SC"", """"], [null, null, null, ""BOXIGANJ /II"", ""2"", ""AC PART NO. 1/98"", null, null], [null, null, null, ""BOXIGANJ /III"", ""3"", ""AC PART NO. 1/99"", null, null], [null, null, null, ""BOXIGANJ /XI"", ""11"", ""AC PART NO. 1/109"", null, null], [null, null, null, ""BOXIGANJ /XII"", ""12"", ""AC PART NO. 1/110"", null, null]]",,native_fields_parsed,,
94100318ba5f40f7e9dd,West Bengal,Cooch Behar,2018,draft,block_ward_reservation,BOXIGANJ,BOXIGANJ /PS-2,2,2,2-SC,2-W,SC,1,data/wb/gp_source_search/historical_expansion/coochbehar_FormBHLD_86668c52.pdf,6ef443e83c85ece9eed5c46ac452a90b901e195cb6332c4fe9a86a4a35a72088,2,1,9,"[18.004, 46.78000000000005, 825.525005, 384.55000000000007]","[[null, null, ""BOXIGANJ /PS-2"", ""BOXIGANJ /IV"", ""4"", ""AC PART NO. 1/100"", ""2-SC"", ""2-W""], [null, null, null, ""BOXIGANJ /V"", ""5"", ""AC PART NO. 1/101"", null, null], [null, null, null, ""BOXIGANJ /VI"", ""6"", ""AC PART NO. 1/102"", null, null], [null, null, null, ""BOXIGANJ /XIII"", ""13"", ""AC PART NO. 1/111"", null, null]]",,native_fields_parsed,,
b501081e92913603e1f9,West Bengal,Cooch Behar,2018,draft,block_ward_reservation,BOXIGANJ,BOXIGANJ/PS-3,3,3,3-SC,,SC,0,data/wb/gp_source_search/historical_expansion/coochbehar_FormBHLD_86668c52.pdf,6ef443e83c85ece9eed5c46ac452a90b901e195cb6332c4fe9a86a4a35a72088,2,1,13,"[18.004, 46.78000000000005, 825.525005, 384.55000000000007]","[[null, null, ""BOXIGANJ/PS-3"", ""BOXIGANJ /VII"", ""7(1),7(2)"", ""AC PART NO. 1/103"", ""3-SC"", """"], [null, null, null, null, null, ""AC PART NO. 1/104"", null, null], [null, null, null, ""BOXIGANJ /VIII"", ""8"", ""AC PART NO. 1/105"", null, null], [null, null, null, ""BOXIGANJ /IX"", ""9"", ""AC PART NO. 1/106"", null, null], [null, null, null, ""BOXIGANJ /X"", ""10(1),10(2)"", ""AC PART NO. 1/107"", null, null], [null, null, null, null, null, ""AC PART NO. 1/108"", null, null], [null, null, null, null, null, """", null, null]]",,native_fields_parsed,,
d595891f3317a22ac741,West Bengal,Cooch Behar,2018,draft,block_ward_reservation,UTTAR BARA HALDIBARI,UTTAR BARA HALDIBARI/PS-4,4,4,4-SC,4-W,SC,1,data/wb/gp_source_search/historical_expansion/coochbehar_FormBHLD_86668c52.pdf,6ef443e83c85ece9eed5c46ac452a90b901e195cb6332c4fe9a86a4a35a72088,3,1,4,"[18.004, 46.78000000000005, 825.4971485714286, 547.9200000000001]","[[""I\nR\nA\nB\nI\nD\nL\nA\nH\nA\nR\nA\nB\nR\nA\nT\nT\nU"", ""3"", ""UTTAR BARA\nHALDIBARI/PS-4"", ""UBHDB/I"", ""14"", ""AC PART NO. 1/112"", ""4-SC"", ""4-W""], [null, null, null, ""UBHDB/II"", ""15"", ""AC PART NO. 1/113"", null, null], [null, null, null, ""UBHDB/III"", ""16"", ""AC PART NO. 1/114"", null, null], [null, null, null, ""UBHDB/IV"", ""17"", ""AC PART NO. 1/115"", null, null], [null, null, null, ""UBHDB/V"", ""18"", ""AC PART NO. 1/116"", null, null]]",,native_fields_parsed,,
f97732bea72e9a1b2ead,West Bengal,Cooch Behar,2018,draft,block_ward_reservation,UTTAR BARA HALDIBARI,UTTAR BARA HALDIBARI/PS-5,5,5,,,UR,0,data/wb/gp_source_search/historical_expansion/coochbehar_FormBHLD_86668c52.pdf,6ef443e83c85ece9eed5c46ac452a90b901e195cb6332c4fe9a86a4a35a72088,3,1,9,"[18.004, 46.78000000000005, 825.4971485714286, 547.9200000000001]","[[null, null, ""UTTAR BARA\nHALDIBARI/PS-5"", ""UBHDB/VI"", ""19(1),19(2)"", ""AC PART NO. 1/117"", """", """"], [null, null, null, null, null, ""AC PART NO. 1/118"", null, null], [null, null, null, ""UBHDB/IX"", ""22"", ""AC PART NO. 1/121"", null, null], [null, null, null, ""UBHDB/X"", ""23"", ""AC PART NO. 1/122"", null, null], [null, null, null, ""UBHDB/XV"", ""28"", ""AC PART NO. 1/128"", null, null], [null, null, null, ""UBHDB/XVI"", ""29"", ""AC PART NO. 1/129"", null, null]]",,native_fields_parsed,,
f420e93587884abec18b,West Bengal,Cooch Behar,2018,draft,block_ward_reservation,UTTAR BARA HALDIBARI,UTTAR BARA HALDIBARI/PS-6,6,6,,6-W,UR,1,data/wb/gp_source_search/historical_expansion/coochbehar_FormBHLD_86668c52.pdf,6ef443e83c85ece9eed5c46ac452a90b901e195cb6332c4fe9a86a4a35a72088,3,1,15,"[18.004, 46.78000000000005, 825.4971485714286, 547.9200000000001]","[[null, null, ""UTTAR BARA\nHALDIBARI/PS-6"", ""UBHDB/VII"", ""20"", ""AC PART NO. 1/119"", """", ""6-W""], [null, null, null, ""UBHDB/VIII"", ""21"", ""AC PART NO. 1/120"", null, null], [null, null, null, ""UBHDB/XI"", ""24"", ""AC PART NO. 1/123"", null, null], [null, null, null, ""UBHDB/XII"", ""25(1), 25(2)"", ""AC PART NO. 1/124"", null, null], [null, null, null, null, null, ""AC PART NO. 1/125"", null, null], [null, null, null, ""UBHDB/XIII"", ""26"", ""AC PART NO. 1/126"", null, null], [null, null, null, ""UBHDB/XIV"", ""27"", ""AC PART NO. 1/127"", null, null], [null, null, null, null, null, """", null, null], [null, null, null, null, null, """", null, null]]",,native_fields_parsed,,
d340925ca3f4b3bf04ec,West Bengal,Cooch Behar,2018,draft,block_ward_reservation,DAKSHIN BARA HALDIBARI,DAKSHIN BARA HALDIBARI/PS-7,7,7,,,UR,0,data/wb/gp_source_search/historical_expansion/coochbehar_FormBHLD_86668c52.pdf,6ef443e83c85ece9eed5c46ac452a90b901e195cb6332c4fe9a86a4a35a72088,4,1,4,"[18.004, 46.78000000000005, 825.4971485714286, 489.46000000000004]","[[""I\nR\nA\nB\nI\nD\nL\nA\nH\nA\nR\nA\nB\nN\nI\nH\nS\nK\nA\nD"", ""2"", ""DAKSHIN BARA\nHALDIBARI/PS-7"", ""DBHDB/ I"", ""30"", ""AC PART NO. 1/142"", """", """"], [null, null, null, ""DBHDB/ II"", ""31"", ""AC PART NO. 1/143"", null, null], [null, null, null, ""DBHDB/ III"", ""32"", ""AC PART NO. 1/144"", null, null], [null, null, null, ""DBHDB/ IV"", ""33"", ""AC PART NO. 1/145"", null, null]]",,native_fields_parsed,,
83da2eb2b1eb61a99067,West Bengal,Cooch Behar,2018,draft,block_ward_reservation,DAKSHIN BARA HALDIBARI,DAKSHIN BARA HALDIBARI/PS-8,8,8,8-SC,,SC,0,data/wb/gp_source_search/historical_expansion/coochbehar_FormBHLD_86668c52.pdf,6ef443e83c85ece9eed5c46ac452a90b901e195cb6332c4fe9a86a4a35a72088,4,1,8,"[18.004, 46.78000000000005, 825.4971485714286, 489.46000000000004]","[[null, null, ""DAKSHIN BARA\nHALDIBARI/PS-8"", ""DBHDB/ V"", ""34"", ""AC PART NO. 1/146"", ""8-SC"", """"], [null, null, null, ""DBHDB/ VI"", ""35"", ""AC PART NO. 1/147"", null, null], [null, null, null, ""DBHDB/ VII"", ""36"", ""AC PART NO. 1/148"", null, null], [null, null, null, ""DBHDB/ VIII"", ""37"", ""AC PART NO. 1/149"", null, null], [null, null, null, ""DBHDB/ IX"", ""38"", ""AC PART NO. 1/150"", null, null], [null, null, null, null, null, """", null, null], [null, null, null, null, null, """", null, null], [null, null, null, null, null, """", null, null]]",,native_fields_parsed,,
f7e3a4324b8299233aec,West Bengal,Cooch Behar,2018,draft,block_ward_reservation,DEWANGANJ,DEWANGANJ/ PS-9,9,9,,9-W,UR,1,data/wb/gp_source_search/historical_expansion/coochbehar_FormBHLD_86668c52.pdf,6ef443e83c85ece9eed5c46ac452a90b901e195cb6332c4fe9a86a4a35a72088,5,1,4,"[18.004, 46.78000000000005, 825.4971485714286, 500.73600000000005]","[[""J\nN\nA\nG\nN\nA\nW\nE\nD"", ""3"", ""DEWANGANJ/ PS-9"", ""DEWANGANJ/I"", ""39 (1), 39 (2)"", ""AC PART NO. 1/151"", """", ""9-W""], [null, null, null, null, null, ""AC PART NO. 1/152"", null, null], [null, null, null, ""DEWANGANJ/II"", ""40"", ""AC PART NO. 1/153"", null, null], [null, null, null, ""DEWANGANJ/III"", ""41"", ""AC PART NO. 1/154"", null, null], [null, null, null, ""DEWANGANJ/IV"", ""42"", ""AC PART NO. 1/155"", null, null]]",,native_fields_parsed,,
092b8e66630928008216,West Bengal,Cooch Behar,2018,draft,block_ward_reservation,DEWANGANJ,DEWANGANJ/ PS-10,10,10,,,UR,0,data/wb/gp_source_search/historical_expansion/coochbehar_FormBHLD_86668c52.pdf,6ef443e83c85ece9eed5c46ac452a90b901e195cb6332c4fe9a86a4a35a72088,5,1,9,"[18.004, 46.78000000000005, 825.4971485714286, 500.73600000000005]","[[null, null, ""DEWANGANJ/ PS-10"", ""DEWANGANJ/V"", ""43"", ""AC PART NO. 1/156"", """", """"], [null, null, null, ""DEWANGANJ/VI"", ""44"", ""AC PART NO. 1/157"", null, null], [null, null, null, ""DEWANGANJ/IX"", ""47"", ""AC PART NO. 1/160"", null, null], [null, null, null, ""DEWANGANJ/XII"", ""50"", ""AC PART NO. 1/163"", null, null]]",,native_fields_parsed,,
41e0ce281081d24f7753,West Bengal,Cooch Behar,2018,draft,block_ward_reservation,DEWANGANJ,DEWANGANJ/ PS-11,11,11,,11-W,UR,1,data/wb/gp_source_search/historical_expansion/coochbehar_FormBHLD_86668c52.pdf,6ef443e83c85ece9eed5c46ac452a90b901e195cb6332c4fe9a86a4a35a72088,5,1,13,"[18.004, 46.78000000000005, 825.4971485714286, 500.73600000000005]","[[null, null, ""DEWANGANJ/ PS-11"", ""DEWANGANJ/VII"", ""45"", ""AC PART NO. 1/158"", """", ""11-W""], [null, null, null, ""DEWANGANJ/VIII"", ""46"", ""AC PART NO. 1/159"", null, null], [null, null, null, ""DEWANGANJ/X"", ""48"", ""AC PART NO. 1/161"", null, null], [null, null, null, ""DEWANGANJ/ XI"", ""49"", ""AC PART NO. 1/162"", null, null], [null, null, null, null, null, """", null, null], [null, null, null, null, null, """", null, null], [null, null, null, null, null, """", null, null]]",,native_fields_parsed,,
05a42c1b1d522b2312a6,West Bengal,Cooch Behar,2018,draft,block_ward_reservation,PMG,PMG/PS-12,12,12,,,UR,0,data/wb/gp_source_search/historical_expansion/coochbehar_FormBHLD_86668c52.pdf,6ef443e83c85ece9eed5c46ac452a90b901e195cb6332c4fe9a86a4a35a72088,6,1,4,"[18.004, 46.78000000000005, 825.4971485714286, 491.9800000000001]","[[""J\nN\nA\nG\nI\nL\nH\nK\nE\nM\nR\nE\nP"", ""2"", ""PMG/PS-12"", ""PMG/ I"", ""51 (1), 51 (2)"", ""AC PART NO. 1/164"", """", """"], [null, null, null, null, null, ""AC PART NO. 1/165"", null, null], [null, null, null, ""PMG/ II"", ""52"", ""AC PART NO. 1/166"", null, null], [null, null, null, ""PMG/ III"", ""53"", ""AC PART NO. 1/167"", null, null], [null, null, null, ""PMG/ IV"", ""54"", ""AC PART NO. 1/168"", null, null], [null, null, null, ""PMG/ V"", ""55"", ""AC PART NO. 1/169"", null, null]]",,native_fields_parsed,,
b1d72d1e1290cd465b72,West Bengal,Cooch Behar,2018,draft,block_ward_reservation,PMG,PMG/PS-13,13,13,13-SC,13-W,SC,1,data/wb/gp_source_search/historical_expansion/coochbehar_FormBHLD_86668c52.pdf,6ef443e83c85ece9eed5c46ac452a90b901e195cb6332c4fe9a86a4a35a72088,6,1,10,"[18.004, 46.78000000000005, 825.4971485714286, 491.9800000000001]","[[null, null, ""PMG/PS-13"", ""PMG /VI"", ""56"", ""AC PART NO. 1/170"", ""13-SC"", ""13-W""], [null, null, null, ""PMG /VII"", ""57"", ""AC PART NO. 1/171"", null, null], [null, null, null, ""PMG /VIII"", ""58(1), 58 (2)"", ""AC PART NO. 1/172"", null, null], [null, null, null, null, null, ""AC PART NO. 1/173"", null, null], [null, null, null, ""PMG /IX"", ""59"", ""AC PART NO. 1/174"", null, null], [null, null, null, ""PMG / X"", ""60"", ""AC PART NO. 1/175"", null, null], [null, null, null, null, null, """", null, null], [null, null, null, null, null, """", null, null], [null, null, null, null, null, """", null, null]]",,native_fields_parsed,,
0c410c22ca3708ac4235,West Bengal,Cooch Behar,2018,draft,block_ward_reservation,HEM,HEM /PS-14,14,14,14-SC,,SC,0,data/wb/gp_source_search/historical_expansion/coochbehar_FormBHLD_86668c52.pdf,6ef443e83c85ece9eed5c46ac452a90b901e195cb6332c4fe9a86a4a35a72088,7,1,4,"[18.004, 46.78000000000005, 825.4600066666667, 399.23500250000006]","[[""I\nR\nA\nM\nU\nK\nM\nE\nH"", ""3"", ""HEM /PS-14"", ""HEM/ I"", ""61"", ""AC PART NO. 1/216"", ""14-SC"", """"], [null, null, null, ""HEM/ II"", ""62"", ""AC PART NO. 1/217"", null, null], [null, null, null, ""HEM/ III"", ""63"", ""AC PART NO. 1/218"", null, null], [null, null, null, ""HEM/ IV"", ""64"", ""AC PART NO. 1/219"", null, null]]",,native_fields_parsed,,
a8c67a9bbe3d56378737,West Bengal,Cooch Behar,2018,draft,block_ward_reservation,HEM,HEM /PS-15,15,15,,15-W,UR,1,data/wb/gp_source_search/historical_expansion/coochbehar_FormBHLD_86668c52.pdf,6ef443e83c85ece9eed5c46ac452a90b901e195cb6332c4fe9a86a4a35a72088,7,1,8,"[18.004, 46.78000000000005, 825.4600066666667, 399.23500250000006]","[[null, null, ""HEM /PS-15"", ""HEM/ V"", ""65(1),65(2)"", ""AC PART NO. 1/220"", """", ""15-W""], [null, null, null, null, null, ""AC PART NO. 1/221"", null, null], [null, null, null, ""HEM/ VI"", ""66"", ""AC PART NO. 1/222"", null, null], [null, null, null, ""HEM/ VII"", ""67"", ""AC PART NO. 1/223"", null, null], [null, null, null, ""HEM/ X"", ""70(1),70(2)"", ""AC PART NO. 1/224"", null, null], [null, null, null, null, null, ""AC PART NO. 1/225"", null, null]]",,native_fields_parsed,,
53c300e252edbc2aa309,West Bengal,Cooch Behar,2018,draft,block_ward_reservation,HEM,HEM /PS-16,16,16,16-SC,16-W,SC,1,data/wb/gp_source_search/historical_expansion/coochbehar_FormBHLD_86668c52.pdf,6ef443e83c85ece9eed5c46ac452a90b901e195cb6332c4fe9a86a4a35a72088,7,1,14,"[18.004, 46.78000000000005, 825.4600066666667, 399.23500250000006]","[[null, null, ""HEM /PS-16"", ""HEM/ VIII"", ""68"", ""AC PART NO. 1/226"", ""16-SC"", ""16-W""], [null, null, null, ""HEM/ IX"", ""69"", ""AC PART NO. 1/227"", null, null], [null, null, null, ""HEM/ XI"", ""71"", ""AC PART NO. 1/228"", null, null], [null, null, null, ""HEM/ XII"", ""72"", ""AC PART NO. 1/229"", null, null], [null, null, null, ""HEM/ XIII"", ""73(1),73(2)"", ""AC PART NO. 1/230"", null, null], [null, null, null, null, null, ""AC PART NO. 1/231"", null, null]]",,native_fields_parsed,,
c598e5ee29327be2259c,West Bengal,Cooch Behar,2018,draft,block_ward_reservation,Ranirhat,Ranirhat/PS-1,1,1,,W,UR,1,data/wb/gp_source_search/historical_expansion/coochbehar_FormBMKG_22ccf1ed.pdf,ca3d59494ad072850b4d1da51d0b772b25f731c8109431e33c6d069978cb2de3,1,1,3,"[35.394, 209.38800000000006, 806.3720000000001, 513.984]","[[""Ranirhat"", ""21"", ""Ranirhat/PS-1"", ""Ranirhat/I, IX,X,XIII"", ""1, 2, 10, 11,14"", """", ""W""]]",,native_fields_parsed,,
d8d1367a991372c7dc3b,West Bengal,Cooch Behar,2018,draft,block_ward_reservation,Ranirhat,Ranirhat/PS-2,2,2,SC,,SC,0,data/wb/gp_source_search/historical_expansion/coochbehar_FormBMKG_22ccf1ed.pdf,ca3d59494ad072850b4d1da51d0b772b25f731c8109431e33c6d069978cb2de3,1,1,4,"[35.394, 209.38800000000006, 806.3720000000001, 513.984]","[[null, null, ""Ranirhat/PS-2"", ""Ranirhat/II, III,XI,XII"", ""3,4,12,13"", ""SC"", """"]]",,native_fields_parsed,,
358432e16caa322702f0,West Bengal,Cooch Behar,2018,draft,block_ward_reservation,Ranirhat,Ranirhat/PS-3,3,3,SC,W,SC,1,data/wb/gp_source_search/historical_expansion/coochbehar_FormBMKG_22ccf1ed.pdf,ca3d59494ad072850b4d1da51d0b772b25f731c8109431e33c6d069978cb2de3,1,1,5,"[35.394, 209.38800000000006, 806.3720000000001, 513.984]","[[null, null, ""Ranirhat/PS-3"", ""Ranirhat/IV,V,VI,VII,VIII"", ""5,6,7,8,9"", ""SC"", ""W""]]",,native_fields_parsed,,
67780201589f17afdd11,West Bengal,Cooch Behar,2018,draft,block_ward_reservation,Uchalpukuri,Uchalpukuri/PS-4,4,4,SC,,SC,0,data/wb/gp_source_search/historical_expansion/coochbehar_FormBMKG_22ccf1ed.pdf,ca3d59494ad072850b4d1da51d0b772b25f731c8109431e33c6d069978cb2de3,1,1,6,"[35.394, 209.38800000000006, 806.3720000000001, 513.984]","[[""Uchalpukuri"", null, ""Uchalpukuri/PS-4"", ""Uchalpukuri/I,II,III,IV,VIII,IX,XX"", ""15,16,17,18,22,23,24,37"", ""SC"", """"]]",,native_fields_parsed,,
2e7b6b7308d5ac3ddb7f,West Bengal,Cooch Behar,2018,draft,block_ward_reservation,Uchalpukuri,Uchalpukuri/PS-5,5,5,,,UR,0,data/wb/gp_source_search/historical_expansion/coochbehar_FormBMKG_22ccf1ed.pdf,ca3d59494ad072850b4d1da51d0b772b25f731c8109431e33c6d069978cb2de3,1,1,7,"[35.394, 209.38800000000006, 806.3720000000001, 513.984]","[[null, null, ""Uchalpukuri/PS-5"", ""Uchalpukuri/V,XI,XII,XV,XVI,XIX"", ""19,27,28,29,32,33,36,"", """", """"]]",,native_fields_parsed,,
8d5d8635549bef65dd45,West Bengal,Cooch Behar,2018,draft,block_ward_reservation,Uchalpukuri,Uchalpukuri/PS-6,6,6,SC,W,SC,1,data/wb/gp_source_search/historical_expansion/coochbehar_FormBMKG_22ccf1ed.pdf,ca3d59494ad072850b4d1da51d0b772b25f731c8109431e33c6d069978cb2de3,1,1,8,"[35.394, 209.38800000000006, 806.3720000000001, 513.984]","[[null, null, ""Uchalpukuri/PS-6"", ""Uchalpukuri/VI,VII,X,XIII,XIV,XVII,XVIII"", ""20,21,25,26,30,31,34,35"", ""SC"", ""W""]]",,native_fields_parsed,,
42e66f5a10c04eb83a98,West Bengal,Cooch Behar,2018,draft,block_ward_reservation,Jamaldaha,Jamaldaha/PS-7,7,7,SC,,SC,0,data/wb/gp_source_search/historical_expansion/coochbehar_FormBMKG_22ccf1ed.pdf,ca3d59494ad072850b4d1da51d0b772b25f731c8109431e33c6d069978cb2de3,1,1,9,"[35.394, 209.38800000000006, 806.3720000000001, 513.984]","[[""Jamaldaha"", null, ""Jamaldaha/PS-7"", ""Jamaldaha/I,II,III,IV,V"", ""38,39,40,41,42,43,44"", ""SC"", """"]]",,native_fields_parsed,,
cfbb5ac4e9543c3cc3b2,West Bengal,Cooch Behar,2018,draft,block_ward_reservation,Jamaldaha,Jamaldaha/PS-8,8,8,SC,W,SC,1,data/wb/gp_source_search/historical_expansion/coochbehar_FormBMKG_22ccf1ed.pdf,ca3d59494ad072850b4d1da51d0b772b25f731c8109431e33c6d069978cb2de3,1,1,10,"[35.394, 209.38800000000006, 806.3720000000001, 513.984]","[[null, null, ""Jamaldaha/PS-8"", ""Jamaldaha/VI,XI,XIII,XIV,XV,XVI"", ""45,50,52,53,54,55"", ""SC"", ""W""]]",,native_fields_parsed,,
99864d74cdfd176ecc13,West Bengal,Cooch Behar,2018,draft,block_ward_reservation,Jamaldaha,Jamaldaha/PS-9,9,9,SC,,SC,0,data/wb/gp_source_search/historical_expansion/coochbehar_FormBMKG_22ccf1ed.pdf,ca3d59494ad072850b4d1da51d0b772b25f731c8109431e33c6d069978cb2de3,1,1,11,"[35.394, 209.38800000000006, 806.3720000000001, 513.984]","[[null, null, ""Jamaldaha/PS-9"", ""Jamaldaha/VII,VIII,IX,X,XII"", ""46,47,48,49,51"", ""SC"", """"]]",,native_fields_parsed,,
4cc0d9be77ae7b10f441,West Bengal,Cooch Behar,2018,draft,block_ward_reservation,Changrabandha,Changrabandha/PS-10,10,10,SC,W,SC,1,data/wb/gp_source_search/historical_expansion/coochbehar_FormBMKG_22ccf1ed.pdf,ca3d59494ad072850b4d1da51d0b772b25f731c8109431e33c6d069978cb2de3,1,1,12,"[35.394, 209.38800000000006, 806.3720000000001, 513.984]","[[""Changrabandha"", null, ""Changrabandha/PS-10"", ""Changrabandha/I,II,III,IV,VI"", ""56,57,58,59,60,63,64"", ""SC"", ""W""]]",,native_fields_parsed,,
4c0ad556643c536449c0,West Bengal,Cooch Behar,2018,draft,block_ward_reservation,Changrabandha,Changrabandha/PS-11,11,11,,W,UR,1,data/wb/gp_source_search/historical_expansion/coochbehar_FormBMKG_22ccf1ed.pdf,ca3d59494ad072850b4d1da51d0b772b25f731c8109431e33c6d069978cb2de3,1,1,13,"[35.394, 209.38800000000006, 806.3720000000001, 513.984]","[[null, null, ""Changrabandha/PS-11"", ""Changrabandha/V,VII,VIII,IX,XII,XIII"", ""61, 62, 65, 66, 67, 70, 71"", """", ""W""]]",,native_fields_parsed,,
108b9a0f97ce72be3a66,West Bengal,Cooch Behar,2018,draft,block_ward_reservation,Changrabandha,Changrabandha/PS-12,12,12,,W,UR,1,data/wb/gp_source_search/historical_expansion/coochbehar_FormBMKG_22ccf1ed.pdf,ca3d59494ad072850b4d1da51d0b772b25f731c8109431e33c6d069978cb2de3,1,1,14,"[35.394, 209.38800000000006, 806.3720000000001, 513.984]","[[null, null, ""Changrabandha/PS-12"", ""Changrabandha/X, XI, XIV, XV,XVI, XVII"", ""68, 69, 72, 74, 73, 75, 76"", """", ""W""]]",,native_fields_parsed,,
2a6816ea5a818411f2de,West Bengal,Cooch Behar,2018,draft,block_ward_reservation,Bhotbari,Bhotbari/PS-13,13,13,SC,,SC,0,data/wb/gp_source_search/historical_expansion/coochbehar_FormBMKG_22ccf1ed.pdf,ca3d59494ad072850b4d1da51d0b772b25f731c8109431e33c6d069978cb2de3,1,1,15,"[35.394, 209.38800000000006, 806.3720000000001, 513.984]","[[""Bhotbari"", null, ""Bhotbari/PS-13"", ""Bhotbari/I, II, VII, VIII, IX, X"", ""77, 78,83. 84, 85, 86"", ""SC"", """"]]",,native_fields_parsed,,
b9ee6433b364acf013e4,West Bengal,Cooch Behar,2018,draft,block_ward_reservation,Bhotbari,Bhotbari/PS-14,14,14,,W,UR,1,data/wb/gp_source_search/historical_expansion/coochbehar_FormBMKG_22ccf1ed.pdf,ca3d59494ad072850b4d1da51d0b772b25f731c8109431e33c6d069978cb2de3,1,1,16,"[35.394, 209.38800000000006, 806.3720000000001, 513.984]","[[null, null, ""Bhotbari/PS-14"", ""Bhotbari/III, IV, V, VI"", ""79, 80, 81, 82"", """", ""W""]]",,native_fields_parsed,,
e4295b72780ce95247fe,West Bengal,Cooch Behar,2018,draft,block_ward_reservation,Niztaraf,Niztaraf/PS-15,15,15,,,UR,0,data/wb/gp_source_search/historical_expansion/coochbehar_FormBMKG_22ccf1ed.pdf,ca3d59494ad072850b4d1da51d0b772b25f731c8109431e33c6d069978cb2de3,1,1,17,"[35.394, 209.38800000000006, 806.3720000000001, 513.984]","[[""Niztaraf"", null, ""Niztaraf/PS-15"", ""Niztaraf/I, II, III, VIII, IX"", ""87, 88, 89, 94, 95"", """", """"]]",,native_fields_parsed,,
3046d260106b23ecd12b,West Bengal,Cooch Behar,2018,draft,block_ward_reservation,Niztaraf,Niztaraf/PS-16,16,16,,W,UR,1,data/wb/gp_source_search/historical_expansion/coochbehar_FormBMKG_22ccf1ed.pdf,ca3d59494ad072850b4d1da51d0b772b25f731c8109431e33c6d069978cb2de3,1,1,18,"[35.394, 209.38800000000006, 806.3720000000001, 513.984]","[[null, null, ""Niztaraf/PS-16"", ""Niztaraf/IV, V, VI, VII"", ""90, 91, 92, 93"", """", ""W""]]",,native_fields_parsed,,
ecc11b7cf630370258b7,West Bengal,Cooch Behar,2018,draft,block_ward_reservation,Bagdokra-Fulkadabri,Bagdokra-Fulkadabri/PS-17,17,17,,,UR,0,data/wb/gp_source_search/historical_expansion/coochbehar_FormBMKG_22ccf1ed.pdf,ca3d59494ad072850b4d1da51d0b772b25f731c8109431e33c6d069978cb2de3,1,1,19,"[35.394, 209.38800000000006, 806.3720000000001, 513.984]","[[""Bagdokra-Fulkadabri"", null, ""Bagdokra-Fulkadabri/PS-17"", ""Bag-Ful/I, II, III, VI, VIII"", ""183, 184, 185, 186, 189, 190, 192"", """", """"]]",,native_fields_parsed,,
71f39caebb292eef396f,West Bengal,Cooch Behar,2018,draft,block_ward_reservation,Bagdokra-Fulkadabri,Bagdokra-Fulkadabri/PS-18,18,18,,,UR,0,data/wb/gp_source_search/historical_expansion/coochbehar_FormBMKG_22ccf1ed.pdf,ca3d59494ad072850b4d1da51d0b772b25f731c8109431e33c6d069978cb2de3,1,1,20,"[35.394, 209.38800000000006, 806.3720000000001, 513.984]","[[null, null, ""Bagdokra-Fulkadabri/PS-18"", ""Bag-Ful/IV, V, VII, IX, X"", ""187, 188, 191, 193, 194, 195"", """", """"]]",,native_fields_parsed,,
d3bfbfd0d5be0b4326ed,West Bengal,Cooch Behar,2018,draft,block_ward_reservation,Kuchlibari,Kuchlibari/PS-19,19,19,,,UR,0,data/wb/gp_source_search/historical_expansion/coochbehar_FormBMKG_22ccf1ed.pdf,ca3d59494ad072850b4d1da51d0b772b25f731c8109431e33c6d069978cb2de3,1,1,21,"[35.394, 209.38800000000006, 806.3720000000001, 513.984]","[[""Kuchlibari"", null, ""Kuchlibari/PS-19"", ""Kuchlibari/I, II, III, XVI, XVII"", ""196, 197, 198, 199, 212, 213"", """", """"]]",,native_fields_parsed,,
66a2e486bb1ed8bad27a,West Bengal,Cooch Behar,2018,draft,block_ward_reservation,Kuchlibari,Kuchlibari/PS-20,20,20,SC,W,SC,1,data/wb/gp_source_search/historical_expansion/coochbehar_FormBMKG_22ccf1ed.pdf,ca3d59494ad072850b4d1da51d0b772b25f731c8109431e33c6d069978cb2de3,1,1,22,"[35.394, 209.38800000000006, 806.3720000000001, 513.984]","[[null, null, ""Kuchlibari/PS-20"", ""Kuchlibari/IV. V, X, XI, XII, XIII"", ""200, 201, 206, 207, 208, 209"", ""SC"", ""W""]]",,native_fields_parsed,,
2a409845b6f1418d6c1a,West Bengal,Cooch Behar,2018,draft,block_ward_reservation,Kuchlibari,Kuchlibari/PS-21,21,21,,,UR,0,data/wb/gp_source_search/historical_expansion/coochbehar_FormBMKG_22ccf1ed.pdf,ca3d59494ad072850b4d1da51d0b772b25f731c8109431e33c6d069978cb2de3,1,1,23,"[35.394, 209.38800000000006, 806.3720000000001, 513.984]","[[null, null, ""Kuchlibari/PS-21"", ""Kuchlibari/VI, VII, VIII, IX, XIV, XV"", ""202, 203, 204, 205, 210, 211"", """", """"]]",,native_fields_parsed,,
436ba9a1d890bc04acbf,West Bengal,Cooch Behar,2018,draft,block_ward_reservation,Gopalpur,Gopalpur /PS-1,1,1,Gopalpur /PS-1(SC),,,0,data/wb/gp_source_search/historical_expansion/coochbehar_FormBMTB1_e6cdd7ad.pdf,739fa06b3cf56237039b4ef5dbbb5b851a5d1df602a1858f3e866e529c79df85,1,1,3,"[27.983999999999998, 242.45000000000005, 815.79999, 501.276]","[[""Gopalpur"", ""3"", ""Gopalpur /PS-1"", ""Gopalpur - V , VI , VII, IX , XVI , XVII"", ""5/6, 5/7, 5/8, 5/9, 5/12, 5/19, 5/20, 5/21"", ""Gopalpur /PS-1(SC)"", """"]]",reservation_cell_unread,needs_review,,
8767df1d6a918b32567a,West Bengal,Cooch Behar,2018,draft,block_ward_reservation,Gopalpur,Gopalpur /PS-2,2,2,Gopalpur /PS-2(SC ),Gopalpur /PS-2(SCW),,,data/wb/gp_source_search/historical_expansion/coochbehar_FormBMTB1_e6cdd7ad.pdf,739fa06b3cf56237039b4ef5dbbb5b851a5d1df602a1858f3e866e529c79df85,1,1,4,"[27.983999999999998, 242.45000000000005, 815.79999, 501.276]","[[null, null, ""Gopalpur /PS-2"", ""Gopalpur - I , II, III, IV , XVIII, XIX"", ""5/1, 5/2, 5/3, 5/4, 5/5, 5/22, 5/23"", ""Gopalpur /PS-2(SC )"", ""Gopalpur /PS-2(SCW)""]]",reservation_cell_unread;reservation_cell_unread,needs_review,,
707646358125a9fb0302,West Bengal,Cooch Behar,2018,draft,block_ward_reservation,Gopalpur,Gopalpur /PS-3,3,3,,Gopalpur /PS-3(W),UR,,data/wb/gp_source_search/historical_expansion/coochbehar_FormBMTB1_e6cdd7ad.pdf,739fa06b3cf56237039b4ef5dbbb5b851a5d1df602a1858f3e866e529c79df85,1,1,5,"[27.983999999999998, 242.45000000000005, 815.79999, 501.276]","[[null, null, ""Gopalpur /PS-3"", ""Gopalpur - VIII , X , XI , XII, XIII, XIV , XV"", ""5/10, 5/11, 5/13, 5/14, 5/15, 5/16, 5/17, 5/18"", """", ""Gopalpur /PS-3(W)""]]",reservation_cell_unread,needs_review,,
88c84cb2ff58753fb153,West Bengal,Cooch Behar,2018,draft,block_ward_reservation,Kedarhat,Kedarhat/PS-4,4,4,,,UR,0,data/wb/gp_source_search/historical_expansion/coochbehar_FormBMTB1_e6cdd7ad.pdf,739fa06b3cf56237039b4ef5dbbb5b851a5d1df602a1858f3e866e529c79df85,1,1,6,"[27.983999999999998, 242.45000000000005, 815.79999, 501.276]","[[""Kedarhat"", ""3"", ""Kedarhat/PS-4"", ""Kedarhat - IV, XI, XII , XIII, XIV , XV"", ""5/27, 5/34, 5/35, 5/36, 5/37, 5/38"", """", """"]]",,native_fields_parsed,,
603d6665609dfc5aa315,West Bengal,Cooch Behar,2018,draft,block_ward_reservation,Kedarhat,Kedarhat/PS-5,5,5,,Kedarhat/PS-5(W),UR,,data/wb/gp_source_search/historical_expansion/coochbehar_FormBMTB1_e6cdd7ad.pdf,739fa06b3cf56237039b4ef5dbbb5b851a5d1df602a1858f3e866e529c79df85,1,1,7,"[27.983999999999998, 242.45000000000005, 815.79999, 501.276]","[[null, null, ""Kedarhat/PS-5"", ""Kedarhat - I , II , III , V"", ""5/24, 5/25, 5/26, 5/28"", """", ""Kedarhat/PS-5(W)""]]",reservation_cell_unread,needs_review,,
5fa60370fc236b1225c4,West Bengal,Cooch Behar,2018,draft,block_ward_reservation,Kedarhat,Kedarhat/PS-6,6,6,Kedarhat/PS-6(SC),,,0,data/wb/gp_source_search/historical_expansion/coochbehar_FormBMTB1_e6cdd7ad.pdf,739fa06b3cf56237039b4ef5dbbb5b851a5d1df602a1858f3e866e529c79df85,1,1,8,"[27.983999999999998, 242.45000000000005, 815.79999, 501.276]","[[null, null, ""Kedarhat/PS-6"", ""Kedarhat-VI , VII, VIII, IX, X"", ""5/29, 5/30, 5/31, 5/32, 5/33"", ""Kedarhat/PS-6(SC)"", """"]]",reservation_cell_unread,needs_review,,
dbecff7fb31a9c0f05f3,West Bengal,Cooch Behar,2018,draft,block_ward_reservation,Nayarhat,Nayarhat/PS-7,7,7,Nayarhat/PS-7(SC ),Nayarhat/PS-7(SCW),,,data/wb/gp_source_search/historical_expansion/coochbehar_FormBMTB1_e6cdd7ad.pdf,739fa06b3cf56237039b4ef5dbbb5b851a5d1df602a1858f3e866e529c79df85,1,1,9,"[27.983999999999998, 242.45000000000005, 815.79999, 501.276]","[[""Nayarhat"", ""3"", ""Nayarhat/PS-7"", ""Nayarhat- I , II,III,IV,V , VI ,"", ""5/39, 5/40, 5/41, 5/42, 5/43, 5/44, 5/45"", ""Nayarhat/PS-7(SC )"", ""Nayarhat/PS-7(SCW)""]]",reservation_cell_unread;reservation_cell_unread,needs_review,,
c15fe3c20a023873db31,West Bengal,Cooch Behar,2018,draft,block_ward_reservation,Nayarhat,Nayarhat/PS-8,8,8,,,UR,0,data/wb/gp_source_search/historical_expansion/coochbehar_FormBMTB1_e6cdd7ad.pdf,739fa06b3cf56237039b4ef5dbbb5b851a5d1df602a1858f3e866e529c79df85,1,1,10,"[27.983999999999998, 242.45000000000005, 815.79999, 501.276]","[[null, null, ""Nayarhat/PS-8"", ""Nayarhat - VII , VIII,IX , X , XI"", ""5/46, 5/47, 5/48, 5/49, 5/50"", """", """"]]",,native_fields_parsed,,
ffbd4bb7e8b20f0b6285,West Bengal,Cooch Behar,2018,draft,block_ward_reservation,Nayarhat,Nayarhat/PS-9,9,9,Nayarhat/PS-9(SC),,,0,data/wb/gp_source_search/historical_expansion/coochbehar_FormBMTB1_e6cdd7ad.pdf,739fa06b3cf56237039b4ef5dbbb5b851a5d1df602a1858f3e866e529c79df85,1,1,11,"[27.983999999999998, 242.45000000000005, 815.79999, 501.276]","[[null, null, ""Nayarhat/PS-9"", ""Nayarhat - XII,XIII,XIV, XV, XVI, XVII"", ""5/51, 5/52, 5/53, 5/54, 5/55, 5/56, 5/57"", ""Nayarhat/PS-9(SC)"", """"]]",reservation_cell_unread,needs_review,,
431b8f4dfdebd45ecb28,West Bengal,Cooch Behar,2018,draft,block_ward_reservation,Bairagirhat,Bairagirhat/PS-10,10,10,Bairagirhat/PS-10(SC),Bairagirhat/PS-10(SCW),,,data/wb/gp_source_search/historical_expansion/coochbehar_FormBMTB1_e6cdd7ad.pdf,739fa06b3cf56237039b4ef5dbbb5b851a5d1df602a1858f3e866e529c79df85,1,1,12,"[27.983999999999998, 242.45000000000005, 815.79999, 501.276]","[[""Bairagirhat"", ""3"", ""Bairagirhat/PS-10"", ""Bairagirhat ,- I , II ,III , IV"", ""5/58, 5/59, 5/60, 5/61, 5/62, 5/63, 5/64"", ""Bairagirhat/PS-10(SC)"", ""Bairagirhat/PS-10(SCW)""]]",reservation_cell_unread;reservation_cell_unread,needs_review,,
b58c7416d4c5910a0bc4,West Bengal,Cooch Behar,2018,draft,block_ward_reservation,Bairagirhat,Bairagirhat/PS-11,11,11,Bairagirhat/PS-11(SC),,,0,data/wb/gp_source_search/historical_expansion/coochbehar_FormBMTB1_e6cdd7ad.pdf,739fa06b3cf56237039b4ef5dbbb5b851a5d1df602a1858f3e866e529c79df85,1,1,13,"[27.983999999999998, 242.45000000000005, 815.79999, 501.276]","[[null, null, ""Bairagirhat/PS-11"", ""Bairagirhat ,- V , VI ,VII,X ,XI ,XV"", ""5/65, 5/66, 5/67, 5/70, 5/71, 5/75"", ""Bairagirhat/PS-11(SC)"", """"]]",reservation_cell_unread,needs_review,,
36f5dccff3a9f15453ae,West Bengal,Cooch Behar,2018,draft,block_ward_reservation,Bairagirhat,Bairagirhat/PS-12,12,12,Bairagirhat/PS-12(SC),Bairagirhat/PS-12(SCW),,,data/wb/gp_source_search/historical_expansion/coochbehar_FormBMTB1_e6cdd7ad.pdf,739fa06b3cf56237039b4ef5dbbb5b851a5d1df602a1858f3e866e529c79df85,1,1,14,"[27.983999999999998, 242.45000000000005, 815.79999, 501.276]","[[null, null, ""Bairagirhat/PS-12"", ""Bairagirhat - VIII , IX , XII , XIII , XIV"", ""5/68, 5/69, 5/72, 5/73, 5/74"", ""Bairagirhat/PS-12(SC)"", ""Bairagirhat/PS-12(SCW)""]]",reservation_cell_unread;reservation_cell_unread,needs_review,,
88b3207d1f7bbc092802,West Bengal,Cooch Behar,2018,draft,block_ward_reservation,Shikarpur,Shikarpur/PS-13,13,13,Shikarpur/PS-13(SC),,,0,data/wb/gp_source_search/historical_expansion/coochbehar_FormBMTB1_e6cdd7ad.pdf,739fa06b3cf56237039b4ef5dbbb5b851a5d1df602a1858f3e866e529c79df85,2,1,3,"[27.983999999999998, 28.800000000000068, 815.7839879999999, 495.038]","[[""Shikarpur"", ""3"", ""Shikarpur/PS-13"", ""Shikarpur - I , II , III , IV ,V"", ""5/76, 5/77, 5/78, 5/79, 5/80, 5/81, 5/82, 5/83"", ""Shikarpur/PS-13(SC)"", """"]]",reservation_cell_unread,needs_review,,
b983bd4e5e65b8a164ac,West Bengal,Cooch Behar,2018,draft,block_ward_reservation,Shikarpur,Shikarpur/PS-14,14,14,,Shikarpur/PS-14(W),UR,,data/wb/gp_source_search/historical_expansion/coochbehar_FormBMTB1_e6cdd7ad.pdf,739fa06b3cf56237039b4ef5dbbb5b851a5d1df602a1858f3e866e529c79df85,2,1,4,"[27.983999999999998, 28.800000000000068, 815.7839879999999, 495.038]","[[null, null, ""Shikarpur/PS-14"", ""Shikarpur - VI , VII,XIII , XV , XVI,XVII"", ""5/84, 5/85, 5/91, 5/94, 5/95, 5/96, 5/97"", """", ""Shikarpur/PS-14(W)""]]",reservation_cell_unread,needs_review,,
16cbb212a6bdbc510279,West Bengal,Cooch Behar,2018,draft,block_ward_reservation,Shikarpur,Shikarpur/PS-15,15,15,,Shikarpur/PS-15(W),UR,,data/wb/gp_source_search/historical_expansion/coochbehar_FormBMTB1_e6cdd7ad.pdf,739fa06b3cf56237039b4ef5dbbb5b851a5d1df602a1858f3e866e529c79df85,2,1,5,"[27.983999999999998, 28.800000000000068, 815.7839879999999, 495.038]","[[null, null, ""Shikarpur/PS-15"", ""Shikarpur - VIII , IX ,X, XI, XII, XIV"", ""5/86, 5/87, 5/88, 5/89, 5/90, 5/92, 5/93"", """", ""Shikarpur/PS-15(W)""]]",reservation_cell_unread,needs_review,,
02fa239f057f00700ab3,West Bengal,Cooch Behar,2018,draft,block_ward_reservation,Kursamari,Kursamari/PS-16,16,16,,Kursamari/PS-16(W),UR,,data/wb/gp_source_search/historical_expansion/coochbehar_FormBMTB1_e6cdd7ad.pdf,739fa06b3cf56237039b4ef5dbbb5b851a5d1df602a1858f3e866e529c79df85,2,1,6,"[27.983999999999998, 28.800000000000068, 815.7839879999999, 495.038]","[[""Kurshamari"", ""3"", ""Kursamari/PS-16"", ""kursamari - I ,II, III, IV"", ""5/98, 5/99, 5/100, 5/101"", """", ""Kursamari/PS-16(W)""]]",reservation_cell_unread,needs_review,,
c810020c538728ea310d,West Bengal,Cooch Behar,2018,draft,block_ward_reservation,Kursamari,Kursamari/PS-17,17,17,Kursamari/PS-17(SC),Kursamari/PS-17(SCW),,,data/wb/gp_source_search/historical_expansion/coochbehar_FormBMTB1_e6cdd7ad.pdf,739fa06b3cf56237039b4ef5dbbb5b851a5d1df602a1858f3e866e529c79df85,2,1,7,"[27.983999999999998, 28.800000000000068, 815.7839879999999, 495.038]","[[null, null, ""Kursamari/PS-17"", ""kursamari -V ,VI ,X,XI"", ""5/102, 5/103, 5/107, 5/108"", ""Kursamari/PS-17(SC)"", ""Kursamari/PS-17(SCW)""]]",reservation_cell_unread;reservation_cell_unread,needs_review,,
2d068323924cc5d0bc15,West Bengal,Cooch Behar,2018,draft,block_ward_reservation,Kursamari,Kursamari/PS-18,18,18,Kursamari/PS-18(SC),,,0,data/wb/gp_source_search/historical_expansion/coochbehar_FormBMTB1_e6cdd7ad.pdf,739fa06b3cf56237039b4ef5dbbb5b851a5d1df602a1858f3e866e529c79df85,2,1,8,"[27.983999999999998, 28.800000000000068, 815.7839879999999, 495.038]","[[null, null, ""Kursamari/PS-18"", ""kursamari -VII , VIII,IX , XII,XIII"", ""5/104, 5/105, 5/106, 5/109, 5/110"", ""Kursamari/PS-18(SC)"", """"]]",reservation_cell_unread,needs_review,,
d36b5473d917cd1f3aab,West Bengal,Cooch Behar,2018,draft,block_ward_reservation,Jorepatki,Jorepatki/PS-19,19,19,,,UR,0,data/wb/gp_source_search/historical_expansion/coochbehar_FormBMTB1_e6cdd7ad.pdf,739fa06b3cf56237039b4ef5dbbb5b851a5d1df602a1858f3e866e529c79df85,2,1,9,"[27.983999999999998, 28.800000000000068, 815.7839879999999, 495.038]","[[""Jorepatki"", ""3"", ""Jorepatki/PS-19"", ""Jorepatki - I ,II , III,XIII,XIV,XV,XVI"", ""5/111, 5/112, 5/113, 5/114, 5/115, 5/127, 5/128,\n5/129, 5/130"", """", """"]]",,native_fields_parsed,,
f98b8160ebddb35bf5df,West Bengal,Cooch Behar,2018,draft,block_ward_reservation,Jorepatki,Jorepatki/PS-20,20,20,,Jorepatki/PS-20(W),UR,,data/wb/gp_source_search/historical_expansion/coochbehar_FormBMTB1_e6cdd7ad.pdf,739fa06b3cf56237039b4ef5dbbb5b851a5d1df602a1858f3e866e529c79df85,2,1,10,"[27.983999999999998, 28.800000000000068, 815.7839879999999, 495.038]","[[null, null, ""Jorepatki/PS-20"", ""Jorepatki -IV , V,VI,XI ,XII"", ""5/116, 5/117, 5/118, 5/119, 5/125, 5/126"", """", ""Jorepatki/PS-20(W)""]]",reservation_cell_unread,needs_review,,
0cfe509dfda188ecfcb1,West Bengal,Cooch Behar,2018,draft,block_ward_reservation,Jorepatki,Jorepatki/PS-21,21,21,Jorepatki/PS-21(SC),Jorepatki/PS-21(SCW),,,data/wb/gp_source_search/historical_expansion/coochbehar_FormBMTB1_e6cdd7ad.pdf,739fa06b3cf56237039b4ef5dbbb5b851a5d1df602a1858f3e866e529c79df85,2,1,11,"[27.983999999999998, 28.800000000000068, 815.7839879999999, 495.038]","[[null, null, ""Jorepatki/PS-21"", ""Jorepatki -VII , VIII , IX ,X"", ""5/121, 5/120, 5/122, 5/123, 5/124"", ""Jorepatki/PS-21(SC)"", ""Jorepatki/PS-21(SCW)""]]",reservation_cell_unread;reservation_cell_unread,needs_review,,
f5f8de84748501827418,West Bengal,Cooch Behar,2018,draft,block_ward_reservation,Hazrahat-I,Hazrahat-I/PS-22,22,22,,,UR,0,data/wb/gp_source_search/historical_expansion/coochbehar_FormBMTB1_e6cdd7ad.pdf,739fa06b3cf56237039b4ef5dbbb5b851a5d1df602a1858f3e866e529c79df85,2,1,12,"[27.983999999999998, 28.800000000000068, 815.7839879999999, 495.038]","[[""Hazrahat - I"", ""3"", ""Hazrahat-I/PS-22"", ""Hazrahat- VI ,VII , X , XI"", ""2/208, 2/209, 2/212, 2/213"", """", """"]]",,native_fields_parsed,,
73e56565235bb81161a0,West Bengal,Cooch Behar,2018,draft,block_ward_reservation,Hazrahat-I,Hazrahat-I/PS-23,23,23,,Hazrahat-I/PS-23(W),UR,,data/wb/gp_source_search/historical_expansion/coochbehar_FormBMTB1_e6cdd7ad.pdf,739fa06b3cf56237039b4ef5dbbb5b851a5d1df602a1858f3e866e529c79df85,2,1,13,"[27.983999999999998, 28.800000000000068, 815.7839879999999, 495.038]","[[null, null, ""Hazrahat-I/PS-23"", ""Hazrahat-I - II , III , V ,VIII , IX"", ""2/203, 2/204, 2/206, 2/207, 2/210, 2/211"", """", ""Hazrahat-I/PS-23(W)""]]",reservation_cell_unread,needs_review,,
736974cdc5aa303ea62f,West Bengal,Cooch Behar,2018,draft,block_ward_reservation,Hazrahat-I,Hazrahat-I/PS-24,24,24,,,UR,0,data/wb/gp_source_search/historical_expansion/coochbehar_FormBMTB1_e6cdd7ad.pdf,739fa06b3cf56237039b4ef5dbbb5b851a5d1df602a1858f3e866e529c79df85,2,1,14,"[27.983999999999998, 28.800000000000068, 815.7839879999999, 495.038]","[[null, null, ""Hazrahat-I/PS-24"", ""Hazrahat-I - I , IV ,XII , XIII"", ""2/202, 2/205, 2/214, 2/215"", """", """"]]",,native_fields_parsed,,
b7d74ebcd770f04f47a3,West Bengal,Cooch Behar,2018,draft,block_ward_reservation,Hazrahat-II,Hazrahat-II/PS-25,25,25,Hazrahat-II/PS-25(SC),,,0,data/wb/gp_source_search/historical_expansion/coochbehar_FormBMTB1_e6cdd7ad.pdf,739fa06b3cf56237039b4ef5dbbb5b851a5d1df602a1858f3e866e529c79df85,2,1,15,"[27.983999999999998, 28.800000000000068, 815.7839879999999, 495.038]","[[""Hazrahat - II"", ""3"", ""Hazrahat-II/PS-25"", ""Hazrahat-II - I ,II , III , IV"", ""2/216, 2/217, 2/218, 2/219"", ""Hazrahat-II/PS-25(SC)"", """"]]",reservation_cell_unread,needs_review,,
83a954dca9a87af77ba8,West Bengal,Cooch Behar,2018,draft,block_ward_reservation,Hazrahat-II,Hazrahat-II/PS-26,26,26,,,UR,0,data/wb/gp_source_search/historical_expansion/coochbehar_FormBMTB1_e6cdd7ad.pdf,739fa06b3cf56237039b4ef5dbbb5b851a5d1df602a1858f3e866e529c79df85,2,1,16,"[27.983999999999998, 28.800000000000068, 815.7839879999999, 495.038]","[[null, null, ""Hazrahat-II/PS-26"", ""Hazrahat-II -V , VI , VII"", ""2/220, 2/221, 2/222, 2/223"", """", """"]]",,native_fields_parsed,,
3587b8e52d65408d8a44,West Bengal,Cooch Behar,2018,draft,block_ward_reservation,Hazrahat-II,Hazrahat-II/PS-27,27,27,Hazrahat-II/PS-27(SC),Hazrahat-II/PS-27(SCW),,,data/wb/gp_source_search/historical_expansion/coochbehar_FormBMTB1_e6cdd7ad.pdf,739fa06b3cf56237039b4ef5dbbb5b851a5d1df602a1858f3e866e529c79df85,2,1,17,"[27.983999999999998, 28.800000000000068, 815.7839879999999, 495.038]","[[null, null, ""Hazrahat-II/PS-27"", ""Hazrahat-II -VIII , IX , X , XI"", ""2/224, 2/225, 2/226, 2/227, 2/228"", ""Hazrahat-II/PS-27(SC)"", ""Hazrahat-II/PS-27(SCW)""]]",reservation_cell_unread;reservation_cell_unread,needs_review,,
0b174517f09186f5e298,West Bengal,Cooch Behar,2018,draft,block_ward_reservation,Pachagarh,Pachagarh/PS-28,28,28,,Pachagarh/PS-28(W),UR,,data/wb/gp_source_search/historical_expansion/coochbehar_FormBMTB1_e6cdd7ad.pdf,739fa06b3cf56237039b4ef5dbbb5b851a5d1df602a1858f3e866e529c79df85,2,1,18,"[27.983999999999998, 28.800000000000068, 815.7839879999999, 495.038]","[[""Pachagar"", ""3"", ""Pachagarh/PS-28"", ""Pachagarh - IV , V , VI , VII , VIII ,XVI , XVII"", ""2/232, 2/233, 2/234, 2/235, 2/236, 2/237, 2/246,\n2/247"", """", ""Pachagarh/PS-28(W)""]]",reservation_cell_unread,needs_review,,
5b7280cc67d3c5c3694b,West Bengal,Cooch Behar,2018,draft,block_ward_reservation,Pachagarh,Pachagarh/PS-29,29,29,,,UR,0,data/wb/gp_source_search/historical_expansion/coochbehar_FormBMTB1_e6cdd7ad.pdf,739fa06b3cf56237039b4ef5dbbb5b851a5d1df602a1858f3e866e529c79df85,2,1,19,"[27.983999999999998, 28.800000000000068, 815.7839879999999, 495.038]","[[null, null, ""Pachagarh/PS-29"", ""Pachagarh - II , III,XIV , XV , XVIII"", ""2/230, 2/231, 2/244, 2/245, 2/248"", """", """"]]",,native_fields_parsed,,
275925006bb74fda78f8,West Bengal,Cooch Behar,2018,draft,block_ward_reservation,Pachagarh,Pachagarh/PS-30,30,30,Pachagarh/PS-30(SC),,,0,data/wb/gp_source_search/historical_expansion/coochbehar_FormBMTB1_e6cdd7ad.pdf,739fa06b3cf56237039b4ef5dbbb5b851a5d1df602a1858f3e866e529c79df85,2,1,20,"[27.983999999999998, 28.800000000000068, 815.7839879999999, 495.038]","[[null, null, ""Pachagarh/PS-30"", ""Pachagarh -I , IX , X,XI , XII,XIII"", ""2/229, 2/238, 2/239, 2/240, 2/241, 2/242, 2/243"", ""Pachagarh/PS-30(SC)"", """"]]",reservation_cell_unread,needs_review,,
9aab9c6e687c4e9197a5,West Bengal,Cooch Behar,2018,draft,block_ward_reservation,Fulbari,Fulbari/PS-1,1,1,,Fulbari/PS-1 UR(W),UR,,data/wb/gp_source_search/historical_expansion/coochbehar_FormBMTB2_9bb48a39.pdf,8c34e22257a4393b7f33f275ee3af0ba981b840ceac90b318e4a967211bad7a1,1,1,3,"[42.984, 244.01000000000005, 816.600015, 473.0200000000001]","[[""Fulbari"", ""3"", ""Fulbari/PS-1"", ""Fulbari/I-IV,VI-VIII"", ""2/1, 2/2, 2/3, 2/4, 2/5, 2/7, 2/8, 2/9"", """", ""Fulbari/PS-1 UR(W)""]]",reservation_cell_unread,needs_review,,
b0be4b07bcff2f34245f,West Bengal,Cooch Behar,2018,draft,block_ward_reservation,Fulbari,Fulbari/PS-2,2,2,Fulbari/PS-2 (SC),,,0,data/wb/gp_source_search/historical_expansion/coochbehar_FormBMTB2_9bb48a39.pdf,8c34e22257a4393b7f33f275ee3af0ba981b840ceac90b318e4a967211bad7a1,1,1,4,"[42.984, 244.01000000000005, 816.600015, 473.0200000000001]","[[null, null, ""Fulbari/PS-2"", ""Fulbari/V, IX-XIII, XVII"", ""2/6, 2/10, 2/11, 2/12, 2/13, 2/14, 2/18"", ""Fulbari/PS-2 (SC)"", """"]]",reservation_cell_unread,needs_review,,
4d1cf3b89b0c5355d3ea,West Bengal,Cooch Behar,2018,draft,block_ward_reservation,Fulbari,Fulbari/PS-3,3,3,Fulbari/PS-3 (SC),Fulbari/PS-3 (SCW),,,data/wb/gp_source_search/historical_expansion/coochbehar_FormBMTB2_9bb48a39.pdf,8c34e22257a4393b7f33f275ee3af0ba981b840ceac90b318e4a967211bad7a1,1,1,5,"[42.984, 244.01000000000005, 816.600015, 473.0200000000001]","[[null, null, ""Fulbari/PS-3"", ""Fulbari/XIV-XVI, XVIII-XIX"", ""2/15, 2/16, 2/17, 2/19, 2/20, 2/21, 2/22"", ""Fulbari/PS-3 (SC)"", ""Fulbari/PS-3 (SCW)""]]",reservation_cell_unread;reservation_cell_unread,needs_review,,
79cb71910dbd01ce6903,West Bengal,Cooch Behar,2018,draft,block_ward_reservation,Barasoulmari,Barasoulmari/PS-4,4,4,Barasoulmari/PS-4 (SC),,,0,data/wb/gp_source_search/historical_expansion/coochbehar_FormBMTB2_9bb48a39.pdf,8c34e22257a4393b7f33f275ee3af0ba981b840ceac90b318e4a967211bad7a1,1,1,6,"[42.984, 244.01000000000005, 816.600015, 473.0200000000001]","[[""Barasoulmari"", ""3"", ""Barasoulmari/PS-4"", ""Barasoulmari/I-V, IX"", ""2/23, 2/24, 2/25, 2/26, 2/27, 2/28, 2/33"", ""Barasoulmari/PS-4 (SC)"", """"]]",reservation_cell_unread,needs_review,,
c35647e59a0fb668ec0a,West Bengal,Cooch Behar,2018,draft,block_ward_reservation,Barasoulmari,Barasoulmari/PS-5,5,5,,Barasoulmari/PS-5 UR (W),UR,,data/wb/gp_source_search/historical_expansion/coochbehar_FormBMTB2_9bb48a39.pdf,8c34e22257a4393b7f33f275ee3af0ba981b840ceac90b318e4a967211bad7a1,1,1,7,"[42.984, 244.01000000000005, 816.600015, 473.0200000000001]","[[null, null, ""Barasoulmari/PS-5"", ""Barasoulmari/VI-VIII, X-XIII"", ""2/29, 2/30, 2/31, 2/32, 2/34, 2/35, 2/36, 2/37"", """", ""Barasoulmari/PS-5 UR (W)""]]",reservation_cell_unread,needs_review,,
3e88eaf18037f241825c,West Bengal,Cooch Behar,2018,draft,block_ward_reservation,Barasoulmari,Barasoulmari/PS-6,6,6,Barasoulmari/PS-6 (SC),Barasoulmari/PS-6 (SCW),,,data/wb/gp_source_search/historical_expansion/coochbehar_FormBMTB2_9bb48a39.pdf,8c34e22257a4393b7f33f275ee3af0ba981b840ceac90b318e4a967211bad7a1,1,1,8,"[42.984, 244.01000000000005, 816.600015, 473.0200000000001]","[[null, null, ""Barasoulmari/PS-6"", ""Barasoulmari/XIV-XIX"", ""2/38, 2/39, 2/40, 2/41, 2/42, 2/43, 2/44, 2/45, 2/46"", ""Barasoulmari/PS-6 (SC)"", ""Barasoulmari/PS-6 (SCW)""]]",reservation_cell_unread;reservation_cell_unread,needs_review,,
ae3b080c11ca1547f4c1,West Bengal,Cooch Behar,2018,draft,block_ward_reservation,Latapota,Latapota/PS-7,7,7,Latapota/PS-7 (SC),,,0,data/wb/gp_source_search/historical_expansion/coochbehar_FormBMTB2_9bb48a39.pdf,8c34e22257a4393b7f33f275ee3af0ba981b840ceac90b318e4a967211bad7a1,1,1,9,"[42.984, 244.01000000000005, 816.600015, 473.0200000000001]","[[""Latapota"", ""3"", ""Latapota/PS-7"", ""Latapota/I-VI"", ""2/47, 2/48, 2/49, 2/50, 2/51, 2/52, 2/53"", ""Latapota/PS-7 (SC)"", """"]]",reservation_cell_unread,needs_review,,
8ef22b32b867ecd2fdca,West Bengal,Cooch Behar,2018,draft,block_ward_reservation,Latapota,Latapota/PS-8,8,8,Latapota/PS-8 (SC),Latapota/PS-8 (SCW),,,data/wb/gp_source_search/historical_expansion/coochbehar_FormBMTB2_9bb48a39.pdf,8c34e22257a4393b7f33f275ee3af0ba981b840ceac90b318e4a967211bad7a1,1,1,10,"[42.984, 244.01000000000005, 816.600015, 473.0200000000001]","[[null, null, ""Latapota/PS-8"", ""Latapota/VII-X, XV-XVI"", ""2/54, 2/55, 2/56, 2/57, 2/58, 2/59, 2/64, 2/65"", ""Latapota/PS-8 (SC)"", ""Latapota/PS-8 (SCW)""]]",reservation_cell_unread;reservation_cell_unread,needs_review,,
cc2243b2ea62936898bc,West Bengal,Cooch Behar,2018,draft,block_ward_reservation,Latapota,Latapota/PS-9,9,9,,Latapota/PS-9 UR (W),UR,,data/wb/gp_source_search/historical_expansion/coochbehar_FormBMTB2_9bb48a39.pdf,8c34e22257a4393b7f33f275ee3af0ba981b840ceac90b318e4a967211bad7a1,1,1,11,"[42.984, 244.01000000000005, 816.600015, 473.0200000000001]","[[null, null, ""Latapota/PS-9"", ""Latapota/XI-XIV, XVII-XVIII"", ""2/60, 2/61, 2/62, 2/63, 2/66, 2/67"", """", ""Latapota/PS-9 UR (W)""]]",reservation_cell_unread,needs_review,,
05a07560125d3d88158e,West Bengal,Cooch Behar,2018,draft,block_ward_reservation,Ghoksadanga,Ghoksadanga/PS-10,10,10,Ghoksadanga/PS-10 (SC),,,0,data/wb/gp_source_search/historical_expansion/coochbehar_FormBMTB2_9bb48a39.pdf,8c34e22257a4393b7f33f275ee3af0ba981b840ceac90b318e4a967211bad7a1,2,1,3,"[42.984, 63.360000000000014, 816.600015, 495.456]","[[""Ghoksadanga"", ""3"", ""Ghoksadanga/PS-10"", ""Ghoksadanga/I-IV"", ""2/68, 2/69, 2/70, 2/71, 2/72"", ""Ghoksadanga/PS-10 (SC)"", """"]]",reservation_cell_unread,needs_review,,
ebce076ffe66d3c35423,West Bengal,Cooch Behar,2018,draft,block_ward_reservation,Ghoksadanga,Ghoksadanga/PS-11,11,11,,,UR,0,data/wb/gp_source_search/historical_expansion/coochbehar_FormBMTB2_9bb48a39.pdf,8c34e22257a4393b7f33f275ee3af0ba981b840ceac90b318e4a967211bad7a1,2,1,4,"[42.984, 63.360000000000014, 816.600015, 495.456]","[[null, null, ""Ghoksadanga/PS-11"", ""Ghoksadanga/V-X"", ""2/73, 2/74, 2/75, 2/76, 2/77, 2/78"", """", """"]]",,native_fields_parsed,,
b5901a1b55703251a06f,West Bengal,Cooch Behar,2018,draft,block_ward_reservation,Ghoksadanga,Ghoksadanga/PS-12,12,12,,Ghoksadanga/PS-12 UR(W),UR,,data/wb/gp_source_search/historical_expansion/coochbehar_FormBMTB2_9bb48a39.pdf,8c34e22257a4393b7f33f275ee3af0ba981b840ceac90b318e4a967211bad7a1,2,1,5,"[42.984, 63.360000000000014, 816.600015, 495.456]","[[null, null, ""Ghoksadanga/PS-12"", ""Ghoksadanga/XI-XIV"", ""2/79, 2/80, 2/81, 2/82, 2/83, 2/84"", """", ""Ghoksadanga/PS-12 UR(W)""]]",reservation_cell_unread,needs_review,,
71c5820a9601f815ffc5,West Bengal,Cooch Behar,2018,draft,block_ward_reservation,Ruidanga,Ruidanga/PS-13,13,13,,Ruidanga/PS-13 UR(W),UR,,data/wb/gp_source_search/historical_expansion/coochbehar_FormBMTB2_9bb48a39.pdf,8c34e22257a4393b7f33f275ee3af0ba981b840ceac90b318e4a967211bad7a1,2,1,6,"[42.984, 63.360000000000014, 816.600015, 495.456]","[[""Ruidanga"", ""3"", ""Ruidanga/PS-13"", ""Ruidanga/I-III, XVII-XIX"", ""2/85, 2/86, 2/87, 2/88, 2/103, 2/104, 2/105"", """", ""Ruidanga/PS-13 UR(W)""]]",reservation_cell_unread,needs_review,,
5f1a8a3fed0c223eb262,West Bengal,Cooch Behar,2018,draft,block_ward_reservation,Ruidanga,Ruidanga/PS-14,14,14,,,UR,0,data/wb/gp_source_search/historical_expansion/coochbehar_FormBMTB2_9bb48a39.pdf,8c34e22257a4393b7f33f275ee3af0ba981b840ceac90b318e4a967211bad7a1,2,1,7,"[42.984, 63.360000000000014, 816.600015, 495.456]","[[null, null, ""Ruidanga/PS-14"", ""Ruidanga/IV, V, VIII, XIII-XVI"", ""2/89, 2/90, 2/93, 2/99, 2/100, 2/101, 2/102"", """", """"]]",,native_fields_parsed,,
50a19a403313069f6ae4,West Bengal,Cooch Behar,2018,draft,block_ward_reservation,Ruidanga,Ruidanga/PS-15,15,15,,Ruidanga/PS-15 UR(W),UR,,data/wb/gp_source_search/historical_expansion/coochbehar_FormBMTB2_9bb48a39.pdf,8c34e22257a4393b7f33f275ee3af0ba981b840ceac90b318e4a967211bad7a1,2,1,8,"[42.984, 63.360000000000014, 816.600015, 495.456]","[[null, null, ""Ruidanga/PS-15"", ""Ruidanga/VI-VII, IX-XII"", ""2/91, 2/92, 2/94, 2/95, 2/96, 2/97, 2/98"", """", ""Ruidanga/PS-15 UR(W)""]]",reservation_cell_unread,needs_review,,
acb21cd753e594d87646,West Bengal,Cooch Behar,2018,draft,block_ward_reservation,A.K.Paradubi,A.K.Paradubi/PS-16,16,16,A.K.Paradubi/PS-16 (SC),A.K.Paradubi/PS-16 (SCW),,,data/wb/gp_source_search/historical_expansion/coochbehar_FormBMTB2_9bb48a39.pdf,8c34e22257a4393b7f33f275ee3af0ba981b840ceac90b318e4a967211bad7a1,2,1,9,"[42.984, 63.360000000000014, 816.600015, 495.456]","[[""A.K.Paradubi"", ""3"", ""A.K.Paradubi/PS-16"", ""A.K.Paradubi/I-III, V-VI, VIII"", ""2/106, 2/107, 2/108, 2/109, 2/111, 2/112, 2/114"", ""A.K.Paradubi/PS-16 (SC)"", ""A.K.Paradubi/PS-16 (SCW)""]]",reservation_cell_unread;reservation_cell_unread,needs_review,,
514d676723fa4323c7e3,West Bengal,Cooch Behar,2018,draft,block_ward_reservation,A.K.Paradubi,A.K.Paradubi/PS-17,17,17,A.K.Paradubi/PS-17 (SC),,,0,data/wb/gp_source_search/historical_expansion/coochbehar_FormBMTB2_9bb48a39.pdf,8c34e22257a4393b7f33f275ee3af0ba981b840ceac90b318e4a967211bad7a1,2,1,10,"[42.984, 63.360000000000014, 816.600015, 495.456]","[[null, null, ""A.K.Paradubi/PS-17"", ""A.K.Paradubi/VII, XIII-XVIII"", ""2/113, 2/120, 2/121, 2/122, 2/123, 2/124, 2/125, 2/126"", ""A.K.Paradubi/PS-17 (SC)"", """"]]",reservation_cell_unread,needs_review,,
be56954b4663931ed3b9,West Bengal,Cooch Behar,2018,draft,block_ward_reservation,A.K.Paradubi,A.K.Paradubi/PS-18,18,18,A.K.Paradubi/PS-18 (SC),A.K.Paradubi/PS-18 (SCW),,,data/wb/gp_source_search/historical_expansion/coochbehar_FormBMTB2_9bb48a39.pdf,8c34e22257a4393b7f33f275ee3af0ba981b840ceac90b318e4a967211bad7a1,2,1,11,"[42.984, 63.360000000000014, 816.600015, 495.456]","[[null, null, ""A.K.Paradubi/PS-18"", ""A.K.Paradubi/IV, IX-XII"", ""2/110, 2/115, 2/116, 2/117, 2/118, 2/119"", ""A.K.Paradubi/PS-18 (SC)"", ""A.K.Paradubi/PS-18 (SCW)""]]",reservation_cell_unread;reservation_cell_unread,needs_review,,
c4613c59294bbfc5e1ee,West Bengal,Cooch Behar,2018,draft,block_ward_reservation,Unishbisha,Unishbisha/PS-19,19,19,,,UR,0,data/wb/gp_source_search/historical_expansion/coochbehar_FormBMTB2_9bb48a39.pdf,8c34e22257a4393b7f33f275ee3af0ba981b840ceac90b318e4a967211bad7a1,2,1,12,"[42.984, 63.360000000000014, 816.600015, 495.456]","[[""Unishbisha"", ""3"", ""Unishbisha/PS-19"", ""Unishbisha/I-VI"", ""2/127, 2/128, 2/129, 2/130, 2/131, 2/132, 2/133, 2/134"", """", """"]]",,native_fields_parsed,,
ec89ecec8d7055c88cd8,West Bengal,Cooch Behar,2018,draft,block_ward_reservation,Unishbisha,Unishbisha/PS-20,20,20,Unishbisha/PS-20 (SC),,,0,data/wb/gp_source_search/historical_expansion/coochbehar_FormBMTB2_9bb48a39.pdf,8c34e22257a4393b7f33f275ee3af0ba981b840ceac90b318e4a967211bad7a1,2,1,13,"[42.984, 63.360000000000014, 816.600015, 495.456]","[[null, null, ""Unishbisha/PS-20"", ""Unishbisha/VII-IX, XI-XIII"", ""2/135, 2/136, 2/137, 2/140, 2/141, 2/142, 2/143"", ""Unishbisha/PS-20 (SC)"", """"]]",reservation_cell_unread,needs_review,,
0e11237b55f5f442b126,West Bengal,Cooch Behar,2018,draft,block_ward_reservation,Unishbisha,Unishbisha/PS-21,21,21,,Unishbisha/PS-21 UR (W),UR,,data/wb/gp_source_search/historical_expansion/coochbehar_FormBMTB2_9bb48a39.pdf,8c34e22257a4393b7f33f275ee3af0ba981b840ceac90b318e4a967211bad7a1,2,1,14,"[42.984, 63.360000000000014, 816.600015, 495.456]","[[null, null, ""Unishbisha/PS-21"", ""Unishbisha/X, XIV-XX"", ""2/138, 2/139, 2/144, 2/145, 2/146, 2/147, 2/148, 2/149, 2/150, 2/151"", """", ""Unishbisha/PS-21 UR (W)""]]",reservation_cell_unread,needs_review,,
e795f4c0d8241491098f,West Bengal,Cooch Behar,2018,draft,block_ward_reservation,Premerdanga,Premerdanga/PS-22,22,22,,,UR,0,data/wb/gp_source_search/historical_expansion/coochbehar_FormBMTB2_9bb48a39.pdf,8c34e22257a4393b7f33f275ee3af0ba981b840ceac90b318e4a967211bad7a1,2,1,15,"[42.984, 63.360000000000014, 816.600015, 495.456]","[[""Premerdanga"", ""3"", ""Premerdanga/PS-22"", ""Premerdanga/I-IV"", ""2/152, 2/153, 2/154, 2/155, 2/156, 2/157, 2/158"", """", """"]]",,native_fields_parsed,,
1854164bbf6fae0bc821,West Bengal,Cooch Behar,2018,draft,block_ward_reservation,Premerdanga,Premerdanga/PS-23,23,23,Premerdanga/PS-23 (SC),Premerdanga/PS-23 (SCW),,,data/wb/gp_source_search/historical_expansion/coochbehar_FormBMTB2_9bb48a39.pdf,8c34e22257a4393b7f33f275ee3af0ba981b840ceac90b318e4a967211bad7a1,2,1,16,"[42.984, 63.360000000000014, 816.600015, 495.456]","[[null, null, ""Premerdanga/PS-23"", ""Premerdanga/V-VIII, XV-XVI"", ""2/159, 2/160, 2/161, 2/162, 2/170, 2/171"", ""Premerdanga/PS-23 (SC)"", ""Premerdanga/PS-23 (SCW)""]]",reservation_cell_unread;reservation_cell_unread,needs_review,,
c1d37e45daff86d05a04,West Bengal,Cooch Behar,2018,draft,block_ward_reservation,Premerdanga,Premerdanga/PS-24,24,24,,,UR,0,data/wb/gp_source_search/historical_expansion/coochbehar_FormBMTB2_9bb48a39.pdf,8c34e22257a4393b7f33f275ee3af0ba981b840ceac90b318e4a967211bad7a1,2,1,17,"[42.984, 63.360000000000014, 816.600015, 495.456]","[[null, null, ""Premerdanga/PS-24"", ""Premerdanga/IX-XIV"", ""2/163, 2/164, 2/165, 2/166, 2/167, 2/168, 2/169"", """", """"]]",,native_fields_parsed,,
a2dc8bec47c6ae7fad2e,West Bengal,Cooch Behar,2018,draft,block_ward_reservation,Nishiganj-II,Nishiganj-II/PS-25,25,25,Nishiganj-II/PS-25 (SC),,,0,data/wb/gp_source_search/historical_expansion/coochbehar_FormBMTB2_9bb48a39.pdf,8c34e22257a4393b7f33f275ee3af0ba981b840ceac90b318e4a967211bad7a1,2,1,18,"[42.984, 63.360000000000014, 816.600015, 495.456]","[[""Nishiganj-II"", ""3"", ""Nishiganj-II/PS-25"", ""Nishiganj-II/I-IV"", ""2/172, 2/173, 2/174, 2/175"", ""Nishiganj-II/PS-25 (SC)"", """"]]",reservation_cell_unread,needs_review,,
5d3f47b012684b08fa83,West Bengal,Cooch Behar,2018,draft,block_ward_reservation,Nishiganj-II,Nishiganj-II/PS-26,26,26,,,UR,0,data/wb/gp_source_search/historical_expansion/coochbehar_FormBMTB2_9bb48a39.pdf,8c34e22257a4393b7f33f275ee3af0ba981b840ceac90b318e4a967211bad7a1,2,1,19,"[42.984, 63.360000000000014, 816.600015, 495.456]","[[null, null, ""Nishiganj-II/PS-26"", ""Nishiganj-II/V-VIII"", ""2/176, 2/177, 2/178, 2/179"", """", """"]]",,native_fields_parsed,,
117098bd34102318fcec,West Bengal,Cooch Behar,2018,draft,block_ward_reservation,Nishiganj-II,Nishiganj-II/PS-27,27,27,Nishiganj-II/PS-27 (SC),Nishiganj-II/PS-27 (SCW),,,data/wb/gp_source_search/historical_expansion/coochbehar_FormBMTB2_9bb48a39.pdf,8c34e22257a4393b7f33f275ee3af0ba981b840ceac90b318e4a967211bad7a1,2,1,20,"[42.984, 63.360000000000014, 816.600015, 495.456]","[[null, null, ""Nishiganj-II/PS-27"", ""Nishiganj-II/IX-XI"", ""2/180, 2/181, 2/182, 2/183, 2/184"", ""Nishiganj-II/PS-27 (SC)"", ""Nishiganj-II/PS-27 (SCW)""]]",reservation_cell_unread;reservation_cell_unread,needs_review,,
93e3dfface8188fc132d,West Bengal,Cooch Behar,2018,draft,block_ward_reservation,Nishiganj-I,Nishiganj-I/PS-28,28,28,,Nishiganj-I/PS-28 UR (W),UR,,data/wb/gp_source_search/historical_expansion/coochbehar_FormBMTB2_9bb48a39.pdf,8c34e22257a4393b7f33f275ee3af0ba981b840ceac90b318e4a967211bad7a1,2,1,21,"[42.984, 63.360000000000014, 816.600015, 495.456]","[[""Nishiganj-I"", ""3"", ""Nishiganj-I/PS-28"", ""Nishiganj-I/I-IV, IX"", ""2/185, 2/186, 2/187, 2/188, 2/189, 2/195"", """", ""Nishiganj-I/PS-28 UR (W)""]]",reservation_cell_unread,needs_review,,
dd93a76a01936227e65a,West Bengal,Cooch Behar,2018,draft,block_ward_reservation,Nishiganj-I,Nishiganj-I/PS-29,29,29,Nishiganj-I/PS-29 (SC),,,0,data/wb/gp_source_search/historical_expansion/coochbehar_FormBMTB2_9bb48a39.pdf,8c34e22257a4393b7f33f275ee3af0ba981b840ceac90b318e4a967211bad7a1,2,1,22,"[42.984, 63.360000000000014, 816.600015, 495.456]","[[null, null, ""Nishiganj-I/PS-29"", ""Nishiganj-I/V-VI, VIII, XIV"", ""2/190, 2/191, 2/193, 2/194, 2/200, 2/201"", ""Nishiganj-I/PS-29 (SC)"", """"]]",reservation_cell_unread,needs_review,,
7b5c5ec08c451fde9038,West Bengal,Cooch Behar,2018,draft,block_ward_reservation,Nishiganj-I,Nishiganj-I/PS-30,30,30,,,UR,0,data/wb/gp_source_search/historical_expansion/coochbehar_FormBMTB2_9bb48a39.pdf,8c34e22257a4393b7f33f275ee3af0ba981b840ceac90b318e4a967211bad7a1,2,1,23,"[42.984, 63.360000000000014, 816.600015, 495.456]","[[null, null, ""Nishiganj-I/PS-30"", ""Nishiganj-I/VII, X-XIII"", ""2/192, 2/196, 2/197, 2/198, 2/199"", """", """"]]",,native_fields_parsed,,
2567e18c872bb0ea2f40,West Bengal,Cooch Behar,2018,draft,block_ward_reservation,KHALISAMARI,KHALISAMARI /PS-1,1,1,1-SC,,SC,0,data/wb/gp_source_search/historical_expansion/coochbehar_FormBSLK_4200cdad.pdf,3f3a690cd0aeb7b2b7880489a8bf6ce25d0f3811f6195b467ed8b63174f18e3d,1,1,3,"[112.22, 175.34000500000005, 728.7599849999999, 452.5]","[[""KHALISAMARI"", ""3"", ""KHALISAMARI /PS-1"", ""KHALISAMARI/I"", ""5/131,132,133,134,135,136,137, 138"", ""1-SC"", """"], [null, null, null, ""KHALISAMARI/II"", null, null, null], [null, null, null, ""KHALISAMARI/III"", null, null, null], [null, null, null, ""KHALISAMARI/IV"", null, null, null], [null, null, null, ""KHALISAMARI/V"", null, null, null], [null, null, null, ""KHALISAMARI/VI"", null, null, null]]",,native_fields_parsed,,
8f8c82d38dbe38e2fc41,West Bengal,Cooch Behar,2018,draft,block_ward_reservation,KHALISAMARI,KHALISAMARI /PS-2,2,2,2-SC,2-SCW,SC,1,data/wb/gp_source_search/historical_expansion/coochbehar_FormBSLK_4200cdad.pdf,3f3a690cd0aeb7b2b7880489a8bf6ce25d0f3811f6195b467ed8b63174f18e3d,1,1,9,"[112.22, 175.34000500000005, 728.7599849999999, 452.5]","[[""KHALISAMARI"", ""-"", ""KHALISAMARI /PS-2"", ""KHALISAMARI/VII"", ""5/139,140,141,142,143,144,145"", ""2-SC"", ""2-SCW""], [null, null, null, ""KHALISAMARI/VIII"", null, null, null], [null, null, null, ""KHALISAMARI/IX"", null, null, null], [null, null, null, ""KHALISAMARI/X"", null, null, null], [null, null, null, ""KHALISAMARI/XI"", null, null, null], [null, null, null, ""KHALISAMARI/XII"", null, null, null], [null, null, null, ""KHALISAMARI/XIII"", null, null, null]]",,native_fields_parsed,,
c44d9a6cb9bfd7c52851,West Bengal,Cooch Behar,2018,draft,block_ward_reservation,KHALISAMARI,KHALISAMARI /PS-3,3,3,3-SC,,SC,0,data/wb/gp_source_search/historical_expansion/coochbehar_FormBSLK_4200cdad.pdf,3f3a690cd0aeb7b2b7880489a8bf6ce25d0f3811f6195b467ed8b63174f18e3d,1,1,16,"[112.22, 175.34000500000005, 728.7599849999999, 452.5]","[[""KHALISAMARI"", ""-"", ""KHALISAMARI /PS-3"", ""KHALISAMARI/XIV"", ""5/146,147,148,149,150,151,152, 153"", ""3-SC"", """"], [null, null, null, ""KHALISAMARI/XV"", null, null, null], [null, null, null, ""KHALISAMARI/XVI"", null, null, null], [null, null, null, ""KHALISAMARI/XVII"", null, null, null], [null, null, null, ""KHALISAMARI/XVIII"", null, null, null]]",,native_fields_parsed,,
a9991e20dc35b7f757f7,West Bengal,Cooch Behar,2018,draft,block_ward_reservation,BARAKAIMARI,BARAKAIMARI /PS-4,4,4,,4-W,UR,1,data/wb/gp_source_search/historical_expansion/coochbehar_FormBSLK_4200cdad.pdf,3f3a690cd0aeb7b2b7880489a8bf6ce25d0f3811f6195b467ed8b63174f18e3d,2,1,3,"[112.22, 25.32000000000005, 728.7599849999999, 470.14]","[[""BAROKOIMARI"", ""3"", ""BARAKAIMARI /PS-4"", ""BARAKAIMARI/I"", ""5/154, 155, 163, 170, 171"", """", ""4-W""], [null, null, null, ""BARAKAIMARI/II"", null, null, null], [null, null, null, ""BARAKAIMARI/IX"", null, null, null], [null, null, null, ""BARAKAIMARI/XV"", null, null, null], [null, null, null, ""BARAKAIMARI/XVI"", null, null, null]]",,native_fields_parsed,,
79ec90edaa957d942837,West Bengal,Cooch Behar,2018,draft,block_ward_reservation,BARAKAIMARI,BARAKAIMARI /PS-5,5,5,,5-W,UR,1,data/wb/gp_source_search/historical_expansion/coochbehar_FormBSLK_4200cdad.pdf,3f3a690cd0aeb7b2b7880489a8bf6ce25d0f3811f6195b467ed8b63174f18e3d,2,1,8,"[112.22, 25.32000000000005, 728.7599849999999, 470.14]","[[""BAROKOIMARI"", ""-"", ""BARAKAIMARI /PS-5"", ""BARAKAIMARI/III"", ""5/156,157,158,159,160,161, 162"", """", ""5-W""], [null, null, null, ""BARAKAIMARI/IV"", null, null, null], [null, null, null, ""BARAKAIMARI/V"", null, null, null], [null, null, null, ""BARAKAIMARI/VI"", null, null, null], [null, null, null, ""BARAKAIMARI/VII"", null, null, null], [null, null, null, ""BARAKAIMARI/VIII"", null, null, null]]",,native_fields_parsed,,
d5af75acd684e0636441,West Bengal,Cooch Behar,2018,draft,block_ward_reservation,BARAKAIMARI,BARAKAIMARI /PS-6,6,6,6-SC,6-SCW,SC,1,data/wb/gp_source_search/historical_expansion/coochbehar_FormBSLK_4200cdad.pdf,3f3a690cd0aeb7b2b7880489a8bf6ce25d0f3811f6195b467ed8b63174f18e3d,2,1,14,"[112.22, 25.32000000000005, 728.7599849999999, 470.14]","[[""BAROKOIMARI"", ""-"", ""BARAKAIMARI /PS-6"", ""BARAKAIMARI/X"", ""5/164,165,166,167,168, 169"", ""6-SC"", ""6-SCW""], [null, null, null, ""BARAKAIMARI/XI"", null, null, null], [null, null, null, ""BARAKAIMARI/XII"", null, null, null], [null, null, null, ""BARAKAIMARI/XIII"", null, null, null], [null, null, null, ""BARAKAIMARI/XIV"", null, null, null]]",,native_fields_parsed,,
9b8fb0b5ac51b9410ddf,West Bengal,Cooch Behar,2018,draft,block_ward_reservation,BHAWAIRTHANA,BHAWAIRTHANA /PS-7,7,7,,7-W,UR,1,data/wb/gp_source_search/historical_expansion/coochbehar_FormBSLK_4200cdad.pdf,3f3a690cd0aeb7b2b7880489a8bf6ce25d0f3811f6195b467ed8b63174f18e3d,2,1,19,"[112.22, 25.32000000000005, 728.7599849999999, 470.14]","[[""BHAWAIRTHANA"", ""3"", ""BHAWAIRTHANA /PS-7"", ""BHAWAIRTHANA/I"", ""5/172 ,173,174,175,190,191,192"", """", ""7-W""], [null, null, null, ""BHAWAIRTHANA/II"", null, null, null], [null, null, null, ""BHAWAIRTHANA/XIV"", null, null, null], [null, null, null, ""BHAWAIRTHANA/XV"", null, null, null], [null, null, null, ""BHAWAIRTHANA/XVI"", null, null, null]]",,native_fields_parsed,,
b03f8fc86d3eeb9c2e79,West Bengal,Cooch Behar,2018,draft,block_ward_reservation,BHAWAIRTHANA,BHAWAIRTHANA /PS-8,8,8,,8-W,UR,1,data/wb/gp_source_search/historical_expansion/coochbehar_FormBSLK_4200cdad.pdf,3f3a690cd0aeb7b2b7880489a8bf6ce25d0f3811f6195b467ed8b63174f18e3d,2,1,24,"[112.22, 25.32000000000005, 728.7599849999999, 470.14]","[[""BHAWAIRTHANA"", ""-"", ""BHAWAIRTHANA /PS-8"", ""BHAWAIRTHANA/III"", ""5/176,177,178,179,180,181,182"", """", ""8-W""], [null, null, null, ""BHAWAIRTHANA/IV"", null, null, null], [null, null, null, ""BHAWAIRTHANA/V"", null, null, null], [null, null, null, ""BHAWAIRTHANA/VI"", null, null, null], [null, null, null, ""BHAWAIRTHANA/VII"", null, null, null], [null, null, null, ""BHAWAIRTHANA/VIII"", null, null, null]]",,native_fields_parsed,,
b3ca12a2a3c8418deae1,West Bengal,Cooch Behar,2018,draft,block_ward_reservation,BHAWAIRTHANA,BHAWAIRTHANA /PS-9,9,9,9-SC,,SC,0,data/wb/gp_source_search/historical_expansion/coochbehar_FormBSLK_4200cdad.pdf,3f3a690cd0aeb7b2b7880489a8bf6ce25d0f3811f6195b467ed8b63174f18e3d,2,1,30,"[112.22, 25.32000000000005, 728.7599849999999, 470.14]","[[""BHAWAIRTHANA"", ""-"", ""BHAWAIRTHANA /PS-9"", ""BHAWAIRTHANA/IX"", ""5/183,184,185,186,187,188,189"", ""9-SC"", """"], [null, null, null, ""BHAWAIRTHANA/X"", null, null, null], [null, null, null, ""BHAWAIRTHANA/XI"", null, null, null], [null, null, null, ""BHAWAIRTHANA XII"", null, null, null], [null, null, null, ""BHAWAIRTHANA/XIII"", null, null, null]]",,native_fields_parsed,,
5cdff6e1fde120001e9c,West Bengal,Cooch Behar,2018,draft,block_ward_reservation,GOSAIRHAT,GOSAIRHAT /PS-10,10,10,10-SC,10-SCW,SC,1,data/wb/gp_source_search/historical_expansion/coochbehar_FormBSLK_4200cdad.pdf,3f3a690cd0aeb7b2b7880489a8bf6ce25d0f3811f6195b467ed8b63174f18e3d,3,1,3,"[112.22, 25.32000000000005, 728.7599849999999, 550.560015]","[[""GOSSAIRHAT"", ""3"", ""GOSAIRHAT /PS-10"", ""GOSAIRHAT/I"", ""5/193,194,210,211,212,213, 214"", ""10-SC"", ""10-SCW""], [null, null, null, ""GOSAIRHAT/II"", null, null, null], [null, null, null, ""GOSAIRHAT/XV"", null, null, null], [null, null, null, ""GOSAIRHAT/XVI"", null, null, null], [null, null, null, ""GOSAIRHAT/XVII"", null, null, null]]",,native_fields_parsed,,
7ed1af197be562e16b8b,West Bengal,Cooch Behar,2018,draft,block_ward_reservation,GOSAIRHAT,GOSAIRHAT /PS-11,11,11,11-SC,,SC,0,data/wb/gp_source_search/historical_expansion/coochbehar_FormBSLK_4200cdad.pdf,3f3a690cd0aeb7b2b7880489a8bf6ce25d0f3811f6195b467ed8b63174f18e3d,3,1,8,"[112.22, 25.32000000000005, 728.7599849999999, 550.560015]","[[""GOSSAIRHAT"", ""-"", ""GOSAIRHAT /PS-11"", ""GOSAIRHAT / VII"", ""5/200,201,202,203,204,205"", ""11-SC"", """"], [null, null, null, ""GOSAIRHAT/VIII"", null, null, null], [null, null, null, ""GOSAIRHAT/IX"", null, null, null], [null, null, null, ""GOSAIRHAT/X"", null, null, null], [null, null, null, ""GOSAIRHAT/XI"", null, null, null]]",,native_fields_parsed,,
d167ef3d4cd7a2b46f27,West Bengal,Cooch Behar,2018,draft,block_ward_reservation,GOSAIRHAT,GOSAIRHAT /PS-12,12,12,12-SC,12-SCW,SC,1,data/wb/gp_source_search/historical_expansion/coochbehar_FormBSLK_4200cdad.pdf,3f3a690cd0aeb7b2b7880489a8bf6ce25d0f3811f6195b467ed8b63174f18e3d,3,1,13,"[112.22, 25.32000000000005, 728.7599849999999, 550.560015]","[[""GOSSAIRHAT"", ""-"", ""GOSAIRHAT /PS-12"", ""GOSAIRHAT/III"", ""5/195,196,197,198,199,206,207 ,208,\n209"", ""12-SC"", ""12-SCW""], [null, null, null, ""GOSAIRHAT/IV"", null, null, null], [null, null, null, ""GOSAIRHAT/V"", null, null, null], [null, null, null, ""GOSAIRHAT/VI"", null, null, null], [null, null, null, ""GOSAIRHAT/XII"", null, null, null], [null, null, null, ""GOSAIRHAT/XIII"", null, null, null], [null, null, null, ""GOSAIRHAT/XIV"", null, null, null]]",,native_fields_parsed,,
8da78c77ff46e7f83f32,West Bengal,Cooch Behar,2018,draft,block_ward_reservation,SITALKUCHI,SITALKUCHI /PS-13,13,13,13-SC,,SC,0,data/wb/gp_source_search/historical_expansion/coochbehar_FormBSLK_4200cdad.pdf,3f3a690cd0aeb7b2b7880489a8bf6ce25d0f3811f6195b467ed8b63174f18e3d,3,1,20,"[112.22, 25.32000000000005, 728.7599849999999, 550.560015]","[[""SITALKUCHI"", ""3"", ""SITALKUCHI /PS-13"", ""SITALKUCHI/I"", ""5/215, 216, 217, 218,\n219,220,221,222, 225, 226"", ""13-SC"", """"], [null, null, null, ""SITALKUCHI/II"", null, null, null], [null, null, null, ""SITALKUCHI/III"", null, null, null], [null, null, null, ""SITALKUCHI/IV"", null, null, null], [null, null, null, ""SITALKUCHI/V"", null, null, null], [null, null, null, ""SITALKUCHI/VI"", null, null, null], [null, null, null, ""SITALKUCHI/IX"", null, null, null]]",,native_fields_parsed,,
d208fd09a97decfa3e67,West Bengal,Cooch Behar,2018,draft,block_ward_reservation,SITALKUCHI,SITALKUCHI /PS-14,14,14,14-SC,14-SCW,SC,1,data/wb/gp_source_search/historical_expansion/coochbehar_FormBSLK_4200cdad.pdf,3f3a690cd0aeb7b2b7880489a8bf6ce25d0f3811f6195b467ed8b63174f18e3d,3,1,27,"[112.22, 25.32000000000005, 728.7599849999999, 550.560015]","[[""SITALKUCHI"", ""-"", ""SITALKUCHI /PS-14"", ""SITALKUCHI/VII"", ""5/223,224,227,228, 232,233,234,235,\n236"", ""14-SC"", ""14-SCW""], [null, null, null, ""SITALKUCHI/VIII"", null, null, null], [null, null, null, ""SITALKUCHI/X"", null, null, null], [null, null, null, ""SITALKUCHI/XIV"", null, null, null], [null, null, null, ""SITALKUCHI/XV"", null, null, null], [null, null, null, ""SITALKUCHI/XVI"", null, null, null], [null, null, null, ""SITALKUCHI/XVII"", null, null, null]]",,native_fields_parsed,,
0c1265f3854d6b974f4a,West Bengal,Cooch Behar,2018,draft,block_ward_reservation,SITALKUCHI,SITALKUCHI /PS-15,15,15,,15-W,UR,1,data/wb/gp_source_search/historical_expansion/coochbehar_FormBSLK_4200cdad.pdf,3f3a690cd0aeb7b2b7880489a8bf6ce25d0f3811f6195b467ed8b63174f18e3d,3,1,34,"[112.22, 25.32000000000005, 728.7599849999999, 550.560015]","[[""SITALKUCHI"", ""-"", ""SITALKUCHI /PS-15"", ""SITALKUCHI/XI"", ""5/229,230,231,237,238,239,240,\n241,242\nes"", """", ""15-W""], [null, null, null, ""SITALKUCHI/XII"", null, null, null], [null, null, null, ""SITALKUCHI/XIII"", null, null, null], [null, null, null, ""SITALKUCHI/XVIII"", null, null, null], [null, null, null, ""SITALKUCHI/XIX"", null, null, null], [null, null, null, ""SITALKUCHI/XX"", null, null, null], [null, null, null, ""SITALKUCHI/XXI"", null, null, null], [null, null, null, ""SITALKUCHI/XXII"", null, null, null], [null, null, null, ""SITALKUCHI/XXIII\nPage 3 of total 5 pag"", null, null, null]]",,native_fields_parsed,,
6fe83fe005242266b0d0,West Bengal,Cooch Behar,2018,draft,block_ward_reservation,CHHOTOSALBARI,CHHOTOSALBARI /PS-16,16,16,16-SC,,SC,0,data/wb/gp_source_search/historical_expansion/coochbehar_FormBSLK_4200cdad.pdf,3f3a690cd0aeb7b2b7880489a8bf6ce25d0f3811f6195b467ed8b63174f18e3d,4,1,3,"[112.22, 25.32000000000005, 728.7599849999999, 478.06000000000006]","[[""CHHOTOSALBARI"", ""3"", ""CHHOTOSALBARI /PS-16"", ""CHHOTOSALBARI/I"", ""5/243,244,245,246,247,262,263, 264"", ""16-SC"", """"], [null, null, null, ""CHHOTOSALBARI/II"", null, null, null], [null, null, null, ""CHHOTOSALBARI/III"", null, null, null], [null, null, null, ""CHHOTOSALBARI/IV"", null, null, null], [null, null, null, ""CHHOTOSALBARI/XVIII"", null, null, null], [null, null, null, ""CHHOTOSALBARI/XIX"", null, null, null], [null, null, null, ""CHHOTOSALBARI/XX"", null, null, null]]",,native_fields_parsed,,
fd416dc23b2a03f18d03,West Bengal,Cooch Behar,2018,draft,block_ward_reservation,CHHOTOSALBARI,CHHOTOSALBARI /PS-17,17,17,,,UR,0,data/wb/gp_source_search/historical_expansion/coochbehar_FormBSLK_4200cdad.pdf,3f3a690cd0aeb7b2b7880489a8bf6ce25d0f3811f6195b467ed8b63174f18e3d,4,1,10,"[112.22, 25.32000000000005, 728.7599849999999, 478.06000000000006]","[[""CHHOTOSALBARI"", ""-"", ""CHHOTOSALBARI /PS-17"", ""CHHOTOSALBARI/V"", ""5/248,249,250,251,256,257"", """", """"], [null, null, null, ""CHHOTOSALBARI/VI"", null, null, null], [null, null, null, ""CHHOTOSALBARI/VII"", null, null, null], [null, null, null, ""CHHOTOSALBARI/XII"", null, null, null], [null, null, null, ""CHHOTOSALBARI/XIII"", null, null, null]]",,native_fields_parsed,,
147a1fbb95a11895d5ba,West Bengal,Cooch Behar,2018,draft,block_ward_reservation,CHHOTOSALBARI,CHHOTOSALBARI /PS-18,18,18,,,UR,0,data/wb/gp_source_search/historical_expansion/coochbehar_FormBSLK_4200cdad.pdf,3f3a690cd0aeb7b2b7880489a8bf6ce25d0f3811f6195b467ed8b63174f18e3d,4,1,15,"[112.22, 25.32000000000005, 728.7599849999999, 478.06000000000006]","[[""CHHOTOSALBARI"", ""-"", ""CHHOTOSALBARI /PS-18"", ""CHHOTOSALBARI/VIII"", ""5/252,253,254,255,258,259,260, 261"", """", """"], [null, null, null, ""CHHOTOSALBARI/IX"", null, null, null], [null, null, null, ""CHHOTOSALBARI/X"", null, null, null], [null, null, null, ""CHHOTOSALBARI/XI"", null, null, null], [null, null, null, ""CHHOTOSALBARI/XIV"", null, null, null], [null, null, null, ""CHHOTOSALBARI/XV"", null, null, null], [null, null, null, ""CHHOTOSALBARI/XVI"", null, null, null], [null, null, null, ""CHHOTOSALBARI/XVII"", null, null, null]]",,native_fields_parsed,,
7f7531ba2010907b2fd7,West Bengal,Cooch Behar,2018,draft,block_ward_reservation,LALBAZAR,LALBAZAR /PS-19,19,19,,,UR,0,data/wb/gp_source_search/historical_expansion/coochbehar_FormBSLK_4200cdad.pdf,3f3a690cd0aeb7b2b7880489a8bf6ce25d0f3811f6195b467ed8b63174f18e3d,4,1,23,"[112.22, 25.32000000000005, 728.7599849999999, 478.06000000000006]","[[""LALBAZAR"", ""3"", ""LALBAZAR /PS-19"", ""LALBAZAR/I"", ""5/265,266,267,268,269,275,276"", """", """"], [null, null, null, ""LALBAZAR/II"", null, null, null], [null, null, null, ""LALBAZAR/III"", null, null, null], [null, null, null, ""LALBAZAR/IV"", null, null, null], [null, null, null, ""LALBAZAR/X"", null, null, null], [null, null, null, ""LALBAZAR/XI"", null, null, null]]",,native_fields_parsed,,
54b020bef07bace0d3e1,West Bengal,Cooch Behar,2018,draft,block_ward_reservation,LALBAZAR,LALBAZAR /PS-20,20,20,,,UR,0,data/wb/gp_source_search/historical_expansion/coochbehar_FormBSLK_4200cdad.pdf,3f3a690cd0aeb7b2b7880489a8bf6ce25d0f3811f6195b467ed8b63174f18e3d,4,1,29,"[112.22, 25.32000000000005, 728.7599849999999, 478.06000000000006]","[[""LALBAZAR"", ""-"", ""LALBAZAR /PS-20"", ""LALBAZAR/V"", ""5/270,271,272,273,274,277"", """", """"], [null, null, null, ""LALBAZAR/VI"", null, null, null], [null, null, null, ""LALBAZAR/VII"", null, null, null], [null, null, null, ""LALBAZAR/VIII"", null, null, null], [null, null, null, ""LALBAZAR/IX"", null, null, null], [null, null, null, ""LALBAZAR/XII"", null, null, null]]",,native_fields_parsed,,
736ebca51d44ce570631,West Bengal,Cooch Behar,2018,draft,block_ward_reservation,LALBAZAR,LALBAZAR /PS-21,21,21,,,UR,0,data/wb/gp_source_search/historical_expansion/coochbehar_FormBSLK_4200cdad.pdf,3f3a690cd0aeb7b2b7880489a8bf6ce25d0f3811f6195b467ed8b63174f18e3d,5,1,3,"[112.22, 25.32000000000005, 728.7599849999999, 349.51]","[[""LALBAZAR"", ""-"", ""LALBAZAR /PS-21"", ""LALBAZAR/XIII"", ""5/278,279,280,281,282,283"", """", """"], [null, null, null, ""LALBAZAR/XIV"", null, null, null], [null, null, null, ""LALBAZAR/XV"", null, null, null], [null, null, null, ""LALBAZAR/XVI"", null, null, null], [null, null, null, ""LALBAZAR/XVII"", null, null, null], [null, null, null, ""LALBAZAR/XVIII"", null, null, null]]",,native_fields_parsed,,
308605485e7968e22cd6,West Bengal,Cooch Behar,2018,draft,block_ward_reservation,GOLENOWHATI,GOLENOWHATI /PS-22,22,22,22-SC,22-SCW,SC,1,data/wb/gp_source_search/historical_expansion/coochbehar_FormBSLK_4200cdad.pdf,3f3a690cd0aeb7b2b7880489a8bf6ce25d0f3811f6195b467ed8b63174f18e3d,5,1,9,"[112.22, 25.32000000000005, 728.7599849999999, 349.51]","[[""GOLENOWHATI"", ""3"", ""GOLENOWHATI /PS-22"", ""GOLENOWHATI/I"", ""5/284,286,288,295,296"", ""22-SC"", ""22-SCW""], [null, null, null, ""GOLENOWHATI/III"", null, null, null], [null, null, null, ""GOLENOWHATI/V"", null, null, null], [null, null, null, ""GOLENOWHATI/X"", null, null, null], [null, null, null, ""GOLENOWHATI/XI"", null, null, null]]",,native_fields_parsed,,
e817c74a7843af080c63,West Bengal,Cooch Behar,2018,draft,block_ward_reservation,GOLENOWHATI,GOLENOWHATI /PS-23,23,23,,,UR,0,data/wb/gp_source_search/historical_expansion/coochbehar_FormBSLK_4200cdad.pdf,3f3a690cd0aeb7b2b7880489a8bf6ce25d0f3811f6195b467ed8b63174f18e3d,5,1,14,"[112.22, 25.32000000000005, 728.7599849999999, 349.51]","[[""GOLENOWHATI"", ""-"", ""GOLENOWHATI /PS-23"", ""GOLENOWHATI/VIII"", ""5/291,292,293,294,300"", """", """"], [null, null, null, ""GOLENOWHATI/IX"", null, null, null], [null, null, null, ""GOLENOWHATI/XV"", null, null, null]]",,native_fields_parsed,,
590ea0975e0e832d5c77,West Bengal,Cooch Behar,2018,draft,block_ward_reservation,GOLENOWHATI,GOLENOWHATI /PS-24,24,24,,24-W,UR,1,data/wb/gp_source_search/historical_expansion/coochbehar_FormBSLK_4200cdad.pdf,3f3a690cd0aeb7b2b7880489a8bf6ce25d0f3811f6195b467ed8b63174f18e3d,5,1,17,"[112.22, 25.32000000000005, 728.7599849999999, 349.51]","[[""GOLENOWHATI"", ""-"", ""GOLENOWHATI /PS-24"", ""GOLENOWHATI/II"", ""5/285,287,289,290, 297,298, 299"", """", ""24-W""], [null, null, null, ""GOLENOWHATI/IV"", null, null, null], [null, null, null, ""GOLENOWHATI/VI"", null, null, null], [null, null, null, ""GOLENOWHATI/VII"", null, null, null], [null, null, null, ""GOLENOWHATI/XII"", null, null, null], [null, null, null, ""GOLENOWHATI/XIII"", null, null, null], [null, null, null, ""GOLENOWHATI/XIV"", null, null, null]]",,native_fields_parsed,,
eddbfdd1030b95d2a561,West Bengal,Cooch Behar,2018,draft,block_ward_reservation,Adabari,Adabari/PS-1,1,1,SC-1,,,0,data/wb/gp_source_search/historical_expansion/coochbehar_FormBSitai_0eda5b25.pdf,68ca8d2e993415d0b1c0fcd72930fb2f68721fa113f1cbc24842d0015ac64c3f,1,1,4,"[170.240005, 190.76000500000006, 679.1200200000001, 466.83999500000004]","[[""ira\nb\na\nd\nA"", ""3"", ""Adabari/PS-1"", ""Adabari (I,II,III,IV,V)"", ""1,2,3,4,5/1,5/2"", ""6/1,6/2,6/3,6/4,6/5,6/6"", ""SC-1"", """"]]",reservation_cell_unread,needs_review,,
08a44686a64d5d3d6f90,West Bengal,Cooch Behar,2018,draft,block_ward_reservation,Adabari,Adabari/PS-2,2,2,,,UR,0,data/wb/gp_source_search/historical_expansion/coochbehar_FormBSitai_0eda5b25.pdf,68ca8d2e993415d0b1c0fcd72930fb2f68721fa113f1cbc24842d0015ac64c3f,1,1,5,"[170.240005, 190.76000500000006, 679.1200200000001, 466.83999500000004]","[[null, null, ""Adabari/PS-2"", ""Adabari (VI,VII,VIII,IX,X,XIII)"", ""6,7,8,9/1,9/2,10/1,10/2,13"", ""6/7,6/8,6/9,6/10,6/11,6/12,6/13,6/16"", """", """"]]",,native_fields_parsed,,
ffbdc16e99b1e68b79a4,West Bengal,Cooch Behar,2018,draft,block_ward_reservation,Adabari,Adabari/PS-3,3,3,SC-3,W-3,,,data/wb/gp_source_search/historical_expansion/coochbehar_FormBSitai_0eda5b25.pdf,68ca8d2e993415d0b1c0fcd72930fb2f68721fa113f1cbc24842d0015ac64c3f,1,1,6,"[170.240005, 190.76000500000006, 679.1200200000001, 466.83999500000004]","[[null, null, ""Adabari/PS-3"", ""Adabari\n(XI,XII,XIV,XV,XVI,XVII)"", ""11,12,14,15,16,17"", ""6/14.6/15,6/17,6/18,6/19,6/20"", ""SC-3"", ""W-3""]]",reservation_cell_unread;reservation_cell_unread,needs_review,,
49f882f0d5e18a794f61,West Bengal,Cooch Behar,2018,draft,block_ward_reservation,Br.Chatra,Br.Chatra/PS-4,4,4,,W-4,UR,,data/wb/gp_source_search/historical_expansion/coochbehar_FormBSitai_0eda5b25.pdf,68ca8d2e993415d0b1c0fcd72930fb2f68721fa113f1cbc24842d0015ac64c3f,1,1,7,"[170.240005, 190.76000500000006, 679.1200200000001, 466.83999500000004]","[[""A\nR\nT\nA\nH\nC\nR\nB"", ""3"", ""Br.Chatra/PS-4"", ""Br.Chatra ( I,II,III,V,VI,VII)"", ""18/1,18/2,19,20/1,20/2,22,23,24"", ""6/21,6/22,6/23,6/24,6/25,6/27,6/28,6/2\n9"", """", ""W-4""]]",reservation_cell_unread,needs_review,,
ac8030be1d18d6fdda84,West Bengal,Cooch Behar,2018,draft,block_ward_reservation,Br.Chatra,Br.Chatra/Ps-5,5,5,,,UR,0,data/wb/gp_source_search/historical_expansion/coochbehar_FormBSitai_0eda5b25.pdf,68ca8d2e993415d0b1c0fcd72930fb2f68721fa113f1cbc24842d0015ac64c3f,1,1,8,"[170.240005, 190.76000500000006, 679.1200200000001, 466.83999500000004]","[[null, null, ""Br.Chatra/Ps-5"", ""Br.Chatra (\nIV,VIII,IX,X,XI,XII,XIII,XIV)"", ""21,25,26,27/1,27/2,28,29,30,31"", ""6/26,6/30,6/31,6/32,6/33,6/34,6/35,6/3\n6,6/37"", """", """"]]",,native_fields_parsed,,
1206848673e7c9393997,West Bengal,Cooch Behar,2018,draft,block_ward_reservation,Br.Chatra,Br.Chatra/PS-6,6,6,SC-6,,,0,data/wb/gp_source_search/historical_expansion/coochbehar_FormBSitai_0eda5b25.pdf,68ca8d2e993415d0b1c0fcd72930fb2f68721fa113f1cbc24842d0015ac64c3f,1,1,9,"[170.240005, 190.76000500000006, 679.1200200000001, 466.83999500000004]","[[null, null, ""Br.Chatra/PS-6"", ""Br.Chatra ( XV,XVI,XVII,XVIII)"", ""32/1,32/2,33,34/1,34/2,35"", ""6/38,6/39,6/40,6/41,6/42,6/43"", ""SC-6"", """"]]",reservation_cell_unread,needs_review,,
2d52b41c4133f58d2e35,West Bengal,Cooch Behar,2018,draft,block_ward_reservation,Sitai-II,Sitai-II/PS-7,7,7,,W-7,,,data/wb/gp_source_search/historical_expansion/coochbehar_FormBSitai_0eda5b25.pdf,68ca8d2e993415d0b1c0fcd72930fb2f68721fa113f1cbc24842d0015ac64c3f,2,1,4,"[170.240005, 29.69999999999999, 679.1200200000001, 401.52999500000004]","[[""II\nIA\nT\nIS"", ""3"", ""Sitai-II/PS-7"", ""Sitai-II (I,II,V)"", ""36,37,40"", ""6/44,6/45,6/48"", null, ""W-7""]]",caste_cell_missing_or_conflicting;reservation_cell_unread,needs_review,,
20720c2a3c1987d3c67c,West Bengal,Cooch Behar,2018,draft,block_ward_reservation,sitai-Ii,sitai-Ii/PS-8,8,8,SC-8,W-8,,,data/wb/gp_source_search/historical_expansion/coochbehar_FormBSitai_0eda5b25.pdf,68ca8d2e993415d0b1c0fcd72930fb2f68721fa113f1cbc24842d0015ac64c3f,2,1,5,"[170.240005, 29.69999999999999, 679.1200200000001, 401.52999500000004]","[[null, null, ""sitai-Ii/PS-8"", ""Sitai-II (III,IV,VI,VII,IX)"", ""38,39,41,42,44"", ""6/46,6/47,6/49,6/50,6/52"", ""SC-8"", ""W-8""]]",reservation_cell_unread;reservation_cell_unread,needs_review,,
7f509c2d9a9fe9e86b19,West Bengal,Cooch Behar,2018,draft,block_ward_reservation,Sitai-II,Sitai-II/PS-9,9,9,SC-9,,,0,data/wb/gp_source_search/historical_expansion/coochbehar_FormBSitai_0eda5b25.pdf,68ca8d2e993415d0b1c0fcd72930fb2f68721fa113f1cbc24842d0015ac64c3f,2,1,6,"[170.240005, 29.69999999999999, 679.1200200000001, 401.52999500000004]","[[null, null, ""Sitai-II/PS-9"", ""Sitai-II (VIII,X,XI,XII)"", ""43,45,46,47"", ""6/51,6/53,6/54,6/55"", ""SC-9"", """"]]",reservation_cell_unread,needs_review,,
70ae7eda450a96f73576,West Bengal,Cooch Behar,2018,draft,block_ward_reservation,Sitai-I,Sitai-I/PS-10,10,10,,,UR,0,data/wb/gp_source_search/historical_expansion/coochbehar_FormBSitai_0eda5b25.pdf,68ca8d2e993415d0b1c0fcd72930fb2f68721fa113f1cbc24842d0015ac64c3f,2,1,7,"[170.240005, 29.69999999999999, 679.1200200000001, 401.52999500000004]","[[""I\nIA\nT\nIS"", ""3"", ""Sitai-I/PS-10"", ""Sitai-I (I,II,V,VI,XI,XII)"", ""48,49,52,53,58,59"", ""6/56,6/57,6/60,6/61,6/68,6/69"", """", """"]]",,native_fields_parsed,,
b418714416c4559d1422,West Bengal,Cooch Behar,2018,draft,block_ward_reservation,Sitai-I,Sitai-I/PS-11,11,11,,W-11,UR,,data/wb/gp_source_search/historical_expansion/coochbehar_FormBSitai_0eda5b25.pdf,68ca8d2e993415d0b1c0fcd72930fb2f68721fa113f1cbc24842d0015ac64c3f,2,1,8,"[170.240005, 29.69999999999999, 679.1200200000001, 401.52999500000004]","[[null, null, ""Sitai-I/PS-11"", ""Sitai-I (III,IV,IX,X)"", ""50,51,56/1,56/2,57/1,57/2"", ""6/58,6/59,6/64,6/65,6/66,6/67"", """", ""W-11""]]",reservation_cell_unread,needs_review,,
c9168671c8177665f82d,West Bengal,Cooch Behar,2018,draft,block_ward_reservation,Sitai-I,Sitai-I/PS-12,12,12,,,UR,0,data/wb/gp_source_search/historical_expansion/coochbehar_FormBSitai_0eda5b25.pdf,68ca8d2e993415d0b1c0fcd72930fb2f68721fa113f1cbc24842d0015ac64c3f,2,1,9,"[170.240005, 29.69999999999999, 679.1200200000001, 401.52999500000004]","[[null, null, ""Sitai-I/PS-12"", ""Sitai-I (VII,VIII,XIII,XIV)"", ""54,55,60,61"", ""6/62,6/63,6/70,6/71"", """", """"]]",,native_fields_parsed,,
3fe95f8dc848d26cf50b,West Bengal,Cooch Behar,2018,draft,block_ward_reservation,Chamta,Chamta/PS-13,13,13,SC-13,W-13,,,data/wb/gp_source_search/historical_expansion/coochbehar_FormBSitai_0eda5b25.pdf,68ca8d2e993415d0b1c0fcd72930fb2f68721fa113f1cbc24842d0015ac64c3f,2,1,10,"[170.240005, 29.69999999999999, 679.1200200000001, 401.52999500000004]","[[""A\nT\nM\nA\nH\nC"", ""3"", ""Chamta/PS-13"", ""Chamta\n(I,II,III,IV,V,VI,VII,VIII,IX)"", ""62,63,64,65,66,67,68,69,70"", ""6/72,6/73,6/74,6/75,6/76,6/77,6/78,6/7\n9,6/80"", ""SC-13"", ""W-13""]]",reservation_cell_unread;reservation_cell_unread,needs_review,,
6ad2a9e96dddf0e955fa,West Bengal,Cooch Behar,2018,draft,block_ward_reservation,Chamta,Chamta/PS-14,14,14,,W-14,UR,,data/wb/gp_source_search/historical_expansion/coochbehar_FormBSitai_0eda5b25.pdf,68ca8d2e993415d0b1c0fcd72930fb2f68721fa113f1cbc24842d0015ac64c3f,2,1,11,"[170.240005, 29.69999999999999, 679.1200200000001, 401.52999500000004]","[[null, null, ""Chamta/PS-14"", ""Chamta (X,XI,XII,XIII,XIV,XV)"", ""71,72/1,72/2,73/1,73/2,74,75,76/1,7\n6/2"", ""6/81,6/82,6/83,6/84,6/85,6/86,6/87,6/8\n8,6/89,"", """", ""W-14""]]",reservation_cell_unread,needs_review,,
b13c690a5d04cd3b29c7,West Bengal,Cooch Behar,2018,draft,block_ward_reservation,Chamta,Chamta/PS-15,15,15,SC-15,,,0,data/wb/gp_source_search/historical_expansion/coochbehar_FormBSitai_0eda5b25.pdf,68ca8d2e993415d0b1c0fcd72930fb2f68721fa113f1cbc24842d0015ac64c3f,2,1,12,"[170.240005, 29.69999999999999, 679.1200200000001, 401.52999500000004]","[[null, null, ""Chamta/PS-15"", ""Chamta\n(XVI,XVII,XVIII,XIX,XX)"", ""77,78,79,80/1,80/2,81"", ""6/90,6/91,6/92,6/93,6/94,6/95"", ""SC-15"", """"]]",reservation_cell_unread,needs_review,,
878b198fb1fecb67ce63,West Bengal,Cooch Behar,2018,draft,block_ward_reservation,SALBARI-I,SALBARI-I/PS-1,1,1,1–SC,,,0,data/wb/gp_source_search/historical_expansion/coochbehar_FormBTFG2_ffc2ecd6.pdf,85c0a1559afec3fc1f1b25c5483e4c7a34d706724e435e1d85c0c40f1ca31e2e,1,1,4,"[130.33999999999997, 201.98000500000003, 738.959985, 492.70000000000005]","[[""I-IR\nA\nB\nL\nA\nS"", ""3"", ""SALBARI-I/PS-1"", ""SALBARI-I/I"", ""1"", ""9/15"", ""1–SC"", """"], [null, null, null, ""SALBARI-I/II"", ""2"", ""9/16"", null, null], [null, null, null, ""SALBARI-I/III"", ""3"", ""9/17"", null, null], [null, null, null, ""SALBARI-I/IV"", ""4"", ""9/18"", null, null], [null, null, null, ""SALBARI-I/VII"", ""7/1, 7/2"", ""9/21, 22"", null, null]]",reservation_cell_unread,needs_review,,
fe7214c6b1434922b5ed,West Bengal,Cooch Behar,2018,draft,block_ward_reservation,SALBARI-I,SALBARI-I/PS-2,2,2,2–SC,2–WOMEN,,,data/wb/gp_source_search/historical_expansion/coochbehar_FormBTFG2_ffc2ecd6.pdf,85c0a1559afec3fc1f1b25c5483e4c7a34d706724e435e1d85c0c40f1ca31e2e,1,1,9,"[130.33999999999997, 201.98000500000003, 738.959985, 492.70000000000005]","[[null, null, ""SALBARI-I/PS-2"", ""SALBARI-I/V"", ""5"", ""9/19"", ""2–SC"", ""2–WOMEN""], [null, null, null, ""SALBARI-I/VI"", ""6"", ""9/20"", null, null], [null, null, null, ""SALBARI-I/VIII"", ""8"", ""9/23"", null, null], [null, null, null, ""SALBARI-I/IX"", ""9"", ""9/24"", null, null], [null, null, null, ""SALBARI-I/X"", ""10"", ""9/25"", null, null]]",reservation_cell_unread;reservation_cell_unread,needs_review,,
5d45234bac3244399340,West Bengal,Cooch Behar,2018,draft,block_ward_reservation,SALBARI-I,SALBARI-I/PS-3,3,3,,3–WOMEN,UR,,data/wb/gp_source_search/historical_expansion/coochbehar_FormBTFG2_ffc2ecd6.pdf,85c0a1559afec3fc1f1b25c5483e4c7a34d706724e435e1d85c0c40f1ca31e2e,1,1,14,"[130.33999999999997, 201.98000500000003, 738.959985, 492.70000000000005]","[[null, null, ""SALBARI-I/PS-3"", ""SALBARI-I/XI"", ""11"", ""9/26"", """", ""3–WOMEN""], [null, null, null, ""SALBARI-I/XII"", ""12/1, 12/2"", ""9/27, 28"", null, null], [null, null, null, ""SALBARI-I/XIII"", ""13"", ""9/29"", null, null], [null, null, null, ""SALBARI-I/XIV"", ""14"", ""9/30"", null, null]]",reservation_cell_unread,needs_review,,
e202f6004fe3558ba07e,West Bengal,Cooch Behar,2018,draft,block_ward_reservation,SMAALHBIASHRKI-IU/PCSH-1I-II,SMAALHBIASHRKI-IU/PCSH-1I-II/PS-4,4,4,1–SC,,,0,data/wb/gp_source_search/historical_expansion/coochbehar_FormBTFG2_ffc2ecd6.pdf,85c0a1559afec3fc1f1b25c5483e4c7a34d706724e435e1d85c0c40f1ca31e2e,2,1,4,"[130.33999999999997, 29.519999999999982, 738.959985, 488.86]","[[""II-IH\nC\nU\nK\nH\nI-IR S\nIH\nAA\nBM\nL\nA\nS"", ""2\n3"", ""SMAALHBIASHRKI-IU/PCSH-1I-II/PS-4"", ""MAHISHKUCHI-II/I"", ""15"", ""9/31"", ""1–SC"", """"], [null, null, null, ""MAHISHKUCHI-II/II"", ""16"", ""9/32"", null, null], [null, null, null, ""MAHISHKUCHI-II/III"", ""17"", ""9/33"", null, null], [null, null, null, ""MAHISHKUCHI-II/IV"", ""18"", ""9/34"", null, null], [null, null, null, ""MAHISHKUCHI-II/VI"", ""20/1, 20/2"", ""9/36, 37"", null, null]]",reservation_cell_unread,needs_review,,
c27374fe32d50351a575,West Bengal,Cooch Behar,2018,draft,block_ward_reservation,MAHISHKUCHI-II,MAHISHKUCHI-II/PS-5,5,5,,5–WOMEN,UR,,data/wb/gp_source_search/historical_expansion/coochbehar_FormBTFG2_ffc2ecd6.pdf,85c0a1559afec3fc1f1b25c5483e4c7a34d706724e435e1d85c0c40f1ca31e2e,2,1,9,"[130.33999999999997, 29.519999999999982, 738.959985, 488.86]","[[null, null, ""MAHISHKUCHI-II/PS-5"", ""MAHISHKUCHI-II/V"", ""19"", ""9/35"", """", ""5–WOMEN""], [null, null, null, ""MAHISHKUCHI-II/VII"", ""21"", ""9/38"", null, null], [null, null, null, ""MAHISHKUCHI-II/VIII"", ""22"", ""9/39"", null, null], [null, null, null, ""MAHISHKUCHI-II/IX"", ""23"", ""9/40"", null, null], [null, null, null, ""MAHISHKUCHI-II/X"", ""24"", ""9/41"", null, null]]",reservation_cell_unread,needs_review,,
0418444ea2a15939b521,West Bengal,Cooch Behar,2018,draft,block_ward_reservation,RAMPUR-II,RAMPUR-II/PS-6,6,6,6–SC,,,0,data/wb/gp_source_search/historical_expansion/coochbehar_FormBTFG2_ffc2ecd6.pdf,85c0a1559afec3fc1f1b25c5483e4c7a34d706724e435e1d85c0c40f1ca31e2e,2,1,14,"[130.33999999999997, 29.519999999999982, 738.959985, 488.86]","[[""II-R\nU\nP\nM\nA\nR"", ""3"", ""RAMPUR-II/PS-6"", ""RAMPUR-II/I"", ""25/1, 25/2"", ""9/42, 43"", ""6–SC"", """"], [null, null, null, ""RAMPUR-II/II"", ""26"", ""9/44"", null, null], [null, null, null, ""RAMPUR-II/VIII"", ""32"", ""9/51"", null, null], [null, null, null, ""RAMPUR-II/IX"", ""33"", ""9/52"", null, null], [null, null, null, ""RAMPUR-II/X"", ""34"", ""9/53"", null, null], [null, null, null, ""RAMPUR-II/XI"", ""35"", ""9/54"", null, null]]",reservation_cell_unread,needs_review,,
93465d86212456f5b6c6,West Bengal,Cooch Behar,2018,draft,block_ward_reservation,RAMPUR-II,RAMPUR-II/PS-7,7,7,7–SC,7–WOMEN,,,data/wb/gp_source_search/historical_expansion/coochbehar_FormBTFG2_ffc2ecd6.pdf,85c0a1559afec3fc1f1b25c5483e4c7a34d706724e435e1d85c0c40f1ca31e2e,2,1,20,"[130.33999999999997, 29.519999999999982, 738.959985, 488.86]","[[null, null, ""RAMPUR-II/PS-7"", ""RAMPUR-II/III"", ""27"", ""9/45"", ""7–SC"", ""7–WOMEN""], [null, null, null, ""RAMPUR-II/IV"", ""28"", ""9/46"", null, null], [null, null, null, ""RAMPUR-II/V"", ""29"", ""9/47"", null, null], [null, null, null, ""RAMPUR-II/VI"", ""30/1, 30/2"", ""9/48, 49"", null, null], [null, null, null, ""RAMPUR-II/VII"", ""31"", ""9/50"", null, null]]",reservation_cell_unread;reservation_cell_unread,needs_review,,
fb2f4698d90c3524512d,West Bengal,Cooch Behar,2018,draft,block_ward_reservation,RAMPUR-II,RAMPUR-II/PS-8,8,8,,8–WOMEN,UR,,data/wb/gp_source_search/historical_expansion/coochbehar_FormBTFG2_ffc2ecd6.pdf,85c0a1559afec3fc1f1b25c5483e4c7a34d706724e435e1d85c0c40f1ca31e2e,2,1,25,"[130.33999999999997, 29.519999999999982, 738.959985, 488.86]","[[null, null, ""RAMPUR-II/PS-8"", ""RAMPUR-II/XII"", ""36"", ""9/55"", """", ""8–WOMEN""], [null, null, null, ""RAMPUR-II/XIII"", ""37"", ""9/56"", null, null], [null, null, null, ""RAMPUR-II/XIV"", ""38"", ""9/57"", null, null], [null, null, null, ""RAMPUR-II/XV"", ""39"", ""9/58"", null, null]]",reservation_cell_unread,needs_review,,
d59b1f23a69b84e835b1,West Bengal,Cooch Behar,2018,draft,block_ward_reservation,RAMPUR-I,RAMPUR-I/PS-10,10,10,10–SC,10–WOMEN,,,data/wb/gp_source_search/historical_expansion/coochbehar_FormBTFG2_ffc2ecd6.pdf,85c0a1559afec3fc1f1b25c5483e4c7a34d706724e435e1d85c0c40f1ca31e2e,3,1,9,"[130.33999999999997, 29.519999999999982, 738.959985, 458.38]","[[null, null, ""RAMPUR-I/PS-10"", ""RAMPUR-I/III"", ""42"", ""9/62"", ""10–SC"", ""10–WOMEN""], [null, null, null, ""RAMPUR-I/VI"", ""45/1, 45/2"", ""9/65, 66"", null, null], [null, null, null, ""RAMPUR-I/X"", ""49"", ""9/71"", null, null], [null, null, null, ""RAMPUR-I/XI"", ""50"", ""9/72"", null, null], [null, null, null, ""RAMPUR-I/XII"", ""51"", ""9/73"", null, null], [null, null, null, ""RAMPUR-I/XIII"", ""52"", ""9/74"", null, null]]",reservation_cell_unread;reservation_cell_unread,needs_review,,
f94602b6b461f85dbdb8,West Bengal,Cooch Behar,2018,draft,block_ward_reservation,RAMPUR-I,RAMPUR-I/PS-11,11,11,11–SC,,,0,data/wb/gp_source_search/historical_expansion/coochbehar_FormBTFG2_ffc2ecd6.pdf,85c0a1559afec3fc1f1b25c5483e4c7a34d706724e435e1d85c0c40f1ca31e2e,3,1,15,"[130.33999999999997, 29.519999999999982, 738.959985, 458.38]","[[null, null, ""RAMPUR-I/PS-11"", ""RAMPUR -I/IV"", ""43"", ""9/63"", ""11–SC"", """"], [null, null, null, ""RAMPUR-I/V"", ""44"", ""9/64"", null, null], [null, null, null, ""RAMPUR-I/VII"", ""46"", ""9/67"", null, null], [null, null, null, ""RAMPUR-I/VIII"", ""47/1, 47/2"", ""9/68, 69"", null, null]]",reservation_cell_unread,needs_review,,
6f2c8cd12b20535c3263,West Bengal,Cooch Behar,2018,draft,block_ward_reservation,FALIMARI,FALIMARI/PS-12,12,12,,12–WOMEN,UR,,data/wb/gp_source_search/historical_expansion/coochbehar_FormBTFG2_ffc2ecd6.pdf,85c0a1559afec3fc1f1b25c5483e4c7a34d706724e435e1d85c0c40f1ca31e2e,3,1,19,"[130.33999999999997, 29.519999999999982, 738.959985, 458.38]","[[""IR\nA\nM\nIL\nA\nF"", ""2"", ""FALIMARI/PS-12"", ""FALIMARI/I"", ""55"", ""9/77"", """", ""12–WOMEN""], [null, null, null, ""FALIMARI/II"", ""56"", ""9/78"", null, null], [null, null, null, ""FALIMARI/III"", ""57"", ""9/79"", null, null], [null, null, null, ""FALIMARI/IV"", ""58"", ""9/80"", null, null]]",reservation_cell_unread,needs_review,,
38818560aae124851a67,West Bengal,Cooch Behar,2018,draft,block_ward_reservation,FALIMARI,FALIMARI/PS-13,13,13,13–SC,13–WOMEN,,,data/wb/gp_source_search/historical_expansion/coochbehar_FormBTFG2_ffc2ecd6.pdf,85c0a1559afec3fc1f1b25c5483e4c7a34d706724e435e1d85c0c40f1ca31e2e,3,1,23,"[130.33999999999997, 29.519999999999982, 738.959985, 458.38]","[[null, null, ""FALIMARI/PS-13"", ""FALIMARI/V"", ""59/1, 59/2"", ""9/81, 82"", ""13–SC"", ""13–WOMEN""], [null, null, null, ""FALIMARI/VI"", ""60"", ""9/83"", null, null], [null, null, null, ""FALIMARI/VII"", ""61"", ""9/84"", null, null], [null, null, null, ""FALIMARI/VIII"", ""62"", ""9/85"", null, null]]",reservation_cell_unread;reservation_cell_unread,needs_review,,
5c6bc1583233b0114811,West Bengal,Cooch Behar,2018,draft,block_ward_reservation,SMAALHBIASHRKI-IU/PCSH-1I-I,SMAALHBIASHRKI-IU/PCSH-1I-I/PS-14,14,14,114––SSCC,,,0,data/wb/gp_source_search/historical_expansion/coochbehar_FormBTFG2_ffc2ecd6.pdf,85c0a1559afec3fc1f1b25c5483e4c7a34d706724e435e1d85c0c40f1ca31e2e,4,1,4,"[130.33999999999997, 29.519999999999982, 738.959985, 519.3360150000001]","[[""I-IH\nC\nU\nK\nH\nI-IR S IH\nAA\nBM\nL\nA\nS"", ""2\n3"", ""SMAALHBIASHRKI-IU/PCSH-1I-I/PS-14"", ""MAHISHKUCHI-I/I"", ""63"", ""9/86"", ""114––SSCC"", """"], [null, null, null, ""MAHISHKUCHI-I/II"", ""64"", ""9/87"", null, null], [null, null, null, ""MAHISHKUCHI-I/III"", ""65/1, 65/2"", ""9/88, 89"", null, null], [null, null, null, ""MAHISHKUCHI-I/VI"", ""68"", ""9/92"", null, null], [null, null, null, ""MAHISHKUCHI-I/VII"", ""69"", ""9/93"", null, null]]",reservation_cell_unread,needs_review,,
23f8bc8f9607161d2042,West Bengal,Cooch Behar,2018,draft,block_ward_reservation,MAHISHKUCHI-I,MAHISHKUCHI-I/PS-15,15,15,,,UR,0,data/wb/gp_source_search/historical_expansion/coochbehar_FormBTFG2_ffc2ecd6.pdf,85c0a1559afec3fc1f1b25c5483e4c7a34d706724e435e1d85c0c40f1ca31e2e,4,1,9,"[130.33999999999997, 29.519999999999982, 738.959985, 519.3360150000001]","[[null, null, ""MAHISHKUCHI-I/PS-15"", ""MAHISHKUCHI-I/IV"", ""66"", ""9/90"", """", """"], [null, null, null, ""MAHISHKUCHI-I/V"", ""67"", ""9/91"", null, null], [null, null, null, ""MAHISHKUCHI-I/VIII"", ""70"", ""9/94"", null, null], [null, null, null, ""MAHISHKUCHI-I/IX"", ""71"", ""9/95"", null, null], [null, null, null, ""MAHISHKUCHI-I/X"", ""72"", ""9/96"", null, null]]",,native_fields_parsed,,
b4eadf23aa262057f5d1,West Bengal,Cooch Behar,2018,draft,block_ward_reservation,BHANUKUMARI-I,BHANUKUMARI-I/PS-16,16,16,,,UR,0,data/wb/gp_source_search/historical_expansion/coochbehar_FormBTFG2_ffc2ecd6.pdf,85c0a1559afec3fc1f1b25c5483e4c7a34d706724e435e1d85c0c40f1ca31e2e,4,1,14,"[130.33999999999997, 29.519999999999982, 738.959985, 519.3360150000001]","[[""I-IR\nA\nM\nU\nK\nU\nN\nA\nH\nB"", ""3"", ""BHANUKUMARI-I/PS-16"", ""BHANUKUMARI-I/I"", ""73"", ""9/97"", """", """"], [null, null, null, ""BHANUKUMARI-I/II"", ""74"", ""9/98"", null, null], [null, null, null, ""BHANUKUMARI-I/III"", ""75"", ""9/99"", null, null], [null, null, null, ""BHANUKUMARI-I/X"", ""82"", ""9/107"", null, null], [null, null, null, ""BHANUKUMARI-I/XI"", ""83/1, 83/2"", ""9/108, 109"", null, null]]",,native_fields_parsed,,
ad6c0c76e01e29ff0011,West Bengal,Cooch Behar,2018,draft,block_ward_reservation,BHANUKUMARI-I,BHANUKUMARI-I/PS-17,17,17,,17–WOMEN,UR,,data/wb/gp_source_search/historical_expansion/coochbehar_FormBTFG2_ffc2ecd6.pdf,85c0a1559afec3fc1f1b25c5483e4c7a34d706724e435e1d85c0c40f1ca31e2e,4,1,19,"[130.33999999999997, 29.519999999999982, 738.959985, 519.3360150000001]","[[null, null, ""BHANUKUMARI-I/PS-17"", ""BHANUKUMARI-I/IV"", ""76"", ""9/100"", """", ""17–WOMEN""], [null, null, null, ""BHANUKUMARI-I/V"", ""77"", ""9/101"", null, null], [null, null, null, ""BHANUKUMARI-I/VI"", ""78"", ""9/102"", null, null], [null, null, null, ""BHANUKUMARI-I/IX"", ""81/1, 81/2"", ""9/105, 106"", null, null], [null, null, null, ""BHANUKUMARI-I/XII"", ""84"", ""9/110"", null, null], [null, null, null, ""BHANUKUMARI-I/XIII"", ""85"", ""9/111"", null, null]]",reservation_cell_unread,needs_review,,
0877a38ae2c43ab74216,West Bengal,Cooch Behar,2018,draft,block_ward_reservation,BHANUKUMARI-I,BHANUKUMARI-I/PS-18,18,18,,,UR,0,data/wb/gp_source_search/historical_expansion/coochbehar_FormBTFG2_ffc2ecd6.pdf,85c0a1559afec3fc1f1b25c5483e4c7a34d706724e435e1d85c0c40f1ca31e2e,4,1,25,"[130.33999999999997, 29.519999999999982, 738.959985, 519.3360150000001]","[[null, null, ""BHANUKUMARI-I/PS-18"", ""BHANUKUMARI-I/VII"", ""79"", ""9/103"", """", """"], [null, null, null, ""BHANUKUMARI-I/VIII"", ""80"", ""9/104"", null, null], [null, null, null, ""BHANUKUMARI-I/XIV"", ""86"", ""9/112"", null, null], [null, null, null, ""BHANUKUMARI-I/XV"", ""87"", ""9/113"", null, null], [null, null, null, ""BHANUKUMARI-I/XVI"", ""88"", ""9/114"", null, null], [null, null, null, ""BHANUKUMARI-I/XVII"", ""89"", ""9/115"", null, null]]",,native_fields_parsed,,
5e57dda4907c5da0479b,West Bengal,Cooch Behar,2018,draft,block_ward_reservation,SBAHLABNAURKI-UI/MPSA-R1I-II,SBAHLABNAURKI-UI/MPSA-R1I-II/PS-19,19,19,1–SC,19–WOMEN,,,data/wb/gp_source_search/historical_expansion/coochbehar_FormBTFG2_ffc2ecd6.pdf,85c0a1559afec3fc1f1b25c5483e4c7a34d706724e435e1d85c0c40f1ca31e2e,5,1,4,"[130.33999999999997, 29.519999999999982, 738.959985, 473.62]","[[""II-IR\nA I-IR\nM\nUA\nKB\nUL\nA\nN\nS\nA\nH\nB"", ""33"", ""SBAHLABNAURKI-UI/MPSA-R1I-II/PS-19"", ""BHANUKUMARI-II/I"", ""90"", ""9/116"", ""1–SC"", ""19–WOMEN""], [null, null, null, ""BHANUKUMARI-II/II"", ""91"", ""9/117"", null, null], [null, null, null, ""BHANUKUMARI-II/III"", ""92"", ""9/118"", null, null], [null, null, null, ""BHANUKUMARI-II/IV"", ""93"", ""9/119"", null, null], [null, null, null, ""BHANUKUMARI-II/V"", ""94"", ""9/120"", null, null]]",reservation_cell_unread;reservation_cell_unread,needs_review,,
c70b1cfe02ee664fcaeb,West Bengal,Cooch Behar,2018,draft,block_ward_reservation,BHANUKUMARI-II,BHANUKUMARI-II/PS-20,20,20,20–SC,20–WOMEN,,,data/wb/gp_source_search/historical_expansion/coochbehar_FormBTFG2_ffc2ecd6.pdf,85c0a1559afec3fc1f1b25c5483e4c7a34d706724e435e1d85c0c40f1ca31e2e,5,1,9,"[130.33999999999997, 29.519999999999982, 738.959985, 473.62]","[[null, null, ""BHANUKUMARI-II/PS-20"", ""BHANUKUMARI-II/VI"", ""95/1, 95/2"", ""9/121, 122"", ""20–SC"", ""20–WOMEN""], [null, null, null, ""BHANUKUMARI-II/VII"", ""96/1, 96/2"", ""9/123, 124"", null, null], [null, null, null, ""BHANUKUMARI-II/VIII"", ""97"", ""9/125"", null, null], [null, null, null, ""BHANUKUMARI-II/IX"", ""98"", ""9/126"", null, null], [null, null, null, ""BHANUKUMARI-II/X"", ""99"", ""9/127"", null, null]]",reservation_cell_unread;reservation_cell_unread,needs_review,,
e640fdb995d58011a986,West Bengal,Cooch Behar,2018,draft,block_ward_reservation,BHANUKUMARI-II,BHANUKUMARI-II/PS-21,21,21,,,UR,0,data/wb/gp_source_search/historical_expansion/coochbehar_FormBTFG2_ffc2ecd6.pdf,85c0a1559afec3fc1f1b25c5483e4c7a34d706724e435e1d85c0c40f1ca31e2e,5,1,14,"[130.33999999999997, 29.519999999999982, 738.959985, 473.62]","[[null, null, ""BHANUKUMARI-II/PS-21"", ""BHANUKUMARI-II/XI"", ""100/1, 100/2"", ""9/128, 129"", """", """"], [null, null, null, ""BHANUKUMARI-II/XII"", ""101/1, 101/2"", ""9/130, 131"", null, null], [null, null, null, ""BHANUKUMARI-II/XIII"", ""102/1, 102/2"", ""9/132, 133"", null, null], [null, null, null, ""BHANUKUMARI-II/XIV"", ""103"", ""9/134"", null, null]]",,native_fields_parsed,,
5c2636f5bfadf11035f7,West Bengal,Cooch Behar,2018,draft,block_ward_reservation,SALBARI-II,SALBARI-II/PS-22,22,22,22–SC,,,0,data/wb/gp_source_search/historical_expansion/coochbehar_FormBTFG2_ffc2ecd6.pdf,85c0a1559afec3fc1f1b25c5483e4c7a34d706724e435e1d85c0c40f1ca31e2e,5,1,18,"[130.33999999999997, 29.519999999999982, 738.959985, 473.62]","[[""II-IR\nA\nB\nL\nA\nS"", ""2"", ""SALBARI-II/PS-22"", ""SALBARI-II/I"", ""104"", ""9/135"", ""22–SC"", """"], [null, null, null, ""SALBARI-II/II"", ""105"", ""9/136"", null, null], [null, null, null, ""SALBARI-II/VII"", ""110"", ""9/143"", null, null], [null, null, null, ""SALBARI-II/VIII"", ""111"", ""9/144"", null, null], [null, null, null, ""SALBARI-II/IX"", ""112"", ""9/145"", null, null], [null, null, null, ""SALBARI-II/X"", ""113"", ""9/146"", null, null]]",reservation_cell_unread,needs_review,,
940c4e5f7e06c0af0ce3,West Bengal,Cooch Behar,2018,draft,block_ward_reservation,SALBARI-II,SALBARI-II/PS-23,23,23,,23–WOMEN,UR,,data/wb/gp_source_search/historical_expansion/coochbehar_FormBTFG2_ffc2ecd6.pdf,85c0a1559afec3fc1f1b25c5483e4c7a34d706724e435e1d85c0c40f1ca31e2e,5,1,24,"[130.33999999999997, 29.519999999999982, 738.959985, 473.62]","[[null, null, ""SALBARI-II/PS-23"", ""SALBARI-II/III"", ""106"", ""9/137"", """", ""23–WOMEN""], [null, null, null, ""SALBARI-II/IV"", ""107"", ""9/138"", null, null], [null, null, null, ""SALBARI-II/V"", ""108/1, 108/2"", ""9/139, 140"", null, null], [null, null, null, ""SALBARI-II/VI"", ""109/1, 109/2"", ""9/141, 142"", null, null]]",reservation_cell_unread,needs_review,,
ddfe07365719ff56c057,West Bengal,Cooch Behar,2018,draft,block_ward_reservation,SBAALRBOAKROID-I/APLSI--1I,SBAALRBOAKROID-I/APLSI--1I/PS-24,24,24,214––SSCC,24–WOMEN,,,data/wb/gp_source_search/historical_expansion/coochbehar_FormBTFG2_ffc2ecd6.pdf,85c0a1559afec3fc1f1b25c5483e4c7a34d706724e435e1d85c0c40f1ca31e2e,6,1,4,"[130.33999999999997, 29.519999999999982, 738.959985, 534.5999850000001]","[[""I-IL I-IR\nAA\nDB\nOL\nKA\nOS\nR\nA\nB"", ""3\n3"", ""SBAALRBOAKROID-I/APLSI--1I/PS-24"", ""BAROKODALI-I/I"", ""114"", ""9/147"", ""214––SSCC"", ""24–WOMEN""], [null, null, null, ""BAROKODALI-I/II"", ""115"", ""9/148"", null, null], [null, null, null, ""BAROKODALI-I/III"", ""116"", ""9/149"", null, null], [null, null, null, ""BAROKODALI-I/IV"", ""117"", ""9/150"", null, null], [null, null, null, ""BAROKODALI-I/VII"", ""120"", ""9/153"", null, null]]",reservation_cell_unread;reservation_cell_unread,needs_review,,
eb8c829eddaecde8ac7f,West Bengal,Cooch Behar,2018,draft,block_ward_reservation,BAROKODALI-I,BAROKODALI-I/PS-25,25,25,,,UR,0,data/wb/gp_source_search/historical_expansion/coochbehar_FormBTFG2_ffc2ecd6.pdf,85c0a1559afec3fc1f1b25c5483e4c7a34d706724e435e1d85c0c40f1ca31e2e,6,1,9,"[130.33999999999997, 29.519999999999982, 738.959985, 534.5999850000001]","[[null, null, ""BAROKODALI-I/PS-25"", ""BAROKODALI-I/V"", ""118"", ""9/151"", """", """"], [null, null, null, ""BAROKODALI-I/VI"", ""119"", ""9/152"", null, null], [null, null, null, ""BAROKODALI-I/VIII"", ""121"", ""9/154"", null, null], [null, null, null, ""BAROKODALI-I/XIV"", ""127"", ""9/160"", null, null], [null, null, null, ""BAROKODALI-I/XV"", ""128/1, 128/2"", ""9/161, 162"", null, null]]",,native_fields_parsed,,
6f84fb00e56da5cddfa0,West Bengal,Cooch Behar,2018,draft,block_ward_reservation,BAROKODALI-I,BAROKODALI-I/PS-26,26,26,,,UR,0,data/wb/gp_source_search/historical_expansion/coochbehar_FormBTFG2_ffc2ecd6.pdf,85c0a1559afec3fc1f1b25c5483e4c7a34d706724e435e1d85c0c40f1ca31e2e,6,1,14,"[130.33999999999997, 29.519999999999982, 738.959985, 534.5999850000001]","[[null, null, ""BAROKODALI-I/PS-26"", ""BAROKODALI-I/IX"", ""122"", ""9/155"", """", """"], [null, null, null, ""BAROKODALI-I/X"", ""123"", ""9/156"", null, null], [null, null, null, ""BAROKODALI-I/XI"", ""124"", ""9/157"", null, null], [null, null, null, ""BAROKODALI-I/XII"", ""125"", ""9/158"", null, null], [null, null, null, ""BAROKODALI-I/XIII"", ""126"", ""9/159"", null, null]]",,native_fields_parsed,,
7c1b9a6356fba32260a7,West Bengal,Cooch Behar,2018,draft,block_ward_reservation,BAROKODALI-II,BAROKODALI-II/PS-27,27,27,,,UR,0,data/wb/gp_source_search/historical_expansion/coochbehar_FormBTFG2_ffc2ecd6.pdf,85c0a1559afec3fc1f1b25c5483e4c7a34d706724e435e1d85c0c40f1ca31e2e,6,1,19,"[130.33999999999997, 29.519999999999982, 738.959985, 534.5999850000001]","[[""II-IL\nA\nD\nO\nK\nO\nR\nA\nB"", ""3"", ""BAROKODALI-II/PS-27"", ""BAROKODALI-II/I"", ""129"", ""9/224"", """", """"], [null, null, null, ""BAROKODALI-II/II"", ""130"", ""9/225"", null, null], [null, null, null, ""BAROKODALI-II/III"", ""131"", ""9/226"", null, null], [null, null, null, ""BAROKODALI-II/IV"", ""132"", ""9/227"", null, null], [null, null, null, ""BAROKODALI-II/V"", ""133"", ""9/228"", null, null], [null, null, null, ""BAROKODALI-II/VI"", ""134"", ""9/229"", null, null]]",,native_fields_parsed,,
62b708c2b2760a140ab8,West Bengal,Cooch Behar,2018,draft,block_ward_reservation,BAROKODALI-II,BAROKODALI-II/PS-28,28,28,28–SC,,,0,data/wb/gp_source_search/historical_expansion/coochbehar_FormBTFG2_ffc2ecd6.pdf,85c0a1559afec3fc1f1b25c5483e4c7a34d706724e435e1d85c0c40f1ca31e2e,6,1,25,"[130.33999999999997, 29.519999999999982, 738.959985, 534.5999850000001]","[[null, null, ""BAROKODALI-II/PS-28"", ""BAROKODALI-II/VII"", ""135"", ""9/230"", ""28–SC"", """"], [null, null, null, ""BAROKODALI-II/VIII"", ""136"", ""9/231"", null, null], [null, null, null, ""BAROKODALI-II/X"", ""138"", ""9/234"", null, null], [null, null, null, ""BAROKODALI-II/XI"", ""139/1, 139/2"", ""9/235, 236"", null, null]]",reservation_cell_unread,needs_review,,
90078043eaa2920791e3,West Bengal,Cooch Behar,2018,draft,block_ward_reservation,BAROKODALI-II,BAROKODALI-II/PS-29,29,29,29–SC,29–WOMEN,,,data/wb/gp_source_search/historical_expansion/coochbehar_FormBTFG2_ffc2ecd6.pdf,85c0a1559afec3fc1f1b25c5483e4c7a34d706724e435e1d85c0c40f1ca31e2e,6,1,29,"[130.33999999999997, 29.519999999999982, 738.959985, 534.5999850000001]","[[null, null, ""BAROKODALI-II/PS-29"", ""BAROKODALI-II/IX"", ""137/1, 137/2"", ""9/232, 233"", ""29–SC"", ""29–WOMEN""], [null, null, null, ""BAROKODALI-II/XII"", ""140/1, 140/2"", ""9/237, 238"", null, null], [null, null, null, ""BAROKODALI-II/XIII"", ""141"", ""9/239"", null, null]]",reservation_cell_unread;reservation_cell_unread,needs_review,,
db90b7970f9d94f01103,West Bengal,Alipurduar,2023,final,block_ward_reservation,Salkumar-I,Salkumar-I/PS-2,2,2,2-ST,2-W,ST,1,data/wb/2023/alipurduar/alipurduar_i_form_b_alipurduar_i_ps_pdf_3_28mb_2023030261.pdf,54d865158720155dd65567b47d979b795380bc285929b4c36d8a22a2ba273d1e,1,,1,"[827, 205, 873, 1712]","[{""level"": ""5"", ""page_num"": ""1"", ""block_num"": ""23"", ""par_num"": ""1"", ""line_num"": ""3"", ""word_num"": ""2"", ""left"": ""835"", ""top"": ""1549"", ""width"": ""38"", ""height"": ""163"", ""conf"": ""88.163063"", ""text"": ""Salkumar-I/PS-2""}, {""level"": ""5"", ""page_num"": ""1"", ""block_num"": ""24"", ""par_num"": ""1"", ""line_num"": ""1"", ""word_num"": ""1"", ""left"": ""830"", ""top"": ""506"", ""width"": ""17"", ""height"": ""48"", ""conf"": ""91.814896"", ""text"": ""2-ST""}, {""level"": ""5"", ""page_num"": ""1"", ""block_num"": ""24"", ""par_num"": ""1"", ""line_num"": ""1"", ""word_num"": ""2"", ""left"": ""827"", ""top"": ""205"", ""width"": ""17"", ""height"": ""40"", ""conf"": ""92.007095"", ""text"": ""2-W""}]",ocr_not_independently_verified;explicit_ps_identifiers_and_codes,needs_review,rendered_image_pixels,0
d5570b613c8a82b65ee3,West Bengal,Alipurduar,2023,final,block_ward_reservation,Salkumar-I,Salkumar-I/PS-3,3,3,3-SC,,SC,,data/wb/2023/alipurduar/alipurduar_i_form_b_alipurduar_i_ps_pdf_3_28mb_2023030261.pdf,54d865158720155dd65567b47d979b795380bc285929b4c36d8a22a2ba273d1e,1,,2,"[954, 503, 989, 1710]","[{""level"": ""5"", ""page_num"": ""1"", ""block_num"": ""27"", ""par_num"": ""1"", ""line_num"": ""2"", ""word_num"": ""1"", ""left"": ""958"", ""top"": ""1548"", ""width"": ""31"", ""height"": ""162"", ""conf"": ""89.041214"", ""text"": ""Salkumar-I/PS-3""}, {""level"": ""5"", ""page_num"": ""1"", ""block_num"": ""27"", ""par_num"": ""1"", ""line_num"": ""2"", ""word_num"": ""8"", ""left"": ""954"", ""top"": ""503"", ""width"": ""17"", ""height"": ""49"", ""conf"": ""92.195007"", ""text"": ""3-SC""}]",ocr_not_independently_verified;explicit_ps_identifiers_and_codes;scanned_women_unread_or_blank,needs_review,rendered_image_pixels,0
6ba782ba1eef867686b0,West Bengal,Alipurduar,2023,final,block_ward_reservation,Salkumar-II,Salkumar-II/PS-4,4,4,4-SC,4-W,SC,1,data/wb/2023/alipurduar/alipurduar_i_form_b_alipurduar_i_ps_pdf_3_28mb_2023030261.pdf,54d865158720155dd65567b47d979b795380bc285929b4c36d8a22a2ba273d1e,1,,3,"[1069, 200, 1099, 1713]","[{""level"": ""5"", ""page_num"": ""1"", ""block_num"": ""31"", ""par_num"": ""1"", ""line_num"": ""1"", ""word_num"": ""1"", ""left"": ""1081"", ""top"": ""1542"", ""width"": ""18"", ""height"": ""171"", ""conf"": ""45.052143"", ""text"": ""Salkumar-II/PS-4""}, {""level"": ""5"", ""page_num"": ""1"", ""block_num"": ""31"", ""par_num"": ""1"", ""line_num"": ""1"", ""word_num"": ""2"", ""left"": ""1072"", ""top"": ""502"", ""width"": ""18"", ""height"": ""49"", ""conf"": ""91.552933"", ""text"": ""4-SC""}, {""level"": ""5"", ""page_num"": ""1"", ""block_num"": ""31"", ""par_num"": ""1"", ""line_num"": ""1"", ""word_num"": ""3"", ""left"": ""1069"", ""top"": ""200"", ""width"": ""17"", ""height"": ""41"", ""conf"": ""90.859711"", ""text"": ""4-W""}]",ocr_not_independently_verified;explicit_ps_identifiers_and_codes,needs_review,rendered_image_pixels,0
1f02a0d3d18f8458537e,West Bengal,Alipurduar,2023,final,block_ward_reservation,Salkumar-II,Salkumar-II/PS-5,5,5,,,,,data/wb/2023/alipurduar/alipurduar_i_form_b_alipurduar_i_ps_pdf_3_28mb_2023030261.pdf,54d865158720155dd65567b47d979b795380bc285929b4c36d8a22a2ba273d1e,1,,4,"[1209, 1541, 1228, 1711]","[{""level"": ""5"", ""page_num"": ""1"", ""block_num"": ""33"", ""par_num"": ""1"", ""line_num"": ""1"", ""word_num"": ""2"", ""left"": ""1209"", ""top"": ""1541"", ""width"": ""19"", ""height"": ""170"", ""conf"": ""71.290733"", ""text"": ""Salkumar-II/PS-5""}]",ocr_not_independently_verified;explicit_ps_identifiers_and_codes;caste_missing_or_conflicting;scanned_women_unread_or_blank,needs_review,rendered_image_pixels,0
87bc28dc45f1f473f629,West Bengal,Alipurduar,2023,final,block_ward_reservation,Salkumar-II,Salkumar-II/PS-6,6,6,6-SC,,SC,,data/wb/2023/alipurduar/alipurduar_i_form_b_alipurduar_i_ps_pdf_3_28mb_2023030261.pdf,54d865158720155dd65567b47d979b795380bc285929b4c36d8a22a2ba273d1e,1,,5,"[1336, 499, 1372, 1710]","[{""level"": ""5"", ""page_num"": ""1"", ""block_num"": ""37"", ""par_num"": ""1"", ""line_num"": ""1"", ""word_num"": ""1"", ""left"": ""1341"", ""top"": ""1538"", ""width"": ""31"", ""height"": ""172"", ""conf"": ""49.472778"", ""text"": ""Salkumar-II/PS-6""}, {""level"": ""5"", ""page_num"": ""1"", ""block_num"": ""37"", ""par_num"": ""1"", ""line_num"": ""1"", ""word_num"": ""2"", ""left"": ""1336"", ""top"": ""499"", ""width"": ""18"", ""height"": ""49"", ""conf"": ""92.615997"", ""text"": ""6-SC""}]",ocr_not_independently_verified;explicit_ps_identifiers_and_codes;scanned_women_unread_or_blank,needs_review,rendered_image_pixels,0
1a03238ba62efda09dc4,West Bengal,Alipurduar,2023,final,block_ward_reservation,Patlakhawa,Patlakhawa/PS-7,7,7,,7-W,,1,data/wb/2023/alipurduar/alipurduar_i_form_b_alipurduar_i_ps_pdf_3_28mb_2023030261.pdf,54d865158720155dd65567b47d979b795380bc285929b4c36d8a22a2ba273d1e,2,,1,"[299, 209, 324, 1715]","[{""level"": ""5"", ""page_num"": ""1"", ""block_num"": ""16"", ""par_num"": ""1"", ""line_num"": ""1"", ""word_num"": ""1"", ""left"": ""306"", ""top"": ""1550"", ""width"": ""18"", ""height"": ""165"", ""conf"": ""91.850243"", ""text"": ""Patlakhawa/PS-7""}, {""level"": ""5"", ""page_num"": ""1"", ""block_num"": ""18"", ""par_num"": ""1"", ""line_num"": ""1"", ""word_num"": ""1"", ""left"": ""299"", ""top"": ""209"", ""width"": ""16"", ""height"": ""40"", ""conf"": ""90.492012"", ""text"": ""7-W""}]",ocr_not_independently_verified;explicit_ps_identifiers_and_codes;caste_missing_or_conflicting,needs_review,rendered_image_pixels,0
98b72b7ff9a8ba469a66,West Bengal,Alipurduar,2023,final,block_ward_reservation,Patlakhawa,Patlakhawa/PS-8,8,8,8-SC,8-W,SC,1,data/wb/2023/alipurduar/alipurduar_i_form_b_alipurduar_i_ps_pdf_3_28mb_2023030261.pdf,54d865158720155dd65567b47d979b795380bc285929b4c36d8a22a2ba273d1e,2,,2,"[463, 207, 489, 1714]","[{""level"": ""5"", ""page_num"": ""1"", ""block_num"": ""20"", ""par_num"": ""1"", ""line_num"": ""1"", ""word_num"": ""1"", ""left"": ""471"", ""top"": ""1549"", ""width"": ""18"", ""height"": ""165"", ""conf"": ""90.835815"", ""text"": ""Patlakhawa/PS-8""}, {""level"": ""5"", ""page_num"": ""1"", ""block_num"": ""22"", ""par_num"": ""1"", ""line_num"": ""1"", ""word_num"": ""1"", ""left"": ""465"", ""top"": ""507"", ""width"": ""18"", ""height"": ""48"", ""conf"": ""92.910057"", ""text"": ""8-SC""}, {""level"": ""5"", ""page_num"": ""1"", ""block_num"": ""22"", ""par_num"": ""1"", ""line_num"": ""1"", ""word_num"": ""2"", ""left"": ""463"", ""top"": ""207"", ""width"": ""18"", ""height"": ""42"", ""conf"": ""92.215111"", ""text"": ""8-W""}]",ocr_not_independently_verified;explicit_ps_identifiers_and_codes,needs_review,rendered_image_pixels,0
ec4a38e3081e9c97a030,West Bengal,Alipurduar,2023,final,block_ward_reservation,Patlakhawa,Patlakhawa/PS-9,9,9,,,,,data/wb/2023/alipurduar/alipurduar_i_form_b_alipurduar_i_ps_pdf_3_28mb_2023030261.pdf,54d865158720155dd65567b47d979b795380bc285929b4c36d8a22a2ba273d1e,2,,3,"[637, 1548, 655, 1713]","[{""level"": ""5"", ""page_num"": ""1"", ""block_num"": ""24"", ""par_num"": ""1"", ""line_num"": ""1"", ""word_num"": ""1"", ""left"": ""637"", ""top"": ""1548"", ""width"": ""18"", ""height"": ""165"", ""conf"": ""92.413498"", ""text"": ""Patlakhawa/PS-9""}]",ocr_not_independently_verified;explicit_ps_identifiers_and_codes;caste_missing_or_conflicting;scanned_women_unread_or_blank,needs_review,rendered_image_pixels,0
b9617b6c6dee5b0c527c,West Bengal,Alipurduar,2023,final,block_ward_reservation,Chakowakheti,Chakowakheti/PS-10,10,10,10-SC,,SC,,data/wb/2023/alipurduar/alipurduar_i_form_b_alipurduar_i_ps_pdf_3_28mb_2023030261.pdf,54d865158720155dd65567b47d979b795380bc285929b4c36d8a22a2ba273d1e,2,,4,"[810, 500, 834, 1734]","[{""level"": ""5"", ""page_num"": ""1"", ""block_num"": ""31"", ""par_num"": ""1"", ""line_num"": ""1"", ""word_num"": ""1"", ""left"": ""815"", ""top"": ""1527"", ""width"": ""19"", ""height"": ""207"", ""conf"": ""91.027061"", ""text"": ""Chakowakheti/PS-10""}, {""level"": ""5"", ""page_num"": ""1"", ""block_num"": ""33"", ""par_num"": ""1"", ""line_num"": ""1"", ""word_num"": ""1"", ""left"": ""810"", ""top"": ""500"", ""width"": ""17"", ""height"": ""57"", ""conf"": ""89.391418"", ""text"": ""10-SC""}]",ocr_not_independently_verified;explicit_ps_identifiers_and_codes;scanned_women_unread_or_blank,needs_review,rendered_image_pixels,0
c98004b25e58c002c360,West Bengal,Alipurduar,2023,final,block_ward_reservation,Chakowakheti,Chakowakheti/PS-11,11,11,,11-W,,1,data/wb/2023/alipurduar/alipurduar_i_form_b_alipurduar_i_ps_pdf_3_28mb_2023030261.pdf,54d865158720155dd65567b47d979b795380bc285929b4c36d8a22a2ba273d1e,2,,5,"[999, 197, 1026, 1732]","[{""level"": ""5"", ""page_num"": ""1"", ""block_num"": ""36"", ""par_num"": ""1"", ""line_num"": ""1"", ""word_num"": ""1"", ""left"": ""1007"", ""top"": ""1528"", ""width"": ""19"", ""height"": ""204"", ""conf"": ""88.688995"", ""text"": ""Chakowakheti/PS-11""}, {""level"": ""5"", ""page_num"": ""1"", ""block_num"": ""38"", ""par_num"": ""1"", ""line_num"": ""1"", ""word_num"": ""1"", ""left"": ""999"", ""top"": ""197"", ""width"": ""17"", ""height"": ""50"", ""conf"": ""92.124886"", ""text"": ""11-W""}]",ocr_not_independently_verified;explicit_ps_identifiers_and_codes;caste_missing_or_conflicting,needs_review,rendered_image_pixels,0
f1d8a3ad5c65b89bddb3,West Bengal,Alipurduar,2023,final,block_ward_reservation,Chakowakheti,Chakowakheti/PS-12,12,12,12-SC,12-W,SC,1,data/wb/2023/alipurduar/alipurduar_i_form_b_alipurduar_i_ps_pdf_3_28mb_2023030261.pdf,54d865158720155dd65567b47d979b795380bc285929b4c36d8a22a2ba273d1e,2,,6,"[1195, 194, 1222, 1731]","[{""level"": ""5"", ""page_num"": ""1"", ""block_num"": ""41"", ""par_num"": ""1"", ""line_num"": ""1"", ""word_num"": ""1"", ""left"": ""1204"", ""top"": ""1524"", ""width"": ""18"", ""height"": ""207"", ""conf"": ""92.529671"", ""text"": ""Chakowakheti/PS-12""}, {""level"": ""5"", ""page_num"": ""1"", ""block_num"": ""45"", ""par_num"": ""1"", ""line_num"": ""1"", ""word_num"": ""1"", ""left"": ""1198"", ""top"": ""496"", ""width"": ""17"", ""height"": ""57"", ""conf"": ""92.007378"", ""text"": ""12-SC""}, {""level"": ""5"", ""page_num"": ""1"", ""block_num"": ""45"", ""par_num"": ""1"", ""line_num"": ""1"", ""word_num"": ""2"", ""left"": ""1195"", ""top"": ""194"", ""width"": ""18"", ""height"": ""52"", ""conf"": ""92.537170"", ""text"": ""12-W""}]",ocr_not_independently_verified;explicit_ps_identifiers_and_codes,needs_review,rendered_image_pixels,0
900d7eaaf8e4edd50cc6,West Bengal,Alipurduar,2023,final,block_ward_reservation,Mathura,Mathura/PS-13,13,13,13-ST,,ST,,data/wb/2023/alipurduar/alipurduar_i_form_b_alipurduar_i_ps_pdf_3_28mb_2023030261.pdf,54d865158720155dd65567b47d979b795380bc285929b4c36d8a22a2ba273d1e,3,,1,"[305, 500, 327, 1706]","[{""level"": ""5"", ""page_num"": ""1"", ""block_num"": ""22"", ""par_num"": ""1"", ""line_num"": ""1"", ""word_num"": ""1"", ""left"": ""309"", ""top"": ""1558"", ""width"": ""18"", ""height"": ""148"", ""conf"": ""90.907402"", ""text"": ""Mathura/PS-13""}, {""level"": ""5"", ""page_num"": ""1"", ""block_num"": ""25"", ""par_num"": ""1"", ""line_num"": ""1"", ""word_num"": ""1"", ""left"": ""305"", ""top"": ""500"", ""width"": ""17"", ""height"": ""57"", ""conf"": ""91.632210"", ""text"": ""13-ST""}]",ocr_not_independently_verified;explicit_ps_identifiers_and_codes;scanned_women_unread_or_blank,needs_review,rendered_image_pixels,0
bea065c2f2e897a3ef5e,West Bengal,Alipurduar,2023,final,block_ward_reservation,Mathura,Mathura/PS-14,14,14,,,,,data/wb/2023/alipurduar/alipurduar_i_form_b_alipurduar_i_ps_pdf_3_28mb_2023030261.pdf,54d865158720155dd65567b47d979b795380bc285929b4c36d8a22a2ba273d1e,3,,2,"[455, 1556, 473, 1705]","[{""level"": ""5"", ""page_num"": ""1"", ""block_num"": ""27"", ""par_num"": ""1"", ""line_num"": ""1"", ""word_num"": ""1"", ""left"": ""455"", ""top"": ""1556"", ""width"": ""18"", ""height"": ""149"", ""conf"": ""91.861809"", ""text"": ""Mathura/PS-14""}]",ocr_not_independently_verified;explicit_ps_identifiers_and_codes;caste_missing_or_conflicting;scanned_women_unread_or_blank,needs_review,rendered_image_pixels,0
8936debeba73a6391cc3,West Bengal,Alipurduar,2023,final,block_ward_reservation,Tapshikhata,Tapshikhata/PS-15,15,15,15-ST,15-W,ST,1,data/wb/2023/alipurduar/alipurduar_i_form_b_alipurduar_i_ps_pdf_3_28mb_2023030261.pdf,54d865158720155dd65567b47d979b795380bc285929b4c36d8a22a2ba273d1e,3,,3,"[617, 198, 645, 1723]","[{""level"": ""5"", ""page_num"": ""1"", ""block_num"": ""35"", ""par_num"": ""1"", ""line_num"": ""1"", ""word_num"": ""1"", ""left"": ""623"", ""top"": ""1537"", ""width"": ""22"", ""height"": ""186"", ""conf"": ""91.670448"", ""text"": ""Tapshikhata/PS-15""}, {""level"": ""5"", ""page_num"": ""1"", ""block_num"": ""37"", ""par_num"": ""1"", ""line_num"": ""1"", ""word_num"": ""1"", ""left"": ""618"", ""top"": ""498"", ""width"": ""18"", ""height"": ""58"", ""conf"": ""90.378197"", ""text"": ""15-ST""}, {""level"": ""5"", ""page_num"": ""1"", ""block_num"": ""38"", ""par_num"": ""1"", ""line_num"": ""1"", ""word_num"": ""1"", ""left"": ""617"", ""top"": ""198"", ""width"": ""17"", ""height"": ""50"", ""conf"": ""92.793396"", ""text"": ""15-W""}]",ocr_not_independently_verified;explicit_ps_identifiers_and_codes,needs_review,rendered_image_pixels,0
ba0b219c32d4a758473b,West Bengal,Alipurduar,2023,final,block_ward_reservation,Tapshikhata,Tapshikhata/PS-16,16,16,16-ST,,ST,,data/wb/2023/alipurduar/alipurduar_i_form_b_alipurduar_i_ps_pdf_3_28mb_2023030261.pdf,54d865158720155dd65567b47d979b795380bc285929b4c36d8a22a2ba273d1e,3,,4,"[806, 497, 833, 1722]","[{""level"": ""5"", ""page_num"": ""1"", ""block_num"": ""40"", ""par_num"": ""1"", ""line_num"": ""1"", ""word_num"": ""1"", ""left"": ""810"", ""top"": ""1535"", ""width"": ""23"", ""height"": ""187"", ""conf"": ""91.374504"", ""text"": ""Tapshikhata/PS-16""}, {""level"": ""5"", ""page_num"": ""1"", ""block_num"": ""42"", ""par_num"": ""1"", ""line_num"": ""1"", ""word_num"": ""1"", ""left"": ""806"", ""top"": ""497"", ""width"": ""17"", ""height"": ""58"", ""conf"": ""91.872101"", ""text"": ""16-ST""}]",ocr_not_independently_verified;explicit_ps_identifiers_and_codes;scanned_women_unread_or_blank,needs_review,rendered_image_pixels,0
7b11950a4b398ba854c8,West Bengal,Alipurduar,2023,final,block_ward_reservation,Tapshikhata,Tapshikhata/PS-17,17,17,,17-W,,1,data/wb/2023/alipurduar/alipurduar_i_form_b_alipurduar_i_ps_pdf_3_28mb_2023030261.pdf,54d865158720155dd65567b47d979b795380bc285929b4c36d8a22a2ba273d1e,3,,5,"[991, 195, 1020, 1721]","[{""level"": ""5"", ""page_num"": ""1"", ""block_num"": ""45"", ""par_num"": ""1"", ""line_num"": ""1"", ""word_num"": ""1"", ""left"": ""997"", ""top"": ""1534"", ""width"": ""23"", ""height"": ""187"", ""conf"": ""90.315369"", ""text"": ""Tapshikhata/PS-17""}, {""level"": ""5"", ""page_num"": ""1"", ""block_num"": ""49"", ""par_num"": ""1"", ""line_num"": ""1"", ""word_num"": ""1"", ""left"": ""991"", ""top"": ""195"", ""width"": ""17"", ""height"": ""51"", ""conf"": ""91.988640"", ""text"": ""17-W""}]",ocr_not_independently_verified;explicit_ps_identifiers_and_codes;caste_missing_or_conflicting,needs_review,rendered_image_pixels,0
d104ad514d9493a93edf,West Bengal,Alipurduar,2023,final,block_ward_reservation,Pararpar,Pararpar/PS-18,18,18,18-SC,18-W,SC,1,data/wb/2023/alipurduar/alipurduar_i_form_b_alipurduar_i_ps_pdf_3_28mb_2023030261.pdf,54d865158720155dd65567b47d979b795380bc285929b4c36d8a22a2ba273d1e,4,,1,"[287, 200, 322, 1704]","[{""level"": ""5"", ""page_num"": ""1"", ""block_num"": ""25"", ""par_num"": ""1"", ""line_num"": ""1"", ""word_num"": ""1"", ""left"": ""299"", ""top"": ""1559"", ""width"": ""23"", ""height"": ""145"", ""conf"": ""91.827255"", ""text"": ""Pararpar/PS-18""}, {""level"": ""5"", ""page_num"": ""1"", ""block_num"": ""30"", ""par_num"": ""1"", ""line_num"": ""1"", ""word_num"": ""1"", ""left"": ""289"", ""top"": ""500"", ""width"": ""17"", ""height"": ""56"", ""conf"": ""91.014336"", ""text"": ""18-SC""}, {""level"": ""5"", ""page_num"": ""1"", ""block_num"": ""31"", ""par_num"": ""1"", ""line_num"": ""1"", ""word_num"": ""1"", ""left"": ""287"", ""top"": ""200"", ""width"": ""17"", ""height"": ""50"", ""conf"": ""91.079819"", ""text"": ""18-W""}]",ocr_not_independently_verified;explicit_ps_identifiers_and_codes,needs_review,rendered_image_pixels,0
d2078826b28d9745436a,West Bengal,Alipurduar,2023,final,block_ward_reservation,Pararpar,Pararpar/PS-19,19,19,,,,,data/wb/2023/alipurduar/alipurduar_i_form_b_alipurduar_i_ps_pdf_3_28mb_2023030261.pdf,54d865158720155dd65567b47d979b795380bc285929b4c36d8a22a2ba273d1e,4,,2,"[447, 1557, 470, 1703]","[{""level"": ""5"", ""page_num"": ""1"", ""block_num"": ""33"", ""par_num"": ""1"", ""line_num"": ""1"", ""word_num"": ""1"", ""left"": ""447"", ""top"": ""1557"", ""width"": ""23"", ""height"": ""146"", ""conf"": ""92.856331"", ""text"": ""Pararpar/PS-19""}]",ocr_not_independently_verified;explicit_ps_identifiers_and_codes;caste_missing_or_conflicting;scanned_women_unread_or_blank,needs_review,rendered_image_pixels,0
fb8cc958f76a1771a023,West Bengal,Alipurduar,2023,final,block_ward_reservation,Pararpar,Pararpar/PS-20,20,20,20-SC,,SC,,data/wb/2023/alipurduar/alipurduar_i_form_b_alipurduar_i_ps_pdf_3_28mb_2023030261.pdf,54d865158720155dd65567b47d979b795380bc285929b4c36d8a22a2ba273d1e,4,,3,"[586, 497, 619, 1701]","[{""level"": ""5"", ""page_num"": ""1"", ""block_num"": ""38"", ""par_num"": ""1"", ""line_num"": ""1"", ""word_num"": ""1"", ""left"": ""596"", ""top"": ""1555"", ""width"": ""23"", ""height"": ""146"", ""conf"": ""92.375786"", ""text"": ""Pararpar/PS-20""}, {""level"": ""5"", ""page_num"": ""1"", ""block_num"": ""40"", ""par_num"": ""1"", ""line_num"": ""1"", ""word_num"": ""1"", ""left"": ""586"", ""top"": ""497"", ""width"": ""18"", ""height"": ""59"", ""conf"": ""92.115860"", ""text"": ""20-SC""}]",ocr_not_independently_verified;explicit_ps_identifiers_and_codes;scanned_women_unread_or_blank,needs_review,rendered_image_pixels,0
bfe2d5159a5a565ac1bc,West Bengal,Alipurduar,2023,final,block_ward_reservation,Banchukamari,Banchukamari/PS-21,21,21,21-SC,21-W,SC,1,data/wb/2023/alipurduar/alipurduar_i_form_b_alipurduar_i_ps_pdf_3_28mb_2023030261.pdf,54d865158720155dd65567b47d979b795380bc285929b4c36d8a22a2ba273d1e,4,,4,"[743, 195, 774, 1729]","[{""level"": ""5"", ""page_num"": ""1"", ""block_num"": ""45"", ""par_num"": ""1"", ""line_num"": ""1"", ""word_num"": ""1"", ""left"": ""755"", ""top"": ""1526"", ""width"": ""19"", ""height"": ""203"", ""conf"": ""90.730324"", ""text"": ""Banchukamari/PS-21""}, {""level"": ""5"", ""page_num"": ""1"", ""block_num"": ""47"", ""par_num"": ""1"", ""line_num"": ""1"", ""word_num"": ""1"", ""left"": ""746"", ""top"": ""496"", ""width"": ""17"", ""height"": ""60"", ""conf"": ""88.825668"", ""text"": ""21-SC""}, {""level"": ""5"", ""page_num"": ""1"", ""block_num"": ""48"", ""par_num"": ""1"", ""line_num"": ""1"", ""word_num"": ""1"", ""left"": ""743"", ""top"": ""195"", ""width"": ""17"", ""height"": ""54"", ""conf"": ""91.389000"", ""text"": ""21-W""}]",ocr_not_independently_verified;explicit_ps_identifiers_and_codes,needs_review,rendered_image_pixels,0
3bb7f32ec69c26685fbe,West Bengal,Alipurduar,2023,final,block_ward_reservation,Banchukamari,Banchukamari/PS-22,22,22,22-SC,,SC,,data/wb/2023/alipurduar/alipurduar_i_form_b_alipurduar_i_ps_pdf_3_28mb_2023030261.pdf,54d865158720155dd65567b47d979b795380bc285929b4c36d8a22a2ba273d1e,4,,5,"[932, 493, 960, 1727]","[{""level"": ""5"", ""page_num"": ""1"", ""block_num"": ""50"", ""par_num"": ""1"", ""line_num"": ""1"", ""word_num"": ""1"", ""left"": ""941"", ""top"": ""1521"", ""width"": ""19"", ""height"": ""206"", ""conf"": ""91.818253"", ""text"": ""Banchukamari/PS-22""}, {""level"": ""5"", ""page_num"": ""1"", ""block_num"": ""52"", ""par_num"": ""1"", ""line_num"": ""1"", ""word_num"": ""1"", ""left"": ""932"", ""top"": ""493"", ""width"": ""18"", ""height"": ""60"", ""conf"": ""91.515144"", ""text"": ""22-SC""}]",ocr_not_independently_verified;explicit_ps_identifiers_and_codes;scanned_women_unread_or_blank,needs_review,rendered_image_pixels,0
1f90fce3729a7fa47d61,West Bengal,Alipurduar,2023,final,block_ward_reservation,Banchukamari,Banchukamari/PS-23,23,23,23-SC,,SC,,data/wb/2023/alipurduar/alipurduar_i_form_b_alipurduar_i_ps_pdf_3_28mb_2023030261.pdf,54d865158720155dd65567b47d979b795380bc285929b4c36d8a22a2ba273d1e,4,,6,"[1118, 491, 1147, 1725]","[{""level"": ""5"", ""page_num"": ""1"", ""block_num"": ""55"", ""par_num"": ""1"", ""line_num"": ""1"", ""word_num"": ""1"", ""left"": ""1127"", ""top"": ""1519"", ""width"": ""20"", ""height"": ""206"", ""conf"": ""91.449730"", ""text"": ""Banchukamari/PS-23""}, {""level"": ""5"", ""page_num"": ""1"", ""block_num"": ""60"", ""par_num"": ""1"", ""line_num"": ""1"", ""word_num"": ""1"", ""left"": ""1118"", ""top"": ""491"", ""width"": ""18"", ""height"": ""60"", ""conf"": ""89.885094"", ""text"": ""23-SC""}]",ocr_not_independently_verified;explicit_ps_identifiers_and_codes;scanned_women_unread_or_blank,needs_review,rendered_image_pixels,0
9613427e10b18b6632e0,West Bengal,Alipurduar,2023,final,block_ward_reservation,Vivekananda-II,Vivekananda-II/PS-24,24,24,,24-W,,1,data/wb/2023/alipurduar/alipurduar_i_form_b_alipurduar_i_ps_pdf_3_28mb_2023030261.pdf,54d865158720155dd65567b47d979b795380bc285929b4c36d8a22a2ba273d1e,5,,1,"[307, 198, 333, 1739]","[{""level"": ""5"", ""page_num"": ""1"", ""block_num"": ""21"", ""par_num"": ""1"", ""line_num"": ""1"", ""word_num"": ""1"", ""left"": ""315"", ""top"": ""1520"", ""width"": ""18"", ""height"": ""219"", ""conf"": ""69.775955"", ""text"": ""Vivekananda-II/PS-24""}, {""level"": ""5"", ""page_num"": ""1"", ""block_num"": ""24"", ""par_num"": ""1"", ""line_num"": ""1"", ""word_num"": ""1"", ""left"": ""307"", ""top"": ""198"", ""width"": ""16"", ""height"": ""52"", ""conf"": ""89.061493"", ""text"": ""24-W""}]",ocr_not_independently_verified;explicit_ps_identifiers_and_codes;caste_missing_or_conflicting,needs_review,rendered_image_pixels,0
f6bcdfdc6fe2e34d430c,West Bengal,Alipurduar,2023,final,block_ward_reservation,Vivekananda-II,Vivekananda-II/PS-25,25,25,,,,,data/wb/2023/alipurduar/alipurduar_i_form_b_alipurduar_i_ps_pdf_3_28mb_2023030261.pdf,54d865158720155dd65567b47d979b795380bc285929b4c36d8a22a2ba273d1e,5,,2,"[496, 1519, 514, 1738]","[{""level"": ""5"", ""page_num"": ""1"", ""block_num"": ""26"", ""par_num"": ""1"", ""line_num"": ""1"", ""word_num"": ""1"", ""left"": ""496"", ""top"": ""1519"", ""width"": ""18"", ""height"": ""219"", ""conf"": ""70.434563"", ""text"": ""Vivekananda-II/PS-25""}]",ocr_not_independently_verified;explicit_ps_identifiers_and_codes;caste_missing_or_conflicting;scanned_women_unread_or_blank,needs_review,rendered_image_pixels,0
d1f3b8f38655f3d6d349,West Bengal,Alipurduar,2023,final,block_ward_reservation,Vivekananda-II,Vivekananda-II/PS-26,26,26,,26-W,,1,data/wb/2023/alipurduar/alipurduar_i_form_b_alipurduar_i_ps_pdf_3_28mb_2023030261.pdf,54d865158720155dd65567b47d979b795380bc285929b4c36d8a22a2ba273d1e,5,,3,"[683, 195, 709, 1736]","[{""level"": ""5"", ""page_num"": ""1"", ""block_num"": ""30"", ""par_num"": ""1"", ""line_num"": ""1"", ""word_num"": ""1"", ""left"": ""691"", ""top"": ""1516"", ""width"": ""18"", ""height"": ""220"", ""conf"": ""86.703651"", ""text"": ""Vivekananda-II/PS-26""}, {""level"": ""5"", ""page_num"": ""1"", ""block_num"": ""33"", ""par_num"": ""1"", ""line_num"": ""1"", ""word_num"": ""1"", ""left"": ""683"", ""top"": ""195"", ""width"": ""17"", ""height"": ""53"", ""conf"": ""92.464165"", ""text"": ""26-W""}]",ocr_not_independently_verified;explicit_ps_identifiers_and_codes;caste_missing_or_conflicting,needs_review,rendered_image_pixels,0
150a41878aa2c1601a2f,West Bengal,Alipurduar,2023,final,block_ward_reservation,Vivekananda-I,Vivekananda-I/PS-27,27,27,,,,,data/wb/2023/alipurduar/alipurduar_i_form_b_alipurduar_i_ps_pdf_3_28mb_2023030261.pdf,54d865158720155dd65567b47d979b795380bc285929b4c36d8a22a2ba273d1e,5,,4,"[879, 1519, 897, 1730]","[{""level"": ""5"", ""page_num"": ""1"", ""block_num"": ""38"", ""par_num"": ""1"", ""line_num"": ""1"", ""word_num"": ""1"", ""left"": ""879"", ""top"": ""1519"", ""width"": ""18"", ""height"": ""211"", ""conf"": ""81.898949"", ""text"": ""Vivekananda-I/PS-27""}]",ocr_not_independently_verified;explicit_ps_identifiers_and_codes;caste_missing_or_conflicting;scanned_women_unread_or_blank,needs_review,rendered_image_pixels,0
38cd505e7d70f60b5a89,West Bengal,Alipurduar,2023,final,block_ward_reservation,Vivekananda-I,Vivekananda-I/PS-28,28,28,,,,,data/wb/2023/alipurduar/alipurduar_i_form_b_alipurduar_i_ps_pdf_3_28mb_2023030261.pdf,54d865158720155dd65567b47d979b795380bc285929b4c36d8a22a2ba273d1e,5,,5,"[1033, 1517, 1051, 1729]","[{""level"": ""5"", ""page_num"": ""1"", ""block_num"": ""41"", ""par_num"": ""1"", ""line_num"": ""1"", ""word_num"": ""1"", ""left"": ""1033"", ""top"": ""1517"", ""width"": ""18"", ""height"": ""212"", ""conf"": ""77.748550"", ""text"": ""Vivekananda-I/PS-28""}]",ocr_not_independently_verified;explicit_ps_identifiers_and_codes;caste_missing_or_conflicting;scanned_women_unread_or_blank,needs_review,rendered_image_pixels,0
6ad37e4de048b33a445d,West Bengal,Alipurduar,2023,final,block_ward_reservation,Vivekananda-I,Vivekananda-I/PS-29,29,29,,,,,data/wb/2023/alipurduar/alipurduar_i_form_b_alipurduar_i_ps_pdf_3_28mb_2023030261.pdf,54d865158720155dd65567b47d979b795380bc285929b4c36d8a22a2ba273d1e,5,,6,"[1188, 1516, 1206, 1727]","[{""level"": ""5"", ""page_num"": ""1"", ""block_num"": ""45"", ""par_num"": ""1"", ""line_num"": ""1"", ""word_num"": ""1"", ""left"": ""1188"", ""top"": ""1516"", ""width"": ""18"", ""height"": ""211"", ""conf"": ""82.743912"", ""text"": ""Vivekananda-I/PS-29""}]",ocr_not_independently_verified;explicit_ps_identifiers_and_codes;caste_missing_or_conflicting;scanned_women_unread_or_blank,needs_review,rendered_image_pixels,0
2264ae421ae4d19b4d4a,West Bengal,Alipurduar,2023,final,block_ward_reservation,Kathalbari,Kathalbari/PS-31,31,31,,,,,data/wb/2023/alipurduar/alipurduar_i_form_b_alipurduar_i_ps_pdf_3_28mb_2023030261.pdf,54d865158720155dd65567b47d979b795380bc285929b4c36d8a22a2ba273d1e,6,,1,"[524, 1517, 543, 1683]","[{""level"": ""5"", ""page_num"": ""1"", ""block_num"": ""18"", ""par_num"": ""1"", ""line_num"": ""1"", ""word_num"": ""2"", ""left"": ""524"", ""top"": ""1517"", ""width"": ""19"", ""height"": ""166"", ""conf"": ""90.886299"", ""text"": ""Kathalbari/PS-31""}]",ocr_not_independently_verified;explicit_ps_identifiers_and_codes;caste_missing_or_conflicting;scanned_women_unread_or_blank,needs_review,rendered_image_pixels,0
049cdccc39dbcdc8243f,West Bengal,Alipurduar,2023,final,block_ward_reservation,Kathalbari,Kathalbari/PS-32,32,32,32-SC,,SC,,data/wb/2023/alipurduar/alipurduar_i_form_b_alipurduar_i_ps_pdf_3_28mb_2023030261.pdf,54d865158720155dd65567b47d979b795380bc285929b4c36d8a22a2ba273d1e,6,,2,"[708, 495, 740, 1680]","[{""level"": ""5"", ""page_num"": ""1"", ""block_num"": ""22"", ""par_num"": ""1"", ""line_num"": ""1"", ""word_num"": ""2"", ""left"": ""721"", ""top"": ""1511"", ""width"": ""19"", ""height"": ""169"", ""conf"": ""92.353615"", ""text"": ""Kathalbari/PS-32""}, {""level"": ""5"", ""page_num"": ""1"", ""block_num"": ""21"", ""par_num"": ""2"", ""line_num"": ""1"", ""word_num"": ""11"", ""left"": ""708"", ""top"": ""495"", ""width"": ""18"", ""height"": ""60"", ""conf"": ""92.087051"", ""text"": ""32-SC""}]",ocr_not_independently_verified;explicit_ps_identifiers_and_codes;scanned_women_unread_or_blank,needs_review,rendered_image_pixels,0
d4ccc4fcef9ef66169bb,West Bengal,Alipurduar,2023,final,block_ward_reservation,Dhanirampurr-I,Dhanirampurr-I/PS-1,1,1,1-ST,1-W,ST,1,data/wb/2023/alipurduar/falakata_form_b_falakata_ps_pdf_3_09mb_2023030275-1.pdf,ae1aff5c1204cb9edc3282795f61dd1b01d14e201d63a948b6eceaee7c33933f,1,,1,"[1008, 195, 1048, 1812]","[{""level"": ""5"", ""page_num"": ""1"", ""block_num"": ""18"", ""par_num"": ""1"", ""line_num"": ""2"", ""word_num"": ""1"", ""left"": ""1008"", ""top"": ""1592"", ""width"": ""34"", ""height"": ""220"", ""conf"": ""84.296623"", ""text"": ""Dhanirampurr-I/PS-1""}, {""level"": ""5"", ""page_num"": ""1"", ""block_num"": ""18"", ""par_num"": ""1"", ""line_num"": ""2"", ""word_num"": ""3"", ""left"": ""1026"", ""top"": ""528"", ""width"": ""19"", ""height"": ""50"", ""conf"": ""92.406822"", ""text"": ""1-ST""}, {""level"": ""5"", ""page_num"": ""1"", ""block_num"": ""18"", ""par_num"": ""1"", ""line_num"": ""2"", ""word_num"": ""4"", ""left"": ""1030"", ""top"": ""195"", ""width"": ""18"", ""height"": ""43"", ""conf"": ""80.705391"", ""text"": ""1-W""}]",ocr_not_independently_verified;explicit_ps_identifiers_and_codes,needs_review,rendered_image_pixels,0
470bf8ccc8973447aa50,West Bengal,Alipurduar,2023,final,block_ward_reservation,Dhanirampur-l,Dhanirampur-l/PS-2,2,2,,,,,data/wb/2023/alipurduar/falakata_form_b_falakata_ps_pdf_3_09mb_2023030275-1.pdf,ae1aff5c1204cb9edc3282795f61dd1b01d14e201d63a948b6eceaee7c33933f,1,,2,"[1204, 1597, 1229, 1811]","[{""level"": ""5"", ""page_num"": ""1"", ""block_num"": ""21"", ""par_num"": ""1"", ""line_num"": ""2"", ""word_num"": ""4"", ""left"": ""1204"", ""top"": ""1597"", ""width"": ""25"", ""height"": ""214"", ""conf"": ""0.000000"", ""text"": ""Dhanirampur-l/PS-2""}]",ocr_not_independently_verified;explicit_ps_identifiers_and_codes;caste_missing_or_conflicting;scanned_women_unread_or_blank,needs_review,rendered_image_pixels,0
a9cf000f97ff7ffd94c5,West Bengal,Alipurduar,2023,final,block_ward_reservation,Dhanirampur-II,Dhanirampur-II/PS-4,4,4,,4-W,,1,data/wb/2023/alipurduar/falakata_form_b_falakata_ps_pdf_3_09mb_2023030275-1.pdf,ae1aff5c1204cb9edc3282795f61dd1b01d14e201d63a948b6eceaee7c33933f,2,,1,"[407, 186, 437, 1803]","[{""level"": ""5"", ""page_num"": ""1"", ""block_num"": ""7"", ""par_num"": ""1"", ""line_num"": ""1"", ""word_num"": ""1"", ""left"": ""407"", ""top"": ""1580"", ""width"": ""25"", ""height"": ""223"", ""conf"": ""66.946114"", ""text"": ""Dhanirampur-II/PS-4""}, {""level"": ""5"", ""page_num"": ""1"", ""block_num"": ""7"", ""par_num"": ""1"", ""line_num"": ""1"", ""word_num"": ""8"", ""left"": ""419"", ""top"": ""186"", ""width"": ""18"", ""height"": ""46"", ""conf"": ""90.004379"", ""text"": ""4-W""}]",ocr_not_independently_verified;explicit_ps_identifiers_and_codes;caste_missing_or_conflicting,needs_review,rendered_image_pixels,0
3d5c86cc4362089b2070,West Bengal,Alipurduar,2023,final,block_ward_reservation,Dhanirampur-II,Dhanirampur-II/PS-5,5,5,5-ST,5-W,ST,1,data/wb/2023/alipurduar/falakata_form_b_falakata_ps_pdf_3_09mb_2023030275-1.pdf,ae1aff5c1204cb9edc3282795f61dd1b01d14e201d63a948b6eceaee7c33933f,2,,2,"[578, 188, 611, 1805]","[{""level"": ""5"", ""page_num"": ""1"", ""block_num"": ""7"", ""par_num"": ""2"", ""line_num"": ""2"", ""word_num"": ""1"", ""left"": ""578"", ""top"": ""1582"", ""width"": ""33"", ""height"": ""223"", ""conf"": ""79.079300"", ""text"": ""Dhanirampur-II/PS-5""}, {""level"": ""5"", ""page_num"": ""1"", ""block_num"": ""7"", ""par_num"": ""2"", ""line_num"": ""2"", ""word_num"": ""5"", ""left"": ""590"", ""top"": ""521"", ""width"": ""19"", ""height"": ""53"", ""conf"": ""89.958336"", ""text"": ""5-ST""}, {""level"": ""5"", ""page_num"": ""1"", ""block_num"": ""7"", ""par_num"": ""2"", ""line_num"": ""2"", ""word_num"": ""6"", ""left"": ""593"", ""top"": ""188"", ""width"": ""18"", ""height"": ""46"", ""conf"": ""92.094704"", ""text"": ""5-W""}]",ocr_not_independently_verified;explicit_ps_identifiers_and_codes,needs_review,rendered_image_pixels,0
6f64d3d3c575fcd666c4,West Bengal,Alipurduar,2023,final,block_ward_reservation,Dhanirampur-II,Dhanirampur-II/PS-6,6,6,,6-W,,1,data/wb/2023/alipurduar/falakata_form_b_falakata_ps_pdf_3_09mb_2023030275-1.pdf,ae1aff5c1204cb9edc3282795f61dd1b01d14e201d63a948b6eceaee7c33933f,2,,3,"[738, 190, 768, 1807]","[{""level"": ""5"", ""page_num"": ""1"", ""block_num"": ""13"", ""par_num"": ""1"", ""line_num"": ""1"", ""word_num"": ""1"", ""left"": ""738"", ""top"": ""1584"", ""width"": ""25"", ""height"": ""223"", ""conf"": ""50.898697"", ""text"": ""Dhanirampur-II/PS-6""}, {""level"": ""5"", ""page_num"": ""1"", ""block_num"": ""13"", ""par_num"": ""1"", ""line_num"": ""1"", ""word_num"": ""2"", ""left"": ""749"", ""top"": ""190"", ""width"": ""19"", ""height"": ""46"", ""conf"": ""91.240601"", ""text"": ""6-W""}]",ocr_not_independently_verified;explicit_ps_identifiers_and_codes;caste_missing_or_conflicting,needs_review,rendered_image_pixels,0
a196bb2688dcfd446f20,West Bengal,Alipurduar,2023,final,block_ward_reservation,Dalgaon,Dalgaon/PS-7,7,7,,,,,data/wb/2023/alipurduar/falakata_form_b_falakata_ps_pdf_3_09mb_2023030275-1.pdf,ae1aff5c1204cb9edc3282795f61dd1b01d14e201d63a948b6eceaee7c33933f,2,,4,"[842, 1623, 866, 1770]","[{""level"": ""5"", ""page_num"": ""1"", ""block_num"": ""17"", ""par_num"": ""1"", ""line_num"": ""1"", ""word_num"": ""1"", ""left"": ""842"", ""top"": ""1623"", ""width"": ""24"", ""height"": ""147"", ""conf"": ""92.511993"", ""text"": ""Dalgaon/PS-7""}]",ocr_not_independently_verified;explicit_ps_identifiers_and_codes;caste_missing_or_conflicting;scanned_women_unread_or_blank,needs_review,rendered_image_pixels,0
dd709bc082534f09f6df,West Bengal,Alipurduar,2023,final,block_ward_reservation,Jateswar-I,Jateswar-I/PS-10,10,10,10-SC,,SC,,data/wb/2023/alipurduar/falakata_form_b_falakata_ps_pdf_3_09mb_2023030275-1.pdf,ae1aff5c1204cb9edc3282795f61dd1b01d14e201d63a948b6eceaee7c33933f,2,,5,"[1085, 521, 1112, 1791]","[{""level"": ""5"", ""page_num"": ""1"", ""block_num"": ""24"", ""par_num"": ""1"", ""line_num"": ""1"", ""word_num"": ""1"", ""left"": ""1085"", ""top"": ""1610"", ""width"": ""19"", ""height"": ""181"", ""conf"": ""89.564964"", ""text"": ""Jateswar-I/PS-10""}, {""level"": ""5"", ""page_num"": ""1"", ""block_num"": ""24"", ""par_num"": ""1"", ""line_num"": ""1"", ""word_num"": ""2"", ""left"": ""1093"", ""top"": ""521"", ""width"": ""19"", ""height"": ""65"", ""conf"": ""91.870369"", ""text"": ""10-SC""}]",ocr_not_independently_verified;explicit_ps_identifiers_and_codes;scanned_women_unread_or_blank,needs_review,rendered_image_pixels,0
538d96c246f45c0e8373,West Bengal,Alipurduar,2023,final,block_ward_reservation,var-I,var-I/PS-11,11,11,,,,,data/wb/2023/alipurduar/falakata_form_b_falakata_ps_pdf_3_09mb_2023030275-1.pdf,ae1aff5c1204cb9edc3282795f61dd1b01d14e201d63a948b6eceaee7c33933f,2,,6,"[1242, 1616, 1261, 1726]","[{""level"": ""5"", ""page_num"": ""1"", ""block_num"": ""26"", ""par_num"": ""1"", ""line_num"": ""3"", ""word_num"": ""3"", ""left"": ""1242"", ""top"": ""1616"", ""width"": ""19"", ""height"": ""110"", ""conf"": ""77.877571"", ""text"": ""var-I/PS-11""}]",ocr_not_independently_verified;explicit_ps_identifiers_and_codes;caste_missing_or_conflicting;scanned_women_unread_or_blank,needs_review,rendered_image_pixels,0
65e62e2ce7e96c5e232b,West Bengal,Alipurduar,2023,final,block_ward_reservation,Jateswar-I,Jateswar-I/PS-12,12,12,,,,,data/wb/2023/alipurduar/falakata_form_b_falakata_ps_pdf_3_09mb_2023030275-1.pdf,ae1aff5c1204cb9edc3282795f61dd1b01d14e201d63a948b6eceaee7c33933f,2,,7,"[1393, 1616, 1424, 1795]","[{""level"": ""5"", ""page_num"": ""1"", ""block_num"": ""28"", ""par_num"": ""1"", ""line_num"": ""2"", ""word_num"": ""1"", ""left"": ""1393"", ""top"": ""1616"", ""width"": ""31"", ""height"": ""179"", ""conf"": ""87.523720"", ""text"": ""Jateswar-I/PS-12""}]",ocr_not_independently_verified;explicit_ps_identifiers_and_codes;caste_missing_or_conflicting;scanned_women_unread_or_blank,needs_review,rendered_image_pixels,0
7bb00b9a2ca54d31f412,West Bengal,Alipurduar,2023,final,block_ward_reservation,Deogaon,Deogaon/PS-13,13,13,,13-W,,1,data/wb/2023/alipurduar/falakata_form_b_falakata_ps_pdf_3_09mb_2023030275-1.pdf,ae1aff5c1204cb9edc3282795f61dd1b01d14e201d63a948b6eceaee7c33933f,3,,1,"[410, 181, 437, 1776]","[{""level"": ""5"", ""page_num"": ""1"", ""block_num"": ""14"", ""par_num"": ""1"", ""line_num"": ""1"", ""word_num"": ""1"", ""left"": ""410"", ""top"": ""1612"", ""width"": ""24"", ""height"": ""164"", ""conf"": ""90.147072"", ""text"": ""Deogaon/PS-13""}, {""level"": ""5"", ""page_num"": ""1"", ""block_num"": ""16"", ""par_num"": ""1"", ""line_num"": ""1"", ""word_num"": ""2"", ""left"": ""418"", ""top"": ""181"", ""width"": ""19"", ""height"": ""57"", ""conf"": ""91.939743"", ""text"": ""13-W""}]",ocr_not_independently_verified;explicit_ps_identifiers_and_codes;caste_missing_or_conflicting,needs_review,rendered_image_pixels,0
396cea7afe8fb508449a,West Bengal,Alipurduar,2023,final,block_ward_reservation,Deogaon,Deogaon/PS-14,14,14,,,,,data/wb/2023/alipurduar/falakata_form_b_falakata_ps_pdf_3_09mb_2023030275-1.pdf,ae1aff5c1204cb9edc3282795f61dd1b01d14e201d63a948b6eceaee7c33933f,3,,2,"[584, 1612, 608, 1777]","[{""level"": ""5"", ""page_num"": ""1"", ""block_num"": ""18"", ""par_num"": ""1"", ""line_num"": ""1"", ""word_num"": ""1"", ""left"": ""584"", ""top"": ""1612"", ""width"": ""24"", ""height"": ""165"", ""conf"": ""91.836418"", ""text"": ""Deogaon/PS-14""}]",ocr_not_independently_verified;explicit_ps_identifiers_and_codes;caste_missing_or_conflicting;scanned_women_unread_or_blank,needs_review,rendered_image_pixels,0
fe9e31cb4232d0c2f3e8,West Bengal,Alipurduar,2023,final,block_ward_reservation,Deogaon,Deogaon/PS-15,15,15,,15-W,,1,data/wb/2023/alipurduar/falakata_form_b_falakata_ps_pdf_3_09mb_2023030275-1.pdf,ae1aff5c1204cb9edc3282795f61dd1b01d14e201d63a948b6eceaee7c33933f,3,,3,"[758, 185, 785, 1780]","[{""level"": ""5"", ""page_num"": ""1"", ""block_num"": ""21"", ""par_num"": ""1"", ""line_num"": ""1"", ""word_num"": ""1"", ""left"": ""758"", ""top"": ""1615"", ""width"": ""24"", ""height"": ""165"", ""conf"": ""84.323578"", ""text"": ""Deogaon/PS-15""}, {""level"": ""5"", ""page_num"": ""1"", ""block_num"": ""23"", ""par_num"": ""1"", ""line_num"": ""1"", ""word_num"": ""1"", ""left"": ""767"", ""top"": ""185"", ""width"": ""18"", ""height"": ""57"", ""conf"": ""91.650490"", ""text"": ""15-W""}]",ocr_not_independently_verified;explicit_ps_identifiers_and_codes;caste_missing_or_conflicting,needs_review,rendered_image_pixels,0
feb984f64167cb2f9ee6,West Bengal,Alipurduar,2023,final,block_ward_reservation,Salkumar,Salkumar/PS-16,16,16,,,,,data/wb/2023/alipurduar/falakata_form_b_falakata_ps_pdf_3_09mb_2023030275-1.pdf,ae1aff5c1204cb9edc3282795f61dd1b01d14e201d63a948b6eceaee7c33933f,3,,4,"[913, 1612, 932, 1784]","[{""level"": ""5"", ""page_num"": ""1"", ""block_num"": ""28"", ""par_num"": ""1"", ""line_num"": ""1"", ""word_num"": ""1"", ""left"": ""913"", ""top"": ""1612"", ""width"": ""19"", ""height"": ""172"", ""conf"": ""91.850372"", ""text"": ""Salkumar/PS-16""}]",ocr_not_independently_verified;explicit_ps_identifiers_and_codes;caste_missing_or_conflicting;scanned_women_unread_or_blank,needs_review,rendered_image_pixels,0
8a9ca5df7798062f9ede,West Bengal,Alipurduar,2023,final,block_ward_reservation,Salkumar,Salkumar/PS-17,17,17,17-SC,17-W,SC,1,data/wb/2023/alipurduar/falakata_form_b_falakata_ps_pdf_3_09mb_2023030275-1.pdf,ae1aff5c1204cb9edc3282795f61dd1b01d14e201d63a948b6eceaee7c33933f,3,,5,"[1068, 188, 1096, 1786]","[{""level"": ""5"", ""page_num"": ""1"", ""block_num"": ""31"", ""par_num"": ""1"", ""line_num"": ""1"", ""word_num"": ""1"", ""left"": ""1068"", ""top"": ""1614"", ""width"": ""20"", ""height"": ""172"", ""conf"": ""92.149643"", ""text"": ""Salkumar/PS-17""}, {""level"": ""5"", ""page_num"": ""1"", ""block_num"": ""33"", ""par_num"": ""1"", ""line_num"": ""1"", ""word_num"": ""1"", ""left"": ""1076"", ""top"": ""521"", ""width"": ""18"", ""height"": ""65"", ""conf"": ""92.191666"", ""text"": ""17-SC""}, {""level"": ""5"", ""page_num"": ""1"", ""block_num"": ""33"", ""par_num"": ""1"", ""line_num"": ""1"", ""word_num"": ""2"", ""left"": ""1078"", ""top"": ""188"", ""width"": ""18"", ""height"": ""57"", ""conf"": ""90.681778"", ""text"": ""17-W""}]",ocr_not_independently_verified;explicit_ps_identifiers_and_codes,needs_review,rendered_image_pixels,0
dda705c1682a22f7ce33,West Bengal,Alipurduar,2023,final,block_ward_reservation,Salkumar,Salkumar/PS-18,18,18,18-SC,,SC,,data/wb/2023/alipurduar/falakata_form_b_falakata_ps_pdf_3_09mb_2023030275-1.pdf,ae1aff5c1204cb9edc3282795f61dd1b01d14e201d63a948b6eceaee7c33933f,3,,6,"[1260, 523, 1286, 1788]","[{""level"": ""5"", ""page_num"": ""1"", ""block_num"": ""36"", ""par_num"": ""1"", ""line_num"": ""1"", ""word_num"": ""1"", ""left"": ""1260"", ""top"": ""1617"", ""width"": ""20"", ""height"": ""171"", ""conf"": ""91.695129"", ""text"": ""Salkumar/PS-18""}, {""level"": ""5"", ""page_num"": ""1"", ""block_num"": ""39"", ""par_num"": ""1"", ""line_num"": ""1"", ""word_num"": ""1"", ""left"": ""1267"", ""top"": ""523"", ""width"": ""19"", ""height"": ""65"", ""conf"": ""92.312614"", ""text"": ""18-SC""}]",ocr_not_independently_verified;explicit_ps_identifiers_and_codes;scanned_women_unread_or_blank,needs_review,rendered_image_pixels,0
844ed666bcd136645670,West Bengal,Alipurduar,2023,final,block_ward_reservation,Mairadanga,Mairadanga/PS-19,19,19,,19-W,,1,data/wb/2023/alipurduar/falakata_form_b_falakata_ps_pdf_3_09mb_2023030275-1.pdf,ae1aff5c1204cb9edc3282795f61dd1b01d14e201d63a948b6eceaee7c33933f,4,,1,"[409, 177, 439, 1798]","[{""level"": ""5"", ""page_num"": ""1"", ""block_num"": ""17"", ""par_num"": ""1"", ""line_num"": ""1"", ""word_num"": ""1"", ""left"": ""409"", ""top"": ""1598"", ""width"": ""25"", ""height"": ""200"", ""conf"": ""89.009171"", ""text"": ""Mairadanga/PS-19""}, {""level"": ""5"", ""page_num"": ""1"", ""block_num"": ""19"", ""par_num"": ""1"", ""line_num"": ""1"", ""word_num"": ""1"", ""left"": ""421"", ""top"": ""177"", ""width"": ""18"", ""height"": ""58"", ""conf"": ""86.727364"", ""text"": ""19-W""}]",ocr_not_independently_verified;explicit_ps_identifiers_and_codes;caste_missing_or_conflicting,needs_review,rendered_image_pixels,0
ebf11a28013b0612e38d,West Bengal,Alipurduar,2023,final,block_ward_reservation,Mairadanga,Mairadanga/PS-20,20,20,20-SC,20-W,SC,1,data/wb/2023/alipurduar/falakata_form_b_falakata_ps_pdf_3_09mb_2023030275-1.pdf,ae1aff5c1204cb9edc3282795f61dd1b01d14e201d63a948b6eceaee7c33933f,4,,2,"[583, 180, 614, 1798]","[{""level"": ""5"", ""page_num"": ""1"", ""block_num"": ""21"", ""par_num"": ""1"", ""line_num"": ""1"", ""word_num"": ""1"", ""left"": ""583"", ""top"": ""1599"", ""width"": ""24"", ""height"": ""199"", ""conf"": ""91.825050"", ""text"": ""Mairadanga/PS-20""}, {""level"": ""5"", ""page_num"": ""1"", ""block_num"": ""23"", ""par_num"": ""1"", ""line_num"": ""1"", ""word_num"": ""1"", ""left"": ""591"", ""top"": ""514"", ""width"": ""19"", ""height"": ""67"", ""conf"": ""92.457848"", ""text"": ""20-SC""}, {""level"": ""5"", ""page_num"": ""1"", ""block_num"": ""24"", ""par_num"": ""1"", ""line_num"": ""1"", ""word_num"": ""1"", ""left"": ""595"", ""top"": ""180"", ""width"": ""19"", ""height"": ""60"", ""conf"": ""92.835899"", ""text"": ""20-W""}]",ocr_not_independently_verified;explicit_ps_identifiers_and_codes,needs_review,rendered_image_pixels,0
536e7239a15b5632ceac,West Bengal,Alipurduar,2023,final,block_ward_reservation,Mairadanga,Mairadanga/PS-21,21,21,21-SC,,SC,,data/wb/2023/alipurduar/falakata_form_b_falakata_ps_pdf_3_09mb_2023030275-1.pdf,ae1aff5c1204cb9edc3282795f61dd1b01d14e201d63a948b6eceaee7c33933f,4,,3,"[773, 517, 801, 1799]","[{""level"": ""5"", ""page_num"": ""1"", ""block_num"": ""26"", ""par_num"": ""1"", ""line_num"": ""1"", ""word_num"": ""1"", ""left"": ""773"", ""top"": ""1604"", ""width"": ""24"", ""height"": ""195"", ""conf"": ""91.882530"", ""text"": ""Mairadanga/PS-21""}, {""level"": ""5"", ""page_num"": ""1"", ""block_num"": ""28"", ""par_num"": ""1"", ""line_num"": ""1"", ""word_num"": ""1"", ""left"": ""781"", ""top"": ""517"", ""width"": ""20"", ""height"": ""67"", ""conf"": ""90.609879"", ""text"": ""21-SC""}]",ocr_not_independently_verified;explicit_ps_identifiers_and_codes;scanned_women_unread_or_blank,needs_review,rendered_image_pixels,0
a81be1a28dce441f42b1,West Bengal,Alipurduar,2023,final,block_ward_reservation,Jateswar-II,Jateswar-II/PS-22,22,22,22-SC,22-W,SC,1,data/wb/2023/alipurduar/falakata_form_b_falakata_ps_pdf_3_09mb_2023030275-1.pdf,ae1aff5c1204cb9edc3282795f61dd1b01d14e201d63a948b6eceaee7c33933f,4,,4,"[974, 187, 1005, 1796]","[{""level"": ""5"", ""page_num"": ""1"", ""block_num"": ""32"", ""par_num"": ""1"", ""line_num"": ""1"", ""word_num"": ""1"", ""left"": ""974"", ""top"": ""1607"", ""width"": ""19"", ""height"": ""189"", ""conf"": ""79.637138"", ""text"": ""Jateswar-II/PS-22""}, {""level"": ""5"", ""page_num"": ""1"", ""block_num"": ""34"", ""par_num"": ""1"", ""line_num"": ""1"", ""word_num"": ""1"", ""left"": ""983"", ""top"": ""520"", ""width"": ""19"", ""height"": ""68"", ""conf"": ""91.783264"", ""text"": ""22-SC""}, {""level"": ""5"", ""page_num"": ""1"", ""block_num"": ""35"", ""par_num"": ""1"", ""line_num"": ""1"", ""word_num"": ""1"", ""left"": ""987"", ""top"": ""187"", ""width"": ""18"", ""height"": ""60"", ""conf"": ""90.424271"", ""text"": ""22-W""}]",ocr_not_independently_verified;explicit_ps_identifiers_and_codes,needs_review,rendered_image_pixels,0
f2ed08ad28435afbfd97,West Bengal,Alipurduar,2023,final,block_ward_reservation,Jateswar-II,Jateswar-II/PS-23,23,23,23-SC,,SC,,data/wb/2023/alipurduar/falakata_form_b_falakata_ps_pdf_3_09mb_2023030275-1.pdf,ae1aff5c1204cb9edc3282795f61dd1b01d14e201d63a948b6eceaee7c33933f,4,,5,"[1143, 523, 1171, 1797]","[{""level"": ""5"", ""page_num"": ""1"", ""block_num"": ""37"", ""par_num"": ""1"", ""line_num"": ""1"", ""word_num"": ""1"", ""left"": ""1143"", ""top"": ""1609"", ""width"": ""19"", ""height"": ""188"", ""conf"": ""87.896278"", ""text"": ""Jateswar-II/PS-23""}, {""level"": ""5"", ""page_num"": ""1"", ""block_num"": ""39"", ""par_num"": ""1"", ""line_num"": ""1"", ""word_num"": ""1"", ""left"": ""1152"", ""top"": ""523"", ""width"": ""19"", ""height"": ""67"", ""conf"": ""87.913452"", ""text"": ""23-SC""}]",ocr_not_independently_verified;explicit_ps_identifiers_and_codes;scanned_women_unread_or_blank,needs_review,rendered_image_pixels,0
0e8329d7863ce9fe2bd3,West Bengal,Alipurduar,2023,final,block_ward_reservation,Jateswar-II,Jateswar-II/PS-24,24,24,,,,,data/wb/2023/alipurduar/falakata_form_b_falakata_ps_pdf_3_09mb_2023030275-1.pdf,ae1aff5c1204cb9edc3282795f61dd1b01d14e201d63a948b6eceaee7c33933f,4,,6,"[1293, 1610, 1313, 1797]","[{""level"": ""5"", ""page_num"": ""1"", ""block_num"": ""42"", ""par_num"": ""1"", ""line_num"": ""1"", ""word_num"": ""1"", ""left"": ""1293"", ""top"": ""1610"", ""width"": ""20"", ""height"": ""187"", ""conf"": ""88.839500"", ""text"": ""Jateswar-II/PS-24""}]",ocr_not_independently_verified;explicit_ps_identifiers_and_codes;caste_missing_or_conflicting;scanned_women_unread_or_blank,needs_review,rendered_image_pixels,0
b03e7c34df7785065d4a,West Bengal,Alipurduar,2023,final,block_ward_reservation,Guabarnagar,Guabarnagar/PS-25,25,25,,25-W,,1,data/wb/2023/alipurduar/falakata_form_b_falakata_ps_pdf_3_09mb_2023030275-1.pdf,ae1aff5c1204cb9edc3282795f61dd1b01d14e201d63a948b6eceaee7c33933f,5,,1,"[390, 180, 418, 1799]","[{""level"": ""5"", ""page_num"": ""1"", ""block_num"": ""12"", ""par_num"": ""1"", ""line_num"": ""1"", ""word_num"": ""1"", ""left"": ""390"", ""top"": ""1591"", ""width"": ""25"", ""height"": ""208"", ""conf"": ""91.350677"", ""text"": ""Guabarnagar/PS-25""}, {""level"": ""5"", ""page_num"": ""1"", ""block_num"": ""10"", ""par_num"": ""1"", ""line_num"": ""3"", ""word_num"": ""5"", ""left"": ""400"", ""top"": ""180"", ""width"": ""18"", ""height"": ""60"", ""conf"": ""52.161667"", ""text"": ""25-W""}]",ocr_not_independently_verified;explicit_ps_identifiers_and_codes;caste_missing_or_conflicting,needs_review,rendered_image_pixels,0
a35312a28a793692cf02,West Bengal,Alipurduar,2023,final,block_ward_reservation,Guabarnagar,Guabarnagar/PS-27,27,27,27-SC,,SC,,data/wb/2023/alipurduar/falakata_form_b_falakata_ps_pdf_3_09mb_2023030275-1.pdf,ae1aff5c1204cb9edc3282795f61dd1b01d14e201d63a948b6eceaee7c33933f,5,,2,"[734, 517, 767, 1803]","[{""level"": ""5"", ""page_num"": ""1"", ""block_num"": ""17"", ""par_num"": ""1"", ""line_num"": ""3"", ""word_num"": ""1"", ""left"": ""734"", ""top"": ""1595"", ""width"": ""33"", ""height"": ""208"", ""conf"": ""91.943878"", ""text"": ""Guabarnagar/PS-27""}, {""level"": ""5"", ""page_num"": ""1"", ""block_num"": ""17"", ""par_num"": ""1"", ""line_num"": ""3"", ""word_num"": ""5"", ""left"": ""746"", ""top"": ""517"", ""width"": ""19"", ""height"": ""67"", ""conf"": ""92.022606"", ""text"": ""27-SC""}]",ocr_not_independently_verified;explicit_ps_identifiers_and_codes;scanned_women_unread_or_blank,needs_review,rendered_image_pixels,0
6867afc1c3586c6a5c00,West Bengal,Alipurduar,2023,final,block_ward_reservation,Falakata-II,Falakata-II/PS-28,28,28,,,,,data/wb/2023/alipurduar/falakata_form_b_falakata_ps_pdf_3_09mb_2023030275-1.pdf,ae1aff5c1204cb9edc3282795f61dd1b01d14e201d63a948b6eceaee7c33933f,5,,3,"[906, 1608, 938, 1793]","[{""level"": ""5"", ""page_num"": ""1"", ""block_num"": ""19"", ""par_num"": ""1"", ""line_num"": ""2"", ""word_num"": ""1"", ""left"": ""906"", ""top"": ""1608"", ""width"": ""32"", ""height"": ""185"", ""conf"": ""85.990730"", ""text"": ""Falakata-II/PS-28""}]",ocr_not_independently_verified;explicit_ps_identifiers_and_codes;caste_missing_or_conflicting;scanned_women_unread_or_blank,needs_review,rendered_image_pixels,0
23a899003df4607e09a4,West Bengal,Alipurduar,2023,final,block_ward_reservation,Falakata-II,Falakata-II/PS-29,29,29,,,,,data/wb/2023/alipurduar/falakata_form_b_falakata_ps_pdf_3_09mb_2023030275-1.pdf,ae1aff5c1204cb9edc3282795f61dd1b01d14e201d63a948b6eceaee7c33933f,5,,4,"[1043, 1609, 1062, 1795]","[{""level"": ""5"", ""page_num"": ""1"", ""block_num"": ""21"", ""par_num"": ""1"", ""line_num"": ""2"", ""word_num"": ""1"", ""left"": ""1043"", ""top"": ""1609"", ""width"": ""19"", ""height"": ""186"", ""conf"": ""85.586166"", ""text"": ""Falakata-II/PS-29""}]",ocr_not_independently_verified;explicit_ps_identifiers_and_codes;caste_missing_or_conflicting;scanned_women_unread_or_blank,needs_review,rendered_image_pixels,0
031e6819753ce5789563,West Bengal,Alipurduar,2023,final,block_ward_reservation,Falakata-II,Falakata-II/PS-30,30,30,30-SC,,SC,,data/wb/2023/alipurduar/falakata_form_b_falakata_ps_pdf_3_09mb_2023030275-1.pdf,ae1aff5c1204cb9edc3282795f61dd1b01d14e201d63a948b6eceaee7c33933f,5,,5,"[1158, 522, 1184, 1796]","[{""level"": ""5"", ""page_num"": ""1"", ""block_num"": ""26"", ""par_num"": ""1"", ""line_num"": ""1"", ""word_num"": ""1"", ""left"": ""1158"", ""top"": ""1610"", ""width"": ""20"", ""height"": ""186"", ""conf"": ""91.920601"", ""text"": ""Falakata-II/PS-30""}, {""level"": ""5"", ""page_num"": ""1"", ""block_num"": ""25"", ""par_num"": ""1"", ""line_num"": ""1"", ""word_num"": ""6"", ""left"": ""1165"", ""top"": ""522"", ""width"": ""19"", ""height"": ""68"", ""conf"": ""90.930626"", ""text"": ""30-SC""}]",ocr_not_independently_verified;explicit_ps_identifiers_and_codes;scanned_women_unread_or_blank,needs_review,rendered_image_pixels,0
352961ac8ddf66b9f5b3,West Bengal,Alipurduar,2023,final,block_ward_reservation,yalgaon-Il,yalgaon-Il/Ps-1,1,1,,,,,data/wb/2023/alipurduar/kalchini_form_b_kalchini_ps_pdf_3_67mb_2023030243-1.pdf,b108ce3a9346fbc3d16aa246d8a55725c8416769a1a5a9ce736d86c0c5b97048,1,,1,"[1121, 1692, 1145, 1862]","[{""level"": ""5"", ""page_num"": ""1"", ""block_num"": ""10"", ""par_num"": ""1"", ""line_num"": ""1"", ""word_num"": ""1"", ""left"": ""1121"", ""top"": ""1692"", ""width"": ""24"", ""height"": ""170"", ""conf"": ""13.322229"", ""text"": ""yalgaon-Il/Ps-1""}]",ocr_not_independently_verified;explicit_ps_identifiers_and_codes;caste_missing_or_conflicting;scanned_women_unread_or_blank,needs_review,rendered_image_pixels,0
cd495db7916100c55506,West Bengal,Alipurduar,2023,final,block_ward_reservation,Dalsingpara,Dalsingpara/PS-7,7,7,7-ST,7-W,ST,1,data/wb/2023/alipurduar/kalchini_form_b_kalchini_ps_pdf_3_67mb_2023030243-1.pdf,b108ce3a9346fbc3d16aa246d8a55725c8416769a1a5a9ce736d86c0c5b97048,3,,1,"[237, 207, 301, 1837]","[{""level"": ""5"", ""page_num"": ""1"", ""block_num"": ""3"", ""par_num"": ""1"", ""line_num"": ""2"", ""word_num"": ""1"", ""left"": ""237"", ""top"": ""1643"", ""width"": ""34"", ""height"": ""194"", ""conf"": ""91.654221"", ""text"": ""Dalsingpara/PS-7""}, {""level"": ""5"", ""page_num"": ""1"", ""block_num"": ""3"", ""par_num"": ""1"", ""line_num"": ""2"", ""word_num"": ""2"", ""left"": ""274"", ""top"": ""435"", ""width"": ""22"", ""height"": ""59"", ""conf"": ""90.403511"", ""text"": ""7-ST""}, {""level"": ""5"", ""page_num"": ""1"", ""block_num"": ""3"", ""par_num"": ""1"", ""line_num"": ""2"", ""word_num"": ""3"", ""left"": ""280"", ""top"": ""207"", ""width"": ""21"", ""height"": ""51"", ""conf"": ""91.459236"", ""text"": ""7-W""}]",ocr_not_independently_verified;explicit_ps_identifiers_and_codes,needs_review,rendered_image_pixels,0
c19b3f5b9d4afc8d0ef0,West Bengal,Alipurduar,2023,final,block_ward_reservation,Dalsingpara,Dalsingpara/PS-8,8,8,,8-W,,1,data/wb/2023/alipurduar/kalchini_form_b_kalchini_ps_pdf_3_67mb_2023030243-1.pdf,b108ce3a9346fbc3d16aa246d8a55725c8416769a1a5a9ce736d86c0c5b97048,3,,2,"[481, 214, 542, 1843]","[{""level"": ""5"", ""page_num"": ""1"", ""block_num"": ""7"", ""par_num"": ""1"", ""line_num"": ""1"", ""word_num"": ""1"", ""left"": ""481"", ""top"": ""1649"", ""width"": ""26"", ""height"": ""194"", ""conf"": ""81.545639"", ""text"": ""Dalsingpara/PS-8""}, {""level"": ""5"", ""page_num"": ""1"", ""block_num"": ""7"", ""par_num"": ""1"", ""line_num"": ""1"", ""word_num"": ""2"", ""left"": ""520"", ""top"": ""214"", ""width"": ""22"", ""height"": ""50"", ""conf"": ""92.537277"", ""text"": ""8-W""}]",ocr_not_independently_verified;explicit_ps_identifiers_and_codes;caste_missing_or_conflicting,needs_review,rendered_image_pixels,0
c10561052d13b9959e5e,West Bengal,Alipurduar,2023,final,block_ward_reservation,Dalsingpara,Dalsingpara/PS-9,9,9,9-SC,,SC,,data/wb/2023/alipurduar/kalchini_form_b_kalchini_ps_pdf_3_67mb_2023030243-1.pdf,b108ce3a9346fbc3d16aa246d8a55725c8416769a1a5a9ce736d86c0c5b97048,3,,3,"[722, 450, 777, 1849]","[{""level"": ""5"", ""page_num"": ""1"", ""block_num"": ""13"", ""par_num"": ""1"", ""line_num"": ""1"", ""word_num"": ""1"", ""left"": ""722"", ""top"": ""1655"", ""width"": ""26"", ""height"": ""194"", ""conf"": ""89.515511"", ""text"": ""Dalsingpara/PS-9""}, {""level"": ""5"", ""page_num"": ""1"", ""block_num"": ""12"", ""par_num"": ""1"", ""line_num"": ""1"", ""word_num"": ""7"", ""left"": ""755"", ""top"": ""450"", ""width"": ""22"", ""height"": ""59"", ""conf"": ""83.179222"", ""text"": ""9-SC""}]",ocr_not_independently_verified;explicit_ps_identifiers_and_codes;scanned_women_unread_or_blank,needs_review,rendered_image_pixels,0
032e62ba9d841f6467c3,West Bengal,Alipurduar,2023,final,block_ward_reservation,Chuapara,Chuapara/PS-10,10,10,,,,,data/wb/2023/alipurduar/kalchini_form_b_kalchini_ps_pdf_3_67mb_2023030243-1.pdf,b108ce3a9346fbc3d16aa246d8a55725c8416769a1a5a9ce736d86c0c5b97048,3,,4,"[957, 1673, 991, 1856]","[{""level"": ""5"", ""page_num"": ""1"", ""block_num"": ""16"", ""par_num"": ""1"", ""line_num"": ""2"", ""word_num"": ""1"", ""left"": ""957"", ""top"": ""1673"", ""width"": ""34"", ""height"": ""183"", ""conf"": ""91.846764"", ""text"": ""Chuapara/PS-10""}]",ocr_not_independently_verified;explicit_ps_identifiers_and_codes;caste_missing_or_conflicting;scanned_women_unread_or_blank,needs_review,rendered_image_pixels,0
03e4f50e461d49942000,West Bengal,Alipurduar,2023,final,block_ward_reservation,Chuapara,Chuapara/PS-11,11,11,,,,,data/wb/2023/alipurduar/kalchini_form_b_kalchini_ps_pdf_3_67mb_2023030243-1.pdf,b108ce3a9346fbc3d16aa246d8a55725c8416769a1a5a9ce736d86c0c5b97048,3,,5,"[1202, 1680, 1228, 1862]","[{""level"": ""5"", ""page_num"": ""1"", ""block_num"": ""19"", ""par_num"": ""1"", ""line_num"": ""1"", ""word_num"": ""1"", ""left"": ""1202"", ""top"": ""1680"", ""width"": ""26"", ""height"": ""182"", ""conf"": ""74.309769"", ""text"": ""Chuapara/PS-11""}]",ocr_not_independently_verified;explicit_ps_identifiers_and_codes;caste_missing_or_conflicting;scanned_women_unread_or_blank,needs_review,rendered_image_pixels,0
4767f8dbc8acee415d0e,West Bengal,Alipurduar,2023,final,block_ward_reservation,Chuapara,Chuapara/PS-12,12,12,12-ST,12-W,ST,1,data/wb/2023/alipurduar/kalchini_form_b_kalchini_ps_pdf_3_67mb_2023030243-1.pdf,b108ce3a9346fbc3d16aa246d8a55725c8416769a1a5a9ce736d86c0c5b97048,4,,1,"[238, 200, 301, 1837]","[{""level"": ""5"", ""page_num"": ""1"", ""block_num"": ""2"", ""par_num"": ""1"", ""line_num"": ""1"", ""word_num"": ""1"", ""left"": ""238"", ""top"": ""1654"", ""width"": ""26"", ""height"": ""183"", ""conf"": ""92.570915"", ""text"": ""Chuapara/PS-12""}, {""level"": ""5"", ""page_num"": ""1"", ""block_num"": ""4"", ""par_num"": ""1"", ""line_num"": ""1"", ""word_num"": ""1"", ""left"": ""274"", ""top"": ""427"", ""width"": ""22"", ""height"": ""71"", ""conf"": ""91.789726"", ""text"": ""12-ST""}, {""level"": ""5"", ""page_num"": ""1"", ""block_num"": ""5"", ""par_num"": ""1"", ""line_num"": ""1"", ""word_num"": ""1"", ""left"": ""280"", ""top"": ""200"", ""width"": ""21"", ""height"": ""62"", ""conf"": ""91.210548"", ""text"": ""12-W""}]",ocr_not_independently_verified;explicit_ps_identifiers_and_codes,needs_review,rendered_image_pixels,0
b4c19bdb70e1d8ca908e,West Bengal,Alipurduar,2023,final,block_ward_reservation,Malangi,Malangi/PS-13,13,13,13-ST,,ST,,data/wb/2023/alipurduar/kalchini_form_b_kalchini_ps_pdf_3_67mb_2023030243-1.pdf,b108ce3a9346fbc3d16aa246d8a55725c8416769a1a5a9ce736d86c0c5b97048,4,,2,"[479, 434, 536, 1842]","[{""level"": ""5"", ""page_num"": ""1"", ""block_num"": ""7"", ""par_num"": ""1"", ""line_num"": ""1"", ""word_num"": ""1"", ""left"": ""479"", ""top"": ""1678"", ""width"": ""25"", ""height"": ""164"", ""conf"": ""90.820221"", ""text"": ""Malangi/PS-13""}, {""level"": ""5"", ""page_num"": ""1"", ""block_num"": ""9"", ""par_num"": ""1"", ""line_num"": ""1"", ""word_num"": ""1"", ""left"": ""514"", ""top"": ""434"", ""width"": ""22"", ""height"": ""70"", ""conf"": ""90.548012"", ""text"": ""13-ST""}]",ocr_not_independently_verified;explicit_ps_identifiers_and_codes;scanned_women_unread_or_blank,needs_review,rendered_image_pixels,0
fc4e90ec557b159f0f1c,West Bengal,Alipurduar,2023,final,block_ward_reservation,Malangi,Malangi/PS-14,14,14,,,,,data/wb/2023/alipurduar/kalchini_form_b_kalchini_ps_pdf_3_67mb_2023030243-1.pdf,b108ce3a9346fbc3d16aa246d8a55725c8416769a1a5a9ce736d86c0c5b97048,4,,3,"[720, 1683, 745, 1849]","[{""level"": ""5"", ""page_num"": ""1"", ""block_num"": ""11"", ""par_num"": ""1"", ""line_num"": ""1"", ""word_num"": ""1"", ""left"": ""720"", ""top"": ""1683"", ""width"": ""25"", ""height"": ""166"", ""conf"": ""88.541641"", ""text"": ""Malangi/PS-14""}]",ocr_not_independently_verified;explicit_ps_identifiers_and_codes;caste_missing_or_conflicting;scanned_women_unread_or_blank,needs_review,rendered_image_pixels,0
d34929e5325bac7cb60c,West Bengal,Alipurduar,2023,final,block_ward_reservation,Malangi,Malangi/PS-15,15,15,15-ST,15-W,ST,1,data/wb/2023/alipurduar/kalchini_form_b_kalchini_ps_pdf_3_67mb_2023030243-1.pdf,b108ce3a9346fbc3d16aa246d8a55725c8416769a1a5a9ce736d86c0c5b97048,4,,4,"[959, 223, 1021, 1856]","[{""level"": ""5"", ""page_num"": ""1"", ""block_num"": ""15"", ""par_num"": ""1"", ""line_num"": ""1"", ""word_num"": ""1"", ""left"": ""959"", ""top"": ""1690"", ""width"": ""25"", ""height"": ""166"", ""conf"": ""90.450790"", ""text"": ""Malangi/PS-15""}, {""level"": ""5"", ""page_num"": ""1"", ""block_num"": ""17"", ""par_num"": ""1"", ""line_num"": ""1"", ""word_num"": ""1"", ""left"": ""994"", ""top"": ""449"", ""width"": ""22"", ""height"": ""70"", ""conf"": ""74.512054"", ""text"": ""15-ST""}, {""level"": ""5"", ""page_num"": ""1"", ""block_num"": ""18"", ""par_num"": ""1"", ""line_num"": ""1"", ""word_num"": ""1"", ""left"": ""1000"", ""top"": ""223"", ""width"": ""21"", ""height"": ""60"", ""conf"": ""89.362267"", ""text"": ""15-W""}]",ocr_not_independently_verified;explicit_ps_identifiers_and_codes,needs_review,rendered_image_pixels,0
45cfa1d55f1a6c28f602,West Bengal,Alipurduar,2023,final,block_ward_reservation,Satali,Satali/PS-16,16,16,,16-W,,1,data/wb/2023/alipurduar/kalchini_form_b_kalchini_ps_pdf_3_67mb_2023030243-1.pdf,b108ce3a9346fbc3d16aa246d8a55725c8416769a1a5a9ce736d86c0c5b97048,4,,5,"[1200, 230, 1263, 1864]","[{""level"": ""5"", ""page_num"": ""1"", ""block_num"": ""20"", ""par_num"": ""1"", ""line_num"": ""1"", ""word_num"": ""1"", ""left"": ""1200"", ""top"": ""1726"", ""width"": ""25"", ""height"": ""138"", ""conf"": ""91.936195"", ""text"": ""Satali/PS-16""}, {""level"": ""5"", ""page_num"": ""1"", ""block_num"": ""27"", ""par_num"": ""1"", ""line_num"": ""1"", ""word_num"": ""1"", ""left"": ""1242"", ""top"": ""230"", ""width"": ""21"", ""height"": ""60"", ""conf"": ""89.824715"", ""text"": ""16-W""}]",ocr_not_independently_verified;explicit_ps_identifiers_and_codes;caste_missing_or_conflicting,needs_review,rendered_image_pixels,0
260c0d0f5e4dd4daa0d2,West Bengal,Alipurduar,2023,final,block_ward_reservation,Satali,Satali/PS-17,17,17,,,,,data/wb/2023/alipurduar/kalchini_form_b_kalchini_ps_pdf_3_67mb_2023030243-1.pdf,b108ce3a9346fbc3d16aa246d8a55725c8416769a1a5a9ce736d86c0c5b97048,5,,1,"[236, 1699, 272, 1836]","[{""level"": ""5"", ""page_num"": ""1"", ""block_num"": ""3"", ""par_num"": ""1"", ""line_num"": ""1"", ""word_num"": ""1"", ""left"": ""236"", ""top"": ""1699"", ""width"": ""36"", ""height"": ""137"", ""conf"": ""92.380669"", ""text"": ""Satali/PS-17""}]",ocr_not_independently_verified;explicit_ps_identifiers_and_codes;caste_missing_or_conflicting;scanned_women_unread_or_blank,needs_review,rendered_image_pixels,0
e2e7bf1bf95b90492b6f,West Bengal,Alipurduar,2023,final,block_ward_reservation,Satali,Satali/PS-18,18,18,,18-W,,1,data/wb/2023/alipurduar/kalchini_form_b_kalchini_ps_pdf_3_67mb_2023030243-1.pdf,b108ce3a9346fbc3d16aa246d8a55725c8416769a1a5a9ce736d86c0c5b97048,5,,2,"[476, 205, 541, 1843]","[{""level"": ""5"", ""page_num"": ""1"", ""block_num"": ""7"", ""par_num"": ""1"", ""line_num"": ""2"", ""word_num"": ""1"", ""left"": ""476"", ""top"": ""1705"", ""width"": ""35"", ""height"": ""138"", ""conf"": ""89.952560"", ""text"": ""Satali/PS-18""}, {""level"": ""5"", ""page_num"": ""1"", ""block_num"": ""7"", ""par_num"": ""1"", ""line_num"": ""2"", ""word_num"": ""3"", ""left"": ""519"", ""top"": ""205"", ""width"": ""22"", ""height"": ""63"", ""conf"": ""91.514717"", ""text"": ""18-W""}]",ocr_not_independently_verified;explicit_ps_identifiers_and_codes;caste_missing_or_conflicting,needs_review,rendered_image_pixels,0
87ab141554852ffef7db,West Bengal,Alipurduar,2023,final,block_ward_reservation,Kalchini,Kalchini/PS-19,19,19,,,,,data/wb/2023/alipurduar/kalchini_form_b_kalchini_ps_pdf_3_67mb_2023030243-1.pdf,b108ce3a9346fbc3d16aa246d8a55725c8416769a1a5a9ce736d86c0c5b97048,5,,3,"[722, 1685, 747, 1848]","[{""level"": ""5"", ""page_num"": ""1"", ""block_num"": ""10"", ""par_num"": ""1"", ""line_num"": ""1"", ""word_num"": ""1"", ""left"": ""722"", ""top"": ""1685"", ""width"": ""25"", ""height"": ""163"", ""conf"": ""45.187016"", ""text"": ""Kalchini/PS-19""}]",ocr_not_independently_verified;explicit_ps_identifiers_and_codes;caste_missing_or_conflicting;scanned_women_unread_or_blank,needs_review,rendered_image_pixels,0
a45600b3f0dd24821fee,West Bengal,Alipurduar,2023,final,block_ward_reservation,Kalchini,Kalchini/PS-20,20,20,20-SC,20-W,SC,1,data/wb/2023/alipurduar/kalchini_form_b_kalchini_ps_pdf_3_67mb_2023030243-1.pdf,b108ce3a9346fbc3d16aa246d8a55725c8416769a1a5a9ce736d86c0c5b97048,5,,4,"[961, 220, 1021, 1854]","[{""level"": ""5"", ""page_num"": ""1"", ""block_num"": ""13"", ""par_num"": ""1"", ""line_num"": ""1"", ""word_num"": ""1"", ""left"": ""961"", ""top"": ""1691"", ""width"": ""25"", ""height"": ""163"", ""conf"": ""77.056313"", ""text"": ""Kalchini/PS-20""}, {""level"": ""5"", ""page_num"": ""1"", ""block_num"": ""13"", ""par_num"": ""1"", ""line_num"": ""1"", ""word_num"": ""2"", ""left"": ""994"", ""top"": ""448"", ""width"": ""22"", ""height"": ""74"", ""conf"": ""91.530380"", ""text"": ""20-SC""}, {""level"": ""5"", ""page_num"": ""1"", ""block_num"": ""13"", ""par_num"": ""1"", ""line_num"": ""1"", ""word_num"": ""3"", ""left"": ""999"", ""top"": ""220"", ""width"": ""22"", ""height"": ""66"", ""conf"": ""90.966141"", ""text"": ""20-W""}]",ocr_not_independently_verified;explicit_ps_identifiers_and_codes,needs_review,rendered_image_pixels,0
52da64a4d731d95e9e9f,West Bengal,Alipurduar,2023,final,block_ward_reservation,Garopara,Garopara/PS-22,22,22,,,,,data/wb/2023/alipurduar/kalchini_form_b_kalchini_ps_pdf_3_67mb_2023030243-1.pdf,b108ce3a9346fbc3d16aa246d8a55725c8416769a1a5a9ce736d86c0c5b97048,6,,1,"[249, 1656, 274, 1838]","[{""level"": ""5"", ""page_num"": ""1"", ""block_num"": ""3"", ""par_num"": ""1"", ""line_num"": ""1"", ""word_num"": ""1"", ""left"": ""249"", ""top"": ""1656"", ""width"": ""25"", ""height"": ""182"", ""conf"": ""91.799706"", ""text"": ""Garopara/PS-22""}]",ocr_not_independently_verified;explicit_ps_identifiers_and_codes;caste_missing_or_conflicting;scanned_women_unread_or_blank,needs_review,rendered_image_pixels,0
b6a862745878a0f45fb5,West Bengal,Alipurduar,2023,final,block_ward_reservation,Garopara,Garopara/PS-23,23,23,,,,,data/wb/2023/alipurduar/kalchini_form_b_kalchini_ps_pdf_3_67mb_2023030243-1.pdf,b108ce3a9346fbc3d16aa246d8a55725c8416769a1a5a9ce736d86c0c5b97048,6,,2,"[489, 1661, 514, 1843]","[{""level"": ""5"", ""page_num"": ""1"", ""block_num"": ""6"", ""par_num"": ""1"", ""line_num"": ""1"", ""word_num"": ""1"", ""left"": ""489"", ""top"": ""1661"", ""width"": ""25"", ""height"": ""182"", ""conf"": ""92.195358"", ""text"": ""Garopara/PS-23""}]",ocr_not_independently_verified;explicit_ps_identifiers_and_codes;caste_missing_or_conflicting;scanned_women_unread_or_blank,needs_review,rendered_image_pixels,0
0baded93f35449337a77,West Bengal,Alipurduar,2023,final,block_ward_reservation,Garopara,Garopara/PS-24,24,24,24-ST,,ST,,data/wb/2023/alipurduar/kalchini_form_b_kalchini_ps_pdf_3_67mb_2023030243-1.pdf,b108ce3a9346fbc3d16aa246d8a55725c8416769a1a5a9ce736d86c0c5b97048,6,,3,"[731, 442, 780, 1848]","[{""level"": ""5"", ""page_num"": ""1"", ""block_num"": ""10"", ""par_num"": ""1"", ""line_num"": ""1"", ""word_num"": ""1"", ""left"": ""731"", ""top"": ""1666"", ""width"": ""24"", ""height"": ""182"", ""conf"": ""91.676903"", ""text"": ""Garopara/PS-24""}, {""level"": ""5"", ""page_num"": ""1"", ""block_num"": ""12"", ""par_num"": ""1"", ""line_num"": ""1"", ""word_num"": ""1"", ""left"": ""758"", ""top"": ""442"", ""width"": ""22"", ""height"": ""74"", ""conf"": ""92.628716"", ""text"": ""24-ST""}]",ocr_not_independently_verified;explicit_ps_identifiers_and_codes;scanned_women_unread_or_blank,needs_review,rendered_image_pixels,0
ae11dd2dbb6547fd324b,West Bengal,Alipurduar,2023,final,block_ward_reservation,Mendabari,Mendabari/PS-25,25,25,25-ST,25-W,ST,1,data/wb/2023/alipurduar/kalchini_form_b_kalchini_ps_pdf_3_67mb_2023030243-1.pdf,b108ce3a9346fbc3d16aa246d8a55725c8416769a1a5a9ce736d86c0c5b97048,6,,4,"[970, 220, 1024, 1852]","[{""level"": ""5"", ""page_num"": ""1"", ""block_num"": ""14"", ""par_num"": ""1"", ""line_num"": ""1"", ""word_num"": ""1"", ""left"": ""970"", ""top"": ""1653"", ""width"": ""25"", ""height"": ""199"", ""conf"": ""87.836716"", ""text"": ""Mendabari/PS-25""}, {""level"": ""5"", ""page_num"": ""1"", ""block_num"": ""16"", ""par_num"": ""1"", ""line_num"": ""1"", ""word_num"": ""1"", ""left"": ""997"", ""top"": ""448"", ""width"": ""22"", ""height"": ""73"", ""conf"": ""91.645096"", ""text"": ""25-ST""}, {""level"": ""5"", ""page_num"": ""1"", ""block_num"": ""16"", ""par_num"": ""1"", ""line_num"": ""1"", ""word_num"": ""2"", ""left"": ""1002"", ""top"": ""220"", ""width"": ""22"", ""height"": ""65"", ""conf"": ""93.027092"", ""text"": ""25-W""}]",ocr_not_independently_verified;explicit_ps_identifiers_and_codes,needs_review,rendered_image_pixels,0
1675e34f287163b7bdf0,West Bengal,Alipurduar,2023,final,block_ward_reservation,Mendabari,Mendabari/PS-26,26,26,26-ST,,ST,,data/wb/2023/alipurduar/kalchini_form_b_kalchini_ps_pdf_3_67mb_2023030243-1.pdf,b108ce3a9346fbc3d16aa246d8a55725c8416769a1a5a9ce736d86c0c5b97048,6,,5,"[1212, 455, 1261, 1857]","[{""level"": ""5"", ""page_num"": ""1"", ""block_num"": ""18"", ""par_num"": ""1"", ""line_num"": ""1"", ""word_num"": ""1"", ""left"": ""1212"", ""top"": ""1659"", ""width"": ""24"", ""height"": ""198"", ""conf"": ""91.017067"", ""text"": ""Mendabari/PS-26""}, {""level"": ""5"", ""page_num"": ""1"", ""block_num"": ""26"", ""par_num"": ""1"", ""line_num"": ""1"", ""word_num"": ""1"", ""left"": ""1239"", ""top"": ""455"", ""width"": ""22"", ""height"": ""72"", ""conf"": ""92.554932"", ""text"": ""26-ST""}]",ocr_not_independently_verified;explicit_ps_identifiers_and_codes;scanned_women_unread_or_blank,needs_review,rendered_image_pixels,0
be1bff8f02fa4180a24a,West Bengal,Alipurduar,2023,final,block_ward_reservation,Mendabari,Mendabari/PS-27,27,27,,27-W,,1,data/wb/2023/alipurduar/kalchini_form_b_kalchini_ps_pdf_3_67mb_2023030243-1.pdf,b108ce3a9346fbc3d16aa246d8a55725c8416769a1a5a9ce736d86c0c5b97048,7,,1,"[249, 202, 304, 1841]","[{""level"": ""5"", ""page_num"": ""1"", ""block_num"": ""4"", ""par_num"": ""1"", ""line_num"": ""2"", ""word_num"": ""1"", ""left"": ""249"", ""top"": ""1642"", ""width"": ""35"", ""height"": ""199"", ""conf"": ""92.309799"", ""text"": ""Mendabari/PS-27""}, {""level"": ""5"", ""page_num"": ""1"", ""block_num"": ""4"", ""par_num"": ""1"", ""line_num"": ""2"", ""word_num"": ""3"", ""left"": ""282"", ""top"": ""202"", ""width"": ""22"", ""height"": ""66"", ""conf"": ""91.617973"", ""text"": ""27-W""}]",ocr_not_independently_verified;explicit_ps_identifiers_and_codes;caste_missing_or_conflicting,needs_review,rendered_image_pixels,0
047bc0c4f51ae35b4e17,West Bengal,Alipurduar,2023,final,block_ward_reservation,Latabari,Latabari/PS-28,28,28,28-ST,28-W,ST,1,data/wb/2023/alipurduar/kalchini_form_b_kalchini_ps_pdf_3_67mb_2023030243-1.pdf,b108ce3a9346fbc3d16aa246d8a55725c8416769a1a5a9ce736d86c0c5b97048,7,,2,"[493, 209, 544, 1845]","[{""level"": ""5"", ""page_num"": ""1"", ""block_num"": ""7"", ""par_num"": ""1"", ""line_num"": ""1"", ""word_num"": ""1"", ""left"": ""493"", ""top"": ""1679"", ""width"": ""25"", ""height"": ""166"", ""conf"": ""92.262756"", ""text"": ""Latabari/PS-28""}, {""level"": ""5"", ""page_num"": ""1"", ""block_num"": ""7"", ""par_num"": ""1"", ""line_num"": ""1"", ""word_num"": ""2"", ""left"": ""517"", ""top"": ""436"", ""width"": ""22"", ""height"": ""73"", ""conf"": ""89.954086"", ""text"": ""28-ST""}, {""level"": ""5"", ""page_num"": ""1"", ""block_num"": ""7"", ""par_num"": ""1"", ""line_num"": ""1"", ""word_num"": ""3"", ""left"": ""522"", ""top"": ""209"", ""width"": ""22"", ""height"": ""65"", ""conf"": ""91.422234"", ""text"": ""28-W""}]",ocr_not_independently_verified;explicit_ps_identifiers_and_codes,needs_review,rendered_image_pixels,0
f8445bc932575e18d10b,West Bengal,Alipurduar,2023,final,block_ward_reservation,latabari,latabari/Ps-29,29,29,,,,,data/wb/2023/alipurduar/kalchini_form_b_kalchini_ps_pdf_3_67mb_2023030243-1.pdf,b108ce3a9346fbc3d16aa246d8a55725c8416769a1a5a9ce736d86c0c5b97048,7,,3,"[735, 1683, 759, 1849]","[{""level"": ""5"", ""page_num"": ""1"", ""block_num"": ""10"", ""par_num"": ""1"", ""line_num"": ""1"", ""word_num"": ""1"", ""left"": ""735"", ""top"": ""1683"", ""width"": ""24"", ""height"": ""166"", ""conf"": ""30.372610"", ""text"": ""latabari/Ps-29""}]",ocr_not_independently_verified;explicit_ps_identifiers_and_codes;caste_missing_or_conflicting;scanned_women_unread_or_blank,needs_review,rendered_image_pixels,0
cc4507fa480181e972f5,West Bengal,Alipurduar,2023,final,block_ward_reservation,Latabari,Latabari/PS-30,30,30,30-SC,,SC,,data/wb/2023/alipurduar/kalchini_form_b_kalchini_ps_pdf_3_67mb_2023030243-1.pdf,b108ce3a9346fbc3d16aa246d8a55725c8416769a1a5a9ce736d86c0c5b97048,7,,4,"[969, 448, 1019, 1857]","[{""level"": ""5"", ""page_num"": ""1"", ""block_num"": ""14"", ""par_num"": ""1"", ""line_num"": ""2"", ""word_num"": ""1"", ""left"": ""969"", ""top"": ""1687"", ""width"": ""34"", ""height"": ""170"", ""conf"": ""90.584106"", ""text"": ""Latabari/PS-30""}, {""level"": ""5"", ""page_num"": ""1"", ""block_num"": ""14"", ""par_num"": ""1"", ""line_num"": ""2"", ""word_num"": ""2"", ""left"": ""998"", ""top"": ""448"", ""width"": ""21"", ""height"": ""74"", ""conf"": ""92.396744"", ""text"": ""30-SC""}]",ocr_not_independently_verified;explicit_ps_identifiers_and_codes;scanned_women_unread_or_blank,needs_review,rendered_image_pixels,0
b90100f67c8e8b195e8c,West Bengal,Alipurduar,2023,final,block_ward_reservation,Rajabhatkhawa,Rajabhatkhawa/PS-31,31,31,,,,,data/wb/2023/alipurduar/kalchini_form_b_kalchini_ps_pdf_3_67mb_2023030243-1.pdf,b108ce3a9346fbc3d16aa246d8a55725c8416769a1a5a9ce736d86c0c5b97048,7,,5,"[1211, 1608, 1245, 1857]","[{""level"": ""5"", ""page_num"": ""1"", ""block_num"": ""17"", ""par_num"": ""1"", ""line_num"": ""2"", ""word_num"": ""1"", ""left"": ""1211"", ""top"": ""1608"", ""width"": ""34"", ""height"": ""249"", ""conf"": ""91.186958"", ""text"": ""Rajabhatkhawa/PS-31""}]",ocr_not_independently_verified;explicit_ps_identifiers_and_codes;caste_missing_or_conflicting;scanned_women_unread_or_blank,needs_review,rendered_image_pixels,0
a57c60eb8a75832b7c91,West Bengal,Alipurduar,2023,final,block_ward_reservation,Rajabhatkhawa,Rajabhatkhawa/PS-32,32,32,32-ST,32-W,ST,1,data/wb/2023/alipurduar/kalchini_form_b_kalchini_ps_pdf_3_67mb_2023030243-1.pdf,b108ce3a9346fbc3d16aa246d8a55725c8416769a1a5a9ce736d86c0c5b97048,8,,1,"[246, 200, 303, 1839]","[{""level"": ""5"", ""page_num"": ""1"", ""block_num"": ""5"", ""par_num"": ""1"", ""line_num"": ""1"", ""word_num"": ""2"", ""left"": ""246"", ""top"": ""1587"", ""width"": ""26"", ""height"": ""252"", ""conf"": ""89.959320"", ""text"": ""Rajabhatkhawa/PS-32""}, {""level"": ""5"", ""page_num"": ""1"", ""block_num"": ""7"", ""par_num"": ""1"", ""line_num"": ""1"", ""word_num"": ""1"", ""left"": ""275"", ""top"": ""428"", ""width"": ""22"", ""height"": ""74"", ""conf"": ""90.867897"", ""text"": ""32-ST""}, {""level"": ""5"", ""page_num"": ""1"", ""block_num"": ""7"", ""par_num"": ""1"", ""line_num"": ""1"", ""word_num"": ""2"", ""left"": ""281"", ""top"": ""200"", ""width"": ""22"", ""height"": ""67"", ""conf"": ""89.290092"", ""text"": ""32-W""}]",ocr_not_independently_verified;explicit_ps_identifiers_and_codes,needs_review,rendered_image_pixels,0
771bf43a93f9b059eb92,West Bengal,Alipurduar,2023,final,block_ward_reservation,Rajabhatkhawa,Rajabhatkhawa/PS-33,33,33,33-ST,,ST,,data/wb/2023/alipurduar/kalchini_form_b_kalchini_ps_pdf_3_67mb_2023030243-1.pdf,b108ce3a9346fbc3d16aa246d8a55725c8416769a1a5a9ce736d86c0c5b97048,8,,2,"[485, 435, 538, 1845]","[{""level"": ""5"", ""page_num"": ""1"", ""block_num"": ""9"", ""par_num"": ""1"", ""line_num"": ""1"", ""word_num"": ""1"", ""left"": ""485"", ""top"": ""1593"", ""width"": ""27"", ""height"": ""252"", ""conf"": ""89.899620"", ""text"": ""Rajabhatkhawa/PS-33""}, {""level"": ""5"", ""page_num"": ""1"", ""block_num"": ""15"", ""par_num"": ""1"", ""line_num"": ""1"", ""word_num"": ""1"", ""left"": ""516"", ""top"": ""435"", ""width"": ""22"", ""height"": ""74"", ""conf"": ""92.232376"", ""text"": ""33-ST""}]",ocr_not_independently_verified;explicit_ps_identifiers_and_codes;scanned_women_unread_or_blank,needs_review,rendered_image_pixels,0
ac8c58ca6d29def8bba5,West Bengal,Alipurduar,2023,final,block_ward_reservation,Turturikhanda,Turturikhanda/PS-1,1,1,,1-W,,1,data/wb/2023/alipurduar/kumargram_form_b_kumargram_ps_pdf_3_35mb_2023030252-1.pdf,e302cfa47f7583622f52c20ecfd5726d35448d598171ed9820d37aaaebb04139,1,,1,"[960, 197, 985, 1829]","[{""level"": ""5"", ""page_num"": ""1"", ""block_num"": ""34"", ""par_num"": ""1"", ""line_num"": ""1"", ""word_num"": ""1"", ""left"": ""963"", ""top"": ""1626"", ""width"": ""22"", ""height"": ""203"", ""conf"": ""91.785164"", ""text"": ""Turturikhanda/PS-1""}, {""level"": ""5"", ""page_num"": ""1"", ""block_num"": ""37"", ""par_num"": ""1"", ""line_num"": ""1"", ""word_num"": ""1"", ""left"": ""960"", ""top"": ""197"", ""width"": ""16"", ""height"": ""39"", ""conf"": ""90.421341"", ""text"": ""1-W""}]",ocr_not_independently_verified;explicit_ps_identifiers_and_codes;caste_missing_or_conflicting,needs_review,rendered_image_pixels,0
a60c9a7e920ec45dfb86,West Bengal,Alipurduar,2023,final,block_ward_reservation,Turturikhanda,Turturikhanda/PS-2,2,2,2-ST,,ST,,data/wb/2023/alipurduar/kumargram_form_b_kumargram_ps_pdf_3_35mb_2023030252-1.pdf,e302cfa47f7583622f52c20ecfd5726d35448d598171ed9820d37aaaebb04139,1,,2,"[1054, 411, 1079, 1828]","[{""level"": ""5"", ""page_num"": ""1"", ""block_num"": ""39"", ""par_num"": ""1"", ""line_num"": ""1"", ""word_num"": ""1"", ""left"": ""1057"", ""top"": ""1625"", ""width"": ""22"", ""height"": ""203"", ""conf"": ""87.792068"", ""text"": ""Turturikhanda/PS-2""}, {""level"": ""5"", ""page_num"": ""1"", ""block_num"": ""43"", ""par_num"": ""1"", ""line_num"": ""1"", ""word_num"": ""1"", ""left"": ""1054"", ""top"": ""411"", ""width"": ""16"", ""height"": ""42"", ""conf"": ""92.529129"", ""text"": ""2-ST""}]",ocr_not_independently_verified;explicit_ps_identifiers_and_codes;scanned_women_unread_or_blank,needs_review,rendered_image_pixels,0
1d9fb76290bfaef113dc,West Bengal,Alipurduar,2023,final,block_ward_reservation,Turturikhanda,Turturikhanda/PS-3,3,3,3-ST,,ST,,data/wb/2023/alipurduar/kumargram_form_b_kumargram_ps_pdf_3_35mb_2023030252-1.pdf,e302cfa47f7583622f52c20ecfd5726d35448d598171ed9820d37aaaebb04139,1,,3,"[1148, 411, 1173, 1828]","[{""level"": ""5"", ""page_num"": ""1"", ""block_num"": ""46"", ""par_num"": ""1"", ""line_num"": ""1"", ""word_num"": ""1"", ""left"": ""1151"", ""top"": ""1625"", ""width"": ""22"", ""height"": ""203"", ""conf"": ""91.826729"", ""text"": ""Turturikhanda/PS-3""}, {""level"": ""5"", ""page_num"": ""1"", ""block_num"": ""52"", ""par_num"": ""1"", ""line_num"": ""1"", ""word_num"": ""1"", ""left"": ""1148"", ""top"": ""411"", ""width"": ""17"", ""height"": ""43"", ""conf"": ""92.403946"", ""text"": ""3-ST""}]",ocr_not_independently_verified;explicit_ps_identifiers_and_codes;scanned_women_unread_or_blank,needs_review,rendered_image_pixels,0
37db44ea5bcd74d03282,West Bengal,Alipurduar,2023,final,block_ward_reservation,Rydak,Rydak/PS-4,4,4,4-ST,4-w,ST,1,data/wb/2023/alipurduar/kumargram_form_b_kumargram_ps_pdf_3_35mb_2023030252-1.pdf,e302cfa47f7583622f52c20ecfd5726d35448d598171ed9820d37aaaebb04139,1,,4,"[1226, 197, 1252, 1784]","[{""level"": ""5"", ""page_num"": ""1"", ""block_num"": ""56"", ""par_num"": ""1"", ""line_num"": ""1"", ""word_num"": ""1"", ""left"": ""1229"", ""top"": ""1667"", ""width"": ""23"", ""height"": ""117"", ""conf"": ""91.761993"", ""text"": ""Rydak/PS-4""}, {""level"": ""5"", ""page_num"": ""1"", ""block_num"": ""59"", ""par_num"": ""1"", ""line_num"": ""1"", ""word_num"": ""1"", ""left"": ""1226"", ""top"": ""411"", ""width"": ""17"", ""height"": ""44"", ""conf"": ""89.567123"", ""text"": ""4-ST""}, {""level"": ""5"", ""page_num"": ""1"", ""block_num"": ""59"", ""par_num"": ""1"", ""line_num"": ""1"", ""word_num"": ""2"", ""left"": ""1226"", ""top"": ""197"", ""width"": ""16"", ""height"": ""41"", ""conf"": ""54.961227"", ""text"": ""4-w""}]",ocr_not_independently_verified;explicit_ps_identifiers_and_codes,needs_review,rendered_image_pixels,0
528b6a0f3534c91e5baf,West Bengal,Alipurduar,2023,final,block_ward_reservation,Rydak,Rydak/PS-5,5,5,5-ST,,ST,,data/wb/2023/alipurduar/kumargram_form_b_kumargram_ps_pdf_3_35mb_2023030252-1.pdf,e302cfa47f7583622f52c20ecfd5726d35448d598171ed9820d37aaaebb04139,1,,5,"[1289, 411, 1314, 1784]","[{""level"": ""5"", ""page_num"": ""1"", ""block_num"": ""61"", ""par_num"": ""1"", ""line_num"": ""1"", ""word_num"": ""1"", ""left"": ""1291"", ""top"": ""1667"", ""width"": ""23"", ""height"": ""117"", ""conf"": ""89.933929"", ""text"": ""Rydak/PS-5""}, {""level"": ""5"", ""page_num"": ""1"", ""block_num"": ""63"", ""par_num"": ""1"", ""line_num"": ""1"", ""word_num"": ""1"", ""left"": ""1289"", ""top"": ""411"", ""width"": ""16"", ""height"": ""42"", ""conf"": ""90.123886"", ""text"": ""5-ST""}]",ocr_not_independently_verified;explicit_ps_identifiers_and_codes;scanned_women_unread_or_blank,needs_review,rendered_image_pixels,0
cdc07b42e989e052fe9b,West Bengal,Alipurduar,2023,final,block_ward_reservation,Sankosh,Sankosh/PS-7,7,7,7-ST,7-W,ST,1,data/wb/2023/alipurduar/kumargram_form_b_kumargram_ps_pdf_3_35mb_2023030252-1.pdf,e302cfa47f7583622f52c20ecfd5726d35448d598171ed9820d37aaaebb04139,2,,1,"[495, 197, 522, 1679]","[{""level"": ""5"", ""page_num"": ""1"", ""block_num"": ""19"", ""par_num"": ""1"", ""line_num"": ""1"", ""word_num"": ""3"", ""left"": ""500"", ""top"": ""1538"", ""width"": ""22"", ""height"": ""141"", ""conf"": ""90.478523"", ""text"": ""Sankosh/PS-7""}, {""level"": ""5"", ""page_num"": ""1"", ""block_num"": ""21"", ""par_num"": ""1"", ""line_num"": ""1"", ""word_num"": ""1"", ""left"": ""496"", ""top"": ""412"", ""width"": ""17"", ""height"": ""43"", ""conf"": ""92.489159"", ""text"": ""7-ST""}, {""level"": ""5"", ""page_num"": ""1"", ""block_num"": ""22"", ""par_num"": ""1"", ""line_num"": ""1"", ""word_num"": ""1"", ""left"": ""495"", ""top"": ""197"", ""width"": ""16"", ""height"": ""41"", ""conf"": ""89.551392"", ""text"": ""7-W""}]",ocr_not_independently_verified;explicit_ps_identifiers_and_codes,needs_review,rendered_image_pixels,0
876d1a79eae9b1446244,West Bengal,Alipurduar,2023,final,block_ward_reservation,Sankosh,Sankosh/PS-8,8,8,,,,,data/wb/2023/alipurduar/kumargram_form_b_kumargram_ps_pdf_3_35mb_2023030252-1.pdf,e302cfa47f7583622f52c20ecfd5726d35448d598171ed9820d37aaaebb04139,2,,2,"[673, 1538, 694, 1679]","[{""level"": ""5"", ""page_num"": ""1"", ""block_num"": ""24"", ""par_num"": ""1"", ""line_num"": ""1"", ""word_num"": ""3"", ""left"": ""673"", ""top"": ""1538"", ""width"": ""21"", ""height"": ""141"", ""conf"": ""80.768379"", ""text"": ""Sankosh/PS-8""}]",ocr_not_independently_verified;explicit_ps_identifiers_and_codes;caste_missing_or_conflicting;scanned_women_unread_or_blank,needs_review,rendered_image_pixels,0
23c384e70c4458b1a82e,West Bengal,Alipurduar,2023,final,block_ward_reservation,Sankosh,Sankosh/PS-9,9,9,,,,,data/wb/2023/alipurduar/kumargram_form_b_kumargram_ps_pdf_3_35mb_2023030252-1.pdf,e302cfa47f7583622f52c20ecfd5726d35448d598171ed9820d37aaaebb04139,2,,3,"[868, 1538, 890, 1679]","[{""level"": ""5"", ""page_num"": ""1"", ""block_num"": ""27"", ""par_num"": ""1"", ""line_num"": ""1"", ""word_num"": ""3"", ""left"": ""868"", ""top"": ""1538"", ""width"": ""22"", ""height"": ""141"", ""conf"": ""91.993904"", ""text"": ""Sankosh/PS-9""}]",ocr_not_independently_verified;explicit_ps_identifiers_and_codes;caste_missing_or_conflicting;scanned_women_unread_or_blank,needs_review,rendered_image_pixels,0
c11316e535ed4fdec929,West Bengal,Alipurduar,2023,final,block_ward_reservation,Kumargram,Kumargram/PS-10,10,10,10-SC,,SC,,data/wb/2023/alipurduar/kumargram_form_b_kumargram_ps_pdf_3_35mb_2023030252-1.pdf,e302cfa47f7583622f52c20ecfd5726d35448d598171ed9820d37aaaebb04139,2,,4,"[1039, 404, 1067, 1819]","[{""level"": ""5"", ""page_num"": ""1"", ""block_num"": ""33"", ""par_num"": ""1"", ""line_num"": ""1"", ""word_num"": ""1"", ""left"": ""1044"", ""top"": ""1630"", ""width"": ""23"", ""height"": ""189"", ""conf"": ""91.951317"", ""text"": ""Kumargram/PS-10""}, {""level"": ""5"", ""page_num"": ""1"", ""block_num"": ""35"", ""par_num"": ""1"", ""line_num"": ""1"", ""word_num"": ""1"", ""left"": ""1039"", ""top"": ""404"", ""width"": ""17"", ""height"": ""56"", ""conf"": ""90.611679"", ""text"": ""10-SC""}]",ocr_not_independently_verified;explicit_ps_identifiers_and_codes;scanned_women_unread_or_blank,needs_review,rendered_image_pixels,0
4e83d28ccec31805291f,West Bengal,Alipurduar,2023,final,block_ward_reservation,Kumargram,Kumargram/PS-11,11,11,11-ST,11-W,ST,1,data/wb/2023/alipurduar/kumargram_form_b_kumargram_ps_pdf_3_35mb_2023030252-1.pdf,e302cfa47f7583622f52c20ecfd5726d35448d598171ed9820d37aaaebb04139,2,,5,"[1171, 190, 1200, 1818]","[{""level"": ""5"", ""page_num"": ""1"", ""block_num"": ""37"", ""par_num"": ""1"", ""line_num"": ""1"", ""word_num"": ""1"", ""left"": ""1177"", ""top"": ""1631"", ""width"": ""23"", ""height"": ""187"", ""conf"": ""91.530334"", ""text"": ""Kumargram/PS-11""}, {""level"": ""5"", ""page_num"": ""1"", ""block_num"": ""40"", ""par_num"": ""1"", ""line_num"": ""1"", ""word_num"": ""1"", ""left"": ""1172"", ""top"": ""405"", ""width"": ""17"", ""height"": ""55"", ""conf"": ""92.097572"", ""text"": ""11-ST""}, {""level"": ""5"", ""page_num"": ""1"", ""block_num"": ""41"", ""par_num"": ""1"", ""line_num"": ""1"", ""word_num"": ""1"", ""left"": ""1171"", ""top"": ""190"", ""width"": ""17"", ""height"": ""52"", ""conf"": ""64.310257"", ""text"": ""11-W""}]",ocr_not_independently_verified;explicit_ps_identifiers_and_codes,needs_review,rendered_image_pixels,0
15cf352c45997b967184,West Bengal,Alipurduar,2023,final,block_ward_reservation,Kumargram,Kumargram/PS-12,12,12,,,,,data/wb/2023/alipurduar/kumargram_form_b_kumargram_ps_pdf_3_35mb_2023030252-1.pdf,e302cfa47f7583622f52c20ecfd5726d35448d598171ed9820d37aaaebb04139,2,,6,"[1315, 1630, 1338, 1818]","[{""level"": ""5"", ""page_num"": ""1"", ""block_num"": ""44"", ""par_num"": ""1"", ""line_num"": ""1"", ""word_num"": ""1"", ""left"": ""1315"", ""top"": ""1630"", ""width"": ""23"", ""height"": ""188"", ""conf"": ""90.807335"", ""text"": ""Kumargram/PS-12""}]",ocr_not_independently_verified;explicit_ps_identifiers_and_codes;caste_missing_or_conflicting;scanned_women_unread_or_blank,needs_review,rendered_image_pixels,0
3be59d71f60facbc266f,West Bengal,Alipurduar,2023,final,block_ward_reservation,Chengmari,Chengmari/PS-13,13,13,13-SC,,SC,,data/wb/2023/alipurduar/kumargram_form_b_kumargram_ps_pdf_3_35mb_2023030252-1.pdf,e302cfa47f7583622f52c20ecfd5726d35448d598171ed9820d37aaaebb04139,3,,1,"[472, 404, 500, 1812]","[{""level"": ""5"", ""page_num"": ""1"", ""block_num"": ""18"", ""par_num"": ""1"", ""line_num"": ""1"", ""word_num"": ""1"", ""left"": ""477"", ""top"": ""1634"", ""width"": ""23"", ""height"": ""178"", ""conf"": ""89.340065"", ""text"": ""Chengmari/PS-13""}, {""level"": ""5"", ""page_num"": ""1"", ""block_num"": ""20"", ""par_num"": ""1"", ""line_num"": ""1"", ""word_num"": ""1"", ""left"": ""472"", ""top"": ""404"", ""width"": ""16"", ""height"": ""55"", ""conf"": ""92.698997"", ""text"": ""13-SC""}]",ocr_not_independently_verified;explicit_ps_identifiers_and_codes;scanned_women_unread_or_blank,needs_review,rendered_image_pixels,0
aa9e49d2ff59907ac916,West Bengal,Alipurduar,2023,final,block_ward_reservation,Chengmari,Chengmari/PS-14,14,14,,,,,data/wb/2023/alipurduar/kumargram_form_b_kumargram_ps_pdf_3_35mb_2023030252-1.pdf,e302cfa47f7583622f52c20ecfd5726d35448d598171ed9820d37aaaebb04139,3,,2,"[592, 1634, 616, 1812]","[{""level"": ""5"", ""page_num"": ""1"", ""block_num"": ""23"", ""par_num"": ""1"", ""line_num"": ""1"", ""word_num"": ""1"", ""left"": ""592"", ""top"": ""1634"", ""width"": ""24"", ""height"": ""178"", ""conf"": ""91.294632"", ""text"": ""Chengmari/PS-14""}]",ocr_not_independently_verified;explicit_ps_identifiers_and_codes;caste_missing_or_conflicting;scanned_women_unread_or_blank,needs_review,rendered_image_pixels,0
f1d756e2f2e4e3a7cf7a,West Bengal,Alipurduar,2023,final,block_ward_reservation,Chengmari,Chengmari/PS-15,15,15,,15-W,,1,data/wb/2023/alipurduar/kumargram_form_b_kumargram_ps_pdf_3_35mb_2023030252-1.pdf,e302cfa47f7583622f52c20ecfd5726d35448d598171ed9820d37aaaebb04139,3,,3,"[689, 189, 717, 1812]","[{""level"": ""5"", ""page_num"": ""1"", ""block_num"": ""27"", ""par_num"": ""1"", ""line_num"": ""1"", ""word_num"": ""1"", ""left"": ""694"", ""top"": ""1635"", ""width"": ""23"", ""height"": ""177"", ""conf"": ""92.583176"", ""text"": ""Chengmari/PS-15""}, {""level"": ""5"", ""page_num"": ""1"", ""block_num"": ""30"", ""par_num"": ""1"", ""line_num"": ""1"", ""word_num"": ""1"", ""left"": ""689"", ""top"": ""189"", ""width"": ""16"", ""height"": ""53"", ""conf"": ""91.017410"", ""text"": ""15-W""}]",ocr_not_independently_verified;explicit_ps_identifiers_and_codes;caste_missing_or_conflicting,needs_review,rendered_image_pixels,0
2516485203bdfdd9937a,West Bengal,Alipurduar,2023,final,block_ward_reservation,No-I,No-I/PS-16,16,16,,,,,data/wb/2023/alipurduar/kumargram_form_b_kumargram_ps_pdf_3_35mb_2023030252-1.pdf,e302cfa47f7583622f52c20ecfd5726d35448d598171ed9820d37aaaebb04139,3,,4,"[845, 1582, 867, 1692]","[{""level"": ""5"", ""page_num"": ""1"", ""block_num"": ""36"", ""par_num"": ""1"", ""line_num"": ""1"", ""word_num"": ""3"", ""left"": ""845"", ""top"": ""1582"", ""width"": ""22"", ""height"": ""110"", ""conf"": ""13.615665"", ""text"": ""No-I/PS-16""}]",ocr_not_independently_verified;explicit_ps_identifiers_and_codes;caste_missing_or_conflicting;scanned_women_unread_or_blank,needs_review,rendered_image_pixels,0
13571e8a930f6c29d6e2,West Bengal,Alipurduar,2023,final,block_ward_reservation,No-I,No-I/PS-18,18,18,,,,,data/wb/2023/alipurduar/kumargram_form_b_kumargram_ps_pdf_3_35mb_2023030252-1.pdf,e302cfa47f7583622f52c20ecfd5726d35448d598171ed9820d37aaaebb04139,3,,5,"[1267, 1581, 1289, 1691]","[{""level"": ""5"", ""page_num"": ""1"", ""block_num"": ""42"", ""par_num"": ""1"", ""line_num"": ""1"", ""word_num"": ""3"", ""left"": ""1267"", ""top"": ""1581"", ""width"": ""22"", ""height"": ""110"", ""conf"": ""44.746277"", ""text"": ""No-I/PS-18""}]",ocr_not_independently_verified;explicit_ps_identifiers_and_codes;caste_missing_or_conflicting;scanned_women_unread_or_blank,needs_review,rendered_image_pixels,0
3059a3141a94a60af81a,West Bengal,Alipurduar,2023,final,block_ward_reservation,No-II,No-II/PS-19,19,19,19-SC,19-W,SC,1,data/wb/2023/alipurduar/kumargram_form_b_kumargram_ps_pdf_3_35mb_2023030252-1.pdf,e302cfa47f7583622f52c20ecfd5726d35448d598171ed9820d37aaaebb04139,4,,1,"[490, 194, 523, 1698]","[{""level"": ""5"", ""page_num"": ""1"", ""block_num"": ""16"", ""par_num"": ""1"", ""line_num"": ""1"", ""word_num"": ""3"", ""left"": ""501"", ""top"": ""1582"", ""width"": ""22"", ""height"": ""116"", ""conf"": ""59.136963"", ""text"": ""No-II/PS-19""}, {""level"": ""5"", ""page_num"": ""1"", ""block_num"": ""20"", ""par_num"": ""1"", ""line_num"": ""1"", ""word_num"": ""1"", ""left"": ""492"", ""top"": ""408"", ""width"": ""17"", ""height"": ""55"", ""conf"": ""91.979828"", ""text"": ""19-SC""}, {""level"": ""5"", ""page_num"": ""1"", ""block_num"": ""20"", ""par_num"": ""1"", ""line_num"": ""1"", ""word_num"": ""2"", ""left"": ""490"", ""top"": ""194"", ""width"": ""17"", ""height"": ""51"", ""conf"": ""72.048828"", ""text"": ""19-W""}]",ocr_not_independently_verified;explicit_ps_identifiers_and_codes,needs_review,rendered_image_pixels,0
6ec20b4b7e1f9e298e84,West Bengal,Alipurduar,2023,final,block_ward_reservation,No-II,No-II/PS-20,20,20,,20-W,,1,data/wb/2023/alipurduar/kumargram_form_b_kumargram_ps_pdf_3_35mb_2023030252-1.pdf,e302cfa47f7583622f52c20ecfd5726d35448d598171ed9820d37aaaebb04139,4,,2,"[644, 193, 677, 1698]","[{""level"": ""5"", ""page_num"": ""1"", ""block_num"": ""22"", ""par_num"": ""1"", ""line_num"": ""1"", ""word_num"": ""4"", ""left"": ""655"", ""top"": ""1581"", ""width"": ""22"", ""height"": ""117"", ""conf"": ""51.866245"", ""text"": ""No-II/PS-20""}, {""level"": ""5"", ""page_num"": ""1"", ""block_num"": ""25"", ""par_num"": ""1"", ""line_num"": ""1"", ""word_num"": ""1"", ""left"": ""644"", ""top"": ""193"", ""width"": ""16"", ""height"": ""52"", ""conf"": ""77.300735"", ""text"": ""20-W""}]",ocr_not_independently_verified;explicit_ps_identifiers_and_codes;caste_missing_or_conflicting,needs_review,rendered_image_pixels,0
a753fdeba5a4e1715b4d,West Bengal,Alipurduar,2023,final,block_ward_reservation,No-II,No-II/PS-21,21,21,21-SC,,SC,,data/wb/2023/alipurduar/kumargram_form_b_kumargram_ps_pdf_3_35mb_2023030252-1.pdf,e302cfa47f7583622f52c20ecfd5726d35448d598171ed9820d37aaaebb04139,4,,3,"[794, 406, 825, 1698]","[{""level"": ""5"", ""page_num"": ""1"", ""block_num"": ""28"", ""par_num"": ""1"", ""line_num"": ""1"", ""word_num"": ""3"", ""left"": ""804"", ""top"": ""1581"", ""width"": ""21"", ""height"": ""117"", ""conf"": ""30.327629"", ""text"": ""No-II/PS-21""}, {""level"": ""5"", ""page_num"": ""1"", ""block_num"": ""30"", ""par_num"": ""1"", ""line_num"": ""1"", ""word_num"": ""1"", ""left"": ""794"", ""top"": ""406"", ""width"": ""17"", ""height"": ""56"", ""conf"": ""88.716820"", ""text"": ""21-SC""}]",ocr_not_independently_verified;explicit_ps_identifiers_and_codes;scanned_women_unread_or_blank,needs_review,rendered_image_pixels,0
2eeaf96eb4daf4f30a9c,West Bengal,Alipurduar,2023,final,block_ward_reservation,No-I,No-I/PS-22,22,22,22-ST,22-W,ST,1,data/wb/2023/alipurduar/kumargram_form_b_kumargram_ps_pdf_3_35mb_2023030252-1.pdf,e302cfa47f7583622f52c20ecfd5726d35448d598171ed9820d37aaaebb04139,4,,4,"[936, 191, 970, 1715]","[{""level"": ""5"", ""page_num"": ""1"", ""block_num"": ""34"", ""par_num"": ""1"", ""line_num"": ""1"", ""word_num"": ""2"", ""left"": ""948"", ""top"": ""1605"", ""width"": ""22"", ""height"": ""110"", ""conf"": ""72.661308"", ""text"": ""No-I/PS-22""}, {""level"": ""5"", ""page_num"": ""1"", ""block_num"": ""37"", ""par_num"": ""1"", ""line_num"": ""1"", ""word_num"": ""1"", ""left"": ""938"", ""top"": ""406"", ""width"": ""17"", ""height"": ""54"", ""conf"": ""92.709381"", ""text"": ""22-ST""}, {""level"": ""5"", ""page_num"": ""1"", ""block_num"": ""37"", ""par_num"": ""1"", ""line_num"": ""1"", ""word_num"": ""2"", ""left"": ""936"", ""top"": ""191"", ""width"": ""17"", ""height"": ""52"", ""conf"": ""91.006645"", ""text"": ""22-W""}]",ocr_not_independently_verified;explicit_ps_identifiers_and_codes,needs_review,rendered_image_pixels,0
349971f8a564acf626ac,West Bengal,Alipurduar,2023,final,block_ward_reservation,No-I,No-I/PS-24,24,24,24-SC,,SC,,data/wb/2023/alipurduar/kumargram_form_b_kumargram_ps_pdf_3_35mb_2023030252-1.pdf,e302cfa47f7583622f52c20ecfd5726d35448d598171ed9820d37aaaebb04139,4,,5,"[1180, 403, 1212, 1713]","[{""level"": ""5"", ""page_num"": ""1"", ""block_num"": ""44"", ""par_num"": ""1"", ""line_num"": ""1"", ""word_num"": ""2"", ""left"": ""1190"", ""top"": ""1603"", ""width"": ""22"", ""height"": ""110"", ""conf"": ""64.864189"", ""text"": ""No-I/PS-24""}, {""level"": ""5"", ""page_num"": ""1"", ""block_num"": ""51"", ""par_num"": ""1"", ""line_num"": ""1"", ""word_num"": ""1"", ""left"": ""1180"", ""top"": ""403"", ""width"": ""17"", ""height"": ""56"", ""conf"": ""87.315994"", ""text"": ""24-SC""}]",ocr_not_independently_verified;explicit_ps_identifiers_and_codes;scanned_women_unread_or_blank,needs_review,rendered_image_pixels,0
7d98aef29e377f3c923b,West Bengal,Alipurduar,2023,final,block_ward_reservation,No-II,No-II/PS-26,26,26,26-SC,,SC,,data/wb/2023/alipurduar/kumargram_form_b_kumargram_ps_pdf_3_35mb_2023030252-1.pdf,e302cfa47f7583622f52c20ecfd5726d35448d598171ed9820d37aaaebb04139,5,,1,"[558, 404, 581, 1715]","[{""level"": ""5"", ""page_num"": ""1"", ""block_num"": ""21"", ""par_num"": ""1"", ""line_num"": ""1"", ""word_num"": ""3"", ""left"": ""559"", ""top"": ""1598"", ""width"": ""22"", ""height"": ""117"", ""conf"": ""62.791260"", ""text"": ""No-II/PS-26""}, {""level"": ""5"", ""page_num"": ""1"", ""block_num"": ""25"", ""par_num"": ""1"", ""line_num"": ""1"", ""word_num"": ""1"", ""left"": ""558"", ""top"": ""404"", ""width"": ""16"", ""height"": ""56"", ""conf"": ""92.753082"", ""text"": ""26-SC""}]",ocr_not_independently_verified;explicit_ps_identifiers_and_codes;scanned_women_unread_or_blank,needs_review,rendered_image_pixels,0
aba2ac6231914507fafe,West Bengal,Alipurduar,2023,final,block_ward_reservation,No-II,No-II/PS-27,27,27,,27-W,,1,data/wb/2023/alipurduar/kumargram_form_b_kumargram_ps_pdf_3_35mb_2023030252-1.pdf,e302cfa47f7583622f52c20ecfd5726d35448d598171ed9820d37aaaebb04139,5,,2,"[666, 190, 690, 1715]","[{""level"": ""5"", ""page_num"": ""1"", ""block_num"": ""28"", ""par_num"": ""1"", ""line_num"": ""1"", ""word_num"": ""2"", ""left"": ""668"", ""top"": ""1599"", ""width"": ""22"", ""height"": ""116"", ""conf"": ""62.930656"", ""text"": ""No-II/PS-27""}, {""level"": ""5"", ""page_num"": ""1"", ""block_num"": ""31"", ""par_num"": ""1"", ""line_num"": ""1"", ""word_num"": ""1"", ""left"": ""666"", ""top"": ""190"", ""width"": ""16"", ""height"": ""53"", ""conf"": ""89.058853"", ""text"": ""27-W""}]",ocr_not_independently_verified;explicit_ps_identifiers_and_codes;caste_missing_or_conflicting,needs_review,rendered_image_pixels,0
c415b946f6ac1bfcdce8,West Bengal,Alipurduar,2023,final,block_ward_reservation,No-I,No-I/PS-29,29,29,29-SC,29-W,SC,1,data/wb/2023/alipurduar/kumargram_form_b_kumargram_ps_pdf_3_35mb_2023030252-1.pdf,e302cfa47f7583622f52c20ecfd5726d35448d598171ed9820d37aaaebb04139,5,,3,"[909, 190, 933, 1694]","[{""level"": ""5"", ""page_num"": ""1"", ""block_num"": ""38"", ""par_num"": ""1"", ""line_num"": ""1"", ""word_num"": ""3"", ""left"": ""911"", ""top"": ""1584"", ""width"": ""22"", ""height"": ""110"", ""conf"": ""76.651520"", ""text"": ""No-I/PS-29""}, {""level"": ""5"", ""page_num"": ""1"", ""block_num"": ""41"", ""par_num"": ""1"", ""line_num"": ""1"", ""word_num"": ""1"", ""left"": ""909"", ""top"": ""405"", ""width"": ""17"", ""height"": ""56"", ""conf"": ""93.038162"", ""text"": ""29-SC""}, {""level"": ""5"", ""page_num"": ""1"", ""block_num"": ""42"", ""par_num"": ""1"", ""line_num"": ""1"", ""word_num"": ""1"", ""left"": ""909"", ""top"": ""190"", ""width"": ""16"", ""height"": ""53"", ""conf"": ""88.878868"", ""text"": ""29-W""}]",ocr_not_independently_verified;explicit_ps_identifiers_and_codes,needs_review,rendered_image_pixels,0
ff89df78df815eeb24f6,West Bengal,Alipurduar,2023,final,block_ward_reservation,No-I,No-I/PS-30,30,30,,30-W,,1,data/wb/2023/alipurduar/kumargram_form_b_kumargram_ps_pdf_3_35mb_2023030252-1.pdf,e302cfa47f7583622f52c20ecfd5726d35448d598171ed9820d37aaaebb04139,5,,4,"[1023, 190, 1047, 1694]","[{""level"": ""5"", ""page_num"": ""1"", ""block_num"": ""45"", ""par_num"": ""1"", ""line_num"": ""1"", ""word_num"": ""2"", ""left"": ""1025"", ""top"": ""1584"", ""width"": ""22"", ""height"": ""110"", ""conf"": ""52.988693"", ""text"": ""No-I/PS-30""}, {""level"": ""5"", ""page_num"": ""1"", ""block_num"": ""54"", ""par_num"": ""1"", ""line_num"": ""1"", ""word_num"": ""1"", ""left"": ""1023"", ""top"": ""190"", ""width"": ""16"", ""height"": ""54"", ""conf"": ""89.472443"", ""text"": ""30-W""}]",ocr_not_independently_verified;explicit_ps_identifiers_and_codes;caste_missing_or_conflicting,needs_review,rendered_image_pixels,0
e90de2d6303e30d86e35,West Bengal,Alipurduar,2023,final,block_ward_reservation,No-II,No-II/PS-31,31,31,,,,,data/wb/2023/alipurduar/kumargram_form_b_kumargram_ps_pdf_3_35mb_2023030252-1.pdf,e302cfa47f7583622f52c20ecfd5726d35448d598171ed9820d37aaaebb04139,6,,1,"[497, 1588, 519, 1704]","[{""level"": ""5"", ""page_num"": ""1"", ""block_num"": ""17"", ""par_num"": ""1"", ""line_num"": ""1"", ""word_num"": ""2"", ""left"": ""497"", ""top"": ""1588"", ""width"": ""22"", ""height"": ""116"", ""conf"": ""53.793526"", ""text"": ""No-II/PS-31""}]",ocr_not_independently_verified;explicit_ps_identifiers_and_codes;caste_missing_or_conflicting;scanned_women_unread_or_blank,needs_review,rendered_image_pixels,0
ab734c6ecb12c692c921,West Bengal,Alipurduar,2023,final,block_ward_reservation,No-II,No-II/PS-32,32,32,,,,,data/wb/2023/alipurduar/kumargram_form_b_kumargram_ps_pdf_3_35mb_2023030252-1.pdf,e302cfa47f7583622f52c20ecfd5726d35448d598171ed9820d37aaaebb04139,6,,2,"[667, 1588, 689, 1704]","[{""level"": ""5"", ""page_num"": ""1"", ""block_num"": ""21"", ""par_num"": ""1"", ""line_num"": ""1"", ""word_num"": ""2"", ""left"": ""667"", ""top"": ""1588"", ""width"": ""22"", ""height"": ""116"", ""conf"": ""58.055767"", ""text"": ""No-II/PS-32""}]",ocr_not_independently_verified;explicit_ps_identifiers_and_codes;caste_missing_or_conflicting;scanned_women_unread_or_blank,needs_review,rendered_image_pixels,0
7ea588ae8c34e711ab40,West Bengal,Alipurduar,2023,final,block_ward_reservation,No-II,No-II/PS-33,33,33,33-SC,,SC,,data/wb/2023/alipurduar/kumargram_form_b_kumargram_ps_pdf_3_35mb_2023030252-1.pdf,e302cfa47f7583622f52c20ecfd5726d35448d598171ed9820d37aaaebb04139,6,,3,"[843, 403, 869, 1705]","[{""level"": ""5"", ""page_num"": ""1"", ""block_num"": ""25"", ""par_num"": ""1"", ""line_num"": ""1"", ""word_num"": ""2"", ""left"": ""848"", ""top"": ""1588"", ""width"": ""21"", ""height"": ""117"", ""conf"": ""51.453682"", ""text"": ""No-II/PS-33""}, {""level"": ""5"", ""page_num"": ""1"", ""block_num"": ""30"", ""par_num"": ""1"", ""line_num"": ""1"", ""word_num"": ""1"", ""left"": ""843"", ""top"": ""403"", ""width"": ""17"", ""height"": ""56"", ""conf"": ""91.345406"", ""text"": ""33-SC""}]",ocr_not_independently_verified;explicit_ps_identifiers_and_codes;scanned_women_unread_or_blank,needs_review,rendered_image_pixels,0
1f7d171e93510a5136dc,West Bengal,Alipurduar,2023,final,block_ward_reservation,Lankapara,Lankapara/PS-8,8,8,,,,,data/wb/2023/alipurduar/madarihat_form_b_madarihat_birpara_ps_pdf_1_58mb_2023030267.pdf,5b5657be1a61683f784ac72aba2957d36f174201879ecd5d913f8e23bd23b1be,2,,1,"[301, 1450, 320, 1605]","[{""level"": ""5"", ""page_num"": ""1"", ""block_num"": ""7"", ""par_num"": ""1"", ""line_num"": ""1"", ""word_num"": ""1"", ""left"": ""301"", ""top"": ""1450"", ""width"": ""19"", ""height"": ""155"", ""conf"": ""60.438911"", ""text"": ""Lankapara/PS-8""}]",ocr_not_independently_verified;explicit_ps_identifiers_and_codes;caste_missing_or_conflicting;scanned_women_unread_or_blank,needs_review,rendered_image_pixels,0
6bf813e7db32dbb258e9,West Bengal,Cooch Behar,2023,final,block_ward_reservation,MOAMARI,MOAMARI/PS-1,1,1,,1-W,,1,data/wb/2023/cooch_behar/extracted/CBR FINAL ORDER  FORM A1 B1/Cooch Behar-I/form B1@Ps Coochbehar l.pdf,c780887dc2a7aa4c70511a93dd0581d5a1c77790ba71507c8a37748bbfa221c4,2,,1,"[516, 763, 1627, 805]","[{""level"": ""5"", ""page_num"": ""1"", ""block_num"": ""25"", ""par_num"": ""1"", ""line_num"": ""19"", ""word_num"": ""1"", ""left"": ""516"", ""top"": ""768"", ""width"": ""163"", ""height"": ""37"", ""conf"": ""90.678543"", ""text"": ""MOAMARI/PS-1""}, {""level"": ""5"", ""page_num"": ""1"", ""block_num"": ""25"", ""par_num"": ""1"", ""line_num"": ""19"", ""word_num"": ""11"", ""left"": ""1577"", ""top"": ""763"", ""width"": ""50"", ""height"": ""20"", ""conf"": ""85.693054"", ""text"": ""1-W""}]",ocr_not_independently_verified;explicit_ps_identifiers_and_codes;caste_missing_or_conflicting,needs_review,rendered_image_pixels,0
57468e139319c837f322,West Bengal,Cooch Behar,2023,final,block_ward_reservation,MOAMARI,MOAMARI/PS-2,2,2,,,,,data/wb/2023/cooch_behar/extracted/CBR FINAL ORDER  FORM A1 B1/Cooch Behar-I/form B1@Ps Coochbehar l.pdf,c780887dc2a7aa4c70511a93dd0581d5a1c77790ba71507c8a37748bbfa221c4,2,,2,"[512, 912, 678, 950]","[{""level"": ""5"", ""page_num"": ""1"", ""block_num"": ""25"", ""par_num"": ""1"", ""line_num"": ""23"", ""word_num"": ""3"", ""left"": ""512"", ""top"": ""912"", ""width"": ""166"", ""height"": ""38"", ""conf"": ""85.967880"", ""text"": ""MOAMARI/PS-2""}]",ocr_not_independently_verified;explicit_ps_identifiers_and_codes;caste_missing_or_conflicting;scanned_women_unread_or_blank,needs_review,rendered_image_pixels,0
06f945ec61260c976632,West Bengal,Cooch Behar,2023,final,block_ward_reservation,CHILKIRHAT,CHILKIRHAT/PS-6,6,6,6-SC,6-W,SC,1,data/wb/2023/cooch_behar/extracted/CBR FINAL ORDER  FORM A1 B1/Cooch Behar-I/form B1@Ps Coochbehar l.pdf,c780887dc2a7aa4c70511a93dd0581d5a1c77790ba71507c8a37748bbfa221c4,2,,3,"[480, 1537, 1619, 1575]","[{""level"": ""5"", ""page_num"": ""1"", ""block_num"": ""25"", ""par_num"": ""1"", ""line_num"": ""39"", ""word_num"": ""1"", ""left"": ""480"", ""top"": ""1537"", ""width"": ""195"", ""height"": ""38"", ""conf"": ""92.713997"", ""text"": ""CHILKIRHAT/PS-6""}, {""level"": ""5"", ""page_num"": ""1"", ""block_num"": ""25"", ""par_num"": ""1"", ""line_num"": ""39"", ""word_num"": ""8"", ""left"": ""1435"", ""top"": ""1542"", ""width"": ""64"", ""height"": ""21"", ""conf"": ""87.797722"", ""text"": ""6-SC""}, {""level"": ""5"", ""page_num"": ""1"", ""block_num"": ""25"", ""par_num"": ""1"", ""line_num"": ""39"", ""word_num"": ""9"", ""left"": ""1567"", ""top"": ""1542"", ""width"": ""52"", ""height"": ""21"", ""conf"": ""84.142570"", ""text"": ""6-W""}]",ocr_not_independently_verified;explicit_ps_identifiers_and_codes,needs_review,rendered_image_pixels,0
2af4bfa19112f6cd9832,West Bengal,Cooch Behar,2023,final,block_ward_reservation,FALIMARI,FALIMARI/PS-7,7,7,7-SC,,SC,,data/wb/2023/cooch_behar/extracted/CBR FINAL ORDER  FORM A1 B1/Cooch Behar-I/form B1@Ps Coochbehar l.pdf,c780887dc2a7aa4c70511a93dd0581d5a1c77790ba71507c8a37748bbfa221c4,2,,4,"[489, 1732, 1494, 1769]","[{""level"": ""5"", ""page_num"": ""1"", ""block_num"": ""25"", ""par_num"": ""1"", ""line_num"": ""44"", ""word_num"": ""1"", ""left"": ""489"", ""top"": ""1732"", ""width"": ""165"", ""height"": ""37"", ""conf"": ""91.112381"", ""text"": ""FALIMARI/PS-7""}, {""level"": ""5"", ""page_num"": ""1"", ""block_num"": ""25"", ""par_num"": ""1"", ""line_num"": ""44"", ""word_num"": ""7"", ""left"": ""1430"", ""top"": ""1734"", ""width"": ""64"", ""height"": ""22"", ""conf"": ""90.892952"", ""text"": ""7-SC""}]",ocr_not_independently_verified;explicit_ps_identifiers_and_codes;scanned_women_unread_or_blank,needs_review,rendered_image_pixels,0
3a3a4498bf694bb4c220,West Bengal,Cooch Behar,2023,final,block_ward_reservation,CHANDAMARI,CHANDAMARI/PS-10,10,10,,10-W,,1,data/wb/2023/cooch_behar/extracted/CBR FINAL ORDER  FORM A1 B1/Cooch Behar-I/form B1@Ps Coochbehar l.pdf,c780887dc2a7aa4c70511a93dd0581d5a1c77790ba71507c8a37748bbfa221c4,3,,1,"[469, 584, 1631, 625]","[{""level"": ""5"", ""page_num"": ""1"", ""block_num"": ""18"", ""par_num"": ""1"", ""line_num"": ""16"", ""word_num"": ""1"", ""left"": ""469"", ""top"": ""584"", ""width"": ""229"", ""height"": ""41"", ""conf"": ""84.437851"", ""text"": ""CHANDAMARI/PS-10""}, {""level"": ""5"", ""page_num"": ""1"", ""block_num"": ""18"", ""par_num"": ""1"", ""line_num"": ""16"", ""word_num"": ""7"", ""left"": ""1565"", ""top"": ""600"", ""width"": ""66"", ""height"": ""22"", ""conf"": ""87.435966"", ""text"": ""10-W""}]",ocr_not_independently_verified;explicit_ps_identifiers_and_codes;caste_missing_or_conflicting,needs_review,rendered_image_pixels,0
f14ce1a88ac3d72cc9fb,West Bengal,Cooch Behar,2023,final,block_ward_reservation,CHANDAMARI,CHANDAMARI/PS-12,12,12,12-SC,,SC,,data/wb/2023/cooch_behar/extracted/CBR FINAL ORDER  FORM A1 B1/Cooch Behar-I/form B1@Ps Coochbehar l.pdf,c780887dc2a7aa4c70511a93dd0581d5a1c77790ba71507c8a37748bbfa221c4,3,,2,"[470, 940, 1522, 977]","[{""level"": ""5"", ""page_num"": ""1"", ""block_num"": ""18"", ""par_num"": ""1"", ""line_num"": ""25"", ""word_num"": ""1"", ""left"": ""470"", ""top"": ""940"", ""width"": ""230"", ""height"": ""37"", ""conf"": ""72.585831"", ""text"": ""CHANDAMARI/PS-12""}, {""level"": ""5"", ""page_num"": ""1"", ""block_num"": ""18"", ""par_num"": ""1"", ""line_num"": ""25"", ""word_num"": ""8"", ""left"": ""1442"", ""top"": ""950"", ""width"": ""80"", ""height"": ""22"", ""conf"": ""91.609940"", ""text"": ""12-SC""}]",ocr_not_independently_verified;explicit_ps_identifiers_and_codes;scanned_women_unread_or_blank,needs_review,rendered_image_pixels,0
91f6806c4772f068c9e9,West Bengal,Cooch Behar,2023,final,block_ward_reservation,FULESWARI,FULESWARI/PS-15,15,15,,,,,data/wb/2023/cooch_behar/extracted/CBR FINAL ORDER  FORM A1 B1/Cooch Behar-I/form B1@Ps Coochbehar l.pdf,c780887dc2a7aa4c70511a93dd0581d5a1c77790ba71507c8a37748bbfa221c4,3,,3,"[482, 1672, 692, 1713]","[{""level"": ""5"", ""page_num"": ""1"", ""block_num"": ""18"", ""par_num"": ""1"", ""line_num"": ""42"", ""word_num"": ""1"", ""left"": ""482"", ""top"": ""1672"", ""width"": ""210"", ""height"": ""41"", ""conf"": ""77.230072"", ""text"": ""FULESWARI/PS-15""}]",ocr_not_independently_verified;explicit_ps_identifiers_and_codes;caste_missing_or_conflicting;scanned_women_unread_or_blank,needs_review,rendered_image_pixels,0
9cb84029fab218eb6906,West Bengal,Cooch Behar,2023,final,block_ward_reservation,HARIBHANGA,HARIBHANGA/PS-19,19,19,19-SC,19-W,SC,1,data/wb/2023/cooch_behar/extracted/CBR FINAL ORDER  FORM A1 B1/Cooch Behar-I/form B1@Ps Coochbehar l.pdf,c780887dc2a7aa4c70511a93dd0581d5a1c77790ba71507c8a37748bbfa221c4,4,,1,"[483, 631, 1627, 654]","[{""level"": ""5"", ""page_num"": ""1"", ""block_num"": ""22"", ""par_num"": ""1"", ""line_num"": ""16"", ""word_num"": ""1"", ""left"": ""483"", ""top"": ""635"", ""width"": ""225"", ""height"": ""19"", ""conf"": ""83.154510"", ""text"": ""HARIBHANGA/PS-19""}, {""level"": ""5"", ""page_num"": ""1"", ""block_num"": ""22"", ""par_num"": ""1"", ""line_num"": ""16"", ""word_num"": ""7"", ""left"": ""1436"", ""top"": ""631"", ""width"": ""76"", ""height"": ""22"", ""conf"": ""91.661469"", ""text"": ""19-SC""}, {""level"": ""5"", ""page_num"": ""1"", ""block_num"": ""22"", ""par_num"": ""1"", ""line_num"": ""16"", ""word_num"": ""9"", ""left"": ""1563"", ""top"": ""631"", ""width"": ""64"", ""height"": ""22"", ""conf"": ""88.971275"", ""text"": ""19-W""}]",ocr_not_independently_verified;explicit_ps_identifiers_and_codes,needs_review,rendered_image_pixels,0
9e657b78bef10ac28f5f,West Bengal,Cooch Behar,2023,final,block_ward_reservation,HARIBHANGA,HARIBHANGA/PS-20,20,20,20-BC,,BC,,data/wb/2023/cooch_behar/extracted/CBR FINAL ORDER  FORM A1 B1/Cooch Behar-I/form B1@Ps Coochbehar l.pdf,c780887dc2a7aa4c70511a93dd0581d5a1c77790ba71507c8a37748bbfa221c4,4,,2,"[484, 816, 1513, 843]","[{""level"": ""5"", ""page_num"": ""1"", ""block_num"": ""22"", ""par_num"": ""1"", ""line_num"": ""22"", ""word_num"": ""2"", ""left"": ""484"", ""top"": ""825"", ""width"": ""223"", ""height"": ""18"", ""conf"": ""89.136520"", ""text"": ""HARIBHANGA/PS-20""}, {""level"": ""5"", ""page_num"": ""1"", ""block_num"": ""22"", ""par_num"": ""1"", ""line_num"": ""22"", ""word_num"": ""8"", ""left"": ""1434"", ""top"": ""816"", ""width"": ""79"", ""height"": ""22"", ""conf"": ""91.841095"", ""text"": ""20-BC""}]",ocr_not_independently_verified;explicit_ps_identifiers_and_codes;scanned_women_unread_or_blank,needs_review,rendered_image_pixels,0
d075040e34c769b6501e,West Bengal,Cooch Behar,2023,final,block_ward_reservation,HARIBHANGA,HARIBHANGA/PS-21,21,21,,21-W,,1,data/wb/2023/cooch_behar/extracted/CBR FINAL ORDER  FORM A1 B1/Cooch Behar-I/form B1@Ps Coochbehar l.pdf,c780887dc2a7aa4c70511a93dd0581d5a1c77790ba71507c8a37748bbfa221c4,4,,3,"[484, 1001, 1629, 1030]","[{""level"": ""5"", ""page_num"": ""1"", ""block_num"": ""22"", ""par_num"": ""1"", ""line_num"": ""26"", ""word_num"": ""1"", ""left"": ""484"", ""top"": ""1011"", ""width"": ""219"", ""height"": ""19"", ""conf"": ""89.220291"", ""text"": ""HARIBHANGA/PS-21""}, {""level"": ""5"", ""page_num"": ""1"", ""block_num"": ""22"", ""par_num"": ""1"", ""line_num"": ""26"", ""word_num"": ""9"", ""left"": ""1562"", ""top"": ""1001"", ""width"": ""67"", ""height"": ""22"", ""conf"": ""89.073296"", ""text"": ""21-W""}]",ocr_not_independently_verified;explicit_ps_identifiers_and_codes;caste_missing_or_conflicting,needs_review,rendered_image_pixels,0
80d13ba98127f6c0c59e,West Bengal,Cooch Behar,2023,final,block_ward_reservation,SUKTABARI,SUKTABARI/PS-23,23,23,23-BC,23-W,BC,1,data/wb/2023/cooch_behar/extracted/CBR FINAL ORDER  FORM A1 B1/Cooch Behar-I/form B1@Ps Coochbehar l.pdf,c780887dc2a7aa4c70511a93dd0581d5a1c77790ba71507c8a37748bbfa221c4,4,,4,"[491, 1361, 1631, 1399]","[{""level"": ""5"", ""page_num"": ""1"", ""block_num"": ""22"", ""par_num"": ""1"", ""line_num"": ""37"", ""word_num"": ""3"", ""left"": ""491"", ""top"": ""1361"", ""width"": ""201"", ""height"": ""38"", ""conf"": ""89.615540"", ""text"": ""SUKTABARI/PS-23""}, {""level"": ""5"", ""page_num"": ""1"", ""block_num"": ""22"", ""par_num"": ""1"", ""line_num"": ""37"", ""word_num"": ""9"", ""left"": ""1432"", ""top"": ""1364"", ""width"": ""81"", ""height"": ""21"", ""conf"": ""91.656670"", ""text"": ""23-BC""}, {""level"": ""5"", ""page_num"": ""1"", ""block_num"": ""22"", ""par_num"": ""1"", ""line_num"": ""37"", ""word_num"": ""11"", ""left"": ""1563"", ""top"": ""1364"", ""width"": ""68"", ""height"": ""21"", ""conf"": ""61.808350"", ""text"": ""23-W""}]",ocr_not_independently_verified;explicit_ps_identifiers_and_codes,needs_review,rendered_image_pixels,0
08e689213ef52821ee65,West Bengal,Cooch Behar,2023,final,block_ward_reservation,SUKTABARI,SUKTABARI/PS-24,24,24,,,,,data/wb/2023/cooch_behar/extracted/CBR FINAL ORDER  FORM A1 B1/Cooch Behar-I/form B1@Ps Coochbehar l.pdf,c780887dc2a7aa4c70511a93dd0581d5a1c77790ba71507c8a37748bbfa221c4,4,,5,"[487, 1539, 689, 1560]","[{""level"": ""5"", ""page_num"": ""1"", ""block_num"": ""22"", ""par_num"": ""1"", ""line_num"": ""42"", ""word_num"": ""1"", ""left"": ""487"", ""top"": ""1539"", ""width"": ""202"", ""height"": ""21"", ""conf"": ""91.303123"", ""text"": ""SUKTABARI/PS-24""}]",ocr_not_independently_verified;explicit_ps_identifiers_and_codes;caste_missing_or_conflicting;scanned_women_unread_or_blank,needs_review,rendered_image_pixels,0
fa059ebbc170073b77b2,West Bengal,Cooch Behar,2023,final,block_ward_reservation,GHUGHUMARI,GHUGHUMARI/PS-25,25,25,,,,,data/wb/2023/cooch_behar/extracted/CBR FINAL ORDER  FORM A1 B1/Cooch Behar-I/form B1@Ps Coochbehar l.pdf,c780887dc2a7aa4c70511a93dd0581d5a1c77790ba71507c8a37748bbfa221c4,4,,6,"[469, 1710, 702, 1743]","[{""level"": ""5"", ""page_num"": ""1"", ""block_num"": ""22"", ""par_num"": ""1"", ""line_num"": ""46"", ""word_num"": ""1"", ""left"": ""469"", ""top"": ""1710"", ""width"": ""233"", ""height"": ""33"", ""conf"": ""91.425430"", ""text"": ""GHUGHUMARI/PS-25""}]",ocr_not_independently_verified;explicit_ps_identifiers_and_codes;caste_missing_or_conflicting;scanned_women_unread_or_blank,needs_review,rendered_image_pixels,0
4cb4d37cd6927beea172,West Bengal,Cooch Behar,2023,final,block_ward_reservation,GHUGHUMARI,GHUGHUMARI/PS-26,26,26,,26-W,,1,data/wb/2023/cooch_behar/extracted/CBR FINAL ORDER  FORM A1 B1/Cooch Behar-I/form B1@Ps Coochbehar l.pdf,c780887dc2a7aa4c70511a93dd0581d5a1c77790ba71507c8a37748bbfa221c4,4,,7,"[467, 1909, 1618, 1943]","[{""level"": ""5"", ""page_num"": ""1"", ""block_num"": ""22"", ""par_num"": ""1"", ""line_num"": ""52"", ""word_num"": ""1"", ""left"": ""467"", ""top"": ""1922"", ""width"": ""233"", ""height"": ""21"", ""conf"": ""55.746155"", ""text"": ""GHUGHUMARI/PS-26""}, {""level"": ""5"", ""page_num"": ""1"", ""block_num"": ""22"", ""par_num"": ""1"", ""line_num"": ""52"", ""word_num"": ""9"", ""left"": ""1552"", ""top"": ""1909"", ""width"": ""66"", ""height"": ""22"", ""conf"": ""91.692833"", ""text"": ""26-W""}]",ocr_not_independently_verified;explicit_ps_identifiers_and_codes;caste_missing_or_conflicting,needs_review,rendered_image_pixels,0
cba2f83dba750b610c48,West Bengal,Cooch Behar,2023,final,block_ward_reservation,GHUGHUMARI,GHUGHUMARI/PS-27,27,27,27-SC,,SC,,data/wb/2023/cooch_behar/extracted/CBR FINAL ORDER  FORM A1 B1/Cooch Behar-I/form B1@Ps Coochbehar l.pdf,c780887dc2a7aa4c70511a93dd0581d5a1c77790ba71507c8a37748bbfa221c4,4,,8,"[468, 2141, 1495, 2171]","[{""level"": ""5"", ""page_num"": ""1"", ""block_num"": ""22"", ""par_num"": ""1"", ""line_num"": ""57"", ""word_num"": ""1"", ""left"": ""468"", ""top"": ""2153"", ""width"": ""231"", ""height"": ""18"", ""conf"": ""28.526310"", ""text"": ""GHUGHUMARI/PS-27""}, {""level"": ""5"", ""page_num"": ""1"", ""block_num"": ""22"", ""par_num"": ""1"", ""line_num"": ""57"", ""word_num"": ""10"", ""left"": ""1418"", ""top"": ""2141"", ""width"": ""77"", ""height"": ""22"", ""conf"": ""72.369446"", ""text"": ""27-SC""}]",ocr_not_independently_verified;explicit_ps_identifiers_and_codes;scanned_women_unread_or_blank,needs_review,rendered_image_pixels,0
25cbf35f7ff6703507e4,West Bengal,Cooch Behar,2023,final,block_ward_reservation,DAWAGURI,DAWAGURI/PS-28,28,28,,28-w,,1,data/wb/2023/cooch_behar/extracted/CBR FINAL ORDER  FORM A1 B1/Cooch Behar-I/form B1@Ps Coochbehar l.pdf,c780887dc2a7aa4c70511a93dd0581d5a1c77790ba71507c8a37748bbfa221c4,5,,1,"[486, 622, 1621, 683]","[{""level"": ""5"", ""page_num"": ""1"", ""block_num"": ""18"", ""par_num"": ""1"", ""line_num"": ""18"", ""word_num"": ""1"", ""left"": ""486"", ""top"": ""635"", ""width"": ""195"", ""height"": ""48"", ""conf"": ""70.080345"", ""text"": ""DAWAGURI/PS-28""}, {""level"": ""5"", ""page_num"": ""1"", ""block_num"": ""18"", ""par_num"": ""1"", ""line_num"": ""17"", ""word_num"": ""8"", ""left"": ""1551"", ""top"": ""622"", ""width"": ""70"", ""height"": ""25"", ""conf"": ""64.381226"", ""text"": ""28-w""}]",ocr_not_independently_verified;explicit_ps_identifiers_and_codes;caste_missing_or_conflicting,needs_review,rendered_image_pixels,0
628002bf583999f9c8f9,West Bengal,Cooch Behar,2023,final,block_ward_reservation,DAWAGURI,DAWAGURI/PS-30,30,30,,30-W,,1,data/wb/2023/cooch_behar/extracted/CBR FINAL ORDER  FORM A1 B1/Cooch Behar-I/form B1@Ps Coochbehar l.pdf,c780887dc2a7aa4c70511a93dd0581d5a1c77790ba71507c8a37748bbfa221c4,5,,2,"[492, 1001, 1621, 1047]","[{""level"": ""5"", ""page_num"": ""1"", ""block_num"": ""18"", ""par_num"": ""1"", ""line_num"": ""26"", ""word_num"": ""1"", ""left"": ""492"", ""top"": ""1001"", ""width"": ""193"", ""height"": ""46"", ""conf"": ""88.201530"", ""text"": ""DAWAGURI/PS-30""}, {""level"": ""5"", ""page_num"": ""1"", ""block_num"": ""18"", ""par_num"": ""1"", ""line_num"": ""26"", ""word_num"": ""7"", ""left"": ""1550"", ""top"": ""1005"", ""width"": ""71"", ""height"": ""22"", ""conf"": ""89.994370"", ""text"": ""30-W""}]",ocr_not_independently_verified;explicit_ps_identifiers_and_codes;caste_missing_or_conflicting,needs_review,rendered_image_pixels,0
6c35f684430772eae81a,West Bengal,Cooch Behar,2023,final,block_ward_reservation,GURIAHATI-l,GURIAHATI-l/PS-32,32,32,,,,,data/wb/2023/cooch_behar/extracted/CBR FINAL ORDER  FORM A1 B1/Cooch Behar-I/form B1@Ps Coochbehar l.pdf,c780887dc2a7aa4c70511a93dd0581d5a1c77790ba71507c8a37748bbfa221c4,5,,3,"[485, 1378, 689, 1397]","[{""level"": ""5"", ""page_num"": ""1"", ""block_num"": ""18"", ""par_num"": ""1"", ""line_num"": ""35"", ""word_num"": ""3"", ""left"": ""485"", ""top"": ""1378"", ""width"": ""204"", ""height"": ""19"", ""conf"": ""0.000000"", ""text"": ""GURIAHATI-l/PS-32""}]",ocr_not_independently_verified;explicit_ps_identifiers_and_codes;caste_missing_or_conflicting;scanned_women_unread_or_blank,needs_review,rendered_image_pixels,0
88cabf9f2f2a4e200de6,West Bengal,Cooch Behar,2023,final,block_ward_reservation,GURIAHATI-I,GURIAHATI-I/PS-33,33,33,,33-W,,1,data/wb/2023/cooch_behar/extracted/CBR FINAL ORDER  FORM A1 B1/Cooch Behar-I/form B1@Ps Coochbehar l.pdf,c780887dc2a7aa4c70511a93dd0581d5a1c77790ba71507c8a37748bbfa221c4,5,,4,"[483, 1558, 1622, 1585]","[{""level"": ""5"", ""page_num"": ""1"", ""block_num"": ""18"", ""par_num"": ""1"", ""line_num"": ""40"", ""word_num"": ""1"", ""left"": ""483"", ""top"": ""1558"", ""width"": ""205"", ""height"": ""20"", ""conf"": ""62.817348"", ""text"": ""GURIAHATI-I/PS-33""}, {""level"": ""5"", ""page_num"": ""1"", ""block_num"": ""18"", ""par_num"": ""1"", ""line_num"": ""40"", ""word_num"": ""8"", ""left"": ""1551"", ""top"": ""1562"", ""width"": ""71"", ""height"": ""23"", ""conf"": ""73.642250"", ""text"": ""33-W""}]",ocr_not_independently_verified;explicit_ps_identifiers_and_codes;caste_missing_or_conflicting,needs_review,rendered_image_pixels,0
31d4f1b4019d59e9e244,West Bengal,Cooch Behar,2023,final,block_ward_reservation,GURIAHATH-I,GURIAHATH-I/PS-35,35,35,,,,,data/wb/2023/cooch_behar/extracted/CBR FINAL ORDER  FORM A1 B1/Cooch Behar-I/form B1@Ps Coochbehar l.pdf,c780887dc2a7aa4c70511a93dd0581d5a1c77790ba71507c8a37748bbfa221c4,5,,5,"[477, 1883, 689, 1928]","[{""level"": ""5"", ""page_num"": ""1"", ""block_num"": ""18"", ""par_num"": ""1"", ""line_num"": ""49"", ""word_num"": ""3"", ""left"": ""477"", ""top"": ""1883"", ""width"": ""212"", ""height"": ""45"", ""conf"": ""57.899666"", ""text"": ""GURIAHATH-I/PS-35""}]",ocr_not_independently_verified;explicit_ps_identifiers_and_codes;caste_missing_or_conflicting;scanned_women_unread_or_blank,needs_review,rendered_image_pixels,0
e87b0688cc4b66f3ffbf,West Bengal,Cooch Behar,2023,final,block_ward_reservation,GURIAHATHI,GURIAHATHI/PS-38,38,38,,,,,data/wb/2023/cooch_behar/extracted/CBR FINAL ORDER  FORM A1 B1/Cooch Behar-I/form B1@Ps Coochbehar l.pdf,c780887dc2a7aa4c70511a93dd0581d5a1c77790ba71507c8a37748bbfa221c4,5,,6,"[477, 2065, 688, 2087]","[{""level"": ""5"", ""page_num"": ""1"", ""block_num"": ""18"", ""par_num"": ""1"", ""line_num"": ""54"", ""word_num"": ""1"", ""left"": ""477"", ""top"": ""2065"", ""width"": ""211"", ""height"": ""22"", ""conf"": ""8.937683"", ""text"": ""GURIAHATHI/PS-38""}]",ocr_not_independently_verified;explicit_ps_identifiers_and_codes;caste_missing_or_conflicting;scanned_women_unread_or_blank,needs_review,rendered_image_pixels,0
99db30a1f939f692d0d1,West Bengal,Cooch Behar,2023,final,block_ward_reservation,PANISALA,PANISALA/PS-37,37,37,37-BC,37-W,BC,1,data/wb/2023/cooch_behar/extracted/CBR FINAL ORDER  FORM A1 B1/Cooch Behar-I/form B1@Ps Coochbehar l.pdf,c780887dc2a7aa4c70511a93dd0581d5a1c77790ba71507c8a37748bbfa221c4,6,,1,"[496, 632, 1628, 664]","[{""level"": ""5"", ""page_num"": ""1"", ""block_num"": ""29"", ""par_num"": ""1"", ""line_num"": ""16"", ""word_num"": ""1"", ""left"": ""496"", ""top"": ""632"", ""width"": ""182"", ""height"": ""32"", ""conf"": ""89.868507"", ""text"": ""PANISALA/PS-37""}, {""level"": ""5"", ""page_num"": ""1"", ""block_num"": ""29"", ""par_num"": ""1"", ""line_num"": ""16"", ""word_num"": ""9"", ""left"": ""1430"", ""top"": ""633"", ""width"": ""81"", ""height"": ""22"", ""conf"": ""92.247719"", ""text"": ""37-BC""}, {""level"": ""5"", ""page_num"": ""1"", ""block_num"": ""29"", ""par_num"": ""1"", ""line_num"": ""16"", ""word_num"": ""10"", ""left"": ""1560"", ""top"": ""633"", ""width"": ""68"", ""height"": ""21"", ""conf"": ""92.367157"", ""text"": ""37-W""}]",ocr_not_independently_verified;explicit_ps_identifiers_and_codes,needs_review,rendered_image_pixels,0
2d0dc5ec25086c373a71,West Bengal,Cooch Behar,2023,final,block_ward_reservation,PANISALA,PANISALA/PS-38,38,38,,38-W,,1,data/wb/2023/cooch_behar/extracted/CBR FINAL ORDER  FORM A1 B1/Cooch Behar-I/form B1@Ps Coochbehar l.pdf,c780887dc2a7aa4c70511a93dd0581d5a1c77790ba71507c8a37748bbfa221c4,6,,2,"[493, 822, 1624, 847]","[{""level"": ""5"", ""page_num"": ""1"", ""block_num"": ""29"", ""par_num"": ""1"", ""line_num"": ""20"", ""word_num"": ""3"", ""left"": ""493"", ""top"": ""829"", ""width"": ""181"", ""height"": ""18"", ""conf"": ""57.525459"", ""text"": ""PANISALA/PS-38""}, {""level"": ""5"", ""page_num"": ""1"", ""block_num"": ""29"", ""par_num"": ""1"", ""line_num"": ""19"", ""word_num"": ""5"", ""left"": ""1555"", ""top"": ""822"", ""width"": ""69"", ""height"": ""22"", ""conf"": ""57.424026"", ""text"": ""38-W""}]",ocr_not_independently_verified;explicit_ps_identifiers_and_codes;caste_missing_or_conflicting,needs_review,rendered_image_pixels,0
ff5f83510b53d7611003,West Bengal,Cooch Behar,2023,final,block_ward_reservation,PANISALA,PANISALA/PS-39,39,39,,,,,data/wb/2023/cooch_behar/extracted/CBR FINAL ORDER  FORM A1 B1/Cooch Behar-I/form B1@Ps Coochbehar l.pdf,c780887dc2a7aa4c70511a93dd0581d5a1c77790ba71507c8a37748bbfa221c4,6,,3,"[490, 1006, 670, 1043]","[{""level"": ""5"", ""page_num"": ""1"", ""block_num"": ""29"", ""par_num"": ""1"", ""line_num"": ""24"", ""word_num"": ""1"", ""left"": ""490"", ""top"": ""1006"", ""width"": ""180"", ""height"": ""37"", ""conf"": ""90.645859"", ""text"": ""PANISALA/PS-39""}]",ocr_not_independently_verified;explicit_ps_identifiers_and_codes;caste_missing_or_conflicting;scanned_women_unread_or_blank,needs_review,rendered_image_pixels,0
1221d4488a4f1cbf8010,West Bengal,Cooch Behar,2023,final,block_ward_reservation,DEWANHAT,DEWANHAT/PS-40,40,40,,40-W,,1,data/wb/2023/cooch_behar/extracted/CBR FINAL ORDER  FORM A1 B1/Cooch Behar-I/form B1@Ps Coochbehar l.pdf,c780887dc2a7aa4c70511a93dd0581d5a1c77790ba71507c8a37748bbfa221c4,6,,4,"[474, 1191, 1618, 1229]","[{""level"": ""5"", ""page_num"": ""1"", ""block_num"": ""29"", ""par_num"": ""1"", ""line_num"": ""29"", ""word_num"": ""1"", ""left"": ""474"", ""top"": ""1191"", ""width"": ""201"", ""height"": ""38"", ""conf"": ""86.623093"", ""text"": ""DEWANHAT/PS-40""}, {""level"": ""5"", ""page_num"": ""1"", ""block_num"": ""29"", ""par_num"": ""1"", ""line_num"": ""29"", ""word_num"": ""6"", ""left"": ""1547"", ""top"": ""1201"", ""width"": ""71"", ""height"": ""21"", ""conf"": ""77.343269"", ""text"": ""40-W""}]",ocr_not_independently_verified;explicit_ps_identifiers_and_codes;caste_missing_or_conflicting,needs_review,rendered_image_pixels,0
41cbc7016c602ed9aacf,West Bengal,Cooch Behar,2023,final,block_ward_reservation,DEWANHAT,DEWANHAT/PS-41,41,41,41-SC,,SC,,data/wb/2023/cooch_behar/extracted/CBR FINAL ORDER  FORM A1 B1/Cooch Behar-I/form B1@Ps Coochbehar l.pdf,c780887dc2a7aa4c70511a93dd0581d5a1c77790ba71507c8a37748bbfa221c4,6,,5,"[467, 1384, 1497, 1415]","[{""level"": ""5"", ""page_num"": ""1"", ""block_num"": ""29"", ""par_num"": ""1"", ""line_num"": ""34"", ""word_num"": ""3"", ""left"": ""467"", ""top"": ""1384"", ""width"": ""199"", ""height"": ""31"", ""conf"": ""91.052078"", ""text"": ""DEWANHAT/PS-41""}, {""level"": ""5"", ""page_num"": ""1"", ""block_num"": ""29"", ""par_num"": ""1"", ""line_num"": ""34"", ""word_num"": ""10"", ""left"": ""1414"", ""top"": ""1391"", ""width"": ""83"", ""height"": ""22"", ""conf"": ""90.844696"", ""text"": ""41-SC""}]",ocr_not_independently_verified;explicit_ps_identifiers_and_codes;scanned_women_unread_or_blank,needs_review,rendered_image_pixels,0
2577af2ea6ad0549ae03,West Bengal,Cooch Behar,2023,final,block_ward_reservation,DEWANHAT,DEWANHAT/PS-42,42,42,42-SC,42-W,SC,1,data/wb/2023/cooch_behar/extracted/CBR FINAL ORDER  FORM A1 B1/Cooch Behar-I/form B1@Ps Coochbehar l.pdf,c780887dc2a7aa4c70511a93dd0581d5a1c77790ba71507c8a37748bbfa221c4,6,,6,"[461, 1564, 1615, 1606]","[{""level"": ""5"", ""page_num"": ""1"", ""block_num"": ""29"", ""par_num"": ""1"", ""line_num"": ""38"", ""word_num"": ""1"", ""left"": ""461"", ""top"": ""1564"", ""width"": ""202"", ""height"": ""40"", ""conf"": ""85.744438"", ""text"": ""DEWANHAT/PS-42""}, {""level"": ""5"", ""page_num"": ""1"", ""block_num"": ""29"", ""par_num"": ""1"", ""line_num"": ""38"", ""word_num"": ""8"", ""left"": ""1412"", ""top"": ""1583"", ""width"": ""82"", ""height"": ""23"", ""conf"": ""91.568077"", ""text"": ""42-SC""}, {""level"": ""5"", ""page_num"": ""1"", ""block_num"": ""29"", ""par_num"": ""1"", ""line_num"": ""38"", ""word_num"": ""10"", ""left"": ""1543"", ""top"": ""1585"", ""width"": ""72"", ""height"": ""21"", ""conf"": ""87.659950"", ""text"": ""42-W""}]",ocr_not_independently_verified;explicit_ps_identifiers_and_codes,needs_review,rendered_image_pixels,0
94e02086c7d5be771c14,West Bengal,Cooch Behar,2023,final,block_ward_reservation,JIRANPUR,JIRANPUR/PS-43,43,43,,,,,data/wb/2023/cooch_behar/extracted/CBR FINAL ORDER  FORM A1 B1/Cooch Behar-I/form B1@Ps Coochbehar l.pdf,c780887dc2a7aa4c70511a93dd0581d5a1c77790ba71507c8a37748bbfa221c4,6,,7,"[462, 1765, 648, 1785]","[{""level"": ""5"", ""page_num"": ""1"", ""block_num"": ""29"", ""par_num"": ""1"", ""line_num"": ""41"", ""word_num"": ""1"", ""left"": ""462"", ""top"": ""1765"", ""width"": ""186"", ""height"": ""20"", ""conf"": ""36.859749"", ""text"": ""JIRANPUR/PS-43""}]",ocr_not_independently_verified;explicit_ps_identifiers_and_codes;caste_missing_or_conflicting;scanned_women_unread_or_blank,needs_review,rendered_image_pixels,0
486bb348430b0e2eeb4a,West Bengal,Cooch Behar,2023,final,block_ward_reservation,JIRANPUR,JIRANPUR/PS-44,44,44,,,,,data/wb/2023/cooch_behar/extracted/CBR FINAL ORDER  FORM A1 B1/Cooch Behar-I/form B1@Ps Coochbehar l.pdf,c780887dc2a7aa4c70511a93dd0581d5a1c77790ba71507c8a37748bbfa221c4,6,,8,"[457, 1946, 642, 1984]","[{""level"": ""5"", ""page_num"": ""1"", ""block_num"": ""29"", ""par_num"": ""1"", ""line_num"": ""45"", ""word_num"": ""3"", ""left"": ""457"", ""top"": ""1946"", ""width"": ""185"", ""height"": ""38"", ""conf"": ""83.517220"", ""text"": ""JIRANPUR/PS-44""}]",ocr_not_independently_verified;explicit_ps_identifiers_and_codes;caste_missing_or_conflicting;scanned_women_unread_or_blank,needs_review,rendered_image_pixels,0
3ebe2fb606d23f9c387c,West Bengal,Cooch Behar,2023,final,block_ward_reservation,JIRANPUR,JIRANPUR/PS-45,45,45,,,,,data/wb/2023/cooch_behar/extracted/CBR FINAL ORDER  FORM A1 B1/Cooch Behar-I/form B1@Ps Coochbehar l.pdf,c780887dc2a7aa4c70511a93dd0581d5a1c77790ba71507c8a37748bbfa221c4,6,,9,"[454, 2126, 639, 2164]","[{""level"": ""5"", ""page_num"": ""1"", ""block_num"": ""29"", ""par_num"": ""1"", ""line_num"": ""48"", ""word_num"": ""1"", ""left"": ""454"", ""top"": ""2126"", ""width"": ""185"", ""height"": ""38"", ""conf"": ""64.828049"", ""text"": ""JIRANPUR/PS-45""}]",ocr_not_independently_verified;explicit_ps_identifiers_and_codes;caste_missing_or_conflicting;scanned_women_unread_or_blank,needs_review,rendered_image_pixels,0
d9337c51e08fed9df5ae,West Bengal,Cooch Behar,2023,final,block_ward_reservation,KHOLTA,KHOLTA/PS-7,7,7,,,,,data/wb/2023/cooch_behar/extracted/CBR FINAL ORDER  FORM A1 B1/Cooch Behar-II/form B1@Ps cooch Behar ll.pdf,a3d3aa18b2554ebd0fb44f3d7f8e83a52d9291bb4a978e685d5148c992a33a71,1,,1,"[337, 1530, 476, 1559]","[{""level"": ""5"", ""page_num"": ""1"", ""block_num"": ""25"", ""par_num"": ""1"", ""line_num"": ""40"", ""word_num"": ""1"", ""left"": ""337"", ""top"": ""1530"", ""width"": ""139"", ""height"": ""29"", ""conf"": ""88.570312"", ""text"": ""KHOLTA/PS-7""}]",ocr_not_independently_verified;explicit_ps_identifiers_and_codes;caste_missing_or_conflicting;scanned_women_unread_or_blank,needs_review,rendered_image_pixels,0
796be1750322a976cb5f,West Bengal,Cooch Behar,2023,final,block_ward_reservation,KHOLTA,KHOLTA/PS-8,8,8,,,,,data/wb/2023/cooch_behar/extracted/CBR FINAL ORDER  FORM A1 B1/Cooch Behar-II/form B1@Ps cooch Behar ll.pdf,a3d3aa18b2554ebd0fb44f3d7f8e83a52d9291bb4a978e685d5148c992a33a71,1,,2,"[334, 1715, 477, 1754]","[{""level"": ""5"", ""page_num"": ""1"", ""block_num"": ""25"", ""par_num"": ""1"", ""line_num"": ""46"", ""word_num"": ""1"", ""left"": ""334"", ""top"": ""1715"", ""width"": ""143"", ""height"": ""39"", ""conf"": ""67.201263"", ""text"": ""KHOLTA/PS-8""}]",ocr_not_independently_verified;explicit_ps_identifiers_and_codes;caste_missing_or_conflicting;scanned_women_unread_or_blank,needs_review,rendered_image_pixels,0
2a07be87b38978ad413d,West Bengal,Cooch Behar,2023,final,block_ward_reservation,KHOLTA,KHOLTA/PS-9,9,9,,,,,data/wb/2023/cooch_behar/extracted/CBR FINAL ORDER  FORM A1 B1/Cooch Behar-II/form B1@Ps cooch Behar ll.pdf,a3d3aa18b2554ebd0fb44f3d7f8e83a52d9291bb4a978e685d5148c992a33a71,1,,3,"[335, 1855, 470, 1897]","[{""level"": ""5"", ""page_num"": ""1"", ""block_num"": ""25"", ""par_num"": ""1"", ""line_num"": ""51"", ""word_num"": ""1"", ""left"": ""335"", ""top"": ""1855"", ""width"": ""135"", ""height"": ""42"", ""conf"": ""89.704765"", ""text"": ""KHOLTA/PS-9""}]",ocr_not_independently_verified;explicit_ps_identifiers_and_codes;caste_missing_or_conflicting;scanned_women_unread_or_blank,needs_review,rendered_image_pixels,0
8e833b9cab532c2a0eb1,West Bengal,Cooch Behar,2023,final,block_ward_reservation,BANESWAR,BANESWAR/PS-13,13,13,,,,,data/wb/2023/cooch_behar/extracted/CBR FINAL ORDER  FORM A1 B1/Cooch Behar-II/form B1@Ps cooch Behar ll.pdf,a3d3aa18b2554ebd0fb44f3d7f8e83a52d9291bb4a978e685d5148c992a33a71,2,,1,"[315, 448, 493, 479]","[{""level"": ""5"", ""page_num"": ""1"", ""block_num"": ""23"", ""par_num"": ""1"", ""line_num"": ""14"", ""word_num"": ""1"", ""left"": ""315"", ""top"": ""448"", ""width"": ""178"", ""height"": ""31"", ""conf"": ""82.776054"", ""text"": ""BANESWAR/PS-13""}]",ocr_not_independently_verified;explicit_ps_identifiers_and_codes;caste_missing_or_conflicting;scanned_women_unread_or_blank,needs_review,rendered_image_pixels,0
af21557cec5617de01da,West Bengal,Cooch Behar,2023,final,block_ward_reservation,MADHUPUR,MADHUPUR/PS-25,25,25,25-SC,,SC,,data/wb/2023/cooch_behar/extracted/CBR FINAL ORDER  FORM A1 B1/Cooch Behar-II/form B1@Ps cooch Behar ll.pdf,a3d3aa18b2554ebd0fb44f3d7f8e83a52d9291bb4a978e685d5148c992a33a71,2,,2,"[319, 1816, 1356, 1844]","[{""level"": ""5"", ""page_num"": ""1"", ""block_num"": ""23"", ""par_num"": ""1"", ""line_num"": ""55"", ""word_num"": ""1"", ""left"": ""319"", ""top"": ""1816"", ""width"": ""176"", ""height"": ""28"", ""conf"": ""85.769997"", ""text"": ""MADHUPUR/PS-25""}, {""level"": ""5"", ""page_num"": ""1"", ""block_num"": ""23"", ""par_num"": ""1"", ""line_num"": ""55"", ""word_num"": ""11"", ""left"": ""1302"", ""top"": ""1821"", ""width"": ""54"", ""height"": ""17"", ""conf"": ""92.013023"", ""text"": ""25-SC""}]",ocr_not_independently_verified;explicit_ps_identifiers_and_codes;scanned_women_unread_or_blank,needs_review,rendered_image_pixels,0
e27a8fe5b577f80b8a63,West Bengal,Cooch Behar,2023,final,block_ward_reservation,MADHUPUR,MADHUPUR/PS-26,26,26,26-SC,26-W,SC,1,data/wb/2023/cooch_behar/extracted/CBR FINAL ORDER  FORM A1 B1/Cooch Behar-II/form B1@Ps cooch Behar ll.pdf,a3d3aa18b2554ebd0fb44f3d7f8e83a52d9291bb4a978e685d5148c992a33a71,2,,3,"[319, 1923, 1502, 1952]","[{""level"": ""5"", ""page_num"": ""1"", ""block_num"": ""23"", ""par_num"": ""1"", ""line_num"": ""58"", ""word_num"": ""3"", ""left"": ""319"", ""top"": ""1925"", ""width"": ""175"", ""height"": ""17"", ""conf"": ""91.086418"", ""text"": ""MADHUPUR/PS-26""}, {""level"": ""5"", ""page_num"": ""1"", ""block_num"": ""23"", ""par_num"": ""1"", ""line_num"": ""58"", ""word_num"": ""15"", ""left"": ""1301"", ""top"": ""1923"", ""width"": ""52"", ""height"": ""29"", ""conf"": ""92.533844"", ""text"": ""26-SC""}, {""level"": ""5"", ""page_num"": ""1"", ""block_num"": ""23"", ""par_num"": ""1"", ""line_num"": ""58"", ""word_num"": ""16"", ""left"": ""1456"", ""top"": ""1927"", ""width"": ""46"", ""height"": ""16"", ""conf"": ""91.337021"", ""text"": ""26-W""}]",ocr_not_independently_verified;explicit_ps_identifiers_and_codes,needs_review,rendered_image_pixels,0
4b2ed89d0dfa8964d1bd,West Bengal,Cooch Behar,2023,final,block_ward_reservation,MADHUPUR,MADHUPUR/PS-27,27,27,,,,,data/wb/2023/cooch_behar/extracted/CBR FINAL ORDER  FORM A1 B1/Cooch Behar-II/form B1@Ps cooch Behar ll.pdf,a3d3aa18b2554ebd0fb44f3d7f8e83a52d9291bb4a978e685d5148c992a33a71,2,,4,"[319, 2043, 493, 2061]","[{""level"": ""5"", ""page_num"": ""1"", ""block_num"": ""23"", ""par_num"": ""1"", ""line_num"": ""61"", ""word_num"": ""1"", ""left"": ""319"", ""top"": ""2043"", ""width"": ""174"", ""height"": ""18"", ""conf"": ""91.588226"", ""text"": ""MADHUPUR/PS-27""}]",ocr_not_independently_verified;explicit_ps_identifiers_and_codes;caste_missing_or_conflicting;scanned_women_unread_or_blank,needs_review,rendered_image_pixels,0
fe1a4f79e2f388d7e2ff,West Bengal,Cooch Behar,2023,final,block_ward_reservation,RAJARHAT,RAJARHAT/PS-28,28,28,,28-W,,1,data/wb/2023/cooch_behar/extracted/CBR FINAL ORDER  FORM A1 B1/Cooch Behar-II/form B1@Ps cooch Behar ll.pdf,a3d3aa18b2554ebd0fb44f3d7f8e83a52d9291bb4a978e685d5148c992a33a71,3,,1,"[326, 524, 1565, 589]","[{""level"": ""5"", ""page_num"": ""1"", ""block_num"": ""14"", ""par_num"": ""1"", ""line_num"": ""14"", ""word_num"": ""1"", ""left"": ""326"", ""top"": ""550"", ""width"": ""183"", ""height"": ""39"", ""conf"": ""37.221718"", ""text"": ""RAJARHAT/PS-28""}, {""level"": ""5"", ""page_num"": ""1"", ""block_num"": ""14"", ""par_num"": ""1"", ""line_num"": ""14"", ""word_num"": ""12"", ""left"": ""1518"", ""top"": ""524"", ""width"": ""47"", ""height"": ""31"", ""conf"": ""89.796417"", ""text"": ""28-W""}]",ocr_not_independently_verified;explicit_ps_identifiers_and_codes;caste_missing_or_conflicting,needs_review,rendered_image_pixels,0
da651cb89e08505a63f6,West Bengal,Cooch Behar,2023,final,block_ward_reservation,RAJARHAT,RAJARHAT/PS-30,30,30,,,,,data/wb/2023/cooch_behar/extracted/CBR FINAL ORDER  FORM A1 B1/Cooch Behar-II/form B1@Ps cooch Behar ll.pdf,a3d3aa18b2554ebd0fb44f3d7f8e83a52d9291bb4a978e685d5148c992a33a71,3,,2,"[333, 1028, 513, 1058]","[{""level"": ""5"", ""page_num"": ""1"", ""block_num"": ""14"", ""par_num"": ""1"", ""line_num"": ""28"", ""word_num"": ""1"", ""left"": ""333"", ""top"": ""1028"", ""width"": ""180"", ""height"": ""30"", ""conf"": ""91.586746"", ""text"": ""RAJARHAT/PS-30""}]",ocr_not_independently_verified;explicit_ps_identifiers_and_codes;caste_missing_or_conflicting;scanned_women_unread_or_blank,needs_review,rendered_image_pixels,0
fe3cefa5730402ae4fd2,West Bengal,Cooch Behar,2023,final,block_ward_reservation,Gosanimari-l,Gosanimari-l/PS-4,4,4,,4-W,,1,data/wb/2023/cooch_behar/extracted/CBR FINAL ORDER  FORM A1 B1/Dinhat 1 from A&B/from_B_Dinhata1_Block.pdf,802a36beb68957a4a47c741943fc1540dddde42a82b20fc826e055db40747372,2,,1,"[399, 665, 1479, 725]","[{""level"": ""5"", ""page_num"": ""1"", ""block_num"": ""22"", ""par_num"": ""1"", ""line_num"": ""1"", ""word_num"": ""1"", ""left"": ""399"", ""top"": ""700"", ""width"": ""204"", ""height"": ""25"", ""conf"": ""55.211533"", ""text"": ""Gosanimari-l/PS-4""}, {""level"": ""5"", ""page_num"": ""1"", ""block_num"": ""27"", ""par_num"": ""1"", ""line_num"": ""1"", ""word_num"": ""1"", ""left"": ""1429"", ""top"": ""665"", ""width"": ""50"", ""height"": ""22"", ""conf"": ""84.949745"", ""text"": ""4-W""}]",ocr_not_independently_verified;explicit_ps_identifiers_and_codes;caste_missing_or_conflicting,needs_review,rendered_image_pixels,0
43418d24027192621866,West Bengal,Cooch Behar,2023,final,block_ward_reservation,Gosanimari-I,Gosanimari-I/PS-5,5,5,,,,,data/wb/2023/cooch_behar/extracted/CBR FINAL ORDER  FORM A1 B1/Dinhat 1 from A&B/from_B_Dinhata1_Block.pdf,802a36beb68957a4a47c741943fc1540dddde42a82b20fc826e055db40747372,2,,2,"[399, 847, 601, 874]","[{""level"": ""5"", ""page_num"": ""1"", ""block_num"": ""29"", ""par_num"": ""1"", ""line_num"": ""1"", ""word_num"": ""1"", ""left"": ""399"", ""top"": ""847"", ""width"": ""202"", ""height"": ""27"", ""conf"": ""68.963058"", ""text"": ""Gosanimari-I/PS-5""}]",ocr_not_independently_verified;explicit_ps_identifiers_and_codes;caste_missing_or_conflicting;scanned_women_unread_or_blank,needs_review,rendered_image_pixels,0
0bc6a4cf9aa69378fd0d,West Bengal,Cooch Behar,2023,final,block_ward_reservation,Gosanimari-I,Gosanimari-I/PS-6,6,6,6-SC,,SC,,data/wb/2023/cooch_behar/extracted/CBR FINAL ORDER  FORM A1 B1/Dinhat 1 from A&B/from_B_Dinhata1_Block.pdf,802a36beb68957a4a47c741943fc1540dddde42a82b20fc826e055db40747372,2,,3,"[395, 967, 1329, 1019]","[{""level"": ""5"", ""page_num"": ""1"", ""block_num"": ""32"", ""par_num"": ""1"", ""line_num"": ""1"", ""word_num"": ""1"", ""left"": ""395"", ""top"": ""993"", ""width"": ""204"", ""height"": ""26"", ""conf"": ""38.263096"", ""text"": ""Gosanimari-I/PS-6""}, {""level"": ""5"", ""page_num"": ""1"", ""block_num"": ""36"", ""par_num"": ""1"", ""line_num"": ""1"", ""word_num"": ""1"", ""left"": ""1270"", ""top"": ""967"", ""width"": ""59"", ""height"": ""23"", ""conf"": ""92.326935"", ""text"": ""6-SC""}]",ocr_not_independently_verified;explicit_ps_identifiers_and_codes;scanned_women_unread_or_blank,needs_review,rendered_image_pixels,0
903b4f5e0f06c1d9553b,West Bengal,Cooch Behar,2023,final,block_ward_reservation,Matalha,Matalha/PS-7,7,7,7-SC,7-W,SC,1,data/wb/2023/cooch_behar/extracted/CBR FINAL ORDER  FORM A1 B1/Dinhat 1 from A&B/from_B_Dinhata1_Block.pdf,802a36beb68957a4a47c741943fc1540dddde42a82b20fc826e055db40747372,2,,4,"[411, 1143, 1480, 1201]","[{""level"": ""5"", ""page_num"": ""1"", ""block_num"": ""40"", ""par_num"": ""1"", ""line_num"": ""1"", ""word_num"": ""1"", ""left"": ""411"", ""top"": ""1177"", ""width"": ""159"", ""height"": ""24"", ""conf"": ""36.301155"", ""text"": ""Matalha/PS-7""}, {""level"": ""5"", ""page_num"": ""1"", ""block_num"": ""44"", ""par_num"": ""1"", ""line_num"": ""1"", ""word_num"": ""1"", ""left"": ""1270"", ""top"": ""1150"", ""width"": ""59"", ""height"": ""23"", ""conf"": ""92.109779"", ""text"": ""7-SC""}, {""level"": ""5"", ""page_num"": ""1"", ""block_num"": ""45"", ""par_num"": ""1"", ""line_num"": ""1"", ""word_num"": ""1"", ""left"": ""1429"", ""top"": ""1143"", ""width"": ""51"", ""height"": ""22"", ""conf"": ""22.032360"", ""text"": ""7-W""}]",ocr_not_independently_verified;explicit_ps_identifiers_and_codes,needs_review,rendered_image_pixels,0
4854cbc3c7da00575d83,West Bengal,Cooch Behar,2023,final,block_ward_reservation,Matalhat,Matalhat/PS-8,8,8,8-SC,,SC,,data/wb/2023/cooch_behar/extracted/CBR FINAL ORDER  FORM A1 B1/Dinhat 1 from A&B/from_B_Dinhata1_Block.pdf,802a36beb68957a4a47c741943fc1540dddde42a82b20fc826e055db40747372,2,,5,"[402, 1318, 1330, 1368]","[{""level"": ""5"", ""page_num"": ""1"", ""block_num"": ""47"", ""par_num"": ""1"", ""line_num"": ""1"", ""word_num"": ""1"", ""left"": ""402"", ""top"": ""1343"", ""width"": ""161"", ""height"": ""25"", ""conf"": ""88.853836"", ""text"": ""Matalhat/PS-8""}, {""level"": ""5"", ""page_num"": ""1"", ""block_num"": ""50"", ""par_num"": ""1"", ""line_num"": ""1"", ""word_num"": ""1"", ""left"": ""1270"", ""top"": ""1318"", ""width"": ""60"", ""height"": ""22"", ""conf"": ""91.685745"", ""text"": ""8-SC""}]",ocr_not_independently_verified;explicit_ps_identifiers_and_codes;scanned_women_unread_or_blank,needs_review,rendered_image_pixels,0
5807775ee9a72b6158ba,West Bengal,Cooch Behar,2023,final,block_ward_reservation,Matalhat,Matalhat/PS-9,9,9,9-SC,9-W,SC,1,data/wb/2023/cooch_behar/extracted/CBR FINAL ORDER  FORM A1 B1/Dinhat 1 from A&B/from_B_Dinhata1_Block.pdf,802a36beb68957a4a47c741943fc1540dddde42a82b20fc826e055db40747372,2,,6,"[394, 1485, 1485, 1538]","[{""level"": ""5"", ""page_num"": ""1"", ""block_num"": ""52"", ""par_num"": ""1"", ""line_num"": ""1"", ""word_num"": ""1"", ""left"": ""394"", ""top"": ""1511"", ""width"": ""163"", ""height"": ""27"", ""conf"": ""76.371277"", ""text"": ""Matalhat/PS-9""}, {""level"": ""5"", ""page_num"": ""1"", ""block_num"": ""57"", ""par_num"": ""1"", ""line_num"": ""1"", ""word_num"": ""1"", ""left"": ""1270"", ""top"": ""1489"", ""width"": ""61"", ""height"": ""22"", ""conf"": ""91.592056"", ""text"": ""9-SC""}, {""level"": ""5"", ""page_num"": ""1"", ""block_num"": ""58"", ""par_num"": ""1"", ""line_num"": ""1"", ""word_num"": ""1"", ""left"": ""1432"", ""top"": ""1485"", ""width"": ""53"", ""height"": ""22"", ""conf"": ""70.354004"", ""text"": ""9-W""}]",ocr_not_independently_verified;explicit_ps_identifiers_and_codes,needs_review,rendered_image_pixels,0
8e19168e8f9926b2bdf5,West Bengal,Cooch Behar,2023,final,block_ward_reservation,Putimari-I,Putimari-I/PS-13,13,13,,13-W,,1,data/wb/2023/cooch_behar/extracted/CBR FINAL ORDER  FORM A1 B1/Dinhat 1 from A&B/from_B_Dinhata1_Block.pdf,802a36beb68957a4a47c741943fc1540dddde42a82b20fc826e055db40747372,3,,1,"[431, 655, 1505, 708]","[{""level"": ""5"", ""page_num"": ""1"", ""block_num"": ""10"", ""par_num"": ""1"", ""line_num"": ""18"", ""word_num"": ""1"", ""left"": ""431"", ""top"": ""685"", ""width"": ""193"", ""height"": ""23"", ""conf"": ""14.174480"", ""text"": ""Putimari-I/PS-13""}, {""level"": ""5"", ""page_num"": ""1"", ""block_num"": ""10"", ""par_num"": ""1"", ""line_num"": ""18"", ""word_num"": ""4"", ""left"": ""1445"", ""top"": ""655"", ""width"": ""60"", ""height"": ""23"", ""conf"": ""91.826805"", ""text"": ""13-W""}]",ocr_not_independently_verified;explicit_ps_identifiers_and_codes;caste_missing_or_conflicting,needs_review,rendered_image_pixels,0
60a9b7b7bd60a8f3e2a2,West Bengal,Cooch Behar,2023,final,block_ward_reservation,Putimari-I,Putimari-I/PS-14,14,14,14-SC,14-W,SC,1,data/wb/2023/cooch_behar/extracted/CBR FINAL ORDER  FORM A1 B1/Dinhat 1 from A&B/from_B_Dinhata1_Block.pdf,802a36beb68957a4a47c741943fc1540dddde42a82b20fc826e055db40747372,3,,2,"[434, 728, 1500, 786]","[{""level"": ""5"", ""page_num"": ""1"", ""block_num"": ""10"", ""par_num"": ""1"", ""line_num"": ""21"", ""word_num"": ""3"", ""left"": ""434"", ""top"": ""762"", ""width"": ""190"", ""height"": ""24"", ""conf"": ""58.464951"", ""text"": ""Putimari-I/PS-14""}, {""level"": ""5"", ""page_num"": ""1"", ""block_num"": ""10"", ""par_num"": ""1"", ""line_num"": ""21"", ""word_num"": ""7"", ""left"": ""1291"", ""top"": ""737"", ""width"": ""68"", ""height"": ""23"", ""conf"": ""89.851418"", ""text"": ""14-SC""}, {""level"": ""5"", ""page_num"": ""1"", ""block_num"": ""10"", ""par_num"": ""1"", ""line_num"": ""21"", ""word_num"": ""8"", ""left"": ""1443"", ""top"": ""728"", ""width"": ""57"", ""height"": ""35"", ""conf"": ""92.659012"", ""text"": ""14-W""}]",ocr_not_independently_verified;explicit_ps_identifiers_and_codes,needs_review,rendered_image_pixels,0
302b16aab5bf25da5b88,West Bengal,Cooch Behar,2023,final,block_ward_reservation,Putimari-I,Putimari-I/PS-15,15,15,15-SC,,SC,,data/wb/2023/cooch_behar/extracted/CBR FINAL ORDER  FORM A1 B1/Dinhat 1 from A&B/from_B_Dinhata1_Block.pdf,802a36beb68957a4a47c741943fc1540dddde42a82b20fc826e055db40747372,3,,3,"[437, 832, 1358, 882]","[{""level"": ""5"", ""page_num"": ""1"", ""block_num"": ""12"", ""par_num"": ""1"", ""line_num"": ""2"", ""word_num"": ""1"", ""left"": ""437"", ""top"": ""856"", ""width"": ""188"", ""height"": ""26"", ""conf"": ""0.000000"", ""text"": ""Putimari-I/PS-15""}, {""level"": ""5"", ""page_num"": ""1"", ""block_num"": ""13"", ""par_num"": ""1"", ""line_num"": ""1"", ""word_num"": ""1"", ""left"": ""1289"", ""top"": ""832"", ""width"": ""69"", ""height"": ""23"", ""conf"": ""90.151405"", ""text"": ""15-SC""}]",ocr_not_independently_verified;explicit_ps_identifiers_and_codes;scanned_women_unread_or_blank,needs_review,rendered_image_pixels,0
f42735a74047c6cc1f2b,West Bengal,Cooch Behar,2023,final,block_ward_reservation,Petla,Petla/PS-18,18,18,,,,,data/wb/2023/cooch_behar/extracted/CBR FINAL ORDER  FORM A1 B1/Dinhat 1 from A&B/from_B_Dinhata1_Block.pdf,802a36beb68957a4a47c741943fc1540dddde42a82b20fc826e055db40747372,3,,4,"[465, 1280, 591, 1303]","[{""level"": ""5"", ""page_num"": ""1"", ""block_num"": ""12"", ""par_num"": ""1"", ""line_num"": ""14"", ""word_num"": ""1"", ""left"": ""465"", ""top"": ""1280"", ""width"": ""126"", ""height"": ""23"", ""conf"": ""47.856651"", ""text"": ""Petla/PS-18""}]",ocr_not_independently_verified;explicit_ps_identifiers_and_codes;caste_missing_or_conflicting;scanned_women_unread_or_blank,needs_review,rendered_image_pixels,0
2e0b7cb949a4b0487643,West Bengal,Cooch Behar,2023,final,block_ward_reservation,Okrabari,Okrabari/PS-28,28,28,,,,,data/wb/2023/cooch_behar/extracted/CBR FINAL ORDER  FORM A1 B1/Dinhat 1 from A&B/from_B_Dinhata1_Block.pdf,802a36beb68957a4a47c741943fc1540dddde42a82b20fc826e055db40747372,4,,1,"[449, 1522, 618, 1546]","[{""level"": ""5"", ""page_num"": ""1"", ""block_num"": ""22"", ""par_num"": ""1"", ""line_num"": ""36"", ""word_num"": ""1"", ""left"": ""449"", ""top"": ""1522"", ""width"": ""169"", ""height"": ""24"", ""conf"": ""63.596130"", ""text"": ""Okrabari/PS-28""}]",ocr_not_independently_verified;explicit_ps_identifiers_and_codes;caste_missing_or_conflicting;scanned_women_unread_or_blank,needs_review,rendered_image_pixels,0
a29708cecc3f0902e166,West Bengal,Cooch Behar,2023,final,block_ward_reservation,Okrabari,Okrabari/PS-29,29,29,29-BC,29-W,BC,1,data/wb/2023/cooch_behar/extracted/CBR FINAL ORDER  FORM A1 B1/Dinhat 1 from A&B/from_B_Dinhata1_Block.pdf,802a36beb68957a4a47c741943fc1540dddde42a82b20fc826e055db40747372,4,,2,"[448, 1663, 1487, 1712]","[{""level"": ""5"", ""page_num"": ""1"", ""block_num"": ""22"", ""par_num"": ""1"", ""line_num"": ""40"", ""word_num"": ""3"", ""left"": ""448"", ""top"": ""1687"", ""width"": ""169"", ""height"": ""25"", ""conf"": ""9.372950"", ""text"": ""Okrabari/PS-29""}, {""level"": ""5"", ""page_num"": ""1"", ""block_num"": ""22"", ""par_num"": ""1"", ""line_num"": ""40"", ""word_num"": ""10"", ""left"": ""1274"", ""top"": ""1667"", ""width"": ""72"", ""height"": ""22"", ""conf"": ""91.152901"", ""text"": ""29-BC""}, {""level"": ""5"", ""page_num"": ""1"", ""block_num"": ""22"", ""par_num"": ""1"", ""line_num"": ""40"", ""word_num"": ""11"", ""left"": ""1424"", ""top"": ""1663"", ""width"": ""63"", ""height"": ""22"", ""conf"": ""91.198143"", ""text"": ""29-W""}]",ocr_not_independently_verified;explicit_ps_identifiers_and_codes,needs_review,rendered_image_pixels,0
80edcd84674fbfc5fce2,West Bengal,Cooch Behar,2023,final,block_ward_reservation,Okrabari,Okrabari/PS-30,30,30,30-BC,,BC,,data/wb/2023/cooch_behar/extracted/CBR FINAL ORDER  FORM A1 B1/Dinhat 1 from A&B/from_B_Dinhata1_Block.pdf,802a36beb68957a4a47c741943fc1540dddde42a82b20fc826e055db40747372,4,,3,"[446, 1847, 1345, 1902]","[{""level"": ""5"", ""page_num"": ""1"", ""block_num"": ""22"", ""par_num"": ""1"", ""line_num"": ""45"", ""word_num"": ""1"", ""left"": ""446"", ""top"": ""1866"", ""width"": ""169"", ""height"": ""36"", ""conf"": ""66.484070"", ""text"": ""Okrabari/PS-30""}, {""level"": ""5"", ""page_num"": ""1"", ""block_num"": ""22"", ""par_num"": ""1"", ""line_num"": ""45"", ""word_num"": ""3"", ""left"": ""1272"", ""top"": ""1847"", ""width"": ""73"", ""height"": ""34"", ""conf"": ""91.790993"", ""text"": ""30-BC""}]",ocr_not_independently_verified;explicit_ps_identifiers_and_codes;scanned_women_unread_or_blank,needs_review,rendered_image_pixels,0
0bd4c6e55f88d9098891,West Bengal,Cooch Behar,2023,final,block_ward_reservation,italdaha-IW,italdaha-IW/PS-31,31,31,,,,,data/wb/2023/cooch_behar/extracted/CBR FINAL ORDER  FORM A1 B1/Dinhat 1 from A&B/from_B_Dinhata1_Block.pdf,802a36beb68957a4a47c741943fc1540dddde42a82b20fc826e055db40747372,5,,1,"[399, 687, 589, 712]","[{""level"": ""5"", ""page_num"": ""1"", ""block_num"": ""28"", ""par_num"": ""1"", ""line_num"": ""16"", ""word_num"": ""1"", ""left"": ""399"", ""top"": ""687"", ""width"": ""190"", ""height"": ""25"", ""conf"": ""0.000000"", ""text"": ""italdaha-IW/PS-31""}]",ocr_not_independently_verified;explicit_ps_identifiers_and_codes;caste_missing_or_conflicting;scanned_women_unread_or_blank,needs_review,rendered_image_pixels,0
90629d57b89cc32c7a17,West Bengal,Cooch Behar,2023,final,block_ward_reservation,Gitaldaha-I,Gitaldaha-I/PS-35,35,35,,,,,data/wb/2023/cooch_behar/extracted/CBR FINAL ORDER  FORM A1 B1/Dinhat 1 from A&B/from_B_Dinhata1_Block.pdf,802a36beb68957a4a47c741943fc1540dddde42a82b20fc826e055db40747372,5,,2,"[386, 1115, 591, 1141]","[{""level"": ""5"", ""page_num"": ""1"", ""block_num"": ""28"", ""par_num"": ""1"", ""line_num"": ""27"", ""word_num"": ""3"", ""left"": ""386"", ""top"": ""1115"", ""width"": ""205"", ""height"": ""26"", ""conf"": ""54.829578"", ""text"": ""Gitaldaha-I/PS-35""}]",ocr_not_independently_verified;explicit_ps_identifiers_and_codes;caste_missing_or_conflicting;scanned_women_unread_or_blank,needs_review,rendered_image_pixels,0
0abb8f72457808d176a8,West Bengal,Cooch Behar,2023,final,block_ward_reservation,Gitaldaha-I,Gitaldaha-I/PS-36,36,36,36-BC,,BC,,data/wb/2023/cooch_behar/extracted/CBR FINAL ORDER  FORM A1 B1/Dinhat 1 from A&B/from_B_Dinhata1_Block.pdf,802a36beb68957a4a47c741943fc1540dddde42a82b20fc826e055db40747372,5,,3,"[387, 1186, 1323, 1257]","[{""level"": ""5"", ""page_num"": ""1"", ""block_num"": ""28"", ""par_num"": ""1"", ""line_num"": ""30"", ""word_num"": ""1"", ""left"": ""387"", ""top"": ""1229"", ""width"": ""205"", ""height"": ""28"", ""conf"": ""64.730667"", ""text"": ""Gitaldaha-I/PS-36""}, {""level"": ""5"", ""page_num"": ""1"", ""block_num"": ""28"", ""par_num"": ""1"", ""line_num"": ""30"", ""word_num"": ""4"", ""left"": ""1248"", ""top"": ""1186"", ""width"": ""75"", ""height"": ""43"", ""conf"": ""91.076317"", ""text"": ""36-BC""}]",ocr_not_independently_verified;explicit_ps_identifiers_and_codes;scanned_women_unread_or_blank,needs_review,rendered_image_pixels,0
47454460ba75b788628a,West Bengal,Cooch Behar,2023,final,block_ward_reservation,Bhetaguri-I,Bhetaguri-I/PS-37,37,37,37-SC,37-W,SC,1,data/wb/2023/cooch_behar/extracted/CBR FINAL ORDER  FORM A1 B1/Dinhat 1 from A&B/from_B_Dinhata1_Block.pdf,802a36beb68957a4a47c741943fc1540dddde42a82b20fc826e055db40747372,5,,4,"[389, 1291, 1467, 1375]","[{""level"": ""5"", ""page_num"": ""1"", ""block_num"": ""28"", ""par_num"": ""1"", ""line_num"": ""33"", ""word_num"": ""1"", ""left"": ""389"", ""top"": ""1343"", ""width"": ""203"", ""height"": ""32"", ""conf"": ""81.120522"", ""text"": ""Bhetaguri-I/PS-37""}, {""level"": ""5"", ""page_num"": ""1"", ""block_num"": ""28"", ""par_num"": ""1"", ""line_num"": ""33"", ""word_num"": ""3"", ""left"": ""1250"", ""top"": ""1302"", ""width"": ""71"", ""height"": ""25"", ""conf"": ""92.678665"", ""text"": ""37-SC""}, {""level"": ""5"", ""page_num"": ""1"", ""block_num"": ""28"", ""par_num"": ""1"", ""line_num"": ""33"", ""word_num"": ""4"", ""left"": ""1403"", ""top"": ""1291"", ""width"": ""64"", ""height"": ""25"", ""conf"": ""91.371452"", ""text"": ""37-W""}]",ocr_not_independently_verified;explicit_ps_identifiers_and_codes,needs_review,rendered_image_pixels,0
c458f2f147bc91d2aa6a,West Bengal,Cooch Behar,2023,final,block_ward_reservation,Bhetaguri-l,Bhetaguri-l/PS-38,38,38,,38-W,,1,data/wb/2023/cooch_behar/extracted/CBR FINAL ORDER  FORM A1 B1/Dinhat 1 from A&B/from_B_Dinhata1_Block.pdf,802a36beb68957a4a47c741943fc1540dddde42a82b20fc826e055db40747372,5,,5,"[390, 1400, 1468, 1492]","[{""level"": ""5"", ""page_num"": ""1"", ""block_num"": ""28"", ""par_num"": ""1"", ""line_num"": ""36"", ""word_num"": ""3"", ""left"": ""390"", ""top"": ""1451"", ""width"": ""202"", ""height"": ""41"", ""conf"": ""10.852032"", ""text"": ""Bhetaguri-l/PS-38""}, {""level"": ""5"", ""page_num"": ""1"", ""block_num"": ""28"", ""par_num"": ""1"", ""line_num"": ""36"", ""word_num"": ""5"", ""left"": ""1403"", ""top"": ""1400"", ""width"": ""65"", ""height"": ""41"", ""conf"": ""85.311119"", ""text"": ""38-W""}]",ocr_not_independently_verified;explicit_ps_identifiers_and_codes;caste_missing_or_conflicting,needs_review,rendered_image_pixels,0
e0e39cb7a9ec63c163d5,West Bengal,Cooch Behar,2023,final,block_ward_reservation,Bhetaguri-I,Bhetaguri-I/PS-39,39,39,,,,,data/wb/2023/cooch_behar/extracted/CBR FINAL ORDER  FORM A1 B1/Dinhat 1 from A&B/from_B_Dinhata1_Block.pdf,802a36beb68957a4a47c741943fc1540dddde42a82b20fc826e055db40747372,5,,6,"[390, 1562, 592, 1605]","[{""level"": ""5"", ""page_num"": ""1"", ""block_num"": ""28"", ""par_num"": ""1"", ""line_num"": ""39"", ""word_num"": ""1"", ""left"": ""390"", ""top"": ""1562"", ""width"": ""202"", ""height"": ""43"", ""conf"": ""59.469017"", ""text"": ""Bhetaguri-I/PS-39""}]",ocr_not_independently_verified;explicit_ps_identifiers_and_codes;caste_missing_or_conflicting;scanned_women_unread_or_blank,needs_review,rendered_image_pixels,0
c3c6fa751cae78a215f7,West Bengal,Cooch Behar,2023,final,block_ward_reservation,Putimari-I,Putimari-I/PS-40,40,40,40-SC,,SC,,data/wb/2023/cooch_behar/extracted/CBR FINAL ORDER  FORM A1 B1/Dinhat 1 from A&B/from_B_Dinhata1_Block.pdf,802a36beb68957a4a47c741943fc1540dddde42a82b20fc826e055db40747372,5,,7,"[397, 1650, 1323, 1734]","[{""level"": ""5"", ""page_num"": ""1"", ""block_num"": ""28"", ""par_num"": ""1"", ""line_num"": ""42"", ""word_num"": ""1"", ""left"": ""397"", ""top"": ""1694"", ""width"": ""188"", ""height"": ""40"", ""conf"": ""73.238037"", ""text"": ""Putimari-I/PS-40""}, {""level"": ""5"", ""page_num"": ""1"", ""block_num"": ""28"", ""par_num"": ""1"", ""line_num"": ""42"", ""word_num"": ""4"", ""left"": ""1251"", ""top"": ""1650"", ""width"": ""72"", ""height"": ""35"", ""conf"": ""91.806709"", ""text"": ""40-SC""}]",ocr_not_independently_verified;explicit_ps_identifiers_and_codes;scanned_women_unread_or_blank,needs_review,rendered_image_pixels,0
13aab1c65889a5de01a7,West Bengal,Cooch Behar,2023,final,block_ward_reservation,Putimari-I,Putimari-I/PS-41,41,41,41-SC,41-W,SC,1,data/wb/2023/cooch_behar/extracted/CBR FINAL ORDER  FORM A1 B1/Dinhat 1 from A&B/from_B_Dinhata1_Block.pdf,802a36beb68957a4a47c741943fc1540dddde42a82b20fc826e055db40747372,5,,8,"[398, 1821, 1470, 1904]","[{""level"": ""5"", ""page_num"": ""1"", ""block_num"": ""28"", ""par_num"": ""1"", ""line_num"": ""45"", ""word_num"": ""3"", ""left"": ""398"", ""top"": ""1863"", ""width"": ""181"", ""height"": ""41"", ""conf"": ""71.097443"", ""text"": ""Putimari-I/PS-41""}, {""level"": ""5"", ""page_num"": ""1"", ""block_num"": ""28"", ""par_num"": ""1"", ""line_num"": ""45"", ""word_num"": ""9"", ""left"": ""1251"", ""top"": ""1828"", ""width"": ""72"", ""height"": ""23"", ""conf"": ""91.658646"", ""text"": ""41-SC""}, {""level"": ""5"", ""page_num"": ""1"", ""block_num"": ""28"", ""par_num"": ""1"", ""line_num"": ""45"", ""word_num"": ""10"", ""left"": ""1406"", ""top"": ""1821"", ""width"": ""64"", ""height"": ""23"", ""conf"": ""88.188103"", ""text"": ""41-W""}]",ocr_not_independently_verified;explicit_ps_identifiers_and_codes,needs_review,rendered_image_pixels,0
82ef1758eadaefeae194,West Bengal,Cooch Behar,2023,final,block_ward_reservation,Putimari-I,Putimari-I/PS-42,42,42,,42-W,,1,data/wb/2023/cooch_behar/extracted/CBR FINAL ORDER  FORM A1 B1/Dinhat 1 from A&B/from_B_Dinhata1_Block.pdf,802a36beb68957a4a47c741943fc1540dddde42a82b20fc826e055db40747372,5,,9,"[399, 1992, 1470, 2071]","[{""level"": ""5"", ""page_num"": ""1"", ""block_num"": ""28"", ""par_num"": ""1"", ""line_num"": ""48"", ""word_num"": ""1"", ""left"": ""399"", ""top"": ""2031"", ""width"": ""181"", ""height"": ""40"", ""conf"": ""46.543991"", ""text"": ""Putimari-I/PS-42""}, {""level"": ""5"", ""page_num"": ""1"", ""block_num"": ""28"", ""par_num"": ""1"", ""line_num"": ""48"", ""word_num"": ""5"", ""left"": ""1406"", ""top"": ""1992"", ""width"": ""64"", ""height"": ""24"", ""conf"": ""91.899414"", ""text"": ""42-W""}]",ocr_not_independently_verified;explicit_ps_identifiers_and_codes;caste_missing_or_conflicting,needs_review,rendered_image_pixels,0
ae49ea375f4e15400529,West Bengal,Cooch Behar,2023,final,block_ward_reservation,HALDIBARI,HALDIBARI/PS-4,4,4,,,,,data/wb/2023/cooch_behar/extracted/CBR FINAL ORDER  FORM A1 B1/Haldibari/form B1 @PS Haldibari.pdf,496308ba7106965bdf0f42a9c3e0597cfbee3f190db43288edf3dfd3fea456cb,2,,1,"[440, 1106, 670, 1128]","[{""level"": ""5"", ""page_num"": ""1"", ""block_num"": ""27"", ""par_num"": ""1"", ""line_num"": ""23"", ""word_num"": ""1"", ""left"": ""440"", ""top"": ""1106"", ""width"": ""230"", ""height"": ""22"", ""conf"": ""82.199982"", ""text"": ""HALDIBARI/PS-4""}]",ocr_not_independently_verified;explicit_ps_identifiers_and_codes;caste_missing_or_conflicting;scanned_women_unread_or_blank,needs_review,rendered_image_pixels,0
dcf12b61f7ba9789730b,West Bengal,Cooch Behar,2023,final,block_ward_reservation,HALDIBARI,HALDIBARI/PS-5,5,5,,,,,data/wb/2023/cooch_behar/extracted/CBR FINAL ORDER  FORM A1 B1/Haldibari/form B1 @PS Haldibari.pdf,496308ba7106965bdf0f42a9c3e0597cfbee3f190db43288edf3dfd3fea456cb,2,,2,"[438, 1296, 668, 1332]","[{""level"": ""5"", ""page_num"": ""1"", ""block_num"": ""27"", ""par_num"": ""1"", ""line_num"": ""29"", ""word_num"": ""4"", ""left"": ""438"", ""top"": ""1296"", ""width"": ""230"", ""height"": ""36"", ""conf"": ""15.618238"", ""text"": ""HALDIBARI/PS-5""}]",ocr_not_independently_verified;explicit_ps_identifiers_and_codes;caste_missing_or_conflicting;scanned_women_unread_or_blank,needs_review,rendered_image_pixels,0
ad09685f727fdf0f2bf1,West Bengal,Cooch Behar,2023,final,block_ward_reservation,HALDIBARI,HALDIBARI/PS-6,6,6,6-SC,,SC,,data/wb/2023/cooch_behar/extracted/CBR FINAL ORDER  FORM A1 B1/Haldibari/form B1 @PS Haldibari.pdf,496308ba7106965bdf0f42a9c3e0597cfbee3f190db43288edf3dfd3fea456cb,2,,3,"[431, 1502, 1442, 1577]","[{""level"": ""5"", ""page_num"": ""1"", ""block_num"": ""27"", ""par_num"": ""1"", ""line_num"": ""34"", ""word_num"": ""1"", ""left"": ""431"", ""top"": ""1524"", ""width"": ""235"", ""height"": ""53"", ""conf"": ""71.037834"", ""text"": ""HALDIBARI/PS-6""}, {""level"": ""5"", ""page_num"": ""1"", ""block_num"": ""27"", ""par_num"": ""1"", ""line_num"": ""33"", ""word_num"": ""5"", ""left"": ""1384"", ""top"": ""1502"", ""width"": ""58"", ""height"": ""20"", ""conf"": ""92.269508"", ""text"": ""6-SC""}]",ocr_not_independently_verified;explicit_ps_identifiers_and_codes;scanned_women_unread_or_blank,needs_review,rendered_image_pixels,0
930bf29e309614df38fa,West Bengal,Cooch Behar,2023,final,block_ward_reservation,Kedarhat,Kedarhat/PS-6,6,6,6-SC,6-W,SC,1,data/wb/2023/cooch_behar/extracted/CBR FINAL ORDER  FORM A1 B1/Mtb 1_from A&B/from_B_Mtb_1_Block.pdf,ca85e0bbf0d1df0a2daad8e7d2e6bdc2e969c473f7215747a35ccc83a4c56b73,2,,1,"[451, 853, 1621, 900]","[{""level"": ""5"", ""page_num"": ""1"", ""block_num"": ""19"", ""par_num"": ""1"", ""line_num"": ""21"", ""word_num"": ""2"", ""left"": ""451"", ""top"": ""874"", ""width"": ""172"", ""height"": ""20"", ""conf"": ""90.747444"", ""text"": ""Kedarhat/PS-6""}, {""level"": ""5"", ""page_num"": ""1"", ""block_num"": ""19"", ""par_num"": ""1"", ""line_num"": ""21"", ""word_num"": ""6"", ""left"": ""1385"", ""top"": ""853"", ""width"": ""61"", ""height"": ""47"", ""conf"": ""90.389404"", ""text"": ""6-SC""}, {""level"": ""5"", ""page_num"": ""1"", ""block_num"": ""19"", ""par_num"": ""1"", ""line_num"": ""21"", ""word_num"": ""7"", ""left"": ""1573"", ""top"": ""864"", ""width"": ""48"", ""height"": ""19"", ""conf"": ""75.609940"", ""text"": ""6-W""}]",ocr_not_independently_verified;explicit_ps_identifiers_and_codes,needs_review,rendered_image_pixels,0
94423d5ea37465b5b737,West Bengal,Cooch Behar,2023,final,block_ward_reservation,Nayarhat,Nayarhat/PS-7,7,7,7-SC,,SC,,data/wb/2023/cooch_behar/extracted/CBR FINAL ORDER  FORM A1 B1/Mtb 1_from A&B/from_B_Mtb_1_Block.pdf,ca85e0bbf0d1df0a2daad8e7d2e6bdc2e969c473f7215747a35ccc83a4c56b73,2,,2,"[445, 1035, 1448, 1074]","[{""level"": ""5"", ""page_num"": ""1"", ""block_num"": ""19"", ""par_num"": ""1"", ""line_num"": ""27"", ""word_num"": ""1"", ""left"": ""445"", ""top"": ""1040"", ""width"": ""172"", ""height"": ""34"", ""conf"": ""92.145950"", ""text"": ""Nayarhat/PS-7""}, {""level"": ""5"", ""page_num"": ""1"", ""block_num"": ""19"", ""par_num"": ""1"", ""line_num"": ""27"", ""word_num"": ""6"", ""left"": ""1390"", ""top"": ""1035"", ""width"": ""58"", ""height"": ""20"", ""conf"": ""91.925583"", ""text"": ""7-SC""}]",ocr_not_independently_verified;explicit_ps_identifiers_and_codes;scanned_women_unread_or_blank,needs_review,rendered_image_pixels,0
094a66fec4212d3f70eb,West Bengal,Cooch Behar,2023,final,block_ward_reservation,Nayarhat,Nayarhat/PS-9,9,9,9-SC,,SC,,data/wb/2023/cooch_behar/extracted/CBR FINAL ORDER  FORM A1 B1/Mtb 1_from A&B/from_B_Mtb_1_Block.pdf,ca85e0bbf0d1df0a2daad8e7d2e6bdc2e969c473f7215747a35ccc83a4c56b73,2,,3,"[430, 1419, 1453, 1456]","[{""level"": ""5"", ""page_num"": ""1"", ""block_num"": ""19"", ""par_num"": ""1"", ""line_num"": ""36"", ""word_num"": ""1"", ""left"": ""430"", ""top"": ""1421"", ""width"": ""175"", ""height"": ""35"", ""conf"": ""91.655647"", ""text"": ""Nayarhat/PS-9""}, {""level"": ""5"", ""page_num"": ""1"", ""block_num"": ""19"", ""par_num"": ""1"", ""line_num"": ""36"", ""word_num"": ""7"", ""left"": ""1396"", ""top"": ""1419"", ""width"": ""57"", ""height"": ""20"", ""conf"": ""92.185951"", ""text"": ""9-SC""}]",ocr_not_independently_verified;explicit_ps_identifiers_and_codes;scanned_women_unread_or_blank,needs_review,rendered_image_pixels,0
63770fd3d93afe33348c,West Bengal,Cooch Behar,2023,final,block_ward_reservation,BairagirhaV,BairagirhaV/PS-10,10,10,,,,,data/wb/2023/cooch_behar/extracted/CBR FINAL ORDER  FORM A1 B1/Mtb 1_from A&B/from_B_Mtb_1_Block.pdf,ca85e0bbf0d1df0a2daad8e7d2e6bdc2e969c473f7215747a35ccc83a4c56b73,2,,4,"[419, 1674, 638, 1702]","[{""level"": ""5"", ""page_num"": ""1"", ""block_num"": ""19"", ""par_num"": ""1"", ""line_num"": ""41"", ""word_num"": ""1"", ""left"": ""419"", ""top"": ""1674"", ""width"": ""219"", ""height"": ""28"", ""conf"": ""47.708626"", ""text"": ""BairagirhaV/PS-10""}]",ocr_not_independently_verified;explicit_ps_identifiers_and_codes;caste_missing_or_conflicting;scanned_women_unread_or_blank,needs_review,rendered_image_pixels,0
fe8626e30a58e0050a6a,West Bengal,Cooch Behar,2023,final,block_ward_reservation,Bairagirha,Bairagirha/PS-12,12,12,,,,,data/wb/2023/cooch_behar/extracted/CBR FINAL ORDER  FORM A1 B1/Mtb 1_from A&B/from_B_Mtb_1_Block.pdf,ca85e0bbf0d1df0a2daad8e7d2e6bdc2e969c473f7215747a35ccc83a4c56b73,2,,5,"[420, 2147, 633, 2172]","[{""level"": ""5"", ""page_num"": ""1"", ""block_num"": ""19"", ""par_num"": ""1"", ""line_num"": ""53"", ""word_num"": ""1"", ""left"": ""420"", ""top"": ""2147"", ""width"": ""213"", ""height"": ""25"", ""conf"": ""43.925613"", ""text"": ""Bairagirha/PS-12""}]",ocr_not_independently_verified;explicit_ps_identifiers_and_codes;caste_missing_or_conflicting;scanned_women_unread_or_blank,needs_review,rendered_image_pixels,0
db66aaf7235f55275215,West Bengal,Cooch Behar,2023,final,block_ward_reservation,Kurshamari,Kurshamari/PS-16,16,16,,,,,data/wb/2023/cooch_behar/extracted/CBR FINAL ORDER  FORM A1 B1/Mtb 1_from A&B/from_B_Mtb_1_Block.pdf,ca85e0bbf0d1df0a2daad8e7d2e6bdc2e969c473f7215747a35ccc83a4c56b73,3,,1,"[405, 1191, 623, 1211]","[{""level"": ""5"", ""page_num"": ""1"", ""block_num"": ""1"", ""par_num"": ""1"", ""line_num"": ""33"", ""word_num"": ""1"", ""left"": ""405"", ""top"": ""1191"", ""width"": ""218"", ""height"": ""20"", ""conf"": ""30.738382"", ""text"": ""Kurshamari/PS-16""}]",ocr_not_independently_verified;explicit_ps_identifiers_and_codes;caste_missing_or_conflicting;scanned_women_unread_or_blank,needs_review,rendered_image_pixels,0
f5752030dc7bc906bc09,West Bengal,Cooch Behar,2023,final,block_ward_reservation,Jorepatki,Jorepatki/PS-19,19,19,,,,,data/wb/2023/cooch_behar/extracted/CBR FINAL ORDER  FORM A1 B1/Mtb 1_from A&B/from_B_Mtb_1_Block.pdf,ca85e0bbf0d1df0a2daad8e7d2e6bdc2e969c473f7215747a35ccc83a4c56b73,3,,2,"[385, 1831, 575, 1860]","[{""level"": ""5"", ""page_num"": ""1"", ""block_num"": ""1"", ""par_num"": ""1"", ""line_num"": ""49"", ""word_num"": ""1"", ""left"": ""385"", ""top"": ""1831"", ""width"": ""190"", ""height"": ""29"", ""conf"": ""40.571259"", ""text"": ""Jorepatki/PS-19""}]",ocr_not_independently_verified;explicit_ps_identifiers_and_codes;caste_missing_or_conflicting;scanned_women_unread_or_blank,needs_review,rendered_image_pixels,0
f4f5340b8eaa6d13482c,West Bengal,Cooch Behar,2023,final,block_ward_reservation,Jorepatki,Jorepatki/PS-20,20,20,,,,,data/wb/2023/cooch_behar/extracted/CBR FINAL ORDER  FORM A1 B1/Mtb 1_from A&B/from_B_Mtb_1_Block.pdf,ca85e0bbf0d1df0a2daad8e7d2e6bdc2e969c473f7215747a35ccc83a4c56b73,3,,3,"[386, 2035, 572, 2062]","[{""level"": ""5"", ""page_num"": ""1"", ""block_num"": ""1"", ""par_num"": ""1"", ""line_num"": ""56"", ""word_num"": ""1"", ""left"": ""386"", ""top"": ""2035"", ""width"": ""186"", ""height"": ""27"", ""conf"": ""44.326103"", ""text"": ""Jorepatki/PS-20""}]",ocr_not_independently_verified;explicit_ps_identifiers_and_codes;caste_missing_or_conflicting;scanned_women_unread_or_blank,needs_review,rendered_image_pixels,0
e1d0b0c43a81a3178258,West Bengal,Cooch Behar,2023,final,block_ward_reservation,Hazrahat-I,Hazrahat-I/PS-22,22,22,,,,,data/wb/2023/cooch_behar/extracted/CBR FINAL ORDER  FORM A1 B1/Mtb 1_from A&B/from_B_Mtb_1_Block.pdf,ca85e0bbf0d1df0a2daad8e7d2e6bdc2e969c473f7215747a35ccc83a4c56b73,4,,1,"[430, 516, 634, 557]","[{""level"": ""5"", ""page_num"": ""1"", ""block_num"": ""17"", ""par_num"": ""1"", ""line_num"": ""12"", ""word_num"": ""1"", ""left"": ""430"", ""top"": ""516"", ""width"": ""204"", ""height"": ""41"", ""conf"": ""3.439426"", ""text"": ""Hazrahat-I/PS-22""}]",ocr_not_independently_verified;explicit_ps_identifiers_and_codes;caste_missing_or_conflicting;scanned_women_unread_or_blank,needs_review,rendered_image_pixels,0
91bee955730bc89376d3,West Bengal,Cooch Behar,2023,final,block_ward_reservation,Hazrahat-lV,Hazrahat-lV/PS-23,23,23,,23-W,,1,data/wb/2023/cooch_behar/extracted/CBR FINAL ORDER  FORM A1 B1/Mtb 1_from A&B/from_B_Mtb_1_Block.pdf,ca85e0bbf0d1df0a2daad8e7d2e6bdc2e969c473f7215747a35ccc83a4c56b73,4,,2,"[429, 664, 1611, 729]","[{""level"": ""5"", ""page_num"": ""1"", ""block_num"": ""17"", ""par_num"": ""1"", ""line_num"": ""16"", ""word_num"": ""3"", ""left"": ""429"", ""top"": ""687"", ""width"": ""205"", ""height"": ""42"", ""conf"": ""12.094297"", ""text"": ""Hazrahat-lV/PS-23""}, {""level"": ""5"", ""page_num"": ""1"", ""block_num"": ""17"", ""par_num"": ""1"", ""line_num"": ""16"", ""word_num"": ""8"", ""left"": ""1547"", ""top"": ""664"", ""width"": ""64"", ""height"": ""42"", ""conf"": ""43.546188"", ""text"": ""23-W""}]",ocr_not_independently_verified;explicit_ps_identifiers_and_codes;caste_missing_or_conflicting,needs_review,rendered_image_pixels,0
d96237954023b5df1622,West Bengal,Cooch Behar,2023,final,block_ward_reservation,Hazrahat-,Hazrahat-/PS-24,24,24,24-SC,24-W,SC,1,data/wb/2023/cooch_behar/extracted/CBR FINAL ORDER  FORM A1 B1/Mtb 1_from A&B/from_B_Mtb_1_Block.pdf,ca85e0bbf0d1df0a2daad8e7d2e6bdc2e969c473f7215747a35ccc83a4c56b73,4,,3,"[428, 843, 1615, 896]","[{""level"": ""5"", ""page_num"": ""1"", ""block_num"": ""17"", ""par_num"": ""1"", ""line_num"": ""19"", ""word_num"": ""1"", ""left"": ""428"", ""top"": ""875"", ""width"": ""205"", ""height"": ""21"", ""conf"": ""27.462778"", ""text"": ""Hazrahat-/PS-24""}, {""level"": ""5"", ""page_num"": ""1"", ""block_num"": ""17"", ""par_num"": ""1"", ""line_num"": ""19"", ""word_num"": ""7"", ""left"": ""1367"", ""top"": ""843"", ""width"": ""71"", ""height"": ""51"", ""conf"": ""80.256058"", ""text"": ""24-SC""}, {""level"": ""5"", ""page_num"": ""1"", ""block_num"": ""17"", ""par_num"": ""1"", ""line_num"": ""19"", ""word_num"": ""8"", ""left"": ""1554"", ""top"": ""851"", ""width"": ""61"", ""height"": ""20"", ""conf"": ""76.136795"", ""text"": ""24-W""}]",ocr_not_independently_verified;explicit_ps_identifiers_and_codes,needs_review,rendered_image_pixels,0
0310e53a1f90db2b5541,West Bengal,Cooch Behar,2023,final,block_ward_reservation,Hazrahat-I,Hazrahat-I/PS-25,25,25,,,,,data/wb/2023/cooch_behar/extracted/CBR FINAL ORDER  FORM A1 B1/Mtb 1_from A&B/from_B_Mtb_1_Block.pdf,ca85e0bbf0d1df0a2daad8e7d2e6bdc2e969c473f7215747a35ccc83a4c56b73,4,,4,"[427, 1033, 643, 1054]","[{""level"": ""5"", ""page_num"": ""1"", ""block_num"": ""17"", ""par_num"": ""1"", ""line_num"": ""23"", ""word_num"": ""1"", ""left"": ""427"", ""top"": ""1033"", ""width"": ""216"", ""height"": ""21"", ""conf"": ""21.420641"", ""text"": ""Hazrahat-I/PS-25""}]",ocr_not_independently_verified;explicit_ps_identifiers_and_codes;caste_missing_or_conflicting;scanned_women_unread_or_blank,needs_review,rendered_image_pixels,0
eef116600bebbbdfc998,West Bengal,Cooch Behar,2023,final,block_ward_reservation,Hazrahat-II,Hazrahat-II/PS-26,26,26,,,,,data/wb/2023/cooch_behar/extracted/CBR FINAL ORDER  FORM A1 B1/Mtb 1_from A&B/from_B_Mtb_1_Block.pdf,ca85e0bbf0d1df0a2daad8e7d2e6bdc2e969c473f7215747a35ccc83a4c56b73,4,,5,"[425, 1182, 641, 1204]","[{""level"": ""5"", ""page_num"": ""1"", ""block_num"": ""17"", ""par_num"": ""1"", ""line_num"": ""27"", ""word_num"": ""3"", ""left"": ""425"", ""top"": ""1182"", ""width"": ""216"", ""height"": ""22"", ""conf"": ""52.896954"", ""text"": ""Hazrahat-II/PS-26""}]",ocr_not_independently_verified;explicit_ps_identifiers_and_codes;caste_missing_or_conflicting;scanned_women_unread_or_blank,needs_review,rendered_image_pixels,0
da667fb57bb2ee145e43,West Bengal,Cooch Behar,2023,final,block_ward_reservation,h,‘h/PS-2,2,2,,,,,data/wb/2023/cooch_behar/extracted/CBR FINAL ORDER  FORM A1 B1/Mtb 1_from A&B/from_B_Mtb_1_Block.pdf,ca85e0bbf0d1df0a2daad8e7d2e6bdc2e969c473f7215747a35ccc83a4c56b73,4,,6,"[530, 1525, 606, 1545]","[{""level"": ""5"", ""page_num"": ""1"", ""block_num"": ""17"", ""par_num"": ""1"", ""line_num"": ""35"", ""word_num"": ""2"", ""left"": ""530"", ""top"": ""1525"", ""width"": ""76"", ""height"": ""20"", ""conf"": ""73.117706"", ""text"": ""‘h/PS-2""}]",ocr_not_independently_verified;explicit_ps_identifiers_and_codes;caste_missing_or_conflicting;scanned_women_unread_or_blank,needs_review,rendered_image_pixels,0
9d74d80bb4101699a0c8,West Bengal,Cooch Behar,2023,final,block_ward_reservation,achagarh,achagarh/PS-28,28,28,,,,,data/wb/2023/cooch_behar/extracted/CBR FINAL ORDER  FORM A1 B1/Mtb 1_from A&B/from_B_Mtb_1_Block.pdf,ca85e0bbf0d1df0a2daad8e7d2e6bdc2e969c473f7215747a35ccc83a4c56b73,4,,7,"[434, 1525, 621, 1550]","[{""level"": ""5"", ""page_num"": ""1"", ""block_num"": ""17"", ""par_num"": ""1"", ""line_num"": ""36"", ""word_num"": ""1"", ""left"": ""434"", ""top"": ""1525"", ""width"": ""187"", ""height"": ""25"", ""conf"": ""53.053722"", ""text"": ""achagarh/PS-28""}]",ocr_not_independently_verified;explicit_ps_identifiers_and_codes;caste_missing_or_conflicting;scanned_women_unread_or_blank,needs_review,rendered_image_pixels,0
98b9d82d0b2cc04f2c0f,West Bengal,Cooch Behar,2023,final,block_ward_reservation,Pachagarh,Pachagarh/PS-29,29,29,,,,,data/wb/2023/cooch_behar/extracted/CBR FINAL ORDER  FORM A1 B1/Mtb 1_from A&B/from_B_Mtb_1_Block.pdf,ca85e0bbf0d1df0a2daad8e7d2e6bdc2e969c473f7215747a35ccc83a4c56b73,4,,8,"[414, 1727, 618, 1754]","[{""level"": ""5"", ""page_num"": ""1"", ""block_num"": ""18"", ""par_num"": ""1"", ""line_num"": ""1"", ""word_num"": ""1"", ""left"": ""414"", ""top"": ""1727"", ""width"": ""204"", ""height"": ""27"", ""conf"": ""89.672539"", ""text"": ""Pachagarh/PS-29""}]",ocr_not_independently_verified;explicit_ps_identifiers_and_codes;caste_missing_or_conflicting;scanned_women_unread_or_blank,needs_review,rendered_image_pixels,0
f33247db927b95015822,West Bengal,Cooch Behar,2023,final,block_ward_reservation,Pachagarh,Pachagarh/PS-30,30,30,,,,,data/wb/2023/cooch_behar/extracted/CBR FINAL ORDER  FORM A1 B1/Mtb 1_from A&B/from_B_Mtb_1_Block.pdf,ca85e0bbf0d1df0a2daad8e7d2e6bdc2e969c473f7215747a35ccc83a4c56b73,4,,9,"[417, 1914, 618, 1938]","[{""level"": ""5"", ""page_num"": ""1"", ""block_num"": ""23"", ""par_num"": ""1"", ""line_num"": ""1"", ""word_num"": ""1"", ""left"": ""417"", ""top"": ""1914"", ""width"": ""201"", ""height"": ""24"", ""conf"": ""31.748463"", ""text"": ""Pachagarh/PS-30""}]",ocr_not_independently_verified;explicit_ps_identifiers_and_codes;caste_missing_or_conflicting;scanned_women_unread_or_blank,needs_review,rendered_image_pixels,0
ba2dfb5a9a5732dca2a7,West Bengal,Cooch Behar,2023,final,block_ward_reservation,Latapota,Latapota/Ps-7,7,7,,,,,data/wb/2023/cooch_behar/extracted/CBR FINAL ORDER  FORM A1 B1/Mtb 2 _from A&B/from_B_MTB 2 block.pdf,47b22e117c42c82133e296d35a20f42a59599040566d026d749bd7931e758102,1,,1,"[370, 1105, 440, 1116]","[{""level"": ""5"", ""page_num"": ""1"", ""block_num"": ""54"", ""par_num"": ""1"", ""line_num"": ""16"", ""word_num"": ""1"", ""left"": ""370"", ""top"": ""1105"", ""width"": ""70"", ""height"": ""11"", ""conf"": ""43.664886"", ""text"": ""Latapota/Ps-7""}]",ocr_not_independently_verified;explicit_ps_identifiers_and_codes;caste_missing_or_conflicting;scanned_women_unread_or_blank,needs_review,rendered_image_pixels,0
e83aa983081e9333ada6,West Bengal,Cooch Behar,2023,final,block_ward_reservation,Latapora,Latapora/PS-8,8,8,8-SC,,SC,,data/wb/2023/cooch_behar/extracted/CBR FINAL ORDER  FORM A1 B1/Mtb 2 _from A&B/from_B_MTB 2 block.pdf,47b22e117c42c82133e296d35a20f42a59599040566d026d749bd7931e758102,1,,2,"[370, 1115, 1398, 1147]","[{""level"": ""5"", ""page_num"": ""1"", ""block_num"": ""54"", ""par_num"": ""1"", ""line_num"": ""17"", ""word_num"": ""2"", ""left"": ""370"", ""top"": ""1121"", ""width"": ""70"", ""height"": ""26"", ""conf"": ""6.718330"", ""text"": ""Latapora/PS-8""}, {""level"": ""5"", ""page_num"": ""1"", ""block_num"": ""54"", ""par_num"": ""1"", ""line_num"": ""17"", ""word_num"": ""15"", ""left"": ""1356"", ""top"": ""1115"", ""width"": ""42"", ""height"": ""15"", ""conf"": ""90.131996"", ""text"": ""8-SC""}]",ocr_not_independently_verified;explicit_ps_identifiers_and_codes;scanned_women_unread_or_blank,needs_review,rendered_image_pixels,0
6ae315e21cb3ab6fcf75,West Bengal,Cooch Behar,2023,final,block_ward_reservation,adanga,adanga/PS-11,11,11,,,,,data/wb/2023/cooch_behar/extracted/CBR FINAL ORDER  FORM A1 B1/Mtb 2 _from A&B/from_B_MTB 2 block.pdf,47b22e117c42c82133e296d35a20f42a59599040566d026d749bd7931e758102,1,,3,"[403, 1194, 469, 1220]","[{""level"": ""5"", ""page_num"": ""1"", ""block_num"": ""54"", ""par_num"": ""1"", ""line_num"": ""20"", ""word_num"": ""3"", ""left"": ""403"", ""top"": ""1194"", ""width"": ""66"", ""height"": ""26"", ""conf"": ""64.641640"", ""text"": ""adanga/PS-11""}]",ocr_not_independently_verified;explicit_ps_identifiers_and_codes;caste_missing_or_conflicting;scanned_women_unread_or_blank,needs_review,rendered_image_pixels,0
6f68af215033d8567a8e,West Bengal,Cooch Behar,2023,final,block_ward_reservation,Ruidanga,Ruidanga/PS-14,14,14,,14-W,,1,data/wb/2023/cooch_behar/extracted/CBR FINAL ORDER  FORM A1 B1/Mtb 2 _from A&B/from_B_MTB 2 block.pdf,47b22e117c42c82133e296d35a20f42a59599040566d026d749bd7931e758102,1,,4,"[369, 1261, 1507, 1290]","[{""level"": ""5"", ""page_num"": ""1"", ""block_num"": ""54"", ""par_num"": ""1"", ""line_num"": ""23"", ""word_num"": ""2"", ""left"": ""369"", ""top"": ""1265"", ""width"": ""79"", ""height"": ""25"", ""conf"": ""0.050850"", ""text"": ""Ruidanga/PS-14""}, {""level"": ""5"", ""page_num"": ""1"", ""block_num"": ""54"", ""par_num"": ""1"", ""line_num"": ""23"", ""word_num"": ""18"", ""left"": ""1464"", ""top"": ""1261"", ""width"": ""43"", ""height"": ""14"", ""conf"": ""91.960953"", ""text"": ""14-W""}]",ocr_not_independently_verified;explicit_ps_identifiers_and_codes;caste_missing_or_conflicting,needs_review,rendered_image_pixels,0
6c0b1c01622fbf1637ed,West Bengal,Cooch Behar,2023,final,block_ward_reservation,Ruidange,Ruidange/Ps-15,15,15,,,,,data/wb/2023/cooch_behar/extracted/CBR FINAL ORDER  FORM A1 B1/Mtb 2 _from A&B/from_B_MTB 2 block.pdf,47b22e117c42c82133e296d35a20f42a59599040566d026d749bd7931e758102,1,,5,"[369, 1298, 448, 1308]","[{""level"": ""5"", ""page_num"": ""1"", ""block_num"": ""54"", ""par_num"": ""1"", ""line_num"": ""24"", ""word_num"": ""2"", ""left"": ""369"", ""top"": ""1298"", ""width"": ""79"", ""height"": ""10"", ""conf"": ""26.581774"", ""text"": ""Ruidange/Ps-15""}]",ocr_not_independently_verified;explicit_ps_identifiers_and_codes;caste_missing_or_conflicting;scanned_women_unread_or_blank,needs_review,rendered_image_pixels,0
f5157e057c974ef0c1e4,West Bengal,Cooch Behar,2023,final,block_ward_reservation,Poradub,Poradub/PS-16,16,16,,,,,data/wb/2023/cooch_behar/extracted/CBR FINAL ORDER  FORM A1 B1/Mtb 2 _from A&B/from_B_MTB 2 block.pdf,47b22e117c42c82133e296d35a20f42a59599040566d026d749bd7931e758102,1,,6,"[391, 1321, 469, 1332]","[{""level"": ""5"", ""page_num"": ""1"", ""block_num"": ""54"", ""par_num"": ""1"", ""line_num"": ""25"", ""word_num"": ""2"", ""left"": ""391"", ""top"": ""1321"", ""width"": ""78"", ""height"": ""11"", ""conf"": ""0.000000"", ""text"": ""Poradub/PS-16""}]",ocr_not_independently_verified;explicit_ps_identifiers_and_codes;caste_missing_or_conflicting;scanned_women_unread_or_blank,needs_review,rendered_image_pixels,0
afb37f4d2e4b0ab53012,West Bengal,Cooch Behar,2023,final,block_ward_reservation,Paradubi,Paradubi/PS-17,17,17,,,,,data/wb/2023/cooch_behar/extracted/CBR FINAL ORDER  FORM A1 B1/Mtb 2 _from A&B/from_B_MTB 2 block.pdf,47b22e117c42c82133e296d35a20f42a59599040566d026d749bd7931e758102,1,,7,"[391, 1345, 469, 1356]","[{""level"": ""5"", ""page_num"": ""1"", ""block_num"": ""54"", ""par_num"": ""1"", ""line_num"": ""26"", ""word_num"": ""4"", ""left"": ""391"", ""top"": ""1345"", ""width"": ""78"", ""height"": ""11"", ""conf"": ""20.629444"", ""text"": ""Paradubi/PS-17""}]",ocr_not_independently_verified;explicit_ps_identifiers_and_codes;caste_missing_or_conflicting;scanned_women_unread_or_blank,needs_review,rendered_image_pixels,0
13ef71ec1066b51b8739,West Bengal,Cooch Behar,2023,final,block_ward_reservation,Paradubi,Paradubi/PS-18,18,18,,,,,data/wb/2023/cooch_behar/extracted/CBR FINAL ORDER  FORM A1 B1/Mtb 2 _from A&B/from_B_MTB 2 block.pdf,47b22e117c42c82133e296d35a20f42a59599040566d026d749bd7931e758102,1,,8,"[391, 1370, 469, 1380]","[{""level"": ""5"", ""page_num"": ""1"", ""block_num"": ""54"", ""par_num"": ""1"", ""line_num"": ""27"", ""word_num"": ""3"", ""left"": ""391"", ""top"": ""1370"", ""width"": ""78"", ""height"": ""10"", ""conf"": ""37.896633"", ""text"": ""Paradubi/PS-18""}]",ocr_not_independently_verified;explicit_ps_identifiers_and_codes;caste_missing_or_conflicting;scanned_women_unread_or_blank,needs_review,rendered_image_pixels,0
5b468947761cee1ba6bd,West Bengal,Cooch Behar,2023,final,block_ward_reservation,Unishbisha,Unishbisha/Ps-20,20,20,,,,,data/wb/2023/cooch_behar/extracted/CBR FINAL ORDER  FORM A1 B1/Mtb 2 _from A&B/from_B_MTB 2 block.pdf,47b22e117c42c82133e296d35a20f42a59599040566d026d749bd7931e758102,1,,9,"[369, 1408, 457, 1437]","[{""level"": ""5"", ""page_num"": ""1"", ""block_num"": ""54"", ""par_num"": ""1"", ""line_num"": ""29"", ""word_num"": ""2"", ""left"": ""369"", ""top"": ""1408"", ""width"": ""88"", ""height"": ""29"", ""conf"": ""0.000000"", ""text"": ""Unishbisha/Ps-20""}]",ocr_not_independently_verified;explicit_ps_identifiers_and_codes;caste_missing_or_conflicting;scanned_women_unread_or_blank,needs_review,rendered_image_pixels,0
5f26b1eb958462a269fc,West Bengal,Cooch Behar,2023,final,block_ward_reservation,ADABARI,ADABARI/PS-1,1,1,1-SC,,SC,,data/wb/2023/cooch_behar/extracted/CBR FINAL ORDER  FORM A1 B1/Sitai/Form B1_SITAI.pdf,45ca294543ec487f6b3e687a0b31020b33af29c9f152e3499c461cff775024ea,2,,1,"[409, 835, 1351, 858]","[{""level"": ""5"", ""page_num"": ""1"", ""block_num"": ""22"", ""par_num"": ""1"", ""line_num"": ""1"", ""word_num"": ""1"", ""left"": ""409"", ""top"": ""839"", ""width"": ""175"", ""height"": ""19"", ""conf"": ""56.363735"", ""text"": ""ADABARI/PS-1""}, {""level"": ""5"", ""page_num"": ""1"", ""block_num"": ""26"", ""par_num"": ""1"", ""line_num"": ""1"", ""word_num"": ""1"", ""left"": ""1305"", ""top"": ""835"", ""width"": ""46"", ""height"": ""19"", ""conf"": ""92.040817"", ""text"": ""1-SC""}]",ocr_not_independently_verified;explicit_ps_identifiers_and_codes;scanned_women_unread_or_blank,needs_review,rendered_image_pixels,0
59e3b12a569a48e204d2,West Bengal,Cooch Behar,2023,final,block_ward_reservation,BAROKAIMARI,BAROKAIMARI/PS-6,6,6,,,,,data/wb/2023/cooch_behar/extracted/CBR FINAL ORDER  FORM A1 B1/Sitalkuchi/Form B1-Sitalkuchi.pdf,d8d12aee8712fa87c11912b296c17530d40e4f0f3115ebdeb9860eb13d102fbe,1,,1,"[375, 1377, 534, 1392]","[{""level"": ""5"", ""page_num"": ""1"", ""block_num"": ""28"", ""par_num"": ""1"", ""line_num"": ""1"", ""word_num"": ""1"", ""left"": ""375"", ""top"": ""1377"", ""width"": ""159"", ""height"": ""15"", ""conf"": ""38.744057"", ""text"": ""BAROKAIMARI/PS-6""}]",ocr_not_independently_verified;explicit_ps_identifiers_and_codes;caste_missing_or_conflicting;scanned_women_unread_or_blank,needs_review,rendered_image_pixels,0
dd6ae471cfb278f5f6ef,West Bengal,Cooch Behar,2023,final,block_ward_reservation,BHAWAIRTHANA,BHAWAIRTHANA/PS-8,8,8,,,,,data/wb/2023/cooch_behar/extracted/CBR FINAL ORDER  FORM A1 B1/Sitalkuchi/Form B1-Sitalkuchi.pdf,d8d12aee8712fa87c11912b296c17530d40e4f0f3115ebdeb9860eb13d102fbe,1,,2,"[364, 1550, 544, 1565]","[{""level"": ""5"", ""page_num"": ""1"", ""block_num"": ""37"", ""par_num"": ""1"", ""line_num"": ""1"", ""word_num"": ""1"", ""left"": ""364"", ""top"": ""1550"", ""width"": ""180"", ""height"": ""15"", ""conf"": ""47.477322"", ""text"": ""BHAWAIRTHANA/PS-8""}]",ocr_not_independently_verified;explicit_ps_identifiers_and_codes;caste_missing_or_conflicting;scanned_women_unread_or_blank,needs_review,rendered_image_pixels,0
c031f36e302cb08dd9e3,West Bengal,Cooch Behar,2023,final,block_ward_reservation,NATABARI-I,NATABARI-I/PS-1,1,1,,,,,data/wb/2023/cooch_behar/extracted/CBR FINAL ORDER  FORM A1 B1/Tfg-I/FORM B1_TUFAN-1.pdf,0c7ae4e758cb33b1fe452b436ce37d261013f252aee302cc4d57c0f6c5334fba,1,,1,"[268, 1537, 486, 1558]","[{""level"": ""5"", ""page_num"": ""1"", ""block_num"": ""12"", ""par_num"": ""9"", ""line_num"": ""1"", ""word_num"": ""1"", ""left"": ""268"", ""top"": ""1537"", ""width"": ""218"", ""height"": ""21"", ""conf"": ""86.690224"", ""text"": ""NATABARI-I/PS-1""}]",ocr_not_independently_verified;explicit_ps_identifiers_and_codes;caste_missing_or_conflicting;scanned_women_unread_or_blank,needs_review,rendered_image_pixels,0
859ed5f28fd28185b095,West Bengal,Cooch Behar,2023,final,block_ward_reservation,NATABARI-I,NATABARI-I/PS-2,2,2,,,,,data/wb/2023/cooch_behar/extracted/CBR FINAL ORDER  FORM A1 B1/Tfg-I/FORM B1_TUFAN-1.pdf,0c7ae4e758cb33b1fe452b436ce37d261013f252aee302cc4d57c0f6c5334fba,1,,2,"[263, 1790, 485, 1810]","[{""level"": ""5"", ""page_num"": ""1"", ""block_num"": ""12"", ""par_num"": ""12"", ""line_num"": ""1"", ""word_num"": ""4"", ""left"": ""263"", ""top"": ""1790"", ""width"": ""222"", ""height"": ""20"", ""conf"": ""81.916985"", ""text"": ""NATABARI-I/PS-2""}]",ocr_not_independently_verified;explicit_ps_identifiers_and_codes;caste_missing_or_conflicting;scanned_women_unread_or_blank,needs_review,rendered_image_pixels,0
78e239813f8d8ae40705,West Bengal,Cooch Behar,2023,final,block_ward_reservation,NATABARI-I,NATABARI-I/PS-3,3,3,,,,,data/wb/2023/cooch_behar/extracted/CBR FINAL ORDER  FORM A1 B1/Tfg-I/FORM B1_TUFAN-1.pdf,0c7ae4e758cb33b1fe452b436ce37d261013f252aee302cc4d57c0f6c5334fba,1,,3,"[261, 2045, 483, 2064]","[{""level"": ""5"", ""page_num"": ""1"", ""block_num"": ""12"", ""par_num"": ""13"", ""line_num"": ""4"", ""word_num"": ""1"", ""left"": ""261"", ""top"": ""2045"", ""width"": ""222"", ""height"": ""19"", ""conf"": ""74.949249"", ""text"": ""NATABARI-I/PS-3""}]",ocr_not_independently_verified;explicit_ps_identifiers_and_codes;caste_missing_or_conflicting;scanned_women_unread_or_blank,needs_review,rendered_image_pixels,0
000f56f3a520772c9b97,West Bengal,Cooch Behar,2023,final,block_ward_reservation,NATABARI-II,NATABARI-II/PS-4,4,4,,,,,data/wb/2023/cooch_behar/extracted/CBR FINAL ORDER  FORM A1 B1/Tfg-I/FORM B1_TUFAN-1.pdf,0c7ae4e758cb33b1fe452b436ce37d261013f252aee302cc4d57c0f6c5334fba,2,,1,"[318, 456, 558, 494]","[{""level"": ""5"", ""page_num"": ""1"", ""block_num"": ""22"", ""par_num"": ""1"", ""line_num"": ""11"", ""word_num"": ""1"", ""left"": ""318"", ""top"": ""456"", ""width"": ""240"", ""height"": ""38"", ""conf"": ""18.360701"", ""text"": ""NATABARI-II/PS-4""}]",ocr_not_independently_verified;explicit_ps_identifiers_and_codes;caste_missing_or_conflicting;scanned_women_unread_or_blank,needs_review,rendered_image_pixels,0
355f5e5b88a03ea8a4fd,West Bengal,Cooch Behar,2023,final,block_ward_reservation,NATABARIII,NATABARIII/PS-5,5,5,,,,,data/wb/2023/cooch_behar/extracted/CBR FINAL ORDER  FORM A1 B1/Tfg-I/FORM B1_TUFAN-1.pdf,0c7ae4e758cb33b1fe452b436ce37d261013f252aee302cc4d57c0f6c5334fba,2,,2,"[314, 663, 556, 685]","[{""level"": ""5"", ""page_num"": ""1"", ""block_num"": ""22"", ""par_num"": ""1"", ""line_num"": ""17"", ""word_num"": ""3"", ""left"": ""314"", ""top"": ""663"", ""width"": ""242"", ""height"": ""22"", ""conf"": ""47.933201"", ""text"": ""NATABARIII/PS-5""}]",ocr_not_independently_verified;explicit_ps_identifiers_and_codes;caste_missing_or_conflicting;scanned_women_unread_or_blank,needs_review,rendered_image_pixels,0
29d6dba9fc7baa8a4129,West Bengal,Cooch Behar,2023,final,block_ward_reservation,NATABARI-II,NATABARI-II/PS-6,6,6,6-SC,,SC,,data/wb/2023/cooch_behar/extracted/CBR FINAL ORDER  FORM A1 B1/Tfg-I/FORM B1_TUFAN-1.pdf,0c7ae4e758cb33b1fe452b436ce37d261013f252aee302cc4d57c0f6c5334fba,2,,3,"[310, 853, 1509, 901]","[{""level"": ""5"", ""page_num"": ""1"", ""block_num"": ""22"", ""par_num"": ""1"", ""line_num"": ""22"", ""word_num"": ""1"", ""left"": ""310"", ""top"": ""853"", ""width"": ""245"", ""height"": ""42"", ""conf"": ""85.486389"", ""text"": ""NATABARI-II/PS-6""}, {""level"": ""5"", ""page_num"": ""1"", ""block_num"": ""22"", ""par_num"": ""1"", ""line_num"": ""22"", ""word_num"": ""6"", ""left"": ""1437"", ""top"": ""859"", ""width"": ""72"", ""height"": ""42"", ""conf"": ""89.296486"", ""text"": ""6-SC""}]",ocr_not_independently_verified;explicit_ps_identifiers_and_codes;scanned_women_unread_or_blank,needs_review,rendered_image_pixels,0
b71ad1ccf0f836c45368,West Bengal,Cooch Behar,2023,final,block_ward_reservation,DHALFAL-I,DHALFAL-I/PS-7,7,7,,,,,data/wb/2023/cooch_behar/extracted/CBR FINAL ORDER  FORM A1 B1/Tfg-I/FORM B1_TUFAN-1.pdf,0c7ae4e758cb33b1fe452b436ce37d261013f252aee302cc4d57c0f6c5334fba,2,,4,"[305, 1068, 535, 1088]","[{""level"": ""5"", ""page_num"": ""1"", ""block_num"": ""22"", ""par_num"": ""1"", ""line_num"": ""27"", ""word_num"": ""1"", ""left"": ""305"", ""top"": ""1068"", ""width"": ""230"", ""height"": ""20"", ""conf"": ""4.274940"", ""text"": ""DHALFAL-I/PS-7""}]",ocr_not_independently_verified;explicit_ps_identifiers_and_codes;caste_missing_or_conflicting;scanned_women_unread_or_blank,needs_review,rendered_image_pixels,0
28c559730e8e658aa38b,West Bengal,Cooch Behar,2023,final,block_ward_reservation,DHALPAL-II,DHALPAL-II/PS-8,8,8,8-SC,,SC,,data/wb/2023/cooch_behar/extracted/CBR FINAL ORDER  FORM A1 B1/Tfg-I/FORM B1_TUFAN-1.pdf,0c7ae4e758cb33b1fe452b436ce37d261013f252aee302cc4d57c0f6c5334fba,2,,5,"[300, 1278, 1508, 1327]","[{""level"": ""5"", ""page_num"": ""1"", ""block_num"": ""22"", ""par_num"": ""1"", ""line_num"": ""31"", ""word_num"": ""2"", ""left"": ""300"", ""top"": ""1278"", ""width"": ""229"", ""height"": ""43"", ""conf"": ""54.768860"", ""text"": ""DHALPAL-II/PS-8""}, {""level"": ""5"", ""page_num"": ""1"", ""block_num"": ""22"", ""par_num"": ""1"", ""line_num"": ""31"", ""word_num"": ""7"", ""left"": ""1435"", ""top"": ""1303"", ""width"": ""73"", ""height"": ""24"", ""conf"": ""79.475677"", ""text"": ""8-SC""}]",ocr_not_independently_verified;explicit_ps_identifiers_and_codes;scanned_women_unread_or_blank,needs_review,rendered_image_pixels,0
e663c179a4ced21d0d44,West Bengal,Cooch Behar,2023,final,block_ward_reservation,DHALPAL-II,DHALPAL-II/PS-9,9,9,,,,,data/wb/2023/cooch_behar/extracted/CBR FINAL ORDER  FORM A1 B1/Tfg-I/FORM B1_TUFAN-1.pdf,0c7ae4e758cb33b1fe452b436ce37d261013f252aee302cc4d57c0f6c5334fba,2,,6,"[290, 1538, 524, 1580]","[{""level"": ""5"", ""page_num"": ""1"", ""block_num"": ""22"", ""par_num"": ""1"", ""line_num"": ""39"", ""word_num"": ""1"", ""left"": ""290"", ""top"": ""1538"", ""width"": ""234"", ""height"": ""42"", ""conf"": ""71.683151"", ""text"": ""DHALPAL-II/PS-9""}]",ocr_not_independently_verified;explicit_ps_identifiers_and_codes;caste_missing_or_conflicting;scanned_women_unread_or_blank,needs_review,rendered_image_pixels,0
b1800b59d625ccdb4979,West Bengal,Cooch Behar,2023,final,block_ward_reservation,ANDARANFULBARI-II,ANDARANFULBARI-II/PS-11,11,11,,,,,data/wb/2023/cooch_behar/extracted/CBR FINAL ORDER  FORM A1 B1/Tfg-I/FORM B1_TUFAN-1.pdf,0c7ae4e758cb33b1fe452b436ce37d261013f252aee302cc4d57c0f6c5334fba,2,,7,"[279, 1978, 652, 2004]","[{""level"": ""5"", ""page_num"": ""1"", ""block_num"": ""22"", ""par_num"": ""1"", ""line_num"": ""52"", ""word_num"": ""3"", ""left"": ""279"", ""top"": ""1978"", ""width"": ""373"", ""height"": ""26"", ""conf"": ""85.902565"", ""text"": ""ANDARANFULBARI-II/PS-11""}]",ocr_not_independently_verified;explicit_ps_identifiers_and_codes;caste_missing_or_conflicting;scanned_women_unread_or_blank,needs_review,rendered_image_pixels,0
ecdda0ea5b0e857b393d,West Bengal,Cooch Behar,2023,final,block_ward_reservation,NDARANFULBARI-II,NDARANFULBARI-II/PS-12,12,12,,12-W,,1,data/wb/2023/cooch_behar/extracted/CBR FINAL ORDER  FORM A1 B1/Tfg-I/FORM B1_TUFAN-1.pdf,0c7ae4e758cb33b1fe452b436ce37d261013f252aee302cc4d57c0f6c5334fba,2,,8,"[297, 2154, 1717, 2201]","[{""level"": ""5"", ""page_num"": ""1"", ""block_num"": ""22"", ""par_num"": ""1"", ""line_num"": ""58"", ""word_num"": ""1"", ""left"": ""297"", ""top"": ""2154"", ""width"": ""354"", ""height"": ""32"", ""conf"": ""80.942368"", ""text"": ""NDARANFULBARI-II/PS-12""}, {""level"": ""5"", ""page_num"": ""1"", ""block_num"": ""22"", ""par_num"": ""1"", ""line_num"": ""58"", ""word_num"": ""6"", ""left"": ""1639"", ""top"": ""2180"", ""width"": ""78"", ""height"": ""21"", ""conf"": ""79.738747"", ""text"": ""12-W""}]",ocr_not_independently_verified;explicit_ps_identifiers_and_codes;caste_missing_or_conflicting,needs_review,rendered_image_pixels,0
24f4bc52233f5be29a9d,West Bengal,Cooch Behar,2023,final,block_ward_reservation,CHILAKHANA-II,CHILAKHANA-II/PS-13,13,13,13-SC,,SC,,data/wb/2023/cooch_behar/extracted/CBR FINAL ORDER  FORM A1 B1/Tfg-I/FORM B1_TUFAN-1.pdf,0c7ae4e758cb33b1fe452b436ce37d261013f252aee302cc4d57c0f6c5334fba,3,,1,"[294, 423, 1447, 464]","[{""level"": ""5"", ""page_num"": ""1"", ""block_num"": ""26"", ""par_num"": ""1"", ""line_num"": ""11"", ""word_num"": ""1"", ""left"": ""294"", ""top"": ""423"", ""width"": ""289"", ""height"": ""41"", ""conf"": ""53.272167"", ""text"": ""CHILAKHANA-II/PS-13""}, {""level"": ""5"", ""page_num"": ""1"", ""block_num"": ""26"", ""par_num"": ""1"", ""line_num"": ""11"", ""word_num"": ""6"", ""left"": ""1366"", ""top"": ""440"", ""width"": ""81"", ""height"": ""22"", ""conf"": ""88.825111"", ""text"": ""13-SC""}]",ocr_not_independently_verified;explicit_ps_identifiers_and_codes;scanned_women_unread_or_blank,needs_review,rendered_image_pixels,0
2714bed364e308b45344,West Bengal,Cooch Behar,2023,final,block_ward_reservation,CHILAKHANA-II,CHILAKHANA-II/PS-15,15,15,,,,,data/wb/2023/cooch_behar/extracted/CBR FINAL ORDER  FORM A1 B1/Tfg-I/FORM B1_TUFAN-1.pdf,0c7ae4e758cb33b1fe452b436ce37d261013f252aee302cc4d57c0f6c5334fba,3,,2,"[288, 755, 578, 797]","[{""level"": ""5"", ""page_num"": ""1"", ""block_num"": ""26"", ""par_num"": ""1"", ""line_num"": ""21"", ""word_num"": ""1"", ""left"": ""288"", ""top"": ""755"", ""width"": ""290"", ""height"": ""42"", ""conf"": ""88.008385"", ""text"": ""CHILAKHANA-II/PS-15""}]",ocr_not_independently_verified;explicit_ps_identifiers_and_codes;caste_missing_or_conflicting;scanned_women_unread_or_blank,needs_review,rendered_image_pixels,0
269df3682c03be694d30,West Bengal,Cooch Behar,2023,final,block_ward_reservation,CHILAKHANA-I,CHILAKHANA-I/PS-16,16,16,16-SC,,SC,,data/wb/2023/cooch_behar/extracted/CBR FINAL ORDER  FORM A1 B1/Tfg-I/FORM B1_TUFAN-1.pdf,0c7ae4e758cb33b1fe452b436ce37d261013f252aee302cc4d57c0f6c5334fba,3,,3,"[283, 962, 1444, 1008]","[{""level"": ""5"", ""page_num"": ""1"", ""block_num"": ""26"", ""par_num"": ""1"", ""line_num"": ""28"", ""word_num"": ""1"", ""left"": ""283"", ""top"": ""962"", ""width"": ""280"", ""height"": ""46"", ""conf"": ""88.182663"", ""text"": ""CHILAKHANA-I/PS-16""}, {""level"": ""5"", ""page_num"": ""1"", ""block_num"": ""26"", ""par_num"": ""1"", ""line_num"": ""28"", ""word_num"": ""5"", ""left"": ""1362"", ""top"": ""985"", ""width"": ""82"", ""height"": ""23"", ""conf"": ""87.107826"", ""text"": ""16-SC""}]",ocr_not_independently_verified;explicit_ps_identifiers_and_codes;scanned_women_unread_or_blank,needs_review,rendered_image_pixels,0
4bb87c3f26b20cb5c673,West Bengal,Cooch Behar,2023,final,block_ward_reservation,CHILAKHANA-I,CHILAKHANA-I/PS-17,17,17,17-SC,17-W,SC,1,data/wb/2023/cooch_behar/extracted/CBR FINAL ORDER  FORM A1 B1/Tfg-I/FORM B1_TUFAN-1.pdf,0c7ae4e758cb33b1fe452b436ce37d261013f252aee302cc4d57c0f6c5334fba,3,,4,"[276, 1207, 1652, 1258]","[{""level"": ""5"", ""page_num"": ""1"", ""block_num"": ""26"", ""par_num"": ""1"", ""line_num"": ""36"", ""word_num"": ""3"", ""left"": ""276"", ""top"": ""1207"", ""width"": ""283"", ""height"": ""40"", ""conf"": ""78.383545"", ""text"": ""CHILAKHANA-I/PS-17""}, {""level"": ""5"", ""page_num"": ""1"", ""block_num"": ""26"", ""par_num"": ""1"", ""line_num"": ""36"", ""word_num"": ""7"", ""left"": ""1360"", ""top"": ""1217"", ""width"": ""84"", ""height"": ""41"", ""conf"": ""91.665298"", ""text"": ""17-SC""}, {""level"": ""5"", ""page_num"": ""1"", ""block_num"": ""26"", ""par_num"": ""1"", ""line_num"": ""36"", ""word_num"": ""8"", ""left"": ""1574"", ""top"": ""1229"", ""width"": ""78"", ""height"": ""22"", ""conf"": ""87.273590"", ""text"": ""17-W""}]",ocr_not_independently_verified;explicit_ps_identifiers_and_codes,needs_review,rendered_image_pixels,0
94a0cae06d99e190f535,West Bengal,Cooch Behar,2023,final,block_ward_reservation,CHILAKHANA-I,CHILAKHANA-I/PS-18,18,18,,18-W,,1,data/wb/2023/cooch_behar/extracted/CBR FINAL ORDER  FORM A1 B1/Tfg-I/FORM B1_TUFAN-1.pdf,0c7ae4e758cb33b1fe452b436ce37d261013f252aee302cc4d57c0f6c5334fba,3,,5,"[268, 1443, 1653, 1495]","[{""level"": ""5"", ""page_num"": ""1"", ""block_num"": ""26"", ""par_num"": ""1"", ""line_num"": ""43"", ""word_num"": ""1"", ""left"": ""268"", ""top"": ""1443"", ""width"": ""284"", ""height"": ""41"", ""conf"": ""75.040077"", ""text"": ""CHILAKHANA-I/PS-18""}, {""level"": ""5"", ""page_num"": ""1"", ""block_num"": ""26"", ""par_num"": ""1"", ""line_num"": ""43"", ""word_num"": ""6"", ""left"": ""1576"", ""top"": ""1472"", ""width"": ""77"", ""height"": ""23"", ""conf"": ""16.734333"", ""text"": ""18-W""}]",ocr_not_independently_verified;explicit_ps_identifiers_and_codes;caste_missing_or_conflicting,needs_review,rendered_image_pixels,0
c702ebb90e188d0e1a4d,West Bengal,Cooch Behar,2023,final,block_ward_reservation,MARUGANJ,MARUGANJ/PS-19,19,19,19-SC,,SC,,data/wb/2023/cooch_behar/extracted/CBR FINAL ORDER  FORM A1 B1/Tfg-I/FORM B1_TUFAN-1.pdf,0c7ae4e758cb33b1fe452b436ce37d261013f252aee302cc4d57c0f6c5334fba,3,,6,"[261, 1650, 1445, 1704]","[{""level"": ""5"", ""page_num"": ""1"", ""block_num"": ""26"", ""par_num"": ""1"", ""line_num"": ""49"", ""word_num"": ""1"", ""left"": ""261"", ""top"": ""1650"", ""width"": ""232"", ""height"": ""45"", ""conf"": ""59.544647"", ""text"": ""MARUGANJ/PS-19""}, {""level"": ""5"", ""page_num"": ""1"", ""block_num"": ""26"", ""par_num"": ""1"", ""line_num"": ""49"", ""word_num"": ""6"", ""left"": ""1360"", ""top"": ""1679"", ""width"": ""85"", ""height"": ""25"", ""conf"": ""90.073212"", ""text"": ""19-SC""}]",ocr_not_independently_verified;explicit_ps_identifiers_and_codes;scanned_women_unread_or_blank,needs_review,rendered_image_pixels,0
43ccfce1e65bcc2c6dc4,West Bengal,Cooch Behar,2023,final,block_ward_reservation,MARUGANJ,MARUGANJ/PS-20,20,20,,,,,data/wb/2023/cooch_behar/extracted/CBR FINAL ORDER  FORM A1 B1/Tfg-I/FORM B1_TUFAN-1.pdf,0c7ae4e758cb33b1fe452b436ce37d261013f252aee302cc4d57c0f6c5334fba,3,,7,"[255, 1865, 487, 1907]","[{""level"": ""5"", ""page_num"": ""1"", ""block_num"": ""26"", ""par_num"": ""1"", ""line_num"": ""54"", ""word_num"": ""2"", ""left"": ""255"", ""top"": ""1865"", ""width"": ""232"", ""height"": ""42"", ""conf"": ""86.032051"", ""text"": ""MARUGANJ/PS-20""}]",ocr_not_independently_verified;explicit_ps_identifiers_and_codes;caste_missing_or_conflicting;scanned_women_unread_or_blank,needs_review,rendered_image_pixels,0
9e3e80d4552cf679dcb9,West Bengal,Cooch Behar,2023,final,block_ward_reservation,MARUGANJ,MARUGANJ/PS-21,21,21,,21-W,,1,data/wb/2023/cooch_behar/extracted/CBR FINAL ORDER  FORM A1 B1/Tfg-I/FORM B1_TUFAN-1.pdf,0c7ae4e758cb33b1fe452b436ce37d261013f252aee302cc4d57c0f6c5334fba,3,,8,"[252, 2128, 1636, 2176]","[{""level"": ""5"", ""page_num"": ""1"", ""block_num"": ""26"", ""par_num"": ""1"", ""line_num"": ""62"", ""word_num"": ""1"", ""left"": ""252"", ""top"": ""2128"", ""width"": ""227"", ""height"": ""43"", ""conf"": ""75.658928"", ""text"": ""MARUGANJ/PS-21""}, {""level"": ""5"", ""page_num"": ""1"", ""block_num"": ""26"", ""par_num"": ""1"", ""line_num"": ""62"", ""word_num"": ""6"", ""left"": ""1561"", ""top"": ""2154"", ""width"": ""75"", ""height"": ""22"", ""conf"": ""66.235138"", ""text"": ""21-W""}]",ocr_not_independently_verified;explicit_ps_identifiers_and_codes;caste_missing_or_conflicting,needs_review,rendered_image_pixels,0
ca8e42627efb47d2183f,West Bengal,Cooch Behar,2023,final,block_ward_reservation,BALARAMPUR-I,BALARAMPUR-I/PS-22,22,22,22-SC,22-W,SC,1,data/wb/2023/cooch_behar/extracted/CBR FINAL ORDER  FORM A1 B1/Tfg-I/FORM B1_TUFAN-1.pdf,0c7ae4e758cb33b1fe452b436ce37d261013f252aee302cc4d57c0f6c5334fba,4,,1,"[279, 450, 1662, 504]","[{""level"": ""5"", ""page_num"": ""1"", ""block_num"": ""23"", ""par_num"": ""1"", ""line_num"": ""15"", ""word_num"": ""1"", ""left"": ""279"", ""top"": ""450"", ""width"": ""296"", ""height"": ""44"", ""conf"": ""65.241776"", ""text"": ""BALARAMPUR-I/PS-22""}, {""level"": ""5"", ""page_num"": ""1"", ""block_num"": ""23"", ""par_num"": ""1"", ""line_num"": ""15"", ""word_num"": ""7"", ""left"": ""1378"", ""top"": ""460"", ""width"": ""83"", ""height"": ""44"", ""conf"": ""91.249336"", ""text"": ""22-SC""}, {""level"": ""5"", ""page_num"": ""1"", ""block_num"": ""23"", ""par_num"": ""1"", ""line_num"": ""15"", ""word_num"": ""8"", ""left"": ""1587"", ""top"": ""473"", ""width"": ""75"", ""height"": ""22"", ""conf"": ""74.646683"", ""text"": ""22-W""}]",ocr_not_independently_verified;explicit_ps_identifiers_and_codes,needs_review,rendered_image_pixels,0
0389f5a8ff592c2cc8c4,West Bengal,Cooch Behar,2023,final,block_ward_reservation,LARAMPUR-I,LARAMPUR-I/PS-23,23,23,,,,,data/wb/2023/cooch_behar/extracted/CBR FINAL ORDER  FORM A1 B1/Tfg-I/FORM B1_TUFAN-1.pdf,0c7ae4e758cb33b1fe452b436ce37d261013f252aee302cc4d57c0f6c5334fba,4,,2,"[319, 679, 576, 703]","[{""level"": ""5"", ""page_num"": ""1"", ""block_num"": ""23"", ""par_num"": ""1"", ""line_num"": ""23"", ""word_num"": ""2"", ""left"": ""319"", ""top"": ""679"", ""width"": ""257"", ""height"": ""24"", ""conf"": ""42.880421"", ""text"": ""LARAMPUR-I/PS-23""}]",ocr_not_independently_verified;explicit_ps_identifiers_and_codes;caste_missing_or_conflicting;scanned_women_unread_or_blank,needs_review,rendered_image_pixels,0
4919fd24eff92f31f68c,West Bengal,Cooch Behar,2023,final,block_ward_reservation,BALARAMPUR-I,BALARAMPUR-I/PS-24,24,24,24-SC,,SC,,data/wb/2023/cooch_behar/extracted/CBR FINAL ORDER  FORM A1 B1/Tfg-I/FORM B1_TUFAN-1.pdf,0c7ae4e758cb33b1fe452b436ce37d261013f252aee302cc4d57c0f6c5334fba,4,,3,"[283, 881, 1460, 922]","[{""level"": ""5"", ""page_num"": ""1"", ""block_num"": ""23"", ""par_num"": ""1"", ""line_num"": ""30"", ""word_num"": ""1"", ""left"": ""283"", ""top"": ""881"", ""width"": ""294"", ""height"": ""41"", ""conf"": ""37.761097"", ""text"": ""BALARAMPUR-I/PS-24""}, {""level"": ""5"", ""page_num"": ""1"", ""block_num"": ""23"", ""par_num"": ""1"", ""line_num"": ""30"", ""word_num"": ""6"", ""left"": ""1375"", ""top"": ""897"", ""width"": ""85"", ""height"": ""22"", ""conf"": ""90.184174"", ""text"": ""24-SC""}]",ocr_not_independently_verified;explicit_ps_identifiers_and_codes;scanned_women_unread_or_blank,needs_review,rendered_image_pixels,0
f46c44f454ad4bb45730,West Bengal,Cooch Behar,2023,final,block_ward_reservation,BALARAMPUR-II,BALARAMPUR-II/PS-25,25,25,,25-W,,1,data/wb/2023/cooch_behar/extracted/CBR FINAL ORDER  FORM A1 B1/Tfg-I/FORM B1_TUFAN-1.pdf,0c7ae4e758cb33b1fe452b436ce37d261013f252aee302cc4d57c0f6c5334fba,4,,4,"[284, 1073, 1664, 1116]","[{""level"": ""5"", ""page_num"": ""1"", ""block_num"": ""23"", ""par_num"": ""1"", ""line_num"": ""37"", ""word_num"": ""1"", ""left"": ""284"", ""top"": ""1073"", ""width"": ""304"", ""height"": ""43"", ""conf"": ""88.448349"", ""text"": ""BALARAMPUR-II/PS-25""}, {""level"": ""5"", ""page_num"": ""1"", ""block_num"": ""23"", ""par_num"": ""1"", ""line_num"": ""37"", ""word_num"": ""8"", ""left"": ""1587"", ""top"": ""1093"", ""width"": ""77"", ""height"": ""21"", ""conf"": ""52.129894"", ""text"": ""25-W""}]",ocr_not_independently_verified;explicit_ps_identifiers_and_codes;caste_missing_or_conflicting,needs_review,rendered_image_pixels,0
09adc88bc91567d626a7,West Bengal,Cooch Behar,2023,final,block_ward_reservation,BALARAMPUR-II,BALARAMPUR-II/PS-26,26,26,26-SC,,SC,,data/wb/2023/cooch_behar/extracted/CBR FINAL ORDER  FORM A1 B1/Tfg-I/FORM B1_TUFAN-1.pdf,0c7ae4e758cb33b1fe452b436ce37d261013f252aee302cc4d57c0f6c5334fba,4,,5,"[284, 1244, 1461, 1286]","[{""level"": ""5"", ""page_num"": ""1"", ""block_num"": ""23"", ""par_num"": ""1"", ""line_num"": ""42"", ""word_num"": ""3"", ""left"": ""284"", ""top"": ""1244"", ""width"": ""304"", ""height"": ""35"", ""conf"": ""84.100136"", ""text"": ""BALARAMPUR-II/PS-26""}, {""level"": ""5"", ""page_num"": ""1"", ""block_num"": ""23"", ""par_num"": ""1"", ""line_num"": ""42"", ""word_num"": ""9"", ""left"": ""1376"", ""top"": ""1250"", ""width"": ""85"", ""height"": ""36"", ""conf"": ""86.729462"", ""text"": ""26-SC""}]",ocr_not_independently_verified;explicit_ps_identifiers_and_codes;scanned_women_unread_or_blank,needs_review,rendered_image_pixels,0
409e0cc61d52624cda6d,West Bengal,Cooch Behar,2023,final,block_ward_reservation,BALARAMPUR-IL,BALARAMPUR-IL/PS-27,27,27,27-SC,,SC,,data/wb/2023/cooch_behar/extracted/CBR FINAL ORDER  FORM A1 B1/Tfg-I/FORM B1_TUFAN-1.pdf,0c7ae4e758cb33b1fe452b436ce37d261013f252aee302cc4d57c0f6c5334fba,4,,6,"[284, 1404, 1462, 1447]","[{""level"": ""5"", ""page_num"": ""1"", ""block_num"": ""23"", ""par_num"": ""1"", ""line_num"": ""47"", ""word_num"": ""1"", ""left"": ""284"", ""top"": ""1404"", ""width"": ""304"", ""height"": ""40"", ""conf"": ""56.068527"", ""text"": ""BALARAMPUR-IL/PS-27""}, {""level"": ""5"", ""page_num"": ""1"", ""block_num"": ""23"", ""par_num"": ""1"", ""line_num"": ""47"", ""word_num"": ""6"", ""left"": ""1377"", ""top"": ""1405"", ""width"": ""85"", ""height"": ""42"", ""conf"": ""89.548485"", ""text"": ""27-SC""}]",ocr_not_independently_verified;explicit_ps_identifiers_and_codes;scanned_women_unread_or_blank,needs_review,rendered_image_pixels,0
c5e0f6a9e01008d3128a,West Bengal,Cooch Behar,2023,final,block_ward_reservation,DEOCHARAI,DEOCHARAI/PS-28,28,28,,,,,data/wb/2023/cooch_behar/extracted/CBR FINAL ORDER  FORM A1 B1/Tfg-I/FORM B1_TUFAN-1.pdf,0c7ae4e758cb33b1fe452b436ce37d261013f252aee302cc4d57c0f6c5334fba,4,,7,"[283, 1605, 525, 1645]","[{""level"": ""5"", ""page_num"": ""1"", ""block_num"": ""23"", ""par_num"": ""1"", ""line_num"": ""54"", ""word_num"": ""1"", ""left"": ""283"", ""top"": ""1605"", ""width"": ""242"", ""height"": ""40"", ""conf"": ""87.912247"", ""text"": ""DEOCHARAI/PS-28""}]",ocr_not_independently_verified;explicit_ps_identifiers_and_codes;caste_missing_or_conflicting;scanned_women_unread_or_blank,needs_review,rendered_image_pixels,0
e41773cfc9821b3e03fd,West Bengal,Cooch Behar,2023,final,block_ward_reservation,DEOCHARAI,DEOCHARAI/PS-29,29,29,,,,,data/wb/2023/cooch_behar/extracted/CBR FINAL ORDER  FORM A1 B1/Tfg-I/FORM B1_TUFAN-1.pdf,0c7ae4e758cb33b1fe452b436ce37d261013f252aee302cc4d57c0f6c5334fba,4,,8,"[281, 1842, 525, 1882]","[{""level"": ""5"", ""page_num"": ""1"", ""block_num"": ""23"", ""par_num"": ""1"", ""line_num"": ""59"", ""word_num"": ""3"", ""left"": ""281"", ""top"": ""1842"", ""width"": ""244"", ""height"": ""40"", ""conf"": ""86.485458"", ""text"": ""DEOCHARAI/PS-29""}]",ocr_not_independently_verified;explicit_ps_identifiers_and_codes;caste_missing_or_conflicting;scanned_women_unread_or_blank,needs_review,rendered_image_pixels,0
c0184037cad651d515ca,West Bengal,Cooch Behar,2023,final,block_ward_reservation,DEOCHARAI,DEOCHARAI/PS-30,30,30,30-BC,,BC,,data/wb/2023/cooch_behar/extracted/CBR FINAL ORDER  FORM A1 B1/Tfg-I/FORM B1_TUFAN-1.pdf,0c7ae4e758cb33b1fe452b436ce37d261013f252aee302cc4d57c0f6c5334fba,4,,9,"[283, 2083, 1462, 2131]","[{""level"": ""5"", ""page_num"": ""1"", ""block_num"": ""23"", ""par_num"": ""1"", ""line_num"": ""68"", ""word_num"": ""1"", ""left"": ""283"", ""top"": ""2083"", ""width"": ""242"", ""height"": ""48"", ""conf"": ""63.753426"", ""text"": ""DEOCHARAI/PS-30""}, {""level"": ""5"", ""page_num"": ""1"", ""block_num"": ""23"", ""par_num"": ""1"", ""line_num"": ""68"", ""word_num"": ""7"", ""left"": ""1375"", ""top"": ""2100"", ""width"": ""87"", ""height"": ""24"", ""conf"": ""91.324150"", ""text"": ""30-BC""}]",ocr_not_independently_verified;explicit_ps_identifiers_and_codes;scanned_women_unread_or_blank,needs_review,rendered_image_pixels,0
658a240e85c938233ef7,West Bengal,Cooch Behar,2023,final,block_ward_reservation,DHALPAL-I,DHALPAL-I/PS-31,31,31,31-SC,31-W,SC,1,data/wb/2023/cooch_behar/extracted/CBR FINAL ORDER  FORM A1 B1/Tfg-I/FORM B1_TUFAN-1.pdf,0c7ae4e758cb33b1fe452b436ce37d261013f252aee302cc4d57c0f6c5334fba,5,,1,"[313, 391, 1679, 430]","[{""level"": ""5"", ""page_num"": ""1"", ""block_num"": ""28"", ""par_num"": ""1"", ""line_num"": ""12"", ""word_num"": ""1"", ""left"": ""313"", ""top"": ""391"", ""width"": ""229"", ""height"": ""25"", ""conf"": ""76.825111"", ""text"": ""DHALPAL-I/PS-31""}, {""level"": ""5"", ""page_num"": ""1"", ""block_num"": ""28"", ""par_num"": ""1"", ""line_num"": ""12"", ""word_num"": ""6"", ""left"": ""1400"", ""top"": ""407"", ""width"": ""83"", ""height"": ""22"", ""conf"": ""92.345428"", ""text"": ""31-SC""}, {""level"": ""5"", ""page_num"": ""1"", ""block_num"": ""28"", ""par_num"": ""1"", ""line_num"": ""12"", ""word_num"": ""7"", ""left"": ""1605"", ""top"": ""409"", ""width"": ""74"", ""height"": ""21"", ""conf"": ""91.326607"", ""text"": ""31-W""}]",ocr_not_independently_verified;explicit_ps_identifiers_and_codes,needs_review,rendered_image_pixels,0
aef65c65fcaceff71f9d,West Bengal,Cooch Behar,2023,final,block_ward_reservation,DHALPAL-I,DHALPAL-I/PS-32,32,32,,,,,data/wb/2023/cooch_behar/extracted/CBR FINAL ORDER  FORM A1 B1/Tfg-I/FORM B1_TUFAN-1.pdf,0c7ae4e758cb33b1fe452b436ce37d261013f252aee302cc4d57c0f6c5334fba,5,,2,"[310, 523, 541, 558]","[{""level"": ""5"", ""page_num"": ""1"", ""block_num"": ""28"", ""par_num"": ""1"", ""line_num"": ""17"", ""word_num"": ""3"", ""left"": ""310"", ""top"": ""523"", ""width"": ""231"", ""height"": ""35"", ""conf"": ""88.668343"", ""text"": ""DHALPAL-I/PS-32""}]",ocr_not_independently_verified;explicit_ps_identifiers_and_codes;caste_missing_or_conflicting;scanned_women_unread_or_blank,needs_review,rendered_image_pixels,0
0d97d9c6dd3d46e0a827,West Bengal,Cooch Behar,2023,final,block_ward_reservation,DHALPAL-I,DHALPAL-I/PS-33,33,33,,,,,data/wb/2023/cooch_behar/extracted/CBR FINAL ORDER  FORM A1 B1/Tfg-I/FORM B1_TUFAN-1.pdf,0c7ae4e758cb33b1fe452b436ce37d261013f252aee302cc4d57c0f6c5334fba,5,,3,"[308, 680, 538, 705]","[{""level"": ""5"", ""page_num"": ""1"", ""block_num"": ""28"", ""par_num"": ""1"", ""line_num"": ""21"", ""word_num"": ""1"", ""left"": ""308"", ""top"": ""680"", ""width"": ""230"", ""height"": ""25"", ""conf"": ""88.519836"", ""text"": ""DHALPAL-I/PS-33""}]",ocr_not_independently_verified;explicit_ps_identifiers_and_codes;caste_missing_or_conflicting;scanned_women_unread_or_blank,needs_review,rendered_image_pixels,0
61e2fb3c501d4505e217,West Bengal,Cooch Behar,2023,final,block_ward_reservation,ANDARANFULBARI-I,ANDARANFULBARI-I/PS-34,34,34,,34-W,,1,data/wb/2023/cooch_behar/extracted/CBR FINAL ORDER  FORM A1 B1/Tfg-I/FORM B1_TUFAN-1.pdf,0c7ae4e758cb33b1fe452b436ce37d261013f252aee302cc4d57c0f6c5334fba,5,,4,"[303, 852, 1684, 876]","[{""level"": ""5"", ""page_num"": ""1"", ""block_num"": ""28"", ""par_num"": ""1"", ""line_num"": ""26"", ""word_num"": ""2"", ""left"": ""303"", ""top"": ""852"", ""width"": ""355"", ""height"": ""22"", ""conf"": ""61.138348"", ""text"": ""ANDARANFULBARI-I/PS-34""}, {""level"": ""5"", ""page_num"": ""1"", ""block_num"": ""28"", ""par_num"": ""1"", ""line_num"": ""26"", ""word_num"": ""8"", ""left"": ""1605"", ""top"": ""855"", ""width"": ""79"", ""height"": ""21"", ""conf"": ""74.235939"", ""text"": ""34-W""}]",ocr_not_independently_verified;explicit_ps_identifiers_and_codes;caste_missing_or_conflicting,needs_review,rendered_image_pixels,0
85060127be45520cf176,West Bengal,Cooch Behar,2023,final,block_ward_reservation,NAKKATIGACHH,NAKKATIGACHH/PS-37,37,37,,37-W,,1,data/wb/2023/cooch_behar/extracted/CBR FINAL ORDER  FORM A1 B1/Tfg-I/FORM B1_TUFAN-1.pdf,0c7ae4e758cb33b1fe452b436ce37d261013f252aee302cc4d57c0f6c5334fba,5,,5,"[280, 1452, 1687, 1484]","[{""level"": ""5"", ""page_num"": ""1"", ""block_num"": ""28"", ""par_num"": ""1"", ""line_num"": ""44"", ""word_num"": ""1"", ""left"": ""280"", ""top"": ""1452"", ""width"": ""310"", ""height"": ""32"", ""conf"": ""90.488220"", ""text"": ""NAKKATIGACHH/PS-37""}, {""level"": ""5"", ""page_num"": ""1"", ""block_num"": ""28"", ""par_num"": ""1"", ""line_num"": ""44"", ""word_num"": ""6"", ""left"": ""1608"", ""top"": ""1461"", ""width"": ""79"", ""height"": ""22"", ""conf"": ""67.377747"", ""text"": ""37-W""}]",ocr_not_independently_verified;explicit_ps_identifiers_and_codes;caste_missing_or_conflicting,needs_review,rendered_image_pixels,0
b326641b6e38c657616d,West Bengal,Cooch Behar,2023,final,block_ward_reservation,NAKKATIGACHH,NAKKATIGACHH/PS-39,39,39,,,,,data/wb/2023/cooch_behar/extracted/CBR FINAL ORDER  FORM A1 B1/Tfg-I/FORM B1_TUFAN-1.pdf,0c7ae4e758cb33b1fe452b436ce37d261013f252aee302cc4d57c0f6c5334fba,5,,6,"[259, 2097, 570, 2148]","[{""level"": ""5"", ""page_num"": ""1"", ""block_num"": ""28"", ""par_num"": ""1"", ""line_num"": ""64"", ""word_num"": ""1"", ""left"": ""259"", ""top"": ""2097"", ""width"": ""311"", ""height"": ""51"", ""conf"": ""65.594650"", ""text"": ""NAKKATIGACHH/PS-39""}]",ocr_not_independently_verified;explicit_ps_identifiers_and_codes;caste_missing_or_conflicting;scanned_women_unread_or_blank,needs_review,rendered_image_pixels,0
93fd03d79285817825ae,West Bengal,Cooch Behar,2023,final,block_ward_reservation,BALABHUT,BALABHUT/PS-40,40,40,40-BC,,BC,,data/wb/2023/cooch_behar/extracted/CBR FINAL ORDER  FORM A1 B1/Tfg-I/FORM B1_TUFAN-1.pdf,0c7ae4e758cb33b1fe452b436ce37d261013f252aee302cc4d57c0f6c5334fba,6,,1,"[299, 441, 1472, 480]","[{""level"": ""5"", ""page_num"": ""1"", ""block_num"": ""26"", ""par_num"": ""1"", ""line_num"": ""12"", ""word_num"": ""1"", ""left"": ""299"", ""top"": ""441"", ""width"": ""229"", ""height"": ""37"", ""conf"": ""21.871586"", ""text"": ""BALABHUT/PS-40""}, {""level"": ""5"", ""page_num"": ""1"", ""block_num"": ""26"", ""par_num"": ""1"", ""line_num"": ""12"", ""word_num"": ""7"", ""left"": ""1384"", ""top"": ""458"", ""width"": ""88"", ""height"": ""22"", ""conf"": ""90.709732"", ""text"": ""40-BC""}]",ocr_not_independently_verified;explicit_ps_identifiers_and_codes;scanned_women_unread_or_blank,needs_review,rendered_image_pixels,0
27d5617b643be30f3504,West Bengal,Cooch Behar,2023,final,block_ward_reservation,RAMPUR-I,RAMPUR-I/PS-10,10,10,,,,,data/wb/2023/cooch_behar/extracted/CBR FINAL ORDER  FORM A1 B1/Tufanganj-II/form B1@PsTufanganj ll.pdf,87ce09d6b28eb976a94d38d7ad6f99736d068880cb502436a4f88485a13dfe69,1,,1,"[453, 1554, 614, 1569]","[{""level"": ""5"", ""page_num"": ""1"", ""block_num"": ""38"", ""par_num"": ""1"", ""line_num"": ""41"", ""word_num"": ""1"", ""left"": ""453"", ""top"": ""1554"", ""width"": ""161"", ""height"": ""15"", ""conf"": ""22.097015"", ""text"": ""RAMPUR-I/PS-10""}]",ocr_not_independently_verified;explicit_ps_identifiers_and_codes;caste_missing_or_conflicting;scanned_women_unread_or_blank,needs_review,rendered_image_pixels,0
d9560e1b839279fb4a33,West Bengal,Cooch Behar,2023,final,block_ward_reservation,JAMALDAHA,JAMALDAHA/PS-7,7,7,,,,,data/wb/2023/cooch_behar/extracted/CBR FINAL ORDER  FORM A1 B1/from A & B Mekliganj block/Foom-B1_ Mekliganj block.pdf,26c27bd1f05366df048b14cfbd67ca40229390fdd55c42fa18e1e02df4183ad1,1,,1,"[382, 1550, 551, 1581]","[{""level"": ""5"", ""page_num"": ""1"", ""block_num"": ""35"", ""par_num"": ""1"", ""line_num"": ""31"", ""word_num"": ""1"", ""left"": ""382"", ""top"": ""1550"", ""width"": ""169"", ""height"": ""31"", ""conf"": ""91.045204"", ""text"": ""JAMALDAHA/PS-7""}]",ocr_not_independently_verified;explicit_ps_identifiers_and_codes;caste_missing_or_conflicting;scanned_women_unread_or_blank,needs_review,rendered_image_pixels,0
6199db5fa7787175fb36,West Bengal,Cooch Behar,2023,final,block_ward_reservation,JAMALDAHA,JAMALDAHA/PS-8,8,8,8-SC,,SC,,data/wb/2023/cooch_behar/extracted/CBR FINAL ORDER  FORM A1 B1/from A & B Mekliganj block/Foom-B1_ Mekliganj block.pdf,26c27bd1f05366df048b14cfbd67ca40229390fdd55c42fa18e1e02df4183ad1,1,,2,"[380, 1643, 1431, 1691]","[{""level"": ""5"", ""page_num"": ""1"", ""block_num"": ""35"", ""par_num"": ""1"", ""line_num"": ""34"", ""word_num"": ""3"", ""left"": ""380"", ""top"": ""1660"", ""width"": ""170"", ""height"": ""31"", ""conf"": ""87.563957"", ""text"": ""JAMALDAHA/PS-8""}, {""level"": ""5"", ""page_num"": ""1"", ""block_num"": ""35"", ""par_num"": ""1"", ""line_num"": ""34"", ""word_num"": ""9"", ""left"": ""1386"", ""top"": ""1643"", ""width"": ""45"", ""height"": ""30"", ""conf"": ""92.342545"", ""text"": ""8-SC""}]",ocr_not_independently_verified;explicit_ps_identifiers_and_codes;scanned_women_unread_or_blank,needs_review,rendered_image_pixels,0
387d96f7de188c5cc9e9,West Bengal,Cooch Behar,2023,final,block_ward_reservation,JAMALDAHA,JAMALDAHA/PS-9,9,9,,,,,data/wb/2023/cooch_behar/extracted/CBR FINAL ORDER  FORM A1 B1/from A & B Mekliganj block/Foom-B1_ Mekliganj block.pdf,26c27bd1f05366df048b14cfbd67ca40229390fdd55c42fa18e1e02df4183ad1,1,,3,"[379, 1759, 548, 1803]","[{""level"": ""5"", ""page_num"": ""1"", ""block_num"": ""35"", ""par_num"": ""1"", ""line_num"": ""38"", ""word_num"": ""1"", ""left"": ""379"", ""top"": ""1759"", ""width"": ""169"", ""height"": ""44"", ""conf"": ""89.918266"", ""text"": ""JAMALDAHA/PS-9""}]",ocr_not_independently_verified;explicit_ps_identifiers_and_codes;caste_missing_or_conflicting;scanned_women_unread_or_blank,needs_review,rendered_image_pixels,0
54913a2a60811fde62df,West Bengal,Cooch Behar,2023,final,block_ward_reservation,A,A/PS-10,10,10,,,,,data/wb/2023/cooch_behar/extracted/CBR FINAL ORDER  FORM A1 B1/from A & B Mekliganj block/Foom-B1_ Mekliganj block.pdf,26c27bd1f05366df048b14cfbd67ca40229390fdd55c42fa18e1e02df4183ad1,1,,4,"[423, 1895, 500, 1926]","[{""level"": ""5"", ""page_num"": ""1"", ""block_num"": ""35"", ""par_num"": ""1"", ""line_num"": ""42"", ""word_num"": ""1"", ""left"": ""423"", ""top"": ""1895"", ""width"": ""77"", ""height"": ""31"", ""conf"": ""90.423096"", ""text"": ""A/PS-10""}]",ocr_not_independently_verified;explicit_ps_identifiers_and_codes;caste_missing_or_conflicting;scanned_women_unread_or_blank,needs_review,rendered_image_pixels,0
56ecd729690566833eeb,West Bengal,Cooch Behar,2023,final,block_ward_reservation,A,A/PS-11,11,11,,,,,data/wb/2023/cooch_behar/extracted/CBR FINAL ORDER  FORM A1 B1/from A & B Mekliganj block/Foom-B1_ Mekliganj block.pdf,26c27bd1f05366df048b14cfbd67ca40229390fdd55c42fa18e1e02df4183ad1,1,,5,"[423, 2006, 498, 2035]","[{""level"": ""5"", ""page_num"": ""1"", ""block_num"": ""35"", ""par_num"": ""1"", ""line_num"": ""46"", ""word_num"": ""2"", ""left"": ""423"", ""top"": ""2006"", ""width"": ""75"", ""height"": ""29"", ""conf"": ""91.761276"", ""text"": ""A/PS-11""}]",ocr_not_independently_verified;explicit_ps_identifiers_and_codes;caste_missing_or_conflicting;scanned_women_unread_or_blank,needs_review,rendered_image_pixels,0
ec8afb3dc40f7dc21f1d,West Bengal,Cooch Behar,2023,final,block_ward_reservation,A,A/PS-12,12,12,,,,,data/wb/2023/cooch_behar/extracted/CBR FINAL ORDER  FORM A1 B1/from A & B Mekliganj block/Foom-B1_ Mekliganj block.pdf,26c27bd1f05366df048b14cfbd67ca40229390fdd55c42fa18e1e02df4183ad1,1,,6,"[424, 2114, 501, 2143]","[{""level"": ""5"", ""page_num"": ""1"", ""block_num"": ""35"", ""par_num"": ""1"", ""line_num"": ""50"", ""word_num"": ""1"", ""left"": ""424"", ""top"": ""2114"", ""width"": ""77"", ""height"": ""29"", ""conf"": ""90.813065"", ""text"": ""A/PS-12""}]",ocr_not_independently_verified;explicit_ps_identifiers_and_codes;caste_missing_or_conflicting;scanned_women_unread_or_blank,needs_review,rendered_image_pixels,0
58f4ef517dc57c22b26c,West Bengal,Cooch Behar,2023,final,block_ward_reservation,BHOTBARI,BHOTBARI/PS-13,13,13,13-SC,13-W,SC,1,data/wb/2023/cooch_behar/extracted/CBR FINAL ORDER  FORM A1 B1/from A & B Mekliganj block/Foom-B1_ Mekliganj block.pdf,26c27bd1f05366df048b14cfbd67ca40229390fdd55c42fa18e1e02df4183ad1,2,,1,"[403, 132, 1603, 164]","[{""level"": ""5"", ""page_num"": ""1"", ""block_num"": ""24"", ""par_num"": ""1"", ""line_num"": ""3"", ""word_num"": ""1"", ""left"": ""403"", ""top"": ""141"", ""width"": ""165"", ""height"": ""23"", ""conf"": ""28.413013"", ""text"": ""BHOTBARI/PS-13""}, {""level"": ""5"", ""page_num"": ""1"", ""block_num"": ""24"", ""par_num"": ""1"", ""line_num"": ""3"", ""word_num"": ""4"", ""left"": ""1421"", ""top"": ""132"", ""width"": ""51"", ""height"": ""18"", ""conf"": ""91.884026"", ""text"": ""13-SC""}, {""level"": ""5"", ""page_num"": ""1"", ""block_num"": ""24"", ""par_num"": ""1"", ""line_num"": ""3"", ""word_num"": ""5"", ""left"": ""1553"", ""top"": ""134"", ""width"": ""50"", ""height"": ""17"", ""conf"": ""88.810349"", ""text"": ""13-W""}]",ocr_not_independently_verified;explicit_ps_identifiers_and_codes,needs_review,rendered_image_pixels,0
52acc8e89fdceda1c77c,West Bengal,Cooch Behar,2023,final,block_ward_reservation,BHOTBARI,BHOTBARI/PS-14,14,14,,14-W,,1,data/wb/2023/cooch_behar/extracted/CBR FINAL ORDER  FORM A1 B1/from A & B Mekliganj block/Foom-B1_ Mekliganj block.pdf,26c27bd1f05366df048b14cfbd67ca40229390fdd55c42fa18e1e02df4183ad1,2,,2,"[402, 221, 1601, 252]","[{""level"": ""5"", ""page_num"": ""1"", ""block_num"": ""24"", ""par_num"": ""1"", ""line_num"": ""6"", ""word_num"": ""2"", ""left"": ""402"", ""top"": ""229"", ""width"": ""165"", ""height"": ""23"", ""conf"": ""76.839821"", ""text"": ""BHOTBARI/PS-14""}, {""level"": ""5"", ""page_num"": ""1"", ""block_num"": ""24"", ""par_num"": ""1"", ""line_num"": ""6"", ""word_num"": ""9"", ""left"": ""1552"", ""top"": ""221"", ""width"": ""49"", ""height"": ""16"", ""conf"": ""89.651062"", ""text"": ""14-W""}]",ocr_not_independently_verified;explicit_ps_identifiers_and_codes;caste_missing_or_conflicting,needs_review,rendered_image_pixels,0
66383b39f6bd6a21c6f8,West Bengal,Cooch Behar,2023,final,block_ward_reservation,BHOTBARI,BHOTBARI/PS-15,15,15,,,,,data/wb/2023/cooch_behar/extracted/CBR FINAL ORDER  FORM A1 B1/from A & B Mekliganj block/Foom-B1_ Mekliganj block.pdf,26c27bd1f05366df048b14cfbd67ca40229390fdd55c42fa18e1e02df4183ad1,2,,3,"[400, 317, 566, 338]","[{""level"": ""5"", ""page_num"": ""1"", ""block_num"": ""24"", ""par_num"": ""1"", ""line_num"": ""9"", ""word_num"": ""1"", ""left"": ""400"", ""top"": ""317"", ""width"": ""166"", ""height"": ""21"", ""conf"": ""80.898697"", ""text"": ""BHOTBARI/PS-15""}]",ocr_not_independently_verified;explicit_ps_identifiers_and_codes;caste_missing_or_conflicting;scanned_women_unread_or_blank,needs_review,rendered_image_pixels,0
d291426b24ce7a6de1ab,West Bengal,Cooch Behar,2023,final,block_ward_reservation,NIZTARF,NIZTARF/PS-16,16,16,,,,,data/wb/2023/cooch_behar/extracted/CBR FINAL ORDER  FORM A1 B1/from A & B Mekliganj block/Foom-B1_ Mekliganj block.pdf,26c27bd1f05366df048b14cfbd67ca40229390fdd55c42fa18e1e02df4183ad1,2,,4,"[408, 405, 555, 425]","[{""level"": ""5"", ""page_num"": ""1"", ""block_num"": ""24"", ""par_num"": ""1"", ""line_num"": ""11"", ""word_num"": ""1"", ""left"": ""408"", ""top"": ""405"", ""width"": ""147"", ""height"": ""20"", ""conf"": ""62.225956"", ""text"": ""NIZTARF/PS-16""}]",ocr_not_independently_verified;explicit_ps_identifiers_and_codes;caste_missing_or_conflicting;scanned_women_unread_or_blank,needs_review,rendered_image_pixels,0
890cbd4ea5dd52973821,West Bengal,Malda,2013,unclassified,block_ward_reservation,Madnabati,Madnabati/PS-1 | Madnabati/P.S.-1,1,1,(SC) (SCW),(SCW),SC,1,data/wb/gp_source_search/archived_district_files/malda_Bamongola.pdf,a1311dabd26cf077177a83bed3f32e8665bea1d84413d5c4b460ba6ddbe267df,1,,1,"[390, 615, 1614, 644]","[{""level"": ""5"", ""page_num"": ""1"", ""block_num"": ""21"", ""par_num"": ""1"", ""line_num"": ""1"", ""word_num"": ""1"", ""left"": ""390"", ""top"": ""619"", ""width"": ""232"", ""height"": ""25"", ""conf"": ""91.633469"", ""text"": ""Madnabati/PS-1""}, {""level"": ""5"", ""page_num"": ""1"", ""block_num"": ""33"", ""par_num"": ""1"", ""line_num"": ""1"", ""word_num"": ""1"", ""left"": ""1004"", ""top"": ""617"", ""width"": ""203"", ""height"": ""25"", ""conf"": ""90.074837"", ""text"": ""Madnabati/P.S.-1""}, {""level"": ""5"", ""page_num"": ""1"", ""block_num"": ""34"", ""par_num"": ""1"", ""line_num"": ""1"", ""word_num"": ""1"", ""left"": ""1328"", ""top"": ""615"", ""width"": ""202"", ""height"": ""25"", ""conf"": ""90.094681"", ""text"": ""Madnabati/P.S.-1""}, {""level"": ""5"", ""page_num"": ""1"", ""block_num"": ""33"", ""par_num"": ""1"", ""line_num"": ""1"", ""word_num"": ""2"", ""left"": ""1224"", ""top"": ""617"", ""width"": ""42"", ""height"": ""25"", ""conf"": ""96.606255"", ""text"": ""(SC)""}, {""level"": ""5"", ""page_num"": ""1"", ""block_num"": ""34"", ""par_num"": ""1"", ""line_num"": ""1"", ""word_num"": ""2"", ""left"": ""1546"", ""top"": ""615"", ""width"": ""68"", ""height"": ""25"", ""conf"": ""91.137917"", ""text"": ""(SCW)""}]",ocr_not_independently_verified;explicit_ps_identifiers_and_codes,needs_review,rendered_image_pixels,0
0445b25c1c054d205357,West Bengal,Malda,2013,unclassified,block_ward_reservation,Madnabati,Madnabati/PS-2 | Madnabati/P.S.-2,2,2,,(W),,1,data/wb/gp_source_search/archived_district_files/malda_Bamongola.pdf,a1311dabd26cf077177a83bed3f32e8665bea1d84413d5c4b460ba6ddbe267df,1,,2,"[391, 866, 1601, 896]","[{""level"": ""5"", ""page_num"": ""1"", ""block_num"": ""36"", ""par_num"": ""1"", ""line_num"": ""1"", ""word_num"": ""1"", ""left"": ""391"", ""top"": ""871"", ""width"": ""236"", ""height"": ""25"", ""conf"": ""90.941399"", ""text"": ""Madnabati/PS-2""}, {""level"": ""5"", ""page_num"": ""1"", ""block_num"": ""50"", ""par_num"": ""1"", ""line_num"": ""1"", ""word_num"": ""1"", ""left"": ""1343"", ""top"": ""867"", ""width"": ""202"", ""height"": ""25"", ""conf"": ""83.040070"", ""text"": ""Madnabati/P.S.-2""}, {""level"": ""5"", ""page_num"": ""1"", ""block_num"": ""50"", ""par_num"": ""1"", ""line_num"": ""1"", ""word_num"": ""2"", ""left"": ""1561"", ""top"": ""866"", ""width"": ""40"", ""height"": ""26"", ""conf"": ""90.620918"", ""text"": ""(W)""}]",ocr_not_independently_verified;explicit_ps_identifiers_and_codes;caste_missing_or_conflicting,needs_review,rendered_image_pixels,0
5fe4de7f4506a03604ad,West Bengal,Malda,2013,unclassified,block_ward_reservation,Madnabati,Madnabati/PS-3 | Madnabati/P.S.-3,3,3,,(W),,1,data/wb/gp_source_search/archived_district_files/malda_Bamongola.pdf,a1311dabd26cf077177a83bed3f32e8665bea1d84413d5c4b460ba6ddbe267df,1,,3,"[392, 1119, 1602, 1149]","[{""level"": ""5"", ""page_num"": ""1"", ""block_num"": ""52"", ""par_num"": ""1"", ""line_num"": ""1"", ""word_num"": ""1"", ""left"": ""392"", ""top"": ""1125"", ""width"": ""235"", ""height"": ""24"", ""conf"": ""91.760330"", ""text"": ""Madnabati/PS-3""}, {""level"": ""5"", ""page_num"": ""1"", ""block_num"": ""64"", ""par_num"": ""1"", ""line_num"": ""1"", ""word_num"": ""1"", ""left"": ""1343"", ""top"": ""1119"", ""width"": ""202"", ""height"": ""25"", ""conf"": ""60.337093"", ""text"": ""Madnabati/P.S.-3""}, {""level"": ""5"", ""page_num"": ""1"", ""block_num"": ""64"", ""par_num"": ""1"", ""line_num"": ""1"", ""word_num"": ""2"", ""left"": ""1562"", ""top"": ""1120"", ""width"": ""40"", ""height"": ""24"", ""conf"": ""60.337093"", ""text"": ""(W)""}]",ocr_not_independently_verified;explicit_ps_identifiers_and_codes;caste_missing_or_conflicting,needs_review,rendered_image_pixels,0
92bcbc502567b48fa206,West Bengal,Malda,2013,unclassified,block_ward_reservation,,G.M.Pur/PS-4 | Maheshpur/P.S.-4,4,4,,(W),,,data/wb/gp_source_search/archived_district_files/malda_Bamongola.pdf,a1311dabd26cf077177a83bed3f32e8665bea1d84413d5c4b460ba6ddbe267df,1,,4,"[409, 1339, 1606, 1379]","[{""level"": ""5"", ""page_num"": ""1"", ""block_num"": ""68"", ""par_num"": ""1"", ""line_num"": ""1"", ""word_num"": ""1"", ""left"": ""409"", ""top"": ""1339"", ""width"": ""201"", ""height"": ""23"", ""conf"": ""92.221794"", ""text"": ""G.M.Pur/PS-4""}, {""level"": ""5"", ""page_num"": ""1"", ""block_num"": ""78"", ""par_num"": ""1"", ""line_num"": ""2"", ""word_num"": ""1"", ""left"": ""1341"", ""top"": ""1353"", ""width"": ""209"", ""height"": ""26"", ""conf"": ""86.065727"", ""text"": ""Maheshpur/P.S.-4""}, {""level"": ""5"", ""page_num"": ""1"", ""block_num"": ""78"", ""par_num"": ""1"", ""line_num"": ""2"", ""word_num"": ""2"", ""left"": ""1566"", ""top"": ""1353"", ""width"": ""40"", ""height"": ""25"", ""conf"": ""91.425476"", ""text"": ""(W)""}]",ocr_not_independently_verified;explicit_ps_identifiers_and_codes;conflicting_or_partial_constituency_names;caste_missing_or_conflicting;scanned_women_unread_or_blank,needs_review,rendered_image_pixels,0
f6e16197bf26d4853cc6,West Bengal,Malda,2013,unclassified,block_ward_reservation,G.M.Pur,G.M.Pur/PS-5,5,5,,,,,data/wb/gp_source_search/archived_district_files/malda_Bamongola.pdf,a1311dabd26cf077177a83bed3f32e8665bea1d84413d5c4b460ba6ddbe267df,1,,5,"[410, 1551, 611, 1576]","[{""level"": ""5"", ""page_num"": ""1"", ""block_num"": ""80"", ""par_num"": ""1"", ""line_num"": ""1"", ""word_num"": ""1"", ""left"": ""410"", ""top"": ""1551"", ""width"": ""201"", ""height"": ""25"", ""conf"": ""90.917885"", ""text"": ""G.M.Pur/PS-5""}]",ocr_not_independently_verified;explicit_ps_identifiers_and_codes;caste_missing_or_conflicting;scanned_women_unread_or_blank,needs_review,rendered_image_pixels,0
6385d3efd2ced50ad04f,West Bengal,Malda,2013,unclassified,block_ward_reservation,,G.M.Pur/PS-6 | Maheshpur/P.S.-6,6,6,(ST),,,,data/wb/gp_source_search/archived_district_files/malda_Bamongola.pdf,a1311dabd26cf077177a83bed3f32e8665bea1d84413d5c4b460ba6ddbe267df,1,,6,"[411, 1745, 1269, 1788]","[{""level"": ""5"", ""page_num"": ""1"", ""block_num"": ""94"", ""par_num"": ""1"", ""line_num"": ""1"", ""word_num"": ""1"", ""left"": ""411"", ""top"": ""1745"", ""width"": ""199"", ""height"": ""24"", ""conf"": ""85.240715"", ""text"": ""G.M.Pur/PS-6""}, {""level"": ""5"", ""page_num"": ""1"", ""block_num"": ""104"", ""par_num"": ""1"", ""line_num"": ""2"", ""word_num"": ""1"", ""left"": ""1008"", ""top"": ""1761"", ""width"": ""210"", ""height"": ""27"", ""conf"": ""89.679535"", ""text"": ""Maheshpur/P.S.-6""}, {""level"": ""5"", ""page_num"": ""1"", ""block_num"": ""104"", ""par_num"": ""1"", ""line_num"": ""2"", ""word_num"": ""2"", ""left"": ""1228"", ""top"": ""1762"", ""width"": ""41"", ""height"": ""24"", ""conf"": ""89.400620"", ""text"": ""(ST)""}]",ocr_not_independently_verified;explicit_ps_identifiers_and_codes;conflicting_or_partial_constituency_names;caste_missing_or_conflicting;scanned_women_unread_or_blank,needs_review,rendered_image_pixels,0
990f2d917befdc86ed7a,West Bengal,Malda,2013,unclassified,block_ward_reservation,Bamongola,Bamongola/PS-7 | Bamongola/P.S.-7,7,7,,(W),,1,data/wb/gp_source_search/archived_district_files/malda_Bamongola.pdf,a1311dabd26cf077177a83bed3f32e8665bea1d84413d5c4b460ba6ddbe267df,2,,1,"[385, 418, 1600, 456]","[{""level"": ""5"", ""page_num"": ""1"", ""block_num"": ""11"", ""par_num"": ""1"", ""line_num"": ""1"", ""word_num"": ""1"", ""left"": ""385"", ""top"": ""418"", ""width"": ""250"", ""height"": ""38"", ""conf"": ""91.907074"", ""text"": ""Bamongola/PS-7""}, {""level"": ""5"", ""page_num"": ""1"", ""block_num"": ""11"", ""par_num"": ""1"", ""line_num"": ""1"", ""word_num"": ""2"", ""left"": ""1344"", ""top"": ""426"", ""width"": ""206"", ""height"": ""26"", ""conf"": ""86.509239"", ""text"": ""Bamongola/P.S.-7""}, {""level"": ""5"", ""page_num"": ""1"", ""block_num"": ""11"", ""par_num"": ""1"", ""line_num"": ""1"", ""word_num"": ""3"", ""left"": ""1561"", ""top"": ""427"", ""width"": ""39"", ""height"": ""25"", ""conf"": ""92.808510"", ""text"": ""(W)""}]",ocr_not_independently_verified;explicit_ps_identifiers_and_codes;caste_missing_or_conflicting,needs_review,rendered_image_pixels,0
313729a2b665581fbf5c,West Bengal,Malda,2013,unclassified,block_ward_reservation,Bamongola,Bamongola/PS-9 | Bamongola/P.S.-9,9,9,(SC) (SCW),(SCW),SC,1,data/wb/gp_source_search/archived_district_files/malda_Bamongola.pdf,a1311dabd26cf077177a83bed3f32e8665bea1d84413d5c4b460ba6ddbe267df,2,,2,"[382, 870, 1615, 900]","[{""level"": ""5"", ""page_num"": ""1"", ""block_num"": ""22"", ""par_num"": ""1"", ""line_num"": ""3"", ""word_num"": ""1"", ""left"": ""382"", ""top"": ""870"", ""width"": ""250"", ""height"": ""30"", ""conf"": ""81.078354"", ""text"": ""Bamongola/PS-9""}, {""level"": ""5"", ""page_num"": ""1"", ""block_num"": ""22"", ""par_num"": ""1"", ""line_num"": ""3"", ""word_num"": ""3"", ""left"": ""1001"", ""top"": ""872"", ""width"": ""207"", ""height"": ""26"", ""conf"": ""90.899269"", ""text"": ""Bamongola/P.S.-9""}, {""level"": ""5"", ""page_num"": ""1"", ""block_num"": ""22"", ""par_num"": ""1"", ""line_num"": ""3"", ""word_num"": ""5"", ""left"": ""1324"", ""top"": ""873"", ""width"": ""206"", ""height"": ""26"", ""conf"": ""81.277199"", ""text"": ""Bamongola/P.S.-9""}, {""level"": ""5"", ""page_num"": ""1"", ""block_num"": ""22"", ""par_num"": ""1"", ""line_num"": ""3"", ""word_num"": ""4"", ""left"": ""1225"", ""top"": ""873"", ""width"": ""42"", ""height"": ""25"", ""conf"": ""96.538078"", ""text"": ""(SC)""}, {""level"": ""5"", ""page_num"": ""1"", ""block_num"": ""22"", ""par_num"": ""1"", ""line_num"": ""3"", ""word_num"": ""6"", ""left"": ""1547"", ""top"": ""874"", ""width"": ""68"", ""height"": ""25"", ""conf"": ""90.894508"", ""text"": ""(SCW)""}]",ocr_not_independently_verified;explicit_ps_identifiers_and_codes,needs_review,rendered_image_pixels,0
3a8f286b20e2335351d9,West Bengal,Malda,2013,unclassified,block_ward_reservation,Chandpur,Chandpur/PS-10 | Chandpur/P.S.-10,10,10,(ST),,ST,,data/wb/gp_source_search/archived_district_files/malda_Bamongola.pdf,a1311dabd26cf077177a83bed3f32e8665bea1d84413d5c4b460ba6ddbe267df,2,,3,"[383, 1064, 1264, 1094]","[{""level"": ""5"", ""page_num"": ""1"", ""block_num"": ""29"", ""par_num"": ""1"", ""line_num"": ""3"", ""word_num"": ""1"", ""left"": ""383"", ""top"": ""1064"", ""width"": ""246"", ""height"": ""30"", ""conf"": ""91.194923"", ""text"": ""Chandpur/PS-10""}, {""level"": ""5"", ""page_num"": ""1"", ""block_num"": ""29"", ""par_num"": ""1"", ""line_num"": ""3"", ""word_num"": ""4"", ""left"": ""1001"", ""top"": ""1066"", ""width"": ""206"", ""height"": ""26"", ""conf"": ""88.719452"", ""text"": ""Chandpur/P.S.-10""}, {""level"": ""5"", ""page_num"": ""1"", ""block_num"": ""29"", ""par_num"": ""1"", ""line_num"": ""3"", ""word_num"": ""5"", ""left"": ""1224"", ""top"": ""1067"", ""width"": ""40"", ""height"": ""25"", ""conf"": ""96.956367"", ""text"": ""(ST)""}]",ocr_not_independently_verified;explicit_ps_identifiers_and_codes;scanned_women_unread_or_blank,needs_review,rendered_image_pixels,0
df25bde1dbfb1cfd32a3,West Bengal,Malda,2013,unclassified,block_ward_reservation,Chandpur,Chandpur/PS-11 | Chandpur/P.S.-11,11,11,(SCW),(SCW),SC,1,data/wb/gp_source_search/archived_district_files/malda_Bamongola.pdf,a1311dabd26cf077177a83bed3f32e8665bea1d84413d5c4b460ba6ddbe267df,2,,4,"[381, 1235, 1612, 1273]","[{""level"": ""5"", ""page_num"": ""1"", ""block_num"": ""38"", ""par_num"": ""1"", ""line_num"": ""1"", ""word_num"": ""1"", ""left"": ""381"", ""top"": ""1235"", ""width"": ""243"", ""height"": ""38"", ""conf"": ""92.043297"", ""text"": ""Chandpur/PS-11""}, {""level"": ""5"", ""page_num"": ""1"", ""block_num"": ""38"", ""par_num"": ""1"", ""line_num"": ""1"", ""word_num"": ""2"", ""left"": ""999"", ""top"": ""1241"", ""width"": ""206"", ""height"": ""26"", ""conf"": ""89.567368"", ""text"": ""Chandpur/P.S.-11""}, {""level"": ""5"", ""page_num"": ""1"", ""block_num"": ""38"", ""par_num"": ""1"", ""line_num"": ""1"", ""word_num"": ""5"", ""left"": ""1322"", ""top"": ""1242"", ""width"": ""205"", ""height"": ""26"", ""conf"": ""74.831146"", ""text"": ""Chandpur/P.S.-11""}, {""level"": ""5"", ""page_num"": ""1"", ""block_num"": ""38"", ""par_num"": ""1"", ""line_num"": ""1"", ""word_num"": ""6"", ""left"": ""1543"", ""top"": ""1243"", ""width"": ""69"", ""height"": ""25"", ""conf"": ""90.516068"", ""text"": ""(SCW)""}]",ocr_not_independently_verified;explicit_ps_identifiers_and_codes,needs_review,rendered_image_pixels,0
a8db944e0d097c41102c,West Bengal,Malda,2013,unclassified,block_ward_reservation,Chandpur,Chandpur/PS-12 | Chandpur/P.S.-12,12,12,(SC),,SC,,data/wb/gp_source_search/archived_district_files/malda_Bamongola.pdf,a1311dabd26cf077177a83bed3f32e8665bea1d84413d5c4b460ba6ddbe267df,2,,5,"[381, 1375, 1263, 1404]","[{""level"": ""5"", ""page_num"": ""1"", ""block_num"": ""41"", ""par_num"": ""1"", ""line_num"": ""2"", ""word_num"": ""1"", ""left"": ""381"", ""top"": ""1375"", ""width"": ""246"", ""height"": ""29"", ""conf"": ""77.314011"", ""text"": ""Chandpur/PS-12""}, {""level"": ""5"", ""page_num"": ""1"", ""block_num"": ""41"", ""par_num"": ""1"", ""line_num"": ""2"", ""word_num"": ""3"", ""left"": ""998"", ""top"": ""1376"", ""width"": ""206"", ""height"": ""26"", ""conf"": ""86.978447"", ""text"": ""Chandpur/P.S.-12""}, {""level"": ""5"", ""page_num"": ""1"", ""block_num"": ""41"", ""par_num"": ""1"", ""line_num"": ""2"", ""word_num"": ""4"", ""left"": ""1221"", ""top"": ""1377"", ""width"": ""42"", ""height"": ""25"", ""conf"": ""96.586861"", ""text"": ""(SC)""}]",ocr_not_independently_verified;explicit_ps_identifiers_and_codes;scanned_women_unread_or_blank,needs_review,rendered_image_pixels,0
887d2f0350c4574a2fda,West Bengal,Malda,2013,unclassified,block_ward_reservation,Pakuahat,Pakuahat/PS-13 | Pakuahat/P.S.-13,13,13,,(W),,1,data/wb/gp_source_search/archived_district_files/malda_Bamongola.pdf,a1311dabd26cf077177a83bed3f32e8665bea1d84413d5c4b460ba6ddbe267df,2,,6,"[385, 1570, 1598, 1597]","[{""level"": ""5"", ""page_num"": ""1"", ""block_num"": ""48"", ""par_num"": ""2"", ""line_num"": ""3"", ""word_num"": ""1"", ""left"": ""385"", ""top"": ""1570"", ""width"": ""237"", ""height"": ""24"", ""conf"": ""92.602753"", ""text"": ""Pakuahat/PS-13""}, {""level"": ""5"", ""page_num"": ""1"", ""block_num"": ""48"", ""par_num"": ""2"", ""line_num"": ""3"", ""word_num"": ""3"", ""left"": ""1335"", ""top"": ""1572"", ""width"": ""204"", ""height"": ""20"", ""conf"": ""88.310089"", ""text"": ""Pakuahat/P.S.-13""}, {""level"": ""5"", ""page_num"": ""1"", ""block_num"": ""48"", ""par_num"": ""2"", ""line_num"": ""3"", ""word_num"": ""4"", ""left"": ""1557"", ""top"": ""1573"", ""width"": ""41"", ""height"": ""24"", ""conf"": ""88.310089"", ""text"": ""(W)""}]",ocr_not_independently_verified;explicit_ps_identifiers_and_codes;caste_missing_or_conflicting,needs_review,rendered_image_pixels,0
d239ef9bb5f6402c5108,West Bengal,Malda,2013,unclassified,block_ward_reservation,Pakuahat,Pakuahat/PS-14,14,14,,,,,data/wb/gp_source_search/archived_district_files/malda_Bamongola.pdf,a1311dabd26cf077177a83bed3f32e8665bea1d84413d5c4b460ba6ddbe267df,2,,7,"[384, 1875, 621, 1914]","[{""level"": ""5"", ""page_num"": ""1"", ""block_num"": ""56"", ""par_num"": ""3"", ""line_num"": ""1"", ""word_num"": ""1"", ""left"": ""384"", ""top"": ""1875"", ""width"": ""237"", ""height"": ""39"", ""conf"": ""91.610329"", ""text"": ""Pakuahat/PS-14""}]",ocr_not_independently_verified;explicit_ps_identifiers_and_codes;caste_missing_or_conflicting;scanned_women_unread_or_blank,needs_review,rendered_image_pixels,0
452ac00cc0a33e892edf,West Bengal,Malda,2013,unclassified,block_ward_reservation,Pakuahat,Pakuahat/P.S.-15 | Pakuahat/PS-15,15,15,(SC) (SCW),(SCW),SC,1,data/wb/gp_source_search/archived_district_files/malda_Bamongola.pdf,a1311dabd26cf077177a83bed3f32e8665bea1d84413d5c4b460ba6ddbe267df,2,,8,"[382, 2206, 1613, 2232]","[{""level"": ""5"", ""page_num"": ""1"", ""block_num"": ""70"", ""par_num"": ""1"", ""line_num"": ""1"", ""word_num"": ""1"", ""left"": ""990"", ""top"": ""2208"", ""width"": ""206"", ""height"": ""20"", ""conf"": ""92.970146"", ""text"": ""Pakuahat/P.S.-15""}, {""level"": ""5"", ""page_num"": ""1"", ""block_num"": ""70"", ""par_num"": ""1"", ""line_num"": ""1"", ""word_num"": ""4"", ""left"": ""1314"", ""top"": ""2207"", ""width"": ""203"", ""height"": ""20"", ""conf"": ""63.222458"", ""text"": ""Pakuahat/P.S.-15""}, {""level"": ""5"", ""page_num"": ""1"", ""block_num"": ""72"", ""par_num"": ""1"", ""line_num"": ""1"", ""word_num"": ""1"", ""left"": ""382"", ""top"": ""2206"", ""width"": ""237"", ""height"": ""24"", ""conf"": ""90.761200"", ""text"": ""Pakuahat/PS-15""}, {""level"": ""5"", ""page_num"": ""1"", ""block_num"": ""70"", ""par_num"": ""1"", ""line_num"": ""1"", ""word_num"": ""2"", ""left"": ""1214"", ""top"": ""2208"", ""width"": ""51"", ""height"": ""24"", ""conf"": ""96.795906"", ""text"": ""(SC)""}, {""level"": ""5"", ""page_num"": ""1"", ""block_num"": ""70"", ""par_num"": ""1"", ""line_num"": ""1"", ""word_num"": ""5"", ""left"": ""1536"", ""top"": ""2207"", ""width"": ""77"", ""height"": ""25"", ""conf"": ""91.895172"", ""text"": ""(SCW)""}]",ocr_not_independently_verified;explicit_ps_identifiers_and_codes,needs_review,rendered_image_pixels,0
25056729b7ee0eb3704a,West Bengal,Malda,2013,unclassified,block_ward_reservation,Jagdala,Jagdala/PS-16 | Jagdala/P.S.-16,16,16,(ST),,ST,,data/wb/gp_source_search/archived_district_files/malda_Bamongola.pdf,a1311dabd26cf077177a83bed3f32e8665bea1d84413d5c4b460ba6ddbe267df,3,,1,"[400, 397, 1262, 431]","[{""level"": ""5"", ""page_num"": ""1"", ""block_num"": ""12"", ""par_num"": ""1"", ""line_num"": ""1"", ""word_num"": ""1"", ""left"": ""400"", ""top"": ""401"", ""width"": ""215"", ""height"": ""30"", ""conf"": ""92.050972"", ""text"": ""Jagdala/PS-16""}, {""level"": ""5"", ""page_num"": ""1"", ""block_num"": ""22"", ""par_num"": ""1"", ""line_num"": ""1"", ""word_num"": ""1"", ""left"": ""1008"", ""top"": ""398"", ""width"": ""187"", ""height"": ""26"", ""conf"": ""91.479561"", ""text"": ""Jagdala/P.S.-16""}, {""level"": ""5"", ""page_num"": ""1"", ""block_num"": ""22"", ""par_num"": ""1"", ""line_num"": ""1"", ""word_num"": ""2"", ""left"": ""1213"", ""top"": ""397"", ""width"": ""49"", ""height"": ""25"", ""conf"": ""96.967178"", ""text"": ""(ST)""}]",ocr_not_independently_verified;explicit_ps_identifiers_and_codes;scanned_women_unread_or_blank,needs_review,rendered_image_pixels,0
a1b0891d1d5ee45a806c,West Bengal,Malda,2013,unclassified,block_ward_reservation,Jagdala,Jagdala/PS-17,17,17,,,,,data/wb/gp_source_search/archived_district_files/malda_Bamongola.pdf,a1311dabd26cf077177a83bed3f32e8665bea1d84413d5c4b460ba6ddbe267df,3,,2,"[400, 595, 615, 625]","[{""level"": ""5"", ""page_num"": ""1"", ""block_num"": ""24"", ""par_num"": ""1"", ""line_num"": ""1"", ""word_num"": ""1"", ""left"": ""400"", ""top"": ""595"", ""width"": ""215"", ""height"": ""30"", ""conf"": ""91.907745"", ""text"": ""Jagdala/PS-17""}]",ocr_not_independently_verified;explicit_ps_identifiers_and_codes;caste_missing_or_conflicting;scanned_women_unread_or_blank,needs_review,rendered_image_pixels,0
2de507ac91d6b38066f1,West Bengal,Malda,2013,unclassified,block_ward_reservation,Jagdala,Jagdala/PS-18 | Jagdala/P.S.-18,18,18,(SC),,SC,,data/wb/gp_source_search/archived_district_files/malda_Bamongola.pdf,a1311dabd26cf077177a83bed3f32e8665bea1d84413d5c4b460ba6ddbe267df,3,,3,"[401, 786, 1264, 820]","[{""level"": ""5"", ""page_num"": ""1"", ""block_num"": ""36"", ""par_num"": ""1"", ""line_num"": ""1"", ""word_num"": ""1"", ""left"": ""401"", ""top"": ""789"", ""width"": ""215"", ""height"": ""31"", ""conf"": ""91.033379"", ""text"": ""Jagdala/PS-18""}, {""level"": ""5"", ""page_num"": ""1"", ""block_num"": ""48"", ""par_num"": ""1"", ""line_num"": ""1"", ""word_num"": ""1"", ""left"": ""1008"", ""top"": ""787"", ""width"": ""187"", ""height"": ""26"", ""conf"": ""78.175652"", ""text"": ""Jagdala/P.S.-18""}, {""level"": ""5"", ""page_num"": ""1"", ""block_num"": ""48"", ""par_num"": ""1"", ""line_num"": ""1"", ""word_num"": ""2"", ""left"": ""1213"", ""top"": ""786"", ""width"": ""51"", ""height"": ""25"", ""conf"": ""96.571808"", ""text"": ""(SC)""}]",ocr_not_independently_verified;explicit_ps_identifiers_and_codes;scanned_women_unread_or_blank,needs_review,rendered_image_pixels,0
5148aeae26aac587123c,West Bengal,Malda,2013,unclassified,block_ward_reservation,Mahanandapur,1.Mahanandapur/PS-1 | Mahanandapur/PS-1,1,1,(BC) (BCW),(BCW),BC,1,data/wb/gp_source_search/archived_district_files/malda_Chanchal-I.pdf,6f8d3ba72cbd20e3f8c8121d16f46d5d9613235d37b6c69c179ecbbff7c9db44,1,,1,"[1183, 485, 1224, 2218]","[{""level"": ""5"", ""page_num"": ""1"", ""block_num"": ""19"", ""par_num"": ""1"", ""line_num"": ""1"", ""word_num"": ""1"", ""left"": ""1183"", ""top"": ""485"", ""width"": ""32"", ""height"": ""272"", ""conf"": ""82.977203"", ""text"": ""1.Mahanandapur/PS-1""}, {""level"": ""5"", ""page_num"": ""1"", ""block_num"": ""29"", ""par_num"": ""1"", ""line_num"": ""1"", ""word_num"": ""1"", ""left"": ""1197"", ""top"": ""1418"", ""width"": ""25"", ""height"": ""233"", ""conf"": ""91.591713"", ""text"": ""Mahanandapur/PS-1""}, {""level"": ""5"", ""page_num"": ""1"", ""block_num"": ""30"", ""par_num"": ""1"", ""line_num"": ""1"", ""word_num"": ""1"", ""left"": ""1199"", ""top"": ""1900"", ""width"": ""25"", ""height"": ""229"", ""conf"": ""85.961533"", ""text"": ""Mahanandapur/PS-1""}, {""level"": ""5"", ""page_num"": ""1"", ""block_num"": ""29"", ""par_num"": ""1"", ""line_num"": ""1"", ""word_num"": ""2"", ""left"": ""1197"", ""top"": ""1663"", ""width"": ""25"", ""height"": ""52"", ""conf"": ""96.529671"", ""text"": ""(BC)""}, {""level"": ""5"", ""page_num"": ""1"", ""block_num"": ""30"", ""par_num"": ""1"", ""line_num"": ""1"", ""word_num"": ""2"", ""left"": ""1200"", ""top"": ""2141"", ""width"": ""24"", ""height"": ""77"", ""conf"": ""85.961533"", ""text"": ""(BCW)""}]",ocr_not_independently_verified;explicit_ps_identifiers_and_codes,needs_review,rendered_image_pixels,0
ca387746342047111134,West Bengal,Malda,2013,unclassified,block_ward_reservation,Mahanandapur,2.Mahanandapur/PS-2 | Mahanandapur/PS-2,2,2,(BC),,BC,,data/wb/gp_source_search/archived_district_files/malda_Chanchal-I.pdf,6f8d3ba72cbd20e3f8c8121d16f46d5d9613235d37b6c69c179ecbbff7c9db44,1,,2,"[962, 484, 1000, 1715]","[{""level"": ""5"", ""page_num"": ""1"", ""block_num"": ""32"", ""par_num"": ""1"", ""line_num"": ""1"", ""word_num"": ""1"", ""left"": ""962"", ""top"": ""484"", ""width"": ""31"", ""height"": ""278"", ""conf"": ""90.562752"", ""text"": ""2.Mahanandapur/PS-2""}, {""level"": ""5"", ""page_num"": ""1"", ""block_num"": ""42"", ""par_num"": ""1"", ""line_num"": ""1"", ""word_num"": ""1"", ""left"": ""975"", ""top"": ""1420"", ""width"": ""25"", ""height"": ""235"", ""conf"": ""91.328033"", ""text"": ""Mahanandapur/PS-2""}, {""level"": ""5"", ""page_num"": ""1"", ""block_num"": ""42"", ""par_num"": ""1"", ""line_num"": ""1"", ""word_num"": ""2"", ""left"": ""976"", ""top"": ""1663"", ""width"": ""24"", ""height"": ""52"", ""conf"": ""96.428375"", ""text"": ""(BC)""}]",ocr_not_independently_verified;explicit_ps_identifiers_and_codes;scanned_women_unread_or_blank,needs_review,rendered_image_pixels,0
73e95d7c3c46b942a919,West Bengal,Malda,2013,unclassified,block_ward_reservation,Mahanandapur,3.Mahanandapur/PS-3 | Mahanandapur/PS-3,3,3,(SC) (SCW),(SCW),SC,1,data/wb/gp_source_search/archived_district_files/malda_Chanchal-I.pdf,6f8d3ba72cbd20e3f8c8121d16f46d5d9613235d37b6c69c179ecbbff7c9db44,1,,3,"[739, 485, 779, 2219]","[{""level"": ""5"", ""page_num"": ""1"", ""block_num"": ""44"", ""par_num"": ""1"", ""line_num"": ""1"", ""word_num"": ""1"", ""left"": ""739"", ""top"": ""485"", ""width"": ""32"", ""height"": ""278"", ""conf"": ""82.689857"", ""text"": ""3.Mahanandapur/PS-3""}, {""level"": ""5"", ""page_num"": ""1"", ""block_num"": ""54"", ""par_num"": ""1"", ""line_num"": ""1"", ""word_num"": ""1"", ""left"": ""752"", ""top"": ""1420"", ""width"": ""25"", ""height"": ""236"", ""conf"": ""92.121323"", ""text"": ""Mahanandapur/PS-3""}, {""level"": ""5"", ""page_num"": ""1"", ""block_num"": ""55"", ""par_num"": ""1"", ""line_num"": ""1"", ""word_num"": ""1"", ""left"": ""755"", ""top"": ""1901"", ""width"": ""24"", ""height"": ""232"", ""conf"": ""89.446594"", ""text"": ""Mahanandapur/PS-3""}, {""level"": ""5"", ""page_num"": ""1"", ""block_num"": ""54"", ""par_num"": ""1"", ""line_num"": ""1"", ""word_num"": ""2"", ""left"": ""753"", ""top"": ""1664"", ""width"": ""25"", ""height"": ""52"", ""conf"": ""96.640419"", ""text"": ""(SC)""}, {""level"": ""5"", ""page_num"": ""1"", ""block_num"": ""55"", ""par_num"": ""1"", ""line_num"": ""1"", ""word_num"": ""2"", ""left"": ""755"", ""top"": ""2142"", ""width"": ""24"", ""height"": ""77"", ""conf"": ""89.446594"", ""text"": ""(SCW)""}]",ocr_not_independently_verified;explicit_ps_identifiers_and_codes,needs_review,rendered_image_pixels,0
f042ab2a47c7e10152b4,West Bengal,Malda,2013,unclassified,block_ward_reservation,Bhagabanpur,Bhagabanpur/PS-4,4,4,,(W),,1,data/wb/gp_source_search/archived_district_files/malda_Chanchal-I.pdf,6f8d3ba72cbd20e3f8c8121d16f46d5d9613235d37b6c69c179ecbbff7c9db44,1,,4,"[516, 503, 557, 2193]","[{""level"": ""5"", ""page_num"": ""1"", ""block_num"": ""60"", ""par_num"": ""1"", ""line_num"": ""1"", ""word_num"": ""2"", ""left"": ""516"", ""top"": ""503"", ""width"": ""32"", ""height"": ""240"", ""conf"": ""66.016396"", ""text"": ""Bhagabanpur/PS-4""}, {""level"": ""5"", ""page_num"": ""1"", ""block_num"": ""74"", ""par_num"": ""1"", ""line_num"": ""1"", ""word_num"": ""1"", ""left"": ""532"", ""top"": ""1929"", ""width"": ""24"", ""height"": ""214"", ""conf"": ""92.443970"", ""text"": ""Bhagabanpur/PS-4""}, {""level"": ""5"", ""page_num"": ""1"", ""block_num"": ""74"", ""par_num"": ""1"", ""line_num"": ""1"", ""word_num"": ""2"", ""left"": ""532"", ""top"": ""2152"", ""width"": ""25"", ""height"": ""41"", ""conf"": ""92.147285"", ""text"": ""(W)""}]",ocr_not_independently_verified;explicit_ps_identifiers_and_codes;caste_missing_or_conflicting,needs_review,rendered_image_pixels,0
37e2fd300a8937b187ec,West Bengal,Malda,2013,unclassified,block_ward_reservation,Bhagabanpur,Bhagabanpur/PS-5,5,5,(BC),,BC,,data/wb/gp_source_search/archived_district_files/malda_Chanchal-I.pdf,6f8d3ba72cbd20e3f8c8121d16f46d5d9613235d37b6c69c179ecbbff7c9db44,2,,1,"[1292, 1428, 1317, 1707]","[{""level"": ""5"", ""page_num"": ""1"", ""block_num"": ""28"", ""par_num"": ""1"", ""line_num"": ""1"", ""word_num"": ""1"", ""left"": ""1292"", ""top"": ""1428"", ""width"": ""25"", ""height"": ""219"", ""conf"": ""92.131660"", ""text"": ""Bhagabanpur/PS-5""}, {""level"": ""5"", ""page_num"": ""1"", ""block_num"": ""28"", ""par_num"": ""1"", ""line_num"": ""1"", ""word_num"": ""2"", ""left"": ""1292"", ""top"": ""1655"", ""width"": ""25"", ""height"": ""52"", ""conf"": ""96.479874"", ""text"": ""(BC)""}]",ocr_not_independently_verified;explicit_ps_identifiers_and_codes;scanned_women_unread_or_blank,needs_review,rendered_image_pixels,0
be5a43a544b55dc9c5af,West Bengal,Malda,2013,unclassified,block_ward_reservation,Bhagabanpur,6.Bhagabanpur/PS-6,6,6,,,,,data/wb/gp_source_search/archived_district_files/malda_Chanchal-I.pdf,6f8d3ba72cbd20e3f8c8121d16f46d5d9613235d37b6c69c179ecbbff7c9db44,2,,2,"[1014, 483, 1045, 741]","[{""level"": ""5"", ""page_num"": ""1"", ""block_num"": ""30"", ""par_num"": ""1"", ""line_num"": ""1"", ""word_num"": ""1"", ""left"": ""1014"", ""top"": ""483"", ""width"": ""31"", ""height"": ""258"", ""conf"": ""88.504860"", ""text"": ""6.Bhagabanpur/PS-6""}]",ocr_not_independently_verified;explicit_ps_identifiers_and_codes;caste_missing_or_conflicting;scanned_women_unread_or_blank,needs_review,rendered_image_pixels,0
35185148fbeb34e54e14,West Bengal,Malda,2013,unclassified,block_ward_reservation,Mokdampur,7.Mokdampur/PS-7 | Mokdampur/PS-7,7,7,,(W),,1,data/wb/gp_source_search/archived_district_files/malda_Chanchal-I.pdf,6f8d3ba72cbd20e3f8c8121d16f46d5d9613235d37b6c69c179ecbbff7c9db44,2,,3,"[788, 484, 828, 2183]","[{""level"": ""5"", ""page_num"": ""1"", ""block_num"": ""44"", ""par_num"": ""1"", ""line_num"": ""1"", ""word_num"": ""1"", ""left"": ""788"", ""top"": ""484"", ""width"": ""34"", ""height"": ""253"", ""conf"": ""78.778954"", ""text"": ""7.Mokdampur/PS-7""}, {""level"": ""5"", ""page_num"": ""1"", ""block_num"": ""56"", ""par_num"": ""1"", ""line_num"": ""1"", ""word_num"": ""1"", ""left"": ""804"", ""top"": ""1938"", ""width"": ""24"", ""height"": ""195"", ""conf"": ""89.606232"", ""text"": ""Mokdampur/PS-7""}, {""level"": ""5"", ""page_num"": ""1"", ""block_num"": ""56"", ""par_num"": ""1"", ""line_num"": ""1"", ""word_num"": ""2"", ""left"": ""804"", ""top"": ""2141"", ""width"": ""24"", ""height"": ""42"", ""conf"": ""91.009277"", ""text"": ""(W)""}]",ocr_not_independently_verified;explicit_ps_identifiers_and_codes;caste_missing_or_conflicting,needs_review,rendered_image_pixels,0
1f678a005d4ade88ff66,West Bengal,Malda,2013,unclassified,block_ward_reservation,Mokdampur,8.Mokdampur/PS-8,8,8,,,,,data/wb/gp_source_search/archived_district_files/malda_Chanchal-I.pdf,6f8d3ba72cbd20e3f8c8121d16f46d5d9613235d37b6c69c179ecbbff7c9db44,2,,4,"[521, 485, 555, 738]","[{""level"": ""5"", ""page_num"": ""1"", ""block_num"": ""58"", ""par_num"": ""1"", ""line_num"": ""1"", ""word_num"": ""1"", ""left"": ""521"", ""top"": ""485"", ""width"": ""34"", ""height"": ""253"", ""conf"": ""84.323654"", ""text"": ""8.Mokdampur/PS-8""}]",ocr_not_independently_verified;explicit_ps_identifiers_and_codes;caste_missing_or_conflicting;scanned_women_unread_or_blank,needs_review,rendered_image_pixels,0
3897ad475069137698d2,West Bengal,Malda,2013,unclassified,block_ward_reservation,Mokdampur,9.Mokdampur/PS-9 | Mokdampur/PS-9,9,9,(BC) (BCW),(BCW),BC,1,data/wb/gp_source_search/archived_district_files/malda_Chanchal-I.pdf,6f8d3ba72cbd20e3f8c8121d16f46d5d9613235d37b6c69c179ecbbff7c9db44,2,,5,"[299, 485, 340, 2201]","[{""level"": ""5"", ""page_num"": ""1"", ""block_num"": ""69"", ""par_num"": ""1"", ""line_num"": ""1"", ""word_num"": ""1"", ""left"": ""299"", ""top"": ""485"", ""width"": ""34"", ""height"": ""254"", ""conf"": ""30.579567"", ""text"": ""9.Mokdampur/PS-9""}, {""level"": ""5"", ""page_num"": ""1"", ""block_num"": ""80"", ""par_num"": ""1"", ""line_num"": ""1"", ""word_num"": ""1"", ""left"": ""314"", ""top"": ""1439"", ""width"": ""25"", ""height"": ""200"", ""conf"": ""88.260681"", ""text"": ""Mokdampur/PS-9""}, {""level"": ""5"", ""page_num"": ""1"", ""block_num"": ""82"", ""par_num"": ""1"", ""line_num"": ""1"", ""word_num"": ""1"", ""left"": ""315"", ""top"": ""1921"", ""width"": ""25"", ""height"": ""195"", ""conf"": ""91.480530"", ""text"": ""Mokdampur/PS-9""}, {""level"": ""5"", ""page_num"": ""1"", ""block_num"": ""80"", ""par_num"": ""1"", ""line_num"": ""1"", ""word_num"": ""2"", ""left"": ""314"", ""top"": ""1647"", ""width"": ""25"", ""height"": ""52"", ""conf"": ""96.481262"", ""text"": ""(BC)""}, {""level"": ""5"", ""page_num"": ""1"", ""block_num"": ""82"", ""par_num"": ""1"", ""line_num"": ""1"", ""word_num"": ""2"", ""left"": ""315"", ""top"": ""2125"", ""width"": ""25"", ""height"": ""76"", ""conf"": ""90.867416"", ""text"": ""(BCW)""}]",ocr_not_independently_verified;explicit_ps_identifiers_and_codes,needs_review,rendered_image_pixels,0
d0373c34fac826ed5f6f,West Bengal,Malda,2013,unclassified,block_ward_reservation,Alihanda,10.Alihanda/PS-10 | Alihanda/PS-10,10,10,(BC),,BC,,data/wb/gp_source_search/archived_district_files/malda_Chanchal-I.pdf,6f8d3ba72cbd20e3f8c8121d16f46d5d9613235d37b6c69c179ecbbff7c9db44,3,,1,"[1281, 484, 1316, 1687]","[{""level"": ""5"", ""page_num"": ""1"", ""block_num"": ""16"", ""par_num"": ""1"", ""line_num"": ""1"", ""word_num"": ""1"", ""left"": ""1281"", ""top"": ""484"", ""width"": ""28"", ""height"": ""244"", ""conf"": ""81.018654"", ""text"": ""10.Alihanda/PS-10""}, {""level"": ""5"", ""page_num"": ""1"", ""block_num"": ""26"", ""par_num"": ""1"", ""line_num"": ""1"", ""word_num"": ""1"", ""left"": ""1296"", ""top"": ""1447"", ""width"": ""20"", ""height"": ""179"", ""conf"": ""91.441978"", ""text"": ""Alihanda/PS-10""}, {""level"": ""5"", ""page_num"": ""1"", ""block_num"": ""26"", ""par_num"": ""1"", ""line_num"": ""1"", ""word_num"": ""2"", ""left"": ""1291"", ""top"": ""1635"", ""width"": ""25"", ""height"": ""52"", ""conf"": ""96.403519"", ""text"": ""(BC)""}]",ocr_not_independently_verified;explicit_ps_identifiers_and_codes;scanned_women_unread_or_blank,needs_review,rendered_image_pixels,0
9c548d3d465454668445,West Bengal,Malda,2013,unclassified,block_ward_reservation,Alihanda,11.Alihanda/PS-11 | Alihanda/PS-11,11,11,(SC) (SCW),(SCW),SC,1,data/wb/gp_source_search/archived_district_files/malda_Chanchal-I.pdf,6f8d3ba72cbd20e3f8c8121d16f46d5d9613235d37b6c69c179ecbbff7c9db44,3,,2,"[1060, 486, 1096, 2190]","[{""level"": ""5"", ""page_num"": ""1"", ""block_num"": ""28"", ""par_num"": ""1"", ""line_num"": ""1"", ""word_num"": ""1"", ""left"": ""1060"", ""top"": ""486"", ""width"": ""27"", ""height"": ""239"", ""conf"": ""80.938950"", ""text"": ""11.Alihanda/PS-11""}, {""level"": ""5"", ""page_num"": ""1"", ""block_num"": ""36"", ""par_num"": ""1"", ""line_num"": ""1"", ""word_num"": ""1"", ""left"": ""1074"", ""top"": ""1447"", ""width"": ""20"", ""height"": ""176"", ""conf"": ""88.602882"", ""text"": ""Alihanda/PS-11""}, {""level"": ""5"", ""page_num"": ""1"", ""block_num"": ""37"", ""par_num"": ""1"", ""line_num"": ""1"", ""word_num"": ""1"", ""left"": ""1075"", ""top"": ""1929"", ""width"": ""20"", ""height"": ""173"", ""conf"": ""87.961212"", ""text"": ""Alihanda/PS-11""}, {""level"": ""5"", ""page_num"": ""1"", ""block_num"": ""36"", ""par_num"": ""1"", ""line_num"": ""1"", ""word_num"": ""2"", ""left"": ""1069"", ""top"": ""1636"", ""width"": ""25"", ""height"": ""51"", ""conf"": ""96.317986"", ""text"": ""(SC)""}, {""level"": ""5"", ""page_num"": ""1"", ""block_num"": ""37"", ""par_num"": ""1"", ""line_num"": ""1"", ""word_num"": ""2"", ""left"": ""1071"", ""top"": ""2113"", ""width"": ""25"", ""height"": ""77"", ""conf"": ""87.961212"", ""text"": ""(SCW)""}]",ocr_not_independently_verified;explicit_ps_identifiers_and_codes,needs_review,rendered_image_pixels,0
1f9753fa19727f39412a,West Bengal,Malda,2013,unclassified,block_ward_reservation,,12.Alihanda/PS-12 | Alihandal/PS-12,12,12,,(W),,,data/wb/gp_source_search/archived_district_files/malda_Chanchal-I.pdf,6f8d3ba72cbd20e3f8c8121d16f46d5d9613235d37b6c69c179ecbbff7c9db44,3,,3,"[882, 487, 918, 2173]","[{""level"": ""5"", ""page_num"": ""1"", ""block_num"": ""39"", ""par_num"": ""1"", ""line_num"": ""1"", ""word_num"": ""1"", ""left"": ""882"", ""top"": ""487"", ""width"": ""27"", ""height"": ""243"", ""conf"": ""83.752098"", ""text"": ""12.Alihanda/PS-12""}, {""level"": ""5"", ""page_num"": ""1"", ""block_num"": ""47"", ""par_num"": ""1"", ""line_num"": ""1"", ""word_num"": ""1"", ""left"": ""898"", ""top"": ""1947"", ""width"": ""19"", ""height"": ""175"", ""conf"": ""28.987194"", ""text"": ""Alihandal/PS-12""}, {""level"": ""5"", ""page_num"": ""1"", ""block_num"": ""47"", ""par_num"": ""1"", ""line_num"": ""1"", ""word_num"": ""2"", ""left"": ""893"", ""top"": ""2131"", ""width"": ""25"", ""height"": ""42"", ""conf"": ""93.120331"", ""text"": ""(W)""}]",ocr_not_independently_verified;explicit_ps_identifiers_and_codes;conflicting_or_partial_constituency_names;caste_missing_or_conflicting;scanned_women_unread_or_blank,needs_review,rendered_image_pixels,0
7bb7bca8a4fb00829f6b,West Bengal,Malda,2013,unclassified,block_ward_reservation,Kaligram,13.Kaligram/PS-13,13,13,,,,,data/wb/gp_source_search/archived_district_files/malda_Chanchal-I.pdf,6f8d3ba72cbd20e3f8c8121d16f46d5d9613235d37b6c69c179ecbbff7c9db44,3,,4,"[700, 487, 732, 717]","[{""level"": ""5"", ""page_num"": ""1"", ""block_num"": ""51"", ""par_num"": ""1"", ""line_num"": ""1"", ""word_num"": ""1"", ""left"": ""700"", ""top"": ""487"", ""width"": ""32"", ""height"": ""230"", ""conf"": ""73.837578"", ""text"": ""13.Kaligram/PS-13""}]",ocr_not_independently_verified;explicit_ps_identifiers_and_codes;caste_missing_or_conflicting;scanned_women_unread_or_blank,needs_review,rendered_image_pixels,0
cba81ba5f8b2b06c1f59,West Bengal,Malda,2013,unclassified,block_ward_reservation,Kaligram,14.Kaligram/PS-14 | Kaligram/PS-14,14,14,,(W),,1,data/wb/gp_source_search/archived_district_files/malda_Chanchal-I.pdf,6f8d3ba72cbd20e3f8c8121d16f46d5d9613235d37b6c69c179ecbbff7c9db44,3,,5,"[488, 488, 527, 2174]","[{""level"": ""5"", ""page_num"": ""1"", ""block_num"": ""62"", ""par_num"": ""1"", ""line_num"": ""1"", ""word_num"": ""1"", ""left"": ""488"", ""top"": ""488"", ""width"": ""32"", ""height"": ""230"", ""conf"": ""75.263901"", ""text"": ""14.Kaligram/PS-14""}, {""level"": ""5"", ""page_num"": ""1"", ""block_num"": ""72"", ""par_num"": ""1"", ""line_num"": ""1"", ""word_num"": ""1"", ""left"": ""502"", ""top"": ""1948"", ""width"": ""25"", ""height"": ""176"", ""conf"": ""91.630257"", ""text"": ""Kaligram/PS-14""}, {""level"": ""5"", ""page_num"": ""1"", ""block_num"": ""72"", ""par_num"": ""1"", ""line_num"": ""1"", ""word_num"": ""2"", ""left"": ""503"", ""top"": ""2133"", ""width"": ""24"", ""height"": ""41"", ""conf"": ""92.520302"", ""text"": ""(W)""}]",ocr_not_independently_verified;explicit_ps_identifiers_and_codes;caste_missing_or_conflicting,needs_review,rendered_image_pixels,0
6d5f189a819477dfc2ed,West Bengal,Malda,2013,unclassified,block_ward_reservation,Kaligram,15.Kaligram/PS-15,15,15,,,,,data/wb/gp_source_search/archived_district_files/malda_Chanchal-I.pdf,6f8d3ba72cbd20e3f8c8121d16f46d5d9613235d37b6c69c179ecbbff7c9db44,3,,6,"[276, 490, 308, 719]","[{""level"": ""5"", ""page_num"": ""1"", ""block_num"": ""75"", ""par_num"": ""1"", ""line_num"": ""1"", ""word_num"": ""1"", ""left"": ""276"", ""top"": ""490"", ""width"": ""32"", ""height"": ""229"", ""conf"": ""90.152725"", ""text"": ""15.Kaligram/PS-15""}]",ocr_not_independently_verified;explicit_ps_identifiers_and_codes;caste_missing_or_conflicting;scanned_women_unread_or_blank,needs_review,rendered_image_pixels,0
4bbc24e17b56ed480cde,West Bengal,Malda,2013,unclassified,block_ward_reservation,Kharba,16.Kharba/PS-16 | Kharba/PS-16,16,16,,(W),,1,data/wb/gp_source_search/archived_district_files/malda_Chanchal-I.pdf,6f8d3ba72cbd20e3f8c8121d16f46d5d9613235d37b6c69c179ecbbff7c9db44,4,,1,"[1285, 483, 1319, 2163]","[{""level"": ""5"", ""page_num"": ""1"", ""block_num"": ""16"", ""par_num"": ""1"", ""line_num"": ""1"", ""word_num"": ""1"", ""left"": ""1285"", ""top"": ""483"", ""width"": ""26"", ""height"": ""210"", ""conf"": ""80.463585"", ""text"": ""16.Kharba/PS-16""}, {""level"": ""5"", ""page_num"": ""1"", ""block_num"": ""28"", ""par_num"": ""1"", ""line_num"": ""1"", ""word_num"": ""1"", ""left"": ""1299"", ""top"": ""1955"", ""width"": ""20"", ""height"": ""159"", ""conf"": ""92.719498"", ""text"": ""Kharba/PS-16""}, {""level"": ""5"", ""page_num"": ""1"", ""block_num"": ""28"", ""par_num"": ""1"", ""line_num"": ""1"", ""word_num"": ""2"", ""left"": ""1294"", ""top"": ""2121"", ""width"": ""25"", ""height"": ""42"", ""conf"": ""91.036041"", ""text"": ""(W)""}]",ocr_not_independently_verified;explicit_ps_identifiers_and_codes;caste_missing_or_conflicting,needs_review,rendered_image_pixels,0
d39899be6800f53d94b4,West Bengal,Malda,2013,unclassified,block_ward_reservation,Kharba,17.Kharba/PS-17,17,17,,,,,data/wb/gp_source_search/archived_district_files/malda_Chanchal-I.pdf,6f8d3ba72cbd20e3f8c8121d16f46d5d9613235d37b6c69c179ecbbff7c9db44,4,,2,"[1031, 485, 1057, 695]","[{""level"": ""5"", ""page_num"": ""1"", ""block_num"": ""30"", ""par_num"": ""1"", ""line_num"": ""1"", ""word_num"": ""1"", ""left"": ""1031"", ""top"": ""485"", ""width"": ""26"", ""height"": ""210"", ""conf"": ""88.657928"", ""text"": ""17.Kharba/PS-17""}]",ocr_not_independently_verified;explicit_ps_identifiers_and_codes;caste_missing_or_conflicting;scanned_women_unread_or_blank,needs_review,rendered_image_pixels,0
b01c3e879ecc9bacf8d7,West Bengal,Malda,2013,unclassified,block_ward_reservation,Kharba,18.Kharba/PS-18 | Kharba/PS-18,18,18,,(W),,1,data/wb/gp_source_search/archived_district_files/malda_Chanchal-I.pdf,6f8d3ba72cbd20e3f8c8121d16f46d5d9613235d37b6c69c179ecbbff7c9db44,4,,3,"[776, 486, 810, 2164]","[{""level"": ""5"", ""page_num"": ""1"", ""block_num"": ""43"", ""par_num"": ""1"", ""line_num"": ""1"", ""word_num"": ""1"", ""left"": ""776"", ""top"": ""486"", ""width"": ""26"", ""height"": ""210"", ""conf"": ""90.590004"", ""text"": ""18.Kharba/PS-18""}, {""level"": ""5"", ""page_num"": ""1"", ""block_num"": ""57"", ""par_num"": ""1"", ""line_num"": ""1"", ""word_num"": ""1"", ""left"": ""790"", ""top"": ""1956"", ""width"": ""20"", ""height"": ""158"", ""conf"": ""92.266472"", ""text"": ""Kharba/PS-18""}, {""level"": ""5"", ""page_num"": ""1"", ""block_num"": ""57"", ""par_num"": ""1"", ""line_num"": ""1"", ""word_num"": ""2"", ""left"": ""785"", ""top"": ""2122"", ""width"": ""25"", ""height"": ""42"", ""conf"": ""90.055901"", ""text"": ""(W)""}]",ocr_not_independently_verified;explicit_ps_identifiers_and_codes;caste_missing_or_conflicting,needs_review,rendered_image_pixels,0
918cd6515d60b6ba9226,West Bengal,Malda,2013,unclassified,block_ward_reservation,Motiharpur,19.Motiharpur/PS-19,19,19,,,,,data/wb/gp_source_search/archived_district_files/malda_Chanchal-I.pdf,6f8d3ba72cbd20e3f8c8121d16f46d5d9613235d37b6c69c179ecbbff7c9db44,4,,4,"[470, 488, 504, 757]","[{""level"": ""5"", ""page_num"": ""1"", ""block_num"": ""62"", ""par_num"": ""1"", ""line_num"": ""1"", ""word_num"": ""1"", ""left"": ""470"", ""top"": ""488"", ""width"": ""34"", ""height"": ""269"", ""conf"": ""92.261002"", ""text"": ""19.Motiharpur/PS-19""}]",ocr_not_independently_verified;explicit_ps_identifiers_and_codes;caste_missing_or_conflicting;scanned_women_unread_or_blank,needs_review,rendered_image_pixels,0
b7fe6d536101b0efcf86,West Bengal,Malda,2013,unclassified,block_ward_reservation,Motiharpur,20.Motiharpur/PS-20 | Motiharpur/PS-20,20,20,,(W),,1,data/wb/gp_source_search/archived_district_files/malda_Chanchal-I.pdf,6f8d3ba72cbd20e3f8c8121d16f46d5d9613235d37b6c69c179ecbbff7c9db44,4,,5,"[160, 488, 202, 2186]","[{""level"": ""5"", ""page_num"": ""1"", ""block_num"": ""78"", ""par_num"": ""1"", ""line_num"": ""1"", ""word_num"": ""1"", ""left"": ""160"", ""top"": ""488"", ""width"": ""34"", ""height"": ""271"", ""conf"": ""90.772728"", ""text"": ""20.Motiharpur/PS-20""}, {""level"": ""5"", ""page_num"": ""1"", ""block_num"": ""85"", ""par_num"": ""1"", ""line_num"": ""1"", ""word_num"": ""1"", ""left"": ""178"", ""top"": ""1938"", ""width"": ""24"", ""height"": ""198"", ""conf"": ""92.579231"", ""text"": ""Motiharpur/PS-20""}, {""level"": ""5"", ""page_num"": ""1"", ""block_num"": ""85"", ""par_num"": ""1"", ""line_num"": ""1"", ""word_num"": ""2"", ""left"": ""178"", ""top"": ""2144"", ""width"": ""24"", ""height"": ""42"", ""conf"": ""91.548485"", ""text"": ""(W)""}]",ocr_not_independently_verified;explicit_ps_identifiers_and_codes;caste_missing_or_conflicting,needs_review,rendered_image_pixels,0
c0014567605f976d0a46,West Bengal,Malda,2013,unclassified,block_ward_reservation,Motiharpur,21.Motiharpur/PS-21 | Motiharpur/PS-21,21,21,(BC),,BC,,data/wb/gp_source_search/archived_district_files/malda_Chanchal-I.pdf,6f8d3ba72cbd20e3f8c8121d16f46d5d9613235d37b6c69c179ecbbff7c9db44,5,,1,"[1054, 484, 1095, 1698]","[{""level"": ""5"", ""page_num"": ""1"", ""block_num"": ""22"", ""par_num"": ""1"", ""line_num"": ""1"", ""word_num"": ""1"", ""left"": ""1054"", ""top"": ""484"", ""width"": ""34"", ""height"": ""268"", ""conf"": ""89.279762"", ""text"": ""21.Motiharpur/PS-21""}, {""level"": ""5"", ""page_num"": ""1"", ""block_num"": ""34"", ""par_num"": ""1"", ""line_num"": ""1"", ""word_num"": ""1"", ""left"": ""1070"", ""top"": ""1438"", ""width"": ""25"", ""height"": ""197"", ""conf"": ""92.104469"", ""text"": ""Motiharpur/PS-21""}, {""level"": ""5"", ""page_num"": ""1"", ""block_num"": ""34"", ""par_num"": ""1"", ""line_num"": ""1"", ""word_num"": ""2"", ""left"": ""1070"", ""top"": ""1647"", ""width"": ""25"", ""height"": ""51"", ""conf"": ""96.457428"", ""text"": ""(BC)""}]",ocr_not_independently_verified;explicit_ps_identifiers_and_codes;scanned_women_unread_or_blank,needs_review,rendered_image_pixels,0
433dcdfb0703771cb862,West Bengal,Malda,2013,unclassified,block_ward_reservation,Chanchal,22.Chanchal/PS-22,22,22,,,,,data/wb/gp_source_search/archived_district_files/malda_Chanchal-I.pdf,6f8d3ba72cbd20e3f8c8121d16f46d5d9613235d37b6c69c179ecbbff7c9db44,5,,2,"[793, 485, 821, 740]","[{""level"": ""5"", ""page_num"": ""1"", ""block_num"": ""40"", ""par_num"": ""1"", ""line_num"": ""1"", ""word_num"": ""1"", ""left"": ""793"", ""top"": ""485"", ""width"": ""28"", ""height"": ""255"", ""conf"": ""91.342117"", ""text"": ""22.Chanchal/PS-22""}]",ocr_not_independently_verified;explicit_ps_identifiers_and_codes;caste_missing_or_conflicting;scanned_women_unread_or_blank,needs_review,rendered_image_pixels,0
9a68738d96222edf7498,West Bengal,Malda,2013,unclassified,block_ward_reservation,Chanchal,23.Chanchal/PS-23 | Chanchal/PS-23,23,23,(BC) (BCW),(BCW),BC,1,data/wb/gp_source_search/archived_district_files/malda_Chanchal-I.pdf,6f8d3ba72cbd20e3f8c8121d16f46d5d9613235d37b6c69c179ecbbff7c9db44,5,,3,"[437, 487, 473, 2196]","[{""level"": ""5"", ""page_num"": ""1"", ""block_num"": ""57"", ""par_num"": ""1"", ""line_num"": ""1"", ""word_num"": ""1"", ""left"": ""437"", ""top"": ""487"", ""width"": ""28"", ""height"": ""254"", ""conf"": ""92.890022"", ""text"": ""23.Chanchal/PS-23""}, {""level"": ""5"", ""page_num"": ""1"", ""block_num"": ""76"", ""par_num"": ""1"", ""line_num"": ""1"", ""word_num"": ""1"", ""left"": ""451"", ""top"": ""1446"", ""width"": ""20"", ""height"": ""187"", ""conf"": ""91.222496"", ""text"": ""Chanchal/PS-23""}, {""level"": ""5"", ""page_num"": ""1"", ""block_num"": ""78"", ""par_num"": ""1"", ""line_num"": ""1"", ""word_num"": ""1"", ""left"": ""453"", ""top"": ""1926"", ""width"": ""19"", ""height"": ""185"", ""conf"": ""85.645348"", ""text"": ""Chanchal/PS-23""}, {""level"": ""5"", ""page_num"": ""1"", ""block_num"": ""76"", ""par_num"": ""1"", ""line_num"": ""1"", ""word_num"": ""2"", ""left"": ""447"", ""top"": ""1641"", ""width"": ""24"", ""height"": ""52"", ""conf"": ""96.898209"", ""text"": ""(BC)""}, {""level"": ""5"", ""page_num"": ""1"", ""block_num"": ""78"", ""par_num"": ""1"", ""line_num"": ""1"", ""word_num"": ""2"", ""left"": ""448"", ""top"": ""2119"", ""width"": ""25"", ""height"": ""77"", ""conf"": ""92.051399"", ""text"": ""(BCW)""}]",ocr_not_independently_verified;explicit_ps_identifiers_and_codes,needs_review,rendered_image_pixels,0
a0667bdb80d383865013,West Bengal,Malda,2013,unclassified,block_ward_reservation,Chanchal,24.Chanchal/PS-24 | Chanchal/PS-24,24,24,(SC),,SC,,data/wb/gp_source_search/archived_district_files/malda_Chanchal-I.pdf,6f8d3ba72cbd20e3f8c8121d16f46d5d9613235d37b6c69c179ecbbff7c9db44,6,,1,"[1283, 480, 1318, 1691]","[{""level"": ""5"", ""page_num"": ""1"", ""block_num"": ""17"", ""par_num"": ""1"", ""line_num"": ""10"", ""word_num"": ""1"", ""left"": ""1283"", ""top"": ""480"", ""width"": ""28"", ""height"": ""256"", ""conf"": ""91.098106"", ""text"": ""24.Chanchal/PS-24""}, {""level"": ""5"", ""page_num"": ""1"", ""block_num"": ""17"", ""par_num"": ""1"", ""line_num"": ""10"", ""word_num"": ""3"", ""left"": ""1297"", ""top"": ""1442"", ""width"": ""21"", ""height"": ""188"", ""conf"": ""91.846794"", ""text"": ""Chanchal/PS-24""}, {""level"": ""5"", ""page_num"": ""1"", ""block_num"": ""17"", ""par_num"": ""1"", ""line_num"": ""10"", ""word_num"": ""4"", ""left"": ""1293"", ""top"": ""1638"", ""width"": ""25"", ""height"": ""53"", ""conf"": ""96.911324"", ""text"": ""(SC)""}]",ocr_not_independently_verified;explicit_ps_identifiers_and_codes;scanned_women_unread_or_blank,needs_review,rendered_image_pixels,0
34bc0b659f5dee8a9bda,West Bengal,Malda,2013,unclassified,block_ward_reservation,Bhakri,1.Bhakri/P.S.-1,1,1,,,,,data/wb/gp_source_search/archived_district_files/malda_Chanchal-II.pdf,ca5a0aa78e77eba6d81c53a75cb59cddb51a5eaae6b76cf345346db1ab248495,1,,1,"[958, 836, 980, 1021]","[{""level"": ""5"", ""page_num"": ""1"", ""block_num"": ""22"", ""par_num"": ""1"", ""line_num"": ""1"", ""word_num"": ""1"", ""left"": ""958"", ""top"": ""836"", ""width"": ""22"", ""height"": ""185"", ""conf"": ""62.349895"", ""text"": ""1.Bhakri/P.S.-1""}]",ocr_not_independently_verified;explicit_ps_identifiers_and_codes;caste_missing_or_conflicting;scanned_women_unread_or_blank,needs_review,rendered_image_pixels,0
f7273c8d41177feac708,West Bengal,Malda,2013,unclassified,block_ward_reservation,Binodpur,12.Binodpur/PS-12,12,12,,,,,data/wb/gp_source_search/archived_district_files/malda_English-Bazar.pdf,e15d6220de0a84d28e87b90c4fa9e24a449a38face609a3605b8691de4c6a48c,3,,1,"[689, 825, 926, 852]","[{""level"": ""5"", ""page_num"": ""1"", ""block_num"": ""34"", ""par_num"": ""1"", ""line_num"": ""1"", ""word_num"": ""1"", ""left"": ""689"", ""top"": ""825"", ""width"": ""237"", ""height"": ""27"", ""conf"": ""89.431885"", ""text"": ""12.Binodpur/PS-12""}]",ocr_not_independently_verified;explicit_ps_identifiers_and_codes;caste_missing_or_conflicting;scanned_women_unread_or_blank,needs_review,rendered_image_pixels,0
b15f5646976ee4ffaa2e,West Bengal,Malda,2013,unclassified,block_ward_reservation,Binodpur,13.Binodpur/PS-13 | Binodpur/PS-13(W),13,13,,Binodpur/PS-13(W),,1,data/wb/gp_source_search/archived_district_files/malda_English-Bazar.pdf,e15d6220de0a84d28e87b90c4fa9e24a449a38face609a3605b8691de4c6a48c,3,,2,"[690, 976, 2231, 1010]","[{""level"": ""5"", ""page_num"": ""1"", ""block_num"": ""46"", ""par_num"": ""1"", ""line_num"": ""1"", ""word_num"": ""1"", ""left"": ""690"", ""top"": ""982"", ""width"": ""237"", ""height"": ""28"", ""conf"": ""91.121033"", ""text"": ""13.Binodpur/PS-13""}, {""level"": ""5"", ""page_num"": ""1"", ""block_num"": ""54"", ""par_num"": ""1"", ""line_num"": ""1"", ""word_num"": ""1"", ""left"": ""1990"", ""top"": ""976"", ""width"": ""241"", ""height"": ""28"", ""conf"": ""89.905006"", ""text"": ""Binodpur/PS-13(W)""}, {""level"": ""5"", ""page_num"": ""1"", ""block_num"": ""54"", ""par_num"": ""1"", ""line_num"": ""1"", ""word_num"": ""1"", ""left"": ""1990"", ""top"": ""976"", ""width"": ""241"", ""height"": ""28"", ""conf"": ""89.905006"", ""text"": ""Binodpur/PS-13(W)""}]",ocr_not_independently_verified;explicit_ps_identifiers_and_codes;caste_missing_or_conflicting,needs_review,rendered_image_pixels,0
8630f42074f522cc4b22,West Bengal,Malda,2013,unclassified,block_ward_reservation,Binodpur,14.Binodpur/PS-14 | Binodpur/PS-14,14,14,(SC) (SCW),(SCW),SC,1,data/wb/gp_source_search/archived_district_files/malda_English-Bazar.pdf,e15d6220de0a84d28e87b90c4fa9e24a449a38face609a3605b8691de4c6a48c,3,,3,"[690, 1117, 2256, 1151]","[{""level"": ""5"", ""page_num"": ""1"", ""block_num"": ""57"", ""par_num"": ""1"", ""line_num"": ""1"", ""word_num"": ""1"", ""left"": ""690"", ""top"": ""1124"", ""width"": ""238"", ""height"": ""27"", ""conf"": ""89.780312"", ""text"": ""14.Binodpur/PS-14""}, {""level"": ""5"", ""page_num"": ""1"", ""block_num"": ""67"", ""par_num"": ""1"", ""line_num"": ""1"", ""word_num"": ""1"", ""left"": ""1535"", ""top"": ""1120"", ""width"": ""198"", ""height"": ""27"", ""conf"": ""83.553604"", ""text"": ""Binodpur/PS-14""}, {""level"": ""5"", ""page_num"": ""1"", ""block_num"": ""69"", ""par_num"": ""1"", ""line_num"": ""1"", ""word_num"": ""1"", ""left"": ""1968"", ""top"": ""1117"", ""width"": ""194"", ""height"": ""28"", ""conf"": ""92.803238"", ""text"": ""Binodpur/PS-14""}, {""level"": ""5"", ""page_num"": ""1"", ""block_num"": ""67"", ""par_num"": ""1"", ""line_num"": ""1"", ""word_num"": ""2"", ""left"": ""1743"", ""top"": ""1120"", ""width"": ""56"", ""height"": ""27"", ""conf"": ""96.939186"", ""text"": ""(SC)""}, {""level"": ""5"", ""page_num"": ""1"", ""block_num"": ""69"", ""par_num"": ""1"", ""line_num"": ""1"", ""word_num"": ""2"", ""left"": ""2172"", ""top"": ""1117"", ""width"": ""84"", ""height"": ""27"", ""conf"": ""91.731804"", ""text"": ""(SCW)""}]",ocr_not_independently_verified;explicit_ps_identifiers_and_codes,needs_review,rendered_image_pixels,0
b55b8e0fd8bf3ada9c42,West Bengal,Malda,2013,unclassified,block_ward_reservation,Amrity,15.Amrity/PS-15 | Amrity/PS-15,15,15,(BC),,BC,,data/wb/gp_source_search/archived_district_files/malda_English-Bazar.pdf,e15d6220de0a84d28e87b90c4fa9e24a449a38face609a3605b8691de4c6a48c,4,,1,"[703, 502, 1779, 531]","[{""level"": ""5"", ""page_num"": ""1"", ""block_num"": ""15"", ""par_num"": ""1"", ""line_num"": ""1"", ""word_num"": ""1"", ""left"": ""703"", ""top"": ""504"", ""width"": ""204"", ""height"": ""27"", ""conf"": ""91.662247"", ""text"": ""15.Amrity/PS-15""}, {""level"": ""5"", ""page_num"": ""1"", ""block_num"": ""21"", ""par_num"": ""1"", ""line_num"": ""1"", ""word_num"": ""1"", ""left"": ""1546"", ""top"": ""502"", ""width"": ""167"", ""height"": ""27"", ""conf"": ""90.960098"", ""text"": ""Amrity/PS-15""}, {""level"": ""5"", ""page_num"": ""1"", ""block_num"": ""21"", ""par_num"": ""1"", ""line_num"": ""1"", ""word_num"": ""2"", ""left"": ""1723"", ""top"": ""502"", ""width"": ""56"", ""height"": ""27"", ""conf"": ""96.587242"", ""text"": ""(BC)""}]",ocr_not_independently_verified;explicit_ps_identifiers_and_codes;scanned_women_unread_or_blank,needs_review,rendered_image_pixels,0
49d74aa1248eab82263a,West Bengal,Malda,2013,unclassified,block_ward_reservation,Amrity,16.Amrity/PS-16,16,16,,,,,data/wb/gp_source_search/archived_district_files/malda_English-Bazar.pdf,e15d6220de0a84d28e87b90c4fa9e24a449a38face609a3605b8691de4c6a48c,4,,2,"[703, 646, 907, 673]","[{""level"": ""5"", ""page_num"": ""1"", ""block_num"": ""23"", ""par_num"": ""1"", ""line_num"": ""1"", ""word_num"": ""1"", ""left"": ""703"", ""top"": ""646"", ""width"": ""204"", ""height"": ""27"", ""conf"": ""91.774872"", ""text"": ""16.Amrity/PS-16""}]",ocr_not_independently_verified;explicit_ps_identifiers_and_codes;caste_missing_or_conflicting;scanned_women_unread_or_blank,needs_review,rendered_image_pixels,0
a83f1f52415f1b417061,West Bengal,Malda,2013,unclassified,block_ward_reservation,Amrity,17.Amrity/PS-17 | Amrity/PS-17,17,17,,(W),,1,data/wb/gp_source_search/archived_district_files/malda_English-Bazar.pdf,e15d6220de0a84d28e87b90c4fa9e24a449a38face609a3605b8691de4c6a48c,4,,3,"[704, 818, 2216, 849]","[{""level"": ""5"", ""page_num"": ""1"", ""block_num"": ""34"", ""par_num"": ""1"", ""line_num"": ""1"", ""word_num"": ""1"", ""left"": ""704"", ""top"": ""822"", ""width"": ""204"", ""height"": ""27"", ""conf"": ""88.413300"", ""text"": ""17.Amrity/PS-17""}, {""level"": ""5"", ""page_num"": ""1"", ""block_num"": ""44"", ""par_num"": ""1"", ""line_num"": ""1"", ""word_num"": ""1"", ""left"": ""1999"", ""top"": ""818"", ""width"": ""163"", ""height"": ""28"", ""conf"": ""89.305733"", ""text"": ""Amrity/PS-17""}, {""level"": ""5"", ""page_num"": ""1"", ""block_num"": ""44"", ""par_num"": ""1"", ""line_num"": ""1"", ""word_num"": ""2"", ""left"": ""2172"", ""top"": ""818"", ""width"": ""44"", ""height"": ""26"", ""conf"": ""93.014938"", ""text"": ""(W)""}]",ocr_not_independently_verified;explicit_ps_identifiers_and_codes;caste_missing_or_conflicting,needs_review,rendered_image_pixels,0
2ac6a00f4e7e155795ef,West Bengal,Malda,2013,unclassified,block_ward_reservation,Kazigram,18.Kazigram/PS-18 | Kazigram/PS-18,18,18,(BCW),(BCW),BC,1,data/wb/gp_source_search/archived_district_files/malda_English-Bazar.pdf,e15d6220de0a84d28e87b90c4fa9e24a449a38face609a3605b8691de4c6a48c,4,,4,"[685, 1028, 2257, 1060]","[{""level"": ""5"", ""page_num"": ""1"", ""block_num"": ""46"", ""par_num"": ""1"", ""line_num"": ""1"", ""word_num"": ""1"", ""left"": ""685"", ""top"": ""1032"", ""width"": ""244"", ""height"": ""28"", ""conf"": ""92.253586"", ""text"": ""18.Kazigram/PS-18""}, {""level"": ""5"", ""page_num"": ""1"", ""block_num"": ""61"", ""par_num"": ""1"", ""line_num"": ""1"", ""word_num"": ""1"", ""left"": ""1962"", ""top"": ""1029"", ""width"": ""201"", ""height"": ""27"", ""conf"": ""92.146416"", ""text"": ""Kazigram/PS-18""}, {""level"": ""5"", ""page_num"": ""1"", ""block_num"": ""61"", ""par_num"": ""1"", ""line_num"": ""1"", ""word_num"": ""2"", ""left"": ""2173"", ""top"": ""1028"", ""width"": ""84"", ""height"": ""27"", ""conf"": ""92.649010"", ""text"": ""(BCW)""}]",ocr_not_independently_verified;explicit_ps_identifiers_and_codes,needs_review,rendered_image_pixels,0
5969e6fc1de7e9ac7762,West Bengal,Malda,2013,unclassified,block_ward_reservation,Kazigram,19.Kazigram/PS-19 | Kazigram/PS-19,19,19,(BC),,BC,,data/wb/gp_source_search/archived_district_files/malda_English-Bazar.pdf,e15d6220de0a84d28e87b90c4fa9e24a449a38face609a3605b8691de4c6a48c,4,,5,"[685, 1314, 1801, 1344]","[{""level"": ""5"", ""page_num"": ""1"", ""block_num"": ""63"", ""par_num"": ""1"", ""line_num"": ""1"", ""word_num"": ""4"", ""left"": ""685"", ""top"": ""1316"", ""width"": ""245"", ""height"": ""28"", ""conf"": ""89.787094"", ""text"": ""19.Kazigram/PS-19""}, {""level"": ""5"", ""page_num"": ""1"", ""block_num"": ""85"", ""par_num"": ""1"", ""line_num"": ""1"", ""word_num"": ""1"", ""left"": ""1530"", ""top"": ""1314"", ""width"": ""205"", ""height"": ""28"", ""conf"": ""92.709480"", ""text"": ""Kazigram/PS-19""}, {""level"": ""5"", ""page_num"": ""1"", ""block_num"": ""85"", ""par_num"": ""1"", ""line_num"": ""1"", ""word_num"": ""2"", ""left"": ""1746"", ""top"": ""1314"", ""width"": ""55"", ""height"": ""27"", ""conf"": ""96.573624"", ""text"": ""(BC)""}]",ocr_not_independently_verified;explicit_ps_identifiers_and_codes;scanned_women_unread_or_blank,needs_review,rendered_image_pixels,0
dea9bed1e95c34b6e4a9,West Bengal,Malda,2013,unclassified,block_ward_reservation,Kazigram,20.Kazigram/PS-20 | Kazigram/PS-20,20,20,(SC) (SCW),(SCW),SC,1,data/wb/gp_source_search/archived_district_files/malda_English-Bazar.pdf,e15d6220de0a84d28e87b90c4fa9e24a449a38face609a3605b8691de4c6a48c,5,,1,"[680, 625, 2257, 654]","[{""level"": ""5"", ""page_num"": ""1"", ""block_num"": ""18"", ""par_num"": ""1"", ""line_num"": ""1"", ""word_num"": ""1"", ""left"": ""680"", ""top"": ""627"", ""width"": ""248"", ""height"": ""27"", ""conf"": ""90.972229"", ""text"": ""20.Kazigram/PS-20""}, {""level"": ""5"", ""page_num"": ""1"", ""block_num"": ""30"", ""par_num"": ""1"", ""line_num"": ""1"", ""word_num"": ""1"", ""left"": ""1530"", ""top"": ""626"", ""width"": ""203"", ""height"": ""28"", ""conf"": ""91.056862"", ""text"": ""Kazigram/PS-20""}, {""level"": ""5"", ""page_num"": ""1"", ""block_num"": ""31"", ""par_num"": ""1"", ""line_num"": ""1"", ""word_num"": ""1"", ""left"": ""1962"", ""top"": ""625"", ""width"": ""200"", ""height"": ""28"", ""conf"": ""92.282898"", ""text"": ""Kazigram/PS-20""}, {""level"": ""5"", ""page_num"": ""1"", ""block_num"": ""30"", ""par_num"": ""1"", ""line_num"": ""1"", ""word_num"": ""2"", ""left"": ""1743"", ""top"": ""626"", ""width"": ""56"", ""height"": ""28"", ""conf"": ""95.593491"", ""text"": ""(SC)""}, {""level"": ""5"", ""page_num"": ""1"", ""block_num"": ""31"", ""par_num"": ""1"", ""line_num"": ""1"", ""word_num"": ""2"", ""left"": ""2173"", ""top"": ""625"", ""width"": ""84"", ""height"": ""27"", ""conf"": ""85.221497"", ""text"": ""(SCW)""}]",ocr_not_independently_verified;explicit_ps_identifiers_and_codes,needs_review,rendered_image_pixels,0
79f0bd5f0eeaf1ebb048,West Bengal,Malda,2013,unclassified,block_ward_reservation,Kotwali,21.Kotwali/PS-21,21,21,,,,,data/wb/gp_source_search/archived_district_files/malda_English-Bazar.pdf,e15d6220de0a84d28e87b90c4fa9e24a449a38face609a3605b8691de4c6a48c,5,,2,"[695, 802, 910, 824]","[{""level"": ""5"", ""page_num"": ""1"", ""block_num"": ""36"", ""par_num"": ""1"", ""line_num"": ""1"", ""word_num"": ""1"", ""left"": ""695"", ""top"": ""802"", ""width"": ""215"", ""height"": ""22"", ""conf"": ""91.605545"", ""text"": ""21.Kotwali/PS-21""}]",ocr_not_independently_verified;explicit_ps_identifiers_and_codes;caste_missing_or_conflicting;scanned_women_unread_or_blank,needs_review,rendered_image_pixels,0
c94aa981cd271cea94c0,West Bengal,Malda,2013,unclassified,block_ward_reservation,Kotwali,22.Kotwali/PS-22 | Kotwali/PS-22,22,22,,(W),,1,data/wb/gp_source_search/archived_district_files/malda_English-Bazar.pdf,e15d6220de0a84d28e87b90c4fa9e24a449a38face609a3605b8691de4c6a48c,5,,3,"[695, 959, 2223, 985]","[{""level"": ""5"", ""page_num"": ""1"", ""block_num"": ""45"", ""par_num"": ""1"", ""line_num"": ""1"", ""word_num"": ""1"", ""left"": ""695"", ""top"": ""960"", ""width"": ""218"", ""height"": ""21"", ""conf"": ""91.140137"", ""text"": ""22.Kotwali/PS-22""}, {""level"": ""5"", ""page_num"": ""1"", ""block_num"": ""55"", ""par_num"": ""1"", ""line_num"": ""1"", ""word_num"": ""1"", ""left"": ""1996"", ""top"": ""959"", ""width"": ""172"", ""height"": ""21"", ""conf"": ""85.552383"", ""text"": ""Kotwali/PS-22""}, {""level"": ""5"", ""page_num"": ""1"", ""block_num"": ""55"", ""par_num"": ""1"", ""line_num"": ""1"", ""word_num"": ""2"", ""left"": ""2178"", ""top"": ""959"", ""width"": ""45"", ""height"": ""26"", ""conf"": ""91.287262"", ""text"": ""(W)""}]",ocr_not_independently_verified;explicit_ps_identifiers_and_codes;caste_missing_or_conflicting,needs_review,rendered_image_pixels,0
56dcae93542b0a693b64,West Bengal,Malda,2013,unclassified,block_ward_reservation,Kotwali,23.Kotwali/PS-23 | Kotwali/PS-23,23,23,(SC),,SC,,data/wb/gp_source_search/archived_district_files/malda_English-Bazar.pdf,e15d6220de0a84d28e87b90c4fa9e24a449a38face609a3605b8691de4c6a48c,5,,4,"[695, 1154, 1785, 1181]","[{""level"": ""5"", ""page_num"": ""1"", ""block_num"": ""58"", ""par_num"": ""1"", ""line_num"": ""1"", ""word_num"": ""1"", ""left"": ""695"", ""top"": ""1154"", ""width"": ""218"", ""height"": ""22"", ""conf"": ""89.599495"", ""text"": ""23.Kotwali/PS-23""}, {""level"": ""5"", ""page_num"": ""1"", ""block_num"": ""72"", ""par_num"": ""1"", ""line_num"": ""1"", ""word_num"": ""1"", ""left"": ""1544"", ""top"": ""1154"", ""width"": ""175"", ""height"": ""22"", ""conf"": ""89.998260"", ""text"": ""Kotwali/PS-23""}, {""level"": ""5"", ""page_num"": ""1"", ""block_num"": ""72"", ""par_num"": ""1"", ""line_num"": ""1"", ""word_num"": ""2"", ""left"": ""1729"", ""top"": ""1154"", ""width"": ""56"", ""height"": ""27"", ""conf"": ""96.900742"", ""text"": ""(SC)""}]",ocr_not_independently_verified;explicit_ps_identifiers_and_codes;scanned_women_unread_or_blank,needs_review,rendered_image_pixels,0
4d40ecd28bdd29cb101e,West Bengal,Malda,2013,unclassified,block_ward_reservation,Jadupur-I,Jadupur-I/PS-24,24,24,(BC) (BCW),(BCW),BC,1,data/wb/gp_source_search/archived_district_files/malda_English-Bazar.pdf,e15d6220de0a84d28e87b90c4fa9e24a449a38face609a3605b8691de4c6a48c,6,,1,"[726, 530, 2258, 561]","[{""level"": ""5"", ""page_num"": ""1"", ""block_num"": ""14"", ""par_num"": ""1"", ""line_num"": ""1"", ""word_num"": ""2"", ""left"": ""726"", ""top"": ""530"", ""width"": ""207"", ""height"": ""27"", ""conf"": ""46.993637"", ""text"": ""Jadupur-I/PS-24""}, {""level"": ""5"", ""page_num"": ""1"", ""block_num"": ""24"", ""par_num"": ""1"", ""line_num"": ""1"", ""word_num"": ""1"", ""left"": ""1530"", ""top"": ""533"", ""width"": ""207"", ""height"": ""27"", ""conf"": ""74.311234"", ""text"": ""Jadupur-I/PS-24""}, {""level"": ""5"", ""page_num"": ""1"", ""block_num"": ""25"", ""par_num"": ""1"", ""line_num"": ""1"", ""word_num"": ""1"", ""left"": ""1962"", ""top"": ""534"", ""width"": ""202"", ""height"": ""27"", ""conf"": ""51.680557"", ""text"": ""Jadupur-I/PS-24""}, {""level"": ""5"", ""page_num"": ""1"", ""block_num"": ""24"", ""par_num"": ""1"", ""line_num"": ""1"", ""word_num"": ""2"", ""left"": ""1747"", ""top"": ""533"", ""width"": ""55"", ""height"": ""27"", ""conf"": ""96.630486"", ""text"": ""(BC)""}, {""level"": ""5"", ""page_num"": ""1"", ""block_num"": ""25"", ""par_num"": ""1"", ""line_num"": ""1"", ""word_num"": ""2"", ""left"": ""2174"", ""top"": ""534"", ""width"": ""84"", ""height"": ""27"", ""conf"": ""90.549263"", ""text"": ""(BCW)""}]",ocr_not_independently_verified;explicit_ps_identifiers_and_codes,needs_review,rendered_image_pixels,0
3a18763a92043a57c8f4,West Bengal,Malda,2013,unclassified,block_ward_reservation,Jadupur-l,Jadupur-l/PS-25,25,25,,,,,data/wb/gp_source_search/archived_district_files/malda_English-Bazar.pdf,e15d6220de0a84d28e87b90c4fa9e24a449a38face609a3605b8691de4c6a48c,6,,2,"[725, 690, 932, 716]","[{""level"": ""5"", ""page_num"": ""1"", ""block_num"": ""27"", ""par_num"": ""1"", ""line_num"": ""2"", ""word_num"": ""2"", ""left"": ""725"", ""top"": ""690"", ""width"": ""207"", ""height"": ""26"", ""conf"": ""58.746384"", ""text"": ""Jadupur-l/PS-25""}]",ocr_not_independently_verified;explicit_ps_identifiers_and_codes;caste_missing_or_conflicting;scanned_women_unread_or_blank,needs_review,rendered_image_pixels,0
f8b2488ed4ae23c65e59,West Bengal,Malda,2013,unclassified,block_ward_reservation,,26.Jadupur-l/PS-26 | Jadupur-I/PS-26,26,26,(SC),,,,data/wb/gp_source_search/archived_district_files/malda_English-Bazar.pdf,e15d6220de0a84d28e87b90c4fa9e24a449a38face609a3605b8691de4c6a48c,6,,3,"[685, 812, 1801, 841]","[{""level"": ""5"", ""page_num"": ""1"", ""block_num"": ""36"", ""par_num"": ""1"", ""line_num"": ""1"", ""word_num"": ""1"", ""left"": ""685"", ""top"": ""812"", ""width"": ""246"", ""height"": ""26"", ""conf"": ""36.733734"", ""text"": ""26.Jadupur-l/PS-26""}, {""level"": ""5"", ""page_num"": ""1"", ""block_num"": ""42"", ""par_num"": ""1"", ""line_num"": ""1"", ""word_num"": ""1"", ""left"": ""1529"", ""top"": ""814"", ""width"": ""207"", ""height"": ""27"", ""conf"": ""81.128716"", ""text"": ""Jadupur-I/PS-26""}, {""level"": ""5"", ""page_num"": ""1"", ""block_num"": ""42"", ""par_num"": ""1"", ""line_num"": ""1"", ""word_num"": ""2"", ""left"": ""1746"", ""top"": ""814"", ""width"": ""55"", ""height"": ""27"", ""conf"": ""96.642418"", ""text"": ""(SC)""}]",ocr_not_independently_verified;explicit_ps_identifiers_and_codes;conflicting_or_partial_constituency_names;caste_missing_or_conflicting;scanned_women_unread_or_blank,needs_review,rendered_image_pixels,0
8d94070429315d30694e,West Bengal,Malda,2013,unclassified,block_ward_reservation,,27.Jadupur-ll/PS-27 | Jadupur-Il/PS-27 | Jadupur-lI/PS-27,27,27,(SC) (SCW),(SCW),,,data/wb/gp_source_search/archived_district_files/malda_English-Bazar.pdf,e15d6220de0a84d28e87b90c4fa9e24a449a38face609a3605b8691de4c6a48c,6,,4,"[680, 951, 2261, 982]","[{""level"": ""5"", ""page_num"": ""1"", ""block_num"": ""45"", ""par_num"": ""1"", ""line_num"": ""1"", ""word_num"": ""1"", ""left"": ""680"", ""top"": ""951"", ""width"": ""255"", ""height"": ""27"", ""conf"": ""30.630808"", ""text"": ""27.Jadupur-ll/PS-27""}, {""level"": ""5"", ""page_num"": ""1"", ""block_num"": ""55"", ""par_num"": ""1"", ""line_num"": ""1"", ""word_num"": ""1"", ""left"": ""1525"", ""top"": ""954"", ""width"": ""215"", ""height"": ""27"", ""conf"": ""42.670372"", ""text"": ""Jadupur-Il/PS-27""}, {""level"": ""5"", ""page_num"": ""1"", ""block_num"": ""56"", ""par_num"": ""1"", ""line_num"": ""1"", ""word_num"": ""1"", ""left"": ""1957"", ""top"": ""955"", ""width"": ""210"", ""height"": ""27"", ""conf"": ""31.690369"", ""text"": ""Jadupur-lI/PS-27""}, {""level"": ""5"", ""page_num"": ""1"", ""block_num"": ""55"", ""par_num"": ""1"", ""line_num"": ""1"", ""word_num"": ""2"", ""left"": ""1750"", ""top"": ""954"", ""width"": ""55"", ""height"": ""27"", ""conf"": ""96.684120"", ""text"": ""(SC)""}, {""level"": ""5"", ""page_num"": ""1"", ""block_num"": ""56"", ""par_num"": ""1"", ""line_num"": ""1"", ""word_num"": ""2"", ""left"": ""2177"", ""top"": ""955"", ""width"": ""84"", ""height"": ""27"", ""conf"": ""92.278580"", ""text"": ""(SCW)""}]",ocr_not_independently_verified;explicit_ps_identifiers_and_codes;conflicting_or_partial_constituency_names;caste_missing_or_conflicting;scanned_women_unread_or_blank,needs_review,rendered_image_pixels,0
511de9cf922cb8e81f44,West Bengal,Malda,2013,unclassified,block_ward_reservation,,28.Jadupur-Il/PS-28 | Jadupur-II/PS-28,28,28,,(W),,,data/wb/gp_source_search/archived_district_files/malda_English-Bazar.pdf,e15d6220de0a84d28e87b90c4fa9e24a449a38face609a3605b8691de4c6a48c,6,,5,"[680, 1092, 2242, 1123]","[{""level"": ""5"", ""page_num"": ""1"", ""block_num"": ""58"", ""par_num"": ""1"", ""line_num"": ""1"", ""word_num"": ""3"", ""left"": ""680"", ""top"": ""1092"", ""width"": ""254"", ""height"": ""28"", ""conf"": ""67.259155"", ""text"": ""28.Jadupur-Il/PS-28""}, {""level"": ""5"", ""page_num"": ""1"", ""block_num"": ""64"", ""par_num"": ""1"", ""line_num"": ""1"", ""word_num"": ""1"", ""left"": ""1977"", ""top"": ""1096"", ""width"": ""209"", ""height"": ""27"", ""conf"": ""73.363968"", ""text"": ""Jadupur-II/PS-28""}, {""level"": ""5"", ""page_num"": ""1"", ""block_num"": ""64"", ""par_num"": ""1"", ""line_num"": ""1"", ""word_num"": ""2"", ""left"": ""2197"", ""top"": ""1096"", ""width"": ""45"", ""height"": ""27"", ""conf"": ""92.800423"", ""text"": ""(W)""}]",ocr_not_independently_verified;explicit_ps_identifiers_and_codes;conflicting_or_partial_constituency_names;caste_missing_or_conflicting;scanned_women_unread_or_blank,needs_review,rendered_image_pixels,0
e45de60a2ec5538a7198,West Bengal,Malda,2013,unclassified,block_ward_reservation,Jadupur-II,Jadupur-II/PS-29,29,29,,,,,data/wb/gp_source_search/archived_district_files/malda_English-Bazar.pdf,e15d6220de0a84d28e87b90c4fa9e24a449a38face609a3605b8691de4c6a48c,6,,6,"[718, 1234, 934, 1261]","[{""level"": ""5"", ""page_num"": ""1"", ""block_num"": ""66"", ""par_num"": ""1"", ""line_num"": ""1"", ""word_num"": ""2"", ""left"": ""718"", ""top"": ""1234"", ""width"": ""216"", ""height"": ""27"", ""conf"": ""44.123665"", ""text"": ""Jadupur-II/PS-29""}]",ocr_not_independently_verified;explicit_ps_identifiers_and_codes;caste_missing_or_conflicting;scanned_women_unread_or_blank,needs_review,rendered_image_pixels,0
4ec360e566b6d595577f,West Bengal,Malda,2013,unclassified,block_ward_reservation,Mahadipur,30.Mahadipur/PS-30 | Mahadipur/PS-30,30,30,(SC),,SC,,data/wb/gp_source_search/archived_district_files/malda_English-Bazar.pdf,e15d6220de0a84d28e87b90c4fa9e24a449a38face609a3605b8691de4c6a48c,7,,1,"[676, 552, 1808, 579]","[{""level"": ""5"", ""page_num"": ""1"", ""block_num"": ""18"", ""par_num"": ""1"", ""line_num"": ""1"", ""word_num"": ""1"", ""left"": ""676"", ""top"": ""553"", ""width"": ""261"", ""height"": ""26"", ""conf"": ""91.204529"", ""text"": ""30.Mahadipur/PS-30""}, {""level"": ""5"", ""page_num"": ""1"", ""block_num"": ""30"", ""par_num"": ""1"", ""line_num"": ""1"", ""word_num"": ""1"", ""left"": ""1524"", ""top"": ""553"", ""width"": ""219"", ""height"": ""26"", ""conf"": ""89.085785"", ""text"": ""Mahadipur/PS-30""}, {""level"": ""5"", ""page_num"": ""1"", ""block_num"": ""30"", ""par_num"": ""1"", ""line_num"": ""1"", ""word_num"": ""2"", ""left"": ""1753"", ""top"": ""552"", ""width"": ""55"", ""height"": ""27"", ""conf"": ""96.226952"", ""text"": ""(SC)""}]",ocr_not_independently_verified;explicit_ps_identifiers_and_codes;scanned_women_unread_or_blank,needs_review,rendered_image_pixels,0
ef4bbd3f6a9125fa9d86,West Bengal,Malda,2013,unclassified,block_ward_reservation,Mahadipur,31.Mahadipur/PS-31 | Mahadipur/PS-31,31,31,,(W),,1,data/wb/gp_source_search/archived_district_files/malda_English-Bazar.pdf,e15d6220de0a84d28e87b90c4fa9e24a449a38face609a3605b8691de4c6a48c,7,,2,"[677, 728, 2247, 757]","[{""level"": ""5"", ""page_num"": ""1"", ""block_num"": ""32"", ""par_num"": ""1"", ""line_num"": ""1"", ""word_num"": ""1"", ""left"": ""677"", ""top"": ""729"", ""width"": ""256"", ""height"": ""28"", ""conf"": ""90.636978"", ""text"": ""31.Mahadipur/PS-31""}, {""level"": ""5"", ""page_num"": ""1"", ""block_num"": ""40"", ""par_num"": ""1"", ""line_num"": ""1"", ""word_num"": ""1"", ""left"": ""1977"", ""top"": ""728"", ""width"": ""212"", ""height"": ""28"", ""conf"": ""89.948784"", ""text"": ""Mahadipur/PS-31""}, {""level"": ""5"", ""page_num"": ""1"", ""block_num"": ""40"", ""par_num"": ""1"", ""line_num"": ""1"", ""word_num"": ""2"", ""left"": ""2202"", ""top"": ""728"", ""width"": ""45"", ""height"": ""27"", ""conf"": ""92.009300"", ""text"": ""(W)""}]",ocr_not_independently_verified;explicit_ps_identifiers_and_codes;caste_missing_or_conflicting,needs_review,rendered_image_pixels,0
9220462d8fea0057a646,West Bengal,Malda,2013,unclassified,block_ward_reservation,Mahadipur,32.Mahadipur/PS-32,32,32,,,,,data/wb/gp_source_search/archived_district_files/malda_English-Bazar.pdf,e15d6220de0a84d28e87b90c4fa9e24a449a38face609a3605b8691de4c6a48c,7,,3,"[676, 870, 937, 897]","[{""level"": ""5"", ""page_num"": ""1"", ""block_num"": ""43"", ""par_num"": ""1"", ""line_num"": ""1"", ""word_num"": ""1"", ""left"": ""676"", ""top"": ""870"", ""width"": ""261"", ""height"": ""27"", ""conf"": ""90.586212"", ""text"": ""32.Mahadipur/PS-32""}]",ocr_not_independently_verified;explicit_ps_identifiers_and_codes;caste_missing_or_conflicting;scanned_women_unread_or_blank,needs_review,rendered_image_pixels,0
87905aa54dc23b92c474,West Bengal,Malda,2013,unclassified,block_ward_reservation,Alal,3.Alal/P.S.-3 | Alal/P.S.-3(W),3,3,,Alal/P.S.-3(W),,1,data/wb/gp_source_search/archived_district_files/malda_Gazole.pdf,51c85e144ecf93bab44597781ec47bd81263b28c2162486f86ac33e1819423c3,1,,1,"[670, 779, 703, 2166]","[{""level"": ""5"", ""page_num"": ""1"", ""block_num"": ""13"", ""par_num"": ""1"", ""line_num"": ""17"", ""word_num"": ""1"", ""left"": ""675"", ""top"": ""779"", ""width"": ""19"", ""height"": ""139"", ""conf"": ""69.999603"", ""text"": ""3.Alal/P.S.-3""}, {""level"": ""5"", ""page_num"": ""1"", ""block_num"": ""13"", ""par_num"": ""1"", ""line_num"": ""18"", ""word_num"": ""3"", ""left"": ""670"", ""top"": ""2010"", ""width"": ""33"", ""height"": ""156"", ""conf"": ""89.781944"", ""text"": ""Alal/P.S.-3(W)""}, {""level"": ""5"", ""page_num"": ""1"", ""block_num"": ""13"", ""par_num"": ""1"", ""line_num"": ""18"", ""word_num"": ""3"", ""left"": ""670"", ""top"": ""2010"", ""width"": ""33"", ""height"": ""156"", ""conf"": ""89.781944"", ""text"": ""Alal/P.S.-3(W)""}]",ocr_not_independently_verified;explicit_ps_identifiers_and_codes;caste_missing_or_conflicting,needs_review,rendered_image_pixels,0
4d219327d110826628a9,West Bengal,Malda,2013,unclassified,block_ward_reservation,Karkach,Karkach/P.S.-5(W),5,5,,Karkach/P.S.-5(W),,1,data/wb/gp_source_search/archived_district_files/malda_Gazole.pdf,51c85e144ecf93bab44597781ec47bd81263b28c2162486f86ac33e1819423c3,2,,1,"[1105, 1978, 1129, 2185]","[{""level"": ""5"", ""page_num"": ""1"", ""block_num"": ""26"", ""par_num"": ""1"", ""line_num"": ""1"", ""word_num"": ""1"", ""left"": ""1105"", ""top"": ""1978"", ""width"": ""24"", ""height"": ""207"", ""conf"": ""89.643707"", ""text"": ""Karkach/P.S.-5(W)""}, {""level"": ""5"", ""page_num"": ""1"", ""block_num"": ""26"", ""par_num"": ""1"", ""line_num"": ""1"", ""word_num"": ""1"", ""left"": ""1105"", ""top"": ""1978"", ""width"": ""24"", ""height"": ""207"", ""conf"": ""89.643707"", ""text"": ""Karkach/P.S.-5(W)""}]",ocr_not_independently_verified;explicit_ps_identifiers_and_codes;caste_missing_or_conflicting,needs_review,rendered_image_pixels,0
1a0476529b79585d59aa,West Bengal,Malda,2013,unclassified,block_ward_reservation,Deotala,7.Deotala/P.S.-7 | Deotala/P.S.-7(W),7,7,,Deotala/P.S.-7(W),,1,data/wb/gp_source_search/archived_district_files/malda_Gazole.pdf,51c85e144ecf93bab44597781ec47bd81263b28c2162486f86ac33e1819423c3,2,,2,"[749, 776, 773, 2186]","[{""level"": ""5"", ""page_num"": ""1"", ""block_num"": ""34"", ""par_num"": ""1"", ""line_num"": ""1"", ""word_num"": ""1"", ""left"": ""751"", ""top"": ""776"", ""width"": ""20"", ""height"": ""186"", ""conf"": ""90.707680"", ""text"": ""7.Deotala/P.S.-7""}, {""level"": ""5"", ""page_num"": ""1"", ""block_num"": ""37"", ""par_num"": ""1"", ""line_num"": ""1"", ""word_num"": ""1"", ""left"": ""749"", ""top"": ""1986"", ""width"": ""24"", ""height"": ""200"", ""conf"": ""90.371628"", ""text"": ""Deotala/P.S.-7(W)""}, {""level"": ""5"", ""page_num"": ""1"", ""block_num"": ""37"", ""par_num"": ""1"", ""line_num"": ""1"", ""word_num"": ""1"", ""left"": ""749"", ""top"": ""1986"", ""width"": ""24"", ""height"": ""200"", ""conf"": ""90.371628"", ""text"": ""Deotala/P.S.-7(W)""}]",ocr_not_independently_verified;explicit_ps_identifiers_and_codes;caste_missing_or_conflicting,needs_review,rendered_image_pixels,0
7ed60770b8e2b2735575,West Bengal,Malda,2013,unclassified,block_ward_reservation,Deotala,8.Deotala/P.S.-8,8,8,,,,,data/wb/gp_source_search/archived_district_files/malda_Gazole.pdf,51c85e144ecf93bab44597781ec47bd81263b28c2162486f86ac33e1819423c3,2,,3,"[614, 779, 634, 964]","[{""level"": ""5"", ""page_num"": ""1"", ""block_num"": ""39"", ""par_num"": ""1"", ""line_num"": ""1"", ""word_num"": ""1"", ""left"": ""614"", ""top"": ""779"", ""width"": ""20"", ""height"": ""185"", ""conf"": ""90.597298"", ""text"": ""8.Deotala/P.S.-8""}]",ocr_not_independently_verified;explicit_ps_identifiers_and_codes;caste_missing_or_conflicting;scanned_women_unread_or_blank,needs_review,rendered_image_pixels,0
608ef95526036f0e4cf4,West Bengal,Malda,2013,unclassified,block_ward_reservation,Deotala,9.Deotala/P.S.-9 | Deotala/P.S.-9(W),9,9,,Deotala/P.S.-9(W),,1,data/wb/gp_source_search/archived_district_files/malda_Gazole.pdf,51c85e144ecf93bab44597781ec47bd81263b28c2162486f86ac33e1819423c3,2,,4,"[430, 781, 467, 2189]","[{""level"": ""5"", ""page_num"": ""1"", ""block_num"": ""43"", ""par_num"": ""1"", ""line_num"": ""1"", ""word_num"": ""1"", ""left"": ""430"", ""top"": ""781"", ""width"": ""20"", ""height"": ""186"", ""conf"": ""90.035202"", ""text"": ""9.Deotala/P.S.-9""}, {""level"": ""5"", ""page_num"": ""1"", ""block_num"": ""49"", ""par_num"": ""1"", ""line_num"": ""1"", ""word_num"": ""1"", ""left"": ""444"", ""top"": ""1989"", ""width"": ""23"", ""height"": ""200"", ""conf"": ""89.916183"", ""text"": ""Deotala/P.S.-9(W)""}, {""level"": ""5"", ""page_num"": ""1"", ""block_num"": ""49"", ""par_num"": ""1"", ""line_num"": ""1"", ""word_num"": ""1"", ""left"": ""444"", ""top"": ""1989"", ""width"": ""23"", ""height"": ""200"", ""conf"": ""89.916183"", ""text"": ""Deotala/P.S.-9(W)""}]",ocr_not_independently_verified;explicit_ps_identifiers_and_codes;caste_missing_or_conflicting,needs_review,rendered_image_pixels,0
a81fe4b43c995df69061,West Bengal,Malda,2013,unclassified,block_ward_reservation,Babupur,10.Babupur/P.S.-10,10,10,,,,,data/wb/gp_source_search/archived_district_files/malda_Gazole.pdf,51c85e144ecf93bab44597781ec47bd81263b28c2162486f86ac33e1819423c3,3,,1,"[1267, 771, 1291, 997]","[{""level"": ""5"", ""page_num"": ""1"", ""block_num"": ""16"", ""par_num"": ""1"", ""line_num"": ""1"", ""word_num"": ""1"", ""left"": ""1267"", ""top"": ""771"", ""width"": ""24"", ""height"": ""226"", ""conf"": ""80.705589"", ""text"": ""10.Babupur/P.S.-10""}]",ocr_not_independently_verified;explicit_ps_identifiers_and_codes;caste_missing_or_conflicting;scanned_women_unread_or_blank,needs_review,rendered_image_pixels,0
7d7ff8fd2c8a85ff93e5,West Bengal,Malda,2013,unclassified,block_ward_reservation,Babupur,11.Babupur/P.S.-11 | Babupur/P.S.-11(ST) | Babupur/P.S.-11(STW),11,11,Babupur/P.S.-11(ST) Babupur/P.S.-11(STW),Babupur/P.S.-11(STW),ST,1,data/wb/gp_source_search/archived_district_files/malda_Gazole.pdf,51c85e144ecf93bab44597781ec47bd81263b28c2162486f86ac33e1819423c3,3,,2,"[1074, 773, 1106, 2212]","[{""level"": ""5"", ""page_num"": ""1"", ""block_num"": ""19"", ""par_num"": ""1"", ""line_num"": ""1"", ""word_num"": ""1"", ""left"": ""1081"", ""top"": ""773"", ""width"": ""25"", ""height"": ""223"", ""conf"": ""49.298363"", ""text"": ""11.Babupur/P.S.-11""}, {""level"": ""5"", ""page_num"": ""1"", ""block_num"": ""21"", ""par_num"": ""1"", ""line_num"": ""1"", ""word_num"": ""1"", ""left"": ""1074"", ""top"": ""1534"", ""width"": ""27"", ""height"": ""239"", ""conf"": ""30.491295"", ""text"": ""Babupur/P.S.-11(ST)""}, {""level"": ""5"", ""page_num"": ""1"", ""block_num"": ""22"", ""par_num"": ""1"", ""line_num"": ""1"", ""word_num"": ""1"", ""left"": ""1080"", ""top"": ""1952"", ""width"": ""26"", ""height"": ""260"", ""conf"": ""45.948494"", ""text"": ""Babupur/P.S.-11(STW)""}, {""level"": ""5"", ""page_num"": ""1"", ""block_num"": ""21"", ""par_num"": ""1"", ""line_num"": ""1"", ""word_num"": ""1"", ""left"": ""1074"", ""top"": ""1534"", ""width"": ""27"", ""height"": ""239"", ""conf"": ""30.491295"", ""text"": ""Babupur/P.S.-11(ST)""}, {""level"": ""5"", ""page_num"": ""1"", ""block_num"": ""22"", ""par_num"": ""1"", ""line_num"": ""1"", ""word_num"": ""1"", ""left"": ""1080"", ""top"": ""1952"", ""width"": ""26"", ""height"": ""260"", ""conf"": ""45.948494"", ""text"": ""Babupur/P.S.-11(STW)""}]",ocr_not_independently_verified;explicit_ps_identifiers_and_codes,needs_review,rendered_image_pixels,0
780bde76d20f45395745,West Bengal,Malda,2013,unclassified,block_ward_reservation,Chaknagar,12.Chaknagar/P.S.-12,12,12,,,,,data/wb/gp_source_search/archived_district_files/malda_Gazole.pdf,51c85e144ecf93bab44597781ec47bd81263b28c2162486f86ac33e1819423c3,3,,3,"[938, 775, 963, 1028]","[{""level"": ""5"", ""page_num"": ""1"", ""block_num"": ""27"", ""par_num"": ""1"", ""line_num"": ""1"", ""word_num"": ""1"", ""left"": ""938"", ""top"": ""775"", ""width"": ""25"", ""height"": ""253"", ""conf"": ""51.330486"", ""text"": ""12.Chaknagar/P.S.-12""}]",ocr_not_independently_verified;explicit_ps_identifiers_and_codes;caste_missing_or_conflicting;scanned_women_unread_or_blank,needs_review,rendered_image_pixels,0
f4da4648393de6455f3a,West Bengal,Malda,2013,unclassified,block_ward_reservation,Chaknagar,13.Chaknagar/P.S.-13 | Chaknagar/P.S.-13(SC) | Chaknagar/P.S.-13(SCW),13,13,Chaknagar/P.S.-13(SC) Chaknagar/P.S.-13(SCW),Chaknagar/P.S.-13(SCW),SC,1,data/wb/gp_source_search/archived_district_files/malda_Gazole.pdf,51c85e144ecf93bab44597781ec47bd81263b28c2162486f86ac33e1819423c3,3,,4,"[769, 777, 815, 2231]","[{""level"": ""5"", ""page_num"": ""1"", ""block_num"": ""31"", ""par_num"": ""1"", ""line_num"": ""1"", ""word_num"": ""1"", ""left"": ""791"", ""top"": ""777"", ""width"": ""24"", ""height"": ""253"", ""conf"": ""81.374939"", ""text"": ""13.Chaknagar/P.S.-13""}, {""level"": ""5"", ""page_num"": ""1"", ""block_num"": ""33"", ""par_num"": ""1"", ""line_num"": ""1"", ""word_num"": ""1"", ""left"": ""769"", ""top"": ""1522"", ""width"": ""26"", ""height"": ""269"", ""conf"": ""56.584988"", ""text"": ""Chaknagar/P.S.-13(SC)""}, {""level"": ""5"", ""page_num"": ""1"", ""block_num"": ""34"", ""par_num"": ""1"", ""line_num"": ""1"", ""word_num"": ""1"", ""left"": ""774"", ""top"": ""1941"", ""width"": ""26"", ""height"": ""290"", ""conf"": ""44.305897"", ""text"": ""Chaknagar/P.S.-13(SCW)""}, {""level"": ""5"", ""page_num"": ""1"", ""block_num"": ""33"", ""par_num"": ""1"", ""line_num"": ""1"", ""word_num"": ""1"", ""left"": ""769"", ""top"": ""1522"", ""width"": ""26"", ""height"": ""269"", ""conf"": ""56.584988"", ""text"": ""Chaknagar/P.S.-13(SC)""}, {""level"": ""5"", ""page_num"": ""1"", ""block_num"": ""34"", ""par_num"": ""1"", ""line_num"": ""1"", ""word_num"": ""1"", ""left"": ""774"", ""top"": ""1941"", ""width"": ""26"", ""height"": ""290"", ""conf"": ""44.305897"", ""text"": ""Chaknagar/P.S.-13(SCW)""}]",ocr_not_independently_verified;explicit_ps_identifiers_and_codes,needs_review,rendered_image_pixels,0
6bc469c0c428d0a1ddd3,West Bengal,Malda,2013,unclassified,block_ward_reservation,Chaknagar,14.Chaknagar/P.S.-14 | Chaknagar/P.S.-14(W),14,14,,Chaknagar/P.S.-14(W),,1,data/wb/gp_source_search/archived_district_files/malda_Gazole.pdf,51c85e144ecf93bab44597781ec47bd81263b28c2162486f86ac33e1819423c3,3,,5,"[626, 778, 652, 2215]","[{""level"": ""5"", ""page_num"": ""1"", ""block_num"": ""36"", ""par_num"": ""1"", ""line_num"": ""1"", ""word_num"": ""1"", ""left"": ""627"", ""top"": ""778"", ""width"": ""24"", ""height"": ""254"", ""conf"": ""85.151337"", ""text"": ""14.Chaknagar/P.S.-14""}, {""level"": ""5"", ""page_num"": ""1"", ""block_num"": ""42"", ""par_num"": ""1"", ""line_num"": ""1"", ""word_num"": ""1"", ""left"": ""626"", ""top"": ""1960"", ""width"": ""26"", ""height"": ""255"", ""conf"": ""86.497475"", ""text"": ""Chaknagar/P.S.-14(W)""}, {""level"": ""5"", ""page_num"": ""1"", ""block_num"": ""42"", ""par_num"": ""1"", ""line_num"": ""1"", ""word_num"": ""1"", ""left"": ""626"", ""top"": ""1960"", ""width"": ""26"", ""height"": ""255"", ""conf"": ""86.497475"", ""text"": ""Chaknagar/P.S.-14(W)""}]",ocr_not_independently_verified;explicit_ps_identifiers_and_codes;caste_missing_or_conflicting,needs_review,rendered_image_pixels,0
d400126e3212eda1a37b,West Bengal,Malda,2013,unclassified,block_ward_reservation,Salaidanga,Salaidanga/P.S.-15(ST),15,15,Salaidanga/P.S.-15(ST),,ST,,data/wb/gp_source_search/archived_district_files/malda_Gazole.pdf,51c85e144ecf93bab44597781ec47bd81263b28c2162486f86ac33e1819423c3,4,,1,"[1193, 1518, 1219, 1788]","[{""level"": ""5"", ""page_num"": ""1"", ""block_num"": ""16"", ""par_num"": ""1"", ""line_num"": ""1"", ""word_num"": ""1"", ""left"": ""1193"", ""top"": ""1518"", ""width"": ""26"", ""height"": ""270"", ""conf"": ""66.286896"", ""text"": ""Salaidanga/P.S.-15(ST)""}, {""level"": ""5"", ""page_num"": ""1"", ""block_num"": ""16"", ""par_num"": ""1"", ""line_num"": ""1"", ""word_num"": ""1"", ""left"": ""1193"", ""top"": ""1518"", ""width"": ""26"", ""height"": ""270"", ""conf"": ""66.286896"", ""text"": ""Salaidanga/P.S.-15(ST)""}]",ocr_not_independently_verified;explicit_ps_identifiers_and_codes;scanned_women_unread_or_blank,needs_review,rendered_image_pixels,0
7f64f14edb550236048d,West Bengal,Malda,2013,unclassified,block_ward_reservation,Salaidanga,Salaidanga/P.S.-17(SC) | Salaidanga/P.S.-17(SCW),17,17,Salaidanga/P.S.-17(SC) Salaidanga/P.S.-17(SCW),Salaidanga/P.S.-17(SCW),SC,1,data/wb/gp_source_search/archived_district_files/malda_Gazole.pdf,51c85e144ecf93bab44597781ec47bd81263b28c2162486f86ac33e1819423c3,4,,2,"[790, 1521, 819, 2232]","[{""level"": ""5"", ""page_num"": ""1"", ""block_num"": ""23"", ""par_num"": ""1"", ""line_num"": ""1"", ""word_num"": ""1"", ""left"": ""790"", ""top"": ""1521"", ""width"": ""25"", ""height"": ""273"", ""conf"": ""50.045029"", ""text"": ""Salaidanga/P.S.-17(SC)""}, {""level"": ""5"", ""page_num"": ""1"", ""block_num"": ""24"", ""par_num"": ""1"", ""line_num"": ""1"", ""word_num"": ""1"", ""left"": ""794"", ""top"": ""1941"", ""width"": ""25"", ""height"": ""291"", ""conf"": ""85.603874"", ""text"": ""Salaidanga/P.S.-17(SCW)""}, {""level"": ""5"", ""page_num"": ""1"", ""block_num"": ""23"", ""par_num"": ""1"", ""line_num"": ""1"", ""word_num"": ""1"", ""left"": ""790"", ""top"": ""1521"", ""width"": ""25"", ""height"": ""273"", ""conf"": ""50.045029"", ""text"": ""Salaidanga/P.S.-17(SC)""}, {""level"": ""5"", ""page_num"": ""1"", ""block_num"": ""24"", ""par_num"": ""1"", ""line_num"": ""1"", ""word_num"": ""1"", ""left"": ""794"", ""top"": ""1941"", ""width"": ""25"", ""height"": ""291"", ""conf"": ""85.603874"", ""text"": ""Salaidanga/P.S.-17(SCW)""}]",ocr_not_independently_verified;explicit_ps_identifiers_and_codes,needs_review,rendered_image_pixels,0
d2a1e676f3d84afb5f75,West Bengal,Malda,2013,unclassified,block_ward_reservation,Sahajadpur,18.Sahajadpur/P.S.-18 | Sahajadpur/P.S.-18(ST),18,18,Sahajadpur/P.S.-18(ST),,ST,,data/wb/gp_source_search/archived_district_files/malda_Gazole.pdf,51c85e144ecf93bab44597781ec47bd81263b28c2162486f86ac33e1819423c3,4,,3,"[601, 779, 634, 1797]","[{""level"": ""5"", ""page_num"": ""1"", ""block_num"": ""29"", ""par_num"": ""1"", ""line_num"": ""1"", ""word_num"": ""1"", ""left"": ""609"", ""top"": ""779"", ""width"": ""25"", ""height"": ""261"", ""conf"": ""67.306122"", ""text"": ""18.Sahajadpur/P.S.-18""}, {""level"": ""5"", ""page_num"": ""1"", ""block_num"": ""31"", ""par_num"": ""1"", ""line_num"": ""1"", ""word_num"": ""1"", ""left"": ""601"", ""top"": ""1523"", ""width"": ""27"", ""height"": ""274"", ""conf"": ""86.637993"", ""text"": ""Sahajadpur/P.S.-18(ST)""}, {""level"": ""5"", ""page_num"": ""1"", ""block_num"": ""31"", ""par_num"": ""1"", ""line_num"": ""1"", ""word_num"": ""1"", ""left"": ""601"", ""top"": ""1523"", ""width"": ""27"", ""height"": ""274"", ""conf"": ""86.637993"", ""text"": ""Sahajadpur/P.S.-18(ST)""}]",ocr_not_independently_verified;explicit_ps_identifiers_and_codes;scanned_women_unread_or_blank,needs_review,rendered_image_pixels,0
9a31e4fc697770fd235b,West Bengal,Malda,2013,unclassified,block_ward_reservation,Sahajadpur,19.Sahajadpur/P.S.-19 | Sahajadpur/P.S.-19(SC) | Sahajadpur/P.S.-19(SCW),19,19,Sahajadpur/P.S.-19(SC) Sahajadpur/P.S.-19(SCW),Sahajadpur/P.S.-19(SCW),SC,1,data/wb/gp_source_search/archived_district_files/malda_Gazole.pdf,51c85e144ecf93bab44597781ec47bd81263b28c2162486f86ac33e1819423c3,4,,4,"[450, 781, 482, 2238]","[{""level"": ""5"", ""page_num"": ""1"", ""block_num"": ""33"", ""par_num"": ""1"", ""line_num"": ""1"", ""word_num"": ""1"", ""left"": ""457"", ""top"": ""781"", ""width"": ""25"", ""height"": ""261"", ""conf"": ""71.507591"", ""text"": ""19.Sahajadpur/P.S.-19""}, {""level"": ""5"", ""page_num"": ""1"", ""block_num"": ""35"", ""par_num"": ""1"", ""line_num"": ""1"", ""word_num"": ""1"", ""left"": ""450"", ""top"": ""1523"", ""width"": ""26"", ""height"": ""276"", ""conf"": ""84.794800"", ""text"": ""Sahajadpur/P.S.-19(SC)""}, {""level"": ""5"", ""page_num"": ""1"", ""block_num"": ""36"", ""par_num"": ""1"", ""line_num"": ""1"", ""word_num"": ""1"", ""left"": ""454"", ""top"": ""1942"", ""width"": ""26"", ""height"": ""296"", ""conf"": ""73.008324"", ""text"": ""Sahajadpur/P.S.-19(SCW)""}, {""level"": ""5"", ""page_num"": ""1"", ""block_num"": ""35"", ""par_num"": ""1"", ""line_num"": ""1"", ""word_num"": ""1"", ""left"": ""450"", ""top"": ""1523"", ""width"": ""26"", ""height"": ""276"", ""conf"": ""84.794800"", ""text"": ""Sahajadpur/P.S.-19(SC)""}, {""level"": ""5"", ""page_num"": ""1"", ""block_num"": ""36"", ""par_num"": ""1"", ""line_num"": ""1"", ""word_num"": ""1"", ""left"": ""454"", ""top"": ""1942"", ""width"": ""26"", ""height"": ""296"", ""conf"": ""73.008324"", ""text"": ""Sahajadpur/P.S.-19(SCW)""}]",ocr_not_independently_verified;explicit_ps_identifiers_and_codes,needs_review,rendered_image_pixels,0
6f29844327118864abad,West Bengal,Malda,2013,unclassified,block_ward_reservation,Sahajadpur,20.Sahajadpur/P.S.-20 | Sahajadpur/P.S.-20(W),20,20,,Sahajadpur/P.S.-20(W),,1,data/wb/gp_source_search/archived_district_files/malda_Gazole.pdf,51c85e144ecf93bab44597781ec47bd81263b28c2162486f86ac33e1819423c3,4,,5,"[313, 782, 340, 2222]","[{""level"": ""5"", ""page_num"": ""1"", ""block_num"": ""38"", ""par_num"": ""1"", ""line_num"": ""1"", ""word_num"": ""1"", ""left"": ""316"", ""top"": ""782"", ""width"": ""24"", ""height"": ""262"", ""conf"": ""88.895348"", ""text"": ""20.Sahajadpur/P.S.-20""}, {""level"": ""5"", ""page_num"": ""1"", ""block_num"": ""44"", ""par_num"": ""1"", ""line_num"": ""1"", ""word_num"": ""1"", ""left"": ""313"", ""top"": ""1961"", ""width"": ""26"", ""height"": ""261"", ""conf"": ""84.973221"", ""text"": ""Sahajadpur/P.S.-20(W)""}, {""level"": ""5"", ""page_num"": ""1"", ""block_num"": ""44"", ""par_num"": ""1"", ""line_num"": ""1"", ""word_num"": ""1"", ""left"": ""313"", ""top"": ""1961"", ""width"": ""26"", ""height"": ""261"", ""conf"": ""84.973221"", ""text"": ""Sahajadpur/P.S.-20(W)""}]",ocr_not_independently_verified;explicit_ps_identifiers_and_codes;caste_missing_or_conflicting,needs_review,rendered_image_pixels,0
97dd8bef42f20b6219a3,West Bengal,Malda,2013,unclassified,block_ward_reservation,Gazole-l,21.Gazole-l/P.S.-21 | Gazole-l/P.S.-21(SC),21,21,Gazole-l/P.S.-21(SC),,SC,,data/wb/gp_source_search/archived_district_files/malda_Gazole.pdf,51c85e144ecf93bab44597781ec47bd81263b28c2162486f86ac33e1819423c3,5,,1,"[1206, 774, 1238, 1771]","[{""level"": ""5"", ""page_num"": ""1"", ""block_num"": ""14"", ""par_num"": ""1"", ""line_num"": ""1"", ""word_num"": ""1"", ""left"": ""1217"", ""top"": ""774"", ""width"": ""21"", ""height"": ""217"", ""conf"": ""78.775002"", ""text"": ""21.Gazole-l/P.S.-21""}, {""level"": ""5"", ""page_num"": ""1"", ""block_num"": ""18"", ""par_num"": ""1"", ""line_num"": ""1"", ""word_num"": ""1"", ""left"": ""1206"", ""top"": ""1535"", ""width"": ""24"", ""height"": ""236"", ""conf"": ""26.590408"", ""text"": ""Gazole-l/P.S.-21(SC)""}, {""level"": ""5"", ""page_num"": ""1"", ""block_num"": ""18"", ""par_num"": ""1"", ""line_num"": ""1"", ""word_num"": ""1"", ""left"": ""1206"", ""top"": ""1535"", ""width"": ""24"", ""height"": ""236"", ""conf"": ""26.590408"", ""text"": ""Gazole-l/P.S.-21(SC)""}]",ocr_not_independently_verified;explicit_ps_identifiers_and_codes;scanned_women_unread_or_blank,needs_review,rendered_image_pixels,0
1978145e3a4893573466,West Bengal,Malda,2013,unclassified,block_ward_reservation,Gazole-l,22.Gazole-l/P.S.-22,22,22,,,,,data/wb/gp_source_search/archived_district_files/malda_Gazole.pdf,51c85e144ecf93bab44597781ec47bd81263b28c2162486f86ac33e1819423c3,5,,2,"[972, 776, 992, 996]","[{""level"": ""5"", ""page_num"": ""1"", ""block_num"": ""20"", ""par_num"": ""1"", ""line_num"": ""1"", ""word_num"": ""1"", ""left"": ""972"", ""top"": ""776"", ""width"": ""20"", ""height"": ""220"", ""conf"": ""90.556343"", ""text"": ""22.Gazole-l/P.S.-22""}]",ocr_not_independently_verified;explicit_ps_identifiers_and_codes;caste_missing_or_conflicting;scanned_women_unread_or_blank,needs_review,rendered_image_pixels,0
f7e8924d3c8b152bb41c,West Bengal,Malda,2013,unclassified,block_ward_reservation,,23.Gazole-I/P.S.-23 | Gazole-l/P.S.-23(W),23,23,,Gazole-l/P.S.-23(W),,,data/wb/gp_source_search/archived_district_files/malda_Gazole.pdf,51c85e144ecf93bab44597781ec47bd81263b28c2162486f86ac33e1819423c3,5,,3,"[742, 778, 769, 2198]","[{""level"": ""5"", ""page_num"": ""1"", ""block_num"": ""23"", ""par_num"": ""1"", ""line_num"": ""1"", ""word_num"": ""1"", ""left"": ""748"", ""top"": ""778"", ""width"": ""21"", ""height"": ""221"", ""conf"": ""61.785831"", ""text"": ""23.Gazole-I/P.S.-23""}, {""level"": ""5"", ""page_num"": ""1"", ""block_num"": ""27"", ""par_num"": ""1"", ""line_num"": ""1"", ""word_num"": ""1"", ""left"": ""742"", ""top"": ""1977"", ""width"": ""24"", ""height"": ""221"", ""conf"": ""59.733231"", ""text"": ""Gazole-l/P.S.-23(W)""}, {""level"": ""5"", ""page_num"": ""1"", ""block_num"": ""27"", ""par_num"": ""1"", ""line_num"": ""1"", ""word_num"": ""1"", ""left"": ""742"", ""top"": ""1977"", ""width"": ""24"", ""height"": ""221"", ""conf"": ""59.733231"", ""text"": ""Gazole-l/P.S.-23(W)""}]",ocr_not_independently_verified;explicit_ps_identifiers_and_codes;conflicting_or_partial_constituency_names;caste_missing_or_conflicting;scanned_women_unread_or_blank,needs_review,rendered_image_pixels,0
1954eb436e19c4fc8bc7,West Bengal,Malda,2013,unclassified,block_ward_reservation,,24.Gazole-lI/P.S.-24 | Gazole-ll/P.S.-24(SC) | Gazole-Il/P.S.-24(SCW),24,24,Gazole-ll/P.S.-24(SC) Gazole-Il/P.S.-24(SCW),Gazole-Il/P.S.-24(SCW),,,data/wb/gp_source_search/archived_district_files/malda_Gazole.pdf,51c85e144ecf93bab44597781ec47bd81263b28c2162486f86ac33e1819423c3,5,,4,"[543, 780, 575, 2221]","[{""level"": ""5"", ""page_num"": ""1"", ""block_num"": ""32"", ""par_num"": ""1"", ""line_num"": ""1"", ""word_num"": ""1"", ""left"": ""555"", ""top"": ""780"", ""width"": ""20"", ""height"": ""228"", ""conf"": ""25.075432"", ""text"": ""24.Gazole-lI/P.S.-24""}, {""level"": ""5"", ""page_num"": ""1"", ""block_num"": ""36"", ""par_num"": ""1"", ""line_num"": ""1"", ""word_num"": ""1"", ""left"": ""543"", ""top"": ""1539"", ""width"": ""25"", ""height"": ""242"", ""conf"": ""68.921097"", ""text"": ""Gazole-ll/P.S.-24(SC)""}, {""level"": ""5"", ""page_num"": ""1"", ""block_num"": ""37"", ""par_num"": ""1"", ""line_num"": ""1"", ""word_num"": ""1"", ""left"": ""548"", ""top"": ""1959"", ""width"": ""24"", ""height"": ""262"", ""conf"": ""76.869453"", ""text"": ""Gazole-Il/P.S.-24(SCW)""}, {""level"": ""5"", ""page_num"": ""1"", ""block_num"": ""36"", ""par_num"": ""1"", ""line_num"": ""1"", ""word_num"": ""1"", ""left"": ""543"", ""top"": ""1539"", ""width"": ""25"", ""height"": ""242"", ""conf"": ""68.921097"", ""text"": ""Gazole-ll/P.S.-24(SC)""}, {""level"": ""5"", ""page_num"": ""1"", ""block_num"": ""37"", ""par_num"": ""1"", ""line_num"": ""1"", ""word_num"": ""1"", ""left"": ""548"", ""top"": ""1959"", ""width"": ""24"", ""height"": ""262"", ""conf"": ""76.869453"", ""text"": ""Gazole-Il/P.S.-24(SCW)""}]",ocr_not_independently_verified;explicit_ps_identifiers_and_codes;conflicting_or_partial_constituency_names;caste_missing_or_conflicting;scanned_women_unread_or_blank,needs_review,rendered_image_pixels,0
3bc92ddefd4761c22bd8,West Bengal,Malda,2013,unclassified,block_ward_reservation,Gazole-ll,25.Gazole-ll/P.S.-25 | Gazole-ll/P.S.-25(SC),25,25,Gazole-ll/P.S.-25(SC),,SC,,data/wb/gp_source_search/archived_district_files/malda_Gazole.pdf,51c85e144ecf93bab44597781ec47bd81263b28c2162486f86ac33e1819423c3,5,,5,"[369, 782, 401, 1783]","[{""level"": ""5"", ""page_num"": ""1"", ""block_num"": ""39"", ""par_num"": ""1"", ""line_num"": ""1"", ""word_num"": ""1"", ""left"": ""380"", ""top"": ""782"", ""width"": ""21"", ""height"": ""227"", ""conf"": ""81.352921"", ""text"": ""25.Gazole-ll/P.S.-25""}, {""level"": ""5"", ""page_num"": ""1"", ""block_num"": ""41"", ""par_num"": ""1"", ""line_num"": ""1"", ""word_num"": ""1"", ""left"": ""369"", ""top"": ""1540"", ""width"": ""24"", ""height"": ""243"", ""conf"": ""52.603031"", ""text"": ""Gazole-ll/P.S.-25(SC)""}, {""level"": ""5"", ""page_num"": ""1"", ""block_num"": ""41"", ""par_num"": ""1"", ""line_num"": ""1"", ""word_num"": ""1"", ""left"": ""369"", ""top"": ""1540"", ""width"": ""24"", ""height"": ""243"", ""conf"": ""52.603031"", ""text"": ""Gazole-ll/P.S.-25(SC)""}]",ocr_not_independently_verified;explicit_ps_identifiers_and_codes;scanned_women_unread_or_blank,needs_review,rendered_image_pixels,0
9d6759fa217d63626f25,West Bengal,Malda,2013,unclassified,block_ward_reservation,,26.Gazole-Il/P.S.-26 | Gazole-ll/P.S.-26(ST) | Gazole-ll/P.S.-26(STW),26,26,Gazole-ll/P.S.-26(ST) Gazole-ll/P.S.-26(STW),Gazole-ll/P.S.-26(STW),,,data/wb/gp_source_search/archived_district_files/malda_Gazole.pdf,51c85e144ecf93bab44597781ec47bd81263b28c2162486f86ac33e1819423c3,5,,6,"[207, 784, 238, 2223]","[{""level"": ""5"", ""page_num"": ""1"", ""block_num"": ""43"", ""par_num"": ""1"", ""line_num"": ""1"", ""word_num"": ""1"", ""left"": ""218"", ""top"": ""784"", ""width"": ""20"", ""height"": ""227"", ""conf"": ""44.473106"", ""text"": ""26.Gazole-Il/P.S.-26""}, {""level"": ""5"", ""page_num"": ""1"", ""block_num"": ""49"", ""par_num"": ""1"", ""line_num"": ""1"", ""word_num"": ""1"", ""left"": ""207"", ""top"": ""1544"", ""width"": ""23"", ""height"": ""239"", ""conf"": ""76.940140"", ""text"": ""Gazole-ll/P.S.-26(ST)""}, {""level"": ""5"", ""page_num"": ""1"", ""block_num"": ""51"", ""par_num"": ""1"", ""line_num"": ""1"", ""word_num"": ""1"", ""left"": ""212"", ""top"": ""1964"", ""width"": ""23"", ""height"": ""259"", ""conf"": ""55.678955"", ""text"": ""Gazole-ll/P.S.-26(STW)""}, {""level"": ""5"", ""page_num"": ""1"", ""block_num"": ""49"", ""par_num"": ""1"", ""line_num"": ""1"", ""word_num"": ""1"", ""left"": ""207"", ""top"": ""1544"", ""width"": ""23"", ""height"": ""239"", ""conf"": ""76.940140"", ""text"": ""Gazole-ll/P.S.-26(ST)""}, {""level"": ""5"", ""page_num"": ""1"", ""block_num"": ""51"", ""par_num"": ""1"", ""line_num"": ""1"", ""word_num"": ""1"", ""left"": ""212"", ""top"": ""1964"", ""width"": ""23"", ""height"": ""259"", ""conf"": ""55.678955"", ""text"": ""Gazole-ll/P.S.-26(STW)""}]",ocr_not_independently_verified;explicit_ps_identifiers_and_codes;conflicting_or_partial_constituency_names;caste_missing_or_conflicting;scanned_women_unread_or_blank,needs_review,rendered_image_pixels,0
0b8c5a185f350bdc50fc,West Bengal,Malda,2013,unclassified,block_ward_reservation,,27.Bairgachi-ll/P.S.-27 | Bairgachhi-ll/P.S.-27(SC),27,27,Bairgachhi-ll/P.S.-27(SC),,,,data/wb/gp_source_search/archived_district_files/malda_Gazole.pdf,51c85e144ecf93bab44597781ec47bd81263b28c2162486f86ac33e1819423c3,6,,1,"[1264, 732, 1298, 1753]","[{""level"": ""5"", ""page_num"": ""1"", ""block_num"": ""16"", ""par_num"": ""1"", ""line_num"": ""1"", ""word_num"": ""1"", ""left"": ""1274"", ""top"": ""732"", ""width"": ""24"", ""height"": ""258"", ""conf"": ""71.109398"", ""text"": ""27.Bairgachi-ll/P.S.-27""}, {""level"": ""5"", ""page_num"": ""1"", ""block_num"": ""18"", ""par_num"": ""1"", ""line_num"": ""1"", ""word_num"": ""1"", ""left"": ""1264"", ""top"": ""1464"", ""width"": ""26"", ""height"": ""289"", ""conf"": ""75.129150"", ""text"": ""Bairgachhi-ll/P.S.-27(SC)""}, {""level"": ""5"", ""page_num"": ""1"", ""block_num"": ""18"", ""par_num"": ""1"", ""line_num"": ""1"", ""word_num"": ""1"", ""left"": ""1264"", ""top"": ""1464"", ""width"": ""26"", ""height"": ""289"", ""conf"": ""75.129150"", ""text"": ""Bairgachhi-ll/P.S.-27(SC)""}]",ocr_not_independently_verified;explicit_ps_identifiers_and_codes;conflicting_or_partial_constituency_names;caste_missing_or_conflicting;scanned_women_unread_or_blank,needs_review,rendered_image_pixels,0
1433c48737f851ceb01b,West Bengal,Malda,2013,unclassified,block_ward_reservation,,28.Bairgachi-ll/P.S.-28 | Bairgachhi-Il/P.S.-28(SC) | Bairgachhi-ll/P.S.-28(SCW),28,28,Bairgachhi-Il/P.S.-28(SC) Bairgachhi-ll/P.S.-28(SCW),Bairgachhi-ll/P.S.-28(SCW),,,data/wb/gp_source_search/archived_district_files/malda_Gazole.pdf,51c85e144ecf93bab44597781ec47bd81263b28c2162486f86ac33e1819423c3,6,,2,"[1124, 733, 1159, 2193]","[{""level"": ""5"", ""page_num"": ""1"", ""block_num"": ""20"", ""par_num"": ""1"", ""line_num"": ""1"", ""word_num"": ""1"", ""left"": ""1134"", ""top"": ""733"", ""width"": ""25"", ""height"": ""258"", ""conf"": ""22.143044"", ""text"": ""28.Bairgachi-ll/P.S.-28""}, {""level"": ""5"", ""page_num"": ""1"", ""block_num"": ""22"", ""par_num"": ""1"", ""line_num"": ""1"", ""word_num"": ""1"", ""left"": ""1124"", ""top"": ""1465"", ""width"": ""26"", ""height"": ""289"", ""conf"": ""51.003147"", ""text"": ""Bairgachhi-Il/P.S.-28(SC)""}, {""level"": ""5"", ""page_num"": ""1"", ""block_num"": ""23"", ""par_num"": ""1"", ""line_num"": ""1"", ""word_num"": ""1"", ""left"": ""1127"", ""top"": ""1883"", ""width"": ""27"", ""height"": ""310"", ""conf"": ""62.840080"", ""text"": ""Bairgachhi-ll/P.S.-28(SCW)""}, {""level"": ""5"", ""page_num"": ""1"", ""block_num"": ""22"", ""par_num"": ""1"", ""line_num"": ""1"", ""word_num"": ""1"", ""left"": ""1124"", ""top"": ""1465"", ""width"": ""26"", ""height"": ""289"", ""conf"": ""51.003147"", ""text"": ""Bairgachhi-Il/P.S.-28(SC)""}, {""level"": ""5"", ""page_num"": ""1"", ""block_num"": ""23"", ""par_num"": ""1"", ""line_num"": ""1"", ""word_num"": ""1"", ""left"": ""1127"", ""top"": ""1883"", ""width"": ""27"", ""height"": ""310"", ""conf"": ""62.840080"", ""text"": ""Bairgachhi-ll/P.S.-28(SCW)""}]",ocr_not_independently_verified;explicit_ps_identifiers_and_codes;conflicting_or_partial_constituency_names;caste_missing_or_conflicting;scanned_women_unread_or_blank,needs_review,rendered_image_pixels,0
99eaf8587e4cbf903f56,West Bengal,Malda,2013,unclassified,block_ward_reservation,Bairgachi-ll,29.Bairgachi-ll/P.S.-29,29,29,,,,,data/wb/gp_source_search/archived_district_files/malda_Gazole.pdf,51c85e144ecf93bab44597781ec47bd81263b28c2162486f86ac33e1819423c3,6,,3,"[990, 734, 1015, 992]","[{""level"": ""5"", ""page_num"": ""1"", ""block_num"": ""25"", ""par_num"": ""1"", ""line_num"": ""1"", ""word_num"": ""1"", ""left"": ""990"", ""top"": ""734"", ""width"": ""25"", ""height"": ""258"", ""conf"": ""16.458817"", ""text"": ""29.Bairgachi-ll/P.S.-29""}]",ocr_not_independently_verified;explicit_ps_identifiers_and_codes;caste_missing_or_conflicting;scanned_women_unread_or_blank,needs_review,rendered_image_pixels,0
0136ad4bb94fd22cb217,West Bengal,Malda,2013,unclassified,block_ward_reservation,Bairgachi-l,30.Bairgachi-l/P.S.-30 | Bairgachi-l/P.S.-30(W),30,30,,Bairgachi-l/P.S.-30(W),,1,data/wb/gp_source_search/archived_district_files/malda_Gazole.pdf,51c85e144ecf93bab44597781ec47bd81263b28c2162486f86ac33e1819423c3,6,,4,"[847, 735, 882, 2166]","[{""level"": ""5"", ""page_num"": ""1"", ""block_num"": ""32"", ""par_num"": ""1"", ""line_num"": ""1"", ""word_num"": ""1"", ""left"": ""847"", ""top"": ""735"", ""width"": ""25"", ""height"": ""252"", ""conf"": ""68.557091"", ""text"": ""30.Bairgachi-l/P.S.-30""}, {""level"": ""5"", ""page_num"": ""1"", ""block_num"": ""34"", ""par_num"": ""1"", ""line_num"": ""1"", ""word_num"": ""1"", ""left"": ""857"", ""top"": ""1913"", ""width"": ""25"", ""height"": ""253"", ""conf"": ""89.623138"", ""text"": ""Bairgachi-l/P.S.-30(W)""}, {""level"": ""5"", ""page_num"": ""1"", ""block_num"": ""34"", ""par_num"": ""1"", ""line_num"": ""1"", ""word_num"": ""1"", ""left"": ""857"", ""top"": ""1913"", ""width"": ""25"", ""height"": ""253"", ""conf"": ""89.623138"", ""text"": ""Bairgachi-l/P.S.-30(W)""}]",ocr_not_independently_verified;explicit_ps_identifiers_and_codes;caste_missing_or_conflicting,needs_review,rendered_image_pixels,0
dbbaf8f90b4753a6f746,West Bengal,Malda,2013,unclassified,block_ward_reservation,Bairgachi-l,31.Bairgachi-l/P.S.-31,31,31,,,,,data/wb/gp_source_search/archived_district_files/malda_Gazole.pdf,51c85e144ecf93bab44597781ec47bd81263b28c2162486f86ac33e1819423c3,6,,5,"[678, 736, 703, 985]","[{""level"": ""5"", ""page_num"": ""1"", ""block_num"": ""36"", ""par_num"": ""1"", ""line_num"": ""1"", ""word_num"": ""1"", ""left"": ""678"", ""top"": ""736"", ""width"": ""25"", ""height"": ""249"", ""conf"": ""34.175362"", ""text"": ""31.Bairgachi-l/P.S.-31""}]",ocr_not_independently_verified;explicit_ps_identifiers_and_codes;caste_missing_or_conflicting;scanned_women_unread_or_blank,needs_review,rendered_image_pixels,0
b7fcf148d7eadb23ce89,West Bengal,Malda,2013,unclassified,block_ward_reservation,Pandua,32.Pandua/P.S.-32,32,32,,,,,data/wb/gp_source_search/archived_district_files/malda_Gazole.pdf,51c85e144ecf93bab44597781ec47bd81263b28c2162486f86ac33e1819423c3,7,,1,"[1421, 535, 1444, 780]","[{""level"": ""5"", ""page_num"": ""1"", ""block_num"": ""15"", ""par_num"": ""1"", ""line_num"": ""1"", ""word_num"": ""1"", ""left"": ""1421"", ""top"": ""535"", ""width"": ""23"", ""height"": ""245"", ""conf"": ""63.641666"", ""text"": ""32.Pandua/P.S.-32""}]",ocr_not_independently_verified;explicit_ps_identifiers_and_codes;caste_missing_or_conflicting;scanned_women_unread_or_blank,needs_review,rendered_image_pixels,0
a1e4644c03caaa8a674e,West Bengal,Malda,2013,unclassified,block_ward_reservation,Majhra,35.Majhra/P.S.-35 | Majhra/P.S.-35(SC) | Majhra/P.S.-35(SCW),35,35,Majhra/P.S.-35(SC) Majhra/P.S.-35(SCW),Majhra/P.S.-35(SCW),SC,1,data/wb/gp_source_search/archived_district_files/malda_Gazole.pdf,51c85e144ecf93bab44597781ec47bd81263b28c2162486f86ac33e1819423c3,8,,1,"[1242, 771, 1286, 2208]","[{""level"": ""5"", ""page_num"": ""1"", ""block_num"": ""13"", ""par_num"": ""1"", ""line_num"": ""1"", ""word_num"": ""1"", ""left"": ""1263"", ""top"": ""771"", ""width"": ""23"", ""height"": ""207"", ""conf"": ""90.582962"", ""text"": ""35.Majhra/P.S.-35""}, {""level"": ""5"", ""page_num"": ""1"", ""block_num"": ""15"", ""par_num"": ""1"", ""line_num"": ""1"", ""word_num"": ""1"", ""left"": ""1244"", ""top"": ""1546"", ""width"": ""24"", ""height"": ""220"", ""conf"": ""82.101128"", ""text"": ""Majhra/P.S.-35(SC)""}, {""level"": ""5"", ""page_num"": ""1"", ""block_num"": ""16"", ""par_num"": ""1"", ""line_num"": ""1"", ""word_num"": ""1"", ""left"": ""1242"", ""top"": ""1967"", ""width"": ""24"", ""height"": ""241"", ""conf"": ""54.694397"", ""text"": ""Majhra/P.S.-35(SCW)""}, {""level"": ""5"", ""page_num"": ""1"", ""block_num"": ""15"", ""par_num"": ""1"", ""line_num"": ""1"", ""word_num"": ""1"", ""left"": ""1244"", ""top"": ""1546"", ""width"": ""24"", ""height"": ""220"", ""conf"": ""82.101128"", ""text"": ""Majhra/P.S.-35(SC)""}, {""level"": ""5"", ""page_num"": ""1"", ""block_num"": ""16"", ""par_num"": ""1"", ""line_num"": ""1"", ""word_num"": ""1"", ""left"": ""1242"", ""top"": ""1967"", ""width"": ""24"", ""height"": ""241"", ""conf"": ""54.694397"", ""text"": ""Majhra/P.S.-35(SCW)""}]",ocr_not_independently_verified;explicit_ps_identifiers_and_codes,needs_review,rendered_image_pixels,0
2bbd34d150e3f6fd2b0a,West Bengal,Malda,2013,unclassified,block_ward_reservation,Majhra,36.Majhra/P.S.-36 | Majhra/P.S.-36(ST),36,36,Majhra/P.S.-36(ST),,ST,,data/wb/gp_source_search/archived_district_files/malda_Gazole.pdf,51c85e144ecf93bab44597781ec47bd81263b28c2162486f86ac33e1819423c3,8,,2,"[1032, 770, 1074, 1764]","[{""level"": ""5"", ""page_num"": ""1"", ""block_num"": ""18"", ""par_num"": ""1"", ""line_num"": ""1"", ""word_num"": ""1"", ""left"": ""1050"", ""top"": ""770"", ""width"": ""24"", ""height"": ""208"", ""conf"": ""91.331657"", ""text"": ""36.Majhra/P.S.-36""}, {""level"": ""5"", ""page_num"": ""1"", ""block_num"": ""21"", ""par_num"": ""1"", ""line_num"": ""1"", ""word_num"": ""1"", ""left"": ""1032"", ""top"": ""1546"", ""width"": ""23"", ""height"": ""218"", ""conf"": ""88.575882"", ""text"": ""Majhra/P.S.-36(ST)""}, {""level"": ""5"", ""page_num"": ""1"", ""block_num"": ""21"", ""par_num"": ""1"", ""line_num"": ""1"", ""word_num"": ""1"", ""left"": ""1032"", ""top"": ""1546"", ""width"": ""23"", ""height"": ""218"", ""conf"": ""88.575882"", ""text"": ""Majhra/P.S.-36(ST)""}]",ocr_not_independently_verified;explicit_ps_identifiers_and_codes;scanned_women_unread_or_blank,needs_review,rendered_image_pixels,0
e0b3dad3c69f55705644,West Bengal,Malda,2013,unclassified,block_ward_reservation,Majhra,37.Majhra/P.S.-37 | Majhra/P.S.-37(ST) | Majhra/P.S.-37(STW),37,37,Majhra/P.S.-37(ST) Majhra/P.S.-37(STW),Majhra/P.S.-37(STW),ST,1,data/wb/gp_source_search/archived_district_files/malda_Gazole.pdf,51c85e144ecf93bab44597781ec47bd81263b28c2162486f86ac33e1819423c3,8,,3,"[804, 769, 848, 2204]","[{""level"": ""5"", ""page_num"": ""1"", ""block_num"": ""23"", ""par_num"": ""1"", ""line_num"": ""1"", ""word_num"": ""1"", ""left"": ""824"", ""top"": ""769"", ""width"": ""24"", ""height"": ""207"", ""conf"": ""90.637939"", ""text"": ""37.Majhra/P.S.-37""}, {""level"": ""5"", ""page_num"": ""1"", ""block_num"": ""25"", ""par_num"": ""1"", ""line_num"": ""1"", ""word_num"": ""1"", ""left"": ""806"", ""top"": ""1545"", ""width"": ""24"", ""height"": ""218"", ""conf"": ""48.395164"", ""text"": ""Majhra/P.S.-37(ST)""}, {""level"": ""5"", ""page_num"": ""1"", ""block_num"": ""26"", ""par_num"": ""1"", ""line_num"": ""1"", ""word_num"": ""1"", ""left"": ""804"", ""top"": ""1967"", ""width"": ""24"", ""height"": ""237"", ""conf"": ""85.287773"", ""text"": ""Majhra/P.S.-37(STW)""}, {""level"": ""5"", ""page_num"": ""1"", ""block_num"": ""25"", ""par_num"": ""1"", ""line_num"": ""1"", ""word_num"": ""1"", ""left"": ""806"", ""top"": ""1545"", ""width"": ""24"", ""height"": ""218"", ""conf"": ""48.395164"", ""text"": ""Majhra/P.S.-37(ST)""}, {""level"": ""5"", ""page_num"": ""1"", ""block_num"": ""26"", ""par_num"": ""1"", ""line_num"": ""1"", ""word_num"": ""1"", ""left"": ""804"", ""top"": ""1967"", ""width"": ""24"", ""height"": ""237"", ""conf"": ""85.287773"", ""text"": ""Majhra/P.S.-37(STW)""}]",ocr_not_independently_verified;explicit_ps_identifiers_and_codes,needs_review,rendered_image_pixels,0
1191843662ee62774301,West Bengal,Malda,2013,unclassified,block_ward_reservation,Raniganj-l,38.Raniganj-l/P.S.-38 | Raniganj-l/P.S.-38(ST),38,38,Raniganj-l/P.S.-38(ST),,ST,,data/wb/gp_source_search/archived_district_files/malda_Gazole.pdf,51c85e144ecf93bab44597781ec47bd81263b28c2162486f86ac33e1819423c3,8,,4,"[610, 768, 653, 1782]","[{""level"": ""5"", ""page_num"": ""1"", ""block_num"": ""30"", ""par_num"": ""1"", ""line_num"": ""1"", ""word_num"": ""1"", ""left"": ""629"", ""top"": ""768"", ""width"": ""24"", ""height"": ""247"", ""conf"": ""61.792862"", ""text"": ""38.Raniganj-l/P.S.-38""}, {""level"": ""5"", ""page_num"": ""1"", ""block_num"": ""33"", ""par_num"": ""1"", ""line_num"": ""1"", ""word_num"": ""1"", ""left"": ""610"", ""top"": ""1524"", ""width"": ""24"", ""height"": ""258"", ""conf"": ""53.691082"", ""text"": ""Raniganj-l/P.S.-38(ST)""}, {""level"": ""5"", ""page_num"": ""1"", ""block_num"": ""33"", ""par_num"": ""1"", ""line_num"": ""1"", ""word_num"": ""1"", ""left"": ""610"", ""top"": ""1524"", ""width"": ""24"", ""height"": ""258"", ""conf"": ""53.691082"", ""text"": ""Raniganj-l/P.S.-38(ST)""}]",ocr_not_independently_verified;explicit_ps_identifiers_and_codes;scanned_women_unread_or_blank,needs_review,rendered_image_pixels,0
9e4042c64101fada229f,West Bengal,Malda,2013,unclassified,block_ward_reservation,Raniganj-l,39.Raniganj-l/P.S.-39 | Raniganj-l/P.S.-39(SC),39,39,Raniganj-l/P.S.-39(SC),,SC,,data/wb/gp_source_search/archived_district_files/malda_Gazole.pdf,51c85e144ecf93bab44597781ec47bd81263b28c2162486f86ac33e1819423c3,8,,5,"[429, 767, 472, 1782]","[{""level"": ""5"", ""page_num"": ""1"", ""block_num"": ""36"", ""par_num"": ""1"", ""line_num"": ""1"", ""word_num"": ""1"", ""left"": ""448"", ""top"": ""767"", ""width"": ""24"", ""height"": ""247"", ""conf"": ""73.965683"", ""text"": ""39.Raniganj-l/P.S.-39""}, {""level"": ""5"", ""page_num"": ""1"", ""block_num"": ""42"", ""par_num"": ""1"", ""line_num"": ""1"", ""word_num"": ""1"", ""left"": ""429"", ""top"": ""1521"", ""width"": ""24"", ""height"": ""261"", ""conf"": ""69.403076"", ""text"": ""Raniganj-l/P.S.-39(SC)""}, {""level"": ""5"", ""page_num"": ""1"", ""block_num"": ""42"", ""par_num"": ""1"", ""line_num"": ""1"", ""word_num"": ""1"", ""left"": ""429"", ""top"": ""1521"", ""width"": ""24"", ""height"": ""261"", ""conf"": ""69.403076"", ""text"": ""Raniganj-l/P.S.-39(SC)""}]",ocr_not_independently_verified;explicit_ps_identifiers_and_codes;scanned_women_unread_or_blank,needs_review,rendered_image_pixels,0
4b7a385786631fed8d85,West Bengal,Malda,2013,unclassified,block_ward_reservation,Raniganj-ll,40.Raniganj-ll/P.S.-40 | Raniganj-ll/P.S.-40(W),40,40,,Raniganj-ll/P.S.-40(W),,1,data/wb/gp_source_search/archived_district_files/malda_Gazole.pdf,51c85e144ecf93bab44597781ec47bd81263b28c2162486f86ac33e1819423c3,9,,1,"[1261, 774, 1297, 2205]","[{""level"": ""5"", ""page_num"": ""1"", ""block_num"": ""18"", ""par_num"": ""1"", ""line_num"": ""1"", ""word_num"": ""1"", ""left"": ""1261"", ""top"": ""774"", ""width"": ""24"", ""height"": ""252"", ""conf"": ""66.558716"", ""text"": ""40.Raniganj-ll/P.S.-40""}, {""level"": ""5"", ""page_num"": ""1"", ""block_num"": ""21"", ""par_num"": ""1"", ""line_num"": ""1"", ""word_num"": ""1"", ""left"": ""1272"", ""top"": ""1957"", ""width"": ""25"", ""height"": ""248"", ""conf"": ""69.193291"", ""text"": ""Raniganj-ll/P.S.-40(W)""}, {""level"": ""5"", ""page_num"": ""1"", ""block_num"": ""21"", ""par_num"": ""1"", ""line_num"": ""1"", ""word_num"": ""1"", ""left"": ""1272"", ""top"": ""1957"", ""width"": ""25"", ""height"": ""248"", ""conf"": ""69.193291"", ""text"": ""Raniganj-ll/P.S.-40(W)""}]",ocr_not_independently_verified;explicit_ps_identifiers_and_codes;caste_missing_or_conflicting,needs_review,rendered_image_pixels,0
2b37b54a4d28fe688e32,West Bengal,Malda,2013,unclassified,block_ward_reservation,Raniganj-ll,41.Raniganj-ll/P.S.-41,41,41,,,,,data/wb/gp_source_search/archived_district_files/malda_Gazole.pdf,51c85e144ecf93bab44597781ec47bd81263b28c2162486f86ac33e1819423c3,9,,2,"[1113, 776, 1137, 1024]","[{""level"": ""5"", ""page_num"": ""1"", ""block_num"": ""23"", ""par_num"": ""1"", ""line_num"": ""1"", ""word_num"": ""1"", ""left"": ""1113"", ""top"": ""776"", ""width"": ""24"", ""height"": ""248"", ""conf"": ""83.624283"", ""text"": ""41.Raniganj-ll/P.S.-41""}]",ocr_not_independently_verified;explicit_ps_identifiers_and_codes;caste_missing_or_conflicting;scanned_women_unread_or_blank,needs_review,rendered_image_pixels,0
2f1fe8c17dcb188c3c16,West Bengal,Malda,2013,unclassified,block_ward_reservation,Raniganj-ll,42.Raniganj-ll/P.S.-42,42,42,,,,,data/wb/gp_source_search/archived_district_files/malda_Gazole.pdf,51c85e144ecf93bab44597781ec47bd81263b28c2162486f86ac33e1819423c3,9,,3,"[954, 778, 979, 1029]","[{""level"": ""5"", ""page_num"": ""1"", ""block_num"": ""27"", ""par_num"": ""1"", ""line_num"": ""1"", ""word_num"": ""1"", ""left"": ""954"", ""top"": ""778"", ""width"": ""25"", ""height"": ""251"", ""conf"": ""79.939163"", ""text"": ""42.Raniganj-ll/P.S.-42""}]",ocr_not_independently_verified;explicit_ps_identifiers_and_codes;caste_missing_or_conflicting;scanned_women_unread_or_blank,needs_review,rendered_image_pixels,0
be48760c4b366241a897,West Bengal,Malda,2013,unclassified,block_ward_reservation,Mangalpura,1.Mangalpura/P.S.-1 | Mangalpura/P.S.-1(W),1,1,,Mangalpura/P.S.-1(W),,1,data/wb/gp_source_search/archived_district_files/malda_Habibpur.pdf,a003a84344775cf869a174a98a14ba3642deb1664b84ef02c1893ec96789af46,1,,1,"[394, 410, 1395, 433]","[{""level"": ""5"", ""page_num"": ""1"", ""block_num"": ""10"", ""par_num"": ""1"", ""line_num"": ""1"", ""word_num"": ""1"", ""left"": ""394"", ""top"": ""410"", ""width"": ""209"", ""height"": ""22"", ""conf"": ""89.394875"", ""text"": ""1.Mangalpura/P.S.-1""}, {""level"": ""5"", ""page_num"": ""1"", ""block_num"": ""12"", ""par_num"": ""1"", ""line_num"": ""1"", ""word_num"": ""1"", ""left"": ""1166"", ""top"": ""411"", ""width"": ""229"", ""height"": ""22"", ""conf"": ""71.547585"", ""text"": ""Mangalpura/P.S.-1(W)""}, {""level"": ""5"", ""page_num"": ""1"", ""block_num"": ""12"", ""par_num"": ""1"", ""line_num"": ""1"", ""word_num"": ""1"", ""left"": ""1166"", ""top"": ""411"", ""width"": ""229"", ""height"": ""22"", ""conf"": ""71.547585"", ""text"": ""Mangalpura/P.S.-1(W)""}]",ocr_not_independently_verified;explicit_ps_identifiers_and_codes;caste_missing_or_conflicting,needs_review,rendered_image_pixels,0
450bc7627dbe50da15ba,West Bengal,Malda,2013,unclassified,block_ward_reservation,Mangalpura,2.Mangalpura/P.S.-2 | Mangalpura/P.S.-2,2,2,(ST) (STW),(STW),ST,1,data/wb/gp_source_search/archived_district_files/malda_Habibpur.pdf,a003a84344775cf869a174a98a14ba3642deb1664b84ef02c1893ec96789af46,1,,2,"[392, 528, 1413, 552]","[{""level"": ""5"", ""page_num"": ""1"", ""block_num"": ""14"", ""par_num"": ""1"", ""line_num"": ""1"", ""word_num"": ""1"", ""left"": ""392"", ""top"": ""528"", ""width"": ""214"", ""height"": ""23"", ""conf"": ""53.205620"", ""text"": ""2.Mangalpura/P.S.-2""}, {""level"": ""5"", ""page_num"": ""1"", ""block_num"": ""16"", ""par_num"": ""1"", ""line_num"": ""1"", ""word_num"": ""1"", ""left"": ""875"", ""top"": ""530"", ""width"": ""193"", ""height"": ""21"", ""conf"": ""90.421524"", ""text"": ""Mangalpura/P.S.-2""}, {""level"": ""5"", ""page_num"": ""1"", ""block_num"": ""17"", ""par_num"": ""1"", ""line_num"": ""1"", ""word_num"": ""1"", ""left"": ""1148"", ""top"": ""530"", ""width"": ""189"", ""height"": ""22"", ""conf"": ""90.899162"", ""text"": ""Mangalpura/P.S.-2""}, {""level"": ""5"", ""page_num"": ""1"", ""block_num"": ""16"", ""par_num"": ""1"", ""line_num"": ""1"", ""word_num"": ""2"", ""left"": ""1077"", ""top"": ""530"", ""width"": ""43"", ""height"": ""21"", ""conf"": ""96.805153"", ""text"": ""(ST)""}, {""level"": ""5"", ""page_num"": ""1"", ""block_num"": ""17"", ""par_num"": ""1"", ""line_num"": ""1"", ""word_num"": ""2"", ""left"": ""1346"", ""top"": ""530"", ""width"": ""67"", ""height"": ""21"", ""conf"": ""95.833961"", ""text"": ""(STW)""}]",ocr_not_independently_verified;explicit_ps_identifiers_and_codes,needs_review,rendered_image_pixels,0
7b317ece149a91e84880,West Bengal,Malda,2013,unclassified,block_ward_reservation,Mangalpura,3.Mangalpura/P.S.-3,3,3,,,,,data/wb/gp_source_search/archived_district_files/malda_Habibpur.pdf,a003a84344775cf869a174a98a14ba3642deb1664b84ef02c1893ec96789af46,1,,3,"[393, 644, 606, 666]","[{""level"": ""5"", ""page_num"": ""1"", ""block_num"": ""19"", ""par_num"": ""1"", ""line_num"": ""1"", ""word_num"": ""1"", ""left"": ""393"", ""top"": ""644"", ""width"": ""213"", ""height"": ""22"", ""conf"": ""59.155430"", ""text"": ""3.Mangalpura/P.S.-3""}]",ocr_not_independently_verified;explicit_ps_identifiers_and_codes;caste_missing_or_conflicting;scanned_women_unread_or_blank,needs_review,rendered_image_pixels,0
1851911857c832828e4d,West Bengal,Malda,2013,unclassified,block_ward_reservation,Aktail,Aktail/P.S.-4,4,4,(ST),,ST,,data/wb/gp_source_search/archived_district_files/malda_Habibpur.pdf,a003a84344775cf869a174a98a14ba3642deb1664b84ef02c1893ec96789af46,1,,4,"[406, 776, 1054, 799]","[{""level"": ""5"", ""page_num"": ""1"", ""block_num"": ""23"", ""par_num"": ""1"", ""line_num"": ""1"", ""word_num"": ""2"", ""left"": ""406"", ""top"": ""776"", ""width"": ""133"", ""height"": ""18"", ""conf"": ""46.685577"", ""text"": ""Aktail/P.S.-4""}, {""level"": ""5"", ""page_num"": ""1"", ""block_num"": ""25"", ""par_num"": ""1"", ""line_num"": ""1"", ""word_num"": ""1"", ""left"": ""873"", ""top"": ""777"", ""width"": ""128"", ""height"": ""17"", ""conf"": ""91.535042"", ""text"": ""Aktail/P.S.-4""}, {""level"": ""5"", ""page_num"": ""1"", ""block_num"": ""25"", ""par_num"": ""1"", ""line_num"": ""1"", ""word_num"": ""2"", ""left"": ""1010"", ""top"": ""777"", ""width"": ""44"", ""height"": ""22"", ""conf"": ""94.943207"", ""text"": ""(ST)""}]",ocr_not_independently_verified;explicit_ps_identifiers_and_codes;scanned_women_unread_or_blank,needs_review,rendered_image_pixels,0
e413b5bddf7f60494f52,West Bengal,Malda,2013,unclassified,block_ward_reservation,Aktail,5.Aktail/P.S.-5 | Aktail/P.S.-5 | Aktail/P.S.-5(STW),5,5,Aktail/P.S.-5(STW) (ST),Aktail/P.S.-5(STW),ST,1,data/wb/gp_source_search/archived_district_files/malda_Habibpur.pdf,a003a84344775cf869a174a98a14ba3642deb1664b84ef02c1893ec96789af46,1,,5,"[392, 922, 1375, 945]","[{""level"": ""5"", ""page_num"": ""1"", ""block_num"": ""27"", ""par_num"": ""1"", ""line_num"": ""1"", ""word_num"": ""1"", ""left"": ""392"", ""top"": ""922"", ""width"": ""147"", ""height"": ""17"", ""conf"": ""80.780167"", ""text"": ""5.Aktail/P.S.-5""}, {""level"": ""5"", ""page_num"": ""1"", ""block_num"": ""29"", ""par_num"": ""1"", ""line_num"": ""1"", ""word_num"": ""1"", ""left"": ""873"", ""top"": ""923"", ""width"": ""128"", ""height"": ""17"", ""conf"": ""81.034203"", ""text"": ""Aktail/P.S.-5""}, {""level"": ""5"", ""page_num"": ""1"", ""block_num"": ""30"", ""par_num"": ""1"", ""line_num"": ""1"", ""word_num"": ""1"", ""left"": ""1181"", ""top"": ""923"", ""width"": ""194"", ""height"": ""22"", ""conf"": ""91.093475"", ""text"": ""Aktail/P.S.-5(STW)""}, {""level"": ""5"", ""page_num"": ""1"", ""block_num"": ""30"", ""par_num"": ""1"", ""line_num"": ""1"", ""word_num"": ""1"", ""left"": ""1181"", ""top"": ""923"", ""width"": ""194"", ""height"": ""22"", ""conf"": ""91.093475"", ""text"": ""Aktail/P.S.-5(STW)""}, {""level"": ""5"", ""page_num"": ""1"", ""block_num"": ""29"", ""par_num"": ""1"", ""line_num"": ""1"", ""word_num"": ""2"", ""left"": ""1010"", ""top"": ""923"", ""width"": ""43"", ""height"": ""21"", ""conf"": ""96.934364"", ""text"": ""(ST)""}]",ocr_not_independently_verified;explicit_ps_identifiers_and_codes,needs_review,rendered_image_pixels,0
bf66f2bb8a98cafcce43,West Bengal,Malda,2013,unclassified,block_ward_reservation,Aktail,Aktail/P.S.-6,6,6,,(W),,1,data/wb/gp_source_search/archived_district_files/malda_Habibpur.pdf,a003a84344775cf869a174a98a14ba3642deb1664b84ef02c1893ec96789af46,1,,6,"[410, 1067, 1363, 1091]","[{""level"": ""5"", ""page_num"": ""1"", ""block_num"": ""32"", ""par_num"": ""1"", ""line_num"": ""1"", ""word_num"": ""2"", ""left"": ""410"", ""top"": ""1067"", ""width"": ""129"", ""height"": ""18"", ""conf"": ""54.059677"", ""text"": ""Aktail/P.S.-6""}, {""level"": ""5"", ""page_num"": ""1"", ""block_num"": ""34"", ""par_num"": ""1"", ""line_num"": ""1"", ""word_num"": ""1"", ""left"": ""1192"", ""top"": ""1069"", ""width"": ""127"", ""height"": ""18"", ""conf"": ""90.247917"", ""text"": ""Aktail/P.S.-6""}, {""level"": ""5"", ""page_num"": ""1"", ""block_num"": ""34"", ""par_num"": ""1"", ""line_num"": ""1"", ""word_num"": ""2"", ""left"": ""1327"", ""top"": ""1070"", ""width"": ""36"", ""height"": ""21"", ""conf"": ""93.057625"", ""text"": ""(W)""}]",ocr_not_independently_verified;explicit_ps_identifiers_and_codes;caste_missing_or_conflicting,needs_review,rendered_image_pixels,0
10b892714a8207458e0f,West Bengal,Malda,2013,unclassified,block_ward_reservation,Baidyapur,7.Baidyapur/P.S.-7 | Baidyapur/P.S.-7(SC),7,7,Baidyapur/P.S.-7(SC),,SC,,data/wb/gp_source_search/archived_district_files/malda_Habibpur.pdf,a003a84344775cf869a174a98a14ba3642deb1664b84ef02c1893ec96789af46,1,,7,"[391, 1256, 1096, 1279]","[{""level"": ""5"", ""page_num"": ""1"", ""block_num"": ""39"", ""par_num"": ""1"", ""line_num"": ""1"", ""word_num"": ""1"", ""left"": ""391"", ""top"": ""1256"", ""width"": ""195"", ""height"": ""22"", ""conf"": ""80.451233"", ""text"": ""7.Baidyapur/P.S.-7""}, {""level"": ""5"", ""page_num"": ""1"", ""block_num"": ""41"", ""par_num"": ""1"", ""line_num"": ""1"", ""word_num"": ""1"", ""left"": ""874"", ""top"": ""1257"", ""width"": ""222"", ""height"": ""22"", ""conf"": ""90.920258"", ""text"": ""Baidyapur/P.S.-7(SC)""}, {""level"": ""5"", ""page_num"": ""1"", ""block_num"": ""41"", ""par_num"": ""1"", ""line_num"": ""1"", ""word_num"": ""1"", ""left"": ""874"", ""top"": ""1257"", ""width"": ""222"", ""height"": ""22"", ""conf"": ""90.920258"", ""text"": ""Baidyapur/P.S.-7(SC)""}]",ocr_not_independently_verified;explicit_ps_identifiers_and_codes;scanned_women_unread_or_blank,needs_review,rendered_image_pixels,0
3591d446ba9c121b5b37,West Bengal,Malda,2013,unclassified,block_ward_reservation,Baidyapur,8.Baidyapur/P.S.-8 | Baidyapur/P.S.-8,8,8,(SC) (SCW),(SCW),SC,1,data/wb/gp_source_search/archived_district_files/malda_Habibpur.pdf,a003a84344775cf869a174a98a14ba3642deb1664b84ef02c1893ec96789af46,1,,8,"[392, 1476, 1404, 1500]","[{""level"": ""5"", ""page_num"": ""1"", ""block_num"": ""43"", ""par_num"": ""1"", ""line_num"": ""1"", ""word_num"": ""1"", ""left"": ""392"", ""top"": ""1476"", ""width"": ""194"", ""height"": ""23"", ""conf"": ""80.955544"", ""text"": ""8.Baidyapur/P.S.-8""}, {""level"": ""5"", ""page_num"": ""1"", ""block_num"": ""45"", ""par_num"": ""1"", ""line_num"": ""1"", ""word_num"": ""1"", ""left"": ""874"", ""top"": ""1477"", ""width"": ""174"", ""height"": ""23"", ""conf"": ""89.399139"", ""text"": ""Baidyapur/P.S.-8""}, {""level"": ""5"", ""page_num"": ""1"", ""block_num"": ""46"", ""par_num"": ""1"", ""line_num"": ""1"", ""word_num"": ""1"", ""left"": ""1154"", ""top"": ""1478"", ""width"": ""171"", ""height"": ""22"", ""conf"": ""91.605682"", ""text"": ""Baidyapur/P.S.-8""}, {""level"": ""5"", ""page_num"": ""1"", ""block_num"": ""45"", ""par_num"": ""1"", ""line_num"": ""1"", ""word_num"": ""2"", ""left"": ""1057"", ""top"": ""1477"", ""width"": ""46"", ""height"": ""21"", ""conf"": ""96.130493"", ""text"": ""(SC)""}, {""level"": ""5"", ""page_num"": ""1"", ""block_num"": ""46"", ""par_num"": ""1"", ""line_num"": ""1"", ""word_num"": ""2"", ""left"": ""1334"", ""top"": ""1478"", ""width"": ""70"", ""height"": ""22"", ""conf"": ""91.110634"", ""text"": ""(SCW)""}]",ocr_not_independently_verified;explicit_ps_identifiers_and_codes,needs_review,rendered_image_pixels,0
028bd149789737b63b58,West Bengal,Malda,2013,unclassified,block_ward_reservation,Baidyapur,9.Baidyapur/P.S.-9 | Baidyapur/P.S.-9,9,9,(SC),,SC,,data/wb/gp_source_search/archived_district_files/malda_Habibpur.pdf,a003a84344775cf869a174a98a14ba3642deb1664b84ef02c1893ec96789af46,1,,9,"[391, 1680, 1103, 1703]","[{""level"": ""5"", ""page_num"": ""1"", ""block_num"": ""49"", ""par_num"": ""1"", ""line_num"": ""1"", ""word_num"": ""1"", ""left"": ""391"", ""top"": ""1680"", ""width"": ""195"", ""height"": ""22"", ""conf"": ""86.063309"", ""text"": ""9.Baidyapur/P.S.-9""}, {""level"": ""5"", ""page_num"": ""1"", ""block_num"": ""53"", ""par_num"": ""1"", ""line_num"": ""1"", ""word_num"": ""1"", ""left"": ""874"", ""top"": ""1681"", ""width"": ""174"", ""height"": ""22"", ""conf"": ""91.546791"", ""text"": ""Baidyapur/P.S.-9""}, {""level"": ""5"", ""page_num"": ""1"", ""block_num"": ""53"", ""par_num"": ""1"", ""line_num"": ""1"", ""word_num"": ""2"", ""left"": ""1057"", ""top"": ""1681"", ""width"": ""46"", ""height"": ""22"", ""conf"": ""96.360710"", ""text"": ""(SC)""}]",ocr_not_independently_verified;explicit_ps_identifiers_and_codes;scanned_women_unread_or_blank,needs_review,rendered_image_pixels,0
0eac48b0f3f57d3dc2b0,West Bengal,Malda,2013,unclassified,block_ward_reservation,Jajoil,10.Jajoil/P.S.-10 | Jajoil/P.S.-10,10,10,(SC) (SCW),(SCW),SC,1,data/wb/gp_source_search/archived_district_files/malda_Habibpur.pdf,a003a84344775cf869a174a98a14ba3642deb1664b84ef02c1893ec96789af46,2,,1,"[393, 269, 1384, 294]","[{""level"": ""5"", ""page_num"": ""1"", ""block_num"": ""17"", ""par_num"": ""1"", ""line_num"": ""1"", ""word_num"": ""1"", ""left"": ""393"", ""top"": ""272"", ""width"": ""167"", ""height"": ""22"", ""conf"": ""86.273979"", ""text"": ""10.Jajoil/P.S.-10""}, {""level"": ""5"", ""page_num"": ""1"", ""block_num"": ""19"", ""par_num"": ""1"", ""line_num"": ""1"", ""word_num"": ""1"", ""left"": ""873"", ""top"": ""270"", ""width"": ""136"", ""height"": ""23"", ""conf"": ""74.931496"", ""text"": ""Jajoil/P.S.-10""}, {""level"": ""5"", ""page_num"": ""1"", ""block_num"": ""20"", ""par_num"": ""1"", ""line_num"": ""1"", ""word_num"": ""1"", ""left"": ""1173"", ""top"": ""269"", ""width"": ""134"", ""height"": ""23"", ""conf"": ""89.573593"", ""text"": ""Jajoil/P.S.-10""}, {""level"": ""5"", ""page_num"": ""1"", ""block_num"": ""19"", ""par_num"": ""1"", ""line_num"": ""1"", ""word_num"": ""2"", ""left"": ""1018"", ""top"": ""270"", ""width"": ""47"", ""height"": ""22"", ""conf"": ""95.987312"", ""text"": ""(SC)""}, {""level"": ""5"", ""page_num"": ""1"", ""block_num"": ""20"", ""par_num"": ""1"", ""line_num"": ""1"", ""word_num"": ""2"", ""left"": ""1315"", ""top"": ""269"", ""width"": ""69"", ""height"": ""22"", ""conf"": ""92.495537"", ""text"": ""(SCW)""}]",ocr_not_independently_verified;explicit_ps_identifiers_and_codes,needs_review,rendered_image_pixels,0
484aa2853b0ed4c6a93d,West Bengal,Malda,2013,unclassified,block_ward_reservation,Jajoil,11.Jajoil/P.S.-11 | Jajoil/P.S.-11(SC),11,11,Jajoil/P.S.-11(SC),,SC,,data/wb/gp_source_search/archived_district_files/malda_Habibpur.pdf,a003a84344775cf869a174a98a14ba3642deb1664b84ef02c1893ec96789af46,2,,2,"[393, 377, 1058, 401]","[{""level"": ""5"", ""page_num"": ""1"", ""block_num"": ""22"", ""par_num"": ""1"", ""line_num"": ""1"", ""word_num"": ""1"", ""left"": ""393"", ""top"": ""378"", ""width"": ""164"", ""height"": ""23"", ""conf"": ""74.283005"", ""text"": ""11.Jajoil/P.S.-11""}, {""level"": ""5"", ""page_num"": ""1"", ""block_num"": ""24"", ""par_num"": ""1"", ""line_num"": ""1"", ""word_num"": ""1"", ""left"": ""874"", ""top"": ""377"", ""width"": ""184"", ""height"": ""23"", ""conf"": ""84.613136"", ""text"": ""Jajoil/P.S.-11(SC)""}, {""level"": ""5"", ""page_num"": ""1"", ""block_num"": ""24"", ""par_num"": ""1"", ""line_num"": ""1"", ""word_num"": ""1"", ""left"": ""874"", ""top"": ""377"", ""width"": ""184"", ""height"": ""23"", ""conf"": ""84.613136"", ""text"": ""Jajoil/P.S.-11(SC)""}]",ocr_not_independently_verified;explicit_ps_identifiers_and_codes;scanned_women_unread_or_blank,needs_review,rendered_image_pixels,0
a0caf594045a541f5e45,West Bengal,Malda,2013,unclassified,block_ward_reservation,Jajoil,Jajoil/P.S.-12,12,12,,,,,data/wb/gp_source_search/archived_district_files/malda_Habibpur.pdf,a003a84344775cf869a174a98a14ba3642deb1664b84ef02c1893ec96789af46,2,,3,"[424, 476, 560, 499]","[{""level"": ""5"", ""page_num"": ""1"", ""block_num"": ""26"", ""par_num"": ""1"", ""line_num"": ""1"", ""word_num"": ""2"", ""left"": ""424"", ""top"": ""476"", ""width"": ""136"", ""height"": ""23"", ""conf"": ""86.612946"", ""text"": ""Jajoil/P.S.-12""}]",ocr_not_independently_verified;explicit_ps_identifiers_and_codes;caste_missing_or_conflicting;scanned_women_unread_or_blank,needs_review,rendered_image_pixels,0
fc8394930c8991f97e47,West Bengal,Malda,2013,unclassified,block_ward_reservation,Kanturka,13.Kanturka/P.S.-13 | Kanturka/P.S.-13,13,13,,(W),,1,data/wb/gp_source_search/archived_district_files/malda_Habibpur.pdf,a003a84344775cf869a174a98a14ba3642deb1664b84ef02c1893ec96789af46,2,,4,"[393, 581, 1389, 604]","[{""level"": ""5"", ""page_num"": ""1"", ""block_num"": ""30"", ""par_num"": ""1"", ""line_num"": ""1"", ""word_num"": ""1"", ""left"": ""393"", ""top"": ""584"", ""width"": ""208"", ""height"": ""18"", ""conf"": ""78.034134"", ""text"": ""13.Kanturka/P.S.-13""}, {""level"": ""5"", ""page_num"": ""1"", ""block_num"": ""32"", ""par_num"": ""1"", ""line_num"": ""1"", ""word_num"": ""1"", ""left"": ""1171"", ""top"": ""581"", ""width"": ""173"", ""height"": ""19"", ""conf"": ""92.058960"", ""text"": ""Kanturka/P.S.-13""}, {""level"": ""5"", ""page_num"": ""1"", ""block_num"": ""32"", ""par_num"": ""1"", ""line_num"": ""1"", ""word_num"": ""2"", ""left"": ""1352"", ""top"": ""582"", ""width"": ""37"", ""height"": ""22"", ""conf"": ""92.836693"", ""text"": ""(W)""}]",ocr_not_independently_verified;explicit_ps_identifiers_and_codes;caste_missing_or_conflicting,needs_review,rendered_image_pixels,0
729250ee773baa9d2f26,West Bengal,Malda,2013,unclassified,block_ward_reservation,Kanturka,14.Kanturka/P.S.-14 | Kanturka/P.S.-14,14,14,(SC) (SCW),(SCW),SC,1,data/wb/gp_source_search/archived_district_files/malda_Habibpur.pdf,a003a84344775cf869a174a98a14ba3642deb1664b84ef02c1893ec96789af46,2,,5,"[393, 697, 1406, 720]","[{""level"": ""5"", ""page_num"": ""1"", ""block_num"": ""34"", ""par_num"": ""1"", ""line_num"": ""1"", ""word_num"": ""1"", ""left"": ""393"", ""top"": ""700"", ""width"": ""208"", ""height"": ""18"", ""conf"": ""82.155281"", ""text"": ""14.Kanturka/P.S.-14""}, {""level"": ""5"", ""page_num"": ""1"", ""block_num"": ""36"", ""par_num"": ""1"", ""line_num"": ""1"", ""word_num"": ""1"", ""left"": ""875"", ""top"": ""699"", ""width"": ""176"", ""height"": ""17"", ""conf"": ""86.917664"", ""text"": ""Kanturka/P.S.-14""}, {""level"": ""5"", ""page_num"": ""1"", ""block_num"": ""37"", ""par_num"": ""1"", ""line_num"": ""1"", ""word_num"": ""1"", ""left"": ""1155"", ""top"": ""697"", ""width"": ""173"", ""height"": ""19"", ""conf"": ""86.396896"", ""text"": ""Kanturka/P.S.-14""}, {""level"": ""5"", ""page_num"": ""1"", ""block_num"": ""36"", ""par_num"": ""1"", ""line_num"": ""1"", ""word_num"": ""2"", ""left"": ""1060"", ""top"": ""698"", ""width"": ""46"", ""height"": ""22"", ""conf"": ""96.222450"", ""text"": ""(SC)""}, {""level"": ""5"", ""page_num"": ""1"", ""block_num"": ""37"", ""par_num"": ""1"", ""line_num"": ""1"", ""word_num"": ""2"", ""left"": ""1337"", ""top"": ""697"", ""width"": ""69"", ""height"": ""22"", ""conf"": ""92.366631"", ""text"": ""(SCW)""}]",ocr_not_independently_verified;explicit_ps_identifiers_and_codes,needs_review,rendered_image_pixels,0
e587c3f5c2124dff167b,West Bengal,Malda,2013,unclassified,block_ward_reservation,Kanturka,15.Kanturka/P.S.-15 | Kanturka/P.S.-15,15,15,(SC),,SC,,data/wb/gp_source_search/archived_district_files/malda_Habibpur.pdf,a003a84344775cf869a174a98a14ba3642deb1664b84ef02c1893ec96789af46,2,,6,"[394, 819, 1106, 842]","[{""level"": ""5"", ""page_num"": ""1"", ""block_num"": ""39"", ""par_num"": ""1"", ""line_num"": ""1"", ""word_num"": ""1"", ""left"": ""394"", ""top"": ""821"", ""width"": ""208"", ""height"": ""18"", ""conf"": ""81.430832"", ""text"": ""15.Kanturka/P.S.-15""}, {""level"": ""5"", ""page_num"": ""1"", ""block_num"": ""41"", ""par_num"": ""1"", ""line_num"": ""1"", ""word_num"": ""1"", ""left"": ""876"", ""top"": ""820"", ""width"": ""176"", ""height"": ""18"", ""conf"": ""91.057549"", ""text"": ""Kanturka/P.S.-15""}, {""level"": ""5"", ""page_num"": ""1"", ""block_num"": ""41"", ""par_num"": ""1"", ""line_num"": ""1"", ""word_num"": ""2"", ""left"": ""1060"", ""top"": ""819"", ""width"": ""46"", ""height"": ""23"", ""conf"": ""96.565849"", ""text"": ""(SC)""}]",ocr_not_independently_verified;explicit_ps_identifiers_and_codes;scanned_women_unread_or_blank,needs_review,rendered_image_pixels,0
f04051ae5720a5d7b004,West Bengal,Malda,2013,unclassified,block_ward_reservation,Habibpur,16.Habibpur/P.S.-16,16,16,,,,,data/wb/gp_source_search/archived_district_files/malda_Habibpur.pdf,a003a84344775cf869a174a98a14ba3642deb1664b84ef02c1893ec96789af46,2,,7,"[394, 942, 603, 964]","[{""level"": ""5"", ""page_num"": ""1"", ""block_num"": ""44"", ""par_num"": ""1"", ""line_num"": ""1"", ""word_num"": ""1"", ""left"": ""394"", ""top"": ""942"", ""width"": ""209"", ""height"": ""22"", ""conf"": ""87.573387"", ""text"": ""16.Habibpur/P.S.-16""}]",ocr_not_independently_verified;explicit_ps_identifiers_and_codes;caste_missing_or_conflicting;scanned_women_unread_or_blank,needs_review,rendered_image_pixels,0
3ed3f9652949c981ada4,West Bengal,Malda,2013,unclassified,block_ward_reservation,Habibpur,17.Habibpur/P.S.-17 | Habibpur/P.S.-17(W),17,17,,Habibpur/P.S.-17(W),,1,data/wb/gp_source_search/archived_district_files/malda_Habibpur.pdf,a003a84344775cf869a174a98a14ba3642deb1664b84ef02c1893ec96789af46,2,,8,"[394, 1057, 1388, 1081]","[{""level"": ""5"", ""page_num"": ""1"", ""block_num"": ""47"", ""par_num"": ""1"", ""line_num"": ""1"", ""word_num"": ""1"", ""left"": ""394"", ""top"": ""1059"", ""width"": ""209"", ""height"": ""22"", ""conf"": ""87.338165"", ""text"": ""17.Habibpur/P.S.-17""}, {""level"": ""5"", ""page_num"": ""1"", ""block_num"": ""49"", ""par_num"": ""1"", ""line_num"": ""1"", ""word_num"": ""1"", ""left"": ""1174"", ""top"": ""1057"", ""width"": ""214"", ""height"": ""22"", ""conf"": ""82.603561"", ""text"": ""Habibpur/P.S.-17(W)""}, {""level"": ""5"", ""page_num"": ""1"", ""block_num"": ""49"", ""par_num"": ""1"", ""line_num"": ""1"", ""word_num"": ""1"", ""left"": ""1174"", ""top"": ""1057"", ""width"": ""214"", ""height"": ""22"", ""conf"": ""82.603561"", ""text"": ""Habibpur/P.S.-17(W)""}]",ocr_not_independently_verified;explicit_ps_identifiers_and_codes;caste_missing_or_conflicting,needs_review,rendered_image_pixels,0
6de3b2985477514f9536,West Bengal,Malda,2013,unclassified,block_ward_reservation,Habibpur,18.Habibpur/P.S.-18 | Habibpur/P.S.-18,18,18,(ST) (STW),(STW),ST,1,data/wb/gp_source_search/archived_district_files/malda_Habibpur.pdf,a003a84344775cf869a174a98a14ba3642deb1664b84ef02c1893ec96789af46,2,,9,"[394, 1173, 1406, 1197]","[{""level"": ""5"", ""page_num"": ""1"", ""block_num"": ""51"", ""par_num"": ""1"", ""line_num"": ""1"", ""word_num"": ""1"", ""left"": ""394"", ""top"": ""1175"", ""width"": ""210"", ""height"": ""22"", ""conf"": ""90.367455"", ""text"": ""18.Habibpur/P.S.-18""}, {""level"": ""5"", ""page_num"": ""1"", ""block_num"": ""53"", ""par_num"": ""1"", ""line_num"": ""1"", ""word_num"": ""1"", ""left"": ""876"", ""top"": ""1174"", ""width"": ""178"", ""height"": ""22"", ""conf"": ""91.632050"", ""text"": ""Habibpur/P.S.-18""}, {""level"": ""5"", ""page_num"": ""1"", ""block_num"": ""54"", ""par_num"": ""1"", ""line_num"": ""1"", ""word_num"": ""1"", ""left"": ""1157"", ""top"": ""1173"", ""width"": ""174"", ""height"": ""23"", ""conf"": ""86.209663"", ""text"": ""Habibpur/P.S.-18""}, {""level"": ""5"", ""page_num"": ""1"", ""block_num"": ""53"", ""par_num"": ""1"", ""line_num"": ""1"", ""word_num"": ""2"", ""left"": ""1063"", ""top"": ""1174"", ""width"": ""43"", ""height"": ""22"", ""conf"": ""96.322495"", ""text"": ""(ST)""}, {""level"": ""5"", ""page_num"": ""1"", ""block_num"": ""54"", ""par_num"": ""1"", ""line_num"": ""1"", ""word_num"": ""2"", ""left"": ""1340"", ""top"": ""1173"", ""width"": ""66"", ""height"": ""22"", ""conf"": ""96.569160"", ""text"": ""(STW)""}]",ocr_not_independently_verified;explicit_ps_identifiers_and_codes,needs_review,rendered_image_pixels,0
1ff874137581d55a7924,West Bengal,Malda,2013,unclassified,block_ward_reservation,Bulbulchandi,19.Bulbulchandi/P.S.-19,19,19,,,,,data/wb/gp_source_search/archived_district_files/malda_Habibpur.pdf,a003a84344775cf869a174a98a14ba3642deb1664b84ef02c1893ec96789af46,2,,10,"[395, 1321, 644, 1340]","[{""level"": ""5"", ""page_num"": ""1"", ""block_num"": ""59"", ""par_num"": ""1"", ""line_num"": ""1"", ""word_num"": ""1"", ""left"": ""395"", ""top"": ""1321"", ""width"": ""249"", ""height"": ""19"", ""conf"": ""88.302673"", ""text"": ""19.Bulbulchandi/P.S.-19""}]",ocr_not_independently_verified;explicit_ps_identifiers_and_codes;caste_missing_or_conflicting;scanned_women_unread_or_blank,needs_review,rendered_image_pixels,0
9e0fdf2939a04eb07be9,West Bengal,Malda,2013,unclassified,block_ward_reservation,Bulbulchandi,Bulbulchandi/P.S.-20,20,20,,(W),,1,data/wb/gp_source_search/archived_district_files/malda_Habibpur.pdf,a003a84344775cf869a174a98a14ba3642deb1664b84ef02c1893ec96789af46,2,,11,"[1154, 1511, 1412, 1533]","[{""level"": ""5"", ""page_num"": ""1"", ""block_num"": ""64"", ""par_num"": ""1"", ""line_num"": ""1"", ""word_num"": ""1"", ""left"": ""1154"", ""top"": ""1511"", ""width"": ""213"", ""height"": ""18"", ""conf"": ""86.903671"", ""text"": ""Bulbulchandi/P.S.-20""}, {""level"": ""5"", ""page_num"": ""1"", ""block_num"": ""64"", ""par_num"": ""1"", ""line_num"": ""1"", ""word_num"": ""2"", ""left"": ""1376"", ""top"": ""1511"", ""width"": ""36"", ""height"": ""22"", ""conf"": ""90.199120"", ""text"": ""(W)""}]",ocr_not_independently_verified;explicit_ps_identifiers_and_codes;caste_missing_or_conflicting,needs_review,rendered_image_pixels,0
74372af15495baf4e285,West Bengal,Malda,2013,unclassified,block_ward_reservation,Bulbulchandi,21.Bulbulchandi/PS-21,21,21,,,,,data/wb/gp_source_search/archived_district_files/malda_Habibpur.pdf,a003a84344775cf869a174a98a14ba3642deb1664b84ef02c1893ec96789af46,2,,12,"[396, 1733, 630, 1751]","[{""level"": ""5"", ""page_num"": ""1"", ""block_num"": ""66"", ""par_num"": ""1"", ""line_num"": ""1"", ""word_num"": ""1"", ""left"": ""396"", ""top"": ""1733"", ""width"": ""234"", ""height"": ""18"", ""conf"": ""84.766052"", ""text"": ""21.Bulbulchandi/PS-21""}]",ocr_not_independently_verified;explicit_ps_identifiers_and_codes;caste_missing_or_conflicting;scanned_women_unread_or_blank,needs_review,rendered_image_pixels,0
6561bb96983a6e984da5,West Bengal,Malda,2013,unclassified,block_ward_reservation,Dhumpur,22.Dhumpur/P.S.-22 | Dhumpur/P.S.-22,22,22,(ST),,ST,,data/wb/gp_source_search/archived_district_files/malda_Habibpur.pdf,a003a84344775cf869a174a98a14ba3642deb1664b84ef02c1893ec96789af46,3,,1,"[392, 271, 1106, 296]","[{""level"": ""5"", ""page_num"": ""1"", ""block_num"": ""15"", ""par_num"": ""1"", ""line_num"": ""1"", ""word_num"": ""1"", ""left"": ""392"", ""top"": ""274"", ""width"": ""213"", ""height"": ""22"", ""conf"": ""80.634193"", ""text"": ""22.Dhumpur/P.S.-22""}, {""level"": ""5"", ""page_num"": ""1"", ""block_num"": ""17"", ""par_num"": ""1"", ""line_num"": ""1"", ""word_num"": ""1"", ""left"": ""875"", ""top"": ""272"", ""width"": ""178"", ""height"": ""22"", ""conf"": ""45.819565"", ""text"": ""Dhumpur/P.S.-22""}, {""level"": ""5"", ""page_num"": ""1"", ""block_num"": ""17"", ""par_num"": ""1"", ""line_num"": ""1"", ""word_num"": ""2"", ""left"": ""1063"", ""top"": ""271"", ""width"": ""43"", ""height"": ""22"", ""conf"": ""96.836212"", ""text"": ""(ST)""}]",ocr_not_independently_verified;explicit_ps_identifiers_and_codes;scanned_women_unread_or_blank,needs_review,rendered_image_pixels,0
1a820f8720fb004f839d,West Bengal,Malda,2013,unclassified,block_ward_reservation,Dhumpur,23.Dhumpur/P.S.-23 | Dhumpur/P.S.-23,23,23,(ST) (STW),(STW),ST,1,data/wb/gp_source_search/archived_district_files/malda_Habibpur.pdf,a003a84344775cf869a174a98a14ba3642deb1664b84ef02c1893ec96789af46,3,,2,"[393, 386, 1405, 412]","[{""level"": ""5"", ""page_num"": ""1"", ""block_num"": ""19"", ""par_num"": ""1"", ""line_num"": ""1"", ""word_num"": ""1"", ""left"": ""393"", ""top"": ""389"", ""width"": ""212"", ""height"": ""23"", ""conf"": ""79.214622"", ""text"": ""23.Dhumpur/P.S.-23""}, {""level"": ""5"", ""page_num"": ""1"", ""block_num"": ""21"", ""par_num"": ""1"", ""line_num"": ""1"", ""word_num"": ""1"", ""left"": ""875"", ""top"": ""388"", ""width"": ""179"", ""height"": ""22"", ""conf"": ""90.648148"", ""text"": ""Dhumpur/P.S.-23""}, {""level"": ""5"", ""page_num"": ""1"", ""block_num"": ""22"", ""par_num"": ""1"", ""line_num"": ""1"", ""word_num"": ""1"", ""left"": ""1154"", ""top"": ""387"", ""width"": ""176"", ""height"": ""22"", ""conf"": ""90.028961"", ""text"": ""Dhumpur/P.S.-23""}, {""level"": ""5"", ""page_num"": ""1"", ""block_num"": ""21"", ""par_num"": ""1"", ""line_num"": ""1"", ""word_num"": ""2"", ""left"": ""1063"", ""top"": ""387"", ""width"": ""43"", ""height"": ""23"", ""conf"": ""96.936081"", ""text"": ""(ST)""}, {""level"": ""5"", ""page_num"": ""1"", ""block_num"": ""22"", ""par_num"": ""1"", ""line_num"": ""1"", ""word_num"": ""2"", ""left"": ""1339"", ""top"": ""386"", ""width"": ""66"", ""height"": ""23"", ""conf"": ""94.840012"", ""text"": ""(STW)""}]",ocr_not_independently_verified;explicit_ps_identifiers_and_codes,needs_review,rendered_image_pixels,0
19388bb2e115f08d93ca,West Bengal,Malda,2013,unclassified,block_ward_reservation,Dhumpur,24.Dhumpur/P.S.-24 | Dhumpur/P.S.-24,24,24,,(W),,1,data/wb/gp_source_search/archived_district_files/malda_Habibpur.pdf,a003a84344775cf869a174a98a14ba3642deb1664b84ef02c1893ec96789af46,3,,3,"[393, 503, 1390, 528]","[{""level"": ""5"", ""page_num"": ""1"", ""block_num"": ""24"", ""par_num"": ""1"", ""line_num"": ""1"", ""word_num"": ""1"", ""left"": ""393"", ""top"": ""506"", ""width"": ""212"", ""height"": ""22"", ""conf"": ""80.291862"", ""text"": ""24.Dhumpur/P.S.-24""}, {""level"": ""5"", ""page_num"": ""1"", ""block_num"": ""26"", ""par_num"": ""1"", ""line_num"": ""1"", ""word_num"": ""1"", ""left"": ""1169"", ""top"": ""503"", ""width"": ""176"", ""height"": ""23"", ""conf"": ""89.783028"", ""text"": ""Dhumpur/P.S.-24""}, {""level"": ""5"", ""page_num"": ""1"", ""block_num"": ""26"", ""par_num"": ""1"", ""line_num"": ""1"", ""word_num"": ""2"", ""left"": ""1354"", ""top"": ""503"", ""width"": ""36"", ""height"": ""22"", ""conf"": ""92.574440"", ""text"": ""(W)""}]",ocr_not_independently_verified;explicit_ps_identifiers_and_codes;caste_missing_or_conflicting,needs_review,rendered_image_pixels,0
59fe334b3ab7e0a109e4,West Bengal,Malda,2013,unclassified,block_ward_reservation,Aiho,25.Aiho/PS-25,25,25,,,,,data/wb/gp_source_search/archived_district_files/malda_Habibpur.pdf,a003a84344775cf869a174a98a14ba3642deb1664b84ef02c1893ec96789af46,3,,4,"[393, 667, 543, 685]","[{""level"": ""5"", ""page_num"": ""1"", ""block_num"": ""29"", ""par_num"": ""1"", ""line_num"": ""1"", ""word_num"": ""1"", ""left"": ""393"", ""top"": ""667"", ""width"": ""150"", ""height"": ""18"", ""conf"": ""90.623787"", ""text"": ""25.Aiho/PS-25""}]",ocr_not_independently_verified;explicit_ps_identifiers_and_codes;caste_missing_or_conflicting;scanned_women_unread_or_blank,needs_review,rendered_image_pixels,0
3c13451575f3de24b7a8,West Bengal,Malda,2013,unclassified,block_ward_reservation,Aiho,26.Aiho/PS-26 | Aiho/PS-26,26,26,,(W),,1,data/wb/gp_source_search/archived_district_files/malda_Habibpur.pdf,a003a84344775cf869a174a98a14ba3642deb1664b84ef02c1893ec96789af46,3,,5,"[394, 848, 1360, 870]","[{""level"": ""5"", ""page_num"": ""1"", ""block_num"": ""32"", ""par_num"": ""1"", ""line_num"": ""1"", ""word_num"": ""1"", ""left"": ""394"", ""top"": ""851"", ""width"": ""149"", ""height"": ""18"", ""conf"": ""91.029350"", ""text"": ""26.Aiho/PS-26""}, {""level"": ""5"", ""page_num"": ""1"", ""block_num"": ""34"", ""par_num"": ""1"", ""line_num"": ""1"", ""word_num"": ""1"", ""left"": ""1199"", ""top"": ""848"", ""width"": ""116"", ""height"": ""18"", ""conf"": ""90.355476"", ""text"": ""Aiho/PS-26""}, {""level"": ""5"", ""page_num"": ""1"", ""block_num"": ""34"", ""par_num"": ""1"", ""line_num"": ""1"", ""word_num"": ""2"", ""left"": ""1324"", ""top"": ""848"", ""width"": ""36"", ""height"": ""22"", ""conf"": ""92.505043"", ""text"": ""(W)""}]",ocr_not_independently_verified;explicit_ps_identifiers_and_codes;caste_missing_or_conflicting,needs_review,rendered_image_pixels,0
fa9886d658933c19b5f7,West Bengal,Malda,2013,unclassified,block_ward_reservation,Aiho,27.Aiho/PS-27 | Aiho/PS-27(SC),27,27,Aiho/PS-27(SC),,SC,,data/wb/gp_source_search/archived_district_files/malda_Habibpur.pdf,a003a84344775cf869a174a98a14ba3642deb1664b84ef02c1893ec96789af46,3,,6,"[394, 1013, 1041, 1035]","[{""level"": ""5"", ""page_num"": ""1"", ""block_num"": ""36"", ""par_num"": ""1"", ""line_num"": ""1"", ""word_num"": ""1"", ""left"": ""394"", ""top"": ""1015"", ""width"": ""149"", ""height"": ""18"", ""conf"": ""83.535889"", ""text"": ""27.Aiho/PS-27""}, {""level"": ""5"", ""page_num"": ""1"", ""block_num"": ""38"", ""par_num"": ""1"", ""line_num"": ""1"", ""word_num"": ""1"", ""left"": ""875"", ""top"": ""1013"", ""width"": ""166"", ""height"": ""22"", ""conf"": ""91.591568"", ""text"": ""Aiho/PS-27(SC)""}, {""level"": ""5"", ""page_num"": ""1"", ""block_num"": ""38"", ""par_num"": ""1"", ""line_num"": ""1"", ""word_num"": ""1"", ""left"": ""875"", ""top"": ""1013"", ""width"": ""166"", ""height"": ""22"", ""conf"": ""91.591568"", ""text"": ""Aiho/PS-27(SC)""}]",ocr_not_independently_verified;explicit_ps_identifiers_and_codes;scanned_women_unread_or_blank,needs_review,rendered_image_pixels,0
4749fc08750cf4157886,West Bengal,Malda,2013,unclassified,block_ward_reservation,Rishipur,28.Rishipur/PS-28,28,28,,,,,data/wb/gp_source_search/archived_district_files/malda_Habibpur.pdf,a003a84344775cf869a174a98a14ba3642deb1664b84ef02c1893ec96789af46,3,,7,"[394, 1184, 584, 1207]","[{""level"": ""5"", ""page_num"": ""1"", ""block_num"": ""42"", ""par_num"": ""1"", ""line_num"": ""1"", ""word_num"": ""1"", ""left"": ""394"", ""top"": ""1184"", ""width"": ""190"", ""height"": ""23"", ""conf"": ""89.559906"", ""text"": ""28.Rishipur/PS-28""}]",ocr_not_independently_verified;explicit_ps_identifiers_and_codes;caste_missing_or_conflicting;scanned_women_unread_or_blank,needs_review,rendered_image_pixels,0
0841ec21f1cec72e3d7e,West Bengal,Malda,2013,unclassified,block_ward_reservation,Rishipur,29.Rishipur/PS-29 | Rishipur/PS-29,29,29,,(W),,1,data/wb/gp_source_search/archived_district_files/malda_Habibpur.pdf,a003a84344775cf869a174a98a14ba3642deb1664b84ef02c1893ec96789af46,3,,8,"[395, 1328, 1381, 1354]","[{""level"": ""5"", ""page_num"": ""1"", ""block_num"": ""45"", ""par_num"": ""1"", ""line_num"": ""1"", ""word_num"": ""1"", ""left"": ""395"", ""top"": ""1331"", ""width"": ""190"", ""height"": ""23"", ""conf"": ""88.672180"", ""text"": ""29.Rishipur/PS-29""}, {""level"": ""5"", ""page_num"": ""1"", ""block_num"": ""47"", ""par_num"": ""1"", ""line_num"": ""1"", ""word_num"": ""1"", ""left"": ""1183"", ""top"": ""1328"", ""width"": ""153"", ""height"": ""23"", ""conf"": ""92.082115"", ""text"": ""Rishipur/PS-29""}, {""level"": ""5"", ""page_num"": ""1"", ""block_num"": ""47"", ""par_num"": ""1"", ""line_num"": ""1"", ""word_num"": ""2"", ""left"": ""1345"", ""top"": ""1328"", ""width"": ""36"", ""height"": ""22"", ""conf"": ""92.614799"", ""text"": ""(W)""}]",ocr_not_independently_verified;explicit_ps_identifiers_and_codes;caste_missing_or_conflicting,needs_review,rendered_image_pixels,0
f937260823fb0be0aea3,West Bengal,Malda,2013,unclassified,block_ward_reservation,Sreerampur,30.Sreerampur/P.S.-30,30,30,,,,,data/wb/gp_source_search/archived_district_files/malda_Habibpur.pdf,a003a84344775cf869a174a98a14ba3642deb1664b84ef02c1893ec96789af46,3,,9,"[397, 1462, 635, 1485]","[{""level"": ""5"", ""page_num"": ""1"", ""block_num"": ""51"", ""par_num"": ""1"", ""line_num"": ""1"", ""word_num"": ""1"", ""left"": ""397"", ""top"": ""1462"", ""width"": ""238"", ""height"": ""23"", ""conf"": ""88.411201"", ""text"": ""30.Sreerampur/P.S.-30""}]",ocr_not_independently_verified;explicit_ps_identifiers_and_codes;caste_missing_or_conflicting;scanned_women_unread_or_blank,needs_review,rendered_image_pixels,0
f14aa3826d6a80404448,West Bengal,Malda,2013,unclassified,block_ward_reservation,Sreerampur,31.Sreerampur/P.S.-31 | Sreerampur/P.S.-31(SC),31,31,Sreerampur/P.S.-31(SC),,SC,,data/wb/gp_source_search/archived_district_files/malda_Habibpur.pdf,a003a84344775cf869a174a98a14ba3642deb1664b84ef02c1893ec96789af46,3,,10,"[397, 1605, 1133, 1630]","[{""level"": ""5"", ""page_num"": ""1"", ""block_num"": ""54"", ""par_num"": ""1"", ""line_num"": ""1"", ""word_num"": ""1"", ""left"": ""397"", ""top"": ""1608"", ""width"": ""236"", ""height"": ""22"", ""conf"": ""83.408470"", ""text"": ""31.Sreerampur/P.S.-31""}, {""level"": ""5"", ""page_num"": ""1"", ""block_num"": ""59"", ""par_num"": ""1"", ""line_num"": ""1"", ""word_num"": ""1"", ""left"": ""879"", ""top"": ""1605"", ""width"": ""254"", ""height"": ""23"", ""conf"": ""91.377922"", ""text"": ""Sreerampur/P.S.-31(SC)""}, {""level"": ""5"", ""page_num"": ""1"", ""block_num"": ""59"", ""par_num"": ""1"", ""line_num"": ""1"", ""word_num"": ""1"", ""left"": ""879"", ""top"": ""1605"", ""width"": ""254"", ""height"": ""23"", ""conf"": ""91.377922"", ""text"": ""Sreerampur/P.S.-31(SC)""}]",ocr_not_independently_verified;explicit_ps_identifiers_and_codes;scanned_women_unread_or_blank,needs_review,rendered_image_pixels,0
4280e8148a55d78062bd,West Bengal,Malda,2013,unclassified,block_ward_reservation,KUSHIDA,1.KUSHIDA/PS-1 | KUSHIDA/PS-1(W),1,1,,KUSHIDA/PS-1(W),,1,data/wb/gp_source_search/archived_district_files/malda_Harishchandrapur-I.pdf,1debed752e11004181897ad1b3258b9e73b3980dbb194a2d143c040a9b8f5eb5,1,,1,"[1094, 711, 1112, 2067]","[{""level"": ""5"", ""page_num"": ""1"", ""block_num"": ""19"", ""par_num"": ""1"", ""line_num"": ""1"", ""word_num"": ""1"", ""left"": ""1096"", ""top"": ""711"", ""width"": ""16"", ""height"": ""166"", ""conf"": ""56.022915"", ""text"": ""1.KUSHIDA/PS-1""}, {""level"": ""5"", ""page_num"": ""1"", ""block_num"": ""31"", ""par_num"": ""1"", ""line_num"": ""1"", ""word_num"": ""1"", ""left"": ""1094"", ""top"": ""1881"", ""width"": ""18"", ""height"": ""186"", ""conf"": ""77.796043"", ""text"": ""KUSHIDA/PS-1(W)""}, {""level"": ""5"", ""page_num"": ""1"", ""block_num"": ""31"", ""par_num"": ""1"", ""line_num"": ""1"", ""word_num"": ""1"", ""left"": ""1094"", ""top"": ""1881"", ""width"": ""18"", ""height"": ""186"", ""conf"": ""77.796043"", ""text"": ""KUSHIDA/PS-1(W)""}]",ocr_not_independently_verified;explicit_ps_identifiers_and_codes;caste_missing_or_conflicting,needs_review,rendered_image_pixels,0
67b41c593e62ad3b534e,West Bengal,Malda,2013,unclassified,block_ward_reservation,KUSHIDA,2.KUSHIDA/PS-2 | KUSHIDA/PS-2(BC) | KUSHIDA/PS-2(BCW),2,2,KUSHIDA/PS-2(BC) KUSHIDA/PS-2(BCW),KUSHIDA/PS-2(BCW),BC,1,data/wb/gp_source_search/archived_district_files/malda_Harishchandrapur-I.pdf,1debed752e11004181897ad1b3258b9e73b3980dbb194a2d143c040a9b8f5eb5,1,,2,"[886, 710, 905, 2083]","[{""level"": ""5"", ""page_num"": ""1"", ""block_num"": ""33"", ""par_num"": ""1"", ""line_num"": ""1"", ""word_num"": ""1"", ""left"": ""889"", ""top"": ""710"", ""width"": ""16"", ""height"": ""170"", ""conf"": ""85.564827"", ""text"": ""2.KUSHIDA/PS-2""}, {""level"": ""5"", ""page_num"": ""1"", ""block_num"": ""45"", ""par_num"": ""1"", ""line_num"": ""1"", ""word_num"": ""1"", ""left"": ""886"", ""top"": ""1428"", ""width"": ""19"", ""height"": ""196"", ""conf"": ""90.094627"", ""text"": ""KUSHIDA/PS-2(BC)""}, {""level"": ""5"", ""page_num"": ""1"", ""block_num"": ""46"", ""par_num"": ""1"", ""line_num"": ""1"", ""word_num"": ""1"", ""left"": ""886"", ""top"": ""1867"", ""width"": ""19"", ""height"": ""216"", ""conf"": ""90.302841"", ""text"": ""KUSHIDA/PS-2(BCW)""}, {""level"": ""5"", ""page_num"": ""1"", ""block_num"": ""45"", ""par_num"": ""1"", ""line_num"": ""1"", ""word_num"": ""1"", ""left"": ""886"", ""top"": ""1428"", ""width"": ""19"", ""height"": ""196"", ""conf"": ""90.094627"", ""text"": ""KUSHIDA/PS-2(BC)""}, {""level"": ""5"", ""page_num"": ""1"", ""block_num"": ""46"", ""par_num"": ""1"", ""line_num"": ""1"", ""word_num"": ""1"", ""left"": ""886"", ""top"": ""1867"", ""width"": ""19"", ""height"": ""216"", ""conf"": ""90.302841"", ""text"": ""KUSHIDA/PS-2(BCW)""}]",ocr_not_independently_verified;explicit_ps_identifiers_and_codes,needs_review,rendered_image_pixels,0
e83dae08dde3a79894e1,West Bengal,Malda,2013,unclassified,block_ward_reservation,KUSHIDA,3.KUSHIDA/PS-3 | KUSHIDA/PS-3(SC),3,3,KUSHIDA/PS-3(SC),,SC,,data/wb/gp_source_search/archived_district_files/malda_Harishchandrapur-I.pdf,1debed752e11004181897ad1b3258b9e73b3980dbb194a2d143c040a9b8f5eb5,1,,3,"[661, 712, 681, 1625]","[{""level"": ""5"", ""page_num"": ""1"", ""block_num"": ""49"", ""par_num"": ""1"", ""line_num"": ""1"", ""word_num"": ""1"", ""left"": ""665"", ""top"": ""712"", ""width"": ""16"", ""height"": ""170"", ""conf"": ""91.391640"", ""text"": ""3.KUSHIDA/PS-3""}, {""level"": ""5"", ""page_num"": ""1"", ""block_num"": ""65"", ""par_num"": ""1"", ""line_num"": ""1"", ""word_num"": ""1"", ""left"": ""661"", ""top"": ""1428"", ""width"": ""20"", ""height"": ""197"", ""conf"": ""84.451836"", ""text"": ""KUSHIDA/PS-3(SC)""}, {""level"": ""5"", ""page_num"": ""1"", ""block_num"": ""65"", ""par_num"": ""1"", ""line_num"": ""1"", ""word_num"": ""1"", ""left"": ""661"", ""top"": ""1428"", ""width"": ""20"", ""height"": ""197"", ""conf"": ""84.451836"", ""text"": ""KUSHIDA/PS-3(SC)""}]",ocr_not_independently_verified;explicit_ps_identifiers_and_codes;scanned_women_unread_or_blank,needs_review,rendered_image_pixels,0
79bdcd941b9daee39c4e,West Bengal,Malda,2013,unclassified,block_ward_reservation,BOROI,4.BOROI/PS-4 | BOROI/PS-4(SC) | BOROI/PS-4(SCW),4,4,BOROI/PS-4(SC) BOROI/PS-4(SCW),BOROI/PS-4(SCW),SC,1,data/wb/gp_source_search/archived_district_files/malda_Harishchandrapur-I.pdf,1debed752e11004181897ad1b3258b9e73b3980dbb194a2d143c040a9b8f5eb5,2,,1,"[1329, 722, 1353, 2066]","[{""level"": ""5"", ""page_num"": ""1"", ""block_num"": ""11"", ""par_num"": ""1"", ""line_num"": ""1"", ""word_num"": ""1"", ""left"": ""1329"", ""top"": ""722"", ""width"": ""17"", ""height"": ""145"", ""conf"": ""82.776398"", ""text"": ""4.BOROI/PS-4""}, {""level"": ""5"", ""page_num"": ""1"", ""block_num"": ""23"", ""par_num"": ""1"", ""line_num"": ""1"", ""word_num"": ""1"", ""left"": ""1330"", ""top"": ""1437"", ""width"": ""20"", ""height"": ""171"", ""conf"": ""87.036545"", ""text"": ""BOROI/PS-4(SC)""}, {""level"": ""5"", ""page_num"": ""1"", ""block_num"": ""24"", ""par_num"": ""1"", ""line_num"": ""1"", ""word_num"": ""1"", ""left"": ""1333"", ""top"": ""1876"", ""width"": ""20"", ""height"": ""190"", ""conf"": ""89.468704"", ""text"": ""BOROI/PS-4(SCW)""}, {""level"": ""5"", ""page_num"": ""1"", ""block_num"": ""23"", ""par_num"": ""1"", ""line_num"": ""1"", ""word_num"": ""1"", ""left"": ""1330"", ""top"": ""1437"", ""width"": ""20"", ""height"": ""171"", ""conf"": ""87.036545"", ""text"": ""BOROI/PS-4(SC)""}, {""level"": ""5"", ""page_num"": ""1"", ""block_num"": ""24"", ""par_num"": ""1"", ""line_num"": ""1"", ""word_num"": ""1"", ""left"": ""1333"", ""top"": ""1876"", ""width"": ""20"", ""height"": ""190"", ""conf"": ""89.468704"", ""text"": ""BOROI/PS-4(SCW)""}]",ocr_not_independently_verified;explicit_ps_identifiers_and_codes,needs_review,rendered_image_pixels,0
d5730a6b0b908edd3f03,West Bengal,Malda,2013,unclassified,block_ward_reservation,BOROI,5.BOROI/PS-5,5,5,,,,,data/wb/gp_source_search/archived_district_files/malda_Harishchandrapur-I.pdf,1debed752e11004181897ad1b3258b9e73b3980dbb194a2d143c040a9b8f5eb5,2,,2,"[1121, 726, 1138, 869]","[{""level"": ""5"", ""page_num"": ""1"", ""block_num"": ""26"", ""par_num"": ""1"", ""line_num"": ""1"", ""word_num"": ""1"", ""left"": ""1121"", ""top"": ""726"", ""width"": ""17"", ""height"": ""143"", ""conf"": ""84.032806"", ""text"": ""5.BOROI/PS-5""}]",ocr_not_independently_verified;explicit_ps_identifiers_and_codes;caste_missing_or_conflicting;scanned_women_unread_or_blank,needs_review,rendered_image_pixels,0
6504306b88767c973e49,West Bengal,Malda,2013,unclassified,block_ward_reservation,BOROI,6.BOROI/PS-6 | BOROI/PS-6(W),6,6,,BOROI/PS-6(W),,1,data/wb/gp_source_search/archived_district_files/malda_Harishchandrapur-I.pdf,1debed752e11004181897ad1b3258b9e73b3980dbb194a2d143c040a9b8f5eb5,2,,3,"[914, 727, 937, 2055]","[{""level"": ""5"", ""page_num"": ""1"", ""block_num"": ""38"", ""par_num"": ""1"", ""line_num"": ""1"", ""word_num"": ""1"", ""left"": ""914"", ""top"": ""727"", ""width"": ""17"", ""height"": ""144"", ""conf"": ""73.417763"", ""text"": ""6.BOROI/PS-6""}, {""level"": ""5"", ""page_num"": ""1"", ""block_num"": ""50"", ""par_num"": ""1"", ""line_num"": ""1"", ""word_num"": ""1"", ""left"": ""918"", ""top"": ""1896"", ""width"": ""19"", ""height"": ""159"", ""conf"": ""89.519646"", ""text"": ""BOROI/PS-6(W)""}, {""level"": ""5"", ""page_num"": ""1"", ""block_num"": ""50"", ""par_num"": ""1"", ""line_num"": ""1"", ""word_num"": ""1"", ""left"": ""918"", ""top"": ""1896"", ""width"": ""19"", ""height"": ""159"", ""conf"": ""89.519646"", ""text"": ""BOROI/PS-6(W)""}]",ocr_not_independently_verified;explicit_ps_identifiers_and_codes;caste_missing_or_conflicting,needs_review,rendered_image_pixels,0
7866f89ce95f703ab366,West Bengal,Malda,2013,unclassified,block_ward_reservation,TULSHIHATA,TULSHIHATA/P.S.-11(SCW),11,11,TULSHIHATA/P.S.-11(SCW),TULSHIHATA/P.S.-11(SCW),SC,1,data/wb/gp_source_search/archived_district_files/malda_Harishchandrapur-I.pdf,1debed752e11004181897ad1b3258b9e73b3980dbb194a2d143c040a9b8f5eb5,3,,1,"[1128, 1832, 1147, 2113]","[{""level"": ""5"", ""page_num"": ""1"", ""block_num"": ""38"", ""par_num"": ""1"", ""line_num"": ""1"", ""word_num"": ""1"", ""left"": ""1128"", ""top"": ""1832"", ""width"": ""19"", ""height"": ""281"", ""conf"": ""45.546471"", ""text"": ""TULSHIHATA/P.S.-11(SCW)""}, {""level"": ""5"", ""page_num"": ""1"", ""block_num"": ""38"", ""par_num"": ""1"", ""line_num"": ""1"", ""word_num"": ""1"", ""left"": ""1128"", ""top"": ""1832"", ""width"": ""19"", ""height"": ""281"", ""conf"": ""45.546471"", ""text"": ""TULSHIHATA/P.S.-11(SCW)""}]",ocr_not_independently_verified;explicit_ps_identifiers_and_codes,needs_review,rendered_image_pixels,0
ca7501603840a064e46a,West Bengal,Malda,2013,unclassified,block_ward_reservation,TULSHIHATA,TULSHIHATA/P.S.-12,12,12,,,,,data/wb/gp_source_search/archived_district_files/malda_Harishchandrapur-I.pdf,1debed752e11004181897ad1b3258b9e73b3980dbb194a2d143c040a9b8f5eb5,3,,2,"[932, 706, 949, 922]","[{""level"": ""5"", ""page_num"": ""1"", ""block_num"": ""40"", ""par_num"": ""1"", ""line_num"": ""1"", ""word_num"": ""2"", ""left"": ""932"", ""top"": ""706"", ""width"": ""17"", ""height"": ""216"", ""conf"": ""18.110867"", ""text"": ""TULSHIHATA/P.S.-12""}]",ocr_not_independently_verified;explicit_ps_identifiers_and_codes;caste_missing_or_conflicting;scanned_women_unread_or_blank,needs_review,rendered_image_pixels,0
29a198037b78ef9d6bb5,West Bengal,Malda,2013,unclassified,block_ward_reservation,BHINGOLE,16.BHINGOLE/P.S.-16,16,16,,,,,data/wb/gp_source_search/archived_district_files/malda_Harishchandrapur-I.pdf,1debed752e11004181897ad1b3258b9e73b3980dbb194a2d143c040a9b8f5eb5,4,,1,"[1369, 684, 1386, 908]","[{""level"": ""5"", ""page_num"": ""1"", ""block_num"": ""11"", ""par_num"": ""1"", ""line_num"": ""1"", ""word_num"": ""1"", ""left"": ""1369"", ""top"": ""684"", ""width"": ""17"", ""height"": ""224"", ""conf"": ""87.143440"", ""text"": ""16.BHINGOLE/P.S.-16""}]",ocr_not_independently_verified;explicit_ps_identifiers_and_codes;caste_missing_or_conflicting;scanned_women_unread_or_blank,needs_review,rendered_image_pixels,0
9ef0011fb588a8cfaf7b,West Bengal,Malda,2013,unclassified,block_ward_reservation,BHINGOLE,17.BHINGOLE/P.S.-17 | BHINGOLE/P.S.-17(W),17,17,,BHINGOLE/P.S.-17(W),,1,data/wb/gp_source_search/archived_district_files/malda_Harishchandrapur-I.pdf,1debed752e11004181897ad1b3258b9e73b3980dbb194a2d143c040a9b8f5eb5,4,,2,"[1214, 685, 1236, 2084]","[{""level"": ""5"", ""page_num"": ""1"", ""block_num"": ""21"", ""par_num"": ""1"", ""line_num"": ""1"", ""word_num"": ""1"", ""left"": ""1214"", ""top"": ""685"", ""width"": ""17"", ""height"": ""224"", ""conf"": ""68.787781"", ""text"": ""17.BHINGOLE/P.S.-17""}, {""level"": ""5"", ""page_num"": ""1"", ""block_num"": ""31"", ""par_num"": ""1"", ""line_num"": ""1"", ""word_num"": ""1"", ""left"": ""1217"", ""top"": ""1857"", ""width"": ""19"", ""height"": ""227"", ""conf"": ""86.399139"", ""text"": ""BHINGOLE/P.S.-17(W)""}, {""level"": ""5"", ""page_num"": ""1"", ""block_num"": ""31"", ""par_num"": ""1"", ""line_num"": ""1"", ""word_num"": ""1"", ""left"": ""1217"", ""top"": ""1857"", ""width"": ""19"", ""height"": ""227"", ""conf"": ""86.399139"", ""text"": ""BHINGOLE/P.S.-17(W)""}]",ocr_not_independently_verified;explicit_ps_identifiers_and_codes;caste_missing_or_conflicting,needs_review,rendered_image_pixels,0
86dca03f80e588ea84f6,West Bengal,Malda,2013,unclassified,block_ward_reservation,HARISHCHANDRAPUR,20.HARISHCHANDRAPUR/P.S.-20,20,20,,,,,data/wb/gp_source_search/archived_district_files/malda_Harishchandrapur-I.pdf,1debed752e11004181897ad1b3258b9e73b3980dbb194a2d143c040a9b8f5eb5,4,,3,"[404, 626, 422, 978]","[{""level"": ""5"", ""page_num"": ""1"", ""block_num"": ""69"", ""par_num"": ""1"", ""line_num"": ""1"", ""word_num"": ""1"", ""left"": ""404"", ""top"": ""626"", ""width"": ""18"", ""height"": ""352"", ""conf"": ""52.921719"", ""text"": ""20.HARISHCHANDRAPUR/P.S.-20""}]",ocr_not_independently_verified;explicit_ps_identifiers_and_codes;caste_missing_or_conflicting;scanned_women_unread_or_blank,needs_review,rendered_image_pixels,0
87ab8a23814fe20e4c98,West Bengal,Malda,2013,unclassified,block_ward_reservation,,1.Sadlichak/P.S.-1 | SADLICHAK/PS-1,1,1,(ST) (STW),(STW),,,data/wb/gp_source_search/archived_district_files/malda_Harishchandrapur-II.pdf,d39e135d40c5ed343d4a9b7f48a8cd317d86c71b568b07f92e317dbc16212b44,1,,1,"[1172, 556, 1213, 2251]","[{""level"": ""5"", ""page_num"": ""1"", ""block_num"": ""15"", ""par_num"": ""1"", ""line_num"": ""1"", ""word_num"": ""1"", ""left"": ""1193"", ""top"": ""556"", ""width"": ""20"", ""height"": ""223"", ""conf"": ""89.736176"", ""text"": ""1.Sadlichak/P.S.-1""}, {""level"": ""5"", ""page_num"": ""1"", ""block_num"": ""17"", ""par_num"": ""1"", ""line_num"": ""1"", ""word_num"": ""1"", ""left"": ""1177"", ""top"": ""1455"", ""width"": ""20"", ""height"": ""217"", ""conf"": ""85.767174"", ""text"": ""SADLICHAK/PS-1""}, {""level"": ""5"", ""page_num"": ""1"", ""block_num"": ""18"", ""par_num"": ""1"", ""line_num"": ""1"", ""word_num"": ""1"", ""left"": ""1177"", ""top"": ""1952"", ""width"": ""20"", ""height"": ""213"", ""conf"": ""80.643883"", ""text"": ""SADLICHAK/PS-1""}, {""level"": ""5"", ""page_num"": ""1"", ""block_num"": ""17"", ""par_num"": ""1"", ""line_num"": ""1"", ""word_num"": ""2"", ""left"": ""1172"", ""top"": ""1684"", ""width"": ""25"", ""height"": ""49"", ""conf"": ""96.467613"", ""text"": ""(ST)""}, {""level"": ""5"", ""page_num"": ""1"", ""block_num"": ""18"", ""par_num"": ""1"", ""line_num"": ""1"", ""word_num"": ""2"", ""left"": ""1172"", ""top"": ""2178"", ""width"": ""25"", ""height"": ""73"", ""conf"": ""96.866280"", ""text"": ""(STW)""}]",ocr_not_independently_verified;explicit_ps_identifiers_and_codes;conflicting_or_partial_constituency_names;caste_missing_or_conflicting;scanned_women_unread_or_blank,needs_review,rendered_image_pixels,0
5c26808d37c5bcd30697,West Bengal,Malda,2013,unclassified,block_ward_reservation,,2.Sadlichak/P.S.-2 | SADLICHAK/PS-2,2,2,(BC),,,,data/wb/gp_source_search/archived_district_files/malda_Harishchandrapur-II.pdf,d39e135d40c5ed343d4a9b7f48a8cd317d86c71b568b07f92e317dbc16212b44,1,,2,"[955, 555, 1014, 1734]","[{""level"": ""5"", ""page_num"": ""1"", ""block_num"": ""20"", ""par_num"": ""1"", ""line_num"": ""1"", ""word_num"": ""1"", ""left"": ""993"", ""top"": ""555"", ""width"": ""21"", ""height"": ""226"", ""conf"": ""91.418419"", ""text"": ""2.Sadlichak/P.S.-2""}, {""level"": ""5"", ""page_num"": ""1"", ""block_num"": ""22"", ""par_num"": ""1"", ""line_num"": ""1"", ""word_num"": ""1"", ""left"": ""960"", ""top"": ""1452"", ""width"": ""20"", ""height"": ""219"", ""conf"": ""85.071716"", ""text"": ""SADLICHAK/PS-2""}, {""level"": ""5"", ""page_num"": ""1"", ""block_num"": ""22"", ""par_num"": ""1"", ""line_num"": ""1"", ""word_num"": ""2"", ""left"": ""955"", ""top"": ""1682"", ""width"": ""25"", ""height"": ""52"", ""conf"": ""96.818001"", ""text"": ""(BC)""}]",ocr_not_independently_verified;explicit_ps_identifiers_and_codes;conflicting_or_partial_constituency_names;caste_missing_or_conflicting;scanned_women_unread_or_blank,needs_review,rendered_image_pixels,0
892efef417a2c35c4752,West Bengal,Malda,2013,unclassified,block_ward_reservation,,3.Sadlichak/P.S.-3 | SADLICHAK/PS-3,3,3,,,,,data/wb/gp_source_search/archived_district_files/malda_Harishchandrapur-II.pdf,d39e135d40c5ed343d4a9b7f48a8cd317d86c71b568b07f92e317dbc16212b44,1,,3,"[755, 555, 790, 2181]","[{""level"": ""5"", ""page_num"": ""1"", ""block_num"": ""24"", ""par_num"": ""1"", ""line_num"": ""1"", ""word_num"": ""1"", ""left"": ""770"", ""top"": ""555"", ""width"": ""20"", ""height"": ""226"", ""conf"": ""91.304344"", ""text"": ""3.Sadlichak/P.S.-3""}, {""level"": ""5"", ""page_num"": ""1"", ""block_num"": ""26"", ""par_num"": ""1"", ""line_num"": ""1"", ""word_num"": ""1"", ""left"": ""755"", ""top"": ""1965"", ""width"": ""19"", ""height"": ""216"", ""conf"": ""49.404301"", ""text"": ""SADLICHAK/PS-3""}]",ocr_not_independently_verified;explicit_ps_identifiers_and_codes;conflicting_or_partial_constituency_names;caste_missing_or_conflicting;scanned_women_unread_or_blank,needs_review,rendered_image_pixels,0
bfdaba783f9b41982c6d,West Bengal,Malda,2013,unclassified,block_ward_reservation,Sultannagar,4.Sultannagar/P.S.-4 | Sultannagar/PS-4,4,4,,,,,data/wb/gp_source_search/archived_district_files/malda_Harishchandrapur-II.pdf,d39e135d40c5ed343d4a9b7f48a8cd317d86c71b568b07f92e317dbc16212b44,1,,4,"[532, 554, 573, 2181]","[{""level"": ""5"", ""page_num"": ""1"", ""block_num"": ""31"", ""par_num"": ""1"", ""line_num"": ""1"", ""word_num"": ""1"", ""left"": ""547"", ""top"": ""554"", ""width"": ""26"", ""height"": ""257"", ""conf"": ""89.944496"", ""text"": ""4.Sultannagar/P.S.-4""}, {""level"": ""5"", ""page_num"": ""1"", ""block_num"": ""33"", ""par_num"": ""1"", ""line_num"": ""1"", ""word_num"": ""1"", ""left"": ""532"", ""top"": ""1965"", ""width"": ""25"", ""height"": ""216"", ""conf"": ""90.461899"", ""text"": ""Sultannagar/PS-4""}]",ocr_not_independently_verified;explicit_ps_identifiers_and_codes;caste_missing_or_conflicting;scanned_women_unread_or_blank,needs_review,rendered_image_pixels,0
43f836e57f260d73bba0,West Bengal,Malda,2013,unclassified,block_ward_reservation,Sultannagar,5.Sultannagar/P.S.-5 | Sultannagar/PS-5,5,5,,,,,data/wb/gp_source_search/archived_district_files/malda_Harishchandrapur-II.pdf,d39e135d40c5ed343d4a9b7f48a8cd317d86c71b568b07f92e317dbc16212b44,1,,5,"[266, 555, 308, 2181]","[{""level"": ""5"", ""page_num"": ""1"", ""block_num"": ""35"", ""par_num"": ""1"", ""line_num"": ""1"", ""word_num"": ""1"", ""left"": ""282"", ""top"": ""555"", ""width"": ""26"", ""height"": ""256"", ""conf"": ""87.039169"", ""text"": ""5.Sultannagar/P.S.-5""}, {""level"": ""5"", ""page_num"": ""1"", ""block_num"": ""43"", ""par_num"": ""1"", ""line_num"": ""1"", ""word_num"": ""1"", ""left"": ""266"", ""top"": ""1965"", ""width"": ""26"", ""height"": ""216"", ""conf"": ""80.711136"", ""text"": ""Sultannagar/PS-5""}]",ocr_not_independently_verified;explicit_ps_identifiers_and_codes;caste_missing_or_conflicting;scanned_women_unread_or_blank,needs_review,rendered_image_pixels,0
68f5bc1136b86eadf190,West Bengal,Malda,2013,unclassified,block_ward_reservation,Sultannagar,6.Sultannagar/P.S.-6,6,6,,,,,data/wb/gp_source_search/archived_district_files/malda_Harishchandrapur-II.pdf,d39e135d40c5ed343d4a9b7f48a8cd317d86c71b568b07f92e317dbc16212b44,2,,1,"[1304, 554, 1330, 811]","[{""level"": ""5"", ""page_num"": ""1"", ""block_num"": ""12"", ""par_num"": ""1"", ""line_num"": ""1"", ""word_num"": ""1"", ""left"": ""1304"", ""top"": ""554"", ""width"": ""26"", ""height"": ""257"", ""conf"": ""89.490074"", ""text"": ""6.Sultannagar/P.S.-6""}]",ocr_not_independently_verified;explicit_ps_identifiers_and_codes;caste_missing_or_conflicting;scanned_women_unread_or_blank,needs_review,rendered_image_pixels,0
4fda549eef7ea929ad4f,West Bengal,Malda,2013,unclassified,block_ward_reservation,,Malior-l/P.S.-7 | MALIOR-I/PS-7,7,7,,,,,data/wb/gp_source_search/archived_district_files/malda_Harishchandrapur-II.pdf,d39e135d40c5ed343d4a9b7f48a8cd317d86c71b568b07f92e317dbc16212b44,2,,2,"[1087, 584, 1123, 2162]","[{""level"": ""5"", ""page_num"": ""1"", ""block_num"": ""16"", ""par_num"": ""1"", ""line_num"": ""1"", ""word_num"": ""2"", ""left"": ""1103"", ""top"": ""584"", ""width"": ""20"", ""height"": ""175"", ""conf"": ""21.048269"", ""text"": ""Malior-l/P.S.-7""}, {""level"": ""5"", ""page_num"": ""1"", ""block_num"": ""19"", ""par_num"": ""1"", ""line_num"": ""1"", ""word_num"": ""1"", ""left"": ""1087"", ""top"": ""1981"", ""width"": ""20"", ""height"": ""181"", ""conf"": ""87.845016"", ""text"": ""MALIOR-I/PS-7""}]",ocr_not_independently_verified;explicit_ps_identifiers_and_codes;conflicting_or_partial_constituency_names;caste_missing_or_conflicting;scanned_women_unread_or_blank,needs_review,rendered_image_pixels,0
6e48da3a18c4c3293fcb,West Bengal,Malda,2013,unclassified,block_ward_reservation,Malior-,8.Malior-/P.S.-8,8,8,,,,,data/wb/gp_source_search/archived_district_files/malda_Harishchandrapur-II.pdf,d39e135d40c5ed343d4a9b7f48a8cd317d86c71b568b07f92e317dbc16212b44,2,,3,"[936, 554, 956, 751]","[{""level"": ""5"", ""page_num"": ""1"", ""block_num"": ""21"", ""par_num"": ""1"", ""line_num"": ""1"", ""word_num"": ""1"", ""left"": ""936"", ""top"": ""554"", ""width"": ""20"", ""height"": ""197"", ""conf"": ""45.214882"", ""text"": ""8.Malior-/P.S.-8""}]",ocr_not_independently_verified;explicit_ps_identifiers_and_codes;caste_missing_or_conflicting;scanned_women_unread_or_blank,needs_review,rendered_image_pixels,0
b5f388f0fce2a4dcfc26,West Bengal,Malda,2013,unclassified,block_ward_reservation,,9.Malior-I/P.S.-9 | MALIOR-I/PS-9,9,9,(BC) (BCW),(BCW),,,data/wb/gp_source_search/archived_district_files/malda_Harishchandrapur-II.pdf,d39e135d40c5ed343d4a9b7f48a8cd317d86c71b568b07f92e317dbc16212b44,2,,4,"[727, 553, 768, 2235]","[{""level"": ""5"", ""page_num"": ""1"", ""block_num"": ""24"", ""par_num"": ""1"", ""line_num"": ""1"", ""word_num"": ""1"", ""left"": ""748"", ""top"": ""553"", ""width"": ""20"", ""height"": ""198"", ""conf"": ""84.225006"", ""text"": ""9.Malior-I/P.S.-9""}, {""level"": ""5"", ""page_num"": ""1"", ""block_num"": ""27"", ""par_num"": ""1"", ""line_num"": ""1"", ""word_num"": ""1"", ""left"": ""732"", ""top"": ""1468"", ""width"": ""20"", ""height"": ""184"", ""conf"": ""86.308189"", ""text"": ""MALIOR-I/PS-9""}, {""level"": ""5"", ""page_num"": ""1"", ""block_num"": ""28"", ""par_num"": ""1"", ""line_num"": ""1"", ""word_num"": ""1"", ""left"": ""732"", ""top"": ""1965"", ""width"": ""20"", ""height"": ""182"", ""conf"": ""87.962753"", ""text"": ""MALIOR-I/PS-9""}, {""level"": ""5"", ""page_num"": ""1"", ""block_num"": ""27"", ""par_num"": ""1"", ""line_num"": ""1"", ""word_num"": ""2"", ""left"": ""727"", ""top"": ""1662"", ""width"": ""25"", ""height"": ""54"", ""conf"": ""96.427086"", ""text"": ""(BC)""}, {""level"": ""5"", ""page_num"": ""1"", ""block_num"": ""28"", ""par_num"": ""1"", ""line_num"": ""1"", ""word_num"": ""2"", ""left"": ""727"", ""top"": ""2157"", ""width"": ""25"", ""height"": ""78"", ""conf"": ""92.063156"", ""text"": ""(BCW)""}]",ocr_not_independently_verified;explicit_ps_identifiers_and_codes;conflicting_or_partial_constituency_names;caste_missing_or_conflicting;scanned_women_unread_or_blank,needs_review,rendered_image_pixels,0
0ab607ff26cb73cf00b2,West Bengal,Malda,2013,unclassified,block_ward_reservation,Malior-II,10.Malior-II/P.S.-10,10,10,,,,,data/wb/gp_source_search/archived_district_files/malda_Harishchandrapur-II.pdf,d39e135d40c5ed343d4a9b7f48a8cd317d86c71b568b07f92e317dbc16212b44,2,,5,"[601, 555, 621, 787]","[{""level"": ""5"", ""page_num"": ""1"", ""block_num"": ""33"", ""par_num"": ""1"", ""line_num"": ""1"", ""word_num"": ""1"", ""left"": ""601"", ""top"": ""555"", ""width"": ""20"", ""height"": ""232"", ""conf"": ""7.575054"", ""text"": ""10.Malior-II/P.S.-10""}]",ocr_not_independently_verified;explicit_ps_identifiers_and_codes;caste_missing_or_conflicting;scanned_women_unread_or_blank,needs_review,rendered_image_pixels,0
0744727185fb99b29f34,West Bengal,Malda,2013,unclassified,block_ward_reservation,Malior-ll,11.Malior-ll/P.S.-11,11,11,,,,,data/wb/gp_source_search/archived_district_files/malda_Harishchandrapur-II.pdf,d39e135d40c5ed343d4a9b7f48a8cd317d86c71b568b07f92e317dbc16212b44,2,,6,"[394, 555, 414, 784]","[{""level"": ""5"", ""page_num"": ""1"", ""block_num"": ""39"", ""par_num"": ""1"", ""line_num"": ""1"", ""word_num"": ""1"", ""left"": ""394"", ""top"": ""555"", ""width"": ""20"", ""height"": ""229"", ""conf"": ""24.660206"", ""text"": ""11.Malior-ll/P.S.-11""}]",ocr_not_independently_verified;explicit_ps_identifiers_and_codes;caste_missing_or_conflicting;scanned_women_unread_or_blank,needs_review,rendered_image_pixels,0
3a02cc1ea9f85f374f14,West Bengal,Malda,2013,unclassified,block_ward_reservation,lslampur,12.lslampur/P.S.-12,12,12,,,,,data/wb/gp_source_search/archived_district_files/malda_Harishchandrapur-II.pdf,d39e135d40c5ed343d4a9b7f48a8cd317d86c71b568b07f92e317dbc16212b44,3,,1,"[1379, 554, 1404, 796]","[{""level"": ""5"", ""page_num"": ""1"", ""block_num"": ""15"", ""par_num"": ""1"", ""line_num"": ""1"", ""word_num"": ""1"", ""left"": ""1379"", ""top"": ""554"", ""width"": ""25"", ""height"": ""242"", ""conf"": ""72.304802"", ""text"": ""12.lslampur/P.S.-12""}]",ocr_not_independently_verified;explicit_ps_identifiers_and_codes;caste_missing_or_conflicting;scanned_women_unread_or_blank,needs_review,rendered_image_pixels,0
f3d6417cbe48b1d18a5e,West Bengal,Malda,2013,unclassified,block_ward_reservation,,13.Islampur/P.S.-13 | ISLAMPUR/PS-13,13,13,(BC),,,,data/wb/gp_source_search/archived_district_files/malda_Harishchandrapur-II.pdf,d39e135d40c5ed343d4a9b7f48a8cd317d86c71b568b07f92e317dbc16212b44,3,,2,"[1208, 553, 1270, 1732]","[{""level"": ""5"", ""page_num"": ""1"", ""block_num"": ""20"", ""par_num"": ""1"", ""line_num"": ""1"", ""word_num"": ""1"", ""left"": ""1245"", ""top"": ""553"", ""width"": ""25"", ""height"": ""242"", ""conf"": ""40.931072"", ""text"": ""13.Islampur/P.S.-13""}, {""level"": ""5"", ""page_num"": ""1"", ""block_num"": ""22"", ""par_num"": ""1"", ""line_num"": ""1"", ""word_num"": ""1"", ""left"": ""1214"", ""top"": ""1452"", ""width"": ""20"", ""height"": ""216"", ""conf"": ""60.520115"", ""text"": ""ISLAMPUR/PS-13""}, {""level"": ""5"", ""page_num"": ""1"", ""block_num"": ""22"", ""par_num"": ""1"", ""line_num"": ""1"", ""word_num"": ""2"", ""left"": ""1208"", ""top"": ""1678"", ""width"": ""25"", ""height"": ""54"", ""conf"": ""96.605629"", ""text"": ""(BC)""}]",ocr_not_independently_verified;explicit_ps_identifiers_and_codes;conflicting_or_partial_constituency_names;caste_missing_or_conflicting;scanned_women_unread_or_blank,needs_review,rendered_image_pixels,0
8eabf5e2516962f682de,West Bengal,Malda,2013,unclassified,block_ward_reservation,lslampur,14.lslampur/P.S.-14,14,14,,,,,data/wb/gp_source_search/archived_district_files/malda_Harishchandrapur-II.pdf,d39e135d40c5ed343d4a9b7f48a8cd317d86c71b568b07f92e317dbc16212b44,3,,3,"[1095, 552, 1121, 795]","[{""level"": ""5"", ""page_num"": ""1"", ""block_num"": ""24"", ""par_num"": ""1"", ""line_num"": ""1"", ""word_num"": ""1"", ""left"": ""1095"", ""top"": ""552"", ""width"": ""26"", ""height"": ""243"", ""conf"": ""70.854355"", ""text"": ""14.lslampur/P.S.-14""}]",ocr_not_independently_verified;explicit_ps_identifiers_and_codes;caste_missing_or_conflicting;scanned_women_unread_or_blank,needs_review,rendered_image_pixels,0
680252c90e5a6a23dfcc,West Bengal,Malda,2013,unclassified,block_ward_reservation,Doulatnagar,15.Doulatnagar/P.S.-15,15,15,,,,,data/wb/gp_source_search/archived_district_files/malda_Harishchandrapur-II.pdf,d39e135d40c5ed343d4a9b7f48a8cd317d86c71b568b07f92e317dbc16212b44,3,,4,"[890, 551, 915, 838]","[{""level"": ""5"", ""page_num"": ""1"", ""block_num"": ""30"", ""par_num"": ""1"", ""line_num"": ""1"", ""word_num"": ""1"", ""left"": ""890"", ""top"": ""551"", ""width"": ""25"", ""height"": ""287"", ""conf"": ""89.198700"", ""text"": ""15.Doulatnagar/P.S.-15""}]",ocr_not_independently_verified;explicit_ps_identifiers_and_codes;caste_missing_or_conflicting;scanned_women_unread_or_blank,needs_review,rendered_image_pixels,0
5f0919b5322a8ad66550,West Bengal,Malda,2013,unclassified,block_ward_reservation,Doulatnagar,16.Doulatnagar/P.S.-16,16,16,,,,,data/wb/gp_source_search/archived_district_files/malda_Harishchandrapur-II.pdf,d39e135d40c5ed343d4a9b7f48a8cd317d86c71b568b07f92e317dbc16212b44,3,,5,"[641, 550, 666, 836]","[{""level"": ""5"", ""page_num"": ""1"", ""block_num"": ""35"", ""par_num"": ""1"", ""line_num"": ""1"", ""word_num"": ""1"", ""left"": ""641"", ""top"": ""550"", ""width"": ""25"", ""height"": ""286"", ""conf"": ""89.654655"", ""text"": ""16.Doulatnagar/P.S.-16""}]",ocr_not_independently_verified;explicit_ps_identifiers_and_codes;caste_missing_or_conflicting;scanned_women_unread_or_blank,needs_review,rendered_image_pixels,0
4ceba7301ea77e6c55ec,West Bengal,Malda,2013,unclassified,block_ward_reservation,Doulatnagar,17.Doulatnagar/P.S.-17,17,17,,,,,data/wb/gp_source_search/archived_district_files/malda_Harishchandrapur-II.pdf,d39e135d40c5ed343d4a9b7f48a8cd317d86c71b568b07f92e317dbc16212b44,3,,6,"[431, 549, 456, 835]","[{""level"": ""5"", ""page_num"": ""1"", ""block_num"": ""40"", ""par_num"": ""1"", ""line_num"": ""1"", ""word_num"": ""1"", ""left"": ""431"", ""top"": ""549"", ""width"": ""25"", ""height"": ""286"", ""conf"": ""91.560074"", ""text"": ""17.Doulatnagar/P.S.-17""}]",ocr_not_independently_verified;explicit_ps_identifiers_and_codes;caste_missing_or_conflicting;scanned_women_unread_or_blank,needs_review,rendered_image_pixels,0
d80a3069cc1edccd221b,West Bengal,Malda,2013,unclassified,block_ward_reservation,Bhaluka,18.Bhaluka/P.S.-18,18,18,,,,,data/wb/gp_source_search/archived_district_files/malda_Harishchandrapur-II.pdf,d39e135d40c5ed343d4a9b7f48a8cd317d86c71b568b07f92e317dbc16212b44,4,,1,"[1351, 560, 1385, 794]","[{""level"": ""5"", ""page_num"": ""1"", ""block_num"": ""7"", ""par_num"": ""2"", ""line_num"": ""2"", ""word_num"": ""1"", ""left"": ""1351"", ""top"": ""560"", ""width"": ""34"", ""height"": ""234"", ""conf"": ""90.967667"", ""text"": ""18.Bhaluka/P.S.-18""}]",ocr_not_independently_verified;explicit_ps_identifiers_and_codes;caste_missing_or_conflicting;scanned_women_unread_or_blank,needs_review,rendered_image_pixels,0
5ad9bb0c6bc203560f0c,West Bengal,Malda,2013,unclassified,block_ward_reservation,,19.Bhaluka/P.S.-19 | BHALUKA/PS-19,19,19,(SC) (SCW),(SCW),,,data/wb/gp_source_search/archived_district_files/malda_Harishchandrapur-II.pdf,d39e135d40c5ed343d4a9b7f48a8cd317d86c71b568b07f92e317dbc16212b44,4,,2,"[1159, 558, 1218, 2250]","[{""level"": ""5"", ""page_num"": ""1"", ""block_num"": ""10"", ""par_num"": ""1"", ""line_num"": ""3"", ""word_num"": ""1"", ""left"": ""1184"", ""top"": ""558"", ""width"": ""34"", ""height"": ""234"", ""conf"": ""90.982323"", ""text"": ""19.Bhaluka/P.S.-19""}, {""level"": ""5"", ""page_num"": ""1"", ""block_num"": ""11"", ""par_num"": ""1"", ""line_num"": ""1"", ""word_num"": ""1"", ""left"": ""1169"", ""top"": ""1462"", ""width"": ""21"", ""height"": ""207"", ""conf"": ""74.846512"", ""text"": ""BHALUKA/PS-19""}, {""level"": ""5"", ""page_num"": ""1"", ""block_num"": ""11"", ""par_num"": ""1"", ""line_num"": ""1"", ""word_num"": ""3"", ""left"": ""1165"", ""top"": ""1958"", ""width"": ""21"", ""height"": ""206"", ""conf"": ""84.854332"", ""text"": ""BHALUKA/PS-19""}, {""level"": ""5"", ""page_num"": ""1"", ""block_num"": ""11"", ""par_num"": ""1"", ""line_num"": ""1"", ""word_num"": ""2"", ""left"": ""1163"", ""top"": ""1679"", ""width"": ""26"", ""height"": ""53"", ""conf"": ""96.594635"", ""text"": ""(SC)""}, {""level"": ""5"", ""page_num"": ""1"", ""block_num"": ""11"", ""par_num"": ""1"", ""line_num"": ""1"", ""word_num"": ""4"", ""left"": ""1159"", ""top"": ""2173"", ""width"": ""25"", ""height"": ""77"", ""conf"": ""91.494461"", ""text"": ""(SCW)""}]",ocr_not_independently_verified;explicit_ps_identifiers_and_codes;conflicting_or_partial_constituency_names;caste_missing_or_conflicting;scanned_women_unread_or_blank,needs_review,rendered_image_pixels,0
c2783cfc921b5be545d2,West Bengal,Malda,2013,unclassified,block_ward_reservation,,20.Bhaluka/P.S.-20 | BHALUKA/PS-20,20,20,(SC),,,,data/wb/gp_source_search/archived_district_files/malda_Harishchandrapur-II.pdf,d39e135d40c5ed343d4a9b7f48a8cd317d86c71b568b07f92e317dbc16212b44,4,,3,"[981, 555, 1032, 1729]","[{""level"": ""5"", ""page_num"": ""1"", ""block_num"": ""15"", ""par_num"": ""1"", ""line_num"": ""2"", ""word_num"": ""1"", ""left"": ""1011"", ""top"": ""555"", ""width"": ""21"", ""height"": ""235"", ""conf"": ""91.654457"", ""text"": ""20.Bhaluka/P.S.-20""}, {""level"": ""5"", ""page_num"": ""1"", ""block_num"": ""15"", ""par_num"": ""1"", ""line_num"": ""2"", ""word_num"": ""3"", ""left"": ""987"", ""top"": ""1459"", ""width"": ""21"", ""height"": ""208"", ""conf"": ""90.794495"", ""text"": ""BHALUKA/PS-20""}, {""level"": ""5"", ""page_num"": ""1"", ""block_num"": ""15"", ""par_num"": ""1"", ""line_num"": ""2"", ""word_num"": ""4"", ""left"": ""981"", ""top"": ""1677"", ""width"": ""26"", ""height"": ""52"", ""conf"": ""96.887413"", ""text"": ""(SC)""}]",ocr_not_independently_verified;explicit_ps_identifiers_and_codes;conflicting_or_partial_constituency_names;caste_missing_or_conflicting;scanned_women_unread_or_blank,needs_review,rendered_image_pixels,0
618349ce99c203151c56,West Bengal,Malda,2013,unclassified,block_ward_reservation,Doulatpur,21.Doulatpur/P.S.-21,21,21,,,,,data/wb/gp_source_search/archived_district_files/malda_Harishchandrapur-II.pdf,d39e135d40c5ed343d4a9b7f48a8cd317d86c71b568b07f92e317dbc16212b44,4,,4,"[823, 553, 849, 808]","[{""level"": ""5"", ""page_num"": ""1"", ""block_num"": ""20"", ""par_num"": ""1"", ""line_num"": ""1"", ""word_num"": ""1"", ""left"": ""823"", ""top"": ""553"", ""width"": ""26"", ""height"": ""255"", ""conf"": ""90.927635"", ""text"": ""21.Doulatpur/P.S.-21""}]",ocr_not_independently_verified;explicit_ps_identifiers_and_codes;caste_missing_or_conflicting;scanned_women_unread_or_blank,needs_review,rendered_image_pixels,0
d53b5ba47d84c91e48ae,West Bengal,Malda,2013,unclassified,block_ward_reservation,Doulatpur,22.Doulatpur/P.S.-22,22,22,,,,,data/wb/gp_source_search/archived_district_files/malda_Harishchandrapur-II.pdf,d39e135d40c5ed343d4a9b7f48a8cd317d86c71b568b07f92e317dbc16212b44,4,,5,"[637, 552, 675, 809]","[{""level"": ""5"", ""page_num"": ""1"", ""block_num"": ""22"", ""par_num"": ""1"", ""line_num"": ""3"", ""word_num"": ""1"", ""left"": ""637"", ""top"": ""552"", ""width"": ""38"", ""height"": ""257"", ""conf"": ""91.578735"", ""text"": ""22.Doulatpur/P.S.-22""}]",ocr_not_independently_verified;explicit_ps_identifiers_and_codes;caste_missing_or_conflicting;scanned_women_unread_or_blank,needs_review,rendered_image_pixels,0
cacc0d1fee87aae9c1c3,West Bengal,Malda,2013,unclassified,block_ward_reservation,,23.Doulatpur/P.S.-23 | DOULATPUR/PS-23,23,23,,,,,data/wb/gp_source_search/archived_district_files/malda_Harishchandrapur-II.pdf,d39e135d40c5ed343d4a9b7f48a8cd317d86c71b568b07f92e317dbc16212b44,4,,6,"[450, 551, 505, 2189]","[{""level"": ""5"", ""page_num"": ""1"", ""block_num"": ""25"", ""par_num"": ""1"", ""line_num"": ""2"", ""word_num"": ""1"", ""left"": ""471"", ""top"": ""551"", ""width"": ""34"", ""height"": ""256"", ""conf"": ""88.758255"", ""text"": ""23.Doulatpur/P.S.-23""}, {""level"": ""5"", ""page_num"": ""1"", ""block_num"": ""26"", ""par_num"": ""1"", ""line_num"": ""1"", ""word_num"": ""2"", ""left"": ""450"", ""top"": ""1947"", ""width"": ""22"", ""height"": ""242"", ""conf"": ""63.599861"", ""text"": ""DOULATPUR/PS-23""}]",ocr_not_independently_verified;explicit_ps_identifiers_and_codes;conflicting_or_partial_constituency_names;caste_missing_or_conflicting;scanned_women_unread_or_blank,needs_review,rendered_image_pixels,0
99f33d7e07a56a6e4084,West Bengal,Malda,2013,unclassified,block_ward_reservation,Mashaldah,24.Mashaldah/P.S.-24,24,24,,,,,data/wb/gp_source_search/archived_district_files/malda_Harishchandrapur-II.pdf,d39e135d40c5ed343d4a9b7f48a8cd317d86c71b568b07f92e317dbc16212b44,5,,1,"[1328, 554, 1349, 824]","[{""level"": ""5"", ""page_num"": ""1"", ""block_num"": ""13"", ""par_num"": ""1"", ""line_num"": ""1"", ""word_num"": ""1"", ""left"": ""1328"", ""top"": ""554"", ""width"": ""21"", ""height"": ""270"", ""conf"": ""70.575706"", ""text"": ""24.Mashaldah/P.S.-24""}]",ocr_not_independently_verified;explicit_ps_identifiers_and_codes;caste_missing_or_conflicting;scanned_women_unread_or_blank,needs_review,rendered_image_pixels,0
e83ec9ce5819810aa61b,West Bengal,Malda,2013,unclassified,block_ward_reservation,,25.Mashaldah/P.S.-25 | MASHALDA/PS-25,25,25,(BC),,,,data/wb/gp_source_search/archived_district_files/malda_Harishchandrapur-II.pdf,d39e135d40c5ed343d4a9b7f48a8cd317d86c71b568b07f92e317dbc16212b44,5,,2,"[1107, 553, 1148, 1739]","[{""level"": ""5"", ""page_num"": ""1"", ""block_num"": ""17"", ""par_num"": ""1"", ""line_num"": ""1"", ""word_num"": ""1"", ""left"": ""1128"", ""top"": ""553"", ""width"": ""20"", ""height"": ""270"", ""conf"": ""87.731346"", ""text"": ""25.Mashaldah/P.S.-25""}, {""level"": ""5"", ""page_num"": ""1"", ""block_num"": ""19"", ""par_num"": ""1"", ""line_num"": ""1"", ""word_num"": ""1"", ""left"": ""1112"", ""top"": ""1447"", ""width"": ""20"", ""height"": ""229"", ""conf"": ""73.382996"", ""text"": ""MASHALDA/PS-25""}, {""level"": ""5"", ""page_num"": ""1"", ""block_num"": ""19"", ""par_num"": ""1"", ""line_num"": ""1"", ""word_num"": ""2"", ""left"": ""1107"", ""top"": ""1685"", ""width"": ""25"", ""height"": ""54"", ""conf"": ""96.162590"", ""text"": ""(BC)""}]",ocr_not_independently_verified;explicit_ps_identifiers_and_codes;conflicting_or_partial_constituency_names;caste_missing_or_conflicting;scanned_women_unread_or_blank,needs_review,rendered_image_pixels,0
4ab426b390e5984f8902,West Bengal,Malda,2013,unclassified,block_ward_reservation,Mashaldah,26.Mashaldah/P.S.-26,26,26,,,,,data/wb/gp_source_search/archived_district_files/malda_Harishchandrapur-II.pdf,d39e135d40c5ed343d4a9b7f48a8cd317d86c71b568b07f92e317dbc16212b44,5,,3,"[929, 553, 950, 822]","[{""level"": ""5"", ""page_num"": ""1"", ""block_num"": ""21"", ""par_num"": ""1"", ""line_num"": ""1"", ""word_num"": ""1"", ""left"": ""929"", ""top"": ""553"", ""width"": ""21"", ""height"": ""269"", ""conf"": ""91.798637"", ""text"": ""26.Mashaldah/P.S.-26""}]",ocr_not_independently_verified;explicit_ps_identifiers_and_codes;caste_missing_or_conflicting;scanned_women_unread_or_blank,needs_review,rendered_image_pixels,0
1760ba22f589399fe934,West Bengal,Malda,2013,unclassified,block_ward_reservation,Panchanandapur-l,Panchanandapur-l/P.S.-2(W),2,2,,Panchanandapur-l/P.S.-2(W),,1,data/wb/gp_source_search/archived_district_files/malda_Kaliachak-II.pdf,bcc295a285052827d6c6a6f4c0e79fcbca4e958e9b2ea0df42517551424808c4,1,,1,"[1967, 574, 2314, 600]","[{""level"": ""5"", ""page_num"": ""1"", ""block_num"": ""14"", ""par_num"": ""1"", ""line_num"": ""13"", ""word_num"": ""7"", ""left"": ""1967"", ""top"": ""574"", ""width"": ""347"", ""height"": ""26"", ""conf"": ""40.452965"", ""text"": ""Panchanandapur-l/P.S.-2(W)""}, {""level"": ""5"", ""page_num"": ""1"", ""block_num"": ""14"", ""par_num"": ""1"", ""line_num"": ""13"", ""word_num"": ""7"", ""left"": ""1967"", ""top"": ""574"", ""width"": ""347"", ""height"": ""26"", ""conf"": ""40.452965"", ""text"": ""Panchanandapur-l/P.S.-2(W)""}]",ocr_not_independently_verified;explicit_ps_identifiers_and_codes;caste_missing_or_conflicting,needs_review,rendered_image_pixels,0
f28baf048407f6fa7e2b,West Bengal,Malda,2013,unclassified,block_ward_reservation,Panchanandapur-ll,Panchanandapur-ll/P.S.-3(SC) | Panchanandapur-ll/P.S.-3(SCW),3,3,Panchanandapur-ll/P.S.-3(SC) Panchanandapur-ll/P.S.-3(SCW),Panchanandapur-ll/P.S.-3(SCW),SC,1,data/wb/gp_source_search/archived_district_files/malda_Kaliachak-II.pdf,bcc295a285052827d6c6a6f4c0e79fcbca4e958e9b2ea0df42517551424808c4,1,,2,"[1429, 700, 2334, 730]","[{""level"": ""5"", ""page_num"": ""1"", ""block_num"": ""14"", ""par_num"": ""1"", ""line_num"": ""17"", ""word_num"": ""8"", ""left"": ""1429"", ""top"": ""700"", ""width"": ""368"", ""height"": ""26"", ""conf"": ""74.948013"", ""text"": ""Panchanandapur-ll/P.S.-3(SC)""}, {""level"": ""5"", ""page_num"": ""1"", ""block_num"": ""14"", ""par_num"": ""1"", ""line_num"": ""17"", ""word_num"": ""10"", ""left"": ""1944"", ""top"": ""703"", ""width"": ""390"", ""height"": ""27"", ""conf"": ""47.700153"", ""text"": ""Panchanandapur-ll/P.S.-3(SCW)""}, {""level"": ""5"", ""page_num"": ""1"", ""block_num"": ""14"", ""par_num"": ""1"", ""line_num"": ""17"", ""word_num"": ""8"", ""left"": ""1429"", ""top"": ""700"", ""width"": ""368"", ""height"": ""26"", ""conf"": ""74.948013"", ""text"": ""Panchanandapur-ll/P.S.-3(SC)""}, {""level"": ""5"", ""page_num"": ""1"", ""block_num"": ""14"", ""par_num"": ""1"", ""line_num"": ""17"", ""word_num"": ""10"", ""left"": ""1944"", ""top"": ""703"", ""width"": ""390"", ""height"": ""27"", ""conf"": ""47.700153"", ""text"": ""Panchanandapur-ll/P.S.-3(SCW)""}]",ocr_not_independently_verified;explicit_ps_identifiers_and_codes,needs_review,rendered_image_pixels,0
474a517f2ab2b61a3d47,West Bengal,Malda,2013,unclassified,block_ward_reservation,,Panchanandapur-ll/P.S.-4(SC) | IW/P.S.-4,4,4,Panchanandapur-ll/P.S.-4(SC),,,,data/wb/gp_source_search/archived_district_files/malda_Kaliachak-II.pdf,bcc295a285052827d6c6a6f4c0e79fcbca4e958e9b2ea0df42517551424808c4,1,,3,"[518, 861, 1796, 916]","[{""level"": ""5"", ""page_num"": ""1"", ""block_num"": ""14"", ""par_num"": ""1"", ""line_num"": ""22"", ""word_num"": ""6"", ""left"": ""1428"", ""top"": ""861"", ""width"": ""368"", ""height"": ""26"", ""conf"": ""41.752071"", ""text"": ""Panchanandapur-ll/P.S.-4(SC)""}, {""level"": ""5"", ""page_num"": ""1"", ""block_num"": ""14"", ""par_num"": ""1"", ""line_num"": ""23"", ""word_num"": ""1"", ""left"": ""518"", ""top"": ""884"", ""width"": ""91"", ""height"": ""32"", ""conf"": ""39.444160"", ""text"": ""IW/P.S.-4""}, {""level"": ""5"", ""page_num"": ""1"", ""block_num"": ""14"", ""par_num"": ""1"", ""line_num"": ""22"", ""word_num"": ""6"", ""left"": ""1428"", ""top"": ""861"", ""width"": ""368"", ""height"": ""26"", ""conf"": ""41.752071"", ""text"": ""Panchanandapur-ll/P.S.-4(SC)""}]",ocr_not_independently_verified;explicit_ps_identifiers_and_codes;conflicting_or_partial_constituency_names;caste_missing_or_conflicting;scanned_women_unread_or_blank,needs_review,rendered_image_pixels,0
6e84983def80befe4463,West Bengal,Malda,2013,unclassified,block_ward_reservation,Bangitola,5.Bangitola/P.S.-5 | Bangitola/P.S.-5,5,5,,(W),,1,data/wb/gp_source_search/archived_district_files/malda_Kaliachak-II.pdf,bcc295a285052827d6c6a6f4c0e79fcbca4e958e9b2ea0df42517551424808c4,2,,1,"[511, 278, 2222, 304]","[{""level"": ""5"", ""page_num"": ""1"", ""block_num"": ""17"", ""par_num"": ""1"", ""line_num"": ""1"", ""word_num"": ""1"", ""left"": ""511"", ""top"": ""280"", ""width"": ""219"", ""height"": ""24"", ""conf"": ""91.402611"", ""text"": ""5.Bangitola/P.S.-5""}, {""level"": ""5"", ""page_num"": ""1"", ""block_num"": ""20"", ""par_num"": ""1"", ""line_num"": ""1"", ""word_num"": ""1"", ""left"": ""1977"", ""top"": ""278"", ""width"": ""196"", ""height"": ""24"", ""conf"": ""90.446068"", ""text"": ""Bangitola/P.S.-5""}, {""level"": ""5"", ""page_num"": ""1"", ""block_num"": ""20"", ""par_num"": ""1"", ""line_num"": ""1"", ""word_num"": ""2"", ""left"": ""2182"", ""top"": ""278"", ""width"": ""40"", ""height"": ""24"", ""conf"": ""91.828896"", ""text"": ""(W)""}]",ocr_not_independently_verified;explicit_ps_identifiers_and_codes;caste_missing_or_conflicting,needs_review,rendered_image_pixels,0
54ed47c20ded678058f6,West Bengal,Malda,2013,unclassified,block_ward_reservation,Bangitola,6.Bangitola/P.S.-6,6,6,,,,,data/wb/gp_source_search/archived_district_files/malda_Kaliachak-II.pdf,bcc295a285052827d6c6a6f4c0e79fcbca4e958e9b2ea0df42517551424808c4,2,,2,"[512, 473, 730, 497]","[{""level"": ""5"", ""page_num"": ""1"", ""block_num"": ""22"", ""par_num"": ""1"", ""line_num"": ""1"", ""word_num"": ""1"", ""left"": ""512"", ""top"": ""473"", ""width"": ""218"", ""height"": ""24"", ""conf"": ""92.048302"", ""text"": ""6.Bangitola/P.S.-6""}]",ocr_not_independently_verified;explicit_ps_identifiers_and_codes;caste_missing_or_conflicting;scanned_women_unread_or_blank,needs_review,rendered_image_pixels,0
17dc89dc272ac00085c3,West Bengal,Malda,2013,unclassified,block_ward_reservation,Bangitola,7.Bangitola/P.S.-7 | Bangitola/P.S.-7,7,7,(SC) (SCW),(SCW),SC,1,data/wb/gp_source_search/archived_district_files/malda_Kaliachak-II.pdf,bcc295a285052827d6c6a6f4c0e79fcbca4e958e9b2ea0df42517551424808c4,2,,3,"[512, 635, 2240, 660]","[{""level"": ""5"", ""page_num"": ""1"", ""block_num"": ""26"", ""par_num"": ""1"", ""line_num"": ""1"", ""word_num"": ""1"", ""left"": ""512"", ""top"": ""636"", ""width"": ""219"", ""height"": ""24"", ""conf"": ""91.189667"", ""text"": ""7.Bangitola/P.S.-7""}, {""level"": ""5"", ""page_num"": ""1"", ""block_num"": ""28"", ""par_num"": ""1"", ""line_num"": ""1"", ""word_num"": ""1"", ""left"": ""1444"", ""top"": ""635"", ""width"": ""198"", ""height"": ""25"", ""conf"": ""91.311935"", ""text"": ""Bangitola/P.S.-7""}, {""level"": ""5"", ""page_num"": ""1"", ""block_num"": ""29"", ""par_num"": ""1"", ""line_num"": ""1"", ""word_num"": ""1"", ""left"": ""1959"", ""top"": ""635"", ""width"": ""195"", ""height"": ""24"", ""conf"": ""91.060913"", ""text"": ""Bangitola/P.S.-7""}, {""level"": ""5"", ""page_num"": ""1"", ""block_num"": ""28"", ""par_num"": ""1"", ""line_num"": ""1"", ""word_num"": ""2"", ""left"": ""1652"", ""top"": ""635"", ""width"": ""51"", ""height"": ""24"", ""conf"": ""96.752647"", ""text"": ""(SC)""}, {""level"": ""5"", ""page_num"": ""1"", ""block_num"": ""29"", ""par_num"": ""1"", ""line_num"": ""1"", ""word_num"": ""2"", ""left"": ""2164"", ""top"": ""635"", ""width"": ""76"", ""height"": ""24"", ""conf"": ""91.463142"", ""text"": ""(SCW)""}]",ocr_not_independently_verified;explicit_ps_identifiers_and_codes,needs_review,rendered_image_pixels,0
0c31fac846506b38b927,West Bengal,Malda,2013,unclassified,block_ward_reservation,Rathbari,8.Rathbari/P.S.-8 | Rathbari/P.S.-8(BC),8,8,Rathbari/P.S.-8(BC),,BC,,data/wb/gp_source_search/archived_district_files/malda_Kaliachak-II.pdf,bcc295a285052827d6c6a6f4c0e79fcbca4e958e9b2ea0df42517551424808c4,2,,4,"[512, 796, 1694, 819]","[{""level"": ""5"", ""page_num"": ""1"", ""block_num"": ""34"", ""par_num"": ""1"", ""line_num"": ""1"", ""word_num"": ""1"", ""left"": ""512"", ""top"": ""797"", ""width"": ""206"", ""height"": ""18"", ""conf"": ""89.212936"", ""text"": ""8.Rathbari/P.S.-8""}, {""level"": ""5"", ""page_num"": ""1"", ""block_num"": ""37"", ""par_num"": ""1"", ""line_num"": ""1"", ""word_num"": ""1"", ""left"": ""1453"", ""top"": ""796"", ""width"": ""241"", ""height"": ""23"", ""conf"": ""88.689720"", ""text"": ""Rathbari/P.S.-8(BC)""}, {""level"": ""5"", ""page_num"": ""1"", ""block_num"": ""37"", ""par_num"": ""1"", ""line_num"": ""1"", ""word_num"": ""1"", ""left"": ""1453"", ""top"": ""796"", ""width"": ""241"", ""height"": ""23"", ""conf"": ""88.689720"", ""text"": ""Rathbari/P.S.-8(BC)""}]",ocr_not_independently_verified;explicit_ps_identifiers_and_codes;scanned_women_unread_or_blank,needs_review,rendered_image_pixels,0
ce18edaf669f1dda9dd9,West Bengal,Malda,2013,unclassified,block_ward_reservation,Rathbari,9.Rathbari/P.S.-9 | Rathbari/P.S.-9(BC),9,9,Rathbari/P.S.-9(BC),,BC,,data/wb/gp_source_search/archived_district_files/malda_Kaliachak-II.pdf,bcc295a285052827d6c6a6f4c0e79fcbca4e958e9b2ea0df42517551424808c4,2,,5,"[512, 956, 1694, 980]","[{""level"": ""5"", ""page_num"": ""1"", ""block_num"": ""39"", ""par_num"": ""1"", ""line_num"": ""1"", ""word_num"": ""1"", ""left"": ""512"", ""top"": ""956"", ""width"": ""206"", ""height"": ""19"", ""conf"": ""91.222038"", ""text"": ""9.Rathbari/P.S.-9""}, {""level"": ""5"", ""page_num"": ""1"", ""block_num"": ""45"", ""par_num"": ""1"", ""line_num"": ""1"", ""word_num"": ""1"", ""left"": ""1454"", ""top"": ""956"", ""width"": ""240"", ""height"": ""24"", ""conf"": ""32.242146"", ""text"": ""Rathbari/P.S.-9(BC)""}, {""level"": ""5"", ""page_num"": ""1"", ""block_num"": ""45"", ""par_num"": ""1"", ""line_num"": ""1"", ""word_num"": ""1"", ""left"": ""1454"", ""top"": ""956"", ""width"": ""240"", ""height"": ""24"", ""conf"": ""32.242146"", ""text"": ""Rathbari/P.S.-9(BC)""}]",ocr_not_independently_verified;explicit_ps_identifiers_and_codes;scanned_women_unread_or_blank,needs_review,rendered_image_pixels,0
20fdd102fbf6e4152ef3,West Bengal,Malda,2013,unclassified,block_ward_reservation,Rathbari,10.Rathbari/P.S.-10,10,10,,,,,data/wb/gp_source_search/archived_district_files/malda_Kaliachak-II.pdf,bcc295a285052827d6c6a6f4c0e79fcbca4e958e9b2ea0df42517551424808c4,3,,1,"[514, 274, 749, 294]","[{""level"": ""5"", ""page_num"": ""1"", ""block_num"": ""14"", ""par_num"": ""1"", ""line_num"": ""1"", ""word_num"": ""1"", ""left"": ""514"", ""top"": ""274"", ""width"": ""235"", ""height"": ""20"", ""conf"": ""91.980598"", ""text"": ""10.Rathbari/P.S.-10""}]",ocr_not_independently_verified;explicit_ps_identifiers_and_codes;caste_missing_or_conflicting;scanned_women_unread_or_blank,needs_review,rendered_image_pixels,0
5169d34c69c43a4af0dd,West Bengal,Malda,2013,unclassified,block_ward_reservation,Gangaprasad,11.Gangaprasad/P.S.-11,11,11,,,,,data/wb/gp_source_search/archived_district_files/malda_Kaliachak-II.pdf,bcc295a285052827d6c6a6f4c0e79fcbca4e958e9b2ea0df42517551424808c4,3,,2,"[513, 435, 808, 458]","[{""level"": ""5"", ""page_num"": ""1"", ""block_num"": ""19"", ""par_num"": ""1"", ""line_num"": ""1"", ""word_num"": ""1"", ""left"": ""513"", ""top"": ""435"", ""width"": ""295"", ""height"": ""23"", ""conf"": ""89.336327"", ""text"": ""11.Gangaprasad/P.S.-11""}]",ocr_not_independently_verified;explicit_ps_identifiers_and_codes;caste_missing_or_conflicting;scanned_women_unread_or_blank,needs_review,rendered_image_pixels,0
ca5386f8570801f467dc,West Bengal,Malda,2013,unclassified,block_ward_reservation,Gangaprasad,12.Gangaprasad/P.S.-12 | Gangaprasad/P.S.-12,12,12,(BC),,BC,,data/wb/gp_source_search/archived_district_files/malda_Kaliachak-II.pdf,bcc295a285052827d6c6a6f4c0e79fcbca4e958e9b2ea0df42517551424808c4,3,,3,"[513, 596, 1736, 624]","[{""level"": ""5"", ""page_num"": ""1"", ""block_num"": ""22"", ""par_num"": ""1"", ""line_num"": ""1"", ""word_num"": ""1"", ""left"": ""513"", ""top"": ""596"", ""width"": ""297"", ""height"": ""25"", ""conf"": ""88.453232"", ""text"": ""12.Gangaprasad/P.S.-12""}, {""level"": ""5"", ""page_num"": ""1"", ""block_num"": ""24"", ""par_num"": ""1"", ""line_num"": ""1"", ""word_num"": ""1"", ""left"": ""1412"", ""top"": ""599"", ""width"": ""261"", ""height"": ""25"", ""conf"": ""31.865015"", ""text"": ""Gangaprasad/P.S.-12""}, {""level"": ""5"", ""page_num"": ""1"", ""block_num"": ""24"", ""par_num"": ""1"", ""line_num"": ""1"", ""word_num"": ""2"", ""left"": ""1683"", ""top"": ""600"", ""width"": ""53"", ""height"": ""24"", ""conf"": ""96.528656"", ""text"": ""(BC)""}]",ocr_not_independently_verified;explicit_ps_identifiers_and_codes;scanned_women_unread_or_blank,needs_review,rendered_image_pixels,0
88d1b4d6c0fd929972d4,West Bengal,Malda,2013,unclassified,block_ward_reservation,Gangaprasad,13.Gangaprasad/P.S.-13 | Gangaprasad/P.S.-13(SCW),13,13,Gangaprasad/P.S.-13(SCW),Gangaprasad/P.S.-13(SCW),SC,1,data/wb/gp_source_search/archived_district_files/malda_Kaliachak-II.pdf,bcc295a285052827d6c6a6f4c0e79fcbca4e958e9b2ea0df42517551424808c4,3,,4,"[512, 791, 2267, 820]","[{""level"": ""5"", ""page_num"": ""1"", ""block_num"": ""26"", ""par_num"": ""1"", ""line_num"": ""1"", ""word_num"": ""1"", ""left"": ""512"", ""top"": ""791"", ""width"": ""298"", ""height"": ""24"", ""conf"": ""87.836525"", ""text"": ""13.Gangaprasad/P.S.-13""}, {""level"": ""5"", ""page_num"": ""1"", ""block_num"": ""29"", ""par_num"": ""1"", ""line_num"": ""1"", ""word_num"": ""1"", ""left"": ""1931"", ""top"": ""794"", ""width"": ""336"", ""height"": ""26"", ""conf"": ""89.355019"", ""text"": ""Gangaprasad/P.S.-13(SCW)""}, {""level"": ""5"", ""page_num"": ""1"", ""block_num"": ""29"", ""par_num"": ""1"", ""line_num"": ""1"", ""word_num"": ""1"", ""left"": ""1931"", ""top"": ""794"", ""width"": ""336"", ""height"": ""26"", ""conf"": ""89.355019"", ""text"": ""Gangaprasad/P.S.-13(SCW)""}]",ocr_not_independently_verified;explicit_ps_identifiers_and_codes,needs_review,rendered_image_pixels,0
7e16c131f48ba491c70c,West Bengal,Malda,2013,unclassified,block_ward_reservation,Lakshmipur,Lakshmipur/P.S.-14 | Lakshmipur/P.S.-14(BC),14,14,Lakshmipur/P.S.-14(BC),,BC,,data/wb/gp_source_search/archived_district_files/malda_Kaliachak-II.pdf,bcc295a285052827d6c6a6f4c0e79fcbca4e958e9b2ea0df42517551424808c4,3,,5,"[617, 951, 1756, 979]","[{""level"": ""5"", ""page_num"": ""1"", ""block_num"": ""34"", ""par_num"": ""1"", ""line_num"": ""1"", ""word_num"": ""2"", ""left"": ""617"", ""top"": ""951"", ""width"": ""243"", ""height"": ""25"", ""conf"": ""91.526115"", ""text"": ""Lakshmipur/P.S.-14""}, {""level"": ""5"", ""page_num"": ""1"", ""block_num"": ""37"", ""par_num"": ""1"", ""line_num"": ""1"", ""word_num"": ""2"", ""left"": ""1460"", ""top"": ""954"", ""width"": ""296"", ""height"": ""25"", ""conf"": ""90.768143"", ""text"": ""Lakshmipur/P.S.-14(BC)""}, {""level"": ""5"", ""page_num"": ""1"", ""block_num"": ""37"", ""par_num"": ""1"", ""line_num"": ""1"", ""word_num"": ""2"", ""left"": ""1460"", ""top"": ""954"", ""width"": ""296"", ""height"": ""25"", ""conf"": ""90.768143"", ""text"": ""Lakshmipur/P.S.-14(BC)""}]",ocr_not_independently_verified;explicit_ps_identifiers_and_codes;scanned_women_unread_or_blank,needs_review,rendered_image_pixels,0
7e1b6ef6aa20f69b1ce5,West Bengal,Malda,2013,unclassified,block_ward_reservation,Lakshmipur,Lakshmipur/P.S.-15,15,15,,(W),,1,data/wb/gp_source_search/archived_district_files/malda_Kaliachak-II.pdf,bcc295a285052827d6c6a6f4c0e79fcbca4e958e9b2ea0df42517551424808c4,3,,6,"[617, 1113, 2278, 1143]","[{""level"": ""5"", ""page_num"": ""1"", ""block_num"": ""39"", ""par_num"": ""1"", ""line_num"": ""1"", ""word_num"": ""2"", ""left"": ""617"", ""top"": ""1113"", ""width"": ""243"", ""height"": ""25"", ""conf"": ""91.577316"", ""text"": ""Lakshmipur/P.S.-15""}, {""level"": ""5"", ""page_num"": ""1"", ""block_num"": ""41"", ""par_num"": ""1"", ""line_num"": ""1"", ""word_num"": ""2"", ""left"": ""1991"", ""top"": ""1117"", ""width"": ""237"", ""height"": ""25"", ""conf"": ""91.867104"", ""text"": ""Lakshmipur/P.S.-15""}, {""level"": ""5"", ""page_num"": ""1"", ""block_num"": ""41"", ""par_num"": ""1"", ""line_num"": ""1"", ""word_num"": ""3"", ""left"": ""2238"", ""top"": ""1118"", ""width"": ""40"", ""height"": ""25"", ""conf"": ""92.699432"", ""text"": ""(W)""}]",ocr_not_independently_verified;explicit_ps_identifiers_and_codes;caste_missing_or_conflicting,needs_review,rendered_image_pixels,0
2d3f2e12acf75a7a0894,West Bengal,Malda,2013,unclassified,block_ward_reservation,Lakshmipur,Lakshmipur/P.S.-16,16,16,,,,,data/wb/gp_source_search/archived_district_files/malda_Kaliachak-II.pdf,bcc295a285052827d6c6a6f4c0e79fcbca4e958e9b2ea0df42517551424808c4,3,,7,"[616, 1308, 859, 1331]","[{""level"": ""5"", ""page_num"": ""1"", ""block_num"": ""44"", ""par_num"": ""1"", ""line_num"": ""1"", ""word_num"": ""2"", ""left"": ""616"", ""top"": ""1308"", ""width"": ""243"", ""height"": ""23"", ""conf"": ""91.755142"", ""text"": ""Lakshmipur/P.S.-16""}]",ocr_not_independently_verified;explicit_ps_identifiers_and_codes;caste_missing_or_conflicting;scanned_women_unread_or_blank,needs_review,rendered_image_pixels,0
ab585998434044dd5108,West Bengal,Malda,2013,unclassified,block_ward_reservation,Mothabari,17.Mothabari/P.S.-17 | Mothabari/P.S.-17,17,17,,(W),,1,data/wb/gp_source_search/archived_district_files/malda_Kaliachak-II.pdf,bcc295a285052827d6c6a6f4c0e79fcbca4e958e9b2ea0df42517551424808c4,4,,1,"[509, 272, 2229, 306]","[{""level"": ""5"", ""page_num"": ""1"", ""block_num"": ""10"", ""par_num"": ""2"", ""line_num"": ""1"", ""word_num"": ""3"", ""left"": ""509"", ""top"": ""272"", ""width"": ""256"", ""height"": ""34"", ""conf"": ""90.245750"", ""text"": ""17.Mothabari/P.S.-17""}, {""level"": ""5"", ""page_num"": ""1"", ""block_num"": ""10"", ""par_num"": ""2"", ""line_num"": ""1"", ""word_num"": ""5"", ""left"": ""1965"", ""top"": ""280"", ""width"": ""215"", ""height"": ""19"", ""conf"": ""91.768318"", ""text"": ""Mothabari/P.S.-17""}, {""level"": ""5"", ""page_num"": ""1"", ""block_num"": ""10"", ""par_num"": ""2"", ""line_num"": ""1"", ""word_num"": ""6"", ""left"": ""2190"", ""top"": ""280"", ""width"": ""39"", ""height"": ""24"", ""conf"": ""92.698746"", ""text"": ""(W)""}]",ocr_not_independently_verified;explicit_ps_identifiers_and_codes;caste_missing_or_conflicting,needs_review,rendered_image_pixels,0
cf35bf1ab4e60f182004,West Bengal,Malda,2013,unclassified,block_ward_reservation,Mothabari,18.Mothabari/P.S.-18 | Mothabari/P.S.-18,18,18,(BC) (BCW),(BCW),BC,1,data/wb/gp_source_search/archived_district_files/malda_Kaliachak-II.pdf,bcc295a285052827d6c6a6f4c0e79fcbca4e958e9b2ea0df42517551424808c4,4,,2,"[509, 494, 2249, 535]","[{""level"": ""5"", ""page_num"": ""1"", ""block_num"": ""10"", ""par_num"": ""3"", ""line_num"": ""1"", ""word_num"": ""1"", ""left"": ""509"", ""top"": ""494"", ""width"": ""255"", ""height"": ""41"", ""conf"": ""91.901260"", ""text"": ""18.Mothabari/P.S.-18""}, {""level"": ""5"", ""page_num"": ""1"", ""block_num"": ""10"", ""par_num"": ""3"", ""line_num"": ""1"", ""word_num"": ""3"", ""left"": ""1430"", ""top"": ""506"", ""width"": ""219"", ""height"": ""19"", ""conf"": ""90.781845"", ""text"": ""Mothabari/P.S.-18""}, {""level"": ""5"", ""page_num"": ""1"", ""block_num"": ""10"", ""par_num"": ""3"", ""line_num"": ""1"", ""word_num"": ""5"", ""left"": ""1946"", ""top"": ""506"", ""width"": ""215"", ""height"": ""20"", ""conf"": ""92.526886"", ""text"": ""Mothabari/P.S.-18""}, {""level"": ""5"", ""page_num"": ""1"", ""block_num"": ""10"", ""par_num"": ""3"", ""line_num"": ""1"", ""word_num"": ""4"", ""left"": ""1658"", ""top"": ""506"", ""width"": ""54"", ""height"": ""25"", ""conf"": ""96.621498"", ""text"": ""(BC)""}, {""level"": ""5"", ""page_num"": ""1"", ""block_num"": ""10"", ""par_num"": ""3"", ""line_num"": ""1"", ""word_num"": ""6"", ""left"": ""2171"", ""top"": ""506"", ""width"": ""78"", ""height"": ""25"", ""conf"": ""91.082504"", ""text"": ""(BCW)""}]",ocr_not_independently_verified;explicit_ps_identifiers_and_codes,needs_review,rendered_image_pixels,0
a5b3013a3a634d63436c,West Bengal,Malda,2013,unclassified,block_ward_reservation,Mothabari,19.Mothabari/P.S.-19,19,19,,,,,data/wb/gp_source_search/archived_district_files/malda_Kaliachak-II.pdf,bcc295a285052827d6c6a6f4c0e79fcbca4e958e9b2ea0df42517551424808c4,4,,3,"[508, 729, 764, 749]","[{""level"": ""5"", ""page_num"": ""1"", ""block_num"": ""13"", ""par_num"": ""1"", ""line_num"": ""1"", ""word_num"": ""1"", ""left"": ""508"", ""top"": ""729"", ""width"": ""256"", ""height"": ""20"", ""conf"": ""90.384880"", ""text"": ""19.Mothabari/P.S.-19""}]",ocr_not_independently_verified;explicit_ps_identifiers_and_codes;caste_missing_or_conflicting;scanned_women_unread_or_blank,needs_review,rendered_image_pixels,0
ea9bc85d6aeeab89e34f,West Bengal,Malda,2013,unclassified,block_ward_reservation,Hamidpur,20.Hamidpur/P.S.-20,20,20,,,,,data/wb/gp_source_search/archived_district_files/malda_Kaliachak-II.pdf,bcc295a285052827d6c6a6f4c0e79fcbca4e958e9b2ea0df42517551424808c4,5,,1,"[523, 260, 774, 294]","[{""level"": ""5"", ""page_num"": ""1"", ""block_num"": ""15"", ""par_num"": ""1"", ""line_num"": ""8"", ""word_num"": ""3"", ""left"": ""523"", ""top"": ""260"", ""width"": ""251"", ""height"": ""34"", ""conf"": ""89.643570"", ""text"": ""20.Hamidpur/P.S.-20""}]",ocr_not_independently_verified;explicit_ps_identifiers_and_codes;caste_missing_or_conflicting;scanned_women_unread_or_blank,needs_review,rendered_image_pixels,0
95911ad48ef5c295d0d5,West Bengal,Malda,2013,unclassified,block_ward_reservation,Hamidpur,21.Hamidpur/P.S.-21 | Hamidpur/P.S.-21,21,21,(BC),,BC,,data/wb/gp_source_search/archived_district_files/malda_Kaliachak-II.pdf,bcc295a285052827d6c6a6f4c0e79fcbca4e958e9b2ea0df42517551424808c4,5,,2,"[522, 385, 1720, 427]","[{""level"": ""5"", ""page_num"": ""1"", ""block_num"": ""15"", ""par_num"": ""1"", ""line_num"": ""11"", ""word_num"": ""1"", ""left"": ""522"", ""top"": ""385"", ""width"": ""249"", ""height"": ""37"", ""conf"": ""60.557587"", ""text"": ""21.Hamidpur/P.S.-21""}, {""level"": ""5"", ""page_num"": ""1"", ""block_num"": ""15"", ""par_num"": ""1"", ""line_num"": ""11"", ""word_num"": ""3"", ""left"": ""1442"", ""top"": ""401"", ""width"": ""213"", ""height"": ""25"", ""conf"": ""87.925446"", ""text"": ""Hamidpur/P.S.-21""}, {""level"": ""5"", ""page_num"": ""1"", ""block_num"": ""15"", ""par_num"": ""1"", ""line_num"": ""11"", ""word_num"": ""4"", ""left"": ""1667"", ""top"": ""403"", ""width"": ""53"", ""height"": ""24"", ""conf"": ""96.830070"", ""text"": ""(BC)""}]",ocr_not_independently_verified;explicit_ps_identifiers_and_codes;scanned_women_unread_or_blank,needs_review,rendered_image_pixels,0
304ec216d408f1eb7d88,West Bengal,Malda,2013,unclassified,block_ward_reservation,Rajnagar,22.Rajnagar/P.S.-22 | Rajnagar/P.S.-22,22,22,(BC),,BC,,data/wb/gp_source_search/archived_district_files/malda_Kaliachak-II.pdf,bcc295a285052827d6c6a6f4c0e79fcbca4e958e9b2ea0df42517551424808c4,5,,3,"[521, 518, 1714, 557]","[{""level"": ""5"", ""page_num"": ""1"", ""block_num"": ""15"", ""par_num"": ""1"", ""line_num"": ""15"", ""word_num"": ""3"", ""left"": ""521"", ""top"": ""518"", ""width"": ""241"", ""height"": ""34"", ""conf"": ""90.379570"", ""text"": ""22.Rajnagar/P.S.-22""}, {""level"": ""5"", ""page_num"": ""1"", ""block_num"": ""15"", ""par_num"": ""1"", ""line_num"": ""15"", ""word_num"": ""4"", ""left"": ""1446"", ""top"": ""531"", ""width"": ""205"", ""height"": ""24"", ""conf"": ""91.522255"", ""text"": ""Rajnagar/P.S.-22""}, {""level"": ""5"", ""page_num"": ""1"", ""block_num"": ""15"", ""par_num"": ""1"", ""line_num"": ""15"", ""word_num"": ""5"", ""left"": ""1660"", ""top"": ""533"", ""width"": ""54"", ""height"": ""24"", ""conf"": ""96.768158"", ""text"": ""(BC)""}]",ocr_not_independently_verified;explicit_ps_identifiers_and_codes;scanned_women_unread_or_blank,needs_review,rendered_image_pixels,0
522a7f6f369e07abec73,West Bengal,Malda,2013,unclassified,block_ward_reservation,BIRNAGAR-I,1.BIRNAGAR-I/PS-1 | BIRNAGAR-I/PS-1(W),1,1,,BIRNAGAR-I/PS-1(W),,1,data/wb/gp_source_search/archived_district_files/malda_Kaliachak-III.pdf,b2cadcc3904978cc02bbe4242b34f7b50574c7645a760392c039e3f84df066a3,1,,1,"[537, 427, 1898, 455]","[{""level"": ""5"", ""page_num"": ""1"", ""block_num"": ""21"", ""par_num"": ""1"", ""line_num"": ""1"", ""word_num"": ""1"", ""left"": ""537"", ""top"": ""427"", ""width"": ""211"", ""height"": ""18"", ""conf"": ""87.821541"", ""text"": ""1.BIRNAGAR-I/PS-1""}, {""level"": ""5"", ""page_num"": ""1"", ""block_num"": ""27"", ""par_num"": ""1"", ""line_num"": ""1"", ""word_num"": ""1"", ""left"": ""1667"", ""top"": ""434"", ""width"": ""231"", ""height"": ""21"", ""conf"": ""86.236168"", ""text"": ""BIRNAGAR-I/PS-1(W)""}, {""level"": ""5"", ""page_num"": ""1"", ""block_num"": ""27"", ""par_num"": ""1"", ""line_num"": ""1"", ""word_num"": ""1"", ""left"": ""1667"", ""top"": ""434"", ""width"": ""231"", ""height"": ""21"", ""conf"": ""86.236168"", ""text"": ""BIRNAGAR-I/PS-1(W)""}]",ocr_not_independently_verified;explicit_ps_identifiers_and_codes;caste_missing_or_conflicting,needs_review,rendered_image_pixels,0
337272c57e09b40d2e55,West Bengal,Malda,2013,unclassified,block_ward_reservation,BIRNAGAR-I,2.BIRNAGAR-I/PS-2 | BIRNAGAR-I/PS-2(W),2,2,,BIRNAGAR-I/PS-2(W),,1,data/wb/gp_source_search/archived_district_files/malda_Kaliachak-III.pdf,b2cadcc3904978cc02bbe4242b34f7b50574c7645a760392c039e3f84df066a3,1,,2,"[536, 585, 1899, 616]","[{""level"": ""5"", ""page_num"": ""1"", ""block_num"": ""32"", ""par_num"": ""1"", ""line_num"": ""1"", ""word_num"": ""1"", ""left"": ""536"", ""top"": ""585"", ""width"": ""216"", ""height"": ""19"", ""conf"": ""85.974419"", ""text"": ""2.BIRNAGAR-I/PS-2""}, {""level"": ""5"", ""page_num"": ""1"", ""block_num"": ""40"", ""par_num"": ""1"", ""line_num"": ""1"", ""word_num"": ""1"", ""left"": ""1668"", ""top"": ""595"", ""width"": ""231"", ""height"": ""21"", ""conf"": ""90.950592"", ""text"": ""BIRNAGAR-I/PS-2(W)""}, {""level"": ""5"", ""page_num"": ""1"", ""block_num"": ""40"", ""par_num"": ""1"", ""line_num"": ""1"", ""word_num"": ""1"", ""left"": ""1668"", ""top"": ""595"", ""width"": ""231"", ""height"": ""21"", ""conf"": ""90.950592"", ""text"": ""BIRNAGAR-I/PS-2(W)""}]",ocr_not_independently_verified;explicit_ps_identifiers_and_codes;caste_missing_or_conflicting,needs_review,rendered_image_pixels,0
b155f1f36dd882fb8bba,West Bengal,Malda,2013,unclassified,block_ward_reservation,BIRNAGAR-I,3.BIRNAGAR-I/PS-3 | BIRNAGAR-I/PS-3(SC) | BIRNAGAR-I/PS-3(SCW),3,3,BIRNAGAR-I/PS-3(SC) BIRNAGAR-I/PS-3(SCW),BIRNAGAR-I/PS-3(SCW),SC,1,data/wb/gp_source_search/archived_district_files/malda_Kaliachak-III.pdf,b2cadcc3904978cc02bbe4242b34f7b50574c7645a760392c039e3f84df066a3,1,,3,"[538, 746, 1916, 777]","[{""level"": ""5"", ""page_num"": ""1"", ""block_num"": ""45"", ""par_num"": ""1"", ""line_num"": ""1"", ""word_num"": ""1"", ""left"": ""538"", ""top"": ""746"", ""width"": ""215"", ""height"": ""18"", ""conf"": ""88.209366"", ""text"": ""3.BIRNAGAR-I/PS-3""}, {""level"": ""5"", ""page_num"": ""1"", ""block_num"": ""51"", ""par_num"": ""1"", ""line_num"": ""1"", ""word_num"": ""1"", ""left"": ""1286"", ""top"": ""756"", ""width"": ""241"", ""height"": ""21"", ""conf"": ""88.997505"", ""text"": ""BIRNAGAR-I/PS-3(SC)""}, {""level"": ""5"", ""page_num"": ""1"", ""block_num"": ""52"", ""par_num"": ""1"", ""line_num"": ""1"", ""word_num"": ""1"", ""left"": ""1653"", ""top"": ""754"", ""width"": ""263"", ""height"": ""21"", ""conf"": ""87.301590"", ""text"": ""BIRNAGAR-I/PS-3(SCW)""}, {""level"": ""5"", ""page_num"": ""1"", ""block_num"": ""51"", ""par_num"": ""1"", ""line_num"": ""1"", ""word_num"": ""1"", ""left"": ""1286"", ""top"": ""756"", ""width"": ""241"", ""height"": ""21"", ""conf"": ""88.997505"", ""text"": ""BIRNAGAR-I/PS-3(SC)""}, {""level"": ""5"", ""page_num"": ""1"", ""block_num"": ""52"", ""par_num"": ""1"", ""line_num"": ""1"", ""word_num"": ""1"", ""left"": ""1653"", ""top"": ""754"", ""width"": ""263"", ""height"": ""21"", ""conf"": ""87.301590"", ""text"": ""BIRNAGAR-I/PS-3(SCW)""}]",ocr_not_independently_verified;explicit_ps_identifiers_and_codes,needs_review,rendered_image_pixels,0
36792a4c70a035d80993,West Bengal,Malda,2013,unclassified,block_ward_reservation,BIRNAGAR-II,4.BIRNAGAR-II/PS-4 | BIRNAGAR-II/PS-4(W),4,4,,BIRNAGAR-II/PS-4(W),,1,data/wb/gp_source_search/archived_district_files/malda_Kaliachak-III.pdf,b2cadcc3904978cc02bbe4242b34f7b50574c7645a760392c039e3f84df066a3,1,,4,"[538, 918, 1904, 948]","[{""level"": ""5"", ""page_num"": ""1"", ""block_num"": ""62"", ""par_num"": ""1"", ""line_num"": ""1"", ""word_num"": ""1"", ""left"": ""538"", ""top"": ""918"", ""width"": ""222"", ""height"": ""18"", ""conf"": ""79.735359"", ""text"": ""4.BIRNAGAR-II/PS-4""}, {""level"": ""5"", ""page_num"": ""1"", ""block_num"": ""70"", ""par_num"": ""1"", ""line_num"": ""1"", ""word_num"": ""1"", ""left"": ""1667"", ""top"": ""927"", ""width"": ""237"", ""height"": ""21"", ""conf"": ""61.651009"", ""text"": ""BIRNAGAR-II/PS-4(W)""}, {""level"": ""5"", ""page_num"": ""1"", ""block_num"": ""70"", ""par_num"": ""1"", ""line_num"": ""1"", ""word_num"": ""1"", ""left"": ""1667"", ""top"": ""927"", ""width"": ""237"", ""height"": ""21"", ""conf"": ""61.651009"", ""text"": ""BIRNAGAR-II/PS-4(W)""}]",ocr_not_independently_verified;explicit_ps_identifiers_and_codes;caste_missing_or_conflicting,needs_review,rendered_image_pixels,0
fce1f8e807ec1bc9718d,West Bengal,Malda,2013,unclassified,block_ward_reservation,BIRNAGAR-II,5.BIRNAGAR-II/PS-5,5,5,,,,,data/wb/gp_source_search/archived_district_files/malda_Kaliachak-III.pdf,b2cadcc3904978cc02bbe4242b34f7b50574c7645a760392c039e3f84df066a3,1,,5,"[540, 1107, 761, 1126]","[{""level"": ""5"", ""page_num"": ""1"", ""block_num"": ""75"", ""par_num"": ""1"", ""line_num"": ""1"", ""word_num"": ""1"", ""left"": ""540"", ""top"": ""1107"", ""width"": ""221"", ""height"": ""19"", ""conf"": ""78.096649"", ""text"": ""5.BIRNAGAR-II/PS-5""}]",ocr_not_independently_verified;explicit_ps_identifiers_and_codes;caste_missing_or_conflicting;scanned_women_unread_or_blank,needs_review,rendered_image_pixels,0
9d1b6ad8ac3e815e6aa0,West Bengal,Malda,2013,unclassified,block_ward_reservation,BIRNAGAR-II,6.BIRNAGAR-II/PS-6 | BIRNAGAR-II/PS-6(BC),6,6,BIRNAGAR-II/PS-6(BC),,BC,,data/wb/gp_source_search/archived_district_files/malda_Kaliachak-III.pdf,b2cadcc3904978cc02bbe4242b34f7b50574c7645a760392c039e3f84df066a3,1,,6,"[540, 1297, 1534, 1330]","[{""level"": ""5"", ""page_num"": ""1"", ""block_num"": ""89"", ""par_num"": ""1"", ""line_num"": ""1"", ""word_num"": ""1"", ""left"": ""540"", ""top"": ""1297"", ""width"": ""222"", ""height"": ""19"", ""conf"": ""89.966599"", ""text"": ""6.BIRNAGAR-II/PS-6""}, {""level"": ""5"", ""page_num"": ""1"", ""block_num"": ""100"", ""par_num"": ""1"", ""line_num"": ""1"", ""word_num"": ""1"", ""left"": ""1286"", ""top"": ""1308"", ""width"": ""248"", ""height"": ""22"", ""conf"": ""89.918610"", ""text"": ""BIRNAGAR-II/PS-6(BC)""}, {""level"": ""5"", ""page_num"": ""1"", ""block_num"": ""100"", ""par_num"": ""1"", ""line_num"": ""1"", ""word_num"": ""1"", ""left"": ""1286"", ""top"": ""1308"", ""width"": ""248"", ""height"": ""22"", ""conf"": ""89.918610"", ""text"": ""BIRNAGAR-II/PS-6(BC)""}]",ocr_not_independently_verified;explicit_ps_identifiers_and_codes;scanned_women_unread_or_blank,needs_review,rendered_image_pixels,0
0eea043296796854e38b,West Bengal,Malda,2013,unclassified,block_ward_reservation,Sahabajpur,7.Sahabajpur/PS-7 | Sahabajpur/PS-7(W),7,7,,Sahabajpur/PS-7(W),,1,data/wb/gp_source_search/archived_district_files/malda_Kaliachak-III.pdf,b2cadcc3904978cc02bbe4242b34f7b50574c7645a760392c039e3f84df066a3,2,,1,"[537, 312, 1889, 347]","[{""level"": ""5"", ""page_num"": ""1"", ""block_num"": ""10"", ""par_num"": ""1"", ""line_num"": ""1"", ""word_num"": ""1"", ""left"": ""537"", ""top"": ""312"", ""width"": ""197"", ""height"": ""22"", ""conf"": ""90.532295"", ""text"": ""7.Sahabajpur/PS-7""}, {""level"": ""5"", ""page_num"": ""1"", ""block_num"": ""19"", ""par_num"": ""1"", ""line_num"": ""1"", ""word_num"": ""1"", ""left"": ""1676"", ""top"": ""325"", ""width"": ""213"", ""height"": ""22"", ""conf"": ""91.580162"", ""text"": ""Sahabajpur/PS-7(W)""}, {""level"": ""5"", ""page_num"": ""1"", ""block_num"": ""19"", ""par_num"": ""1"", ""line_num"": ""1"", ""word_num"": ""1"", ""left"": ""1676"", ""top"": ""325"", ""width"": ""213"", ""height"": ""22"", ""conf"": ""91.580162"", ""text"": ""Sahabajpur/PS-7(W)""}]",ocr_not_independently_verified;explicit_ps_identifiers_and_codes;caste_missing_or_conflicting,needs_review,rendered_image_pixels,0
27242a38ddce3de84632,West Bengal,Malda,2013,unclassified,block_ward_reservation,Sahabajpur,8.Sahabajpur/PS-8 | Sahabajpur/PS-8(SC) | Sahabajpur/PS-8(SCW),8,8,Sahabajpur/PS-8(SC) Sahabajpur/PS-8(SCW),Sahabajpur/PS-8(SCW),SC,1,data/wb/gp_source_search/archived_district_files/malda_Kaliachak-III.pdf,b2cadcc3904978cc02bbe4242b34f7b50574c7645a760392c039e3f84df066a3,2,,2,"[537, 471, 1906, 507]","[{""level"": ""5"", ""page_num"": ""1"", ""block_num"": ""21"", ""par_num"": ""1"", ""line_num"": ""1"", ""word_num"": ""1"", ""left"": ""537"", ""top"": ""471"", ""width"": ""197"", ""height"": ""22"", ""conf"": ""89.980667"", ""text"": ""8.Sahabajpur/PS-8""}, {""level"": ""5"", ""page_num"": ""1"", ""block_num"": ""28"", ""par_num"": ""1"", ""line_num"": ""1"", ""word_num"": ""1"", ""left"": ""1294"", ""top"": ""485"", ""width"": ""225"", ""height"": ""22"", ""conf"": ""91.299210"", ""text"": ""Sahabajpur/PS-8(SC)""}, {""level"": ""5"", ""page_num"": ""1"", ""block_num"": ""31"", ""par_num"": ""1"", ""line_num"": ""1"", ""word_num"": ""1"", ""left"": ""1661"", ""top"": ""484"", ""width"": ""245"", ""height"": ""23"", ""conf"": ""88.319397"", ""text"": ""Sahabajpur/PS-8(SCW)""}, {""level"": ""5"", ""page_num"": ""1"", ""block_num"": ""28"", ""par_num"": ""1"", ""line_num"": ""1"", ""word_num"": ""1"", ""left"": ""1294"", ""top"": ""485"", ""width"": ""225"", ""height"": ""22"", ""conf"": ""91.299210"", ""text"": ""Sahabajpur/PS-8(SC)""}, {""level"": ""5"", ""page_num"": ""1"", ""block_num"": ""31"", ""par_num"": ""1"", ""line_num"": ""1"", ""word_num"": ""1"", ""left"": ""1661"", ""top"": ""484"", ""width"": ""245"", ""height"": ""23"", ""conf"": ""88.319397"", ""text"": ""Sahabajpur/PS-8(SCW)""}]",ocr_not_independently_verified;explicit_ps_identifiers_and_codes,needs_review,rendered_image_pixels,0
cf71fbcdb455da1daff1,West Bengal,Malda,2013,unclassified,block_ward_reservation,Sahabajpur,9.Sahabajpur/PS-9 | Sahabajpur/PS-9(BC),9,9,Sahabajpur/PS-9(BC),,BC,,data/wb/gp_source_search/archived_district_files/malda_Kaliachak-III.pdf,b2cadcc3904978cc02bbe4242b34f7b50574c7645a760392c039e3f84df066a3,2,,3,"[538, 632, 1519, 667]","[{""level"": ""5"", ""page_num"": ""1"", ""block_num"": ""33"", ""par_num"": ""1"", ""line_num"": ""1"", ""word_num"": ""1"", ""left"": ""538"", ""top"": ""632"", ""width"": ""196"", ""height"": ""21"", ""conf"": ""91.230835"", ""text"": ""9.Sahabajpur/PS-9""}, {""level"": ""5"", ""page_num"": ""1"", ""block_num"": ""40"", ""par_num"": ""1"", ""line_num"": ""1"", ""word_num"": ""1"", ""left"": ""1294"", ""top"": ""645"", ""width"": ""225"", ""height"": ""22"", ""conf"": ""90.652206"", ""text"": ""Sahabajpur/PS-9(BC)""}, {""level"": ""5"", ""page_num"": ""1"", ""block_num"": ""40"", ""par_num"": ""1"", ""line_num"": ""1"", ""word_num"": ""1"", ""left"": ""1294"", ""top"": ""645"", ""width"": ""225"", ""height"": ""22"", ""conf"": ""90.652206"", ""text"": ""Sahabajpur/PS-9(BC)""}]",ocr_not_independently_verified;explicit_ps_identifiers_and_codes;scanned_women_unread_or_blank,needs_review,rendered_image_pixels,0
69311df0f64859256ee8,West Bengal,Malda,2013,unclassified,block_ward_reservation,,10.Akandabaria/PS-10 | Akandaberia/PS-10(SC) | Akandaberia/PS-10(SCW),10,10,Akandaberia/PS-10(SC) Akandaberia/PS-10(SCW),Akandaberia/PS-10(SCW),,,data/wb/gp_source_search/archived_district_files/malda_Kaliachak-III.pdf,b2cadcc3904978cc02bbe4242b34f7b50574c7645a760392c039e3f84df066a3,2,,4,"[539, 790, 1920, 826]","[{""level"": ""5"", ""page_num"": ""1"", ""block_num"": ""47"", ""par_num"": ""1"", ""line_num"": ""1"", ""word_num"": ""1"", ""left"": ""539"", ""top"": ""790"", ""width"": ""234"", ""height"": ""17"", ""conf"": ""91.322144"", ""text"": ""10.Akandabaria/PS-10""}, {""level"": ""5"", ""page_num"": ""1"", ""block_num"": ""54"", ""par_num"": ""1"", ""line_num"": ""1"", ""word_num"": ""1"", ""left"": ""1280"", ""top"": ""804"", ""width"": ""252"", ""height"": ""22"", ""conf"": ""90.665291"", ""text"": ""Akandaberia/PS-10(SC)""}, {""level"": ""5"", ""page_num"": ""1"", ""block_num"": ""59"", ""par_num"": ""1"", ""line_num"": ""1"", ""word_num"": ""1"", ""left"": ""1648"", ""top"": ""804"", ""width"": ""272"", ""height"": ""21"", ""conf"": ""91.532364"", ""text"": ""Akandaberia/PS-10(SCW)""}, {""level"": ""5"", ""page_num"": ""1"", ""block_num"": ""54"", ""par_num"": ""1"", ""line_num"": ""1"", ""word_num"": ""1"", ""left"": ""1280"", ""top"": ""804"", ""width"": ""252"", ""height"": ""22"", ""conf"": ""90.665291"", ""text"": ""Akandaberia/PS-10(SC)""}, {""level"": ""5"", ""page_num"": ""1"", ""block_num"": ""59"", ""par_num"": ""1"", ""line_num"": ""1"", ""word_num"": ""1"", ""left"": ""1648"", ""top"": ""804"", ""width"": ""272"", ""height"": ""21"", ""conf"": ""91.532364"", ""text"": ""Akandaberia/PS-10(SCW)""}]",ocr_not_independently_verified;explicit_ps_identifiers_and_codes;conflicting_or_partial_constituency_names;caste_missing_or_conflicting;scanned_women_unread_or_blank,needs_review,rendered_image_pixels,0
d18500023e08e1397bc2,West Bengal,Malda,2013,unclassified,block_ward_reservation,,11.Akandabaria/PS-11 | Akandaberia/PS-11(SC),11,11,Akandaberia/PS-11(SC),,,,data/wb/gp_source_search/archived_district_files/malda_Kaliachak-III.pdf,b2cadcc3904978cc02bbe4242b34f7b50574c7645a760392c039e3f84df066a3,2,,5,"[539, 949, 1532, 985]","[{""level"": ""5"", ""page_num"": ""1"", ""block_num"": ""61"", ""par_num"": ""1"", ""line_num"": ""1"", ""word_num"": ""1"", ""left"": ""539"", ""top"": ""949"", ""width"": ""230"", ""height"": ""18"", ""conf"": ""82.414856"", ""text"": ""11.Akandabaria/PS-11""}, {""level"": ""5"", ""page_num"": ""1"", ""block_num"": ""68"", ""par_num"": ""1"", ""line_num"": ""1"", ""word_num"": ""1"", ""left"": ""1281"", ""top"": ""963"", ""width"": ""251"", ""height"": ""22"", ""conf"": ""92.337524"", ""text"": ""Akandaberia/PS-11(SC)""}, {""level"": ""5"", ""page_num"": ""1"", ""block_num"": ""68"", ""par_num"": ""1"", ""line_num"": ""1"", ""word_num"": ""1"", ""left"": ""1281"", ""top"": ""963"", ""width"": ""251"", ""height"": ""22"", ""conf"": ""92.337524"", ""text"": ""Akandaberia/PS-11(SC)""}]",ocr_not_independently_verified;explicit_ps_identifiers_and_codes;conflicting_or_partial_constituency_names;caste_missing_or_conflicting;scanned_women_unread_or_blank,needs_review,rendered_image_pixels,0
78f4736a2544368c5fa4,West Bengal,Malda,2013,unclassified,block_ward_reservation,Akandabaria,12.Akandabaria/PS-12,12,12,,,,,data/wb/gp_source_search/archived_district_files/malda_Kaliachak-III.pdf,b2cadcc3904978cc02bbe4242b34f7b50574c7645a760392c039e3f84df066a3,2,,6,"[539, 1094, 772, 1112]","[{""level"": ""5"", ""page_num"": ""1"", ""block_num"": ""73"", ""par_num"": ""1"", ""line_num"": ""1"", ""word_num"": ""1"", ""left"": ""539"", ""top"": ""1094"", ""width"": ""233"", ""height"": ""18"", ""conf"": ""85.962036"", ""text"": ""12.Akandabaria/PS-12""}]",ocr_not_independently_verified;explicit_ps_identifiers_and_codes;caste_missing_or_conflicting;scanned_women_unread_or_blank,needs_review,rendered_image_pixels,0
28a0844010ed8b8ffbbc,West Bengal,Malda,2013,unclassified,block_ward_reservation,,13.GOLAPGANJ/PS-13 | Golapganj/PS-13(W),13,13,,Golapganj/PS-13(W),,,data/wb/gp_source_search/archived_district_files/malda_Kaliachak-III.pdf,b2cadcc3904978cc02bbe4242b34f7b50574c7645a760392c039e3f84df066a3,3,,1,"[543, 315, 1894, 358]","[{""level"": ""5"", ""page_num"": ""1"", ""block_num"": ""10"", ""par_num"": ""1"", ""line_num"": ""1"", ""word_num"": ""1"", ""left"": ""543"", ""top"": ""315"", ""width"": ""246"", ""height"": ""19"", ""conf"": ""88.069557"", ""text"": ""13.GOLAPGANJ/PS-13""}, {""level"": ""5"", ""page_num"": ""1"", ""block_num"": ""21"", ""par_num"": ""1"", ""line_num"": ""1"", ""word_num"": ""1"", ""left"": ""1680"", ""top"": ""335"", ""width"": ""214"", ""height"": ""23"", ""conf"": ""90.654160"", ""text"": ""Golapganj/PS-13(W)""}, {""level"": ""5"", ""page_num"": ""1"", ""block_num"": ""21"", ""par_num"": ""1"", ""line_num"": ""1"", ""word_num"": ""1"", ""left"": ""1680"", ""top"": ""335"", ""width"": ""214"", ""height"": ""23"", ""conf"": ""90.654160"", ""text"": ""Golapganj/PS-13(W)""}]",ocr_not_independently_verified;explicit_ps_identifiers_and_codes;conflicting_or_partial_constituency_names;caste_missing_or_conflicting;scanned_women_unread_or_blank,needs_review,rendered_image_pixels,0
0b148b35d1d07eabbbf5,West Bengal,Malda,2013,unclassified,block_ward_reservation,,14.GOLAPGANJ/PS-14 | Golapganj/PS-14(BC) | Golapganj/PS-14(BCW),14,14,Golapganj/PS-14(BC) Golapganj/PS-14(BCW),Golapganj/PS-14(BCW),,,data/wb/gp_source_search/archived_district_files/malda_Kaliachak-III.pdf,b2cadcc3904978cc02bbe4242b34f7b50574c7645a760392c039e3f84df066a3,3,,2,"[542, 504, 1909, 547]","[{""level"": ""5"", ""page_num"": ""1"", ""block_num"": ""23"", ""par_num"": ""1"", ""line_num"": ""1"", ""word_num"": ""1"", ""left"": ""542"", ""top"": ""504"", ""width"": ""246"", ""height"": ""18"", ""conf"": ""44.726028"", ""text"": ""14.GOLAPGANJ/PS-14""}, {""level"": ""5"", ""page_num"": ""1"", ""block_num"": ""34"", ""par_num"": ""1"", ""line_num"": ""1"", ""word_num"": ""1"", ""left"": ""1296"", ""top"": ""522"", ""width"": ""225"", ""height"": ""24"", ""conf"": ""91.554398"", ""text"": ""Golapganj/PS-14(BC)""}, {""level"": ""5"", ""page_num"": ""1"", ""block_num"": ""35"", ""par_num"": ""1"", ""line_num"": ""1"", ""word_num"": ""1"", ""left"": ""1663"", ""top"": ""524"", ""width"": ""246"", ""height"": ""23"", ""conf"": ""90.233704"", ""text"": ""Golapganj/PS-14(BCW)""}, {""level"": ""5"", ""page_num"": ""1"", ""block_num"": ""34"", ""par_num"": ""1"", ""line_num"": ""1"", ""word_num"": ""1"", ""left"": ""1296"", ""top"": ""522"", ""width"": ""225"", ""height"": ""24"", ""conf"": ""91.554398"", ""text"": ""Golapganj/PS-14(BC)""}, {""level"": ""5"", ""page_num"": ""1"", ""block_num"": ""35"", ""par_num"": ""1"", ""line_num"": ""1"", ""word_num"": ""1"", ""left"": ""1663"", ""top"": ""524"", ""width"": ""246"", ""height"": ""23"", ""conf"": ""90.233704"", ""text"": ""Golapganj/PS-14(BCW)""}]",ocr_not_independently_verified;explicit_ps_identifiers_and_codes;conflicting_or_partial_constituency_names;caste_missing_or_conflicting;scanned_women_unread_or_blank,needs_review,rendered_image_pixels,0
670370ba8c98e5817e02,West Bengal,Malda,2013,unclassified,block_ward_reservation,,GOLAPGANJ/PS-15 | Golapganj/PS-15(BC),15,15,Golapganj/PS-15(BC),,,,data/wb/gp_source_search/archived_district_files/malda_Kaliachak-III.pdf,b2cadcc3904978cc02bbe4242b34f7b50574c7645a760392c039e3f84df066a3,3,,3,"[572, 693, 1521, 734]","[{""level"": ""5"", ""page_num"": ""1"", ""block_num"": ""37"", ""par_num"": ""1"", ""line_num"": ""1"", ""word_num"": ""2"", ""left"": ""572"", ""top"": ""693"", ""width"": ""214"", ""height"": ""18"", ""conf"": ""78.353073"", ""text"": ""GOLAPGANJ/PS-15""}, {""level"": ""5"", ""page_num"": ""1"", ""block_num"": ""46"", ""par_num"": ""1"", ""line_num"": ""1"", ""word_num"": ""1"", ""left"": ""1295"", ""top"": ""711"", ""width"": ""226"", ""height"": ""23"", ""conf"": ""91.522659"", ""text"": ""Golapganj/PS-15(BC)""}, {""level"": ""5"", ""page_num"": ""1"", ""block_num"": ""46"", ""par_num"": ""1"", ""line_num"": ""1"", ""word_num"": ""1"", ""left"": ""1295"", ""top"": ""711"", ""width"": ""226"", ""height"": ""23"", ""conf"": ""91.522659"", ""text"": ""Golapganj/PS-15(BC)""}]",ocr_not_independently_verified;explicit_ps_identifiers_and_codes;conflicting_or_partial_constituency_names;caste_missing_or_conflicting;scanned_women_unread_or_blank,needs_review,rendered_image_pixels,0
04ee381d89584e4095ff,West Bengal,Malda,2013,unclassified,block_ward_reservation,SAHABANCHAK,SAHABANCHAK/PS-16,16,16,,,,,data/wb/gp_source_search/archived_district_files/malda_Kaliachak-III.pdf,b2cadcc3904978cc02bbe4242b34f7b50574c7645a760392c039e3f84df066a3,3,,4,"[571, 866, 819, 885]","[{""level"": ""5"", ""page_num"": ""1"", ""block_num"": ""51"", ""par_num"": ""1"", ""line_num"": ""1"", ""word_num"": ""2"", ""left"": ""571"", ""top"": ""866"", ""width"": ""248"", ""height"": ""19"", ""conf"": ""38.319508"", ""text"": ""SAHABANCHAK/PS-16""}]",ocr_not_independently_verified;explicit_ps_identifiers_and_codes;caste_missing_or_conflicting;scanned_women_unread_or_blank,needs_review,rendered_image_pixels,0
4b97c1e9eec4d50a230e,West Bengal,Malda,2013,unclassified,block_ward_reservation,,17.SAHABANCHAK/PS-17 | Sahabanchak/PS-17(W),17,17,,Sahabanchak/PS-17(W),,,data/wb/gp_source_search/archived_district_files/malda_Kaliachak-III.pdf,b2cadcc3904978cc02bbe4242b34f7b50574c7645a760392c039e3f84df066a3,3,,5,"[539, 1025, 1910, 1069]","[{""level"": ""5"", ""page_num"": ""1"", ""block_num"": ""63"", ""par_num"": ""1"", ""line_num"": ""1"", ""word_num"": ""1"", ""left"": ""539"", ""top"": ""1025"", ""width"": ""279"", ""height"": ""19"", ""conf"": ""86.308533"", ""text"": ""17.SAHABANCHAK/PS-17""}, {""level"": ""5"", ""page_num"": ""1"", ""block_num"": ""70"", ""par_num"": ""1"", ""line_num"": ""1"", ""word_num"": ""1"", ""left"": ""1659"", ""top"": ""1046"", ""width"": ""251"", ""height"": ""23"", ""conf"": ""91.347275"", ""text"": ""Sahabanchak/PS-17(W)""}, {""level"": ""5"", ""page_num"": ""1"", ""block_num"": ""70"", ""par_num"": ""1"", ""line_num"": ""1"", ""word_num"": ""1"", ""left"": ""1659"", ""top"": ""1046"", ""width"": ""251"", ""height"": ""23"", ""conf"": ""91.347275"", ""text"": ""Sahabanchak/PS-17(W)""}]",ocr_not_independently_verified;explicit_ps_identifiers_and_codes;conflicting_or_partial_constituency_names;caste_missing_or_conflicting;scanned_women_unread_or_blank,needs_review,rendered_image_pixels,0
2aef8e7010fe492fc1c2,West Bengal,Malda,2013,unclassified,block_ward_reservation,,18.SAHABANCHAK/PS-18 | Sahabanchak/PS-18(BC) | Sahabanchak/PS-18(BCW),18,18,Sahabanchak/PS-18(BC) Sahabanchak/PS-18(BCW),Sahabanchak/PS-18(BCW),,,data/wb/gp_source_search/archived_district_files/malda_Kaliachak-III.pdf,b2cadcc3904978cc02bbe4242b34f7b50574c7645a760392c039e3f84df066a3,3,,6,"[537, 1186, 1926, 1230]","[{""level"": ""5"", ""page_num"": ""1"", ""block_num"": ""72"", ""par_num"": ""1"", ""line_num"": ""1"", ""word_num"": ""1"", ""left"": ""537"", ""top"": ""1186"", ""width"": ""280"", ""height"": ""19"", ""conf"": ""86.034752"", ""text"": ""18.SAHABANCHAK/PS-18""}, {""level"": ""5"", ""page_num"": ""1"", ""block_num"": ""84"", ""par_num"": ""1"", ""line_num"": ""1"", ""word_num"": ""1"", ""left"": ""1274"", ""top"": ""1205"", ""width"": ""262"", ""height"": ""23"", ""conf"": ""90.857224"", ""text"": ""Sahabanchak/PS-18(BC)""}, {""level"": ""5"", ""page_num"": ""1"", ""block_num"": ""86"", ""par_num"": ""1"", ""line_num"": ""1"", ""word_num"": ""1"", ""left"": ""1643"", ""top"": ""1207"", ""width"": ""283"", ""height"": ""23"", ""conf"": ""88.529930"", ""text"": ""Sahabanchak/PS-18(BCW)""}, {""level"": ""5"", ""page_num"": ""1"", ""block_num"": ""84"", ""par_num"": ""1"", ""line_num"": ""1"", ""word_num"": ""1"", ""left"": ""1274"", ""top"": ""1205"", ""width"": ""262"", ""height"": ""23"", ""conf"": ""90.857224"", ""text"": ""Sahabanchak/PS-18(BC)""}, {""level"": ""5"", ""page_num"": ""1"", ""block_num"": ""86"", ""par_num"": ""1"", ""line_num"": ""1"", ""word_num"": ""1"", ""left"": ""1643"", ""top"": ""1207"", ""width"": ""283"", ""height"": ""23"", ""conf"": ""88.529930"", ""text"": ""Sahabanchak/PS-18(BCW)""}]",ocr_not_independently_verified;explicit_ps_identifiers_and_codes;conflicting_or_partial_constituency_names;caste_missing_or_conflicting;scanned_women_unread_or_blank,needs_review,rendered_image_pixels,0
22434be0bbfa7db86e0d,West Bengal,Malda,2013,unclassified,block_ward_reservation,,Bedrabad/PS-19(BC) | 19.BEDRABAD/PS-19,19,19,Bedrabad/PS-19(BC),,,,data/wb/gp_source_search/archived_district_files/malda_Kaliachak-III.pdf,b2cadcc3904978cc02bbe4242b34f7b50574c7645a760392c039e3f84df066a3,4,,1,"[546, 310, 1522, 354]","[{""level"": ""5"", ""page_num"": ""1"", ""block_num"": ""7"", ""par_num"": ""1"", ""line_num"": ""3"", ""word_num"": ""2"", ""left"": ""1304"", ""top"": ""330"", ""width"": ""218"", ""height"": ""24"", ""conf"": ""91.761681"", ""text"": ""Bedrabad/PS-19(BC)""}, {""level"": ""5"", ""page_num"": ""1"", ""block_num"": ""9"", ""par_num"": ""1"", ""line_num"": ""1"", ""word_num"": ""1"", ""left"": ""546"", ""top"": ""310"", ""width"": ""231"", ""height"": ""18"", ""conf"": ""78.665749"", ""text"": ""19.BEDRABAD/PS-19""}, {""level"": ""5"", ""page_num"": ""1"", ""block_num"": ""7"", ""par_num"": ""1"", ""line_num"": ""3"", ""word_num"": ""2"", ""left"": ""1304"", ""top"": ""330"", ""width"": ""218"", ""height"": ""24"", ""conf"": ""91.761681"", ""text"": ""Bedrabad/PS-19(BC)""}]",ocr_not_independently_verified;explicit_ps_identifiers_and_codes;conflicting_or_partial_constituency_names;caste_missing_or_conflicting;scanned_women_unread_or_blank,needs_review,rendered_image_pixels,0
b4b509b4618721b180cd,West Bengal,Malda,2013,unclassified,block_ward_reservation,BEDRABAD,20.BEDRABAD/PS-20,20,20,,,,,data/wb/gp_source_search/archived_district_files/malda_Kaliachak-III.pdf,b2cadcc3904978cc02bbe4242b34f7b50574c7645a760392c039e3f84df066a3,4,,2,"[542, 497, 776, 516]","[{""level"": ""5"", ""page_num"": ""1"", ""block_num"": ""15"", ""par_num"": ""1"", ""line_num"": ""3"", ""word_num"": ""1"", ""left"": ""542"", ""top"": ""497"", ""width"": ""234"", ""height"": ""19"", ""conf"": ""77.336876"", ""text"": ""20.BEDRABAD/PS-20""}]",ocr_not_independently_verified;explicit_ps_identifiers_and_codes;caste_missing_or_conflicting;scanned_women_unread_or_blank,needs_review,rendered_image_pixels,0
f5fb6cd89d301303cbe6,West Bengal,Malda,2013,unclassified,block_ward_reservation,,Bedrabad/PS-21(SC) | Bedrabad/PS-21(SCW) | 21.BEDRABAD/PS-21,21,21,Bedrabad/PS-21(SC) Bedrabad/PS-21(SCW),Bedrabad/PS-21(SCW),,,data/wb/gp_source_search/archived_district_files/malda_Kaliachak-III.pdf,b2cadcc3904978cc02bbe4242b34f7b50574c7645a760392c039e3f84df066a3,4,,3,"[541, 687, 1908, 734]","[{""level"": ""5"", ""page_num"": ""1"", ""block_num"": ""25"", ""par_num"": ""1"", ""line_num"": ""1"", ""word_num"": ""2"", ""left"": ""1300"", ""top"": ""708"", ""width"": ""219"", ""height"": ""23"", ""conf"": ""90.825638"", ""text"": ""Bedrabad/PS-21(SC)""}, {""level"": ""5"", ""page_num"": ""1"", ""block_num"": ""25"", ""par_num"": ""1"", ""line_num"": ""1"", ""word_num"": ""3"", ""left"": ""1668"", ""top"": ""711"", ""width"": ""240"", ""height"": ""23"", ""conf"": ""92.212669"", ""text"": ""Bedrabad/PS-21(SCW)""}, {""level"": ""5"", ""page_num"": ""1"", ""block_num"": ""26"", ""par_num"": ""1"", ""line_num"": ""1"", ""word_num"": ""1"", ""left"": ""541"", ""top"": ""687"", ""width"": ""229"", ""height"": ""19"", ""conf"": ""89.747688"", ""text"": ""21.BEDRABAD/PS-21""}, {""level"": ""5"", ""page_num"": ""1"", ""block_num"": ""25"", ""par_num"": ""1"", ""line_num"": ""1"", ""word_num"": ""2"", ""left"": ""1300"", ""top"": ""708"", ""width"": ""219"", ""height"": ""23"", ""conf"": ""90.825638"", ""text"": ""Bedrabad/PS-21(SC)""}, {""level"": ""5"", ""page_num"": ""1"", ""block_num"": ""25"", ""par_num"": ""1"", ""line_num"": ""1"", ""word_num"": ""3"", ""left"": ""1668"", ""top"": ""711"", ""width"": ""240"", ""height"": ""23"", ""conf"": ""92.212669"", ""text"": ""Bedrabad/PS-21(SCW)""}]",ocr_not_independently_verified;explicit_ps_identifiers_and_codes;conflicting_or_partial_constituency_names;caste_missing_or_conflicting;scanned_women_unread_or_blank,needs_review,rendered_image_pixels,0
4ff9422401cb8dab8d25,West Bengal,Malda,2013,unclassified,block_ward_reservation,Laxmipur,22.Laxmipur/PS-22 | Laxmipur/PS-22(W),22,22,,Laxmipur/PS-22(W),,1,data/wb/gp_source_search/archived_district_files/malda_Kaliachak-III.pdf,b2cadcc3904978cc02bbe4242b34f7b50574c7645a760392c039e3f84df066a3,4,,4,"[538, 872, 1888, 922]","[{""level"": ""5"", ""page_num"": ""1"", ""block_num"": ""33"", ""par_num"": ""1"", ""line_num"": ""3"", ""word_num"": ""1"", ""left"": ""538"", ""top"": ""872"", ""width"": ""199"", ""height"": ""31"", ""conf"": ""85.873146"", ""text"": ""22.Laxmipur/PS-22""}, {""level"": ""5"", ""page_num"": ""1"", ""block_num"": ""37"", ""par_num"": ""1"", ""line_num"": ""1"", ""word_num"": ""2"", ""left"": ""1685"", ""top"": ""900"", ""width"": ""203"", ""height"": ""22"", ""conf"": ""91.477196"", ""text"": ""Laxmipur/PS-22(W)""}, {""level"": ""5"", ""page_num"": ""1"", ""block_num"": ""37"", ""par_num"": ""1"", ""line_num"": ""1"", ""word_num"": ""2"", ""left"": ""1685"", ""top"": ""900"", ""width"": ""203"", ""height"": ""22"", ""conf"": ""91.477196"", ""text"": ""Laxmipur/PS-22(W)""}]",ocr_not_independently_verified;explicit_ps_identifiers_and_codes;caste_missing_or_conflicting,needs_review,rendered_image_pixels,0
162076679ae14d80783a,West Bengal,Malda,2013,unclassified,block_ward_reservation,Laxmipur,Laxmipur/PS-23(SC),23,23,Laxmipur/PS-23(SC),,SC,,data/wb/gp_source_search/archived_district_files/malda_Kaliachak-III.pdf,b2cadcc3904978cc02bbe4242b34f7b50574c7645a760392c039e3f84df066a3,4,,5,"[1299, 1085, 1513, 1113]","[{""level"": ""5"", ""page_num"": ""1"", ""block_num"": ""43"", ""par_num"": ""1"", ""line_num"": ""1"", ""word_num"": ""4"", ""left"": ""1299"", ""top"": ""1085"", ""width"": ""214"", ""height"": ""28"", ""conf"": ""86.993134"", ""text"": ""Laxmipur/PS-23(SC)""}, {""level"": ""5"", ""page_num"": ""1"", ""block_num"": ""43"", ""par_num"": ""1"", ""line_num"": ""1"", ""word_num"": ""4"", ""left"": ""1299"", ""top"": ""1085"", ""width"": ""214"", ""height"": ""28"", ""conf"": ""86.993134"", ""text"": ""Laxmipur/PS-23(SC)""}]",ocr_not_independently_verified;explicit_ps_identifiers_and_codes;scanned_women_unread_or_blank,needs_review,rendered_image_pixels,0
35a2186f283bfbf7d010,West Bengal,Malda,2013,unclassified,block_ward_reservation,Laxmipur,24.Laxmipur/PS-24,24,24,,,,,data/wb/gp_source_search/archived_district_files/malda_Kaliachak-III.pdf,b2cadcc3904978cc02bbe4242b34f7b50574c7645a760392c039e3f84df066a3,4,,6,"[534, 1269, 733, 1292]","[{""level"": ""5"", ""page_num"": ""1"", ""block_num"": ""55"", ""par_num"": ""1"", ""line_num"": ""1"", ""word_num"": ""1"", ""left"": ""534"", ""top"": ""1269"", ""width"": ""199"", ""height"": ""23"", ""conf"": ""90.655373"", ""text"": ""24.Laxmipur/PS-24""}]",ocr_not_independently_verified;explicit_ps_identifiers_and_codes;caste_missing_or_conflicting;scanned_women_unread_or_blank,needs_review,rendered_image_pixels,0
24294a6b0dbcaddfaca4,West Bengal,Malda,2013,unclassified,block_ward_reservation,Krishnapur,25.Krishnapur/PS-25 | Krishnapur/PS-25(SC) | Krishnapur/PS-25(SCW),25,25,Krishnapur/PS-25(SC) Krishnapur/PS-25(SCW),Krishnapur/PS-25(SCW),SC,1,data/wb/gp_source_search/archived_district_files/malda_Kaliachak-III.pdf,b2cadcc3904978cc02bbe4242b34f7b50574c7645a760392c039e3f84df066a3,5,,1,"[540, 336, 1912, 375]","[{""level"": ""5"", ""page_num"": ""1"", ""block_num"": ""10"", ""par_num"": ""1"", ""line_num"": ""1"", ""word_num"": ""1"", ""left"": ""540"", ""top"": ""336"", ""width"": ""215"", ""height"": ""22"", ""conf"": ""90.660240"", ""text"": ""25.Krishnapur/PS-25""}, {""level"": ""5"", ""page_num"": ""1"", ""block_num"": ""23"", ""par_num"": ""1"", ""line_num"": ""1"", ""word_num"": ""1"", ""left"": ""1293"", ""top"": ""352"", ""width"": ""231"", ""height"": ""22"", ""conf"": ""91.998062"", ""text"": ""Krishnapur/PS-25(SC)""}, {""level"": ""5"", ""page_num"": ""1"", ""block_num"": ""24"", ""par_num"": ""1"", ""line_num"": ""1"", ""word_num"": ""1"", ""left"": ""1660"", ""top"": ""353"", ""width"": ""252"", ""height"": ""22"", ""conf"": ""91.783913"", ""text"": ""Krishnapur/PS-25(SCW)""}, {""level"": ""5"", ""page_num"": ""1"", ""block_num"": ""23"", ""par_num"": ""1"", ""line_num"": ""1"", ""word_num"": ""1"", ""left"": ""1293"", ""top"": ""352"", ""width"": ""231"", ""height"": ""22"", ""conf"": ""91.998062"", ""text"": ""Krishnapur/PS-25(SC)""}, {""level"": ""5"", ""page_num"": ""1"", ""block_num"": ""24"", ""par_num"": ""1"", ""line_num"": ""1"", ""word_num"": ""1"", ""left"": ""1660"", ""top"": ""353"", ""width"": ""252"", ""height"": ""22"", ""conf"": ""91.783913"", ""text"": ""Krishnapur/PS-25(SCW)""}]",ocr_not_independently_verified;explicit_ps_identifiers_and_codes,needs_review,rendered_image_pixels,0
26d84666e12b8c94c0e2,West Bengal,Malda,2013,unclassified,block_ward_reservation,Krishnapur,Krishnapur/PS-26 | Krishnapur/PS-26(W),26,26,,Krishnapur/PS-26(W),,1,data/wb/gp_source_search/archived_district_files/malda_Kaliachak-III.pdf,b2cadcc3904978cc02bbe4242b34f7b50574c7645a760392c039e3f84df066a3,5,,2,"[573, 555, 1896, 592]","[{""level"": ""5"", ""page_num"": ""1"", ""block_num"": ""26"", ""par_num"": ""1"", ""line_num"": ""1"", ""word_num"": ""2"", ""left"": ""573"", ""top"": ""555"", ""width"": ""182"", ""height"": ""20"", ""conf"": ""82.500992"", ""text"": ""Krishnapur/PS-26""}, {""level"": ""5"", ""page_num"": ""1"", ""block_num"": ""41"", ""par_num"": ""1"", ""line_num"": ""1"", ""word_num"": ""1"", ""left"": ""1677"", ""top"": ""570"", ""width"": ""219"", ""height"": ""22"", ""conf"": ""91.427223"", ""text"": ""Krishnapur/PS-26(W)""}, {""level"": ""5"", ""page_num"": ""1"", ""block_num"": ""41"", ""par_num"": ""1"", ""line_num"": ""1"", ""word_num"": ""1"", ""left"": ""1677"", ""top"": ""570"", ""width"": ""219"", ""height"": ""22"", ""conf"": ""91.427223"", ""text"": ""Krishnapur/PS-26(W)""}]",ocr_not_independently_verified;explicit_ps_identifiers_and_codes;caste_missing_or_conflicting,needs_review,rendered_image_pixels,0
73ee415d3dbe31f8efec,West Bengal,Malda,2013,unclassified,block_ward_reservation,Krishnapur,27.Krishnapur/PS-27 | Krishnapur/PS-27(SC),27,27,Krishnapur/PS-27(SC),,SC,,data/wb/gp_source_search/archived_district_files/malda_Kaliachak-III.pdf,b2cadcc3904978cc02bbe4242b34f7b50574c7645a760392c039e3f84df066a3,5,,3,"[538, 787, 1523, 825]","[{""level"": ""5"", ""page_num"": ""1"", ""block_num"": ""43"", ""par_num"": ""1"", ""line_num"": ""1"", ""word_num"": ""1"", ""left"": ""538"", ""top"": ""787"", ""width"": ""215"", ""height"": ""22"", ""conf"": ""90.363899"", ""text"": ""27.Krishnapur/PS-27""}, {""level"": ""5"", ""page_num"": ""1"", ""block_num"": ""56"", ""par_num"": ""1"", ""line_num"": ""1"", ""word_num"": ""1"", ""left"": ""1291"", ""top"": ""803"", ""width"": ""232"", ""height"": ""22"", ""conf"": ""89.034828"", ""text"": ""Krishnapur/PS-27(SC)""}, {""level"": ""5"", ""page_num"": ""1"", ""block_num"": ""56"", ""par_num"": ""1"", ""line_num"": ""1"", ""word_num"": ""1"", ""left"": ""1291"", ""top"": ""803"", ""width"": ""232"", ""height"": ""22"", ""conf"": ""89.034828"", ""text"": ""Krishnapur/PS-27(SC)""}]",ocr_not_independently_verified;explicit_ps_identifiers_and_codes;scanned_women_unread_or_blank,needs_review,rendered_image_pixels,0
d1383e97efd663587a65,West Bengal,Malda,2013,unclassified,block_ward_reservation,,28.Bhagabanpur/PS-28 | Bhagbanpur/PS-28(BC) | Bhagbanpur/PS-28(BCW),28,28,Bhagbanpur/PS-28(BC) Bhagbanpur/PS-28(BCW),Bhagbanpur/PS-28(BCW),,,data/wb/gp_source_search/archived_district_files/malda_Kaliachak-III.pdf,b2cadcc3904978cc02bbe4242b34f7b50574c7645a760392c039e3f84df066a3,5,,4,"[537, 989, 1919, 1029]","[{""level"": ""5"", ""page_num"": ""1"", ""block_num"": ""61"", ""par_num"": ""1"", ""line_num"": ""1"", ""word_num"": ""1"", ""left"": ""537"", ""top"": ""989"", ""width"": ""243"", ""height"": ""23"", ""conf"": ""79.725204"", ""text"": ""28.Bhagabanpur/PS-28""}, {""level"": ""5"", ""page_num"": ""1"", ""block_num"": ""72"", ""par_num"": ""1"", ""line_num"": ""1"", ""word_num"": ""1"", ""left"": ""1283"", ""top"": ""1006"", ""width"": ""247"", ""height"": ""22"", ""conf"": ""92.007294"", ""text"": ""Bhagbanpur/PS-28(BC)""}, {""level"": ""5"", ""page_num"": ""1"", ""block_num"": ""73"", ""par_num"": ""1"", ""line_num"": ""1"", ""word_num"": ""1"", ""left"": ""1652"", ""top"": ""1007"", ""width"": ""267"", ""height"": ""22"", ""conf"": ""91.099144"", ""text"": ""Bhagbanpur/PS-28(BCW)""}, {""level"": ""5"", ""page_num"": ""1"", ""block_num"": ""72"", ""par_num"": ""1"", ""line_num"": ""1"", ""word_num"": ""1"", ""left"": ""1283"", ""top"": ""1006"", ""width"": ""247"", ""height"": ""22"", ""conf"": ""92.007294"", ""text"": ""Bhagbanpur/PS-28(BC)""}, {""level"": ""5"", ""page_num"": ""1"", ""block_num"": ""73"", ""par_num"": ""1"", ""line_num"": ""1"", ""word_num"": ""1"", ""left"": ""1652"", ""top"": ""1007"", ""width"": ""267"", ""height"": ""22"", ""conf"": ""91.099144"", ""text"": ""Bhagbanpur/PS-28(BCW)""}]",ocr_not_independently_verified;explicit_ps_identifiers_and_codes;conflicting_or_partial_constituency_names;caste_missing_or_conflicting;scanned_women_unread_or_blank,needs_review,rendered_image_pixels,0
339306d489d2fe884040,West Bengal,Malda,2013,unclassified,block_ward_reservation,Bhagabanpur,29.Bhagabanpur/PS-29,29,29,,,,,data/wb/gp_source_search/archived_district_files/malda_Kaliachak-III.pdf,b2cadcc3904978cc02bbe4242b34f7b50574c7645a760392c039e3f84df066a3,5,,5,"[536, 1165, 779, 1187]","[{""level"": ""5"", ""page_num"": ""1"", ""block_num"": ""75"", ""par_num"": ""1"", ""line_num"": ""1"", ""word_num"": ""1"", ""left"": ""536"", ""top"": ""1165"", ""width"": ""243"", ""height"": ""22"", ""conf"": ""87.518837"", ""text"": ""29.Bhagabanpur/PS-29""}]",ocr_not_independently_verified;explicit_ps_identifiers_and_codes;caste_missing_or_conflicting;scanned_women_unread_or_blank,needs_review,rendered_image_pixels,0
8ecc96d9f30e935fa9cd,West Bengal,Malda,2013,unclassified,block_ward_reservation,,30.Bhagabanpur/PS-30 | Bhagbanpur/PS-30(W),30,30,,Bhagbanpur/PS-30(W),,,data/wb/gp_source_search/archived_district_files/malda_Kaliachak-III.pdf,b2cadcc3904978cc02bbe4242b34f7b50574c7645a760392c039e3f84df066a3,5,,6,"[535, 1326, 1902, 1365]","[{""level"": ""5"", ""page_num"": ""1"", ""block_num"": ""87"", ""par_num"": ""1"", ""line_num"": ""1"", ""word_num"": ""1"", ""left"": ""535"", ""top"": ""1326"", ""width"": ""243"", ""height"": ""22"", ""conf"": ""91.251030"", ""text"": ""30.Bhagabanpur/PS-30""}, {""level"": ""5"", ""page_num"": ""1"", ""block_num"": ""100"", ""par_num"": ""1"", ""line_num"": ""1"", ""word_num"": ""1"", ""left"": ""1669"", ""top"": ""1343"", ""width"": ""233"", ""height"": ""22"", ""conf"": ""88.699333"", ""text"": ""Bhagbanpur/PS-30(W)""}, {""level"": ""5"", ""page_num"": ""1"", ""block_num"": ""100"", ""par_num"": ""1"", ""line_num"": ""1"", ""word_num"": ""1"", ""left"": ""1669"", ""top"": ""1343"", ""width"": ""233"", ""height"": ""22"", ""conf"": ""88.699333"", ""text"": ""Bhagbanpur/PS-30(W)""}]",ocr_not_independently_verified;explicit_ps_identifiers_and_codes;conflicting_or_partial_constituency_names;caste_missing_or_conflicting;scanned_women_unread_or_blank,needs_review,rendered_image_pixels,0
dfd7ddb0fd1a7b8669b6,West Bengal,Malda,2013,unclassified,block_ward_reservation,Charianantapur,31.Charianantapur/PS-31,31,31,,,,,data/wb/gp_source_search/archived_district_files/malda_Kaliachak-III.pdf,b2cadcc3904978cc02bbe4242b34f7b50574c7645a760392c039e3f84df066a3,6,,1,"[543, 328, 803, 350]","[{""level"": ""5"", ""page_num"": ""1"", ""block_num"": ""10"", ""par_num"": ""1"", ""line_num"": ""1"", ""word_num"": ""1"", ""left"": ""543"", ""top"": ""328"", ""width"": ""260"", ""height"": ""22"", ""conf"": ""53.667656"", ""text"": ""31.Charianantapur/PS-31""}]",ocr_not_independently_verified;explicit_ps_identifiers_and_codes;caste_missing_or_conflicting;scanned_women_unread_or_blank,needs_review,rendered_image_pixels,0
e22dda14b93f6be07de3,West Bengal,Malda,2013,unclassified,block_ward_reservation,Charianantapur,32.Charianantapur/PS-32 | Charianantapur/PS-32(W),32,32,,Charianantapur/PS-32(W),,1,data/wb/gp_source_search/archived_district_files/malda_Kaliachak-III.pdf,b2cadcc3904978cc02bbe4242b34f7b50574c7645a760392c039e3f84df066a3,6,,2,"[542, 503, 1921, 545]","[{""level"": ""5"", ""page_num"": ""1"", ""block_num"": ""22"", ""par_num"": ""1"", ""line_num"": ""1"", ""word_num"": ""1"", ""left"": ""542"", ""top"": ""503"", ""width"": ""263"", ""height"": ""22"", ""conf"": ""92.069351"", ""text"": ""32.Charianantapur/PS-32""}, {""level"": ""5"", ""page_num"": ""1"", ""block_num"": ""31"", ""par_num"": ""1"", ""line_num"": ""1"", ""word_num"": ""1"", ""left"": ""1653"", ""top"": ""522"", ""width"": ""268"", ""height"": ""23"", ""conf"": ""91.271683"", ""text"": ""Charianantapur/PS-32(W)""}, {""level"": ""5"", ""page_num"": ""1"", ""block_num"": ""31"", ""par_num"": ""1"", ""line_num"": ""1"", ""word_num"": ""1"", ""left"": ""1653"", ""top"": ""522"", ""width"": ""268"", ""height"": ""23"", ""conf"": ""91.271683"", ""text"": ""Charianantapur/PS-32(W)""}]",ocr_not_independently_verified;explicit_ps_identifiers_and_codes;caste_missing_or_conflicting,needs_review,rendered_image_pixels,0
9e29027b4ce7194d94b5,West Bengal,Malda,2013,unclassified,block_ward_reservation,Charianantapur,33.Charianantapur/PS-33 | Charianantapur/PS-33(SC),33,33,Charianantapur/PS-33(SC),,SC,,data/wb/gp_source_search/archived_district_files/malda_Kaliachak-III.pdf,b2cadcc3904978cc02bbe4242b34f7b50574c7645a760392c039e3f84df066a3,6,,3,"[541, 662, 1548, 703]","[{""level"": ""5"", ""page_num"": ""1"", ""block_num"": ""33"", ""par_num"": ""1"", ""line_num"": ""1"", ""word_num"": ""1"", ""left"": ""541"", ""top"": ""662"", ""width"": ""264"", ""height"": ""23"", ""conf"": ""90.913132"", ""text"": ""33.Charianantapur/PS-33""}, {""level"": ""5"", ""page_num"": ""1"", ""block_num"": ""44"", ""par_num"": ""1"", ""line_num"": ""1"", ""word_num"": ""1"", ""left"": ""1270"", ""top"": ""681"", ""width"": ""278"", ""height"": ""22"", ""conf"": ""92.254547"", ""text"": ""Charianantapur/PS-33(SC)""}, {""level"": ""5"", ""page_num"": ""1"", ""block_num"": ""44"", ""par_num"": ""1"", ""line_num"": ""1"", ""word_num"": ""1"", ""left"": ""1270"", ""top"": ""681"", ""width"": ""278"", ""height"": ""22"", ""conf"": ""92.254547"", ""text"": ""Charianantapur/PS-33(SC)""}]",ocr_not_independently_verified;explicit_ps_identifiers_and_codes;scanned_women_unread_or_blank,needs_review,rendered_image_pixels,0
25e10c680df23d120a11,West Bengal,Malda,2013,unclassified,block_ward_reservation,Kumbhira,34.Kumbhira/PS-34,34,34,,,,,data/wb/gp_source_search/archived_district_files/malda_Kaliachak-III.pdf,b2cadcc3904978cc02bbe4242b34f7b50574c7645a760392c039e3f84df066a3,6,,4,"[540, 851, 741, 869]","[{""level"": ""5"", ""page_num"": ""1"", ""block_num"": ""49"", ""par_num"": ""1"", ""line_num"": ""1"", ""word_num"": ""1"", ""left"": ""540"", ""top"": ""851"", ""width"": ""201"", ""height"": ""18"", ""conf"": ""82.170898"", ""text"": ""34.Kumbhira/PS-34""}]",ocr_not_independently_verified;explicit_ps_identifiers_and_codes;caste_missing_or_conflicting;scanned_women_unread_or_blank,needs_review,rendered_image_pixels,0
963a19cf5cae3ea94a26,West Bengal,Malda,2013,unclassified,block_ward_reservation,Kumbhira,35.Kumbhira/PS-35 | Kumbhira/PS-35(BC) | Kumbhira/PS-35(BCW),35,35,Kumbhira/PS-35(BC) Kumbhira/PS-35(BCW),Kumbhira/PS-35(BCW),BC,1,data/wb/gp_source_search/archived_district_files/malda_Kaliachak-III.pdf,b2cadcc3904978cc02bbe4242b34f7b50574c7645a760392c039e3f84df066a3,6,,5,"[538, 1054, 1906, 1097]","[{""level"": ""5"", ""page_num"": ""1"", ""block_num"": ""61"", ""par_num"": ""1"", ""line_num"": ""1"", ""word_num"": ""1"", ""left"": ""538"", ""top"": ""1054"", ""width"": ""202"", ""height"": ""19"", ""conf"": ""91.536171"", ""text"": ""35.Kumbhira/PS-35""}, {""level"": ""5"", ""page_num"": ""1"", ""block_num"": ""74"", ""par_num"": ""1"", ""line_num"": ""1"", ""word_num"": ""1"", ""left"": ""1299"", ""top"": ""1073"", ""width"": ""217"", ""height"": ""23"", ""conf"": ""92.341614"", ""text"": ""Kumbhira/PS-35(BC)""}, {""level"": ""5"", ""page_num"": ""1"", ""block_num"": ""75"", ""par_num"": ""1"", ""line_num"": ""1"", ""word_num"": ""1"", ""left"": ""1666"", ""top"": ""1074"", ""width"": ""240"", ""height"": ""23"", ""conf"": ""90.376663"", ""text"": ""Kumbhira/PS-35(BCW)""}, {""level"": ""5"", ""page_num"": ""1"", ""block_num"": ""74"", ""par_num"": ""1"", ""line_num"": ""1"", ""word_num"": ""1"", ""left"": ""1299"", ""top"": ""1073"", ""width"": ""217"", ""height"": ""23"", ""conf"": ""92.341614"", ""text"": ""Kumbhira/PS-35(BC)""}, {""level"": ""5"", ""page_num"": ""1"", ""block_num"": ""75"", ""par_num"": ""1"", ""line_num"": ""1"", ""word_num"": ""1"", ""left"": ""1666"", ""top"": ""1074"", ""width"": ""240"", ""height"": ""23"", ""conf"": ""90.376663"", ""text"": ""Kumbhira/PS-35(BCW)""}]",ocr_not_independently_verified;explicit_ps_identifiers_and_codes,needs_review,rendered_image_pixels,0
00fe67bbb419c9c6fb42,West Bengal,Malda,2013,unclassified,block_ward_reservation,Kumbhira,36.Kumbhira/PS-36 | Kumbhira/PS-36(SC),36,36,Kumbhira/PS-36(SC),,SC,,data/wb/gp_source_search/archived_district_files/malda_Kaliachak-III.pdf,b2cadcc3904978cc02bbe4242b34f7b50574c7645a760392c039e3f84df066a3,6,,6,"[536, 1260, 1515, 1301]","[{""level"": ""5"", ""page_num"": ""1"", ""block_num"": ""77"", ""par_num"": ""1"", ""line_num"": ""1"", ""word_num"": ""1"", ""left"": ""536"", ""top"": ""1260"", ""width"": ""203"", ""height"": ""18"", ""conf"": ""91.410942"", ""text"": ""36.Kumbhira/PS-36""}, {""level"": ""5"", ""page_num"": ""1"", ""block_num"": ""91"", ""par_num"": ""1"", ""line_num"": ""1"", ""word_num"": ""1"", ""left"": ""1297"", ""top"": ""1278"", ""width"": ""218"", ""height"": ""23"", ""conf"": ""91.281815"", ""text"": ""Kumbhira/PS-36(SC)""}, {""level"": ""5"", ""page_num"": ""1"", ""block_num"": ""91"", ""par_num"": ""1"", ""line_num"": ""1"", ""word_num"": ""1"", ""left"": ""1297"", ""top"": ""1278"", ""width"": ""218"", ""height"": ""23"", ""conf"": ""91.281815"", ""text"": ""Kumbhira/PS-36(SC)""}]",ocr_not_independently_verified;explicit_ps_identifiers_and_codes;scanned_women_unread_or_blank,needs_review,rendered_image_pixels,0
c4bc611b3697496c83dc,West Bengal,Malda,2013,unclassified,block_ward_reservation,Bakhrabad,37.Bakhrabad/PS-37 | Bakhrabad/PS-37(SC) | Bakhrabad/PS-37(SCW),37,37,Bakhrabad/PS-37(SC) Bakhrabad/PS-37(SCW),Bakhrabad/PS-37(SCW),SC,1,data/wb/gp_source_search/archived_district_files/malda_Kaliachak-III.pdf,b2cadcc3904978cc02bbe4242b34f7b50574c7645a760392c039e3f84df066a3,7,,1,"[540, 320, 1910, 359]","[{""level"": ""5"", ""page_num"": ""1"", ""block_num"": ""10"", ""par_num"": ""1"", ""line_num"": ""1"", ""word_num"": ""1"", ""left"": ""540"", ""top"": ""320"", ""width"": ""215"", ""height"": ""18"", ""conf"": ""89.238380"", ""text"": ""37.Bakhrabad/PS-37""}, {""level"": ""5"", ""page_num"": ""1"", ""block_num"": ""17"", ""par_num"": ""1"", ""line_num"": ""1"", ""word_num"": ""1"", ""left"": ""1290"", ""top"": ""337"", ""width"": ""232"", ""height"": ""22"", ""conf"": ""91.179901"", ""text"": ""Bakhrabad/PS-37(SC)""}, {""level"": ""5"", ""page_num"": ""1"", ""block_num"": ""22"", ""par_num"": ""1"", ""line_num"": ""1"", ""word_num"": ""1"", ""left"": ""1658"", ""top"": ""337"", ""width"": ""252"", ""height"": ""22"", ""conf"": ""92.015610"", ""text"": ""Bakhrabad/PS-37(SCW)""}, {""level"": ""5"", ""page_num"": ""1"", ""block_num"": ""17"", ""par_num"": ""1"", ""line_num"": ""1"", ""word_num"": ""1"", ""left"": ""1290"", ""top"": ""337"", ""width"": ""232"", ""height"": ""22"", ""conf"": ""91.179901"", ""text"": ""Bakhrabad/PS-37(SC)""}, {""level"": ""5"", ""page_num"": ""1"", ""block_num"": ""22"", ""par_num"": ""1"", ""line_num"": ""1"", ""word_num"": ""1"", ""left"": ""1658"", ""top"": ""337"", ""width"": ""252"", ""height"": ""22"", ""conf"": ""92.015610"", ""text"": ""Bakhrabad/PS-37(SCW)""}]",ocr_not_independently_verified;explicit_ps_identifiers_and_codes,needs_review,rendered_image_pixels,0
8da6190407b84efabb39,West Bengal,Malda,2013,unclassified,block_ward_reservation,Bakhrabad,38.Bakhrabad/PS-38 | Bakhrabad/PS-38(W),38,38,,Bakhrabad/PS-38(W),,1,data/wb/gp_source_search/archived_district_files/malda_Kaliachak-III.pdf,b2cadcc3904978cc02bbe4242b34f7b50574c7645a760392c039e3f84df066a3,7,,2,"[538, 494, 1894, 533]","[{""level"": ""5"", ""page_num"": ""1"", ""block_num"": ""24"", ""par_num"": ""1"", ""line_num"": ""1"", ""word_num"": ""1"", ""left"": ""538"", ""top"": ""494"", ""width"": ""216"", ""height"": ""18"", ""conf"": ""92.168114"", ""text"": ""38.Bakhrabad/PS-38""}, {""level"": ""5"", ""page_num"": ""1"", ""block_num"": ""33"", ""par_num"": ""1"", ""line_num"": ""1"", ""word_num"": ""1"", ""left"": ""1674"", ""top"": ""511"", ""width"": ""220"", ""height"": ""22"", ""conf"": ""92.143051"", ""text"": ""Bakhrabad/PS-38(W)""}, {""level"": ""5"", ""page_num"": ""1"", ""block_num"": ""33"", ""par_num"": ""1"", ""line_num"": ""1"", ""word_num"": ""1"", ""left"": ""1674"", ""top"": ""511"", ""width"": ""220"", ""height"": ""22"", ""conf"": ""92.143051"", ""text"": ""Bakhrabad/PS-38(W)""}]",ocr_not_independently_verified;explicit_ps_identifiers_and_codes;caste_missing_or_conflicting,needs_review,rendered_image_pixels,0
256b5ccc7a0dcfedf471,West Bengal,Malda,2013,unclassified,block_ward_reservation,Bakhrabad,39.Bakhrabad/PS-39 | Bakhrabad/PS-39(SC),39,39,Bakhrabad/PS-39(SC),,SC,,data/wb/gp_source_search/archived_district_files/malda_Kaliachak-III.pdf,b2cadcc3904978cc02bbe4242b34f7b50574c7645a760392c039e3f84df066a3,7,,3,"[538, 669, 1521, 707]","[{""level"": ""5"", ""page_num"": ""1"", ""block_num"": ""35"", ""par_num"": ""1"", ""line_num"": ""1"", ""word_num"": ""1"", ""left"": ""538"", ""top"": ""669"", ""width"": ""215"", ""height"": ""17"", ""conf"": ""91.145477"", ""text"": ""39.Bakhrabad/PS-39""}, {""level"": ""5"", ""page_num"": ""1"", ""block_num"": ""40"", ""par_num"": ""1"", ""line_num"": ""1"", ""word_num"": ""1"", ""left"": ""1290"", ""top"": ""685"", ""width"": ""231"", ""height"": ""22"", ""conf"": ""92.413055"", ""text"": ""Bakhrabad/PS-39(SC)""}, {""level"": ""5"", ""page_num"": ""1"", ""block_num"": ""40"", ""par_num"": ""1"", ""line_num"": ""1"", ""word_num"": ""1"", ""left"": ""1290"", ""top"": ""685"", ""width"": ""231"", ""height"": ""22"", ""conf"": ""92.413055"", ""text"": ""Bakhrabad/PS-39(SC)""}]",ocr_not_independently_verified;explicit_ps_identifiers_and_codes;scanned_women_unread_or_blank,needs_review,rendered_image_pixels,0
30e044c489724d542055,West Bengal,Malda,2013,unclassified,block_ward_reservation,Sovapur,Sovapur/PS-41,41,41,,,,,data/wb/gp_source_search/archived_district_files/malda_Kaliachak-III.pdf,b2cadcc3904978cc02bbe4242b34f7b50574c7645a760392c039e3f84df066a3,7,,4,"[710, 1060, 865, 1082]","[{""level"": ""5"", ""page_num"": ""1"", ""block_num"": ""63"", ""par_num"": ""1"", ""line_num"": ""1"", ""word_num"": ""2"", ""left"": ""710"", ""top"": ""1060"", ""width"": ""155"", ""height"": ""22"", ""conf"": ""92.938568"", ""text"": ""Sovapur/PS-41""}]",ocr_not_independently_verified;explicit_ps_identifiers_and_codes;caste_missing_or_conflicting;scanned_women_unread_or_blank,needs_review,rendered_image_pixels,0
ce73af353a2810ca79a3,West Bengal,Malda,2013,unclassified,block_ward_reservation,Sovapur,Sovapur/PS-42(SC),42,42,Sovapur/PS-42(SC),,SC,,data/wb/gp_source_search/archived_district_files/malda_Kaliachak-III.pdf,b2cadcc3904978cc02bbe4242b34f7b50574c7645a760392c039e3f84df066a3,7,,5,"[1372, 1295, 1578, 1317]","[{""level"": ""5"", ""page_num"": ""1"", ""block_num"": ""83"", ""par_num"": ""1"", ""line_num"": ""1"", ""word_num"": ""2"", ""left"": ""1372"", ""top"": ""1295"", ""width"": ""206"", ""height"": ""22"", ""conf"": ""88.397537"", ""text"": ""Sovapur/PS-42(SC)""}, {""level"": ""5"", ""page_num"": ""1"", ""block_num"": ""83"", ""par_num"": ""1"", ""line_num"": ""1"", ""word_num"": ""2"", ""left"": ""1372"", ""top"": ""1295"", ""width"": ""206"", ""height"": ""22"", ""conf"": ""88.397537"", ""text"": ""Sovapur/PS-42(SC)""}]",ocr_not_independently_verified;explicit_ps_identifiers_and_codes;scanned_women_unread_or_blank,needs_review,rendered_image_pixels,0
2cb6c165a536b3654e79,West Bengal,Malda,2013,unclassified,block_ward_reservation,Chandipur,Chandipur/P.S.-4,4,4,,,,,data/wb/gp_source_search/archived_district_files/malda_Manikchak.pdf,5ef9a2d4956e16fdd3dccfba18a10cb8ab9638a09aebb839dbd198c72c7277b0,1,,1,"[911, 835, 1090, 858]","[{""level"": ""5"", ""page_num"": ""1"", ""block_num"": ""53"", ""par_num"": ""1"", ""line_num"": ""1"", ""word_num"": ""3"", ""left"": ""911"", ""top"": ""835"", ""width"": ""179"", ""height"": ""23"", ""conf"": ""85.204712"", ""text"": ""Chandipur/P.S.-4""}]",ocr_not_independently_verified;explicit_ps_identifiers_and_codes;caste_missing_or_conflicting;scanned_women_unread_or_blank,needs_review,rendered_image_pixels,0
cd1bfd5966ecaba2c09b,West Bengal,Malda,2013,unclassified,block_ward_reservation,Chandipur,Chandipur/P.S.-6,6,6,,(W),,1,data/wb/gp_source_search/archived_district_files/malda_Manikchak.pdf,5ef9a2d4956e16fdd3dccfba18a10cb8ab9638a09aebb839dbd198c72c7277b0,1,,2,"[914, 1204, 2137, 1235]","[{""level"": ""5"", ""page_num"": ""1"", ""block_num"": ""83"", ""par_num"": ""1"", ""line_num"": ""1"", ""word_num"": ""3"", ""left"": ""914"", ""top"": ""1213"", ""width"": ""179"", ""height"": ""22"", ""conf"": ""84.148750"", ""text"": ""Chandipur/P.S.-6""}, {""level"": ""5"", ""page_num"": ""1"", ""block_num"": ""101"", ""par_num"": ""1"", ""line_num"": ""1"", ""word_num"": ""2"", ""left"": ""1919"", ""top"": ""1204"", ""width"": ""174"", ""height"": ""23"", ""conf"": ""83.847389"", ""text"": ""Chandipur/P.S.-6""}, {""level"": ""5"", ""page_num"": ""1"", ""block_num"": ""101"", ""par_num"": ""1"", ""line_num"": ""1"", ""word_num"": ""3"", ""left"": ""2101"", ""top"": ""1204"", ""width"": ""36"", ""height"": ""22"", ""conf"": ""92.796013"", ""text"": ""(W)""}]",ocr_not_independently_verified;explicit_ps_identifiers_and_codes;caste_missing_or_conflicting,needs_review,rendered_image_pixels,0
9f216d52574555c67e16,West Bengal,Malda,2013,unclassified,block_ward_reservation,Nazirpur,Nazirpur/P.S.-9,9,9,,,,,data/wb/gp_source_search/archived_district_files/malda_Manikchak.pdf,5ef9a2d4956e16fdd3dccfba18a10cb8ab9638a09aebb839dbd198c72c7277b0,2,,1,"[860, 507, 1045, 530]","[{""level"": ""5"", ""page_num"": ""1"", ""block_num"": ""32"", ""par_num"": ""1"", ""line_num"": ""1"", ""word_num"": ""2"", ""left"": ""860"", ""top"": ""507"", ""width"": ""185"", ""height"": ""23"", ""conf"": ""83.106224"", ""text"": ""Nazirpur/P.S.-9""}]",ocr_not_independently_verified;explicit_ps_identifiers_and_codes;caste_missing_or_conflicting;scanned_women_unread_or_blank,needs_review,rendered_image_pixels,0
d29578f9bc87754bebf1,West Bengal,Malda,2013,unclassified,block_ward_reservation,Chandipur,Chandipur/P.S.-17(SC),17,17,Chandipur/P.S.-17(SC),,SC,,data/wb/gp_source_search/archived_district_files/malda_Manikchak.pdf,5ef9a2d4956e16fdd3dccfba18a10cb8ab9638a09aebb839dbd198c72c7277b0,3,,1,"[1564, 443, 1803, 465]","[{""level"": ""5"", ""page_num"": ""1"", ""block_num"": ""36"", ""par_num"": ""1"", ""line_num"": ""1"", ""word_num"": ""2"", ""left"": ""1564"", ""top"": ""443"", ""width"": ""239"", ""height"": ""22"", ""conf"": ""90.518349"", ""text"": ""Chandipur/P.S.-17(SC)""}, {""level"": ""5"", ""page_num"": ""1"", ""block_num"": ""36"", ""par_num"": ""1"", ""line_num"": ""1"", ""word_num"": ""2"", ""left"": ""1564"", ""top"": ""443"", ""width"": ""239"", ""height"": ""22"", ""conf"": ""90.518349"", ""text"": ""Chandipur/P.S.-17(SC)""}]",ocr_not_independently_verified;explicit_ps_identifiers_and_codes;scanned_women_unread_or_blank,needs_review,rendered_image_pixels,0
baee8c487f886157a4d6,West Bengal,Malda,2013,unclassified,block_ward_reservation,Mahanandatola,4.Mahanandatola/P.S.-1 | 1.Mahanandatola/P.S.-1(W),1,1,,1.Mahanandatola/P.S.-1(W),,1,data/wb/gp_source_search/archived_district_files/malda_Ratua-I.pdf,2b774e20bfb70695a997a5716b6be1767099894d62f4885ce5060be92d06db7c,1,,1,"[695, 493, 2241, 525]","[{""level"": ""5"", ""page_num"": ""1"", ""block_num"": ""18"", ""par_num"": ""1"", ""line_num"": ""1"", ""word_num"": ""1"", ""left"": ""695"", ""top"": ""503"", ""width"": ""291"", ""height"": ""22"", ""conf"": ""42.438751"", ""text"": ""4.Mahanandatola/P.S.-1""}, {""level"": ""5"", ""page_num"": ""1"", ""block_num"": ""28"", ""par_num"": ""1"", ""line_num"": ""1"", ""word_num"": ""1"", ""left"": ""1906"", ""top"": ""493"", ""width"": ""335"", ""height"": ""25"", ""conf"": ""84.790092"", ""text"": ""1.Mahanandatola/P.S.-1(W)""}, {""level"": ""5"", ""page_num"": ""1"", ""block_num"": ""28"", ""par_num"": ""1"", ""line_num"": ""1"", ""word_num"": ""1"", ""left"": ""1906"", ""top"": ""493"", ""width"": ""335"", ""height"": ""25"", ""conf"": ""84.790092"", ""text"": ""1.Mahanandatola/P.S.-1(W)""}]",ocr_not_independently_verified;explicit_ps_identifiers_and_codes;caste_missing_or_conflicting,needs_review,rendered_image_pixels,0
dc89f979199eebef301e,West Bengal,Malda,2013,unclassified,block_ward_reservation,Mahanandatola,2.Mahanandatola/P.S.-2 | 2.Mahanandatola/P.S.-2(W),2,2,,2.Mahanandatola/P.S.-2(W),,1,data/wb/gp_source_search/archived_district_files/malda_Ratua-I.pdf,2b774e20bfb70695a997a5716b6be1767099894d62f4885ce5060be92d06db7c,1,,2,"[694, 681, 2244, 713]","[{""level"": ""5"", ""page_num"": ""1"", ""block_num"": ""30"", ""par_num"": ""1"", ""line_num"": ""1"", ""word_num"": ""1"", ""left"": ""694"", ""top"": ""691"", ""width"": ""296"", ""height"": ""22"", ""conf"": ""88.721710"", ""text"": ""2.Mahanandatola/P.S.-2""}, {""level"": ""5"", ""page_num"": ""1"", ""block_num"": ""42"", ""par_num"": ""1"", ""line_num"": ""1"", ""word_num"": ""1"", ""left"": ""1905"", ""top"": ""681"", ""width"": ""339"", ""height"": ""26"", ""conf"": ""75.497192"", ""text"": ""2.Mahanandatola/P.S.-2(W)""}, {""level"": ""5"", ""page_num"": ""1"", ""block_num"": ""42"", ""par_num"": ""1"", ""line_num"": ""1"", ""word_num"": ""1"", ""left"": ""1905"", ""top"": ""681"", ""width"": ""339"", ""height"": ""26"", ""conf"": ""75.497192"", ""text"": ""2.Mahanandatola/P.S.-2(W)""}]",ocr_not_independently_verified;explicit_ps_identifiers_and_codes;caste_missing_or_conflicting,needs_review,rendered_image_pixels,0
b4607fad95a4846ae573,West Bengal,Malda,2013,unclassified,block_ward_reservation,Mahanandatola,3.Mahanandatola/P.S.-3 | 3.Mahanandatola/P.S.-3(W),3,3,,3.Mahanandatola/P.S.-3(W),,1,data/wb/gp_source_search/archived_district_files/malda_Ratua-I.pdf,2b774e20bfb70695a997a5716b6be1767099894d62f4885ce5060be92d06db7c,1,,3,"[696, 886, 2246, 917]","[{""level"": ""5"", ""page_num"": ""1"", ""block_num"": ""44"", ""par_num"": ""1"", ""line_num"": ""1"", ""word_num"": ""1"", ""left"": ""696"", ""top"": ""896"", ""width"": ""296"", ""height"": ""21"", ""conf"": ""90.919640"", ""text"": ""3.Mahanandatola/P.S.-3""}, {""level"": ""5"", ""page_num"": ""1"", ""block_num"": ""56"", ""par_num"": ""1"", ""line_num"": ""1"", ""word_num"": ""1"", ""left"": ""1908"", ""top"": ""886"", ""width"": ""338"", ""height"": ""24"", ""conf"": ""90.050537"", ""text"": ""3.Mahanandatola/P.S.-3(W)""}, {""level"": ""5"", ""page_num"": ""1"", ""block_num"": ""56"", ""par_num"": ""1"", ""line_num"": ""1"", ""word_num"": ""1"", ""left"": ""1908"", ""top"": ""886"", ""width"": ""338"", ""height"": ""24"", ""conf"": ""90.050537"", ""text"": ""3.Mahanandatola/P.S.-3(W)""}]",ocr_not_independently_verified;explicit_ps_identifiers_and_codes;caste_missing_or_conflicting,needs_review,rendered_image_pixels,0
f35c5641888f2e514995,West Bengal,Malda,2013,unclassified,block_ward_reservation,Belaimari,4.Belaimari/P.S.-4 | 4.Belaimari/P.S.-4(SC) | Belaimari/P.S.-4(SCW),4,4,4.Belaimari/P.S.-4(SC) Belaimari/P.S.-4(SCW),Belaimari/P.S.-4(SCW),SC,1,data/wb/gp_source_search/archived_district_files/malda_Ratua-I.pdf,2b774e20bfb70695a997a5716b6be1767099894d62f4885ce5060be92d06db7c,1,,4,"[733, 1056, 2228, 1087]","[{""level"": ""5"", ""page_num"": ""1"", ""block_num"": ""61"", ""par_num"": ""1"", ""line_num"": ""1"", ""word_num"": ""1"", ""left"": ""733"", ""top"": ""1066"", ""width"": ""222"", ""height"": ""21"", ""conf"": ""59.246048"", ""text"": ""4.Belaimari/P.S.-4""}, {""level"": ""5"", ""page_num"": ""1"", ""block_num"": ""69"", ""par_num"": ""1"", ""line_num"": ""1"", ""word_num"": ""1"", ""left"": ""1510"", ""top"": ""1060"", ""width"": ""279"", ""height"": ""25"", ""conf"": ""86.457947"", ""text"": ""4.Belaimari/P.S.-4(SC)""}, {""level"": ""5"", ""page_num"": ""1"", ""block_num"": ""70"", ""par_num"": ""1"", ""line_num"": ""1"", ""word_num"": ""2"", ""left"": ""1945"", ""top"": ""1056"", ""width"": ""283"", ""height"": ""25"", ""conf"": ""61.717491"", ""text"": ""Belaimari/P.S.-4(SCW)""}, {""level"": ""5"", ""page_num"": ""1"", ""block_num"": ""69"", ""par_num"": ""1"", ""line_num"": ""1"", ""word_num"": ""1"", ""left"": ""1510"", ""top"": ""1060"", ""width"": ""279"", ""height"": ""25"", ""conf"": ""86.457947"", ""text"": ""4.Belaimari/P.S.-4(SC)""}, {""level"": ""5"", ""page_num"": ""1"", ""block_num"": ""70"", ""par_num"": ""1"", ""line_num"": ""1"", ""word_num"": ""2"", ""left"": ""1945"", ""top"": ""1056"", ""width"": ""283"", ""height"": ""25"", ""conf"": ""61.717491"", ""text"": ""Belaimari/P.S.-4(SCW)""}]",ocr_not_independently_verified;explicit_ps_identifiers_and_codes,needs_review,rendered_image_pixels,0
2b5eb3014506976b6753,West Bengal,Malda,2013,unclassified,block_ward_reservation,Belaimari,5.Belaimari/P.S.-5,5,5,,,,,data/wb/gp_source_search/archived_district_files/malda_Ratua-I.pdf,2b774e20bfb70695a997a5716b6be1767099894d62f4885ce5060be92d06db7c,1,,5,"[735, 1203, 956, 1224]","[{""level"": ""5"", ""page_num"": ""1"", ""block_num"": ""72"", ""par_num"": ""1"", ""line_num"": ""1"", ""word_num"": ""1"", ""left"": ""735"", ""top"": ""1203"", ""width"": ""221"", ""height"": ""21"", ""conf"": ""82.682350"", ""text"": ""5.Belaimari/P.S.-5""}]",ocr_not_independently_verified;explicit_ps_identifiers_and_codes;caste_missing_or_conflicting;scanned_women_unread_or_blank,needs_review,rendered_image_pixels,0
19c11f03ccabcc8df34b,West Bengal,Malda,2013,unclassified,block_ward_reservation,Belaimari,6.Belaimari/P.S.-6 | 6.Belaimari/P.S.-6(BC),6,6,6.Belaimari/P.S.-6(BC),,BC,,data/wb/gp_source_search/archived_district_files/malda_Ratua-I.pdf,2b774e20bfb70695a997a5716b6be1767099894d62f4885ce5060be92d06db7c,1,,6,"[735, 1333, 1792, 1360]","[{""level"": ""5"", ""page_num"": ""1"", ""block_num"": ""82"", ""par_num"": ""1"", ""line_num"": ""1"", ""word_num"": ""1"", ""left"": ""735"", ""top"": ""1339"", ""width"": ""222"", ""height"": ""21"", ""conf"": ""86.271255"", ""text"": ""6.Belaimari/P.S.-6""}, {""level"": ""5"", ""page_num"": ""1"", ""block_num"": ""92"", ""par_num"": ""1"", ""line_num"": ""1"", ""word_num"": ""1"", ""left"": ""1512"", ""top"": ""1333"", ""width"": ""280"", ""height"": ""25"", ""conf"": ""80.706192"", ""text"": ""6.Belaimari/P.S.-6(BC)""}, {""level"": ""5"", ""page_num"": ""1"", ""block_num"": ""92"", ""par_num"": ""1"", ""line_num"": ""1"", ""word_num"": ""1"", ""left"": ""1512"", ""top"": ""1333"", ""width"": ""280"", ""height"": ""25"", ""conf"": ""80.706192"", ""text"": ""6.Belaimari/P.S.-6(BC)""}]",ocr_not_independently_verified;explicit_ps_identifiers_and_codes;scanned_women_unread_or_blank,needs_review,rendered_image_pixels,0
0c7d96283d555c90359e,West Bengal,Malda,2013,unclassified,block_ward_reservation,Debipur,7.Debipur/P.S.-7 | 7.Debipur/P.S.-7(W),7,7,,7.Debipur/P.S.-7(W),,1,data/wb/gp_source_search/archived_district_files/malda_Ratua-I.pdf,2b774e20bfb70695a997a5716b6be1767099894d62f4885ce5060be92d06db7c,2,,1,"[754, 351, 2137, 407]","[{""level"": ""5"", ""page_num"": ""1"", ""block_num"": ""12"", ""par_num"": ""1"", ""line_num"": ""1"", ""word_num"": ""1"", ""left"": ""754"", ""top"": ""351"", ""width"": ""198"", ""height"": ""26"", ""conf"": ""90.763985"", ""text"": ""7.Debipur/P.S.-7""}, {""level"": ""5"", ""page_num"": ""1"", ""block_num"": ""22"", ""par_num"": ""1"", ""line_num"": ""1"", ""word_num"": ""1"", ""left"": ""1911"", ""top"": ""377"", ""width"": ""226"", ""height"": ""30"", ""conf"": ""50.888573"", ""text"": ""7.Debipur/P.S.-7(W)""}, {""level"": ""5"", ""page_num"": ""1"", ""block_num"": ""22"", ""par_num"": ""1"", ""line_num"": ""1"", ""word_num"": ""1"", ""left"": ""1911"", ""top"": ""377"", ""width"": ""226"", ""height"": ""30"", ""conf"": ""50.888573"", ""text"": ""7.Debipur/P.S.-7(W)""}]",ocr_not_independently_verified;explicit_ps_identifiers_and_codes;caste_missing_or_conflicting,needs_review,rendered_image_pixels,0
a93f1f8f70e89772e7b3,West Bengal,Malda,2013,unclassified,block_ward_reservation,Debipur,8.Debipur/P.S.-8 | 8.Debipur/P.S.-8(SC) | 8.Debipur/P.S.-8(SCW),8,8,8.Debipur/P.S.-8(SC) 8.Debipur/P.S.-8(SCW),8.Debipur/P.S.-8(SCW),SC,1,data/wb/gp_source_search/archived_district_files/malda_Ratua-I.pdf,2b774e20bfb70695a997a5716b6be1767099894d62f4885ce5060be92d06db7c,2,,2,"[747, 547, 2148, 604]","[{""level"": ""5"", ""page_num"": ""1"", ""block_num"": ""24"", ""par_num"": ""1"", ""line_num"": ""1"", ""word_num"": ""1"", ""left"": ""747"", ""top"": ""547"", ""width"": ""199"", ""height"": ""26"", ""conf"": ""88.384628"", ""text"": ""8.Debipur/P.S.-8""}, {""level"": ""5"", ""page_num"": ""1"", ""block_num"": ""38"", ""par_num"": ""1"", ""line_num"": ""1"", ""word_num"": ""1"", ""left"": ""1490"", ""top"": ""563"", ""width"": ""251"", ""height"": ""30"", ""conf"": ""86.724510"", ""text"": ""8.Debipur/P.S.-8(SC)""}, {""level"": ""5"", ""page_num"": ""1"", ""block_num"": ""39"", ""par_num"": ""1"", ""line_num"": ""1"", ""word_num"": ""1"", ""left"": ""1887"", ""top"": ""573"", ""width"": ""261"", ""height"": ""31"", ""conf"": ""89.503326"", ""text"": ""8.Debipur/P.S.-8(SCW)""}, {""level"": ""5"", ""page_num"": ""1"", ""block_num"": ""38"", ""par_num"": ""1"", ""line_num"": ""1"", ""word_num"": ""1"", ""left"": ""1490"", ""top"": ""563"", ""width"": ""251"", ""height"": ""30"", ""conf"": ""86.724510"", ""text"": ""8.Debipur/P.S.-8(SC)""}, {""level"": ""5"", ""page_num"": ""1"", ""block_num"": ""39"", ""par_num"": ""1"", ""line_num"": ""1"", ""word_num"": ""1"", ""left"": ""1887"", ""top"": ""573"", ""width"": ""261"", ""height"": ""31"", ""conf"": ""89.503326"", ""text"": ""8.Debipur/P.S.-8(SCW)""}]",ocr_not_independently_verified;explicit_ps_identifiers_and_codes,needs_review,rendered_image_pixels,0
3b9774a9524d6b5d1c1d,West Bengal,Malda,2013,unclassified,block_ward_reservation,Debipur,9.Debipur/P.S.-9,9,9,,,,,data/wb/gp_source_search/archived_district_files/malda_Ratua-I.pdf,2b774e20bfb70695a997a5716b6be1767099894d62f4885ce5060be92d06db7c,2,,3,"[741, 776, 938, 802]","[{""level"": ""5"", ""page_num"": ""1"", ""block_num"": ""41"", ""par_num"": ""1"", ""line_num"": ""1"", ""word_num"": ""1"", ""left"": ""741"", ""top"": ""776"", ""width"": ""197"", ""height"": ""26"", ""conf"": ""88.628540"", ""text"": ""9.Debipur/P.S.-9""}]",ocr_not_independently_verified;explicit_ps_identifiers_and_codes;caste_missing_or_conflicting;scanned_women_unread_or_blank,needs_review,rendered_image_pixels,0
45f4600a63124ad9b2c3,West Bengal,Malda,2013,unclassified,block_ward_reservation,Kahala,10.Kahala/P.S.-10 | 10.Kahala/P.S.-10(W),10,10,,10.Kahala/P.S.-10(W),,1,data/wb/gp_source_search/archived_district_files/malda_Ratua-I.pdf,2b774e20bfb70695a997a5716b6be1767099894d62f4885ce5060be92d06db7c,2,,4,"[727, 955, 2126, 1014]","[{""level"": ""5"", ""page_num"": ""1"", ""block_num"": ""59"", ""par_num"": ""1"", ""line_num"": ""1"", ""word_num"": ""1"", ""left"": ""727"", ""top"": ""955"", ""width"": ""216"", ""height"": ""25"", ""conf"": ""92.072456"", ""text"": ""10.Kahala/P.S.-10""}, {""level"": ""5"", ""page_num"": ""1"", ""block_num"": ""67"", ""par_num"": ""1"", ""line_num"": ""1"", ""word_num"": ""1"", ""left"": ""1884"", ""top"": ""982"", ""width"": ""242"", ""height"": ""32"", ""conf"": ""88.115135"", ""text"": ""10.Kahala/P.S.-10(W)""}, {""level"": ""5"", ""page_num"": ""1"", ""block_num"": ""67"", ""par_num"": ""1"", ""line_num"": ""1"", ""word_num"": ""1"", ""left"": ""1884"", ""top"": ""982"", ""width"": ""242"", ""height"": ""32"", ""conf"": ""88.115135"", ""text"": ""10.Kahala/P.S.-10(W)""}]",ocr_not_independently_verified;explicit_ps_identifiers_and_codes;caste_missing_or_conflicting,needs_review,rendered_image_pixels,0
c949c2a09181e9c7910f,West Bengal,Malda,2013,unclassified,block_ward_reservation,Kahala,11.Kahala/P.S.-11 | 11.Kahala/P.S.-11(SC),11,11,11.Kahala/P.S.-11(SC),,SC,,data/wb/gp_source_search/archived_district_files/malda_Ratua-I.pdf,2b774e20bfb70695a997a5716b6be1767099894d62f4885ce5060be92d06db7c,2,,5,"[723, 1120, 1732, 1167]","[{""level"": ""5"", ""page_num"": ""1"", ""block_num"": ""69"", ""par_num"": ""1"", ""line_num"": ""1"", ""word_num"": ""1"", ""left"": ""723"", ""top"": ""1120"", ""width"": ""211"", ""height"": ""24"", ""conf"": ""89.245148"", ""text"": ""11.Kahala/P.S.-11""}, {""level"": ""5"", ""page_num"": ""1"", ""block_num"": ""81"", ""par_num"": ""1"", ""line_num"": ""1"", ""word_num"": ""1"", ""left"": ""1464"", ""top"": ""1137"", ""width"": ""268"", ""height"": ""30"", ""conf"": ""88.534248"", ""text"": ""11.Kahala/P.S.-11(SC)""}, {""level"": ""5"", ""page_num"": ""1"", ""block_num"": ""81"", ""par_num"": ""1"", ""line_num"": ""1"", ""word_num"": ""1"", ""left"": ""1464"", ""top"": ""1137"", ""width"": ""268"", ""height"": ""30"", ""conf"": ""88.534248"", ""text"": ""11.Kahala/P.S.-11(SC)""}]",ocr_not_independently_verified;explicit_ps_identifiers_and_codes;scanned_women_unread_or_blank,needs_review,rendered_image_pixels,0
13b3e0947ff37104ad90,West Bengal,Malda,2013,unclassified,block_ward_reservation,Kahala,12.Kahala/P.S.-12 | 12.Kahala/P.S.-12(SC) | 12.Kahala/P.S.-12(SCW),12,12,12.Kahala/P.S.-12(SC) 12.Kahala/P.S.-12(SCW),12.Kahala/P.S.-12(SCW),SC,1,data/wb/gp_source_search/archived_district_files/malda_Ratua-I.pdf,2b774e20bfb70695a997a5716b6be1767099894d62f4885ce5060be92d06db7c,2,,6,"[718, 1285, 2133, 1343]","[{""level"": ""5"", ""page_num"": ""1"", ""block_num"": ""84"", ""par_num"": ""1"", ""line_num"": ""1"", ""word_num"": ""1"", ""left"": ""718"", ""top"": ""1285"", ""width"": ""214"", ""height"": ""23"", ""conf"": ""89.609245"", ""text"": ""12.Kahala/P.S.-12""}, {""level"": ""5"", ""page_num"": ""1"", ""block_num"": ""95"", ""par_num"": ""1"", ""line_num"": ""1"", ""word_num"": ""1"", ""left"": ""1459"", ""top"": ""1302"", ""width"": ""268"", ""height"": ""29"", ""conf"": ""92.376564"", ""text"": ""12.Kahala/P.S.-12(SC)""}, {""level"": ""5"", ""page_num"": ""1"", ""block_num"": ""97"", ""par_num"": ""1"", ""line_num"": ""1"", ""word_num"": ""1"", ""left"": ""1857"", ""top"": ""1311"", ""width"": ""276"", ""height"": ""32"", ""conf"": ""92.179909"", ""text"": ""12.Kahala/P.S.-12(SCW)""}, {""level"": ""5"", ""page_num"": ""1"", ""block_num"": ""95"", ""par_num"": ""1"", ""line_num"": ""1"", ""word_num"": ""1"", ""left"": ""1459"", ""top"": ""1302"", ""width"": ""268"", ""height"": ""29"", ""conf"": ""92.376564"", ""text"": ""12.Kahala/P.S.-12(SC)""}, {""level"": ""5"", ""page_num"": ""1"", ""block_num"": ""97"", ""par_num"": ""1"", ""line_num"": ""1"", ""word_num"": ""1"", ""left"": ""1857"", ""top"": ""1311"", ""width"": ""276"", ""height"": ""32"", ""conf"": ""92.179909"", ""text"": ""12.Kahala/P.S.-12(SCW)""}]",ocr_not_independently_verified;explicit_ps_identifiers_and_codes,needs_review,rendered_image_pixels,0
45dffabbc6c80e3f64b8,West Bengal,Malda,2013,unclassified,block_ward_reservation,Baharal,13.Baharal/P.S.-13,13,13,,,,,data/wb/gp_source_search/archived_district_files/malda_Ratua-I.pdf,2b774e20bfb70695a997a5716b6be1767099894d62f4885ce5060be92d06db7c,3,,1,"[809, 422, 1028, 442]","[{""level"": ""5"", ""page_num"": ""1"", ""block_num"": ""13"", ""par_num"": ""1"", ""line_num"": ""1"", ""word_num"": ""1"", ""left"": ""809"", ""top"": ""422"", ""width"": ""219"", ""height"": ""20"", ""conf"": ""90.048561"", ""text"": ""13.Baharal/P.S.-13""}]",ocr_not_independently_verified;explicit_ps_identifiers_and_codes;caste_missing_or_conflicting;scanned_women_unread_or_blank,needs_review,rendered_image_pixels,0
9ce8628347df6f03ca31,West Bengal,Malda,2013,unclassified,block_ward_reservation,Baharal,14.Baharal/P.S.-14 | 14.Baharal/P.S.-14(BC),14,14,14.Baharal/P.S.-14(BC),,BC,,data/wb/gp_source_search/archived_district_files/malda_Ratua-I.pdf,2b774e20bfb70695a997a5716b6be1767099894d62f4885ce5060be92d06db7c,3,,2,"[807, 619, 1824, 646]","[{""level"": ""5"", ""page_num"": ""1"", ""block_num"": ""28"", ""par_num"": ""1"", ""line_num"": ""1"", ""word_num"": ""1"", ""left"": ""807"", ""top"": ""619"", ""width"": ""220"", ""height"": ""21"", ""conf"": ""88.251228"", ""text"": ""14.Baharal/P.S.-14""}, {""level"": ""5"", ""page_num"": ""1"", ""block_num"": ""38"", ""par_num"": ""1"", ""line_num"": ""1"", ""word_num"": ""1"", ""left"": ""1553"", ""top"": ""620"", ""width"": ""271"", ""height"": ""26"", ""conf"": ""79.151596"", ""text"": ""14.Baharal/P.S.-14(BC)""}, {""level"": ""5"", ""page_num"": ""1"", ""block_num"": ""38"", ""par_num"": ""1"", ""line_num"": ""1"", ""word_num"": ""1"", ""left"": ""1553"", ""top"": ""620"", ""width"": ""271"", ""height"": ""26"", ""conf"": ""79.151596"", ""text"": ""14.Baharal/P.S.-14(BC)""}]",ocr_not_independently_verified;explicit_ps_identifiers_and_codes;scanned_women_unread_or_blank,needs_review,rendered_image_pixels,0
d03567cd55edf68e6005,West Bengal,Malda,2013,unclassified,block_ward_reservation,Baharal,15.Baharal/P.S.-15 | 15.Baharal/P.S.-15(W),15,15,,15.Baharal/P.S.-15(W),,1,data/wb/gp_source_search/archived_district_files/malda_Ratua-I.pdf,2b774e20bfb70695a997a5716b6be1767099894d62f4885ce5060be92d06db7c,3,,3,"[806, 800, 2221, 827]","[{""level"": ""5"", ""page_num"": ""1"", ""block_num"": ""40"", ""par_num"": ""1"", ""line_num"": ""1"", ""word_num"": ""1"", ""left"": ""806"", ""top"": ""800"", ""width"": ""219"", ""height"": ""20"", ""conf"": ""91.290482"", ""text"": ""15.Baharal/P.S.-15""}, {""level"": ""5"", ""page_num"": ""1"", ""block_num"": ""52"", ""par_num"": ""1"", ""line_num"": ""1"", ""word_num"": ""1"", ""left"": ""1963"", ""top"": ""802"", ""width"": ""258"", ""height"": ""25"", ""conf"": ""86.465401"", ""text"": ""15.Baharal/P.S.-15(W)""}, {""level"": ""5"", ""page_num"": ""1"", ""block_num"": ""52"", ""par_num"": ""1"", ""line_num"": ""1"", ""word_num"": ""1"", ""left"": ""1963"", ""top"": ""802"", ""width"": ""258"", ""height"": ""25"", ""conf"": ""86.465401"", ""text"": ""15.Baharal/P.S.-15(W)""}]",ocr_not_independently_verified;explicit_ps_identifiers_and_codes;caste_missing_or_conflicting,needs_review,rendered_image_pixels,0
02143c6efaa4e72d664c,West Bengal,Malda,2013,unclassified,block_ward_reservation,Ratua,16.Ratua/P.S.-16 | 16.Ratua/P.S.-16(BC) | 16.Ratua/P.S.-16(BCW),16,16,16.Ratua/P.S.-16(BC) 16.Ratua/P.S.-16(BCW),16.Ratua/P.S.-16(BCW),BC,1,data/wb/gp_source_search/archived_district_files/malda_Ratua-I.pdf,2b774e20bfb70695a997a5716b6be1767099894d62f4885ce5060be92d06db7c,3,,4,"[814, 1013, 2227, 1039]","[{""level"": ""5"", ""page_num"": ""1"", ""block_num"": ""58"", ""par_num"": ""1"", ""line_num"": ""1"", ""word_num"": ""1"", ""left"": ""814"", ""top"": ""1013"", ""width"": ""199"", ""height"": ""20"", ""conf"": ""86.110962"", ""text"": ""16.Ratua/P.S.-16""}, {""level"": ""5"", ""page_num"": ""1"", ""block_num"": ""72"", ""par_num"": ""1"", ""line_num"": ""1"", ""word_num"": ""1"", ""left"": ""1560"", ""top"": ""1014"", ""width"": ""250"", ""height"": ""24"", ""conf"": ""88.232117"", ""text"": ""16.Ratua/P.S.-16(BC)""}, {""level"": ""5"", ""page_num"": ""1"", ""block_num"": ""73"", ""par_num"": ""1"", ""line_num"": ""1"", ""word_num"": ""1"", ""left"": ""1954"", ""top"": ""1015"", ""width"": ""273"", ""height"": ""24"", ""conf"": ""82.678177"", ""text"": ""16.Ratua/P.S.-16(BCW)""}, {""level"": ""5"", ""page_num"": ""1"", ""block_num"": ""72"", ""par_num"": ""1"", ""line_num"": ""1"", ""word_num"": ""1"", ""left"": ""1560"", ""top"": ""1014"", ""width"": ""250"", ""height"": ""24"", ""conf"": ""88.232117"", ""text"": ""16.Ratua/P.S.-16(BC)""}, {""level"": ""5"", ""page_num"": ""1"", ""block_num"": ""73"", ""par_num"": ""1"", ""line_num"": ""1"", ""word_num"": ""1"", ""left"": ""1954"", ""top"": ""1015"", ""width"": ""273"", ""height"": ""24"", ""conf"": ""82.678177"", ""text"": ""16.Ratua/P.S.-16(BCW)""}]",ocr_not_independently_verified;explicit_ps_identifiers_and_codes,needs_review,rendered_image_pixels,0
9502eb1431e19643f5a5,West Bengal,Malda,2013,unclassified,block_ward_reservation,Ratua,17.Ratua/P.S.-17 | 17.Ratua/P.S.-17(ST),17,17,17.Ratua/P.S.-17(ST),,ST,,data/wb/gp_source_search/archived_district_files/malda_Ratua-I.pdf,2b774e20bfb70695a997a5716b6be1767099894d62f4885ce5060be92d06db7c,3,,5,"[811, 1243, 1807, 1269]","[{""level"": ""5"", ""page_num"": ""1"", ""block_num"": ""75"", ""par_num"": ""1"", ""line_num"": ""1"", ""word_num"": ""1"", ""left"": ""811"", ""top"": ""1243"", ""width"": ""200"", ""height"": ""21"", ""conf"": ""90.607246"", ""text"": ""17.Ratua/P.S.-17""}, {""level"": ""5"", ""page_num"": ""1"", ""block_num"": ""89"", ""par_num"": ""1"", ""line_num"": ""1"", ""word_num"": ""1"", ""left"": ""1559"", ""top"": ""1245"", ""width"": ""248"", ""height"": ""24"", ""conf"": ""90.878334"", ""text"": ""17.Ratua/P.S.-17(ST)""}, {""level"": ""5"", ""page_num"": ""1"", ""block_num"": ""89"", ""par_num"": ""1"", ""line_num"": ""1"", ""word_num"": ""1"", ""left"": ""1559"", ""top"": ""1245"", ""width"": ""248"", ""height"": ""24"", ""conf"": ""90.878334"", ""text"": ""17.Ratua/P.S.-17(ST)""}]",ocr_not_independently_verified;explicit_ps_identifiers_and_codes;scanned_women_unread_or_blank,needs_review,rendered_image_pixels,0
de888f5e255c814b910e,West Bengal,Malda,2013,unclassified,block_ward_reservation,Ratua,18.Ratua/P.S.-18(BC) | 18.Ratua/P.S.-18(BCW),18,18,18.Ratua/P.S.-18(BC) 18.Ratua/P.S.-18(BCW),18.Ratua/P.S.-18(BCW),BC,1,data/wb/gp_source_search/archived_district_files/malda_Ratua-I.pdf,2b774e20bfb70695a997a5716b6be1767099894d62f4885ce5060be92d06db7c,3,,6,"[1556, 1490, 2224, 1514]","[{""level"": ""5"", ""page_num"": ""1"", ""block_num"": ""110"", ""par_num"": ""1"", ""line_num"": ""1"", ""word_num"": ""1"", ""left"": ""1556"", ""top"": ""1490"", ""width"": ""250"", ""height"": ""23"", ""conf"": ""91.676216"", ""text"": ""18.Ratua/P.S.-18(BC)""}, {""level"": ""5"", ""page_num"": ""1"", ""block_num"": ""112"", ""par_num"": ""1"", ""line_num"": ""1"", ""word_num"": ""1"", ""left"": ""1950"", ""top"": ""1490"", ""width"": ""274"", ""height"": ""24"", ""conf"": ""89.715874"", ""text"": ""18.Ratua/P.S.-18(BCW)""}, {""level"": ""5"", ""page_num"": ""1"", ""block_num"": ""110"", ""par_num"": ""1"", ""line_num"": ""1"", ""word_num"": ""1"", ""left"": ""1556"", ""top"": ""1490"", ""width"": ""250"", ""height"": ""23"", ""conf"": ""91.676216"", ""text"": ""18.Ratua/P.S.-18(BC)""}, {""level"": ""5"", ""page_num"": ""1"", ""block_num"": ""112"", ""par_num"": ""1"", ""line_num"": ""1"", ""word_num"": ""1"", ""left"": ""1950"", ""top"": ""1490"", ""width"": ""274"", ""height"": ""24"", ""conf"": ""89.715874"", ""text"": ""18.Ratua/P.S.-18(BCW)""}]",ocr_not_independently_verified;explicit_ps_identifiers_and_codes,needs_review,rendered_image_pixels,0
16ed411ba6e663c6933d,West Bengal,Malda,2013,unclassified,block_ward_reservation,Bhado,19.Bhado/P.S.-19 | 19.Bhado/P.S.-19(BC),19,19,19.Bhado/P.S.-19(BC),,BC,,data/wb/gp_source_search/archived_district_files/malda_Ratua-I.pdf,2b774e20bfb70695a997a5716b6be1767099894d62f4885ce5060be92d06db7c,4,,1,"[816, 376, 1826, 415]","[{""level"": ""5"", ""page_num"": ""1"", ""block_num"": ""15"", ""par_num"": ""1"", ""line_num"": ""1"", ""word_num"": ""1"", ""left"": ""816"", ""top"": ""391"", ""width"": ""211"", ""height"": ""24"", ""conf"": ""89.924194"", ""text"": ""19.Bhado/P.S.-19""}, {""level"": ""5"", ""page_num"": ""1"", ""block_num"": ""26"", ""par_num"": ""1"", ""line_num"": ""1"", ""word_num"": ""1"", ""left"": ""1561"", ""top"": ""376"", ""width"": ""265"", ""height"": ""26"", ""conf"": ""79.047760"", ""text"": ""19.Bhado/P.S.-19(BC)""}, {""level"": ""5"", ""page_num"": ""1"", ""block_num"": ""26"", ""par_num"": ""1"", ""line_num"": ""1"", ""word_num"": ""1"", ""left"": ""1561"", ""top"": ""376"", ""width"": ""265"", ""height"": ""26"", ""conf"": ""79.047760"", ""text"": ""19.Bhado/P.S.-19(BC)""}]",ocr_not_independently_verified;explicit_ps_identifiers_and_codes;scanned_women_unread_or_blank,needs_review,rendered_image_pixels,0
296f8a107d681afbf81d,West Bengal,Malda,2013,unclassified,block_ward_reservation,Bhado,20.Bhado/P.S.-20,20,20,,,,,data/wb/gp_source_search/archived_district_files/malda_Ratua-I.pdf,2b774e20bfb70695a997a5716b6be1767099894d62f4885ce5060be92d06db7c,4,,2,"[817, 571, 1030, 596]","[{""level"": ""5"", ""page_num"": ""1"", ""block_num"": ""28"", ""par_num"": ""1"", ""line_num"": ""1"", ""word_num"": ""1"", ""left"": ""817"", ""top"": ""571"", ""width"": ""213"", ""height"": ""25"", ""conf"": ""91.500031"", ""text"": ""20.Bhado/P.S.-20""}]",ocr_not_independently_verified;explicit_ps_identifiers_and_codes;caste_missing_or_conflicting;scanned_women_unread_or_blank,needs_review,rendered_image_pixels,0
b450f36a6a518d381faa,West Bengal,Malda,2013,unclassified,block_ward_reservation,Bhado,21.Bhado/P.S.-21 | 21.Bhado/P.S.-21(W),21,21,,21.Bhado/P.S.-21(W),,1,data/wb/gp_source_search/archived_district_files/malda_Ratua-I.pdf,2b774e20bfb70695a997a5716b6be1767099894d62f4885ce5060be92d06db7c,4,,3,"[819, 731, 2219, 777]","[{""level"": ""5"", ""page_num"": ""1"", ""block_num"": ""41"", ""par_num"": ""1"", ""line_num"": ""1"", ""word_num"": ""1"", ""left"": ""819"", ""top"": ""753"", ""width"": ""209"", ""height"": ""24"", ""conf"": ""90.180656"", ""text"": ""21.Bhado/P.S.-21""}, {""level"": ""5"", ""page_num"": ""1"", ""block_num"": ""51"", ""par_num"": ""1"", ""line_num"": ""1"", ""word_num"": ""1"", ""left"": ""1982"", ""top"": ""731"", ""width"": ""237"", ""height"": ""25"", ""conf"": ""91.532219"", ""text"": ""21.Bhado/P.S.-21(W)""}, {""level"": ""5"", ""page_num"": ""1"", ""block_num"": ""51"", ""par_num"": ""1"", ""line_num"": ""1"", ""word_num"": ""1"", ""left"": ""1982"", ""top"": ""731"", ""width"": ""237"", ""height"": ""25"", ""conf"": ""91.532219"", ""text"": ""21.Bhado/P.S.-21(W)""}]",ocr_not_independently_verified;explicit_ps_identifiers_and_codes;caste_missing_or_conflicting,needs_review,rendered_image_pixels,0
175546eb99cb27b81c8c,West Bengal,Malda,2013,unclassified,block_ward_reservation,Samsi,22.Samsi/P.S.-22 | 22.Samsi/P.S.-22(BC) | 22.Samsi/P.S.-22(BCW),22,22,22.Samsi/P.S.-22(BC) 22.Samsi/P.S.-22(BCW),22.Samsi/P.S.-22(BCW),BC,1,data/wb/gp_source_search/archived_district_files/malda_Ratua-I.pdf,2b774e20bfb70695a997a5716b6be1767099894d62f4885ce5060be92d06db7c,4,,4,"[822, 911, 2237, 956]","[{""level"": ""5"", ""page_num"": ""1"", ""block_num"": ""55"", ""par_num"": ""1"", ""line_num"": ""1"", ""word_num"": ""1"", ""left"": ""822"", ""top"": ""933"", ""width"": ""210"", ""height"": ""23"", ""conf"": ""88.448013"", ""text"": ""22.Samsi/P.S.-22""}, {""level"": ""5"", ""page_num"": ""1"", ""block_num"": ""67"", ""par_num"": ""1"", ""line_num"": ""1"", ""word_num"": ""1"", ""left"": ""1568"", ""top"": ""918"", ""width"": ""263"", ""height"": ""25"", ""conf"": ""81.767899"", ""text"": ""22.Samsi/P.S.-22(BC)""}, {""level"": ""5"", ""page_num"": ""1"", ""block_num"": ""68"", ""par_num"": ""1"", ""line_num"": ""1"", ""word_num"": ""1"", ""left"": ""1969"", ""top"": ""911"", ""width"": ""268"", ""height"": ""24"", ""conf"": ""86.970627"", ""text"": ""22.Samsi/P.S.-22(BCW)""}, {""level"": ""5"", ""page_num"": ""1"", ""block_num"": ""67"", ""par_num"": ""1"", ""line_num"": ""1"", ""word_num"": ""1"", ""left"": ""1568"", ""top"": ""918"", ""width"": ""263"", ""height"": ""25"", ""conf"": ""81.767899"", ""text"": ""22.Samsi/P.S.-22(BC)""}, {""level"": ""5"", ""page_num"": ""1"", ""block_num"": ""68"", ""par_num"": ""1"", ""line_num"": ""1"", ""word_num"": ""1"", ""left"": ""1969"", ""top"": ""911"", ""width"": ""268"", ""height"": ""24"", ""conf"": ""86.970627"", ""text"": ""22.Samsi/P.S.-22(BCW)""}]",ocr_not_independently_verified;explicit_ps_identifiers_and_codes,needs_review,rendered_image_pixels,0
e9ea70ea82fd36f082f9,West Bengal,Malda,2013,unclassified,block_ward_reservation,Samsi,23.Samsi/P.S.-23 | 23.Samsi/P.S.-23(BC),23,23,23.Samsi/P.S.-23(BC),,BC,,data/wb/gp_source_search/archived_district_files/malda_Ratua-I.pdf,2b774e20bfb70695a997a5716b6be1767099894d62f4885ce5060be92d06db7c,4,,5,"[824, 1131, 1834, 1171]","[{""level"": ""5"", ""page_num"": ""1"", ""block_num"": ""70"", ""par_num"": ""1"", ""line_num"": ""1"", ""word_num"": ""1"", ""left"": ""824"", ""top"": ""1147"", ""width"": ""211"", ""height"": ""24"", ""conf"": ""89.273613"", ""text"": ""23.Samsi/P.S.-23""}, {""level"": ""5"", ""page_num"": ""1"", ""block_num"": ""84"", ""par_num"": ""1"", ""line_num"": ""1"", ""word_num"": ""1"", ""left"": ""1570"", ""top"": ""1131"", ""width"": ""264"", ""height"": ""26"", ""conf"": ""78.249161"", ""text"": ""23.Samsi/P.S.-23(BC)""}, {""level"": ""5"", ""page_num"": ""1"", ""block_num"": ""84"", ""par_num"": ""1"", ""line_num"": ""1"", ""word_num"": ""1"", ""left"": ""1570"", ""top"": ""1131"", ""width"": ""264"", ""height"": ""26"", ""conf"": ""78.249161"", ""text"": ""23.Samsi/P.S.-23(BC)""}]",ocr_not_independently_verified;explicit_ps_identifiers_and_codes;scanned_women_unread_or_blank,needs_review,rendered_image_pixels,0
3933c44cf58b2145f2f0,West Bengal,Malda,2013,unclassified,block_ward_reservation,Samsi,24.Samsi/P.S.-24,24,24,,,,,data/wb/gp_source_search/archived_district_files/malda_Ratua-I.pdf,2b774e20bfb70695a997a5716b6be1767099894d62f4885ce5060be92d06db7c,4,,6,"[827, 1378, 1037, 1401]","[{""level"": ""5"", ""page_num"": ""1"", ""block_num"": ""87"", ""par_num"": ""1"", ""line_num"": ""1"", ""word_num"": ""1"", ""left"": ""827"", ""top"": ""1378"", ""width"": ""210"", ""height"": ""23"", ""conf"": ""88.030510"", ""text"": ""24.Samsi/P.S.-24""}]",ocr_not_independently_verified;explicit_ps_identifiers_and_codes;caste_missing_or_conflicting;scanned_women_unread_or_blank,needs_review,rendered_image_pixels,0
e96463f4bbba3124c426,West Bengal,Malda,2013,unclassified,block_ward_reservation,Chandmoni-ll,25.Chandmoni-ll/P.S.-25 | 25.Chandmoni-ll/P.S.-25(W),25,25,,25.Chandmoni-ll/P.S.-25(W),,1,data/wb/gp_source_search/archived_district_files/malda_Ratua-I.pdf,2b774e20bfb70695a997a5716b6be1767099894d62f4885ce5060be92d06db7c,5,,1,"[767, 378, 2251, 434]","[{""level"": ""5"", ""page_num"": ""1"", ""block_num"": ""15"", ""par_num"": ""1"", ""line_num"": ""1"", ""word_num"": ""1"", ""left"": ""767"", ""top"": ""408"", ""width"": ""291"", ""height"": ""26"", ""conf"": ""73.876678"", ""text"": ""25.Chandmoni-ll/P.S.-25""}, {""level"": ""5"", ""page_num"": ""1"", ""block_num"": ""25"", ""par_num"": ""1"", ""line_num"": ""1"", ""word_num"": ""1"", ""left"": ""1925"", ""top"": ""378"", ""width"": ""326"", ""height"": ""27"", ""conf"": ""78.552055"", ""text"": ""25.Chandmoni-ll/P.S.-25(W)""}, {""level"": ""5"", ""page_num"": ""1"", ""block_num"": ""25"", ""par_num"": ""1"", ""line_num"": ""1"", ""word_num"": ""1"", ""left"": ""1925"", ""top"": ""378"", ""width"": ""326"", ""height"": ""27"", ""conf"": ""78.552055"", ""text"": ""25.Chandmoni-ll/P.S.-25(W)""}]",ocr_not_independently_verified;explicit_ps_identifiers_and_codes;caste_missing_or_conflicting,needs_review,rendered_image_pixels,0
1841010049619a0fdcdf,West Bengal,Malda,2013,unclassified,block_ward_reservation,Chandmoni-Il,26.Chandmoni-Il/P.S.-26,26,26,,,,,data/wb/gp_source_search/archived_district_files/malda_Ratua-I.pdf,2b774e20bfb70695a997a5716b6be1767099894d62f4885ce5060be92d06db7c,5,,2,"[770, 555, 1060, 583]","[{""level"": ""5"", ""page_num"": ""1"", ""block_num"": ""27"", ""par_num"": ""1"", ""line_num"": ""1"", ""word_num"": ""1"", ""left"": ""770"", ""top"": ""555"", ""width"": ""290"", ""height"": ""28"", ""conf"": ""50.880234"", ""text"": ""26.Chandmoni-Il/P.S.-26""}]",ocr_not_independently_verified;explicit_ps_identifiers_and_codes;caste_missing_or_conflicting;scanned_women_unread_or_blank,needs_review,rendered_image_pixels,0
9f686658c45c3a94e085,West Bengal,Malda,2013,unclassified,block_ward_reservation,,27.Chandmoni-ll/P.S.-27 | 27.Chandmoni-ll/P.S.-27(BC) | 27.Chandmoni-Il/P.S.-27(BCW),27,27,27.Chandmoni-ll/P.S.-27(BC) 27.Chandmoni-Il/P.S.-27(BCW),27.Chandmoni-Il/P.S.-27(BCW),,,data/wb/gp_source_search/archived_district_files/malda_Ratua-I.pdf,2b774e20bfb70695a997a5716b6be1767099894d62f4885ce5060be92d06db7c,5,,3,"[772, 658, 2273, 714]","[{""level"": ""5"", ""page_num"": ""1"", ""block_num"": ""36"", ""par_num"": ""1"", ""line_num"": ""1"", ""word_num"": ""1"", ""left"": ""772"", ""top"": ""688"", ""width"": ""291"", ""height"": ""26"", ""conf"": ""58.915817"", ""text"": ""27.Chandmoni-ll/P.S.-27""}, {""level"": ""5"", ""page_num"": ""1"", ""block_num"": ""44"", ""par_num"": ""1"", ""line_num"": ""1"", ""word_num"": ""1"", ""left"": ""1516"", ""top"": ""668"", ""width"": ""343"", ""height"": ""29"", ""conf"": ""58.056965"", ""text"": ""27.Chandmoni-ll/P.S.-27(BC)""}, {""level"": ""5"", ""page_num"": ""1"", ""block_num"": ""45"", ""par_num"": ""1"", ""line_num"": ""1"", ""word_num"": ""1"", ""left"": ""1912"", ""top"": ""658"", ""width"": ""361"", ""height"": ""29"", ""conf"": ""59.774723"", ""text"": ""27.Chandmoni-Il/P.S.-27(BCW)""}, {""level"": ""5"", ""page_num"": ""1"", ""block_num"": ""44"", ""par_num"": ""1"", ""line_num"": ""1"", ""word_num"": ""1"", ""left"": ""1516"", ""top"": ""668"", ""width"": ""343"", ""height"": ""29"", ""conf"": ""58.056965"", ""text"": ""27.Chandmoni-ll/P.S.-27(BC)""}, {""level"": ""5"", ""page_num"": ""1"", ""block_num"": ""45"", ""par_num"": ""1"", ""line_num"": ""1"", ""word_num"": ""1"", ""left"": ""1912"", ""top"": ""658"", ""width"": ""361"", ""height"": ""29"", ""conf"": ""59.774723"", ""text"": ""27.Chandmoni-Il/P.S.-27(BCW)""}]",ocr_not_independently_verified;explicit_ps_identifiers_and_codes;conflicting_or_partial_constituency_names;caste_missing_or_conflicting;scanned_women_unread_or_blank,needs_review,rendered_image_pixels,0
a55fe40a8053efe60363,West Bengal,Malda,2013,unclassified,block_ward_reservation,Chandmoni-l,28.Chandmoni-l/P.S.-28,28,28,,,,,data/wb/gp_source_search/archived_district_files/malda_Ratua-I.pdf,2b774e20bfb70695a997a5716b6be1767099894d62f4885ce5060be92d06db7c,5,,4,"[778, 852, 1061, 878]","[{""level"": ""5"", ""page_num"": ""1"", ""block_num"": ""50"", ""par_num"": ""1"", ""line_num"": ""1"", ""word_num"": ""1"", ""left"": ""778"", ""top"": ""852"", ""width"": ""283"", ""height"": ""26"", ""conf"": ""63.157391"", ""text"": ""28.Chandmoni-l/P.S.-28""}]",ocr_not_independently_verified;explicit_ps_identifiers_and_codes;caste_missing_or_conflicting;scanned_women_unread_or_blank,needs_review,rendered_image_pixels,0
5bfd3da007cc50c0a419,West Bengal,Malda,2013,unclassified,block_ward_reservation,Chandmoni-l,29.Chandmoni-l/P.S.-29 | 29.Chandmoni-l/P.S.-29(BC),29,29,29.Chandmoni-l/P.S.-29(BC),,BC,,data/wb/gp_source_search/archived_district_files/malda_Ratua-I.pdf,2b774e20bfb70695a997a5716b6be1767099894d62f4885ce5060be92d06db7c,5,,5,"[781, 995, 1861, 1041]","[{""level"": ""5"", ""page_num"": ""1"", ""block_num"": ""64"", ""par_num"": ""1"", ""line_num"": ""1"", ""word_num"": ""1"", ""left"": ""781"", ""top"": ""1016"", ""width"": ""283"", ""height"": ""25"", ""conf"": ""84.360588"", ""text"": ""29.Chandmoni-l/P.S.-29""}, {""level"": ""5"", ""page_num"": ""1"", ""block_num"": ""72"", ""par_num"": ""1"", ""line_num"": ""1"", ""word_num"": ""1"", ""left"": ""1526"", ""top"": ""995"", ""width"": ""335"", ""height"": ""28"", ""conf"": ""67.513008"", ""text"": ""29.Chandmoni-l/P.S.-29(BC)""}, {""level"": ""5"", ""page_num"": ""1"", ""block_num"": ""72"", ""par_num"": ""1"", ""line_num"": ""1"", ""word_num"": ""1"", ""left"": ""1526"", ""top"": ""995"", ""width"": ""335"", ""height"": ""28"", ""conf"": ""67.513008"", ""text"": ""29.Chandmoni-l/P.S.-29(BC)""}]",ocr_not_independently_verified;explicit_ps_identifiers_and_codes;scanned_women_unread_or_blank,needs_review,rendered_image_pixels,0
95376562bde32e606f84,West Bengal,Malda,2013,unclassified,block_ward_reservation,Chandmoni-l,30.Chandmoni-l/P.S.-30,30,30,,,,,data/wb/gp_source_search/archived_district_files/malda_Ratua-I.pdf,2b774e20bfb70695a997a5716b6be1767099894d62f4885ce5060be92d06db7c,5,,6,"[784, 1163, 1067, 1191]","[{""level"": ""5"", ""page_num"": ""1"", ""block_num"": ""75"", ""par_num"": ""1"", ""line_num"": ""1"", ""word_num"": ""1"", ""left"": ""784"", ""top"": ""1163"", ""width"": ""283"", ""height"": ""28"", ""conf"": ""23.748264"", ""text"": ""30.Chandmoni-l/P.S.-30""}]",ocr_not_independently_verified;explicit_ps_identifiers_and_codes;caste_missing_or_conflicting;scanned_women_unread_or_blank,needs_review,rendered_image_pixels,0
2d93faf311087e09a7a8,West Bengal,Malda,2013,verify_per_document,block_ward_reservation,MAHISBATHANI,1.MAHISBATHANI/P.S.-1,1,1,,,,,data/wb/gp_source_search/followed_links/malda_696e786383.pdf,b056d8882717e8ac47cc5b365a45ca9084c96a34d874a77fa9bcfa2bff42ef43,1,,1,"[686, 589, 960, 607]","[{""level"": ""5"", ""page_num"": ""1"", ""block_num"": ""8"", ""par_num"": ""1"", ""line_num"": ""1"", ""word_num"": ""1"", ""left"": ""686"", ""top"": ""589"", ""width"": ""274"", ""height"": ""18"", ""conf"": ""73.167755"", ""text"": ""1.MAHISBATHANI/P.S.-1""}]",ocr_not_independently_verified;explicit_ps_identifiers_and_codes;caste_missing_or_conflicting;scanned_women_unread_or_blank,needs_review,rendered_image_pixels,0
5e8474fd67a6c5b8bb0b,West Bengal,Malda,2013,verify_per_document,block_ward_reservation,MAHISBATHANI,2.MAHISBATHANI/P.S.-2 | MAHISBATHANI/P.S.-2(SC) | MAHISBATHANI/P.S.-2(SCW),2,2,MAHISBATHANI/P.S.-2(SC) MAHISBATHANI/P.S.-2(SCW),MAHISBATHANI/P.S.-2(SCW),SC,1,data/wb/gp_source_search/followed_links/malda_696e786383.pdf,b056d8882717e8ac47cc5b365a45ca9084c96a34d874a77fa9bcfa2bff42ef43,1,,2,"[686, 769, 1998, 841]","[{""level"": ""5"", ""page_num"": ""1"", ""block_num"": ""12"", ""par_num"": ""1"", ""line_num"": ""1"", ""word_num"": ""1"", ""left"": ""686"", ""top"": ""823"", ""width"": ""277"", ""height"": ""18"", ""conf"": ""83.716324"", ""text"": ""2.MAHISBATHANI/P.S.-2""}, {""level"": ""5"", ""page_num"": ""1"", ""block_num"": ""14"", ""par_num"": ""1"", ""line_num"": ""1"", ""word_num"": ""1"", ""left"": ""1284"", ""top"": ""769"", ""width"": ""305"", ""height"": ""22"", ""conf"": ""74.967239"", ""text"": ""MAHISBATHANI/P.S.-2(SC)""}, {""level"": ""5"", ""page_num"": ""1"", ""block_num"": ""15"", ""par_num"": ""1"", ""line_num"": ""1"", ""word_num"": ""1"", ""left"": ""1674"", ""top"": ""769"", ""width"": ""324"", ""height"": ""22"", ""conf"": ""72.506973"", ""text"": ""MAHISBATHANI/P.S.-2(SCW)""}, {""level"": ""5"", ""page_num"": ""1"", ""block_num"": ""14"", ""par_num"": ""1"", ""line_num"": ""1"", ""word_num"": ""1"", ""left"": ""1284"", ""top"": ""769"", ""width"": ""305"", ""height"": ""22"", ""conf"": ""74.967239"", ""text"": ""MAHISBATHANI/P.S.-2(SC)""}, {""level"": ""5"", ""page_num"": ""1"", ""block_num"": ""15"", ""par_num"": ""1"", ""line_num"": ""1"", ""word_num"": ""1"", ""left"": ""1674"", ""top"": ""769"", ""width"": ""324"", ""height"": ""22"", ""conf"": ""72.506973"", ""text"": ""MAHISBATHANI/P.S.-2(SCW)""}]",ocr_not_independently_verified;explicit_ps_identifiers_and_codes,needs_review,rendered_image_pixels,0
7b012a22e74231176581,West Bengal,Malda,2013,verify_per_document,block_ward_reservation,MAHISBATHANI,3.MAHISBATHANI/P.S.-3,3,3,,,,,data/wb/gp_source_search/followed_links/malda_696e786383.pdf,b056d8882717e8ac47cc5b365a45ca9084c96a34d874a77fa9bcfa2bff42ef43,1,,3,"[686, 1114, 963, 1131]","[{""level"": ""5"", ""page_num"": ""1"", ""block_num"": ""17"", ""par_num"": ""1"", ""line_num"": ""1"", ""word_num"": ""1"", ""left"": ""686"", ""top"": ""1114"", ""width"": ""277"", ""height"": ""17"", ""conf"": ""64.859360"", ""text"": ""3.MAHISBATHANI/P.S.-3""}]",ocr_not_independently_verified;explicit_ps_identifiers_and_codes;caste_missing_or_conflicting;scanned_women_unread_or_blank,needs_review,rendered_image_pixels,0
6e429c907fad64f79d23,West Bengal,Malda,2013,verify_per_document,block_ward_reservation,BHABUK,BHABUK/P.S.-5(STW),5,5,BHABUK/P.S.-5(STW),BHABUK/P.S.-5(STW),ST,1,data/wb/gp_source_search/followed_links/malda_696e786383.pdf,b056d8882717e8ac47cc5b365a45ca9084c96a34d874a77fa9bcfa2bff42ef43,2,,1,"[1718, 551, 1959, 573]","[{""level"": ""5"", ""page_num"": ""1"", ""block_num"": ""20"", ""par_num"": ""1"", ""line_num"": ""1"", ""word_num"": ""1"", ""left"": ""1718"", ""top"": ""551"", ""width"": ""241"", ""height"": ""22"", ""conf"": ""45.954746"", ""text"": ""BHABUK/P.S.-5(STW)""}, {""level"": ""5"", ""page_num"": ""1"", ""block_num"": ""20"", ""par_num"": ""1"", ""line_num"": ""1"", ""word_num"": ""1"", ""left"": ""1718"", ""top"": ""551"", ""width"": ""241"", ""height"": ""22"", ""conf"": ""45.954746"", ""text"": ""BHABUK/P.S.-5(STW)""}]",ocr_not_independently_verified;explicit_ps_identifiers_and_codes,needs_review,rendered_image_pixels,0
53a3a988338549c281b1,West Bengal,Malda,2013,verify_per_document,block_ward_reservation,BHABUK,BHABUK/P.S.-6(W),6,6,,BHABUK/P.S.-6(W),,1,data/wb/gp_source_search/followed_links/malda_696e786383.pdf,b056d8882717e8ac47cc5b365a45ca9084c96a34d874a77fa9bcfa2bff42ef43,2,,2,"[1734, 724, 1944, 746]","[{""level"": ""5"", ""page_num"": ""1"", ""block_num"": ""24"", ""par_num"": ""1"", ""line_num"": ""1"", ""word_num"": ""1"", ""left"": ""1734"", ""top"": ""724"", ""width"": ""210"", ""height"": ""22"", ""conf"": ""84.767693"", ""text"": ""BHABUK/P.S.-6(W)""}, {""level"": ""5"", ""page_num"": ""1"", ""block_num"": ""24"", ""par_num"": ""1"", ""line_num"": ""1"", ""word_num"": ""1"", ""left"": ""1734"", ""top"": ""724"", ""width"": ""210"", ""height"": ""22"", ""conf"": ""84.767693"", ""text"": ""BHABUK/P.S.-6(W)""}]",ocr_not_independently_verified;explicit_ps_identifiers_and_codes;caste_missing_or_conflicting,needs_review,rendered_image_pixels,0
12b90fef412cf6a42a29,West Bengal,Malda,2013,verify_per_document,block_ward_reservation,MANGALBARI,MANGALBARI/P.S.-10(SC) | MANGALBARI/P.S.-10(SCW),10,10,MANGALBARI/P.S.-10(SC) MANGALBARI/P.S.-10(SCW),MANGALBARI/P.S.-10(SCW),SC,1,data/wb/gp_source_search/followed_links/malda_696e786383.pdf,b056d8882717e8ac47cc5b365a45ca9084c96a34d874a77fa9bcfa2bff42ef43,3,,1,"[1292, 351, 1994, 374]","[{""level"": ""5"", ""page_num"": ""1"", ""block_num"": ""13"", ""par_num"": ""1"", ""line_num"": ""1"", ""word_num"": ""1"", ""left"": ""1292"", ""top"": ""351"", ""width"": ""296"", ""height"": ""22"", ""conf"": ""80.698395"", ""text"": ""MANGALBARI/P.S.-10(SC)""}, {""level"": ""5"", ""page_num"": ""1"", ""block_num"": ""14"", ""par_num"": ""1"", ""line_num"": ""1"", ""word_num"": ""1"", ""left"": ""1679"", ""top"": ""351"", ""width"": ""315"", ""height"": ""23"", ""conf"": ""82.253258"", ""text"": ""MANGALBARI/P.S.-10(SCW)""}, {""level"": ""5"", ""page_num"": ""1"", ""block_num"": ""13"", ""par_num"": ""1"", ""line_num"": ""1"", ""word_num"": ""1"", ""left"": ""1292"", ""top"": ""351"", ""width"": ""296"", ""height"": ""22"", ""conf"": ""80.698395"", ""text"": ""MANGALBARI/P.S.-10(SC)""}, {""level"": ""5"", ""page_num"": ""1"", ""block_num"": ""14"", ""par_num"": ""1"", ""line_num"": ""1"", ""word_num"": ""1"", ""left"": ""1679"", ""top"": ""351"", ""width"": ""315"", ""height"": ""23"", ""conf"": ""82.253258"", ""text"": ""MANGALBARI/P.S.-10(SCW)""}]",ocr_not_independently_verified;explicit_ps_identifiers_and_codes,needs_review,rendered_image_pixels,0
a105dff60a752244483f,West Bengal,Malda,2013,verify_per_document,block_ward_reservation,MANGALBARI,11.MANGALBARI/P.S.-11 | MANGALBARI/P.S.-11(SC),11,11,MANGALBARI/P.S.-11(SC),,SC,,data/wb/gp_source_search/followed_links/malda_696e786383.pdf,b056d8882717e8ac47cc5b365a45ca9084c96a34d874a77fa9bcfa2bff42ef43,3,,2,"[692, 514, 1588, 565]","[{""level"": ""5"", ""page_num"": ""1"", ""block_num"": ""16"", ""par_num"": ""1"", ""line_num"": ""1"", ""word_num"": ""1"", ""left"": ""692"", ""top"": ""547"", ""width"": ""278"", ""height"": ""18"", ""conf"": ""41.356125"", ""text"": ""11.MANGALBARI/P.S.-11""}, {""level"": ""5"", ""page_num"": ""1"", ""block_num"": ""18"", ""par_num"": ""1"", ""line_num"": ""1"", ""word_num"": ""1"", ""left"": ""1292"", ""top"": ""514"", ""width"": ""296"", ""height"": ""23"", ""conf"": ""44.800240"", ""text"": ""MANGALBARI/P.S.-11(SC)""}, {""level"": ""5"", ""page_num"": ""1"", ""block_num"": ""18"", ""par_num"": ""1"", ""line_num"": ""1"", ""word_num"": ""1"", ""left"": ""1292"", ""top"": ""514"", ""width"": ""296"", ""height"": ""23"", ""conf"": ""44.800240"", ""text"": ""MANGALBARI/P.S.-11(SC)""}]",ocr_not_independently_verified;explicit_ps_identifiers_and_codes;scanned_women_unread_or_blank,needs_review,rendered_image_pixels,0
3cd271c2cb5d29e42d32,West Bengal,Malda,2013,verify_per_document,block_ward_reservation,MANGALBARI,12.MANGALBARI/P.S.-12,12,12,,,,,data/wb/gp_source_search/followed_links/malda_696e786383.pdf,b056d8882717e8ac47cc5b365a45ca9084c96a34d874a77fa9bcfa2bff42ef43,3,,3,"[692, 738, 972, 756]","[{""level"": ""5"", ""page_num"": ""1"", ""block_num"": ""20"", ""par_num"": ""1"", ""line_num"": ""1"", ""word_num"": ""1"", ""left"": ""692"", ""top"": ""738"", ""width"": ""280"", ""height"": ""18"", ""conf"": ""57.566986"", ""text"": ""12.MANGALBARI/P.S.-12""}]",ocr_not_independently_verified;explicit_ps_identifiers_and_codes;caste_missing_or_conflicting;scanned_women_unread_or_blank,needs_review,rendered_image_pixels,0
ce4dca7c959189a237e6,West Bengal,Malda,2013,verify_per_document,block_ward_reservation,MUCHIA,18.MUCHIA/P.S.-18 | MUCHIA/P.S.-18(SC),18,18,MUCHIA/P.S.-18(SC),,SC,,data/wb/gp_source_search/followed_links/malda_696e786383.pdf,b056d8882717e8ac47cc5b365a45ca9084c96a34d874a77fa9bcfa2bff42ef43,4,,1,"[694, 743, 1560, 790]","[{""level"": ""5"", ""page_num"": ""1"", ""block_num"": ""20"", ""par_num"": ""1"", ""line_num"": ""1"", ""word_num"": ""1"", ""left"": ""694"", ""top"": ""771"", ""width"": ""215"", ""height"": ""19"", ""conf"": ""79.801453"", ""text"": ""18.MUCHIA/P.S.-18""}, {""level"": ""5"", ""page_num"": ""1"", ""block_num"": ""24"", ""par_num"": ""1"", ""line_num"": ""1"", ""word_num"": ""1"", ""left"": ""1330"", ""top"": ""743"", ""width"": ""230"", ""height"": ""23"", ""conf"": ""55.145081"", ""text"": ""MUCHIA/P.S.-18(SC)""}, {""level"": ""5"", ""page_num"": ""1"", ""block_num"": ""24"", ""par_num"": ""1"", ""line_num"": ""1"", ""word_num"": ""1"", ""left"": ""1330"", ""top"": ""743"", ""width"": ""230"", ""height"": ""23"", ""conf"": ""55.145081"", ""text"": ""MUCHIA/P.S.-18(SC)""}]",ocr_not_independently_verified;explicit_ps_identifiers_and_codes;scanned_women_unread_or_blank,needs_review,rendered_image_pixels,0
a71aa528e1116d209c06,West Bengal,Alipurduar,2018,final,block_ward_reservation,Ikumar-I,Ikumar-I/PS-1,1,1,,,,,data/wb/gp_source_search/historical_expansion/alipurduar_SeatReservation_6ec10e5a.pdf,a17cf038a2e41d4afebf1724f19c90656dfc4eec40eccece3a3d3ced00ba795f,1,,1,"[763, 581, 779, 709]","[{""level"": ""5"", ""page_num"": ""1"", ""block_num"": ""23"", ""par_num"": ""1"", ""line_num"": ""10"", ""word_num"": ""1"", ""left"": ""763"", ""top"": ""581"", ""width"": ""16"", ""height"": ""128"", ""conf"": ""84.362244"", ""text"": ""Ikumar-I/PS-1""}]",ocr_not_independently_verified;explicit_ps_identifiers_and_codes;caste_missing_or_conflicting;scanned_women_unread_or_blank,needs_review,rendered_image_pixels,0
54a2219e521cc9a7487a,West Bengal,Alipurduar,2018,final,block_ward_reservation,Salkumar-V,Salkumar-V/PS-3,3,3,,,,,data/wb/gp_source_search/historical_expansion/alipurduar_SeatReservation_6ec10e5a.pdf,a17cf038a2e41d4afebf1724f19c90656dfc4eec40eccece3a3d3ced00ba795f,1,,2,"[635, 558, 655, 709]","[{""level"": ""5"", ""page_num"": ""1"", ""block_num"": ""23"", ""par_num"": ""1"", ""line_num"": ""17"", ""word_num"": ""1"", ""left"": ""635"", ""top"": ""558"", ""width"": ""20"", ""height"": ""151"", ""conf"": ""29.484268"", ""text"": ""Salkumar-V/PS-3""}]",ocr_not_independently_verified;explicit_ps_identifiers_and_codes;caste_missing_or_conflicting;scanned_women_unread_or_blank,needs_review,rendered_image_pixels,0
debc79ae277022189dad,West Bengal,Alipurduar,2018,final,block_ward_reservation,W,W/PS-5,5,5,5-ST,,ST,,data/wb/gp_source_search/historical_expansion/alipurduar_SeatReservation_6ec10e5a.pdf,a17cf038a2e41d4afebf1724f19c90656dfc4eec40eccece3a3d3ced00ba795f,1,,3,"[514, 657, 531, 1904]","[{""level"": ""5"", ""page_num"": ""1"", ""block_num"": ""23"", ""par_num"": ""1"", ""line_num"": ""21"", ""word_num"": ""6"", ""left"": ""514"", ""top"": ""657"", ""width"": ""17"", ""height"": ""58"", ""conf"": ""7.595234"", ""text"": ""W/PS-5""}, {""level"": ""5"", ""page_num"": ""1"", ""block_num"": ""23"", ""par_num"": ""1"", ""line_num"": ""21"", ""word_num"": ""7"", ""left"": ""514"", ""top"": ""1863"", ""width"": ""17"", ""height"": ""41"", ""conf"": ""90.281044"", ""text"": ""5-ST""}]",ocr_not_independently_verified;explicit_ps_identifiers_and_codes;scanned_women_unread_or_blank,needs_review,rendered_image_pixels,0
42e94a2cffc3fffa637b,West Bengal,Alipurduar,2018,final,block_ward_reservation,Patlakhawa,Patlakhawa/PS-7,7,7,7-ST,,ST,,data/wb/gp_source_search/historical_expansion/alipurduar_SeatReservation_6ec10e5a.pdf,a17cf038a2e41d4afebf1724f19c90656dfc4eec40eccece3a3d3ced00ba795f,1,,4,"[390, 507, 407, 1903]","[{""level"": ""5"", ""page_num"": ""1"", ""block_num"": ""23"", ""par_num"": ""1"", ""line_num"": ""26"", ""word_num"": ""1"", ""left"": ""390"", ""top"": ""507"", ""width"": ""17"", ""height"": ""161"", ""conf"": ""92.011261"", ""text"": ""Patlakhawa/PS-7""}, {""level"": ""5"", ""page_num"": ""1"", ""block_num"": ""23"", ""par_num"": ""1"", ""line_num"": ""26"", ""word_num"": ""2"", ""left"": ""390"", ""top"": ""1863"", ""width"": ""17"", ""height"": ""40"", ""conf"": ""92.805878"", ""text"": ""7-ST""}]",ocr_not_independently_verified;explicit_ps_identifiers_and_codes;scanned_women_unread_or_blank,needs_review,rendered_image_pixels,0
f37a04f3cba9d0ff0aeb,West Bengal,Alipurduar,2018,final,block_ward_reservation,Patlakhawa,Patlakhawa/PS-8,8,8,,,,,data/wb/gp_source_search/historical_expansion/alipurduar_SeatReservation_6ec10e5a.pdf,a17cf038a2e41d4afebf1724f19c90656dfc4eec40eccece3a3d3ced00ba795f,1,,5,"[325, 507, 346, 669]","[{""level"": ""5"", ""page_num"": ""1"", ""block_num"": ""23"", ""par_num"": ""1"", ""line_num"": ""28"", ""word_num"": ""1"", ""left"": ""325"", ""top"": ""507"", ""width"": ""21"", ""height"": ""162"", ""conf"": ""88.388458"", ""text"": ""Patlakhawa/PS-8""}]",ocr_not_independently_verified;explicit_ps_identifiers_and_codes;caste_missing_or_conflicting;scanned_women_unread_or_blank,needs_review,rendered_image_pixels,0
bc55620fa120a526ea2c,West Bengal,Alipurduar,2018,final,block_ward_reservation,Chakowakheti,Chakowakheti/PS-9,9,9,9-SC,,SC,,data/wb/gp_source_search/historical_expansion/alipurduar_SeatReservation_6ec10e5a.pdf,a17cf038a2e41d4afebf1724f19c90656dfc4eec40eccece3a3d3ced00ba795f,2,,1,"[1373, 545, 1402, 1905]","[{""level"": ""5"", ""page_num"": ""1"", ""block_num"": ""33"", ""par_num"": ""1"", ""line_num"": ""9"", ""word_num"": ""1"", ""left"": ""1373"", ""top"": ""545"", ""width"": ""29"", ""height"": ""183"", ""conf"": ""89.490318"", ""text"": ""Chakowakheti/PS-9""}, {""level"": ""5"", ""page_num"": ""1"", ""block_num"": ""33"", ""par_num"": ""1"", ""line_num"": ""9"", ""word_num"": ""12"", ""left"": ""1380"", ""top"": ""1864"", ""width"": ""16"", ""height"": ""41"", ""conf"": ""92.005745"", ""text"": ""9-SC""}]",ocr_not_independently_verified;explicit_ps_identifiers_and_codes;scanned_women_unread_or_blank,needs_review,rendered_image_pixels,0
a57fe3f73daaf040cf91,West Bengal,Alipurduar,2018,final,block_ward_reservation,Chakowakheti,Chakowakheti/PS-10,10,10,,,,,data/wb/gp_source_search/historical_expansion/alipurduar_SeatReservation_6ec10e5a.pdf,a17cf038a2e41d4afebf1724f19c90656dfc4eec40eccece3a3d3ced00ba795f,2,,2,"[1285, 539, 1306, 734]","[{""level"": ""5"", ""page_num"": ""1"", ""block_num"": ""33"", ""par_num"": ""1"", ""line_num"": ""12"", ""word_num"": ""3"", ""left"": ""1285"", ""top"": ""539"", ""width"": ""21"", ""height"": ""195"", ""conf"": ""91.857918"", ""text"": ""Chakowakheti/PS-10""}]",ocr_not_independently_verified;explicit_ps_identifiers_and_codes;caste_missing_or_conflicting;scanned_women_unread_or_blank,needs_review,rendered_image_pixels,0
601711f86165fd44ccf4,West Bengal,Alipurduar,2018,final,block_ward_reservation,Chakowakheti,Chakowakheti/PS-11,11,11,11-SC,,SC,,data/wb/gp_source_search/historical_expansion/alipurduar_SeatReservation_6ec10e5a.pdf,a17cf038a2e41d4afebf1724f19c90656dfc4eec40eccece3a3d3ced00ba795f,2,,3,"[1193, 539, 1214, 1911]","[{""level"": ""5"", ""page_num"": ""1"", ""block_num"": ""33"", ""par_num"": ""1"", ""line_num"": ""15"", ""word_num"": ""1"", ""left"": ""1193"", ""top"": ""539"", ""width"": ""21"", ""height"": ""195"", ""conf"": ""24.647083"", ""text"": ""Chakowakheti/PS-11""}, {""level"": ""5"", ""page_num"": ""1"", ""block_num"": ""33"", ""par_num"": ""1"", ""line_num"": ""15"", ""word_num"": ""12"", ""left"": ""1195"", ""top"": ""1859"", ""width"": ""16"", ""height"": ""52"", ""conf"": ""90.042099"", ""text"": ""11-SC""}]",ocr_not_independently_verified;explicit_ps_identifiers_and_codes;scanned_women_unread_or_blank,needs_review,rendered_image_pixels,0
9dd3cb31fb6a36ab41a4,West Bengal,Alipurduar,2018,final,block_ward_reservation,Tapshikhata,Tapshikhata/PS-14,14,14,,,,,data/wb/gp_source_search/historical_expansion/alipurduar_SeatReservation_6ec10e5a.pdf,a17cf038a2e41d4afebf1724f19c90656dfc4eec40eccece3a3d3ced00ba795f,2,,4,"[1025, 550, 1042, 725]","[{""level"": ""5"", ""page_num"": ""1"", ""block_num"": ""33"", ""par_num"": ""1"", ""line_num"": ""21"", ""word_num"": ""1"", ""left"": ""1025"", ""top"": ""550"", ""width"": ""17"", ""height"": ""175"", ""conf"": ""91.384087"", ""text"": ""Tapshikhata/PS-14""}]",ocr_not_independently_verified;explicit_ps_identifiers_and_codes;caste_missing_or_conflicting;scanned_women_unread_or_blank,needs_review,rendered_image_pixels,0
79e15168f7437bb29028,West Bengal,Alipurduar,2018,final,block_ward_reservation,Tapshikhata,Tapshikhata/PS-15,15,15,,,,,data/wb/gp_source_search/historical_expansion/alipurduar_SeatReservation_6ec10e5a.pdf,a17cf038a2e41d4afebf1724f19c90656dfc4eec40eccece3a3d3ced00ba795f,2,,5,"[963, 550, 980, 724]","[{""level"": ""5"", ""page_num"": ""1"", ""block_num"": ""33"", ""par_num"": ""1"", ""line_num"": ""24"", ""word_num"": ""2"", ""left"": ""963"", ""top"": ""550"", ""width"": ""17"", ""height"": ""174"", ""conf"": ""82.507103"", ""text"": ""Tapshikhata/PS-15""}]",ocr_not_independently_verified;explicit_ps_identifiers_and_codes;caste_missing_or_conflicting;scanned_women_unread_or_blank,needs_review,rendered_image_pixels,0
eed50079a60b18f60216,West Bengal,Alipurduar,2018,final,block_ward_reservation,Tapshikhata,Tapshikhata/PS-16,16,16,,,,,data/wb/gp_source_search/historical_expansion/alipurduar_SeatReservation_6ec10e5a.pdf,a17cf038a2e41d4afebf1724f19c90656dfc4eec40eccece3a3d3ced00ba795f,2,,6,"[891, 549, 914, 725]","[{""level"": ""5"", ""page_num"": ""1"", ""block_num"": ""33"", ""par_num"": ""1"", ""line_num"": ""27"", ""word_num"": ""1"", ""left"": ""891"", ""top"": ""549"", ""width"": ""23"", ""height"": ""176"", ""conf"": ""74.248848"", ""text"": ""Tapshikhata/PS-16""}]",ocr_not_independently_verified;explicit_ps_identifiers_and_codes;caste_missing_or_conflicting;scanned_women_unread_or_blank,needs_review,rendered_image_pixels,0
7af079f45489fba7f202,West Bengal,Alipurduar,2018,final,block_ward_reservation,Dhanirampur-I,Dhanirampur-I/PS-2,2,2,,2-W,,1,data/wb/gp_source_search/historical_expansion/alipurduar_SeatReservation_6ec10e5a.pdf,a17cf038a2e41d4afebf1724f19c90656dfc4eec40eccece3a3d3ced00ba795f,34,,1,"[379, 635, 409, 2226]","[{""level"": ""5"", ""page_num"": ""1"", ""block_num"": ""18"", ""par_num"": ""1"", ""line_num"": ""14"", ""word_num"": ""3"", ""left"": ""379"", ""top"": ""635"", ""width"": ""30"", ""height"": ""192"", ""conf"": ""59.967705"", ""text"": ""Dhanirampur-I/PS-2""}, {""level"": ""5"", ""page_num"": ""1"", ""block_num"": ""18"", ""par_num"": ""1"", ""line_num"": ""14"", ""word_num"": ""15"", ""left"": ""385"", ""top"": ""2189"", ""width"": ""16"", ""height"": ""37"", ""conf"": ""84.363235"", ""text"": ""2-W""}]",ocr_not_independently_verified;explicit_ps_identifiers_and_codes;caste_missing_or_conflicting,needs_review,rendered_image_pixels,0
b142f9fc851925894083,West Bengal,Alipurduar,2018,final,block_ward_reservation,Dhanirampur-ll,Dhanirampur-ll/PS-4,4,4,4-SC 4-SC,,SC,,data/wb/gp_source_search/historical_expansion/alipurduar_SeatReservation_6ec10e5a.pdf,a17cf038a2e41d4afebf1724f19c90656dfc4eec40eccece3a3d3ced00ba795f,35,,1,"[117, 627, 1258, 2022]","[{""level"": ""5"", ""page_num"": ""1"", ""block_num"": ""31"", ""par_num"": ""1"", ""line_num"": ""8"", ""word_num"": ""1"", ""left"": ""1226"", ""top"": ""627"", ""width"": ""30"", ""height"": ""201"", ""conf"": ""69.449623"", ""text"": ""Dhanirampur-ll/PS-4""}, {""level"": ""5"", ""page_num"": ""1"", ""block_num"": ""31"", ""par_num"": ""1"", ""line_num"": ""8"", ""word_num"": ""14"", ""left"": ""1228"", ""top"": ""1967"", ""width"": ""30"", ""height"": ""47"", ""conf"": ""69.956345"", ""text"": ""4-SC""}, {""level"": ""5"", ""page_num"": ""1"", ""block_num"": ""31"", ""par_num"": ""1"", ""line_num"": ""35"", ""word_num"": ""4"", ""left"": ""117"", ""top"": ""1979"", ""width"": ""16"", ""height"": ""43"", ""conf"": ""92.066742"", ""text"": ""4-SC""}]",ocr_not_independently_verified;explicit_ps_identifiers_and_codes;scanned_women_unread_or_blank,needs_review,rendered_image_pixels,0
b3522924d79b386e001a,West Bengal,Alipurduar,2018,final,block_ward_reservation,Dhanirampur-ll,Dhanirampur-ll/PS-5,5,5,,5-W,,1,data/wb/gp_source_search/historical_expansion/alipurduar_SeatReservation_6ec10e5a.pdf,a17cf038a2e41d4afebf1724f19c90656dfc4eec40eccece3a3d3ced00ba795f,35,,2,"[1101, 627, 1141, 2226]","[{""level"": ""5"", ""page_num"": ""1"", ""block_num"": ""31"", ""par_num"": ""1"", ""line_num"": ""11"", ""word_num"": ""2"", ""left"": ""1101"", ""top"": ""627"", ""width"": ""40"", ""height"": ""201"", ""conf"": ""65.181740"", ""text"": ""Dhanirampur-ll/PS-5""}, {""level"": ""5"", ""page_num"": ""1"", ""block_num"": ""31"", ""par_num"": ""1"", ""line_num"": ""11"", ""word_num"": ""16"", ""left"": ""1112"", ""top"": ""2188"", ""width"": ""16"", ""height"": ""38"", ""conf"": ""85.155151"", ""text"": ""5-W""}]",ocr_not_independently_verified;explicit_ps_identifiers_and_codes;caste_missing_or_conflicting,needs_review,rendered_image_pixels,0
2aed26794a99c1ca58e7,West Bengal,Alipurduar,2018,final,block_ward_reservation,Dalgaon,Dalgaon/PS-7,7,7,,,,,data/wb/gp_source_search/historical_expansion/alipurduar_SeatReservation_6ec10e5a.pdf,a17cf038a2e41d4afebf1724f19c90656dfc4eec40eccece3a3d3ced00ba795f,35,,3,"[904, 663, 926, 793]","[{""level"": ""5"", ""page_num"": ""1"", ""block_num"": ""31"", ""par_num"": ""1"", ""line_num"": ""16"", ""word_num"": ""1"", ""left"": ""904"", ""top"": ""663"", ""width"": ""22"", ""height"": ""130"", ""conf"": ""87.585960"", ""text"": ""Dalgaon/PS-7""}]",ocr_not_independently_verified;explicit_ps_identifiers_and_codes;caste_missing_or_conflicting;scanned_women_unread_or_blank,needs_review,rendered_image_pixels,0
d97ab32b7ef6edd29657,West Bengal,Alipurduar,2018,final,block_ward_reservation,Turturikhanda,Turturikhanda/PS-I,,I,,,,,data/wb/gp_source_search/historical_expansion/alipurduar_SeatReservation_6ec10e5a.pdf,a17cf038a2e41d4afebf1724f19c90656dfc4eec40eccece3a3d3ced00ba795f,73,,1,"[445, 633, 472, 784]","[{""level"": ""5"", ""page_num"": ""1"", ""block_num"": ""11"", ""par_num"": ""1"", ""line_num"": ""19"", ""word_num"": ""1"", ""left"": ""445"", ""top"": ""633"", ""width"": ""27"", ""height"": ""151"", ""conf"": ""49.356377"", ""text"": ""Turturikhanda/PS-I""}]",ocr_not_independently_verified;explicit_ps_identifiers_and_codes;caste_missing_or_conflicting;scanned_women_unread_or_blank;roman_constituency_number_preserved,needs_review,rendered_image_pixels,0
1a22eb2541a8a029f65e,West Bengal,Alipurduar,2018,final,block_ward_reservation,Turturikhanda,Turturikhanda/PS-ll,,LL,,,,,data/wb/gp_source_search/historical_expansion/alipurduar_SeatReservation_6ec10e5a.pdf,a17cf038a2e41d4afebf1724f19c90656dfc4eec40eccece3a3d3ced00ba795f,73,,2,"[307, 632, 333, 786]","[{""level"": ""5"", ""page_num"": ""1"", ""block_num"": ""11"", ""par_num"": ""1"", ""line_num"": ""23"", ""word_num"": ""1"", ""left"": ""307"", ""top"": ""632"", ""width"": ""26"", ""height"": ""154"", ""conf"": ""7.706137"", ""text"": ""Turturikhanda/PS-ll""}]",ocr_not_independently_verified;explicit_ps_identifiers_and_codes;caste_missing_or_conflicting;scanned_women_unread_or_blank;roman_constituency_number_preserved,needs_review,rendered_image_pixels,0
c2438b4be62e732cde11,West Bengal,Alipurduar,2018,final,block_ward_reservation,Turturikhanda,Turturikhanda/PS-Il,,IL,,,,,data/wb/gp_source_search/historical_expansion/alipurduar_SeatReservation_6ec10e5a.pdf,a17cf038a2e41d4afebf1724f19c90656dfc4eec40eccece3a3d3ced00ba795f,73,,3,"[144, 629, 171, 788]","[{""level"": ""5"", ""page_num"": ""1"", ""block_num"": ""11"", ""par_num"": ""1"", ""line_num"": ""29"", ""word_num"": ""1"", ""left"": ""144"", ""top"": ""629"", ""width"": ""27"", ""height"": ""159"", ""conf"": ""49.715843"", ""text"": ""Turturikhanda/PS-Il""}]",ocr_not_independently_verified;explicit_ps_identifiers_and_codes;caste_missing_or_conflicting;scanned_women_unread_or_blank;roman_constituency_number_preserved,needs_review,rendered_image_pixels,0
30340d1b6f22ba5ff9bb,West Bengal,Alipurduar,2018,final,block_ward_reservation,Rydak,Rydak/PS-IV,,IV,,,,,data/wb/gp_source_search/historical_expansion/alipurduar_SeatReservation_6ec10e5a.pdf,a17cf038a2e41d4afebf1724f19c90656dfc4eec40eccece3a3d3ced00ba795f,74,,1,"[1157, 659, 1175, 754]","[{""level"": ""5"", ""page_num"": ""1"", ""block_num"": ""11"", ""par_num"": ""1"", ""line_num"": ""1"", ""word_num"": ""1"", ""left"": ""1157"", ""top"": ""659"", ""width"": ""18"", ""height"": ""95"", ""conf"": ""84.709946"", ""text"": ""Rydak/PS-IV""}]",ocr_not_independently_verified;explicit_ps_identifiers_and_codes;caste_missing_or_conflicting;scanned_women_unread_or_blank;roman_constituency_number_preserved,needs_review,rendered_image_pixels,0
82dfe2d79c5d589015fc,West Bengal,Alipurduar,2018,final,block_ward_reservation,Rydak,Rydak/Ps-V,,V,,,,,data/wb/gp_source_search/historical_expansion/alipurduar_SeatReservation_6ec10e5a.pdf,a17cf038a2e41d4afebf1724f19c90656dfc4eec40eccece3a3d3ced00ba795f,74,,2,"[1016, 662, 1035, 752]","[{""level"": ""5"", ""page_num"": ""1"", ""block_num"": ""17"", ""par_num"": ""1"", ""line_num"": ""1"", ""word_num"": ""1"", ""left"": ""1016"", ""top"": ""662"", ""width"": ""19"", ""height"": ""90"", ""conf"": ""45.385643"", ""text"": ""Rydak/Ps-V""}]",ocr_not_independently_verified;explicit_ps_identifiers_and_codes;caste_missing_or_conflicting;scanned_women_unread_or_blank;roman_constituency_number_preserved,needs_review,rendered_image_pixels,0
d63b0e3615c905c912ed,West Bengal,Alipurduar,2018,final,block_ward_reservation,Rydak,Rydak/PS-VI,,VI,,,,,data/wb/gp_source_search/historical_expansion/alipurduar_SeatReservation_6ec10e5a.pdf,a17cf038a2e41d4afebf1724f19c90656dfc4eec40eccece3a3d3ced00ba795f,74,,3,"[879, 660, 898, 754]","[{""level"": ""5"", ""page_num"": ""1"", ""block_num"": ""21"", ""par_num"": ""1"", ""line_num"": ""1"", ""word_num"": ""1"", ""left"": ""879"", ""top"": ""660"", ""width"": ""19"", ""height"": ""94"", ""conf"": ""59.178459"", ""text"": ""Rydak/PS-VI""}]",ocr_not_independently_verified;explicit_ps_identifiers_and_codes;caste_missing_or_conflicting;scanned_women_unread_or_blank;roman_constituency_number_preserved,needs_review,rendered_image_pixels,0
e88d7b4ee9fdf833add2,West Bengal,Alipurduar,2018,final,block_ward_reservation,Sankosh,Sankosh/PS-VIl,,VIL,,,,,data/wb/gp_source_search/historical_expansion/alipurduar_SeatReservation_6ec10e5a.pdf,a17cf038a2e41d4afebf1724f19c90656dfc4eec40eccece3a3d3ced00ba795f,74,,4,"[754, 647, 771, 765]","[{""level"": ""5"", ""page_num"": ""1"", ""block_num"": ""28"", ""par_num"": ""1"", ""line_num"": ""2"", ""word_num"": ""1"", ""left"": ""754"", ""top"": ""647"", ""width"": ""17"", ""height"": ""118"", ""conf"": ""19.435987"", ""text"": ""Sankosh/PS-VIl""}]",ocr_not_independently_verified;explicit_ps_identifiers_and_codes;caste_missing_or_conflicting;scanned_women_unread_or_blank;roman_constituency_number_preserved,needs_review,rendered_image_pixels,0
d57306136975553dde32,West Bengal,Alipurduar,2018,final,block_ward_reservation,Sankosh,Sankosh/PS-Vill,,VILL,,,,,data/wb/gp_source_search/historical_expansion/alipurduar_SeatReservation_6ec10e5a.pdf,a17cf038a2e41d4afebf1724f19c90656dfc4eec40eccece3a3d3ced00ba795f,74,,5,"[654, 645, 672, 767]","[{""level"": ""5"", ""page_num"": ""1"", ""block_num"": ""32"", ""par_num"": ""1"", ""line_num"": ""2"", ""word_num"": ""1"", ""left"": ""654"", ""top"": ""645"", ""width"": ""18"", ""height"": ""122"", ""conf"": ""45.371201"", ""text"": ""Sankosh/PS-Vill""}]",ocr_not_independently_verified;explicit_ps_identifiers_and_codes;caste_missing_or_conflicting;scanned_women_unread_or_blank;roman_constituency_number_preserved,needs_review,rendered_image_pixels,0
cd8eb58a5f51f52df5f1,West Bengal,Alipurduar,2018,final,block_ward_reservation,Sankosh,Sankosh/PS-IX,,IX,,,,,data/wb/gp_source_search/historical_expansion/alipurduar_SeatReservation_6ec10e5a.pdf,a17cf038a2e41d4afebf1724f19c90656dfc4eec40eccece3a3d3ced00ba795f,74,,6,"[537, 651, 555, 763]","[{""level"": ""5"", ""page_num"": ""1"", ""block_num"": ""39"", ""par_num"": ""1"", ""line_num"": ""2"", ""word_num"": ""1"", ""left"": ""537"", ""top"": ""651"", ""width"": ""18"", ""height"": ""112"", ""conf"": ""83.461357"", ""text"": ""Sankosh/PS-IX""}]",ocr_not_independently_verified;explicit_ps_identifiers_and_codes;caste_missing_or_conflicting;scanned_women_unread_or_blank;roman_constituency_number_preserved,needs_review,rendered_image_pixels,0
f939a0aa074f17560aff,West Bengal,Alipurduar,2018,final,block_ward_reservation,Kumargram,Kumargram/PS-X,,X,,,,,data/wb/gp_source_search/historical_expansion/alipurduar_SeatReservation_6ec10e5a.pdf,a17cf038a2e41d4afebf1724f19c90656dfc4eec40eccece3a3d3ced00ba795f,74,,7,"[407, 641, 425, 775]","[{""level"": ""5"", ""page_num"": ""1"", ""block_num"": ""46"", ""par_num"": ""1"", ""line_num"": ""1"", ""word_num"": ""1"", ""left"": ""407"", ""top"": ""641"", ""width"": ""18"", ""height"": ""134"", ""conf"": ""82.093727"", ""text"": ""Kumargram/PS-X""}]",ocr_not_independently_verified;explicit_ps_identifiers_and_codes;caste_missing_or_conflicting;scanned_women_unread_or_blank;roman_constituency_number_preserved,needs_review,rendered_image_pixels,0
ca1d9f90004ff935cf16,West Bengal,Alipurduar,2018,final,block_ward_reservation,Kumargram,Kumargram/PS-XI,,XI,,,,,data/wb/gp_source_search/historical_expansion/alipurduar_SeatReservation_6ec10e5a.pdf,a17cf038a2e41d4afebf1724f19c90656dfc4eec40eccece3a3d3ced00ba795f,74,,8,"[283, 639, 301, 778]","[{""level"": ""5"", ""page_num"": ""1"", ""block_num"": ""51"", ""par_num"": ""1"", ""line_num"": ""1"", ""word_num"": ""1"", ""left"": ""283"", ""top"": ""639"", ""width"": ""18"", ""height"": ""139"", ""conf"": ""50.937248"", ""text"": ""Kumargram/PS-XI""}]",ocr_not_independently_verified;explicit_ps_identifiers_and_codes;caste_missing_or_conflicting;scanned_women_unread_or_blank;roman_constituency_number_preserved,needs_review,rendered_image_pixels,0
47200ad8878ff3aefe48,West Bengal,Alipurduar,2018,final,block_ward_reservation,Kumargram,Kumargram/PS-XIl,,XIL,,,,,data/wb/gp_source_search/historical_expansion/alipurduar_SeatReservation_6ec10e5a.pdf,a17cf038a2e41d4afebf1724f19c90656dfc4eec40eccece3a3d3ced00ba795f,74,,9,"[170, 638, 188, 780]","[{""level"": ""5"", ""page_num"": ""1"", ""block_num"": ""55"", ""par_num"": ""1"", ""line_num"": ""1"", ""word_num"": ""1"", ""left"": ""170"", ""top"": ""638"", ""width"": ""18"", ""height"": ""142"", ""conf"": ""33.343506"", ""text"": ""Kumargram/PS-XIl""}]",ocr_not_independently_verified;explicit_ps_identifiers_and_codes;caste_missing_or_conflicting;scanned_women_unread_or_blank;roman_constituency_number_preserved,needs_review,rendered_image_pixels,0
